Protocol Name,Sample ID,Sample Data Type,AC50 (uM),CC-v2,Efficacy,Max Resp,Structure,Metabolic Stability [m],Permeability [1e-6 cm/sec],Solubility [ug/ml],Drug Name,Assay Plate ID,Supplier ID,Supplier,Library,Log AC50 (M),Ligand Efficiency,Sample Name,Alias,CC-v1,LEC,BEI,SEI,Data Range,Inf Activity,Hill Coef,PValue,R2,AC50_2 (uM),Log AC50 2,Hill Coef 2,Fraction,Sample ID2,Tox21 ID,Zero Activity,User Flag,Max Read1,Max Data,Min Data,AUC,AUC Fit,Cmpd Plate ID,Comment,Log AC50-,Log AC50+,Inf Activity-,Inf Activity+,Custom 2,Custom 1,NCGC Unique ID,Mapping ID,Drug ID,Assay Name,Hash Key(24),MLSMR Compound Class,Primary MOA,Origin,Solvent,Salt Code,Purity,Purity Rating,MW,PubChem SID,CAS#,Gene Symbol,Gene ID,Tanimoto,Layer Index,Data Points,Mask No,Log Dye Conc,Report Flag,Assay Protocol ID,Mask Flags,Sample Replicate,Plate Replicate,Measure Time,Replicate IDs,Data Mode,Assay Outcome,Phenotype,Activity Score,Confirmation Flag,Control Flag,Conc ID,Experiment Set,Team,Scientist,IC50 (uM),Data0,Data1,Data2,Data3,Data4,Data5,Data6,Data7,Data8,Data9,Data10,Data11,Data12,Data13,Data14,Data15,Data16,Data17,Data18,Data19,Data20,Data21,Data22,Data23,Data24,Sample Data ID
TRND-Glioblastoma_LOPAC_A172-primary_screen2,NCGC00167441-13,activity,null,4,-21.735,-1.862,[H][C@@]1(CCC2=C(C1)SC(N)=N2)NCCC,null,null,null,null,null,A1237,SIGMA,2021_LOPAC_01,null,null,Pramipexole dihydrochloride,null,4,null,null,null,19.909,-0.735,1.644,0.179,0.98,null,null,null,null,null,null,21,null,null,18.047,-1.862,54.346,53.277,null,null,null,null,null,null,null,null,null,FASDKYOPVNHBLU,null,TRND,WATYIYjJkNwpWyomRn,null,Dopamine Receptor D3 agonist,null,null,CL,null,null,null,null,104632-26-0,DRD3,null,null,0,4,0,null,null,173030,0 0 0 0,1,1,2025-06-17 15:22:09,null,null,null,null,null,null,null,364784887,activity,null,HTS,null,18.047,5.819,1.682,-1.862,null,null,null,null,null,null,null,null,null,null,null,null,null,null,null,null,null,null,null,null,null,278937467
TRND-Glioblastoma_LOPAC_A172-primary_screen2,NCGC00016098-26,activity,null,4,-17.187,-6.406,CC1=CC=CC(C)=C1NC2=NCCCS2,null,null,null,null,null,x1251,SIGMA,2021_LOPAC_01,null,null,xylazine hydrochloride,null,4,null,null,null,22.137,-0.687,4.095,0.565,0.732,null,null,null,null,null,null,16.5,null,null,15.732,-6.406,44.01,42.657,null,null,null,null,null,null,null,null,null,BPICBUSOMSTKRF,null,TRND,GaxktLofbsjTUsMkrf,null,null,null,null,CL,null,null,null,null,23076-35-9,null,null,null,0,4,0,null,null,173030,0 0 0 0,1,1,2025-06-17 15:22:09,null,null,null,null,null,null,null,364783311,activity,null,HTS,null,15.732,-0.212,5.531,-6.406,null,null,null,null,null,null,null,null,null,null,null,null,null,null,null,null,null,null,null,null,null,278937468
TRND-Glioblastoma_LOPAC_A172-primary_screen2,NCGC00486918-03,activity,null,4,-19.064,-0.054,C[C@H](NC(=O)CNC(=O)C1=CC=CC(Cl)=C1)C2=CC=CC=C2,null,null,null,null,null,SML1624,SIGMA,2021_LOPAC_01,null,null,JNJ-63533054,null,4,null,null,null,19.063,-0.064,4.504,0.012,1,null,null,null,null,null,null,19,null,null,19.01,-0.054,54.472,54.26,null,null,null,null,null,null,null,null,null,MWDVCHRYCKXEBY,null,TRND,LtGAXOsbhWsdipmdIe,null,null,null,null,null,null,null,null,null,null,null,null,null,0,4,0,null,null,173030,0 0 0 0,1,1,2025-06-17 15:22:09,null,null,null,null,null,null,null,364783635,activity,null,HTS,null,19.01,2.524,-0.026,-0.054,null,null,null,null,null,null,null,null,null,null,null,null,null,null,null,null,null,null,null,null,null,278937469
TRND-Glioblastoma_LOPAC_A172-primary_screen2,NCGC00015467-39,activity,null,4,0,12.126,COC1=C(C=C(Cl)C=C1)C(=O)NCCC2=CC=C(C=C2)[S+]([O-])(=O)NC(=O)NC3CCCCC3,null,null,null,null,null,G0639,SIGMA,2021_LOPAC_01,null,null,Glybenclamide,null,4,null,null,null,6.359,0,null,null,null,null,null,null,null,null,null,0,null,null,12.126,5.767,36.53,null,null,null,null,null,null,null,null,null,null,LTXYVKMLPDMZDV,null,TRND,JoFOtIcavsYnjqVvZi,null,null,null,null,null,null,null,null,null,10238-21-8,null,null,null,0,4,null,null,null,173030,null,1,1,2025-06-17 15:22:09,null,null,null,null,null,null,null,364781227,activity,null,HTS,null,5.767,10.433,9.809,12.126,null,null,null,null,null,null,null,null,null,null,null,null,null,null,null,null,null,null,null,null,null,278937470
TRND-Glioblastoma_LOPAC_A172-primary_screen2,NCGC00015500-33,activity,10,-3,-43.738,-32.699,OC1(CCN(CCCC(=O)C2=CC=C(F)C=C2)CC1)C3=CC=C(Cl)C=C3,null,null,null,null,null,H1512,SIGMA,2021_LOPAC_01,-5,null,Haloperidol,null,-3,null,null,null,50.581,-33.238,3.572,0.331,0.926,null,null,null,null,null,null,10.5,null,null,17.883,-32.699,6.486,20.805,null,null,null,null,null,null,null,null,null,LNEPOXFFQSENCJ,null,TRND,QBQdnmXsafOqlbgtrj,null,null,null,null,null,null,null,null,null,52-86-8,null,null,null,0,4,0,null,null,173030,0 0 0 0,1,1,2025-06-17 15:22:09,null,null,null,null,null,null,null,364781779,activity,null,HTS,null,3.614,17.883,1.642,-32.699,null,null,null,null,null,null,null,null,null,null,null,null,null,null,null,null,null,null,null,null,null,278937471
TRND-Glioblastoma_LOPAC_A172-primary_screen2,NCGC00015949-20,activity,null,4,-20.762,-4.802,CN1C=C(C2=C1C=CC=C2)C3=C(C(=O)NC3=O)C4=C(Cl)C=C(Cl)C=C4,null,null,null,null,null,S3442,SIGMA,2021_LOPAC_01,null,null,SB 216763,null,4,null,null,null,18.646,-7.262,1.858,0.072,0.997,null,null,null,null,null,null,13.5,null,null,13.844,-4.802,50.19,49.471,null,null,null,null,null,null,null,null,null,JCSGFHVFHSKIJH,null,TRND,adoMOmFVYYzjMRtJqH,null,null,null,null,null,null,null,null,null,null,null,null,null,0,4,0,null,null,173030,0 0 0 0,1,1,2025-06-17 15:22:09,null,null,null,null,null,null,null,364783867,activity,null,HTS,null,13.844,12.415,8.036,-4.802,null,null,null,null,null,null,null,null,null,null,null,null,null,null,null,null,null,null,null,null,null,278937472
TRND-Glioblastoma_LOPAC_A172-primary_screen2,NCGC00181786-09,activity,null,4,-10.901,-6.724,CN[S+]([O-])(=O)CCC1=CC=C2NC=C(C3CCN(C)CC3)C2=C1,null,null,null,null,null,N1415,SIGMA,2021_LOPAC_01,null,null,Naratriptan hydrochloride,null,4,null,null,null,14.704,-8.401,4.955,0.402,0.886,null,null,null,null,null,null,2.5,null,null,4.786,-9.918,-5.471,-1.525,null,null,null,null,null,null,null,null,null,DISCIPFLLHHREU,null,TRND,rWsBPaKLphTsrgYVJM,null,null,null,null,HCL,null,null,null,null,143388-64-1,null,null,null,0,4,0,null,null,173030,0 0 0 0,1,1,2025-06-17 15:22:09,null,null,null,null,null,null,null,364784063,activity,null,HTS,null,0.596,4.786,-9.918,-6.724,null,null,null,null,null,null,null,null,null,null,null,null,null,null,null,null,null,null,null,null,null,278937473
TRND-Glioblastoma_LOPAC_A172-primary_screen2,NCGC00015287-20,activity,null,4,-13.5,2.298,N[C@@H](CCONC(N)=N)C(O)=O,null,null,null,null,null,C1625,SIGMA,2021_LOPAC_01,null,null,L-Canavanine,null,4,null,null,null,16.032,2,4.504,0.41,0.88,null,null,null,null,null,null,15.5,null,null,18.331,2.298,58.835,64.962,null,null,null,null,null,null,null,null,null,FSBIGDSBMBYOPN,null,TRND,RIOmRxyfmuYJwilSBl,null,null,null,null,null,null,null,null,null,2219-31-0,null,null,null,0,4,0,null,null,173030,0 0 0 0,1,1,2025-06-17 15:22:09,null,null,null,null,null,null,null,364780603,activity,null,HTS,null,12.53,18.331,14.363,2.298,null,null,null,null,null,null,null,null,null,null,null,null,null,null,null,null,null,null,null,null,null,278937474
TRND-Glioblastoma_LOPAC_A172-primary_screen2,NCGC00018239-17,activity,null,4,0,4.964,CCC(NC(C)C)C(O)C1=CC=C(O)C(O)=C1,null,null,null,null,null,I3639,SIGMA,2021_LOPAC_01,null,null,Isotharine mesylate,null,4,null,null,null,4.978,0,null,null,null,null,null,null,null,null,null,0,null,null,9.942,4.964,42.515,null,null,null,null,null,null,null,null,null,null,HUYWAWARQUIQLE,null,TRND,ZjWFfrDQJIMfMyDdSR,null,null,null,null,SULFONICACID_V1,null,null,null,null,[NO STEREO] 7279-75-6,null,null,null,0,4,null,null,null,173030,null,1,1,2025-06-17 15:22:09,null,null,null,null,null,null,null,364782375,activity,null,HTS,null,9.942,9.161,8.456,4.964,null,null,null,null,null,null,null,null,null,null,null,null,null,null,null,null,null,null,null,null,null,278937475
TRND-Glioblastoma_LOPAC_A172-primary_screen2,NCGC00024605-21,activity,null,4,-24.768,-17.723,CN([C@H]1CCCC[C@@H]1N2CCCC2)C(=O)CC3=CC(Cl)=C(Cl)C=C3,null,null,null,null,null,D8040,SIGMA,2021_LOPAC_01,null,null,(±) trans-U-50488 methanesulfonate,null,4,null,null,null,17.843,-23.268,0.8,0.049,0.999,null,null,null,null,null,null,1.5,null,null,0.119,-17.723,-18.347,-18.502,null,null,null,null,null,null,null,null,null,VQLPLYSROCPWFF,null,TRND,hKIbOFEGSrHbhNkWyD,null,null,null,null,SULFONICACID_V1,null,null,null,null,null,null,null,null,0,4,0,null,null,173030,0 0 0 0,1,1,2025-06-17 15:22:09,null,null,null,null,null,null,null,364784639,activity,null,HTS,null,0.119,-3.501,-9.888,-17.723,null,null,null,null,null,null,null,null,null,null,null,null,null,null,null,null,null,null,null,null,null,278937476
TRND-Glioblastoma_LOPAC_A172-primary_screen2,NCGC00021139-41,activity,null,4,-14.989,-2.074,O=C1NC(=O)C(N1)(C2=CC=CC=C2)C3=CC=CC=C3,null,null,null,null,null,D4007,SIGMA,2021_LOPAC_01,null,null,"5,5-Diphenylhydantoin",null,4,null,null,null,15.229,-2.989,4.955,0.296,0.942,null,null,null,null,null,null,12,null,null,13.154,-2.074,50.523,49.04,null,null,null,null,null,null,null,null,null,CXOFVDLJLONNDW,null,TRND,sbTkdISRnDQgnYnuCm,null,null,null,null,null,null,null,null,null,57-41-0,null,null,null,0,4,0,null,null,173030,0 0 0 0,1,1,2025-06-17 15:22:09,null,null,null,null,null,null,null,364783447,activity,null,HTS,null,12.908,9.433,13.154,-2.074,null,null,null,null,null,null,null,null,null,null,null,null,null,null,null,null,null,null,null,null,null,278937477
TRND-Glioblastoma_LOPAC_A172-primary_screen2,NCGC00015478-21,activity,null,4,29.079,2.368,OC1=C(Br)C=C(\C=C2/C(=O)NC3=C2C=C(I)C=C3)C=C1Br,null,null,null,null,null,G6416,SIGMA,2021_LOPAC_01,null,null,GW5074,null,4,null,null,null,20.906,26.5,1.171,1,1,null,null,null,null,null,null,-2.579,null,null,20.84,-0.066,31.287,33.766,null,null,null,null,null,null,null,null,null,LMXYVLFTZRPNRV,null,TRND,xayRJCQcIEBIchAJRr,null,null,null,null,null,null,null,null,null,null,null,null,null,0,4,1,null,null,173030,0 0 0 1,1,1,2025-06-17 15:22:09,null,null,null,null,null,null,null,364781883,activity,null,HTS,null,-0.066,8.503,20.84,2.368,null,null,null,null,null,null,null,null,null,null,null,null,null,null,null,null,null,null,null,null,null,278937478
TRND-Glioblastoma_LOPAC_A172-primary_screen2,NCGC00167578-10,activity,7.943282,-2.4,-30.217,-6.431,O=C(C[C@H](CC1=CC=CC=C1)C(=O)O[Ca]OC(=O)[C@H](CC(=O)N2C[C@H]3CCCC[C@H]3C2)CC4=CC=CC=C4)N5C[C@H]6CCCC[C@H]6C5,null,null,null,null,null,SML0234,SIGMA,2021_LOPAC_01,-5.1,null,Mitiglinide calcium,null,4,null,null,null,26.601,-9.717,1.539,0.023,1,null,null,null,null,null,null,20.5,null,null,20.17,-6.431,70.741,71.147,null,null,null,null,null,null,null,null,null,PMRVFZXOCRHXFE,null,TRND,nZOwyhspqkhMpMwmck,null,Insulin Secretagogue,null,null,null,null,null,null,null,207844-01-7,ABCC8,null,null,0,4,0,null,null,173030,0 0 0 0,1,1,2025-06-17 15:22:09,null,null,null,null,null,null,null,364782015,activity,null,HTS,null,20.17,18.748,7.213,-6.431,null,null,null,null,null,null,null,null,null,null,null,null,null,null,null,null,null,null,null,null,null,278937479
TRND-Glioblastoma_LOPAC_A172-primary_screen2,NCGC00092386-29,activity,10,-2.3,-100.021,-96.251,CN[C@H]1CC[C@@H](C2=CC=C(Cl)C(Cl)=C2)C3=CC=CC=C13,null,null,null,null,null,S6319,SIGMA,2021_LOPAC_01,-5,null,Sertraline hydrochloride,null,-2.1,null,null,null,101.808,-97.021,4.045,0.062,0.998,null,null,null,null,null,null,3,null,null,5.557,-96.251,-44.418,-49.482,null,null,null,null,null,null,null,null,null,VGKDLMBJGBXTGI,null,TRND,eUhMNmAVmxhEovVuYM,null,Sodium-dependent Serotonin Transporter inhibitor,null,null,CL,null,null,null,null,79559-97-0,SLC6A4,null,null,0,4,0,null,null,173030,0 0 0 0,1,1,2025-06-17 15:22:09,null,null,null,null,null,null,null,364784595,activity,null,HTS,10.15305,5.557,-0.113,-13.104,-96.251,null,null,null,null,null,null,null,null,null,null,null,null,null,null,null,null,null,null,null,null,null,278937480
TRND-Glioblastoma_LOPAC_A172-primary_screen2,NCGC00094437-09,activity,null,4,-11.043,2.578,[H][C@](N)(CC1=CNC2=C1C=CC=C2)C(O)=O,null,null,null,null,null,T0254,SIGMA,2021_LOPAC_01,null,null,L-Tryptophan,null,4,null,null,null,12.533,0.957,4.955,0.249,0.96,null,null,null,null,null,null,12,null,null,12.081,-0.452,42.689,42.603,null,null,null,null,null,null,null,null,null,QIVBCDIJIAJPQS,null,TRND,FYyzgLoyxMcjQgjubW,null,null,null,null,null,null,null,null,null,73-22-3,null,null,null,0,4,0,null,null,173030,0 0 0 0,1,1,2025-06-17 15:22:09,null,null,null,null,null,null,null,364784487,activity,null,HTS,null,12.081,11.626,-0.452,2.578,null,null,null,null,null,null,null,null,null,null,null,null,null,null,null,null,null,null,null,null,null,278937481
TRND-Glioblastoma_LOPAC_A172-primary_screen2,NCGC00016011-24,activity,null,4,-11,4.528,NCCC1=CC=C(O)C=C1,null,null,null,null,null,T2879,SIGMA,2021_LOPAC_01,null,null,4-Hydroxyphenethylamine hydrochloride,null,4,null,null,null,14.802,4.5,3.065,0.555,0.746,null,null,null,null,null,null,15.5,null,null,19.329,4.528,57.018,64.249,null,null,null,null,null,null,null,null,null,DZGWFCGJZKJUFP,null,TRND,skcgWSymKbJTfGRiEf,null,null,null,null,CL,null,null,null,null,60-19-5,null,null,null,0,4,0,null,null,173030,0 0 0 0,1,1,2025-06-17 15:22:09,null,null,null,null,null,null,null,364781339,activity,null,HTS,null,11.887,19.329,11.644,4.528,null,null,null,null,null,null,null,null,null,null,null,null,null,null,null,null,null,null,null,null,null,278937482
TRND-Glioblastoma_LOPAC_A172-primary_screen2,NCGC00015983-08,activity,12.589254,-3,-72.123,-50.519,OC1(CCN(CCCC(=O)C2=CC=C(F)C=C2)CC1)C3=CC(=CC=C3)C(F)(F)F,null,null,null,null,null,T103,SIGMA,2021_LOPAC_01,-4.9,null,Trifluperidol hydrochloride,null,-3,null,null,null,67.356,-60.623,1.858,0.179,0.98,null,null,null,null,null,null,11.5,null,null,16.837,-50.519,20.101,8.698,null,null,null,null,null,null,null,null,null,GPMXUUPHFNMNDH,null,TRND,XcOhseWxnBGnzyKbXq,null,null,null,null,HCL,null,null,null,null,2062-77-3,null,null,null,0,4,0,null,null,173030,0 0 0 0,1,1,2025-06-17 15:22:09,null,null,null,null,null,null,null,364783215,activity,null,HTS,28.978758,16.837,5.499,-5.592,-50.519,null,null,null,null,null,null,null,null,null,null,null,null,null,null,null,null,null,null,null,null,null,278937483
TRND-Glioblastoma_LOPAC_A172-primary_screen2,NCGC00015636-09,activity,null,4,0,5.352,[NH-]C1=C[N+](=NO1)N2CCOCC2,null,null,null,null,null,M184,SIGMA,2021_LOPAC_01,null,null,3-Morpholinosydnonimine hydrochloride,null,4,null,null,null,4.223,0,null,null,null,null,null,null,null,null,null,0,null,null,9.575,5.352,41.297,null,null,null,null,null,null,null,null,null,null,FKDHHVKWGRFRTG,null,TRND,zeuPrNoMFvkoJuNpEs,null,null,null,null,CL,null,null,null,null,null,null,null,null,0,4,null,null,null,173030,null,1,1,2025-06-17 15:22:09,null,null,null,null,null,null,null,364783859,activity,null,HTS,null,9.575,9.258,7.782,5.352,null,null,null,null,null,null,null,null,null,null,null,null,null,null,null,null,null,null,null,null,null,278937484
TRND-Glioblastoma_LOPAC_A172-primary_screen2,NCGC00015578-25,activity,null,4,-8.5,14.279,CC(C(O)=O)C1=CC=CC(=C1)C(=O)C2=CC=CC=C2,null,null,null,null,null,K1751,SIGMA,2021_LOPAC_01,null,null,Ketoprofen,null,4,null,null,null,12.659,9,4.955,1,0.331,null,null,null,null,null,null,17.5,null,null,23.311,10.652,62.162,72.972,null,null,null,null,null,null,null,null,null,DKYWVDODHFEZIM,null,TRND,OshvdUODdQgHnUMCIs,null,Cyclooxygenase 1(COX1) inhibitor,null,null,null,null,null,null,null,22071-15-4,PTGS1,null,null,0,4,1,null,null,173030,0 0 0 1,1,1,2025-06-17 15:22:09,null,null,null,null,null,null,null,364782931,activity,null,HTS,null,11.828,23.311,10.652,14.279,null,null,null,null,null,null,null,null,null,null,null,null,null,null,null,null,null,null,null,null,null,278937464
TRND-Glioblastoma_LOPAC_A172-primary_screen2,NCGC00015959-23,activity,10,-3,-63.938,-56.963,C[N+]1=C2C3=CC4=C(OCO4)C=C3C=CC2=C5C=CC6=C(OCO6)C5=C1,null,null,null,null,null,S5890,SIGMA,2021_LOPAC_01,-5,null,Sanguinarine chloride,null,-3,null,null,null,66.413,-57.438,4.045,0.098,0.994,null,null,null,null,null,null,6.5,null,null,9.45,-56.963,-3.844,-10.1,null,null,null,null,null,null,null,null,null,INVGWHRKADIJHF,null,TRND,SPBIHvxkMLqRuZKjmr,null,null,null,null,CL,null,null,null,null,5578-73-4,null,null,null,0,4,0,null,null,173030,0 0 0 0,1,1,2025-06-17 15:22:09,null,null,null,null,null,null,null,364784255,activity,null,HTS,16.016745,9.45,3.646,-3.821,-56.963,null,null,null,null,null,null,null,null,null,null,null,null,null,null,null,null,null,null,null,null,null,278937465
TRND-Glioblastoma_LOPAC_A172-primary_screen2,NCGC00016001-11,activity,null,4,13.301,13.531,ClC1=CC(Cl)=C(OC2=CC=C(OC3=C(Cl)C=C(Cl)C=N3)C=C2)N=C1,null,null,null,null,null,T1443,SIGMA,2021_LOPAC_01,null,null,TCPOBOP,null,4,null,null,null,16.185,9.5,4.955,0.71,0.454,null,null,null,null,null,null,-3.801,null,null,14.684,-1.501,13.941,14.964,null,null,null,null,null,null,null,null,null,BAFKRPOFIYPKBQ,null,TRND,gWrpmsIQGZpPOVBVsf,null,null,null,null,null,null,null,null,null,null,null,null,null,0,4,0,null,null,173030,0 0 0 0,1,1,2025-06-17 15:22:09,null,null,null,null,null,null,null,364783863,activity,null,HTS,null,-1.501,14.684,1.047,13.531,null,null,null,null,null,null,null,null,null,null,null,null,null,null,null,null,null,null,null,null,null,278937466
TRND-Glioblastoma_LOPAC_A172-primary_screen2,NCGC00015497-09,activity,null,4,0,5.982,COC1=C(O)C=CC(CC(O)=O)=C1,null,null,null,null,null,H1252,SIGMA,2021_LOPAC_01,null,null,4-Hydroxy-3-methoxyphenylacetic acid,null,4,null,null,null,10.677,0,null,null,null,null,null,null,null,null,null,0,null,null,9.659,-1.017,35.685,null,null,null,null,null,null,null,null,null,null,QRMZSPFSDQBLIX,null,TRND,UQJIdZQgeCbabWqqvB,null,null,null,null,null,null,null,null,null,306-08-1,null,null,null,0,4,null,null,null,173030,null,1,1,2025-06-17 15:22:09,null,null,null,null,null,null,null,364784959,activity,null,HTS,null,9.659,-1.017,9.216,5.982,null,null,null,null,null,null,null,null,null,null,null,null,null,null,null,null,null,null,null,null,null,278937485
TRND-Glioblastoma_LOPAC_A172-primary_screen2,NCGC00015941-12,activity,null,4,-11.5,10.126,NCCCNCCCCNCCCN,null,null,null,null,null,S2876,SIGMA,2021_LOPAC_01,null,null,Spermine tetrahydrochloride,null,4,null,null,null,11.066,5,4.955,0.738,0.373,null,null,null,null,null,null,16.5,null,null,21.192,10.126,77.98,74.122,null,null,null,null,null,null,null,null,null,PFNFFQXMRSDOHW,null,TRND,NpjaqeQdPJOKCurBfQ,null,null,null,null,CL,null,null,null,null,null,null,null,null,0,4,0,null,null,173030,0 0 0 0,1,1,2025-06-17 15:22:09,null,null,null,null,null,null,null,364782323,activity,null,HTS,null,18.1,10.885,21.192,10.126,null,null,null,null,null,null,null,null,null,null,null,null,null,null,null,null,null,null,null,null,null,278937486
TRND-Glioblastoma_LOPAC_A172-primary_screen2,NCGC00390660-09,activity,null,4,-48.162,-26.196,COC1=CC(=CC(OC)=C1OC)C2=CC(=CN=C2C)C3=CC=C(C=C3)N4CCNCC4,null,null,null,null,null,SML1119,SIGMA,2021_LOPAC_01,null,null,LDN-214117,null,4,null,null,null,52.269,-28.662,2.333,0.299,0.941,null,null,null,null,null,null,19.5,null,null,26.073,-26.196,43.292,55.646,null,null,null,null,null,null,null,null,null,BHUXVRVMMYAXKN,null,TRND,uUdyGaWceRnUVEiHdV,null,ALK2 inhibitor,null,null,null,null,null,null,null,null,ACVR1,null,null,0,4,0,null,null,173030,0 0 0 0,1,1,2025-06-17 15:22:09,null,null,null,null,null,null,null,364782935,activity,null,HTS,null,13.457,26.073,2.139,-26.196,null,null,null,null,null,null,null,null,null,null,null,null,null,null,null,null,null,null,null,null,null,278937487
TRND-Glioblastoma_LOPAC_A172-primary_screen2,NCGC00015956-12,activity,null,4,-33.404,-9.92,CC[C@H](NC(=O)C1=C(C)C(=NC2=CC=CC=C12)C3=CC=CC=C3)C4=CC=CC=C4,null,null,null,null,null,S5192,SIGMA,2021_LOPAC_01,null,null,SB 222200,null,4,null,null,null,41.514,-11.904,2.638,0.392,1,null,null,null,null,null,null,21.5,null,null,31.594,-9.92,80.328,79.597,null,null,null,null,null,null,null,null,null,MQNYRKWJSMQECI,null,TRND,ZorrRCQhyEZEIcIVGC,null,null,null,null,null,null,null,null,null,null,null,null,null,0,4,1,null,null,173030,1 0 0 0,1,1,2025-06-17 15:22:09,null,null,null,null,null,null,null,364780927,activity,null,HTS,null,31.594,21.617,14.937,-9.92,null,null,null,null,null,null,null,null,null,null,null,null,null,null,null,null,null,null,null,null,null,278937488
TRND-Glioblastoma_LOPAC_A172-primary_screen2,NCGC00476190-04,activity,null,4,-23.392,-8.66,ClC1=CC=C(OC2=CC=C(NC(=O)C3=CC=CC=N3)C=C2Cl)N=C1,null,null,null,null,null,SML1245,SIGMA,2021_LOPAC_01,null,null,ML396,null,4,null,null,null,23.91,-9.892,2.473,0.17,0.982,null,null,null,null,null,null,13.5,null,null,15.251,-8.66,44.126,47.223,null,null,null,null,null,null,null,null,null,MZRLPXFGQKQHST,null,TRND,mOqslyUZLRLdrXwupS,null,null,null,null,null,null,null,null,null,null,null,null,null,0,4,0,null,null,173030,0 0 0 0,1,1,2025-06-17 15:22:09,null,null,null,null,null,null,null,364782819,activity,null,HTS,null,11.958,15.251,6.916,-8.66,null,null,null,null,null,null,null,null,null,null,null,null,null,null,null,null,null,null,null,null,null,278937489
TRND-Glioblastoma_LOPAC_A172-primary_screen2,NCGC00507720-02,activity,4.466836,-2.3,-111.703,-89.745,COC1=CC(=CC=C1NC2=NC=CC(=N2)C3=CC4=C(C=NC=C4)N3C)N5CCN(C)CC5,null,null,null,null,null,SML1089,SIGMA,2021_LOPAC_01,-5.35,null,AZ191,null,-2.1,null,null,null,112.441,-89.703,3.065,0.066,0.997,null,null,null,null,null,null,22,null,null,22.697,-89.745,-26.182,-17.565,null,null,null,null,null,null,null,null,null,SYGZCLSQGSICDC,null,TRND,dzwbKysrYLHyshxjBd,null,null,null,null,null,null,null,null,null,null,null,null,null,0,4,0,null,null,173030,0 0 0 0,1,1,2025-06-17 15:22:09,null,null,null,null,null,null,null,364781311,activity,null,HTS,4.815819,18.095,22.697,-64.469,-89.745,null,null,null,null,null,null,null,null,null,null,null,null,null,null,null,null,null,null,null,null,null,278937490
TRND-Glioblastoma_LOPAC_A172-primary_screen2,NCGC00015054-28,activity,null,4,-23.572,-10.476,NC1=C2CCCCC2=NC3=CC=CC=C13,null,null,null,null,null,A3773,SIGMA,2021_LOPAC_01,null,null,"9-Amino-1,2,3,4-tetrahydroacridine hydrochloride",null,4,null,null,null,33.531,-11.072,2.406,0.651,0.593,null,null,null,null,null,null,12.5,null,null,23.054,-10.476,14.267,37.364,null,null,null,null,null,null,null,null,null,YLJREFDVOIBQDA,null,TRND,UFaavttNiLPlXWxRtE,null,null,null,null,CL,null,null,null,null,1684-40-8,null,null,null,0,4,0,null,null,173030,0 0 0 0,1,1,2025-06-17 15:22:09,null,null,null,null,null,null,null,364782135,activity,null,HTS,null,1.496,23.054,-0.697,-10.476,null,null,null,null,null,null,null,null,null,null,null,null,null,null,null,null,null,null,null,null,null,278937491
TRND-Glioblastoma_LOPAC_A172-primary_screen2,NCGC00165883-12,activity,null,4,0,15.772,NC(=O)C1=CN(CC2=C(F)C=CC=C2F)N=N1,null,null,null,null,null,R8404,SIGMA,2021_LOPAC_01,null,null,Rufinamide,null,4,null,null,null,8.888,0,null,null,null,null,null,null,null,null,null,0,null,null,15.772,6.884,45.292,null,null,null,null,null,null,null,null,null,null,POGQSBRIGCQNEG,null,TRND,YfeabmfDYueGuCTrkC,null,null,null,null,null,null,null,null,null,106308-44-5,null,null,null,0,4,null,null,null,173030,null,1,1,2025-06-17 15:22:09,null,null,null,null,null,null,null,364784859,activity,null,HTS,null,9.052,10.11,6.884,15.772,null,null,null,null,null,null,null,null,null,null,null,null,null,null,null,null,null,null,null,null,null,278937492
TRND-Glioblastoma_LOPAC_A172-primary_screen2,NCGC00015852-08,activity,null,4,-25.3,-14.416,O=C1NC2=C(C=CC=C2)C3=C1C=CC=C3,null,null,null,null,null,P8852,SIGMA,2021_LOPAC_01,null,null,6(5H)-Phenanthridinone,null,4,null,null,null,25.132,-15.3,2.72,0.064,0.997,null,null,null,null,null,null,10,null,null,10.716,-14.416,27.781,28.415,null,null,null,null,null,null,null,null,null,RZFVLEJOHSLEFR,null,TRND,QCWmsNFkExhvtYRGKl,null,null,null,null,null,null,null,null,null,1015-89-0,null,null,null,0,4,0,null,null,173030,0 0 0 0,1,1,2025-06-17 15:22:09,null,null,null,null,null,null,null,364782267,activity,null,HTS,null,9.51,10.716,2.116,-14.416,null,null,null,null,null,null,null,null,null,null,null,null,null,null,null,null,null,null,null,null,null,278937493
TRND-Glioblastoma_LOPAC_A172-primary_screen2,NCGC00016005-09,activity,null,4,-17.5,3.002,CCCCCCCCCCCCCCSCC(O)=O,null,null,null,null,null,T1698,SIGMA,2021_LOPAC_01,null,null,Tetradecylthioacetic acid,null,4,null,null,null,21.58,3,4.955,0.372,0.904,null,null,null,null,null,null,20.5,null,null,24.582,3.002,68.033,75.719,null,null,null,null,null,null,null,null,null,IPBCWPPBAWQYOO,null,TRND,cGdhlTBTIpKHEldnDS,null,null,null,null,null,null,null,null,null,2921-20-2,null,null,null,0,4,0,null,null,173030,0 0 0 0,1,1,2025-06-17 15:22:09,null,null,null,null,null,null,null,364782603,activity,null,HTS,null,16.756,24.582,3.97,3.002,null,null,null,null,null,null,null,null,null,null,null,null,null,null,null,null,null,null,null,null,null,278937494
TRND-Glioblastoma_LOPAC_A172-primary_screen2,NCGC00162136-04,activity,null,4,-13.5,15.142,CC[C@@H](C)[C@H]1CN[C@@H]([C@H]1CC(O)=O)C(O)=O,null,null,null,null,null,D1064,SIGMA,2021_LOPAC_01,null,null,Dihydrokainic acid,null,4,null,null,null,15.52,-2,4.955,1,0.605,null,null,null,null,null,null,11.5,null,null,16.229,0.709,29.793,39.332,null,null,null,null,null,null,null,null,null,YRASDMUWFUDPGT,null,TRND,XxoAvBnLoEDZBzqSPa,null,null,null,null,null,null,null,null,null,null,null,null,null,0,4,1,null,null,173030,0 0 0 1,1,1,2025-06-17 15:22:09,null,null,null,null,null,null,null,364783399,activity,null,HTS,null,6.336,16.229,0.709,15.142,null,null,null,null,null,null,null,null,null,null,null,null,null,null,null,null,null,null,null,null,null,278937495
TRND-Glioblastoma_LOPAC_A172-primary_screen2,NCGC00015096-36,activity,12.589254,-3,-97.983,-92.14,CCCCC1=C(C(=O)C2=CC(I)=C(OCCN(CC)CC)C(I)=C2)C3=C(O1)C=CC=C3,null,null,null,null,null,A8423,SIGMA,2021_LOPAC_01,-4.9,null,Amiodarone hydrochloride,null,-3,null,null,null,97.493,-93.983,4.095,0.026,1,null,null,null,null,null,null,4,null,null,5.353,-92.14,-38.078,-36.509,null,null,null,null,null,null,null,null,null,IYIKLHRQXLHMJQ,null,TRND,ucpugjvTpRIgRVrlHn,null,Voltage gated potassium channel blocker,null,null,CL,null,null,null,null,19774-82-4,KCNH2,null,null,0,4,0,null,null,173030,0 0 0 0,1,1,2025-06-17 15:22:09,null,null,null,null,null,null,null,364782719,activity,null,HTS,12.989666,3.066,5.353,-2.702,-92.14,null,null,null,null,null,null,null,null,null,null,null,null,null,null,null,null,null,null,null,null,null,278938006
TRND-Glioblastoma_LOPAC_A172-primary_screen2,NCGC00015501-30,activity,null,4,9.5,8.443,NNC1=C2C=CC=CC2=CN=N1,null,null,null,null,null,H1753,SIGMA,2021_LOPAC_01,null,null,Hydralazine hydrochloride,null,4,null,null,null,12.345,11.5,4.095,0.522,0.785,null,null,null,null,null,null,2,null,null,14.196,1.851,25.809,26.214,null,null,null,null,null,null,null,null,null,RPTUSVTUFVMDQK,null,TRND,oKiKaEvRlYQBDJXeRW,null,Myeloperoxidase inhibitor,null,null,CL,null,null,null,null,304-20-1,MPO,null,null,0,4,0,null,null,173030,0 0 0 0,1,1,2025-06-17 15:22:09,null,null,null,null,null,null,null,364782419,activity,null,HTS,null,1.851,9.024,14.196,8.443,null,null,null,null,null,null,null,null,null,null,null,null,null,null,null,null,null,null,null,null,null,278938007
TRND-Glioblastoma_LOPAC_A172-primary_screen2,NCGC00015417-18,activity,null,4,12,5.09,CNCC(O)C1=CC(O)=C(O)C=C1,null,null,null,null,null,E4642,SIGMA,2021_LOPAC_01,null,null,(±)-Epinephrine hydrochloride,null,4,null,null,null,12.861,10.5,4.955,1,0.759,null,null,null,null,null,null,-1.5,null,null,13.559,0.698,20.277,22.566,null,null,null,null,null,null,null,null,null,UCTWMZQNUQWSLP,null,TRND,XlLWpCVRFTHgptTZNO,null,null,null,null,CL,null,null,null,null,329-63-5,null,null,null,0,4,1,null,null,173030,0 0 0 1,1,1,2025-06-17 15:22:09,null,null,null,null,null,null,null,364783031,activity,null,HTS,null,0.698,13.559,7.236,5.09,null,null,null,null,null,null,null,null,null,null,null,null,null,null,null,null,null,null,null,null,null,278938008
TRND-Glioblastoma_LOPAC_A172-primary_screen2,NCGC00015480-21,activity,null,4,-12.362,-2.458,CC(C)(SC1=CC=C(CCN(CCCCC2CCCCC2)C(=O)NC3CCCCC3)C=C1)C(O)=O,null,null,null,null,null,G6793,SIGMA,2021_LOPAC_01,null,null,GW7647,null,4,null,null,null,10.107,-9.862,1.478,1,1,null,null,null,null,null,null,2.5,null,null,1.889,-8.218,-6.497,-7.606,null,null,null,null,null,null,null,null,null,PKNYXWMTHFMHKD,null,TRND,bDKlQtEvaHVuMEWPaK,null,null,null,null,null,null,null,null,null,null,null,null,null,0,4,1,null,null,173030,0 0 0 1,1,1,2025-06-17 15:22:09,null,null,null,null,null,null,null,364783159,activity,null,HTS,null,1.889,-2.391,-8.218,-2.458,null,null,null,null,null,null,null,null,null,null,null,null,null,null,null,null,null,null,null,null,null,278938009
TRND-Glioblastoma_LOPAC_A172-primary_screen2,NCGC00370908-11,activity,null,4,-35.884,-10.32,CC(C)(C)C1=CC(=C2OC(=O)C(O)(C2=C1)C(F)(F)F)C(C)(C)C,null,null,null,null,null,SML0275,SIGMA,2021_LOPAC_01,null,null,rac BHFF,null,4,null,null,null,34.255,-16.384,1.399,0.367,0.907,null,null,null,null,null,null,19.5,null,null,23.936,-10.32,77.59,67.816,null,null,null,null,null,null,null,null,null,RVNOANDLZIIFHB,null,TRND,ZReEZJLxyrlrVzKGgi,null,null,null,null,null,null,null,null,null,null,null,null,null,0,4,0,null,null,173030,0 0 0 0,1,1,2025-06-17 15:22:09,null,null,null,null,null,null,null,364782059,activity,null,HTS,null,23.936,12.549,11.184,-10.32,null,null,null,null,null,null,null,null,null,null,null,null,null,null,null,null,null,null,null,null,null,278938010
TRND-Glioblastoma_LOPAC_A172-primary_screen2,NCGC00384186-15,activity,null,4,-15.348,-4.04,N#CC1=CC=C(C=C1)C2=CSC(NN=C3CCCC3)=N2,null,null,null,null,null,SML1112,SIGMA,2021_LOPAC_01,null,null,Remodelin hydrobromide,null,4,null,null,null,18.238,-4.348,4.095,0.38,0.899,null,null,null,null,null,null,11,null,null,14.198,-4.04,49.445,42.571,null,null,null,null,null,null,null,null,null,XAEJIFARBQJLML,null,TRND,nNsbedzYERvlYcrCgp,null,null,null,null,BR,null,null,null,null,null,null,null,null,0,4,0,null,null,173030,0 0 0 0,1,1,2025-06-17 15:22:09,null,null,null,null,null,null,null,364782067,activity,null,HTS,null,14.198,8.168,9.238,-4.04,null,null,null,null,null,null,null,null,null,null,null,null,null,null,null,null,null,null,null,null,null,278938011
TRND-Glioblastoma_LOPAC_A172-primary_screen2,NCGC00167758-08,activity,11.220185,-3,-50.158,-42.299,CC1=C(CCN2CCC3(CC2)OC(=O)NC4=C3C=C(C)C=C4)N=C(O1)C5=CC=CC=C5,null,null,null,null,null,SML0711,SIGMA,2021_LOPAC_01,-4.95,null,RS504393,null,-3,null,null,null,51.995,-44.658,2.638,0.208,0.972,null,null,null,null,null,null,5.5,null,null,9.696,-42.299,2.014,-6.336,null,null,null,null,null,null,null,null,null,ODNICNWASXKNNQ,null,TRND,ZOgcIdTwgSJXWqapTW,null,null,null,null,null,null,null,null,null,null,null,null,null,0,4,0,null,null,173030,0 0 0 0,1,1,2025-06-17 15:22:09,null,null,null,null,null,null,null,364783939,activity,null,HTS,null,9.696,0.296,-4.098,-42.299,null,null,null,null,null,null,null,null,null,null,null,null,null,null,null,null,null,null,null,null,null,278938012
TRND-Glioblastoma_LOPAC_A172-primary_screen2,NCGC00390649-04,activity,11.220185,-2.3,-109.969,-97.193,OC1=C(C(OCC2CC2)=CC=C1)C3=CC([C@@H]4CCCNC4)=C5COC(=O)NC5=N3,null,null,null,null,null,SML2098,SIGMA,2021_LOPAC_01,-4.95,null,KINK-1 hydrochloride,null,-2.1,null,null,null,110.298,-104.969,2.353,0.168,0.982,null,null,null,null,null,null,5,null,null,13.105,-97.193,-30.948,-48.193,null,null,null,null,null,null,null,null,null,IGJVFGZEWDGDOO,null,TRND,KeYtKeQAOjgruBgVtg,null,inhibitor of nuclear factor kappa-B kinase subunit beta inhibitor,null,null,CL,null,null,null,null,null,IKBKB,null,null,0,4,0,null,null,173030,0 0 0 0,1,1,2025-06-17 15:22:09,null,null,null,null,null,null,null,364780923,activity,null,HTS,10.777417,13.105,-3.57,-19.631,-97.193,null,null,null,null,null,null,null,null,null,null,null,null,null,null,null,null,null,null,null,null,null,278938013
TRND-Glioblastoma_LOPAC_A172-primary_screen2,NCGC00015004-23,activity,7.943282,-2.2,-50.435,-18.424,ClC1=CC2=C(OC3=C(C=CC=C3)N=C2N4CCNCC4)C=C1,null,null,null,null,null,A129,SIGMA,2021_LOPAC_01,-5.1,null,Amoxapine,null,4,null,null,null,43.262,-24.935,1.344,0.016,1,null,null,null,null,null,null,25.5,null,null,24.837,-18.424,76.07,76.731,null,null,null,null,null,null,null,null,null,QWGDMFLQWFTERH,null,TRND,ijXbWhodDPGEmbivRp,null,null,null,null,null,null,null,null,null,14028-44-5,null,null,null,0,4,0,null,null,173030,0 0 0 0,1,1,2025-06-17 15:22:09,null,null,null,null,null,null,null,364782143,activity,null,HTS,null,24.837,21.253,2.826,-18.424,null,null,null,null,null,null,null,null,null,null,null,null,null,null,null,null,null,null,null,null,null,278938014
TRND-Glioblastoma_LOPAC_A172-primary_screen2,NCGC00015784-20,activity,null,4,-14.308,10.696,CC1=C(CCN2CCC(CC2)C(=O)C3=CC=C(F)C=C3)C(=O)N4C=CC=CC4=N1,null,null,null,null,null,P126,SIGMA,2021_LOPAC_01,null,null,Pirenperone,null,4,null,null,null,14.929,-1.808,4.955,1,0.913,null,null,null,null,null,null,12.5,null,null,14.673,-0.256,38.165,42.393,null,null,null,null,null,null,null,null,null,HXCNRYXBZNHDNE,null,TRND,BIUbzwKZXISkJYOXPG,null,null,null,null,null,null,null,null,null,75444-65-4,null,null,null,0,4,1,null,null,173030,0 0 0 1,1,1,2025-06-17 15:22:09,null,null,null,null,null,null,null,364782951,activity,null,HTS,null,10.171,14.673,-0.256,10.696,null,null,null,null,null,null,null,null,null,null,null,null,null,null,null,null,null,null,null,null,null,278938015
TRND-Glioblastoma_LOPAC_A172-primary_screen2,NCGC00014991-10,activity,null,4,-16.5,4.16,NCCCCC(O)=O,null,null,null,null,null,194336,SIGMA,2021_LOPAC_01,null,null,5-Aminovaleric acid hydrochloride,null,4,null,null,null,11.143,3.5,0.6,0.44,0.86,null,null,null,null,null,null,20,null,null,15.303,4.16,57.026,54.805,null,null,null,null,null,null,null,null,null,JJMDCOVWQOJGCB,null,TRND,rwYlakewWeCPPVXEZN,null,null,null,null,CL,null,null,null,null,null,null,null,null,0,4,0,null,null,173030,0 0 0 0,1,1,2025-06-17 15:22:09,null,null,null,null,null,null,null,364782215,activity,null,HTS,null,15.303,8.642,9.054,4.16,null,null,null,null,null,null,null,null,null,null,null,null,null,null,null,null,null,null,null,null,null,278938016
TRND-Glioblastoma_LOPAC_A172-primary_screen2,NCGC00015655-16,activity,null,4,-15,5.123,CC(C)NCC(O)C1=CC(O)=CC(O)=C1,null,null,null,null,null,M2398,SIGMA,2021_LOPAC_01,null,null,Metaproterenol hemisulfate,null,4,null,null,null,12.331,-1.5,4.955,0.677,0.542,null,null,null,null,null,null,13.5,null,null,17.454,5.123,60.974,58.987,null,null,null,null,null,null,null,null,null,LMOINURANNBYCM,null,TRND,VLrwoKfMhzkgdYprRF,null,null,null,null,SULFURIC_ACID,null,null,null,null,586-06-1,null,null,null,0,4,0,null,null,173030,0 0 0 0,1,1,2025-06-17 15:22:09,null,null,null,null,null,null,null,364780991,activity,null,HTS,null,14.526,8.246,17.454,5.123,null,null,null,null,null,null,null,null,null,null,null,null,null,null,null,null,null,null,null,null,null,278938017
TRND-Glioblastoma_LOPAC_A172-primary_screen2,NCGC00162375-07,activity,null,4,0,7.941,[S-]C(=S)OC1CC2CC1C3CCCC23,null,null,null,null,null,T8543,SIGMA,2021_LOPAC_01,null,null,D-609 potassium,null,4,null,null,null,10.419,0,null,null,null,null,null,null,null,null,null,0,null,null,15.338,4.919,32.849,null,null,null,null,null,null,null,null,null,null,PWLXJBSAUKKGCM,null,TRND,mlYanygsoOQqvOSApx,null,null,null,null,null,null,null,null,null,null,null,null,null,0,4,null,null,null,173030,null,1,1,2025-06-17 15:22:09,null,null,null,null,null,null,null,364783199,activity,null,HTS,null,5.231,15.338,4.919,7.941,null,null,null,null,null,null,null,null,null,null,null,null,null,null,null,null,null,null,null,null,null,278938018
TRND-Glioblastoma_LOPAC_A172-primary_screen2,NCGC00162218-14,activity,null,4,-16.5,15.696,CCC1=C(C)NC2=C1C(=O)C(CN3CCOCC3)CC2,null,null,null,null,null,M1818,SIGMA,2021_LOPAC_01,null,null,Molindone hydrochloride,null,4,null,null,null,17.14,-0.5,4.955,1,0.903,null,null,null,null,null,null,16,null,null,18.835,1.695,52.439,56.335,null,null,null,null,null,null,null,null,null,KLPWJLBORRMFGK,null,TRND,EgqhIXWjYOZSbMpebq,null,null,null,null,CL,null,null,null,null,15622-65-8,null,null,null,0,4,1,null,null,173030,0 0 0 1,1,1,2025-06-17 15:22:09,null,null,null,null,null,null,null,364781639,activity,null,HTS,null,13.405,18.835,1.695,15.696,null,null,null,null,null,null,null,null,null,null,null,null,null,null,null,null,null,null,null,null,null,278938019
TRND-Glioblastoma_LOPAC_A172-primary_screen2,NCGC00016018-25,activity,null,4,-26.827,8.492,C1CN=C(N1)C2CCCC3=C2C=CC=C3,null,null,null,null,null,T4264,SIGMA,2021_LOPAC_01,null,null,Tetrahydrozoline hydrochloride,null,4,null,null,null,31.573,2.173,4.955,0.35,0.858,null,null,null,null,null,null,29,null,null,30.051,-1.522,92.873,101.236,null,null,null,null,null,null,null,null,null,BYJAVTDNIXVSPW,null,TRND,FyCqATJkxIygaAiVBM,null,null,null,null,CL,null,null,null,null,522-48-5,null,null,null,0,4,1,null,null,173030,1 0 0 0,1,1,2025-06-17 15:22:09,null,null,null,null,null,null,null,364781355,activity,null,HTS,null,30.051,25.755,-1.522,8.492,null,null,null,null,null,null,null,null,null,null,null,null,null,null,null,null,null,null,null,null,null,278938020
TRND-Glioblastoma_LOPAC_A172-primary_screen2,NCGC00015148-15,activity,null,4,-8.752,9.186,CCCC[S+]([O-])(=N)CCC(N)C(O)=O,null,null,null,null,null,B2515,SIGMA,2021_LOPAC_01,null,null,L-Buthionine-sulfoximine,null,4,null,null,null,11.328,-2.252,4.955,1,0.453,null,null,null,null,null,null,6.5,null,null,10.701,-0.627,11.872,21.009,null,null,null,null,null,null,null,null,null,WDFRNLYXRQXXFS,null,TRND,qgvRjyyhcJnDBNojxN,null,Glutamate-Cysteine Ligase catalytic subunit inhibitor,null,null,null,null,null,null,null,83730-53-4,GCLC,null,null,0,4,1,null,null,173030,0 0 0 1,1,1,2025-06-17 15:22:09,null,null,null,null,null,null,null,364784451,activity,null,HTS,null,1.86,10.701,-0.627,9.186,null,null,null,null,null,null,null,null,null,null,null,null,null,null,null,null,null,null,null,null,null,278938021
TRND-Glioblastoma_LOPAC_A172-primary_screen2,NCGC00476206-05,activity,10,-2.2,-47.326,-32.355,ClC1=CC=CC(Cl)=C1CSC2=NN=C(S2)C3=NC=CN=C3,null,null,null,null,null,SML1558,SIGMA,2021_LOPAC_01,-5,null,Yoda1 ,null,-3,null,null,null,43.953,-35.326,2.248,0.016,1,null,null,null,null,null,null,12,null,null,11.598,-32.355,22.164,23.185,null,null,null,null,null,null,null,null,null,BQNXBSYSQXSXPT,null,TRND,BbPRBumTVzmjFSFFgL,null,null,null,null,null,null,null,null,null,null,null,null,null,0,4,0,null,null,173030,0 0 0 0,1,1,2025-06-17 15:22:09,null,null,null,null,null,null,null,364782131,activity,null,HTS,null,11.598,11.388,-1.392,-32.355,null,null,null,null,null,null,null,null,null,null,null,null,null,null,null,null,null,null,null,null,null,278938022
TRND-Glioblastoma_LOPAC_A172-primary_screen2,NCGC00015667-06,activity,null,4,0,4.998,COC(=O)C(C)(N)CC1=CC=C(O)C=C1,null,null,null,null,null,M3281,SIGMA,2021_LOPAC_01,null,null,alpha-Methyl-DL-tyrosine methyl ester hydrochloride,null,4,null,null,null,8.947,0,null,null,null,null,null,null,null,null,null,0,null,null,11.058,2.11,38.843,null,null,null,null,null,null,null,null,null,null,WYJJUDJUEGRXHZ,null,TRND,vcbpLftqxXWFSaNJbx,null,null,null,null,CL,null,null,null,null,null,null,null,null,0,4,null,null,null,173030,null,1,1,2025-06-17 15:22:09,null,null,null,null,null,null,null,364784203,activity,null,HTS,null,11.058,2.11,5.797,4.998,null,null,null,null,null,null,null,null,null,null,null,null,null,null,null,null,null,null,null,null,null,278938023
TRND-Glioblastoma_LOPAC_A172-primary_screen2,NCGC00015424-16,activity,10,-2.1,-112.155,-94.896,FC1=CC=C(C=C1)C(CCCN2CCC3(CC2)N(CNC3=O)C4=CC=CC=C4)C5=CC=C(F)C=C5,null,null,null,null,null,F100,SIGMA,2021_LOPAC_01,-5,null,Fluspirilene,null,-3,null,null,null,113.013,-95.655,4.045,0.041,0.999,null,null,null,null,null,null,16.5,null,null,18.117,-94.896,0.857,6.24,null,null,null,null,null,null,null,null,null,QOYHHIBFXOOADH,null,TRND,fwkuzCAcbrPdrHeGNJ,null,null,null,null,null,null,null,null,null,1841-19-6,null,null,null,0,4,0,null,null,173030,0 0 0 0,1,1,2025-06-17 15:22:09,null,null,null,null,null,null,null,364782491,activity,null,HTS,10.227301,14.061,18.117,-1.343,-94.896,null,null,null,null,null,null,null,null,null,null,null,null,null,null,null,null,null,null,null,null,null,278938024
TRND-Glioblastoma_LOPAC_A172-primary_screen2,NCGC00015607-08,activity,null,4,0,11.232,[Li]Cl,null,null,null,null,null,L4408,SigmaAldrich,2021_LOPAC_01,null,null,Lithium salts (lithium chloride),null,4,null,null,null,9.052,0,null,null,null,null,null,null,null,null,null,0,null,null,11.232,2.18,43.664,null,null,null,null,null,null,null,null,null,null,KWGKDLIKAYFUFQ,null,TRND,esIwsYcujhGvRSRSGK,null,null,null,null,null,null,null,null,null,7447-41-8,null,null,null,0,4,null,null,null,173030,null,1,1,2025-06-17 15:22:09,null,null,null,null,null,null,null,364783071,activity,null,HTS,null,10.322,10.859,2.18,11.232,null,null,null,null,null,null,null,null,null,null,null,null,null,null,null,null,null,null,null,null,null,278938025
TRND-Glioblastoma_LOPAC_A172-primary_screen2,NCGC00387253-06,activity,null,4,-35.965,-19.554,COC1=CC=C(C=C1)[S+]([O-])(=O)NC2=C(C)C=C(C)C=C2C,null,null,null,null,null,SML1152,SIGMA,2021_LOPAC_01,null,null,GSK137647A,null,4,null,null,null,41.213,-21.965,4.955,0.42,0.873,null,null,null,null,null,null,14,null,null,21.659,-19.554,64.419,48.154,null,null,null,null,null,null,null,null,null,VHIZJBNAQSPVME,null,TRND,cIUWIcOeTYZVRPmUSO,null,null,null,null,null,null,null,null,null,null,null,null,null,0,4,0,null,null,173030,0 0 0 0,1,1,2025-06-17 15:22:09,null,null,null,null,null,null,null,364783659,activity,null,HTS,null,21.659,5.956,14.913,-19.554,null,null,null,null,null,null,null,null,null,null,null,null,null,null,null,null,null,null,null,null,null,278938026
TRND-Glioblastoma_LOPAC_A172-primary_screen2,NCGC00015848-25,activity,null,4,0,-7.06,N[C@@H]1C[C@H]1C2=CC=CC=C2,null,null,null,null,null,P8511,SIGMA,2021_LOPAC_01,null,null,Tranylcypromine hydrochloride,null,4,null,null,null,9.325,0,null,null,null,null,null,null,null,null,null,0,null,null,2.265,-7.06,-1.015,null,null,null,null,null,null,null,null,null,null,AELCINSCMGFISI,null,TRND,jNbWByoUJqmSNoKEKr,null,Amine oxidase A inhibitor,null,null,CL,null,null,null,null,[NO STEREO] 54779-58-7,MAOA,null,null,0,4,null,null,null,173030,null,1,1,2025-06-17 15:22:09,null,null,null,null,null,null,null,364783527,activity,null,HTS,null,1.396,2.265,-3.947,-7.06,null,null,null,null,null,null,null,null,null,null,null,null,null,null,null,null,null,null,null,null,null,278938027
TRND-Glioblastoma_LOPAC_A172-primary_screen2,NCGC00015937-12,activity,null,4,-24,3.24,NCCCCNCCCN,null,null,null,null,null,S2501,SIGMA,2021_LOPAC_01,null,null,Spermidine trihydrochloride,null,4,null,null,null,32.918,2,1.509,0.481,1,null,null,null,null,null,null,26,null,null,36.158,3.24,90.04,97.285,null,null,null,null,null,null,null,null,null,ATHGHQPFGPMSJY,null,TRND,lbwYGmyhpnMvmcrsVf,null,Autophagy Regulator,null,null,CL,null,null,null,null,null,ATG4A,null,null,0,4,1,null,null,173030,1 0 0 0,1,1,2025-06-17 15:22:09,null,null,null,null,null,null,null,364780403,activity,null,HTS,null,36.158,23.132,11.405,3.24,null,null,null,null,null,null,null,null,null,null,null,null,null,null,null,null,null,null,null,null,null,278938028
TRND-Glioblastoma_LOPAC_A172-primary_screen2,NCGC00015620-18,activity,null,4,17.5,3.014,C1CN2CC(N=C2S1)C3=CC=CC=C3,null,null,null,null,null,T1512,SIGMA,2021_LOPAC_01,null,null,Tetramisole hydrochloride,null,4,null,null,null,16.341,22,4.449,1,0.999,null,null,null,null,null,null,4.5,null,null,19.355,3.014,39.117,40.877,null,null,null,null,null,null,null,null,null,HLFSDGLLUJUHTE,null,TRND,UsIcwHdnKVkKKdwPnH,null,null,null,null,CL,null,null,null,null,5086-74-8,null,null,null,0,4,1,null,null,173030,0 0 0 1,1,1,2025-06-17 15:22:09,null,null,null,null,null,null,null,364785143,activity,null,HTS,null,4.464,4.32,19.355,3.014,null,null,null,null,null,null,null,null,null,null,null,null,null,null,null,null,null,null,null,null,null,278938029
TRND-Glioblastoma_LOPAC_A172-primary_screen2,NCGC00186015-07,activity,null,4,-12,10.64,[O-][N+](=O)\C=C\C1=CC2=C(OCO2)C=C1,null,null,null,null,null,M7445,SIGMA,2021_LOPAC_01,null,null,MNS,null,4,null,null,null,10.964,5.5,4.955,0.643,0.613,null,null,null,null,null,null,17.5,null,null,21.604,10.64,76.437,78.672,null,null,null,null,null,null,null,null,null,KFLWBZPSJQPRDD,null,TRND,MSdGBPtpdXNADqEmwo,null,null,null,null,null,null,null,null,null,null,null,null,null,0,4,0,null,null,173030,0 0 0 0,1,1,2025-06-17 15:22:09,null,null,null,null,null,null,null,364782483,activity,null,HTS,null,16.272,15.136,21.604,10.64,null,null,null,null,null,null,null,null,null,null,null,null,null,null,null,null,null,null,null,null,null,278938030
TRND-Glioblastoma_LOPAC_A172-primary_screen2,NCGC00274083-05,activity,null,4,0,4.601,CCCCCN(CCCOC)C(=O)C(CCC(O)=O)NC(=O)C1=CC(Cl)=C(Cl)C=C1,null,null,null,null,null,SML0130,SIGMA,2021_LOPAC_01,null,null,Loxiglumide,null,4,null,null,null,9.478,0,null,null,null,null,null,null,null,null,null,0,null,null,14.08,4.601,44.75,null,null,null,null,null,null,null,null,null,null,QNQZBKQEIFTHFZ,null,TRND,KGFKmFfPgJNgwNVIgS,null,null,null,null,null,null,null,null,null,107097-80-3,null,null,null,0,4,null,null,null,173030,null,1,1,2025-06-17 15:22:09,null,null,null,null,null,null,null,364781251,activity,null,HTS,null,10.039,14.08,6.623,4.601,null,null,null,null,null,null,null,null,null,null,null,null,null,null,null,null,null,null,null,null,null,278938031
TRND-Glioblastoma_LOPAC_A172-primary_screen2,NCGC00351483-10,activity,2.511886,-1.2,-52.434,-50.82,CC1=C(F)C(=CC=C1C(=O)N2CCOC3=CC=C(C=C3C2)C4=CC=C(N)N=C4)[S+](C)([O-])=O,null,null,null,null,null,SML1239,SIGMA,2021_LOPAC_01,-5.6,null,xL388,null,-1.2,null,null,null,51.609,-50.934,1.989,0.018,1,null,null,null,null,null,null,1.5,null,null,0.79,-50.82,-62.286,-62.159,null,null,null,null,null,null,null,null,null,UXJHDYVDPJFVCX,null,TRND,npNQWflquBTrZmcoSX,null,mTOR Complex 1 (mTORC1) inhibitor,null,null,null,null,null,null,null,null,MTOR,null,null,0,4,0,null,null,173030,0 0 0 0,1,1,2025-06-17 15:22:09,null,null,null,null,null,null,null,364783407,activity,null,HTS,18.584062,0.79,-9.47,-44.537,-50.82,null,null,null,null,null,null,null,null,null,null,null,null,null,null,null,null,null,null,null,null,null,278938032
TRND-Glioblastoma_LOPAC_A172-primary_screen2,NCGC00015316-18,activity,null,4,-27.534,-2.528,NCCCC(N)(C(F)F)C(O)=O,null,null,null,null,null,D193,SIGMA,2021_LOPAC_01,null,null,DL-alpha-Difluoromethylornithine hydrochloride,null,4,null,null,null,21.378,-7.034,0.9,0.054,0.998,null,null,null,null,null,null,20.5,null,null,18.849,-2.528,65.23,65.168,null,null,null,null,null,null,null,null,null,VLCYCQAOQCDTCN,null,TRND,LkqBsKPBfwxGnktVkf,null,Ornithine Decarboxylase inhibitor,null,null,CL,null,null,null,null,68278-23-9,ODC1,null,null,0,4,0,null,null,173030,0 0 0 0,1,1,2025-06-17 15:22:09,null,null,null,null,null,null,null,364781555,activity,null,HTS,null,18.849,14.171,6.214,-2.528,null,null,null,null,null,null,null,null,null,null,null,null,null,null,null,null,null,null,null,null,null,278938033
TRND-Glioblastoma_LOPAC_A172-primary_screen2,NCGC00015492-08,activity,null,4,13.899,2.346,COC1=C(O)C=CC(=C1)C(O)C(O)=O,null,null,null,null,null,H0131,SIGMA,2021_LOPAC_01,null,null,(±)-Vanillylmandelic acid,null,4,null,null,null,16.515,10,4.955,1,0.74,null,null,null,null,null,null,-3.899,null,null,14.1,-2.416,10.121,13.076,null,null,null,null,null,null,null,null,null,CGQCWMIAEPEHNQ,null,TRND,xmTBtjLTMenJdXhFSB,null,null,null,null,null,null,null,null,null,55-10-7,null,null,null,0,4,1,null,null,173030,0 0 0 1,1,1,2025-06-17 15:22:09,null,null,null,null,null,null,null,364783039,activity,null,HTS,null,-2.416,14.1,5.692,2.346,null,null,null,null,null,null,null,null,null,null,null,null,null,null,null,null,null,null,null,null,null,278938034
TRND-Glioblastoma_LOPAC_A172-primary_screen2,NCGC00163250-06,activity,null,4,-21.26,-8.55,[H][C@]12N(C)CC[C@@]1(C)C3=CC(OC(=O)NC4=CC=CC=C4)=CC=C3N2C,null,null,null,null,null,P0111,SIGMA,2021_LOPAC_01,null,null,Phenserine,null,4,null,null,null,18.605,-12.26,1.644,0.115,0.992,null,null,null,null,null,null,9,null,null,10.055,-8.55,31.422,28.658,null,null,null,null,null,null,null,null,null,PBHFNBQPZCRWQP,null,TRND,WlmmYGnKdUYvtyPbOi,null,null,null,null,null,null,null,null,null,159652-53-6|101246-66-6,null,null,null,0,4,0,null,null,173030,0 0 0 0,1,1,2025-06-17 15:22:09,null,null,null,null,null,null,null,364783047,activity,null,HTS,null,10.055,7.814,3.649,-8.55,null,null,null,null,null,null,null,null,null,null,null,null,null,null,null,null,null,null,null,null,null,278938035
TRND-Glioblastoma_LOPAC_A172-primary_screen2,NCGC00346651-10,activity,null,4,-17.28,-3.15,NC\C1=C\NC(=S)N1[C@H]2CCC3=C(F)C=C(F)C=C3C2,null,null,null,null,null,SML0940,SIGMA,2021_LOPAC_01,null,null,Nepicastat hydrochloride,null,4,null,null,null,12.934,-5.28,0.8,0.026,1,null,null,null,null,null,null,12,null,null,9.785,-3.15,30.481,30.852,null,null,null,null,null,null,null,null,null,YZZVIKDAOTXDEB,null,TRND,uwQUBYNhtRNbmZXgli,null,Dopamine beta-hydroxylase inhibitor,null,null,CL,null,null,null,null,170151-24-3,DBH,null,null,0,4,0,null,null,173030,0 0 0 0,1,1,2025-06-17 15:22:09,null,null,null,null,null,null,null,364784119,activity,null,HTS,null,9.785,6.219,0.912,-3.15,null,null,null,null,null,null,null,null,null,null,null,null,null,null,null,null,null,null,null,null,null,278938036
TRND-Glioblastoma_LOPAC_A172-primary_screen2,NCGC00015358-26,activity,null,4,0,5.83,CC(C)N(CCC(C(N)=O)(C1=CC=CC=C1)C2=CC=CC=N2)C(C)C,null,null,null,null,null,D7644,SIGMA,2021_LOPAC_01,null,null,Disopyramide,null,4,null,null,null,9.039,0,null,null,null,null,null,null,null,null,null,0,null,null,5.83,-3.209,4.772,null,null,null,null,null,null,null,null,null,null,UVTNFZQICZKOEM,null,TRND,oHvBPWhaJdGujEXomQ,null,null,null,null,null,null,null,null,null,22059-60-5,null,null,null,0,4,null,null,null,173030,null,1,1,2025-06-17 15:22:09,null,null,null,null,null,null,null,364780163,activity,null,HTS,null,0.52,-3.209,3.585,5.83,null,null,null,null,null,null,null,null,null,null,null,null,null,null,null,null,null,null,null,null,null,278938037
TRND-Glioblastoma_LOPAC_A172-primary_screen2,NCGC00015131-10,activity,null,4,19.5,6.499,CCN1CCC2=C(CC1)N=C(N)O2,null,null,null,null,null,B161,SIGMA,2021_LOPAC_01,null,null,B-HT 933 dihydrochloride,null,4,null,null,null,21.623,23,4.955,1,0.716,null,null,null,null,null,null,3.5,null,null,28.123,6.499,68.172,70.285,null,null,null,null,null,null,null,null,null,ZNXAJGZPUQOEDZ,null,TRND,xltwCSxtPofcsfUKWF,null,null,null,null,CL,null,null,null,null,null,null,null,null,0,4,1,null,null,173030,0 0 0 1,1,1,2025-06-17 15:22:09,null,null,null,null,null,null,null,364781191,activity,null,HTS,null,9.463,28.123,18.17,6.499,null,null,null,null,null,null,null,null,null,null,null,null,null,null,null,null,null,null,null,null,null,278938038
TRND-Glioblastoma_LOPAC_A172-primary_screen2,NCGC00370906-05,activity,null,4,-28.557,-12.131,CC1(C)CC=C(C2=CN=C3C=CC=CC3=C2)C4=C1C=CC(=C4)C(=O)NC5=CC=C(C=C5)C(O)=O,null,null,null,null,null,SML1084,SIGMA,2021_LOPAC_01,null,null,BMS-195614 ,null,4,null,null,null,23.22,-18.557,1.111,0.226,0.967,null,null,null,null,null,null,10,null,null,11.089,-12.131,28.644,25.315,null,null,null,null,null,null,null,null,null,WGLMBRZXZDAQHP,null,TRND,UkxKqnpvmBHYhzBvhT,null,null,null,null,null,null,null,null,null,null,null,null,null,0,4,0,null,null,173030,0 0 0 0,1,1,2025-06-17 15:22:09,null,null,null,null,null,null,null,364784123,activity,null,HTS,null,11.089,5.147,0.929,-12.131,null,null,null,null,null,null,null,null,null,null,null,null,null,null,null,null,null,null,null,null,null,278938039
TRND-Glioblastoma_LOPAC_A172-primary_screen2,NCGC00015641-07,activity,null,4,0,9.043,COC1=C(C=CC=C1)N2CCN(CCN(C(=O)C3=CC=C(F)C=C3)C4=CC=CC=N4)CC2,null,null,null,null,null,M226,SIGMA,2021_LOPAC_01,null,null,p-MPPF dihydrochloride,null,4,null,null,null,15.144,0,null,null,null,null,null,null,null,null,null,0,null,null,19.501,4.357,69.781,null,null,null,null,null,null,null,null,null,null,YJZYDPRMWYWYCG,null,TRND,UpGVDibGdidSRaBbcd,null,null,null,null,CL,null,null,null,null,null,null,null,null,0,4,null,null,null,173030,null,1,1,2025-06-17 15:22:09,null,null,null,null,null,null,null,364781959,activity,null,HTS,null,17.421,4.357,19.501,9.043,null,null,null,null,null,null,null,null,null,null,null,null,null,null,null,null,null,null,null,null,null,278937496
TRND-Glioblastoma_LOPAC_A172-primary_screen2,NCGC00015080-21,activity,null,4,0,3.231,C[N+]1(C)C2CCC1CC(C2)OC(=O)C(CO)C3=CC=CC=C3,null,null,null,null,null,A0382,SIGMA,2021_LOPAC_01,null,null,Atropine methyl nitrate,null,4,null,null,null,9.047,0,null,null,null,null,null,null,null,null,null,0,null,null,3.231,-5.816,-6.247,null,null,null,null,null,null,null,null,null,null,PIPAJLPNWZMYQA,null,TRND,LBbZclscpRLOnpNowN,null,null,null,null,null,null,null,null,null,52-88-0,null,null,null,0,4,null,null,null,173030,null,1,1,2025-06-17 15:22:09,null,null,null,null,null,null,null,364783347,activity,null,HTS,null,-0.854,-2.16,-5.816,3.231,null,null,null,null,null,null,null,null,null,null,null,null,null,null,null,null,null,null,null,null,null,278937497
TRND-Glioblastoma_LOPAC_A172-primary_screen2,NCGC00015051-07,activity,null,4,12,15.49,NC1CC(=CC=C1)C(O)=O,null,null,null,null,null,A3539,SIGMA,2021_LOPAC_01,null,null,Gabaculine hydrochloride,null,4,null,null,null,12.524,23.5,4.955,1,0.895,null,null,null,null,null,null,11.5,null,null,22.113,9.589,71.835,67.746,null,null,null,null,null,null,null,null,null,KFNRJXCQEJIBER,null,TRND,vAmEnoCLKMERsFMRcV,null,null,null,null,CL,null,null,null,null,null,null,null,null,0,4,1,null,null,173030,0 0 0 1,1,1,2025-06-17 15:22:09,null,null,null,null,null,null,null,364780215,activity,null,HTS,null,13.709,9.589,22.113,15.49,null,null,null,null,null,null,null,null,null,null,null,null,null,null,null,null,null,null,null,null,null,278937498
TRND-Glioblastoma_LOPAC_A172-primary_screen2,NCGC00015999-31,activity,null,4,-8.5,10.959,CCCCNC(=O)N[S+]([O-])(=O)C1=CC=C(C)C=C1,null,null,null,null,null,T0891,SIGMA,2021_LOPAC_01,null,null,Tolbutamide,null,4,null,null,null,13.676,10.5,4.955,0.673,0.547,null,null,null,null,null,null,19,null,null,24.02,10.344,67.598,79.072,null,null,null,null,null,null,null,null,null,NQBWSFQUXTZCFJ,null,TRND,SkenPgFfrjvbPUIotq,null,null,null,null,null,null,null,null,null,64-77-7,null,null,null,0,4,0,null,null,173030,0 0 0 0,1,1,2025-06-17 15:22:09,null,null,null,null,null,null,null,364782587,activity,null,HTS,null,13.627,24.02,10.344,10.959,null,null,null,null,null,null,null,null,null,null,null,null,null,null,null,null,null,null,null,null,null,278937499
TRND-Glioblastoma_LOPAC_A172-primary_screen2,NCGC00093795-08,activity,null,4,-10,14.626,[H][C@](O)(C(C)N)C1=CC(O)=C(O)C=C1,null,null,null,null,null,D5290,SIGMA,2021_LOPAC_01,null,null,(-)-alpha-Methylnorepinephrine,null,4,null,null,null,11.304,1.5,4.955,1,0.687,null,null,null,null,null,null,11.5,null,null,14.626,3.322,37.127,43.144,null,null,null,null,null,null,null,null,null,GEFQWZLICWMTKF,null,TRND,PwLJeirIVAOlJhEuyE,null,null,null,null,null,null,null,null,null,829-74-3,null,null,null,0,4,1,null,null,173030,0 0 0 1,1,1,2025-06-17 15:22:09,null,null,null,null,null,null,null,364782187,activity,null,HTS,null,8.238,14.59,3.322,14.626,null,null,null,null,null,null,null,null,null,null,null,null,null,null,null,null,null,null,null,null,null,278937500
TRND-Glioblastoma_LOPAC_A172-primary_screen2,NCGC00485206-03,activity,10,-3,-84.471,-72.44,NC1=NC(=O)C2=C(NC[C@H](CCC3=CC=C(C=C3)C(=O)N[C@@H](CCC(O)=O)C(O)=O)C2)N1,null,null,null,null,null,SML0040,SIGMA,2021_LOPAC_01,-5,null,Lometrexol hydrate,null,-3,null,null,null,89.145,-73.971,3.247,0.158,0.984,null,null,null,null,null,null,10.5,null,null,16.705,-72.44,6.349,-6.778,null,null,null,null,null,null,null,null,null,ZUQBAQVRAURMCL,null,TRND,SYLbFbHhQItkrqelXH,null,null,null,null,H2O,null,null,null,null,null,null,null,null,0,4,0,null,null,173030,0 0 0 0,1,1,2025-06-17 15:22:09,null,null,null,null,null,null,null,364781743,activity,null,HTS,12.540517,16.705,4.393,-7.147,-72.44,null,null,null,null,null,null,null,null,null,null,null,null,null,null,null,null,null,null,null,null,null,278937501
TRND-Glioblastoma_LOPAC_A172-primary_screen2,NCGC00025087-10,activity,null,4,0,8.965,[H][C@](C)(O)[C@]([H])(CCCCCC)N1C=NC2=C1N=CN=C2N,null,null,null,null,null,E114,SIGMA,2021_LOPAC_01,null,null,erythro-9-(2-Hydroxy-3-nonyl)adenine hydrochloride,null,4,null,null,null,7.918,0,null,null,null,null,null,null,null,null,null,0,null,null,16.883,8.965,57.769,null,null,null,null,null,null,null,null,null,null,IOSAAWHGJUZBOG,null,TRND,xIpKjtymUaSfEgOzQO,null,null,null,null,CL,null,null,null,null,null,null,null,null,0,4,null,null,null,173030,null,1,1,2025-06-17 15:22:09,null,null,null,null,null,null,null,364781787,activity,null,HTS,null,12.304,10.169,16.883,8.965,null,null,null,null,null,null,null,null,null,null,null,null,null,null,null,null,null,null,null,null,null,278937502
TRND-Glioblastoma_LOPAC_A172-primary_screen2,NCGC00015069-06,activity,null,4,-22.371,8.136,CC(=O)SCC[N+](C)(C)C,null,null,null,null,null,A5626,SIGMA,2021_LOPAC_01,null,null,Acetylthiocholine chloride,null,4,null,null,null,20.59,-7.871,4.955,1,0.951,null,null,null,null,null,null,14.5,null,null,16.947,-3.643,41.229,43.765,null,null,null,null,null,null,null,null,null,GFFIJCYHQYHUHB,null,TRND,hgqJIxFShMJiRmwykx,null,null,null,null,CL,null,null,null,null,null,null,null,null,0,4,1,null,null,173030,0 0 0 1,1,1,2025-06-17 15:22:09,null,null,null,null,null,null,null,364783443,activity,null,HTS,null,12.197,16.947,-3.643,8.136,null,null,null,null,null,null,null,null,null,null,null,null,null,null,null,null,null,null,null,null,null,278937503
TRND-Glioblastoma_LOPAC_A172-primary_screen2,NCGC00015242-20,activity,null,4,20,27.941,N[S+]([O-])(=O)C1=C(Cl)C=C2N=CN[S+]([O-])(=O)C2=C1,null,null,null,null,null,C4911,SIGMA,2021_LOPAC_01,null,null,Chlorothiazide,null,4,null,null,null,20.815,28,4.045,0.075,0.996,null,null,null,null,null,null,8,null,null,27.941,7.126,50.837,50.305,null,null,null,null,null,null,null,null,null,GEAKDLJXQWCJSJ,null,TRND,jrdjWcideVrCETRSpk,null,Solute carrier family 12 member 3 inhibitor,null,null,null,null,null,null,null,58-94-6,SLC12A3,null,null,0,4,0,null,null,173030,0 0 0 0,1,1,2025-06-17 15:22:09,null,null,null,null,null,null,null,364781151,activity,null,HTS,null,8.429,7.126,11.12,27.941,null,null,null,null,null,null,null,null,null,null,null,null,null,null,null,null,null,null,null,null,null,278937504
TRND-Glioblastoma_LOPAC_A172-primary_screen2,NCGC00015166-14,activity,null,4,0,3.531,CCCCOC1=C(OC)C=CC(CC2CNC(=O)N2)=C1,null,null,null,null,null,B8279,SIGMA,2021_LOPAC_01,null,null,Ro 20-1724,null,4,null,null,null,6.011,0,null,null,null,null,null,null,null,null,null,0,null,null,9.543,3.531,37.021,null,null,null,null,null,null,null,null,null,null,PDMUULPVBYQBBK,null,TRND,IQOmPCutpjkEzZHjsb,null,null,null,null,null,null,null,null,null,29925-17-5,null,null,null,0,4,null,null,null,173030,null,1,1,2025-06-17 15:22:09,null,null,null,null,null,null,null,364783059,activity,null,HTS,null,9.543,8.371,4.052,3.531,null,null,null,null,null,null,null,null,null,null,null,null,null,null,null,null,null,null,null,null,null,278937505
TRND-Glioblastoma_LOPAC_A172-primary_screen2,NCGC00015321-21,activity,null,4,-23.593,-8.411,CC(CCC1=CC=C(O)C=C1)NCCC2=CC(O)=C(O)C=C2,null,null,null,null,null,D0676,SIGMA,2021_LOPAC_01,null,null,Dobutamine hydrochloride,null,4,null,null,null,27.785,-8.093,3.929,0.342,0.921,null,null,null,null,null,null,15.5,null,null,19.374,-8.411,40.405,49.469,null,null,null,null,null,null,null,null,null,JRWZLRBJNMZMFE,null,TRND,TIbQjXQhjYiTHhIzsh,null,null,null,null,CL,null,null,null,null,49745-95-1,null,null,null,0,4,0,null,null,173030,0 0 0 0,1,1,2025-06-17 15:22:09,null,null,null,null,null,null,null,364782763,activity,null,HTS,null,11.137,19.374,0.546,-8.411,null,null,null,null,null,null,null,null,null,null,null,null,null,null,null,null,null,null,null,null,null,278937506
TRND-Glioblastoma_LOPAC_A172-primary_screen2,NCGC00093771-10,activity,null,4,0,7.694,OC[C@H]1O[C@H]([C@H](O)[C@@H]1O)N2C=NC3=C2N=CN=C3NC4CCCCC4,null,null,null,null,null,C9901,SIGMA,2021_LOPAC_01,null,null,N6-Cyclohexyladenosine,null,4,null,null,null,24.692,0,null,null,null,null,null,null,null,null,null,0,null,null,28.831,4.139,90.962,null,null,null,null,null,null,null,null,null,null,SZBULDQSDUXAPJ,null,TRND,wUSdxVoApmydTLuYgy,null,null,null,null,null,null,null,null,null,null,null,null,null,0,4,null,null,null,173030,null,1,1,2025-06-17 15:22:09,null,null,null,null,null,null,null,364780939,activity,null,HTS,null,28.831,4.139,5.739,7.694,null,null,null,null,null,null,null,null,null,null,null,null,null,null,null,null,null,null,null,null,null,278937507
TRND-Glioblastoma_LOPAC_A172-primary_screen2,NCGC00015924-27,activity,null,4,-12,2.366,CNCC(O)C1=CC=C(O)C=C1,null,null,null,null,null,S0752,SIGMA,2021_LOPAC_01,null,null,(±)-Synephrine,null,4,null,null,null,13.81,2,1.967,0.453,0.849,null,null,null,null,null,null,14,null,null,16.176,2.366,48.113,54.222,null,null,null,null,null,null,null,null,null,YRCWQPVGYLYSOX,null,TRND,nipzFJYhuApoguOGwS,null,null,null,null,null,null,null,null,null,94-07-5,null,null,null,0,4,0,null,null,173030,0 0 0 0,1,1,2025-06-17 15:22:09,null,null,null,null,null,null,null,364782927,activity,null,HTS,null,11.15,16.176,6.608,2.366,null,null,null,null,null,null,null,null,null,null,null,null,null,null,null,null,null,null,null,null,null,278937508
TRND-Glioblastoma_LOPAC_A172-primary_screen2,NCGC00015996-20,activity,null,4,-15,20.912,CCN(CC)CCNC(=O)C1=C(OC)C=CC(=C1)[S+](C)([O-])=O,null,null,null,null,null,T0410,SIGMA,2021_LOPAC_01,null,null,Tiapride hydrochloride,null,4,null,null,null,15.455,6,4.955,1,0.849,null,null,null,null,null,null,21,null,null,24.155,8.7,77.823,82.338,null,null,null,null,null,null,null,null,null,AKZVTKXPYIXQSF,null,TRND,GEhCXRrCbmHcwuHSgZ,null,null,null,null,CL,null,null,null,null,51012-33-0,null,null,null,0,4,1,null,null,173030,0 0 0 1,1,1,2025-06-17 15:22:09,null,null,null,null,null,null,null,364780667,activity,null,HTS,null,18.12,24.155,8.7,20.912,null,null,null,null,null,null,null,null,null,null,null,null,null,null,null,null,null,null,null,null,null,278937509
TRND-Glioblastoma_LOPAC_A172-primary_screen2,NCGC00015720-13,activity,null,4,-18.385,-11.154,OC1=C(C=C(C=C1)C(F)(F)F)N2C(=O)NC3=C2C=CC(=C3)C(F)(F)F,null,null,null,null,null,N170,SIGMA,2021_LOPAC_01,null,null,NS-1619,null,4,null,null,null,18.56,-13.385,4.955,0.318,0.932,null,null,null,null,null,null,5,null,null,7.406,-11.154,19.852,14.984,null,null,null,null,null,null,null,null,null,YLFMCMWKHSDUCT,null,TRND,BMRFXhblTboptrGuaD,null,null,null,null,null,null,null,null,null,null,null,null,null,0,4,0,null,null,173030,0 0 0 0,1,1,2025-06-17 15:22:09,null,null,null,null,null,null,null,364781279,activity,null,HTS,null,7.406,2.128,5.255,-11.154,null,null,null,null,null,null,null,null,null,null,null,null,null,null,null,null,null,null,null,null,null,278937510
TRND-Glioblastoma_LOPAC_A172-primary_screen2,NCGC00015318-11,activity,null,4,0,-1.775,COC1=CC=CC(OC)=C1OCCNCC2COC3=C(O2)C=CC=C3,null,null,null,null,null,D0411,SIGMA,2021_LOPAC_01,null,null,WB-4101 hydrochloride,null,4,null,null,null,7.834,0,null,null,null,null,null,null,null,null,null,0,null,null,6.059,-1.775,19.842,null,null,null,null,null,null,null,null,null,null,GYSZUJHYXCZAKI,null,TRND,vMsmqOxDvHEqHFEdcf,null,null,null,null,CL,null,null,null,null,null,null,null,null,0,4,null,null,null,173030,null,1,1,2025-06-17 15:22:09,null,null,null,null,null,null,null,364780843,activity,null,HTS,null,6.059,3.457,2.211,-1.775,null,null,null,null,null,null,null,null,null,null,null,null,null,null,null,null,null,null,null,null,null,278937511
TRND-Glioblastoma_LOPAC_A172-primary_screen2,NCGC00690014-01,activity,2.238721,-1.1,-115.533,-97.011,N=C(NC1=CC=C(OCCCCCOC2=CC=C(NC(=N)C3=CC=CC=C3)C=C2)C=C1)C4=CC=CC=C4,null,null,null,null,null,SML2185,SIGMA,2021_LOPAC_01,-5.65,null,PA-6,null,-1.1,null,null,null,114.263,-99.533,2.787,0.045,0.999,null,null,null,null,null,null,16,null,null,17.253,-97.011,-74.812,-78.809,null,null,null,null,null,null,null,null,null,PETGITKEGWIZEL,null,TRND,voLuhPDlCLUHbmUKlC,null,null,null,null,null,null,null,null,null,null,null,null,null,0,4,0,null,null,173030,0 0 0 0,1,1,2025-06-17 15:22:09,null,null,null,null,null,null,null,364784579,activity,null,HTS,2.246277,17.253,-6.093,-96.434,-97.011,null,null,null,null,null,null,null,null,null,null,null,null,null,null,null,null,null,null,null,null,null,278937512
TRND-Glioblastoma_LOPAC_A172-primary_screen2,NCGC00185998-05,activity,null,4,-28.26,-5.216,NC(=O)C1=[N+]([O-])C2=CC(=CC(=C2S1)[N+]([O-])=O)C#N,null,null,null,null,null,B6311,SIGMA,2021_LOPAC_01,null,null,BTO-1,null,4,null,null,null,24.295,-9.76,1.272,0.099,0.994,null,null,null,null,null,null,18.5,null,null,19.078,-5.216,65.906,63.826,null,null,null,null,null,null,null,null,null,FKRBAXZAJBBIAJ,null,TRND,lkHUZhruqZblmEJWTR,null,null,null,null,null,null,null,null,null,null,null,null,null,0,4,0,null,null,173030,0 0 0 0,1,1,2025-06-17 15:22:09,null,null,null,null,null,null,null,364781879,activity,null,HTS,null,19.078,15.126,7.339,-5.216,null,null,null,null,null,null,null,null,null,null,null,null,null,null,null,null,null,null,null,null,null,278937513
TRND-Glioblastoma_LOPAC_A172-primary_screen2,NCGC00510315-04,activity,null,4,0,11.645,OC(=O)C1=CN(C2CC2)C3=C(C#N)C(N4C[C@@H]5NCCO[C@H]5C4)=C(F)C=C3C1=O,null,null,null,null,null,SML2134,SIGMA,2021_LOPAC_01,null,null,Finafloxacin,null,4,null,null,null,15.644,0,null,null,null,null,null,null,null,null,null,0,null,null,18.811,3.167,64.928,null,null,null,null,null,null,null,null,null,null,FYMHQCNFKNMJAV,null,TRND,WxJKwaSPwPJwVIPXGV,null,null,null,null,null,null,null,null,null,209342-40-5,null,null,null,0,4,null,null,null,173030,null,1,1,2025-06-17 15:22:09,null,null,null,null,null,null,null,364782539,activity,null,HTS,null,15.653,3.167,18.811,11.645,null,null,null,null,null,null,null,null,null,null,null,null,null,null,null,null,null,null,null,null,null,278937514
TRND-Glioblastoma_LOPAC_A172-primary_screen2,NCGC00016051-06,activity,null,4,0,1.176,N\C(C=C(C#N)C#N)=C(/C#N)C1=CC(O)=C(O)C(O)=C1,null,null,null,null,null,T7665,SIGMA,2021_LOPAC_01,null,null,Tyrphostin 51,null,4,null,null,null,7.579,0,null,null,null,null,null,null,null,null,null,0,null,null,8.755,1.176,32.99,null,null,null,null,null,null,null,null,null,null,AURCEVGZZLSFSU,null,TRND,OHQFgtCjrkTJJxCubt,null,null,null,null,null,null,null,null,null,null,null,null,null,0,4,null,null,null,173030,null,1,1,2025-06-17 15:22:09,null,null,null,null,null,null,null,364782707,activity,null,HTS,null,7.97,5.914,8.755,1.176,null,null,null,null,null,null,null,null,null,null,null,null,null,null,null,null,null,null,null,null,null,278937515
TRND-Glioblastoma_LOPAC_A172-primary_screen2,NCGC00016008-08,activity,null,4,0,4.562,CC[N+](CC)(CC)CC,null,null,null,null,null,T2265,SIGMA,2021_LOPAC_01,null,null,Tetraethylammonium chloride,null,4,null,null,null,2.429,0,null,null,null,null,null,null,null,null,null,0,null,null,5.55,3.122,20.561,null,null,null,null,null,null,null,null,null,null,CBXCPBUEXACCNR,null,TRND,UkCbusRoSxleSUGyGu,null,null,null,null,CL,null,null,null,null,56-34-8,null,null,null,0,4,null,null,null,173030,null,1,1,2025-06-17 15:22:09,null,null,null,null,null,null,null,364784519,activity,null,HTS,null,4.36,5.55,3.122,4.562,null,null,null,null,null,null,null,null,null,null,null,null,null,null,null,null,null,null,null,null,null,278937516
TRND-Glioblastoma_LOPAC_A172-primary_screen2,NCGC00386340-04,activity,2.238721,-1.2,-73.988,-63.964,COC1=CC=CC=C1C2=NC=NC(NC3=CC(C[S+](N)([O-])=O)=CC=C3)=C2,null,null,null,null,null,SML2179,SIGMA,2021_LOPAC_01,-5.65,null,LDC000067 hydrochloride,null,-1.2,null,null,null,74.111,-65.488,4.449,0.039,0.999,null,null,null,null,null,null,8.5,null,null,7.894,-66.218,-56.443,-54.949,null,null,null,null,null,null,null,null,null,ZUITYGSUWNWGLE,null,TRND,mnsTdvUdBFiMFrRIMi,null,null,null,null,CL,null,null,null,null,null,null,null,null,0,4,0,null,null,173030,0 0 0 0,1,1,2025-06-17 15:22:09,null,null,null,null,null,null,null,364785139,activity,null,HTS,2.913332,7.894,2.262,-66.218,-63.964,null,null,null,null,null,null,null,null,null,null,null,null,null,null,null,null,null,null,null,null,null,278937517
TRND-Glioblastoma_LOPAC_A172-primary_screen2,NCGC00015120-07,activity,null,4,-18.826,-6.522,COC1=CC=CC(OC)=C1OCCNCC2CSC3=C(O2)C=CC=C3,null,null,null,null,null,B016,SIGMA,2021_LOPAC_01,null,null,Benoxathian hydrochloride,null,4,null,null,null,19.519,-6.826,4.095,0.096,0.994,null,null,null,null,null,null,12,null,null,12.997,-6.522,48.141,45.761,null,null,null,null,null,null,null,null,null,QAUVAHYHKLRJCQ,null,TRND,vMsmqOAhYhmifAuxAG,null,null,null,null,CL,null,null,null,null,null,null,null,null,0,4,0,null,null,173030,0 0 0 0,1,1,2025-06-17 15:22:09,null,null,null,null,null,null,null,364784355,activity,null,HTS,null,12.997,11.333,10.84,-6.522,null,null,null,null,null,null,null,null,null,null,null,null,null,null,null,null,null,null,null,null,null,278937518
TRND-Glioblastoma_LOPAC_A172-primary_screen2,NCGC00389591-09,activity,11.220185,-2.1,-133.587,-98.627,CN1C2=CC3=CC=CC=C3C=C2C(=O)N(C)C4=C(C)N=C(NC5=CN(N=C5)C6CCNCC6)N=C14,null,null,null,null,null,SML1446,SIGMA,2021_LOPAC_01,-4.95,null,HTH-01-015 ,null,-2.1,null,null,null,109.376,-123.087,1.344,0.043,0.999,null,null,null,null,null,null,10.5,null,null,10.749,-98.627,-43.66,-46.144,null,null,null,null,null,null,null,null,null,CHSDJDLAKKAWCI,null,TRND,aHePrqLrWpNUaQFFqY,null,null,null,null,null,null,null,null,null,null,null,null,null,0,4,0,null,null,173030,0 0 0 0,1,1,2025-06-17 15:22:09,null,null,null,null,null,null,null,364784247,activity,null,HTS,8.458733,10.749,1.305,-32.253,-98.627,null,null,null,null,null,null,null,null,null,null,null,null,null,null,null,null,null,null,null,null,null,278937519
TRND-Glioblastoma_LOPAC_A172-primary_screen2,NCGC00015841-22,activity,null,4,14.059,5.948,CN(CC#C)CC1=CC=CC=C1,null,null,null,null,null,P8013,SIGMA,2021_LOPAC_01,null,null,Pargyline hydrochloride,null,4,null,null,null,14.747,7.5,4.955,0.427,0.868,null,null,null,null,null,null,-6.559,null,null,5.948,-8.799,-17.021,-24.311,null,null,null,null,null,null,null,null,null,DPWPWRLQFGFJFI,null,TRND,UfYeiXdHJzDIHYMwIr,null,null,null,null,CL,null,null,null,null,306-07-0,null,null,null,0,4,0,null,null,173030,0 0 0 0,1,1,2025-06-17 15:22:09,null,null,null,null,null,null,null,364784151,activity,null,HTS,null,-3.141,-8.799,-7.552,5.948,null,null,null,null,null,null,null,null,null,null,null,null,null,null,null,null,null,null,null,null,null,278937520
TRND-Glioblastoma_LOPAC_A172-primary_screen2,NCGC00185778-08,activity,null,4,0,9.974,[O-][N+](=O)C1=CC(=CC=C1C(=O)C2C(=O)CCCC2=O)C(F)(F)F,null,null,null,null,null,SML0269,SIGMA,2021_LOPAC_01,null,null,Nitisinone,null,4,null,null,null,10.226,0,null,null,null,null,null,null,null,null,null,0,null,null,9.974,-0.252,32.148,null,null,null,null,null,null,null,null,null,null,OUBCNLGXQFSTLU,null,TRND,oJVgiluNkiHyipbluy,null,4-Hydroxyphenylpyruvate Dioxygenase inhibitor,null,null,null,null,null,null,null,104206-65-7,HPD,null,null,0,4,null,null,null,173030,null,1,1,2025-06-17 15:22:09,null,null,null,null,null,null,null,364784299,activity,null,HTS,null,7.983,-0.252,7.047,9.974,null,null,null,null,null,null,null,null,null,null,null,null,null,null,null,null,null,null,null,null,null,278937521
TRND-Glioblastoma_LOPAC_A172-primary_screen2,NCGC00507757-02,activity,null,4,0,9.338,N[S+]([O-])OC1=C(Cl)C=C(NCC2=CC=CO2)C(=C1)C(O)=O,null,null,null,null,null,F4381,SIGMA,2021_LOPAC_01,null,null,Furosemide,null,4,null,null,null,6.86,0,null,null,null,null,null,null,null,null,null,0,null,null,15.258,8.398,51.046,null,null,null,null,null,null,null,null,null,null,PJALBCRHHXTHAF,null,TRND,aMyDUgfdsxmJeqPnSF,null,null,null,null,null,null,null,null,null,null,null,null,null,0,4,null,null,null,173030,null,1,1,2025-06-17 15:22:09,null,null,null,null,null,null,null,364783719,activity,null,HTS,null,10.666,8.398,15.258,9.338,null,null,null,null,null,null,null,null,null,null,null,null,null,null,null,null,null,null,null,null,null,278937522
TRND-Glioblastoma_LOPAC_A172-primary_screen2,NCGC00165910-05,activity,12.589254,-3,-103.492,-89.774,BrC1=C(Br)C(Br)=C(Br)C2=C1NC=N2,null,null,null,null,null,T6951,SIGMA,2021_LOPAC_01,-4.9,null,TBBz,null,-3,null,null,null,104.386,-90.492,4.955,0.033,0.999,null,null,null,null,null,null,13,null,null,14.612,-89.774,7.586,4.136,null,null,null,null,null,null,null,null,null,LOEIRDBRYBHAJB,null,TRND,rjLBhBoReKNnqQFwIP,null,null,null,null,null,null,null,null,null,null,null,null,null,0,4,0,null,null,173030,0 0 0 0,1,1,2025-06-17 15:22:09,null,null,null,null,null,null,null,364783483,activity,null,HTS,13.136721,14.612,11.411,8.944,-89.774,null,null,null,null,null,null,null,null,null,null,null,null,null,null,null,null,null,null,null,null,null,278937523
TRND-Glioblastoma_LOPAC_A172-primary_screen2,NCGC00484058-04,activity,null,4,-12.03,-6.275,CCCC(=O)NCCC1=CSC(=N1)C2=CC=C(Cl)C=C2,null,null,null,null,null,SML1560,SIGMA,2021_LOPAC_01,null,null,Azoramide,null,4,null,null,null,11.697,-7.03,1.967,0.15,0.986,null,null,null,null,null,null,5,null,null,5.422,-6.275,11.941,13.143,null,null,null,null,null,null,null,null,null,VYBFWKKCWTXCQX,null,TRND,BRnWnqFXyvGKWrxVRQ,null,null,null,null,null,null,null,null,null,null,null,null,null,0,4,0,null,null,173030,0 0 0 0,1,1,2025-06-17 15:22:09,null,null,null,null,null,null,null,364780179,activity,null,HTS,null,4.318,5.422,-0.761,-6.275,null,null,null,null,null,null,null,null,null,null,null,null,null,null,null,null,null,null,null,null,null,278937524
TRND-Glioblastoma_LOPAC_A172-primary_screen2,NCGC00024691-08,activity,null,4,-13.509,-0.424,CC1=C(O)C(C=O)=C(COP([O-])([O-])=O)C(=N1)\N=N\C2=C(C=C(C=C2)S([O-])(=O)=O)S([O-])(=O)=O,null,null,null,null,null,P178,SIGMA,2021_LOPAC_01,null,null,PPADS,null,4,null,null,null,15.106,-0.509,4.504,0.23,0.966,null,null,null,null,null,null,13,null,null,14.682,-0.424,57.245,53.562,null,null,null,null,null,null,null,null,null,PNFZSRRRZNXSMF,null,TRND,SIrAgsPzvqURgZfxCR,null,null,null,null,SODIUM,null,null,null,null,null,null,null,null,0,4,0,null,null,173030,0 0 0 0,1,1,2025-06-17 15:22:09,null,null,null,null,null,null,null,364781051,activity,null,HTS,null,14.682,11.629,12.292,-0.424,null,null,null,null,null,null,null,null,null,null,null,null,null,null,null,null,null,null,null,null,null,278937525
TRND-Glioblastoma_LOPAC_A172-primary_screen2,NCGC00370844-04,activity,null,4,0,12.895,COC1=C(CN[C@H]2CCCN[C@H]2C3=CC=CC=C3)C=CC=C1,null,null,null,null,null,SML0752,SIGMA,2021_LOPAC_01,null,null,(+)-CP-99994 dihydrochloride,null,4,null,null,null,5.024,0,null,null,null,null,null,null,null,null,null,0,null,null,12.895,7.871,45.109,null,null,null,null,null,null,null,null,null,null,DTQNEFOKTXXQKV,null,TRND,mNSIUEohnoHTIkXQeJ,null,null,null,null,CL,null,null,null,null,null,null,null,null,0,4,null,null,null,173030,null,1,1,2025-06-17 15:22:09,null,null,null,null,null,null,null,364781027,activity,null,HTS,null,9.521,7.871,9.165,12.895,null,null,null,null,null,null,null,null,null,null,null,null,null,null,null,null,null,null,null,null,null,278937526
TRND-Glioblastoma_LOPAC_A172-primary_screen2,NCGC00402264-05,activity,null,4,0,12.48,CC1=CC=C(S1)[S+]([O-])(=O)NC2=C(C=CC=C2)N3CCCCC3,null,null,null,null,null,SML1509,SIGMA,2021_LOPAC_01,null,null,MK6-83,null,4,null,null,null,8.794,0,null,null,null,null,null,null,null,null,null,0,null,null,18.405,9.611,77.211,null,null,null,null,null,null,null,null,null,null,CFKJIIXWLNTOPK,null,TRND,LGxJokXdtMCKatriDj,null,null,null,null,null,null,null,null,null,null,null,null,null,0,4,null,null,null,173030,null,1,1,2025-06-17 15:22:09,null,null,null,null,null,null,null,364783091,activity,null,HTS,null,18.405,18.392,9.611,12.48,null,null,null,null,null,null,null,null,null,null,null,null,null,null,null,null,null,null,null,null,null,278937527
TRND-Glioblastoma_LOPAC_A172-primary_screen2,NCGC00379202-11,activity,null,4,-18.482,-4.985,O=C(NC1=C(C=CC=C1)C(=O)NC2CCCCNC2=O)C3=CC4=C(S3)C=CC=C4,null,null,null,null,null,SML0209,SIGMA,2021_LOPAC_01,null,null,ANA-12,null,4,null,null,null,18.655,-4.982,2.406,0.025,1,null,null,null,null,null,null,13.5,null,null,13.67,-4.985,39.279,38.507,null,null,null,null,null,null,null,null,null,TUSCYCAIGRVBMD,null,TRND,APVKmqHfirXyAMoZUX,null,null,null,null,null,null,null,null,null,null,null,null,null,0,4,0,null,null,173030,0 0 0 0,1,1,2025-06-17 15:22:09,null,null,null,null,null,null,null,364783647,activity,null,HTS,null,13.67,9.511,-3.836,-4.985,null,null,null,null,null,null,null,null,null,null,null,null,null,null,null,null,null,null,null,null,null,278937528
TRND-Glioblastoma_LOPAC_A172-primary_screen2,NCGC00347064-08,activity,3.548134,-1.3,-111.441,-95.678,COC1=C2N=C(N=C(NCC3=CC=CC=C3)C2=CC=C1)N4C(N)=NC5=C4C=CC=C5,null,null,null,null,null,SML1071,SIGMA,2021_LOPAC_01,-5.45,null,ML240,null,-1.1,null,null,null,115.818,-97.441,4.955,0.115,0.992,null,null,null,null,null,null,14,null,null,20.14,-95.678,-81.804,-68.054,null,null,null,null,null,null,null,null,null,NHAMBLRUUJAFOY,null,TRND,pKfIXSCUwwuamwhzTM,null,Valosin-containing protein (VCP) p97 / Transitional endoplasmic reticulum ATPase inhibitor,null,null,null,null,null,null,null,null,VCP,null,null,0,4,0,null,null,173030,0 0 0 0,1,1,2025-06-17 15:22:09,null,null,null,null,null,null,null,364782583,activity,null,HTS,3.585954,7.443,20.14,-94.718,-95.678,null,null,null,null,null,null,null,null,null,null,null,null,null,null,null,null,null,null,null,null,null,278937529
TRND-Glioblastoma_LOPAC_A172-primary_screen2,NCGC00021394-09,activity,null,4,24,10.171,CCCC(CCC)C(=O)OC1C[C@@H]2CC[C@H](C1)[N+]2(C)C,null,null,null,null,null,A5181,SIGMA,2021_LOPAC_01,null,null,Anisotropine methyl bromide,null,4,null,null,null,18.238,23,4.955,1,0.969,null,null,null,null,null,null,-1,null,null,24.506,6.268,60.401,61.564,null,null,null,null,null,null,null,null,null,XGGHHHBGPSNXFE,null,TRND,xtcknNtIDzBUFjsZhn,null,null,null,null,BR,null,null,null,null,[NO STEREO] 80-50-2,null,null,null,0,4,1,null,null,173030,0 0 0 1,1,1,2025-06-17 15:22:09,null,null,null,null,null,null,null,364780275,activity,null,HTS,null,6.268,24.506,21.129,10.171,null,null,null,null,null,null,null,null,null,null,null,null,null,null,null,null,null,null,null,null,null,278938040
TRND-Glioblastoma_LOPAC_A172-primary_screen2,NCGC00023654-28,activity,null,4,-13.416,6.363,C[C@H](CS)C(=O)N1CCC[C@H]1C(O)=O,null,null,null,null,null,C4042,SIGMA,2021_LOPAC_01,null,null,Captopril,null,4,null,null,null,19.111,-0.916,4.955,1,0.38,null,null,null,null,null,null,12.5,null,null,10.015,-9.097,30.19,25.629,null,null,null,null,null,null,null,null,null,FAKRSMQSSFJEIM,null,TRND,KcuzsleLlqOLbtLFTf,null,null,null,null,null,null,null,null,null,62571-86-2,null,null,null,0,4,1,null,null,173030,0 0 0 1,1,1,2025-06-17 15:22:09,null,null,null,null,null,null,null,364784315,activity,null,HTS,null,10.015,-9.097,7.147,6.363,null,null,null,null,null,null,null,null,null,null,null,null,null,null,null,null,null,null,null,null,null,278938041
TRND-Glioblastoma_LOPAC_A172-primary_screen2,NCGC00185996-04,activity,null,4,-10,11.692,CN1CC(C2=C(C1)SC=C2)C3=CC=C(O)C(O)=C3,null,null,null,null,null,S3316,SIGMA,2021_LOPAC_01,null,null,SKF-89145 hydrobromide,null,4,null,null,null,14.628,8,4.955,0.556,0.745,null,null,null,null,null,null,18,null,null,19.986,5.357,68.277,72.263,null,null,null,null,null,null,null,null,null,SYHALWYYSDMSLE,null,TRND,iUcckODSErpQHaAJwM,null,null,null,null,BR,null,null,null,null,null,null,null,null,0,4,0,null,null,173030,0 0 0 0,1,1,2025-06-17 15:22:09,null,null,null,null,null,null,null,364780895,activity,null,HTS,null,16.005,19.986,5.357,11.692,null,null,null,null,null,null,null,null,null,null,null,null,null,null,null,null,null,null,null,null,null,278938042
TRND-Glioblastoma_LOPAC_A172-primary_screen2,NCGC00015049-30,activity,null,4,0,0.586,OC1=CC=C(C=C1)C2=CC(=O)C3=C(O2)C=C(O)C=C3O,null,null,null,null,null,A3145,SIGMA,2021_LOPAC_01,null,null,Apigenin,null,4,null,null,null,7.192,0,null,null,null,null,null,null,null,null,null,0,null,null,6.839,-0.353,22.874,null,null,null,null,null,null,null,null,null,null,KZNIFHPLKGYRTM,null,TRND,xcumTgOwTXcMdVUiIS,null,Ornithine Decarboxylase inhibitor,null,null,null,null,null,null,null,520-36-5,ODC1,null,null,0,4,null,null,null,173030,null,1,1,2025-06-17 15:22:09,null,null,null,null,null,null,null,364784035,activity,null,HTS,null,6.839,-0.353,5.482,0.586,null,null,null,null,null,null,null,null,null,null,null,null,null,null,null,null,null,null,null,null,null,278938043
TRND-Glioblastoma_LOPAC_A172-primary_screen2,NCGC00024716-10,activity,5.011872,-2.4,-26.5,2.172,N[C@@H](CCCNC(=N)N[N+]([O-])=O)C(O)=O,null,null,null,null,null,N5501,SIGMA,2021_LOPAC_01,-5.3,null,NG-Nitro-L-arginine,null,4,null,null,null,25.98,1.5,1.885,0.027,1,null,null,null,null,null,null,28,null,null,28.152,2.172,105.1,104.624,null,null,null,null,null,null,null,null,null,MRAUNPAHJZDYCK,null,TRND,vpCzBLcaBMlgbDLbnq,null,null,null,null,null,null,null,null,null,2149-70-4,null,null,null,0,4,0,null,null,173030,0 0 0 0,1,1,2025-06-17 15:22:09,null,null,null,null,null,null,null,364781367,activity,null,HTS,null,28.152,26.06,10.895,2.172,null,null,null,null,null,null,null,null,null,null,null,null,null,null,null,null,null,null,null,null,null,278938044
TRND-Glioblastoma_LOPAC_A172-primary_screen2,NCGC00178860-13,activity,null,4,10.599,-6.086,CCN(CC)C(C)CN1c2ccccc2Sc3ccccc13,null,null,null,null,null,E5406,SIGMA,2021_LOPAC_01,null,null,Ethopropazine hydrochloride,null,4,null,null,null,12.764,6,4.955,1,0.981,null,null,null,null,null,null,-4.599,null,null,6.678,-6.086,1.537,2.332,null,null,null,null,null,null,null,null,null,CDOZDBSBBXSXLB,null,TRND,IvtJudEFuNgGRNhjpR,null,null,null,null,CL,null,null,null,null,1094-08-2,null,null,null,0,4,1,null,null,173030,0 0 0 1,1,1,2025-06-17 15:22:09,null,null,null,null,null,null,null,364785123,activity,null,HTS,null,-3.416,6.678,5.183,-6.086,null,null,null,null,null,null,null,null,null,null,null,null,null,null,null,null,null,null,null,null,null,278938045
TRND-Glioblastoma_LOPAC_A172-primary_screen2,NCGC00487158-03,activity,null,4,-18.412,11.396,CCOC(=O)CN1C(=O)C2=CC=C3C(=O)N(CC(=O)OCC)C(=O)C4=C3C2=C(C=C4)C1=O,null,null,null,null,null,B7688,SIGMA,2021_LOPAC_01,null,null,Tyrphostin AG 538,null,4,null,null,null,17.994,-3.412,4.955,1,1,null,null,null,null,null,null,15,null,null,14.734,-3.26,37.03,37.511,null,null,null,null,null,null,null,null,null,WNKQGFNIIHNGQM,null,TRND,JyqFbUZGUDwjwCRBse,null,null,null,null,null,null,null,null,null,null,null,null,null,0,4,1,null,null,173030,0 0 0 1,1,1,2025-06-17 15:22:09,null,null,null,null,null,null,null,364784623,activity,null,HTS,null,14.734,0.189,-3.26,11.396,null,null,null,null,null,null,null,null,null,null,null,null,null,null,null,null,null,null,null,null,null,278938046
TRND-Glioblastoma_LOPAC_A172-primary_screen2,NCGC00162380-10,activity,8.912509,-2.2,-59.503,-26.329,NC1=NC=NC2=C1C(NC3=CC=C(F)C=C3)=NN2,null,null,null,null,null,C0993,SIGMA,2021_LOPAC_01,-5.05,null,Wiskostatin,null,4,null,null,null,49.085,-36.003,1.222,0.043,0.999,null,null,null,null,null,null,23.5,null,null,22.756,-26.329,61.105,61.245,null,null,null,null,null,null,null,null,null,UQPMANVRZYYQMD,null,TRND,JufXVhKvgBNtjufFUj,null,null,null,null,null,null,null,null,null,null,null,null,null,0,4,0,null,null,173030,0 0 0 0,1,1,2025-06-17 15:22:09,null,null,null,null,null,null,null,364783903,activity,null,HTS,null,22.756,17.165,-0.286,-26.329,null,null,null,null,null,null,null,null,null,null,null,null,null,null,null,null,null,null,null,null,null,278938047
TRND-Glioblastoma_LOPAC_A172-primary_screen2,NCGC00142615-29,activity,null,4,11.423,8.602,CNC[C@H](O)C1=CC=C(O)C(O)=C1,null,null,null,null,null,E4375,SIGMA,2021_LOPAC_01,null,null,(-)-Epinephrine bitartrate,null,4,null,null,null,11.037,7.5,4.955,0.27,0.953,null,null,null,null,null,null,-3.923,null,null,8.602,-2.436,7.335,7.37,null,null,null,null,null,null,null,null,null,UCTWMZQNUQWSLP,null,TRND,XlLWpCVRFTHgeLAqFq,null,Alpha-1A Adrenergic Receptor agonist,null,null,TARTRATE,null,null,null,null,51-43-4,ADRA1A,null,null,0,4,0,null,null,173030,0 0 0 0,1,1,2025-06-17 15:22:09,null,null,null,null,null,null,null,364781755,activity,null,HTS,null,-2.436,7.737,5.957,8.602,null,null,null,null,null,null,null,null,null,null,null,null,null,null,null,null,null,null,null,null,null,278938048
TRND-Glioblastoma_LOPAC_A172-primary_screen2,NCGC00015951-14,activity,null,4,-19,0.765,C\N=C1\SN(C(=N1)C2=CC=CC=C2)C3=CC=CC=C3,null,null,null,null,null,S4063,SIGMA,2021_LOPAC_01,null,null,SCH-202676 hydrobromide,null,4,null,null,null,15.643,2,1.21,0.487,0.819,null,null,null,null,null,null,21,null,null,16.408,0.765,53.219,49.083,null,null,null,null,null,null,null,null,null,FFUBTEITUNMMOK,null,TRND,ySNvAiShicauPJVJbq,null,null,null,null,BR,null,null,null,null,null,null,null,null,0,4,0,null,null,173030,0 0 0 0,1,1,2025-06-17 15:22:09,null,null,null,null,null,null,null,364782339,activity,null,HTS,null,16.408,3.838,6.576,0.765,null,null,null,null,null,null,null,null,null,null,null,null,null,null,null,null,null,null,null,null,null,278938049
TRND-Glioblastoma_LOPAC_A172-primary_screen2,NCGC00024486-09,activity,null,4,8.5,16.598,N[C@@H]([C@H](O)C(O)=O)C(O)=O,null,null,null,null,null,H2775,SIGMA,2021_LOPAC_01,null,null,DL-threo-beta-hydroxyaspartic acid,null,4,null,null,null,11.509,17.5,4.955,0.549,0.754,null,null,null,null,null,null,9,null,null,17.715,6.206,59.652,52.499,null,null,null,null,null,null,null,null,null,YYLQUHNPNCGKJQ,null,TRND,pcdSiftHgIuqupxOeW,null,null,null,null,null,null,null,null,null,7298-99-9,null,null,null,0,4,0,null,null,173030,0 0 0 0,1,1,2025-06-17 15:22:09,null,null,null,null,null,null,null,364780515,activity,null,HTS,null,12.324,6.206,17.715,16.598,null,null,null,null,null,null,null,null,null,null,null,null,null,null,null,null,null,null,null,null,null,278938050
TRND-Glioblastoma_LOPAC_A172-primary_screen2,NCGC00095191-18,activity,null,4,-20.852,-4.044,CCOC(=O)C1=C[C@@H](OC(CC)CC)[C@H](NC(C)=O)[C@@H](N)C1,null,null,null,null,null,SML1606,SIGMA,2021_LOPAC_01,null,null,Oseltamivir phosphate,null,4,null,null,null,18.88,-4.852,1.111,0.119,0.991,null,null,null,null,null,null,16,null,null,14.836,-4.044,44.123,41.857,null,null,null,null,null,null,null,null,null,VSZGPKBBMSAYNT,null,TRND,bdergbrkyiTvfYNHhq,null,null,null,null,PHOSPHORIC_ACID,null,null,null,null,null,null,null,null,0,4,0,null,null,173030,0 0 0 0,1,1,2025-06-17 15:22:09,null,null,null,null,null,null,null,364784283,activity,null,HTS,null,14.836,7.102,0.161,-4.044,null,null,null,null,null,null,null,null,null,null,null,null,null,null,null,null,null,null,null,null,null,278938051
TRND-Glioblastoma_LOPAC_A172-primary_screen2,NCGC00015067-28,activity,null,4,-19,12.515,CC(=O)OC1=C(C=CC=C1)C(O)=O,null,null,null,null,null,A5376,SIGMA,2021_LOPAC_01,null,null,Acetylsalicylic acid,null,4,null,null,null,11.195,4.5,2.044,0.081,0.996,null,null,null,null,null,null,23.5,null,null,23.71,12.515,102.687,103.895,null,null,null,null,null,null,null,null,null,BSYNRYMUTXBXSQ,null,TRND,PtUciJEeBoelWkcMGZ,null,null,null,null,null,null,null,null,null,50-78-2,null,null,null,0,4,0,null,null,173030,0 0 0 0,1,1,2025-06-17 15:22:09,null,null,null,null,null,null,null,364782167,activity,null,HTS,null,22.98,23.71,22.546,12.515,null,null,null,null,null,null,null,null,null,null,null,null,null,null,null,null,null,null,null,null,null,278938052
TRND-Glioblastoma_LOPAC_A172-primary_screen2,NCGC00015817-31,activity,null,4,-28.5,3.162,CC(CN1C2=C(SC3=C1C=CC=C3)C=CC=C2)N(C)C,null,null,null,null,null,P4651,SIGMA,2021_LOPAC_01,null,null,Promethazine hydrochloride,null,4,null,null,null,21.087,3.5,0.8,0.387,0.895,null,null,null,null,null,null,32,null,null,24.249,3.162,84.812,81.677,null,null,null,null,null,null,null,null,null,PWWVAXIEGOYWEE,null,TRND,QvUmDEYMiAfBZsvANX,null,null,null,null,CL,null,null,null,null,58-33-3,null,null,null,0,4,0,null,null,173030,0 0 0 0,1,1,2025-06-17 15:22:09,null,null,null,null,null,null,null,364781391,activity,null,HTS,null,24.249,11.541,11.14,3.162,null,null,null,null,null,null,null,null,null,null,null,null,null,null,null,null,null,null,null,null,null,278938053
TRND-Glioblastoma_LOPAC_A172-primary_screen2,NCGC00161602-26,activity,null,4,-14.781,-8.984,[H][C@@]12[C@@H](C)C3=CC=CC(O)=C3C(=O)C1=C(O)[C@]4(O)C(=O)C(C(N)=O)=C(O)[C@@H](N(C)C)[C@]4([H])[C@H]2O,null,null,null,null,null,D9891,SIGMA,2021_LOPAC_01,null,null,Doxycycline hydrochloride,null,4,null,null,null,17.768,-11.781,4.955,0.609,0.668,null,null,null,null,null,null,3,null,null,8.784,-8.984,-1.43,7.853,null,null,null,null,null,null,null,null,null,JBIWCJUYHHGXTC,null,TRND,kIMZJIthEKyANltJkV,null,Antibiotic,null,null,HYCLATE,null,null,null,null,24390-14-5,mir-96,null,null,0,4,0,null,null,173030,0 0 0 0,1,1,2025-06-17 15:22:09,null,null,null,null,null,null,null,364780211,activity,null,HTS,null,-1.664,2.531,8.784,-8.984,null,null,null,null,null,null,null,null,null,null,null,null,null,null,null,null,null,null,null,null,null,278938054
TRND-Glioblastoma_LOPAC_A172-primary_screen2,NCGC00384183-08,activity,12.589254,-3,-45.574,-36.55,CCOC(=O)C1=CC=C(C=C1)C2=CC=C(OC(=O)N(C)CC3=CC=CC(=C3)C4=CC=NC=C4)C=C2,null,null,null,null,null,SML1179,SIGMA,2021_LOPAC_01,-4.9,null,WWL113,null,-3,null,null,null,45.714,-37.074,4.504,0.04,0.999,null,null,null,null,null,null,8.5,null,null,9.164,-36.55,12.192,14.554,null,null,null,null,null,null,null,null,null,AKIIPHDGVCFVCC,null,TRND,fYbrtrnJyLqNVelNYV,null,null,null,null,null,null,null,null,null,null,null,null,null,0,4,0,null,null,173030,0 0 0 0,1,1,2025-06-17 15:22:09,null,null,null,null,null,null,null,364781175,activity,null,HTS,null,7.583,9.164,5.659,-36.55,null,null,null,null,null,null,null,null,null,null,null,null,null,null,null,null,null,null,null,null,null,278938055
TRND-Glioblastoma_LOPAC_A172-primary_screen2,NCGC00162358-16,activity,11.220185,-3,-51.129,-40.192,N[S+]([O-])(=O)C#CC1=CC=CC=C1,null,null,null,null,null,P0122,SIGMA,2021_LOPAC_01,-4.95,null,Pifithrin-mu,null,-3,null,null,null,52.021,-43.129,2.638,0.158,0.984,null,null,null,null,null,null,8,null,null,11.829,-40.192,13.206,4.789,null,null,null,null,null,null,null,null,null,ZROKVBGRTWQREO,null,TRND,TQczFTpoKWpjgSdDRy,null,null,null,null,null,null,null,null,null,null,null,null,null,0,4,0,null,null,173030,0 0 0 0,1,1,2025-06-17 15:22:09,null,null,null,null,null,null,null,364783319,activity,null,HTS,null,11.829,4.565,-2.407,-40.192,null,null,null,null,null,null,null,null,null,null,null,null,null,null,null,null,null,null,null,null,null,278938056
TRND-Glioblastoma_LOPAC_A172-primary_screen2,NCGC00016431-12,activity,null,4,0,10.261,CC(=O)OC1=C(C=CC(=C1)C(F)(F)F)C(O)=O,null,null,null,null,null,T6580,SIGMA,2021_LOPAC_01,null,null,Triflusal,null,4,null,null,null,3.362,0,null,null,null,null,null,null,null,null,null,0,null,null,11.05,7.688,41.433,null,null,null,null,null,null,null,null,null,null,RMWVZGDJPAKBDE,null,TRND,DwMMueUZrFPUTdPoLe,null,null,null,null,null,null,null,null,null,322-79-2,null,null,null,0,4,null,null,null,173030,null,1,1,2025-06-17 15:22:09,null,null,null,null,null,null,null,364783559,activity,null,HTS,null,7.688,11.05,9.983,10.261,null,null,null,null,null,null,null,null,null,null,null,null,null,null,null,null,null,null,null,null,null,278938057
TRND-Glioblastoma_LOPAC_A172-primary_screen2,NCGC00015916-10,activity,null,4,0,12.789,CCN(CC)CCOC(=O)C1=CC(Cl)=C(N)C=C1OC,null,null,null,null,null,S174,SIGMA,2021_LOPAC_01,null,null,"SDZ-205,557 hydrochloride",null,4,null,null,null,9.377,0,null,null,null,null,null,null,null,null,null,0,null,null,16.032,6.655,41.487,null,null,null,null,null,null,null,null,null,null,FFNWMBDISAYHDC,null,TRND,VzeljScsARfwbDaJgZ,null,null,null,null,CL,null,null,null,null,null,null,null,null,0,4,null,null,null,173030,null,1,1,2025-06-17 15:22:09,null,null,null,null,null,null,null,364782571,activity,null,HTS,null,6.655,16.032,7.28,12.789,null,null,null,null,null,null,null,null,null,null,null,null,null,null,null,null,null,null,null,null,null,278938058
TRND-Glioblastoma_LOPAC_A172-primary_screen2,NCGC00025079-10,activity,null,4,-13.269,-6.058,N[C@@H](CC1=CC(=CC(CP(O)(O)=O)=C1)C2=CC=CC=C2Cl)C(O)=O,null,null,null,null,null,SML0598,SIGMA,2021_LOPAC_01,null,null,SDZ 220-581 hydrochloride,null,4,null,null,null,16.257,-7.269,4.955,0.529,0.776,null,null,null,null,null,null,6,null,null,10.199,-6.058,20.93,22.051,null,null,null,null,null,null,null,null,null,VBRJFXSFCYEZMQ,null,TRND,qSRlPvaVoovcCZmIFK,null,null,null,null,CL,null,null,null,null,null,null,null,null,0,4,0,null,null,173030,0 0 0 0,1,1,2025-06-17 15:22:09,null,null,null,null,null,null,null,364780639,activity,null,HTS,null,5.53,2.34,10.199,-6.058,null,null,null,null,null,null,null,null,null,null,null,null,null,null,null,null,null,null,null,null,null,278938059
TRND-Glioblastoma_LOPAC_A172-primary_screen2,NCGC00024491-13,activity,null,4,0,-0.635,[O-][N+](=O)C1=C(C=C2NC(=O)C(=O)NC2=C1)C#N,null,null,null,null,null,C239,SIGMA,2021_LOPAC_01,null,null,CNQx disodium,null,4,null,null,null,6.897,0,null,null,null,null,null,null,null,null,null,0,null,null,-0.635,-7.532,-26.349,null,null,null,null,null,null,null,null,null,null,RPXVIAFEQBNEAX,null,TRND,xXAWBwBAXsqUlCQyYy,null,null,null,null,SODIUM,null,null,null,null,115066-14-3,null,null,null,0,4,null,null,null,173030,null,1,1,2025-06-17 15:22:09,null,null,null,null,null,null,null,364784023,activity,null,HTS,null,-7.21,-7.532,-1.064,-0.635,null,null,null,null,null,null,null,null,null,null,null,null,null,null,null,null,null,null,null,null,null,278938060
TRND-Glioblastoma_LOPAC_A172-primary_screen2,NCGC00487314-03,activity,null,4,-13,10.609,CC1=CC(NC2=CC=CC=C2C(O)=O)=CC=C1,null,null,null,null,null,SML0658,SIGMA,2021_LOPAC_01,null,null,3-MFA,null,4,null,null,null,17.668,10.5,3.132,0.574,0.721,null,null,null,null,null,null,23.5,null,null,28.276,10.609,91.709,101.063,null,null,null,null,null,null,null,null,null,JODCQKTVDXZQEP,null,TRND,sTdCZoHCUAKszZuWRn,null,null,null,null,null,null,null,null,null,null,null,null,null,0,4,0,null,null,173030,0 0 0 0,1,1,2025-06-17 15:22:09,null,null,null,null,null,null,null,364783547,activity,null,HTS,null,18.939,28.276,19.752,10.609,null,null,null,null,null,null,null,null,null,null,null,null,null,null,null,null,null,null,null,null,null,278938061
TRND-Glioblastoma_LOPAC_A172-primary_screen2,NCGC00162299-05,activity,null,4,0,12.87,CC(=O)[C@H]1CCC2C3CC=C4C[C@H](CC[C@]4(C)C3CC[C@]12C)OS([O-])(=O)=O,null,null,null,null,null,P162,SIGMA,2021_LOPAC_01,null,null,Pregnenolone sulfate sodium,null,4,null,null,null,20.403,0,null,null,null,null,null,null,null,null,null,0,null,null,22.229,1.827,82.496,null,null,null,null,null,null,null,null,null,null,DIJBBUIOWGGQOP,null,TRND,luqnRujitewQvCNTEX,null,null,null,null,SODIUM,null,null,null,null,null,null,null,null,0,4,null,null,null,173030,null,1,1,2025-06-17 15:22:09,null,null,null,null,null,null,null,364780411,activity,null,HTS,null,21.227,1.827,22.229,12.87,null,null,null,null,null,null,null,null,null,null,null,null,null,null,null,null,null,null,null,null,null,278938062
TRND-Glioblastoma_LOPAC_A172-primary_screen2,NCGC00178711-09,activity,1.995262,-1.2,-31.405,-2.838,CO\N=C\1CN(CC1CN)C2=C(F)C=C3C(=O)C(=C/N(C4CC4)C3=N2)\C(O)=O,null,null,null,null,null,SML1625,SIGMA,2021_LOPAC_01,-5.7,null,Gemifloxacin mesylate,null,4,null,null,null,29.614,-3.405,1.344,0.041,0.999,null,null,null,null,null,null,28,null,null,26.776,-2.838,85.5,83.561,null,null,null,null,null,null,null,null,null,ZRCVYEYHRGVLOC,null,TRND,yQqGyxviGEJKnpUcUQ,null,null,null,null,SULFONICACID_V1,null,null,null,null,210353-53-0,null,null,null,0,4,0,null,null,173030,0 0 0 0,1,1,2025-06-17 15:22:09,null,null,null,null,null,null,null,364781047,activity,null,HTS,null,26.776,16.429,1.72,-2.838,null,null,null,null,null,null,null,null,null,null,null,null,null,null,null,null,null,null,null,null,null,278938063
TRND-Glioblastoma_LOPAC_A172-primary_screen2,NCGC00023016-13,activity,1.995262,-1.4,-27.5,3.858,CO[C@]1(NC(=O)CSCC#N)[C@H]2SCC(CSC3=NN=NN3C)=C(N2C1=O)C([O-])=O,null,null,null,null,null,C6048,SIGMA,2021_LOPAC_01,-5.7,null,Cefmetazole sodium,null,4,null,null,null,26.7,3.5,4.955,0.043,1,null,null,null,null,null,null,31,null,null,30.221,3.521,100.941,109.755,null,null,null,null,null,null,null,null,null,SNBUBQHDYVFSQF,null,TRND,CXevQWrXmBwBdXQUtv,null,null,null,null,SODIUM,null,null,null,null,56796-39-5,null,null,null,0,4,1,null,null,173030,1 0 0 0,1,1,2025-06-17 15:22:09,null,null,null,null,null,null,null,364781823,activity,null,HTS,null,30.221,27.764,3.521,3.858,null,null,null,null,null,null,null,null,null,null,null,null,null,null,null,null,null,null,null,null,null,278938064
TRND-Glioblastoma_LOPAC_A172-primary_screen2,NCGC00024309-32,activity,null,4,0,11.834,COC1=CC=C(C=C1)[C@@H]2SC3=CC=CC=C3N(CCN(C)C)C(=O)[C@@H]2OC(C)=O,null,null,null,null,null,D2521,SIGMA,2021_LOPAC_01,null,null,Diltiazem hydrochloride,null,4,null,null,null,9.48,0,null,null,null,null,null,null,null,null,null,0,null,null,18.125,8.645,73.997,null,null,null,null,null,null,null,null,null,null,HSUGRBWQSSZJOP,null,TRND,vrtScaCGbjqjCHsHaZ,null,L-Type Calcium Channel Blocker,null,null,CL,null,null,null,null,33286-22-5,CACNA1S,null,null,0,4,null,null,null,173030,null,1,1,2025-06-17 15:22:09,null,null,null,null,null,null,null,364780235,activity,null,HTS,null,18.125,16.358,8.645,11.834,null,null,null,null,null,null,null,null,null,null,null,null,null,null,null,null,null,null,null,null,null,278938065
TRND-Glioblastoma_LOPAC_A172-primary_screen2,NCGC00015254-36,activity,null,4,-31.376,-1.98,CN1CCN(CC1)C2=NC3=C(NC4=C2C=CC=C4)C=CC(Cl)=C3,null,null,null,null,null,C6305,SIGMA,2021_LOPAC_01,null,null,Clozapine,null,4,null,null,null,34.55,-2.376,2.72,0.278,0.949,null,null,null,null,null,null,29,null,null,32.571,-1.98,102.348,111.516,null,null,null,null,null,null,null,null,null,QZUDBNBUXVUHMW,null,TRND,KqFYoadKgTmhYnSKIe,null,null,null,null,null,null,null,null,null,5786-21-0,null,null,null,0,4,0,null,null,173030,0 0 0 0,1,1,2025-06-17 15:22:09,null,null,null,null,null,null,null,364782463,activity,null,HTS,null,24.676,32.571,17.37,-1.98,null,null,null,null,null,null,null,null,null,null,null,null,null,null,null,null,null,null,null,null,null,278938066
TRND-Glioblastoma_LOPAC_A172-primary_screen2,NCGC00162185-06,activity,null,4,23.741,9.197,CN1CC[C@]2(C)C1N(C)C3=C2C=C(O)C=C3,null,null,null,null,null,E100,SIGMA,2021_LOPAC_01,null,null,(-)-Eseroline fumarate,null,4,null,null,null,16.481,13,0.5,0.548,0.753,null,null,null,null,null,null,-10.741,null,null,9.197,-7.284,-13.796,-9.738,null,null,null,null,null,null,null,null,null,HKGWQUVGHPDEBZ,null,TRND,ADaNYCoCbVoaYFRMeH,null,null,null,null,FUMARIC_ACID,null,null,null,null,null,null,null,null,0,4,0,null,null,173030,0 0 0 0,1,1,2025-06-17 15:22:09,null,null,null,null,null,null,null,364784967,activity,null,HTS,null,-7.284,2.504,-0.238,9.197,null,null,null,null,null,null,null,null,null,null,null,null,null,null,null,null,null,null,null,null,null,278938067
TRND-Glioblastoma_LOPAC_A172-primary_screen2,NCGC00370854-04,activity,null,4,0,14.421,COC1=C(C=C(Br)C=C1)[S+]([O-])(=O)NC(=O)\C=C\C2=CC=CC=C2CC3=CC4=CC=CC=C4C=C3,null,null,null,null,null,L4545,SIGMA,2021_LOPAC_01,null,null,L-798106,null,4,null,null,null,5.82,0,null,null,null,null,null,null,null,null,null,0,null,null,18.987,13.167,68.866,null,null,null,null,null,null,null,null,null,null,QEDHZDKARXPSKM,null,TRND,WHvUybxApGqovTVtPv,null,null,null,null,null,null,null,null,null,null,null,null,null,0,4,null,null,null,173030,null,1,1,2025-06-17 15:22:09,null,null,null,null,null,null,null,364782447,activity,null,HTS,null,13.983,13.167,18.987,14.421,null,null,null,null,null,null,null,null,null,null,null,null,null,null,null,null,null,null,null,null,null,278938068
TRND-Glioblastoma_LOPAC_A172-primary_screen2,NCGC00182704-10,activity,null,4,-14.51,10.818,ClC1=CC(Cl)=C(C=C1)[C@@H]2CS\C(S2)=C(\C#N)N3C=CN=C3,null,null,null,null,null,SML1595,SIGMA,2021_LOPAC_01,null,null,Luliconazole,null,4,null,null,null,13.324,-3.01,4.955,1,0.991,null,null,null,null,null,null,11.5,null,null,12.066,-1.258,36.688,37.463,null,null,null,null,null,null,null,null,null,YTAOBBFIOAEMLL,null,TRND,qSXJTVfVmvsaMNFxpc,null,null,null,null,null,null,null,null,null,187164-19-8,null,null,null,0,4,1,null,null,173030,0 0 0 1,1,1,2025-06-17 15:22:09,null,null,null,null,null,null,null,364783571,activity,null,HTS,null,10.737,12.066,-1.258,10.818,null,null,null,null,null,null,null,null,null,null,null,null,null,null,null,null,null,null,null,null,null,278938069
TRND-Glioblastoma_LOPAC_A172-primary_screen2,NCGC00015997-21,activity,null,4,-16.5,1.686,NCC[S+](O)([O-])=O,null,null,null,null,null,T0625,SIGMA,2021_LOPAC_01,null,null,Taurine,null,4,null,null,null,18.442,3.5,4.045,0.227,0.967,null,null,null,null,null,null,20,null,null,20.128,1.686,64.74,63.8,null,null,null,null,null,null,null,null,null,HYLQXTLZCLYTGA,null,TRND,VWXreUIxWZhEtYFjlD,null,Antioxidant,null,null,null,null,null,null,null,107-35-7,CAT,null,null,0,4,0,null,null,173030,0 0 0 0,1,1,2025-06-17 15:22:09,null,null,null,null,null,null,null,364781307,activity,null,HTS,null,20.128,6.144,5.291,1.686,null,null,null,null,null,null,null,null,null,null,null,null,null,null,null,null,null,null,null,null,null,278938070
TRND-Glioblastoma_LOPAC_A172-primary_screen2,NCGC00015036-34,activity,null,4,13,20.07,NC12CC3CC(CC(C3)C1)C2,null,null,null,null,null,A1260,SIGMA,2021_LOPAC_01,null,null,Amantadine hydrochloride,null,4,null,null,null,17.664,22,4.955,0.445,0.854,null,null,null,null,null,null,9,null,null,24.183,6.519,65.971,58.118,null,null,null,null,null,null,null,null,null,DKNWSYNQZKUICI,null,TRND,jrTYTfrcVeoHZNAseZ,null,Dopamine Receptor D3 agonist,null,null,CL,null,null,null,null,665-66-7,DRD3,null,null,0,4,0,null,null,173030,0 0 0 0,1,1,2025-06-17 15:22:09,null,null,null,null,null,null,null,364780183,activity,null,HTS,null,12.235,6.519,24.183,20.07,null,null,null,null,null,null,null,null,null,null,null,null,null,null,null,null,null,null,null,null,null,278938071
TRND-Glioblastoma_LOPAC_A172-primary_screen2,NCGC00242054-19,activity,null,4,19,24.957,CC1=NC(=CC=C1)C2=NNC=C2C3=NC4=C(C=C3)N=CC=C4,null,null,null,null,null,R0158,SIGMA,2021_LOPAC_01,null,null,RepSox,null,4,null,null,null,20.872,25.5,2.406,0.315,0.934,null,null,null,null,null,null,6.5,null,null,24.957,4.085,53.937,47.771,null,null,null,null,null,null,null,null,null,LBPKYPYHDKKRFS,null,TRND,GyrusXTMsyMEQFCMNn,null,TGF-beta receptor type-1 inhibitor,null,null,null,null,null,null,null,null,TGFBR1,null,null,0,4,0,null,null,173030,0 0 0 0,1,1,2025-06-17 15:22:09,null,null,null,null,null,null,null,364784455,activity,null,HTS,null,9.368,4.085,17.111,24.957,null,null,null,null,null,null,null,null,null,null,null,null,null,null,null,null,null,null,null,null,null,278938072
TRND-Glioblastoma_LOPAC_A172-primary_screen2,NCGC00015966-17,activity,null,4,0,12.394,CCN1CCCC1CNC(=O)C2=C(OC)C=CC(=C2)[S+](N)([O-])=O,null,null,null,null,null,S8010,SIGMA,2021_LOPAC_01,null,null,(±)-Sulpiride,null,4,null,null,null,9.875,0,null,null,null,null,null,null,null,null,null,0,null,null,22.269,12.394,94.76,null,null,null,null,null,null,null,null,null,null,LZSXQDDPWUOGTJ,null,TRND,cCiXecKJAJIojgUTUc,null,null,null,null,null,null,null,null,null,15676-16-1,null,null,null,0,4,null,null,null,173030,null,1,1,2025-06-17 15:22:09,null,null,null,null,null,null,null,364780451,activity,null,HTS,null,21.333,19.274,22.269,12.394,null,null,null,null,null,null,null,null,null,null,null,null,null,null,null,null,null,null,null,null,null,278938073
TRND-Glioblastoma_LOPAC_A172-primary_screen2,NCGC00015057-11,activity,null,4,-35.011,-27.093,CN1CCC2=C3C1CC4=C(C3=CC=C2)C(O)=C(O)C=C4,null,null,null,null,null,A4393,SIGMA,2021_LOPAC_01,null,null,Apomorphine hydrochloride hemihydrate,null,4,null,null,null,37.47,-29.511,4.955,0.304,0.938,null,null,null,null,null,null,5.5,null,null,10.377,-27.093,-2.332,8.681,null,null,null,null,null,null,null,null,null,VMWNQDUVQKEIOC,null,TRND,QLVmScYLEFmNifIcRQ,null,null,null,null,HCL,null,null,null,null,[NO STEREO] 314-19-2,null,null,null,0,4,0,null,null,173030,0 0 0 0,1,1,2025-06-17 15:22:09,null,null,null,null,null,null,null,364784691,activity,null,HTS,null,0.405,5.053,10.377,-27.093,null,null,null,null,null,null,null,null,null,null,null,null,null,null,null,null,null,null,null,null,null,278937530
TRND-Glioblastoma_LOPAC_A172-primary_screen2,NCGC00091231-31,activity,null,4,-31.949,-21.624,[H][C@@]1(C[C@@H]2CCN1C[C@@H]2C=C)[C@@H](O)C3=C4C=C(OC)C=CC4=NC=C3,null,null,null,null,null,Q0875,SIGMA,2021_LOPAC_01,null,null,Quinidine sulfate,null,4,null,null,null,34.859,-22.949,2.406,0.299,0.94,null,null,null,null,null,null,9,null,null,13.234,-21.624,9.341,18.499,null,null,null,null,null,null,null,null,null,LOUPRKONTZGTKE,null,TRND,EqEdHgnMQfKPzBKlAD,null,null,null,null,SULFURIC_ACID,null,null,null,null,6591-63-5,null,null,null,0,4,0,null,null,173030,0 0 0 0,1,1,2025-06-17 15:22:09,null,null,null,null,null,null,null,364782983,activity,null,HTS,null,4.731,13.234,-2.388,-21.624,null,null,null,null,null,null,null,null,null,null,null,null,null,null,null,null,null,null,null,null,null,278937531
TRND-Glioblastoma_LOPAC_A172-primary_screen2,NCGC00690015-01,activity,null,4,-15.8,-0.25,[O-][S+](=O)(N1CCCN(CC1)C(=O)CCCC[C@@H]2CCSS2)C3=CC=CC4=C3C=CN=C4,null,null,null,null,null,SML2199,SIGMA,2021_LOPAC_01,null,null,L-F001,null,4,null,null,null,14.662,-1.8,1.644,0.067,0.997,null,null,null,null,null,null,14,null,null,14.412,-0.25,54.521,53.5,null,null,null,null,null,null,null,null,null,NWTRUKNNHUXONB,null,TRND,iKWrDeqzAPJnQcwUDH,null,null,null,null,null,null,null,null,null,null,null,null,null,0,4,0,null,null,173030,0 0 0 0,1,1,2025-06-17 15:22:09,null,null,null,null,null,null,null,364784091,activity,null,HTS,null,14.412,12.962,8.008,-0.25,null,null,null,null,null,null,null,null,null,null,null,null,null,null,null,null,null,null,null,null,null,278937532
TRND-Glioblastoma_LOPAC_A172-primary_screen2,NCGC00024887-08,activity,null,4,-18,10.984,CC(=O)C(\C)=N\O,null,null,null,null,null,B0753,SIGMA,2021_LOPAC_01,null,null,"2,3-Butanedione monoxime",null,4,null,null,null,17.211,13,4.095,0.223,0.968,null,null,null,null,null,null,31,null,null,28.195,10.984,103.413,102.985,null,null,null,null,null,null,null,null,null,FSEUPUDHEBLWJY,null,TRND,gznPBdWTxrhHOLiFpR,null,null,null,null,null,null,null,null,null,[NO STEREO] 57-71-6,null,null,null,0,4,0,null,null,173030,0 0 0 0,1,1,2025-06-17 15:22:09,null,null,null,null,null,null,null,364780287,activity,null,HTS,null,28.195,13.48,14.259,10.984,null,null,null,null,null,null,null,null,null,null,null,null,null,null,null,null,null,null,null,null,null,278937533
TRND-Glioblastoma_LOPAC_A172-primary_screen2,NCGC00015980-07,activity,null,4,-19,9.25,CCCCCCCCCC[Si](C)(C)CCC(=O)NC(CC1=CC=C(C)C=C1)C2=CC=CC=C2,null,null,null,null,null,S9318,SIGMA,2021_LOPAC_01,null,null,Sandoz 58-035,null,4,null,null,null,10.632,6,0.5,0.109,0.993,null,null,null,null,null,null,25,null,null,19.882,9.25,79.792,78.651,null,null,null,null,null,null,null,null,null,NBYATBIMYLFITE,null,TRND,WAbsvmpGpDuGyRmxNC,null,null,null,null,null,null,null,null,null,null,null,null,null,0,4,0,null,null,173030,0 0 0 0,1,1,2025-06-17 15:22:09,null,null,null,null,null,null,null,364783427,activity,null,HTS,null,19.882,15.619,12.638,9.25,null,null,null,null,null,null,null,null,null,null,null,null,null,null,null,null,null,null,null,null,null,278937534
TRND-Glioblastoma_LOPAC_A172-primary_screen2,NCGC00015605-28,activity,null,4,-20,0.318,NC1=NC(N)=C(N=N1)C2=CC=CC(Cl)=C2Cl,null,null,null,null,null,SML1082,SIGMA,2021_LOPAC_01,null,null,Lamotrigine isethionate,null,4,null,null,null,19.426,-2,4.955,0.307,0.937,null,null,null,null,null,null,18,null,null,19.744,0.318,78.736,75.323,null,null,null,null,null,null,null,null,null,PYZRQGJRPPTADH,null,TRND,HdCoNVkyEfHdfvUegb,null,Sodium channel protein type 1 subunit alpha Blocker,null,null,ISETHIONATE,null,null,null,null,84057-84-1,SCN1A,null,null,0,4,0,null,null,173030,0 0 0 0,1,1,2025-06-17 15:22:09,null,null,null,null,null,null,null,364780655,activity,null,HTS,null,19.744,14.716,19.295,0.318,null,null,null,null,null,null,null,null,null,null,null,null,null,null,null,null,null,null,null,null,null,278937535
TRND-Glioblastoma_LOPAC_A172-primary_screen2,NCGC00024665-21,activity,11.220185,-3,-117.431,-96.426,CSC1=CC2=C(SC3=C(CC2N4CCN(C)CC4)C=CC=C3)C=C1,null,null,null,null,null,M149,SIGMA,2021_LOPAC_01,-4.95,null,Methiothepin mesylate,null,-3,null,null,null,122.628,-97.931,4.095,0.126,0.99,null,null,null,null,null,null,19.5,null,null,26.202,-96.426,35.878,21.87,null,null,null,null,null,null,null,null,null,RLJFTICUTYVZDG,null,TRND,HwRJyrVcQeMQpuUzdv,null,null,null,null,SULFONICACID_V1,null,null,null,null,null,null,null,null,0,4,0,null,null,173030,0 0 0 0,1,1,2025-06-17 15:22:09,null,null,null,null,null,null,null,364780663,activity,null,HTS,11.336604,26.202,12.476,7.345,-96.426,null,null,null,null,null,null,null,null,null,null,null,null,null,null,null,null,null,null,null,null,null,278937536
TRND-Glioblastoma_LOPAC_A172-primary_screen2,NCGC00015718-28,activity,null,4,-20.985,5.244,COC1=C(C=CC=C1)N2CCN(CC(O)COC3=C4C=CC=CC4=CC=C3)CC2,null,null,null,null,null,N158,SIGMA,2021_LOPAC_01,null,null,Naftopidil dihydrochloride,null,4,null,null,null,21.35,2.015,4.955,1,0.633,null,null,null,null,null,null,23,null,null,16.78,-4.571,53.763,50.138,null,null,null,null,null,null,null,null,null,HRRBJVNMSRJFHQ,null,TRND,RTODPbQDUeBKrJMXfy,null,Alpha-1D Adrenergic Receptor antagonist,null,null,CL,null,null,null,null,null,ADRA1D,null,null,0,4,1,null,null,173030,0 0 0 1,1,1,2025-06-17 15:22:09,null,null,null,null,null,null,null,364784619,activity,null,HTS,null,16.78,-4.571,8.482,5.244,null,null,null,null,null,null,null,null,null,null,null,null,null,null,null,null,null,null,null,null,null,278937537
TRND-Glioblastoma_LOPAC_A172-primary_screen2,NCGC00037468-04,activity,null,4,-17.5,12.549,NC1=NC(=CC2=C(C#N)C(=NC(N)=C12)N3CCCC3)N4CCCC4,null,null,null,null,null,SML1518,SIGMA,2021_LOPAC_01,null,null,SID 3712249 ,null,4,null,null,null,16.115,-0.5,2.638,1,1,null,null,null,null,null,null,17,null,null,16.966,0.85,57.959,57.264,null,null,null,null,null,null,null,null,null,SSWVPYMSHHEYAB,null,TRND,NsaCRyMFNXbSRHfAyj,null,null,null,null,null,null,null,null,null,null,null,null,null,0,4,1,null,null,173030,0 0 0 1,1,1,2025-06-17 15:22:09,null,null,null,null,null,null,null,364782003,activity,null,HTS,null,16.966,14.073,0.85,12.549,null,null,null,null,null,null,null,null,null,null,null,null,null,null,null,null,null,null,null,null,null,278937538
TRND-Glioblastoma_LOPAC_A172-primary_screen2,NCGC00015964-27,activity,10,-2.1,-98.531,-87.724,FC1=CC=C(C=C1)C(=O)CCCN2CCC3(CC2)N(CNC3=O)C4=CC=CC=C4,null,null,null,null,null,S7395,SIGMA,2021_LOPAC_01,-5,null,Spiperone hydrochloride,null,-2.1,null,null,null,96.802,-90.531,2.902,0.03,0.999,null,null,null,null,null,null,8,null,null,9.078,-87.724,-31.118,-29.131,null,null,null,null,null,null,null,null,null,DKGZKTPJOSAWFA,null,TRND,gMpQTMKTtrnVsWngiy,null,null,null,null,null,null,null,null,null,null,null,null,null,0,4,0,null,null,173030,0 0 0 0,1,1,2025-06-17 15:22:09,null,null,null,null,null,null,null,364781715,activity,null,HTS,10.750208,6.832,9.078,-14.739,-87.724,null,null,null,null,null,null,null,null,null,null,null,null,null,null,null,null,null,null,null,null,null,278937539
TRND-Glioblastoma_LOPAC_A172-primary_screen2,NCGC00487318-03,activity,11.220185,-3,-85.703,-74.836,[O-][N+](=O)C1=CC=C(O1)C(=O)NCC2=CC=CN=C2,null,null,null,null,null,SML0988,SIGMA,2021_LOPAC_01,-4.95,null,CCCI-01,null,-3,null,null,null,92.004,-78.203,2.952,0.238,0.963,null,null,null,null,null,null,7.5,null,null,17.168,-74.836,0.939,-18.799,null,null,null,null,null,null,null,null,null,OBZHOVWNZIVCCZ,null,TRND,zrgzcdExRcGFhQPTfa,null,null,null,null,null,null,null,null,null,null,null,null,null,0,4,0,null,null,173030,0 0 0 0,1,1,2025-06-17 15:22:09,null,null,null,null,null,null,null,364784499,activity,null,HTS,13.621786,17.168,-1.669,-8.865,-74.836,null,null,null,null,null,null,null,null,null,null,null,null,null,null,null,null,null,null,null,null,null,278937540
TRND-Glioblastoma_LOPAC_A172-primary_screen2,NCGC00015523-22,activity,null,4,-45.639,-25.949,OC1=CC=C(O)C=C1,null,null,null,null,null,H9003,SIGMA,2021_LOPAC_01,null,null,Hydroquinone,null,4,null,null,null,47.195,-27.639,2.952,0.147,0.986,null,null,null,null,null,null,18,null,null,21.245,-25.949,62.589,55.803,null,null,null,null,null,null,null,null,null,QIGBRXMKCJKVMJ,null,TRND,RpYLaSAUsLDTstUVsq,null,null,null,null,null,null,null,null,null,123-31-9,null,null,null,0,4,0,null,null,173030,0 0 0 0,1,1,2025-06-17 15:22:09,null,null,null,null,null,null,null,364781203,activity,null,HTS,null,21.245,15.177,9.529,-25.949,null,null,null,null,null,null,null,null,null,null,null,null,null,null,null,null,null,null,null,null,null,278937541
TRND-Glioblastoma_LOPAC_A172-primary_screen2,NCGC00094396-08,activity,null,4,-20.5,9.46,OC(=O)CCCC[C@@H]1CCSS1,null,null,null,null,null,T5625,SIGMA,2021_LOPAC_01,null,null,(±)-alpha-Lipoic Acid,null,4,null,null,null,14.165,0.5,4.955,0.392,0.893,null,null,null,null,null,null,21,null,null,23.624,9.46,88.019,92.598,null,null,null,null,null,null,null,null,null,AGBQKNBQESQNJD,null,TRND,ixaXUGOUVNVdKtSUJq,null,null,null,null,null,null,null,null,null,1077-28-7,null,null,null,0,4,0,null,null,173030,0 0 0 0,1,1,2025-06-17 15:22:09,null,null,null,null,null,null,null,364780747,activity,null,HTS,null,18.855,20.319,23.624,9.46,null,null,null,null,null,null,null,null,null,null,null,null,null,null,null,null,null,null,null,null,null,278937542
TRND-Glioblastoma_LOPAC_A172-primary_screen2,NCGC00015870-53,activity,null,4,-15,1.559,OC1=CC2=C(C(O)=C1)C(=O)C(O)=C(O2)C3=CC(O)=C(O)C=C3,null,null,null,null,null,Q0125,SIGMA,2021_LOPAC_01,null,null,Quercetin dihydrate,null,4,null,null,null,16.024,1.5,3.297,0.186,0.978,null,null,null,null,null,null,16.5,null,null,17.582,1.559,69.466,67.596,null,null,null,null,null,null,null,null,null,REFJWTPEDVJJIY,null,TRND,fsuiXTIeEXUIvlYaGP,null,Catechol-O-Methyltransferase inhibitor,null,null,null,null,null,null,null,117-39-5,COMT,null,null,0,4,0,null,null,173030,0 0 0 0,1,1,2025-06-17 15:22:09,null,null,null,null,null,null,null,364782347,activity,null,HTS,null,17.582,15.034,13.366,1.559,null,null,null,null,null,null,null,null,null,null,null,null,null,null,null,null,null,null,null,null,null,278937543
TRND-Glioblastoma_LOPAC_A172-primary_screen2,NCGC00015094-24,activity,null,4,0,-7.138,OC1=C2C=NNC2=NC=N1,null,null,null,null,null,A8003,SIGMA,2021_LOPAC_01,null,null,Allopurinol,null,4,null,null,null,2.989,0,null,null,null,null,null,null,null,null,null,0,null,null,-4.149,-7.138,-23.056,null,null,null,null,null,null,null,null,null,null,OFCNXPDARWKPPY,null,TRND,HbdCqMQNAvrGQrmCZE,null,Xanthine Dehydrogenase/Oxidase inhibitor,null,null,null,null,null,null,null,315-30-0,XDH,null,null,0,4,null,null,null,173030,null,1,1,2025-06-17 15:22:09,null,null,null,null,null,null,null,364781439,activity,null,HTS,null,-4.149,-5.476,-5.669,-7.138,null,null,null,null,null,null,null,null,null,null,null,null,null,null,null,null,null,null,null,null,null,278937544
TRND-Glioblastoma_LOPAC_A172-primary_screen2,NCGC00024027-17,activity,null,4,-20.14,-4.284,CC[C@@H](CO)NC(=O)[C@H]1CN(C)[C@@H]2CC3=CN(C)C4=CC=CC(=C34)C2=C1,null,null,null,null,null,M137,SIGMA,2021_LOPAC_01,null,null,Methysergide maleate,null,4,null,null,null,16.208,-4.14,1.031,0.161,0.984,null,null,null,null,null,null,16,null,null,11.925,-4.284,32.689,31.343,null,null,null,null,null,null,null,null,null,KPJZHOPZRAFDTN,null,TRND,SXHykFFOljPSQWpLnE,null,null,null,null,MALEATE,null,null,null,null,129-49-7,null,null,null,0,4,0,null,null,173030,0 0 0 0,1,1,2025-06-17 15:22:09,null,null,null,null,null,null,null,364784483,activity,null,HTS,null,11.925,3.312,-0.668,-4.284,null,null,null,null,null,null,null,null,null,null,null,null,null,null,null,null,null,null,null,null,null,278937545
TRND-Glioblastoma_LOPAC_A172-primary_screen2,NCGC00015806-18,activity,null,4,0,19.363,CC1=CN(C(=O)C=C1)C2=CC=CC=C2,null,null,null,null,null,P2116,SIGMA,2021_LOPAC_01,null,null,Pirfenidone,null,4,null,null,null,19.844,0,null,null,null,null,null,null,null,null,null,0,null,null,39.206,19.363,152.939,null,null,null,null,null,null,null,null,null,null,ISWRGOKTTBVCFA,null,TRND,rWsArMVLayGUPaFdZq,null,TGF-beta receptor type-1 inhibitor,null,null,null,null,null,null,null,53179-13-8,TGFBR1,null,null,0,4,null,null,null,173030,null,1,1,2025-06-17 15:22:09,null,null,null,null,null,null,null,364781999,activity,null,HTS,null,39.206,25.274,23.299,19.363,null,null,null,null,null,null,null,null,null,null,null,null,null,null,null,null,null,null,null,null,null,278937546
TRND-Glioblastoma_LOPAC_A172-primary_screen2,NCGC00015279-21,activity,null,4,-22,12.188,CN(C)CCOC(=O)COC1=CC=C(Cl)C=C1,null,null,null,null,null,C8773,SIGMA,2021_LOPAC_01,null,null,Centrophenoxine hydrochloride,null,4,null,null,null,23.263,8.5,1.627,0.405,0.883,null,null,null,null,null,null,30.5,null,null,28.523,5.259,103.314,104.817,null,null,null,null,null,null,null,null,null,XZTYGFHCIAKPGJ,null,TRND,sygQvGrjrNrwdxQaMX,null,null,null,null,CL,null,null,null,null,3685-84-5,null,null,null,0,4,0,null,null,173030,0 0 0 0,1,1,2025-06-17 15:22:09,null,null,null,null,null,null,null,364780607,activity,null,HTS,null,28.523,20.139,5.259,12.188,null,null,null,null,null,null,null,null,null,null,null,null,null,null,null,null,null,null,null,null,null,278937547
TRND-Glioblastoma_LOPAC_A172-primary_screen2,NCGC00015017-07,activity,null,4,-22,2.632,NC1=CC=C(CCNC2=NC=NC3=C2N=CN3C4OC(CO)C(O)C4O)C=C1,null,null,null,null,null,A202,SIGMA,2021_LOPAC_01,null,null,N6-2-(4-Aminophenyl)ethyladenosine,null,4,null,null,null,15.428,-2,0.7,0.072,0.997,null,null,null,null,null,null,20,null,null,18.06,2.632,67.425,66.276,null,null,null,null,null,null,null,null,null,XTPOZVLRZZIEBW,null,TRND,xelMAYyJADFrPtiXMG,null,null,null,null,null,null,null,null,null,null,null,null,null,0,4,0,null,null,173030,0 0 0 0,1,1,2025-06-17 15:22:09,null,null,null,null,null,null,null,364782175,activity,null,HTS,null,18.06,14.005,8.773,2.632,null,null,null,null,null,null,null,null,null,null,null,null,null,null,null,null,null,null,null,null,null,278937548
TRND-Glioblastoma_LOPAC_A172-primary_screen2,NCGC00015097-14,activity,null,4,0,-4.506,NCCC1=CC=C(C=C1)[S+]([O-])(F)=O,null,null,null,null,null,A8456,SIGMA,2021_LOPAC_01,null,null,4-(2-Aminoethyl)benzenesulfonyl fluoride hydrochloride,null,4,null,null,null,6.995,0,null,null,null,null,null,null,null,null,null,0,null,null,0.455,-6.54,-17.732,null,null,null,null,null,null,null,null,null,null,MGSKVZWGBWPBTF,null,TRND,dhZShEAoKTUHaorYeC,null,null,null,null,CL,null,null,null,null,null,null,null,null,0,4,null,null,null,173030,null,1,1,2025-06-17 15:22:09,null,null,null,null,null,null,null,364783355,activity,null,HTS,null,-4.003,0.455,-6.54,-4.506,null,null,null,null,null,null,null,null,null,null,null,null,null,null,null,null,null,null,null,null,null,278937549
TRND-Glioblastoma_LOPAC_A172-primary_screen2,NCGC00013724-24,activity,null,4,0,5.99,[H][C@](CO)(C(=O)OC1CC2C3OC3C(C1)[N+]2(C)C)C4=CC=CC=C4,null,null,null,null,null,S8502,SIGMA,2021_LOPAC_01,null,null,(-)-Scopolamine methyl bromide,null,4,null,null,null,9.9,0,null,null,null,null,null,null,null,null,null,0,null,null,15.89,5.99,58.271,null,null,null,null,null,null,null,null,null,null,LZCOQTDXKCNBEE,null,TRND,GaNnplnWSKdBTtaEIp,null,null,null,null,BR,null,null,null,null,[NO STEREO] 6106-46-3,null,null,null,0,4,null,null,null,173030,null,1,1,2025-06-17 15:22:09,null,null,null,null,null,null,null,364784927,activity,null,HTS,null,15.89,7.095,8.675,5.99,null,null,null,null,null,null,null,null,null,null,null,null,null,null,null,null,null,null,null,null,null,278937550
TRND-Glioblastoma_LOPAC_A172-primary_screen2,NCGC00015658-12,activity,null,4,0,6.283,COCC1=NC2=C(N1)N(CC(C)C)C(=O)N(C)C2=O,null,null,null,null,null,M2547,SIGMA,2021_LOPAC_01,null,null,8-Methoxymethyl-3-isobutyl-1-methylxanthine,null,4,null,null,null,4.608,0,null,null,null,null,null,null,null,null,null,0,null,null,9.086,4.478,37.134,null,null,null,null,null,null,null,null,null,null,NBLBCGUCPBXKOV,null,TRND,acaWrjJmnzsygxLozB,null,null,null,null,null,null,null,null,null,null,null,null,null,0,4,null,null,null,173030,null,1,1,2025-06-17 15:22:09,null,null,null,null,null,null,null,364782907,activity,null,HTS,null,9.086,4.478,7.844,6.283,null,null,null,null,null,null,null,null,null,null,null,null,null,null,null,null,null,null,null,null,null,278937551
TRND-Glioblastoma_LOPAC_A172-primary_screen2,NCGC00015603-20,activity,null,4,0,6.74,CCN1C=C(C(O)=O)C(=O)C2=C1C(F)=C(N3CCNC(C)C3)C(F)=C2,null,null,null,null,null,L2906,SIGMA,2021_LOPAC_01,null,null,Lomefloxacin hydrochloride,null,4,null,null,null,25.726,0,null,null,null,null,null,null,null,null,null,0,null,null,32.074,6.348,104.525,null,null,null,null,null,null,null,null,null,null,ZEKZLJVOYLTDKK,null,TRND,ZQshBMWyJibOAjDfXS,null,null,null,null,CL,null,null,null,null,98079-52-8,null,null,null,0,4,null,null,null,173030,null,1,1,2025-06-17 15:22:09,null,null,null,null,null,null,null,364782327,activity,null,HTS,null,32.074,10.777,6.348,6.74,null,null,null,null,null,null,null,null,null,null,null,null,null,null,null,null,null,null,null,null,null,278937552
TRND-Glioblastoma_LOPAC_A172-primary_screen2,NCGC00095192-16,activity,2.238721,-1.1,-123.982,-98.138,CCCCCNC(=N)N\N=C\C1=CNC2=C1C=C(OC)C=C2,null,null,null,null,null,SML1504,SIGMA,2021_LOPAC_01,-5.65,null,Tegaserod maleate,null,-1.1,null,null,null,123.646,-97.982,3.132,0.014,1,null,null,null,null,null,null,26,null,null,25.508,-98.138,-42.202,-41.564,null,null,null,null,null,null,null,null,null,IKBKZGMPCYNSLU,null,TRND,AloFaBPDVZcwmUpyRd,null,null,null,null,null,null,null,null,null,145158-71-0,null,null,null,0,4,0,null,null,173030,0 0 0 0,1,1,2025-06-17 15:22:09,null,null,null,null,null,null,null,364781083,activity,null,HTS,2.268362,25.508,6.784,-94.585,-98.138,null,null,null,null,null,null,null,null,null,null,null,null,null,null,null,null,null,null,null,null,null,278937553
TRND-Glioblastoma_LOPAC_A172-primary_screen2,NCGC00162079-05,activity,null,4,0,11.733,CN(C)CC\C=C1\C2=C(SC3=C1C=CC(Cl)=C3)C=CC=C2,null,null,null,null,null,C1671,SIGMA,2021_LOPAC_01,null,null,Chlorprothixene hydrochloride,null,4,null,null,null,9.288,0,null,null,null,null,null,null,null,null,null,0,null,null,12.917,3.629,53.082,null,null,null,null,null,null,null,null,null,null,MDESCHUXWOWHQJ,null,TRND,MkvjfeTDAWqFpXlGOc,null,null,null,null,CL,null,null,null,null,null,null,null,null,0,4,null,null,null,173030,null,1,1,2025-06-17 15:22:09,null,null,null,null,null,null,null,364780599,activity,null,HTS,null,12.917,12.207,3.629,11.733,null,null,null,null,null,null,null,null,null,null,null,null,null,null,null,null,null,null,null,null,null,278937554
TRND-Glioblastoma_LOPAC_A172-primary_screen2,NCGC00370733-08,activity,null,4,0,15.125,CC1=CC=C(S1)C2NC3=C(C=CC=C3)C(=O)N2C4=CC=CC=C4,null,null,null,null,null,SML1085,SIGMA,2021_LOPAC_01,null,null,Retro-2,null,4,null,null,null,8.696,0,null,null,null,null,null,null,null,null,null,0,null,null,15.125,6.428,39.095,null,null,null,null,null,null,null,null,null,null,BOAPXDSRULBILC,null,TRND,cZDfnlXFMreCHtSwoq,null,null,null,null,null,null,null,null,null,null,null,null,null,0,4,null,null,null,173030,null,1,1,2025-06-17 15:22:09,null,null,null,null,null,null,null,364781459,activity,null,HTS,null,7.625,6.428,7.854,15.125,null,null,null,null,null,null,null,null,null,null,null,null,null,null,null,null,null,null,null,null,null,278937555
TRND-Glioblastoma_LOPAC_A172-primary_screen2,NCGC00015035-09,activity,null,4,-13.311,-17.71,NC1=C2C=CC=C3C(=O)NC(=O)C(C=C1)=C23,null,null,null,null,null,A0966,SIGMA,2021_LOPAC_01,null,null,"4-Amino-1,8-naphthalimide",null,4,null,null,null,11.509,-19.252,1.464,0.093,0.995,null,null,null,null,null,null,-5.941,null,null,-6.201,-17.71,-39.283,-39.1,null,null,null,null,null,null,null,null,null,SSMIFVHARFVINF,null,TRND,KtrJSYGsJChbNLEOIm,null,null,null,null,null,null,null,null,null,null,null,null,null,0,4,0,null,null,173030,0 0 0 0,1,1,2025-06-17 15:22:09,null,null,null,null,null,null,null,364784003,activity,null,HTS,null,-6.258,-6.201,-11.829,-17.71,null,null,null,null,null,null,null,null,null,null,null,null,null,null,null,null,null,null,null,null,null,278937556
TRND-Glioblastoma_LOPAC_A172-primary_screen2,NCGC00386134-23,activity,null,4,0,3.522,[H][C@@]12CC[C@H](O)[C@@]1(C)CC[C@]3([H])C4=C(C[C@@H](CCCCCCCCC[S+]([O-])CCCC(F)(F)C(F)(F)F)[C@@]23[H])C=C(O)C=C4,null,null,null,null,null,I4409,SIGMA,2021_LOPAC_01,null,null,Fulvestrant,null,4,null,null,null,3.811,0,null,null,null,null,null,null,null,null,null,0,null,null,7.333,3.522,31.329,null,null,null,null,null,null,null,null,null,null,VWUXBMIQPBEWFH,null,TRND,xHjvdEBhehLibMlNDA,null,Estrogen Receptor antagonist,null,null,null,null,null,null,null,129453-61-8,ESR1,null,null,0,4,null,null,null,173030,null,1,1,2025-06-17 15:22:09,null,null,null,null,null,null,null,364782111,activity,null,HTS,null,7.013,7.333,6.993,3.522,null,null,null,null,null,null,null,null,null,null,null,null,null,null,null,null,null,null,null,null,null,278937557
TRND-Glioblastoma_LOPAC_A172-primary_screen2,NCGC00021540-13,activity,null,4,0,4.631,NC1=NC(Cl)=NC2=C1N=CN2[C@@H]3O[C@H](CO)[C@@H](O)[C@H]3O,null,null,null,null,null,C5134,SIGMA,2021_LOPAC_01,null,null,2-Chloroadenosine,null,4,null,null,null,9.943,0,null,null,null,null,null,null,null,null,null,0,null,null,14.575,4.631,57.489,null,null,null,null,null,null,null,null,null,null,BIXYYZIIJIXVFW,null,TRND,wmVZrhpehtvPdtaYIt,null,null,null,null,null,null,null,null,null,146-77-0,null,null,null,0,4,null,null,null,173030,null,1,1,2025-06-17 15:22:09,null,null,null,null,null,null,null,364783707,activity,null,HTS,null,13.981,8.676,14.575,4.631,null,null,null,null,null,null,null,null,null,null,null,null,null,null,null,null,null,null,null,null,null,278937558
TRND-Glioblastoma_LOPAC_A172-primary_screen2,NCGC00015085-06,activity,null,4,0,4.539,NCCCP(O)(O)=O,null,null,null,null,null,A7162,SIGMA,2021_LOPAC_01,null,null,3-Aminopropylphosphonic acid,null,4,null,null,null,7.137,0,null,null,null,null,null,null,null,null,null,0,null,null,6.158,-0.979,3.355,null,null,null,null,null,null,null,null,null,null,GSZQTIFGANBTNF,null,TRND,cYjHWqDTAhIMKIHkDx,null,null,null,null,null,null,null,null,null,13138-33-5,null,null,null,0,4,null,null,null,173030,null,1,1,2025-06-17 15:22:09,null,null,null,null,null,null,null,364784755,activity,null,HTS,null,-0.955,6.158,-0.979,4.539,null,null,null,null,null,null,null,null,null,null,null,null,null,null,null,null,null,null,null,null,null,278937559
TRND-Glioblastoma_LOPAC_A172-primary_screen2,NCGC00015712-10,activity,null,4,-11.536,4.452,OC(=O)C1=CCCN(CCON=C(C2=CC=CC=C2)C3=CC=CC=C3)C1,null,null,null,null,null,N142,SIGMA,2021_LOPAC_01,null,null,NO-711 hydrochloride,null,4,null,null,null,11.63,-2.036,4.955,1,1,null,null,null,null,null,null,9.5,null,null,9.517,-2.113,23.931,23.981,null,null,null,null,null,null,null,null,null,NGNALWDRPKNJGR,null,TRND,PDCvQErOFklqtZVzZV,null,null,null,null,CL,null,null,null,null,145645-62-1,null,null,null,0,4,1,null,null,173030,0 0 0 1,1,1,2025-06-17 15:22:09,null,null,null,null,null,null,null,364785235,activity,null,HTS,null,9.517,0.157,-2.113,4.452,null,null,null,null,null,null,null,null,null,null,null,null,null,null,null,null,null,null,null,null,null,278937560
TRND-Glioblastoma_LOPAC_A172-primary_screen2,NCGC00271490-08,activity,10,-3,-44.922,-38.528,O=C1N(C[C@H]2CCCC3=CC=CC1=C23)[C@@H]4CN5CCC4CC5,null,null,null,null,null,SML1195,SIGMA,2021_LOPAC_01,-5,null,Palonosetron hydrochloride,null,-3,null,null,null,44.852,-39.422,3.512,0.04,0.999,null,null,null,null,null,null,5.5,null,null,6.323,-38.528,-4.792,-3.561,null,null,null,null,null,null,null,null,null,CPZBLNMUGSZIPR,null,TRND,VQYIoGVNRHEeSWuyzi,null,null,null,null,CL,null,null,null,null,135729-62-3,null,null,null,0,4,0,null,null,173030,0 0 0 0,1,1,2025-06-17 15:22:09,null,null,null,null,null,null,null,364782739,activity,null,HTS,null,4.866,6.323,-3.518,-38.528,null,null,null,null,null,null,null,null,null,null,null,null,null,null,null,null,null,null,null,null,null,278937561
TRND-Glioblastoma_LOPAC_A172-primary_screen2,NCGC00015442-32,activity,1.778279,-1.4,-61.199,-41.937,FC1=CNC(=O)NC1=O,null,null,null,null,null,F6627,SIGMA,2021_LOPAC_01,-5.75,null,5-Fluorouracil,null,-1.2,null,null,null,53.747,-45.199,1.21,0.063,0.998,null,null,null,null,null,null,16,null,null,11.81,-41.937,-20.118,-24.91,null,null,null,null,null,null,null,null,null,GHASVSINZRGABV,null,TRND,LplKTwPqCHnfzSGnFj,null,Dihydropyrimidine Dehydrogenase inhibitor,null,null,null,null,null,null,null,51-21-8,DPYD,null,null,0,4,0,null,null,173030,0 0 0 0,1,1,2025-06-17 15:22:09,null,null,null,null,null,null,null,364783735,activity,null,HTS,null,11.81,-9,-35.119,-41.937,null,null,null,null,null,null,null,null,null,null,null,null,null,null,null,null,null,null,null,null,null,278937562
TRND-Glioblastoma_LOPAC_A172-primary_screen2,NCGC00095118-21,activity,null,4,0,0.469,C[S+]([O-])(=O)C1=CC=C(C=C1)C2=C(C(=O)OC2)C3=CC=CC=C3,null,null,null,null,null,SML0613,SIGMA,2021_LOPAC_01,null,null,Rofecoxib,null,4,null,null,null,7.452,0,null,null,null,null,null,null,null,null,null,0,null,null,7.921,0.469,28.655,null,null,null,null,null,null,null,null,null,null,RZJQGNCSTQAWON,null,TRND,FfgqpHwgKigeSRsJrN,null,null,null,null,null,null,null,null,null,162011-90-7,null,null,null,0,4,null,null,null,173030,null,1,1,2025-06-17 15:22:09,null,null,null,null,null,null,null,364780475,activity,null,HTS,null,6.378,7.921,7.398,0.469,null,null,null,null,null,null,null,null,null,null,null,null,null,null,null,null,null,null,null,null,null,278937563
TRND-Glioblastoma_LOPAC_A172-primary_screen2,NCGC00162310-05,activity,null,4,0,14.789,[H][C@]1(CCCN(CCC)C1)C2=CC=CC(O)=C2,null,null,null,null,null,P103,SIGMA,2021_LOPAC_01,null,null,S(-)-3PPP hydrochloride,null,4,null,null,null,9.703,0,null,null,null,null,null,null,null,null,null,0,null,null,24.014,14.311,89.753,null,null,null,null,null,null,null,null,null,null,HTSNFXAICLXZMA,null,TRND,JknsAYOoTjbdbxWSqj,null,null,null,null,CL,null,null,null,null,89874-80-6,null,null,null,0,4,null,null,null,173030,null,1,1,2025-06-17 15:22:09,null,null,null,null,null,null,null,364782299,activity,null,HTS,null,19.887,24.014,14.311,14.789,null,null,null,null,null,null,null,null,null,null,null,null,null,null,null,null,null,null,null,null,null,278938074
TRND-Glioblastoma_LOPAC_A172-primary_screen2,NCGC00014992-15,activity,null,4,-17.9,8.663,OC(=O)C1CCCNC1,null,null,null,null,null,211672,SIGMA,2021_LOPAC_01,null,null,(±)-Nipecotic acid,null,4,null,null,null,17.189,-0.4,2.473,1,1,null,null,null,null,null,null,17.5,null,null,16.856,-0.334,50.326,50.22,null,null,null,null,null,null,null,null,null,XJLSEXAGTJCILF,null,TRND,OpBQWQpaTdaQxEvyWc,null,null,null,null,null,null,null,null,null,498-95-3,null,null,null,0,4,1,null,null,173030,0 0 0 1,1,1,2025-06-17 15:22:09,null,null,null,null,null,null,null,364782855,activity,null,HTS,null,16.856,5.663,-0.334,8.663,null,null,null,null,null,null,null,null,null,null,null,null,null,null,null,null,null,null,null,null,null,278938075
TRND-Glioblastoma_LOPAC_A172-primary_screen2,NCGC00015675-25,activity,null,4,0,14.885,CC1=C(C=C(C#N)C(=O)N1)C2=CC=NC=C2,null,null,null,null,null,M4659,SIGMA,2021_LOPAC_01,null,null,Milrinone,null,4,null,null,null,7.088,0,null,null,null,null,null,null,null,null,null,0,null,null,14.885,7.797,63.893,null,null,null,null,null,null,null,null,null,null,PZRHRDRVRGEVNW,null,TRND,gPtkghynqWAXfmaYHp,null,null,null,null,null,null,null,null,null,78415-72-2,null,null,null,0,4,null,null,null,173030,null,1,1,2025-06-17 15:22:09,null,null,null,null,null,null,null,364781039,activity,null,HTS,null,14.721,13.97,7.797,14.885,null,null,null,null,null,null,null,null,null,null,null,null,null,null,null,null,null,null,null,null,null,278938076
TRND-Glioblastoma_LOPAC_A172-primary_screen2,NCGC00015479-40,activity,null,4,-11.283,-6.486,OC1=CC=C(C=C1)C2=COC3=C(C(O)=CC(O)=C3)C2=O,null,null,null,null,null,G6649,SIGMA,2021_LOPAC_01,null,null,Genistein,null,4,null,null,null,11.978,-7.783,4.955,0.335,0.924,null,null,null,null,null,null,3.5,null,null,5.492,-6.486,8.351,11.223,null,null,null,null,null,null,null,null,null,TZBJGXHYKVUXJN,null,TRND,ViUQTykxoqrSXarqIZ,null,Short transient receptor potential channel 5 agonist,null,null,null,null,null,null,null,446-72-0,TRPC5,null,null,0,4,0,null,null,173030,0 0 0 0,1,1,2025-06-17 15:22:09,null,null,null,null,null,null,null,364782523,activity,null,HTS,null,2.043,3.219,5.492,-6.486,null,null,null,null,null,null,null,null,null,null,null,null,null,null,null,null,null,null,null,null,null,278938077
TRND-Glioblastoma_LOPAC_A172-primary_screen2,NCGC00015368-23,activity,null,4,0,-4.631,CCN(CC)CCOC(=O)C1(CCCCC1)C2CCCCC2,null,null,null,null,null,D7909,SIGMA,2021_LOPAC_01,null,null,Dicyclomine hydrochloride,null,4,null,null,null,9.769,0,null,null,null,null,null,null,null,null,null,0,null,null,5.138,-4.631,11.589,null,null,null,null,null,null,null,null,null,null,CURUTKGFNZGFSE,null,TRND,chUobSGXunkHSRFgrM,null,null,null,null,CL,null,null,null,null,67-92-5,null,null,null,0,4,null,null,null,173030,null,1,1,2025-06-17 15:22:09,null,null,null,null,null,null,null,364782083,activity,null,HTS,null,5.138,-2.85,2.512,-4.631,null,null,null,null,null,null,null,null,null,null,null,null,null,null,null,null,null,null,null,null,null,278938078
TRND-Glioblastoma_LOPAC_A172-primary_screen2,NCGC00689998-01,activity,7.943282,-3,-64.643,-32.706,CC(C)(C)C1=CC=C(C=C1)C(=O)NC2=CC=C(NC3=CC=CC=C3)C=C2,null,null,null,null,null,SML2291,SIGMA,2021_LOPAC_01,-5.1,null,S119-8,null,-3,null,null,null,53.956,-44.643,0.91,0.264,0.954,null,null,null,null,null,null,20,null,null,21.25,-32.706,41.359,31.192,null,null,null,null,null,null,null,null,null,NEPKMQDGCTXOPG,null,TRND,MLWZMLawgZqSShmHrU,null,null,null,null,null,null,null,null,null,null,null,null,null,0,4,0,null,null,173030,0 0 0 0,1,1,2025-06-17 15:22:09,null,null,null,null,null,null,null,364781583,activity,null,HTS,null,21.25,4.28,-4.876,-32.706,null,null,null,null,null,null,null,null,null,null,null,null,null,null,null,null,null,null,null,null,null,278938079
TRND-Glioblastoma_LOPAC_A172-primary_screen2,NCGC00690019-01,activity,null,4,-30.478,-23.731,COC1=CC2=[N](C=C1)[Au+3]([Cl-])([Cl-])[N]3=C2C=C(OC)C=C3,null,null,null,null,null,SML2210,SIGMA,2021_LOPAC_01,null,null,AubipyOMe,null,4,null,null,null,58.395,-25.978,4.955,0.705,0.997,null,null,null,null,null,null,4.5,null,null,34.664,-23.731,3.097,6.204,null,null,null,null,null,null,null,null,null,JMGTZEXDAANMPY,null,TRND,ochhJdvDcMlASkXXqy,null,null,null,null,HEXAFLUOROPHOSPHATE,null,null,null,null,null,null,null,null,0,4,1,null,null,173030,1 0 0 0,1,1,2025-06-17 15:22:09,null,null,null,null,null,null,null,364780623,activity,null,HTS,null,34.664,3.486,4.949,-23.731,null,null,null,null,null,null,null,null,null,null,null,null,null,null,null,null,null,null,null,null,null,278938080
TRND-Glioblastoma_LOPAC_A172-primary_screen2,NCGC00186049-04,activity,null,4,-15.5,8.398,CCN(CC)CCNC(=O)C1=CC=C(N[S+](C)([O-])=O)C=C1,null,null,null,null,null,S0323,SIGMA,2021_LOPAC_01,null,null,Sematilide monohydrochloride monohydrate,null,4,null,null,null,10.563,1.5,4.504,0.454,0.849,null,null,null,null,null,null,17,null,null,18.961,8.398,79.509,75.327,null,null,null,null,null,null,null,null,null,COBKWOCHIWQZMC,null,TRND,TGYgwLoUBVGfLdimRp,null,null,null,null,CL,null,null,null,null,101526-62-9,null,null,null,0,4,0,null,null,173030,0 0 0 0,1,1,2025-06-17 15:22:09,null,null,null,null,null,null,null,364781235,activity,null,HTS,null,18.961,14.564,17.586,8.398,null,null,null,null,null,null,null,null,null,null,null,null,null,null,null,null,null,null,null,null,null,278938081
TRND-Glioblastoma_LOPAC_A172-primary_screen2,NCGC00015623-19,activity,null,4,-10,4.603,CCCN(CCC)C(=O)C(CCC(O)=O)NC(=O)C1=CC=CC=C1,null,null,null,null,null,M001,SIGMA,2021_LOPAC_01,null,null,Proglumide,null,4,null,null,null,12.589,4,2.333,0.55,0.752,null,null,null,null,null,null,14,null,null,17.192,4.603,51.871,57.798,null,null,null,null,null,null,null,null,null,DGMKFQYCZXERLX,null,TRND,nboMhiIAQtcABZRYHF,null,Cholecystokinin B Receptor antagonist,null,null,null,null,null,null,null,6620-60-6,CCKBR,null,null,0,4,0,null,null,173030,0 0 0 0,1,1,2025-06-17 15:22:09,null,null,null,null,null,null,null,364782551,activity,null,HTS,null,11.027,17.192,9.774,4.603,null,null,null,null,null,null,null,null,null,null,null,null,null,null,null,null,null,null,null,null,null,278938082
TRND-Glioblastoma_LOPAC_A172-primary_screen2,NCGC00021145-29,activity,5.623413,-2.4,-23.168,-9.724,CN1CCN(CC1)C2=NC3=C(OC4=C2C=C(Cl)C=C4)C=CC=C3,null,null,null,null,null,L106,SIGMA,2021_LOPAC_01,-5.25,null,Loxapine succinate,null,4,null,null,null,21.243,-11.668,1.288,0.042,0.999,null,null,null,null,null,null,11.5,null,null,11.519,-9.724,31.765,30.557,null,null,null,null,null,null,null,null,null,XJGVXQDUIWGIRW,null,TRND,mhSFELnUmOinTsyHyV,null,null,null,null,SUCCINICACID,null,null,null,null,27833-64-3,null,null,null,0,4,0,null,null,173030,0 0 0 0,1,1,2025-06-17 15:22:09,null,null,null,null,null,null,null,364784915,activity,null,HTS,null,11.519,8.208,-1.182,-9.724,null,null,null,null,null,null,null,null,null,null,null,null,null,null,null,null,null,null,null,null,null,278938083
TRND-Glioblastoma_LOPAC_A172-primary_screen2,NCGC00015147-16,activity,11.220185,-3,-50.286,-50.251,N\C(NCC1=CC=CC=C1)=N/C(=O)C2=NC(Cl)=C(N)N=C2N,null,null,null,null,null,B2417,SIGMA,2021_LOPAC_01,-4.95,null,Benzamil hydrochloride,null,-3,null,null,null,58.564,-50.786,4.504,0.339,0.922,null,null,null,null,null,null,-0.5,null,null,8.313,-50.251,-13.078,-31.673,null,null,null,null,null,null,null,null,null,KXDROGADUISDGY,null,TRND,GpsOmxeBRsWBULSTLN,null,Epithelial Sodium Channels (ENaC) Blocker,null,null,CL,null,null,null,null,161804-20-2,SCNN1A,null,null,0,4,0,null,null,173030,0 0 0 0,1,1,2025-06-17 15:22:09,null,null,null,null,null,null,null,364783811,activity,null,HTS,28.205517,8.313,-9.015,-4.906,-50.251,null,null,null,null,null,null,null,null,null,null,null,null,null,null,null,null,null,null,null,null,null,278938084
TRND-Glioblastoma_LOPAC_A172-primary_screen2,NCGC00263115-11,activity,null,4,-25.97,-18.308,CC(C)(N)C(=O)N[C@H](COCC1=CC=CC=C1)C(=O)N2CCC3(CN(C4=C3C=CC=C4)[S+](C)([O-])=O)CC2,null,null,null,null,null,SML0993,SIGMA,2021_LOPAC_01,null,null,MK-677,null,4,null,null,null,30.129,-23.47,4.955,0.58,0.711,null,null,null,null,null,null,2.5,null,null,11.82,-18.308,-9.355,0.777,null,null,null,null,null,null,null,null,null,PQNWMTXPSNLKMV,null,TRND,pXJdFZHFDpPniaxwyc,null,Growth Hormone Secretagogue,null,null,SULFONICACID_V1,null,null,null,null,159752-10-0,GH1,null,null,0,4,0,null,null,173030,0 0 0 0,1,1,2025-06-17 15:22:09,null,null,null,null,null,null,null,364784815,activity,null,HTS,null,-2.37,-2.032,11.82,-18.308,null,null,null,null,null,null,null,null,null,null,null,null,null,null,null,null,null,null,null,null,null,278938085
TRND-Glioblastoma_LOPAC_A172-primary_screen2,NCGC00015255-15,activity,null,4,-12,17.307,NC(CC1=CC=C(Cl)C=C1)C(O)=O,null,null,null,null,null,C6506,SIGMA,2021_LOPAC_01,null,null,(±)-p-Chlorophenylalanine,null,4,null,null,null,14.52,1,2.902,1,0.999,null,null,null,null,null,null,13,null,null,17.307,2.787,48.534,47.077,null,null,null,null,null,null,null,null,null,NIGWMJHCCYYCSF,null,TRND,nxAjpLDphmqpNxbMaW,null,null,null,null,null,null,null,null,null,7424-00-2,null,null,null,0,4,1,null,null,173030,0 0 0 1,1,1,2025-06-17 15:22:09,null,null,null,null,null,null,null,364783099,activity,null,HTS,null,13.166,12.282,2.787,17.307,null,null,null,null,null,null,null,null,null,null,null,null,null,null,null,null,null,null,null,null,null,278938086
TRND-Glioblastoma_LOPAC_A172-primary_screen2,NCGC00601952-20,activity,null,4,-13.927,-1.189,N[C@@H](CC1=CNC2=CC=C(O)C=C12)C(O)=O,null,null,null,null,null,H9772,SIGMA,2021_LOPAC_01,null,null,5-Hydroxy-L-tryptophan,null,4,null,null,null,17.234,-2.427,4.955,0.575,0.719,null,null,null,null,null,null,11.5,null,null,16.045,-1.189,47.015,47.591,null,null,null,null,null,null,null,null,null,LDCYZAJDBXYCGN,null,TRND,ScYbQEQhnfTfIAjQft,null,null,null,null,null,null,null,null,null,56-69-9,null,null,null,0,4,0,null,null,173030,0 0 0 0,1,1,2025-06-17 15:22:09,null,null,null,null,null,null,null,364784399,activity,null,HTS,null,11.489,6.491,16.045,-1.189,null,null,null,null,null,null,null,null,null,null,null,null,null,null,null,null,null,null,null,null,null,278938087
TRND-Glioblastoma_LOPAC_A172-primary_screen2,NCGC00016059-31,activity,10,-3,-100.833,-95.642,CSC1=CC2=C(SC3=C(C=CC=C3)N2CCC4CCCCN4C)C=C1,null,null,null,null,null,T9025,SIGMA,2021_LOPAC_01,-5,null,Thioridazine hydrochloride,null,-3,null,null,null,101.749,-95.833,4.955,0.029,0.999,null,null,null,null,null,null,5,null,null,6.106,-95.642,-41.389,-37.735,null,null,null,null,null,null,null,null,null,KLBQZWRITKRQQV,null,TRND,oxCYAjFnsKbXjGDSmN,null,null,null,null,CL,null,null,null,null,130-61-0,null,null,null,0,4,0,null,null,173030,0 0 0 0,1,1,2025-06-17 15:22:09,null,null,null,null,null,null,null,364783839,activity,null,HTS,10.177158,3.457,6.106,-7.11,-95.642,null,null,null,null,null,null,null,null,null,null,null,null,null,null,null,null,null,null,null,null,null,278938088
TRND-Glioblastoma_LOPAC_A172-primary_screen2,NCGC00017254-27,activity,0.316228,5,14.979,-77.97,C[C@H]1CCC\C=C\[C@@H]2C[C@H](O)C[C@H]2[C@H](O)\C=C\C(=O)O1,null,null,null,null,null,B7651,SIGMA,2021_LOPAC_01,-6.5,null,BRefeldin A from Penicillium brefeldianum,null,-1.3,null,null,null,13.732,-73.668,4.955,0.559,0.741,null,null,null,null,null,null,-88.647,null,null,-70.556,-84.289,-375.359,-375.192,null,null,null,null,null,null,null,null,null,KQNZDYYTLMIZCT,null,TRND,tiyrNHDuVGskpYmtrj,null,null,null,null,null,null,null,null,null,[NO STEREO] 20350-15-6,GBF1,null,null,0,4,0,null,null,173030,0 0 0 0,1,1,2025-06-17 15:22:09,null,null,null,null,null,null,null,364780503,activity,null,HTS,null,-84.289,-70.556,-73.143,-77.97,null,null,null,null,null,null,null,null,null,null,null,null,null,null,null,null,null,null,null,null,null,278938089
TRND-Glioblastoma_LOPAC_A172-primary_screen2,NCGC00015335-35,activity,null,4,-14,11.504,CN(C)CCOC(C1=CC=CC=C1)C2=CC=CC=C2,null,null,null,null,null,D3630,SIGMA,2021_LOPAC_01,null,null,Diphenhydramine hydrochloride,null,4,null,null,null,11.312,9,4.955,0.404,0.885,null,null,null,null,null,null,23,null,null,18.71,7.398,69.211,69.423,null,null,null,null,null,null,null,null,null,ZZVUWRFHKOJYTH,null,TRND,WopWClbYbErncEfcoX,null,null,null,null,CL,null,null,null,null,147-24-0,null,null,null,0,4,0,null,null,173030,0 0 0 0,1,1,2025-06-17 15:22:09,null,null,null,null,null,null,null,364783431,activity,null,HTS,null,18.71,8.68,7.398,11.504,null,null,null,null,null,null,null,null,null,null,null,null,null,null,null,null,null,null,null,null,null,278938090
TRND-Glioblastoma_LOPAC_A172-primary_screen2,NCGC00015626-07,activity,2.818383,-2.4,-69.921,-60.68,COC1=C(CNCCCCCCNCCCCCCCCNCCCCCCNCC2=C(OC)C=CC=C2)C=CC=C1,null,null,null,null,null,M105,SIGMA,2021_LOPAC_01,-5.55,null,Methoctramine tetrahydrochloride,null,-2.2,null,null,null,57.851,-67.316,0.9,0.087,0.995,null,null,null,null,null,null,2.604,null,null,-2.83,-60.68,-87.206,-91.654,null,null,null,null,null,null,null,null,null,RPMBYDYUVKEZJA,null,TRND,HOpDuRaKaEyjwVAvEM,null,null,null,null,CL,null,null,null,null,null,null,null,null,0,4,0,null,null,173030,0 0 0 0,1,1,2025-06-17 15:22:09,null,null,null,null,null,null,null,364784467,activity,null,HTS,9.155437,-2.83,-23.111,-44.765,-60.68,null,null,null,null,null,null,null,null,null,null,null,null,null,null,null,null,null,null,null,null,null,278938091
TRND-Glioblastoma_LOPAC_A172-primary_screen2,NCGC00163153-05,activity,null,4,0,12.967,COCCNC(=O)COC1=CC=C(OCCNC[C@H](O)COC2=CC=CC=C2)C=C1,null,null,null,null,null,Z4902,SIGMA,2021_LOPAC_01,null,null,ZD 7114 hydrochloride,null,4,null,null,null,7.858,0,null,null,null,null,null,null,null,null,null,0,null,null,17.009,9.15,68.425,null,null,null,null,null,null,null,null,null,null,RVMBDLSFFNKKLG,null,TRND,yqLbpSrldzongeAiDZ,null,null,null,null,CL,null,null,null,null,null,null,null,null,0,4,null,null,null,173030,null,1,1,2025-06-17 15:22:09,null,null,null,null,null,null,null,364781811,activity,null,HTS,null,17.009,9.15,11.457,12.967,null,null,null,null,null,null,null,null,null,null,null,null,null,null,null,null,null,null,null,null,null,278938092
TRND-Glioblastoma_LOPAC_A172-primary_screen2,NCGC00024970-06,activity,null,4,-37.407,-12.423,CN(C)CCCC1=C(O)C=CC(=C1)C(=O)NC2=CC=C(C=C2)C3=CC=NC=C3,null,null,null,null,null,G0419,SIGMA,2021_LOPAC_01,null,null,GR 55562 dihydrobromide,null,4,null,null,null,30.069,-16.907,0.8,0.23,0.966,null,null,null,null,null,null,20.5,null,null,17.646,-12.423,49.309,47.735,null,null,null,null,null,null,null,null,null,ZAGAUUVCYGSPBP,null,TRND,WkOTqSHnuKnsoSXubq,null,null,null,null,BR,null,null,null,null,null,null,null,null,0,4,0,null,null,173030,0 0 0 0,1,1,2025-06-17 15:22:09,null,null,null,null,null,null,null,364783807,activity,null,HTS,null,17.646,8.124,1.702,-12.423,null,null,null,null,null,null,null,null,null,null,null,null,null,null,null,null,null,null,null,null,null,278938093
TRND-Glioblastoma_LOPAC_A172-primary_screen2,NCGC00482764-04,activity,5.011872,-2.1,-96.439,-95.177,COC1=C(OC)C=C2C(=C1)C=[N+](C)C3=C2C=CC4=CC5=C(OCO5)C=C34,null,null,null,null,null,SML0610,SIGMA,2021_LOPAC_01,-5.3,null,Nitidine chloride,null,-2.1,null,null,null,94.226,-97.081,1.692,0.035,0.999,null,null,null,null,null,null,-0.641,null,null,-0.951,-95.177,-101.354,-101.767,null,null,null,null,null,null,null,null,null,KKMPSGJPCCJYRV,null,TRND,menlbWLxywmAvZLMKW,null,null,null,null,CL,null,null,null,null,null,null,null,null,0,4,0,null,null,173030,0 0 0 0,1,1,2025-06-17 15:22:09,null,null,null,null,null,null,null,364784311,activity,null,HTS,5.193239,-0.951,-10.136,-59.486,-95.177,null,null,null,null,null,null,null,null,null,null,null,null,null,null,null,null,null,null,null,null,null,278938094
TRND-Glioblastoma_LOPAC_A172-primary_screen2,NCGC00023939-17,activity,null,4,0,2.665,C[C@]12CC(=O)[C@H]3[C@@H](CCC4=CC(=O)CC[C@]34C)[C@@H]1CC[C@]2(O)C(=O)CO,null,null,null,null,null,C2755,SIGMA,2021_LOPAC_01,null,null,Cortisone,null,4,null,null,null,4.747,0,null,null,null,null,null,null,null,null,null,0,null,null,3.317,-1.43,10.637,null,null,null,null,null,null,null,null,null,null,MFYSYFVPBJMHGN,null,TRND,zxQNaHFPIjqWxUqBeQ,null,null,null,null,null,null,null,null,null,53-06-5,null,null,null,0,4,null,null,null,173030,null,1,1,2025-06-17 15:22:09,null,null,null,null,null,null,null,364785075,activity,null,HTS,null,2.852,-1.43,3.317,2.665,null,null,null,null,null,null,null,null,null,null,null,null,null,null,null,null,null,null,null,null,null,278938095
TRND-Glioblastoma_LOPAC_A172-primary_screen2,NCGC00015007-28,activity,null,4,0,5.194,CC(C)NCC(O)COC1=CC=C(CC(N)=O)C=C1,null,null,null,null,null,A7655,SIGMA,2021_LOPAC_01,null,null,(±)-Atenolol,null,4,null,null,null,8.957,0,null,null,null,null,null,null,null,null,null,0,null,null,11.652,2.694,41.842,null,null,null,null,null,null,null,null,null,null,METKIMKYRPQLGS,null,TRND,cRBYOjgucPRNBWNiLD,null,null,null,null,null,null,null,null,null,29122-68-7,null,null,null,0,4,null,null,null,173030,null,1,1,2025-06-17 15:22:09,null,null,null,null,null,null,null,364782863,activity,null,HTS,null,11.652,7,2.694,5.194,null,null,null,null,null,null,null,null,null,null,null,null,null,null,null,null,null,null,null,null,null,278938096
TRND-Glioblastoma_LOPAC_A172-primary_screen2,NCGC00015769-35,activity,50.118723,5,-30.316,-84.749,C[C@@H]1O[C@@H](O[C@H]2C[C@@H](O)[C@]3(CO)[C@H]4[C@H](O)C[C@]5(C)[C@H](CC[C@]5(O)[C@@H]4CC[C@]3(O)C2)C6=CC(=O)OC6)[C@H](O)[C@H](O)[C@H]1O,null,null,null,null,null,O3125,SIGMA,2021_LOPAC_01,-4.3,null,Ouabain,null,-2.1,null,null,null,7.347,-100.199,0.2,0.334,0.927,null,null,null,null,null,null,-69.883,null,null,-77.402,-84.749,-372.398,-373.278,null,null,null,null,null,null,null,null,null,LPMXVESGRSUGHW,null,TRND,bvKZlhGtslaTCXogxk,null,Na+/K+ ATPase inhibitor,null,null,H2O,null,null,null,null,[NO STEREO] 630-60-4,ATP1A1,null,null,0,4,0,null,null,173030,0 0 0 0,1,1,2025-06-17 15:22:09,null,null,null,null,null,null,null,364784491,activity,null,HTS,null,-77.402,-80.68,-81.026,-84.749,null,null,null,null,null,null,null,null,null,null,null,null,null,null,null,null,null,null,null,null,null,278938097
TRND-Glioblastoma_LOPAC_A172-primary_screen2,NCGC00024961-18,activity,null,4,-12.972,9.263,N[S+]([O-])(=O)C1=CC=CC2=C1C(=CC3=C2N=C([O-])C([O-])=N3)[N+]([O-])=O,null,null,null,null,null,N183,SIGMA,2021_LOPAC_01,null,null,NBQx disodium,null,4,null,null,null,17.339,-2.972,4.955,1,0.507,null,null,null,null,null,null,10,null,null,16.529,-0.81,21.514,32.859,null,null,null,null,null,null,null,null,null,JZOPETSAENPCAE,null,TRND,taSeyETnObqIjesKrS,null,null,null,null,SODIUM,null,null,null,null,null,null,null,null,0,4,1,null,null,173030,0 0 0 1,1,1,2025-06-17 15:22:09,null,null,null,null,null,null,null,364782559,activity,null,HTS,null,3.948,16.529,-0.81,9.263,null,null,null,null,null,null,null,null,null,null,null,null,null,null,null,null,null,null,null,null,null,278938098
TRND-Glioblastoma_LOPAC_A172-primary_screen2,NCGC00021139-40,activity,null,4,0,18.794,O=C1NC(=O)C(N1)(C2=CC=CC=C2)C3=CC=CC=C3,null,null,null,null,null,D4505,SIGMA,2021_LOPAC_01,null,null,Phenytoin sodium,null,4,null,null,null,7.685,0,null,null,null,null,null,null,null,null,null,0,null,null,20.639,12.954,90.569,null,null,null,null,null,null,null,null,null,null,CXOFVDLJLONNDW,null,TRND,sbTkdISRnDQgnYnuCm,null,null,null,null,null,null,null,null,null,57-41-0,null,null,null,0,4,null,null,null,173030,null,1,1,2025-06-17 15:22:09,null,null,null,null,null,null,null,364780267,activity,null,HTS,null,20.639,12.954,20.533,18.794,null,null,null,null,null,null,null,null,null,null,null,null,null,null,null,null,null,null,null,null,null,278938099
TRND-Glioblastoma_LOPAC_A172-primary_screen2,NCGC00015808-11,activity,null,4,-23,8.48,O=C(OCCN1CCOCC1)C2(CCCCC2)C3=CC=CC=C3,null,null,null,null,null,P2607,SIGMA,2021_LOPAC_01,null,null,PRE-084,null,4,null,null,null,19.122,8,1.21,0.059,0.998,null,null,null,null,null,null,31,null,null,27.602,8.48,101.678,102.827,null,null,null,null,null,null,null,null,null,RQHKZUBCUZVZEF,null,TRND,ljBMEkOMiFbBUeLAnS,null,null,null,null,CL,null,null,null,null,null,null,null,null,0,4,0,null,null,173030,0 0 0 0,1,1,2025-06-17 15:22:09,null,null,null,null,null,null,null,364783275,activity,null,HTS,null,27.602,19.367,10.132,8.48,null,null,null,null,null,null,null,null,null,null,null,null,null,null,null,null,null,null,null,null,null,278938100
TRND-Glioblastoma_LOPAC_A172-primary_screen2,NCGC00094363-12,activity,null,4,0,4.923,[H][C@@](N)(CO)C(O)=O,null,null,null,null,null,S4250,SIGMA,2021_LOPAC_01,null,null,D-Serine,null,4,null,null,null,6.86,0,null,null,null,null,null,null,null,null,null,0,null,null,11.783,4.923,50.841,null,null,null,null,null,null,null,null,null,null,MTCFGRXMJLQNBG,null,TRND,gznPBdpyfGKFWqEZCk,null,null,null,null,null,null,null,null,null,312-84-5,null,null,null,0,4,null,null,null,173030,null,1,1,2025-06-17 15:22:09,null,null,null,null,null,null,null,364782975,activity,null,HTS,null,11.783,11.768,10.481,4.923,null,null,null,null,null,null,null,null,null,null,null,null,null,null,null,null,null,null,null,null,null,278938101
TRND-Glioblastoma_LOPAC_A172-primary_screen2,NCGC00159456-36,activity,19.952623,-3,-114.126,-93.016,CN1CCN(CC2=CC=C(C=C2)C(=O)NC3=CC=C(C)C(NC4=NC=CC(=N4)C5=CC=CN=C5)=C3)CC1,null,null,null,null,null,SML1027,SIGMA,2021_LOPAC_01,-4.7,null,Imatinib mesylate,null,-3,null,null,null,114.928,-100.126,4.955,0.782,0.967,null,null,null,null,null,null,14,null,null,21.912,-93.016,-30.854,9.837,null,null,null,null,null,null,null,null,null,KTUFNOKKBVMGRW,null,TRND,TNBMZejgjeCAqtxDEX,null,Bcr-Abl Kinase inhibitor,null,null,SULFONICACID_V1,null,null,null,null,220127-57-1,ABL1,null,null,0,4,1,null,null,173030,1 0 0 0,1,1,2025-06-17 15:22:09,null,null,null,null,null,null,null,364785223,activity,null,HTS,19.942478,-70.36,0.783,21.912,-93.016,null,null,null,null,null,null,null,null,null,null,null,null,null,null,null,null,null,null,null,null,null,278938102
TRND-Glioblastoma_LOPAC_A172-primary_screen2,NCGC00162225-24,activity,null,4,0,9.961,[H][C@@]1(CN2CCSC2=N1)C3=CC=CC=C3,null,null,null,null,null,L9756,SIGMA,2021_LOPAC_01,null,null,(-)-Tetramisole hydrochloride,null,4,null,null,null,7.949,0,null,null,null,null,null,null,null,null,null,0,null,null,9.961,2.012,38.779,null,null,null,null,null,null,null,null,null,null,HLFSDGLLUJUHTE,null,TRND,UsIcwHdnKVkKmjhfcS,null,null,null,null,CL,null,null,null,null,16595-80-5,null,null,null,0,4,null,null,null,173030,null,1,1,2025-06-17 15:22:09,null,null,null,null,null,null,null,364782995,activity,null,HTS,null,9.932,6.544,2.012,9.961,null,null,null,null,null,null,null,null,null,null,null,null,null,null,null,null,null,null,null,null,null,278938103
TRND-Glioblastoma_LOPAC_A172-primary_screen2,NCGC00094112-17,activity,4.466836,-2.1,-95.916,-96.898,O\N=C1C2=CC=CC=C2NC\1=C3\C(=O)NC4=CC(Br)=CC=C34,null,null,null,null,null,B1686,SIGMA,2021_LOPAC_01,-5.35,null,BIO,null,-2.1,null,null,null,93.834,-97.091,2.406,0.039,0.999,null,null,null,null,null,null,-1.176,null,null,-3.063,-96.898,-111.429,-107.863,null,null,null,null,null,null,null,null,null,DDLZLOKCJHBUHD,null,TRND,NYsZQbrEFEoJiodDum,null,Arachidonate 5-Lipoxygenase inhibitor,null,null,null,null,null,null,null,null,ALOX5,null,null,0,4,0,null,null,173030,0 0 0 0,1,1,2025-06-17 15:22:09,null,null,null,null,null,null,null,364783531,activity,null,HTS,4.579482,-3.063,-4.895,-69.455,-96.898,null,null,null,null,null,null,null,null,null,null,null,null,null,null,null,null,null,null,null,null,null,278938104
TRND-Glioblastoma_LOPAC_A172-primary_screen2,NCGC00345496-14,activity,null,4,-26.976,-14.564,NC1=NC2=C(NC=N2)C(OCC3=CC(Br)=CS3)=N1,null,null,null,null,null,SML0586,SIGMA,2021_LOPAC_01,null,null,Lomeguatrib,null,4,null,null,null,28.533,-14.976,3.065,0.149,0.986,null,null,null,null,null,null,12,null,null,13.969,-14.564,33.861,36.897,null,null,null,null,null,null,null,null,null,JUJPKFNFCWJBCX,null,TRND,RmnbCJblrruROliZhF,null,Methylated-DNA--protein-cysteine methyltransferase inhibitor,null,null,null,null,null,null,null,192441-08-0,MGMT,null,null,0,4,0,null,null,173030,0 0 0 0,1,1,2025-06-17 15:22:09,null,null,null,null,null,null,null,364784087,activity,null,HTS,null,10.392,13.969,4.17,-14.564,null,null,null,null,null,null,null,null,null,null,null,null,null,null,null,null,null,null,null,null,null,278938105
TRND-Glioblastoma_LOPAC_A172-primary_screen2,NCGC00024996-37,activity,null,4,-53.316,-17.764,[H][C@@]12[C@H](O)[C@H](OC(C)=O)[C@@]3(C)O[C@](C)(CC(=O)[C@]3(O)[C@@]1(C)[C@@H](O)CCC2(C)C)C=C,null,null,null,null,null,F6886,SIGMA,2021_LOPAC_01,null,null,Forskolin,null,4,null,null,null,38.791,-25.316,0.7,0.097,0.994,null,null,null,null,null,null,28,null,null,21.027,-17.764,53.014,52.421,null,null,null,null,null,null,null,null,null,OHCQJHSOBUTRHG,null,TRND,VGABVEGWSTGOPHiZlY,null,null,null,null,null,null,null,null,null,66575-29-9,null,null,null,0,4,0,null,null,173030,0 0 0 0,1,1,2025-06-17 15:22:09,null,null,null,null,null,null,null,364780555,activity,null,HTS,null,21.027,9.198,-3.475,-17.764,null,null,null,null,null,null,null,null,null,null,null,null,null,null,null,null,null,null,null,null,null,278938106
TRND-Glioblastoma_LOPAC_A172-primary_screen2,NCGC00016033-12,activity,null,4,-20,9.158,OC(=O)CNC(=O)C(CS)CC1=CC=CC=C1,null,null,null,null,null,T6031,SIGMA,2021_LOPAC_01,null,null,DL-Thiorphan,null,4,null,null,null,26.613,4,4.955,0.467,0.836,null,null,null,null,null,null,24,null,null,27.541,0.928,80.744,88.425,null,null,null,null,null,null,null,null,null,LJJKNPQAGWVLDQ,null,TRND,cRVByBGLqANIGcTztE,null,null,null,null,null,null,null,null,null,76721-89-6,null,null,null,0,4,0,null,null,173030,0 0 0 0,1,1,2025-06-17 15:22:09,null,null,null,null,null,null,null,364781387,activity,null,HTS,null,20.192,27.541,0.928,9.158,null,null,null,null,null,null,null,null,null,null,null,null,null,null,null,null,null,null,null,null,null,278938107
TRND-Glioblastoma_LOPAC_A172-primary_screen2,NCGC00013226-33,activity,12.589254,-3,-112.166,-94.77,CN1CCN(CCCN2C3=C(SC4=C2C=C(C=C4)C(F)(F)F)C=CC=C3)CC1,null,null,null,null,null,T8516,SIGMA,2021_LOPAC_01,-4.9,null,Trifluoperazine dichloride,null,-3,null,null,null,113.076,-96.666,4.095,0.058,0.998,null,null,null,null,null,null,15.5,null,null,18.306,-94.77,2.531,9.524,null,null,null,null,null,null,null,null,null,ZEWQUBUPAILYHI,null,TRND,jzPsIYwmECfPxOnYZk,null,Dopamine Receptor D2 antagonist,null,null,CL,null,null,null,null,440-17-5,DRD2,null,null,0,4,0,null,null,173030,0 0 0 0,1,1,2025-06-17 15:22:09,null,null,null,null,null,null,null,364782563,activity,null,HTS,12.803226,12.293,18.306,7.785,-94.77,null,null,null,null,null,null,null,null,null,null,null,null,null,null,null,null,null,null,null,null,null,278937564
TRND-Glioblastoma_LOPAC_A172-primary_screen2,NCGC00263539-17,activity,19.952623,-3,-57.779,-43.156,ClC1=CC2=C(CC(=O)N2)C=C1CCN3CCN(CC3)C4=NSC5=CC=CC=C45,null,null,null,null,null,Z2777,SIGMA,2021_LOPAC_01,-4.7,null,Ziprasidone hydrochloride monohydrate,null,-3,null,null,null,60.149,-47.279,4.955,0.238,0.963,null,null,null,null,null,null,10.5,null,null,16.994,-43.156,7.916,21.014,null,null,null,null,null,null,null,null,null,MVWVFYHBGMAFLY,null,TRND,uKaiQOBjoVWSbldmrY,null,null,null,null,CL,null,null,null,null,146939-27-7,null,null,null,0,4,0,null,null,173030,0 0 0 0,1,1,2025-06-17 15:22:09,null,null,null,null,null,null,null,364784199,activity,null,HTS,null,4.173,16.994,10.221,-43.156,null,null,null,null,null,null,null,null,null,null,null,null,null,null,null,null,null,null,null,null,null,278937565
TRND-Glioblastoma_LOPAC_A172-primary_screen2,NCGC00162132-08,activity,null,4,-13,12.852,COC(=O)[C@@H](N)CC1=CC(O)=C(O)C=C1,null,null,null,null,null,D1507,SIGMA,2021_LOPAC_01,null,null,"L-3,4-Dihydroxyphenylalanine methyl ester hydrochloride",null,4,null,null,null,12.148,4.5,3.132,1,1,null,null,null,null,null,null,17.5,null,null,17.335,5.187,65.627,65.594,null,null,null,null,null,null,null,null,null,XBBDACCLCFWBSI,null,TRND,eNBApxjVFnzlogoApi,null,null,null,null,CL,null,null,null,null,1421-65-4,null,null,null,0,4,1,null,null,173030,0 0 0 1,1,1,2025-06-17 15:22:09,null,null,null,null,null,null,null,364782139,activity,null,HTS,null,17.335,15.98,5.187,12.852,null,null,null,null,null,null,null,null,null,null,null,null,null,null,null,null,null,null,null,null,null,278937566
TRND-Glioblastoma_LOPAC_A172-primary_screen2,NCGC00179384-11,activity,null,4,-21.127,-6.356,CN1CCN(CC1)C(c2ccccc2)c3ccc(Cl)cc3,null,null,null,null,null,SML1473,SIGMA,2021_LOPAC_01,null,null,Chlorcyclizine,null,4,null,null,null,22.649,-6.627,4.504,0.173,0.981,null,null,null,null,null,null,14.5,null,null,16.294,-6.356,51.789,55.024,null,null,null,null,null,null,null,null,null,WFNAKBGANONZEQ,null,TRND,BGogujDWXzklbVhuqV,null,null,null,null,null,null,null,null,null,14362-31-3,null,null,null,0,4,0,null,null,173030,0 0 0 0,1,1,2025-06-17 15:22:09,null,null,null,null,null,null,null,364782811,activity,null,HTS,null,12.894,16.294,11.382,-6.356,null,null,null,null,null,null,null,null,null,null,null,null,null,null,null,null,null,null,null,null,null,278937567
TRND-Glioblastoma_LOPAC_A172-primary_screen2,NCGC00186047-15,activity,null,4,0,12.063,OC1=CC=C2C=CC=CC2=C1SSC3=C4C=CC=CC4=CC=C3O,null,null,null,null,null,I2285,SIGMA,2021_LOPAC_01,null,null,IPA-3,null,4,null,null,null,7.018,0,null,null,null,null,null,null,null,null,null,0,null,null,12.063,5.045,42.425,null,null,null,null,null,null,null,null,null,null,RFAXLXKIAKIUDT,null,TRND,ONheldpsYMNxUEUjMh,null,Serine/threonine-protein kinase PAK 1 inhibitor,null,null,null,null,null,null,null,42521-82-4,PAK1,null,null,0,4,null,null,null,173030,null,1,1,2025-06-17 15:22:09,null,null,null,null,null,null,null,364785119,activity,null,HTS,null,9.314,9.599,5.045,12.063,null,null,null,null,null,null,null,null,null,null,null,null,null,null,null,null,null,null,null,null,null,278937568
TRND-Glioblastoma_LOPAC_A172-primary_screen2,NCGC00015580-29,activity,null,4,-28.626,-14.688,CN1CCC(CC1)=C2C3=C(SC=C3)C(=O)CC4=C2C=CC=C4,null,null,null,null,null,K2628,SIGMA,2021_LOPAC_01,null,null,Ketotifen fumarate,null,4,null,null,null,29.376,-16.626,4.955,0.249,0.96,null,null,null,null,null,null,12,null,null,14.688,-14.688,47.65,42.354,null,null,null,null,null,null,null,null,null,ZCVMWBYGMWKGHF,null,TRND,bJdCTxXxctgGjAWAdy,null,Histamine H1 Receptor antagonist,null,null,FUMARIC_ACID,null,null,null,null,[NO STEREO] 34580-14-8,HRH1,null,null,0,4,0,null,null,173030,0 0 0 0,1,1,2025-06-17 15:22:09,null,null,null,null,null,null,null,364784211,activity,null,HTS,null,14.688,8.225,12.67,-14.688,null,null,null,null,null,null,null,null,null,null,null,null,null,null,null,null,null,null,null,null,null,278937569
TRND-Glioblastoma_LOPAC_A172-primary_screen2,NCGC00015801-23,activity,null,4,-11,4.86,CN1C=NC2=C1C(=O)N(CCCCC(C)=O)C(=O)N2C,null,null,null,null,null,P1784,SIGMA,2021_LOPAC_01,null,null,Pentoxifylline,null,4,null,null,null,10.441,4,1.627,0.21,0.972,null,null,null,null,null,null,15,null,null,15.301,4.86,58.768,60.302,null,null,null,null,null,null,null,null,null,BYPFEZZEUUWMEJ,null,TRND,MdCrXLmUMofNiJSjkE,null,null,null,null,null,null,null,null,null,1677687,null,null,null,0,4,0,null,null,173030,0 0 0 0,1,1,2025-06-17 15:22:09,null,null,null,null,null,null,null,364783899,activity,null,HTS,null,14.134,15.301,9.002,4.86,null,null,null,null,null,null,null,null,null,null,null,null,null,null,null,null,null,null,null,null,null,278937570
TRND-Glioblastoma_LOPAC_A172-primary_screen2,NCGC00162110-23,activity,null,4,-16.5,0.159,[H][C@](CCN(C)C)(C1=CC=C(Cl)C=C1)C2=NC=CC=C2,null,null,null,null,null,C4915,SIGMA,2021_LOPAC_01,null,null,(+)-Chlorpheniramine maleate,null,4,null,null,null,18.673,0,4.045,0.319,0.932,null,null,null,null,null,null,16.5,null,null,18.832,0.159,60.86,67.045,null,null,null,null,null,null,null,null,null,SOYKEARSMXGVTM,null,TRND,kvoTOjUenGPSuOtCBX,null,null,null,null,MALEATE,null,null,null,null,2438-32-6,null,null,null,0,4,0,null,null,173030,0 0 0 0,1,1,2025-06-17 15:22:09,null,null,null,null,null,null,null,364781791,activity,null,HTS,null,13.729,18.832,13.608,0.159,null,null,null,null,null,null,null,null,null,null,null,null,null,null,null,null,null,null,null,null,null,278937571
TRND-Glioblastoma_LOPAC_A172-primary_screen2,NCGC00015758-10,activity,null,4,21.353,17.277,C[N+](C)(C)CC#CCN1CCCC1=O,null,null,null,null,null,O100,SIGMA,2021_LOPAC_01,null,null,Oxotremorine methiodide,null,4,null,null,null,23.957,20.5,3.065,0.298,0.941,null,null,null,null,null,null,-0.853,null,null,23.246,-0.711,32.082,32.167,null,null,null,null,null,null,null,null,null,CANZROMYQDHYHR,null,TRND,SUkMZthQYOHvAXKZMv,null,null,null,null,CL,null,null,null,null,null,null,null,null,0,4,0,null,null,173030,0 0 0 0,1,1,2025-06-17 15:22:09,null,null,null,null,null,null,null,364785147,activity,null,HTS,null,-0.711,12.473,23.246,17.277,null,null,null,null,null,null,null,null,null,null,null,null,null,null,null,null,null,null,null,null,null,278937572
TRND-Glioblastoma_LOPAC_A172-primary_screen2,NCGC00015819-30,activity,null,4,-36.145,-27.208,CCCNCC(O)COC1=C(C=CC=C1)C(=O)CCC2=CC=CC=C2,null,null,null,null,null,P4670,SIGMA,2021_LOPAC_01,null,null,Propafenone hydrochloride,null,4,null,null,null,40.105,-28.145,4.955,0.27,0.952,null,null,null,null,null,null,8,null,null,12.896,-27.208,29.097,18.717,null,null,null,null,null,null,null,null,null,JWHAUXFOSRPERK,null,TRND,nXaeyBmuPuGggzIcIx,null,Potassium Channel Subfamily K Member 3 Blocker,null,null,CL,null,null,null,null,34183-22-7,KCNK3,null,null,0,4,0,null,null,173030,0 0 0 0,1,1,2025-06-17 15:22:09,null,null,null,null,null,null,null,364782671,activity,null,HTS,null,12.896,3.264,7.62,-27.208,null,null,null,null,null,null,null,null,null,null,null,null,null,null,null,null,null,null,null,null,null,278937573
TRND-Glioblastoma_LOPAC_A172-primary_screen2,NCGC00015231-08,activity,null,4,-13,5.279,COC(=O)C(N)CC1=CC=C(Cl)C=C1,null,null,null,null,null,C3635,SIGMA,2021_LOPAC_01,null,null,DL-p-Chlorophenylalanine methyl ester hydrochloride,null,4,null,null,null,13.805,2,4.955,0.42,0.874,null,null,null,null,null,null,15,null,null,13.98,0.176,43.113,42.902,null,null,null,null,null,null,null,null,null,FBHPVOLRIXZZMD,null,TRND,SlQTcAKcLChvEhGxtE,null,null,null,null,CL,null,null,null,null,14173-40-1,null,null,null,0,4,0,null,null,173030,0 0 0 0,1,1,2025-06-17 15:22:09,null,null,null,null,null,null,null,364785099,activity,null,HTS,null,13.98,0.176,2.026,5.279,null,null,null,null,null,null,null,null,null,null,null,null,null,null,null,null,null,null,null,null,null,278937574
TRND-Glioblastoma_LOPAC_A172-primary_screen2,NCGC00162383-13,activity,null,4,-16.868,8.433,[H][C@@]1(C[C@](C)(N)[C@H](O)[C@H](C)O1)O[C@@H]2[C@@H](O)[C@H](O)[C@@H](CO)O[C@H]2OC3=C4OC5=C(Cl)C=C(C=C5)[C@@H](O)[C@]6([H])NC(=O)[C@]([H])(NC(=O)[C@]7([H])NC(=O)[C@H](CC(N)=O)NC(=O)[C@H](NC(=O)[C@@H](CC(C)C)NC)[C@H](O)C8=CC=C(OC3=CC7=C4)C(Cl)=C8)C9=CC=C(O)C(=C9)C%10=C(C=C(O)C=C%10O)[C@]([H])(NC6=O)C(O)=O,null,null,null,null,null,V8138,SIGMA,2021_LOPAC_01,null,null,Vancomycin hydrochloride from Streptomyces orientalis,null,4,null,null,null,17.752,1.632,4.955,0.605,0.675,null,null,null,null,null,null,18.5,null,null,17.445,-0.307,55.49,51.142,null,null,null,null,null,null,null,null,null,MYPYJXKWCTUITO,null,TRND,vnIpMbbVNbfZbIfRut,null,Anti-bacterial,null,null,CL,null,null,null,null,1404-93-9,mtgA,null,null,0,4,0,null,null,173030,0 0 0 0,1,1,2025-06-17 15:22:09,null,null,null,null,null,null,null,364784559,activity,null,HTS,null,17.445,-0.307,4.088,8.433,null,null,null,null,null,null,null,null,null,null,null,null,null,null,null,null,null,null,null,null,null,278937575
TRND-Glioblastoma_LOPAC_A172-primary_screen2,NCGC00162324-08,activity,null,4,0,11.163,C[C@@H](NCCC1=CC=C(O)C=C1)[C@@H](O)C2=CC=C(O)C=C2,null,null,null,null,null,R0758,SIGMA,2021_LOPAC_01,null,null,Ritodrine hydrochloride,null,4,null,null,null,21.269,0,null,null,null,null,null,null,null,null,null,0,null,null,32.432,11.163,118.882,null,null,null,null,null,null,null,null,null,null,IOVGROKTTNBUGK,null,TRND,NlRZJlNpWdbWVDoWCy,null,null,null,null,CL,null,null,null,null,23239-51-2,null,null,null,0,4,null,null,null,173030,null,1,1,2025-06-17 15:22:09,null,null,null,null,null,null,null,364780467,activity,null,HTS,null,32.432,20.091,12.826,11.163,null,null,null,null,null,null,null,null,null,null,null,null,null,null,null,null,null,null,null,null,null,278937576
TRND-Glioblastoma_LOPAC_A172-primary_screen2,NCGC00015045-19,activity,null,4,-21.5,20.08,CC(C[N+](C)(C)C)OC(C)=O,null,null,null,null,null,A2251,SIGMA,2021_LOPAC_01,null,null,Acetyl-beta-methylcholine chloride,null,4,null,null,null,16.052,10.5,4.955,1,0.984,null,null,null,null,null,null,32,null,null,25.486,9.434,91.561,91.007,null,null,null,null,null,null,null,null,null,NZWOPGCLSHLLPA,null,TRND,WdyLxAvxJSgqbmcNzF,null,null,null,null,CL,null,null,null,null,62-51-1,null,null,null,0,4,1,null,null,173030,0 0 0 1,1,1,2025-06-17 15:22:09,null,null,null,null,null,null,null,364781479,activity,null,HTS,null,25.486,9.434,11.625,20.08,null,null,null,null,null,null,null,null,null,null,null,null,null,null,null,null,null,null,null,null,null,278937577
TRND-Glioblastoma_LOPAC_A172-primary_screen2,NCGC00186014-13,activity,null,4,17,13.3,CC1=C(CCN2CCC(CC2)C3=NOC4=C3C=CC(F)=C4)/C(=O)N5CCCC(O)\C5=N\1,null,null,null,null,null,P0099,SIGMA,2021_LOPAC_01,null,null,Paliperidone,null,4,null,null,null,10.73,16.5,0.6,0.103,0.993,null,null,null,null,null,null,-0.5,null,null,13.3,2.57,25.245,25.247,null,null,null,null,null,null,null,null,null,PMXMIIMHBWHSKN,null,TRND,MzbitIDvURfHqjOBmQ,null,null,null,null,null,null,null,null,null,144598-75-4,null,null,null,0,4,0,null,null,173030,0 0 0 0,1,1,2025-06-17 15:22:09,null,null,null,null,null,null,null,364780483,activity,null,HTS,null,2.57,6.369,9.537,13.3,null,null,null,null,null,null,null,null,null,null,null,null,null,null,null,null,null,null,null,null,null,278937578
TRND-Glioblastoma_LOPAC_A172-primary_screen2,NCGC00013459-13,activity,null,4,-10,8.308,NCCSSCCN,null,null,null,null,null,C7255,SIGMA,2021_LOPAC_01,null,null,Cystamine dihydrochloride,null,4,null,null,null,10.468,4,4.955,0.736,0.383,null,null,null,null,null,null,14,null,null,18.776,8.308,53.851,62.819,null,null,null,null,null,null,null,null,null,APQPRKLAWCIJEK,null,TRND,fKkkmWlwWbeOunuUNj,null,null,null,null,CL,null,null,null,null,51-85-4,null,null,null,0,4,0,null,null,173030,0 0 0 0,1,1,2025-06-17 15:22:09,null,null,null,null,null,null,null,364783755,activity,null,HTS,null,9.514,18.776,14.243,8.308,null,null,null,null,null,null,null,null,null,null,null,null,null,null,null,null,null,null,null,null,null,278937579
TRND-Glioblastoma_LOPAC_A172-primary_screen2,NCGC00162252-06,activity,null,4,0,-6.353,CC1=C(O)C(C=O)=C(COP([O-])([O-])=O)C(=N1)\N=N\C2=CC=C(C=C2)C([O-])=O,null,null,null,null,null,M7684,SIGMA,2021_LOPAC_01,null,null,MRS 2159,null,4,null,null,null,8.892,0,null,null,null,null,null,null,null,null,null,0,null,null,2.539,-6.353,-12.231,null,null,null,null,null,null,null,null,null,null,NPBWMMRUXMTIRC,null,TRND,jMKaLNWpfyxsHesTVY,null,null,null,null,SODIUM,null,null,null,null,null,null,null,null,0,4,null,null,null,173030,null,1,1,2025-06-17 15:22:09,null,null,null,null,null,null,null,364783643,activity,null,HTS,null,-4.323,2.539,1.902,-6.353,null,null,null,null,null,null,null,null,null,null,null,null,null,null,null,null,null,null,null,null,null,278937580
TRND-Glioblastoma_LOPAC_A172-primary_screen2,NCGC00015726-17,activity,null,4,0,5.129,O=C(CCNNC(=O)C1=CC=NC=C1)NCC2=CC=CC=C2,null,null,null,null,null,N1392,SIGMA,2021_LOPAC_01,null,null,Nialamide,null,4,null,null,null,8.575,0,null,null,null,null,null,null,null,null,null,0,null,null,13.705,5.129,53.128,null,null,null,null,null,null,null,null,null,null,NOIIUHRQUVNIDD,null,TRND,WAxitmPLOXnBgRvOWL,null,null,null,null,null,null,null,null,null,51-12-7,null,null,null,0,4,null,null,null,173030,null,1,1,2025-06-17 15:22:09,null,null,null,null,null,null,null,364784515,activity,null,HTS,null,13.705,11.415,6.322,5.129,null,null,null,null,null,null,null,null,null,null,null,null,null,null,null,null,null,null,null,null,null,278937581
TRND-Glioblastoma_LOPAC_A172-primary_screen2,NCGC00162357-04,activity,null,4,-21,5.225,[H][C@@]1(CNC2=C(N1)C(=O)NC(N)=N2)C(O)C(C)O,null,null,null,null,null,T4425,SIGMA,2021_LOPAC_01,null,null,"(6R)-5,6,7,8-Tetrahydro-L-biopterin hydrochloride",null,4,null,null,null,23.825,3.5,4.955,0.224,0.968,null,null,null,null,null,null,24.5,null,null,26.161,2.336,84.834,89.557,null,null,null,null,null,null,null,null,null,FNKQXYHWGSIFBK,null,TRND,atfekjuqkKBXNlFhxM,null,null,null,null,CL,null,null,null,null,null,null,null,null,0,4,0,null,null,173030,0 0 0 0,1,1,2025-06-17 15:22:09,null,null,null,null,null,null,null,364783271,activity,null,HTS,null,22.403,26.161,2.336,5.225,null,null,null,null,null,null,null,null,null,null,null,null,null,null,null,null,null,null,null,null,null,278937582
TRND-Glioblastoma_LOPAC_A172-primary_screen2,NCGC00187909-14,activity,null,4,-10.547,-6.706,CCCCCCCCCCCCCCCCCCOP([O-])(=O)OC1CC[N+](C)(C)CC1,null,null,null,null,null,SML0612,SIGMA,2021_LOPAC_01,null,null,Perifosine,null,4,null,null,null,12.792,-7.047,4.504,0.46,0.844,null,null,null,null,null,null,3.5,null,null,6.086,-6.706,5.064,10.944,null,null,null,null,null,null,null,null,null,SZFPYBIJACMNJV,null,TRND,dhwWcvueJlyacBtEgo,null,AKT serine/threonine kinase inhibitor,null,null,null,null,null,null,null,157716-52-4,AKT1,null,null,0,4,0,null,null,173030,0 0 0 0,1,1,2025-06-17 15:22:09,null,null,null,null,null,null,null,364781287,activity,null,HTS,null,0.745,6.086,3.243,-6.706,null,null,null,null,null,null,null,null,null,null,null,null,null,null,null,null,null,null,null,null,null,278937583
TRND-Glioblastoma_LOPAC_A172-primary_screen2,NCGC00015822-27,activity,null,4,-31.5,13.566,COC1=CC=C(CN(CCN(C)C)C2=CC=CC=N2)C=C1,null,null,null,null,null,P5514,SIGMA,2021_LOPAC_01,null,null,Pyrilamine maleate,null,4,null,null,null,12.499,-1.5,0.3,0.663,0.571,null,null,null,null,null,null,30,null,null,26.065,13.566,106.94,103.016,null,null,null,null,null,null,null,null,null,YECBIJXISLIIDS,null,TRND,PRtqUMFtUmCmcEZjSI,null,null,null,null,MALEATE,null,null,null,null,59-33-6,null,null,null,0,4,0,null,null,173030,0 0 0 0,1,1,2025-06-17 15:22:09,null,null,null,null,null,null,null,364780767,activity,null,HTS,null,26.065,17.122,22.177,13.566,null,null,null,null,null,null,null,null,null,null,null,null,null,null,null,null,null,null,null,null,null,278937584
TRND-Glioblastoma_LOPAC_A172-primary_screen2,NCGC00507712-02,activity,null,4,-17.727,-3.105,COC1=CC=C(\C=C\C(=O)NC2=CC=C(C=C2)C(F)(F)F)C=C1OC,null,null,null,null,null,SML1626,SIGMA,2021_LOPAC_01,null,null,TFCA,null,4,null,null,null,17.677,-4.227,4.955,0.228,0.967,null,null,null,null,null,null,13.5,null,null,14.571,-3.105,56.436,54.746,null,null,null,null,null,null,null,null,null,KFWWXJZNIMFFRO,null,TRND,WTNevBOyqIuhckBWNF,null,null,null,null,null,null,null,null,null,null,null,null,null,0,4,0,null,null,173030,0 0 0 0,1,1,2025-06-17 15:22:09,null,null,null,null,null,null,null,364782383,activity,null,HTS,null,14.571,11.176,14.043,-3.105,null,null,null,null,null,null,null,null,null,null,null,null,null,null,null,null,null,null,null,null,null,278937585
TRND-Glioblastoma_LOPAC_A172-primary_screen2,NCGC00015095-33,activity,11.220185,-3,-39.21,-36.588,CN(C)CCC=C1C2=C(CCC3=C1C=CC=C3)C=CC=C2,null,null,null,null,null,A8404,SIGMA,2021_LOPAC_01,-4.95,null,Amitriptyline hydrochloride,null,-3,null,null,null,42.738,-37.71,3.297,0.261,0.956,null,null,null,null,null,null,1.5,null,null,6.15,-36.588,-7.788,-17.215,null,null,null,null,null,null,null,null,null,KRMDCWKBEZIMAB,null,TRND,XlfbnRWAIJyXMgUxoB,null,null,null,null,CL,null,null,null,null,549-18-8,null,null,null,0,4,0,null,null,173030,0 0 0 0,1,1,2025-06-17 15:22:09,null,null,null,null,null,null,null,364782079,activity,null,HTS,null,6.15,-3.49,-4.552,-36.588,null,null,null,null,null,null,null,null,null,null,null,null,null,null,null,null,null,null,null,null,null,278937586
TRND-Glioblastoma_LOPAC_A172-primary_screen2,NCGC00015466-28,activity,null,4,0,1.032,NCC1(CC(O)=O)CCCCC1,null,null,null,null,null,G154,SIGMA,2021_LOPAC_01,null,null,Gabapentin,null,4,null,null,null,8.982,0,null,null,null,null,null,null,null,null,null,0,null,null,10.014,1.032,32.281,null,null,null,null,null,null,null,null,null,null,UGJMXCAKCUNAIE,null,TRND,LfmzTBBiWKjomJmYxV,null,Voltage-dependent calcium channel subunit alpha-2/delta-1 ligand,null,null,null,null,null,null,null,60142-96-3,CACNA2D1,null,null,0,4,null,null,null,173030,null,1,1,2025-06-17 15:22:09,null,null,null,null,null,null,null,364781763,activity,null,HTS,null,6.558,10.014,9.353,1.032,null,null,null,null,null,null,null,null,null,null,null,null,null,null,null,null,null,null,null,null,null,278937587
TRND-Glioblastoma_LOPAC_A172-primary_screen2,NCGC00015831-18,activity,null,4,-25.606,-2.378,CN(C)CCC(C1=CC=CC=C1)C2=NC=CC=C2,null,null,null,null,null,P6902,SIGMA,2021_LOPAC_01,null,null,Pheniramine maleate,null,4,null,null,null,23.902,-2.606,4.955,0.298,0.941,null,null,null,null,null,null,23,null,null,17.98,-5.922,44.761,44.884,null,null,null,null,null,null,null,null,null,IJHNSHDBIRRJRN,null,TRND,HzPEHWWDplnkLCbTuI,null,null,null,null,MALEATE,null,null,null,null,132-20-7,null,null,null,0,4,0,null,null,173030,0 0 0 0,1,1,2025-06-17 15:22:09,null,null,null,null,null,null,null,364781739,activity,null,HTS,null,17.98,-5.922,0.358,-2.378,null,null,null,null,null,null,null,null,null,null,null,null,null,null,null,null,null,null,null,null,null,278937588
TRND-Glioblastoma_LOPAC_A172-primary_screen2,NCGC00015385-30,activity,null,4,-17.731,-4.775,OCCN(CCO)C1=NC2=C(N=C(N=C2C(=N1)N3CCCCC3)N(CCO)CCO)N4CCCCC4,null,null,null,null,null,D9766,SIGMA,2021_LOPAC_01,null,null,Dipyridamole,null,4,null,null,null,20.337,-5.231,2.333,0.406,0.883,null,null,null,null,null,null,12.5,null,null,15.562,-4.775,35.407,43.623,null,null,null,null,null,null,null,null,null,IZEKFCXSFNUWAM,null,TRND,qlRvqadWHTeLuxDXeJ,null,null,null,null,null,null,null,null,null,58-32-2,null,null,null,0,4,0,null,null,173030,0 0 0 0,1,1,2025-06-17 15:22:09,null,null,null,null,null,null,null,364784031,activity,null,HTS,null,8.738,15.562,3.992,-4.775,null,null,null,null,null,null,null,null,null,null,null,null,null,null,null,null,null,null,null,null,null,278937589
TRND-Glioblastoma_LOPAC_A172-primary_screen2,NCGC00185990-21,activity,null,4,-26,4.025,OC(=O)C1CCN2C1=CC=C2C(=O)C3=CC=CC=C3,null,null,null,null,null,K1136,SIGMA,2021_LOPAC_01,null,null,Ketorolac tris salt,null,4,null,null,null,18.558,-2,0.8,0.03,0.999,null,null,null,null,null,null,24,null,null,22.583,4.025,86.446,85.954,null,null,null,null,null,null,null,null,null,OZWKMVRBQXNZKK,null,TRND,fXuhBAJOQuYsWqOoaF,null,null,null,null,TROMETHAMINE,null,null,null,null,null,null,null,null,0,4,0,null,null,173030,0 0 0 0,1,1,2025-06-17 15:22:09,null,null,null,null,null,null,null,364782295,activity,null,HTS,null,22.583,18.971,12.015,4.025,null,null,null,null,null,null,null,null,null,null,null,null,null,null,null,null,null,null,null,null,null,278937590
TRND-Glioblastoma_LOPAC_A172-primary_screen2,NCGC00023217-21,activity,null,4,-14.5,14.6,CC1=CC=C(Cl)C(NC2=CC=CC=C2C([O-])=O)=C1Cl,null,null,null,null,null,M4531,SIGMA,2021_LOPAC_01,null,null,Meclofenamic acid sodium,null,4,null,null,null,10.994,17.5,4.449,0.685,0.523,null,null,null,null,null,null,32,null,null,25.595,14.6,105.218,104.772,null,null,null,null,null,null,null,null,null,SBDNJUWAMKYJOX,null,TRND,hdmlcfIdWOqIitHOBF,null,null,null,null,SODIUM,null,null,null,null,6385-02-0,null,null,null,0,4,0,null,null,173030,0 0 0 0,1,1,2025-06-17 15:22:09,null,null,null,null,null,null,null,364780399,activity,null,HTS,null,25.595,14.907,23.017,14.6,null,null,null,null,null,null,null,null,null,null,null,null,null,null,null,null,null,null,null,null,null,278937591
TRND-Glioblastoma_LOPAC_A172-primary_screen2,NCGC00167848-11,activity,5.623413,-2.3,-105.85,-95.94,[O-][N+](=O)C1=CC2=C(C=C[S+]2([O-])=O)C=C1,null,null,null,null,null,S7947,SIGMA,2021_LOPAC_01,-5.25,null,Stattic,null,-2.1,null,null,null,123.041,-104.191,1.627,0.339,0.991,null,null,null,null,null,null,1.659,null,null,27.102,-95.94,-98.749,-95.562,null,null,null,null,null,null,null,null,null,ZRRGOUHITGRLBA,null,TRND,sKSPzaKaScdBSOhMmP,null,null,null,null,null,null,null,null,null,null,null,null,null,0,4,1,null,null,173030,1 0 0 0,1,1,2025-06-17 15:22:09,null,null,null,null,null,null,null,364780419,activity,null,HTS,5.351936,27.102,-1.951,-59.4,-95.94,null,null,null,null,null,null,null,null,null,null,null,null,null,null,null,null,null,null,null,null,null,278937592
TRND-Glioblastoma_LOPAC_A172-primary_screen2,NCGC00386282-12,activity,null,4,-7.5,0.793,CCCC(C)NC(=O)C1=CC=C(Cl)C(Cl)=C1,null,null,null,null,null,SML0518,SIGMA,2021_LOPAC_01,null,null,NSC405020,null,4,null,null,null,12.069,0.5,4.955,0.671,0.554,null,null,null,null,null,null,8,null,null,12.365,0.296,18.264,28.584,null,null,null,null,null,null,null,null,null,ARDYECYBETXQFD,null,TRND,DcJPibliRumhYKjNsI,null,null,null,null,null,null,null,null,null,null,null,null,null,0,4,0,null,null,173030,0 0 0 0,1,1,2025-06-17 15:22:09,null,null,null,null,null,null,null,364783195,activity,null,HTS,null,3.243,12.365,0.296,0.793,null,null,null,null,null,null,null,null,null,null,null,null,null,null,null,null,null,null,null,null,null,278937593
TRND-Glioblastoma_LOPAC_A172-primary_screen2,NCGC00181016-21,activity,null,4,-15.5,6.01,CC1=C(C=C2C(=C1)C(C)(C)CCC2(C)C)C(=C)C3=CC=C(C=C3)C(O)=O,null,null,null,null,null,SML0282,SIGMA,2021_LOPAC_01,null,null,Bexarotene,null,4,null,null,null,11.146,6.5,4.504,0.167,0.982,null,null,null,null,null,null,22,null,null,17.155,6.01,60.502,59.889,null,null,null,null,null,null,null,null,null,NAVMQTYZDKMPEU,null,TRND,tIxpPCXDxVQaYtABqM,null,Retinoic Acid Receptor RXR-alpha agonist,null,null,null,null,null,null,null,153559-49-0,RXRA,null,null,0,4,0,null,null,173030,0 0 0 0,1,1,2025-06-17 15:22:09,null,null,null,null,null,null,null,364782507,activity,null,HTS,null,17.155,6.327,7.598,6.01,null,null,null,null,null,null,null,null,null,null,null,null,null,null,null,null,null,null,null,null,null,278937594
TRND-Glioblastoma_LOPAC_A172-primary_screen2,NCGC00015748-37,activity,null,4,-34.638,-14.282,COC(=O)C1=C(C)NC(C)=C(C1C2=C(C=CC=C2)[N+]([O-])=O)C(=O)OC,null,null,null,null,null,N7634,SIGMA,2021_LOPAC_01,null,null,Nifedipine,null,4,null,null,null,36.32,-14.638,3.627,0.14,0.988,null,null,null,null,null,null,20,null,null,22.038,-14.282,75.496,71.451,null,null,null,null,null,null,null,null,null,HYIMSNHJOBLJNT,null,TRND,pmhPDpPLSVngVoLDnB,null,null,null,null,null,null,null,null,null,21829-25-4,null,null,null,0,4,0,null,null,173030,0 0 0 0,1,1,2025-06-17 15:22:09,null,null,null,null,null,null,null,364781383,activity,null,HTS,null,22.038,17.576,13.674,-14.282,null,null,null,null,null,null,null,null,null,null,null,null,null,null,null,null,null,null,null,null,null,278937595
TRND-Glioblastoma_LOPAC_A172-primary_screen2,NCGC00015823-32,activity,null,4,-25,1.03,CN1C(C(=O)NC2=CC=CC=N2)=C(O)C3=C(C=CC=C3)[S+]1([O-])=O,null,null,null,null,null,P5654,SIGMA,2021_LOPAC_01,null,null,Piroxicam,null,4,null,null,null,18.305,0,0.6,0.564,0.733,null,null,null,null,null,null,25,null,null,19.335,1.03,66.656,61.416,null,null,null,null,null,null,null,null,null,IAPMPNKHZPZVQU,null,TRND,NnRGHTkhLwfnKjLxMw,null,null,null,null,null,null,null,null,null,36322-90-4,null,null,null,0,4,0,null,null,173030,0 0 0 0,1,1,2025-06-17 15:22:09,null,null,null,null,null,null,null,364781407,activity,null,HTS,null,19.335,7.141,10.678,1.03,null,null,null,null,null,null,null,null,null,null,null,null,null,null,null,null,null,null,null,null,null,278937596
TRND-Glioblastoma_LOPAC_A172-primary_screen2,NCGC00015287-21,activity,null,4,-19.703,-15.169,N[C@@H](CCONC(N)=N)C(O)=O,null,null,null,null,null,C9758,SIGMA,2021_LOPAC_01,null,null,L-Canavanine sulfate,null,4,null,null,null,21.267,-17.703,4.955,0.441,0.858,null,null,null,null,null,null,2,null,null,6.097,-15.169,8.942,0.277,null,null,null,null,null,null,null,null,null,FSBIGDSBMBYOPN,null,TRND,RIOmRxyfmuYJwilSBl,null,null,null,null,SULFURIC_ACID,null,null,null,null,2219-31-0,null,null,null,0,4,0,null,null,173030,0 0 0 0,1,1,2025-06-17 15:22:09,null,null,null,null,null,null,null,364785083,activity,null,HTS,null,6.097,-2.461,2.451,-15.169,null,null,null,null,null,null,null,null,null,null,null,null,null,null,null,null,null,null,null,null,null,278937597
TRND-Glioblastoma_LOPAC_A172-primary_screen2,NCGC00015697-26,activity,null,4,-13.5,3.83,OC1=CC2=C(C(O)=C1)C(=O)C(O)=C(O2)C3=CC(O)=C(O)C(O)=C3,null,null,null,null,null,M6760,SIGMA,2021_LOPAC_01,null,null,Myricetin,null,4,null,null,null,13.92,4,3.132,0.127,0.99,null,null,null,null,null,null,17.5,null,null,17.751,3.83,64.481,66.966,null,null,null,null,null,null,null,null,null,IKMDFBPHZNJCSN,null,TRND,hzDImwapkaZRXqUKzM,null,Androgen Receptor antagonist,null,null,null,null,null,null,null,529-44-2,AR,null,null,0,4,0,null,null,173030,0 0 0 0,1,1,2025-06-17 15:22:09,null,null,null,null,null,null,null,364781087,activity,null,HTS,null,16.483,17.751,6.178,3.83,null,null,null,null,null,null,null,null,null,null,null,null,null,null,null,null,null,null,null,null,null,278938108
TRND-Glioblastoma_LOPAC_A172-primary_screen2,NCGC00166210-14,activity,null,4,0,13.754,[H][C@]1(CO)O[C@@]([H])(O[C@]2([H])[C@@]([H])(O)[C@]([H])(N)C[C@]([H])(N)[C@@]2([H])O[C@@]3([H])O[C@]([H])(CO)[C@@]([H])(O)[C@]([H])(O)[C@@]3([H])N)[C@]([H])(O)[C@]1([H])O[C@@]4([H])O[C@@]([H])(CN)[C@@]([H])(O)[C@]([H])(O)[C@@]4([H])N,null,null,null,null,null,P9297,SIGMA,2021_LOPAC_01,null,null,Paromomycin sulfate,null,4,null,null,null,4.653,0,null,null,null,null,null,null,null,null,null,0,null,null,18.347,13.694,75.4,null,null,null,null,null,null,null,null,null,null,UOZODPSAJZTQNH,null,TRND,ZnWqeyMrxVGOZycGxR,null,null,null,null,SULFURIC_ACID,null,null,null,null,null,null,null,null,0,4,null,null,null,173030,null,1,1,2025-06-17 15:22:09,null,null,null,null,null,null,null,364781003,activity,null,HTS,null,16.492,13.694,18.347,13.754,null,null,null,null,null,null,null,null,null,null,null,null,null,null,null,null,null,null,null,null,null,278938109
TRND-Glioblastoma_LOPAC_A172-primary_screen2,NCGC00015380-27,activity,null,4,-12.5,11.077,CC1=NC2=C(C=C(Cl)C=C2)[S+]([O-])(=O)N1,null,null,null,null,null,D9035,SIGMA,2021_LOPAC_01,null,null,Diazoxide,null,4,null,null,null,11.067,5.5,4.955,0.68,0.536,null,null,null,null,null,null,18,null,null,22.144,11.077,74.036,80.874,null,null,null,null,null,null,null,null,null,NAIUXJBXAKAEAX,null,TRND,CHdtmugxAPCFJnIeyT,null,null,null,null,null,null,null,null,null,364-98-7,null,null,null,0,4,0,null,null,173030,0 0 0 0,1,1,2025-06-17 15:22:09,null,null,null,null,null,null,null,364780195,activity,null,HTS,null,14.899,16.287,22.144,11.077,null,null,null,null,null,null,null,null,null,null,null,null,null,null,null,null,null,null,null,null,null,278938110
TRND-Glioblastoma_LOPAC_A172-primary_screen2,NCGC00162368-10,activity,null,4,-22,2.29,[H][C@@]12CC[C@H](C(=O)CN3CCN(CC3)C4=NC(=NC(=C4)N5CCCC5)N6CCCC6)[C@@]1(C)CC=C7[C@@]2([H])CCC8=CC(=O)C=C[C@]78C,null,null,null,null,null,U5882,SIGMA,2021_LOPAC_01,null,null,U-74389G maleate,null,4,null,null,null,16.312,-2,0.8,0.067,0.997,null,null,null,null,null,null,20,null,null,18.602,2.29,69.708,69.028,null,null,null,null,null,null,null,null,null,LBGLGTAQLROFTM,null,TRND,fnagSjThsJbmAFkoXM,null,null,null,null,MALEATE,null,null,null,null,null,null,null,null,0,4,0,null,null,173030,0 0 0 0,1,1,2025-06-17 15:22:09,null,null,null,null,null,null,null,364781331,activity,null,HTS,null,18.602,14.904,9.244,2.29,null,null,null,null,null,null,null,null,null,null,null,null,null,null,null,null,null,null,null,null,null,278938111
TRND-Glioblastoma_LOPAC_A172-primary_screen2,NCGC00167472-17,activity,null,4,-15.82,-19.303,CC(C)C1=CC=C2OC3=NC(N)=C(C=C3C(=O)C2=C1)C(O)=O,null,null,null,null,null,SML0517,SIGMA,2021_LOPAC_01,null,null,Amlexanox,null,4,null,null,null,17.767,-19.663,3.065,0.276,0.95,null,null,null,null,null,null,-3.843,null,null,-1.536,-19.303,-31.443,-27.972,null,null,null,null,null,null,null,null,null,SGRYPYWGNKJSDL,null,TRND,SuovxuPedOzVLadanc,null,Mediator Release inhibitor,null,null,null,null,null,null,null,68302-57-8,IL4,null,null,0,4,0,null,null,173030,0 0 0 0,1,1,2025-06-17 15:22:09,null,null,null,null,null,null,null,364784011,activity,null,HTS,null,-5.684,-1.536,-6.363,-19.303,null,null,null,null,null,null,null,null,null,null,null,null,null,null,null,null,null,null,null,null,null,278938112
TRND-Glioblastoma_LOPAC_A172-primary_screen2,NCGC00649368-02,activity,null,4,13.5,15.954,CCC(=O)[N-]S(=O)(=O)C1=CC=C(C=C1)C2=C(C)ON=C2C3=CC=CC=C3,null,null,null,null,null,SML2217,SIGMA,2021_LOPAC_01,null,null,Parecoxib sodium,null,4,null,null,null,23.811,17.5,4.955,0.919,0.96,null,null,null,null,null,null,4,null,null,29.327,5.516,40.616,36.426,null,null,null,null,null,null,null,null,null,TZRHLKRLEZJVIJ,null,TRND,YqdSzYoGqNPQhcritR,null,null,null,null,SODIUM,null,null,null,null,[NO STEREO] 198470-84-7,null,null,null,0,4,1,null,null,173030,1 0 0 0,1,1,2025-06-17 15:22:09,null,null,null,null,null,null,null,364780291,activity,null,HTS,null,29.327,5.516,18.686,15.954,null,null,null,null,null,null,null,null,null,null,null,null,null,null,null,null,null,null,null,null,null,278938113
TRND-Glioblastoma_LOPAC_A172-primary_screen2,NCGC00017030-22,activity,null,4,0,9.093,[H][C@@]12C[C@@H](O)[C@@]3([H])[C@@]4(C)CC[C@@H](O)[C@@H](C)[C@]4([H])CC[C@]3(C)C1(C)C[C@H](OC(C)=O)\C2=C(/CCC=C(C)C)C([O-])=O,null,null,null,null,null,F0881,SIGMA,2021_LOPAC_01,null,null,Fusidic acid sodium,null,4,null,null,null,6.104,0,null,null,null,null,null,null,null,null,null,0,null,null,15.197,9.093,52.457,null,null,null,null,null,null,null,null,null,null,IECPWNUMDGFDKC,null,TRND,RPOWIBgquHDkYUIlbu,null,null,null,null,SODIUM,null,null,null,null,751-94-0,null,null,null,0,4,null,null,null,173030,null,1,1,2025-06-17 15:22:09,null,null,null,null,null,null,null,364783703,activity,null,HTS,null,10.264,15.197,12.259,9.093,null,null,null,null,null,null,null,null,null,null,null,null,null,null,null,null,null,null,null,null,null,278938114
TRND-Glioblastoma_LOPAC_A172-primary_screen2,NCGC00024877-12,activity,null,4,12,16.933,[H][C@@]1(CN(C)CCC2=C1C=C(O)C(Cl)=C2)C3=CC=CC=C3,null,null,null,null,null,D054,SIGMA,2021_LOPAC_01,null,null,R(+)-SCH-23390 hydrochloride,null,4,null,null,null,10.251,13.5,4.955,0.72,0.431,null,null,null,null,null,null,1.5,null,null,16.933,6.682,44.261,44.563,null,null,null,null,null,null,null,null,null,GOTMKOSCLKVOGG,null,TRND,efcOAQjWjhjSeCifjS,null,null,null,null,CL,null,null,null,null,125941-87-9,null,null,null,0,4,0,null,null,173030,0 0 0 0,1,1,2025-06-17 15:22:09,null,null,null,null,null,null,null,364783423,activity,null,HTS,null,6.682,16.106,7.952,16.933,null,null,null,null,null,null,null,null,null,null,null,null,null,null,null,null,null,null,null,null,null,278938115
TRND-Glioblastoma_LOPAC_A172-primary_screen2,NCGC00167455-05,activity,null,4,0,0.121,[H][C@@](C)(CSC(=O)C1=CC=CC=C1)C(=O)N2C[C@]([H])(C[C@@]2([H])C(O)=O)SC3=CC=CC=C3,null,null,null,null,null,Z1252,SIGMA,2021_LOPAC_01,null,null,Zofenopril calcium,null,4,null,null,null,16.07,0,null,null,null,null,null,null,null,null,null,0,null,null,14.847,-1.224,48.108,null,null,null,null,null,null,null,null,null,null,IAIDUHCBNLFXEF,null,TRND,rkxfEfEojRiASrdDkN,null,null,null,null,CALCIUM,null,null,null,null,81872-10-8,null,null,null,0,4,null,null,null,173030,null,1,1,2025-06-17 15:22:09,null,null,null,null,null,null,null,364782699,activity,null,HTS,null,14.847,-1.224,11.008,0.121,null,null,null,null,null,null,null,null,null,null,null,null,null,null,null,null,null,null,null,null,null,278938116
TRND-Glioblastoma_LOPAC_A172-primary_screen2,NCGC00024717-13,activity,null,4,-12.5,4.265,COC(=O)[C@@H](N)CCCNC(=N)N[N+]([O-])=O,null,null,null,null,null,N5751,SIGMA,2021_LOPAC_01,null,null,NG-Nitro-L-arginine methyl ester hydrochloride,null,4,null,null,null,15.435,4.5,4.955,0.366,0.908,null,null,null,null,null,null,17,null,null,19.7,4.265,60.015,65.603,null,null,null,null,null,null,null,null,null,KCWZGJVSDFYRIX,null,TRND,cHjQHkjnFvbGLxJQqR,null,Nitric Oxide Synthase inhibitor,null,null,CL,null,null,null,null,null,NOS1,null,null,0,4,0,null,null,173030,0 0 0 0,1,1,2025-06-17 15:22:09,null,null,null,null,null,null,null,364783283,activity,null,HTS,null,14.342,19.7,6.013,4.265,null,null,null,null,null,null,null,null,null,null,null,null,null,null,null,null,null,null,null,null,null,278938117
TRND-Glioblastoma_LOPAC_A172-primary_screen2,NCGC00496834-03,activity,28.183829,-2.4,-16.067,-31.697,C[C@H]1CN(C[C@@H](C)N1)C2=NC=C(C(C)=C2)C3=CC=C(C=C3)C4=NC5=C(C=CN5C)C(=O)N4,null,null,null,null,null,SML2150,SIGMA,2021_LOPAC_01,-4.55,null,AZ6102,null,-2.2,null,null,null,12.139,-36.537,4.955,0.24,0.963,null,null,null,null,null,null,-20.47,null,null,-19.558,-31.697,-105.847,-102.073,null,null,null,null,null,null,null,null,null,WCPTUQOMNJBIET,null,TRND,JbdXiFvHLgxGlibylU,null,null,null,null,null,null,null,null,null,null,null,null,null,0,4,0,null,null,173030,0 0 0 0,1,1,2025-06-17 15:22:09,null,null,null,null,null,null,null,364783619,activity,null,HTS,null,-22.106,-19.558,-20.26,-31.697,null,null,null,null,null,null,null,null,null,null,null,null,null,null,null,null,null,null,null,null,null,278938118
TRND-Glioblastoma_LOPAC_A172-primary_screen2,NCGC00015856-19,activity,null,4,-28.957,-16.631,CN1CCN(CCCN2C3=C(SC4=C2C=C(Cl)C=C4)C=CC=C3)CC1,null,null,null,null,null,P9178,SIGMA,2021_LOPAC_01,null,null,Prochlorperazine dimaleate,null,4,null,null,null,27.551,-19.957,4.955,0.192,0.977,null,null,null,null,null,null,9,null,null,10.92,-16.631,29.672,28.886,null,null,null,null,null,null,null,null,null,WIKYUJGCLQQFNW,null,TRND,flFuaAqYlwAGWuKKUc,null,null,null,null,MALEATE,null,null,null,null,null,null,null,null,0,4,0,null,null,173030,0 0 0 0,1,1,2025-06-17 15:22:09,null,null,null,null,null,null,null,364784823,activity,null,HTS,null,9.513,6.267,10.92,-16.631,null,null,null,null,null,null,null,null,null,null,null,null,null,null,null,null,null,null,null,null,null,278938119
TRND-Glioblastoma_LOPAC_A172-primary_screen2,NCGC00510345-02,activity,null,4,0,6.425,CN1CCN(CC1)C(=O)C2=CC=C(C=C2)N3N=C(C=C3C4=CC(=CC(=C4)C(C)(C)C)C(C)(C)C)C5=CC=C(C=C5)C(O)=O,null,null,null,null,null,SML2183,SIGMA,2021_LOPAC_01,null,null,LY2955303,null,4,null,null,null,8.023,0,null,null,null,null,null,null,null,null,null,0,null,null,6.491,-1.532,19.89,null,null,null,null,null,null,null,null,null,null,YVXYHNKIOFSFMZ,null,TRND,KyxtoOdWFlBWviLZMI,null,null,null,null,null,null,null,null,null,null,null,null,null,0,4,null,null,null,173030,null,1,1,2025-06-17 15:22:09,null,null,null,null,null,null,null,364783299,activity,null,HTS,null,6.491,-1.532,-0.614,6.425,null,null,null,null,null,null,null,null,null,null,null,null,null,null,null,null,null,null,null,null,null,278938120
TRND-Glioblastoma_LOPAC_A172-primary_screen2,NCGC00015612-17,activity,null,4,-18,2.048,CC[N+](CC)(CC)CC(=O)NC1=C(C)C=CC=C1C,null,null,null,null,null,L5783,SIGMA,2021_LOPAC_01,null,null,Lidocaine N-ethyl bromide quaternary salt,null,4,null,null,null,10.091,-2,0.4,0.534,0.773,null,null,null,null,null,null,16,null,null,12.139,2.048,44.43,41.565,null,null,null,null,null,null,null,null,null,PYEBKOFMWAMBFV,null,TRND,jDnUMPapIQcKyNSMgD,null,null,null,null,BR,null,null,null,null,null,null,null,null,0,4,0,null,null,173030,0 0 0 0,1,1,2025-06-17 15:22:09,null,null,null,null,null,null,null,364782343,activity,null,HTS,null,12.139,6.121,7.705,2.048,null,null,null,null,null,null,null,null,null,null,null,null,null,null,null,null,null,null,null,null,null,278938121
TRND-Glioblastoma_LOPAC_A172-primary_screen2,NCGC00025177-23,activity,null,4,-13.337,-10.697,CC1=CC=C(C=C1NC(=O)C2=CC=CC(NC(=O)NC3=CC=CC(=C3)C(=O)NC4=C(C)C=CC(=C4)C(=O)NC5=CC=C(C6=C5C(=CC(=C6)S([O-])(=O)=O)S([O-])(=O)=O)S([O-])(=O)=O)=C2)C(=O)NC7=C8C(=CC(=CC8=C(C=C7)S([O-])(=O)=O)S([O-])(=O)=O)S([O-])(=O)=O,null,null,null,null,null,S2671,SIGMA,2021_LOPAC_01,null,null,Suramin sodium salt,null,4,null,null,null,13.162,-11.337,1.885,0.227,0.967,null,null,null,null,null,null,2,null,null,2.465,-10.697,-6.208,-2.793,null,null,null,null,null,null,null,null,null,FIAFUQMPZJWCLV,null,TRND,pVKdtIwKNptpEJlWpY,null,null,null,null,SODIUM,null,null,null,null,[NO STEREO] 145-63-1,null,null,null,0,4,0,null,null,173030,0 0 0 0,1,1,2025-06-17 15:22:09,null,null,null,null,null,null,null,364784471,activity,null,HTS,null,0.494,2.465,-5.259,-10.697,null,null,null,null,null,null,null,null,null,null,null,null,null,null,null,null,null,null,null,null,null,278938122
TRND-Glioblastoma_LOPAC_A172-primary_screen2,NCGC00159454-11,activity,null,4,-15.5,5.22,OC(=O)COC1=CC=C(C(=O)C2=CC=CS2)C(Cl)=C1Cl,null,null,null,null,null,SML0505,SIGMA,2021_LOPAC_01,null,null,Tienilic acid,null,4,null,null,null,13.152,4.5,1.1,0.023,1,null,null,null,null,null,null,20,null,null,18.372,5.22,68.771,69.146,null,null,null,null,null,null,null,null,null,AGHANLSBXUWXTB,null,TRND,hXWTAVRVExuWrWahyl,null,null,null,null,null,null,null,null,null,40180-04-9,null,null,null,0,4,0,null,null,173030,0 0 0 0,1,1,2025-06-17 15:22:09,null,null,null,null,null,null,null,364780919,activity,null,HTS,null,18.372,13.807,7.713,5.22,null,null,null,null,null,null,null,null,null,null,null,null,null,null,null,null,null,null,null,null,null,278938123
TRND-Glioblastoma_LOPAC_A172-primary_screen2,NCGC00690005-01,activity,2.238721,-1.1,-103.662,-94.682,CCCCCCNC1=NC(NC2CCN(C)CC2)=C3C=C(OC)C(OC)=CC3=N1,null,null,null,null,null,SML2174,SIGMA,2021_LOPAC_01,-5.65,null,MS012,null,-1.1,null,null,null,104.74,-95.662,3.99,0.032,0.999,null,null,null,null,null,null,8,null,null,9.837,-94.902,-92.08,-96.593,null,null,null,null,null,null,null,null,null,ZYNUWSFRZCRKSN,null,TRND,tzEqVgDEmQVfLJcuoH,null,null,null,null,null,null,null,null,null,null,null,null,null,0,4,0,null,null,173030,0 0 0 0,1,1,2025-06-17 15:22:09,null,null,null,null,null,null,null,364781911,activity,null,HTS,2.290233,9.837,-4.64,-94.902,-94.682,null,null,null,null,null,null,null,null,null,null,null,null,null,null,null,null,null,null,null,null,null,278938124
TRND-Glioblastoma_LOPAC_A172-primary_screen2,NCGC00263554-09,activity,null,4,-21.5,0.112,OC(=O)C1=CC=C(C=C1)C2=CC=C(O2)\C=C3/SC(=S)N(CC4=CC=CC=C4)C3=O,null,null,null,null,null,SML0886,SIGMA,2021_LOPAC_01,null,null,Leukadherin-1,null,4,null,null,null,29.601,0,4.095,0.593,0.693,null,null,null,null,null,null,21.5,null,null,29.712,0.112,70.054,88.256,null,null,null,null,null,null,null,null,null,AEZGRQSLKVNPCI,null,TRND,hIppXenwVFihSPMZNg,null,Marcrophase-1 antigen (CD11b/CD18) allosteric agonist,null,null,null,null,null,null,null,null,ITGAM,null,null,0,4,0,null,null,173030,0 0 0 0,1,1,2025-06-17 15:22:09,null,null,null,null,null,null,null,364780431,activity,null,HTS,null,12.898,29.712,19.216,0.112,null,null,null,null,null,null,null,null,null,null,null,null,null,null,null,null,null,null,null,null,null,278938125
TRND-Glioblastoma_LOPAC_A172-primary_screen2,NCGC00388284-14,activity,null,4,-12.519,5.882,[H][C@]12OCC[C@@]1([H])[C@H](CO2)OC(=O)N[C@@H](CC3=CC=CC=C3)[C@H](O)CN(CC(C)C)[S+]([O-])(=O)C4=CC=C(N)C=C4,null,null,null,null,null,SML0937,SIGMA,2021_LOPAC_01,null,null,Darunavir,null,4,null,null,null,11.253,-4.519,4.504,1,0.996,null,null,null,null,null,null,8,null,null,6.237,-5.016,8.502,8.616,null,null,null,null,null,null,null,null,null,MZWRXITVDVSVFP,null,TRND,hJqwOIKojGzYmHwGZX,null,null,null,null,null,null,null,null,null,206361-99-1,null,null,null,0,4,1,null,null,173030,0 0 0 1,1,1,2025-06-17 15:22:09,null,null,null,null,null,null,null,364780155,activity,null,HTS,null,6.237,-5.016,-4.329,5.882,null,null,null,null,null,null,null,null,null,null,null,null,null,null,null,null,null,null,null,null,null,278938126
TRND-Glioblastoma_LOPAC_A172-primary_screen2,NCGC00022269-07,activity,null,4,0,4.006,N[C@@H](CC1=CC=C(O)C(I)=C1)C(O)=O,null,null,null,null,null,I8250,SIGMA,2021_LOPAC_01,null,null,3-Iodo-L-tyrosine,null,4,null,null,null,8.663,0,null,null,null,null,null,null,null,null,null,0,null,null,8.687,0.024,14.108,null,null,null,null,null,null,null,null,null,null,UQTZMGFTRHFAAM,null,TRND,XYbdcGgQHTxrNxpBWl,null,null,null,null,null,null,null,null,null,70-78-0,null,null,null,0,4,null,null,null,173030,null,1,1,2025-06-17 15:22:09,null,null,null,null,null,null,null,364782247,activity,null,HTS,null,0.024,8.385,8.687,4.006,null,null,null,null,null,null,null,null,null,null,null,null,null,null,null,null,null,null,null,null,null,278938127
TRND-Glioblastoma_LOPAC_A172-primary_screen2,NCGC00402238-07,activity,null,4,-20.3,13.251,CC1=CC(C(=O)CN2C=C(C=CC2=O)C#N)=C(C)N1CC3=CC=CC=C3,null,null,null,null,null,SML1014,SIGMA,2021_LOPAC_01,null,null,CYM-5520,null,4,null,null,null,19.904,-0.8,3.627,1,1,null,null,null,null,null,null,19.5,null,null,19.654,-0.25,66.075,65.14,null,null,null,null,null,null,null,null,null,FMYGNANMYYHBSU,null,TRND,xKwETfYVKDvhjUkTqE,null,null,null,null,null,null,null,null,null,null,null,null,null,0,4,1,null,null,173030,0 0 0 1,1,1,2025-06-17 15:22:09,null,null,null,null,null,null,null,364781371,activity,null,HTS,null,19.654,16.939,-0.25,13.251,null,null,null,null,null,null,null,null,null,null,null,null,null,null,null,null,null,null,null,null,null,278938128
TRND-Glioblastoma_LOPAC_A172-primary_screen2,NCGC00015677-06,activity,null,4,-17,25.736,CN1C=NC(CCN)=C1,null,null,null,null,null,M4910,SIGMA,2021_LOPAC_01,null,null,1-Methylhistamine dihydrochloride,null,4,null,null,null,13.838,11,1.989,1,1,null,null,null,null,null,null,28,null,null,27.889,14.051,112.466,110.882,null,null,null,null,null,null,null,null,null,FHQDWPCFSJMNCT,null,TRND,fRtqZlQpSzuUzqeGKx,null,null,null,null,CL,null,null,null,null,null,null,null,null,0,4,1,null,null,173030,0 0 0 1,1,1,2025-06-17 15:22:09,null,null,null,null,null,null,null,364782319,activity,null,HTS,null,27.889,25.553,14.051,25.736,null,null,null,null,null,null,null,null,null,null,null,null,null,null,null,null,null,null,null,null,null,278938129
TRND-Glioblastoma_LOPAC_A172-primary_screen2,NCGC00015001-07,activity,null,4,0,0.267,CCCN1C2=C(NC(=N2)C3=CC=C(C=C3)[S+](O)([O-])=O)C(=O)N(CCC)C1=O,null,null,null,null,null,A022,SIGMA,2021_LOPAC_01,null,null,"1,3-Dipropyl-8-p-sulfophenylxanthine",null,4,null,null,null,5.823,0,null,null,null,null,null,null,null,null,null,0,null,null,4.683,-1.139,3.185,null,null,null,null,null,null,null,null,null,null,KQWKGQDIIBLWGB,null,TRND,RmfYGqLoVJzDRwvwZJ,null,null,null,null,null,null,null,null,null,null,null,null,null,0,4,null,null,null,173030,null,1,1,2025-06-17 15:22:09,null,null,null,null,null,null,null,364784043,activity,null,HTS,null,-1.139,4.196,4.683,0.267,null,null,null,null,null,null,null,null,null,null,null,null,null,null,null,null,null,null,null,null,null,278938130
TRND-Glioblastoma_LOPAC_A172-primary_screen2,NCGC00015309-09,activity,null,4,0,4.27,OC1=CC(=CC(=C1O)[N+]([O-])=O)[N+]([O-])=O,null,null,null,null,null,D131,SIGMA,2021_LOPAC_01,null,null,"3,5-Dinitrocatechol",null,4,null,null,null,21.019,0,null,null,null,null,null,null,null,null,null,0,null,null,14.461,-6.557,44.442,null,null,null,null,null,null,null,null,null,null,VDCDWNDTNSWDFJ,null,TRND,kQRAyBuNewCaKWmbdu,null,null,null,null,null,null,null,null,null,7659-29-2,null,null,null,0,4,null,null,null,173030,null,1,1,2025-06-17 15:22:09,null,null,null,null,null,null,null,364784719,activity,null,HTS,null,13.213,-6.557,14.461,4.27,null,null,null,null,null,null,null,null,null,null,null,null,null,null,null,null,null,null,null,null,null,278938131
TRND-Glioblastoma_LOPAC_A172-primary_screen2,NCGC00015528-06,activity,null,4,-32.823,-1.519,NNC(=O)C1=CC=C(O)C=C1,null,null,null,null,null,H9882,SIGMA,2021_LOPAC_01,null,null,4-Hydroxybenzhydrazide,null,4,null,null,null,24.6,-2.823,0.7,0.399,0.887,null,null,null,null,null,null,30,null,null,23.081,-1.519,75.146,70.794,null,null,null,null,null,null,null,null,null,ZMZGIVVRBMFZSG,null,TRND,YUGMiSgzQgAUclShxY,null,null,null,null,null,null,null,null,null,null,null,null,null,0,4,0,null,null,173030,0 0 0 0,1,1,2025-06-17 15:22:09,null,null,null,null,null,null,null,364780579,activity,null,HTS,null,23.081,8.742,8.269,-1.519,null,null,null,null,null,null,null,null,null,null,null,null,null,null,null,null,null,null,null,null,null,278938132
TRND-Glioblastoma_LOPAC_A172-primary_screen2,NCGC00016935-23,activity,null,4,0,-1.192,C[C@]12N[C@H](CC3=C1C=CC=C3)C4=C2C=CC=C4,null,null,null,null,null,M107,SIGMA,2021_LOPAC_01,null,null,(+)-MK-801 hydrogen maleate,null,4,null,null,null,7.138,0,null,null,null,null,null,null,null,null,null,0,null,null,4.706,-2.432,-5.77,null,null,null,null,null,null,null,null,null,null,LBOJYSIDWZQNJS,null,TRND,bVMNihDanuVCHuhifI,null,null,null,null,MALEATE,null,null,null,null,77086-22-7,null,null,null,0,4,null,null,null,173030,null,1,1,2025-06-17 15:22:09,null,null,null,null,null,null,null,364785107,activity,null,HTS,null,-2.432,-2.411,4.706,-1.192,null,null,null,null,null,null,null,null,null,null,null,null,null,null,null,null,null,null,null,null,null,278938133
TRND-Glioblastoma_LOPAC_A172-primary_screen2,NCGC00167729-10,activity,null,4,-15,13.628,OC(=O)CN1C(=CC2=CC=CC=C12)C(=O)NC3=NC(=CS3)C4=CC=CC=C4Cl,null,null,null,null,null,SML0179,SIGMA,2021_LOPAC_01,null,null,SR 27897 hydrate,null,4,null,null,null,12.833,7,4.955,0.715,0.444,null,null,null,null,null,null,22,null,null,26.461,13.628,108.308,98.928,null,null,null,null,null,null,null,null,null,ILNRQFBVVQUOLP,null,TRND,ibFuzfbJTdCvaxUvIZ,null,null,null,null,H2O,null,null,null,null,136381-85-6,null,null,null,0,4,0,null,null,173030,0 0 0 0,1,1,2025-06-17 15:22:09,null,null,null,null,null,null,null,364781843,activity,null,HTS,null,26.461,15.457,24.178,13.628,null,null,null,null,null,null,null,null,null,null,null,null,null,null,null,null,null,null,null,null,null,278938134
TRND-Glioblastoma_LOPAC_A172-primary_screen2,NCGC00015288-19,activity,null,4,0,12.671,N[S+]([O-])(=O)C1=C(Cl)C=C2NC(N[S+]([O-])(=O)C2=C1)C3CC4CC3C=C4,null,null,null,null,null,C9847,SIGMA,2021_LOPAC_01,null,null,Cyclothiazide,null,4,null,null,null,20.171,0,null,null,null,null,null,null,null,null,null,0,null,null,28.031,7.859,99.335,null,null,null,null,null,null,null,null,null,null,OZXVMXGVVQEPJA,null,TRND,XFoQrgYJYkmJhckPCy,null,null,null,null,null,null,null,null,null,2259-96-3,null,null,null,0,4,null,null,null,173030,null,1,1,2025-06-17 15:22:09,null,null,null,null,null,null,null,364780299,activity,null,HTS,null,28.031,7.859,13.431,12.671,null,null,null,null,null,null,null,null,null,null,null,null,null,null,null,null,null,null,null,null,null,278938135
TRND-Glioblastoma_LOPAC_A172-primary_screen2,NCGC00165952-09,activity,null,4,-21.973,-9.978,COC1=C(OCC2=C(C=C(C=C2)C(F)(F)F)C(F)(F)F)C=CC(\C=C(/C#N)C(=O)NC3=NN=C(S3)C(F)(F)F)=C1,null,null,null,null,null,x4753,SIGMA,2021_LOPAC_01,null,null,xCT790,null,4,null,null,null,18.851,-13.973,1.539,0.141,0.988,null,null,null,null,null,null,8,null,null,8.873,-9.978,25.116,23.322,null,null,null,null,null,null,null,null,null,HQFNFOOGGLSBBT,null,TRND,NMEiIKLqJmfnTKtegh,null,Estrogen-Related Receptor alpha Inverse agonist,null,null,null,null,null,null,null,null,ESRRA,null,null,0,4,0,null,null,173030,0 0 0 0,1,1,2025-06-17 15:22:09,null,null,null,null,null,null,null,364784495,activity,null,HTS,null,8.873,6.038,2.168,-9.978,null,null,null,null,null,null,null,null,null,null,null,null,null,null,null,null,null,null,null,null,null,278938136
TRND-Glioblastoma_LOPAC_A172-primary_screen2,NCGC00015508-26,activity,null,4,0,12.19,N[S+]([O-])(=O)C1=C(Cl)C=C2NCN[S+]([O-])(=O)C2=C1,null,null,null,null,null,H4759,SIGMA,2021_LOPAC_01,null,null,Hydrochlorothiazide,null,4,null,null,null,7.642,0,null,null,null,null,null,null,null,null,null,0,null,null,15.089,7.447,47.461,null,null,null,null,null,null,null,null,null,null,MEPMRFDKQYMUPK,null,TRND,jrdjWcOEPyxRjXAczl,null,Solute carrier family 12 member 3 inhibitor,null,null,null,null,null,null,null,58-93-5,SLC12A3,null,null,0,4,null,null,null,173030,null,1,1,2025-06-17 15:22:09,null,null,null,null,null,null,null,364783711,activity,null,HTS,null,7.447,14.073,15.089,12.19,null,null,null,null,null,null,null,null,null,null,null,null,null,null,null,null,null,null,null,null,null,278938137
TRND-Glioblastoma_LOPAC_A172-primary_screen2,NCGC00016083-43,activity,null,4,-38,0.648,COC1=C(OC)C=C(CCN(C)CCCC(C#N)(C(C)C)C2=CC(OC)=C(OC)C=C2)C=C1,null,null,null,null,null,V4629,SIGMA,2021_LOPAC_01,null,null,(±)-Verapamil hydrochloride,null,4,null,null,null,29.167,-4,0.6,0.458,0.844,null,null,null,null,null,null,34,null,null,29.814,0.648,103.784,95.879,null,null,null,null,null,null,null,null,null,SGTNSNPWRIOYBX,null,TRND,xhpTmnXUkxWqxQqJeO,null,Calcium Channel inhibitor,null,null,CL,null,null,null,null,152-11-4,CACNA1C,null,null,0,4,0,null,null,173030,0 0 0 0,1,1,2025-06-17 15:22:09,null,null,null,null,null,null,null,364782643,activity,null,HTS,null,29.814,14.293,15.324,0.648,null,null,null,null,null,null,null,null,null,null,null,null,null,null,null,null,null,null,null,null,null,278938138
TRND-Glioblastoma_LOPAC_A172-primary_screen2,NCGC00186010-11,activity,3.981072,-2.2,-42.031,-12.473,[H][C@]12C\C=C(CO)/[C@@]1([H])[C@H](O)O\C=C2\C(=O)OC,null,null,null,null,null,G4796,SIGMA,2021_LOPAC_01,-5.4,null,Genipin,null,4,null,null,null,41.268,-13.531,1.862,0.026,1,null,null,null,null,null,null,28.5,null,null,28.795,-12.473,88.244,86.849,null,null,null,null,null,null,null,null,null,AZKVWQKMDGGDSV,null,TRND,ktOKvCWuOdGYCHgPSa,null,null,null,null,null,null,null,null,null,6902-77-8,null,null,null,0,4,0,null,null,173030,0 0 0 0,1,1,2025-06-17 15:22:09,null,null,null,null,null,null,null,364782459,activity,null,HTS,null,28.795,23.525,-2.216,-12.473,null,null,null,null,null,null,null,null,null,null,null,null,null,null,null,null,null,null,null,null,null,278938139
TRND-Glioblastoma_LOPAC_A172-primary_screen2,NCGC00690021-01,activity,null,4,12.5,6.664,NC\C=C(\F)COC1=CC=C(C=C1)C(=O)NC2CCCCC2,null,null,null,null,null,SML2253,SIGMA,2021_LOPAC_01,null,null,PxS-4681A hydrochloride,null,4,null,null,null,12.638,14,4.955,1,0.666,null,null,null,null,null,null,1.5,null,null,17.798,5.16,39.533,41.56,null,null,null,null,null,null,null,null,null,XVWFLTZRHVOLDH,null,TRND,OmCjhQvknyohcCsqzb,null,null,null,null,CL,null,null,null,null,null,null,null,null,0,4,1,null,null,173030,0 0 0 1,1,1,2025-06-17 15:22:09,null,null,null,null,null,null,null,364783079,activity,null,HTS,null,5.16,17.798,10.429,6.664,null,null,null,null,null,null,null,null,null,null,null,null,null,null,null,null,null,null,null,null,null,278938140
TRND-Glioblastoma_LOPAC_A172-primary_screen2,NCGC00015252-30,activity,null,4,-36.177,-23.481,CN1CCC(CC1)=C2C3=C(C=CC=C3)C=CC4=C2C=CC=C4,null,null,null,null,null,C6022,SIGMA,2021_LOPAC_01,null,null,Cyproheptadine hydrochloride,null,4,null,null,null,36.571,-26.177,4.955,0.29,0.944,null,null,null,null,null,null,10,null,null,13.09,-23.481,16.518,29.255,null,null,null,null,null,null,null,null,null,JJCFRYNCJDLXIK,null,TRND,zAmHrhPkjrWNjBwHPs,null,5-HT2B Receptor antagonist,null,null,CL,null,null,null,null,969-33-5,HTR2B,null,null,0,4,0,null,null,173030,0 0 0 0,1,1,2025-06-17 15:22:09,null,null,null,null,null,null,null,364780543,activity,null,HTS,null,4.1,13.09,11.919,-23.481,null,null,null,null,null,null,null,null,null,null,null,null,null,null,null,null,null,null,null,null,null,278938141
TRND-Glioblastoma_LOPAC_A172-primary_screen2,NCGC00162085-11,activity,null,4,-35.988,-24.157,[H][C@@]12C[C@@](O)(CCN1C[C@@]3([H])C4=C(CCC5=C3C2=CC=C5)C=CC=C4)C(C)(C)C,null,null,null,null,null,D033,SIGMA,2021_LOPAC_01,null,null,(+)-Butaclamol hydrochloride,null,4,null,null,null,38.217,-25.988,4.095,0.246,0.961,null,null,null,null,null,null,10,null,null,14.06,-24.157,36.65,28.227,null,null,null,null,null,null,null,null,null,ZZJYIKPMDIWRSN,null,TRND,lXGQCeNIHZwLDfqdpK,null,null,null,null,CL,null,null,null,null,[NO STEREO] 36504-94-6,null,null,null,0,4,0,null,null,173030,0 0 0 0,1,1,2025-06-17 15:22:09,null,null,null,null,null,null,null,364784675,activity,null,HTS,null,14.06,5.715,9.06,-24.157,null,null,null,null,null,null,null,null,null,null,null,null,null,null,null,null,null,null,null,null,null,278937598
TRND-Glioblastoma_LOPAC_A172-primary_screen2,NCGC00162106-18,activity,null,4,-19.5,18.501,[H][C@]12SCC(C[N+]3=CC=C(C=C3)C(N)=O)=C(N1C(=O)[C@H]2NC(=O)[C@@H](C4=CC=CC=C4)S([O-])(=O)=O)C([O-])=O,null,null,null,null,null,C8145,SIGMA,2021_LOPAC_01,null,null,Cefsulodin sodium salt hydrate,null,4,null,null,null,12.793,2.5,0.9,1,1,null,null,null,null,null,null,22,null,null,18.501,5.708,64.5,63.24,null,null,null,null,null,null,null,null,null,SYLKGLMBLAAGSC,null,TRND,JqnyQAYQeQgQnrBRyT,null,null,null,null,SODIUM,null,null,null,null,52152-93-9,null,null,null,0,4,1,null,null,173030,0 0 0 1,1,1,2025-06-17 15:22:09,null,null,null,null,null,null,null,364781231,activity,null,HTS,null,17.812,11.558,5.708,18.501,null,null,null,null,null,null,null,null,null,null,null,null,null,null,null,null,null,null,null,null,null,278937599
TRND-Glioblastoma_LOPAC_A172-primary_screen2,NCGC00015468-08,activity,null,4,-37.49,-9.158,CN(C)C1=NC=C2N=CN=C(NC3=CC4=C(C=C3)N(CC5=CC=CC=C5)N=C4)C2=C1,null,null,null,null,null,G0668,SIGMA,2021_LOPAC_01,null,null,GW2974,null,4,null,null,null,26.831,-14.99,0.7,0.131,0.989,null,null,null,null,null,null,22.5,null,null,17.673,-9.158,52.226,52.259,null,null,null,null,null,null,null,null,null,DYYZXRCFCVDSKD,null,TRND,NKoHcWyneMDNzvNiZD,null,null,null,null,null,null,null,null,null,null,null,null,null,0,4,0,null,null,173030,0 0 0 0,1,1,2025-06-17 15:22:09,null,null,null,null,null,null,null,364781867,activity,null,HTS,null,17.673,9.605,1.833,-9.158,null,null,null,null,null,null,null,null,null,null,null,null,null,null,null,null,null,null,null,null,null,278937600
TRND-Glioblastoma_LOPAC_A172-primary_screen2,NCGC00025271-16,activity,10,-3,-101.547,-95.856,CC(C)(C)C1=CC=C(C=C1)[S+]([O-])(=O)\C=C\C#N,null,null,null,null,null,B5681,SIGMA,2021_LOPAC_01,-5,null,Bay 11-7085,null,-3,null,null,null,105.998,-96.047,4.955,0.094,0.994,null,null,null,null,null,null,5.5,null,null,10.142,-95.856,-44.47,-35.82,null,null,null,null,null,null,null,null,null,VHKZGNPOHPFPER,null,TRND,LHyapSgXfvJZZxfZxn,null,null,null,null,null,null,null,null,null,null,null,null,null,0,4,0,null,null,173030,0 0 0 0,1,1,2025-06-17 15:22:09,null,null,null,null,null,null,null,364781767,activity,null,HTS,10.167594,1.208,10.142,-6.462,-95.856,null,null,null,null,null,null,null,null,null,null,null,null,null,null,null,null,null,null,null,null,null,278937601
TRND-Glioblastoma_LOPAC_A172-primary_screen2,NCGC00686675-02,activity,null,4,0,3.724,[O-][S+](=O)(N1CCC(CC1)C(=O)NCC2=CC=C(F)C=C2)C3=CC(Cl)=CC(Cl)=C3,null,null,null,null,null,SML2214,SIGMA,2021_LOPAC_01,null,null,BI01383298,null,4,null,null,null,5.745,0,null,null,null,null,null,null,null,null,null,0,null,null,3.724,-2.02,8.57,null,null,null,null,null,null,null,null,null,null,GBCUMZFCIPACCY,null,TRND,yFVXcPJvXcJPUMNFgf,null,null,null,null,null,null,null,null,null,null,null,null,null,0,4,null,null,null,173030,null,1,1,2025-06-17 15:22:09,null,null,null,null,null,null,null,364783359,activity,null,HTS,null,2.574,1.262,-2.02,3.724,null,null,null,null,null,null,null,null,null,null,null,null,null,null,null,null,null,null,null,null,null,278937602
TRND-Glioblastoma_LOPAC_A172-primary_screen2,NCGC00015906-10,activity,null,4,14.325,10.801,COC1=C(C=CC=C1)N2CCNCC2,null,null,null,null,null,S008,SIGMA,2021_LOPAC_01,null,null,1-(2-Methoxyphenyl)piperazine hydrochloride,null,4,null,null,null,14.604,9,4.955,0.457,0.845,null,null,null,null,null,null,-5.325,null,null,11,-3.605,6.983,7.335,null,null,null,null,null,null,null,null,null,VNZLQLYBRIOLFZ,null,TRND,kEhNGqAPEUXrYcHMfV,null,null,null,null,CL,null,null,null,null,5464-78-8,null,null,null,0,4,0,null,null,173030,0 0 0 0,1,1,2025-06-17 15:22:09,null,null,null,null,null,null,null,364780635,activity,null,HTS,null,-3.605,11,5.179,10.801,null,null,null,null,null,null,null,null,null,null,null,null,null,null,null,null,null,null,null,null,null,278937603
TRND-Glioblastoma_LOPAC_A172-primary_screen2,NCGC00024622-11,activity,null,4,0,12.642,[O-][N+](=O)C1=CC=C(C=C1)C2=CC=C(O2)\C=N\N3CC(=O)[N-]C3=O,null,null,null,null,null,D9175,SIGMA,2021_LOPAC_01,null,null,Dantrolene sodium,null,4,null,null,null,9.34,0,null,null,null,null,null,null,null,null,null,0,null,null,12.642,3.302,35.95,null,null,null,null,null,null,null,null,null,null,OZOMQRBLCMDCEG,null,TRND,WUeHOGkFcGwDRiPNor,null,null,null,null,SODIUM,null,null,null,null,14663-23-1,null,null,null,0,4,null,null,null,173030,null,1,1,2025-06-17 15:22:09,null,null,null,null,null,null,null,364781475,activity,null,HTS,null,6.839,11.471,3.302,12.642,null,null,null,null,null,null,null,null,null,null,null,null,null,null,null,null,null,null,null,null,null,278937604
TRND-Glioblastoma_LOPAC_A172-primary_screen2,NCGC00015735-26,activity,1,-2.4,-76.513,-46.294,OC1=C(C=C(Cl)C=C1)C(=O)NC2=C(Cl)C=C(C=C2)[N+]([O-])=O,null,null,null,null,null,N3510,SIGMA,2021_LOPAC_01,-6,null,Niclosamide,null,-2.3,null,null,null,100.47,-70.513,4.095,0.534,0.768,null,null,null,null,null,null,6,null,null,5.695,-94.775,-110.853,-107.24,null,null,null,null,null,null,null,null,null,RJMUSRYZPJIFPJ,null,TRND,GtPqBDPYIMgDFhiGvl,null,ATP synthase inhibitor,null,null,null,null,null,null,null,50-65-7,ATP5F1A,null,null,0,4,0,null,null,173030,0 0 0 0,1,1,2025-06-17 15:22:09,null,null,null,null,null,null,null,364784531,activity,null,HTS,1.243067,5.695,-51.583,-94.775,-46.294,null,null,null,null,null,null,null,null,null,null,null,null,null,null,null,null,null,null,null,null,null,278937605
TRND-Glioblastoma_LOPAC_A172-primary_screen2,NCGC00016055-29,activity,2.818383,-3,-56.798,-1.063,COC1=CC(CC2=C(N)N=C(N)N=C2)=CC(OC)=C1OC,null,null,null,null,null,T7883,SIGMA,2021_LOPAC_01,-5.55,null,Trimethoprim,null,-3,null,null,null,51.875,-42.298,2.787,1,1,null,null,null,null,null,null,14.5,null,null,14.282,-37.592,-0.619,-2.689,null,null,null,null,null,null,null,null,null,IEDVJHCEMCRBQM,null,TRND,QlDZRuMQCmnxoFccRW,null,null,null,null,null,null,null,null,null,738-70-5,null,null,null,0,4,1,null,null,173030,0 0 0 1,1,1,2025-06-17 15:22:09,null,null,null,null,null,null,null,364785263,activity,null,HTS,null,14.282,8.292,-37.592,-1.063,null,null,null,null,null,null,null,null,null,null,null,null,null,null,null,null,null,null,null,null,null,278937606
TRND-Glioblastoma_LOPAC_A172-primary_screen2,NCGC00079175-08,activity,null,4,0,0.698,BrC1=CC=C2N=CN=C(NCC=C)C2=C1,null,null,null,null,null,S8197,SIGMA,2021_LOPAC_01,null,null,SMER28,null,4,null,null,null,9.01,0,null,null,null,null,null,null,null,null,null,0,null,null,9.708,0.698,20.541,null,null,null,null,null,null,null,null,null,null,BCPOLXUSCUFDGE,null,TRND,PJIjKUzwHaPwNinBtu,null,null,null,null,null,null,null,null,null,null,null,null,null,0,4,null,null,null,173030,null,1,1,2025-06-17 15:22:09,null,null,null,null,null,null,null,364783623,activity,null,HTS,null,2.758,9.708,8.2,0.698,null,null,null,null,null,null,null,null,null,null,null,null,null,null,null,null,null,null,null,null,null,278937607
TRND-Glioblastoma_LOPAC_A172-primary_screen2,NCGC00016192-05,activity,null,4,-21.5,8.557,CCCC(CCC)C([O-])=O,null,null,null,null,null,P4543,SIGMA,2021_LOPAC_01,null,null,Valproic acid sodium,null,4,null,null,null,14.375,7,0.7,0.052,0.998,null,null,null,null,null,null,28.5,null,null,22.932,8.557,88.399,87.953,null,null,null,null,null,null,null,null,null,NIJJYAXOARWZEE,null,TRND,AReUmnVfhsluzvDyRY,null,null,null,null,SODIUM,null,null,null,null,[NO STEREO] 1069-66-5,null,null,null,0,4,0,null,null,173030,0 0 0 0,1,1,2025-06-17 15:22:09,null,null,null,null,null,null,null,364780751,activity,null,HTS,null,22.932,16.955,12.031,8.557,null,null,null,null,null,null,null,null,null,null,null,null,null,null,null,null,null,null,null,null,null,278937608
TRND-Glioblastoma_LOPAC_A172-primary_screen2,NCGC00015988-15,activity,null,4,-17,6.846,S=C(NC1CCCCC1)N2CCC(CC2)C3=CNC=N3,null,null,null,null,null,T123,SIGMA,2021_LOPAC_01,null,null,Thioperamide maleate,null,4,null,null,null,15.374,6.5,4.955,0.241,0.963,null,null,null,null,null,null,23.5,null,null,19.983,4.609,67.702,68.472,null,null,null,null,null,null,null,null,null,QKDDJDBFONZGBW,null,TRND,qbheYTciryEVkNBfuI,null,null,null,null,MALEATE,null,null,null,null,null,null,null,null,0,4,0,null,null,173030,0 0 0 0,1,1,2025-06-17 15:22:09,null,null,null,null,null,null,null,364781315,activity,null,HTS,null,19.983,4.609,7.758,6.846,null,null,null,null,null,null,null,null,null,null,null,null,null,null,null,null,null,null,null,null,null,278937609
TRND-Glioblastoma_LOPAC_A172-primary_screen2,NCGC00165795-05,activity,null,4,-18.5,0.747,ClC1=CC=C(C=C1)N2CCN(CC3=NN4C=CC=CC4=C3)CC2,null,null,null,null,null,F4429,SIGMA,2021_LOPAC_01,null,null,FAUC 213,null,4,null,null,null,20.241,0.5,4.955,0.197,0.975,null,null,null,null,null,null,19,null,null,20.988,0.747,76.332,79.1,null,null,null,null,null,null,null,null,null,DTRXURJDKOYCCD,null,TRND,fpKsZGTEXSipSiXBCV,null,null,null,null,null,null,null,null,null,337972-47-1,null,null,null,0,4,0,null,null,173030,0 0 0 0,1,1,2025-06-17 15:22:09,null,null,null,null,null,null,null,364781947,activity,null,HTS,null,17.478,20.988,18.259,0.747,null,null,null,null,null,null,null,null,null,null,null,null,null,null,null,null,null,null,null,null,null,278937610
TRND-Glioblastoma_LOPAC_A172-primary_screen2,NCGC00022304-27,activity,null,4,0,18.488,CC(=O)N[C@@H](CS)C(O)=O,null,null,null,null,null,A7250,SIGMA,2021_LOPAC_01,null,null,N-Acetyl-L-Cysteine,null,4,null,null,null,21.344,0,null,null,null,null,null,null,null,null,null,0,null,null,29.964,8.619,105.492,null,null,null,null,null,null,null,null,null,null,PWKSKIMOESPYIA,null,TRND,FujJYIucoLzShfVkfy,null,NF-kappaB (NFKB) Activation inhibitor,null,null,null,null,null,null,null,616-91-1,NFKB1,null,null,0,4,null,null,null,173030,null,1,1,2025-06-17 15:22:09,null,null,null,null,null,null,null,364780303,activity,null,HTS,null,29.964,9.432,8.619,18.488,null,null,null,null,null,null,null,null,null,null,null,null,null,null,null,null,null,null,null,null,null,278937611
TRND-Glioblastoma_LOPAC_A172-primary_screen2,NCGC00015389-18,activity,null,4,-10.5,7.222,CC(C)C1=CC=CC(C(C)C)=C1O,null,null,null,null,null,D126608,SIGMA,2021_LOPAC_01,null,null,Propofol,null,4,null,null,null,14.228,7.5,4.449,0.533,0.772,null,null,null,null,null,null,18,null,null,21.45,7.222,66.398,74.05,null,null,null,null,null,null,null,null,null,OLBCVFGFOZPWHH,null,TRND,hKjQhpiwUOhJPRgtGx,null,Transient receptor potential cation channel subfamily V member 1 agonist,null,null,null,null,null,null,null,2078-54-8,TRPV1,null,null,0,4,0,null,null,173030,0 0 0 0,1,1,2025-06-17 15:22:09,null,null,null,null,null,null,null,364782163,activity,null,HTS,null,14.383,21.45,11.007,7.222,null,null,null,null,null,null,null,null,null,null,null,null,null,null,null,null,null,null,null,null,null,278937612
TRND-Glioblastoma_LOPAC_A172-primary_screen2,NCGC00185850-24,activity,2.238721,-1.1,-115.976,-97.78,COC1=C(OC)C=C2C(NC3CCN(CC4=CC=CC=C4)CC3)=NC(=NC2=C1)N5CCCN(C)CC5,null,null,null,null,null,B9311,SIGMA,2021_LOPAC_01,-5.65,null,BIx 01294 trihydrochloride hydrate,null,-1.1,null,null,null,116.21,-97.976,3.99,0.011,1,null,null,null,null,null,null,18,null,null,18.43,-97.78,-64.918,-65.543,null,null,null,null,null,null,null,null,null,OSXFATOLZGZLSK,null,TRND,FyKRWoocezLbhWRFeB,null,DNA Methyltransferase (DNMT) inhibitor,null,null,CL,null,null,null,null,null,DNMT1,null,null,0,4,0,null,null,173030,0 0 0 0,1,1,2025-06-17 15:22:09,null,null,null,null,null,null,null,364780731,activity,null,HTS,2.262033,18.43,4.46,-96.926,-97.78,null,null,null,null,null,null,null,null,null,null,null,null,null,null,null,null,null,null,null,null,null,278937613
TRND-Glioblastoma_LOPAC_A172-primary_screen2,NCGC00024667-34,activity,null,4,-11,4.645,C[C@](N)(CC1=CC(O)=C(O)C=C1)C(O)=O,null,null,null,null,null,M129,SIGMA,2021_LOPAC_01,null,null,L-alpha-Methyl DOPA,null,4,null,null,null,10.645,4.5,1.66,0.025,1,null,null,null,null,null,null,15.5,null,null,15.29,4.645,59.063,59.23,null,null,null,null,null,null,null,null,null,CJCSPKMFHVPWAR,null,TRND,HRhsIHcujKRUVPOkwX,null,Aromatic-L-amino-acid decarboxylase inhibitor,null,null,null,null,null,null,null,555-30-6,DDC,null,null,0,4,0,null,null,173030,0 0 0 0,1,1,2025-06-17 15:22:09,null,null,null,null,null,null,null,364783843,activity,null,HTS,null,15.29,13.258,7.042,4.645,null,null,null,null,null,null,null,null,null,null,null,null,null,null,null,null,null,null,null,null,null,278937614
TRND-Glioblastoma_LOPAC_A172-primary_screen2,NCGC00185994-13,activity,null,4,-7.5,7.378,CCC1=CC=C(\C=C2\SC(=S)NC2=O)C=C1,null,null,null,null,null,F3680,SIGMA,2021_LOPAC_01,null,null,10058-F4,null,4,null,null,null,11.167,5,4.955,0.528,0.779,null,null,null,null,null,null,12.5,null,null,13.912,2.745,46.311,49.498,null,null,null,null,null,null,null,null,null,SVXDHPADAXBMFB,null,TRND,wsVOYycVvKxsUXYTbT,null,Myc proto-oncogene protein inhibitor,null,null,null,null,null,null,null,null,MYC,null,null,0,4,0,null,null,173030,0 0 0 0,1,1,2025-06-17 15:22:09,null,null,null,null,null,null,null,364782775,activity,null,HTS,null,11.095,13.912,2.745,7.378,null,null,null,null,null,null,null,null,null,null,null,null,null,null,null,null,null,null,null,null,null,278937615
TRND-Glioblastoma_LOPAC_A172-primary_screen2,NCGC00163151-08,activity,null,4,-13,8.395,CC(CC1=CC=C(OCC(O)=O)C=C1)NCC(O)C2=CC(Cl)=CC=C2,null,null,null,null,null,B169,SIGMA,2021_LOPAC_01,null,null,BRL 37344 sodium,null,4,null,null,null,15.841,8.5,4.955,0.381,0.899,null,null,null,null,null,null,21.5,null,null,24.236,8.395,79.572,86.177,null,null,null,null,null,null,null,null,null,ZGGNJJJYUVRADP,null,TRND,RKpmQYgXjVCvOTmEUG,null,null,null,null,SODIUM,null,null,null,null,127299-93-8 (anhydrous),null,null,null,0,4,0,null,null,173030,0 0 0 0,1,1,2025-06-17 15:22:09,null,null,null,null,null,null,null,364782471,activity,null,HTS,null,18.466,24.236,9.978,8.395,null,null,null,null,null,null,null,null,null,null,null,null,null,null,null,null,null,null,null,null,null,278937616
TRND-Glioblastoma_LOPAC_A172-primary_screen2,NCGC00015304-11,activity,null,4,-13.5,14.666,C[N+]1(C)CCC(CC1)OC(=O)C(C2=CC=CC=C2)C3=CC=CC=C3,null,null,null,null,null,SML0255,SIGMA,2021_LOPAC_01,null,null,4-DAMP,null,4,null,null,null,14.602,2.5,4.955,1,0.82,null,null,null,null,null,null,16,null,null,18.839,4.238,53.458,59.762,null,null,null,null,null,null,null,null,null,HYJRTXSYDAFGJK,null,TRND,gqPvONAfTWLElXeeyb,null,null,null,null,I,null,null,null,null,null,null,null,null,0,4,1,null,null,173030,0 0 0 1,1,1,2025-06-17 15:22:09,null,null,null,null,null,null,null,364781923,activity,null,HTS,null,12.649,18.839,4.238,14.666,null,null,null,null,null,null,null,null,null,null,null,null,null,null,null,null,null,null,null,null,null,278937617
TRND-Glioblastoma_LOPAC_A172-primary_screen2,NCGC00370685-07,activity,19.952623,-3,-101.341,-91.982,CC(C)C[C@H](C(O)=O)C1=CC(=CC(=C1)C2=CC=C(C=C2)C(F)(F)F)C3=CC=C(C=C3)C(F)(F)F,null,null,null,null,null,SML0683,SIGMA,2021_LOPAC_01,-4.7,null,JNJ-40418677,null,-3,null,null,null,99.445,-99.341,4.955,0.153,0.985,null,null,null,null,null,null,2,null,null,7.462,-91.982,-28.454,-40.283,null,null,null,null,null,null,null,null,null,RQOWDDLKGBMJFX,null,TRND,UMsUnMKpBwOAStKrJY,null,null,null,null,null,null,null,null,null,1146594-87-7,null,null,null,0,4,0,null,null,173030,0 0 0 0,1,1,2025-06-17 15:22:09,null,null,null,null,null,null,null,364782695,activity,null,HTS,20.006127,7.462,-5.758,4.596,-91.982,null,null,null,null,null,null,null,null,null,null,null,null,null,null,null,null,null,null,null,null,null,278937618
TRND-Glioblastoma_LOPAC_A172-primary_screen2,NCGC00015063-10,activity,null,4,0,5.422,NC(CP(O)(O)=O)C(O)=O,null,null,null,null,null,A4910,SIGMA,2021_LOPAC_01,null,null,(±)-2-Amino-3-phosphonopropionic acid,null,4,null,null,null,8.005,0,null,null,null,null,null,null,null,null,null,0,null,null,13.427,5.422,52.692,null,null,null,null,null,null,null,null,null,null,LBTABPSJONFLPO,null,TRND,ePBPZokqXLlWQagzgw,null,null,null,null,null,null,null,null,null,null,null,null,null,0,4,null,null,null,173030,null,1,1,2025-06-17 15:22:09,null,null,null,null,null,null,null,364784067,activity,null,HTS,null,13.427,7.515,10.477,5.422,null,null,null,null,null,null,null,null,null,null,null,null,null,null,null,null,null,null,null,null,null,278937619
TRND-Glioblastoma_LOPAC_A172-primary_screen2,NCGC00357427-12,activity,1.584893,-1.4,-43.77,-25.662,NCCOC1=CC(=NC(=C1)C(=O)NC2=NC3=CC=CC=C3C(OCCN)=C2)C(=O)NC4=NC5=CC=CC=C5C(OCCN)=C4,null,null,null,null,null,SML0678,SIGMA,2021_LOPAC_01,-5.8,null,Pyridostatin trifluoroacetate salt,null,-1.4,null,null,null,47.742,-30.77,2.333,0.252,0.959,null,null,null,null,null,null,13,null,null,12.893,-34.849,-5.334,-5.561,null,null,null,null,null,null,null,null,null,VGHSATQVJCTKEF,null,TRND,zeRdiwxvwshnVgSLQP,null,G-quadraplex binding ligand,null,null,TFA,null,null,null,null,null,H2AX,null,null,0,4,0,null,null,173030,0 0 0 0,1,1,2025-06-17 15:22:09,null,null,null,null,null,null,null,364781067,activity,null,HTS,null,12.893,-4.657,-34.849,-25.662,null,null,null,null,null,null,null,null,null,null,null,null,null,null,null,null,null,null,null,null,null,278937620
TRND-Glioblastoma_LOPAC_A172-primary_screen2,NCGC00016954-21,activity,null,4,-11.5,-3.333,CCCN1CCC[C@@H]2CC3=NNC=C3C[C@@H]12,null,null,null,null,null,Q102,SIGMA,2021_LOPAC_01,null,null,(-)-Quinpirole hydrochloride,null,4,null,null,null,10.816,-5,4.504,0.222,0.969,null,null,null,null,null,null,6.5,null,null,7.483,-3.333,22.819,25.33,null,null,null,null,null,null,null,null,null,FTSUPYGMFAPCFZ,null,TRND,ryWdWkVdVpvfHhJMXl,null,null,null,null,CL,null,null,null,null,85798-08-9,null,null,null,0,4,0,null,null,173030,0 0 0 0,1,1,2025-06-17 15:22:09,null,null,null,null,null,null,null,364781723,activity,null,HTS,null,5.333,7.483,6.495,-3.333,null,null,null,null,null,null,null,null,null,null,null,null,null,null,null,null,null,null,null,null,null,278937621
TRND-Glioblastoma_LOPAC_A172-primary_screen2,NCGC00162270-06,activity,null,4,-23.335,-0.696,OC[C@H]1O[C@H]([C@H](O)C1O)N2C=NC3=C2N=CN=C3SCC4=CC=C(C=C4)[N+]([O-])=O,null,null,null,null,null,N2255,SIGMA,2021_LOPAC_01,null,null,S-(4-Nitrobenzyl)-6-thioinosine,null,4,null,null,null,27.208,-0.335,4.955,0.257,0.957,null,null,null,null,null,null,23,null,null,26.512,-0.696,73.958,80.595,null,null,null,null,null,null,null,null,null,DYCJFJRCWPVDHY,null,TRND,FZhMuIzWgBfoehKNFJ,null,Kynurenine Aminotransferase II (KAT II) inhibitor,null,null,null,null,null,null,null,null,AADAT,null,null,0,4,0,null,null,173030,0 0 0 0,1,1,2025-06-17 15:22:09,null,null,null,null,null,null,null,364782615,activity,null,HTS,null,19.773,26.512,1.323,-0.696,null,null,null,null,null,null,null,null,null,null,null,null,null,null,null,null,null,null,null,null,null,278937622
TRND-Glioblastoma_LOPAC_A172-primary_screen2,NCGC00015713-27,activity,null,4,-17,11.979,CCOC(=O)C1=C(C)NC(C)=C(C1C2=CC=CC(=C2)[N+]([O-])=O)C(=O)OC,null,null,null,null,null,N144,SIGMA,2021_LOPAC_01,null,null,Nitrendipine,null,4,null,null,null,13.546,4.5,4.955,0.653,0.59,null,null,null,null,null,null,21.5,null,null,25.525,11.979,104.747,95.985,null,null,null,null,null,null,null,null,null,PVHUJELLJLJGLN,null,TRND,MyjnyRRQtXiJJRODnv,null,null,null,null,null,null,null,null,null,39562-70-4,null,null,null,0,4,0,null,null,173030,0 0 0 0,1,1,2025-06-17 15:22:09,null,null,null,null,null,null,null,364780783,activity,null,HTS,null,25.525,16.06,23.439,11.979,null,null,null,null,null,null,null,null,null,null,null,null,null,null,null,null,null,null,null,null,null,278937623
TRND-Glioblastoma_LOPAC_A172-primary_screen2,NCGC00016002-07,activity,null,4,0,10.383,CC(C)NP(=O)(NC(C)C)OP(=O)(NC(C)C)NC(C)C,null,null,null,null,null,T1505,SIGMA,2021_LOPAC_01,null,null,Tetraisopropyl pyrophosphoramide,null,4,null,null,null,14.27,0,null,null,null,null,null,null,null,null,null,0,null,null,12.037,-2.233,43.5,null,null,null,null,null,null,null,null,null,null,IOIMDJXKIMCMIG,null,TRND,EkrUbPAZNSXaOSVRNc,null,null,null,null,null,null,null,null,null,null,null,null,null,0,4,null,null,null,173030,null,1,1,2025-06-17 15:22:09,null,null,null,null,null,null,null,364784503,activity,null,HTS,null,12.037,-2.233,8.862,10.383,null,null,null,null,null,null,null,null,null,null,null,null,null,null,null,null,null,null,null,null,null,278937624
TRND-Glioblastoma_LOPAC_A172-primary_screen2,NCGC00015485-10,activity,null,4,-17.259,-2.299,C[N+]1(C)CCOC(O)(C1)C2=CC=C(C=C2)C3=CC=C(C=C3)C4(O)C[N+](C)(C)CCO4,null,null,null,null,null,H108,SIGMA,2021_LOPAC_01,null,null,Hemicholinium-3,null,4,null,null,null,24.472,-2.259,4.955,0.599,0.684,null,null,null,null,null,null,15,null,null,22.173,-2.299,46.111,60.6,null,null,null,null,null,null,null,null,null,JIWUESGGKYLPPG,null,TRND,qArZPeTYfVKnStNcxq,null,null,null,null,BR,null,null,null,null,null,null,null,null,0,4,0,null,null,173030,0 0 0 0,1,1,2025-06-17 15:22:09,null,null,null,null,null,null,null,364781219,activity,null,HTS,null,7.988,22.173,13.809,-2.299,null,null,null,null,null,null,null,null,null,null,null,null,null,null,null,null,null,null,null,null,null,278937625
TRND-Glioblastoma_LOPAC_A172-primary_screen2,NCGC00015940-10,activity,7.943282,-2.2,-69.488,-33.764,CN1CCC2=C(C=C(O)C(O)=C2Cl)C(C1)C3=CC(C)=CC=C3,null,null,null,null,null,S2816,SIGMA,2021_LOPAC_01,-5.1,null,SKF 83959 hydrobromide,null,-3,null,null,null,59.71,-43.488,1.288,0.034,0.999,null,null,null,null,null,null,26,null,null,25.946,-33.764,63.827,62.219,null,null,null,null,null,null,null,null,null,JXMYTVOBSFOHAF,null,TRND,MJvyjEmfYTeHdNTFNr,null,null,null,null,BR,null,null,null,null,67287-95-0,null,null,null,0,4,0,null,null,173030,0 0 0 0,1,1,2025-06-17 15:22:09,null,null,null,null,null,null,null,364781683,activity,null,HTS,null,25.946,18.781,-5.079,-33.764,null,null,null,null,null,null,null,null,null,null,null,null,null,null,null,null,null,null,null,null,null,278937626
TRND-Glioblastoma_LOPAC_A172-primary_screen2,NCGC00015312-09,activity,null,4,-23.351,-8.626,CN1C=NC2=C1C(=O)N(CC#C)C(=O)N2C,null,null,null,null,null,D134,SIGMA,2021_LOPAC_01,null,null,"3,7-Dimethyl-1-propargylxanthine",null,4,null,null,null,24.313,-9.851,2.638,0.213,0.971,null,null,null,null,null,null,13.5,null,null,15.688,-8.626,52.921,48.455,null,null,null,null,null,null,null,null,null,IORPOFJLSIHJOG,null,TRND,JhlmkFPwiAxtzVtwEh,null,null,null,null,null,null,null,null,null,14114-46-6,null,null,null,0,4,0,null,null,173030,0 0 0 0,1,1,2025-06-17 15:22:09,null,null,null,null,null,null,null,364781539,activity,null,HTS,null,15.688,11.159,8.754,-8.626,null,null,null,null,null,null,null,null,null,null,null,null,null,null,null,null,null,null,null,null,null,278937627
TRND-Glioblastoma_LOPAC_A172-primary_screen2,NCGC00015537-07,activity,null,4,14,12.861,OC1=CC=CC2=C(O)N=CC=C12,null,null,null,null,null,I138,SIGMA,2021_LOPAC_01,null,null,"1,5-Isoquinolinediol",null,4,null,null,null,13.566,13,4.955,0.693,0.503,null,null,null,null,null,null,-1,null,null,18.472,4.906,39.102,39.068,null,null,null,null,null,null,null,null,null,LFUJIPVWTMGYDG,null,TRND,nlMiUPJzjJXEVQnXbA,null,null,null,null,null,null,null,null,null,null,null,null,null,0,4,0,null,null,173030,0 0 0 0,1,1,2025-06-17 15:22:09,null,null,null,null,null,null,null,364780999,activity,null,HTS,null,4.906,18.472,8.32,12.861,null,null,null,null,null,null,null,null,null,null,null,null,null,null,null,null,null,null,null,null,null,278937628
TRND-Glioblastoma_LOPAC_A172-primary_screen2,NCGC00167487-24,activity,null,4,-14.5,1.455,C[C@](O)(C[S+]([O-])(=O)C1=CC=C(F)C=C1)C(=O)NC2=CC=C(C#N)C(=C2)C(F)(F)F,null,null,null,null,null,B9061,SIGMA,2021_LOPAC_01,null,null,Bicalutamide (CDx),null,4,null,null,null,14.259,1,2.253,0.067,0.997,null,null,null,null,null,null,15.5,null,null,15.714,1.455,61.133,61.96,null,null,null,null,null,null,null,null,null,CMPOAZJLBGOPQD,null,TRND,hOsofBmuijrtWFQQEe,null,Androgen Receptor antagonist,null,null,null,null,null,null,null,[NO STEREO] 90357-06-5,AR,null,null,0,4,0,null,null,173030,0 0 0 0,1,1,2025-06-17 15:22:09,null,null,null,null,null,null,null,364784215,activity,null,HTS,null,15.133,15.714,10.567,1.455,null,null,null,null,null,null,null,null,null,null,null,null,null,null,null,null,null,null,null,null,null,278937629
TRND-Glioblastoma_LOPAC_A172-primary_screen2,NCGC00015382-10,activity,null,4,18.5,17.402,CCN1C(=O)NC2=CC(Cl)=C(Cl)C=C12,null,null,null,null,null,D9190,SIGMA,2021_LOPAC_01,null,null,DCEBIO,null,4,null,null,null,17.382,16.5,4.955,0.197,0.975,null,null,null,null,null,null,-2,null,null,17.402,0.019,31.434,32.392,null,null,null,null,null,null,null,null,null,LKHRMULASXZCLG,null,TRND,oMqjNYgnWZFvCiwRbg,null,null,null,null,null,null,null,null,null,null,null,null,null,0,4,0,null,null,173030,0 0 0 0,1,1,2025-06-17 15:22:09,null,null,null,null,null,null,null,364782115,activity,null,HTS,null,0.019,17.219,14.586,17.402,null,null,null,null,null,null,null,null,null,null,null,null,null,null,null,null,null,null,null,null,null,278937630
TRND-Glioblastoma_LOPAC_A172-primary_screen2,NCGC00016069-25,activity,null,4,-11,15.755,BrC1=C2N=CC=NC2=CC=C1NC3=NCCN3,null,null,null,null,null,U104,SIGMA,2021_LOPAC_01,null,null,"UK 14,304",null,4,null,null,null,12.503,14,2.847,0.339,0.923,null,null,null,null,null,null,25,null,null,24.733,12.23,97.855,98.016,null,null,null,null,null,null,null,null,null,XYLJNLCSTIOKRM,null,TRND,gzctkmCFvySOiyntrC,null,null,null,null,null,null,null,null,null,59803-98-4,null,null,null,0,4,0,null,null,173030,0 0 0 0,1,1,2025-06-17 15:22:09,null,null,null,null,null,null,null,364781347,activity,null,HTS,null,24.733,17.718,12.23,15.755,null,null,null,null,null,null,null,null,null,null,null,null,null,null,null,null,null,null,null,null,null,278937631
TRND-Glioblastoma_LOPAC_A172-primary_screen2,NCGC00388431-06,activity,11.220185,-3,-47.832,-35.284,CC(C)=CCC1=CC2=C(OC(=O)C3=C2OC4=C3C=CC(O)=C4)C=C1O,null,null,null,null,null,SML0932,SIGMA,2021_LOPAC_01,-4.95,null,Psoralidin,null,-3,null,null,null,50.179,-35.832,4.095,0.143,0.987,null,null,null,null,null,null,12,null,null,14.895,-35.284,20.436,27.973,null,null,null,null,null,null,null,null,null,YABIJLLNNFURIJ,null,TRND,tuHjbVIvrbBNFUaDcf,null,null,null,null,null,null,null,null,null,18642-23-4,null,null,null,0,4,0,null,null,173030,0 0 0 0,1,1,2025-06-17 15:22:09,null,null,null,null,null,null,null,364782895,activity,null,HTS,null,8.544,14.895,6.955,-35.284,null,null,null,null,null,null,null,null,null,null,null,null,null,null,null,null,null,null,null,null,null,278938142
TRND-Glioblastoma_LOPAC_A172-primary_screen2,NCGC00014993-16,activity,null,4,-21.233,9.792,OC(=O)CCCCCCCC(O)=O,null,null,null,null,null,246379,SIGMA,2021_LOPAC_01,null,null,Azelaic acid,null,4,null,null,null,17.284,-4.733,1.416,1,1,null,null,null,null,null,null,16.5,null,null,14.59,-2.694,41.609,40.943,null,null,null,null,null,null,null,null,null,BDJRBEYXGGNYIS,null,TRND,XPXPFlmLSLhIgkslPJ,null,null,null,null,null,null,null,null,null,123-99-9,null,null,null,0,4,1,null,null,173030,0 0 0 1,1,1,2025-06-17 15:22:09,null,null,null,null,null,null,null,364783491,activity,null,HTS,null,14.59,6.322,-2.694,9.792,null,null,null,null,null,null,null,null,null,null,null,null,null,null,null,null,null,null,null,null,null,278938143
TRND-Glioblastoma_LOPAC_A172-primary_screen2,NCGC00014361-10,activity,null,4,0,6.683,OC(=O)CP(O)(O)=O,null,null,null,null,null,P6909,SIGMA,2021_LOPAC_01,null,null,Phosphonoacetic acid,null,4,null,null,null,7.661,0,null,null,null,null,null,null,null,null,null,0,null,null,11.671,4.01,45.448,null,null,null,null,null,null,null,null,null,null,XUYJLQHKOGNDPB,null,TRND,txatdkVBmZpUUsXMDb,null,null,null,null,null,null,null,null,null,4408-78-0,null,null,null,0,4,null,null,null,173030,null,1,1,2025-06-17 15:22:09,null,null,null,null,null,null,null,364782379,activity,null,HTS,null,11.671,9.649,4.01,6.683,null,null,null,null,null,null,null,null,null,null,null,null,null,null,null,null,null,null,null,null,null,278938144
TRND-Glioblastoma_LOPAC_A172-primary_screen2,NCGC00015177-17,activity,null,4,-16.954,4.838,CCCN1C2=C(NC(=N2)C3CCCC3)C(=O)N(CCC)C1=O,null,null,null,null,null,C101,SIGMA,2021_LOPAC_01,null,null,"8-Cyclopentyl-1,3-dipropylxanthine",null,4,null,null,null,17.792,1.046,4.955,0.383,0.897,null,null,null,null,null,null,18,null,null,16.581,-1.212,48.207,48.61,null,null,null,null,null,null,null,null,null,FFBDFADSZUINTG,null,TRND,hVYPHumAfpFNeIxKkV,null,null,null,null,null,null,null,null,null,102146-07-6,null,null,null,0,4,0,null,null,173030,0 0 0 0,1,1,2025-06-17 15:22:09,null,null,null,null,null,null,null,364784135,activity,null,HTS,null,16.581,0.711,-1.212,4.838,null,null,null,null,null,null,null,null,null,null,null,null,null,null,null,null,null,null,null,null,null,278938145
TRND-Glioblastoma_LOPAC_A172-primary_screen2,NCGC00179542-13,activity,null,4,0,6.858,CCN[C@H]1CN(CCCOC)[S+]([O-])(=O)C2=C1C=C(S2)[S+](N)([O-])=O,null,null,null,null,null,SML0216,SIGMA,2021_LOPAC_01,null,null,BRinzolamide,null,4,null,null,null,7.03,0,null,null,null,null,null,null,null,null,null,0,null,null,13.219,6.189,51.018,null,null,null,null,null,null,null,null,null,null,NLJDKPNKFMIOON,null,TRND,qKpnEwawktNmGaZORP,null,null,null,null,null,null,null,null,null,138890-62-7,null,null,null,0,4,null,null,null,173030,null,1,1,2025-06-17 15:22:09,null,null,null,null,null,null,null,364781283,activity,null,HTS,null,12.197,13.219,6.189,6.858,null,null,null,null,null,null,null,null,null,null,null,null,null,null,null,null,null,null,null,null,null,278938146
TRND-Glioblastoma_LOPAC_A172-primary_screen2,NCGC00168775-08,activity,12.589254,-3,-46.556,-38.696,NC(=O)C([C@@H]1CCN(CCC2=CC3=C(OCC3)C=C2)C1)(C4=CC=CC=C4)C5=CC=CC=C5,null,null,null,null,null,SML1102,SIGMA,2021_LOPAC_01,-4.9,null,Darifenacin hydrobromide,null,-3,null,null,null,47.585,-39.056,4.955,0.067,0.997,null,null,null,null,null,null,7.5,null,null,8.889,-38.696,12.402,9.623,null,null,null,null,null,null,null,null,null,HXGBXQDTNZMWGS,null,TRND,LgxSoSgGgIUeRFeKYS,null,null,null,null,BR,null,null,null,null,null,null,null,null,0,4,0,null,null,173030,0 0 0 0,1,1,2025-06-17 15:22:09,null,null,null,null,null,null,null,364780407,activity,null,HTS,null,8.889,5.938,5.614,-38.696,null,null,null,null,null,null,null,null,null,null,null,null,null,null,null,null,null,null,null,null,null,278938147
TRND-Glioblastoma_LOPAC_A172-primary_screen2,NCGC00015482-20,activity,null,4,-13.298,0.853,CC[N+](CC)(CC)CCOC1=CC=CC(OCC[N+](CC)(CC)CC)=C1OCC[N+](CC)(CC)CC,null,null,null,null,null,G8134,SIGMA,2021_LOPAC_01,null,null,Gallamine triethiodide,null,4,null,null,null,15.972,-2.298,2.406,0.477,0.828,null,null,null,null,null,null,11,null,null,10.307,-5.665,28.063,29.75,null,null,null,null,null,null,null,null,null,OZLPUNFFCJDMJD,null,TRND,LCOAfHTfqrLiPYHRAf,null,Muscarinic acetylcholine receptor M2 antagonist,null,null,I,null,null,null,null,null,CHRM2,null,null,0,4,0,null,null,173030,0 0 0 0,1,1,2025-06-17 15:22:09,null,null,null,null,null,null,null,364784439,activity,null,HTS,null,10.307,4.254,-5.665,0.853,null,null,null,null,null,null,null,null,null,null,null,null,null,null,null,null,null,null,null,null,null,278938148
TRND-Glioblastoma_LOPAC_A172-primary_screen2,NCGC00507715-02,activity,null,4,0,15.202,CC1NC2=CC(Cl)=C(C=C2C(=O)N1C3=C(C)C=CC=C3)[S+]([O-])ON,null,null,null,null,null,M116,SIGMA,2021_LOPAC_01,null,null,Metolazone,null,4,null,null,null,4.555,0,null,null,null,null,null,null,null,null,null,0,null,null,15.202,10.647,54.145,null,null,null,null,null,null,null,null,null,null,RECBNDOXLFOHMR,null,TRND,sGXDcqcIZChxJhkgrm,null,null,null,null,null,null,null,null,null,null,null,null,null,0,4,null,null,null,173030,null,1,1,2025-06-17 15:22:09,null,null,null,null,null,null,null,364782567,activity,null,HTS,null,11.131,11.186,10.647,15.202,null,null,null,null,null,null,null,null,null,null,null,null,null,null,null,null,null,null,null,null,null,278938149
TRND-Glioblastoma_LOPAC_A172-primary_screen2,NCGC00016311-40,activity,null,4,-19,2.506,CC1=CC=C(C=C1)N(CC2=NCCN2)C3=CC=CC(O)=C3,null,null,null,null,null,P7561,SIGMA,2021_LOPAC_01,null,null,Phentolamine mesylate,null,4,null,null,null,15.961,3,1.344,0.132,0.989,null,null,null,null,null,null,22,null,null,18.468,2.506,61.92,60.285,null,null,null,null,null,null,null,null,null,MRBDMNSDAVCSSF,null,TRND,GsWZlpJdtCaocdyOQW,null,Alpha-1A Adrenergic Receptor antagonist,null,null,null,null,null,null,null,73-05-2,ADRA1A,null,null,0,4,0,null,null,173030,0 0 0 0,1,1,2025-06-17 15:22:09,null,null,null,null,null,null,null,364781595,activity,null,HTS,null,18.468,8.506,4.871,2.506,null,null,null,null,null,null,null,null,null,null,null,null,null,null,null,null,null,null,null,null,null,278938150
TRND-Glioblastoma_LOPAC_A172-primary_screen2,NCGC00162176-10,activity,null,4,-11,6.179,[O-]C(=O)C1=CC2=CC(CC3=CC=CN=C3)=CC=C2O1,null,null,null,null,null,F3764,SIGMA,2021_LOPAC_01,null,null,Furegrelate sodium,null,4,null,null,null,11.02,7,4.955,0.22,0.969,null,null,null,null,null,null,18,null,null,17.198,6.179,61.713,61.243,null,null,null,null,null,null,null,null,null,VHWFITPGPFLBGT,null,TRND,nKiozUSzMxOSPkBMak,null,null,null,null,SODIUM,null,null,null,null,85666-17-7,null,null,null,0,4,0,null,null,173030,0 0 0 0,1,1,2025-06-17 15:22:09,null,null,null,null,null,null,null,364782443,activity,null,HTS,null,17.198,7.041,8.318,6.179,null,null,null,null,null,null,null,null,null,null,null,null,null,null,null,null,null,null,null,null,null,278938151
TRND-Glioblastoma_LOPAC_A172-primary_screen2,NCGC00386221-07,activity,null,4,0,9.055,CC1=CC=C(C=C1)N2SC(=O)N(CC3=CC=C(F)C=C3)C2=O,null,null,null,null,null,SML0908,SIGMA,2021_LOPAC_01,null,null,CCG-50014    ,null,4,null,null,null,25.002,0,null,null,null,null,null,null,null,null,null,0,null,null,34.057,9.055,117.021,null,null,null,null,null,null,null,null,null,null,QUIIIYITNGOFEI,null,TRND,gKYgAsJoWTsmnqdRPk,null,null,null,null,null,null,null,null,null,883050-24-6,null,null,null,0,4,null,null,null,173030,null,1,1,2025-06-17 15:22:09,null,null,null,null,null,null,null,364780911,activity,null,HTS,null,34.057,15.083,10.305,9.055,null,null,null,null,null,null,null,null,null,null,null,null,null,null,null,null,null,null,null,null,null,278938152
TRND-Glioblastoma_LOPAC_A172-primary_screen2,NCGC00015661-17,activity,null,4,11,20.05,CCOC(=O)[N-]C1=C[N+](=NO1)N2CCOCC2,null,null,null,null,null,M2901,SIGMA,2021_LOPAC_01,null,null,Molsidomine,null,4,null,null,null,11.294,18,4.955,0.694,0.501,null,null,null,null,null,null,7,null,null,21.689,10.394,63.435,63.263,null,null,null,null,null,null,null,null,null,XLFWDASMENKTKL,null,TRND,CgPzevpCKatnXTYTmw,null,null,null,null,null,null,null,null,null,25717-80-0,null,null,null,0,4,0,null,null,173030,0 0 0 0,1,1,2025-06-17 15:22:09,null,null,null,null,null,null,null,364780367,activity,null,HTS,null,10.394,21.689,12.717,20.05,null,null,null,null,null,null,null,null,null,null,null,null,null,null,null,null,null,null,null,null,null,278938153
TRND-Glioblastoma_LOPAC_A172-primary_screen2,NCGC00015260-30,activity,null,4,-19.5,12.59,N[C@@H](C(=O)N[C@H]1[C@H]2SCC(Cl)=C(N2C1=O)C(O)=O)C3=CC=CC=C3,null,null,null,null,null,C6895,SIGMA,2021_LOPAC_01,null,null,Cefaclor,null,4,null,null,null,21.139,8,4.955,0.445,0.854,null,null,null,null,null,null,27.5,null,null,25.112,3.973,84.394,85.173,null,null,null,null,null,null,null,null,null,QYIYFLOTGYLRGG,null,TRND,WTCloNsjTCiaPMFpZO,null,null,null,null,null,null,null,null,null,53994-73-3,null,null,null,0,4,0,null,null,173030,0 0 0 0,1,1,2025-06-17 15:22:09,null,null,null,null,null,null,null,364781199,activity,null,HTS,null,25.112,7.593,3.973,12.59,null,null,null,null,null,null,null,null,null,null,null,null,null,null,null,null,null,null,null,null,null,278938154
TRND-Glioblastoma_LOPAC_A172-primary_screen2,NCGC00024714-19,activity,null,4,15,-2.485,CC1=CC=C(C=C1)C(=C/CN2CCCC2)\C3=CC=CC=N3,null,null,null,null,null,T6764,SIGMA,2021_LOPAC_01,null,null,Triprolidine hydrochloride,null,4,null,null,null,28.405,14.5,2.72,1,1,null,null,null,null,null,null,-0.5,null,null,25.92,-2.485,22.5,17.003,null,null,null,null,null,null,null,null,null,CBEQULMOCCWAQT,null,TRND,XFsLKkbrLYPeSLmlyO,null,null,null,null,CL,null,null,null,null,550-70-9,null,null,null,0,4,2,null,null,173030,1 0 0 1,1,1,2025-06-17 15:22:09,null,null,null,null,null,null,null,364780763,activity,null,HTS,null,25.92,1.717,13.5,-2.485,null,null,null,null,null,null,null,null,null,null,null,null,null,null,null,null,null,null,null,null,null,278938155
TRND-Glioblastoma_LOPAC_A172-primary_screen2,NCGC00015148-14,activity,null,4,-14.651,6.435,CCCC[S+]([O-])(=N)CCC(N)C(O)=O,null,null,null,null,null,B2640,SIGMA,2021_LOPAC_01,null,null,"DL-Buthionine-[S,R]-sulfoximine",null,4,null,null,null,16.254,-0.651,4.955,1,0.714,null,null,null,null,null,null,14,null,null,11.128,-5.126,31.689,29.63,null,null,null,null,null,null,null,null,null,WDFRNLYXRQXXFS,null,TRND,qgvRjyyhcJnDBNojxN,null,Glutamate-Cysteine Ligase catalytic subunit inhibitor,null,null,null,null,null,null,null,5072-26-4,GCLC,null,null,0,4,1,null,null,173030,0 0 0 1,1,1,2025-06-17 15:22:09,null,null,null,null,null,null,null,364785091,activity,null,HTS,null,11.128,-5.126,3.582,6.435,null,null,null,null,null,null,null,null,null,null,null,null,null,null,null,null,null,null,null,null,null,278938156
TRND-Glioblastoma_LOPAC_A172-primary_screen2,NCGC00371406-04,activity,null,4,-17,5.34,NCC[S+](O)[O-],null,null,null,null,null,H1384,SIGMA,2021_LOPAC_01,null,null,Hypotaurine,null,4,null,null,null,18.11,2,2.72,0.346,0.919,null,null,null,null,null,null,19,null,null,18.361,0.251,58.323,57.905,null,null,null,null,null,null,null,null,null,VVIUBCNYACGLLV,null,TRND,PzcjrmAuhLUnfvCyIx,null,null,null,null,null,null,null,null,null,300-84-5,null,null,null,0,4,0,null,null,173030,0 0 0 0,1,1,2025-06-17 15:22:09,null,null,null,null,null,null,null,364781139,activity,null,HTS,null,18.361,6.276,0.251,5.34,null,null,null,null,null,null,null,null,null,null,null,null,null,null,null,null,null,null,null,null,null,278938157
TRND-Glioblastoma_LOPAC_A172-primary_screen2,NCGC00016850-26,activity,null,4,-29.019,-1.266,CC(C)(OC1=CC=C(CCNC(=O)C2=CC=C(Cl)C=C2)C=C1)C(O)=O,null,null,null,null,null,B7273,SIGMA,2021_LOPAC_01,null,null,Bezafibrate,null,4,null,null,null,26.874,-2.519,1.826,0.084,0.996,null,null,null,null,null,null,26.5,null,null,25.608,-1.266,80.509,80.755,null,null,null,null,null,null,null,null,null,IIBYAHWJQTYFKB,null,TRND,vjdLsXKoBupxdrqgIM,null,null,null,null,null,null,null,null,null,41859-67-0,null,null,null,0,4,0,null,null,173030,0 0 0 0,1,1,2025-06-17 15:22:09,null,null,null,null,null,null,null,364781243,activity,null,HTS,null,25.608,15.628,-1.163,-1.266,null,null,null,null,null,null,null,null,null,null,null,null,null,null,null,null,null,null,null,null,null,278938158
TRND-Glioblastoma_LOPAC_A172-primary_screen2,NCGC00167767-15,activity,2.511886,-1.1,-123.864,-96.747,O=C(N1CCC(CC1)N2CCCC2)C3=CC=C(NC4=NC=CC(=N4)C5=CC6=C(S5)C=CC=C6)C=C3,null,null,null,null,null,SML1138,SIGMA,2021_LOPAC_01,-5.6,null,IKK-16 dihydrochloride,null,-1.1,null,null,null,124.085,-96.864,4.045,0.008,1,null,null,null,null,null,null,27,null,null,27.337,-96.747,-28.574,-29.403,null,null,null,null,null,null,null,null,null,BWZJBXAPRCVCKQ,null,TRND,zOImHBCfCiTPbrjLtW,null,inhibitor of nuclear factor kappa B kinase subunit beta inhibitor,null,null,CL,null,null,null,null,null,IKBKB,null,null,0,4,0,null,null,173030,0 0 0 0,1,1,2025-06-17 15:22:09,null,null,null,null,null,null,null,364781519,activity,null,HTS,2.55244,27.337,17.627,-94.238,-96.747,null,null,null,null,null,null,null,null,null,null,null,null,null,null,null,null,null,null,null,null,null,278938159
TRND-Glioblastoma_LOPAC_A172-primary_screen2,NCGC00015024-09,activity,null,4,0,6.151,NC1(CCC2=C1C=CC(=C2)C(O)=O)C(O)=O,null,null,null,null,null,A254,SIGMA,2021_LOPAC_01,null,null,AIDA,null,4,null,null,null,5.374,0,null,null,null,null,null,null,null,null,null,0,null,null,11.525,6.151,38.839,null,null,null,null,null,null,null,null,null,null,LSTPKMWNRWCNLS,null,TRND,GECyBSuUOdMjjzqZhI,null,null,null,null,null,null,null,null,null,null,null,null,null,0,4,null,null,null,173030,null,1,1,2025-06-17 15:22:09,null,null,null,null,null,null,null,364782191,activity,null,HTS,null,8.153,11.525,7.046,6.151,null,null,null,null,null,null,null,null,null,null,null,null,null,null,null,null,null,null,null,null,null,278938160
TRND-Glioblastoma_LOPAC_A172-primary_screen2,NCGC00690010-01,activity,null,4,-22.738,-7.698,COC1=CC(O)=CC(CCC2=CC=C(OC)C(O)=C2)=C1,null,null,null,null,null,SML2036,SIGMA,2021_LOPAC_01,null,null,Gigantol,null,4,null,null,null,27.347,-12.238,4.955,0.617,0.654,null,null,null,null,null,null,10.5,null,null,19.648,-7.698,34.582,39.734,null,null,null,null,null,null,null,null,null,SDXKZPQOVUDXIY,null,TRND,uMBEbitJUZFujGBDQp,null,null,null,null,null,null,null,null,null,null,null,null,null,0,4,0,null,null,173030,0 0 0 0,1,1,2025-06-17 15:22:09,null,null,null,null,null,null,null,364783555,activity,null,HTS,null,7.948,4.053,19.648,-7.698,null,null,null,null,null,null,null,null,null,null,null,null,null,null,null,null,null,null,null,null,null,278938161
TRND-Glioblastoma_LOPAC_A172-primary_screen2,NCGC00090504-27,activity,null,4,-14.227,-0.697,OC1=CC=C(\C=C\C(=O)C2=C(O)C=C(O)C=C2)C=C1,null,null,null,null,null,I3766,SIGMA,2021_LOPAC_01,null,null,Isoliquiritigenin,null,4,null,null,null,13.909,-1.727,1.967,0.143,0.987,null,null,null,null,null,null,12.5,null,null,12.052,-1.856,35.901,35.659,null,null,null,null,null,null,null,null,null,DXDRHHKMWQZJHT,null,TRND,fiVNxQwRwsIVTMahfc,null,NMDA Receptor antagonist,null,null,null,null,null,null,null,961-29-5,GRIN1,null,null,0,4,0,null,null,173030,0 0 0 0,1,1,2025-06-17 15:22:09,null,null,null,null,null,null,null,364783011,activity,null,HTS,null,12.052,5.894,-1.856,-0.697,null,null,null,null,null,null,null,null,null,null,null,null,null,null,null,null,null,null,null,null,null,278938162
TRND-Glioblastoma_LOPAC_A172-primary_screen2,NCGC00015846-29,activity,null,4,16.5,5.698,CCCCC1C(=O)N(N(C1=O)C2=CC=CC=C2)C3=CC=CC=C3,null,null,null,null,null,P8386,SIGMA,2021_LOPAC_01,null,null,Phenylbutazone,null,4,null,null,null,15.149,19.5,3.929,1,0.625,null,null,null,null,null,null,3,null,null,16.789,1.64,47.85,32.426,null,null,null,null,null,null,null,null,null,VYMDGNCVAMGZFE,null,TRND,uiXLghgZfkQCIFtSNv,null,null,null,null,null,null,null,null,null,50-33-9,null,null,null,0,4,1,null,null,173030,0 0 0 1,1,1,2025-06-17 15:22:09,null,null,null,null,null,null,null,364782251,activity,null,HTS,null,9.418,1.64,16.789,5.698,null,null,null,null,null,null,null,null,null,null,null,null,null,null,null,null,null,null,null,null,null,278938163
TRND-Glioblastoma_LOPAC_A172-primary_screen2,NCGC00024846-19,activity,null,4,-16.721,-7.684,NC(=N)N\N=C\C1=C(Cl)C=CC=C1Cl,null,null,null,null,null,G110,SIGMA,2021_LOPAC_01,null,null,Guanabenz acetate,null,4,null,null,null,80.419,-9.221,1.862,0.881,0.999,null,null,null,null,null,null,7.5,null,null,7.129,-73.29,21.703,22.445,null,null,null,null,null,null,null,null,null,WDZVGELJXXEGPV,null,TRND,cAtAWvlbKvQPInqupg,null,null,null,null,null,null,null,null,null,23256-50-0,null,null,null,0,4,1,null,null,173030,1 0 0 0,1,1,2025-06-17 15:22:09,null,null,null,null,null,null,null,364783183,activity,null,HTS,null,-73.29,7.129,1.398,-7.684,null,null,null,null,null,null,null,null,null,null,null,null,null,null,null,null,null,null,null,null,null,278938164
TRND-Glioblastoma_LOPAC_A172-primary_screen2,NCGC00015629-10,activity,null,4,22,3.945,CC(N)CC1=CNC2=C1C=C(O)C=C2,null,null,null,null,null,M110,SIGMA,2021_LOPAC_01,null,null,alpha-Methyl-5-hydroxytryptamine maleate,null,4,null,null,null,19.259,23,1.808,1,1,null,null,null,null,null,null,1,null,null,22.438,3.18,47.4,47.796,null,null,null,null,null,null,null,null,null,LYPCGXKCQDYTFV,null,TRND,LkBytJLIqOBPDdhjET,null,null,null,null,MALEATE,null,null,null,null,null,null,null,null,0,4,1,null,null,173030,0 0 0 1,1,1,2025-06-17 15:22:09,null,null,null,null,null,null,null,364781927,activity,null,HTS,null,3.18,15.869,22.438,3.945,null,null,null,null,null,null,null,null,null,null,null,null,null,null,null,null,null,null,null,null,null,278938165
TRND-Glioblastoma_LOPAC_A172-primary_screen2,NCGC00014670-30,activity,null,4,-28.763,-23.552,ClC1=CC2=C(C=C1)N(C3CCN(CCCN4C(=O)NC5=C4C=CC=C5)CC3)C(=O)N2,null,null,null,null,null,D122,SIGMA,2021_LOPAC_01,null,null,Domperidone,null,4,null,null,null,30.026,-23.763,3.929,0.109,0.993,null,null,null,null,null,null,5,null,null,6.473,-23.552,2.139,5.097,null,null,null,null,null,null,null,null,null,FGXWKSZFVQUSTL,null,TRND,rcAeQDHVcYZbMSVgfm,null,Dopamine Receptor D2 antagonist,null,null,null,null,null,null,null,57808-66-9,DRD2,null,null,0,4,0,null,null,173030,0 0 0 0,1,1,2025-06-17 15:22:09,null,null,null,null,null,null,null,364781523,activity,null,HTS,null,3.629,6.473,-0.107,-23.552,null,null,null,null,null,null,null,null,null,null,null,null,null,null,null,null,null,null,null,null,null,278938166
TRND-Glioblastoma_LOPAC_A172-primary_screen2,NCGC00016009-25,activity,null,4,0,17.665,CC1=CC=C(C=C1)[S+]([O-])(=O)NC(=O)NN2CCCCCC2,null,null,null,null,null,T2408,SIGMA,2021_LOPAC_01,null,null,Tolazamide,null,4,null,null,null,74.322,0,null,null,null,null,null,null,null,null,null,0,null,null,17.665,-56.656,10.06,null,null,null,null,null,null,null,null,null,null,GPYYDSQFDXSIGJ,null,TRND,YLhNsBYdhBeaRgNzZa,null,null,null,null,null,null,null,null,null,1156-19-0,null,null,null,0,4,null,null,null,173030,null,1,1,2025-06-17 15:22:09,null,null,null,null,null,null,null,364785159,activity,null,HTS,null,11.729,-56.656,11.176,17.665,null,null,null,null,null,null,null,null,null,null,null,null,null,null,null,null,null,null,null,null,null,278938167
TRND-Glioblastoma_LOPAC_A172-primary_screen2,NCGC00095899-18,activity,null,4,0,5.604,CN(C)CCC1=CNC2=CC=C(CN3C=NC=N3)C=C12,null,null,null,null,null,SML0247,SIGMA,2021_LOPAC_01,null,null,Rizatriptan benzoate salt,null,4,null,null,null,7.3,0,null,null,null,null,null,null,null,null,null,0,null,null,9.686,2.386,22.052,null,null,null,null,null,null,null,null,null,null,ULFRLSNUDGIQQP,null,TRND,HWScWawNAgcVvDGHjU,null,null,null,null,BENZOIC_ACID,null,null,null,null,144034-80-0,null,null,null,0,4,null,null,null,173030,null,1,1,2025-06-17 15:22:09,null,null,null,null,null,null,null,364781591,activity,null,HTS,null,2.386,9.686,8.175,5.604,null,null,null,null,null,null,null,null,null,null,null,null,null,null,null,null,null,null,null,null,null,278938168
TRND-Glioblastoma_LOPAC_A172-primary_screen2,NCGC00015514-17,activity,null,4,-9,2.673,CC1=NC=CC2=C1NC3=C2C=CC=C3,null,null,null,null,null,H7258,SIGMA,2021_LOPAC_01,null,null,Harmane,null,4,null,null,null,14.63,2.5,4.955,0.706,0.468,null,null,null,null,null,null,11.5,null,null,17.302,2.673,32.157,44.899,null,null,null,null,null,null,null,null,null,PSFDQSOCUJVVGF,null,TRND,oyPqfstruuxGfIrODh,null,null,null,null,null,null,null,null,null,486-84-0,null,null,null,0,4,0,null,null,173030,0 0 0 0,1,1,2025-06-17 15:22:09,null,null,null,null,null,null,null,364783087,activity,null,HTS,null,5.504,17.302,4.841,2.673,null,null,null,null,null,null,null,null,null,null,null,null,null,null,null,null,null,null,null,null,null,278938169
TRND-Glioblastoma_LOPAC_A172-primary_screen2,NCGC00015917-15,activity,null,4,-12,4.328,CN1C=CC2=CC3=C(CCN3C(=O)NC4=CC=CN=C4)C=C12,null,null,null,null,null,S180,SIGMA,2021_LOPAC_01,null,null,SB 206553 hydrochloride,null,4,null,null,null,13.409,2.5,4.955,0.258,0.957,null,null,null,null,null,null,14.5,null,null,14.479,1.07,52.188,53.156,null,null,null,null,null,null,null,null,null,QJQORSLQNXDVGE,null,TRND,OcvhRvVMuPDfjmEGkS,null,null,null,null,CL,null,null,null,null,null,null,null,null,0,4,0,null,null,173030,0 0 0 0,1,1,2025-06-17 15:22:09,null,null,null,null,null,null,null,364783207,activity,null,HTS,null,14.07,14.479,1.07,4.328,null,null,null,null,null,null,null,null,null,null,null,null,null,null,null,null,null,null,null,null,null,278938170
TRND-Glioblastoma_LOPAC_A172-primary_screen2,NCGC00162250-05,activity,null,4,-22.04,7.986,CSC(=N)NCCC[C@H](N)C(O)=O,null,null,null,null,null,M5171,SIGMA,2021_LOPAC_01,null,null,S-Methyl-L-thiocitrulline acetate,null,4,null,null,null,23.06,2.46,1.627,0.482,0.823,null,null,null,null,null,null,24.5,null,null,22.193,-0.867,73.206,72.988,null,null,null,null,null,null,null,null,null,NGVMVBQRKZPFLB,null,TRND,rJngPLuSOQrRpyoiwO,null,null,null,null,ACETIC-ACID,null,null,null,null,null,null,null,null,0,4,0,null,null,173030,0 0 0 0,1,1,2025-06-17 15:22:09,null,null,null,null,null,null,null,364783595,activity,null,HTS,null,22.193,11.484,-0.867,7.986,null,null,null,null,null,null,null,null,null,null,null,null,null,null,null,null,null,null,null,null,null,278938171
TRND-Glioblastoma_LOPAC_A172-primary_screen2,NCGC00093706-08,activity,null,4,0,14.028,[H][C@]12SCC(C)=C(N1C(=O)[C@H]2NC(=O)C(N)C3=CC=CC=C3)C(O)=O,null,null,null,null,null,C4895,SIGMA,2021_LOPAC_01,null,null,Cephalexin hydrate,null,4,null,null,null,12.498,0,null,null,null,null,null,null,null,null,null,0,null,null,18.867,6.368,75.054,null,null,null,null,null,null,null,null,null,null,ZAIPMKNFIOOWCQ,null,TRND,WTCloNpktLHQTHeoau,null,null,null,null,null,null,null,null,null,[NO STEREO] 15686-71-2,null,null,null,0,4,null,null,null,173030,null,1,1,2025-06-17 15:22:09,null,null,null,null,null,null,null,364780511,activity,null,HTS,null,18.867,6.368,15.546,14.028,null,null,null,null,null,null,null,null,null,null,null,null,null,null,null,null,null,null,null,null,null,278938172
TRND-Glioblastoma_LOPAC_A172-primary_screen2,NCGC00690003-01,activity,null,4,30.422,-0.814,CC1=CC(NC(=O)CN(C2=CC(=CC=C2C)[N+]([O-])=O)[S+](C)([O-])=O)=CC(C)=C1,null,null,null,null,null,SML2151,SIGMA,2021_LOPAC_01,null,null,MBx2546,null,4,null,null,null,31.153,13,4.955,1,0.825,null,null,null,null,null,null,-17.422,null,null,19.551,-11.602,-10.575,-6.789,null,null,null,null,null,null,null,null,null,LJBRLEOUAJOWAT,null,TRND,OLcfXCykHCFuQzJqaM,null,null,null,null,null,null,null,null,null,null,null,null,null,0,4,1,null,null,173030,0 0 0 1,1,1,2025-06-17 15:22:09,null,null,null,null,null,null,null,364783515,activity,null,HTS,null,-11.602,19.551,6.498,-0.814,null,null,null,null,null,null,null,null,null,null,null,null,null,null,null,null,null,null,null,null,null,278938173
TRND-Glioblastoma_LOPAC_A172-primary_screen2,NCGC00164613-14,activity,null,4,-17.246,13.257,CC(=C/C1=CC=CC=C1)\C=C2/SC(=S)N(CC(O)=O)C2=O,null,null,null,null,null,SML0527,SIGMA,2021_LOPAC_01,null,null,Epalrestat,null,4,null,null,null,18.045,-5.246,2.473,1,1,null,null,null,null,null,null,12,null,null,13.257,-4.788,31.685,31.325,null,null,null,null,null,null,null,null,null,CHNUOJQWGUIOLD,null,TRND,NfLqPltqQFLfmVIQIp,null,Aldose Reductase inhibitor,null,null,null,null,null,null,null,82159-09-9,AKR1B1,null,null,0,4,1,null,null,173030,0 0 0 1,1,1,2025-06-17 15:22:09,null,null,null,null,null,null,null,364785063,activity,null,HTS,null,11.947,6.291,-4.788,13.257,null,null,null,null,null,null,null,null,null,null,null,null,null,null,null,null,null,null,null,null,null,278938174
TRND-Glioblastoma_LOPAC_A172-primary_screen2,NCGC00015124-15,activity,null,4,-16.5,10.091,COC(=O)C1=C(C)NC(C)=C(C1C2=C(C=CC=C2)C(F)(F)F)[N+]([O-])=O,null,null,null,null,null,B112,SIGMA,2021_LOPAC_01,null,null,(±)-Bay K 8644,null,4,null,null,null,13.747,7.5,4.955,0.403,0.885,null,null,null,null,null,null,24,null,null,18.87,5.124,65.886,67.22,null,null,null,null,null,null,null,null,null,ZFLWDHHVRRZMEI,null,TRND,qaFDoBwQrWZnUIsrvI,null,null,null,null,null,null,null,null,null,null,null,null,null,0,4,0,null,null,173030,0 0 0 0,1,1,2025-06-17 15:22:09,null,null,null,null,null,null,null,364781815,activity,null,HTS,null,18.87,6.625,5.124,10.091,null,null,null,null,null,null,null,null,null,null,null,null,null,null,null,null,null,null,null,null,null,278938175
TRND-Glioblastoma_LOPAC_A172-primary_screen2,NCGC00095123-18,activity,null,4,0,0.461,CCOC1=NC2=CC=CC(C(=O)OC(C)OC(=O)OC3CCCCC3)=C2N1CC4=CC=C(C=C4)C5=CC=CC=C5C6=NN=NN6,null,null,null,null,null,SML0245,SIGMA,2021_LOPAC_01,null,null,Candesartan cilexetil,null,4,null,null,null,12.151,0,null,null,null,null,null,null,null,null,null,0,null,null,8.729,-3.422,27.395,null,null,null,null,null,null,null,null,null,null,GHOSNRCGJFBJIB,null,TRND,YUBeCgudpviuykQVoK,null,null,null,null,null,null,null,null,null,145040-37-5,null,null,null,0,4,null,null,null,173030,null,1,1,2025-06-17 15:22:09,null,null,null,null,null,null,null,364784279,activity,null,HTS,null,8.729,-3.422,7.607,0.461,null,null,null,null,null,null,null,null,null,null,null,null,null,null,null,null,null,null,null,null,null,278937632
TRND-Glioblastoma_LOPAC_A172-primary_screen2,NCGC00092369-07,activity,8.912509,-2.2,-67.503,-50.68,CC(C)(C)C1=CC=C(C=C1)\C=C\C(=O)NC2=CC=C3OCCOC3=C2,null,null,null,null,null,A2731,SIGMA,2021_LOPAC_01,-5.05,null,AMG 9810,null,-2.2,null,null,null,61.875,-55.503,1.967,0.031,0.999,null,null,null,null,null,null,12,null,null,11.195,-50.68,3.051,5.041,null,null,null,null,null,null,null,null,null,GZTFUVZVLYUPRG,null,TRND,BdWdTGlpSFmfukAwtu,null,null,null,null,null,null,null,null,null,545395-94-6,null,null,null,0,4,0,null,null,173030,0 0 0 0,1,1,2025-06-17 15:22:09,null,null,null,null,null,null,null,364781379,activity,null,HTS,27.361387,11.195,11.13,-13.088,-50.68,null,null,null,null,null,null,null,null,null,null,null,null,null,null,null,null,null,null,null,null,null,278937633
TRND-Glioblastoma_LOPAC_A172-primary_screen2,NCGC00015619-27,activity,10,-3,-56.145,-46.766,CCOC(=O)N1CCC(CC1)=C2C3=C(CCC4=C2N=CC=C4)C=C(Cl)C=C3,null,null,null,null,null,L9664,SIGMA,2021_LOPAC_01,-5,null,Loratadine,null,-3,null,null,null,59.479,-47.645,3.627,0.162,0.984,null,null,null,null,null,null,8.5,null,null,12.714,-46.766,12.163,3.425,null,null,null,null,null,null,null,null,null,JCCNYMKQOSZNPW,null,TRND,FCiZvdzXjOHSjYtZkG,null,null,null,null,null,null,null,null,null,79794-75-5,null,null,null,0,4,0,null,null,173030,0 0 0 0,1,1,2025-06-17 15:22:09,null,null,null,null,null,null,null,364782359,activity,null,HTS,null,12.714,4.327,-2.23,-46.766,null,null,null,null,null,null,null,null,null,null,null,null,null,null,null,null,null,null,null,null,null,278937634
TRND-Glioblastoma_LOPAC_A172-primary_screen2,NCGC00015836-26,activity,null,4,47.654,2.064,CN1CCN(CC(=O)N2C3=C(C=CC=C3)C(=O)NC4=C2N=CC=C4)CC1,null,null,null,null,null,P7412,SIGMA,2021_LOPAC_01,null,null,Pirenzepine dihydrochloride,null,4,null,null,null,41.783,9.178,4.955,0.305,0.938,null,null,null,null,null,null,-38.475,null,null,12.637,-29.146,-62.4,-63.192,null,null,null,null,null,null,null,null,null,RMHMFHUVIITRHF,null,TRND,AYJOBNhCAWaMaFofTg,null,null,null,null,CL,null,null,null,null,null,null,null,null,0,4,0,null,null,173030,0 0 0 0,1,1,2025-06-17 15:22:09,null,null,null,null,null,null,null,364780315,activity,null,HTS,null,-29.146,12.254,12.637,2.064,null,null,null,null,null,null,null,null,null,null,null,null,null,null,null,null,null,null,null,null,null,278937635
TRND-Glioblastoma_LOPAC_A172-primary_screen2,NCGC00018193-24,activity,null,4,-16.809,-6.507,COCCCC\C(C1=CC=C(C=C1)C(F)(F)F)=N/OCCN,null,null,null,null,null,F2802,SIGMA,2021_LOPAC_01,null,null,Fluvoxamine maleate,null,4,null,null,null,19.851,-6.809,4.955,0.332,0.926,null,null,null,null,null,null,10,null,null,13.344,-6.507,21.763,27.788,null,null,null,null,null,null,null,null,null,CJOFXWAVKWHTFT,null,TRND,kIXDXDErOeaTSHEBpa,null,null,null,null,MALEATE,null,null,null,null,61718-82-9,null,null,null,0,4,0,null,null,173030,0 0 0 0,1,1,2025-06-17 15:22:09,null,null,null,null,null,null,null,364781163,activity,null,HTS,null,7,13.344,-5.101,-6.507,null,null,null,null,null,null,null,null,null,null,null,null,null,null,null,null,null,null,null,null,null,278937636
TRND-Glioblastoma_LOPAC_A172-primary_screen2,NCGC00162150-18,activity,19.952623,-3,-51.187,-46.933,[H]\C(COC(=O)C1=C(C)NC(C)=C(C1C2=CC(=CC=C2)[N+]([O-])=O)C(=O)OCCOC)=C(\[H])C3=CC=CC=C3,null,null,null,null,null,C1493,SIGMA,2021_LOPAC_01,-4.7,null,Cilnidipine,null,-3,null,null,null,54.243,-50.687,4.955,0.305,0.938,null,null,null,null,null,null,0.5,null,null,7.31,-46.933,-8.587,-22.744,null,null,null,null,null,null,null,null,null,KJEBULYHNRNJTE,null,TRND,MUxdjmgrwieMxkCeXx,null,null,null,null,null,null,null,null,null,132203-70-4,null,null,null,0,4,0,null,null,173030,0 0 0 0,1,1,2025-06-17 15:22:09,null,null,null,null,null,null,null,364781443,activity,null,HTS,33.3,7.31,-7.459,1.444,-46.933,null,null,null,null,null,null,null,null,null,null,null,null,null,null,null,null,null,null,null,null,null,278937637
TRND-Glioblastoma_LOPAC_A172-primary_screen2,NCGC00186024-16,activity,null,4,-18.188,6.695,CC1=NC(=CC=C1)C2=C(N=C(N2)C(C)(C)C)C3=CC=C4N=CC=NC4=C3,null,null,null,null,null,S8822,SIGMA,2021_LOPAC_01,null,null,SB-525334,null,4,null,null,null,18.103,-4.688,4.504,1,1,null,null,null,null,null,null,13.5,null,null,13.363,-4.74,29.891,30.025,null,null,null,null,null,null,null,null,null,DKPQHFZUICCZHF,null,TRND,URimPEbxiSUmARuWBM,null,TGF-beta receptor type-1 inhibitor,null,null,null,null,null,null,null,null,TGFBR1,null,null,0,4,1,null,null,173030,0 0 0 1,1,1,2025-06-17 15:22:09,null,null,null,null,null,null,null,364784819,activity,null,HTS,null,13.363,-1.985,-4.74,6.695,null,null,null,null,null,null,null,null,null,null,null,null,null,null,null,null,null,null,null,null,null,278937638
TRND-Glioblastoma_LOPAC_A172-primary_screen2,NCGC00179503-13,activity,17.782794,-3,-109.175,-98.262,CCN(CC)CCOc1ccc(cc1)C(=C(\Cl)c2ccccc2)\c3ccccc3,null,null,null,null,null,SML0719,SIGMA,2021_LOPAC_01,-4.75,null,Enclomiphene hydrochloride,null,-3,null,null,null,105.202,-103.175,4.955,0.018,1,null,null,null,null,null,null,6,null,null,6.941,-98.262,-25.127,-27.331,null,null,null,null,null,null,null,null,null,GKIRPKYJQBWNGO,null,TRND,QprCSTQVoSxQxbhpDK,null,null,null,null,CL,null,null,null,null,7599-79-3,null,null,null,0,4,0,null,null,173030,0 0 0 0,1,1,2025-06-17 15:22:09,null,null,null,null,null,null,null,364784683,activity,null,HTS,17.56323,6.941,5.228,5.166,-98.262,null,null,null,null,null,null,null,null,null,null,null,null,null,null,null,null,null,null,null,null,null,278937639
TRND-Glioblastoma_LOPAC_A172-primary_screen2,NCGC00096070-12,activity,null,4,0,7.293,CC(C)=CCC\C(C)=C\COC1=CC2=C(C=CC(=O)O2)C=C1,null,null,null,null,null,A9861,SIGMA,2021_LOPAC_01,null,null,Auraptene,null,4,null,null,null,5.055,0,null,null,null,null,null,null,null,null,null,0,null,null,12.348,7.293,46.157,null,null,null,null,null,null,null,null,null,null,RSDDHGSKLOSQFK,null,TRND,DjMzPgTONndQyGuGNc,null,null,null,null,null,null,null,null,null,495-02-3,null,null,null,0,4,null,null,null,173030,null,1,1,2025-06-17 15:22:09,null,null,null,null,null,null,null,364784863,activity,null,HTS,null,10.283,7.37,12.348,7.293,null,null,null,null,null,null,null,null,null,null,null,null,null,null,null,null,null,null,null,null,null,278937640
TRND-Glioblastoma_LOPAC_A172-primary_screen2,NCGC00507731-02,activity,null,4,-13.079,-1.733,[H]C12CN(CC1([H])C3CCC2O3)C(=O)C4=CC=C(Br)C=C4,null,null,null,null,null,SML0226,SIGMA,2021_LOPAC_01,null,null,Pseudocantharidin C,null,4,null,null,null,14.258,-3.079,4.955,0.532,0.773,null,null,null,null,null,null,10,null,null,12.525,-1.733,45.677,40.935,null,null,null,null,null,null,null,null,null,XCBSDRWUWCALRI,null,TRND,oHtqPOjziXLljmLiBG,null,null,null,null,null,null,null,null,null,null,null,null,null,0,4,0,null,null,173030,0 0 0 0,1,1,2025-06-17 15:22:09,null,null,null,null,null,null,null,364783287,activity,null,HTS,null,12.525,5.432,11.484,-1.733,null,null,null,null,null,null,null,null,null,null,null,null,null,null,null,null,null,null,null,null,null,278937641
TRND-Glioblastoma_LOPAC_A172-primary_screen2,NCGC00093949-09,activity,null,4,0,9.314,[H][C@@]12CC[C@](O)(C(C)=O)[C@@]1(C)CC[C@@]3([H])[C@@]2([H])CCC4=CC(=O)CC[C@]34C,null,null,null,null,null,H5752,SIGMA,2021_LOPAC_01,null,null,17alpha-hydroxyprogesterone,null,4,null,null,null,7.058,0,null,null,null,null,null,null,null,null,null,0,null,null,15.007,7.949,62.285,null,null,null,null,null,null,null,null,null,null,DBPWSSGDRRHUNT,null,TRND,CZPkrsysedrxezwZYq,null,null,null,null,null,null,null,null,null,68-96-2,null,null,null,0,4,null,null,null,173030,null,1,1,2025-06-17 15:22:09,null,null,null,null,null,null,null,364780531,activity,null,HTS,null,15.007,14.574,7.949,9.314,null,null,null,null,null,null,null,null,null,null,null,null,null,null,null,null,null,null,null,null,null,278937642
TRND-Glioblastoma_LOPAC_A172-primary_screen2,NCGC00018248-29,activity,null,4,-13,1.493,CN1C(C(=O)NC2=NC=C(C)S2)=C(O)C3=CC=CC=C3[S+]1([O-])=O,null,null,null,null,null,M3935,SIGMA,2021_LOPAC_01,null,null,Meloxicam sodium,null,4,null,null,null,12.381,1,1.66,0.034,0.999,null,null,null,null,null,null,14,null,null,13.874,1.493,52.131,52.451,null,null,null,null,null,null,null,null,null,JJMWPUUMNOUPNB,null,TRND,IocIuKjnQHjguhKjDi,null,Cyclooxygenase 2(COX2) inhibitor,null,null,SODIUM,null,null,null,null,71125-38-7,PTGS2,null,null,0,4,0,null,null,173030,0 0 0 0,1,1,2025-06-17 15:22:09,null,null,null,null,null,null,null,364782939,activity,null,HTS,null,13.874,12.644,5.73,1.493,null,null,null,null,null,null,null,null,null,null,null,null,null,null,null,null,null,null,null,null,null,278937643
TRND-Glioblastoma_LOPAC_A172-primary_screen2,NCGC00024956-20,activity,null,4,15.5,0.343,COC1=CC2=NC=NC(NC3=CC=CC(Br)=C3)=C2C=C1OC,null,null,null,null,null,SML0564,SIGMA,2021_LOPAC_01,null,null,PD153035 hydrochloride,null,4,null,null,null,16.048,20.5,1.399,1,1,null,null,null,null,null,null,5,null,null,16.391,0.343,41.275,43.167,null,null,null,null,null,null,null,null,null,LSPANGZZENHZNJ,null,TRND,zStjUhwsiqYoeFRoAo,null,Epidermal Growth Factor Receptor inhibitor,null,null,CL,null,null,null,null,183322-45-4,EGFR,null,null,0,4,1,null,null,173030,0 0 0 1,1,1,2025-06-17 15:22:09,null,null,null,null,null,null,null,364783715,activity,null,HTS,null,5.52,8.411,16.391,0.343,null,null,null,null,null,null,null,null,null,null,null,null,null,null,null,null,null,null,null,null,null,278937644
TRND-Glioblastoma_LOPAC_A172-primary_screen2,NCGC00015184-10,activity,null,4,0,-1.093,CC(C)(C)NCC(O)COC1=CC=CC2=C1NC(=O)N2,null,null,null,null,null,C125,SIGMA,2021_LOPAC_01,null,null,(±)-CGP-12177A hydrochloride,null,4,null,null,null,9.93,0,null,null,null,null,null,null,null,null,null,0,null,null,3.571,-6.359,-16.441,null,null,null,null,null,null,null,null,null,null,UMQUQWCJKFOUGV,null,TRND,HMUuJvHvtfSBszCTPy,null,null,null,null,CL,null,null,null,null,null,null,null,null,0,4,null,null,null,173030,null,1,1,2025-06-17 15:22:09,null,null,null,null,null,null,null,364783351,activity,null,HTS,null,-6.359,-1.027,3.571,-1.093,null,null,null,null,null,null,null,null,null,null,null,null,null,null,null,null,null,null,null,null,null,278937645
TRND-Glioblastoma_LOPAC_A172-primary_screen2,NCGC00168784-25,activity,0.316228,5,-17.673,-69.697,NC1=NC(=O)N(C=C1)[C@@H]2O[C@H](CO)[C@@H](O)C2(F)F,null,null,null,null,null,G6423,SIGMA,2021_LOPAC_01,-6.5,null,Gemcitabine hydrochloride,null,-1.4,null,null,null,15.56,-68.588,4.955,0.498,0.808,null,null,null,null,null,null,-50.915,null,null,-56.179,-71.74,-287.794,-288.042,null,null,null,null,null,null,null,null,null,SDUQYLNIPVEERB,null,TRND,jTdyzxxqXipPIcKkBV,null,DNA Polymerase inhibitor,null,null,CL,null,null,null,null,122111-03-9,POLA1,null,null,0,4,0,null,null,173030,0 0 0 0,1,1,2025-06-17 15:22:09,null,null,null,null,null,null,null,364782439,activity,null,HTS,null,-56.179,-71.74,-64.515,-69.697,null,null,null,null,null,null,null,null,null,null,null,null,null,null,null,null,null,null,null,null,null,278937646
TRND-Glioblastoma_LOPAC_A172-primary_screen2,NCGC00015456-13,activity,null,4,-23,7.968,OC(=O)C1=CCNCC1,null,null,null,null,null,G002,SIGMA,2021_LOPAC_01,null,null,Isoguvacine hydrochloride,null,4,null,null,null,17.152,-2,4.955,0.643,0.608,null,null,null,null,null,null,21,null,null,25.12,7.968,100.427,91.856,null,null,null,null,null,null,null,null,null,KRVDMABBKYMBHG,null,TRND,OpBQWQFvpJZJsLPDPB,null,null,null,null,CL,null,null,null,null,null,null,null,null,0,4,0,null,null,173030,0 0 0 0,1,1,2025-06-17 15:22:09,null,null,null,null,null,null,null,364780627,activity,null,HTS,null,25.12,13.607,24.332,7.968,null,null,null,null,null,null,null,null,null,null,null,null,null,null,null,null,null,null,null,null,null,278937647
TRND-Glioblastoma_LOPAC_A172-primary_screen2,NCGC00159452-06,activity,null,4,-9,13.728,FC1=CC=C2OCC[C@]3(NC(=O)NC3=O)C2=C1,null,null,null,null,null,S7701,SIGMA,2021_LOPAC_01,null,null,Sorbinil,null,4,null,null,null,15.984,11.5,4.955,0.672,0.55,null,null,null,null,null,null,20.5,null,null,25.298,9.314,73.88,85.371,null,null,null,null,null,null,null,null,null,LXANPKRCLVQAOG,null,TRND,IRWCWFskxHVMpJOxVi,null,null,null,null,null,null,null,null,null,68367-52-2,null,null,null,0,4,0,null,null,173030,0 0 0 0,1,1,2025-06-17 15:22:09,null,null,null,null,null,null,null,364781799,activity,null,HTS,null,15.304,25.298,9.314,13.728,null,null,null,null,null,null,null,null,null,null,null,null,null,null,null,null,null,null,null,null,null,278937648
TRND-Glioblastoma_LOPAC_A172-primary_screen2,NCGC00015815-12,activity,null,4,-22.566,-11.722,CCCCCCCCCCCCCCCC(=O)OC(CC(O)=O)C[N+](C)(C)C,null,null,null,null,null,P4509,SIGMA,2021_LOPAC_01,null,null,Palmitoyl-DL-Carnitine chloride,null,4,null,null,null,24.317,-12.066,4.095,0.192,0.977,null,null,null,null,null,null,10.5,null,null,12.596,-11.722,31.863,35.934,null,null,null,null,null,null,null,null,null,XOMRRQXKHMYMOC,null,TRND,WrkhuPphAnhIzraBct,null,null,null,null,CL,null,null,null,null,[NO STEREO] 18877-64-0,null,null,null,0,4,0,null,null,173030,0 0 0 0,1,1,2025-06-17 15:22:09,null,null,null,null,null,null,null,364784571,activity,null,HTS,null,8.514,12.596,8.003,-11.722,null,null,null,null,null,null,null,null,null,null,null,null,null,null,null,null,null,null,null,null,null,278937649
TRND-Glioblastoma_LOPAC_A172-primary_screen2,NCGC00186041-10,activity,null,4,0,4.699,CN1N=C(C(=O)NC2CC3CCCC(C2)N3C)C4=C1C=CC=C4,null,null,null,null,null,G3796,SIGMA,2021_LOPAC_01,null,null,Granisetron hydrochloride,null,4,null,null,null,6.678,0,null,null,null,null,null,null,null,null,null,0,null,null,8.65,1.972,18.524,null,null,null,null,null,null,null,null,null,null,MFWNKCLOYSRHCJ,null,TRND,ovyHIkwHQcuXSUrHCP,null,null,null,null,CL,null,null,null,null,[NO STEREO] 107007-99-8,null,null,null,0,4,null,null,null,173030,null,1,1,2025-06-17 15:22:09,null,null,null,null,null,null,null,364783847,activity,null,HTS,null,1.972,8.65,6.487,4.699,null,null,null,null,null,null,null,null,null,null,null,null,null,null,null,null,null,null,null,null,null,278937650
TRND-Glioblastoma_LOPAC_A172-primary_screen2,NCGC00015631-10,activity,null,4,13.998,7.997,CC(N)(CC1=CC(O)=C(O)C=C1)C(O)=O,null,null,null,null,null,M7277,SIGMA,2021_LOPAC_01,null,null,"(±)-3-(3,4-dihydroxyphenyl)-2-methyl-DL-alanine",null,4,null,null,null,13.829,8,2.188,0.035,0.999,null,null,null,null,null,null,-5.998,null,null,7.997,-5.832,-11.195,-11.228,null,null,null,null,null,null,null,null,null,CJCSPKMFHVPWAR,null,TRND,HRhsIHcujKRUVPOkwX,null,null,null,null,null,null,null,null,null,55-40-3,null,null,null,0,4,0,null,null,173030,0 0 0 0,1,1,2025-06-17 15:22:09,null,null,null,null,null,null,null,364783003,activity,null,HTS,null,-5.832,-4.41,5.529,7.997,null,null,null,null,null,null,null,null,null,null,null,null,null,null,null,null,null,null,null,null,null,278937651
TRND-Glioblastoma_LOPAC_A172-primary_screen2,NCGC00379237-05,activity,null,4,-25.065,-14.221,COC1=CC=C(OC2=C(Cl)C=NN(C3C4=CC=CC=C4C5=C3C=CC=C5)C2=O)C=C1,null,null,null,null,null,SML1067,SIGMA,2021_LOPAC_01,null,null,CYM50769,null,4,null,null,null,28.777,-15.065,2.333,0.392,0.892,null,null,null,null,null,null,10,null,null,14.556,-14.221,17.289,26.969,null,null,null,null,null,null,null,null,null,QHVSQUYCVUHYKT,null,TRND,gYIDWpCrEJzxLecPYC,null,null,null,null,null,null,null,null,null,null,null,null,null,0,4,0,null,null,173030,0 0 0 0,1,1,2025-06-17 15:22:09,null,null,null,null,null,null,null,364784127,activity,null,HTS,null,5.23,14.556,0.112,-14.221,null,null,null,null,null,null,null,null,null,null,null,null,null,null,null,null,null,null,null,null,null,278937652
TRND-Glioblastoma_LOPAC_A172-primary_screen2,NCGC00015416-07,activity,null,4,-14.76,-11.05,OC(=O)CN(CCOCCOCCN(CC(O)=O)CC(O)=O)CC(O)=O,null,null,null,null,null,E4378,SIGMA,2021_LOPAC_01,null,null,EGTA,null,4,null,null,null,17.543,-11.26,3.065,0.419,0.874,null,null,null,null,null,null,3.5,null,null,6.494,-11.05,-1.425,5.783,null,null,null,null,null,null,null,null,null,DEFVIWRASFVYLL,null,TRND,cMKZMIXmgyBXfFBQUQ,null,null,null,null,null,null,null,null,null,67-42-5,null,null,null,0,4,0,null,null,173030,0 0 0 0,1,1,2025-06-17 15:22:09,null,null,null,null,null,null,null,364782395,activity,null,HTS,null,0.23,6.494,-1.133,-11.05,null,null,null,null,null,null,null,null,null,null,null,null,null,null,null,null,null,null,null,null,null,278937653
TRND-Glioblastoma_LOPAC_A172-primary_screen2,NCGC00015163-23,activity,null,4,10.387,-2.435,NC(CO)C(=O)NNCC1=C(O)C(O)=C(O)C=C1,null,null,null,null,null,B7283,SIGMA,2021_LOPAC_01,null,null,Benserazide hydrochloride,null,4,null,null,null,13.957,10.5,4.955,1,0.46,null,null,null,null,null,null,0.113,null,null,8.635,-5.322,22.029,11.848,null,null,null,null,null,null,null,null,null,BNQDCRGUHNALGH,null,TRND,budqniXDGZyiXnRQHp,null,Aromatic-L-amino-acid decarboxylase inhibitor,null,null,HCL,null,null,null,null,14919-77-8,DDC,null,null,0,4,1,null,null,173030,0 0 0 1,1,1,2025-06-17 15:22:09,null,null,null,null,null,null,null,364784963,activity,null,HTS,null,5.466,-5.322,8.635,-2.435,null,null,null,null,null,null,null,null,null,null,null,null,null,null,null,null,null,null,null,null,null,278937654
TRND-Glioblastoma_LOPAC_A172-primary_screen2,NCGC00389085-06,activity,null,4,0,-0.489,CC1=CC(C)=C(C(C)=C1)[S+]([O-])(=O)N(CCC2=CC=CC(Br)=C2)CC3=CC=C(C=C3)C4=CC=CC(=C4)[S+](C)([O-])=O,null,null,null,null,null,SML1517,SIGMA,2021_LOPAC_01,null,null,SR9243,null,4,null,null,null,8.86,0,null,null,null,null,null,null,null,null,null,0,null,null,8.371,-0.489,29.008,null,null,null,null,null,null,null,null,null,null,FYQFEJFTCLKXTQ,null,TRND,zBcQFusMXKsjoxXhKa,null,LiverX Receptor (LXR) Inverse agonist,null,null,null,null,null,null,null,null,NR1H3,null,null,0,4,null,null,null,173030,null,1,1,2025-06-17 15:22:09,null,null,null,null,null,null,null,364784847,activity,null,HTS,null,8.371,2.409,6.219,-0.489,null,null,null,null,null,null,null,null,null,null,null,null,null,null,null,null,null,null,null,null,null,278937655
TRND-Glioblastoma_LOPAC_A172-primary_screen2,NCGC00015391-12,activity,null,4,0,5.239,CNC(=O)C1=CC2=C(NC3=C2C=CC=C3)C=N1,null,null,null,null,null,E006,SIGMA,2021_LOPAC_01,null,null,N-Methyl-beta-carboline-3-carboxamide,null,4,null,null,null,9.848,0,null,null,null,null,null,null,null,null,null,0,null,null,12.098,2.251,36.395,null,null,null,null,null,null,null,null,null,null,QMCOPDWHWYSJSA,null,TRND,airYMyhfnVKgiSYKjW,null,null,null,null,null,null,null,null,null,78538-74-6,null,null,null,0,4,null,null,null,173030,null,1,1,2025-06-17 15:22:09,null,null,null,null,null,null,null,364783687,activity,null,HTS,null,8.507,2.251,12.098,5.239,null,null,null,null,null,null,null,null,null,null,null,null,null,null,null,null,null,null,null,null,null,278937656
TRND-Glioblastoma_LOPAC_A172-primary_screen2,NCGC00379145-13,activity,null,4,-37.238,-23.948,COC1=CC=C(C=C1)C4(CNC(=O)C2=CC=C(NC(=O)C3=CC=CO3)C=C2)CCOCC4,null,null,null,null,null,SML0630,SIGMA,2021_LOPAC_01,null,null,JW55,null,4,null,null,null,37.988,-23.238,4.504,0.054,0.998,null,null,null,null,null,null,14,null,null,14.04,-23.948,0.297,-0.476,null,null,null,null,null,null,null,null,null,ZJZWZIXSGNFWQQ,null,TRND,qjPOQGLgKkfdDLOXqd,null,null,null,null,null,null,null,null,null,null,null,null,null,0,4,0,null,null,173030,0 0 0 0,1,1,2025-06-17 15:22:09,null,null,null,null,null,null,null,364783339,activity,null,HTS,null,14.04,-15.141,-22.161,-23.948,null,null,null,null,null,null,null,null,null,null,null,null,null,null,null,null,null,null,null,null,null,278937657
TRND-Glioblastoma_LOPAC_A172-primary_screen2,NCGC00015756-15,activity,8.912509,-2.4,-56.708,-51.84,O=C1OC(=O)C2C3CCC(O3)C12,null,null,null,null,null,N8784,SIGMA,2021_LOPAC_01,-5.05,null,Norcantharidin,null,-2.2,null,null,null,64.49,-53.708,2.72,0.344,0.919,null,null,null,null,null,null,3,null,null,12.65,-51.84,-45.458,-27.537,null,null,null,null,null,null,null,null,null,JAABVEXCGCXWRR,null,TRND,hdBfTrVAnPUbzAfBZb,null,null,null,null,null,null,null,null,null,null,null,null,null,0,4,0,null,null,173030,0 0 0 0,1,1,2025-06-17 15:22:09,null,null,null,null,null,null,null,364782039,activity,null,HTS,23.191244,-5.874,12.65,-15.364,-51.84,null,null,null,null,null,null,null,null,null,null,null,null,null,null,null,null,null,null,null,null,null,278937658
TRND-Glioblastoma_LOPAC_A172-primary_screen2,NCGC00162305-07,activity,null,4,-19.499,3.465,NC1=CC=C(C=C1)C2=NC3=CC=CC=C3C=C2,null,null,null,null,null,B4311,SIGMA,2021_LOPAC_01,null,null,BF-170 hydrochloride,null,4,null,null,null,32.196,1.501,4.955,0.495,0.961,null,null,null,null,null,null,21,null,null,31.78,-0.416,65.786,73.214,null,null,null,null,null,null,null,null,null,PWLMSCCFNGGPGM,null,TRND,nOlZXDenVHpOQyXLEB,null,null,null,null,CL,null,null,null,null,null,null,null,null,0,4,1,null,null,173030,1 0 0 0,1,1,2025-06-17 15:22:09,null,null,null,null,null,null,null,364781035,activity,null,HTS,null,31.78,18.496,-0.416,3.465,null,null,null,null,null,null,null,null,null,null,null,null,null,null,null,null,null,null,null,null,null,278937659
TRND-Glioblastoma_LOPAC_A172-primary_screen2,NCGC00015216-24,activity,null,4,-11,0.358,CCCNC(=O)N[S+]([O-])(=O)C1=CC=C(Cl)C=C1,null,null,null,null,null,C1290,SIGMA,2021_LOPAC_01,null,null,Chlorpropamide,null,4,null,null,null,11.96,-2,4.955,0.532,0.774,null,null,null,null,null,null,9,null,null,12.318,0.358,34.647,37.644,null,null,null,null,null,null,null,null,null,AXDFBAZVLINUSR,null,TRND,gIoyBKAOcljhNcpTQn,null,null,null,null,null,null,null,null,null,94-20-2,null,null,null,0,4,0,null,null,173030,0 0 0 0,1,1,2025-06-17 15:22:09,null,null,null,null,null,null,null,364784419,activity,null,HTS,null,7.501,7.197,12.318,0.358,null,null,null,null,null,null,null,null,null,null,null,null,null,null,null,null,null,null,null,null,null,278937660
TRND-Glioblastoma_LOPAC_A172-primary_screen2,NCGC00015781-09,activity,null,4,0,16.553,NCC(CP(O)(O)=O)C1=CC=C(Cl)C=C1,null,null,null,null,null,P118,SIGMA,2021_LOPAC_01,null,null,Phaclofen,null,4,null,null,null,3.848,0,null,null,null,null,null,null,null,null,null,0,null,null,16.925,13.077,76.614,null,null,null,null,null,null,null,null,null,null,VSGNGLJPOGUDON,null,TRND,YsEFUJvcXzJIQlKykh,null,null,null,null,null,null,null,null,null,null,null,null,null,0,4,null,null,null,173030,null,1,1,2025-06-17 15:22:09,null,null,null,null,null,null,null,364780395,activity,null,HTS,null,16.914,13.077,16.925,16.553,null,null,null,null,null,null,null,null,null,null,null,null,null,null,null,null,null,null,null,null,null,278937661
TRND-Glioblastoma_LOPAC_A172-primary_screen2,NCGC00024976-12,activity,null,4,0,5.676,CCNC(=O)[C@H]1O[C@H](C(O)[C@@H]1O)N2C=NC3=C2N=C(NCCC4=CC=C(CCC(O)=O)C=C4)N=C3N,null,null,null,null,null,C141,SIGMA,2021_LOPAC_01,null,null,CGS-21680 hydrochloride,null,4,null,null,null,6.614,0,null,null,null,null,null,null,null,null,null,0,null,null,12.148,5.535,46.381,null,null,null,null,null,null,null,null,null,null,PAOANWZGLPPROA,null,TRND,IkjIbamMWclmWucwMl,null,Adenosine Receptor A2A agonist,null,null,CL,null,null,null,null,null,ADORA2A,null,null,0,4,null,null,null,173030,null,1,1,2025-06-17 15:22:09,null,null,null,null,null,null,null,364780171,activity,null,HTS,null,12.148,5.535,8.318,5.676,null,null,null,null,null,null,null,null,null,null,null,null,null,null,null,null,null,null,null,null,null,278937662
TRND-Glioblastoma_LOPAC_A172-primary_screen2,NCGC00160529-16,activity,null,4,9,13.678,ClC1=C(NC2=NCCN2)C3=NSN=C3C=C1,null,null,null,null,null,T6950,SIGMA,2021_LOPAC_01,null,null,Tizanidine hydrochloride,null,4,null,null,null,10.26,14,4.095,0.384,0.898,null,null,null,null,null,null,5,null,null,13.678,3.417,32.49,28.368,null,null,null,null,null,null,null,null,null,XFYDIVBRZNQMJC,null,TRND,GvhJmUHFuRxCMgJHYN,null,Alpha-2 Adrenergic Receptor agonist,null,null,CL,null,null,null,null,51322-75-9,ADRA2A,null,null,0,4,0,null,null,173030,0 0 0 0,1,1,2025-06-17 15:22:09,null,null,null,null,null,null,null,364784831,activity,null,HTS,null,6.915,3.417,5.32,13.678,null,null,null,null,null,null,null,null,null,null,null,null,null,null,null,null,null,null,null,null,null,278937663
TRND-Glioblastoma_LOPAC_A172-primary_screen2,NCGC00016665-17,activity,null,4,13.399,10.179,CC(C)NC[C@H](O)C1=CC(O)=C(O)C=C1,null,null,null,null,null,I6504,SIGMA,2021_LOPAC_01,null,null,(-)-Isoproterenol hydrochloride,null,4,null,null,null,15.095,10.5,2.253,0.339,0.922,null,null,null,null,null,null,-2.899,null,null,10.179,-4.916,2.844,-1.461,null,null,null,null,null,null,null,null,null,JWZZKOKVBUJMES,null,TRND,fIShMDsaOPqsJiejpI,null,null,null,null,CL,null,null,null,null,5984-95-2,null,null,null,0,4,0,null,null,173030,0 0 0 0,1,1,2025-06-17 15:22:09,null,null,null,null,null,null,null,364782231,activity,null,HTS,null,-0.853,-4.916,4.712,10.179,null,null,null,null,null,null,null,null,null,null,null,null,null,null,null,null,null,null,null,null,null,278937664
TRND-Glioblastoma_LOPAC_A172-primary_screen2,NCGC00015659-24,activity,null,4,-14.565,3.986,CC(N)COC1=C(C)C=CC=C1C,null,null,null,null,null,M2727,SIGMA,2021_LOPAC_01,null,null,Mexiletene hydrochloride,null,4,null,null,null,14.397,-5.565,4.955,1,0.953,null,null,null,null,null,null,9,null,null,10.592,-3.804,23.091,25.653,null,null,null,null,null,null,null,null,null,VLPIATFUUWWMKC,null,TRND,BogrDUVpvRzqUneTRS,null,null,null,null,CL,null,null,null,null,1267397,null,null,null,0,4,1,null,null,173030,0 0 0 1,1,1,2025-06-17 15:22:09,null,null,null,null,null,null,null,364784187,activity,null,HTS,null,7.333,10.592,-3.804,3.986,null,null,null,null,null,null,null,null,null,null,null,null,null,null,null,null,null,null,null,null,null,278937665
TRND-Glioblastoma_LOPAC_A172-primary_screen2,NCGC00023230-35,activity,3.162278,-1.4,-23.151,-1.792,COC1=CC=C2[C@H](OC(=O)C2=C1OC)[C@@H]3N(C)CCC4=CC5=C(OCO5)C(OC)=C34,null,null,null,null,null,N9007,SIGMA,2021_LOPAC_01,-5.5,null,Noscapine hydrchloride,null,4,null,null,null,23.218,-1.651,2.121,0.027,1,null,null,null,null,null,null,21.5,null,null,21.426,-1.792,73.211,72.948,null,null,null,null,null,null,null,null,null,AKNNEGZIBPJZJG,null,TRND,McQyDBQRVwUlhwYdQA,null,Tubulin polymerization inhibitor,null,null,CL,null,null,null,null,128-62-1|6035-40-1,TUBB,null,null,0,4,0,null,null,173030,0 0 0 0,1,1,2025-06-17 15:22:09,null,null,null,null,null,null,null,364782679,activity,null,HTS,null,21.426,18.471,2.551,-1.792,null,null,null,null,null,null,null,null,null,null,null,null,null,null,null,null,null,null,null,null,null,278938176
TRND-Glioblastoma_LOPAC_A172-primary_screen2,NCGC00015716-18,activity,null,4,-12,4.697,CC(CCC1=CC=CC=C1)NC(C)C(O)C2=CC=C(O)C=C2,null,null,null,null,null,N153,SIGMA,2021_LOPAC_01,null,null,Nylidrin hydrochloride,null,4,null,null,null,12.35,5.5,2.588,0.153,0.985,null,null,null,null,null,null,17.5,null,null,17.047,4.697,60.239,59.98,null,null,null,null,null,null,null,null,null,PTGXAUBQBSGPKF,null,TRND,CKQxdSQnyjKdKIltDN,null,null,null,null,CL,null,null,null,null,849-55-8,null,null,null,0,4,0,null,null,173030,0 0 0 0,1,1,2025-06-17 15:22:09,null,null,null,null,null,null,null,364782703,activity,null,HTS,null,17.047,8.578,6.386,4.697,null,null,null,null,null,null,null,null,null,null,null,null,null,null,null,null,null,null,null,null,null,278938177
TRND-Glioblastoma_LOPAC_A172-primary_screen2,NCGC00094150-06,activity,null,4,0,7.676,N[C@@H](CCC(=O)N[C@H](CSN=O)C(=O)NCC(O)=O)C(O)=O,null,null,null,null,null,N4148,SIGMA,2021_LOPAC_01,null,null,S-Nitrosoglutathione,null,4,null,null,null,8.269,0,null,null,null,null,null,null,null,null,null,0,null,null,15.667,7.398,43.314,null,null,null,null,null,null,null,null,null,null,HYHSBSXUHZOYLX,null,TRND,TcjKSvMSjVYuAHLksH,null,null,null,null,null,null,null,null,null,null,null,null,null,0,4,null,null,null,173030,null,1,1,2025-06-17 15:22:09,null,null,null,null,null,null,null,364781351,activity,null,HTS,null,7.398,15.667,11.152,7.676,null,null,null,null,null,null,null,null,null,null,null,null,null,null,null,null,null,null,null,null,null,278938178
TRND-Glioblastoma_LOPAC_A172-primary_screen2,NCGC00024944-11,activity,null,4,0,-1.146,CN1C=C(N=C1C2=CC=C(OCC(O)CNCCOC3=CC(C(N)=O)=C(O)C=C3)C=C2)C(F)(F)F,null,null,null,null,null,C231,SIGMA,2021_LOPAC_01,null,null,CGP 20712A methanesulfonate,null,4,null,null,null,4.597,0,null,null,null,null,null,null,null,null,null,0,null,null,3.451,-1.146,10.622,null,null,null,null,null,null,null,null,null,null,GKJZEKSHCJELPL,null,TRND,FPnrsJKvMOEOOvOgEB,null,null,null,null,null,null,null,null,null,null,null,null,null,0,4,null,null,null,173030,null,1,1,2025-06-17 15:22:09,null,null,null,null,null,null,null,364782747,activity,null,HTS,null,3.451,3.006,-0.65,-1.146,null,null,null,null,null,null,null,null,null,null,null,null,null,null,null,null,null,null,null,null,null,278938179
TRND-Glioblastoma_LOPAC_A172-primary_screen2,NCGC00016066-24,activity,null,4,-18.162,-9.718,COC1=C(C=CC=C1)N2CCN(CCCNC3=CC(=O)N(C)C(=O)N3C)CC2,null,null,null,null,null,U100,SIGMA,2021_LOPAC_01,null,null,Urapidil hydrochloride,null,4,null,null,null,23.876,-3.662,4.504,0.534,0.77,null,null,null,null,null,null,14.5,null,null,14.157,-9.718,34.182,33.962,null,null,null,null,null,null,null,null,null,ICMGLRUYEQNHPF,null,TRND,wPtOZtHaEADXCXqigK,null,null,null,null,CL,null,null,null,null,64887-14-5,null,null,null,0,4,0,null,null,173030,0 0 0 0,1,1,2025-06-17 15:22:09,null,null,null,null,null,null,null,364784527,activity,null,HTS,null,14.157,-1.999,1.999,-9.718,null,null,null,null,null,null,null,null,null,null,null,null,null,null,null,null,null,null,null,null,null,278938180
TRND-Glioblastoma_LOPAC_A172-primary_screen2,NCGC00015056-09,activity,null,4,-15,1.689,NN1N=NC2=C1C=CC=C2,null,null,null,null,null,A3940,SIGMA,2021_LOPAC_01,null,null,1-Aminobenzotriazole,null,4,null,null,null,17.396,1.5,3.065,0.336,0.924,null,null,null,null,null,null,16.5,null,null,19.085,1.689,61.839,66.696,null,null,null,null,null,null,null,null,null,JCXKHYLLVKZPKE,null,TRND,COKljGIodeWnSbSSps,null,null,null,null,null,null,null,null,null,null,null,null,null,0,4,0,null,null,173030,0 0 0 0,1,1,2025-06-17 15:22:09,null,null,null,null,null,null,null,364783411,activity,null,HTS,null,14.186,19.085,11.79,1.689,null,null,null,null,null,null,null,null,null,null,null,null,null,null,null,null,null,null,null,null,null,278938181
TRND-Glioblastoma_LOPAC_A172-primary_screen2,NCGC00015360-15,activity,null,4,0,6.877,OC(=O)CN(CCN(CC(O)=O)CC(O)=O)CCN(CC(O)=O)CC(O)=O,null,null,null,null,null,D6518,SIGMA,2021_LOPAC_01,null,null,Diethylenetriaminepentaacetic acid,null,4,null,null,null,52.036,0,null,null,null,null,null,null,null,null,null,0,null,null,11.597,-40.439,-95.283,null,null,null,null,null,null,null,null,null,null,QPCDCPDFJACHGM,null,TRND,UzhGfrvqdjkKXTJbAP,null,null,null,null,null,null,null,null,null,67-43-6,null,null,null,0,4,null,null,null,173030,null,1,1,2025-06-17 15:22:09,null,null,null,null,null,null,null,364782227,activity,null,HTS,null,-40.439,7.465,11.597,6.877,null,null,null,null,null,null,null,null,null,null,null,null,null,null,null,null,null,null,null,null,null,278938182
TRND-Glioblastoma_LOPAC_A172-primary_screen2,NCGC00167732-05,activity,null,4,-14.559,0.706,COC1=CC=CC(OC)=C1C2=CC(=NN2C3=C(C=C(C=C3)C(=O)N(C)CCCN(C)C)C(C)C)C(=O)NC4(C5CC6CC(C5)CC4C6)C(O)=O,null,null,null,null,null,SML0015,SIGMA,2021_LOPAC_01,null,null,SR 142948A,null,4,null,null,null,13.911,1.441,4.955,0.444,0.856,null,null,null,null,null,null,16,null,null,13.029,-0.882,39.222,39.254,null,null,null,null,null,null,null,null,null,LWULHXVBLMWCHO,null,TRND,oIszkdnwIfaWtBEPhX,null,null,null,null,CL,null,null,null,null,null,null,null,null,0,4,0,null,null,173030,0 0 0 0,1,1,2025-06-17 15:22:09,null,null,null,null,null,null,null,364784383,activity,null,HTS,null,13.029,-0.882,4.734,0.706,null,null,null,null,null,null,null,null,null,null,null,null,null,null,null,null,null,null,null,null,null,278938183
TRND-Glioblastoma_LOPAC_A172-primary_screen2,NCGC00346461-08,activity,8.912509,-2.3,-112.749,-95.138,NC1=NC=NC2=C1C(=CN2[C@@H]3C[C@H](CN4CCC4)C3)C5=CC(OCC6=CC=CC=C6)=CC=C5,null,null,null,null,null,SML1973,SIGMA,2021_LOPAC_01,-5.05,null,NVP-AEW541,null,-2.1,null,null,null,106.503,-102.749,2.048,0.069,0.997,null,null,null,null,null,null,10,null,null,11.365,-95.138,-43.721,-38.408,null,null,null,null,null,null,null,null,null,AECDBHGVIIRMOI,null,TRND,rZmWUuhHAmRLxLFiEy,null,Insulin-like growth factor 1 receptor inhibitor,null,null,null,null,null,null,null,[NO STEREO] 475488-34-7,IGF1R,null,null,0,4,0,null,null,173030,0 0 0 0,1,1,2025-06-17 15:22:09,null,null,null,null,null,null,null,364782391,activity,null,HTS,8.682601,7.291,11.365,-31.293,-95.138,null,null,null,null,null,null,null,null,null,null,null,null,null,null,null,null,null,null,null,null,null,278938184
TRND-Glioblastoma_LOPAC_A172-primary_screen2,NCGC00015238-26,activity,null,4,0,12.716,ClC1=CC2=C(OC(=O)N2)C=C1,null,null,null,null,null,C4397,SIGMA,2021_LOPAC_01,null,null,Chlorzoxazone,null,4,null,null,null,8.336,0,null,null,null,null,null,null,null,null,null,0,null,null,13.258,4.923,43.918,null,null,null,null,null,null,null,null,null,null,TZFWDZFKRBELIQ,null,TRND,sySaBGnzuTofFtPAyW,null,null,null,null,null,null,null,null,null,95-25-0,null,null,null,0,4,null,null,null,173030,null,1,1,2025-06-17 15:22:09,null,null,null,null,null,null,null,364781135,activity,null,HTS,null,8.838,13.258,4.923,12.716,null,null,null,null,null,null,null,null,null,null,null,null,null,null,null,null,null,null,null,null,null,278938185
TRND-Glioblastoma_LOPAC_A172-primary_screen2,NCGC00015245-24,activity,null,4,-16.139,-0.949,CC(C[N+](C)(C)C)OC(N)=O,null,null,null,null,null,C5259,SIGMA,2021_LOPAC_01,null,null,Bethanechol chloride,null,4,null,null,null,14.286,-1.639,1.627,0.083,0.996,null,null,null,null,null,null,14.5,null,null,13.337,-0.949,41.57,42.235,null,null,null,null,null,null,null,null,null,NZUPCNDJBJXXRF,null,TRND,WdyLxAygPZtwpaCzFP,null,null,null,null,CL,null,null,null,null,590-63-6,null,null,null,0,4,0,null,null,173030,0 0 0 0,1,1,2025-06-17 15:22:09,null,null,null,null,null,null,null,364784347,activity,null,HTS,null,13.337,7.812,-0.574,-0.949,null,null,null,null,null,null,null,null,null,null,null,null,null,null,null,null,null,null,null,null,null,278938186
TRND-Glioblastoma_LOPAC_A172-primary_screen2,NCGC00487324-03,activity,null,4,-33.383,-12.336,CC1=NN=C2CN=C(C3=C(SC=C3)N12)C4=CC=CC=C4,null,null,null,null,null,SML0639,SIGMA,2021_LOPAC_01,null,null,Ro 11-1464,null,4,null,null,null,48.579,-12.661,3.065,0.647,0.6,null,null,null,null,null,null,20.722,null,null,36.243,-12.336,39.797,71.318,null,null,null,null,null,null,null,null,null,SIRFTOWPWPCSOP,null,TRND,HGOQVMzWFdutqEqrSo,null,null,null,null,null,null,null,null,null,null,null,null,null,0,4,0,null,null,173030,0 0 0 0,1,1,2025-06-17 15:22:09,null,null,null,null,null,null,null,364781835,activity,null,HTS,null,5.261,36.243,9.087,-12.336,null,null,null,null,null,null,null,null,null,null,null,null,null,null,null,null,null,null,null,null,null,278938187
TRND-Glioblastoma_LOPAC_A172-primary_screen2,NCGC00022472-18,activity,null,4,-12.792,7.649,C[C@]12C[C@H](O)[C@H]3[C@@H](CCC4=CC(=O)CC[C@]34C)[C@@H]1CC[C@@H]2C(=O)CO,null,null,null,null,null,C2505,SIGMA,2021_LOPAC_01,null,null,Corticosterone,null,4,null,null,null,15.759,1.208,4.955,1,0.38,null,null,null,null,null,null,14,null,null,10.1,-5.66,33.597,30.469,null,null,null,null,null,null,null,null,null,OMFXVFTZEKFJBZ,null,TRND,OdJcdvcMwQOWJnXEhX,null,null,null,null,null,null,null,null,null,50-22-6,null,null,null,0,4,1,null,null,173030,0 0 0 1,1,1,2025-06-17 15:22:09,null,null,null,null,null,null,null,364783795,activity,null,HTS,null,10.1,-5.66,7.775,7.649,null,null,null,null,null,null,null,null,null,null,null,null,null,null,null,null,null,null,null,null,null,278938188
TRND-Glioblastoma_LOPAC_A172-primary_screen2,NCGC00181123-05,activity,null,4,-12,10.768,[H]\C(=C(\[H])C1=C([H])C(OC([H])([H])[H])=C(OC([H])([H])[H])C(OC([H])([H])[H])=C1[H])C(=O)N2C([H])([H])C([H])([H])N(C([H])([H])C(=O)N3C([H])([H])C([H])([H])C([H])([H])C3([H])[H])C([H])([H])C2([H])[H],null,null,null,null,null,SML1498,SIGMA,2021_LOPAC_01,null,null,Cinepazide maleate,null,4,null,null,null,11.954,0.5,4.955,1,1,null,null,null,null,null,null,12.5,null,null,12.445,0.491,36.023,36.108,null,null,null,null,null,null,null,null,null,RCUDFXMNPQNBDU,null,TRND,aUQWLDBUFQwIzIgMBN,null,null,null,null,MALEATE,null,null,null,null,null,null,null,null,0,4,1,null,null,173030,0 0 0 1,1,1,2025-06-17 15:22:09,null,null,null,null,null,null,null,364784363,activity,null,HTS,null,12.445,1.266,0.491,10.768,null,null,null,null,null,null,null,null,null,null,null,null,null,null,null,null,null,null,null,null,null,278938189
TRND-Glioblastoma_LOPAC_A172-primary_screen2,NCGC00162114-09,activity,null,4,0,10.521,NC1=C2N=CN(C3CCCC3)C2=NC=N1,null,null,null,null,null,C4479,SIGMA,2021_LOPAC_01,null,null,9-cyclopentyladenine,null,4,null,null,null,7.359,0,null,null,null,null,null,null,null,null,null,0,null,null,13.275,5.916,38.571,null,null,null,null,null,null,null,null,null,null,KTJWHJNBTXITCB,null,TRND,KeNCFmPjIDGfoTXxSQ,null,null,null,null,SULFONICACID_V1,null,null,null,null,null,null,null,null,0,4,null,null,null,173030,null,1,1,2025-06-17 15:22:09,null,null,null,null,null,null,null,364782415,activity,null,HTS,null,5.916,13.275,10.503,10.521,null,null,null,null,null,null,null,null,null,null,null,null,null,null,null,null,null,null,null,null,null,278938190
TRND-Glioblastoma_LOPAC_A172-primary_screen2,NCGC00015678-16,activity,null,4,12,21.246,CC(C)C1=CC(OC(C)=O)=C(C)C=C1OCCN(C)C,null,null,null,null,null,M5154,SIGMA,2021_LOPAC_01,null,null,Moxisylyte hydrochloride,null,4,null,null,null,11.501,18,4.955,0.674,0.547,null,null,null,null,null,null,6,null,null,21.246,9.745,60.882,61.325,null,null,null,null,null,null,null,null,null,VRYMTAVOXVTQEF,null,TRND,lBXfJWGieWCwEdBbaE,null,null,null,null,CL,null,null,null,null,964-52-3,null,null,null,0,4,0,null,null,173030,0 0 0 0,1,1,2025-06-17 15:22:09,null,null,null,null,null,null,null,364782955,activity,null,HTS,null,9.745,19.757,12.673,21.246,null,null,null,null,null,null,null,null,null,null,null,null,null,null,null,null,null,null,null,null,null,278938191
TRND-Glioblastoma_LOPAC_A172-primary_screen2,NCGC00015397-16,activity,null,4,-14,5.649,CCN(CC)C(=O)C1=CC(OC)=C(O)C=C1,null,null,null,null,null,E0137,SIGMA,2021_LOPAC_01,null,null,Vanillic acid diethylamide,null,4,null,null,null,12.229,5,1,0.71,0.457,null,null,null,null,null,null,19,null,null,15.478,3.249,55.243,48.297,null,null,null,null,null,null,null,null,null,BQJODPIMMWWMFC,null,TRND,wjOoCoVcgHUuMNyYbB,null,null,null,null,null,null,null,null,null,304-84-7,null,null,null,0,4,0,null,null,173030,0 0 0 0,1,1,2025-06-17 15:22:09,null,null,null,null,null,null,null,364783471,activity,null,HTS,null,15.478,3.249,10.08,5.649,null,null,null,null,null,null,null,null,null,null,null,null,null,null,null,null,null,null,null,null,null,278938192
TRND-Glioblastoma_LOPAC_A172-primary_screen2,NCGC00387485-04,activity,5.011872,-2.2,-82.312,-72.365,OC1=CC=C(C=C1O)C(=O)CSC#N,null,null,null,null,null,SML1073,SIGMA,2021_LOPAC_01,-5.3,null,BIx,null,-2.2,null,null,null,81.269,-73.812,1.862,0.027,1,null,null,null,null,null,null,8.5,null,null,8.904,-72.365,-42.243,-43.808,null,null,null,null,null,null,null,null,null,SVFLBLCWKKQKDW,null,TRND,NCTgitwtkwmCUHmJiv,null,null,null,null,null,null,null,null,null,null,null,null,null,0,4,0,null,null,173030,0 0 0 0,1,1,2025-06-17 15:22:09,null,null,null,null,null,null,null,364781607,activity,null,HTS,7.465437,8.904,1.477,-42.821,-72.365,null,null,null,null,null,null,null,null,null,null,null,null,null,null,null,null,null,null,null,null,null,278938193
TRND-Glioblastoma_LOPAC_A172-primary_screen2,NCGC00015233-11,activity,4.466836,-1.3,-104.987,-95.648,ClC1=CC=C(C=C1)C(C2=CC=C(Cl)C=C2)[N+]3=CN(CC(OCC4=C(Cl)C=C(Cl)C=C4)C5=C(Cl)C=C(Cl)C=C5)C=C3,null,null,null,null,null,C3930,SIGMA,2021_LOPAC_01,-5.35,null,Calmidazolium chloride,null,-1.1,null,null,null,104.008,-96.987,3.132,0.056,0.998,null,null,null,null,null,null,8,null,null,8.36,-95.648,-81.694,-76.293,null,null,null,null,null,null,null,null,null,CTKNMSVWMRRCPW,null,TRND,iXjLxPGExZeFxILbYP,null,Calcium/calmodulin-dependent protein kinase kinase 2 inhibitor,null,null,CL,null,null,null,null,57265-65-3,CAMKK2,null,null,0,4,0,null,null,173030,0 0 0 0,1,1,2025-06-17 15:22:09,null,null,null,null,null,null,null,364782399,activity,null,HTS,4.556364,5.589,8.36,-75.456,-95.648,null,null,null,null,null,null,null,null,null,null,null,null,null,null,null,null,null,null,null,null,null,278938194
TRND-Glioblastoma_LOPAC_A172-primary_screen2,NCGC00017332-09,activity,null,4,0,3.633,[H][C@]1(OC(=O)C2=C1C=CC(OC)=C2OC)[C@@]3([H])N(C)CCC4=CC5=C(OCO5)C=C34,null,null,null,null,null,H8645,SIGMA,2021_LOPAC_01,null,null,(+)-Hydrastine,null,4,null,null,null,8.641,0,null,null,null,null,null,null,null,null,null,0,null,null,8.541,-0.1,29.663,null,null,null,null,null,null,null,null,null,null,JZUTXVTYJDCMDU,null,TRND,FGvvMrZyEMIPFCkATx,null,null,null,null,null,null,null,null,null,[NO STEREO] 118-08-1,null,null,null,0,4,null,null,null,173030,null,1,1,2025-06-17 15:22:09,null,null,null,null,null,null,null,364783103,activity,null,HTS,null,8.541,5.898,-0.1,3.633,null,null,null,null,null,null,null,null,null,null,null,null,null,null,null,null,null,null,null,null,null,278938195
TRND-Glioblastoma_LOPAC_A172-primary_screen2,NCGC00162223-05,activity,null,4,0,13.143,OCC1O[C@H](S[Au])C(O)[C@@H](O)[C@@H]1O,null,null,null,null,null,A0606,SIGMA,2021_LOPAC_01,null,null,Aurothioglucose,null,4,null,null,null,5.257,0,null,null,null,null,null,null,null,null,null,0,null,null,18.4,13.143,68.542,null,null,null,null,null,null,null,null,null,null,XHVAWZZCDCWGBK,null,TRND,cDbEVlLiHsFQAnHwPd,null,null,null,null,H2O,null,null,null,null,[NO STEREO] 12192-57-3,null,null,null,0,4,null,null,null,173030,null,1,1,2025-06-17 15:22:09,null,null,null,null,null,null,null,364782915,activity,null,HTS,null,13.271,17.081,18.4,13.143,null,null,null,null,null,null,null,null,null,null,null,null,null,null,null,null,null,null,null,null,null,278938196
TRND-Glioblastoma_LOPAC_A172-primary_screen2,NCGC00601914-02,activity,null,4,-12.987,9.568,CCC1=CC=C(OCC(=O)NC2=CC=C(F)C(=C2)[N+]([O-])=O)C=C1,null,null,null,null,null,SML2087,SIGMA,2021_LOPAC_01,null,null,SJ000291942,null,4,null,null,null,11.641,-4.487,4.955,1,0.971,null,null,null,null,null,null,8.5,null,null,9.568,-2.073,24.191,25.793,null,null,null,null,null,null,null,null,null,YSZJLXPXVFGTNK,null,TRND,ANSnQqqnPoOlxNIbdo,null,null,null,null,null,null,null,null,null,null,null,null,null,0,4,1,null,null,173030,0 0 0 1,1,1,2025-06-17 15:22:09,null,null,null,null,null,null,null,364785051,activity,null,HTS,null,7.283,9.327,-2.073,9.568,null,null,null,null,null,null,null,null,null,null,null,null,null,null,null,null,null,null,null,null,null,278938197
TRND-Glioblastoma_LOPAC_A172-primary_screen2,NCGC00186001-10,activity,null,4,-18.178,-0.981,OC1=CC=C2C=CC=CC2=C1C\C3=C(\NC(=S)NC3=O)C4=CC=CC=C4,null,null,null,null,null,C0494,SIGMA,2021_LOPAC_01,null,null,Cambinol,null,4,null,null,null,18.198,-0.678,4.095,0.028,1,null,null,null,null,null,null,17.5,null,null,17.217,-0.981,47.602,48.063,null,null,null,null,null,null,null,null,null,RVNSQVIUFZVNAU,null,TRND,XavtVQJoPbtBBYdcvO,null,null,null,null,null,null,null,null,null,null,null,null,null,0,4,0,null,null,173030,0 0 0 0,1,1,2025-06-17 15:22:09,null,null,null,null,null,null,null,364783479,activity,null,HTS,null,17.217,1.264,-0.779,-0.981,null,null,null,null,null,null,null,null,null,null,null,null,null,null,null,null,null,null,null,null,null,278938198
TRND-Glioblastoma_LOPAC_A172-primary_screen2,NCGC00015688-22,activity,7.943282,-2.4,-40.745,-24.371,[O-][N+](=O)C1=CC(C(=O)NC2=CC=CC=C2)=C(Cl)C=C1,null,null,null,null,null,M6191,SIGMA,2021_LOPAC_01,-5.1,null,GW9662,null,4,null,null,null,29.996,-33.245,0.91,0.011,1,null,null,null,null,null,null,7.5,null,null,5.625,-24.371,-4.477,-4.334,null,null,null,null,null,null,null,null,null,DNTSIBUQMRRYIU,null,TRND,eNpYRpYDWnzWAowmXu,null,null,null,null,null,null,null,null,null,null,null,null,null,0,4,0,null,null,173030,0 0 0 0,1,1,2025-06-17 15:22:09,null,null,null,null,null,null,null,364784891,activity,null,HTS,null,5.625,0.852,-11.255,-24.371,null,null,null,null,null,null,null,null,null,null,null,null,null,null,null,null,null,null,null,null,null,278938199
TRND-Glioblastoma_LOPAC_A172-primary_screen2,NCGC00487353-03,activity,null,4,0,20.949,CC1(C)OC(=O)C(=C1C2=CC=C(C=C2)[S+](C)([O-])=O)C3=CC=CC(F)=C3,null,null,null,null,null,SML0994,SIGMA,2021_LOPAC_01,null,null,DFU    ,null,4,null,null,null,9.487,0,null,null,null,null,null,null,null,null,null,0,null,null,20.949,11.462,87.378,null,null,null,null,null,null,null,null,null,null,NXERGIJHYVUXHM,null,TRND,SoErFLgnEcbTtJGXzr,null,null,null,null,null,null,null,null,null,null,null,null,null,0,4,null,null,null,173030,null,1,1,2025-06-17 15:22:09,null,null,null,null,null,null,null,364780331,activity,null,HTS,null,20.644,11.462,15.824,20.949,null,null,null,null,null,null,null,null,null,null,null,null,null,null,null,null,null,null,null,null,null,278938200
TRND-Glioblastoma_LOPAC_A172-primary_screen2,NCGC00185999-05,activity,null,4,-21.413,-5.344,CN1C(=O)\C(=C/C(C)=O)C2=CC=CC=C12,null,null,null,null,null,S3322,SIGMA,2021_LOPAC_01,null,null,Supercinnamaldehyde,null,4,null,null,null,20.67,-4.413,2.094,0.091,0.995,null,null,null,null,null,null,17,null,null,15.326,-5.344,38.739,39.02,null,null,null,null,null,null,null,null,null,CZKBLHCEDVWPRN,null,TRND,kctTkcGbNMnBvQSGLh,null,null,null,null,null,null,null,null,null,null,null,null,null,0,4,0,null,null,173030,0 0 0 0,1,1,2025-06-17 15:22:09,null,null,null,null,null,null,null,364785027,activity,null,HTS,null,15.326,2.023,-3.428,-5.344,null,null,null,null,null,null,null,null,null,null,null,null,null,null,null,null,null,null,null,null,null,278938201
TRND-Glioblastoma_LOPAC_A172-primary_screen2,NCGC00264107-03,activity,null,4,19.414,5.325,ON(CCCP(O)(O)=O)C=O,null,null,null,null,null,F8682,SIGMA,2021_LOPAC_01,null,null,Fosmidomycin sodium salt hydrate,null,4,null,null,null,19.472,18.5,4.955,1,1,null,null,null,null,null,null,-0.914,null,null,18.71,-0.761,31.113,30.475,null,null,null,null,null,null,null,null,null,GJXWDTUCERCKIX,null,TRND,QipUBdpBMwVtYVSctx,null,null,null,null,SODIUM,null,null,null,null,66508-53-0,null,null,null,0,4,1,null,null,173030,0 0 0 1,1,1,2025-06-17 15:22:09,null,null,null,null,null,null,null,364780967,activity,null,HTS,null,-0.761,14.749,18.71,5.325,null,null,null,null,null,null,null,null,null,null,null,null,null,null,null,null,null,null,null,null,null,278938202
TRND-Glioblastoma_LOPAC_A172-primary_screen2,NCGC00015040-09,activity,null,4,0,10.454,OC(=O)C1=CC(C=CC1=O)=C(C2=CC(C(O)=O)=C(O)C=C2)C3=CC(C(O)=O)=C(O)C=C3,null,null,null,null,null,A1895,SIGMA,2021_LOPAC_01,null,null,Aurintricarboxylic acid,null,4,null,null,null,7.698,0,null,null,null,null,null,null,null,null,null,0,null,null,10.454,2.756,39.83,null,null,null,null,null,null,null,null,null,null,GIXWDMTZECRIJT,null,TRND,kqYeFgkIoqxsAoWZpL,null,null,null,null,null,null,null,null,null,null,null,null,null,0,4,null,null,null,173030,null,1,1,2025-06-17 15:22:09,null,null,null,null,null,null,null,364783379,activity,null,HTS,null,9.514,8.592,2.756,10.454,null,null,null,null,null,null,null,null,null,null,null,null,null,null,null,null,null,null,null,null,null,278938203
TRND-Glioblastoma_LOPAC_A172-primary_screen2,NCGC00487358-03,activity,null,4,-9.5,6.95,CC(C)N1CCC(CC1)N(C(=O)CC2=CC=CC=C2)C3=CC=C(Cl)C=C3,null,null,null,null,null,SML1025,SIGMA,2021_LOPAC_01,null,null,Lorcainide hydrochloride,null,4,null,null,null,12.941,5,4.955,0.469,0.836,null,null,null,null,null,null,14.5,null,null,16.468,3.527,51.571,56.569,null,null,null,null,null,null,null,null,null,XHOJAWVAWFHGHL,null,TRND,wGtfsDozkXQEsBZemG,null,null,null,null,CL,null,null,null,null,59729-31-6,null,null,null,0,4,0,null,null,173030,0 0 0 0,1,1,2025-06-17 15:22:09,null,null,null,null,null,null,null,364785135,activity,null,HTS,null,12.231,16.468,3.527,6.95,null,null,null,null,null,null,null,null,null,null,null,null,null,null,null,null,null,null,null,null,null,278938204
TRND-Glioblastoma_LOPAC_A172-primary_screen2,NCGC00024915-08,activity,null,4,-14.393,-1.16,[H][C@]1(CC(O)=O)CNC(C)(C)CO1,null,null,null,null,null,SML1040,SIGMA,2021_LOPAC_01,null,null,SCH-50911,null,4,null,null,null,11.166,-1.393,1.449,0.04,0.999,null,null,null,null,null,null,13,null,null,10.005,-1.16,28.517,28.861,null,null,null,null,null,null,null,null,null,SEYCKMQSPUVYEF,null,TRND,eorGIYtkojIJFmBWgE,null,null,null,null,CL,null,null,null,null,733717-87-8,null,null,null,0,4,0,null,null,173030,0 0 0 0,1,1,2025-06-17 15:22:09,null,null,null,null,null,null,null,364783383,activity,null,HTS,null,10.005,2.688,-0.739,-1.16,null,null,null,null,null,null,null,null,null,null,null,null,null,null,null,null,null,null,null,null,null,278938205
TRND-Glioblastoma_LOPAC_A172-primary_screen2,NCGC00186028-15,activity,null,4,-14.5,8.381,CC[C@H](N1CCCC1=O)C(N)=O,null,null,null,null,null,L8668,SIGMA,2021_LOPAC_01,null,null,Levetiracetam,null,4,null,null,null,10.033,2,4.955,0.416,0.877,null,null,null,null,null,null,16.5,null,null,18.415,8.381,69.45,73.232,null,null,null,null,null,null,null,null,null,HPHUVLMMVZITSG,null,TRND,FWONkyBTuHAkPXJwye,null,Voltage-dependent N-type calcium channel subunit alpha-1B Blocker,null,null,null,null,null,null,null,102767-28-2,CACNA1B,null,null,0,4,0,null,null,173030,0 0 0 0,1,1,2025-06-17 15:22:09,null,null,null,null,null,null,null,364782599,activity,null,HTS,null,14.694,16.297,18.415,8.381,null,null,null,null,null,null,null,null,null,null,null,null,null,null,null,null,null,null,null,null,null,278938206
TRND-Glioblastoma_LOPAC_A172-primary_screen2,NCGC00016034-14,activity,null,4,-13.5,7.292,CC(C)(C)NCC(O)C1=C(Cl)C=CC=C1,null,null,null,null,null,T6050,SIGMA,2021_LOPAC_01,null,null,Tulobuterol hydrochloride,null,4,null,null,null,13.452,7.5,2.188,0.039,0.999,null,null,null,null,null,null,21,null,null,20.744,7.292,80.913,81.674,null,null,null,null,null,null,null,null,null,YREYLAVBNPACJM,null,TRND,rGwpRKnzSxoMvmRjPQ,null,null,null,null,CL,null,null,null,null,56776-01-3,null,null,null,0,4,0,null,null,173030,0 0 0 0,1,1,2025-06-17 15:22:09,null,null,null,null,null,null,null,364782027,activity,null,HTS,null,20.744,18.781,9.134,7.292,null,null,null,null,null,null,null,null,null,null,null,null,null,null,null,null,null,null,null,null,null,278938207
TRND-Glioblastoma_LOPAC_A172-primary_screen2,NCGC00162333-08,activity,null,4,41.16,4.016,[NH3+][Ru]([NH3+])([NH3+])([NH3+])([NH3+])O[Ru]([NH3+])([NH3+])([NH3+])([NH3+])O[Ru]([NH3+])([NH3+])([NH3+])([NH3+])[NH3+],null,null,null,null,null,R2751,SIGMA,2021_LOPAC_01,null,null,Ruthenium red,null,4,null,null,null,44.859,4.5,4.955,0.204,0.973,null,null,null,null,null,null,-36.66,null,null,4.016,-40.843,-112.287,-122.831,null,null,null,null,null,null,null,null,null,ALIWVTYFCPRTIG,null,TRND,WTEbXxrAefnoCNeWKw,null,null,null,null,CL,null,null,null,null,11103-72-3,null,null,null,0,4,0,null,null,173030,0 0 0 0,1,1,2025-06-17 15:22:09,null,null,null,null,null,null,null,364782387,activity,null,HTS,null,-31.892,-40.843,3.787,4.016,null,null,null,null,null,null,null,null,null,null,null,null,null,null,null,null,null,null,null,null,null,278938208
TRND-Glioblastoma_LOPAC_A172-primary_screen2,NCGC00022848-36,activity,null,4,12,5.376,C[C@]12C[C@H](O)[C@H]3[C@@H](CCC4=CC(=O)CC[C@]34C)[C@@H]1CC[C@]2(O)C(=O)CO,null,null,null,null,null,H4001,SIGMA,2021_LOPAC_01,null,null,Hydrocortisone,null,4,null,null,null,13.575,16,4.955,1,0.712,null,null,null,null,null,null,4,null,null,18.951,5.376,50.437,51.927,null,null,null,null,null,null,null,null,null,JYGXADMDTFJGBT,null,TRND,zxQNaHqZxjNOoyrByY,null,Glucocorticoid Receptor agonist,null,null,null,null,null,null,null,50-23-7,NR3C1,null,null,0,4,1,null,null,173030,0 0 0 1,1,1,2025-06-17 15:22:09,null,null,null,null,null,null,null,364782435,activity,null,HTS,null,7.718,18.951,12.878,5.376,null,null,null,null,null,null,null,null,null,null,null,null,null,null,null,null,null,null,null,null,null,278938209
TRND-Glioblastoma_LOPAC_A172-primary_screen2,NCGC00093631-05,activity,null,4,0,9.473,N[C@@H](CC=C)C(O)=O,null,null,null,null,null,A7762,SIGMA,2021_LOPAC_01,null,null,L-allylglycine,null,4,null,null,null,2.49,0,null,null,null,null,null,null,null,null,null,0,null,null,9.617,7.127,40.777,null,null,null,null,null,null,null,null,null,null,WNNNWFKQCKFSDK,null,TRND,PhuyXYiQgkHpWRvjmG,null,null,null,null,null,null,null,null,null,null,null,null,null,0,4,null,null,null,173030,null,1,1,2025-06-17 15:22:09,null,null,null,null,null,null,null,364784139,activity,null,HTS,null,8.681,7.127,9.617,9.473,null,null,null,null,null,null,null,null,null,null,null,null,null,null,null,null,null,null,null,null,null,278937666
TRND-Glioblastoma_LOPAC_A172-primary_screen2,NCGC00162206-08,activity,null,4,-18.5,7.709,CCCCCC(O)CCCC([O-])=O,null,null,null,null,null,H135,SIGMA,2021_LOPAC_01,null,null,5-hydroxydecanoic acid sodium,null,4,null,null,null,13.656,-0.5,1.222,1,1,null,null,null,null,null,null,18,null,null,14.539,0.883,45.956,45.462,null,null,null,null,null,null,null,null,null,LMHJFKYQYDSOQO,null,TRND,xuqUItBlDetgliQhZN,null,null,null,null,SODIUM,null,null,null,null,null,null,null,null,0,4,1,null,null,173030,0 0 0 1,1,1,2025-06-17 15:22:09,null,null,null,null,null,null,null,364784415,activity,null,HTS,null,14.539,6.476,0.883,7.709,null,null,null,null,null,null,null,null,null,null,null,null,null,null,null,null,null,null,null,null,null,278937667
TRND-Glioblastoma_LOPAC_A172-primary_screen2,NCGC00015989-31,activity,null,4,-18,23.852,O=C1N(C2CCC(=O)NC2=O)C(=O)C3=C1C=CC=C3,null,null,null,null,null,T144,SIGMA,2021_LOPAC_01,null,null,(±)-Thalidomide,null,4,null,null,null,23.761,-2,4.955,1,0.989,null,null,null,null,null,null,16,null,null,23.852,0.091,53.038,54.621,null,null,null,null,null,null,null,null,null,UEJJHQNACJXSKW,null,TRND,RWbAhstmsMCmbSHMJF,null,Cereblon inhibitor,null,null,null,null,null,null,null,50-35-1,CRBN,null,null,0,4,1,null,null,173030,0 0 0 1,1,1,2025-06-17 15:22:09,null,null,null,null,null,null,null,364781955,activity,null,HTS,null,14.866,16.701,0.091,23.852,null,null,null,null,null,null,null,null,null,null,null,null,null,null,null,null,null,null,null,null,null,278937668
TRND-Glioblastoma_LOPAC_A172-primary_screen2,NCGC00507736-02,activity,null,4,-14.197,-0.751,CC1(C)SCCN(C1C(=O)NO)[S+]([O-])(=O)C2=CC=C(OCC#CCO)C=C2,null,null,null,null,null,SML1543,SIGMA,2021_LOPAC_01,null,null,Apratastat ,null,4,null,null,null,14.66,0.803,4.955,0.532,0.773,null,null,null,null,null,null,15,null,null,12.413,-2.247,36.054,35.449,null,null,null,null,null,null,null,null,null,BZHWKODEVHFEOJ,null,TRND,VNvzBHICqwSORvjUDj,null,null,null,null,null,null,null,null,null,[NO STEREO] 287405-51-0,null,null,null,0,4,0,null,null,173030,0 0 0 0,1,1,2025-06-17 15:22:09,null,null,null,null,null,null,null,364784599,activity,null,HTS,null,12.413,-2.247,5.108,-0.751,null,null,null,null,null,null,null,null,null,null,null,null,null,null,null,null,null,null,null,null,null,278937669
TRND-Glioblastoma_LOPAC_A172-primary_screen2,NCGC00015463-10,activity,null,4,-32.579,0.237,CC1=NN=C(C2=CC=C(N)C=C2)C3=CC4=C(OCO4)C=C3C1,null,null,null,null,null,G119,SIGMA,2021_LOPAC_01,null,null,GYKI 52466 hydrochloride,null,4,null,null,null,32.528,-7.079,4.955,0.457,0.844,null,null,null,null,null,null,25.5,null,null,19.129,-13.399,38.398,39.424,null,null,null,null,null,null,null,null,null,LFBZZHVSGAHQPP,null,TRND,jyEnTtlayOBYedtUIq,null,null,null,null,CL,null,null,null,null,null,null,null,null,0,4,0,null,null,173030,0 0 0 0,1,1,2025-06-17 15:22:09,null,null,null,null,null,null,null,364785103,activity,null,HTS,null,19.129,-13.399,-7.791,0.237,null,null,null,null,null,null,null,null,null,null,null,null,null,null,null,null,null,null,null,null,null,278937670
TRND-Glioblastoma_LOPAC_A172-primary_screen2,NCGC00015043-15,activity,null,4,9.5,16.02,NCCCC(O)=O,null,null,null,null,null,A2129,SIGMA,2021_LOPAC_01,null,null,GABA,null,4,null,null,null,12.697,19,4.955,0.518,0.789,null,null,null,null,null,null,9.5,null,null,22.249,9.552,58.951,58.238,null,null,null,null,null,null,null,null,null,BTCSSZJGUNDROE,null,TRND,JFUjYtXEdjwFwZejst,null,null,null,null,null,null,null,null,null,56-12-2,null,null,null,0,4,0,null,null,173030,0 0 0 0,1,1,2025-06-17 15:22:09,null,null,null,null,null,null,null,364780199,activity,null,HTS,null,9.552,12.11,22.249,16.02,null,null,null,null,null,null,null,null,null,null,null,null,null,null,null,null,null,null,null,null,null,278937671
TRND-Glioblastoma_LOPAC_A172-primary_screen2,NCGC00181785-16,activity,15.848932,-3,-95.616,-84.421,C[C@@H](O[C@H]1OCCN(CC2=NC(=O)NN2)[C@H]1C3=CC=C(F)C=C3)C4=CC(=CC(=C4)C(F)(F)F)C(F)(F)F,null,null,null,null,null,SML2215,SIGMA,2021_LOPAC_01,-4.8,null,Aprepitant,null,-3,null,null,null,95.28,-86.616,4.955,0.046,0.999,null,null,null,null,null,null,9,null,null,10.859,-84.421,-12.534,-7.641,null,null,null,null,null,null,null,null,null,ATALOFNDEOCMKK,null,TRND,qQqNdtKNFqagUDmJSt,null,Tachykinin receptor 1 antagonist,null,null,null,null,null,null,null,170729-80-3,TACR1,null,null,0,4,0,null,null,173030,0 0 0 0,1,1,2025-06-17 15:22:09,null,null,null,null,null,null,null,364784687,activity,null,HTS,16.877395,6.785,10.859,7.76,-84.421,null,null,null,null,null,null,null,null,null,null,null,null,null,null,null,null,null,null,null,null,null,278937672
TRND-Glioblastoma_LOPAC_A172-primary_screen2,NCGC00025167-19,activity,null,4,-15.5,1.552,COC1=CC=C(C[C@H](C)NC[C@@H](O)C2=CC(NC=O)=C(O)C=C2)C=C1,null,null,null,null,null,F9552,SIGMA,2021_LOPAC_01,null,null,Formoterol,null,4,null,null,null,15.386,-0.5,4.955,0.271,0.952,null,null,null,null,null,null,15,null,null,16.938,1.552,60.153,63.309,null,null,null,null,null,null,null,null,null,BPZSYCZIITTYBL,null,TRND,bBalukhrhOchGoSwiI,null,null,null,null,FUMARIC_ACID,null,null,null,null,[NO STEREO] 183814-30-4,null,null,null,0,4,0,null,null,173030,0 0 0 0,1,1,2025-06-17 15:22:09,null,null,null,null,null,null,null,364781211,activity,null,HTS,null,13.266,15.279,16.938,1.552,null,null,null,null,null,null,null,null,null,null,null,null,null,null,null,null,null,null,null,null,null,278937673
TRND-Glioblastoma_LOPAC_A172-primary_screen2,NCGC00015155-25,activity,null,4,0,-0.942,CC(C)COCC(CN(CC1=CC=CC=C1)C2=CC=CC=C2)N3CCCC3,null,null,null,null,null,B5016,SIGMA,2021_LOPAC_01,null,null,Bepridil hydrochloride,null,4,null,null,null,6.019,0,null,null,null,null,null,null,null,null,null,0,null,null,4.745,-1.274,2.508,null,null,null,null,null,null,null,null,null,null,UIEATEWHFDRYRU,null,TRND,oryaKSNHyDKXXkTyZw,null,Voltage-dependent P/Q-type calcium channel subunit alpha-1A Blocker,null,null,CL,null,null,null,null,68099-86-5,CACNA1A,null,null,0,4,null,null,null,173030,null,1,1,2025-06-17 15:22:09,null,null,null,null,null,null,null,364784307,activity,null,HTS,null,0.207,-1.274,4.745,-0.942,null,null,null,null,null,null,null,null,null,null,null,null,null,null,null,null,null,null,null,null,null,278937674
TRND-Glioblastoma_LOPAC_A172-primary_screen2,NCGC00689997-01,activity,null,4,-19,9.304,C[C@H]1CC(=O)NC2=CC(=CC=C2N1C(=O)N3CC4CC4C3)C(=O)NCCC5CC5,null,null,null,null,null,SML2325,SIGMA,2021_LOPAC_01,null,null,BAY-6035,null,4,null,null,null,17.517,7,4.955,0.429,0.866,null,null,null,null,null,null,26,null,null,22.347,4.83,77.639,75.284,null,null,null,null,null,null,null,null,null,CKFRXCBNKKOFGO,null,TRND,wWHfmkyMBtVPbwGwDQ,null,null,null,null,null,null,null,null,null,null,null,null,null,0,4,0,null,null,173030,0 0 0 0,1,1,2025-06-17 15:22:09,null,null,null,null,null,null,null,364784991,activity,null,HTS,null,22.347,4.83,10.52,9.304,null,null,null,null,null,null,null,null,null,null,null,null,null,null,null,null,null,null,null,null,null,278937675
TRND-Glioblastoma_LOPAC_A172-primary_screen2,NCGC00015494-13,activity,1.778279,-1.2,-32.718,-3.932,CCCN(CCC)C1CCC2=C(C1)C=C(O)C=C2,null,null,null,null,null,H8653,SIGMA,2021_LOPAC_01,-5.75,null,(±)-7-Hydroxy-DPAT hydrobromide,null,4,null,null,null,28.371,-4.718,1.134,0.029,0.999,null,null,null,null,null,null,28,null,null,24.44,-3.932,76.648,77.231,null,null,null,null,null,null,null,null,null,BLYMJBIZMIGWFK,null,TRND,sRBVlfdwsqTKhFOLgU,null,null,null,null,BR,null,null,null,null,null,null,null,null,0,4,0,null,null,173030,0 0 0 0,1,1,2025-06-17 15:22:09,null,null,null,null,null,null,null,364783743,activity,null,HTS,null,24.44,14.081,1.502,-3.932,null,null,null,null,null,null,null,null,null,null,null,null,null,null,null,null,null,null,null,null,null,278937676
TRND-Glioblastoma_LOPAC_A172-primary_screen2,NCGC00388122-02,activity,null,4,-21,2.132,COC1=C(OC)C=C(CC2=NN3C(=NC(C)=C3C(=O)N2)[C@@H](CCCC4=CC=CC=C4)[C@@H](C)O)C=C1,null,null,null,null,null,SML2311,SIGMA,2021_LOPAC_01,null,null,BAY 60-7550,null,4,null,null,null,16.585,3,1.1,0.662,0.571,null,null,null,null,null,null,24,null,null,18.717,2.132,63.54,57.595,null,null,null,null,null,null,null,null,null,MYTWFJKBZGMYCS,null,TRND,xqpCOeGvkZwtrlOfKf,null,null,null,null,null,null,null,null,null,439083-90-6,null,null,null,0,4,0,null,null,173030,0 0 0 0,1,1,2025-06-17 15:22:09,null,null,null,null,null,null,null,364780567,activity,null,HTS,null,18.717,3.768,11.217,2.132,null,null,null,null,null,null,null,null,null,null,null,null,null,null,null,null,null,null,null,null,null,278937677
TRND-Glioblastoma_LOPAC_A172-primary_screen2,NCGC00027930-18,activity,null,4,-29.721,13.924,ClC1=CC=C(C=C1)C(=O)NCCN2CCOCC2,null,null,null,null,null,M3071,SIGMA,2021_LOPAC_01,null,null,Moclobemide,null,4,null,null,null,28.953,-1.721,4.095,1,1,null,null,null,null,null,null,28,null,null,27.936,-1.017,94.898,94.836,null,null,null,null,null,null,null,null,null,YHXISWVBGDMDLQ,null,TRND,CBMIVoVKIHoakFlHUt,null,null,null,null,null,null,null,null,null,71320-77-9,null,null,null,0,4,1,null,null,173030,0 0 0 1,1,1,2025-06-17 15:22:09,null,null,null,null,null,null,null,364781943,activity,null,HTS,null,27.936,26.64,-1.017,13.924,null,null,null,null,null,null,null,null,null,null,null,null,null,null,null,null,null,null,null,null,null,278937678
TRND-Glioblastoma_LOPAC_A172-primary_screen2,NCGC00015860-21,activity,null,4,15.5,1.033,CCCNC(C)C(=O)NC1=C(C)C=CC=C1,null,null,null,null,null,P9547,SIGMA,2021_LOPAC_01,null,null,Prilocaine hydrochloride,null,4,null,null,null,21.39,13,4.955,1,0.412,null,null,null,null,null,null,-2.5,null,null,21.905,0.515,22.173,26.504,null,null,null,null,null,null,null,null,null,MVFGUOIZUNYYSO,null,TRND,bqXmJOPlAjtOnDGsbV,null,null,null,null,CL,null,null,null,null,1786-81-8,null,null,null,0,4,1,null,null,173030,0 0 0 1,1,1,2025-06-17 15:22:09,null,null,null,null,null,null,null,364782919,activity,null,HTS,null,0.515,21.905,4.437,1.033,null,null,null,null,null,null,null,null,null,null,null,null,null,null,null,null,null,null,null,null,null,278937679
TRND-Glioblastoma_LOPAC_A172-primary_screen2,NCGC00162271-12,activity,null,4,-17.5,12.863,CCN1C=C(C([O-])=O)C(=O)C2=CC=C(C)N=C12,null,null,null,null,null,N4382,SIGMA,2021_LOPAC_01,null,null,Nalidixic acid sodium,null,4,null,null,null,22.437,7,4.955,1,0.473,null,null,null,null,null,null,24.5,null,null,32.918,10.481,79.997,96.061,null,null,null,null,null,null,null,null,null,MHWLWQUZZRMNGJ,null,TRND,EHyXSJvnAsSQUALxCq,null,null,null,null,SODIUM,null,null,null,null,538497,null,null,null,0,4,1,null,null,173030,0 0 0 1,1,1,2025-06-17 15:22:09,null,null,null,null,null,null,null,364782631,activity,null,HTS,null,15.911,32.918,10.481,12.863,null,null,null,null,null,null,null,null,null,null,null,null,null,null,null,null,null,null,null,null,null,278937680
TRND-Glioblastoma_LOPAC_A172-primary_screen2,NCGC00386697-06,activity,1,-1.3,-89.068,-90.515,COC1=CC(=CC=C1)C2=CC(NCC3=CC=C4OCOC4=C3)=NC(N)=N2,null,null,null,null,null,SML0698,SIGMA,2021_LOPAC_01,-6,null,CID 11210285 hydrochloride,null,-1.1,null,null,null,62.621,-95.041,0.8,0.084,0.996,null,null,null,null,null,null,-5.972,null,null,-27.894,-90.515,-219.832,-221.73,null,null,null,null,null,null,null,null,null,FABQUVYDAXWUQP,null,TRND,AoPafKpcHqicbeQAKM,null,null,null,null,CL,null,null,null,null,null,null,null,null,0,4,0,null,null,173030,0 0 0 0,1,1,2025-06-17 15:22:09,null,null,null,null,null,null,null,364780735,activity,null,HTS,1.139485,-27.894,-58.072,-77.591,-90.515,null,null,null,null,null,null,null,null,null,null,null,null,null,null,null,null,null,null,null,null,null,278937681
TRND-Glioblastoma_LOPAC_A172-primary_screen2,NCGC00015527-06,activity,null,4,-13,2.289,NO,null,null,null,null,null,H9876,SIGMA,2021_LOPAC_01,null,null,Hydroxylamine hydrochloride,null,4,null,null,null,13.128,1.5,3.065,0.11,0.993,null,null,null,null,null,null,14.5,null,null,14.26,1.132,45.232,45.208,null,null,null,null,null,null,null,null,null,AVXURJPOCDRRFD,null,TRND,esIwsYHVPtpwcXdQOK,null,null,null,null,CL,null,null,null,null,null,null,null,null,0,4,0,null,null,173030,0 0 0 0,1,1,2025-06-17 15:22:09,null,null,null,null,null,null,null,364785039,activity,null,HTS,null,14.26,5.244,1.132,2.289,null,null,null,null,null,null,null,null,null,null,null,null,null,null,null,null,null,null,null,null,null,278937682
TRND-Glioblastoma_LOPAC_A172-primary_screen2,NCGC00024485-12,activity,null,4,-16,16.955,NC\C=C\C(O)=O,null,null,null,null,null,T1694,SIGMA,2021_LOPAC_01,null,null,(E)-4-amino-2-butenoic acid,null,4,null,null,null,18.045,12,2.406,0.515,0.791,null,null,null,null,null,null,28,null,null,27.007,8.962,101.689,101.653,null,null,null,null,null,null,null,null,null,FMKJUUQOYOHLTF,null,TRND,JFUjYtETHjryGfhCKf,null,null,null,null,null,null,null,null,null,null,null,null,null,0,4,0,null,null,173030,0 0 0 0,1,1,2025-06-17 15:22:09,null,null,null,null,null,null,null,364781963,activity,null,HTS,null,27.007,16.543,8.962,16.955,null,null,null,null,null,null,null,null,null,null,null,null,null,null,null,null,null,null,null,null,null,278937683
TRND-Glioblastoma_LOPAC_A172-primary_screen2,NCGC00015028-14,activity,null,4,0,-7.299,NC(=N)NCCCCNC(N)=N,null,null,null,null,null,A0384,SIGMA,2021_LOPAC_01,null,null,Arcaine sulfate,null,4,null,null,null,2.978,0,null,null,null,null,null,null,null,null,null,0,null,null,-6.154,-9.132,-32.277,null,null,null,null,null,null,null,null,null,null,HGMDNMBBCKDWTQ,null,TRND,EcRBgRGCkcGQpVCGJy,null,null,null,null,SULFURIC_ACID,null,null,null,null,null,null,null,null,0,4,null,null,null,173030,null,1,1,2025-06-17 15:22:09,null,null,null,null,null,null,null,364783987,activity,null,HTS,null,-6.398,-9.132,-6.154,-7.299,null,null,null,null,null,null,null,null,null,null,null,null,null,null,null,null,null,null,null,null,null,278937684
TRND-Glioblastoma_LOPAC_A172-primary_screen2,NCGC00507753-02,activity,null,4,0,3.214,O=C(N[C@H]1CC2CCN(C2)C1)C3=CNC4=C(SC=C4)C3=O,null,null,null,null,null,SmL1038,SIGMA,2021_LOPAC_01,null,null,MKC-733,null,4,null,null,null,7.891,0,null,null,null,null,null,null,null,null,null,0,null,null,11.106,3.214,38.96,null,null,null,null,null,null,null,null,null,null,XRLQZRQVIYPVAZ,null,TRND,RAwlLDZvoXKMUJOaLK,null,null,null,null,CL,null,null,null,null,null,null,null,null,0,4,null,null,null,173030,null,1,1,2025-06-17 15:22:09,null,null,null,null,null,null,null,364782211,activity,null,HTS,null,11.106,4.212,5.014,3.214,null,null,null,null,null,null,null,null,null,null,null,null,null,null,null,null,null,null,null,null,null,278937685
TRND-Glioblastoma_LOPAC_A172-primary_screen2,NCGC00025303-12,activity,null,4,-15.5,5.896,CCN1CCC[C@H]1CNC(=O)C2=C(O)C(Cl)=CC(Cl)=C2OC,null,null,null,null,null,R121,SIGMA,2021_LOPAC_01,null,null,S(+)-Raclopride L-tartrate,null,4,null,null,null,18.278,5.5,4.955,0.313,0.934,null,null,null,null,null,null,21,null,null,23.615,5.337,73.731,80.063,null,null,null,null,null,null,null,null,null,WAOQONBSWFLFPE,null,TRND,potsUCgFHtvrXSnAwy,null,null,null,null,TARTRATE,null,null,null,null,84225-95-6,null,null,null,0,4,0,null,null,173030,0 0 0 0,1,1,2025-06-17 15:22:09,null,null,null,null,null,null,null,364782911,activity,null,HTS,null,18.16,23.615,5.337,5.896,null,null,null,null,null,null,null,null,null,null,null,null,null,null,null,null,null,null,null,null,null,278937686
TRND-Glioblastoma_LOPAC_A172-primary_screen2,NCGC00386725-09,activity,10,-2.1,-125.046,-93.484,CCCCOC1=CC=C(CC\C=C2/SC(=O)N(CCN)C2=O)C=C1,null,null,null,null,null,SML1003,SIGMA,2021_LOPAC_01,-5,null,K145 hydrochloride,null,-3,null,null,null,121.961,-97.546,2.847,0.024,1,null,null,null,null,null,null,27.5,null,null,28.476,-93.484,41.855,44.288,null,null,null,null,null,null,null,null,null,MPZXLTZVPUSTFY,null,TRND,ASxsNfqARJBbJZWyFw,null,null,null,null,CL,null,null,null,null,null,null,null,null,0,4,0,null,null,173030,0 0 0 0,1,1,2025-06-17 15:22:09,null,null,null,null,null,null,null,364781667,activity,null,HTS,10.178336,26.352,28.476,-2.907,-93.484,null,null,null,null,null,null,null,null,null,null,null,null,null,null,null,null,null,null,null,null,null,278937687
TRND-Glioblastoma_LOPAC_A172-primary_screen2,NCGC00016065-24,activity,null,4,-16,15.119,CCN(CC1=CC=NC=C1)C(=O)C(CO)C2=CC=CC=C2,null,null,null,null,null,T9778,SIGMA,2021_LOPAC_01,null,null,Tropicamide,null,4,null,null,null,13.203,11.5,4.955,0.476,0.829,null,null,null,null,null,null,27.5,null,null,22.75,9.547,84.633,85.047,null,null,null,null,null,null,null,null,null,BGDKAVGWHJFAGW,null,TRND,FeBXJmzirfmQUskVJh,null,null,null,null,null,null,null,null,null,1508-75-4,null,null,null,0,4,0,null,null,173030,0 0 0 0,1,1,2025-06-17 15:22:09,null,null,null,null,null,null,null,364781939,activity,null,HTS,null,22.75,9.547,9.835,15.119,null,null,null,null,null,null,null,null,null,null,null,null,null,null,null,null,null,null,null,null,null,278937688
TRND-Glioblastoma_LOPAC_A172-primary_screen2,NCGC00390240-08,activity,10,-3,-99.787,-92.602,C[C@@H](O[C@H]1OCCN(CC2=NC(=O)N(N2)P(O)(O)=O)[C@H]1C3=CC=C(F)C=C3)C4=CC(=CC(=C4)C(F)(F)F)C(F)(F)F,null,null,null,null,null,SML2228,SIGMA,2021_LOPAC_01,-5,null,Fosaprepitant dimeglumine,null,-3,null,null,null,107.612,-92.787,4.955,0.163,0.983,null,null,null,null,null,null,7,null,null,15.01,-92.602,-11.033,-27.702,null,null,null,null,null,null,null,null,null,BARDROPHSZEBKC,null,TRND,jDGLhdinSHkErcaVpR,null,null,null,null,MEGLUMINE,null,null,null,null,172673-20-0,null,null,null,0,4,0,null,null,173030,0 0 0 0,1,1,2025-06-17 15:22:09,null,null,null,null,null,null,null,364783167,activity,null,HTS,10.319418,15.01,-0.355,-5.378,-92.602,null,null,null,null,null,null,null,null,null,null,null,null,null,null,null,null,null,null,null,null,null,278937689
TRND-Glioblastoma_LOPAC_A172-primary_screen2,NCGC00015773-14,activity,null,4,-20,2.377,O=C1CCCN1CC#CCN2CCCC2,null,null,null,null,null,O9126,SIGMA,2021_LOPAC_01,null,null,Oxotremorine sesquifumarate salt,null,4,null,null,null,25.473,1.5,2.406,0.555,0.744,null,null,null,null,null,null,21.5,null,null,27.85,2.377,71.713,85.091,null,null,null,null,null,null,null,null,null,RSDOPYMFZBJHRL,null,TRND,ZnGUqMqFHezSuZLkOs,null,null,null,null,FUMARIC_ACID,null,null,null,null,null,null,null,null,0,4,0,null,null,173030,0 0 0 0,1,1,2025-06-17 15:22:09,null,null,null,null,null,null,null,364782591,activity,null,HTS,null,15.2,27.85,12.611,2.377,null,null,null,null,null,null,null,null,null,null,null,null,null,null,null,null,null,null,null,null,null,278937690
TRND-Glioblastoma_LOPAC_A172-primary_screen2,NCGC00263210-08,activity,null,4,-34.488,-13.324,CCOC1=CC(=CC(OCC)=C1OCC)C(=O)NC2=CC(C3=NC4=C(N3)C=CC=C4)=C(Cl)C=C2,null,null,null,null,null,SML0644,SIGMA,2021_LOPAC_01,null,null,SANT-2,null,4,null,null,null,39.406,-15.988,4.955,0.409,0.881,null,null,null,null,null,null,18.5,null,null,26.082,-13.324,57.029,70.024,null,null,null,null,null,null,null,null,null,VQOJFGFKIVFMDH,null,TRND,ZgfPifiVEgRGIVjdsi,null,Smoothened Receptor antagonist,null,null,null,null,null,null,null,null,SMO,null,null,0,4,0,null,null,173030,0 0 0 0,1,1,2025-06-17 15:22:09,null,null,null,null,null,null,null,364783587,activity,null,HTS,null,12.334,16.549,26.082,-13.324,null,null,null,null,null,null,null,null,null,null,null,null,null,null,null,null,null,null,null,null,null,278937691
TRND-Glioblastoma_LOPAC_A172-primary_screen2,NCGC00162351-05,activity,12.589254,-3,-110.141,-96.092,[H][C@](O)(CN[C@@]1([H])CCC2=C(C1)C=CC=C2)COC3=CC=CC=C3CC,null,null,null,null,null,S8688,SIGMA,2021_LOPAC_01,-4.9,null,SR 59230A oxalate,null,-3,null,null,null,117.792,-97.641,4.504,0.175,0.981,null,null,null,null,null,null,12.5,null,null,21.7,-96.092,16.227,-2.617,null,null,null,null,null,null,null,null,null,ZDWNVUUXKGJQMT,null,TRND,OIKQRWDfAwXLXSFDlK,null,null,null,null,OXALIC_ACID,null,null,null,null,null,null,null,null,0,4,0,null,null,173030,0 0 0 0,1,1,2025-06-17 15:22:09,null,null,null,null,null,null,null,364781419,activity,null,HTS,12.725053,21.7,3.356,5.967,-96.092,null,null,null,null,null,null,null,null,null,null,null,null,null,null,null,null,null,null,null,null,null,278937692
TRND-Glioblastoma_LOPAC_A172-primary_screen2,NCGC00093936-16,activity,null,4,-13.084,6.768,[H][C@](N)(CCC(N)=O)C(O)=O,null,null,null,null,null,G3126,SIGMA,2021_LOPAC_01,null,null,L-Glutamine,null,4,null,null,null,14.338,-10.084,4.955,1,0.841,null,null,null,null,null,null,3,null,null,6.768,-7.57,-4.698,-0.156,null,null,null,null,null,null,null,null,null,ZDXPYRJPNDTMRX,null,TRND,NDJzcJaglduXebcuVY,null,null,null,null,null,null,null,null,null,56-85-9,null,null,null,0,4,1,null,null,173030,0 0 0 1,1,1,2025-06-17 15:22:09,null,null,null,null,null,null,null,364784423,activity,null,HTS,null,0.26,5.513,-7.57,6.768,null,null,null,null,null,null,null,null,null,null,null,null,null,null,null,null,null,null,null,null,null,278937693
TRND-Glioblastoma_LOPAC_A172-primary_screen2,NCGC00015591-14,activity,12.589254,-3,-99.323,-94.5,OC1(CCN(CC2=CNC3=C2C=CC=C3)CC1)C4=CC=C(Cl)C=C4,null,null,null,null,null,L135,SIGMA,2021_LOPAC_01,-4.9,null,"L-741,626",null,-3,null,null,null,99.673,-95.823,4.504,0.029,0.999,null,null,null,null,null,null,3.5,null,null,5.173,-94.5,-40.2,-38.882,null,null,null,null,null,null,null,null,null,LLBLNMUONVVVPG,null,TRND,gfahQyhByVmiWAYLrX,null,null,null,null,null,null,null,null,null,81226-60-0,null,null,null,0,4,0,null,null,173030,0 0 0 0,1,1,2025-06-17 15:22:09,null,null,null,null,null,null,null,364781599,activity,null,HTS,12.83543,2.659,5.173,-2.169,-94.5,null,null,null,null,null,null,null,null,null,null,null,null,null,null,null,null,null,null,null,null,null,278937694
TRND-Glioblastoma_LOPAC_A172-primary_screen2,NCGC00021125-13,activity,null,4,-9.5,5.314,OC(=O)CC1=CC=CC=C1NC2=C(Cl)C=CC=C2Cl,null,null,null,null,null,D6899,SIGMA,2021_LOPAC_01,null,null,Diclofenac sodium,null,4,null,null,null,10.287,4.5,4.504,0.164,0.983,null,null,null,null,null,null,14,null,null,14.14,3.853,48.451,47.91,null,null,null,null,null,null,null,null,null,DCOPUUMXTXDBNB,null,TRND,gfAlgULifUQxvuUGFZ,null,null,null,null,SODIUM,null,null,null,null,[NO STEREO] 15307-79-6,null,null,null,0,4,0,null,null,173030,0 0 0 0,1,1,2025-06-17 15:22:09,null,null,null,null,null,null,null,364782867,activity,null,HTS,null,14.14,5.326,3.853,5.314,null,null,null,null,null,null,null,null,null,null,null,null,null,null,null,null,null,null,null,null,null,278937695
TRND-Glioblastoma_LOPAC_A172-primary_screen2,NCGC00160384-06,activity,null,4,-13.5,2.203,CC1=C(NC2=C(C=CC=N2)C(O)=O)C=CC=C1Cl,null,null,null,null,null,SML0530,SIGMA,2021_LOPAC_01,null,null,Clonixin,null,4,null,null,null,13.604,-2,4.955,0.601,0.682,null,null,null,null,null,null,11.5,null,null,15.807,2.203,45.035,49.094,null,null,null,null,null,null,null,null,null,CLOMYZFHNHFSIQ,null,TRND,cblMeXIjdwfGYlQXBc,null,null,null,null,null,null,null,null,null,17737-65-4,null,null,null,0,4,0,null,null,173030,0 0 0 0,1,1,2025-06-17 15:22:09,null,null,null,null,null,null,null,364784979,activity,null,HTS,null,9.63,8.726,15.807,2.203,null,null,null,null,null,null,null,null,null,null,null,null,null,null,null,null,null,null,null,null,null,278937696
TRND-Glioblastoma_LOPAC_A172-primary_screen2,NCGC00507747-02,activity,null,4,-18.043,-16.286,COC1=CC=C(C=C1)C2=CN=C(NC(=O)[C@H]3CCCCN3[S+]([O-])(=O)C4=CC=C(C)C=C4)S2,null,null,null,null,null,SML0524,SIGMA,2021_LOPAC_01,null,null,ML277,null,4,null,null,null,16.92,-17.543,4.095,0.046,0.999,null,null,null,null,null,null,0.5,null,null,0.634,-16.286,-6.621,-6.684,null,null,null,null,null,null,null,null,null,AZIIWVQSTHMERE,null,TRND,cGwRsvMwMRiSVspwjl,null,null,null,null,null,null,null,null,null,null,null,null,null,0,4,0,null,null,173030,0 0 0 0,1,1,2025-06-17 15:22:09,null,null,null,null,null,null,null,364783163,activity,null,HTS,null,0.634,0.009,0.251,-16.286,null,null,null,null,null,null,null,null,null,null,null,null,null,null,null,null,null,null,null,null,null,278937697
TRND-Glioblastoma_LOPAC_A172-primary_screen2,NCGC00016861-14,activity,null,4,0,9.918,CC(C)CC1=CC=C(C=C1)[C@H](C)C(O)=O,null,null,null,null,null,I106,SIGMA,2021_LOPAC_01,null,null,S(+)-Ibuprofen,null,4,null,null,null,13.627,0,null,null,null,null,null,null,null,null,null,0,null,null,15.252,1.625,58.885,null,null,null,null,null,null,null,null,null,null,HEFNNWSXXWATRW,null,TRND,ZKcNDUDwDJWqHPmEAh,null,null,null,null,null,null,null,null,null,51146-56-6,null,null,null,0,4,null,null,null,173030,null,1,1,2025-06-17 15:22:09,null,null,null,null,null,null,null,364780983,activity,null,HTS,null,15.252,1.625,14.596,9.918,null,null,null,null,null,null,null,null,null,null,null,null,null,null,null,null,null,null,null,null,null,278937698
TRND-Glioblastoma_LOPAC_A172-primary_screen2,NCGC00094082-20,activity,3.548134,-1.2,-73.657,-41.381,[H][C@@]12CC[C@H](O)[C@@]1(C)CC[C@]3([H])C4=CC(OC)=C(O)C=C4CC[C@@]23[H],null,null,null,null,null,M6383,SIGMA,2021_LOPAC_01,-5.45,null,2-methoxyestradiol,null,-2.2,null,null,null,73.84,-41.157,2.406,0.014,1,null,null,null,null,null,null,32.5,null,null,32.459,-41.381,67.405,67.077,null,null,null,null,null,null,null,null,null,CQOQDQWUFQDJMK,null,TRND,yXuxQHMORuxLfpouKF,null,Hypoxia-inducible factor 1-alpha inhibitor,null,null,null,null,null,null,null,362-07-2,HIF1A,null,null,0,4,0,null,null,173030,0 0 0 0,1,1,2025-06-17 15:22:09,null,null,null,null,null,null,null,364781071,activity,null,HTS,null,32.459,26.221,-27.52,-41.381,null,null,null,null,null,null,null,null,null,null,null,null,null,null,null,null,null,null,null,null,null,278937699
TRND-Glioblastoma_LOPAC_A172-primary_screen2,NCGC00015451-21,activity,null,4,-12.358,-3.632,CCOC(=O)NC1=CC=C(NCC2=CC=C(F)C=C2)N=C1N,null,null,null,null,null,F8927,SIGMA,2021_LOPAC_01,null,null,Flupirtine maleate salt,null,4,null,null,null,13.956,-3.858,3.065,0.267,0.954,null,null,null,null,null,null,8.5,null,null,10.324,-3.632,29.279,31.648,null,null,null,null,null,null,null,null,null,JUUFBMODXQKSTD,null,TRND,ciOEGlyHatotVeRSFE,null,NMDA Receptor antagonist,null,null,MALEIC_ACID,null,null,null,null,75507-68-5,GRIN1,null,null,0,4,0,null,null,173030,0 0 0 0,1,1,2025-06-17 15:22:09,null,null,null,null,null,null,null,364784391,activity,null,HTS,null,7.235,10.324,5.571,-3.632,null,null,null,null,null,null,null,null,null,null,null,null,null,null,null,null,null,null,null,null,null,278938210
TRND-Glioblastoma_LOPAC_A172-primary_screen2,NCGC00017358-24,activity,4.466836,-2.3,-105.445,-83.064,[H][C@@]12COC3=C(C=C(OC)C(OC)=C3)[C@]1([H])C(=O)C4=C(O2)C5=C(O[C@H](C5)C(C)=C)C=C4,null,null,null,null,null,R8875,SIGMA,2021_LOPAC_01,-5.35,null,Rotenone,null,-2.1,null,null,null,58.732,-109.644,0.5,0.131,0.989,null,null,null,null,null,null,-4.199,null,null,-24.332,-83.064,-182.755,-184.356,null,null,null,null,null,null,null,null,null,JUVIOZPCNVVQFO,null,TRND,MWNvwiRUwzNOpGeSRO,null,NADH-Ubiquinone Oxidoreductase (Complex I) inhibitor,null,null,null,null,null,null,null,83-79-4,NDUFS7,null,null,0,4,0,null,null,173030,0 0 0 0,1,1,2025-06-17 15:22:09,null,null,null,null,null,null,null,364784799,activity,null,HTS,3.139093,-24.332,-43.621,-58.746,-83.064,null,null,null,null,null,null,null,null,null,null,null,null,null,null,null,null,null,null,null,null,null,278938211
TRND-Glioblastoma_LOPAC_A172-primary_screen2,NCGC00093358-16,activity,null,4,-15.5,6.104,CO\N=C(/C(=O)N[C@H]1[C@H]2SCC(COC(C)=O)=C(N2C1=O)C([O-])=O)C3=CSC(N)=N3,null,null,null,null,null,C7912,SIGMA,2021_LOPAC_01,null,null,Cefotaxime sodium,null,4,null,null,null,14.197,6,1.714,0.02,1,null,null,null,null,null,null,21.5,null,null,20.301,6.104,73.171,72.969,null,null,null,null,null,null,null,null,null,GPRBEKHLDVQUJE,null,TRND,jyrjKMiyLXomJdlHyo,null,null,null,null,SODIUM,null,null,null,null,64485-93-4,null,null,null,0,4,0,null,null,173030,0 0 0 0,1,1,2025-06-17 15:22:09,null,null,null,null,null,null,null,364782495,activity,null,HTS,null,20.301,12.802,6.686,6.104,null,null,null,null,null,null,null,null,null,null,null,null,null,null,null,null,null,null,null,null,null,278938212
TRND-Glioblastoma_LOPAC_A172-primary_screen2,NCGC00093674-12,activity,null,4,-13,3.306,[H][C@]1(N)CONC1=O,null,null,null,null,null,C1159,SIGMA,2021_LOPAC_01,null,null,L-Cycloserine,null,4,null,null,null,11.583,2.5,1.222,0.028,1,null,null,null,null,null,null,15.5,null,null,14.89,3.306,56.823,57.375,null,null,null,null,null,null,null,null,null,DYDCUQKUCUHJBH,null,TRND,QbtynhyCrROjxdGLbT,null,null,null,null,null,null,null,null,null,68-41-7,null,null,null,0,4,0,null,null,173030,0 0 0 0,1,1,2025-06-17 15:22:09,null,null,null,null,null,null,null,364782503,activity,null,HTS,null,14.89,12.747,6.942,3.306,null,null,null,null,null,null,null,null,null,null,null,null,null,null,null,null,null,null,null,null,null,278938213
TRND-Glioblastoma_LOPAC_A172-primary_screen2,NCGC00162242-08,activity,7.079458,-2.4,-32.112,-12.594,NC1=NC=NC2=C1N=CN2[C@@H]3O[C@H](COP(O)(=O)CP(O)(=O)OP([O-])([O-])=O)C(O)[C@H]3O,null,null,null,null,null,M6517,SIGMA,2021_LOPAC_01,-5.15,null,"alpha,beta-Methylene adenosine 5 -triphosphate dilithium",null,4,null,null,null,27.057,-17.112,1.171,0.017,1,null,null,null,null,null,null,15,null,null,14.463,-12.594,41.091,40.477,null,null,null,null,null,null,null,null,null,CAWZRIXWFRFUQB,null,TRND,pVsJnoLViZRhlogvdv,null,null,null,null,LITHIUM,null,null,null,null,null,null,null,null,0,4,0,null,null,173030,0 0 0 0,1,1,2025-06-17 15:22:09,null,null,null,null,null,null,null,364782351,activity,null,HTS,null,14.463,11.255,-0.418,-12.594,null,null,null,null,null,null,null,null,null,null,null,null,null,null,null,null,null,null,null,null,null,278938214
TRND-Glioblastoma_LOPAC_A172-primary_screen2,NCGC00015772-23,activity,null,4,-17,5.221,CC1COC2=C3N1C=C(C(O)=O)C(=O)C3=CC(F)=C2N4CCN(C)CC4,null,null,null,null,null,O8757,SIGMA,2021_LOPAC_01,null,null,Ofloxacin,null,4,null,null,null,17.258,4,4.955,0.254,0.958,null,null,null,null,null,null,21,null,null,22.479,5.221,86.444,90.344,null,null,null,null,null,null,null,null,null,GSDSWSVVBLHKDQ,null,TRND,LXtTKChYnJceSXAQFn,null,null,null,null,null,null,null,null,null,82419-36-1,null,null,null,0,4,0,null,null,173030,0 0 0 0,1,1,2025-06-17 15:22:09,null,null,null,null,null,null,null,364781951,activity,null,HTS,null,18.896,22.238,22.479,5.221,null,null,null,null,null,null,null,null,null,null,null,null,null,null,null,null,null,null,null,null,null,278938215
TRND-Glioblastoma_LOPAC_A172-primary_screen2,NCGC00015146-27,activity,null,4,0,3.518,CN(C)CCC(C1=CC=C(Br)C=C1)C2=CC=CC=N2,null,null,null,null,null,B2390,SIGMA,2021_LOPAC_01,null,null,(±)-BRompheniramine maleate,null,4,null,null,null,4.553,0,null,null,null,null,null,null,null,null,null,0,null,null,3.524,-1.029,13.039,null,null,null,null,null,null,null,null,null,null,ZDIGNSYAACHWNL,null,TRND,kvoTOjkosTrSNbdMKm,null,null,null,null,MALEATE,null,null,null,null,980-71-2,null,null,null,0,4,null,null,null,173030,null,1,1,2025-06-17 15:22:09,null,null,null,null,null,null,null,364783171,activity,null,HTS,null,3.524,3.049,-1.029,3.518,null,null,null,null,null,null,null,null,null,null,null,null,null,null,null,null,null,null,null,null,null,278938216
TRND-Glioblastoma_LOPAC_A172-primary_screen2,NCGC00015950-17,activity,null,4,19.5,20.863,OC1=C(Cl)C=C(NC2=C(C(=O)NC2=O)C3=C(C=CC=C3)[N+]([O-])=O)C=C1,null,null,null,null,null,S3567,SIGMA,2021_LOPAC_01,null,null,SB 415286,null,4,null,null,null,22.092,22.5,1.1,0.933,1,null,null,null,null,null,null,3,null,null,30.076,7.983,49.895,39.065,null,null,null,null,null,null,null,null,null,PQCXVIPXISBFPN,null,TRND,ZteeWdDsYeDxqihTCF,null,Glycogen Synthase Kinase 3 (GSK-3) inhibitor,null,null,null,null,null,null,null,null,GSK3B,null,null,0,4,1,null,null,173030,1 0 0 0,1,1,2025-06-17 15:22:09,null,null,null,null,null,null,null,364780619,activity,null,HTS,null,30.076,7.983,16.006,20.863,null,null,null,null,null,null,null,null,null,null,null,null,null,null,null,null,null,null,null,null,null,278938217
TRND-Glioblastoma_LOPAC_A172-primary_screen2,NCGC00015838-09,activity,10,-2.4,-72.407,-67.462,CCC(=O)C1=CC2=C(SC3=C(C=CC=C3)N2CCCN(C)C)C=C1,null,null,null,null,null,P7780,SIGMA,2021_LOPAC_01,-5,null,Propionylpromazine hydrochloride,null,-2.2,null,null,null,73.834,-68.907,3.192,0.09,0.995,null,null,null,null,null,null,3.5,null,null,6.372,-67.462,-37.96,-31.804,null,null,null,null,null,null,null,null,null,ZQTVCQIJTREKSP,null,TRND,tQGplGGvHjTQkakSei,null,null,null,null,HCL,null,null,null,null,7681-67-6,null,null,null,0,4,0,null,null,173030,0 0 0 0,1,1,2025-06-17 15:22:09,null,null,null,null,null,null,null,364782235,activity,null,HTS,13.561104,0.668,6.372,-12.587,-67.462,null,null,null,null,null,null,null,null,null,null,null,null,null,null,null,null,null,null,null,null,null,278938218
TRND-Glioblastoma_LOPAC_A172-primary_screen2,NCGC00487315-03,activity,11.220185,-3,-51.737,-39.514,CN(C)C1=CC=C(NCC2=NC=CC=C2)C=C1,null,null,null,null,null,SML0134,SIGMA,2021_LOPAC_01,-4.95,null,L2-b,null,-3,null,null,null,53.596,-39.737,4.504,0.088,0.995,null,null,null,null,null,null,12,null,null,14.082,-39.514,21.929,26.218,null,null,null,null,null,null,null,null,null,RIKLBFYMQFBFJF,null,TRND,zswKOiIukcDMnTxAuK,null,null,null,null,null,null,null,null,null,null,null,null,null,0,4,0,null,null,173030,0 0 0 0,1,1,2025-06-17 15:22:09,null,null,null,null,null,null,null,364782611,activity,null,HTS,null,9.865,14.082,7.841,-39.514,null,null,null,null,null,null,null,null,null,null,null,null,null,null,null,null,null,null,null,null,null,278938219
TRND-Glioblastoma_LOPAC_A172-primary_screen2,NCGC00183829-03,activity,null,4,-15,6.673,OC(CC1=CN=C2C=CC=CN12)(P(O)(O)=O)P(O)(O)=O,null,null,null,null,null,SML2159,SIGMA,2021_LOPAC_01,null,null,Minodronic acid monohydrate,null,4,null,null,null,13.994,6.5,2.094,0.024,1,null,null,null,null,null,null,21.5,null,null,20.668,6.673,73.928,73.624,null,null,null,null,null,null,null,null,null,VMMKGHQPQIEGSQ,null,TRND,iWdIiVuCdSuKFEyvWw,null,null,null,null,H2O,null,null,null,null,180064-38-4,null,null,null,0,4,0,null,null,173030,0 0 0 0,1,1,2025-06-17 15:22:09,null,null,null,null,null,null,null,364781303,activity,null,HTS,null,20.668,11.792,6.897,6.673,null,null,null,null,null,null,null,null,null,null,null,null,null,null,null,null,null,null,null,null,null,278938220
TRND-Glioblastoma_LOPAC_A172-primary_screen2,NCGC00025286-09,activity,null,4,-15.444,-5.37,CN(C)C\C=C(\C1=CC=C(Br)C=C1)C2=CC=CN=C2,null,null,null,null,null,Z101,SIGMA,2021_LOPAC_01,null,null,Zimelidine dihydrochloride,null,4,null,null,null,17.81,-6.444,4.955,0.46,0.842,null,null,null,null,null,null,9,null,null,12.439,-5.37,34.923,34.719,null,null,null,null,null,null,null,null,null,OYPPVKRFBIWMSX,null,TRND,kvoTOjPyUFdqTgEpQY,null,null,null,null,CL,null,null,null,null,null,null,null,null,0,4,0,null,null,173030,0 0 0 0,1,1,2025-06-17 15:22:09,null,null,null,null,null,null,null,364785247,activity,null,HTS,null,9.214,4.974,12.439,-5.37,null,null,null,null,null,null,null,null,null,null,null,null,null,null,null,null,null,null,null,null,null,278938221
TRND-Glioblastoma_LOPAC_A172-primary_screen2,NCGC00015411-20,activity,4.466836,-2.4,-100.08,-70.697,CC1=C2NC3=C(C=CC=C3)C2=C(C)C4=CN=CC=C14,null,null,null,null,null,E3380,SIGMA,2021_LOPAC_01,-5.35,null,Ellipticine,null,-2.2,null,null,null,85.138,-80.58,0.8,0.308,0.936,null,null,null,null,null,null,19.5,null,null,14.44,-70.697,-29.678,-38.38,null,null,null,null,null,null,null,null,null,CTSPAMFJBXKSOY,null,TRND,NUlEbMLzHWKhYTKaeW,null,null,null,null,null,null,null,null,null,519-23-3,null,null,null,0,4,0,null,null,173030,0 0 0 0,1,1,2025-06-17 15:22:09,null,null,null,null,null,null,null,364783815,activity,null,HTS,8.258774,14.44,-17.3,-29.314,-70.697,null,null,null,null,null,null,null,null,null,null,null,null,null,null,null,null,null,null,null,null,null,278938222
TRND-Glioblastoma_LOPAC_A172-primary_screen2,NCGC00246387-10,activity,null,4,-51.594,-29.408,CCOC(=O)C1=C(CSC2=CC=CC=C2)N(C)C3=CC(Br)=C(O)C(CN(C)C)=C13,null,null,null,null,null,SML0860,SIGMA,2021_LOPAC_01,null,null,Arbidol hydrochloride,null,4,null,null,null,43.045,-39.094,1.288,0.128,0.99,null,null,null,null,null,null,12.5,null,null,13.637,-29.408,24.555,21.433,null,null,null,null,null,null,null,null,null,KCFYEAOKVJSACF,null,TRND,bgbLcoGDQEoKAaxikf,null,null,null,null,CL,null,null,null,null,131707-25-0,null,null,null,0,4,0,null,null,173030,0 0 0 0,1,1,2025-06-17 15:22:09,null,null,null,null,null,null,null,364784099,activity,null,HTS,null,13.637,6.81,-3.703,-29.408,null,null,null,null,null,null,null,null,null,null,null,null,null,null,null,null,null,null,null,null,null,278938223
TRND-Glioblastoma_LOPAC_A172-primary_screen2,NCGC00015048-06,activity,null,4,0,10.658,NCCC#N,null,null,null,null,null,A3134,SIGMA,2021_LOPAC_01,null,null,3-Aminopropionitrile fumarate,null,4,null,null,null,5.541,0,null,null,null,null,null,null,null,null,null,0,null,null,16.199,10.658,56.311,null,null,null,null,null,null,null,null,null,null,AGSPXMVUFBBBMO,null,TRND,zwJkrLmaFAxywZykGZ,null,null,null,null,FUMARIC_ACID,null,null,null,null,151-18-8,null,null,null,0,4,null,null,null,173030,null,1,1,2025-06-17 15:22:09,null,null,null,null,null,null,null,364783395,activity,null,HTS,null,11.477,10.775,16.199,10.658,null,null,null,null,null,null,null,null,null,null,null,null,null,null,null,null,null,null,null,null,null,278938224
TRND-Glioblastoma_LOPAC_A172-primary_screen2,NCGC00015487-18,activity,15.848932,-3,-63.953,-55.661,CC1CNCCN1[S+]([O-])(=O)C2=C3C=CN=CC3=CC=C2,null,null,null,null,null,I7016,SIGMA,2021_LOPAC_01,-4.8,null,1-(5-Isoquinolinylsulfonyl)-2-methylpiperazine dihydrochloride,null,-3,null,null,null,62.354,-57.953,4.504,0.018,1,null,null,null,null,null,null,6,null,null,6.693,-55.661,-5.245,-5.169,null,null,null,null,null,null,null,null,null,BDVFVCGFMNCYPV,null,TRND,gvDsUiZfbXYcsalXGy,null,null,null,null,CL,null,null,null,null,null,null,null,null,0,4,0,null,null,173030,0 0 0 0,1,1,2025-06-17 15:22:09,null,null,null,null,null,null,null,364782871,activity,null,HTS,23.836903,5.777,6.693,4.728,-55.661,null,null,null,null,null,null,null,null,null,null,null,null,null,null,null,null,null,null,null,null,null,278938225
TRND-Glioblastoma_LOPAC_A172-primary_screen2,NCGC00015058-05,activity,null,4,-12.5,11.42,NOCC(O)=O,null,null,null,null,null,A4508,SIGMA,2021_LOPAC_01,null,null,O-(Carboxymethyl)hydroxylamine hemihydrochloride,null,4,null,null,null,10.752,6,4.955,0.637,0.625,null,null,null,null,null,null,18.5,null,null,22.173,11.42,82.626,83.223,null,null,null,null,null,null,null,null,null,NQRKYASMKDDGHT,null,TRND,PzcjrmRPIbHiZTWJTp,null,null,null,null,CL,null,null,null,null,645-88-5,null,null,null,0,4,0,null,null,173030,0 0 0 0,1,1,2025-06-17 15:22:09,null,null,null,null,null,null,null,364780231,activity,null,HTS,null,18.155,15.361,22.173,11.42,null,null,null,null,null,null,null,null,null,null,null,null,null,null,null,null,null,null,null,null,null,278938226
TRND-Glioblastoma_LOPAC_A172-primary_screen2,NCGC00093872-06,activity,5.623413,-2.2,-32.629,-4.691,CCCC[C@]1(CC2=CC(OCC(O)=O)=C(Cl)C(Cl)=C2C1=O)C3CCCC3,null,null,null,null,null,D129,SIGMA,2021_LOPAC_01,-5.25,null,R(+)-Butylindazone,null,4,null,null,null,31.131,-6.129,1.66,0.018,1,null,null,null,null,null,null,26.5,null,null,26.44,-4.691,93.295,92.728,null,null,null,null,null,null,null,null,null,YAWWQIFONIPBKT,null,TRND,SsRrtXSFRjUFpouMSE,null,null,null,null,null,null,null,null,null,null,null,null,null,0,4,0,null,null,173030,0 0 0 0,1,1,2025-06-17 15:22:09,null,null,null,null,null,null,null,364783439,activity,null,HTS,null,26.44,24.02,8.007,-4.691,null,null,null,null,null,null,null,null,null,null,null,null,null,null,null,null,null,null,null,null,null,278938227
TRND-Glioblastoma_LOPAC_A172-primary_screen2,NCGC00162149-15,activity,null,4,-14.393,-6.994,[H][C@]12C[C@@]3([H])[C@H](N(C)C)C(O)=C(C(N)=O)C(=O)[C@@]3(O)C(O)=C1C(=O)C4=C(O)C=CC(Cl)=C4[C@H]2O,null,null,null,null,null,D6140,SIGMA,2021_LOPAC_01,null,null,Demeclocycline hydrochloride,null,4,null,null,null,19.506,-6.893,4.955,0.526,0.779,null,null,null,null,null,null,7.5,null,null,12.512,-6.994,10.783,20.628,null,null,null,null,null,null,null,null,null,FMTDIUIBLCQGJB,null,TRND,DZPknRLlsrSMXCRckA,null,null,null,null,CL,null,null,null,null,[NO STEREO] 64-73-3,null,null,null,0,4,0,null,null,173030,0 0 0 0,1,1,2025-06-17 15:22:09,null,null,null,null,null,null,null,364781587,activity,null,HTS,null,2.785,12.512,-2.879,-6.994,null,null,null,null,null,null,null,null,null,null,null,null,null,null,null,null,null,null,null,null,null,278938228
TRND-Glioblastoma_LOPAC_A172-primary_screen2,NCGC00095133-17,activity,null,4,10.126,4.562,CC(=O)OCC(CCN1C=NC2=CN=C(N)N=C12)COC(C)=O,null,null,null,null,null,F7932,SIGMA,2021_LOPAC_01,null,null,Famciclovir,null,4,null,null,null,13,6.5,4.955,0.682,0.53,null,null,null,null,null,null,-3.626,null,null,4.562,-8.438,-2.975,-12.759,null,null,null,null,null,null,null,null,null,GGXKWVWZWMLJEH,null,TRND,wTnARUHImCpkahqQTQ,null,null,null,null,null,null,null,null,null,104227-87-4,null,null,null,0,4,0,null,null,173030,0 0 0 0,1,1,2025-06-17 15:22:09,null,null,null,null,null,null,null,364784811,activity,null,HTS,null,1.149,-3.81,-8.438,4.562,null,null,null,null,null,null,null,null,null,null,null,null,null,null,null,null,null,null,null,null,null,278938229
TRND-Glioblastoma_LOPAC_A172-primary_screen2,NCGC00390646-03,activity,14.125375,-3,-82.014,-67.835,C[C@@H](C1=NC(=CS1)C2=CC=C(C=C2)C#N)[C@](O)(CN3C=NC=N3)C4=CC(F)=CC=C4F,null,null,null,null,null,SML2357,SIGMA,2021_LOPAC_01,-4.85,null,Isavuconazole,null,-3,null,null,null,87.76,-69.014,4.955,0.175,0.981,null,null,null,null,null,null,13,null,null,19.925,-67.835,2.927,17.22,null,null,null,null,null,null,null,null,null,DDFOUSQFMYRUQK,null,TRND,KZLMxuoQTqNWDXCNCf,null,null,null,null,null,null,null,null,null,241479-67-4,null,null,null,0,4,0,null,null,173030,0 0 0 0,1,1,2025-06-17 15:22:09,null,null,null,null,null,null,null,364781159,activity,null,HTS,17.168927,6.13,19.925,10.941,-67.835,null,null,null,null,null,null,null,null,null,null,null,null,null,null,null,null,null,null,null,null,null,278938230
TRND-Glioblastoma_LOPAC_A172-primary_screen2,NCGC00016013-17,activity,null,4,-17.5,5.605,CC(CN(C)C)CN1C2=C(CCC3=C1C=CC=C3)C=CC=C2,null,null,null,null,null,T3146,SIGMA,2021_LOPAC_01,null,null,Trimipramine maleate,null,4,null,null,null,18.897,4.5,2.353,0.309,0.936,null,null,null,null,null,null,22,null,null,24.502,5.605,97.185,91.969,null,null,null,null,null,null,null,null,null,ZSCDBOWYZJWBIY,null,TRND,XnYIXNOWNFnEDHpuob,null,null,null,null,MALEATE,null,null,null,null,521-78-8|138283-60-0|138283-61-1,null,null,null,0,4,0,null,null,173030,0 0 0 0,1,1,2025-06-17 15:22:09,null,null,null,null,null,null,null,364782619,activity,null,HTS,null,24.502,19.421,18.118,5.605,null,null,null,null,null,null,null,null,null,null,null,null,null,null,null,null,null,null,null,null,null,278938231
TRND-Glioblastoma_LOPAC_A172-primary_screen2,NCGC00167836-05,activity,14.125375,-3,-90.265,-68.673,OC1=CC=C2NC3=CC(=C4C(=O)NC(=O)C4=C3C2=C1)C5=CC=CC=C5,null,null,null,null,null,PZ0111,SIGMA,2021_LOPAC_01,-4.85,null,PD-407824,null,-3,null,null,null,92.84,-71.265,4.095,0.125,0.99,null,null,null,null,null,null,19,null,null,24.167,-68.673,51.041,40.407,null,null,null,null,null,null,null,null,null,IAUZTOZLTFSMIE,null,TRND,LZleRdrLaCBNJHFpno,null,null,null,null,null,null,null,null,null,null,null,null,null,0,4,0,null,null,173030,0 0 0 0,1,1,2025-06-17 15:22:09,null,null,null,null,null,null,null,364780711,activity,null,HTS,17.404948,24.167,13.621,15.091,-68.673,null,null,null,null,null,null,null,null,null,null,null,null,null,null,null,null,null,null,null,null,null,278938232
TRND-Glioblastoma_LOPAC_A172-primary_screen2,NCGC00181048-08,activity,null,4,-9.861,1.041,O=C(O[C@H]1C[C@H]2C[C@H]3C[C@@H](C1)N2CC3=O)C4=CNC5=CC=CC=C45,null,null,null,null,null,D9571,SIGMA,2021_LOPAC_01,null,null,DOLASETRON MESYLATE HYDRATE,null,4,null,null,null,16.283,-2.361,4.955,0.611,0.666,null,null,null,null,null,null,7.5,null,null,10.565,-5.717,15.306,23.095,null,null,null,null,null,null,null,null,null,UKTAZPQNNNJVKR,null,TRND,lXYnxEItSQENSrMmQS,null,null,null,null,SULFONICACID_V1,null,null,null,434295427,GRT01142,null,null,null,0,4,0,null,null,173030,0 0 0 0,1,1,2025-06-17 15:22:09,null,null,null,null,null,null,null,364781915,activity,null,HTS,null,4.098,10.565,-5.717,1.041,null,null,null,null,null,null,null,null,null,null,null,null,null,null,null,null,null,null,null,null,null,278938233
TRND-Glioblastoma_LOPAC_A172-primary_screen2,NCGC00386387-04,activity,null,4,-13.5,2.532,CC(C)(C)C1=CC=C(CN2CCN(CC2)C(C3=CC=CC=C3)C4=CC=C(Cl)C=C4)C=C1,null,null,null,null,null,SML1591,SIGMA,2021_LOPAC_01,null,null,Buclizine dihydrochloride,null,4,null,null,null,14.237,2.5,3.132,0.127,0.99,null,null,null,null,null,null,16,null,null,16.769,2.532,59.48,60.539,null,null,null,null,null,null,null,null,null,MOYGZHXDRJNJEP,null,TRND,fWdMXrZAHpbXupESgB,null,null,null,null,CL,null,null,null,null,null,null,null,null,0,4,0,null,null,173030,0 0 0 0,1,1,2025-06-17 15:22:09,null,null,null,null,null,null,null,364782271,activity,null,HTS,null,15.426,16.769,5.179,2.532,null,null,null,null,null,null,null,null,null,null,null,null,null,null,null,null,null,null,null,null,null,278938234
TRND-Glioblastoma_LOPAC_A172-primary_screen2,NCGC00015922-06,activity,null,4,0,-2.569,CN1CCC2=C1C=CC(NC(=O)NC3=CC=CN=C3)=C2,null,null,null,null,null,S0568,SIGMA,2021_LOPAC_01,null,null,SB 200646 hydrochloride,null,4,null,null,null,8.665,0,null,null,null,null,null,null,null,null,null,0,null,null,6.095,-2.569,1.285,null,null,null,null,null,null,null,null,null,null,AVGWYMLCNKIXFE,null,TRND,NqSgBbNBNqVgpMOjkC,null,null,null,null,null,null,null,null,null,null,null,null,null,0,4,null,null,null,173030,null,1,1,2025-06-17 15:22:09,null,null,null,null,null,null,null,364784075,activity,null,HTS,null,-1.331,6.095,2.96,-2.569,null,null,null,null,null,null,null,null,null,null,null,null,null,null,null,null,null,null,null,null,null,278938235
TRND-Glioblastoma_LOPAC_A172-primary_screen2,NCGC00015304-12,activity,null,4,-16,15.144,C[N+]1(C)CCC(CC1)OC(=O)C(C2=CC=CC=C2)C3=CC=CC=C3,null,null,null,null,null,D104,SIGMA,2021_LOPAC_01,null,null,4-DAMP methiodide,null,4,null,null,null,17.795,10,2.253,0.52,0.786,null,null,null,null,null,null,26,null,null,25.19,7.394,93.812,93.246,null,null,null,null,null,null,null,null,null,HYJRTXSYDAFGJK,null,TRND,gqPvONAfTWLElXeeyb,null,null,null,null,I,null,null,null,null,null,null,null,null,0,4,0,null,null,173030,0 0 0 0,1,1,2025-06-17 15:22:09,null,null,null,null,null,null,null,364780243,activity,null,HTS,null,25.19,15.419,7.394,15.144,null,null,null,null,null,null,null,null,null,null,null,null,null,null,null,null,null,null,null,null,null,278938236
TRND-Glioblastoma_LOPAC_A172-primary_screen2,NCGC00094391-06,activity,null,4,15.5,22.014,C[C@H](O)C(=O)C1=NC2=C(NC1)N=C(N)NC2=O,null,null,null,null,null,S154,SIGMA,2021_LOPAC_01,null,null,Sepiapterin,null,4,null,null,null,16.121,24,4.955,0.491,0.815,null,null,null,null,null,null,8.5,null,null,22.014,5.893,41.74,47.117,null,null,null,null,null,null,null,null,null,VPVOXUSPXFPWBN,null,TRND,atfekjAMhUKFLwmILm,null,null,null,null,null,null,null,null,null,17094-01-8,null,null,null,0,4,0,null,null,173030,0 0 0 0,1,1,2025-06-17 15:22:09,null,null,null,null,null,null,null,364780651,activity,null,HTS,null,5.893,13.073,6.689,22.014,null,null,null,null,null,null,null,null,null,null,null,null,null,null,null,null,null,null,null,null,null,278938237
TRND-Glioblastoma_LOPAC_A172-primary_screen2,NCGC00013520-07,activity,null,4,16,11.218,OC(=O)CC[C@H](N1C(=O)C2=C(C=CC=C2)C1=O)C(O)=O,null,null,null,null,null,P1801,SIGMA,2021_LOPAC_01,null,null,"L-Glutamic acid, N-phthaloyl-",null,4,null,null,null,15.264,22.5,4.955,1,0.958,null,null,null,null,null,null,6.5,null,null,20.431,5.167,51.886,48.821,null,null,null,null,null,null,null,null,null,FEFFSKLJNYRHQN,null,TRND,gNTWEOsxhJuebAxCyH,null,null,null,null,null,null,null,null,null,340-90-9,null,null,null,0,4,1,null,null,173030,0 0 0 1,1,1,2025-06-17 15:22:09,null,null,null,null,null,null,null,364785179,activity,null,HTS,null,8.377,5.167,20.431,11.218,null,null,null,null,null,null,null,null,null,null,null,null,null,null,null,null,null,null,null,null,null,278938238
TRND-Glioblastoma_LOPAC_A172-primary_screen2,NCGC00017364-23,activity,null,4,-17.5,5.579,OC(=O)\C=C\C1=CC(O)=C(O)C=C1,null,null,null,null,null,C0625,SIGMA,2021_LOPAC_01,null,null,Caffeic Acid,null,4,null,null,null,16.171,4.5,1.826,0.144,0.987,null,null,null,null,null,null,22,null,null,20.798,4.627,73.915,74.657,null,null,null,null,null,null,null,null,null,QAIPRVGONGVQAS,null,TRND,oMAXIgoFasZlWKCfKL,null,null,null,null,null,null,null,null,null,331-39-5,null,null,null,0,4,0,null,null,173030,0 0 0 0,1,1,2025-06-17 15:22:09,null,null,null,null,null,null,null,364783123,activity,null,HTS,null,20.798,14.348,4.627,5.579,null,null,null,null,null,null,null,null,null,null,null,null,null,null,null,null,null,null,null,null,null,278938239
TRND-Glioblastoma_LOPAC_A172-primary_screen2,NCGC00015219-15,activity,1.122018,-1.4,-22.5,0.906,C[N+](C)(C)CCO,null,null,null,null,null,C1754,SIGMA,2021_LOPAC_01,-5.95,null,Choline bromide,null,4,null,null,null,19.423,0.5,1.372,0.02,1,null,null,null,null,null,null,23,null,null,20.329,0.906,65.889,65.464,null,null,null,null,null,null,null,null,null,OEYIOHPDSNJKLS,null,TRND,VWXreUQkYcubIeFcjS,null,null,null,null,BR,null,null,null,null,10019,null,null,null,0,4,0,null,null,173030,0 0 0 0,1,1,2025-06-17 15:22:09,null,null,null,null,null,null,null,364781239,activity,null,HTS,null,20.329,10.559,2.311,0.906,null,null,null,null,null,null,null,null,null,null,null,null,null,null,null,null,null,null,null,null,null,278938240
TRND-Glioblastoma_LOPAC_A172-primary_screen2,NCGC00015159-26,activity,null,4,14.5,14.158,CC(C)NCC(O)COC1=CC=C(CCOCC2CC2)C=C1,null,null,null,null,null,B5683,SIGMA,2021_LOPAC_01,null,null,Betaxolol hydrochloride,null,4,null,null,null,14.461,15,4.955,0.147,0.986,null,null,null,null,null,null,0.5,null,null,16.076,1.615,33.676,33.114,null,null,null,null,null,null,null,null,null,NWIUTZDMDHAVTP,null,TRND,iNhpKGxfJkuOhHQJLp,null,Beta-1 Adrenergic Receptor antagonist,null,null,CL,null,null,null,null,63659-19-8,ADRB1,null,null,0,4,0,null,null,173030,0 0 0 0,1,1,2025-06-17 15:22:09,null,null,null,null,null,null,null,364782407,activity,null,HTS,null,1.615,15.041,16.076,14.158,null,null,null,null,null,null,null,null,null,null,null,null,null,null,null,null,null,null,null,null,null,278938241
TRND-Glioblastoma_LOPAC_A172-primary_screen2,NCGC00690008-01,activity,null,4,-11.5,1.542,CNC(=O)NC1=CC(OC2=CC(OC)=CN=C2)=C(C=N1)[C@H]3CCCOC3,null,null,null,null,null,SML1946,SIGMA,2021_LOPAC_01,null,null,AM-9074,null,4,null,null,null,14.637,1.5,4.449,0.495,0.812,null,null,null,null,null,null,13,null,null,16.179,1.542,40.989,48.74,null,null,null,null,null,null,null,null,null,APSOPISMEDAYTH,null,TRND,ZOVXRDAaGZhqxmCulj,null,null,null,null,null,null,null,null,null,null,null,null,null,0,4,0,null,null,173030,0 0 0 0,1,1,2025-06-17 15:22:09,null,null,null,null,null,null,null,364782767,activity,null,HTS,null,9.348,16.179,4.191,1.542,null,null,null,null,null,null,null,null,null,null,null,null,null,null,null,null,null,null,null,null,null,278938242
TRND-Glioblastoma_LOPAC_A172-primary_screen2,NCGC00093739-25,activity,null,4,-9,11.383,[H][C@]1(CCC(=O)N1C)C2=CN=CC=C2,null,null,null,null,null,C5923,SIGMA,2021_LOPAC_01,null,null,(-)-Cotinine,null,4,null,null,null,10.405,9.5,1.885,0.485,0.823,null,null,null,null,null,null,18.5,null,null,17.624,7.219,69.172,70.2,null,null,null,null,null,null,null,null,null,UIKROCXWUNQSPJ,null,TRND,XHYPyAzZpaMtjVBfLD,null,null,null,null,null,null,null,null,null,486-56-6,null,null,null,0,4,0,null,null,173030,0 0 0 0,1,1,2025-06-17 15:22:09,null,null,null,null,null,null,null,364783083,activity,null,HTS,null,17.624,13.209,7.219,11.383,null,null,null,null,null,null,null,null,null,null,null,null,null,null,null,null,null,null,null,null,null,278938243
TRND-Glioblastoma_LOPAC_A172-primary_screen2,NCGC00378575-05,activity,null,4,-15.954,-13.978,OC(COC1=C2C=CC=NC2=CC=C1)CN3CCN(CC3)C(=O)C(C4=CC=CC=C4)C5=CC=CC=C5,null,null,null,null,null,SML0938,SIGMA,2021_LOPAC_01,null,null,Dofequidar fumarate,null,4,null,null,null,54.007,-16.918,4.955,0.759,0.881,null,null,null,null,null,null,-0.964,null,null,34.075,-19.932,-31.315,-25.365,null,null,null,null,null,null,null,null,null,KLWUUPVJTLHYIM,null,TRND,HXBhCgEcOsRYjwGCbe,null,Multidrug resistance protein 1 inhibitor,null,null,FUMARIC_ACID,null,null,null,null,null,ABCB1,null,null,0,4,1,null,null,173030,1 0 0 0,1,1,2025-06-17 15:22:09,null,null,null,null,null,null,null,364780787,activity,null,HTS,null,34.075,-2.887,-19.932,-13.978,null,null,null,null,null,null,null,null,null,null,null,null,null,null,null,null,null,null,null,null,null,278937700
TRND-Glioblastoma_LOPAC_A172-primary_screen2,NCGC00263479-08,activity,null,4,-10,15.394,[H][C@@]12CC[C@@]3(CCC(=O)O3)[C@@]1(C)CC[C@@]4([H])[C@@]2([H])\C=C/C5=C/C(=O)CC[C@]45C,null,null,null,null,null,SML1497,SIGMA,2021_LOPAC_01,null,null,Canrenone,null,4,null,null,null,12.28,4.5,4.955,1,0.566,null,null,null,null,null,null,14.5,null,null,18.703,6.423,49.848,57.241,null,null,null,null,null,null,null,null,null,UJVLDDZCTMKXJK,null,TRND,TDULsyWbcjfvQRSomG,null,null,null,null,null,null,null,null,null,976-71-6,null,null,null,0,4,1,null,null,173030,0 0 0 1,1,1,2025-06-17 15:22:09,null,null,null,null,null,null,null,364783115,activity,null,HTS,null,10.418,18.703,6.423,15.394,null,null,null,null,null,null,null,null,null,null,null,null,null,null,null,null,null,null,null,null,null,278937701
TRND-Glioblastoma_LOPAC_A172-primary_screen2,NCGC00015039-10,activity,null,4,-13.5,0.145,CC(=O)NCCC1=CNC2=C1C=C(O)C=C2,null,null,null,null,null,A1824,SIGMA,2021_LOPAC_01,null,null,N-Acetyl-5-hydroxytryptamine,null,4,null,null,null,13.37,0,3.132,0.035,0.999,null,null,null,null,null,null,13.5,null,null,13.514,0.145,47.604,47.625,null,null,null,null,null,null,null,null,null,MVAWJSIDNICKHF,null,TRND,cRianqeAvmVvytKuVL,null,null,null,null,null,null,null,null,null,1210-83-9,null,null,null,0,4,0,null,null,173030,0 0 0 0,1,1,2025-06-17 15:22:09,null,null,null,null,null,null,null,364782743,activity,null,HTS,null,13.514,13.001,1.341,0.145,null,null,null,null,null,null,null,null,null,null,null,null,null,null,null,null,null,null,null,null,null,278937702
TRND-Glioblastoma_LOPAC_A172-primary_screen2,NCGC00024257-21,activity,null,4,0,8.707,CNC[C@H](O)C1=CC=CC(O)=C1,null,null,null,null,null,P6126,SIGMA,2021_LOPAC_01,null,null,Phenylephrine hydrochloride,null,4,null,null,null,7.91,0,null,null,null,null,null,null,null,null,null,0,null,null,16.617,8.707,65.657,null,null,null,null,null,null,null,null,null,null,SONNWYBIRXJNDC,null,TRND,OuFUxgMHexcxeLWPOM,null,Alpha-1A Adrenergic Receptor ligand,null,null,CL,null,null,null,null,61-76-7,ADRA1A,null,null,0,4,null,null,null,173030,null,1,1,2025-06-17 15:22:09,null,null,null,null,null,null,null,364782687,activity,null,HTS,null,16.617,12.643,8.766,8.707,null,null,null,null,null,null,null,null,null,null,null,null,null,null,null,null,null,null,null,null,null,278937703
TRND-Glioblastoma_LOPAC_A172-primary_screen2,NCGC00690004-01,activity,null,4,-19,15.22,CC1=CC=C(C=C1)C(=O)NC2=CC(C(O)=O)=C(N=C2)N3CCC(CC3)(N4CCCCC4)C(N)=O,null,null,null,null,null,SML2190,SIGMA,2021_LOPAC_01,null,null,BRD5529,null,4,null,null,null,19.995,8,4.955,0.533,0.771,null,null,null,null,null,null,27,null,null,25.683,5.688,88.124,86.56,null,null,null,null,null,null,null,null,null,ZXWHESBABUHJBE,null,TRND,TQXYiLCvlkDtYdhxcd,null,null,null,null,null,null,null,null,null,null,null,null,null,0,4,0,null,null,173030,0 0 0 0,1,1,2025-06-17 15:22:09,null,null,null,null,null,null,null,364780239,activity,null,HTS,null,25.683,6.968,5.688,15.22,null,null,null,null,null,null,null,null,null,null,null,null,null,null,null,null,null,null,null,null,null,278937704
TRND-Glioblastoma_LOPAC_A172-primary_screen2,NCGC00015205-16,activity,null,4,-16.5,20.714,CCC(C)N(C)C(=O)C1=NC(=C2C=CC=CC2=C1)C3=C(Cl)C=CC=C3,null,null,null,null,null,C0424,SIGMA,2021_LOPAC_01,null,null,PK 11195,null,4,null,null,null,18.131,0.5,4.955,1,0.963,null,null,null,null,null,null,17,null,null,20.714,2.583,59.379,61.034,null,null,null,null,null,null,null,null,null,RAVIZVQZGXBOQO,null,TRND,MZcHjUwSxkLoTXtqhN,null,Translocator protein (TSPO) inhibitor,null,null,null,null,null,null,null,85532-75-8,TSPO,null,null,0,4,1,null,null,173030,0 0 0 1,1,1,2025-06-17 15:22:09,null,null,null,null,null,null,null,364782487,activity,null,HTS,null,15.526,18.785,2.583,20.714,null,null,null,null,null,null,null,null,null,null,null,null,null,null,null,null,null,null,null,null,null,278937705
TRND-Glioblastoma_LOPAC_A172-primary_screen2,NCGC00015747-25,activity,null,4,-29.32,-10.266,COC(=O)C1=C(C)NC(C)=C(C1C2=CC=CC(=C2)[N+]([O-])=O)C(=O)OCCN(C)CC3=CC=CC=C3,null,null,null,null,null,N7510,SIGMA,2021_LOPAC_01,null,null,Nicardipine hydrochloride,null,4,null,null,null,30.333,-13.82,4.955,0.315,0.933,null,null,null,null,null,null,15.5,null,null,20.066,-10.266,59.669,59.261,null,null,null,null,null,null,null,null,null,ZBBHBTPTTSWHBA,null,TRND,iaUIarONiAbubLRimR,null,null,null,null,CL,null,null,null,null,54527-84-3,null,null,null,0,4,0,null,null,173030,0 0 0 0,1,1,2025-06-17 15:22:09,null,null,null,null,null,null,null,364780743,activity,null,HTS,null,15.451,11.669,20.066,-10.266,null,null,null,null,null,null,null,null,null,null,null,null,null,null,null,null,null,null,null,null,null,278937706
TRND-Glioblastoma_LOPAC_A172-primary_screen2,NCGC00370721-10,activity,11.220185,-3,-98.49,-96.221,CC1=CC2=C(C=C1C)N(CC(=O)C3=CC(=C(O)C(=C3)C(C)(C)C)C(C)(C)C)C(NCCCO)=N2,null,null,null,null,null,SML0634,SIGMA,2021_LOPAC_01,-4.95,null,CID2858522,null,-3,null,null,null,97.766,-96.99,4.955,0.011,1,null,null,null,null,null,null,1.5,null,null,1.545,-96.221,-49.807,-49.358,null,null,null,null,null,null,null,null,null,CYCGGKILBWERDJ,null,TRND,OAGzVcVwJlAkLgrVYc,null,null,null,null,null,null,null,null,null,null,null,null,null,0,4,0,null,null,173030,0 0 0 0,1,1,2025-06-17 15:22:09,null,null,null,null,null,null,null,364785079,activity,null,HTS,11.361649,1.421,1.545,-6.074,-96.221,null,null,null,null,null,null,null,null,null,null,null,null,null,null,null,null,null,null,null,null,null,278937707
TRND-Glioblastoma_LOPAC_A172-primary_screen2,NCGC00024476-22,activity,null,4,-13,20.785,CN[C@H](CC(O)=O)C(O)=O,null,null,null,null,null,M3262,SIGMA,2021_LOPAC_01,null,null,N-Methyl-D-aspartic acid,null,4,null,null,null,15.143,7.5,4.955,1,0.855,null,null,null,null,null,null,20.5,null,null,20.785,5.642,62.221,60.437,null,null,null,null,null,null,null,null,null,HOKKHZGPKSLGJE,null,TRND,FujJYIUxklTLCHkLio,null,null,null,null,null,null,null,null,null,6384-92-5,null,null,null,0,4,1,null,null,173030,0 0 0 1,1,1,2025-06-17 15:22:09,null,null,null,null,null,null,null,364783563,activity,null,HTS,null,16.644,5.642,9.868,20.785,null,null,null,null,null,null,null,null,null,null,null,null,null,null,null,null,null,null,null,null,null,278937708
TRND-Glioblastoma_LOPAC_A172-primary_screen2,NCGC00263570-08,activity,null,4,-15.5,15.498,CC(C)(C)C(=O)OC1=CC=C(C=C1)[S+]([O-])(=O)NC2=CC=CC=C2C(=O)NCC(O)=O,null,null,null,null,null,S7198,SIGMA,2021_LOPAC_01,null,null,Sivelestat sodium salt hydrate,null,4,null,null,null,13.103,17,4.955,0.452,0.849,null,null,null,null,null,null,32.5,null,null,27.94,14.837,110.113,109.922,null,null,null,null,null,null,null,null,null,JIODRNUYULYNKE,null,TRND,XCpUbPtBCHMUlSQqWV,null,Neutrophil Elastase inhibitor,null,null,SODIUM,null,null,null,null,null,ELANE,null,null,0,4,0,null,null,173030,0 0 0 0,1,1,2025-06-17 15:22:09,null,null,null,null,null,null,null,364781319,activity,null,HTS,null,27.94,14.837,20.106,15.498,null,null,null,null,null,null,null,null,null,null,null,null,null,null,null,null,null,null,null,null,null,278937709
TRND-Glioblastoma_LOPAC_A172-primary_screen2,NCGC00384174-16,activity,null,4,-16.798,2.397,ClC1=CC=C(OCC(=O)N[C@H]2CC[C@@H](CC2)NC(=O)COC3=CC=C(Cl)C=C3)C=C1,null,null,null,null,null,SML0843,SIGMA,2021_LOPAC_01,null,null,ISRIB,null,4,null,null,null,16.027,1.202,4.955,0.635,0.625,null,null,null,null,null,null,18,null,null,14.528,-1.498,46.122,43.126,null,null,null,null,null,null,null,null,null,HJGMCDHQPXTGAV,null,TRND,iZDwnLuRVLATLfkAxa,null,null,null,null,null,null,null,null,null,null,null,null,null,0,4,0,null,null,173030,0 0 0 0,1,1,2025-06-17 15:22:09,null,null,null,null,null,null,null,364781863,activity,null,HTS,null,14.528,-1.498,7.994,2.397,null,null,null,null,null,null,null,null,null,null,null,null,null,null,null,null,null,null,null,null,null,278937710
TRND-Glioblastoma_LOPAC_A172-primary_screen2,NCGC00015418-17,activity,null,4,0,6.567,CCC1(C)CC(=O)NC1=O,null,null,null,null,null,E7138,SIGMA,2021_LOPAC_01,null,null,Ethosuximide,null,4,null,null,null,3.744,0,null,null,null,null,null,null,null,null,null,0,null,null,6.567,2.823,22.23,null,null,null,null,null,null,null,null,null,null,HAPOVYFOVVWLRS,null,TRND,gRtYEwDKboRXtTPRKg,null,Voltage-dependent T-type calcium channel subunit alpha-1G inhibitor,null,null,null,null,null,null,null,77-67-8,CACNA1G,null,null,0,4,null,null,null,173030,null,1,1,2025-06-17 15:22:09,null,null,null,null,null,null,null,364783671,activity,null,HTS,null,5.286,3.052,2.823,6.567,null,null,null,null,null,null,null,null,null,null,null,null,null,null,null,null,null,null,null,null,null,278937711
TRND-Glioblastoma_LOPAC_A172-primary_screen2,NCGC00015082-20,activity,null,4,-17.626,5.425,NNC(N)=N,null,null,null,null,null,A8835,SIGMA,2021_LOPAC_01,null,null,Aminoguanidine hydrochloride,null,4,null,null,null,15.835,-6.126,1.989,1,1,null,null,null,null,null,null,11.5,null,null,11.147,-4.688,29.371,28.825,null,null,null,null,null,null,null,null,null,HAMNKKUPIHEESI,null,TRND,fNlKcirKdSMvCUwRga,null,"Nitric Oxide Synthase, inducible inhibitor",null,null,CL,null,null,null,null,79-17-4,NOS2,null,null,0,4,1,null,null,173030,0 0 0 1,1,1,2025-06-17 15:22:09,null,null,null,null,null,null,null,364781455,activity,null,HTS,null,11.147,5.981,-4.688,5.425,null,null,null,null,null,null,null,null,null,null,null,null,null,null,null,null,null,null,null,null,null,278937712
TRND-Glioblastoma_LOPAC_A172-primary_screen2,NCGC00162329-08,activity,null,4,-25.166,-22.639,NC1=C(C=C(NC2=CC(=C(NC3=NC(NC4=CC=C(C=C4)S([O-])(=O)=O)=NC(Cl)=N3)C=C2)S([O-])(=O)=O)C5=C1C(=O)C6=CC=CC=C6C5=O)S([O-])(=O)=O,null,null,null,null,null,R115,SIGMA,2021_LOPAC_01,null,null,Reactive Blue 2,null,4,null,null,null,26.494,-23.166,3.065,0.183,0.979,null,null,null,null,null,null,2,null,null,3.855,-22.639,-13.491,-8.785,null,null,null,null,null,null,null,null,null,IYZXGLGVLYBKAI,null,TRND,slwHGSzJEaKQHIOBCZ,null,null,null,null,SODIUM,null,null,null,null,null,null,null,null,0,4,0,null,null,173030,0 0 0 0,1,1,2025-06-17 15:22:09,null,null,null,null,null,null,null,364780995,activity,null,HTS,null,-0.219,3.855,-5.258,-22.639,null,null,null,null,null,null,null,null,null,null,null,null,null,null,null,null,null,null,null,null,null,278937713
TRND-Glioblastoma_LOPAC_A172-primary_screen2,NCGC00015208-30,activity,null,4,0,0.335,CN1C=NC2=C1C(=O)N(C)C(=O)N2C,null,null,null,null,null,C0750,SIGMA,2021_LOPAC_01,null,null,Caffeine,null,4,null,null,null,7.249,0,null,null,null,null,null,null,null,null,null,0,null,null,7.584,0.335,21.526,null,null,null,null,null,null,null,null,null,null,RYYVLZVUVIJVGH,null,TRND,JlmuQsRiefTRshclpR,null,null,null,null,null,null,null,null,null,58-08-2,null,null,null,0,4,null,null,null,173030,null,1,1,2025-06-17 15:22:09,null,null,null,null,null,null,null,364784403,activity,null,HTS,null,5.051,7.584,2.907,0.335,null,null,null,null,null,null,null,null,null,null,null,null,null,null,null,null,null,null,null,null,null,278937714
TRND-Glioblastoma_LOPAC_A172-primary_screen2,NCGC00024986-10,activity,null,4,0,7.911,CCCN(CCC)[C@@H]1CCC2=C(C1)C(O)=CC=C2,null,null,null,null,null,H140,SIGMA,2021_LOPAC_01,null,null,R-(+)-8-Hydroxy-DPAT hydrobromide,null,4,null,null,null,4.29,0,null,null,null,null,null,null,null,null,null,0,null,null,7.911,3.621,20.622,null,null,null,null,null,null,null,null,null,null,ASXGJMSKWNBENU,null,TRND,wKGnadBRxcxghyFqli,null,null,null,null,BR,null,null,null,null,78095-19-9,null,null,null,0,4,null,null,null,173030,null,1,1,2025-06-17 15:22:09,null,null,null,null,null,null,null,364785055,activity,null,HTS,null,3.621,4.797,4.378,7.911,null,null,null,null,null,null,null,null,null,null,null,null,null,null,null,null,null,null,null,null,null,278937715
TRND-Glioblastoma_LOPAC_A172-primary_screen2,NCGC00015108-13,activity,1,-1.4,-28.948,-2.873,NC(N)=NC(=O)C1=NC(Cl)=C(N=C1N)N2CCCCCC2,null,null,null,null,null,A9561,SIGMA,2021_LOPAC_01,-6,null,"5-(N,N-hexamethylene)amiloride",null,4,null,null,null,22.557,-3.448,1.064,0.019,1,null,null,null,null,null,null,25.5,null,null,19.684,-2.873,59.223,59.629,null,null,null,null,null,null,null,null,null,RQQJJXVETXFINY,null,TRND,dmnFWruhAqQwdQHAuq,null,null,null,null,null,null,null,null,null,null,null,null,null,0,4,0,null,null,173030,0 0 0 0,1,1,2025-06-17 15:22:09,null,null,null,null,null,null,null,364781471,activity,null,HTS,null,19.684,8.668,0.07,-2.873,null,null,null,null,null,null,null,null,null,null,null,null,null,null,null,null,null,null,null,null,null,278937716
TRND-Glioblastoma_LOPAC_A172-primary_screen2,NCGC00273564-05,activity,null,4,0,5.893,N\C1=N\C(=O)\C(Br)=C(/N1)C2=CC=CC=C2,null,null,null,null,null,SML0218,SIGMA,2021_LOPAC_01,null,null,BRopirimine,null,4,null,null,null,24.524,0,null,null,null,null,null,null,null,null,null,0,null,null,13.701,-10.823,41.071,null,null,null,null,null,null,null,null,null,null,CIUUIPMOFZIWIZ,null,TRND,gXiYHIKaiRMoDkMTuS,null,null,null,null,null,null,null,null,null,56741-95-8,null,null,null,0,4,null,null,null,173030,null,1,1,2025-06-17 15:22:09,null,null,null,null,null,null,null,364783983,activity,null,HTS,null,12.956,-10.823,13.701,5.893,null,null,null,null,null,null,null,null,null,null,null,null,null,null,null,null,null,null,null,null,null,278937717
TRND-Glioblastoma_LOPAC_A172-primary_screen2,NCGC00016023-27,activity,null,4,-12,11.862,CN1C=NC2=C1C(=O)NC(=O)N2C,null,null,null,null,null,T4500,SIGMA,2021_LOPAC_01,null,null,Theobromine,null,4,null,null,null,11.982,11.5,4.504,0.055,0.998,null,null,null,null,null,null,23.5,null,null,23.344,11.362,88.873,89.073,null,null,null,null,null,null,null,null,null,YAPQBXQYLJRXSA,null,TRND,dbDuxSEUEpcCqWhzdN,null,null,null,null,null,null,null,null,null,83-67-0,null,null,null,0,4,0,null,null,173030,0 0 0 0,1,1,2025-06-17 15:22:09,null,null,null,null,null,null,null,364784551,activity,null,HTS,null,23.344,14.179,11.362,11.862,null,null,null,null,null,null,null,null,null,null,null,null,null,null,null,null,null,null,null,null,null,278937718
TRND-Glioblastoma_LOPAC_A172-primary_screen2,NCGC00024584-31,activity,14.125375,-3,-33.666,-30.555,[H][C@@]12CCCN1C(=O)[C@H](CC(C)C)N3C(=O)[C@](NC(=O)[C@H]4CN(C)[C@]5([H])CC6=C(Br)NC7=CC=CC(=C67)C5=C4)(O[C@@]23O)C(C)C,null,null,null,null,null,B2134,SIGMA,2021_LOPAC_01,-4.85,null,(+)-BRomocriptine methanesulfonate,null,-3,null,null,null,39.162,-31.166,4.504,0.341,0.921,null,null,null,null,null,null,2.5,null,null,8.607,-30.555,6.504,-6.362,null,null,null,null,null,null,null,null,null,OZVBMTJYIDMWIL,null,TRND,sWvxANSBiuCANKnIYL,null,null,null,null,SULFONICACID_V1,null,null,null,null,22260-51-1,null,null,null,0,4,0,null,null,173030,0 0 0 0,1,1,2025-06-17 15:22:09,null,null,null,null,null,null,null,364781255,activity,null,HTS,null,8.607,-3.193,1.302,-30.555,null,null,null,null,null,null,null,null,null,null,null,null,null,null,null,null,null,null,null,null,null,278937719
TRND-Glioblastoma_LOPAC_A172-primary_screen2,NCGC00167505-09,activity,null,4,-16.104,0.965,[H][C@@]12CCCN1C(=O)[C@]([H])(CC3=CNC4=CC=CC=C34)NC(=O)[C@]([H])(CC(O)=O)NC(=O)CNC(=O)[C@]([H])(CCCCNC(N)=N)NC(=O)CCSSC[C@]([H])(NC2=O)C(N)=O,null,null,null,null,null,SML1042,SIGMA,2021_LOPAC_01,null,null,Eptifibatide acetate,null,4,null,null,null,14.401,-0.604,4.955,0.249,0.96,null,null,null,null,null,null,15.5,null,null,12.231,-2.17,32.735,33.091,null,null,null,null,null,null,null,null,null,CZKPOZZJODAYPZ,null,TRND,jwrmcThWsbLKIsyEfH,null,null,null,null,null,null,null,null,null,188627-80-7,null,null,null,0,4,0,null,null,173030,0 0 0 0,1,1,2025-06-17 15:22:09,null,null,null,null,null,null,null,364780807,activity,null,HTS,null,12.231,-2.17,-0.285,0.965,null,null,null,null,null,null,null,null,null,null,null,null,null,null,null,null,null,null,null,null,null,278937720
TRND-Glioblastoma_LOPAC_A172-primary_screen2,NCGC00167958-10,activity,null,4,-10,7.049,[H][C@](C)(O)[C@@]1([H])C(=O)N2C(C(O)=O)=C(C[C@]12[H])SCCNC=N,null,null,null,null,null,I0160,SIGMA,2021_LOPAC_01,null,null,Imipenem monohydrate,null,4,null,null,null,12.287,5,3.512,0.383,0.898,null,null,null,null,null,null,15,null,null,15.151,2.864,56.31,56.414,null,null,null,null,null,null,null,null,null,ZSKVGTPCRGIANV,null,TRND,lbnPiwZKdbLfunxFzR,null,null,null,null,H2O,null,null,null,null,64221-86-9,null,null,null,0,4,0,null,null,173030,0 0 0 0,1,1,2025-06-17 15:22:09,null,null,null,null,null,null,null,364782511,activity,null,HTS,null,15.151,12.241,2.864,7.049,null,null,null,null,null,null,null,null,null,null,null,null,null,null,null,null,null,null,null,null,null,278937721
TRND-Glioblastoma_LOPAC_A172-primary_screen2,NCGC00370715-07,activity,null,4,-15.812,9.89,O=C(N1CCN(CC1)C2=CC(=NC3=CC(=NN23)C4=CC=CC=C4)C5=CC=CO5)C6=COC=C6,null,null,null,null,null,SML0997,SIGMA,2021_LOPAC_01,null,null,ML 230,null,4,null,null,null,16.945,-4.312,4.955,1,0.881,null,null,null,null,null,null,11.5,null,null,14.601,-2.343,31.475,35.976,null,null,null,null,null,null,null,null,null,LRPGMVPQQLBMNE,null,TRND,bRQFVKjvVlPyRQTeNo,null,null,null,null,null,null,null,null,null,null,null,null,null,0,4,1,null,null,173030,0 0 0 1,1,1,2025-06-17 15:22:09,null,null,null,null,null,null,null,364782967,activity,null,HTS,null,8.699,14.601,-2.343,9.89,null,null,null,null,null,null,null,null,null,null,null,null,null,null,null,null,null,null,null,null,null,278937722
TRND-Glioblastoma_LOPAC_A172-primary_screen2,NCGC00024489-09,activity,null,4,-9.775,7.364,N[C@@H](CN1OC(=O)NC1=O)C(O)=O,null,null,null,null,null,Q2128,SIGMA,2021_LOPAC_01,null,null,(+)-Quisqualic acid,null,4,null,null,null,10.999,0.225,4.955,1,0.75,null,null,null,null,null,null,10,null,null,8.27,-2.729,24.446,22.866,null,null,null,null,null,null,null,null,null,ASNFTDCKZKHJSW,null,TRND,mfdlWhlYHNCPORAAlV,null,null,null,null,null,null,null,null,null,52809-07-1,null,null,null,0,4,1,null,null,173030,0 0 0 1,1,1,2025-06-17 15:22:09,null,null,null,null,null,null,null,364784903,activity,null,HTS,null,8.27,-2.729,2.777,7.364,null,null,null,null,null,null,null,null,null,null,null,null,null,null,null,null,null,null,null,null,null,278937723
TRND-Glioblastoma_LOPAC_A172-primary_screen2,NCGC00015672-26,activity,null,4,11,7.873,OC1=CC(O)=C(C=C1)C2=C(O)C(=O)C3=C(O2)C=C(O)C=C3O,null,null,null,null,null,M4008,SIGMA,2021_LOPAC_01,null,null,Morin,null,4,null,null,null,11.52,13.5,4.955,1,0.338,null,null,null,null,null,null,2.5,null,null,18.75,7.23,43.408,46.136,null,null,null,null,null,null,null,null,null,YXOLAZRVSSWPPT,null,TRND,iyihQemwPKdvxcFxTp,null,DNA-3-Methyladenine Glycosylase inhibitor,null,null,H2O,null,null,null,null,480-16-0,MPG,null,null,0,4,1,null,null,173030,0 0 0 1,1,1,2025-06-17 15:22:09,null,null,null,null,null,null,null,364783579,activity,null,HTS,null,7.23,18.75,8.359,7.873,null,null,null,null,null,null,null,null,null,null,null,null,null,null,null,null,null,null,null,null,null,278937724
TRND-Glioblastoma_LOPAC_A172-primary_screen2,NCGC00186020-03,activity,19.952623,-3,-44.02,-31.412,COC1=CC=C2C3CC[C@]4(C)[C@H](CCC4C3CCC2=C1)NCCCCCCN5C(=O)CCC5=O,null,null,null,null,null,U6881,SIGMA,2021_LOPAC_01,-4.7,null,U-73343,null,-3,null,null,null,43.476,-34.52,4.955,0.153,0.985,null,null,null,null,null,null,9.5,null,null,12.064,-31.412,28.752,23.06,null,null,null,null,null,null,null,null,null,CJHWFIUASFBCKN,null,TRND,xlBaxAQfeAcvcJHmTI,null,null,null,null,null,null,null,null,null,null,null,null,null,0,4,0,null,null,173030,0 0 0 0,1,1,2025-06-17 15:22:09,null,null,null,null,null,null,null,364781031,activity,null,HTS,null,12.064,6.25,10.606,-31.412,null,null,null,null,null,null,null,null,null,null,null,null,null,null,null,null,null,null,null,null,null,278937725
TRND-Glioblastoma_LOPAC_A172-primary_screen2,NCGC00015676-10,activity,null,4,12.5,10.884,CC(N)(C(O)=O)C1=CC=C(C=C1)C(O)=O,null,null,null,null,null,M4796,SIGMA,2021_LOPAC_01,null,null,(±)-alpha-Methyl-4-carboxyphenylglycine,null,4,null,null,null,10.623,18.5,4.955,1,0.817,null,null,null,null,null,null,6,null,null,20.541,9.918,61.456,62.706,null,null,null,null,null,null,null,null,null,DNCAZYRLRMTVSF,null,TRND,wfIIHINueHBxtwknxO,null,null,null,null,null,null,null,null,null,146669-29-6,null,null,null,0,4,1,null,null,173030,0 0 0 1,1,1,2025-06-17 15:22:09,null,null,null,null,null,null,null,364781679,activity,null,HTS,null,9.918,20.541,15.982,10.884,null,null,null,null,null,null,null,null,null,null,null,null,null,null,null,null,null,null,null,null,null,278937726
TRND-Glioblastoma_LOPAC_A172-primary_screen2,NCGC00485411-03,activity,0.019953,5,-50.085,-81.5,COC1=C(OC)C(OC)=C2C(CC[C@H](NC(C)=O)C3=CC(=O)C(SC)=CC=C23)=C1,null,null,null,null,null,SML0954,SIGMA,2021_LOPAC_01,-7.7,null,Thiocolchicine,null,-1.1,null,null,null,2.987,-81.3,1.1,0.279,0.957,null,null,null,null,null,null,-31.215,null,null,-78.513,-81.5,-373.86,-374.041,null,null,null,null,null,null,null,null,null,CMEGANPVAXDBPL,null,TRND,IxWCMwrPcdYoNcFjDQ,null,null,null,null,null,null,null,null,null,2730-71-4,null,null,null,0,4,0,null,null,173030,0 0 0 0,1,1,2025-06-17 15:22:09,null,null,null,null,null,null,null,364784835,activity,null,HTS,null,-78.513,-81.034,-80.799,-81.5,null,null,null,null,null,null,null,null,null,null,null,null,null,null,null,null,null,null,null,null,null,278937727
TRND-Glioblastoma_LOPAC_A172-primary_screen2,NCGC00015291-10,activity,null,4,0,4.188,NC1CCC2=CC(O)=C(O)C=C2C1,null,null,null,null,null,D002,SIGMA,2021_LOPAC_01,null,null,"6,7-ADTN hydrobromide",null,4,null,null,null,5.073,0,null,null,null,null,null,null,null,null,null,0,null,null,9.26,4.188,37.249,null,null,null,null,null,null,null,null,null,null,ASXGAOFCKGHGMF,null,TRND,hRDNlWvnYVZUdAnvXw,null,null,null,null,BR,null,null,null,null,13575-86-5,null,null,null,0,4,null,null,null,173030,null,1,1,2025-06-17 15:22:09,null,null,null,null,null,null,null,364780851,activity,null,HTS,null,9.26,8.729,4.646,4.188,null,null,null,null,null,null,null,null,null,null,null,null,null,null,null,null,null,null,null,null,null,278937728
TRND-Glioblastoma_LOPAC_A172-primary_screen2,NCGC00015436-22,activity,11.220185,-3,-101.357,-96.584,OCCN1CCN(CCCN2C3=C(SC4=C2C=C(C=C4)C(F)(F)F)C=CC=C3)CC1,null,null,null,null,null,F4765,SIGMA,2021_LOPAC_01,-4.95,null,Fluphenazine dihydrochloride,null,-3,null,null,null,101.943,-97.357,4.504,0.026,1,null,null,null,null,null,null,4,null,null,5.359,-96.584,-42.212,-40.309,null,null,null,null,null,null,null,null,null,PLDUPXSUYLZYBN,null,TRND,SMGNnJOZUuVqkXezcX,null,Dopamine Receptor D2 antagonist,null,null,CL,null,null,null,null,null,DRD2,null,null,0,4,0,null,null,173030,0 0 0 0,1,1,2025-06-17 15:22:09,null,null,null,null,null,null,null,364784999,activity,null,HTS,11.356287,2.958,5.359,-4.851,-96.584,null,null,null,null,null,null,null,null,null,null,null,null,null,null,null,null,null,null,null,null,null,278937729
TRND-Glioblastoma_LOPAC_A172-primary_screen2,NCGC00015439-23,activity,null,4,-19.349,2.126,CCOC(=O)C1=C2CN(C)C(=O)C3=C(C=CC(F)=C3)N2C=N1,null,null,null,null,null,F6300,SIGMA,2021_LOPAC_01,null,null,Flumazenil,null,4,null,null,null,23.519,0.651,4.955,0.289,0.945,null,null,null,null,null,null,20,null,null,22.811,-0.708,64.807,70.421,null,null,null,null,null,null,null,null,null,OFBIFZUFASYYRE,null,TRND,LCXRgHRNdEboVkSFEa,null,Gamma-aminobutyric acid receptor subunit alpha-1 modulator,null,null,null,null,null,null,null,78755-81-4,GABRA1,null,null,0,4,0,null,null,173030,0 0 0 0,1,1,2025-06-17 15:22:09,null,null,null,null,null,null,null,364781819,activity,null,HTS,null,17.384,22.811,-0.708,2.126,null,null,null,null,null,null,null,null,null,null,null,null,null,null,null,null,null,null,null,null,null,278937730
TRND-Glioblastoma_LOPAC_A172-primary_screen2,NCGC00186005-04,activity,null,4,-9.133,-0.944,C[N+](C)(C)CCOP([O-])(=O)OP([O-])(=O)OC[C@H]1O[C@H]([C@H](O)C1O)N2\C=C/C(N)=N\C2=O,null,null,null,null,null,C0256,SIGMA,2021_LOPAC_01,null,null,Cytidine 5 -diphosphocholine sodium salt hydrate,null,4,null,null,null,12.753,-2.133,4.955,0.651,0.596,null,null,null,null,null,null,7,null,null,11.809,-0.944,27.101,28.665,null,null,null,null,null,null,null,null,null,RZZPDXZPRHQOCG,null,TRND,yICGyPvtGgPlJtEVji,null,null,null,null,SODIUM,null,null,null,null,33818-15-4,null,null,null,0,4,0,null,null,173030,0 0 0 0,1,1,2025-06-17 15:22:09,null,null,null,null,null,null,null,364782099,activity,null,HTS,null,6.002,3.84,11.809,-0.944,null,null,null,null,null,null,null,null,null,null,null,null,null,null,null,null,null,null,null,null,null,278937731
TRND-Glioblastoma_LOPAC_A172-primary_screen2,NCGC00015686-15,activity,null,4,-19,2.058,COC1=CC(=CC(OC)=C1OC)C(CCCN(C)CCC2=CC(OC)=C(OC)C=C2)(C#N)C(C)C,null,null,null,null,null,M5644,SIGMA,2021_LOPAC_01,null,null,(±)-Methoxyverapamil hydrochloride,null,4,null,null,null,16.237,4,1.1,0.668,0.558,null,null,null,null,null,null,23,null,null,18.295,2.058,63.778,58.151,null,null,null,null,null,null,null,null,null,XQLWNAFCTODIRK,null,TRND,JGLJVszVCHDYzTABbi,null,null,null,null,CL,null,null,null,null,16662-46-7,null,null,null,0,4,0,null,null,173030,0 0 0 0,1,1,2025-06-17 15:22:09,null,null,null,null,null,null,null,364783611,activity,null,HTS,null,18.295,5.011,12.043,2.058,null,null,null,null,null,null,null,null,null,null,null,null,null,null,null,null,null,null,null,null,null,278937732
TRND-Glioblastoma_LOPAC_A172-primary_screen2,NCGC00015503-10,activity,null,4,31.08,29.159,NC(CC1=C(O)C=C(O)C(O)=C1)C(O)=O,null,null,null,null,null,H2380,SIGMA,2021_LOPAC_01,null,null,6-Hydroxy-DL-DOPA,null,4,null,null,null,30.059,31.5,2.121,0.129,0.99,null,null,null,null,null,null,0.42,null,null,29.159,-0.9,27.275,23.933,null,null,null,null,null,null,null,null,null,YLKRUSPZOTYMAT,null,TRND,STmEuAicvETAqfluka,null,null,null,null,null,null,null,null,null,21373-30-8,null,null,null,0,4,0,null,null,173030,0 0 0 0,1,1,2025-06-17 15:22:09,null,null,null,null,null,null,null,364784975,activity,null,HTS,null,2.044,-0.9,9.872,29.159,null,null,null,null,null,null,null,null,null,null,null,null,null,null,null,null,null,null,null,null,null,278937733
TRND-Glioblastoma_LOPAC_A172-primary_screen2,NCGC00390702-04,activity,null,4,-15.5,9.805,C[C@@H](N1CCC(=C)CC1)[C@](O)(CN2C=NC=N2)C3=CC=C(F)C=C3F,null,null,null,null,null,SML1244,SIGMA,2021_LOPAC_01,null,null,Efinaconazole ,null,4,null,null,null,12.736,-0.5,1.479,1,1,null,null,null,null,null,null,15,null,null,14.205,1.469,47.474,46.22,null,null,null,null,null,null,null,null,null,NFEZZTICAUWDHU,null,TRND,iQhAZcCFlwgQxsnKcD,null,null,null,null,null,null,null,null,null,164650-44-6,null,null,null,0,4,1,null,null,173030,0 0 0 1,1,1,2025-06-17 15:22:09,null,null,null,null,null,null,null,364782499,activity,null,HTS,null,14.205,8.948,1.469,9.805,null,null,null,null,null,null,null,null,null,null,null,null,null,null,null,null,null,null,null,null,null,278938244
TRND-Glioblastoma_LOPAC_A172-primary_screen2,NCGC00015214-13,activity,null,4,-39.169,-29.455,[O-][S+](=O)(N1CCCNCC1)C2=CC=CC3=C(Cl)C=CC=C23,null,null,null,null,null,C1172,SIGMA,2021_LOPAC_01,null,null,ML-9,null,4,null,null,null,43.548,-32.169,4.955,0.343,0.92,null,null,null,null,null,null,7,null,null,14.093,-29.455,6.749,13.691,null,null,null,null,null,null,null,null,null,OZSMSRIUUDGTEP,null,TRND,syWeVJpRYLZrLxeLuo,null,null,null,null,CL,null,null,null,null,105637-50-1,null,null,null,0,4,0,null,null,173030,0 0 0 0,1,1,2025-06-17 15:22:09,null,null,null,null,null,null,null,364783139,activity,null,HTS,null,3.906,2.199,14.093,-29.455,null,null,null,null,null,null,null,null,null,null,null,null,null,null,null,null,null,null,null,null,null,278938245
TRND-Glioblastoma_LOPAC_A172-primary_screen2,NCGC00015047-07,activity,null,4,-19,3.176,CCN(C(C)C)C1=C(Cl)N=C(C(=O)N=C(N)N)C(N)=N1,null,null,null,null,null,A3085,SIGMA,2021_LOPAC_01,null,null,5-(N-Ethyl-N-isopropyl)amiloride,null,4,null,null,null,12.971,2,0.6,0.474,0.831,null,null,null,null,null,null,21,null,null,16.146,3.176,58.606,56.074,null,null,null,null,null,null,null,null,null,QDERNBXNXJCIQK,null,TRND,aoWznwDHwbVHtAElrX,null,null,null,null,null,null,null,null,null,1154-25-2,null,null,null,0,4,0,null,null,173030,0 0 0 0,1,1,2025-06-17 15:22:09,null,null,null,null,null,null,null,364782759,activity,null,HTS,null,16.146,8.195,9.154,3.176,null,null,null,null,null,null,null,null,null,null,null,null,null,null,null,null,null,null,null,null,null,278938246
TRND-Glioblastoma_LOPAC_A172-primary_screen2,NCGC00346945-09,activity,2.818383,-2.2,-63.683,-41.402,COC1=CC=C(C=C1OC)C2=CC3=NC=CN3C(NC4=NC=CC=C4C(N)=O)=N2,null,null,null,null,null,B9685,SIGMA,2021_LOPAC_01,-5.55,null,BAY 61-3606 hydrochloride hydrate,null,-2.2,null,null,null,57.368,-44.183,1.248,0.016,1,null,null,null,null,null,null,19.5,null,null,15.966,-41.402,4.45,5.022,null,null,null,null,null,null,null,null,null,JWQOJVOKBAAAAR,null,TRND,GmxuTjgJnjDxOJkNju,null,Tyrosine-protein kinase SYK inhibitor,null,null,CL,null,null,null,null,732983-37-8,SYK,null,null,0,4,0,null,null,173030,0 0 0 0,1,1,2025-06-17 15:22:09,null,null,null,null,null,null,null,364783303,activity,null,HTS,null,15.966,2.023,-27.896,-41.402,null,null,null,null,null,null,null,null,null,null,null,null,null,null,null,null,null,null,null,null,null,278938247
TRND-Glioblastoma_LOPAC_A172-primary_screen2,NCGC00507717-03,activity,null,4,-31.463,-14.136,CC(=O)NC1=CC=C(C=C1)C(=O)NC2=CC=C(F)C=C2N,null,null,null,null,null,SML1639,SIGMA,2021_LOPAC_01,null,null,BRD3308,null,4,null,null,null,31.262,-15.463,1.967,0.184,0.978,null,null,null,null,null,null,16,null,null,17.126,-14.136,40.851,46.491,null,null,null,null,null,null,null,null,null,RRJDFENBXIEAPD,null,TRND,eZOfovALGICIJfWGrf,null,null,null,null,null,null,null,null,null,null,null,null,null,0,4,0,null,null,173030,0 0 0 0,1,1,2025-06-17 15:22:09,null,null,null,null,null,null,null,364783267,activity,null,HTS,null,13.447,17.126,-1.436,-14.136,null,null,null,null,null,null,null,null,null,null,null,null,null,null,null,null,null,null,null,null,null,278938248
TRND-Glioblastoma_LOPAC_A172-primary_screen2,NCGC00015854-20,activity,null,4,0,7.144,CC(C)[N+](C)(CCOC(=O)C1C2=C(OC3=C1C=CC=C3)C=CC=C2)C(C)C,null,null,null,null,null,P8891,SIGMA,2021_LOPAC_01,null,null,Propantheline bromide,null,4,null,null,null,9.978,0,null,null,null,null,null,null,null,null,null,0,null,null,17.121,7.144,54.375,null,null,null,null,null,null,null,null,null,null,VVWYOYDLCMFIEM,null,TRND,VGDlgaEOeRqfnSqqSy,null,null,null,null,BR,null,null,null,null,50-34-0,null,null,null,0,4,null,null,null,173030,null,1,1,2025-06-17 15:22:09,null,null,null,null,null,null,null,364783543,activity,null,HTS,null,10.989,17.121,11.667,7.144,null,null,null,null,null,null,null,null,null,null,null,null,null,null,null,null,null,null,null,null,null,278938249
TRND-Glioblastoma_LOPAC_A172-primary_screen2,NCGC00015571-16,activity,null,4,-15.553,1.532,OC1=C(C=CC=C1)N2CC=C(NC2=O)C3=CC=CC(=C3)[N+]([O-])=O,null,null,null,null,null,I9532,SIGMA,2021_LOPAC_01,null,null,Icilin,null,4,null,null,null,18.977,-1.553,4.955,0.361,0.91,null,null,null,null,null,null,14,null,null,13.933,-5.044,44.576,45.474,null,null,null,null,null,null,null,null,null,RCEFMOGVOYEGJN,null,TRND,tWieBMPmqSgdsPrmur,null,null,null,null,null,null,null,null,null,36945-98-9,null,null,null,0,4,0,null,null,173030,0 0 0 0,1,1,2025-06-17 15:22:09,null,null,null,null,null,null,null,364781507,activity,null,HTS,null,13.933,12.354,-5.044,1.532,null,null,null,null,null,null,null,null,null,null,null,null,null,null,null,null,null,null,null,null,null,278938250
TRND-Glioblastoma_LOPAC_A172-primary_screen2,NCGC00015125-07,activity,null,4,-29.5,4.764,C[N+](C)(C)CCOC(=O)CBr,null,null,null,null,null,B121,SIGMA,2021_LOPAC_01,null,null,BRomoacetylcholine bromide,null,4,null,null,null,24.363,6.5,1.479,0.219,0.969,null,null,null,null,null,null,36,null,null,29.127,4.764,98.997,97.053,null,null,null,null,null,null,null,null,null,BPLURRWZRNOJMR,null,TRND,QipUBdzZXGiLYtscTj,null,null,null,null,BR,null,null,null,null,null,null,null,null,0,4,0,null,null,173030,0 0 0 0,1,1,2025-06-17 15:22:09,null,null,null,null,null,null,null,364782455,activity,null,HTS,null,29.127,12.579,9.822,4.764,null,null,null,null,null,null,null,null,null,null,null,null,null,null,null,null,null,null,null,null,null,278938251
TRND-Glioblastoma_LOPAC_A172-primary_screen2,NCGC00347676-05,activity,null,4,12,15.712,COC1=CC2=C(C(OC)=C1OC)C3=C(OC)C4=C(OCO4)C=C3C[C@H](C)[C@@](C)(O)C2,null,null,null,null,null,SML1251,SIGMA,2021_LOPAC_01,null,null,Iofetamine hydrochloride,null,4,null,null,null,11.585,18,1,0.73,0.399,null,null,null,null,null,null,6,null,null,15.712,4.127,54.099,41.257,null,null,null,null,null,null,null,null,null,ZWRRJEICIPUPHZ,null,TRND,OuDeHJGRtAeXpoKQBT,null,null,null,null,null,null,null,null,null,58546-54-6,null,null,null,0,4,0,null,null,173030,0 0 0 0,1,1,2025-06-17 15:22:09,null,null,null,null,null,null,null,364783539,activity,null,HTS,null,11.806,4.127,14.573,15.712,null,null,null,null,null,null,null,null,null,null,null,null,null,null,null,null,null,null,null,null,null,278938252
TRND-Glioblastoma_LOPAC_A172-primary_screen2,NCGC00186037-15,activity,null,4,19.883,-2.709,CCCCCN(C)CCC(O)(P(O)(O)=O)P(O)([O-])=O,null,null,null,null,null,I5784,SIGMA,2021_LOPAC_01,null,null,Ibandronate sodium,null,4,null,null,null,19.959,18,2.121,1,1,null,null,null,null,null,null,-1.883,null,null,17.25,-2.709,24.016,24.44,null,null,null,null,null,null,null,null,null,MPBVHIBUJCELCL,null,TRND,PKwqICqKnaWDmkKRsx,null,Farnesyl Pyrophosphate Synthase inhibitor,null,null,SODIUM,null,null,null,null,138844-81-2,FDPS,null,null,0,4,1,null,null,173030,0 0 0 1,1,1,2025-06-17 15:22:09,null,null,null,null,null,null,null,364784175,activity,null,HTS,null,-1.152,8.705,17.25,-2.709,null,null,null,null,null,null,null,null,null,null,null,null,null,null,null,null,null,null,null,null,null,278938253
TRND-Glioblastoma_LOPAC_A172-primary_screen2,NCGC00023037-23,activity,null,4,0,16.642,CC(=O)O[C@H]1[C@H](C[C@H]2[C@@H]3CC[C@H]4C[C@H](OC(C)=O)[C@H](C[C@]4(C)[C@H]3CC[C@]12C)[N+]5(C)CCCCC5)[N+]6(C)CCCCC6,null,null,null,null,null,P1918,SIGMA,2021_LOPAC_01,null,null,Pancuronium bromide,null,4,null,null,null,18.851,0,null,null,null,null,null,null,null,null,null,0,null,null,32.401,13.55,124.273,null,null,null,null,null,null,null,null,null,null,GVEAYVLWDAFXET,null,TRND,YCYaDyOhTvsSCLwOGp,null,null,null,null,BR,null,null,null,null,null,null,null,null,0,4,null,null,null,173030,null,1,1,2025-06-17 15:22:09,null,null,null,null,null,null,null,364780719,activity,null,HTS,null,32.401,13.55,23.077,16.642,null,null,null,null,null,null,null,null,null,null,null,null,null,null,null,null,null,null,null,null,null,278938254
TRND-Glioblastoma_LOPAC_A172-primary_screen2,NCGC00015764-06,activity,null,4,0,14.142,CCCCCCC\C=C/CCCCCCCCC(O)=O,null,null,null,null,null,O1008,SIGMA,2021_LOPAC_01,null,null,Oleic Acid,null,4,null,null,null,7.592,0,null,null,null,null,null,null,null,null,null,0,null,null,19.451,11.86,65.083,null,null,null,null,null,null,null,null,null,null,QXJSBBXBKPUZAA,null,TRND,hfrukhXDjWyeRyqzph,null,null,null,null,null,null,null,null,null,[NO STEREO] 5684-82-2,null,null,null,0,4,null,null,null,173030,null,1,1,2025-06-17 15:22:09,null,null,null,null,null,null,null,364781295,activity,null,HTS,null,11.86,15.933,19.451,14.142,null,null,null,null,null,null,null,null,null,null,null,null,null,null,null,null,null,null,null,null,null,278938255
TRND-Glioblastoma_LOPAC_A172-primary_screen2,NCGC00163392-14,activity,null,4,-13.5,18.736,NC(=O)C1=C(N)C=C(S1)C2=CSC=C2,null,null,null,null,null,SML0557,SIGMA,2021_LOPAC_01,null,null,SC-514,null,4,null,null,null,17.42,-1,4.955,1,0.69,null,null,null,null,null,null,12.5,null,null,18.736,1.316,35.991,44.031,null,null,null,null,null,null,null,null,null,BMUACLADCKCNKZ,null,TRND,YVMmjVJrJkxvMKJurV,null,null,null,null,null,null,null,null,null,null,null,null,null,0,4,1,null,null,173030,0 0 0 1,1,1,2025-06-17 15:22:09,null,null,null,null,null,null,null,364783227,activity,null,HTS,null,8.158,16.799,1.316,18.736,null,null,null,null,null,null,null,null,null,null,null,null,null,null,null,null,null,null,null,null,null,278938256
TRND-Glioblastoma_LOPAC_A172-primary_screen2,NCGC00015012-12,activity,null,4,-12.5,1.437,CC(N)C(=O)OC(C)(C)CC1=CC=C(Cl)C=C1,null,null,null,null,null,A164,SIGMA,2021_LOPAC_01,null,null,Alaproclate hydrochloride,null,4,null,null,null,16.155,1,2.333,0.561,0.737,null,null,null,null,null,null,13.5,null,null,17.593,1.437,44.305,52.781,null,null,null,null,null,null,null,null,null,FZSPJBYOKQPKCD,null,TRND,rdcYtazREOowjncXbu,null,null,null,null,CL,null,null,null,null,60719-83-7,null,null,null,0,4,0,null,null,173030,0 0 0 0,1,1,2025-06-17 15:22:09,null,null,null,null,null,null,null,364782799,activity,null,HTS,null,9.434,17.593,7.257,1.437,null,null,null,null,null,null,null,null,null,null,null,null,null,null,null,null,null,null,null,null,null,278938257
TRND-Glioblastoma_LOPAC_A172-primary_screen2,NCGC00067366-02,activity,null,4,-16.15,-8.875,C(NC1=NC2=CC=CC=C2N1CC3=CC=CC=C3)C4=CC=CO4,null,null,null,null,null,SML2244,SIGMA,2021_LOPAC_01,null,null,AC1903,null,4,null,null,null,17.3,-9.15,4.504,0.21,0.972,null,null,null,null,null,null,7,null,null,8.425,-8.875,25.813,22.87,null,null,null,null,null,null,null,null,null,OECUWHDVQIITIS,null,TRND,MQTqbiKgsxEcSVNwIb,null,null,null,null,null,null,null,null,null,null,null,null,null,0,4,0,null,null,173030,0 0 0 0,1,1,2025-06-17 15:22:09,null,null,null,null,null,null,null,364783007,activity,null,HTS,null,8.425,5.28,4.872,-8.875,null,null,null,null,null,null,null,null,null,null,null,null,null,null,null,null,null,null,null,null,null,278938258
TRND-Glioblastoma_LOPAC_A172-primary_screen2,NCGC00015073-16,activity,null,4,-17.5,4.027,NCCCNCCSP(O)(O)=O,null,null,null,null,null,A5922,SIGMA,2021_LOPAC_01,null,null,Amifostine,null,4,null,null,null,16.745,3.5,1.967,0.075,0.997,null,null,null,null,null,null,21,null,null,20.771,4.027,80.773,80.911,null,null,null,null,null,null,null,null,null,JKOQGQFVAUAYPM,null,TRND,myJTGnIpEObAqhXFNs,null,null,null,null,H2O,null,null,null,null,20537-88-6,null,null,null,0,4,0,null,null,173030,0 0 0 0,1,1,2025-06-17 15:22:09,null,null,null,null,null,null,null,364781543,activity,null,HTS,null,20.771,20.549,9.513,4.027,null,null,null,null,null,null,null,null,null,null,null,null,null,null,null,null,null,null,null,null,null,278938259
TRND-Glioblastoma_LOPAC_A172-primary_screen2,NCGC00015033-08,activity,null,4,11.901,0.9,NC1=CC(Cl)=C(N=C2NCCN2)C(Cl)=C1,null,null,null,null,null,A0779,SIGMA,2021_LOPAC_01,null,null,p-Aminoclonidine hydrochloride,null,4,null,null,null,11.324,1,4.955,0.306,0.938,null,null,null,null,null,null,-10.901,null,null,2.656,-8.667,-21.991,-21.853,null,null,null,null,null,null,null,null,null,IEJXVRYNEISIKR,null,TRND,PLMiJuYJGzyMWFJFoB,null,Alpha-2A Adrenergic Receptor agonist,null,null,CL,null,null,null,null,73218-79-8,ADRA2A,null,null,0,4,0,null,null,173030,0 0 0 0,1,1,2025-06-17 15:22:09,null,null,null,null,null,null,null,364782087,activity,null,HTS,null,-8.667,2.656,-0.383,0.9,null,null,null,null,null,null,null,null,null,null,null,null,null,null,null,null,null,null,null,null,null,278938260
TRND-Glioblastoma_LOPAC_A172-primary_screen2,NCGC00186022-06,activity,4.466836,-2.4,-33.739,-12.283,CC1=NN(C(C)=C1)C2=NC(NC3CCCCC3)=CC(C)=N2,null,null,null,null,null,C5493,SIGMA,2021_LOPAC_01,-5.35,null,CyPPA,null,4,null,null,null,26.829,-16.739,0.9,0.036,0.999,null,null,null,null,null,null,17,null,null,14.546,-12.283,38.288,37.938,null,null,null,null,null,null,null,null,null,USEMRPYUFJNFQN,null,TRND,iTmeAPFgogcFTPGrON,null,null,null,null,null,null,null,null,null,null,null,null,null,0,4,0,null,null,173030,0 0 0 0,1,1,2025-06-17 15:22:09,null,null,null,null,null,null,null,364784227,activity,null,HTS,null,14.546,8.677,-2.412,-12.283,null,null,null,null,null,null,null,null,null,null,null,null,null,null,null,null,null,null,null,null,null,278938261
TRND-Glioblastoma_LOPAC_A172-primary_screen2,NCGC00015251-29,activity,11.220185,-3,-56.842,-47.702,ClC1=C(C=CC=C1)C(N2C=CN=C2)(C3=CC=CC=C3)C4=CC=CC=C4,null,null,null,null,null,C6019,SIGMA,2021_LOPAC_01,-4.95,null,Clotrimazole,null,-3,null,null,null,58.006,-48.342,4.095,0.074,0.997,null,null,null,null,null,null,8.5,null,null,10.304,-47.702,9.593,6.174,null,null,null,null,null,null,null,null,null,VNFPBHJOKIVQEB,null,TRND,XDjLvKxNgIKqprLNbU,null,Anti-fungal,null,null,null,null,null,null,null,23593-75-1,ERG11,null,null,0,4,0,null,null,173030,0 0 0 0,1,1,2025-06-17 15:22:09,null,null,null,null,null,null,null,364785003,activity,null,HTS,null,10.304,6.408,2.281,-47.702,null,null,null,null,null,null,null,null,null,null,null,null,null,null,null,null,null,null,null,null,null,278938262
TRND-Glioblastoma_LOPAC_A172-primary_screen2,NCGC00015257-24,activity,null,4,0,-1.303,CCOC(=O)C(C)(C)OC1=CC=C(Cl)C=C1,null,null,null,null,null,C6643,SIGMA,2021_LOPAC_01,null,null,Clofibrate,null,4,null,null,null,7.063,0,null,null,null,null,null,null,null,null,null,0,null,null,5.76,-1.303,21.323,null,null,null,null,null,null,null,null,null,null,KNHUKKLJHYUCFP,null,TRND,pOaacZwJfUmKPIrkts,null,Peroxisome proliferator-activated receptor alpha agonist,null,null,null,null,null,null,null,637-07-0,PPARA,null,null,0,4,null,null,null,173030,null,1,1,2025-06-17 15:22:09,null,null,null,null,null,null,null,364784379,activity,null,HTS,null,5.76,4.161,4.456,-1.303,null,null,null,null,null,null,null,null,null,null,null,null,null,null,null,null,null,null,null,null,null,278938263
TRND-Glioblastoma_LOPAC_A172-primary_screen2,NCGC00402286-06,activity,11.220185,-3,-60.587,-52.298,OB(O)C1=CC=C(COC2=CC=C(\C=C3/SC(=O)N(CC4=CC=C(F)C=C4)C3=O)C=C2)C=C1,null,null,null,null,null,SML0914,SIGMA,2021_LOPAC_01,-4.95,null,HA155,null,-3,null,null,null,63.417,-56.587,2.353,0.257,0.957,null,null,null,null,null,null,4,null,null,11.119,-52.298,-5.815,-20.7,null,null,null,null,null,null,null,null,null,BRWUZCBSWABPMR,null,TRND,ZOaqCqKhSwKJbMLaRw,null,null,null,null,null,null,null,null,null,null,null,null,null,0,4,0,null,null,173030,0 0 0 0,1,1,2025-06-17 15:22:09,null,null,null,null,null,null,null,364781919,activity,null,HTS,26.551413,11.119,-3.132,-9.996,-52.298,null,null,null,null,null,null,null,null,null,null,null,null,null,null,null,null,null,null,null,null,null,278938264
TRND-Glioblastoma_LOPAC_A172-primary_screen2,NCGC00015300-21,activity,7.943282,-2.3,-117.793,-94.716,FC1=CC=C(C=C1)C(OCCN2CCN(CCCC3=CC=CC=C3)CC2)C4=CC=C(F)C=C4,null,null,null,null,null,D052,SIGMA,2021_LOPAC_01,-5.1,null,GBR-12909 dihydrochloride,null,-2.1,null,null,null,112.973,-102.293,1.967,0.123,0.991,null,null,null,null,null,null,15.5,null,null,18.257,-94.716,-34.614,-22.569,null,null,null,null,null,null,null,null,null,NAUWTFJOPJWYOT,null,TRND,usAwGxojofaqXiWvTl,null,Sodium-dependent Dopamine Transporter inhibitor,null,null,CL,null,null,null,null,null,SLC6A3,null,null,0,4,0,null,null,173030,0 0 0 0,1,1,2025-06-17 15:22:09,null,null,null,null,null,null,null,364782787,activity,null,HTS,7.764283,9.3,18.257,-33.449,-94.716,null,null,null,null,null,null,null,null,null,null,null,null,null,null,null,null,null,null,null,null,null,278938265
TRND-Glioblastoma_LOPAC_A172-primary_screen2,NCGC00015885-11,activity,null,4,-18,8.238,CNC1=NC(NC)=NC(N[S+]([O-])(=O)C2=CC=C(N)C=C2)=C1,null,null,null,null,null,R140,SIGMA,2021_LOPAC_01,null,null,Ro 04-6790 dihydrochloride,null,4,null,null,null,14.184,10,1.1,0.494,0.812,null,null,null,null,null,null,28,null,null,22.422,8.238,85.531,82.458,null,null,null,null,null,null,null,null,null,KVLSWQCZJGDIPQ,null,TRND,afXTsNHkGEveyjFtOj,null,null,null,null,CL,null,null,null,null,null,null,null,null,0,4,0,null,null,173030,0 0 0 0,1,1,2025-06-17 15:22:09,null,null,null,null,null,null,null,364780371,activity,null,HTS,null,22.422,12.646,14.496,8.238,null,null,null,null,null,null,null,null,null,null,null,null,null,null,null,null,null,null,null,null,null,278938266
TRND-Glioblastoma_LOPAC_A172-primary_screen2,NCGC00015513-31,activity,null,4,14.5,13.079,NCCC1=CNC=N1,null,null,null,null,null,H7250,SIGMA,2021_LOPAC_01,null,null,Histamine dihydrochloride,null,4,null,null,null,16.542,22.5,4.955,1,0.497,null,null,null,null,null,null,8,null,null,28.762,12.219,74.317,77.625,null,null,null,null,null,null,null,null,null,NTYJJOPFIAHURM,null,TRND,UneZvMaVJQeGGYyFgB,null,Histamine H1 Receptor agonist,null,null,CL,null,null,null,null,55-36-7,HRH1,null,null,0,4,1,null,null,173030,0 0 0 1,1,1,2025-06-17 15:22:09,null,null,null,null,null,null,null,364782451,activity,null,HTS,null,12.219,28.762,16.577,13.079,null,null,null,null,null,null,null,null,null,null,null,null,null,null,null,null,null,null,null,null,null,278938267
TRND-Glioblastoma_LOPAC_A172-primary_screen2,NCGC00346575-09,activity,null,4,-11,6.433,CN1C(CNC2=CC=C(C=C2)C(N)=N)=NC3=CC(=CC=C13)C(=O)N(CCC(O)=O)C4=NC=CC=C4,null,null,null,null,null,SML2370,SIGMA,2021_LOPAC_01,null,null,Dabigatran,null,4,null,null,null,11.133,6,4.449,0.056,0.998,null,null,null,null,null,null,17,null,null,17.12,5.987,66.25,65.775,null,null,null,null,null,null,null,null,null,YBSJFWOBGCMAKL,null,TRND,pkcCMGGUhcQyWYoZOY,null,Thrombin inhibitor,null,null,null,null,null,null,null,211914-51-1,F2,null,null,0,4,0,null,null,173030,0 0 0 0,1,1,2025-06-17 15:22:09,null,null,null,null,null,null,null,364782123,activity,null,HTS,null,17.12,15.986,5.987,6.433,null,null,null,null,null,null,null,null,null,null,null,null,null,null,null,null,null,null,null,null,null,278938268
TRND-Glioblastoma_LOPAC_A172-primary_screen2,NCGC00015730-29,activity,null,4,0,23.774,CN(C)C(=O)OC1=CC(=CC=C1)[N+](C)(C)C,null,null,null,null,null,N2001,SIGMA,2021_LOPAC_01,null,null,Neostigmine bromide,null,4,null,null,null,16.093,0,null,null,null,null,null,null,null,null,null,0,null,null,23.774,7.682,76.603,null,null,null,null,null,null,null,null,null,null,ALWKGYPQUAPLQC,null,TRND,mxTPaKJmhceANnjgDE,null,null,null,null,BR,null,null,null,null,114-80-7,null,null,null,0,4,null,null,null,173030,null,1,1,2025-06-17 15:22:09,null,null,null,null,null,null,null,364781335,activity,null,HTS,null,17.52,14.471,7.682,23.774,null,null,null,null,null,null,null,null,null,null,null,null,null,null,null,null,null,null,null,null,null,278938269
TRND-Glioblastoma_LOPAC_A172-primary_screen2,NCGC00014996-06,activity,null,4,9.675,2.27,COC1=CC2=C(NC3=C2CCNC3)C=C1,null,null,null,null,null,291552,SIGMA,2021_LOPAC_01,null,null,"6-Methoxy-1,2,3,4-tetrahydro-9H-pyrido[3,4b] indole",null,4,null,null,null,11.996,3.5,4.955,0.335,0.925,null,null,null,null,null,null,-6.175,null,null,4.767,-7.229,-13.536,-17.099,null,null,null,null,null,null,null,null,null,QYMDEOQLJUUNOF,null,TRND,UpEwKOcNHMUVMieZLy,null,null,null,null,null,null,null,null,null,null,null,null,null,0,4,0,null,null,173030,0 0 0 0,1,1,2025-06-17 15:22:09,null,null,null,null,null,null,null,364780151,activity,null,HTS,null,-4.688,-7.229,4.767,2.27,null,null,null,null,null,null,null,null,null,null,null,null,null,null,null,null,null,null,null,null,null,278938270
TRND-Glioblastoma_LOPAC_A172-primary_screen2,NCGC00016047-16,activity,null,4,14.433,2.332,FC(F)(F)C1=C(C=CC=C1)N2C=CN=C2,null,null,null,null,null,T7313,SIGMA,2021_LOPAC_01,null,null,1-[2-(Trifluoromethyl)phenyl]imidazole,null,4,null,null,null,13.193,9.5,4.955,1,0.997,null,null,null,null,null,null,-4.933,null,null,9.915,-3.278,9.054,9.422,null,null,null,null,null,null,null,null,null,WZBWBNCQUTXYEL,null,TRND,ZKQVfArgEOVfYRHIjB,null,null,null,null,null,null,null,null,null,null,null,null,null,0,4,1,null,null,173030,0 0 0 1,1,1,2025-06-17 15:22:09,null,null,null,null,null,null,null,364785239,activity,null,HTS,null,-3.278,9.915,9.161,2.332,null,null,null,null,null,null,null,null,null,null,null,null,null,null,null,null,null,null,null,null,null,278938271
TRND-Glioblastoma_LOPAC_A172-primary_screen2,NCGC00015005-10,activity,null,4,-29.405,-9.504,CN1C2CCC1CC(C2)OC(C3=CC=CC=C3)C4=C(N)C=CC=C4,null,null,null,null,null,A138,SIGMA,2021_LOPAC_01,null,null,Aminobenztropine,null,4,null,null,null,30.703,-9.905,2.72,0.155,0.985,null,null,null,null,null,null,19.5,null,null,21.199,-9.504,65.556,70.042,null,null,null,null,null,null,null,null,null,KZFDKINRISJFCO,null,TRND,KFAYxWJsBnEDcSBMUB,null,null,null,null,null,null,null,null,null,null,null,null,null,0,4,0,null,null,173030,0 0 0 0,1,1,2025-06-17 15:22:09,null,null,null,null,null,null,null,364782783,activity,null,HTS,null,17.363,21.199,10.799,-9.504,null,null,null,null,null,null,null,null,null,null,null,null,null,null,null,null,null,null,null,null,null,278938272
TRND-Glioblastoma_LOPAC_A172-primary_screen2,NCGC00015339-17,activity,3.981072,-1.3,-89.138,-90.142,CC1=CC(N)=C2C=CC=CC2=[N+]1CCCCCCCCCC[N+]3=C4C=CC=CC4=C(N)C=C3C,null,null,null,null,null,D3768,SIGMA,2021_LOPAC_01,-5.4,null,Dequalinium chloride hydrate,null,-1.1,null,null,null,119.234,-90.322,2.473,0.378,1,null,null,null,null,null,null,-1.184,null,null,29.093,-90.142,-120.494,-105.103,null,null,null,null,null,null,null,null,null,PCSWXVJAIHCTMO,null,TRND,PuPAdbSzqvoCWAeNHU,null,null,null,null,CL,null,null,null,null,null,null,null,null,0,4,1,null,null,173030,1 0 0 0,1,1,2025-06-17 15:22:09,null,null,null,null,null,null,null,364780891,activity,null,HTS,4.342913,29.093,-6.82,-70.663,-90.142,null,null,null,null,null,null,null,null,null,null,null,null,null,null,null,null,null,null,null,null,null,278938273
TRND-Glioblastoma_LOPAC_A172-primary_screen2,NCGC00159337-16,activity,null,4,19.323,4.01,FC(F)(F)[C@]1(OC(=O)NC2=CC=C(Cl)C=C12)C#CC3CC3,null,null,null,null,null,SML0536,SIGMA,2021_LOPAC_01,null,null,Efavirenz,null,4,null,null,null,22.646,9,4.955,0.591,0.696,null,null,null,null,null,null,-10.323,null,null,16.127,-6.519,0.211,-0.821,null,null,null,null,null,null,null,null,null,XPOQHMRABVBWPR,null,TRND,PdJetoKBUwfpbWVuUl,null,null,null,null,null,null,null,null,null,154598-52-4,null,null,null,0,4,0,null,null,173030,0 0 0 0,1,1,2025-06-17 15:22:09,null,null,null,null,null,null,null,364784059,activity,null,HTS,null,-6.519,16.127,7.042,4.01,null,null,null,null,null,null,null,null,null,null,null,null,null,null,null,null,null,null,null,null,null,278938274
TRND-Glioblastoma_LOPAC_A172-primary_screen2,NCGC00086529-03,activity,null,4,0,18.775,CC1CCC2=NC(N)=C(C#N)C(C3=CC=CN=C3)=C2C1,null,null,null,null,null,SML2208,SIGMA,2021_LOPAC_01,null,null,BRD6989,null,4,null,null,null,5.734,0,null,null,null,null,null,null,null,null,null,0,null,null,18.968,13.235,82.826,null,null,null,null,null,null,null,null,null,null,QSYBDNXNOJIKML,null,TRND,QLOHnjEVPJFCocSYeP,null,null,null,null,null,null,null,null,null,null,null,null,null,0,4,null,null,null,173030,null,1,1,2025-06-17 15:22:09,null,null,null,null,null,null,null,364781551,activity,null,HTS,null,18.177,18.968,13.235,18.775,null,null,null,null,null,null,null,null,null,null,null,null,null,null,null,null,null,null,null,null,null,278938275
TRND-Glioblastoma_LOPAC_A172-primary_screen2,NCGC00016101-24,activity,null,4,-16.641,-1.34,CC1=CC(=CC(C)=C1CC2=NCCN2)C(C)(C)C,null,null,null,null,null,x6000,SIGMA,2021_LOPAC_01,null,null,xylometazoline hydrochloride,null,4,null,null,null,14.281,-2.141,4.955,0.153,0.985,null,null,null,null,null,null,14.5,null,null,11.247,-3.034,27.369,27.068,null,null,null,null,null,null,null,null,null,HUCJFAOMUPXHDK,null,TRND,DMSItNgJsstpKYjCLY,null,Alpha-2A Adrenergic Receptor agonist,null,null,CL,null,null,null,null,1218-35-5,ADRA2A,null,null,0,4,0,null,null,173030,0 0 0 0,1,1,2025-06-17 15:22:09,null,null,null,null,null,null,null,364784591,activity,null,HTS,null,11.247,-3.034,-1.46,-1.34,null,null,null,null,null,null,null,null,null,null,null,null,null,null,null,null,null,null,null,null,null,278938276
TRND-Glioblastoma_LOPAC_A172-primary_screen2,NCGC00164557-15,activity,null,4,0,13.548,CCCCC1=NC=C(\C=C(/CC2=CC=CS2)C(O)=O)N1CC3=CC=C(C=C3)C(O)=O,null,null,null,null,null,E2535,SIGMA,2021_LOPAC_01,null,null,Eprosartan mesylate,null,4,null,null,null,18.161,0,null,null,null,null,null,null,null,null,null,0,null,null,23.285,5.124,88.651,null,null,null,null,null,null,null,null,null,null,OROAFUQRIXKEMV,null,TRND,dOfzwHNplYBFVjexNc,null,null,null,null,SULFONICACID_V1,null,null,null,null,144143-96-4,null,null,null,0,4,null,null,null,173030,null,1,1,2025-06-17 15:22:09,null,null,null,null,null,null,null,364780727,activity,null,HTS,null,23.285,5.124,19.058,13.548,null,null,null,null,null,null,null,null,null,null,null,null,null,null,null,null,null,null,null,null,null,278938277
TRND-Glioblastoma_LOPAC_A172-primary_screen2,NCGC00015348-09,activity,null,4,0,-4.466,COC1=C(OC)C(=O)C2=C(C=CC=C2)C1=O,null,null,null,null,null,D5439,SIGMA,2021_LOPAC_01,null,null,"2,3-Dimethoxy-1,4-naphthoquinone",null,4,null,null,null,7.422,0,null,null,null,null,null,null,null,null,null,0,null,null,2.956,-4.466,-3.463,null,null,null,null,null,null,null,null,null,null,ZEGDFCCYTFPECB,null,TRND,DuauPOuDvwAfGMkKew,null,null,null,null,null,null,null,null,null,null,null,null,null,0,4,null,null,null,173030,null,1,1,2025-06-17 15:22:09,null,null,null,null,null,null,null,364784743,activity,null,HTS,null,-0.651,-1.97,2.956,-4.466,null,null,null,null,null,null,null,null,null,null,null,null,null,null,null,null,null,null,null,null,null,278937734
TRND-Glioblastoma_LOPAC_A172-primary_screen2,NCGC00163388-05,activity,10,-3,-56.626,-38.855,CC(C)C1=CC(\C=C(/C#N)C(=O)NCCCC2=CC=CC=C2)=CC(C(C)C)=C1O,null,null,null,null,null,SML1193,SIGMA,2021_LOPAC_01,-5,null,SU1498,null,-3,null,null,null,61.81,-39.626,3.677,0.227,0.967,null,null,null,null,null,null,17,null,null,22.955,-38.855,30.758,43.156,null,null,null,null,null,null,null,null,null,JANPYFTYAGTSIN,null,TRND,oEisPKdENkAYUgUvCg,null,null,null,null,null,null,null,null,null,null,null,null,null,0,4,0,null,null,173030,0 0 0 0,1,1,2025-06-17 15:22:09,null,null,null,null,null,null,null,364782427,activity,null,HTS,null,10.897,22.955,7.01,-38.855,null,null,null,null,null,null,null,null,null,null,null,null,null,null,null,null,null,null,null,null,null,278937735
TRND-Glioblastoma_LOPAC_A172-primary_screen2,NCGC00015727-21,activity,null,4,0,1.649,CN1CC(C2=CC=CC=C2)C3=CC=CC(N)=C3C1,null,null,null,null,null,N1530,SIGMA,2021_LOPAC_01,null,null,Nomifensine maleate,null,4,null,null,null,73.632,0,null,null,null,null,null,null,null,null,null,0,null,null,11.293,-62.339,-5.891,null,null,null,null,null,null,null,null,null,null,XXPANQJNYNUNES,null,TRND,PcyAjrIWFEsAaiMxLY,null,null,null,null,MALEATE,null,null,null,null,32795-47-4,null,null,null,0,4,null,null,null,173030,null,1,1,2025-06-17 15:22:09,null,null,null,null,null,null,null,364785155,activity,null,HTS,null,11.293,-62.339,7.815,1.649,null,null,null,null,null,null,null,null,null,null,null,null,null,null,null,null,null,null,null,null,null,278937736
TRND-Glioblastoma_LOPAC_A172-primary_screen2,NCGC00179608-42,activity,null,4,0,12.536,CN1[C@H]2CC[C@@H]1CC(C2)OC(=O)[C@H](CO)C3=CC=CC=C3,null,null,null,null,null,H9002,SIGMA,2021_LOPAC_01,null,null,L-Hyoscyamine,null,4,null,null,null,14.622,0,null,null,null,null,null,null,null,null,null,0,null,null,18.493,3.871,70.601,null,null,null,null,null,null,null,null,null,null,RKUNBYITZUJHSG,null,TRND,diNNPWhRvLyAaKSpQI,null,null,null,null,null,null,null,null,null,101-31-5,null,null,null,0,4,null,null,null,173030,null,1,1,2025-06-17 15:22:09,null,null,null,null,null,null,null,364780563,activity,null,HTS,null,18.493,3.871,14.276,12.536,null,null,null,null,null,null,null,null,null,null,null,null,null,null,null,null,null,null,null,null,null,278937737
TRND-Glioblastoma_LOPAC_A172-primary_screen2,NCGC00015448-12,activity,null,4,0,7.424,CC(C)=CCC\C(C)=C\CC\C(C)=C\CSC1=C(C=CC=C1)C(O)=O,null,null,null,null,null,SML1166,SIGMA,2021_LOPAC_01,null,null,Salirasib,null,4,null,null,null,6.824,0,null,null,null,null,null,null,null,null,null,0,null,null,7.424,0.601,13.674,null,null,null,null,null,null,null,null,null,null,WUILNKCFCLNXOK,null,TRND,pIMWybzUvyFSHiJtYN,null,mTOR Complex 1 (mTORC1) inhibitor,null,null,null,null,null,null,null,162520-00-5,MTOR,null,null,0,4,null,null,null,173030,null,1,1,2025-06-17 15:22:09,null,null,null,null,null,null,null,364782727,activity,null,HTS,null,2.672,2.768,0.601,7.424,null,null,null,null,null,null,null,null,null,null,null,null,null,null,null,null,null,null,null,null,null,278937738
TRND-Glioblastoma_LOPAC_A172-primary_screen2,NCGC00185997-13,activity,null,4,0,7.852,OC1=CC(F)=CC=C1C2=CC=C(O2)\C=C3/SC(=O)NC3=O,null,null,null,null,null,A8981,SIGMA,2021_LOPAC_01,null,null,AS-252424,null,4,null,null,null,6.544,0,null,null,null,null,null,null,null,null,null,0,null,null,13.556,7.012,39.214,null,null,null,null,null,null,null,null,null,null,OYYVWNDMOQPMGE,null,TRND,MqjhTaFIpuDFDPNwRA,null,Phosphatidylinositol 3-Kinase gamma isoform inhibitor,null,null,null,null,null,null,null,900515-16-4,PIK3CG,null,null,0,4,null,null,null,173030,null,1,1,2025-06-17 15:22:09,null,null,null,null,null,null,null,364784715,activity,null,HTS,null,7.012,8.796,13.556,7.852,null,null,null,null,null,null,null,null,null,null,null,null,null,null,null,null,null,null,null,null,null,278937739
TRND-Glioblastoma_LOPAC_A172-primary_screen2,NCGC00015703-16,activity,null,4,-21.5,3.187,CNC1(C)C2CCC(C2)C1(C)C,null,null,null,null,null,M9020,SIGMA,2021_LOPAC_01,null,null,Mecamylamine hydrochloride,null,4,null,null,null,18.673,1.5,4.955,0.189,0.977,null,null,null,null,null,null,23,null,null,18.723,0.051,54.437,55.017,null,null,null,null,null,null,null,null,null,IMYZQPCYWPFTAG,null,TRND,jsMCWFjPAIYwbzscmN,null,null,null,null,CL,null,null,null,null,826-39-1,null,null,null,0,4,0,null,null,173030,0 0 0 0,1,1,2025-06-17 15:22:09,null,null,null,null,null,null,null,364783331,activity,null,HTS,null,18.723,0.051,1.094,3.187,null,null,null,null,null,null,null,null,null,null,null,null,null,null,null,null,null,null,null,null,null,278937740
TRND-Glioblastoma_LOPAC_A172-primary_screen2,NCGC00014352-17,activity,null,4,-44.798,-21.111,CN(C)C1=C(CN2CCCN(CC3=C(C=CC=C3)N(C)C)C2C4=CC=NC=C4)C=CC=C1,null,null,null,null,null,G9048,SIGMA,2021_LOPAC_01,null,null,GANT61,null,4,null,null,null,44.641,-22.798,2.253,0.125,0.99,null,null,null,null,null,null,22,null,null,23.53,-21.111,62.609,67.496,null,null,null,null,null,null,null,null,null,KVQOGDQTWWCZFX,null,TRND,GTMZwrSsTDCEHgCfKd,null,Sonic Hedgehog protein inhibitor,null,null,null,null,null,null,null,null,SHH,null,null,0,4,0,null,null,173030,0 0 0 0,1,1,2025-06-17 15:22:09,null,null,null,null,null,null,null,364782315,activity,null,HTS,null,19.481,23.53,4.575,-21.111,null,null,null,null,null,null,null,null,null,null,null,null,null,null,null,null,null,null,null,null,null,278937741
TRND-Glioblastoma_LOPAC_A172-primary_screen2,NCGC00025270-09,activity,null,4,7.5,15.468,NC1=NC(NC2=CC=CC=C2)=NC3=C1N=CN3[C@@H]4O[C@H](CO)[C@@H](O)C4O,null,null,null,null,null,P101,SIGMA,2021_LOPAC_01,null,null,2-Phenylaminoadenosine,null,4,null,null,null,10.986,16.5,4.955,0.622,0.649,null,null,null,null,null,null,9,null,null,17.095,6.109,59.867,51.298,null,null,null,null,null,null,null,null,null,SCNILGOVBBRMBK,null,TRND,SROYvjyHrGeDSiBdNF,null,null,null,null,null,null,null,null,null,53296-10-9,null,null,null,0,4,0,null,null,173030,0 0 0 0,1,1,2025-06-17 15:22:09,null,null,null,null,null,null,null,364781019,activity,null,HTS,null,12.797,6.109,17.095,15.468,null,null,null,null,null,null,null,null,null,null,null,null,null,null,null,null,null,null,null,null,null,278937742
TRND-Glioblastoma_LOPAC_A172-primary_screen2,NCGC00015420-24,activity,null,4,8.8,3.67,CC1=CC2=C(C(O)=C1)C(=O)C3=C(C=C(O)C=C3O)C2=O,null,null,null,null,null,E7881,SIGMA,2021_LOPAC_01,null,null,Emodin,null,4,null,null,null,11.003,4,2.406,0.525,0.783,null,null,null,null,null,null,-4.8,null,null,3.67,-7.333,-10.25,-15.543,null,null,null,null,null,null,null,null,null,RHMXXJGYXNZAPX,null,TRND,EPkLxALTINtcnJTRtk,null,Bifunctional epoxide hydrolase 2 inhibitor,null,null,null,null,null,null,null,518-82-1,EPHX2,null,null,0,4,0,null,null,173030,0 0 0 0,1,1,2025-06-17 15:22:09,null,null,null,null,null,null,null,364784951,activity,null,HTS,null,-2.261,-7.333,-1.114,3.67,null,null,null,null,null,null,null,null,null,null,null,null,null,null,null,null,null,null,null,null,null,278937743
TRND-Glioblastoma_LOPAC_A172-primary_screen2,NCGC00016012-22,activity,10,-2.1,-121.884,-95.165,CN(C)CCCN1C2=C(SC3=C1C=C(C=C3)C(F)(F)F)C=CC=C2,null,null,null,null,null,T2896,SIGMA,2021_LOPAC_01,-5,null,Triflupromazine hydrochloride,null,-3,null,null,null,122.092,-95.884,4.504,0.029,0.999,null,null,null,null,null,null,26,null,null,26.927,-95.165,42.423,46.532,null,null,null,null,null,null,null,null,null,XSCGXQMFQXDFCW,null,TRND,FTKmuFloWoyCZtjDqo,null,null,null,null,CL,null,null,null,null,1098-60-8,null,null,null,0,4,0,null,null,173030,0 0 0 0,1,1,2025-06-17 15:22:09,null,null,null,null,null,null,null,364781979,activity,null,HTS,10.192563,24.073,26.927,9.762,-95.165,null,null,null,null,null,null,null,null,null,null,null,null,null,null,null,null,null,null,null,null,null,278937744
TRND-Glioblastoma_LOPAC_A172-primary_screen2,NCGC00015837-11,activity,null,4,25.174,10.442,NCCCCN,null,null,null,null,null,P7505,SIGMA,2021_LOPAC_01,null,null,Putrescine dihydrochloride,null,4,null,null,null,36.004,11,4.955,0.609,0.668,null,null,null,null,null,null,-14.174,null,null,10.442,-25.562,-13.279,-37.847,null,null,null,null,null,null,null,null,null,KIDHWZJUCRJVML,null,TRND,bJtbaXqbINEdZxQWQh,null,null,null,null,CL,null,null,null,null,null,null,null,null,0,4,0,null,null,173030,0 0 0 0,1,1,2025-06-17 15:22:09,null,null,null,null,null,null,null,364780955,activity,null,HTS,null,-2.384,-25.562,8.167,10.442,null,null,null,null,null,null,null,null,null,null,null,null,null,null,null,null,null,null,null,null,null,278937745
TRND-Glioblastoma_LOPAC_A172-primary_screen2,NCGC00389632-08,activity,null,4,0,15.668,ClC1=C(CN2CCCC2=N)NC(=O)NC1=O,null,null,null,null,null,SML1552,SIGMA,2021_LOPAC_01,null,null,Tipiracil hydrochloride ,null,4,null,null,null,82.228,0,null,null,null,null,null,null,null,null,null,0,null,null,15.668,-66.56,1.026,null,null,null,null,null,null,null,null,null,null,QQHMKNYGKVVGCZ,null,TRND,duUJtBMgAhocBkPmPp,null,Thymidine Phosphorylase inhibitor,null,null,CL,null,null,null,null,183204-72-0,TYMP,null,null,0,4,null,null,null,173030,null,1,1,2025-06-17 15:22:09,null,null,null,null,null,null,null,364785151,activity,null,HTS,null,12.848,-66.56,5.214,15.668,null,null,null,null,null,null,null,null,null,null,null,null,null,null,null,null,null,null,null,null,null,278937746
TRND-Glioblastoma_LOPAC_A172-primary_screen2,NCGC00016270-23,activity,null,4,-14,11.956,N[C@@H](CC1=CC(O)=C(O)C=C1)C(O)=O,null,null,null,null,null,D9628,SIGMA,2021_LOPAC_01,null,null,"L-3,4-Dihydroxyphenylalanine",null,4,null,null,null,19.56,-2,4.955,1,0.374,null,null,null,null,null,null,12,null,null,20.342,0.782,25.149,41.137,null,null,null,null,null,null,null,null,null,WTDRDQBEARUVNC,null,TRND,XYbdcGHPpNZjgSGtzY,null,Dopamine Receptor D1 agonist,null,null,null,null,null,null,null,59-92-7,DRD1,null,null,0,4,1,null,null,173030,0 0 0 1,1,1,2025-06-17 15:22:09,null,null,null,null,null,null,null,364783391,activity,null,HTS,null,3.595,20.342,0.782,11.956,null,null,null,null,null,null,null,null,null,null,null,null,null,null,null,null,null,null,null,null,null,278937747
TRND-Glioblastoma_LOPAC_A172-primary_screen2,NCGC00093356-34,activity,1.778279,-1.4,-54.6,-57.868,NC1=NC(=O)N(C=C1)[C@@H]2O[C@H](CO)[C@@H](O)[C@@H]2O,null,null,null,null,null,C6645,SIGMA,2021_LOPAC_01,-5.75,null,Cytosine-1-beta-D-arabinofuranoside hydrochloride,null,-1.2,null,null,null,53.834,-60.181,2.333,0.106,0.993,null,null,null,null,null,null,-5.581,null,null,-6.734,-60.568,-107.256,-106.051,null,null,null,null,null,null,null,null,null,UHDGCWIWMRVCDJ,null,TRND,cUvHQHzIhXrPPYtIze,null,DNA-Directed DNA Polymerase inhibitor,null,null,CL,null,null,null,null,69-74-9,POLB,null,null,0,4,0,null,null,173030,0 0 0 0,1,1,2025-06-17 15:22:09,null,null,null,null,null,null,null,364785019,activity,null,HTS,3.517531,-6.734,-22.6,-60.568,-57.868,null,null,null,null,null,null,null,null,null,null,null,null,null,null,null,null,null,null,null,null,null,278937748
TRND-Glioblastoma_LOPAC_A172-primary_screen2,NCGC00015115-05,activity,null,4,0,2.237,C(N(CC1=CC=CC=C1)C2=CC=CC=C2)C3=NC=CN3,null,null,null,null,null,A9899,SIGMA,2021_LOPAC_01,null,null,Antozoline hydrochloride,null,4,null,null,null,5.772,0,null,null,null,null,null,null,null,null,null,0,null,null,6.524,0.752,12.201,null,null,null,null,null,null,null,null,null,null,MKIKWCVTTNYSRM,null,TRND,NQmgnTJjpCzktJllYK,null,null,null,null,CL,null,null,null,null,null,null,null,null,0,4,null,null,null,173030,null,1,1,2025-06-17 15:22:09,null,null,null,null,null,null,null,364781487,activity,null,HTS,null,0.752,6.26,6.524,2.237,null,null,null,null,null,null,null,null,null,null,null,null,null,null,null,null,null,null,null,null,null,278937749
TRND-Glioblastoma_LOPAC_A172-primary_screen2,NCGC00370730-14,activity,null,4,0,9.838,COC1=CC=C(C=C1OC)[S+]([O-])(=O)NC2=NC(=CS2)C3=CC(=CC=C3)[N+]([O-])=O,null,null,null,null,null,SML0233,SIGMA,2021_LOPAC_01,null,null,Ro 61-8048,null,4,null,null,null,7.908,0,null,null,null,null,null,null,null,null,null,0,null,null,17.033,9.125,65.744,null,null,null,null,null,null,null,null,null,null,ODEDHOPDGJIEGV,null,TRND,OzqXfEylLNSlfdnDte,null,null,null,null,null,null,null,null,null,null,null,null,null,0,4,null,null,null,173030,null,1,1,2025-06-17 15:22:09,null,null,null,null,null,null,null,364782335,activity,null,HTS,null,17.033,9.906,9.125,9.838,null,null,null,null,null,null,null,null,null,null,null,null,null,null,null,null,null,null,null,null,null,278937750
TRND-Glioblastoma_LOPAC_A172-primary_screen2,NCGC00386726-03,activity,null,4,-24.971,-19.559,CC1=CC=CC(=N1)C2=C(N=C(CC3=CC(=CC=C3)C(N)=O)N2)C4=CC=C5N=CC=NC5=C4,null,null,null,null,null,SML1403,SIGMA,2021_LOPAC_01,null,null,IN-1130,null,4,null,null,null,32.902,-19.971,3.627,0.553,0.746,null,null,null,null,null,null,5,null,null,13.343,-19.559,25.44,8.311,null,null,null,null,null,null,null,null,null,RYKSGWSKILPDDY,null,TRND,ehqufPYbItAtYAIYQG,null,ALK4 inhibitor,null,null,null,null,null,null,null,868612-83-3,ACVR1B,null,null,0,4,0,null,null,173030,0 0 0 0,1,1,2025-06-17 15:22:09,null,null,null,null,null,null,null,364783499,activity,null,HTS,null,13.343,-3.527,1.654,-19.559,null,null,null,null,null,null,null,null,null,null,null,null,null,null,null,null,null,null,null,null,null,278937751
TRND-Glioblastoma_LOPAC_A172-primary_screen2,NCGC00162133-05,activity,null,4,-11.5,5.369,OC[C@H]1NC[C@@H](O)[C@@H]1O,null,null,null,null,null,D1542,SIGMA,2021_LOPAC_01,null,null,"1,4-Dideoxy-1,4-imino-D-arabinitol",null,4,null,null,null,12.946,3.5,3.929,0.298,0.941,null,null,null,null,null,null,15,null,null,14.814,1.868,53.839,54.478,null,null,null,null,null,null,null,null,null,OQEBIHBLFRADNM,null,TRND,YJvbVOnmrNaZsdKsoh,null,null,null,null,CL,null,null,null,null,null,null,null,null,0,4,0,null,null,173030,0 0 0 0,1,1,2025-06-17 15:22:09,null,null,null,null,null,null,null,364782779,activity,null,HTS,null,14.814,12.304,1.868,5.369,null,null,null,null,null,null,null,null,null,null,null,null,null,null,null,null,null,null,null,null,null,278937752
TRND-Glioblastoma_LOPAC_A172-primary_screen2,NCGC00024832-06,activity,null,4,-14,1.242,CC(=O)N[C@@H](CC1=CNC2=C1C=CC=C2)C(=O)OCC3=CC(=CC(=C3)C(F)(F)F)C(F)(F)F,null,null,null,null,null,A5330,SIGMA,2021_LOPAC_01,null,null,"L-732,138",null,4,null,null,null,18.806,1,4.955,0.565,0.732,null,null,null,null,null,null,15,null,null,20.048,1.242,52.408,62.996,null,null,null,null,null,null,null,null,null,BYYQYXVAWXAYQC,null,TRND,nbOZJAvOqjgOEYrYdU,null,null,null,null,null,null,null,null,null,null,null,null,null,0,4,0,null,null,173030,0 0 0 0,1,1,2025-06-17 15:22:09,null,null,null,null,null,null,null,364781527,activity,null,HTS,null,9.915,20.048,14.629,1.242,null,null,null,null,null,null,null,null,null,null,null,null,null,null,null,null,null,null,null,null,null,278937753
TRND-Glioblastoma_LOPAC_A172-primary_screen2,NCGC00015465-11,activity,null,4,0,6.705,COC(=O)N1CCN(C(CN2CCCC2)C1)C(=O)CC3=CC(Cl)=C(Cl)C=C3,null,null,null,null,null,G133,SIGMA,2021_LOPAC_01,null,null,GR-89696 fumarate,null,4,null,null,null,8.395,0,null,null,null,null,null,null,null,null,null,0,null,null,15.1,6.705,61.773,null,null,null,null,null,null,null,null,null,null,HJUAKZYKCANOOZ,null,TRND,SHUFRFimUzLgWzBzyv,null,null,null,null,FUMARIC_ACID,null,null,null,null,null,null,null,null,0,4,null,null,null,173030,null,1,1,2025-06-17 15:22:09,null,null,null,null,null,null,null,364781123,activity,null,HTS,null,15.1,12.647,10.734,6.705,null,null,null,null,null,null,null,null,null,null,null,null,null,null,null,null,null,null,null,null,null,278937754
TRND-Glioblastoma_LOPAC_A172-primary_screen2,NCGC00165775-11,activity,null,4,-9,7.149,O=C(C1CC1)C2=CC=C(OCCCC3=CNC=N3)C=C2,null,null,null,null,null,H3132,SIGMA,2021_LOPAC_01,null,null,Ciproxifan hydrochloride,null,4,null,null,null,12.003,7,4.504,0.536,0.77,null,null,null,null,null,null,16,null,null,19.152,7.149,64.569,69.935,null,null,null,null,null,null,null,null,null,ACQBHJXEAYTHCY,null,TRND,PinsqlkxdBVTHUtGQy,null,null,null,null,CL,null,null,null,null,null,null,null,null,0,4,0,null,null,173030,0 0 0 0,1,1,2025-06-17 15:22:09,null,null,null,null,null,null,null,364781155,activity,null,HTS,null,13.244,19.152,15.264,7.149,null,null,null,null,null,null,null,null,null,null,null,null,null,null,null,null,null,null,null,null,null,278937755
TRND-Glioblastoma_LOPAC_A172-primary_screen2,NCGC00160391-14,activity,3.548134,-1.3,-94.721,-94.714,CCP(CC)(CC)=[Au]S[C@@H]1O[C@H](COC(C)=O)[C@@H](OC(C)=O)[C@H](OC(C)=O)[C@H]1OC(C)=O,null,null,null,null,null,A6733,SIGMA,2021_LOPAC_01,-5.45,null,Auranofin,null,-1.1,null,null,null,116.815,-94.903,4.449,0.265,1,null,null,null,null,null,null,-0.182,null,null,22.101,-94.714,-117.317,-113.95,null,null,null,null,null,null,null,null,null,AUJRCFUBUPVWSZ,null,TRND,YerqWJpPCqMBfbNOrT,null,Thioredoxin Reductase inhibitor,null,null,null,null,null,null,null,[NO STEREO] 34031-32-8,TXNRD1,null,null,0,4,1,null,null,173030,1 0 0 0,1,1,2025-06-17 15:22:09,null,null,null,null,null,null,null,364780387,activity,null,HTS,3.634912,22.101,-1.402,-89.602,-94.714,null,null,null,null,null,null,null,null,null,null,null,null,null,null,null,null,null,null,null,null,null,278937756
TRND-Glioblastoma_LOPAC_A172-primary_screen2,NCGC00015548-09,activity,null,4,-21.5,13.758,NC(=O)CI,null,null,null,null,null,I1149,SIGMA,2021_LOPAC_01,null,null,Iodoacetamide,null,4,null,null,null,16.861,13.5,4.955,0.263,0.955,null,null,null,null,null,null,35,null,null,28.356,11.495,104.723,105.104,null,null,null,null,null,null,null,null,null,PGLTVOMIXTUURA,null,TRND,fNlKciVySoaqpbcmjr,null,null,null,null,null,null,null,null,null,144-48-9,null,null,null,0,4,0,null,null,173030,0 0 0 0,1,1,2025-06-17 15:22:09,null,null,null,null,null,null,null,364780611,activity,null,HTS,null,28.356,11.495,15.394,13.758,null,null,null,null,null,null,null,null,null,null,null,null,null,null,null,null,null,null,null,null,null,278937757
TRND-Glioblastoma_LOPAC_A172-primary_screen2,NCGC00346491-13,activity,null,4,11.5,14.597,CCC1=C(C(=O)C(N)=O)C2=C(C=CC=C2OCC(O)=O)N1CC3=CC=CC=C3,null,null,null,null,null,SML1100,SIGMA,2021_LOPAC_01,null,null,Varespladib,null,4,null,null,null,10.878,23,4.955,1,0.931,null,null,null,null,null,null,11.5,null,null,20.857,9.979,68.409,66.566,null,null,null,null,null,null,null,null,null,BHLXTPHDSZUFHR,null,TRND,vBZzgVDgNJFTwdPDNU,null,Secretory Phospholipase A2 (sPLA2) inhibitor,null,null,null,null,null,null,null,172732-68-2,PLA2G2A,null,null,0,4,1,null,null,173030,0 0 0 1,1,1,2025-06-17 15:22:09,null,null,null,null,null,null,null,364780319,activity,null,HTS,null,12.931,9.979,20.857,14.597,null,null,null,null,null,null,null,null,null,null,null,null,null,null,null,null,null,null,null,null,null,278937758
TRND-Glioblastoma_LOPAC_A172-primary_screen2,NCGC00016888-08,activity,12.589254,-3,-103.013,-96.739,CNCC[C@H](OC1=CC=C(C=C1)C(F)(F)F)C2=CC=CC=C2,null,null,null,null,null,F1553,SIGMA,2021_LOPAC_01,-4.9,null,S-(+)-Fluoxetine hydrochloride,null,-3,null,null,null,102.933,-97.513,4.955,0.019,1,null,null,null,null,null,null,5.5,null,null,6.194,-96.739,-33.041,-30.843,null,null,null,null,null,null,null,null,null,RTHCYVBBDHJXIQ,null,TRND,CITvcWKcZDwqUeVXWH,null,null,null,null,CL,null,null,null,null,114247-06-2,null,null,null,0,4,0,null,null,173030,0 0 0 0,1,1,2025-06-17 15:22:09,null,null,null,null,null,null,null,364784983,activity,null,HTS,12.719574,4.438,6.194,1.672,-96.739,null,null,null,null,null,null,null,null,null,null,null,null,null,null,null,null,null,null,null,null,null,278937759
TRND-Glioblastoma_LOPAC_A172-primary_screen2,NCGC00015830-14,activity,null,4,-13.5,6.944,NNCCC1=CC=CC=C1,null,null,null,null,null,P6777,SIGMA,2021_LOPAC_01,null,null,Phenelzine sulfate,null,4,null,null,null,13.866,-1.5,4.955,1,0.915,null,null,null,null,null,null,12,null,null,13.877,0.011,36.794,40.966,null,null,null,null,null,null,null,null,null,RMUCZJUITONUFY,null,TRND,HnjLfdWDnlyNXIrygV,null,Amine oxidase A inhibitor,null,null,SULFURIC_ACID,null,null,null,null,156-51-4,MAOA,null,null,0,4,1,null,null,173030,0 0 0 1,1,1,2025-06-17 15:22:09,null,null,null,null,null,null,null,364781099,activity,null,HTS,null,9.759,13.877,0.011,6.944,null,null,null,null,null,null,null,null,null,null,null,null,null,null,null,null,null,null,null,null,null,278937760
TRND-Glioblastoma_LOPAC_A172-primary_screen2,NCGC00093741-05,activity,null,4,0,5.73,[H][C@]12SCC(C)=C(N1C(=O)[C@H]2NC(=O)C(N)C3=CCC=CC3)C(O)=O,null,null,null,null,null,C8395,SIGMA,2021_LOPAC_01,null,null,Cephradine,null,4,null,null,null,9.449,0,null,null,null,null,null,null,null,null,null,0,null,null,8.45,-0.998,28.786,null,null,null,null,null,null,null,null,null,null,RDLPVSKMFDYCOR,null,TRND,WTCloNBkmABTJQenmV,null,null,null,null,null,null,null,null,null,[NO STEREO] 38821-53-3,null,null,null,0,4,null,null,null,173030,null,1,1,2025-06-17 15:22:09,null,null,null,null,null,null,null,364783147,activity,null,HTS,null,8.45,4.323,-0.998,5.73,null,null,null,null,null,null,null,null,null,null,null,null,null,null,null,null,null,null,null,null,null,278937761
TRND-Glioblastoma_LOPAC_A172-primary_screen2,NCGC00015193-14,activity,null,4,0,10.314,NC1=NC2=C(C=C(Cl)C=C2)C3=NC(=NN13)C4=CC=CO4,null,null,null,null,null,C199,SIGMA,2021_LOPAC_01,null,null,CGS-15943,null,4,null,null,null,15.192,0,null,null,null,null,null,null,null,null,null,0,null,null,19.442,4.25,70.574,null,null,null,null,null,null,null,null,null,null,MSJODEOZODDVGW,null,TRND,oyhENrCxPZNseaYQAX,null,null,null,null,null,null,null,null,null,null,null,null,null,0,4,null,null,null,173030,null,1,1,2025-06-17 15:22:09,null,null,null,null,null,null,null,364780187,activity,null,HTS,null,17.507,4.25,19.442,10.314,null,null,null,null,null,null,null,null,null,null,null,null,null,null,null,null,null,null,null,null,null,278937762
TRND-Glioblastoma_LOPAC_A172-primary_screen2,NCGC00015648-08,activity,null,4,0,7.338,CNCCC1=CNC2=C1C=C(O)C=C2,null,null,null,null,null,M1514,SIGMA,2021_LOPAC_01,null,null,N-omega-Methyl-5-hydroxytryptamine oxalate salt,null,4,null,null,null,8.394,0,null,null,null,null,null,null,null,null,null,0,null,null,15.731,7.338,48.124,null,null,null,null,null,null,null,null,null,null,ASUSBMNYRHGZIG,null,TRND,TxeOBgktlSsGbGoIrW,null,null,null,null,OXALIC_ACID,null,null,null,null,null,null,null,null,0,4,null,null,null,173030,null,1,1,2025-06-17 15:22:09,null,null,null,null,null,null,null,364781615,activity,null,HTS,null,8.283,14.71,15.731,7.338,null,null,null,null,null,null,null,null,null,null,null,null,null,null,null,null,null,null,null,null,null,278937763
TRND-Glioblastoma_LOPAC_A172-primary_screen2,NCGC00015188-12,activity,null,4,0,-2.562,NC(=N)NC(=N)NC1=CC=CC(Cl)=C1,null,null,null,null,null,C144,SIGMA,2021_LOPAC_01,null,null,1-(m-Chlorophenyl)-biguanide hydrochloride,null,4,null,null,null,3.862,0,null,null,null,null,null,null,null,null,null,0,null,null,-0.957,-4.819,-9.478,null,null,null,null,null,null,null,null,null,null,DIHXJZHAIHGSAW,null,TRND,FsdKIpFsPRQiGAFVTc,null,null,null,null,CL,null,null,null,null,null,null,null,null,0,4,null,null,null,173030,null,1,1,2025-06-17 15:22:09,null,null,null,null,null,null,null,364781451,activity,null,HTS,null,-1.475,-0.957,-4.819,-2.562,null,null,null,null,null,null,null,null,null,null,null,null,null,null,null,null,null,null,null,null,null,278937764
TRND-Glioblastoma_LOPAC_A172-primary_screen2,NCGC00016508-19,activity,null,4,0,-2.962,CN1N=C(S\C1=N\C(C)=O)[S+](N)([O-])=O,null,null,null,null,null,SML0720,SIGMA,2021_LOPAC_01,null,null,Methazolamide,null,4,null,null,null,9.617,0,null,null,null,null,null,null,null,null,null,0,null,null,6.654,-2.962,5.429,null,null,null,null,null,null,null,null,null,null,FQMSRRCSEOMGHZ,null,TRND,PLrhPMdqlmsOwLbpcO,null,null,null,null,null,null,null,null,null,1164547-86-7,null,null,null,0,4,null,null,null,173030,null,1,1,2025-06-17 15:22:09,null,null,null,null,null,null,null,364784207,activity,null,HTS,null,-0.367,6.654,4.796,-2.962,null,null,null,null,null,null,null,null,null,null,null,null,null,null,null,null,null,null,null,null,null,278937765
TRND-Glioblastoma_LOPAC_A172-primary_screen2,NCGC00015768-10,activity,null,4,0,7.04,NC(=O)CN1CC(O)CC1=O,null,null,null,null,null,O3011,SIGMA,2021_LOPAC_01,null,null,Oxiracetam,null,4,null,null,null,9.278,0,null,null,null,null,null,null,null,null,null,0,null,null,7.04,-2.238,1.952,null,null,null,null,null,null,null,null,null,null,IHLAQQPQKRMGSS,null,TRND,lWpZQglqRuPMwhLIWc,null,null,null,null,null,null,null,null,null,62613-82-5,null,null,null,0,4,null,null,null,173030,null,1,1,2025-06-17 15:22:09,null,null,null,null,null,null,null,364783851,activity,null,HTS,null,-2.238,5.901,0.484,7.04,null,null,null,null,null,null,null,null,null,null,null,null,null,null,null,null,null,null,null,null,null,278937766
TRND-Glioblastoma_LOPAC_A172-primary_screen2,NCGC00094157-05,activity,null,4,-24,22.569,CC1(C)CCC(CC1)NC(=O)[C@@H](N)CCC(O)=O,null,null,null,null,null,N2034,SIGMA,2021_LOPAC_01,null,null,CR 2249,null,4,null,null,null,20.361,8.5,1.692,1,1,null,null,null,null,null,null,32.5,null,null,29.616,9.255,105.167,105.097,null,null,null,null,null,null,null,null,null,VCRGLZYPNNAVRP,null,TRND,rZqPuTDnSaocBdQDef,null,null,null,null,null,null,null,null,null,163000-63-3,null,null,null,0,4,1,null,null,173030,0 0 0 1,1,1,2025-06-17 15:22:09,null,null,null,null,null,null,null,364781975,activity,null,HTS,null,29.616,16.657,9.255,22.569,null,null,null,null,null,null,null,null,null,null,null,null,null,null,null,null,null,null,null,null,null,278937767
TRND-Glioblastoma_LOPAC_A172-primary_screen2,NCGC00689999-01,activity,null,4,-38.611,-22.592,CC(C)C(=O)NC1=NNC2=C1C=CC(=C2)C3=CC(N[S+]([O-])(=O)C4CC4)=CC=C3,null,null,null,null,null,SML2220,SIGMA,2021_LOPAC_01,null,null,SGC-AAK1-1N,null,4,null,null,null,29.859,-31.111,1.064,0.06,0.998,null,null,null,null,null,null,7.5,null,null,7.267,-22.592,6.011,5.443,null,null,null,null,null,null,null,null,null,CUOKPJUCXLNBQI,null,TRND,BAEoCFzGjeVmrvnLNq,null,null,null,null,null,null,null,null,null,null,null,null,null,0,4,0,null,null,173030,0 0 0 0,1,1,2025-06-17 15:22:09,null,null,null,null,null,null,null,364784327,activity,null,HTS,null,7.267,3.227,-6.483,-22.592,null,null,null,null,null,null,null,null,null,null,null,null,null,null,null,null,null,null,null,null,null,278938278
TRND-Glioblastoma_LOPAC_A172-primary_screen2,NCGC00015708-30,activity,12.589254,-3,-105.456,-95.69,CNCCCC12CCC(C3=CC=CC=C13)C4=C2C=CC=C4,null,null,null,null,null,M9651,SIGMA,2021_LOPAC_01,-4.9,null,Maprotiline hydrochloride,null,-3,null,null,null,104.566,-96.456,4.955,0.007,1,null,null,null,null,null,null,9,null,null,8.876,-95.69,-15.922,-15.741,null,null,null,null,null,null,null,null,null,QSLMDECMDJKHMQ,null,TRND,GmXogZJNgIehcZbxRp,null,Sodium-dependent Noradrenaline Transporter inhibitor,null,null,CL,null,null,null,null,10347-81-6,SLC6A2,null,null,0,4,0,null,null,173030,0 0 0 0,1,1,2025-06-17 15:22:09,null,null,null,null,null,null,null,364781271,activity,null,HTS,12.777451,8.876,8.854,5.093,-95.69,null,null,null,null,null,null,null,null,null,null,null,null,null,null,null,null,null,null,null,null,null,278938279
TRND-Glioblastoma_LOPAC_A172-primary_screen2,NCGC00015984-12,activity,null,4,0,5.05,CN1C2CCC1CC(C2)OC(=O)C3=CNC4=C3C=CC=C4,null,null,null,null,null,T104,SIGMA,2021_LOPAC_01,null,null,3-Tropanyl-indole-3-carboxylate hydrochloride,null,4,null,null,null,12.59,0,null,null,null,null,null,null,null,null,null,0,null,null,16.464,3.873,52.364,null,null,null,null,null,null,null,null,null,null,ZNRGQMMCGHDTEI,null,TRND,RAwzuQBLlkYmjvjgMd,null,null,null,null,CL,null,null,null,null,[NO STEREO] 105826-92-4,null,null,null,0,4,null,null,null,173030,null,1,1,2025-06-17 15:22:09,null,null,null,null,null,null,null,364783855,activity,null,HTS,null,12.788,3.873,16.464,5.05,null,null,null,null,null,null,null,null,null,null,null,null,null,null,null,null,null,null,null,null,null,278938280
TRND-Glioblastoma_LOPAC_A172-primary_screen2,NCGC00015207-27,activity,null,4,0,9.671,O=C1CCC2=C(N1)C=CC(OCCCCC3=NN=NN3C4CCCCC4)=C2,null,null,null,null,null,C0737,SIGMA,2021_LOPAC_01,null,null,Cilostazol,null,4,null,null,null,6.196,0,null,null,null,null,null,null,null,null,null,0,null,null,9.985,3.789,35.614,null,null,null,null,null,null,null,null,null,null,RRGUKTPIGVIEKM,null,TRND,bsNGlTdqIMCNgZfetY,null,Phosphodiesterase 3A inhibitor,null,null,null,null,null,null,null,73963-72-1,PDE3A,null,null,0,4,null,null,null,173030,null,1,1,2025-06-17 15:22:09,null,null,null,null,null,null,null,364783763,activity,null,HTS,null,7.532,9.985,3.789,9.671,null,null,null,null,null,null,null,null,null,null,null,null,null,null,null,null,null,null,null,null,null,278938281
TRND-Glioblastoma_LOPAC_A172-primary_screen2,NCGC00016043-18,activity,null,4,9.792,7.419,OC1=C(O)C=C(C=C(C#N)C#N)C=C1,null,null,null,null,null,T7165,SIGMA,2021_LOPAC_01,null,null,Tyrphostin 23,null,4,null,null,null,19.329,7.5,4.955,0.752,0.32,null,null,null,null,null,null,-2.292,null,null,7.419,-11.91,19.185,-0.103,null,null,null,null,null,null,null,null,null,VTJXFTPMFYAJJU,null,TRND,TSIJelOVLCxtoJDLOf,null,null,null,null,null,null,null,null,null,118409-57-7,null,null,null,0,4,0,null,null,173030,0 0 0 0,1,1,2025-06-17 15:22:09,null,null,null,null,null,null,null,364782683,activity,null,HTS,null,7.02,-11.91,5.899,7.419,null,null,null,null,null,null,null,null,null,null,null,null,null,null,null,null,null,null,null,null,null,278938282
TRND-Glioblastoma_LOPAC_A172-primary_screen2,NCGC00159406-23,activity,null,4,-24.132,19.538,[H][C@](O)(CN)C1=CC=C(O)C(O)=C1,null,null,null,null,null,A9512,SIGMA,2021_LOPAC_01,null,null,L(-)-Norepinephrine bitartrate,null,4,null,null,null,23.715,-6.632,4.955,1,0.894,null,null,null,null,null,null,17.5,null,null,21.522,-2.194,50.387,55.943,null,null,null,null,null,null,null,null,null,SFLSHLFXELFNJZ,null,TRND,UXGDzntYuolcgmiiHG,null,Alpha-1A Adrenergic Receptor agonist,null,null,SUCCINICACIDOH,null,null,null,null,108341-18-0,ADRA1A,null,null,0,4,1,null,null,173030,0 0 0 1,1,1,2025-06-17 15:22:09,null,null,null,null,null,null,null,364780831,activity,null,HTS,null,13.705,21.522,-2.194,19.538,null,null,null,null,null,null,null,null,null,null,null,null,null,null,null,null,null,null,null,null,null,278938283
TRND-Glioblastoma_LOPAC_A172-primary_screen2,NCGC00162189-07,activity,null,4,0,13.282,[H][C@](N)(CC1=CNC=N1)C(O)=O,null,null,null,null,null,H8125,SIGMA,2021_LOPAC_01,null,null,L-Histidine hydrochloride,null,4,null,null,null,7.511,0,null,null,null,null,null,null,null,null,null,0,null,null,20.086,12.575,81.256,null,null,null,null,null,null,null,null,null,null,HNDVDQJCIGZPNO,null,TRND,ifORsdPHMlLCOcERNv,null,null,null,null,CL,null,null,null,null,645-35-2,null,null,null,0,4,null,null,null,173030,null,1,1,2025-06-17 15:22:09,null,null,null,null,null,null,null,364780547,activity,null,HTS,null,20.086,12.575,13.936,13.282,null,null,null,null,null,null,null,null,null,null,null,null,null,null,null,null,null,null,null,null,null,278938284
TRND-Glioblastoma_LOPAC_A172-primary_screen2,NCGC00021318-20,activity,null,4,-17.364,-15.712,CCCC1O[C@@H]2C[C@H]3[C@@H]4CCC5=CC(=O)C=C[C@]5(C)[C@H]4[C@@H](O)C[C@]3(C)[C@@]2(O1)C(=O)CO,null,null,null,null,null,B7777,SIGMA,2021_LOPAC_01,null,null,Budesonide,null,4,null,null,null,14.47,-18.354,1.222,0.018,1,null,null,null,null,null,null,-0.99,null,null,-1.242,-15.712,-19.705,-19.835,null,null,null,null,null,null,null,null,null,VOVIALXJUBGFJZ,null,TRND,mxuNwdwVOhgRDVCcfU,null,null,null,null,null,null,null,null,null,51333-22-3,null,null,null,0,4,0,null,null,173030,0 0 0 0,1,1,2025-06-17 15:22:09,null,null,null,null,null,null,null,364781143,activity,null,HTS,null,-1.242,-2.622,-8.819,-15.712,null,null,null,null,null,null,null,null,null,null,null,null,null,null,null,null,null,null,null,null,null,278938285
TRND-Glioblastoma_LOPAC_A172-primary_screen2,NCGC00018117-48,activity,null,4,0,4.346,CN1C2=C(NC=N2)C(=O)N(C)C1=O,null,null,null,null,null,A1755,SIGMA,2021_LOPAC_01,null,null,Aminophylline ethylenediamine,null,4,null,null,null,4.229,0,null,null,null,null,null,null,null,null,null,0,null,null,6.265,2.036,22.918,null,null,null,null,null,null,null,null,null,null,ZFXYFBGIUFBOJW,null,TRND,rjLBhBvErNyKcpHKNB,null,Adenosine Receptor A1 antagonist,null,null,ETHANEDIAMINE,null,null,null,null,58-55-9,ADORA1,null,null,0,4,null,null,null,173030,null,1,1,2025-06-17 15:22:09,null,null,null,null,null,null,null,364780823,activity,null,HTS,null,6.265,2.608,2.036,4.346,null,null,null,null,null,null,null,null,null,null,null,null,null,null,null,null,null,null,null,null,null,278938286
TRND-Glioblastoma_LOPAC_A172-primary_screen2,NCGC00015336-08,activity,null,4,-14.821,-1.861,CC(=O)C(C)=O,null,null,null,null,null,D3634,SIGMA,2021_LOPAC_01,null,null,"2,3-Butanedione",null,4,null,null,null,15.227,-1.821,3.512,0.041,0.999,null,null,null,null,null,null,13,null,null,13.292,-1.934,41.664,41.035,null,null,null,null,null,null,null,null,null,QSJXEFYPDANLFS,null,TRND,exRBVwuhyhUyDyORng,null,null,null,null,null,null,null,null,null,431-03-8,null,null,null,0,4,0,null,null,173030,0 0 0 0,1,1,2025-06-17 15:22:09,null,null,null,null,null,null,null,364784071,activity,null,HTS,null,13.292,10.169,-1.934,-1.861,null,null,null,null,null,null,null,null,null,null,null,null,null,null,null,null,null,null,null,null,null,278938287
TRND-Glioblastoma_LOPAC_A172-primary_screen2,NCGC00015415-07,activity,null,4,0,-4.956,CCN1C(=O)C=CC1=O,null,null,null,null,null,E3876,SIGMA,2021_LOPAC_01,null,null,N-Ethylmaleimide,null,4,null,null,null,7.792,0,null,null,null,null,null,null,null,null,null,0,null,null,2.836,-4.956,3.652,null,null,null,null,null,null,null,null,null,null,HDFGOPSGAURCEO,null,TRND,LSIDZAXseoXKKtVJqN,null,null,null,null,null,null,null,null,null,128-53-0,null,null,null,0,4,null,null,null,173030,null,1,1,2025-06-17 15:22:09,null,null,null,null,null,null,null,364781115,activity,null,HTS,null,1.467,0.29,2.836,-4.956,null,null,null,null,null,null,null,null,null,null,null,null,null,null,null,null,null,null,null,null,null,278938288
TRND-Glioblastoma_LOPAC_A172-primary_screen2,NCGC00024512-14,activity,null,4,14.272,12.969,N[C@@H](COP(O)(O)=O)C(O)=O,null,null,null,null,null,P0878,SIGMA,2021_LOPAC_01,null,null,O-Phospho-L-serine,null,4,null,null,null,26.98,13,2.353,0.913,1,null,null,null,null,null,null,-1.272,null,null,26.753,-0.227,12.935,9.941,null,null,null,null,null,null,null,null,null,BZQFBWGGLXLEPQ,null,TRND,aGfpgYkMKaseEOaixH,null,null,null,null,null,null,null,null,null,407-41-0,null,null,null,0,4,1,null,null,173030,1 0 0 0,1,1,2025-06-17 15:22:09,null,null,null,null,null,null,null,364780703,activity,null,HTS,null,26.753,-0.227,9.875,12.969,null,null,null,null,null,null,null,null,null,null,null,null,null,null,null,null,null,null,null,null,null,278938289
TRND-Glioblastoma_LOPAC_A172-primary_screen2,NCGC00487398-04,activity,12.589254,-3,-69.594,-48.828,CN(C1CCN(C[C@H](O)COC2=CC(F)=C(F)C=C2)CC1)C3=NC4=C(S3)C=CC=C4,null,null,null,null,null,SML0824,SIGMA,2021_LOPAC_01,-4.9,null,Lubeluzole dihydrochloride,null,-3,null,null,null,63.826,-58.594,1.858,0.151,0.986,null,null,null,null,null,null,11,null,null,14.998,-48.828,15.821,7.939,null,null,null,null,null,null,null,null,null,OZFSWVOEXHGDES,null,TRND,tXBCZiXElfNOBaOFtF,null,null,null,null,CL,null,null,null,null,144665-07-6,null,null,null,0,4,0,null,null,173030,0 0 0 0,1,1,2025-06-17 15:22:09,null,null,null,null,null,null,null,364784535,activity,null,HTS,32.480974,14.998,5.765,-5.95,-48.828,null,null,null,null,null,null,null,null,null,null,null,null,null,null,null,null,null,null,null,null,null,278938290
TRND-Glioblastoma_LOPAC_A172-primary_screen2,NCGC00345495-10,activity,null,4,-32.088,-9.656,CC1=NN=C2[C@@H](CC(=O)OC(C)(C)C)\N=C(/C3=C(SC(C)=C3C)N12)C4=CC=C(Cl)C=C4,null,null,null,null,null,SML1525,SIGMA,2021_LOPAC_01,null,null,(-)-JQ1 ,null,4,null,null,null,34.032,-10.088,3.247,0.174,0.981,null,null,null,null,null,null,22,null,null,24.375,-9.656,86.795,82.061,null,null,null,null,null,null,null,null,null,DNVXATUJJDPFDM,null,TRND,LXlkTsrxHlFXOygJun,null,null,null,null,null,null,null,null,null,1268524-70-4,null,null,null,0,4,0,null,null,173030,0 0 0 0,1,1,2025-06-17 15:22:09,null,null,null,null,null,null,null,364781059,activity,null,HTS,null,24.375,19.231,15.425,-9.656,null,null,null,null,null,null,null,null,null,null,null,null,null,null,null,null,null,null,null,null,null,278938291
TRND-Glioblastoma_LOPAC_A172-primary_screen2,NCGC00015142-08,activity,null,4,0,7.817,NC(=O)C1=CC=CC=C1,null,null,null,null,null,B2009,SIGMA,2021_LOPAC_01,null,null,Benzamide,null,4,null,null,null,5.331,0,null,null,null,null,null,null,null,null,null,0,null,null,11.112,5.781,32.44,null,null,null,null,null,null,null,null,null,null,KXDAEFPNCMNJSK,null,TRND,OpBQWQzmtrFQmCccaY,null,null,null,null,null,null,null,null,null,55-21-0,null,null,null,0,4,null,null,null,173030,null,1,1,2025-06-17 15:22:09,null,null,null,null,null,null,null,364784763,activity,null,HTS,null,5.781,6.462,11.112,7.817,null,null,null,null,null,null,null,null,null,null,null,null,null,null,null,null,null,null,null,null,null,278938292
TRND-Glioblastoma_LOPAC_A172-primary_screen2,NCGC00016049-20,activity,1,1.4,25.948,13.439,CCCCNC1=CC=C(C=C1)C(=O)OCCN(C)C,null,null,null,null,null,T7508,SIGMA,2021_LOPAC_01,-6,null,Tetracaine hydrochloride,null,4,null,null,null,25.298,14,2.533,0.043,0.999,null,null,null,null,null,null,-11.948,null,null,14.092,-11.206,-10.495,-9.848,null,null,null,null,null,null,null,null,null,GKCBAIGFKIBETG,null,TRND,MXMsmdgEXWSRCItSbR,null,null,null,null,CL,null,null,null,null,136-47-0,null,null,null,0,4,0,null,null,173030,0 0 0 0,1,1,2025-06-17 15:22:09,null,null,null,null,null,null,null,364781427,activity,null,HTS,null,-11.206,5.274,14.092,13.439,null,null,null,null,null,null,null,null,null,null,null,null,null,null,null,null,null,null,null,null,null,278938293
TRND-Glioblastoma_LOPAC_A172-primary_screen2,NCGC00168469-04,activity,null,4,-14.5,6.501,[H][C@@]12C[C@@]3(O)[C@H](OC(=O)C4=CC=CC=C4)[C@]1([H])[C@@](OC(C)=O)(C5[C@H](OC)C6C27[C@@H](C[C@@H](O)[C@@]6(COC)CN(CC)[C@]57[H])OC)[C@@H](O)[C@@H]3OC,null,null,null,null,null,A8001,SIGMA,2021_LOPAC_01,null,null,Aconitine,null,4,null,null,null,13.487,3,4.955,0.582,0.711,null,null,null,null,null,null,17.5,null,null,14.544,1.056,48.935,46.448,null,null,null,null,null,null,null,null,null,XFSBVAOIAHNAPC,null,TRND,vkfYubGltZnkECNgms,null,null,null,null,null,null,null,null,null,[NO STEREO] 302-27-2,null,null,null,0,4,0,null,null,173030,0 0 0 0,1,1,2025-06-17 15:22:09,null,null,null,null,null,null,null,364782807,activity,null,HTS,null,14.544,1.056,6.318,6.501,null,null,null,null,null,null,null,null,null,null,null,null,null,null,null,null,null,null,null,null,null,278938294
TRND-Glioblastoma_LOPAC_A172-primary_screen2,NCGC00015243-24,activity,null,4,0,11.73,ClC1=CC=C(CN2C(CN3CCCC3)=NC4=C2C=CC=C4)C=C1,null,null,null,null,null,SML1447,SIGMA,2021_LOPAC_01,null,null,Clemizole hydrochloride,null,4,null,null,null,6.336,0,null,null,null,null,null,null,null,null,null,0,null,null,17.243,10.906,60.888,null,null,null,null,null,null,null,null,null,null,CJXAEXPPLWQRFR,null,TRND,czckYpniTNGlTQJhxu,null,Histamine H1 Receptor antagonist,null,null,CL,null,null,null,null,1163-36-6,HRH1,null,null,0,4,null,null,null,173030,null,1,1,2025-06-17 15:22:09,null,null,null,null,null,null,null,364783435,activity,null,HTS,null,12.628,17.243,10.906,11.73,null,null,null,null,null,null,null,null,null,null,null,null,null,null,null,null,null,null,null,null,null,278938295
TRND-Glioblastoma_LOPAC_A172-primary_screen2,NCGC00015388-06,activity,null,4,-15.872,-3.643,NCCCCCCCCCCN,null,null,null,null,null,D14204,SIGMA,2021_LOPAC_01,null,null,"1,10-Diaminodecane",null,4,null,null,null,15.077,-1.372,4.955,0.443,0.857,null,null,null,null,null,null,14.5,null,null,11.434,-3.643,29.092,28.966,null,null,null,null,null,null,null,null,null,YQLZOAVZWJBZSY,null,TRND,TlYyeYAlKxMqHEineU,null,null,null,null,null,null,null,null,null,646-25-3,null,null,null,0,4,0,null,null,173030,0 0 0 0,1,1,2025-06-17 15:22:09,null,null,null,null,null,null,null,364783455,activity,null,HTS,null,11.434,-3.225,2.188,-3.643,null,null,null,null,null,null,null,null,null,null,null,null,null,null,null,null,null,null,null,null,null,278938296
TRND-Glioblastoma_LOPAC_A172-primary_screen2,NCGC00186017-07,activity,10,-3,-88.115,-78.171,OC1=CC=C(CCNC2=CC=C(NCCC3=CC=C(O)C=C3)C4=C2C(=O)C5=CC=CC=C5C4=O)C=C1,null,null,null,null,null,J4829,SIGMA,2021_LOPAC_01,-5,null,JFD00244,null,-3,null,null,null,87.862,-78.615,4.045,0.013,1,null,null,null,null,null,null,9.5,null,null,9.691,-78.171,-13.181,-11.371,null,null,null,null,null,null,null,null,null,UUJHFIBEJJLZBF,null,TRND,yIkEJqzfeLNTQFIMlx,null,null,null,null,null,null,null,null,null,null,null,null,null,0,4,0,null,null,173030,0 0 0 0,1,1,2025-06-17 15:22:09,null,null,null,null,null,null,null,364783823,activity,null,HTS,11.479435,8.814,9.691,-4.749,-78.171,null,null,null,null,null,null,null,null,null,null,null,null,null,null,null,null,null,null,null,null,null,278938297
TRND-Glioblastoma_LOPAC_A172-primary_screen2,NCGC00507758-02,activity,null,4,0,8.649,COC1=CC2=C(C=C1)C3C(=N2)[S+](CC4=C(C)C(OC)=C(C)C=N4)[O-][Mg]35[O-][S+](CC6=C(C)C(OC)=C(C)C=N6)C7=NC8=C(C=CC(OC)=C8)N57,null,null,null,null,null,E7906,SIGMA,2021_LOPAC_01,null,null,Esomeprazole magnesium dihydrate,null,4,null,null,null,10.1,0,null,null,null,null,null,null,null,null,null,0,null,null,10.249,0.149,36.568,null,null,null,null,null,null,null,null,null,null,MEJVBZKBQJMUAG,null,TRND,oairDJwIuLlKeFldjS,null,null,null,null,H2O,null,null,null,null,null,null,null,null,0,4,null,null,null,173030,null,1,1,2025-06-17 15:22:09,null,null,null,null,null,null,null,364784375,activity,null,HTS,null,8.918,0.149,10.249,8.649,null,null,null,null,null,null,null,null,null,null,null,null,null,null,null,null,null,null,null,null,null,278938298
TRND-Glioblastoma_LOPAC_A172-primary_screen2,NCGC00015971-10,activity,null,4,0,7.688,C[N+](C)(C)CCOC(=O)CCC(=O)OCC[N+](C)(C)C,null,null,null,null,null,S8251,SIGMA,2021_LOPAC_01,null,null,Succinylcholine chloride,null,4,null,null,null,3.982,0,null,null,null,null,null,null,null,null,null,0,null,null,11.67,7.688,52.146,null,null,null,null,null,null,null,null,null,null,AXOIZCJOOAYSMI,null,TRND,cetfUEKklVyvjeJKyY,null,null,null,null,CL,null,null,null,null,null,null,null,null,0,4,null,null,null,173030,null,1,1,2025-06-17 15:22:09,null,null,null,null,null,null,null,364782371,activity,null,HTS,null,11.645,10.913,11.67,7.688,null,null,null,null,null,null,null,null,null,null,null,null,null,null,null,null,null,null,null,null,null,278938299
TRND-Glioblastoma_LOPAC_A172-primary_screen2,NCGC00091544-29,activity,null,4,-15.882,-8.652,C[C@]12CC[C@H]3[C@@H](CCC4=C3C=CC(O)=C4)[C@@H]1CC[C@@H]2O,null,null,null,null,null,E8875,SIGMA,2021_LOPAC_01,null,null,beta-Estradiol,null,4,null,null,null,23.522,-8.882,4.045,0.646,0.603,null,null,null,null,null,null,7,null,null,14.87,-8.652,8.384,23.436,null,null,null,null,null,null,null,null,null,VOXZDWNPVJITMN,null,TRND,ZdKidDslAwsKKCZYnD,null,Estrogen Receptor agonist,null,null,null,null,null,null,null,50-28-2,ESR1,null,null,0,4,0,null,null,173030,0 0 0 0,1,1,2025-06-17 15:22:09,null,null,null,null,null,null,null,364781771,activity,null,HTS,null,-0.39,14.87,5.183,-8.652,null,null,null,null,null,null,null,null,null,null,null,null,null,null,null,null,null,null,null,null,null,278938300
TRND-Glioblastoma_LOPAC_A172-primary_screen2,NCGC00015560-20,activity,null,4,-22.551,-16.969,C1CN=C(N1)C2COC3=C(O2)C=CC=C3,null,null,null,null,null,I6138,SIGMA,2021_LOPAC_01,null,null,Idazoxan hydrochloride,null,4,null,null,null,26.226,-15.551,4.955,0.558,0.741,null,null,null,null,null,null,7,null,null,4.1,-22.126,-18.604,-18.048,null,null,null,null,null,null,null,null,null,HPMRFMKYPGXPEP,null,TRND,WYTmCSjGsgrIgluwDa,null,null,null,null,CL,null,null,null,null,79944-56-2,null,null,null,0,4,0,null,null,173030,0 0 0 0,1,1,2025-06-17 15:22:09,null,null,null,null,null,null,null,364780951,activity,null,HTS,null,4.1,-22.126,-8.007,-16.969,null,null,null,null,null,null,null,null,null,null,null,null,null,null,null,null,null,null,null,null,null,278938301
TRND-Glioblastoma_LOPAC_A172-primary_screen2,NCGC00094495-06,activity,null,4,21.5,0.325,OC(=O)\C=C\C1=CNC=N1,null,null,null,null,null,U7500,SIGMA,2021_LOPAC_01,null,null,4-Imidazoleacrylic acid,null,4,null,null,null,22.96,24,1.862,1,1,null,null,null,null,null,null,2.5,null,null,23.285,0.325,51.587,51.805,null,null,null,null,null,null,null,null,null,LOIYMIARKYCTBW,null,TRND,BWcogfyEpIrhLpnyfD,null,null,null,null,null,null,null,null,null,3465-72-3,null,null,null,0,4,1,null,null,173030,0 0 0 1,1,1,2025-06-17 15:22:09,null,null,null,null,null,null,null,364783887,activity,null,HTS,null,4.289,15.972,23.285,0.325,null,null,null,null,null,null,null,null,null,null,null,null,null,null,null,null,null,null,null,null,null,278938302
TRND-Glioblastoma_LOPAC_A172-primary_screen2,NCGC00015565-15,activity,null,4,0,14.687,CC(C)NNC(=O)C1=CC=NC=C1,null,null,null,null,null,I7627,SIGMA,2021_LOPAC_01,null,null,Iproniazid phosphate,null,4,null,null,null,3.78,0,null,null,null,null,null,null,null,null,null,0,null,null,18.248,14.468,72.068,null,null,null,null,null,null,null,null,null,null,NYMGNSNKLVNMIA,null,TRND,HgjxJVhucNMbrQWDTg,null,null,null,null,PHOSPHORIC_ACID,null,null,null,null,305-33-9,null,null,null,0,4,null,null,null,173030,null,1,1,2025-06-17 15:22:09,null,null,null,null,null,null,null,364780327,activity,null,HTS,null,14.468,18.248,16.364,14.687,null,null,null,null,null,null,null,null,null,null,null,null,null,null,null,null,null,null,null,null,null,278938303
TRND-Glioblastoma_LOPAC_A172-primary_screen2,NCGC00370895-04,activity,null,4,-13.25,-10.208,NCCC1=CNC2=CC=C(OCC(=O)N3CCN(CC3)C4=CC=C(C=C4)C#N)C=C12,null,null,null,null,null,D9071,SIGMA,2021_LOPAC_01,null,null,Donitriptan monohydrochloride,null,4,null,null,null,16.344,-10.25,4.955,0.388,0.894,null,null,null,null,null,null,3,null,null,6.135,-10.208,-6.517,-1.039,null,null,null,null,null,null,null,null,null,SOHCKWZVTCTQBG,null,TRND,ImHodEjxIyDQgBdjvL,null,null,null,null,CL,null,null,null,null,170911-68-9,null,null,null,0,4,0,null,null,173030,0 0 0 0,1,1,2025-06-17 15:22:09,null,null,null,null,null,null,null,364784015,activity,null,HTS,null,0.132,6.135,-8.3,-10.208,null,null,null,null,null,null,null,null,null,null,null,null,null,null,null,null,null,null,null,null,null,278938304
TRND-Glioblastoma_LOPAC_A172-primary_screen2,NCGC00507750-02,activity,null,4,-11,10.573,COC1=C(O)C=CC(C[C@H](C)[C@@H](C)CC2=CC=C3OCOC3=C2)=C1,null,null,null,null,null,SML1519,SIGMA,2021_LOPAC_01,null,null,Macelignan,null,4,null,null,null,13.038,10,4.955,0.336,0.924,null,null,null,null,null,null,21,null,null,23.145,10.107,81.47,85.468,null,null,null,null,null,null,null,null,null,QDDILOVMGWUNGD,null,TRND,uRgUmLizfAhsyLdLaU,null,null,null,null,null,null,null,null,null,[NO STEREO] 107534-93-0,null,null,null,0,4,0,null,null,173030,0 0 0 0,1,1,2025-06-17 15:22:09,null,null,null,null,null,null,null,364781547,activity,null,HTS,null,18.979,23.145,10.107,10.573,null,null,null,null,null,null,null,null,null,null,null,null,null,null,null,null,null,null,null,null,null,278938305
TRND-Glioblastoma_LOPAC_A172-primary_screen2,NCGC00507723-03,activity,null,4,0,7.558,[H][C@@]1([C@@H](O)C[C@@]2(C)[C@]3([H])C[C@H](O)[C@]4([H])[C@]5(C[C@@]35CC[C@]12C)CC[C@H](O)C4(C)C)[C@]6(C)CC[C@H](O6)C(C)(C)O,null,null,null,null,null,SML1448,SIGMA,2021_LOPAC_01,null,null,Cycloastragenol ,null,4,null,null,null,7.526,0,null,null,null,null,null,null,null,null,null,0,null,null,12.247,4.721,46.189,null,null,null,null,null,null,null,null,null,null,WENNXORDXYGDTP,null,TRND,EeHaTAYVeRWAutueSs,null,null,null,null,null,null,null,null,null,[NO STEREO] 78574-94-4,null,null,null,0,4,null,null,null,173030,null,1,1,2025-06-17 15:22:09,null,null,null,null,null,null,null,364783591,activity,null,HTS,null,12.247,4.721,7.049,7.558,null,null,null,null,null,null,null,null,null,null,null,null,null,null,null,null,null,null,null,null,null,278938306
TRND-Glioblastoma_LOPAC_A172-primary_screen2,NCGC00162344-05,activity,null,4,-12.542,-3.368,[H][C@](CO)(C(=O)OC1CC2C3OC3C(C1)[N+]2(C)CCCC)C4=CC=CC=C4,null,null,null,null,null,S7882,SIGMA,2021_LOPAC_01,null,null,(-)-Scopolamine N-butyl bromide,null,4,null,null,null,15.025,-4.042,2.406,0.491,0.815,null,null,null,null,null,null,8.5,null,null,11.657,-3.368,23.24,29.947,null,null,null,null,null,null,null,null,null,YBCNXCRZPWQOBR,null,TRND,xcwlKdmEADFxSlwSBp,null,Muscarinic acetylcholine receptor antagonist,null,null,BR,null,null,null,null,[NO STEREO] 149-64-4,CHRM1,null,null,0,4,0,null,null,173030,0 0 0 0,1,1,2025-06-17 15:22:09,null,null,null,null,null,null,null,364784271,activity,null,HTS,null,5.303,11.657,3.071,-3.368,null,null,null,null,null,null,null,null,null,null,null,null,null,null,null,null,null,null,null,null,null,278938307
TRND-Glioblastoma_LOPAC_A172-primary_screen2,NCGC00015605-27,activity,null,4,-15,5.105,NC1=NC(N)=C(N=N1)C2=CC=CC(Cl)=C2Cl,null,null,null,null,null,L3791,SIGMA,2021_LOPAC_01,null,null,Lamotrigine,null,4,null,null,null,14.692,3.5,1.967,0.235,0.964,null,null,null,null,null,null,18.5,null,null,17.149,2.457,57.945,58,null,null,null,null,null,null,null,null,null,PYZRQGJRPPTADH,null,TRND,HdCoNVkyEfHdfvUegb,null,Sodium channel protein type 1 subunit alpha Blocker,null,null,null,null,null,null,null,84057-84-1,SCN1A,null,null,0,4,0,null,null,173030,0 0 0 0,1,1,2025-06-17 15:22:09,null,null,null,null,null,null,null,364782963,activity,null,HTS,null,17.149,8.515,2.457,5.105,null,null,null,null,null,null,null,null,null,null,null,null,null,null,null,null,null,null,null,null,null,278938308
TRND-Glioblastoma_LOPAC_A172-primary_screen2,NCGC00387205-04,activity,null,4,0,10.876,OC(=O)\C=C/C(=O)NC1=CC=C(OC2=CC(OC3=CC=C(NC(=O)\C=C/C(O)=O)C=C3)=CC=C2)C=C1,null,null,null,null,null,SML0989,SIGMA,2021_LOPAC_01,null,null,H2L5186303,null,4,null,null,null,7.655,0,null,null,null,null,null,null,null,null,null,0,null,null,16.885,9.23,61.466,null,null,null,null,null,null,null,null,null,null,HZFPOTBCYPWQSH,null,TRND,RidPfbpxAOFkpVcqKn,null,null,null,null,null,null,null,null,null,null,null,null,null,0,4,null,null,null,173030,null,1,1,2025-06-17 15:22:09,null,null,null,null,null,null,null,364781691,activity,null,HTS,null,13.51,16.885,9.23,10.876,null,null,null,null,null,null,null,null,null,null,null,null,null,null,null,null,null,null,null,null,null,278938309
TRND-Glioblastoma_LOPAC_A172-primary_screen2,NCGC00507733-02,activity,null,4,-21.596,-1.33,N[Pt](N)(Cl)[N+]1=CC=CC=C1,null,null,null,null,null,C0996,SIGMA,2021_LOPAC_01,null,null,cDPCP  ,null,4,null,null,null,25.058,-5.596,4.955,0.607,0.67,null,null,null,null,null,null,16,null,null,23.728,-1.33,82.569,66.061,null,null,null,null,null,null,null,null,null,XEKDMTHECBYQQM,null,TRND,qpuOnbfuLpyrDqsZIa,null,null,null,null,CL,null,null,null,null,106343-54-8,null,null,null,0,4,0,null,null,173030,0 0 0 0,1,1,2025-06-17 15:22:09,null,null,null,null,null,null,null,364783911,activity,null,HTS,null,23.728,8.645,16.269,-1.33,null,null,null,null,null,null,null,null,null,null,null,null,null,null,null,null,null,null,null,null,null,278938310
TRND-Glioblastoma_LOPAC_A172-primary_screen2,NCGC00015829-22,activity,14.125375,-3,-62.301,-44.734,CN(C)CCCN1C2=C(SC3=C1C=CC=C3)C=CC=C2,null,null,null,null,null,P6656,SIGMA,2021_LOPAC_01,-4.85,null,Promazine hydrochloride,null,-3,null,null,null,67.576,-45.801,4.955,0.213,0.971,null,null,null,null,null,null,16.5,null,null,22.842,-44.734,57.336,44.21,null,null,null,null,null,null,null,null,null,ZGUGWUXLJSTTMA,null,TRND,pmlvpdTRKfoHMcZkKk,null,null,null,null,CL,null,null,null,null,53-60-1,null,null,null,0,4,0,null,null,173030,0 0 0 0,1,1,2025-06-17 15:22:09,null,null,null,null,null,null,null,364780459,activity,null,HTS,null,22.842,9.988,14.988,-44.734,null,null,null,null,null,null,null,null,null,null,null,null,null,null,null,null,null,null,null,null,null,278938311
TRND-Glioblastoma_LOPAC_A172-primary_screen2,NCGC00015237-20,activity,null,4,18.5,24.595,C[N+](C)(C)CCOC(N)=O,null,null,null,null,null,C4382,SIGMA,2021_LOPAC_01,null,null,Carbachol,null,4,null,null,null,18.708,25.5,2.253,0.173,0.981,null,null,null,null,null,null,7,null,null,24.595,5.888,49.89,46.766,null,null,null,null,null,null,null,null,null,VPJXQGSRWJZDOB,null,TRND,hgqJIxsfnhqPEOSkLV,null,null,null,null,CL,null,null,null,null,51-83-2,null,null,null,0,4,0,null,null,173030,0 0 0 0,1,1,2025-06-17 15:22:09,null,null,null,null,null,null,null,364780495,activity,null,HTS,null,8.363,5.888,13.782,24.595,null,null,null,null,null,null,null,null,null,null,null,null,null,null,null,null,null,null,null,null,null,278937238
TRND-Glioblastoma_LOPAC_A172-primary_screen2,NCGC00015059-07,activity,null,4,-40.19,-22.735,CN(C)C1=C(Cl)N=C(C(=O)N=C(N)N)C(N)=N1,null,null,null,null,null,A4562,SIGMA,2021_LOPAC_01,null,null,"5-(N,N-Dimethyl)amiloride hydrochloride",null,4,null,null,null,41.842,-25.19,4.955,0.308,0.937,null,null,null,null,null,null,15,null,null,19.107,-22.735,59.179,50.782,null,null,null,null,null,null,null,null,null,RXMUPNVSYKGKMY,null,TRND,YCuDryQBCHFfRiKrdg,null,null,null,null,CL,null,null,null,null,2235-97-4,null,null,null,0,4,0,null,null,173030,0 0 0 0,1,1,2025-06-17 15:22:09,null,null,null,null,null,null,null,364780871,activity,null,HTS,null,19.107,8.176,17.722,-22.735,null,null,null,null,null,null,null,null,null,null,null,null,null,null,null,null,null,null,null,null,null,278937239
TRND-Glioblastoma_LOPAC_A172-primary_screen2,NCGC00016740-39,activity,15.848932,-3,-100.091,-92.944,COC1=CC2=NC(=NC(N)=C2C=C1OC)N3CCN(CC3)C(=O)C4=CC=CO4,null,null,null,null,null,P7791,SIGMA,2021_LOPAC_01,-4.8,null,Prazosin hydrochloride,null,-3,null,null,null,99.596,-97.591,4.095,0.087,0.995,null,null,null,null,null,null,2.5,null,null,6.652,-92.944,-48.157,-40.436,null,null,null,null,null,null,null,null,null,IENZQIKPVFGBNW,null,TRND,yPNlQLUwPglrcCiCgN,null,null,null,null,CL,null,null,null,null,19237-84-4,null,null,null,0,4,0,null,null,173030,0 0 0 0,1,1,2025-06-17 15:22:09,null,null,null,null,null,null,null,364782875,activity,null,HTS,16.041175,-1.302,6.652,-0.473,-92.944,null,null,null,null,null,null,null,null,null,null,null,null,null,null,null,null,null,null,null,null,null,278937240
TRND-Glioblastoma_LOPAC_A172-primary_screen2,NCGC00015699-06,activity,null,4,-14,7.272,CN1CCC2(CCN3CCC4=C(OC5=C4C=CC=C5)C3C2)N(C)C1=O,null,null,null,null,null,M7065,SIGMA,2021_LOPAC_01,null,null,MK-912,null,4,null,null,null,12.045,5,4.955,1,0.605,null,null,null,null,null,null,19,null,null,14.691,2.646,54.723,50.627,null,null,null,null,null,null,null,null,null,JRDUBBHIPPPSLP,null,TRND,mLEUkhzZfjAHLNfRJQ,null,null,null,null,CL,null,null,null,null,[NO STEREO] 119942-70-0,null,null,null,0,4,1,null,null,173030,0 0 0 1,1,1,2025-06-17 15:22:09,null,null,null,null,null,null,null,364782367,activity,null,HTS,null,14.691,2.646,9.881,7.272,null,null,null,null,null,null,null,null,null,null,null,null,null,null,null,null,null,null,null,null,null,278937241
TRND-Glioblastoma_LOPAC_A172-primary_screen2,NCGC00371013-04,activity,null,4,-19.538,-5.865,CCOC(=O)COC1=CC=C2CC[C@@H](CC2=C1)NC[C@H](O)C3=CC(Cl)=CC=C3,null,null,null,null,null,SML1070,SIGMA,2021_LOPAC_01,null,null,SR-58611A,null,4,null,null,null,18.685,-6.538,1.967,0.083,0.996,null,null,null,null,null,null,13,null,null,12.82,-5.865,41.652,43.269,null,null,null,null,null,null,null,null,null,RDJQCOBTKKAQAH,null,TRND,zgYdytvQweQUqcBlwe,null,null,null,null,CL,null,null,null,null,121524-09-2,null,null,null,0,4,0,null,null,173030,0 0 0 0,1,1,2025-06-17 15:22:09,null,null,null,null,null,null,null,364781907,activity,null,HTS,null,12.265,12.82,2.488,-5.865,null,null,null,null,null,null,null,null,null,null,null,null,null,null,null,null,null,null,null,null,null,278937242
TRND-Glioblastoma_LOPAC_A172-primary_screen2,NCGC00015909-17,activity,null,4,0,1.598,COC1=CC=C(C=C1)C2=NN(CCCC(O)=O)[C+](N)C=C2,null,null,null,null,null,S106,SIGMA,2021_LOPAC_01,null,null,SR-95531,null,4,null,null,null,3.383,0,null,null,null,null,null,null,null,null,null,0,null,null,4.98,1.598,17.725,null,null,null,null,null,null,null,null,null,null,ACVGNKYJVGNLIL,null,TRND,OmDOZlZATuwaLcDtsv,null,null,null,null,BR,null,null,null,null,104104-50-9,null,null,null,0,4,null,null,null,173030,null,1,1,2025-06-17 15:22:09,null,null,null,null,null,null,null,364782555,activity,null,HTS,null,3.66,4.98,4.646,1.598,null,null,null,null,null,null,null,null,null,null,null,null,null,null,null,null,null,null,null,null,null,278937243
TRND-Glioblastoma_LOPAC_A172-primary_screen2,NCGC00263221-10,activity,null,4,-28,11.861,CCOC(=O)[C@@H](N)CCC(=O)N[C@@H](CSCC1=CC=CC=C1)C(=O)N[C@@H](C(=O)OCC)C2=CC=CC=C2,null,null,null,null,null,SML1081,SIGMA,2021_LOPAC_01,null,null,Ezatiostat,null,4,null,null,null,16.121,7,0.5,0.231,0.966,null,null,null,null,null,null,35,null,null,27.982,11.861,110.371,108.82,null,null,null,null,null,null,null,null,null,GWEJFLVSOGNLSS,null,TRND,IsYlxXLsPOViPRDOBj,null,Glutathione-S-transferase P inhibitor,null,null,null,null,null,null,null,168682-53-9,GSTP1,null,null,0,4,0,null,null,173030,0 0 0 0,1,1,2025-06-17 15:22:09,null,null,null,null,null,null,null,364780247,activity,null,HTS,null,27.982,20.334,17.548,11.861,null,null,null,null,null,null,null,null,null,null,null,null,null,null,null,null,null,null,null,null,null,278937244
TRND-Glioblastoma_LOPAC_A172-primary_screen2,NCGC00016042-13,activity,null,4,-12.542,-3.368,COC1=CC=C(C=C(C#N)C#N)C=C1,null,null,null,null,null,T7040,SIGMA,2021_LOPAC_01,null,null,Tyrphostin 1,null,4,null,null,null,18.066,-3.542,4.955,0.618,0.654,null,null,null,null,null,null,9,null,null,14.698,-3.368,17.791,29.555,null,null,null,null,null,null,null,null,null,UOHFCPXBKJPCAD,null,TRND,xMktTuIBPyFpUzarnl,null,null,null,null,null,null,null,null,null,null,null,null,null,0,4,0,null,null,173030,0 0 0 0,1,1,2025-06-17 15:22:09,null,null,null,null,null,null,null,364782043,activity,null,HTS,null,3.361,14.698,-0.054,-3.368,null,null,null,null,null,null,null,null,null,null,null,null,null,null,null,null,null,null,null,null,null,278937245
TRND-Glioblastoma_LOPAC_A172-primary_screen2,NCGC00015283-11,activity,11.220185,-2.2,-48.11,-29.258,OC1=C(O)C=CC=C1,null,null,null,null,null,C9510,SIGMA,2021_LOPAC_01,-4.95,null,Pyrocatechol,null,4,null,null,null,42.256,-35.11,1.858,0.01,1,null,null,null,null,null,null,13,null,null,12.998,-29.258,28.878,28.726,null,null,null,null,null,null,null,null,null,YCIMNLLNPGFGHC,null,TRND,aLALYlvrATeCqVHtVj,null,null,null,null,null,null,null,null,null,120-80-9,null,null,null,0,4,0,null,null,173030,0 0 0 0,1,1,2025-06-17 15:22:09,null,null,null,null,null,null,null,364782527,activity,null,HTS,null,12.998,11.968,-0.253,-29.258,null,null,null,null,null,null,null,null,null,null,null,null,null,null,null,null,null,null,null,null,null,278937246
TRND-Glioblastoma_LOPAC_A172-primary_screen2,NCGC00015562-42,activity,null,4,10.269,4.419,COC1=CC2=C(C=C1)N(C(=O)C3=CC=C(Cl)C=C3)C(C)=C2CC(O)=O,null,null,null,null,null,I7378,SIGMA,2021_LOPAC_01,null,null,Indomethacin,null,4,null,null,null,11.727,4.5,4.955,0.265,0.955,null,null,null,null,null,null,-5.769,null,null,4.419,-7.308,-24.339,-20.874,null,null,null,null,null,null,null,null,null,CGIGDMFJXJATDK,null,TRND,NWgEoYDdenVKuYMgUV,null,null,null,null,null,null,null,null,null,53-86-1,null,null,null,0,4,0,null,null,173030,0 0 0 0,1,1,2025-06-17 15:22:09,null,null,null,null,null,null,null,364783507,activity,null,HTS,null,-7.308,-4.656,-4.473,4.419,null,null,null,null,null,null,null,null,null,null,null,null,null,null,null,null,null,null,null,null,null,278937247
TRND-Glioblastoma_LOPAC_A172-primary_screen2,NCGC00014995-16,activity,null,4,0,8.785,OC(=O)C1=CC2=C(N1)C=CC(F)=C2,null,null,null,null,null,265128,SIGMA,2021_LOPAC_01,null,null,5-Fluoroindole-2-carboxylic acid,null,4,null,null,null,6.288,0,null,null,null,null,null,null,null,null,null,0,null,null,10.643,4.355,29.48,null,null,null,null,null,null,null,null,null,null,WTXBRZCVLDTWLP,null,TRND,WKFBSNwXGIFpPnYPzk,null,null,null,null,null,null,null,null,null,null,null,null,null,0,4,null,null,null,173030,null,1,1,2025-06-17 15:22:09,null,null,null,null,null,null,null,364784771,activity,null,HTS,null,5.181,10.643,4.355,8.785,null,null,null,null,null,null,null,null,null,null,null,null,null,null,null,null,null,null,null,null,null,278937248
TRND-Glioblastoma_LOPAC_A172-primary_screen2,NCGC00015065-10,activity,null,4,-23.112,4.921,NC(CCCP(O)(O)=O)C(O)=O,null,null,null,null,null,A5282,SIGMA,2021_LOPAC_01,null,null,(±)-2-Amino-5-phosphonopentanoic acid,null,4,null,null,null,23.677,1.388,1.627,0.372,0.904,null,null,null,null,null,null,24.5,null,null,22.334,-1.343,73.161,74.677,null,null,null,null,null,null,null,null,null,VOROEQBFPPIACJ,null,TRND,fVOEOsOZJPhjwLUaXI,null,null,null,null,null,null,null,null,null,76326-31-3,null,null,null,0,4,0,null,null,173030,0 0 0 0,1,1,2025-06-17 15:22:09,null,null,null,null,null,null,null,364780887,activity,null,HTS,null,22.334,13.641,-1.343,4.921,null,null,null,null,null,null,null,null,null,null,null,null,null,null,null,null,null,null,null,null,null,278937249
TRND-Glioblastoma_LOPAC_A172-primary_screen2,NCGC00015437-32,activity,null,4,0,14.535,CC(C)OC(=O)C(C)(C)OC1=CC=C(C=C1)C(=O)C2=CC=C(Cl)C=C2,null,null,null,null,null,F6020,SIGMA,2021_LOPAC_01,null,null,Fenofibrate,null,4,null,null,null,4.818,0,null,null,null,null,null,null,null,null,null,0,null,null,14.881,10.063,53.655,null,null,null,null,null,null,null,null,null,null,YMTINGFKWWXKFG,null,TRND,cqMoWNQGwNcAKNlsjJ,null,Peroxisome proliferator-activated receptor alpha agonist,null,null,null,null,null,null,null,49562-28-9,PPARA,null,null,0,4,null,null,null,173030,null,1,1,2025-06-17 15:22:09,null,null,null,null,null,null,null,364780539,activity,null,HTS,null,10.063,10.991,14.881,14.535,null,null,null,null,null,null,null,null,null,null,null,null,null,null,null,null,null,null,null,null,null,278937250
TRND-Glioblastoma_LOPAC_A172-primary_screen2,NCGC00015438-19,activity,null,4,0,10.408,O=C1NCC2(CCN(CCC3=CC=CC=C3)CC2)O1,null,null,null,null,null,F6145,SIGMA,2021_LOPAC_01,null,null,Fenspiride hydrochloride,null,4,null,null,null,8.415,0,null,null,null,null,null,null,null,null,null,0,null,null,10.408,1.992,23.868,null,null,null,null,null,null,null,null,null,null,FVNFBBAOMBJTST,null,TRND,FhkwvXzxRkRpNAWTDj,null,null,null,null,CL,null,null,null,null,1151830,null,null,null,0,4,null,null,null,173030,null,1,1,2025-06-17 15:22:09,null,null,null,null,null,null,null,364781179,activity,null,HTS,null,1.992,8.323,10.083,10.408,null,null,null,null,null,null,null,null,null,null,null,null,null,null,null,null,null,null,null,null,null,278937251
TRND-Glioblastoma_LOPAC_A172-primary_screen2,NCGC00016984-11,activity,null,4,0,-15.73,CCC(=O)OCC(=O)[C@@]1(OC(=O)CC)[C@H](C)C[C@@H]2[C@@H]3[C@H](Cl)CC4=CC(=O)C=C[C@@]4(C)[C@H]3[C@@H](O)C[C@@]12C,null,null,null,null,null,SML1480,SIGMA,2021_LOPAC_01,null,null,Alclometasone dipropionate,null,4,null,null,null,5.443,0,null,null,null,null,null,null,null,null,null,0,null,null,-10.288,-15.73,-56.831,null,null,null,null,null,null,null,null,null,null,DJHCCTTVDRAMEH,null,TRND,jwRyDLtZMPcCyYMzbU,null,null,null,null,null,null,null,null,null,[NO STEREO] 66734-13-2,null,null,null,0,4,null,null,null,173030,null,1,1,2025-06-17 15:22:09,null,null,null,null,null,null,null,364784163,activity,null,HTS,null,-11.177,-14.811,-10.288,-15.73,null,null,null,null,null,null,null,null,null,null,null,null,null,null,null,null,null,null,null,null,null,278937252
TRND-Glioblastoma_LOPAC_A172-primary_screen2,NCGC00090726-32,activity,null,4,19,3.988,NC(=O)C1=NN(C=N1)[C@@H]2O[C@H](CO)[C@@H](O)[C@H]2O,null,null,null,null,null,R9644,SIGMA,2021_LOPAC_01,null,null,Ribavirin,null,4,null,null,null,23.804,22.5,4.955,1,0.659,null,null,null,null,null,null,3.5,null,null,27.792,3.988,65.419,68.904,null,null,null,null,null,null,null,null,null,IWUCXVSUMQZMFG,null,TRND,ZbTPVEYwgPfVzuIrmq,null,Inosine 5'-Monophosphate Dehydrogenase inhibitor,null,null,null,null,null,null,null,36791-04-5,IMPDH2,null,null,0,4,1,null,null,173030,0 0 0 1,1,1,2025-06-17 15:22:09,null,null,null,null,null,null,null,364781619,activity,null,HTS,null,9.14,27.792,16.842,3.988,null,null,null,null,null,null,null,null,null,null,null,null,null,null,null,null,null,null,null,null,null,278937253
TRND-Glioblastoma_LOPAC_A172-primary_screen2,NCGC00179034-30,activity,7.079458,-2.4,-49.419,-34.419,NC(=N)c1ccc(OCCCCCOc2ccc(cc2)C(N)=N)cc1,null,null,null,null,null,P0547,SIGMA,2021_LOPAC_01,-5.15,null,Pentamidine isethionate,null,-2.2,null,null,null,46.16,-36.919,1.885,0.062,0.998,null,null,null,null,null,null,12.5,null,null,11.741,-34.419,13.144,16.079,null,null,null,null,null,null,null,null,null,XDRYMKDFEDOLFX,null,TRND,rhpqoyEAsANQTgScel,null,Protein Tyrosine Phosphatase Type IVA inhibitor,null,null,ISETHIONATE,null,null,null,null,null,PTP4A3,null,null,0,4,0,null,null,173030,0 0 0 0,1,1,2025-06-17 15:22:09,null,null,null,null,null,null,null,364783243,activity,null,HTS,null,11.158,11.741,-11.343,-34.419,null,null,null,null,null,null,null,null,null,null,null,null,null,null,null,null,null,null,null,null,null,278937254
TRND-Glioblastoma_LOPAC_A172-primary_screen2,NCGC00346647-16,activity,null,4,-28.139,-14.282,CNC(=O)C1=C(F)C=CC=C1NC2=C3C=CNC3=NC(NC4=C(OC)C=C5CCN(C(=O)CN(C)C)C5=C4)=N2,null,null,null,null,null,SML0995,SIGMA,2021_LOPAC_01,null,null,GSK1838705A,null,4,null,null,null,28.71,-14.639,3.192,0.061,0.998,null,null,null,null,null,null,13.5,null,null,14.428,-14.282,43.882,44.685,null,null,null,null,null,null,null,null,null,HZTYDQRUAWIZRE,null,TRND,ruVsadMOmKcVneJjFk,null,Insulin-like growth factor 1 receptor inhibitor,null,null,null,null,null,null,null,null,IGF1R,null,null,0,4,0,null,null,173030,0 0 0 0,1,1,2025-06-17 15:22:09,null,null,null,null,null,null,null,364780323,activity,null,HTS,null,13.011,14.428,7.437,-14.282,null,null,null,null,null,null,null,null,null,null,null,null,null,null,null,null,null,null,null,null,null,278937255
TRND-Glioblastoma_LOPAC_A172-primary_screen2,NCGC00093700-09,activity,12.589254,-2.4,-65.393,-45.373,O=C1NC(=O)C2=C1C=C(NC3=CC=CC=C3)C(NC4=CC=CC=C4)=C2,null,null,null,null,null,D3943,SIGMA,2021_LOPAC_01,-4.9,null,DAPH,null,-2.2,null,null,null,52.95,-59.893,1.248,0.137,0.988,null,null,null,null,null,null,5.5,null,null,7.577,-45.373,-13.418,-18.988,null,null,null,null,null,null,null,null,null,AAALVYBICLMAMA,null,TRND,lmSvEMErSEzAuiKhYg,null,null,null,null,null,null,null,null,null,145915-58-8,null,null,null,0,4,0,null,null,173030,0 0 0 0,1,1,2025-06-17 15:22:09,null,null,null,null,null,null,null,364785011,activity,null,HTS,33.3,7.577,-1.468,-13.683,-45.373,null,null,null,null,null,null,null,null,null,null,null,null,null,null,null,null,null,null,null,null,null,278937256
TRND-Glioblastoma_LOPAC_A172-primary_screen2,NCGC00015673-30,activity,null,4,-9.5,4.834,NC1=NC(=CC(N)=[N+]1[O-])N2CCCCC2,null,null,null,null,null,M4145,SIGMA,2021_LOPAC_01,null,null,Minoxidil,null,4,null,null,null,13.679,4.5,4.955,0.641,0.615,null,null,null,null,null,null,14,null,null,18.513,4.834,46.662,56.139,null,null,null,null,null,null,null,null,null,ZFMITUMMTDLWHR,null,TRND,DJSALAUIcUMXxQgijm,null,null,null,null,null,null,null,null,null,38304-91-5,null,null,null,0,4,0,null,null,173030,0 0 0 0,1,1,2025-06-17 15:22:09,null,null,null,null,null,null,null,364784219,activity,null,HTS,null,9.408,18.513,7.256,4.834,null,null,null,null,null,null,null,null,null,null,null,null,null,null,null,null,null,null,null,null,null,278937257
TRND-Glioblastoma_LOPAC_A172-primary_screen2,NCGC00015243-25,activity,null,4,17.5,17.764,ClC1=CC=C(CN2C(CN3CCCC3)=NC4=C2C=CC=C4)C=C1,null,null,null,null,null,C5040,SIGMA,2021_LOPAC_01,null,null,Clemizole hydrochloride,null,4,null,null,null,18.563,19,4.955,0.136,0.988,null,null,null,null,null,null,1.5,null,null,19.989,1.426,39.058,39.359,null,null,null,null,null,null,null,null,null,CJXAEXPPLWQRFR,null,TRND,czckYpniTNGlTQJhxu,null,Histamine H1 Receptor antagonist,null,null,CL,null,null,null,null,1163-36-6,HRH1,null,null,0,4,0,null,null,173030,0 0 0 0,1,1,2025-06-17 15:22:09,null,null,null,null,null,null,null,364783067,activity,null,HTS,null,1.426,16.862,19.989,17.764,null,null,null,null,null,null,null,null,null,null,null,null,null,null,null,null,null,null,null,null,null,278937258
TRND-Glioblastoma_LOPAC_A172-primary_screen2,NCGC00159521-19,activity,null,4,0,10.12,OC(CN1C=CN=C1)(P(O)(O)=O)P(O)(O)=O,null,null,null,null,null,SML0223,SIGMA,2021_LOPAC_01,null,null,Zoledronic acid monohydrate,null,4,null,null,null,5.893,0,null,null,null,null,null,null,null,null,null,0,null,null,12.996,7.103,40.306,null,null,null,null,null,null,null,null,null,null,XRASPMIURGNCCH,null,TRND,wklUbQUbooMhBYhCtK,null,Farnesyl Pyrophosphate Synthase inhibitor,null,null,H2O,null,null,null,null,118072-93-8,FDPS,null,null,0,4,null,null,null,173030,null,1,1,2025-06-17 15:22:09,null,null,null,null,null,null,null,364781007,activity,null,HTS,null,7.103,12.996,8.855,10.12,null,null,null,null,null,null,null,null,null,null,null,null,null,null,null,null,null,null,null,null,null,278937259
TRND-Glioblastoma_LOPAC_A172-primary_screen2,NCGC00162117-06,activity,null,4,0,8.267,[H][C@]12SCC(COC(C)=O)=C(N1C(=O)[C@H]2NC(=O)CCC[C@@H](N)C([O-])=O)C([O-])=O,null,null,null,null,null,C3270,SIGMA,2021_LOPAC_01,null,null,Cephalosporin C zinc salt,null,4,null,null,null,2.002,0,null,null,null,null,null,null,null,null,null,0,null,null,9.065,7.064,39.933,null,null,null,null,null,null,null,null,null,null,HOKIDJSKDBPKTQ,null,TRND,unlQsNLqYTehcSMZzf,null,null,null,null,null,null,null,null,null,null,null,null,null,0,4,null,null,null,173030,null,1,1,2025-06-17 15:22:09,null,null,null,null,null,null,null,364783179,activity,null,HTS,null,9.065,7.857,7.064,8.267,null,null,null,null,null,null,null,null,null,null,null,null,null,null,null,null,null,null,null,null,null,278937260
TRND-Glioblastoma_LOPAC_A172-primary_screen2,NCGC00025226-11,activity,null,4,-11.892,-8.66,C[C@@H](CN1CCC(CC2=CC=CC=C2)CC1)[C@@H](O)C3=CC=C(O)C=C3,null,null,null,null,null,R7150,SIGMA,2021_LOPAC_01,null,null,Ro 25-6981 hydrochloride,null,4,null,null,null,17.511,-9.392,2.333,0.69,0.507,null,null,null,null,null,null,2.5,null,null,8.851,-8.66,-11.387,1.61,null,null,null,null,null,null,null,null,null,WVZSEUPGUDIELE,null,TRND,KQSaUiSuNhQpmgNlJq,null,null,null,null,CL,null,null,null,null,null,null,null,null,0,4,0,null,null,173030,0 0 0 0,1,1,2025-06-17 15:22:09,null,null,null,null,null,null,null,364782883,activity,null,HTS,null,-3.775,8.851,-3.637,-8.66,null,null,null,null,null,null,null,null,null,null,null,null,null,null,null,null,null,null,null,null,null,278937261
TRND-Glioblastoma_LOPAC_A172-primary_screen2,NCGC00015849-08,activity,2.238721,-1.2,-54.496,-52.839,[S-]C(=S)N1CCCC1,null,null,null,null,null,P8765,SIGMA,2021_LOPAC_01,-5.65,null,Ammonium pyrrolidinedithiocarbamate,null,-1.2,null,null,null,54.096,-53.496,3.99,0.028,1,null,null,null,null,null,null,1,null,null,0.591,-53.505,-66.773,-65.844,null,null,null,null,null,null,null,null,null,VSWDORGPIHIGNW,null,TRND,uFQOpjEJWBXrBLaBeO,null,null,null,null,AMMONIA,null,null,null,null,null,null,null,null,0,4,0,null,null,173030,0 0 0 0,1,1,2025-06-17 15:22:09,null,null,null,null,null,null,null,364784807,activity,null,HTS,4.360842,0.591,-4.607,-53.505,-52.839,null,null,null,null,null,null,null,null,null,null,null,null,null,null,null,null,null,null,null,null,null,278937262
TRND-Glioblastoma_LOPAC_A172-primary_screen2,NCGC00015223-27,activity,null,4,-22.202,-4.752,[NH3+][Pt-6]1([NH3+])OC(=O)C2(CCC2)C(=O)O1,null,null,null,null,null,C2538,SIGMA,2021_LOPAC_01,null,null,Carboplatin,null,4,null,null,null,18.927,-3.702,4.955,0.213,0.971,null,null,null,null,null,null,18.5,null,null,14.175,-4.752,32.482,32.139,null,null,null,null,null,null,null,null,null,HFPXBDLIWMCECV,null,TRND,gmHRAUkCvjSqwBIEHn,null,DNA Alkylating Drug,null,null,AMMONIA,null,null,null,null,null,H2AX,null,null,0,4,0,null,null,173030,0 0 0 0,1,1,2025-06-17 15:22:09,null,null,null,null,null,null,null,364784435,activity,null,HTS,null,14.175,-4.746,-1.49,-4.752,null,null,null,null,null,null,null,null,null,null,null,null,null,null,null,null,null,null,null,null,null,278937263
TRND-Glioblastoma_LOPAC_A172-primary_screen2,NCGC00015496-31,activity,null,4,-6.135,2.355,C[N+](C)(C)CCCCCC[N+](C)(C)C,null,null,null,null,null,H2138,SIGMA,2021_LOPAC_01,null,null,Hexamethonium dichloride,null,4,null,null,null,14.443,0.865,4.955,0.753,0.32,null,null,null,null,null,null,7,null,null,13.497,-0.946,12.359,25.525,null,null,null,null,null,null,null,null,null,VZJFGSRCJCXDSG,null,TRND,IEIKsBFlepEURKyTuy,null,null,null,null,CL,null,null,null,null,null,null,null,null,0,4,0,null,null,173030,0 0 0 0,1,1,2025-06-17 15:22:09,null,null,null,null,null,null,null,364783695,activity,null,HTS,null,0.847,13.497,-0.946,2.355,null,null,null,null,null,null,null,null,null,null,null,null,null,null,null,null,null,null,null,null,null,278937264
TRND-Glioblastoma_LOPAC_A172-primary_screen2,NCGC00379073-09,activity,null,4,-20,10.93,CC1=NC(C(=O)N2CCC[C@H]2CC3=NN=C(O3)C4=CC=CC=C4)=C(S1)C5=C(F)C=CC=C5,null,null,null,null,null,SML0912,SIGMA,2021_LOPAC_01,null,null,SB 674042,null,4,null,null,null,22.969,8,3.065,0.304,0.938,null,null,null,null,null,null,28,null,null,27.899,4.931,102.109,103.079,null,null,null,null,null,null,null,null,null,HYBZWVLPALMACV,null,TRND,UGQRMeYJfoZIKexdae,null,null,null,null,null,null,null,null,null,null,null,null,null,0,4,0,null,null,173030,0 0 0 0,1,1,2025-06-17 15:22:09,null,null,null,null,null,null,null,364780439,activity,null,HTS,null,27.899,22.167,4.931,10.93,null,null,null,null,null,null,null,null,null,null,null,null,null,null,null,null,null,null,null,null,null,278937265
TRND-Glioblastoma_LOPAC_A172-primary_screen2,NCGC00370993-02,activity,null,4,-13.5,2.996,CN1N=CC2=C1NC3=C(C=CC=C3)N(C2)C(=O)C4=CC=C(CNC(=O)N5CCN(CC6=CC(O)=CC(O)=C6)CC5)C(C)=C4,null,null,null,null,null,SML2223,SIGMA,2021_LOPAC_01,null,null,WAY-267464 dihydrochloride,null,4,null,null,null,17.129,3,3.512,0.469,0.835,null,null,null,null,null,null,16.5,null,null,20.125,2.996,61.511,68.696,null,null,null,null,null,null,null,null,null,HWPGRFRXZNLZEX,null,TRND,MenLgarTRsOhRTOQXD,null,null,null,null,null,null,null,null,null,null,null,null,null,0,4,0,null,null,173030,0 0 0 0,1,1,2025-06-17 15:22:09,null,null,null,null,null,null,null,364782547,activity,null,HTS,null,13.08,20.125,13.69,2.996,null,null,null,null,null,null,null,null,null,null,null,null,null,null,null,null,null,null,null,null,null,278937768
TRND-Glioblastoma_LOPAC_A172-primary_screen2,NCGC00344588-18,activity,1.258925,-2.4,-81.911,-46.57,COC1=CC2=C(C=C1C3=C(C)ON=C3C)N=CC4=C2N([C@H](C)C5=CC=CC=N5)C(=O)N4,null,null,null,null,null,SML0666,SIGMA,2021_LOPAC_01,-5.9,null,GSK1210151A,null,-2.4,null,null,null,76.488,-43.911,0.931,0.4,0.886,null,null,null,null,null,null,38,null,null,29.918,-46.57,36.365,17.42,null,null,null,null,null,null,null,null,null,VUVUVNZRUGEAHB,null,TRND,vFjNnhSAqZnJoTWxHO,null,Bromodomain-Containing Protein 2 (Brd2) inhibitor,null,null,null,null,null,null,null,null,BRD2,null,null,0,4,0,null,null,173030,0 0 0 0,1,1,2025-06-17 15:22:09,null,null,null,null,null,null,null,364780587,activity,null,HTS,null,29.918,-14.054,-17.678,-46.57,null,null,null,null,null,null,null,null,null,null,null,null,null,null,null,null,null,null,null,null,null,278937769
TRND-Glioblastoma_LOPAC_A172-primary_screen2,NCGC00015204-19,activity,null,4,0,9.191,ClCCNC(=O)N(CCCl)N=O,null,null,null,null,null,C0400,SIGMA,2021_LOPAC_01,null,null,Carmustine,null,4,null,null,null,8.468,0,null,null,null,null,null,null,null,null,null,0,null,null,17.66,9.191,70.766,null,null,null,null,null,null,null,null,null,null,DLGOEMSEDOSKAD,null,TRND,tbJyrpOojxcVawgRJK,null,DNA Alkylating Drug,null,null,null,null,null,null,null,154-93-8,H2AX,null,null,0,4,null,null,null,173030,null,1,1,2025-06-17 15:22:09,null,null,null,null,null,null,null,364781847,activity,null,HTS,null,16.106,17.66,12.721,9.191,null,null,null,null,null,null,null,null,null,null,null,null,null,null,null,null,null,null,null,null,null,278937770
TRND-Glioblastoma_LOPAC_A172-primary_screen2,NCGC00186004-04,activity,null,4,-12,5.935,COC1=CC=C(CCN2N=NN=C2C3(CC3)C4=CC=C(C)C=C4)C=C1,null,null,null,null,null,M7945,SIGMA,2021_LOPAC_01,null,null,Mephetyl tetrazole,null,4,null,null,null,12.78,3,2.253,0.445,0.855,null,null,null,null,null,null,15,null,null,13.977,1.197,47.036,46.838,null,null,null,null,null,null,null,null,null,VREPWWBWXVLSEF,null,TRND,SCLkpKLuhowDnLrzgZ,null,null,null,null,null,null,null,null,null,null,null,null,null,0,4,0,null,null,173030,0 0 0 0,1,1,2025-06-17 15:22:09,null,null,null,null,null,null,null,364780867,activity,null,HTS,null,13.977,6.138,1.197,5.935,null,null,null,null,null,null,null,null,null,null,null,null,null,null,null,null,null,null,null,null,null,278937771
TRND-Glioblastoma_LOPAC_A172-primary_screen2,NCGC00162295-06,activity,null,4,28.17,17.973,C[C@H](CC1=CC=CC=C1)NC2=NC=NC3=C2N=CN3[C@@H]4O[C@H](CO)C(O)[C@H]4O,null,null,null,null,null,P4532,SIGMA,2021_LOPAC_01,null,null,R(-)-N6-(2-Phenylisopropyl)adenosine,null,4,null,null,null,28.114,19,2.253,0.134,0.989,null,null,null,null,null,null,-9.17,null,null,17.973,-10.142,-15.521,-19.037,null,null,null,null,null,null,null,null,null,RIRGCFBBHQEQQH,null,TRND,jNygCZThGJtjqZwHgQ,null,null,null,null,null,null,null,null,null,null,null,null,null,0,4,0,null,null,173030,0 0 0 0,1,1,2025-06-17 15:22:09,null,null,null,null,null,null,null,364785211,activity,null,HTS,null,-7.675,-10.142,4.889,17.973,null,null,null,null,null,null,null,null,null,null,null,null,null,null,null,null,null,null,null,null,null,278937772
TRND-Glioblastoma_LOPAC_A172-primary_screen2,NCGC00016015-20,activity,null,4,-15.754,3.027,C\C(=C/C1=CC=C(C=C1)C(O)=O)C2=CC3=C(C=C2)C(C)(C)CCC3(C)C,null,null,null,null,null,T3757,SIGMA,2021_LOPAC_01,null,null,TTNPB,null,4,null,null,null,15.053,-8.754,3.132,1,1,null,null,null,null,null,null,7,null,null,6.925,-8.128,12.897,12.73,null,null,null,null,null,null,null,null,null,FOIVPCKZDPCJJY,null,TRND,xInIGAkoniJFsoRjRP,null,null,null,null,null,null,null,null,null,71441-28-6,null,null,null,0,4,1,null,null,173030,0 0 0 1,1,1,2025-06-17 15:22:09,null,null,null,null,null,null,null,364783895,activity,null,HTS,null,6.925,5.204,-8.128,3.027,null,null,null,null,null,null,null,null,null,null,null,null,null,null,null,null,null,null,null,null,null,278937773
TRND-Glioblastoma_LOPAC_A172-primary_screen2,NCGC00015089-36,activity,null,4,0,9.666,NC(=N)NC(=O)C1=NC(Cl)=C(N)N=C1N,null,null,null,null,null,A7410,SIGMA,2021_LOPAC_01,null,null,Amiloride hydrochloride,null,4,null,null,null,4.555,0,null,null,null,null,null,null,null,null,null,0,null,null,9.666,5.111,33.628,null,null,null,null,null,null,null,null,null,null,XSDQTOBWRPYKKA,null,TRND,aRfGtowzbIzUhaQduc,null,Epithelial Sodium Channels (ENaC) Blocker,null,null,CL,null,null,null,null,2016-88-8,SCNN1A,null,null,0,4,null,null,null,173030,null,1,1,2025-06-17 15:22:09,null,null,null,null,null,null,null,364782223,activity,null,HTS,null,7.561,5.708,5.111,9.666,null,null,null,null,null,null,null,null,null,null,null,null,null,null,null,null,null,null,null,null,null,278937774
TRND-Glioblastoma_LOPAC_A172-primary_screen2,NCGC00024499-14,activity,null,4,13.861,9.871,N[C@@H](CC(O)=O)C(O)=O,null,null,null,null,null,A9256,SIGMA,2021_LOPAC_01,null,null,L-Aspartic acid,null,4,null,null,null,14.755,8.5,2.638,0.184,0.979,null,null,null,null,null,null,-5.361,null,null,9.871,-4.884,0.43,0.462,null,null,null,null,null,null,null,null,null,CKLJMWTZIZZHCS,null,TRND,RXPupIHSYkLWSsCeBd,null,null,null,null,null,null,null,null,null,56-84-8,null,null,null,0,4,0,null,null,173030,0 0 0 0,1,1,2025-06-17 15:22:09,null,null,null,null,null,null,null,364783371,activity,null,HTS,null,-4.884,5.051,7.53,9.871,null,null,null,null,null,null,null,null,null,null,null,null,null,null,null,null,null,null,null,null,null,278937775
TRND-Glioblastoma_LOPAC_A172-primary_screen2,NCGC00015643-26,activity,null,4,15.582,6.235,CCN(CC)CCNC(=O)C1=CC(Cl)=C(N)C=C1OC,null,null,null,null,null,M0763,SIGMA,2021_LOPAC_01,null,null,Metoclopramide hydrochloride,null,4,null,null,null,15.014,14.5,2.638,1,1,null,null,null,null,null,null,-1.082,null,null,14.529,-0.485,23.155,22.617,null,null,null,null,null,null,null,null,null,TTWJBBZEZQICBI,null,TRND,VzeljSKqSToEZPvrCy,null,null,null,null,CL,null,null,null,null,7232-21-5,null,null,null,0,4,1,null,null,173030,0 0 0 1,1,1,2025-06-17 15:22:09,null,null,null,null,null,null,null,364782879,activity,null,HTS,null,-0.485,9.595,14.529,6.235,null,null,null,null,null,null,null,null,null,null,null,null,null,null,null,null,null,null,null,null,null,278937776
TRND-Glioblastoma_LOPAC_A172-primary_screen2,NCGC00015383-18,activity,null,4,-30.5,1.378,OC[C@H]1NC[C@@H](O)[C@@H](O)[C@@H]1O,null,null,null,null,null,D9305,SIGMA,2021_LOPAC_01,null,null,1-Deoxynojirimycin hydrochloride,null,4,null,null,null,21.619,-4,0.7,0.103,0.993,null,null,null,null,null,null,26.5,null,null,22.997,1.378,83.364,82.763,null,null,null,null,null,null,null,null,null,LXBIFEVIBLOUGU,null,TRND,FJEUNveDLHgJPXNCuF,null,null,null,null,CL,null,null,null,null,73285-50-4,null,null,null,0,4,0,null,null,173030,0 0 0 0,1,1,2025-06-17 15:22:09,null,null,null,null,null,null,null,364782755,activity,null,HTS,null,22.997,16.814,10.109,1.378,null,null,null,null,null,null,null,null,null,null,null,null,null,null,null,null,null,null,null,null,null,278937777
TRND-Glioblastoma_LOPAC_A172-primary_screen2,NCGC00015264-30,activity,10,-3,-83.011,-74.571,CN(C)CCCN1C2=C(CCC3=C1C=C(Cl)C=C3)C=CC=C2,null,null,null,null,null,C7291,SIGMA,2021_LOPAC_01,-5,null,Clomipramine hydrochloride,null,-3,null,null,null,86.739,-75.011,4.955,0.104,0.993,null,null,null,null,null,null,8,null,null,12.168,-74.571,-4.073,-12.816,null,null,null,null,null,null,null,null,null,GDLIGKIOYRNHDA,null,TRND,sZhGnhiQJvYgtflFdc,null,Sodium-dependent Serotonin Transporter inhibitor,null,null,CL,null,null,null,null,17321-77-6,SLC6A4,null,null,0,4,0,null,null,173030,0 0 0 0,1,1,2025-06-17 15:22:09,null,null,null,null,null,null,null,364784395,activity,null,HTS,11.500464,12.168,4.146,-2.198,-74.571,null,null,null,null,null,null,null,null,null,null,null,null,null,null,null,null,null,null,null,null,null,278937778
TRND-Glioblastoma_LOPAC_A172-primary_screen2,NCGC00188864-11,activity,null,4,-17.115,-12.596,COC1=CC(=CC=C1OCCCN2CCC(CC2)C3=NOC4=C3C=CC(F)=C4)C(C)=O,null,null,null,null,null,SML1528,SIGMA,2021_LOPAC_01,null,null,Iloperidone,null,4,null,null,null,17.774,-13.615,4.955,0.23,0.966,null,null,null,null,null,null,3.5,null,null,5.178,-12.596,7.548,8.056,null,null,null,null,null,null,null,null,null,XMXHEBAFVSFQEX,null,TRND,dAioFuuVUcisZBqQir,null,null,null,null,null,null,null,null,null,133454-47-4,null,null,null,0,4,0,null,null,173030,0 0 0 0,1,1,2025-06-17 15:22:09,null,null,null,null,null,null,null,364784111,activity,null,HTS,null,3.398,1.603,5.178,-12.596,null,null,null,null,null,null,null,null,null,null,null,null,null,null,null,null,null,null,null,null,null,278937779
TRND-Glioblastoma_LOPAC_A172-primary_screen2,NCGC00024813-21,activity,null,4,-7.439,-7.866,[H][C@](O)(CNC(C)C)COC1=CC=CC2=CC=CC=C12,null,null,null,null,null,P8688,SIGMA,2021_LOPAC_01,null,null,(S)-Propranolol hydrochloride,null,4,null,null,null,10.854,-7.939,2.406,0.629,0.638,null,null,null,null,null,null,-0.5,null,null,2.988,-7.866,-14.074,-7.889,null,null,null,null,null,null,null,null,null,AQHHHDLHHXJYJD,null,TRND,gkStVHQtOGuEkKBqDA,null,null,null,null,CL,null,null,null,null,13071-11-9,null,null,null,0,4,0,null,null,173030,0 0 0 0,1,1,2025-06-17 15:22:09,null,null,null,null,null,null,null,364784167,activity,null,HTS,null,-3.533,2.988,-3.177,-7.866,null,null,null,null,null,null,null,null,null,null,null,null,null,null,null,null,null,null,null,null,null,278937780
TRND-Glioblastoma_LOPAC_A172-primary_screen2,NCGC00015889-27,activity,11.220185,-3,-57.985,-40.404,OC1=CC=C(C=C1)C2=C(C(=O)C3=CC=C(OCCN4CCCCC4)C=C3)C5=C(S2)C=C(O)C=C5,null,null,null,null,null,R1402,SIGMA,2021_LOPAC_01,-4.95,null,Raloxifene hydrochloride,null,-3,null,null,null,65.438,-42.485,2.952,0.333,0.925,null,null,null,null,null,null,15.5,null,null,25.034,-40.404,56.403,36.271,null,null,null,null,null,null,null,null,null,GZUITABIAKMVPG,null,TRND,dCSgDeErRrTUkKoOTL,null,Selective Estrogen Receptor modulator (SERM),null,null,HCL,null,null,null,null,82640-04-8,ESR1,null,null,0,4,0,null,null,173030,0 0 0 0,1,1,2025-06-17 15:22:09,null,null,null,null,null,null,null,364781107,activity,null,HTS,null,25.034,6.201,5.487,-40.404,null,null,null,null,null,null,null,null,null,null,null,null,null,null,null,null,null,null,null,null,null,278937781
TRND-Glioblastoma_LOPAC_A172-primary_screen2,NCGC00015594-11,activity,null,4,-15,7.728,CC(C(O)=O)C1=CC=C(CC2CCCC2=O)C=C1,null,null,null,null,null,L0664,SIGMA,2021_LOPAC_01,null,null,loxoprofen,null,4,null,null,null,21.206,5.5,4.955,0.473,0.831,null,null,null,null,null,null,20.5,null,null,24.501,3.295,69.293,78.066,null,null,null,null,null,null,null,null,null,YMBXTVYHTMGZDW,null,TRND,qRgWRuqtRKjkNLJhyK,null,null,null,null,null,null,null,null,null,68767-14-6,null,null,null,0,4,0,null,null,173030,0 0 0 0,1,1,2025-06-17 15:22:09,null,null,null,null,null,null,null,364782311,activity,null,HTS,null,16.505,24.501,3.295,7.728,null,null,null,null,null,null,null,null,null,null,null,null,null,null,null,null,null,null,null,null,null,278937782
TRND-Glioblastoma_LOPAC_A172-primary_screen2,NCGC00016112-06,activity,null,4,13.828,1.487,NCC(O)C1=CC(O)=C(O)C=C1,null,null,null,null,null,A0937,SIGMA,2021_LOPAC_01,null,null,(±)-Norepinephrine (+)bitartrate,null,4,null,null,null,13.808,12,4.955,1,0.957,null,null,null,null,null,null,-1.828,null,null,13.535,-0.273,21.644,22.647,null,null,null,null,null,null,null,null,null,SFLSHLFXELFNJZ,null,TRND,UXGDzntYuolcxIikLw,null,null,null,null,TARTRATE,null,null,null,null,[NO STEREO] 51-40-1,null,null,null,0,4,1,null,null,173030,0 0 0 1,1,1,2025-06-17 15:22:09,null,null,null,null,null,null,null,364783363,activity,null,HTS,null,-0.273,13.535,10.566,1.487,null,null,null,null,null,null,null,null,null,null,null,null,null,null,null,null,null,null,null,null,null,278937783
TRND-Glioblastoma_LOPAC_A172-primary_screen2,NCGC00016759-40,activity,null,4,0,4.253,COC1=CC2=CC=C(C=C2C=C1)[C@H](C)C(O)=O,null,null,null,null,null,M1275,SIGMA,2021_LOPAC_01,null,null,(-)-Naproxen sodium,null,4,null,null,null,2.107,0,null,null,null,null,null,null,null,null,null,0,null,null,4.417,2.31,18.884,null,null,null,null,null,null,null,null,null,null,CMWTZPSULFXXJA,null,TRND,gPwelLIKApznBImqdp,null,Cyclooxygenase 2(COX2) inhibitor,null,null,SODIUM,null,null,null,null,[NO STEREO] 26159-34-2,PTGS2,null,null,0,4,null,null,null,173030,null,1,1,2025-06-17 15:22:09,null,null,null,null,null,null,null,364784795,activity,null,HTS,null,4.417,2.31,3.968,4.253,null,null,null,null,null,null,null,null,null,null,null,null,null,null,null,null,null,null,null,null,null,278937784
TRND-Glioblastoma_LOPAC_A172-primary_screen2,NCGC00016007-15,activity,10,-2.3,-107.546,-92.826,CC(C)(C)C1=CC(=CC(=C1O)C(C)(C)C)\C=C(/C#N)C(N)=S,null,null,null,null,null,T2067,SIGMA,2021_LOPAC_01,-5,null,Tyrphostin AG 879,null,-2.1,null,null,null,114.197,-96.546,2.847,0.216,0.97,null,null,null,null,null,null,11,null,null,21.371,-92.826,-42.929,-21.359,null,null,null,null,null,null,null,null,null,XRZYELWZLNAXGE,null,TRND,lhGlDOqSVcEGLTctZI,null,null,null,null,null,null,null,null,null,null,null,null,null,0,4,0,null,null,173030,0 0 0 0,1,1,2025-06-17 15:22:09,null,null,null,null,null,null,null,364783879,activity,null,HTS,10.254623,0.671,21.371,-15.628,-92.826,null,null,null,null,null,null,null,null,null,null,null,null,null,null,null,null,null,null,null,null,null,278937785
TRND-Glioblastoma_LOPAC_A172-primary_screen2,NCGC00015701-08,activity,null,4,-24.565,-0.888,CC(N)(CC1=CC=C(O)C=C1)C(O)=O,null,null,null,null,null,120693,SIGMA,2021_LOPAC_01,null,null,DL-alpha-Methyl-p-tyrosine,null,4,null,null,null,29.674,-1.565,2.406,0.454,0.846,null,null,null,null,null,null,23,null,null,28.787,-0.888,75.917,87.165,null,null,null,null,null,null,null,null,null,NHTGHBARYWONDQ,null,TRND,rGPLYmGLOIqEREwTfJ,null,null,null,null,null,null,null,null,null,658-48-0,null,null,null,0,4,0,null,null,173030,0 0 0 0,1,1,2025-06-17 15:22:09,null,null,null,null,null,null,null,364780295,activity,null,HTS,null,17.36,28.787,11.569,-0.888,null,null,null,null,null,null,null,null,null,null,null,null,null,null,null,null,null,null,null,null,null,278937786
TRND-Glioblastoma_LOPAC_A172-primary_screen2,NCGC00015910-10,activity,14.125375,-3,-38.28,-37.964,OC1=CC2=C(CCNCC2C3=CC=CC=C3)C(Cl)=C1O,null,null,null,null,null,S143,SIGMA,2021_LOPAC_01,-4.85,null,(±)-6-Chloro-PB hydrobromide,null,-3,null,null,null,42.95,-38.78,4.504,0.292,0.943,null,null,null,null,null,null,-0.5,null,null,4.985,-37.964,-34.726,-22.941,null,null,null,null,null,null,null,null,null,GHWJEDJMOVUXEC,null,TRND,aHYnYLxSDgQXsZqWmX,null,null,null,null,BR,null,null,null,null,null,null,null,null,0,4,0,null,null,173030,0 0 0 0,1,1,2025-06-17 15:22:09,null,null,null,null,null,null,null,364783191,activity,null,HTS,null,-6.13,4.985,-1.776,-37.964,null,null,null,null,null,null,null,null,null,null,null,null,null,null,null,null,null,null,null,null,null,278937787
TRND-Glioblastoma_LOPAC_A172-primary_screen2,NCGC00015573-09,activity,null,4,11.145,5.538,OC(=O)C1CCNCC1,null,null,null,null,null,I18008,SIGMA,2021_LOPAC_01,null,null,Isonipecotic acid,null,4,null,null,null,12.546,7.5,2.333,0.352,0.916,null,null,null,null,null,null,-3.645,null,null,9.092,-3.454,0.839,0.562,null,null,null,null,null,null,null,null,null,SRJOCJYGOFTFLH,null,TRND,OpBQWQqJLtCEPnFDKN,null,null,null,null,null,null,null,null,null,498-94-2,null,null,null,0,4,0,null,null,173030,0 0 0 0,1,1,2025-06-17 15:22:09,null,null,null,null,null,null,null,364784195,activity,null,HTS,null,-3.454,1.653,9.092,5.538,null,null,null,null,null,null,null,null,null,null,null,null,null,null,null,null,null,null,null,null,null,278937788
TRND-Glioblastoma_LOPAC_A172-primary_screen2,NCGC00025206-07,activity,null,4,-13.5,4.153,NC[C@@H]1O[C@@H](CC2=C1C=CC(O)=C2O)C3=CC=CC=C3,null,null,null,null,null,A8852,SIGMA,2021_LOPAC_01,null,null,A-68930 hydrochloride,null,4,null,null,null,12.619,3,1.885,0.097,0.994,null,null,null,null,null,null,16.5,null,null,16.772,4.153,66.508,67.216,null,null,null,null,null,null,null,null,null,SUHGRZPINGKYNV,null,TRND,ctFDxOcoqzmgOejXNY,null,null,null,null,CL,null,null,null,null,null,null,null,null,0,4,0,null,null,173030,0 0 0 0,1,1,2025-06-17 15:22:09,null,null,null,null,null,null,null,364782595,activity,null,HTS,null,16.072,16.772,11.441,4.153,null,null,null,null,null,null,null,null,null,null,null,null,null,null,null,null,null,null,null,null,null,278937789
TRND-Glioblastoma_LOPAC_A172-primary_screen2,NCGC00091250-26,activity,null,4,-14.632,-11.36,CO[C@H]1[C@@H](C[C@@H]2CN3CCC4=C(NC5=CC(OC)=CC=C45)[C@H]3C[C@@H]2[C@@H]1C(=O)OC)OC(=O)C6=CC(OC)=C(OC)C(OC)=C6,null,null,null,null,null,R0875,SIGMA,2021_LOPAC_01,null,null,Reserpine,null,4,null,null,null,16.421,-14.132,4.955,0.564,0.734,null,null,null,null,null,null,0.5,null,null,5.061,-11.36,-7.948,-3.832,null,null,null,null,null,null,null,null,null,QEVHRUUCFGRFIF,null,TRND,NLXmFnRVAJNgrotvQb,null,Synaptic vesicular amine transporter inhibitor,null,null,null,null,null,null,null,50-55-5,SLC18A2,null,null,0,4,0,null,null,173030,0 0 0 0,1,1,2025-06-17 15:22:09,null,null,null,null,null,null,null,364784643,activity,null,HTS,null,-1.206,-3.101,5.061,-11.36,null,null,null,null,null,null,null,null,null,null,null,null,null,null,null,null,null,null,null,null,null,278937790
TRND-Glioblastoma_LOPAC_A172-primary_screen2,NCGC00095109-22,activity,null,4,0,0.422,COC1=CC=C(C=C1)C(CN(C)C)C2(O)CCCCC2,null,null,null,null,null,V7264,SIGMA,2021_LOPAC_01,null,null,Venlafaxine hydrochloride,null,4,null,null,null,4.188,0,null,null,null,null,null,null,null,null,null,0,null,null,4.61,0.422,14.942,null,null,null,null,null,null,null,null,null,null,PNVNVHUZROJLTJ,null,TRND,uZbsfsyHZCuRlbvzrp,null,null,null,null,CL,null,null,null,null,93413-69-5,null,null,null,0,4,null,null,null,173030,null,1,1,2025-06-17 15:22:09,null,null,null,null,null,null,null,364782835,activity,null,HTS,null,3.097,4.61,4.152,0.422,null,null,null,null,null,null,null,null,null,null,null,null,null,null,null,null,null,null,null,null,null,278937791
TRND-Glioblastoma_LOPAC_A172-primary_screen2,NCGC00015547-06,activity,null,4,0,-1.016,O=C1CCC(=NN1)C2=CC=C(C=C2)N3C=CN=C3,null,null,null,null,null,I0782,SIGMA,2021_LOPAC_01,null,null,Imazodan,null,4,null,null,null,8.175,0,null,null,null,null,null,null,null,null,null,0,null,null,7.159,-1.016,25.893,null,null,null,null,null,null,null,null,null,null,VXMYWVMXSWJFCV,null,TRND,HuEZTUdtsKCoeQulXm,null,null,null,null,null,null,null,null,null,84243-58-3,null,null,null,0,4,null,null,null,173030,null,1,1,2025-06-17 15:22:09,null,null,null,null,null,null,null,364785071,activity,null,HTS,null,6.435,5.098,7.159,-1.016,null,null,null,null,null,null,null,null,null,null,null,null,null,null,null,null,null,null,null,null,null,278937792
TRND-Glioblastoma_LOPAC_A172-primary_screen2,NCGC00015857-20,activity,null,4,22.5,10.698,C(N1CCN(CC1)C2=NC=CC=N2)C3=CC4=C(OCO4)C=C3,null,null,null,null,null,P9233,SIGMA,2021_LOPAC_01,null,null,Piribedil maleate,null,4,null,null,null,21.951,24.5,4.095,1,1,null,null,null,null,null,null,2,null,null,24.318,2.368,50.997,50.568,null,null,null,null,null,null,null,null,null,OQDPVLVUJFGPGQ,null,TRND,tcSPEiiFHMdCvjeYpU,null,null,null,null,MALEATE,null,null,null,null,null,null,null,null,0,4,1,null,null,173030,0 0 0 1,1,1,2025-06-17 15:22:09,null,null,null,null,null,null,null,364780363,activity,null,HTS,null,2.368,20.945,24.318,10.698,null,null,null,null,null,null,null,null,null,null,null,null,null,null,null,null,null,null,null,null,null,278937793
TRND-Glioblastoma_LOPAC_A172-primary_screen2,NCGC00015122-28,activity,null,4,0,16.701,CC(NC(C)(C)C)C(=O)C1=CC=CC(Cl)=C1,null,null,null,null,null,B102,SIGMA,2021_LOPAC_01,null,null,Bupropion hydrochloride,null,4,null,null,null,16.44,0,null,null,null,null,null,null,null,null,null,0,null,null,21.016,4.576,81.366,null,null,null,null,null,null,null,null,null,null,SNPPWIUOZRMYNY,null,TRND,VSqhrLIzJThSHzxteK,null,Sodium-dependent Dopamine Transporter inhibitor,null,null,CL,null,null,null,null,31677-93-7,SLC6A3,null,null,0,4,null,null,null,173030,null,1,1,2025-06-17 15:22:09,null,null,null,null,null,null,null,364780535,activity,null,HTS,null,19.708,4.576,21.016,16.701,null,null,null,null,null,null,null,null,null,null,null,null,null,null,null,null,null,null,null,null,null,278937794
TRND-Glioblastoma_LOPAC_A172-primary_screen2,NCGC00015754-23,activity,null,4,17.5,-2.657,CC1(C)NC(=O)N(C1=O)C2=CC(=C(C=C2)[N+]([O-])=O)C(F)(F)F,null,null,null,null,null,N8534,SIGMA,2021_LOPAC_01,null,null,Nilutamide,null,4,null,null,null,63.859,20,3.512,1,1,null,null,null,null,null,null,2.5,null,null,18.238,-45.621,32.632,32.362,null,null,null,null,null,null,null,null,null,XWXYUMMDTVBTOU,null,TRND,wXJqUfaXntiDyOxrTg,null,Androgen Receptor antagonist,null,null,null,null,null,null,null,63612-50-0,AR,null,null,0,4,2,null,null,173030,1 0 0 1,1,1,2025-06-17 15:22:09,null,null,null,null,null,null,null,364785219,activity,null,HTS,null,-45.621,2.962,18.238,-2.657,null,null,null,null,null,null,null,null,null,null,null,null,null,null,null,null,null,null,null,null,null,278937795
TRND-Glioblastoma_LOPAC_A172-primary_screen2,NCGC00013043-15,activity,3.981072,-1.1,-100.665,-86.009,C1=CC2=CC=C3C=CC=NC3=C2N=C1,null,null,null,null,null,P9375,SIGMA,2021_LOPAC_01,-5.4,null,"1,10-Phenanthroline monohydrate",null,-1.1,null,null,null,101.289,-85.665,3.99,0.029,0.999,null,null,null,null,null,null,15,null,null,15.28,-86.009,-48.154,-45.734,null,null,null,null,null,null,null,null,null,DGEZNRSVGBDHLK,null,TRND,fsUEOQeJdBcbMbMTHA,null,null,null,null,H2O,null,null,null,null,66-71-7,null,null,null,0,4,0,null,null,173030,0 0 0 0,1,1,2025-06-17 15:22:09,null,null,null,null,null,null,null,364781643,activity,null,HTS,4.332853,13.656,15.28,-73.667,-86.009,null,null,null,null,null,null,null,null,null,null,null,null,null,null,null,null,null,null,null,null,null,278937796
TRND-Glioblastoma_LOPAC_A172-primary_screen2,NCGC00015693-31,activity,0.281838,-1.3,-104.476,-97.911,OCCNCCNC1=CC=C(NCCNCCO)C2=C1C(=O)C3=C(C2=O)C(O)=CC=C3O,null,null,null,null,null,M6545,SIGMA,2021_LOPAC_01,-6.55,null,Mitoxantrone,null,-1.1,null,null,null,53.698,-99.282,0.6,0.363,0.909,null,null,null,null,null,null,5.194,null,null,-44.213,-97.911,-281.567,-286.073,null,null,null,null,null,null,null,null,null,KKZJGLLVHKMTCM,null,TRND,uzMeEvvOeMGvMSjLxH,null,DNA Topoisomerase II inhibitor,null,null,HCL,null,null,null,null,70476-82-3,TOP2A,null,null,0,4,0,null,null,173030,0 0 0 0,1,1,2025-06-17 15:22:09,null,null,null,null,null,null,null,364783627,activity,null,HTS,0.288719,-44.213,-76.286,-77.346,-97.911,null,null,null,null,null,null,null,null,null,null,null,null,null,null,null,null,null,null,null,null,null,278937797
TRND-Glioblastoma_LOPAC_A172-primary_screen2,NCGC00015844-13,activity,null,4,-15,9.193,CC1=C2NC(C=C3N=C(C=C4NC(=CC5=NC(=C2)C(C=C)=C5C)C(C=C)=C4C)C(C)=C3CCC([O-])=O)=C1CCC([O-])=O,null,null,null,null,null,P8293,SIGMA,2021_LOPAC_01,null,null,Protoporphyrin Ix disodium,null,4,null,null,null,15.934,8,1.826,0.398,0.888,null,null,null,null,null,null,23,null,null,25.127,9.193,88.972,94.336,null,null,null,null,null,null,null,null,null,KSFOVUSSGSKXFI,null,TRND,QbKJoiDfObhCmTvxUe,null,null,null,null,null,null,null,null,null,[NO STEREO] 553-12-8,null,null,null,0,4,0,null,null,173030,0 0 0 0,1,1,2025-06-17 15:22:09,null,null,null,null,null,null,null,364780971,activity,null,HTS,null,20.338,25.127,14.497,9.193,null,null,null,null,null,null,null,null,null,null,null,null,null,null,null,null,null,null,null,null,null,278937798
TRND-Glioblastoma_LOPAC_A172-primary_screen2,NCGC00024504-21,activity,null,4,0,11.701,CC(=C)[C@H]1CN[C@@H]([C@H]1CC(O)=O)C(O)=O,null,null,null,null,null,K0250,SIGMA,2021_LOPAC_01,null,null,Kainic acid,null,4,null,null,null,8.572,0,null,null,null,null,null,null,null,null,null,0,null,null,15.47,6.898,56.706,null,null,null,null,null,null,null,null,null,null,VLSMHEGGTFMBBZ,null,TRND,hUnByoMpDivMaLuTXb,null,null,null,null,H2O,null,null,null,null,487-79-6,null,null,null,0,4,null,null,null,173030,null,1,1,2025-06-17 15:22:09,null,null,null,null,null,null,null,364781015,activity,null,HTS,null,12.583,15.47,6.898,11.701,null,null,null,null,null,null,null,null,null,null,null,null,null,null,null,null,null,null,null,null,null,278937799
TRND-Glioblastoma_LOPAC_A172-primary_screen2,NCGC00015542-20,activity,null,4,-18,8.131,CC(C)C(=O)C1=C2C=CC=CN2N=C1C(C)C,null,null,null,null,null,I0157,SIGMA,2021_LOPAC_01,null,null,Ibudilast,null,4,null,null,null,19.529,5,4.095,0.302,0.94,null,null,null,null,null,null,23,null,null,22.574,3.045,73.343,73.429,null,null,null,null,null,null,null,null,null,ZJVFLBOZORBYFE,null,TRND,GWGIEVoTnGieHEbRdk,null,null,null,null,null,null,null,null,null,50847-11-5,null,null,null,0,4,0,null,null,173030,0 0 0 0,1,1,2025-06-17 15:22:09,null,null,null,null,null,null,null,364782515,activity,null,HTS,null,22.574,6.142,3.045,8.131,null,null,null,null,null,null,null,null,null,null,null,null,null,null,null,null,null,null,null,null,null,278937800
TRND-Glioblastoma_LOPAC_A172-primary_screen2,NCGC00015410-17,activity,null,4,-15,6.063,CCC1(CC2=C(O1)C=CC=C2)C3=NCCN3,null,null,null,null,null,E3263,SIGMA,2021_LOPAC_01,null,null,Efaroxan hydrochloride,null,4,null,null,null,12.265,5,4.955,0.587,0.704,null,null,null,null,null,null,20,null,null,15.465,3.2,55.017,52.565,null,null,null,null,null,null,null,null,null,RATZLMXRALDSJW,null,TRND,ONWpHWxsBJpIXvLcxD,null,null,null,null,CL,null,null,null,null,null,null,null,null,0,4,0,null,null,173030,0 0 0 0,1,1,2025-06-17 15:22:09,null,null,null,null,null,null,null,364783175,activity,null,HTS,null,15.465,3.2,9.546,6.063,null,null,null,null,null,null,null,null,null,null,null,null,null,null,null,null,null,null,null,null,null,278937801
TRND-Glioblastoma_LOPAC_A172-primary_screen2,NCGC00162105-04,activity,null,4,-18.5,6.589,OC[C@H]1O[C@@H]([C@H](O)[C@@H]1O)N2C=NC3=C(N[C@H]4CCC[C@@H]4O)N=CN=C23,null,null,null,null,null,G5794,SIGMA,2021_LOPAC_01,null,null,GR 79236x,null,4,null,null,null,15.62,1,4.955,0.33,0.927,null,null,null,null,null,null,19.5,null,null,22.209,6.589,84.201,84.855,null,null,null,null,null,null,null,null,null,GYWXTRVEUURNEW,null,TRND,riecOxsBMCkAHTkKNV,null,null,null,null,null,null,null,null,null,[NO STEREO] 124555-18-6,null,null,null,0,4,0,null,null,173030,0 0 0 0,1,1,2025-06-17 15:22:09,null,null,null,null,null,null,null,364781183,activity,null,HTS,null,18.99,17.893,22.209,6.589,null,null,null,null,null,null,null,null,null,null,null,null,null,null,null,null,null,null,null,null,null,278938312
TRND-Glioblastoma_LOPAC_A172-primary_screen2,NCGC00092363-13,activity,12.589254,-3,-51.105,-40.975,[O-][N+](=O)C1=CC(C(=O)NC2=CC=NC=C2)=C(Cl)C=C1,null,null,null,null,null,T8703,SIGMA,2021_LOPAC_01,-4.9,null,T0070907,null,-3,null,null,null,51.308,-41.605,4.504,0.035,0.999,null,null,null,null,null,null,9.5,null,null,10.333,-40.975,14.309,16.172,null,null,null,null,null,null,null,null,null,FRPJSHKMZHWJBE,null,TRND,eNpYRpdztiAOatkIJc,null,null,null,null,null,null,null,null,null,null,null,null,null,0,4,0,null,null,173030,0 0 0 0,1,1,2025-06-17 15:22:09,null,null,null,null,null,null,null,364783315,activity,null,HTS,null,8.653,10.333,6.599,-40.975,null,null,null,null,null,null,null,null,null,null,null,null,null,null,null,null,null,null,null,null,null,278938313
TRND-Glioblastoma_LOPAC_A172-primary_screen2,NCGC00018158-24,activity,null,4,-28.105,-15.504,COC1=C(OC)C=C2C(N)=NC(=NC2=C1)N3CCN(CC3)C(=O)C4COC5=C(O4)C=CC=C5,null,null,null,null,null,D9815,SIGMA,2021_LOPAC_01,null,null,Doxazosin mesylate,null,4,null,null,null,39.478,-15.605,3.065,0.62,0.649,null,null,null,null,null,null,12.5,null,null,23.974,-15.504,12.037,36.803,null,null,null,null,null,null,null,null,null,RUZYUOTYCVRMRZ,null,TRND,shfPqdlIulrWZahPOj,null,null,null,null,SULFONICACID_V1,null,null,null,null,77883-43-3,null,null,null,0,4,0,null,null,173030,0 0 0 0,1,1,2025-06-17 15:22:09,null,null,null,null,null,null,null,364784671,activity,null,HTS,null,0.581,23.974,2.605,-15.504,null,null,null,null,null,null,null,null,null,null,null,null,null,null,null,null,null,null,null,null,null,278938314
TRND-Glioblastoma_LOPAC_A172-primary_screen2,NCGC00015912-14,activity,null,4,0,-6.057,NC1=NC=NC2=C1N=CN2C3CCCO3,null,null,null,null,null,S153,SIGMA,2021_LOPAC_01,null,null,SQ 22536,null,4,null,null,null,6.304,0,null,null,null,null,null,null,null,null,null,0,null,null,0.248,-6.057,-17.589,null,null,null,null,null,null,null,null,null,null,UKHMZCMKHPHFOT,null,TRND,KeNCFmEovjClrtdJtO,null,null,null,null,null,null,null,null,null,null,null,null,null,0,4,null,null,null,173030,null,1,1,2025-06-17 15:22:09,null,null,null,null,null,null,null,364785111,activity,null,HTS,null,-5.207,0.248,-0.182,-6.057,null,null,null,null,null,null,null,null,null,null,null,null,null,null,null,null,null,null,null,null,null,278938315
TRND-Glioblastoma_LOPAC_A172-primary_screen2,NCGC00371032-05,activity,null,4,-13.305,-3.171,FC(F)(F)C1=CC(=CC(NC(=O)NC2=C(C=C(Br)C=C2Br)C3=NN=NN3)=C1)C(F)(F)F,null,null,null,null,null,N2540,SIGMA,2021_LOPAC_01,null,null,NS5806,null,4,null,null,null,18.143,-4.805,4.955,0.701,0.478,null,null,null,null,null,null,8.5,null,null,14.972,-3.171,47.563,33.782,null,null,null,null,null,null,null,null,null,UZWJWROOLOOCPQ,null,TRND,ATyTzbSjIHUWeVAkSu,null,null,null,null,null,null,null,null,null,null,null,null,null,0,4,0,null,null,173030,0 0 0 0,1,1,2025-06-17 15:22:09,null,null,null,null,null,null,null,364783799,activity,null,HTS,null,14.972,0.237,10.744,-3.171,null,null,null,null,null,null,null,null,null,null,null,null,null,null,null,null,null,null,null,null,null,278938316
TRND-Glioblastoma_LOPAC_A172-primary_screen2,NCGC00015680-36,activity,null,4,-23,3.194,COC1=CC2=C(NC=C2CCNC(C)=O)C=C1,null,null,null,null,null,M5250,SIGMA,2021_LOPAC_01,null,null,Melatonin,null,4,null,null,null,19.456,4,1.416,0.108,0.993,null,null,null,null,null,null,27,null,null,22.651,3.194,75.867,75.17,null,null,null,null,null,null,null,null,null,DRLFMBDRBRZALE,null,TRND,jYyiclEiGiZXyEajHT,null,Melatonin receptor type 1A agonist,null,null,null,null,null,null,null,73-31-4,MTNR1A,null,null,0,4,0,null,null,173030,0 0 0 0,1,1,2025-06-17 15:22:09,null,null,null,null,null,null,null,364784235,activity,null,HTS,null,22.651,10.453,5.752,3.194,null,null,null,null,null,null,null,null,null,null,null,null,null,null,null,null,null,null,null,null,null,278938317
TRND-Glioblastoma_LOPAC_A172-primary_screen2,NCGC00015534-12,activity,null,4,0,2.346,CN(C(CN1CCCC1)C2=CC(OCC(O)=O)=CC=C2)C(=O)CC3=CC(Cl)=C(Cl)C=C3,null,null,null,null,null,I122,SIGMA,2021_LOPAC_01,null,null,"ICI 204,448 hydrochloride",null,4,null,null,null,7.748,0,null,null,null,null,null,null,null,null,null,0,null,null,8.885,1.136,31.207,null,null,null,null,null,null,null,null,null,null,JKYJSFISYHSNOE,null,TRND,TPahEUmaJvNBYALtKf,null,null,null,null,CL,null,null,null,null,null,null,null,null,0,4,null,null,null,173030,null,1,1,2025-06-17 15:22:09,null,null,null,null,null,null,null,364784179,activity,null,HTS,null,8.885,6.472,1.136,2.346,null,null,null,null,null,null,null,null,null,null,null,null,null,null,null,null,null,null,null,null,null,278938318
TRND-Glioblastoma_LOPAC_A172-primary_screen2,NCGC00015427-14,activity,null,4,0,0.089,COC(=O)C1=C(C)NC(C)=C1C(=O)C2=C(CC3=CC=CC=C3)C=CC=C2,null,null,null,null,null,F131,SIGMA,2021_LOPAC_01,null,null,FPL 64176,null,4,null,null,null,7.489,0,null,null,null,null,null,null,null,null,null,0,null,null,7.579,0.089,25.325,null,null,null,null,null,null,null,null,null,null,MDMWHKZANMNXTF,null,TRND,lbydoeIOPblwwBvhdZ,null,null,null,null,null,null,null,null,null,120934-96-5,null,null,null,0,4,null,null,null,173030,null,1,1,2025-06-17 15:22:09,null,null,null,null,null,null,null,364784407,activity,null,HTS,null,7.579,2.705,3.37,0.089,null,null,null,null,null,null,null,null,null,null,null,null,null,null,null,null,null,null,null,null,null,278938319
TRND-Glioblastoma_LOPAC_A172-primary_screen2,NCGC00507724-03,activity,null,4,-21.5,13.439,C[N+]1=CC(=CC=C1)C(N)=O,null,null,null,null,null,SML0704,SIGMA,2021_LOPAC_01,null,null,1-Methylnicotinamide chloride,null,4,null,null,null,10.411,2,0.9,0.187,0.978,null,null,null,null,null,null,23.5,null,null,23.851,13.439,102.651,101.392,null,null,null,null,null,null,null,null,null,LDHMAVIPBRSVRG,null,TRND,vAmEnoYgtSmdxciPlR,null,null,null,null,CL,null,null,null,null,1005-24-9,null,null,null,0,4,0,null,null,173030,0 0 0 0,1,1,2025-06-17 15:22:09,null,null,null,null,null,null,null,364780427,activity,null,HTS,null,23.851,21.67,20.382,13.439,null,null,null,null,null,null,null,null,null,null,null,null,null,null,null,null,null,null,null,null,null,278938320
TRND-Glioblastoma_LOPAC_A172-primary_screen2,NCGC00015842-19,activity,19.952623,-3,-107.74,-96.055,[H][C@]12[C@]3([H])C=C(CO)C[C@]4(O)C(=O)C(C)=C[C@@]4([H])[C@@]3(O)[C@H](C)[C@@H](OC(=O)CCCCCCCCCCCCC)[C@@]1(OC(C)=O)C2(C)C,null,null,null,null,null,P8139,SIGMA,2021_LOPAC_01,-4.7,null,Phorbol 12-myristate 13-acetate,null,-3,null,null,null,106.542,-103.74,4.955,0.164,0.983,null,null,null,null,null,null,4,null,null,10.487,-96.055,-31.893,-34.022,null,null,null,null,null,null,null,null,null,PHEDXBVPIONUQT,null,TRND,njHlMRhMNgbWgoeNOi,null,Protein kinase C activator,null,null,null,null,null,null,null,16561-29-8,PRKCA,null,null,0,4,0,null,null,173030,0 0 0 0,1,1,2025-06-17 15:22:09,null,null,null,null,null,null,null,364784791,activity,null,HTS,19.664294,5.291,-4.889,10.487,-96.055,null,null,null,null,null,null,null,null,null,null,null,null,null,null,null,null,null,null,null,null,null,278938321
TRND-Glioblastoma_LOPAC_A172-primary_screen2,NCGC00016103-22,activity,null,4,21.955,-12.409,OCC1=CC=C(O1)C2=NN(CC3=CC=CC=C3)C4=C2C=CC=C4,null,null,null,null,null,Y102,SIGMA,2021_LOPAC_01,null,null,YC-1,null,4,null,null,null,27.121,10,4.955,1,0.545,null,null,null,null,null,null,-11.955,null,null,5.908,-21.212,-14.488,-32.258,null,null,null,null,null,null,null,null,null,OQQVFCKUDYMWGV,null,TRND,GRWiyawzeqAdUveJtd,null,Hypoxia-inducible factor 1-alpha inhibitor,null,null,null,null,null,null,null,170632-47-0,HIF1A,null,null,0,4,1,null,null,173030,0 0 0 1,1,1,2025-06-17 15:22:09,null,null,null,null,null,null,null,364782051,activity,null,HTS,null,-2.487,-21.212,5.908,-12.409,null,null,null,null,null,null,null,null,null,null,null,null,null,null,null,null,null,null,null,null,null,278938322
TRND-Glioblastoma_LOPAC_A172-primary_screen2,NCGC00015553-06,activity,null,4,-21.792,-9.41,FC1=CC=C(CN(C2=NCCN2)C3=C(Cl)C=CC=C3Cl)C=C1,null,null,null,null,null,I2279,SIGMA,2021_LOPAC_01,null,null,IMID-4F hydrochloride,null,4,null,null,null,17.934,-13.292,1.171,0.081,0.996,null,null,null,null,null,null,8.5,null,null,8.524,-9.41,22.574,21.701,null,null,null,null,null,null,null,null,null,QONNLUMTBIZJFP,null,TRND,MQKyrUgyuSbNKpoWbo,null,null,null,null,CL,null,null,null,null,null,null,null,null,0,4,0,null,null,173030,0 0 0 0,1,1,2025-06-17 15:22:09,null,null,null,null,null,null,null,364784447,activity,null,HTS,null,8.524,5.695,-0.166,-9.41,null,null,null,null,null,null,null,null,null,null,null,null,null,null,null,null,null,null,null,null,null,278938323
TRND-Glioblastoma_LOPAC_A172-primary_screen2,NCGC00690011-01,activity,null,4,0,11.316,FC1=CC(F)=C(NC(=S)NCCCN2C=CN=C2)C=C1,null,null,null,null,null,SML2138,SIGMA,2021_LOPAC_01,null,null,IR415,null,4,null,null,null,7.44,0,null,null,null,null,null,null,null,null,null,0,null,null,12.865,5.425,50.961,null,null,null,null,null,null,null,null,null,null,KRSBPLFMLHNMPU,null,TRND,JlCHbwmjbrDnaEhabh,null,null,null,null,null,null,null,null,null,null,null,null,null,0,4,null,null,null,173030,null,1,1,2025-06-17 15:22:09,null,null,null,null,null,null,null,364780523,activity,null,HTS,null,12.865,5.425,7.89,11.316,null,null,null,null,null,null,null,null,null,null,null,null,null,null,null,null,null,null,null,null,null,278938324
TRND-Glioblastoma_LOPAC_A172-primary_screen2,NCGC00094226-24,activity,null,4,-16.296,-1.497,OC1=CC(\C=C\C2=CC(O)=C(O)C=C2)=CC(O)=C1,null,null,null,null,null,P0453,SIGMA,2021_LOPAC_01,null,null,Piceatannol,null,4,null,null,null,17.976,-2.796,4.955,0.412,0.879,null,null,null,null,null,null,13.5,null,null,16.479,-1.497,47.519,55.447,null,null,null,null,null,null,null,null,null,CDRPUGZCRXZLFL,null,TRND,whHDfmCaZezJVsdVIV,null,null,null,null,null,null,null,null,null,10083-24-6,null,null,null,0,4,0,null,null,173030,0 0 0 0,1,1,2025-06-17 15:22:09,null,null,null,null,null,null,null,364782607,activity,null,HTS,null,9.856,13.496,16.479,-1.497,null,null,null,null,null,null,null,null,null,null,null,null,null,null,null,null,null,null,null,null,null,278938325
TRND-Glioblastoma_LOPAC_A172-primary_screen2,NCGC00015489-10,activity,null,4,0,13.036,CN1C2CCC1CC(C2)OC(=O)C(O)C3=CC=CC=C3,null,null,null,null,null,H0126,SIGMA,2021_LOPAC_01,null,null,DL-Homatropine hydrobromide,null,4,null,null,null,5.77,0,null,null,null,null,null,null,null,null,null,0,null,null,14.742,8.972,48.714,null,null,null,null,null,null,null,null,null,null,ZTVIKZXZYLEVOL,null,TRND,QyvYOYjHZmQyrEbjZD,null,null,null,null,BR,null,null,null,null,[NO STEREO] 51-56-9,null,null,null,0,4,null,null,null,173030,null,1,1,2025-06-17 15:22:09,null,null,null,null,null,null,null,364782403,activity,null,HTS,null,8.972,14.742,9.523,13.036,null,null,null,null,null,null,null,null,null,null,null,null,null,null,null,null,null,null,null,null,null,278938326
TRND-Glioblastoma_LOPAC_A172-primary_screen2,NCGC00687539-02,activity,null,4,-13.5,0.935,CCCCN(CC1=CC=CC=C1)C(=O)C2=CC=C(C=C2)[S+]([O-])(=O)NC3=CC=CC=C3,null,null,null,null,null,SML2275,SIGMA,2021_LOPAC_01,null,null,TH-257,null,4,null,null,null,15.012,0.5,2.253,0.348,0.918,null,null,null,null,null,null,14,null,null,15.947,0.935,49.051,53.532,null,null,null,null,null,null,null,null,null,BJDRHYMQSZDNJY,null,TRND,yjgKXHQMAphefhQaVh,null,LIM domain kinase 2 inhibitor,null,null,null,null,null,null,null,null,LIMK2,null,null,0,4,0,null,null,173030,0 0 0 0,1,1,2025-06-17 15:22:09,null,null,null,null,null,null,null,364780339,activity,null,HTS,null,11.768,15.947,6.805,0.935,null,null,null,null,null,null,null,null,null,null,null,null,null,null,null,null,null,null,null,null,null,278938327
TRND-Glioblastoma_LOPAC_A172-primary_screen2,NCGC00507756-02,activity,12.589254,-3,-80.876,-74.891,COC(=O)C1=C(C)NC(C)=C([C@H]1C2=CC(=CC=C2)[N+]([O-])=O)C(=O)O[C@H]3CCCN(CC4=CC=CC=C4)C3,null,null,null,null,null,B6813,SIGMA,2021_LOPAC_01,-4.9,null,Benidipine hydrochloride,null,-3,null,null,null,82.442,-76.376,4.095,0.079,0.996,null,null,null,null,null,null,4.5,null,null,7.551,-74.891,-18.214,-24.504,null,null,null,null,null,null,null,null,null,QZVNQOLPLYWLHQ,null,TRND,UApsJbroIcVJnNbSkX,null,null,null,null,CL,null,null,null,null,[NO STEREO] 91599-74-5,null,null,null,0,4,0,null,null,173030,0 0 0 0,1,1,2025-06-17 15:22:09,null,null,null,null,null,null,null,364784735,activity,null,HTS,14.717419,7.551,1.611,-1.324,-74.891,null,null,null,null,null,null,null,null,null,null,null,null,null,null,null,null,null,null,null,null,null,278938328
TRND-Glioblastoma_LOPAC_A172-primary_screen2,NCGC00262927-04,activity,null,4,-12.771,-0.489,CC1=CC=CC=C1N2CCN(CCC3=NN=C4CCCCN34)CC2,null,null,null,null,null,SML1610,SIGMA,2021_LOPAC_01,null,null,Dapiprazole hydrochloride,null,4,null,null,null,13.139,-1.271,4.955,0.1,0.994,null,null,null,null,null,null,11.5,null,null,11.662,-1.476,38.495,38.305,null,null,null,null,null,null,null,null,null,RFWZESUMWJKKRN,null,TRND,YtXxDfCplLQCeQbSNf,null,null,null,null,CL,null,null,null,null,72822-13-0,null,null,null,0,4,0,null,null,173030,0 0 0 0,1,1,2025-06-17 15:22:09,null,null,null,null,null,null,null,364784843,activity,null,HTS,null,11.399,11.662,-1.476,-0.489,null,null,null,null,null,null,null,null,null,null,null,null,null,null,null,null,null,null,null,null,null,278938329
TRND-Glioblastoma_LOPAC_A172-primary_screen2,NCGC00015725-30,activity,null,4,0,3.493,C[S+]([O-])(=O)NC1=C(OC2=CC=CC=C2)C=C(C=C1)[N+]([O-])=O,null,null,null,null,null,N1016,SIGMA,2021_LOPAC_01,null,null,Nimesulide,null,4,null,null,null,8.661,0,null,null,null,null,null,null,null,null,null,0,null,null,12.155,3.493,35.962,null,null,null,null,null,null,null,null,null,null,PMOPRBJLSQDYMY,null,TRND,IJMaNmHBilCsaETkuJ,null,Cyclooxygenase 2(COX2) inhibitor,null,null,null,null,null,null,null,51803-78-2,PTGS2,null,null,0,4,null,null,null,173030,null,1,1,2025-06-17 15:22:09,null,null,null,null,null,null,null,364783875,activity,null,HTS,null,7.077,8.566,12.155,3.493,null,null,null,null,null,null,null,null,null,null,null,null,null,null,null,null,null,null,null,null,null,278938330
TRND-Glioblastoma_LOPAC_A172-primary_screen2,NCGC00507773-02,activity,null,4,-13,1.478,C[C@@H](O)[C@H](NC(C)=O)C(=O)N[C@@H](CC(O)=O)C(=O)N[C@@H](CCCNC(=N)CF)C(N)=O,null,null,null,null,null,SML1539,SIGMA,2021_LOPAC_01,null,null,TDFA trifluoroacetate salt ,null,4,null,null,null,12.649,-1,4.955,0.49,0.817,null,null,null,null,null,null,12,null,null,14.127,1.478,53.449,50.896,null,null,null,null,null,null,null,null,null,SOZMHIJABUOUSN,null,TRND,oyvkmGTyPGTWXUPgKh,null,null,null,null,TFA,null,null,null,null,null,null,null,null,0,4,0,null,null,173030,0 0 0 0,1,1,2025-06-17 15:22:09,null,null,null,null,null,null,null,364782675,activity,null,HTS,null,13.286,8.475,14.127,1.478,null,null,null,null,null,null,null,null,null,null,null,null,null,null,null,null,null,null,null,null,null,278938331
TRND-Glioblastoma_LOPAC_A172-primary_screen2,NCGC00023212-33,activity,null,4,13.5,18.52,CC1=CN([C@@H]2O[C@H](CO)C=C2)C(=O)NC1=O,null,null,null,null,null,D1413,SIGMA,2021_LOPAC_01,null,null,"2 ,3 -didehydro-3 -deoxythymidine",null,4,null,null,null,13.721,20.5,1.885,0.581,0.712,null,null,null,null,null,null,7,null,null,18.52,4.799,52.754,41.362,null,null,null,null,null,null,null,null,null,XNKLLVCARDGLGL,null,TRND,dqlKCaGRGCchwEGyWD,null,null,null,null,null,null,null,null,null,3056-17-5,null,null,null,0,4,0,null,null,173030,0 0 0 0,1,1,2025-06-17 15:22:09,null,null,null,null,null,null,null,364780859,activity,null,HTS,null,11.71,4.799,10.251,18.52,null,null,null,null,null,null,null,null,null,null,null,null,null,null,null,null,null,null,null,null,null,278938332
TRND-Glioblastoma_LOPAC_A172-primary_screen2,NCGC00015582-21,activity,null,4,-13,13.819,BrC1=CC2=C(NC3=C2CC(=O)NC4=C3C=CC=C4)C=C1,null,null,null,null,null,K3888,SIGMA,2021_LOPAC_01,null,null,Kenpaullone,null,4,null,null,null,16.746,13,4.955,0.409,0.881,null,null,null,null,null,null,26,null,null,29.15,12.405,99.749,106.56,null,null,null,null,null,null,null,null,null,QQUXFYAWXPMDOE,null,TRND,oTXqVLlQczvTYuHyNv,null,null,null,null,null,null,null,null,null,null,null,null,null,0,4,0,null,null,173030,0 0 0 0,1,1,2025-06-17 15:22:09,null,null,null,null,null,null,null,364780391,activity,null,HTS,null,22.86,29.15,12.405,13.819,null,null,null,null,null,null,null,null,null,null,null,null,null,null,null,null,null,null,null,null,null,278938333
TRND-Glioblastoma_LOPAC_A172-primary_screen2,NCGC00182073-08,activity,null,4,-9,6.691,CCCC1=C2N(CC)C(=CC(=O)C2=CC3=C1OC(=CC3=O)C(O)=O)C(O)=O,null,null,null,null,null,SML0841,SIGMA,2021_LOPAC_01,null,null,Nedocromil,null,4,null,null,null,10.449,6.5,4.955,0.319,0.932,null,null,null,null,null,null,15.5,null,null,17.14,6.691,65.676,68.134,null,null,null,null,null,null,null,null,null,RQTOOFIXOKYGAN,null,TRND,dUNgOsJMLXhdcUFhHt,null,null,null,null,null,null,null,null,null,69049-73-6,null,null,null,0,4,0,null,null,173030,0 0 0 0,1,1,2025-06-17 15:22:09,null,null,null,null,null,null,null,364782651,activity,null,HTS,null,14.209,17.14,15.37,6.691,null,null,null,null,null,null,null,null,null,null,null,null,null,null,null,null,null,null,null,null,null,278938334
TRND-Glioblastoma_LOPAC_A172-primary_screen2,NCGC00025018-32,activity,null,4,-16.5,4.109,[H][C@@]12CC[C@H](O)[C@H](C(=O)OC)[C@@]1([H])C[C@]3([H])N(CCC4=C3NC5=C4C=CC=C5)C2,null,null,null,null,null,Y3125,SIGMA,2021_LOPAC_01,null,null,Yohimbine hydrochloride,null,4,null,null,null,16.481,4,2.787,0.035,0.999,null,null,null,null,null,null,20.5,null,null,20.59,4.109,74.483,74.336,null,null,null,null,null,null,null,null,null,BLGXFZZNTVWLAY,null,TRND,xTMzynqiAWyGuEuRkG,null,Alpha-2 Adrenergic Receptor antagonist,null,null,CL,null,null,null,null,65-19-0,ADRA2A,null,null,0,4,0,null,null,173030,0 0 0 0,1,1,2025-06-17 15:22:09,null,null,null,null,null,null,null,364780771,activity,null,HTS,null,20.59,17.349,4.374,4.109,null,null,null,null,null,null,null,null,null,null,null,null,null,null,null,null,null,null,null,null,null,278938335
TRND-Glioblastoma_LOPAC_A172-primary_screen2,NCGC00179504-36,activity,1.995262,-2.4,-59.576,-37.036,COc1cc(cc(OC)c1O)[C@H]2[C@@H]3[C@H](COC3=O)[C@H](O[C@@H]4O[C@@H]5CO[C@@H](C)O[C@H]5[C@H](O)[C@H]4O)c6cc7OCOc7cc26,null,null,null,null,null,E1383,SIGMA,2021_LOPAC_01,-5.7,null,Etoposide,null,-2.2,null,null,null,51.323,-39.576,1,0.072,0.997,null,null,null,null,null,null,20,null,null,14.287,-37.036,-0.115,-3.802,null,null,null,null,null,null,null,null,null,VJJPUSNTGOMMGY,null,TRND,wKpfyEsjUzvPrWPvPM,null,DNA Topoisomerase II inhibitor,null,null,null,null,null,null,null,null,TOP2A,null,null,0,4,0,null,null,173030,0 0 0 0,1,1,2025-06-17 15:22:09,null,null,null,null,null,null,null,364780931,activity,null,HTS,null,14.287,-4.566,-24.458,-37.036,null,null,null,null,null,null,null,null,null,null,null,null,null,null,null,null,null,null,null,null,null,278938336
TRND-Glioblastoma_LOPAC_A172-primary_screen2,NCGC00015664-08,activity,null,4,0,4.367,CSC(N)=N,null,null,null,null,null,M3127,SIGMA,2021_LOPAC_01,null,null,S-Methylisothiourea hemisulfate,null,4,null,null,null,9.92,0,null,null,null,null,null,null,null,null,null,0,null,null,14.286,4.367,30.488,null,null,null,null,null,null,null,null,null,null,SDDKIZNHOCEXTF,null,TRND,fNlKciyBgrqCfzGvTp,null,null,null,null,SULFURIC_ACID,null,null,null,null,2986-19-8,null,null,null,0,4,null,null,null,173030,null,1,1,2025-06-17 15:22:09,null,null,null,null,null,null,null,364782287,activity,null,HTS,null,4.449,8.38,14.286,4.367,null,null,null,null,null,null,null,null,null,null,null,null,null,null,null,null,null,null,null,null,null,278938337
TRND-Glioblastoma_LOPAC_A172-primary_screen2,NCGC00165752-07,activity,null,4,0,-0.629,CC(=O)O[C@H]1CC2=C(C=CC=C2)N(C(N)=O)C3=C1C=CC=C3,null,null,null,null,null,B5435,SIGMA,2021_LOPAC_01,null,null,BIA 2-093,null,4,null,null,null,6.849,0,null,null,null,null,null,null,null,null,null,0,null,null,6.22,-0.629,12.845,null,null,null,null,null,null,null,null,null,null,QIALRBLEEWJACW,null,TRND,jbSsHUjTnVwUNaZwsS,null,null,null,null,null,null,null,null,null,236395-14-5,null,null,null,0,4,null,null,null,173030,null,1,1,2025-06-17 15:22:09,null,null,null,null,null,null,null,364784159,activity,null,HTS,null,1.945,4.905,6.22,-0.629,null,null,null,null,null,null,null,null,null,null,null,null,null,null,null,null,null,null,null,null,null,278938338
TRND-Glioblastoma_LOPAC_A172-primary_screen2,NCGC00371041-05,activity,null,4,-13.537,-8.364,C(CN1CCOCC1)OC2=CC=C(C=C2)C3=CN4N=CC(=C4N=C3)C5=CC=CC=C5,null,null,null,null,null,D8696,SIGMA,2021_LOPAC_01,null,null,DMH4 ,null,4,null,null,null,16.379,-10.037,4.955,0.607,0.672,null,null,null,null,null,null,3.5,null,null,8.015,-8.364,-1.513,10.18,null,null,null,null,null,null,null,null,null,SKZQZGSPYYHTQG,null,TRND,VHgYAHXITTsnunRJhJ,null,null,null,null,null,null,null,null,null,null,null,null,null,0,4,0,null,null,173030,0 0 0 0,1,1,2025-06-17 15:22:09,null,null,null,null,null,null,null,364783723,activity,null,HTS,null,-1.964,8.015,3.909,-8.364,null,null,null,null,null,null,null,null,null,null,null,null,null,null,null,null,null,null,null,null,null,278938339
TRND-Glioblastoma_LOPAC_A172-primary_screen2,NCGC00507760-02,activity,null,4,-13.5,11.887,CCCCCOC(=O)NC1=NC(=O)N(C=C1F)[C@@H]2O[C@H](C)C(O)[C@H]2O,null,null,null,null,null,SML0653,SIGMA,2021_LOPAC_01,null,null,Capecitabine,null,4,null,null,null,28.36,2,3.627,1,1,null,null,null,null,null,null,15.5,null,null,32.912,4.552,58.829,57.973,null,null,null,null,null,null,null,null,null,GAGWJHPBXLXJQN,null,TRND,rsUprRotsfXxYcjUWy,null,null,null,null,null,null,null,null,null,[NO STEREO] 154361-50-9,null,null,null,0,4,2,null,null,173030,1 0 0 1,1,1,2025-06-17 15:22:09,null,null,null,null,null,null,null,364781063,activity,null,HTS,null,32.912,15.329,4.552,11.887,null,null,null,null,null,null,null,null,null,null,null,null,null,null,null,null,null,null,null,null,null,278938340
TRND-Glioblastoma_LOPAC_A172-primary_screen2,NCGC00015191-24,activity,null,4,0,-10.758,CN1C(C2=CC=C(Cl)C=C2)[S+]([O-])(=O)CCC1=O,null,null,null,null,null,C192,SIGMA,2021_LOPAC_01,null,null,Chlormezanone,null,4,null,null,null,7.875,0,null,null,null,null,null,null,null,null,null,0,null,null,-2.883,-10.758,-34.261,null,null,null,null,null,null,null,null,null,null,WEQAYVWKMWHEJO,null,TRND,UnfDSsDjSgEmUrOulv,null,Gamma-aminobutyric acid receptor subunit alpha-1 modulator,null,null,null,null,null,null,null,80-77-3,GABRA1,null,null,0,4,null,null,null,173030,null,1,1,2025-06-17 15:22:09,null,null,null,null,null,null,null,364784007,activity,null,HTS,null,-7.641,-7.704,-2.883,-10.758,null,null,null,null,null,null,null,null,null,null,null,null,null,null,null,null,null,null,null,null,null,278938341
TRND-Glioblastoma_LOPAC_A172-primary_screen2,NCGC00499183-02,activity,3.548134,-2.4,-95.409,-74.92,CN1C2=C(SC=C2)C(=O)N(C)C3=CN=C(NC4=CC=C(C=C4)[S+](N)([O-])=O)N=C13,null,null,null,null,null,SML2233,SIGMA,2021_LOPAC_01,-5.45,null,xMU-MP-1 hydrochloride,null,-2.2,null,null,null,82.004,-83.409,1.01,0.08,0.996,null,null,null,null,null,null,12,null,null,7.084,-74.92,-65.038,-68.82,null,null,null,null,null,null,null,null,null,SSSPGXNPWSVCTL,null,TRND,BvDtkQwQXOVTBbPJar,null,Serine/threonine-protein kinase 4 inhibitor,null,null,null,null,null,null,null,null,STK4,null,null,0,4,0,null,null,173030,0 0 0 0,1,1,2025-06-17 15:22:09,null,null,null,null,null,null,null,364782279,activity,null,HTS,5.288953,7.084,-16.581,-48.229,-74.92,null,null,null,null,null,null,null,null,null,null,null,null,null,null,null,null,null,null,null,null,null,278938342
TRND-Glioblastoma_LOPAC_A172-primary_screen2,NCGC00015399-29,activity,null,4,0,1.935,CCC1=CC=CC2=C1NC3=C2CCOC3(CC)CC(O)=O,null,null,null,null,null,E0516,SIGMA,2021_LOPAC_01,null,null,Etodolac,null,4,null,null,null,3.417,0,null,null,null,null,null,null,null,null,null,0,null,null,5.352,1.935,22.731,null,null,null,null,null,null,null,null,null,null,NNYBQONXHNTVIJ,null,TRND,haiayBmJNJvdvInHnX,null,Prostaglandin G/h Synthase 2 inhibitor,null,null,null,null,null,null,null,41340-25-4,PTGS2,null,null,0,4,null,null,null,173030,null,1,1,2025-06-17 15:22:09,null,null,null,null,null,null,null,364784751,activity,null,HTS,null,5.352,4.529,5.288,1.935,null,null,null,null,null,null,null,null,null,null,null,null,null,null,null,null,null,null,null,null,null,278938343
TRND-Glioblastoma_LOPAC_A172-primary_screen2,NCGC00015349-13,activity,null,4,-21,8.234,OC1=C(O)C2=C(C=CC(=O)O2)C=C1,null,null,null,null,null,D5564,SIGMA,2021_LOPAC_01,null,null,Daphnetin,null,4,null,null,null,17.028,5,1.21,0.049,0.999,null,null,null,null,null,null,26,null,null,25.262,8.234,102.997,103.762,null,null,null,null,null,null,null,null,null,ATEFPOUAMCWAQS,null,TRND,bWswtBAxYTqYnSDkPM,null,null,null,null,null,null,null,null,null,486-35-1,null,null,null,0,4,0,null,null,173030,0 0 0 0,1,1,2025-06-17 15:22:09,null,null,null,null,null,null,null,364780283,activity,null,HTS,null,25.262,24.137,16.725,8.234,null,null,null,null,null,null,null,null,null,null,null,null,null,null,null,null,null,null,null,null,null,278938344
TRND-Glioblastoma_LOPAC_A172-primary_screen2,NCGC00015139-11,activity,null,4,-18,1.22,O=C1C=CC(=O)C=C1,null,null,null,null,null,B1266,SIGMA,2021_LOPAC_01,null,null,p-Benzoquinone,null,4,null,null,null,18.46,1,3.065,0.056,0.998,null,null,null,null,null,null,19,null,null,19.38,0.919,65.406,64.616,null,null,null,null,null,null,null,null,null,AZQWKYJCGOJGHM,null,TRND,RpYLaSWPfoltOnLmug,null,null,null,null,null,null,null,null,null,106-51-4,null,null,null,0,4,0,null,null,173030,0 0 0 0,1,1,2025-06-17 15:22:09,null,null,null,null,null,null,null,364782207,activity,null,HTS,null,19.38,14.795,0.919,1.22,null,null,null,null,null,null,null,null,null,null,null,null,null,null,null,null,null,null,null,null,null,278938345
TRND-Glioblastoma_LOPAC_A172-primary_screen2,NCGC00167490-08,activity,null,4,-19.574,-11.729,CCCCN(CCCC)CC(O)C1=C2C3=CC=C(Cl)C=C3\C(=C\C4=CC=C(Cl)C=C4)C2=CC(Cl)=C1,null,null,null,null,null,L5420,SIGMA,2021_LOPAC_01,null,null,Lumefantrine,null,4,null,null,null,19.887,-12.074,4.095,0.089,0.995,null,null,null,null,null,null,7.5,null,null,8.158,-11.729,24.988,23.614,null,null,null,null,null,null,null,null,null,DYLGFOYVTXJFJP,null,TRND,uocHjRGDEzLozdwVfb,null,Anti-malarial,null,null,null,null,null,null,null,82186-77-4,pfmdr1,null,null,0,4,0,null,null,173030,0 0 0 0,1,1,2025-06-17 15:22:09,null,null,null,null,null,null,null,364781887,activity,null,HTS,null,8.158,6.592,5.586,-11.729,null,null,null,null,null,null,null,null,null,null,null,null,null,null,null,null,null,null,null,null,null,278937266
TRND-Glioblastoma_LOPAC_A172-primary_screen2,NCGC00015236-10,activity,null,4,-12.791,-5.659,CCC1=CC=CC(=C1)N(C)C(=N)NC2=C3C=CC=CC3=CC=C2,null,null,null,null,null,C4238,SIGMA,2021_LOPAC_01,null,null,CNS-1102,null,4,null,null,null,16.746,-6.791,4.955,0.657,0.581,null,null,null,null,null,null,6,null,null,11.087,-5.659,8.051,21.923,null,null,null,null,null,null,null,null,null,BFNCJMURTMZBTE,null,TRND,XGoAGvLBHXSmPlxLcE,null,null,null,null,HCL,null,null,null,null,137160-11-3,null,null,null,0,4,0,null,null,173030,0 0 0 0,1,1,2025-06-17 15:22:09,null,null,null,null,null,null,null,364784955,activity,null,HTS,null,-0.721,11.087,7.55,-5.659,null,null,null,null,null,null,null,null,null,null,null,null,null,null,null,null,null,null,null,null,null,278937267
TRND-Glioblastoma_LOPAC_A172-primary_screen2,NCGC00185774-10,activity,null,4,-15.5,14.034,OC(=O)CSCC(=O)NC1CCSC1=O,null,null,null,null,null,SML1529,SIGMA,2021_LOPAC_01,null,null,Erdosteine,null,4,null,null,null,20.94,8.5,4.955,1,0.461,null,null,null,null,null,null,24,null,null,32.267,11.327,81.269,95.89,null,null,null,null,null,null,null,null,null,QGFORSXNKQLDNO,null,TRND,MZiNsCCuYVTgNTVhuM,null,Mucolytic Agent,null,null,null,null,null,null,null,84611-23-4,CAT,null,null,0,4,1,null,null,173030,0 0 0 1,1,1,2025-06-17 15:22:09,null,null,null,null,null,null,null,364782627,activity,null,HTS,null,16.159,32.267,11.327,14.034,null,null,null,null,null,null,null,null,null,null,null,null,null,null,null,null,null,null,null,null,null,278937268
TRND-Glioblastoma_LOPAC_A172-primary_screen2,NCGC00015762-19,activity,null,4,16,18.349,CCN1C=C(C(O)=O)C(=O)C2=C1C=C3OCOC3=C2,null,null,null,null,null,O0877,SIGMA,2021_LOPAC_01,null,null,Oxolinic acid,null,4,null,null,null,16.333,18.5,3.065,0.094,0.995,null,null,null,null,null,null,2.5,null,null,18.349,2.016,29.6,28.226,null,null,null,null,null,null,null,null,null,KYGZCKSPAKDVKC,null,TRND,YMGxejTDpHZgqprWZh,null,null,null,null,null,null,null,null,null,14698-29-4,null,null,null,0,4,0,null,null,173030,0 0 0 0,1,1,2025-06-17 15:22:09,null,null,null,null,null,null,null,364785115,activity,null,HTS,null,3.185,2.016,13.878,18.349,null,null,null,null,null,null,null,null,null,null,null,null,null,null,null,null,null,null,null,null,null,278937269
TRND-Glioblastoma_LOPAC_A172-primary_screen2,NCGC00015685-06,activity,null,4,-16.5,2.919,CC(C)(CCP(O)(O)=O)C(O)=O,null,null,null,null,null,M5560,SIGMA,2021_LOPAC_01,null,null,(S)-MAP4 hydrochloride,null,4,null,null,null,17.662,2,4.504,0.126,0.99,null,null,null,null,null,null,18.5,null,null,18.655,0.992,56.937,56.621,null,null,null,null,null,null,null,null,null,SCXPEAQTFILILV,null,TRND,gKANfNbsDlajYmXiUF,null,null,null,null,CL,null,null,null,null,null,null,null,null,0,4,0,null,null,173030,0 0 0 0,1,1,2025-06-17 15:22:09,null,null,null,null,null,null,null,364782971,activity,null,HTS,null,18.655,4.205,0.992,2.919,null,null,null,null,null,null,null,null,null,null,null,null,null,null,null,null,null,null,null,null,null,278937270
TRND-Glioblastoma_LOPAC_A172-primary_screen2,NCGC00015799-17,activity,null,4,-47.587,-15.831,CCCC(C(=O)OCCN(CC)CC)(C1=CC=CC=C1)C2=CC=CC=C2,null,null,null,null,null,P1061,SIGMA,2021_LOPAC_01,null,null,SKF-525A hydrochloride,null,4,null,null,null,45.897,-17.587,1.967,0.1,0.994,null,null,null,null,null,null,30,null,null,30.066,-15.831,93.546,97.573,null,null,null,null,null,null,null,null,null,SNTQPLDRUZOSDP,null,TRND,qVEtADMDygnJIvRHco,null,null,null,null,CL,null,null,null,null,62-68-0,null,null,null,0,4,0,null,null,173030,0 0 0 0,1,1,2025-06-17 15:22:09,null,null,null,null,null,null,null,364781983,activity,null,HTS,null,27.942,30.066,4.74,-15.831,null,null,null,null,null,null,null,null,null,null,null,null,null,null,null,null,null,null,null,null,null,278937271
TRND-Glioblastoma_LOPAC_A172-primary_screen2,NCGC00485144-04,activity,5.011872,-2.1,-122.932,-96.771,COC(=O)C1=C(C)NC(C)=C(C1C2=CC=CC(NC(=O)NCCCN3CCC(CC3)C4=CC(OC)=CC=C4)=C2)C(=O)OC,null,null,null,null,null,B5063,SIGMA,2021_LOPAC_01,-5.3,null,BMS-193885,null,-2.1,null,null,null,113.478,-103.932,1.416,0.021,1,null,null,null,null,null,null,19,null,null,16.707,-96.771,-40.095,-39.433,null,null,null,null,null,null,null,null,null,WMYSXJSJXZFODY,null,TRND,JTrpzgqxIxBGyfVRJH,null,null,null,null,null,null,null,null,null,186185-03-5,null,null,null,0,4,0,null,null,173030,0 0 0 0,1,1,2025-06-17 15:22:09,null,null,null,null,null,null,null,364783575,activity,null,HTS,4.751023,16.707,2.598,-53.488,-96.771,null,null,null,null,null,null,null,null,null,null,null,null,null,null,null,null,null,null,null,null,null,278937272
TRND-Glioblastoma_LOPAC_A172-primary_screen2,NCGC00016024-16,activity,1,1.2,32.346,11.11,O[C@@H]1[C@H](OC2=C(C1=O)C(O)=CC(O)=C2)C3=CC(O)=C(O)C=C3,null,null,null,null,null,T4512,SIGMA,2021_LOPAC_01,-6,null,(±)-Taxifolin,null,4,null,null,null,32.232,11,3.297,0.024,1,null,null,null,null,null,null,-21.346,null,null,11.11,-21.122,-43.916,-43.331,null,null,null,null,null,null,null,null,null,CXQWRCVTCMQVQX,null,TRND,fsuiXTXTaMQxditJcY,null,NF-kappaB (NFKB) modulator,null,null,H2O,null,null,null,null,480-18-2,NFKB1,null,null,0,4,0,null,null,173030,0 0 0 0,1,1,2025-06-17 15:22:09,null,null,null,null,null,null,null,364785191,activity,null,HTS,null,-21.122,2.127,10.546,11.11,null,null,null,null,null,null,null,null,null,null,null,null,null,null,null,null,null,null,null,null,null,278937273
TRND-Glioblastoma_LOPAC_A172-primary_screen2,NCGC00093851-15,activity,null,4,0,3.456,CCCCCCCCCCCCCCCCCCOC[C@H](COP([O-])(=O)OCC[N+](C)(C)C)OC,null,null,null,null,null,E1779,SIGMA,2021_LOPAC_01,null,null,ET-18-OCH3,null,4,null,null,null,17.205,0,null,null,null,null,null,null,null,null,null,0,null,null,16.684,-0.521,57.057,null,null,null,null,null,null,null,null,null,null,MHFRGQHAERHWKZ,null,TRND,MDbIZSvQSJlRcHYuYh,null,null,null,null,null,null,null,null,null,[NO STEREO] 70641-51-9,null,null,null,0,4,null,null,null,173030,null,1,1,2025-06-17 15:22:09,null,null,null,null,null,null,null,364781571,activity,null,HTS,null,15.832,-0.521,16.684,3.456,null,null,null,null,null,null,null,null,null,null,null,null,null,null,null,null,null,null,null,null,null,278937274
TRND-Glioblastoma_LOPAC_A172-primary_screen2,NCGC00482656-02,activity,null,4,-26.5,0.532,COC1=C(OC)C2=C3[C@@H](CC4=CC=CC=C24)N(C)CCC3=C1,null,null,null,null,null,SML2230,SIGMA,2021_LOPAC_01,null,null,Nuciferine,null,4,null,null,null,21.054,-4,0.8,0.231,0.966,null,null,null,null,null,null,22.5,null,null,21.585,0.532,78.18,75.672,null,null,null,null,null,null,null,null,null,ORJVQPIHKOARKV,null,TRND,FXubkEPNTbSTxUrLnC,null,null,null,null,null,null,null,null,null,475-83-2,null,null,null,0,4,0,null,null,173030,0 0 0 0,1,1,2025-06-17 15:22:09,null,null,null,null,null,null,null,364782263,activity,null,HTS,null,21.585,14.959,10.788,0.532,null,null,null,null,null,null,null,null,null,null,null,null,null,null,null,null,null,null,null,null,null,278937275
TRND-Glioblastoma_LOPAC_A172-primary_screen2,NCGC00025046-10,activity,null,4,-11.5,9.752,CC1=NC(\C=C\C2=CC=CC=C2)=CC=C1,null,null,null,null,null,S9311,SIGMA,2021_LOPAC_01,null,null,SIB 1893,null,4,null,null,null,11.371,4,3.572,1,1,null,null,null,null,null,null,15.5,null,null,15.327,3.956,52.318,52.569,null,null,null,null,null,null,null,null,null,SISOFUCTXZKSOQ,null,TRND,MPWEfJWkAgRQIOyDeN,null,null,null,null,null,null,null,null,null,null,null,null,null,0,4,1,null,null,173030,0 0 0 1,1,1,2025-06-17 15:22:09,null,null,null,null,null,null,null,364783975,activity,null,HTS,null,15.327,7.065,3.956,9.752,null,null,null,null,null,null,null,null,null,null,null,null,null,null,null,null,null,null,null,null,null,278937276
TRND-Glioblastoma_LOPAC_A172-primary_screen2,NCGC00263099-09,activity,1.584893,-1.4,-46.123,-27.318,COC1=C(OC)C=C2C(=C1)N=CN=C2N3N=C(N=C3N)C4=NC=CC=C4,null,null,null,null,null,SML1115,SIGMA,2021_LOPAC_01,-5.8,null,CP466722,null,-1.4,null,null,null,60.502,-36.123,4.955,0.356,0.913,null,null,null,null,null,null,10,null,null,15.732,-44.769,-3.78,-19.027,null,null,null,null,null,null,null,null,null,ILBRKJBKDGCSCB,null,TRND,VqhtkNJYouwFrgAfrg,null,ATM Kinase inhibitor,null,null,null,null,null,null,null,null,ATM,null,null,0,4,0,null,null,173030,0 0 0 0,1,1,2025-06-17 15:22:09,null,null,null,null,null,null,null,364782019,activity,null,HTS,null,15.732,-2.537,-44.769,-27.318,null,null,null,null,null,null,null,null,null,null,null,null,null,null,null,null,null,null,null,null,null,278937277
TRND-Glioblastoma_LOPAC_A172-primary_screen2,NCGC00025308-06,activity,null,4,-14.5,0.161,CCN1C(=O)N=C(C2=CC(Cl)=CC=C2)C3=C1N=C(CC)C=C3,null,null,null,null,null,Y4877,SIGMA,2021_LOPAC_01,null,null,YM 976,null,4,null,null,null,15.112,-1.5,4.955,0.425,0.87,null,null,null,null,null,null,13,null,null,15.273,0.161,54.905,54.374,null,null,null,null,null,null,null,null,null,MNHXYNNKDDXKNP,null,TRND,sxFxjHYimOTKDxsneb,null,null,null,null,null,null,null,null,null,null,null,null,null,0,4,0,null,null,173030,0 0 0 0,1,1,2025-06-17 15:22:09,null,null,null,null,null,null,null,364780855,activity,null,HTS,null,13.514,9.494,15.273,0.161,null,null,null,null,null,null,null,null,null,null,null,null,null,null,null,null,null,null,null,null,null,278937278
TRND-Glioblastoma_LOPAC_A172-primary_screen2,NCGC00378809-02,activity,12.589254,-3,-69.366,-59.098,CCCCN1C(CN(CC2=CC=C3OCOC3=C2)CC4=CC5=C(OCO5)C=C4)=C(N=C1C6=CC=CC=C6)C7=CC=CC=C7,null,null,null,null,null,SML2278,SIGMA,2021_LOPAC_01,-4.9,null,NDT9513727,null,-3,null,null,null,71.017,-59.866,4.504,0.081,0.996,null,null,null,null,null,null,9.5,null,null,11.919,-59.098,10.871,6,null,null,null,null,null,null,null,null,null,ITACCRHKSPSKKL,null,TRND,ibkbofYPSiEsrxQDPr,null,null,null,null,null,null,null,null,null,null,null,null,null,0,4,0,null,null,173030,0 0 0 0,1,1,2025-06-17 15:22:09,null,null,null,null,null,null,null,364783727,activity,null,HTS,18.049691,11.919,6.665,6.01,-59.098,null,null,null,null,null,null,null,null,null,null,null,null,null,null,null,null,null,null,null,null,null,278937279
TRND-Glioblastoma_LOPAC_A172-primary_screen2,NCGC00015694-14,activity,null,4,-25.687,-3.073,COC1=CC2=C(NC=C2CCN)C=C1,null,null,null,null,null,M6628,SIGMA,2021_LOPAC_01,null,null,O-Methylserotonin hydrochloride,null,4,null,null,null,21.761,-2.187,1.272,0.145,0.987,null,null,null,null,null,null,23.5,null,null,18.689,-3.073,55.012,54.128,null,null,null,null,null,null,null,null,null,JTEJPPKMYBDEMY,null,TRND,HjXJEfMwHpLrbpYSOg,null,null,null,null,CL,null,null,null,null,66-83-1,null,null,null,0,4,0,null,null,173030,0 0 0 0,1,1,2025-06-17 15:22:09,null,null,null,null,null,null,null,364784267,activity,null,HTS,null,18.689,6.019,0.797,-3.073,null,null,null,null,null,null,null,null,null,null,null,null,null,null,null,null,null,null,null,null,null,278937280
TRND-Glioblastoma_LOPAC_A172-primary_screen2,NCGC00094201-07,activity,null,4,-18.416,-10.347,C[C@@H](CC1=CC(O)=C(O)C=C1)[C@H](C)CC2=CC=C(O)C(O)=C2,null,null,null,null,null,N5023,SIGMA,2021_LOPAC_01,null,null,Nordihydroguaiaretic acid from Larrea divaricata (creosote bush),null,4,null,null,null,19.324,-10.916,1.967,0.24,0.963,null,null,null,null,null,null,7.5,null,null,8.977,-10.347,15.206,18.448,null,null,null,null,null,null,null,null,null,HCZKYJDFEPMADG,null,TRND,gdFdZwSMRrSLkvqbRt,null,Insulin-like growth factor 1 receptor inhibitor,null,null,null,null,null,null,null,27686-84-6,IGF1R,null,null,0,4,0,null,null,173030,0 0 0 0,1,1,2025-06-17 15:22:09,null,null,null,null,null,null,null,364785187,activity,null,HTS,null,5.726,8.977,-2.172,-10.347,null,null,null,null,null,null,null,null,null,null,null,null,null,null,null,null,null,null,null,null,null,278937281
TRND-Glioblastoma_LOPAC_A172-primary_screen2,NCGC00690020-01,activity,null,4,-31.163,-5.553,NC(=O)C1=CC=C(OCCCN2C[C@@H]3CCC[C@@H]3C2)C=C1,null,null,null,null,null,SML2177,SIGMA,2021_LOPAC_01,null,null,S 38093-2,null,4,null,null,null,34.257,-9.163,2.094,0.461,0.841,null,null,null,null,null,null,22,null,null,28.705,-5.553,97.79,84.106,null,null,null,null,null,null,null,null,null,MRNMYWNBLVJWKG,null,TRND,znHXkomeJDsioLjEur,null,null,null,null,CL,null,null,null,null,1403835-46-0,null,null,null,0,4,0,null,null,173030,0 0 0 0,1,1,2025-06-17 15:22:09,null,null,null,null,null,null,null,364783219,activity,null,HTS,null,28.705,14.612,15.498,-5.553,null,null,null,null,null,null,null,null,null,null,null,null,null,null,null,null,null,null,null,null,null,278937282
TRND-Glioblastoma_LOPAC_A172-primary_screen2,NCGC00015704-19,activity,null,4,0,5.259,CN(C)CCN(CC1=CC=CS1)C2=CC=CC=N2,null,null,null,null,null,M9125,SIGMA,2021_LOPAC_01,null,null,Methapyrilene hydrochloride,null,4,null,null,null,9.192,0,null,null,null,null,null,null,null,null,null,0,null,null,7.512,-1.68,27.539,null,null,null,null,null,null,null,null,null,null,HNJJXZKZRAWDPF,null,TRND,GSrKwrGAGkENchIHbW,null,null,null,null,CL,null,null,null,null,135-23-9,null,null,null,0,4,null,null,null,173030,null,1,1,2025-06-17 15:22:09,null,null,null,null,null,null,null,364783971,activity,null,HTS,null,7.512,7.301,-1.68,5.259,null,null,null,null,null,null,null,null,null,null,null,null,null,null,null,null,null,null,null,null,null,278937283
TRND-Glioblastoma_LOPAC_A172-primary_screen2,NCGC00015477-09,activity,null,4,-14.466,-9.138,CN1C=C(C(=O)OCC2CCN(CCN[S+](C)([O-])=O)CC2)C3=C1C=CC=C3,null,null,null,null,null,G5918,SIGMA,2021_LOPAC_01,null,null,GR 113808,null,4,null,null,null,19.353,-8.966,3.99,0.536,0.767,null,null,null,null,null,null,5.5,null,null,10.215,-9.138,6.179,15.853,null,null,null,null,null,null,null,null,null,IZNTVHGHVCNTRD,null,TRND,TgvXRpYPtbJszmlgRg,null,null,null,null,null,null,null,null,null,144625-51-4,null,null,null,0,4,0,null,null,173030,0 0 0 0,1,1,2025-06-17 15:22:09,null,null,null,null,null,null,null,364783035,activity,null,HTS,null,0.819,10.215,2.249,-9.138,null,null,null,null,null,null,null,null,null,null,null,null,null,null,null,null,null,null,null,null,null,278937284
TRND-Glioblastoma_LOPAC_A172-primary_screen2,NCGC00387092-05,activity,null,4,-48.559,-26.299,CCN(CC)CC1=CC=C(C=C1)C(=O)N(CCC2=CC=CC=C2OC)[C@@H]3CCNC3,null,null,null,null,null,SML0667,SIGMA,2021_LOPAC_01,null,null,PF-429242 dihydrochloride,null,4,null,null,null,49.957,-26.559,4.045,0.077,0.996,null,null,null,null,null,null,22,null,null,23.658,-26.299,68.644,72.51,null,null,null,null,null,null,null,null,null,XKPJTOHUPQWSOJ,null,TRND,LymvbYitVxVqPDKqTm,null,null,null,null,CL,null,null,null,null,null,null,null,null,0,4,0,null,null,173030,0 0 0 0,1,1,2025-06-17 15:22:09,null,null,null,null,null,null,null,364780351,activity,null,HTS,null,20.243,23.658,13.953,-26.299,null,null,null,null,null,null,null,null,null,null,null,null,null,null,null,null,null,null,null,null,null,278937285
TRND-Glioblastoma_LOPAC_A172-primary_screen2,NCGC00186040-03,activity,null,4,0,2.942,N[C@@H]([C@H](CC1=CC=CC=C1)C(O)=O)C(O)=O,null,null,null,null,null,B6436,SIGMA,2021_LOPAC_01,null,null,L-Beta-threo-benzyl-aspartate,null,4,null,null,null,9.408,0,null,null,null,null,null,null,null,null,null,0,null,null,9.03,-0.378,28.572,null,null,null,null,null,null,null,null,null,null,KMVYGTIPJNGNRD,null,TRND,UDYnewxDEtNmJQSHvr,null,null,null,null,AMMONIA,null,null,null,null,null,null,null,null,0,4,null,null,null,173030,null,1,1,2025-06-17 15:22:09,null,null,null,null,null,null,null,364783831,activity,null,HTS,null,9.03,3.192,-0.378,2.942,null,null,null,null,null,null,null,null,null,null,null,null,null,null,null,null,null,null,null,null,null,278937286
TRND-Glioblastoma_LOPAC_A172-primary_screen2,NCGC00024780-11,activity,null,4,0,2.941,CNC(=N)NCCC[C@H](N)C(O)=O,null,null,null,null,null,M7033,SIGMA,2021_LOPAC_01,null,null,NG-Monomethyl-L-arginine acetate,null,4,null,null,null,9.66,0,null,null,null,null,null,null,null,null,null,0,null,null,12.6,2.941,49.215,null,null,null,null,null,null,null,null,null,null,NTNWOCRCBQPEKQ,null,TRND,rJngPLGiYjIvFAMDuj,null,null,null,null,ACETIC-ACID,null,null,null,null,null,null,null,null,0,4,null,null,null,173030,null,1,1,2025-06-17 15:22:09,null,null,null,null,null,null,null,364781727,activity,null,HTS,null,12.6,6.286,11.882,2.941,null,null,null,null,null,null,null,null,null,null,null,null,null,null,null,null,null,null,null,null,null,278937287
TRND-Glioblastoma_LOPAC_A172-primary_screen2,NCGC00690009-01,activity,3.981072,5,-29.397,-98.06,CO[C@H]1CC[C@@H](O[C@H]2C[C@@H](O[C@]3(O[C@H](C[C@@H]3C)[C@H]4O[C@@](O)(CO)[C@H](C)C[C@@H]4C)[C@@H]2C)[C@]5(C)CC[C@]6(C[C@H](O)[C@@H](C)[C@H](O6)[C@@H](C)\C=C(/C)C(=O)[C@H](C)C[C@H](C)C(O)=O)O5)O[C@@H]1C,null,null,null,null,null,SML2251,SIGMA,2021_LOPAC_01,-5.4,null,Nanchangmycin,null,-1.1,null,null,null,31.517,-98.256,3.929,0.177,0.98,null,null,null,null,null,null,-68.859,null,null,-66.543,-98.06,-363.685,-357.458,null,null,null,null,null,null,null,null,null,FELYAZAWTURXNF,null,TRND,BzqShWRHivMNpioVKA,null,null,null,null,null,null,null,null,null,null,null,null,null,0,4,0,null,null,173030,0 0 0 0,1,1,2025-06-17 15:22:09,null,null,null,null,null,null,null,364785163,activity,null,HTS,null,-71.625,-66.543,-95.616,-98.06,null,null,null,null,null,null,null,null,null,null,null,null,null,null,null,null,null,null,null,null,null,278937288
TRND-Glioblastoma_LOPAC_A172-primary_screen2,NCGC00159330-11,activity,null,4,-8.423,-14.185,CN1C2=C(N(CC3OCCO3)C=N2)C(=O)N(C)C1=O,null,null,null,null,null,SML1522,SIGMA,2021_LOPAC_01,null,null,Doxofylline,null,4,null,null,null,11.186,-14.022,3.99,0.533,0.773,null,null,null,null,null,null,-5.599,null,null,-2.999,-14.185,-41.756,-35.228,null,null,null,null,null,null,null,null,null,HWXIGFIVGWUZAO,null,TRND,oLqHCDTNFOawFdtdkx,null,Adenosine Receptor A1 antagonist,null,null,null,null,null,null,null,69975-86-6,ADORA1,null,null,0,4,0,null,null,173030,0 0 0 0,1,1,2025-06-17 15:22:09,null,null,null,null,null,null,null,364783999,activity,null,HTS,null,-8.627,-2.999,-11.817,-14.185,null,null,null,null,null,null,null,null,null,null,null,null,null,null,null,null,null,null,null,null,null,278937289
TRND-Glioblastoma_LOPAC_A172-primary_screen2,NCGC00386242-05,activity,1.258925,-1.2,-70.899,-59.629,CC(C)[C@@H]1N(C)C(=O)[C@@H](CC2=CC=CC=C2)NC(=O)[C@H](CC(O)=O)NC(=O)CNC(=O)[C@H](CCCNC(N)=N)NC1=O,null,null,null,null,null,SML1594,SIGMA,2021_LOPAC_01,-5.9,null,Cilengitide trifluoroacetic acid salt,null,-1.2,null,null,null,67.701,-58.899,1.862,0.027,1,null,null,null,null,null,null,12,null,null,8.072,-59.629,-64.982,-64.677,null,null,null,null,null,null,null,null,null,AMLYAMJWYAIXIA,null,TRND,OVjanevTLQftNOfqci,null,null,null,null,null,null,null,null,null,188968-51-6,null,null,null,0,4,0,null,null,173030,0 0 0 0,1,1,2025-06-17 15:22:09,null,null,null,null,null,null,null,364784431,activity,null,HTS,3.181621,8.072,-24.835,-55.315,-59.629,null,null,null,null,null,null,null,null,null,null,null,null,null,null,null,null,null,null,null,null,null,278937290
TRND-Glioblastoma_LOPAC_A172-primary_screen2,NCGC00015692-19,activity,null,4,0,5.236,COC1=CC(C(O)C(C)N)=C(OC)C=C1,null,null,null,null,null,M6524,SIGMA,2021_LOPAC_01,null,null,Methoxamine hydrochloride,null,4,null,null,null,4.178,0,null,null,null,null,null,null,null,null,null,0,null,null,7.713,3.536,29.857,null,null,null,null,null,null,null,null,null,null,WJAJPNHVVFWKKL,null,TRND,THupDaKBhDWSXJGsLv,null,null,null,null,CL,null,null,null,null,[NO STEREO] 61-16-5,null,null,null,0,4,null,null,null,173030,null,1,1,2025-06-17 15:22:09,null,null,null,null,null,null,null,364782987,activity,null,HTS,null,7.713,3.536,4.617,5.236,null,null,null,null,null,null,null,null,null,null,null,null,null,null,null,null,null,null,null,null,null,278937291
TRND-Glioblastoma_LOPAC_A172-primary_screen2,NCGC00015353-06,activity,null,4,-11.345,-6.537,FC1=CC=C(C=C1)C(C2=CC=C(F)C=C2)=C3CCN(CCN4C(=O)C5C=CC=CC5=NC4=S)CC3,null,null,null,null,null,D5794,SIGMA,2021_LOPAC_01,null,null,Diacylglycerol Kinase Inhibitor II,null,4,null,null,null,11.721,-7.845,4.955,0.46,0.843,null,null,null,null,null,null,3.5,null,null,5.184,-6.537,12.907,11.194,null,null,null,null,null,null,null,null,null,ITBAGYWFZWAHMB,null,TRND,CXKcRESDAjpUfXdhxi,null,null,null,null,null,null,null,null,null,null,null,null,null,0,4,0,null,null,173030,0 0 0 0,1,1,2025-06-17 15:22:09,null,null,null,null,null,null,null,364782843,activity,null,HTS,null,4.493,0.358,5.184,-6.537,null,null,null,null,null,null,null,null,null,null,null,null,null,null,null,null,null,null,null,null,null,278937292
TRND-Glioblastoma_LOPAC_A172-primary_screen2,NCGC00013724-25,activity,null,4,-24.833,3.681,[H][C@](CO)(C(=O)OC1CC2C3OC3C(C1)[N+]2(C)C)C4=CC=CC=C4,null,null,null,null,null,S2250,SIGMA,2021_LOPAC_01,null,null,(-)-Scopolamine methyl nitrate,null,4,null,null,null,25.01,1.167,4.955,0.425,0.869,null,null,null,null,null,null,26,null,null,20.982,-4.028,60.384,60.889,null,null,null,null,null,null,null,null,null,LZCOQTDXKCNBEE,null,TRND,GaNnplnWSKdBTtaEIp,null,null,null,null,NITRIC_ACID,null,null,null,null,[NO STEREO] 6106-46-3,null,null,null,0,4,0,null,null,173030,0 0 0 0,1,1,2025-06-17 15:22:09,null,null,null,null,null,null,null,364784223,activity,null,HTS,null,20.982,-4.028,4.339,3.681,null,null,null,null,null,null,null,null,null,null,null,null,null,null,null,null,null,null,null,null,null,278937293
TRND-Glioblastoma_LOPAC_A172-primary_screen2,NCGC00021222-08,activity,null,4,-8.487,1.759,C[C@]12CC[C@H]3[C@@H](CCC4=CC(=O)CC[C@]34C)[C@@H]1CC[C@]2(O)C(=O)CO,null,null,null,null,null,R0500,SIGMA,2021_LOPAC_01,null,null,Cortexolone,null,4,null,null,null,10.049,0.013,3.929,0.393,0.893,null,null,null,null,null,null,8.5,null,null,8.393,-1.655,24.103,24.431,null,null,null,null,null,null,null,null,null,WHBHBVVOGNECLV,null,TRND,DcMcGhtnKvcAWeLyli,null,null,null,null,null,null,null,null,null,152-58-9,null,null,null,0,4,0,null,null,173030,0 0 0 0,1,1,2025-06-17 15:22:09,null,null,null,null,null,null,null,364784919,activity,null,HTS,null,8.393,1.493,-1.655,1.759,null,null,null,null,null,null,null,null,null,null,null,null,null,null,null,null,null,null,null,null,null,278937294
TRND-Glioblastoma_LOPAC_A172-primary_screen2,NCGC00166414-25,activity,null,4,0,7.616,NC1=NC(=O)C2=C(NC=C2CCC3=CC=C(C=C3)C(=O)N[C@@H](CCC(O)=O)C(O)=O)N1,null,null,null,null,null,SML1490,SIGMA,2021_LOPAC_01,null,null,Pemetrexed disodium heptahydrate ,null,4,null,null,null,8.159,0,null,null,null,null,null,null,null,null,null,0,null,null,10.916,2.757,32.989,null,null,null,null,null,null,null,null,null,null,WBXPDJSOTKVWSJ,null,TRND,GCJUBlEOyaTRvAtUMC,null,Thymidylate Synthase inhibitor,null,null,SODIUM,null,null,null,null,null,TYMS,null,null,0,4,null,null,null,173030,null,1,1,2025-06-17 15:22:09,null,null,null,null,null,null,null,364783883,activity,null,HTS,null,6.999,2.757,10.916,7.616,null,null,null,null,null,null,null,null,null,null,null,null,null,null,null,null,null,null,null,null,null,278937295
TRND-Glioblastoma_LOPAC_A172-primary_screen2,NCGC00016092-16,activity,null,4,0,0.244,COC1=C(C=CC=C1)N2CCN(CCN(C(=O)C3CCCCC3)C4=CC=CC=N4)CC2,null,null,null,null,null,W108,SIGMA,2021_LOPAC_01,null,null,WAY-100635 maleate,null,4,null,null,null,9.331,0,null,null,null,null,null,null,null,null,null,0,null,null,9.298,-0.033,27.686,null,null,null,null,null,null,null,null,null,null,SBPRIAGPYFYCRT,null,TRND,HeKHQIPcoAvQMghpWq,null,null,null,null,MALEATE,null,null,null,null,null,null,null,null,0,4,null,null,null,173030,null,1,1,2025-06-17 15:22:09,null,null,null,null,null,null,null,364782035,activity,null,HTS,null,9.298,2.543,-0.033,0.244,null,null,null,null,null,null,null,null,null,null,null,null,null,null,null,null,null,null,null,null,null,278937296
TRND-Glioblastoma_LOPAC_A172-primary_screen2,NCGC00015234-36,activity,null,4,0,3.339,NC(=O)N1C2=C(C=CC=C2)C=CC3=C1C=CC=C3,null,null,null,null,null,C4024,SIGMA,2021_LOPAC_01,null,null,Carbamazepine,null,4,null,null,null,1.606,0,null,null,null,null,null,null,null,null,null,0,null,null,4.945,3.339,21.937,null,null,null,null,null,null,null,null,null,null,FFGPTBGBLSHEPO,null,TRND,FwlkbEzbTtOvRhbXwq,null,null,null,null,null,null,null,null,null,298-46-4,null,null,null,0,4,null,null,null,173030,null,1,1,2025-06-17 15:22:09,null,null,null,null,null,null,null,364783675,activity,null,HTS,null,4.945,4.899,4.339,3.339,null,null,null,null,null,null,null,null,null,null,null,null,null,null,null,null,null,null,null,null,null,278937297
TRND-Glioblastoma_LOPAC_A172-primary_screen2,NCGC00023643-23,activity,null,4,15,9.669,C[C@]12CC[C@H]3[C@@H](CCC4=CC(O)=CC=C34)[C@@H]1CCC2=O,null,null,null,null,null,E9750,SIGMA,2021_LOPAC_01,null,null,Estrone,null,4,null,null,null,13.639,15.5,4.955,1,0.791,null,null,null,null,null,null,0.5,null,null,18.772,5.133,42.693,43.764,null,null,null,null,null,null,null,null,null,DNXHEGUUPJUMQT,null,TRND,ZdKidDsmAoqdDPuSpI,null,null,null,null,null,null,null,null,null,53-16-7|19973-76-3,null,null,null,0,4,1,null,null,173030,0 0 0 1,1,1,2025-06-17 15:22:09,null,null,null,null,null,null,null,364782411,activity,null,HTS,null,5.133,18.772,12.515,9.669,null,null,null,null,null,null,null,null,null,null,null,null,null,null,null,null,null,null,null,null,null,278937298
TRND-Glioblastoma_LOPAC_A172-primary_screen2,NCGC00015323-25,activity,null,4,-11.596,-4.664,C[N+](C)(C)CCCCCCCCCC[N+](C)(C)C,null,null,null,null,null,D1260,SIGMA,2021_LOPAC_01,null,null,Decamethonium dibromide,null,4,null,null,null,14.6,-6.096,4.955,0.668,0.559,null,null,null,null,null,null,5.5,null,null,9.936,-4.664,7.593,20.476,null,null,null,null,null,null,null,null,null,MTCUAOILFDZKCO,null,TRND,dzLyeceMigWPoCsLIl,null,null,null,null,BR,null,null,null,null,null,null,null,null,0,4,0,null,null,173030,0 0 0 0,1,1,2025-06-17 15:22:09,null,null,null,null,null,null,null,364784039,activity,null,HTS,null,-0.734,9.936,7.348,-4.664,null,null,null,null,null,null,null,null,null,null,null,null,null,null,null,null,null,null,null,null,null,278937299
TRND-Glioblastoma_LOPAC_A172-primary_screen2,NCGC00015652-08,activity,null,4,12.273,2.813,CCCOC(=O)C1=C(N=C(CC)C(C(=O)SCC)=C1CCC)C2=CC=CC=C2,null,null,null,null,null,M1809,SIGMA,2021_LOPAC_01,null,null,MRS 1523,null,4,null,null,null,13.874,4,4.955,0.533,0.771,null,null,null,null,null,null,-8.273,null,null,2.813,-11.061,-36.557,-33.192,null,null,null,null,null,null,null,null,null,UUSHFEVEROROSP,null,TRND,INMcBfCzvGoJCNxIaV,null,null,null,null,null,null,null,null,null,null,null,null,null,0,4,0,null,null,173030,0 0 0 0,1,1,2025-06-17 15:22:09,null,null,null,null,null,null,null,364784171,activity,null,HTS,null,-9.883,-4.113,-11.061,2.813,null,null,null,null,null,null,null,null,null,null,null,null,null,null,null,null,null,null,null,null,null,278937802
TRND-Glioblastoma_LOPAC_A172-primary_screen2,NCGC00015669-14,activity,null,4,-18,6.511,CN(CCCOC1=C(Cl)C=C(Cl)C=C1)CC#C,null,null,null,null,null,M3778,SIGMA,2021_LOPAC_01,null,null,Clorgyline hydrochloride,null,4,null,null,null,19.22,8,4.504,0.172,0.981,null,null,null,null,null,null,26,null,null,25.732,6.511,87.783,87.629,null,null,null,null,null,null,null,null,null,BTFHLQRNAMSNLC,null,TRND,rsSNSXWlQtRnYoeroy,null,null,null,null,CL,null,null,null,null,17780-75-5,null,null,null,0,4,0,null,null,173030,0 0 0 0,1,1,2025-06-17 15:22:09,null,null,null,null,null,null,null,364781663,activity,null,HTS,null,25.732,9.065,9.46,6.511,null,null,null,null,null,null,null,null,null,null,null,null,null,null,null,null,null,null,null,null,null,278937803
TRND-Glioblastoma_LOPAC_A172-primary_screen2,NCGC00018185-30,activity,null,4,-17.89,-15.325,COC1=CC=C(\C=C\C(=O)NC2=CC=CC=C2C(O)=O)C=C1OC,null,null,null,null,null,T0318,SIGMA,2021_LOPAC_01,null,null,Tranilast,null,4,null,null,null,21.141,-15.39,4.955,0.364,0.908,null,null,null,null,null,null,2.5,null,null,5.816,-15.325,8.374,1.501,null,null,null,null,null,null,null,null,null,NZHGWWWHIYHZNX,null,TRND,yeQgSvznaYRkOtXEkU,null,Interleukin-10 Production Enhancer,null,null,null,null,null,null,null,53902-12-8,IL10,null,null,0,4,0,null,null,173030,0 0 0 0,1,1,2025-06-17 15:22:09,null,null,null,null,null,null,null,364785127,activity,null,HTS,null,5.816,-0.974,1.389,-15.325,null,null,null,null,null,null,null,null,null,null,null,null,null,null,null,null,null,null,null,null,null,278937804
TRND-Glioblastoma_LOPAC_A172-primary_screen2,NCGC00016073-11,activity,null,4,-19.5,15.807,CCCN(CCC)C1CC2=CC(OC)=C(OC)C=C2C1,null,null,null,null,null,U116,SIGMA,2021_LOPAC_01,null,null,U-99194A maleate,null,4,null,null,null,16.61,11,4.955,1,0.627,null,null,null,null,null,null,30.5,null,null,24.574,7.965,95.259,89.48,null,null,null,null,null,null,null,null,null,UOLJKAPABHXFRE,null,TRND,dLeZEZJTlsImRLMVGf,null,null,null,null,MALEATE,null,null,null,null,null,null,null,null,0,4,1,null,null,173030,0 0 0 1,1,1,2025-06-17 15:22:09,null,null,null,null,null,null,null,364780723,activity,null,HTS,null,24.574,7.965,17.548,15.807,null,null,null,null,null,null,null,null,null,null,null,null,null,null,null,null,null,null,null,null,null,278937805
TRND-Glioblastoma_LOPAC_A172-primary_screen2,NCGC00015923-10,activity,null,4,-19.919,-2.849,CN1C=CC2=C1C=CC(NC(=O)NC3=CC(C)=NS3)=C2,null,null,null,null,null,S0693,SIGMA,2021_LOPAC_01,null,null,SB 204741,null,4,null,null,null,28.378,-2.419,4.955,0.575,0.717,null,null,null,null,null,null,17.5,null,null,25.528,-2.849,43.804,60.533,null,null,null,null,null,null,null,null,null,USFUFHFQWXDVMH,null,TRND,ABadeRQgffjWhlPRXO,null,null,null,null,null,null,null,null,null,null,null,null,null,0,4,0,null,null,173030,0 0 0 0,1,1,2025-06-17 15:22:09,null,null,null,null,null,null,null,364781167,activity,null,HTS,null,9.401,25.528,1.965,-2.849,null,null,null,null,null,null,null,null,null,null,null,null,null,null,null,null,null,null,null,null,null,278937806
TRND-Glioblastoma_LOPAC_A172-primary_screen2,NCGC00016010-19,activity,null,4,0,12.976,CC(C)(C)NCC(O)C1=CC(O)=CC(O)=C1,null,null,null,null,null,T2528,SIGMA,2021_LOPAC_01,null,null,Terbutaline hemisulfate,null,4,null,null,null,9.893,0,null,null,null,null,null,null,null,null,null,0,null,null,21.862,11.969,85.525,null,null,null,null,null,null,null,null,null,null,XWTYSIMOBUGWOL,null,TRND,eNggOlPRHcjTKkxMaV,null,null,null,null,H-SULFATE,null,null,null,null,23031-25-6,null,null,null,0,4,null,null,null,173030,null,1,1,2025-06-17 15:22:09,null,null,null,null,null,null,null,364780699,activity,null,HTS,null,21.862,13.827,11.969,12.976,null,null,null,null,null,null,null,null,null,null,null,null,null,null,null,null,null,null,null,null,null,278937807
TRND-Glioblastoma_LOPAC_A172-primary_screen2,NCGC00015851-18,activity,15.848932,-3,-107.874,-96.368,CNCCCC1C2=C(C=CC=C2)C=CC3=C1C=CC=C3,null,null,null,null,null,P8813,SIGMA,2021_LOPAC_01,-4.8,null,Protriptyline hydrochloride,null,-3,null,null,null,108.719,-98.874,4.955,0.068,0.997,null,null,null,null,null,null,9,null,null,12.351,-96.368,-21.561,-14.042,null,null,null,null,null,null,null,null,null,BWPIARFWQZKAIA,null,TRND,jRktSCvaWieDTrCEbk,null,null,null,null,CL,null,null,null,null,1225-55-4,null,null,null,0,4,0,null,null,173030,0 0 0 0,1,1,2025-06-17 15:22:09,null,null,null,null,null,null,null,364780987,activity,null,HTS,15.921989,5.516,12.351,7.378,-96.368,null,null,null,null,null,null,null,null,null,null,null,null,null,null,null,null,null,null,null,null,null,278937808
TRND-Glioblastoma_LOPAC_A172-primary_screen2,NCGC00095217-13,activity,null,4,-28.86,-9.467,OC1=CC=C2C(=O)C=C(OC2=C1O)C3=CC=CC=C3,null,null,null,null,null,D5446,SIGMA,2021_LOPAC_01,null,null,"7,8-Dihydroxyflavone hydrate",null,4,null,null,null,36.423,-9.86,4.095,0.485,0.819,null,null,null,null,null,null,19,null,null,26.956,-9.467,55.748,72.136,null,null,null,null,null,null,null,null,null,COCYGNDCWFKTMF,null,TRND,ioNurjoEmdrSofylaQ,null,null,null,null,null,null,null,null,null,null,null,null,null,0,4,0,null,null,173030,0 0 0 0,1,1,2025-06-17 15:22:09,null,null,null,null,null,null,null,364782291,activity,null,HTS,null,11.072,26.956,15.96,-9.467,null,null,null,null,null,null,null,null,null,null,null,null,null,null,null,null,null,null,null,null,null,278937809
TRND-Glioblastoma_LOPAC_A172-primary_screen2,NCGC00093828-15,activity,null,4,-14.5,20.48,[O-][N+](=O)C1=CC=C(C=C1)C2=NC(=C(N2)C3=CC=NC=C3)C4=CC=C(F)C=C4,null,null,null,null,null,P9248,SIGMA,2021_LOPAC_01,null,null,PD 169316,null,4,null,null,null,10.978,18.5,4.955,0.318,0.933,null,null,null,null,null,null,33,null,null,28.575,17.598,114.718,115.032,null,null,null,null,null,null,null,null,null,BGIYKDUASORTBB,null,TRND,bswNRrzEywXjPfFbOB,null,Mitogen-Activated Protein Kinase p38 inhibitor,null,null,null,null,null,null,null,152121-53-4,MAPK14,null,null,0,4,0,null,null,173030,0 0 0 0,1,1,2025-06-17 15:22:09,null,null,null,null,null,null,null,364780307,activity,null,HTS,null,28.575,17.665,17.598,20.48,null,null,null,null,null,null,null,null,null,null,null,null,null,null,null,null,null,null,null,null,null,278937810
TRND-Glioblastoma_LOPAC_A172-primary_screen2,NCGC00162100-08,activity,null,4,-13.602,-6.335,CN(C)CC[C@@H](C1=CC=C(Br)C=C1)C2=CC=CC=N2,null,null,null,null,null,B5275,SIGMA,2021_LOPAC_01,null,null,(+)-BRompheniramine maleate,null,4,null,null,null,16.722,-6.602,3.247,0.487,0.819,null,null,null,null,null,null,7,null,null,10.387,-6.335,15.654,23.857,null,null,null,null,null,null,null,null,null,ZDIGNSYAACHWNL,null,TRND,kvoTOjkosTrSwEhQXU,null,null,null,null,MALEATE,null,null,null,null,179403,null,null,null,0,4,0,null,null,173030,0 0 0 0,1,1,2025-06-17 15:22:09,null,null,null,null,null,null,null,364784947,activity,null,HTS,null,3.209,10.387,4.036,-6.335,null,null,null,null,null,null,null,null,null,null,null,null,null,null,null,null,null,null,null,null,null,278937811
TRND-Glioblastoma_LOPAC_A172-primary_screen2,NCGC00024928-52,activity,10,-3,-115.161,-96.595,CC\C(C1=CC=CC=C1)=C(/C2=CC=CC=C2)C3=CC=C(OCCN(C)C)C=C3,null,null,null,null,null,T9262,SIGMA,2021_LOPAC_01,-5,null,Tamoxifen citrate,null,-3,null,null,null,120.99,-97.161,4.045,0.13,0.989,null,null,null,null,null,null,18,null,null,24.395,-96.595,24.303,11.378,null,null,null,null,null,null,null,null,null,NKANXQFJJICGDU,null,TRND,kCkWkFeXIlyUQEjUcn,null,Selective Estrogen Receptor modulator (SERM),null,null,TRICARBOACID,null,null,null,null,54965-24-1,ESR1,null,null,0,4,0,null,null,173030,0 0 0 0,1,1,2025-06-17 15:22:09,null,null,null,null,null,null,null,364780659,activity,null,HTS,10.145582,24.395,10.58,-0.018,-96.595,null,null,null,null,null,null,null,null,null,null,null,null,null,null,null,null,null,null,null,null,null,278937812
TRND-Glioblastoma_LOPAC_A172-primary_screen2,NCGC00481105-03,activity,null,4,-18,1.618,CC(=O)C1=C(C)N(C(=O)N[C@@H]1C2=CN=C(C=C2)C#N)C3=CC=CC(=C3)C(F)(F)F,null,null,null,null,null,SML1563,SIGMA,2021_LOPAC_01,null,null,BAY-678 ,null,4,null,null,null,18.632,2,4.955,0.554,0.746,null,null,null,null,null,null,20,null,null,18.915,0.283,60.021,55.789,null,null,null,null,null,null,null,null,null,PGIVGIFOWOVINL,null,TRND,iNigHxhpEgVOMNxoqG,null,Neutrophil Elastase inhibitor,null,null,null,null,null,null,null,null,ELANE,null,null,0,4,0,null,null,173030,0 0 0 0,1,1,2025-06-17 15:22:09,null,null,null,null,null,null,null,364783791,activity,null,HTS,null,18.915,0.283,9.269,1.618,null,null,null,null,null,null,null,null,null,null,null,null,null,null,null,null,null,null,null,null,null,278937813
TRND-Glioblastoma_LOPAC_A172-primary_screen2,NCGC00015379-10,activity,null,4,-13.593,-5.494,NC(=O)COC1=C(F)C=C(SCCN[S+]([O-])(=O)C2=CC=CC=C2)C=C1F,null,null,null,null,null,D8941,SIGMA,2021_LOPAC_01,null,null,"2,6-Difluoro-4-[2-(phenylsulfonylamino)ethylthio]phenoxyacetamide",null,4,null,null,null,13.581,-6.093,2.72,0.092,0.995,null,null,null,null,null,null,7.5,null,null,8.087,-5.494,25.523,25.946,null,null,null,null,null,null,null,null,null,WLZUCAKZZVXXEB,null,TRND,iEJrfOZoFEsxZBcudm,null,null,null,null,null,null,null,null,null,null,null,null,null,0,4,0,null,null,173030,0 0 0 0,1,1,2025-06-17 15:22:09,null,null,null,null,null,null,null,364784923,activity,null,HTS,null,7.114,8.087,4.314,-5.494,null,null,null,null,null,null,null,null,null,null,null,null,null,null,null,null,null,null,null,null,null,278937814
TRND-Glioblastoma_LOPAC_A172-primary_screen2,NCGC00094374-16,activity,11.220185,-3,-67.994,-47.079,CC[C@H](CO)NC1=NC(NCC2=CC=CC=C2)=C3N=CN(C(C)C)C3=N1,null,null,null,null,null,R7772,SIGMA,2021_LOPAC_01,-4.95,null,Roscovitine,null,-3,null,null,null,75.34,-47.494,4.504,0.232,0.965,null,null,null,null,null,null,20.5,null,null,28.261,-47.079,72.619,56.679,null,null,null,null,null,null,null,null,null,BTIHMVBBUGXLCJ,null,TRND,EgNLJLCwUeSienCGhf,null,Cyclin-Dependent Kinase 9 inhibitor,null,null,null,null,null,null,null,186692-46-6,CDK9,null,null,0,4,0,null,null,173030,0 0 0 0,1,1,2025-06-17 15:22:09,null,null,null,null,null,null,null,364780527,activity,null,HTS,null,28.261,12.981,14.109,-47.079,null,null,null,null,null,null,null,null,null,null,null,null,null,null,null,null,null,null,null,null,null,278937815
TRND-Glioblastoma_LOPAC_A172-primary_screen2,NCGC00015027-06,activity,null,4,0,6.5,CC(C)(C)C1=C(CC([NH3+])C([O-])=O)C(O)=NO1,null,null,null,null,null,A263,SIGMA,2021_LOPAC_01,null,null,ATPA,null,4,null,null,null,6.964,0,null,null,null,null,null,null,null,null,null,0,null,null,8.979,2.015,34.037,null,null,null,null,null,null,null,null,null,null,PIXJURSCCVBKRF,null,TRND,UGwifnQDkwFTSbnaIZ,null,null,null,null,null,null,null,null,null,null,null,null,null,0,4,null,null,null,173030,null,1,1,2025-06-17 15:22:09,null,null,null,null,null,null,null,364783467,activity,null,HTS,null,8.979,6.144,2.015,6.5,null,null,null,null,null,null,null,null,null,null,null,null,null,null,null,null,null,null,null,null,null,278937816
TRND-Glioblastoma_LOPAC_A172-primary_screen2,NCGC00590154-02,activity,null,4,0,0.778,OC(=O)CCC1=CC=C(N1C2=CC=CC=C2C(F)(F)F)C3=CC=C(Br)C=C3,null,null,null,null,null,SML2186,SIGMA,2021_LOPAC_01,null,null,Poloppin,null,4,null,null,null,13.771,0,null,null,null,null,null,null,null,null,null,0,null,null,14.442,0.67,48.153,null,null,null,null,null,null,null,null,null,null,OCUKOJUZSNFVFQ,null,TRND,SJWxZKqtPiVrrbIWzw,null,null,null,null,null,null,null,null,null,null,null,null,null,0,4,null,null,null,173030,null,1,1,2025-06-17 15:22:09,null,null,null,null,null,null,null,364780207,activity,null,HTS,null,13.396,0.67,14.442,0.778,null,null,null,null,null,null,null,null,null,null,null,null,null,null,null,null,null,null,null,null,null,278937817
TRND-Glioblastoma_LOPAC_A172-primary_screen2,NCGC00015084-08,activity,null,4,0,-0.606,NC(=N)C1=CC=C(N)C=C1,null,null,null,null,null,A7148,SIGMA,2021_LOPAC_01,null,null,4-Aminobenzamidine dihydrochloride,null,4,null,null,null,9.04,0,null,null,null,null,null,null,null,null,null,0,null,null,6.03,-3.009,12.925,null,null,null,null,null,null,null,null,null,null,WPANETAWYGDRLL,null,TRND,dReEGvIiFCmxSdykvj,null,null,null,null,CL,null,null,null,null,null,null,null,null,0,4,null,null,null,173030,null,1,1,2025-06-17 15:22:09,null,null,null,null,null,null,null,364784115,activity,null,HTS,null,6.03,-1.985,-3.009,-0.606,null,null,null,null,null,null,null,null,null,null,null,null,null,null,null,null,null,null,null,null,null,278937818
TRND-Glioblastoma_LOPAC_A172-primary_screen2,NCGC00178854-19,activity,null,4,-13.865,-1.555,CN(C)[C@H]1[C@@H]2C[C@@H]3Cc4c(ccc(O)c4C(=O)C3=C(O)[C@]2(O)C(=O)C(C(N)=O)=C1O)N(C)C,null,null,null,null,null,M9511,SIGMA,2021_LOPAC_01,null,null,Minocycline hydrochloride,null,4,null,null,null,16.742,-2.365,4.955,0.571,0.725,null,null,null,null,null,null,11.5,null,null,15.188,-1.555,54.645,47.241,null,null,null,null,null,null,null,null,null,DYKFCLLONBREIL,null,TRND,kVDQfyOeDHLisdmFjF,null,null,null,null,CL,null,null,null,null,null,null,null,null,0,4,0,null,null,173030,0 0 0 0,1,1,2025-06-17 15:22:09,null,null,null,null,null,null,null,364780631,activity,null,HTS,null,15.188,5.879,13.163,-1.555,null,null,null,null,null,null,null,null,null,null,null,null,null,null,null,null,null,null,null,null,null,278937819
TRND-Glioblastoma_LOPAC_A172-primary_screen2,NCGC00016102-11,activity,null,4,-13,7.369,COC1=C(OC)C=C(CCN(C)CCC2=CC(OC)=C(OC)C=C2)C=C1,null,null,null,null,null,Y101,SIGMA,2021_LOPAC_01,null,null,YS-035 hydrochloride,null,4,null,null,null,16.115,-0.5,4.955,1,0.634,null,null,null,null,null,null,12.5,null,null,17.214,1.099,33.89,43.887,null,null,null,null,null,null,null,null,null,OXZMQFKVNVQMLI,null,TRND,maEOjFhCLoAtmXSjEX,null,null,null,null,CL,null,null,null,null,null,null,null,null,0,4,1,null,null,173030,0 0 0 1,1,1,2025-06-17 15:22:09,null,null,null,null,null,null,null,364781411,activity,null,HTS,null,7.392,17.214,1.099,7.369,null,null,null,null,null,null,null,null,null,null,null,null,null,null,null,null,null,null,null,null,null,278937820
TRND-Glioblastoma_LOPAC_A172-primary_screen2,NCGC00014483-26,activity,12.589254,-3,-103.171,-96.246,CNCCC=C1C2=C(CCC3=C1C=CC=C3)C=CC=C2,null,null,null,null,null,N7261,SIGMA,2021_LOPAC_01,-4.9,null,Nortriptyline hydrochloride,null,-3,null,null,null,103.263,-98.171,4.095,0.047,0.999,null,null,null,null,null,null,5,null,null,7.017,-96.246,-30.964,-34.738,null,null,null,null,null,null,null,null,null,PHVGLTMQBUFIQQ,null,TRND,jRktSCBasJVqBfsLoq,null,null,null,null,CL,null,null,null,null,894-71-3,null,null,null,0,4,0,null,null,173030,0 0 0 0,1,1,2025-06-17 15:22:09,null,null,null,null,null,null,null,364784563,activity,null,HTS,12.70438,7.017,2.519,-2.293,-96.246,null,null,null,null,null,null,null,null,null,null,null,null,null,null,null,null,null,null,null,null,null,278937821
TRND-Glioblastoma_LOPAC_A172-primary_screen2,NCGC00015564-07,activity,null,4,10.615,2.013,NC1=NC2=C(N=CC(=O)N2)C(=O)N1,null,null,null,null,null,I7388,SIGMA,2021_LOPAC_01,null,null,Isoxanthopterin,null,4,null,null,null,10.846,-1,4.955,0.733,0.388,null,null,null,null,null,null,-11.615,null,null,2.417,-8.429,-26.009,-25.271,null,null,null,null,null,null,null,null,null,GLKCOBIIZKYKFN,null,TRND,iFKYjhQvyDuNrkQmey,null,null,null,null,null,null,null,null,null,null,null,null,null,0,4,0,null,null,173030,0 0 0 0,1,1,2025-06-17 15:22:09,null,null,null,null,null,null,null,364784787,activity,null,HTS,null,-8.429,2.417,-7.671,2.013,null,null,null,null,null,null,null,null,null,null,null,null,null,null,null,null,null,null,null,null,null,278937822
TRND-Glioblastoma_LOPAC_A172-primary_screen2,NCGC00025229-14,activity,1.412538,-1.4,-27.727,-1.855,CC1CCN(CC[C@H]2CCCN2[S+]([O-])(=O)C3=CC=CC(O)=C3)CC1,null,null,null,null,null,S7389,SIGMA,2021_LOPAC_01,-5.85,null,SB 269970 hydrochloride,null,4,null,null,null,26.227,-1.727,1.826,0.028,1,null,null,null,null,null,null,26,null,null,24.372,-1.855,75.733,76.67,null,null,null,null,null,null,null,null,null,ADASQKFWVCVYSW,null,TRND,ZCMZembWBqUIATWkLJ,null,null,null,null,CL,null,null,null,null,null,null,null,null,0,4,0,null,null,173030,0 0 0 0,1,1,2025-06-17 15:22:09,null,null,null,null,null,null,null,364781075,activity,null,HTS,null,24.372,13.086,-0.104,-1.855,null,null,null,null,null,null,null,null,null,null,null,null,null,null,null,null,null,null,null,null,null,278937823
TRND-Glioblastoma_LOPAC_A172-primary_screen2,NCGC00689831-01,activity,null,4,0,-2.371,[O-]S(=N)(=O)CC1=NOC2=CC=CC=C12,null,null,null,null,null,Z2001,SIGMA,2021_LOPAC_01,null,null,Zonisamide sodium,null,4,null,null,null,8.093,0,null,null,null,null,null,null,null,null,null,0,null,null,5.722,-2.371,2.965,null,null,null,null,null,null,null,null,null,null,UBQNRHZMVUUOMG,null,TRND,wVsdkwMJjDROBGJryG,null,null,null,null,null,null,null,null,null,null,null,null,null,0,4,null,null,null,173030,null,1,1,2025-06-17 15:22:09,null,null,null,null,null,null,null,364783327,activity,null,HTS,null,-0.68,5.722,3.003,-2.371,null,null,null,null,null,null,null,null,null,null,null,null,null,null,null,null,null,null,null,null,null,278937824
TRND-Glioblastoma_LOPAC_A172-primary_screen2,NCGC00163700-23,activity,0.035481,5,-86.694,-87.141,CC[C@]1(O)C[C@H]2CN(CCC3=C([NH]C4=C3C=CC=C4)[C@@](C2)(C(=O)OC)C5=CC6=C(C=C5OC)N(C=O)[C@H]7[C@](O)([C@H](OC(C)=O)[C@]8(CC)\C=C/CN9CC[C@]67[C@H]89)C(=O)OC)C1,null,null,null,null,null,V8879,SIGMA,2021_LOPAC_01,-7.45,null,Vincristine sulfate,null,-1.1,null,null,null,18.912,-103.569,0.2,0.34,0.922,null,null,null,null,null,null,-16.875,null,null,-68.229,-87.141,-344.17,-345.567,null,null,null,null,null,null,null,null,null,OGWKCGZFUXNPDA,null,TRND,nSTRTkRYRcuFXUouZr,null,Tubulin polymerization inhibitor,null,null,SULFURIC_ACID,null,null,null,null,[NO STEREO] 57-22-7,TUBB,null,null,0,4,0,null,null,173030,0 0 0 0,1,1,2025-06-17 15:22:09,null,null,null,null,null,null,null,364780739,activity,null,HTS,null,-68.229,-77.57,-78.373,-87.141,null,null,null,null,null,null,null,null,null,null,null,null,null,null,null,null,null,null,null,null,null,278937825
TRND-Glioblastoma_LOPAC_A172-primary_screen2,NCGC00094916-11,activity,null,4,0,1.595,CC(C(O)=O)C1=CC=C(C=C1)C(=O)C2=CC=CS2,null,null,null,null,null,SML1495,SIGMA,2021_LOPAC_01,null,null,null,null,4,null,null,null,9.43,0,null,null,null,null,null,null,null,null,null,0,null,null,11.025,1.595,35.337,null,null,null,null,null,null,null,null,null,null,MDKGKXOCJGEUJW,null,TRND,qmhsGROtvpqKHAEspS,null,null,null,null,null,null,null,null,null,40828-46-4,null,null,null,0,4,null,null,null,173030,null,1,1,2025-06-17 15:22:09,null,null,null,null,null,null,null,364783631,activity,null,HTS,null,11.025,3.151,2.433,1.595,null,null,null,null,null,null,null,null,null,null,null,null,null,null,null,null,null,null,null,null,null,278937826
TRND-Glioblastoma_LOPAC_A172-primary_screen2,NCGC00016087-23,activity,null,4,12,14.061,NC(CCC(O)=O)C=C,null,null,null,null,null,V8261,SIGMA,2021_LOPAC_01,null,null,(±)-gamma-Vinyl GABA,null,4,null,null,null,61.903,14.5,4.504,0.81,0.997,null,null,null,null,null,null,2.5,null,null,14.598,-47.305,32.176,27.577,null,null,null,null,null,null,null,null,null,PJDFLNIOAUIZSL,null,TRND,GsWziEUhQIPnQkJhkl,null,null,null,null,null,null,null,null,null,68506-86-5,null,null,null,0,4,1,null,null,173030,1 0 0 0,1,1,2025-06-17 15:22:09,null,null,null,null,null,null,null,364785199,activity,null,HTS,null,-47.305,4.196,14.598,14.061,null,null,null,null,null,null,null,null,null,null,null,null,null,null,null,null,null,null,null,null,null,278937827
TRND-Glioblastoma_LOPAC_A172-primary_screen2,NCGC00090705-29,activity,null,4,-17.666,10.245,NC1=NC(=O)N(C=C1)[C@H]2CC[C@@H](CO)O2,null,null,null,null,null,D5782,SIGMA,2021_LOPAC_01,null,null,"2 ,3 -dideoxycytidine",null,4,null,null,null,17.225,-6.666,4.955,1,0.999,null,null,null,null,null,null,11,null,null,10.837,-6.388,20.054,20.051,null,null,null,null,null,null,null,null,null,WREGKURFCTUGRC,null,TRND,qjKTHMVzHSqofrAzsP,null,null,null,null,null,null,null,null,null,7481-89-2,null,null,null,0,4,1,null,null,173030,0 0 0 1,1,1,2025-06-17 15:22:09,null,null,null,null,null,null,null,364782203,activity,null,HTS,null,10.837,-3.142,-6.388,10.245,null,null,null,null,null,null,null,null,null,null,null,null,null,null,null,null,null,null,null,null,null,278937828
TRND-Glioblastoma_LOPAC_A172-primary_screen2,NCGC00094213-05,activity,null,4,-29,5.76,[H][C@@]12CCC3C4CC[C@H](C(=O)CO)[C@@]4(C)CCC3[C@@]1(C)CC[C@@H](O)C2,null,null,null,null,null,P2016,SIGMA,2021_LOPAC_01,null,null,"3-alpha,21-Dihydroxy-5-alpha-pregnan-20-one",null,4,null,null,null,18.15,-0.5,0.5,0.491,0.815,null,null,null,null,null,null,28.5,null,null,23.91,5.76,90.267,87.174,null,null,null,null,null,null,null,null,null,CYKYBWRSLLXBOW,null,TRND,JNlbXjalQArsJtBQFX,null,null,null,null,null,null,null,null,null,[NO STEREO] 567-03-3,null,null,null,0,4,0,null,null,173030,0 0 0 0,1,1,2025-06-17 15:22:09,null,null,null,null,null,null,null,364781359,activity,null,HTS,null,23.91,14.089,15.783,5.76,null,null,null,null,null,null,null,null,null,null,null,null,null,null,null,null,null,null,null,null,null,278937829
TRND-Glioblastoma_LOPAC_A172-primary_screen2,NCGC00015273-35,activity,11.220185,-3,-115.885,-94.672,CN(C)CCCN1C2=C(SC3=C1C=C(Cl)C=C3)C=CC=C2,null,null,null,null,null,C8138,SIGMA,2021_LOPAC_01,-4.95,null,Chlorpromazine hydrochloride,null,-3,null,null,null,117.557,-95.385,4.955,0.044,0.999,null,null,null,null,null,null,20.5,null,null,22.885,-94.672,34.777,29.961,null,null,null,null,null,null,null,null,null,ZPEIMTDSQAKGNT,null,TRND,qGTzKMrusZjEacttJa,null,null,null,null,CL,null,null,null,null,69-09-0,null,null,null,0,4,0,null,null,173030,0 0 0 0,1,1,2025-06-17 15:22:09,null,null,null,null,null,null,null,364780591,activity,null,HTS,11.44164,22.885,18.122,11.969,-94.672,null,null,null,null,null,null,null,null,null,null,null,null,null,null,null,null,null,null,null,null,null,278937830
TRND-Glioblastoma_LOPAC_A172-primary_screen2,NCGC00015060-30,activity,1.122018,-1.2,-75.711,-71.978,CN1C=NC(=C1SC2=C3NC=NC3=NC=N2)[N+]([O-])=O,null,null,null,null,null,A4638,SIGMA,2021_LOPAC_01,-5.95,null,Azathioprine,null,-1.2,null,null,null,68.624,-71.736,1.539,0.02,1,null,null,null,null,null,null,3.975,null,null,-3.354,-71.978,-121.018,-121.335,null,null,null,null,null,null,null,null,null,LMEKQMALGUDUQG,null,TRND,KGivICRqPrYrLFDzOK,null,hypoxanthine-guanine phosphoribosyltransferase (HGPRTase) inhibitor,null,null,null,null,null,null,null,446-86-6,HPRT1,null,null,0,4,0,null,null,173030,0 0 0 0,1,1,2025-06-17 15:22:09,null,null,null,null,null,null,null,364781511,activity,null,HTS,1.928159,-3.354,-39.016,-66.648,-71.978,null,null,null,null,null,null,null,null,null,null,null,null,null,null,null,null,null,null,null,null,null,278937831
TRND-Glioblastoma_LOPAC_A172-primary_screen2,NCGC00386309-08,activity,19.952623,-3,-108.319,-97.432,CCC(=O)NC1=CC=CC(OC2=NC(NC3=C(OC)C=C(C=C3)N4CCN(C)CC4)=NC=C2Cl)=C1,null,null,null,null,null,SML1445,SIGMA,2021_LOPAC_01,-4.7,null,WZ4003,null,-3,null,null,null,101.054,-109.319,4.095,0.104,0.993,null,null,null,null,null,null,-1,null,null,3.622,-97.432,-46.773,-56.258,null,null,null,null,null,null,null,null,null,SDGJBAUIGHSMRI,null,TRND,jXpIBdBKEiwTvftuKX,null,NUAK family SNF1-like kinase 1 inhibitor,null,null,null,null,null,null,null,null,NUAK1,null,null,0,4,0,null,null,173030,0 0 0 0,1,1,2025-06-17 15:22:09,null,null,null,null,null,null,null,364784651,activity,null,HTS,19.137033,3.622,-6.042,-1.978,-97.432,null,null,null,null,null,null,null,null,null,null,null,null,null,null,null,null,null,null,null,null,null,278937832
TRND-Glioblastoma_LOPAC_A172-primary_screen2,NCGC00095165-18,activity,1.778279,-1.2,-46.529,-39.309,CCCCCCNC(=O)N1C=C(F)C(=O)NC1=O,null,null,null,null,null,C1494,SIGMA,2021_LOPAC_01,-5.75,null,Carmofur,null,-1.2,null,null,null,43.013,-40.529,1.714,0.049,0.999,null,null,null,null,null,null,6,null,null,3.704,-39.309,-43.475,-42.699,null,null,null,null,null,null,null,null,null,AOCCBINRVIKJHY,null,TRND,KdrhBCVdbfpdpiXnNx,null,Thymidylate Synthase inhibitor,null,null,null,null,null,null,null,61422-45-5,TYMS,null,null,0,4,0,null,null,173030,0 0 0 0,1,1,2025-06-17 15:22:09,null,null,null,null,null,null,null,364782355,activity,null,HTS,null,3.704,-10.812,-36.516,-39.309,null,null,null,null,null,null,null,null,null,null,null,null,null,null,null,null,null,null,null,null,null,278937833
TRND-Glioblastoma_LOPAC_A172-primary_screen2,NCGC00186002-03,activity,11.220185,-2.4,-12.927,-21.476,C[C@](CC1=CC=C(O)C(O)=C1)(NN)C(O)=O,null,null,null,null,null,C1335,SIGMA,2021_LOPAC_01,-4.95,null,S-(-)-Carbidopa,null,4,null,null,null,11.606,-22.771,2.094,0.022,1,null,null,null,null,null,null,-9.844,null,null,-9.87,-21.476,-54.785,-54.813,null,null,null,null,null,null,null,null,null,TZFNLOMSOLWIDK,null,TRND,JmlFwGaIVRytVdWOTi,null,null,null,null,null,null,null,null,null,28860-95-9,null,null,null,0,4,0,null,null,173030,0 0 0 0,1,1,2025-06-17 15:22:09,null,null,null,null,null,null,null,364783991,activity,null,HTS,null,-9.87,-9.877,-13.16,-21.476,null,null,null,null,null,null,null,null,null,null,null,null,null,null,null,null,null,null,null,null,null,278937834
TRND-Glioblastoma_LOPAC_A172-primary_screen2,NCGC00015428-36,activity,12.589254,-3,-110.066,-96.143,CNCCC(OC1=CC=C(C=C1)C(F)(F)F)C2=CC=CC=C2,null,null,null,null,null,F132,SIGMA,2021_LOPAC_01,-4.9,null,Fluoxetine hydrochloride,null,-3,null,null,null,111.978,-98.066,4.095,0.073,0.997,null,null,null,null,null,null,12,null,null,15.835,-96.143,1.984,-5.738,null,null,null,null,null,null,null,null,null,RTHCYVBBDHJXIQ,null,TRND,CITvcWKcZDwqPRkQWy,null,null,null,null,CL,null,null,null,null,56296-78-7,null,null,null,0,4,0,null,null,173030,0 0 0 0,1,1,2025-06-17 15:22:09,null,null,null,null,null,null,null,364785047,activity,null,HTS,12.711102,15.835,8.358,3.919,-96.143,null,null,null,null,null,null,null,null,null,null,null,null,null,null,null,null,null,null,null,null,null,278937835
TRND-Glioblastoma_LOPAC_A172-primary_screen2,NCGC00015554-16,activity,null,4,-33.513,-20.011,[O-][S+](=O)(N1CCCNCC1)C2=CC=CC3=C(I)C=CC=C23,null,null,null,null,null,I2764,SIGMA,2021_LOPAC_01,null,null,ML-7,null,4,null,null,null,50.064,-20.013,4.449,0.515,1,null,null,null,null,null,null,13.5,null,null,30.053,-20.011,42.489,42.58,null,null,null,null,null,null,null,null,null,GEHJIACZUFWBTK,null,TRND,syWeVJozTqfMRdswmR,null,"Myosin Light Chain Kinase, smooth muscle inhibitor",null,null,CL,null,null,null,null,null,MYLK,null,null,0,4,1,null,null,173030,1 0 0 0,1,1,2025-06-17 15:22:09,null,null,null,null,null,null,null,364780455,activity,null,HTS,null,30.053,13.558,8.446,-20.011,null,null,null,null,null,null,null,null,null,null,null,null,null,null,null,null,null,null,null,null,null,278938346
TRND-Glioblastoma_LOPAC_A172-primary_screen2,NCGC00162255-06,activity,12.589254,-3,-99.531,-87.285,CC1=CC=CC=C1\C=C\C2=NCCN2,null,null,null,null,null,M5685,SIGMA,2021_LOPAC_01,-4.9,null,Metrazoline oxalate,null,-3,null,null,null,98.548,-89.031,4.095,0.022,1,null,null,null,null,null,null,10.5,null,null,11.262,-87.285,-5.726,-6.84,null,null,null,null,null,null,null,null,null,GFIPROCAVXFHHK,null,TRND,dhyvjpmgIgCjetGSjS,null,null,null,null,OXALIC_ACID,null,null,null,null,null,null,null,null,0,4,0,null,null,173030,0 0 0 0,1,1,2025-06-17 15:22:09,null,null,null,null,null,null,null,364784251,activity,null,HTS,13.374153,11.262,9.268,3.472,-87.285,null,null,null,null,null,null,null,null,null,null,null,null,null,null,null,null,null,null,null,null,null,278938347
TRND-Glioblastoma_LOPAC_A172-primary_screen2,NCGC00015827-18,activity,null,4,9.106,6.153,C1CCN2N=NN=C2CC1,null,null,null,null,null,P6500,SIGMA,2021_LOPAC_01,null,null,Pentylenetetrazole,null,4,null,null,null,10.408,9,4.955,0.683,0.53,null,null,null,null,null,null,-0.106,null,null,6.153,-4.255,9.304,2.836,null,null,null,null,null,null,null,null,null,CWRVKFFCRWGWCS,null,TRND,RXBaAfSAsogNDgWKXi,null,null,null,null,null,null,null,null,null,54-95-5,null,null,null,0,4,0,null,null,173030,0 0 0 0,1,1,2025-06-17 15:22:09,null,null,null,null,null,null,null,364783963,activity,null,HTS,null,3.249,0.041,-4.255,6.153,null,null,null,null,null,null,null,null,null,null,null,null,null,null,null,null,null,null,null,null,null,278938348
TRND-Glioblastoma_LOPAC_A172-primary_screen2,NCGC00015061-32,activity,null,4,-13.5,6.899,NC1=NC2=C(N=CN2COCCO)C(=O)N1,null,null,null,null,null,A4669,SIGMA,2021_LOPAC_01,null,null,Acyclovir,null,4,null,null,null,13.709,6,1.826,0.241,0.963,null,null,null,null,null,null,19.5,null,null,20.608,6.899,78.189,80.619,null,null,null,null,null,null,null,null,null,MKUXAQIIEYXACX,null,TRND,yZxdrldrdnMxOxhUlP,null,null,null,null,null,null,null,null,null,59277-89-3,null,null,null,0,4,0,null,null,173030,0 0 0 0,1,1,2025-06-17 15:22:09,null,null,null,null,null,null,null,364782151,activity,null,HTS,null,18.344,20.608,13.232,6.899,null,null,null,null,null,null,null,null,null,null,null,null,null,null,null,null,null,null,null,null,null,278938349
TRND-Glioblastoma_LOPAC_A172-primary_screen2,NCGC00094144-12,activity,null,4,-17.5,1.395,C[C@](N)(CC1=CC=C(O)C=C1)C(O)=O,null,null,null,null,null,M8131,SIGMA,2021_LOPAC_01,null,null,L-alpha-Methyl-p-tyrosine,null,4,null,null,null,14.396,2.5,1.464,0.242,0.962,null,null,null,null,null,null,20,null,null,15.791,1.395,52.068,51.142,null,null,null,null,null,null,null,null,null,NHTGHBARYWONDQ,null,TRND,rGPLYmGLOIqExwWVAq,null,null,null,null,null,null,null,null,null,672-87-7,null,null,null,0,4,0,null,null,173030,0 0 0 0,1,1,2025-06-17 15:22:09,null,null,null,null,null,null,null,364781415,activity,null,HTS,null,15.791,6.084,4.663,1.395,null,null,null,null,null,null,null,null,null,null,null,null,null,null,null,null,null,null,null,null,null,278938350
TRND-Glioblastoma_LOPAC_A172-primary_screen2,NCGC00690012-01,activity,null,4,18.5,29.701,FC1=CC=C(C=C1)C2=CC=C(NC3=NC(Cl)=NC(Cl)=N3)C=C2,null,null,null,null,null,SML2180,SIGMA,2021_LOPAC_01,null,null,KEA1-97,null,4,null,null,null,21.469,30,3.297,0.867,1,null,null,null,null,null,null,11.5,null,null,33.162,11.693,66.911,66.294,null,null,null,null,null,null,null,null,null,DUROVTLUQOYUPH,null,TRND,lCQVeqKilrbRPbpEJo,null,null,null,null,null,null,null,null,null,null,null,null,null,0,4,1,null,null,173030,1 0 0 0,1,1,2025-06-17 15:22:09,null,null,null,null,null,null,null,364780695,activity,null,HTS,null,33.162,11.693,15.269,29.701,null,null,null,null,null,null,null,null,null,null,null,null,null,null,null,null,null,null,null,null,null,278938351
TRND-Glioblastoma_LOPAC_A172-primary_screen2,NCGC00092384-09,activity,null,4,0,-1.142,CN1CC(=O)N=C1NC(=O)NC2=CC(Cl)=CC=C2,null,null,null,null,null,F0430,SIGMA,2021_LOPAC_01,null,null,Fenobam,null,4,null,null,null,7.055,0,null,null,null,null,null,null,null,null,null,0,null,null,5.913,-1.142,13.512,null,null,null,null,null,null,null,null,null,null,DWPQODZAOSWNHB,null,TRND,XRLIxshERzFedTNxHU,null,Glutamate receptor metabotropic 5 antagonist,null,null,null,null,null,null,null,57653-26-6,GRM5,null,null,0,4,null,null,null,173030,null,1,1,2025-06-17 15:22:09,null,null,null,null,null,null,null,364783187,activity,null,HTS,null,2.733,5.913,3.424,-1.142,null,null,null,null,null,null,null,null,null,null,null,null,null,null,null,null,null,null,null,null,null,278938352
TRND-Glioblastoma_LOPAC_A172-primary_screen2,NCGC00017352-42,activity,null,4,0,3.089,OC1=CC=C(\C=C\C2=CC(O)=CC(O)=C2)C=C1,null,null,null,null,null,R5010,SIGMA,2021_LOPAC_01,null,null,Resveratrol,null,4,null,null,null,70.543,0,null,null,null,null,null,null,null,null,null,0,null,null,9.474,-61.069,-154.885,null,null,null,null,null,null,null,null,null,null,LUKBXSAWLPMMSZ,null,TRND,qUtWZvtohsfQbqGGit,null,NF-kappaB (NFKB) modulator,null,null,null,null,null,null,null,501-36-0,NFKB1,null,null,0,4,null,null,null,173030,null,1,1,2025-06-17 15:22:09,null,null,null,null,null,null,null,364784943,activity,null,HTS,null,-61.069,9.077,9.474,3.089,null,null,null,null,null,null,null,null,null,null,null,null,null,null,null,null,null,null,null,null,null,278938353
TRND-Glioblastoma_LOPAC_A172-primary_screen2,NCGC00485098-03,activity,null,4,-15.042,-3.785,[H][C@](CO)(C(=O)O[C@@]1([H])C[C@@]2([H])C[C@]([H])(O)[C@@]([H])(C1)N2C)C3=CC=CC=C3,null,null,null,null,null,SML0252,SIGMA,2021_LOPAC_01,null,null,(+/-)-Anisodamine,null,4,null,null,null,14.027,-4.042,1.967,0.028,1,null,null,null,null,null,null,11,null,null,10.242,-3.785,26.171,26.232,null,null,null,null,null,null,null,null,null,WTQYWNWRJNXDEG,null,TRND,VxokVWPZsHDnUNLfoj,null,null,null,null,null,null,null,null,null,55869-99-3,null,null,null,0,4,0,null,null,173030,0 0 0 0,1,1,2025-06-17 15:22:09,null,null,null,null,null,null,null,364784095,activity,null,HTS,null,10.242,3.122,-3.497,-3.785,null,null,null,null,null,null,null,null,null,null,null,null,null,null,null,null,null,null,null,null,null,278938354
TRND-Glioblastoma_LOPAC_A172-primary_screen2,NCGC00025223-11,activity,12.589254,-3,-106.06,-96.289,CN[C@@H]1C[C@H](C2=CC=CC=C12)C3=CC(Cl)=C(Cl)C=C3,null,null,null,null,null,I119,SIGMA,2021_LOPAC_01,-4.9,null,Indatraline hydrochloride,null,-3,null,null,null,107.914,-97.06,4.955,0.057,0.998,null,null,null,null,null,null,9,null,null,11.624,-96.289,-22.619,-16.073,null,null,null,null,null,null,null,null,null,SVFXPTLYMIXFRX,null,TRND,OLNoiAZQNRoNSXhXqX,null,null,null,null,CL,null,null,null,null,null,null,null,null,0,4,0,null,null,173030,0 0 0 0,1,1,2025-06-17 15:22:09,null,null,null,null,null,null,null,364782903,activity,null,HTS,12.744187,5.977,11.624,4.704,-96.289,null,null,null,null,null,null,null,null,null,null,null,null,null,null,null,null,null,null,null,null,null,278938355
TRND-Glioblastoma_LOPAC_A172-primary_screen2,NCGC00167765-08,activity,10,-3,-84.857,-64.048,CSC1=C(C=CC=C1)N2CCN(CCCCCC(=O)NC3CCCC4=CC=CC=C34)CC2,null,null,null,null,null,L9793,SIGMA,2021_LOPAC_01,-5,null,LP44,null,-3,null,null,null,86.213,-66.857,2.847,0.106,0.993,null,null,null,null,null,null,18,null,null,22.165,-64.048,20.16,26.945,null,null,null,null,null,null,null,null,null,JNBBJUHCODFLEG,null,TRND,GTCqcDxfJpzIiQcOhW,null,null,null,null,CL,null,null,null,null,null,null,null,null,0,4,0,null,null,173030,0 0 0 0,1,1,2025-06-17 15:22:09,null,null,null,null,null,null,null,364783259,activity,null,HTS,14.650057,14.529,22.165,-2.835,-64.048,null,null,null,null,null,null,null,null,null,null,null,null,null,null,null,null,null,null,null,null,null,278938356
TRND-Glioblastoma_LOPAC_A172-primary_screen2,NCGC00370742-07,activity,null,4,0,2.682,FC1=C(COC2=CC=C3C=C(CC4SC(=O)NC4=O)C=CC3=C2)C=CC=C1,null,null,null,null,null,SML0896,SIGMA,2021_LOPAC_01,null,null,MCC-555 ,null,4,null,null,null,8.062,0,null,null,null,null,null,null,null,null,null,0,null,null,5.855,-2.207,17.212,null,null,null,null,null,null,null,null,null,null,PKWDZWYVIHVNKS,null,TRND,TCDMdGNRKGOgWEaEiV,null,null,null,null,null,null,null,null,null,161600-01-7,null,null,null,0,4,null,null,null,173030,null,1,1,2025-06-17 15:22:09,null,null,null,null,null,null,null,364784659,activity,null,HTS,null,5.855,1.571,-2.207,2.682,null,null,null,null,null,null,null,null,null,null,null,null,null,null,null,null,null,null,null,null,null,278938357
TRND-Glioblastoma_LOPAC_A172-primary_screen2,NCGC00015160-10,activity,null,4,0,11.488,NC(=N)C1=CC=CC=C1,null,null,null,null,null,B6506,SIGMA,2021_LOPAC_01,null,null,Benzamidine hydrochloride,null,4,null,null,null,6.851,0,null,null,null,null,null,null,null,null,null,0,null,null,16.092,9.241,64.082,null,null,null,null,null,null,null,null,null,null,PXXJHWLDUBFPOL,null,TRND,OpBQWQhpuGunIjwwWj,null,null,null,null,CL,null,null,null,null,1670-14-0,null,null,null,0,4,null,null,null,173030,null,1,1,2025-06-17 15:22:09,null,null,null,null,null,null,null,364783043,activity,null,HTS,null,16.092,9.241,9.907,11.488,null,null,null,null,null,null,null,null,null,null,null,null,null,null,null,null,null,null,null,null,null,278938358
TRND-Glioblastoma_LOPAC_A172-primary_screen2,NCGC00015907-09,activity,null,4,-40.887,-29.18,NC1=CC=C(CCN2CCN(CC2)C3=CC=CC(=C3)C(F)(F)F)C=C1,null,null,null,null,null,S009,SIGMA,2021_LOPAC_01,null,null,PAPP,null,4,null,null,null,40.857,-28.887,2.333,0.06,0.998,null,null,null,null,null,null,12,null,null,11.677,-29.18,15.446,17.074,null,null,null,null,null,null,null,null,null,GAAKALASJNGQKD,null,TRND,ZlplUfuXUEclpzcWoN,null,null,null,null,null,null,null,null,null,1814-64-8,null,null,null,0,4,0,null,null,173030,0 0 0 0,1,1,2025-06-17 15:22:09,null,null,null,null,null,null,null,364781275,activity,null,HTS,null,11.677,11.288,-13.599,-29.18,null,null,null,null,null,null,null,null,null,null,null,null,null,null,null,null,null,null,null,null,null,278938359
TRND-Glioblastoma_LOPAC_A172-primary_screen2,NCGC00018117-49,activity,null,4,-17,13.864,CN1C2=C(NC=N2)C(=O)N(C)C1=O,null,null,null,null,null,T1633,SIGMA,2021_LOPAC_01,null,null,Theophylline,null,4,null,null,null,15.387,2.5,4.955,1,0.992,null,null,null,null,null,null,19.5,null,null,20.092,4.705,71.471,72.21,null,null,null,null,null,null,null,null,null,ZFXYFBGIUFBOJW,null,TRND,rjLBhBvErNyKcpHKNB,null,Adenosine Receptor A1 antagonist,null,null,null,null,null,null,null,null,ADORA1,null,null,0,4,1,null,null,173030,0 0 0 1,1,1,2025-06-17 15:22:09,null,null,null,null,null,null,null,364781323,activity,null,HTS,null,18.618,20.092,4.705,13.864,null,null,null,null,null,null,null,null,null,null,null,null,null,null,null,null,null,null,null,null,null,278938360
TRND-Glioblastoma_LOPAC_A172-primary_screen2,NCGC00015802-35,activity,10,-2.3,-102.827,-96.555,FC1=CC=C(C=C1)C(CCCN2CCC(CC2)N3C(=O)NC4=C3C=CC=C4)C5=CC=C(F)C=C5,null,null,null,null,null,P1793,SIGMA,2021_LOPAC_01,-5,null,Pimozide,null,-2.1,null,null,null,105.255,-97.327,3.99,0.071,0.997,null,null,null,null,null,null,5.5,null,null,8.7,-96.555,-33.372,-39.713,null,null,null,null,null,null,null,null,null,YVUQSNJEYSNKRX,null,TRND,gzNqoOfyPblEhmThfm,null,null,null,null,null,null,null,null,null,2062-78-4,null,null,null,0,4,0,null,null,173030,0 0 0 0,1,1,2025-06-17 15:22:09,null,null,null,null,null,null,null,364784539,activity,null,HTS,10.138647,8.7,2.013,-11.676,-96.555,null,null,null,null,null,null,null,null,null,null,null,null,null,null,null,null,null,null,null,null,null,278938361
TRND-Glioblastoma_LOPAC_A172-primary_screen2,NCGC00015211-09,activity,null,4,-9.5,10.251,CC(C)(C)C1=CC(CC(C)(C)C=O)=CC(=C1O)C(C)(C)C,null,null,null,null,null,C0987,SIGMA,2021_LOPAC_01,null,null,CGP-13501,null,4,null,null,null,11.807,10,4.955,0.458,0.845,null,null,null,null,null,null,19.5,null,null,22.058,10.251,77.164,81.983,null,null,null,null,null,null,null,null,null,XGWATTXMMMANFJ,null,TRND,DeXPorPUwOgExRaErd,null,null,null,null,null,null,null,null,null,null,null,null,null,0,4,0,null,null,173030,0 0 0 0,1,1,2025-06-17 15:22:09,null,null,null,null,null,null,null,364781223,activity,null,HTS,null,17.07,22.058,12.855,10.251,null,null,null,null,null,null,null,null,null,null,null,null,null,null,null,null,null,null,null,null,null,278938362
TRND-Glioblastoma_LOPAC_A172-primary_screen2,NCGC00162169-05,activity,null,4,-35.215,-7.679,[H][C@@]2(CNC(=O)C1=C(O)C(CC)=CC(Cl)=C1OC)CCN(CC)C2,null,null,null,null,null,E101,SIGMA,2021_LOPAC_01,null,null,S-(-)-Eticlopride hydrochloride,null,4,null,null,null,26.394,-9.215,0.7,0.369,0.906,null,null,null,null,null,null,26,null,null,18.715,-7.679,53.417,49.366,null,null,null,null,null,null,null,null,null,RKXSQHTWNMDLJM,null,TRND,VqbwCiyWbIxSlsnGgk,null,null,null,null,CL,null,null,null,null,null,null,null,null,0,4,0,null,null,173030,0 0 0 0,1,1,2025-06-17 15:22:09,null,null,null,null,null,null,null,364780507,activity,null,HTS,null,18.715,4.683,3.208,-7.679,null,null,null,null,null,null,null,null,null,null,null,null,null,null,null,null,null,null,null,null,null,278938363
TRND-Glioblastoma_LOPAC_A172-primary_screen2,NCGC00015305-07,activity,null,4,-41,5.998,CCCN1C2=C(N(C)C=N2)C(=O)N(CCC)C1=O,null,null,null,null,null,D108,SIGMA,2021_LOPAC_01,null,null,"1,3-Dipropyl-7-methylxanthine",null,4,null,null,null,22.846,-3,0.4,0.585,0.704,null,null,null,null,null,null,38,null,null,28.844,5.998,106.177,100.08,null,null,null,null,null,null,null,null,null,QVAYTZAGDQIWMB,null,TRND,TMfYeLdSNlQlvwiHeC,null,null,null,null,null,null,null,null,null,null,null,null,null,0,4,0,null,null,173030,0 0 0 0,1,1,2025-06-17 15:22:09,null,null,null,null,null,null,null,364780883,activity,null,HTS,null,28.844,13.736,19.132,5.998,null,null,null,null,null,null,null,null,null,null,null,null,null,null,null,null,null,null,null,null,null,278938364
TRND-Glioblastoma_LOPAC_A172-primary_screen2,NCGC00164561-12,activity,null,4,12.5,17.288,[H][C@@](O)(CO)[C@@]([H])(O)[C@]1([H])OC(=C[C@]([H])(NC(N)=N)[C@@]1([H])NC(C)=O)C(O)=O,null,null,null,null,null,SML0492,SIGMA,2021_LOPAC_01,null,null,Zanamivir,null,4,null,null,null,24.403,18,4.955,0.92,0.988,null,null,null,null,null,null,5.5,null,null,31.533,7.13,46.902,42.169,null,null,null,null,null,null,null,null,null,ARAIBEBZBOPLMB,null,TRND,gKBHndOQmfARInabGP,null,null,null,null,null,null,null,null,null,139110-80-8,null,null,null,0,4,1,null,null,173030,1 0 0 0,1,1,2025-06-17 15:22:09,null,null,null,null,null,null,null,364780615,activity,null,HTS,null,31.533,7.13,18.652,17.288,null,null,null,null,null,null,null,null,null,null,null,null,null,null,null,null,null,null,null,null,null,278938365
TRND-Glioblastoma_LOPAC_A172-primary_screen2,NCGC00015616-07,activity,null,4,-29.804,-16.503,C(N1CCC2(CCCC3=C2C=CC=C3)CC1)C4=CC=CC=C4,null,null,null,null,null,L8539,SIGMA,2021_LOPAC_01,null,null,"L-687,384 hydrochloride",null,4,null,null,null,25.802,-19.804,1.111,0.057,0.998,null,null,null,null,null,null,10,null,null,9.299,-16.503,16.23,15.622,null,null,null,null,null,null,null,null,null,MLDCBJPLHBPJET,null,TRND,HbHPDHJQLhbQnuRWzv,null,null,null,null,CL,null,null,null,null,null,null,null,null,0,4,0,null,null,173030,0 0 0 0,1,1,2025-06-17 15:22:09,null,null,null,null,null,null,null,364784899,activity,null,HTS,null,9.299,4.46,-5.746,-16.503,null,null,null,null,null,null,null,null,null,null,null,null,null,null,null,null,null,null,null,null,null,278938366
TRND-Glioblastoma_LOPAC_A172-primary_screen2,NCGC00015865-13,activity,null,4,-18.529,11.784,OC(=O)C1=C(N=CC=C1)C(O)=O,null,null,null,null,null,P63204,SIGMA,2021_LOPAC_01,null,null,Quinolinic acid,null,4,null,null,null,17.529,-3.529,2.588,1,1,null,null,null,null,null,null,15,null,null,15.005,-2.524,46.453,45.642,null,null,null,null,null,null,null,null,null,GJAWHXHKYYXBSV,null,TRND,RIqVIDsRqakmACKnGJ,null,null,null,null,null,null,null,null,null,89-00-9,null,null,null,0,4,1,null,null,173030,0 0 0 1,1,1,2025-06-17 15:22:09,null,null,null,null,null,null,null,364781707,activity,null,HTS,null,15.005,11.311,-2.524,11.784,null,null,null,null,null,null,null,null,null,null,null,null,null,null,null,null,null,null,null,null,null,278938367
TRND-Glioblastoma_LOPAC_A172-primary_screen2,NCGC00015381-07,activity,null,4,-11.13,-3.025,OC(=O)CC1=CC(O)=C(O)C=C1,null,null,null,null,null,D9128,SIGMA,2021_LOPAC_01,null,null,"3,4-Dihydroxyphenylacetic acid",null,4,null,null,null,19.66,-3.13,3.065,0.734,0.381,null,null,null,null,null,null,8,null,null,16.635,-3.025,12.555,28.905,null,null,null,null,null,null,null,null,null,CFFZDZCDUFSOFZ,null,TRND,aOScWryFjJkuNKUNFf,null,null,null,null,null,null,null,null,null,102-32-9,null,null,null,0,4,0,null,null,173030,0 0 0 0,1,1,2025-06-17 15:22:09,null,null,null,null,null,null,null,364780835,activity,null,HTS,null,-0.018,16.635,3.679,-3.025,null,null,null,null,null,null,null,null,null,null,null,null,null,null,null,null,null,null,null,null,null,278938368
TRND-Glioblastoma_LOPAC_A172-primary_screen2,NCGC00162286-04,activity,null,4,0,17.256,NC(=O)C1=CN(C=CC1)C2OC(COP([O-])(=O)OP([O-])(=O)OC[C@H]3O[C@H]([C@H](OP([O-])([O-])=O)C3O)N4C=NC5=C4N=CN=C5N)C(O)C2O,null,null,null,null,null,N7505,SIGMA,2021_LOPAC_01,null,null,NADPH tetrasodium,null,4,null,null,null,9.125,0,null,null,null,null,null,null,null,null,null,0,null,null,17.256,8.13,69.257,null,null,null,null,null,null,null,null,null,null,ACFIXJIJDZMPPO,null,TRND,sFyAbSdrJGclBQCBLE,null,null,null,null,SODIUM,null,null,null,null,null,null,null,null,0,4,null,null,null,173030,null,1,1,2025-06-17 15:22:09,null,null,null,null,null,null,null,364785203,activity,null,HTS,null,16.624,11.97,8.13,17.256,null,null,null,null,null,null,null,null,null,null,null,null,null,null,null,null,null,null,null,null,null,278938369
TRND-Glioblastoma_LOPAC_A172-primary_screen2,NCGC00025073-10,activity,11.220185,-2.1,-152.23,-92.23,NC(=N)SCCC1=CC=C(OCC2=CC=C(C=C2)[N+]([O-])=O)C=C1,null,null,null,null,null,K4144,SIGMA,2021_LOPAC_01,-4.95,null,KB-R7493,null,-2.1,null,null,null,125.719,-117.591,1.478,0.008,1,null,null,null,null,null,null,34.64,null,null,33.489,-92.23,55.184,56.342,null,null,null,null,null,null,null,null,null,UMJUNUMSJDTYTM,null,TRND,zcUtZdFZrgxtrTsKDs,null,null,null,null,SULFONICACID_V1,null,null,null,null,null,null,null,null,0,4,0,null,null,173030,0 0 0 0,1,1,2025-06-17 15:22:09,null,null,null,null,null,null,null,364781995,activity,null,HTS,9.150164,33.489,28.688,-13.322,-92.23,null,null,null,null,null,null,null,null,null,null,null,null,null,null,null,null,null,null,null,null,null,278938370
TRND-Glioblastoma_LOPAC_A172-primary_screen2,NCGC00015021-07,activity,null,4,-13.287,-1.906,O=C1NC(=O)C2=C(N1)N=C3C=CC=CC3=N2,null,null,null,null,null,A242,SIGMA,2021_LOPAC_01,null,null,Alloxazine,null,4,null,null,null,12.858,1.713,4.955,0.67,0.556,null,null,null,null,null,null,15,null,null,10.952,-1.906,34.339,33.799,null,null,null,null,null,null,null,null,null,HAUGRYOERYOXHX,null,TRND,CBynwuxmOALyFxGypN,null,null,null,null,null,null,null,null,null,null,null,null,null,0,4,0,null,null,173030,0 0 0 0,1,1,2025-06-17 15:22:09,null,null,null,null,null,null,null,364784731,activity,null,HTS,null,10.952,-0.461,7.538,-1.906,null,null,null,null,null,null,null,null,null,null,null,null,null,null,null,null,null,null,null,null,null,278938371
TRND-Glioblastoma_LOPAC_A172-primary_screen2,NCGC00025228-20,activity,null,4,0,5.987,CC(=O)C1=C(O)C(CC2=C(O)C(C(=O)\C=C\C3=CC=CC=C3)=C4OC(C)(C)C=CC4=C2O)=C(O)C(C)=C1O,null,null,null,null,null,R5648,SIGMA,2021_LOPAC_01,null,null,Rottlerin,null,4,null,null,null,5.663,0,null,null,null,null,null,null,null,null,null,0,null,null,11.649,5.987,47.518,null,null,null,null,null,null,null,null,null,null,DEZFNHCVIZBHBI,null,TRND,xHvvraKCvGryQwiWnp,null,null,null,null,null,null,null,null,null,82-08-6,null,null,null,0,4,null,null,null,173030,null,1,1,2025-06-17 15:22:09,null,null,null,null,null,null,null,364780963,activity,null,HTS,null,11.649,10.076,7.152,5.987,null,null,null,null,null,null,null,null,null,null,null,null,null,null,null,null,null,null,null,null,null,278938372
TRND-Glioblastoma_LOPAC_A172-primary_screen2,NCGC00015755-14,activity,null,4,0,4.454,CC1=NC(N)=C(CNC(=O)N(CCCl)N=O)C=N1,null,null,null,null,null,N8659,SIGMA,2021_LOPAC_01,null,null,Nimustine hydrochloride,null,4,null,null,null,7.325,0,null,null,null,null,null,null,null,null,null,0,null,null,11.78,4.454,45.564,null,null,null,null,null,null,null,null,null,null,VFEDRRNHLBGPNN,null,TRND,GvNydEyVXSNKmofDAw,null,null,null,null,CL,null,null,null,null,42471-28-3,null,null,null,0,4,null,null,null,173030,null,1,1,2025-06-17 15:22:09,null,null,null,null,null,null,null,364781399,activity,null,HTS,null,11.78,9.591,5.476,4.454,null,null,null,null,null,null,null,null,null,null,null,null,null,null,null,null,null,null,null,null,null,278938373
TRND-Glioblastoma_LOPAC_A172-primary_screen2,NCGC00015083-12,activity,null,4,-11.69,-0.992,NCCCCNC(N)=N,null,null,null,null,null,A7127,SIGMA,2021_LOPAC_01,null,null,Agmatine sulfate,null,4,null,null,null,13.632,-2.69,4.504,0.576,0.719,null,null,null,null,null,null,9,null,null,12.64,-0.992,28.763,36.991,null,null,null,null,null,null,null,null,null,QYPPJABKJHAVHS,null,TRND,NGHJVQJxHGaKNuCMxV,null,null,null,null,SULFURIC_ACID,null,null,null,null,2482-00-0,null,null,null,0,4,0,null,null,173030,0 0 0 0,1,1,2025-06-17 15:22:09,null,null,null,null,null,null,null,364783475,activity,null,HTS,null,4.959,12.64,9.566,-0.992,null,null,null,null,null,null,null,null,null,null,null,null,null,null,null,null,null,null,null,null,null,278938374
TRND-Glioblastoma_LOPAC_A172-primary_screen2,NCGC00167492-12,activity,12.589254,-3,-88.743,-88.011,COC(=O)C1=C(C)NC(C)=C(C1C2=CC(=CC=C2)[N+]([O-])=O)C(=O)OC(C)(C)CN(C)CCC(C3=CC=CC=C3)C4=CC=CC=C4,null,null,null,null,null,L6668,SIGMA,2021_LOPAC_01,-4.9,null,Lercanidipine hydrochloride hemihydrate,null,-3,null,null,null,88.485,-89.243,4.504,0.028,1,null,null,null,null,null,null,-0.5,null,null,0.474,-88.011,-54.539,-51.784,null,null,null,null,null,null,null,null,null,ZDXUKAKRHYTAKV,null,TRND,OhuWfHkJlvaoNysHrU,null,null,null,null,CL,null,null,null,null,132866-11-6,null,null,null,0,4,0,null,null,173030,0 0 0 0,1,1,2025-06-17 15:22:09,null,null,null,null,null,null,null,364784027,activity,null,HTS,13.284809,-1.815,0.474,-5.102,-88.011,null,null,null,null,null,null,null,null,null,null,null,null,null,null,null,null,null,null,null,null,null,278938375
TRND-Glioblastoma_LOPAC_A172-primary_screen2,NCGC00087387-12,activity,11.220185,-3,-64.588,-61.042,CC1=CC(Cl)=CC=C1OCCCC(=O)NO,null,null,null,null,null,D6321,SIGMA,2021_LOPAC_01,-4.95,null,Droxinostat,null,-3,null,null,null,65.816,-61.588,4.095,0.072,0.997,null,null,null,null,null,null,3,null,null,4.774,-61.042,-21.164,-24.272,null,null,null,null,null,null,null,null,null,JHSXDAWGLCZYSM,null,TRND,OuKuXwygBFClBhPjcW,null,"Histone deacetylase 6, class IIB inhibitor",null,null,null,null,null,null,null,null,HDAC6,null,null,0,4,0,null,null,173030,0 0 0 0,1,1,2025-06-17 15:22:09,null,null,null,null,null,null,null,364785067,activity,null,HTS,16.034601,4.774,0.523,-3.844,-61.042,null,null,null,null,null,null,null,null,null,null,null,null,null,null,null,null,null,null,null,null,null,278938376
TRND-Glioblastoma_LOPAC_A172-primary_screen2,NCGC00162278-07,activity,null,4,14.384,5.094,C[C@@H]1O[C@H](C[N+](C)(C)C)C[C@H]1O,null,null,null,null,null,M104,SIGMA,2021_LOPAC_01,null,null,(±)-Muscarine chloride,null,4,null,null,null,13.57,7.5,4.955,0.366,0.908,null,null,null,null,null,null,-6.884,null,null,9.5,-4.07,3.817,3.15,null,null,null,null,null,null,null,null,null,UQOFGTXDASPNLL,null,TRND,UKLKXdKjYWtJQDetIt,null,null,null,null,CL,null,null,null,null,2303-35-7,null,null,null,0,4,0,null,null,173030,0 0 0 0,1,1,2025-06-17 15:22:09,null,null,null,null,null,null,null,364783827,activity,null,HTS,null,-4.07,9.5,8.287,5.094,null,null,null,null,null,null,null,null,null,null,null,null,null,null,null,null,null,null,null,null,null,278938377
TRND-Glioblastoma_LOPAC_A172-primary_screen2,NCGC00015270-06,activity,null,4,13.5,3.046,OC(=O)C1=CC(=O)C=C(N1)C(O)=O,null,null,null,null,null,C8011,SIGMA,2021_LOPAC_01,null,null,Chelidamic acid,null,4,null,null,null,19.158,12.5,4.955,1,0.369,null,null,null,null,null,null,-1,null,null,20.731,1.572,24.028,28.617,null,null,null,null,null,null,null,null,null,XTLJJHGQACAZMS,null,TRND,ShwfCpcrITsrUgCOKl,null,null,null,null,H2O,null,null,null,null,null,null,null,null,0,4,1,null,null,173030,0 0 0 1,1,1,2025-06-17 15:22:09,null,null,null,null,null,null,null,364783771,activity,null,HTS,null,1.572,20.731,4.227,3.046,null,null,null,null,null,null,null,null,null,null,null,null,null,null,null,null,null,null,null,null,null,278938378
TRND-Glioblastoma_LOPAC_A172-primary_screen2,NCGC00015724-30,activity,null,4,25.98,1.248,OC(=O)C1=C(NC2=CC=CC(=C2)C(F)(F)F)N=CC=C1,null,null,null,null,null,N0630,SIGMA,2021_LOPAC_01,null,null,Niflumic acid,null,4,null,null,null,30.73,20.5,4.955,1,0.732,null,null,null,null,null,null,-5.48,null,null,28.246,-2.483,28.02,32.936,null,null,null,null,null,null,null,null,null,JZFPYUNJRRFVQU,null,TRND,WqlpwGEiEHfnKjgusY,null,null,null,null,null,null,null,null,null,4394-00-7,null,null,null,0,4,1,null,null,173030,0 0 0 1,1,1,2025-06-17 15:22:09,null,null,null,null,null,null,null,364783235,activity,null,HTS,null,-2.483,28.246,12.386,1.248,null,null,null,null,null,null,null,null,null,null,null,null,null,null,null,null,null,null,null,null,null,278938379
TRND-Glioblastoma_LOPAC_A172-primary_screen2,NCGC00022185-22,activity,null,4,-28.241,-3.273,CC(=O)[C@H]1CC[C@H]2[C@@H]3CCC4=CC(=O)CC[C@]4(C)[C@H]3CC[C@]12C,null,null,null,null,null,P0130,SIGMA,2021_LOPAC_01,null,null,Progesterone,null,4,null,null,null,33.161,-9.241,2.406,0.43,0.866,null,null,null,null,null,null,19,null,null,17.96,-15.201,41.086,42.69,null,null,null,null,null,null,null,null,null,RJKFOVLPORLFTN,null,TRND,oPLeFVbJVJMrTNKScf,null,null,null,null,null,null,null,null,null,57-83-0,null,null,null,0,4,0,null,null,173030,0 0 0 0,1,1,2025-06-17 15:22:09,null,null,null,null,null,null,null,364781327,activity,null,HTS,null,17.96,5.143,-15.201,-3.273,null,null,null,null,null,null,null,null,null,null,null,null,null,null,null,null,null,null,null,null,null,278937300
TRND-Glioblastoma_LOPAC_A172-primary_screen2,NCGC00017366-17,activity,null,4,0,11.463,[H][C@@]12CC3=CNC4=C3C(=CC=C4)[C@@]1([H])C[C@@H](CSC)CN2CCC,null,null,null,null,null,P8828,SIGMA,2021_LOPAC_01,null,null,Pergolide methanesulfonate,null,4,null,null,null,5.018,0,null,null,null,null,null,null,null,null,null,0,null,null,15.675,10.657,56.265,null,null,null,null,null,null,null,null,null,null,YEHCICAEULNIGD,null,TRND,RQICglYWeRpCVMtpwO,null,null,null,null,null,null,null,null,null,66104-22-1,null,null,null,0,4,null,null,null,173030,null,1,1,2025-06-17 15:22:09,null,null,null,null,null,null,null,364781627,activity,null,HTS,null,10.657,15.675,13.887,11.463,null,null,null,null,null,null,null,null,null,null,null,null,null,null,null,null,null,null,null,null,null,278937301
TRND-Glioblastoma_LOPAC_A172-primary_screen2,NCGC00015874-22,activity,7.943282,-2.3,-106.123,-95.424,CCN(CC)CCCC(C)NC1=C2C=C(OC)C=CC2=NC3=C1C=CC(Cl)=C3,null,null,null,null,null,Q3251,SIGMA,2021_LOPAC_01,-5.1,null,Quinacrine dihydrochloride,null,-2.1,null,null,null,121.532,-99.623,2.253,0.263,1,null,null,null,null,null,null,6.5,null,null,26.108,-95.424,-59.308,-54.457,null,null,null,null,null,null,null,null,null,GPKJTRJOBQGKQK,null,TRND,hlCwqRUZasqwkdZvHa,null,null,null,null,CL,null,null,null,null,null,null,null,null,0,4,1,null,null,173030,1 0 0 0,1,1,2025-06-17 15:22:09,null,null,null,null,null,null,null,364780443,activity,null,HTS,7.970031,26.108,4.645,-36.152,-95.424,null,null,null,null,null,null,null,null,null,null,null,null,null,null,null,null,null,null,null,null,null,278937302
TRND-Glioblastoma_LOPAC_A172-primary_screen2,NCGC00015563-27,activity,null,4,-12.267,-7.757,CN(C)CCCN1C2=C(CCC3=C1C=CC=C3)C=CC=C2,null,null,null,null,null,I7379,SIGMA,2021_LOPAC_01,null,null,Imipramine hydrochloride,null,4,null,null,null,12.339,-7.767,4.955,0.059,0.998,null,null,null,null,null,null,4.5,null,null,4.2,-8.139,4.747,5.834,null,null,null,null,null,null,null,null,null,BCGWQEUPMDMJNV,null,TRND,XlfbnRbDLlpuOewyqL,null,null,null,null,CL,null,null,null,null,113-52-0,null,null,null,0,4,0,null,null,173030,0 0 0 0,1,1,2025-06-17 15:22:09,null,null,null,null,null,null,null,364784147,activity,null,HTS,null,4.2,4.093,-8.139,-7.757,null,null,null,null,null,null,null,null,null,null,null,null,null,null,null,null,null,null,null,null,null,278937303
TRND-Glioblastoma_LOPAC_A172-primary_screen2,NCGC00015810-30,activity,null,4,-20.461,-1.238,COC1=CC2=CC=NC(CC3=CC(OC)=C(OC)C=C3)=C2C=C1OC,null,null,null,null,null,P3510,SIGMA,2021_LOPAC_01,null,null,Papaverine hydrochloride,null,4,null,null,null,25.375,-5.961,4.955,0.428,0.867,null,null,null,null,null,null,14.5,null,null,14.574,-10.801,29.716,30.357,null,null,null,null,null,null,null,null,null,XQYZDYMELSJDRZ,null,TRND,GtNeOsljrAbIwBeAwI,null,null,null,null,CL,null,null,null,null,61-25-6,null,null,null,0,4,0,null,null,173030,0 0 0 0,1,1,2025-06-17 15:22:09,null,null,null,null,null,null,null,364785195,activity,null,HTS,null,14.574,-3.612,-10.801,-1.238,null,null,null,null,null,null,null,null,null,null,null,null,null,null,null,null,null,null,null,null,null,278937304
TRND-Glioblastoma_LOPAC_A172-primary_screen2,NCGC00370774-08,activity,null,4,-49.761,-11.009,CC[C@H](NC(=O)C1=C(O)C(=NC2=CC=CC=C12)C3=CC=CC=C3)C4=CC=CC=C4,null,null,null,null,null,SML1165,SIGMA,2021_LOPAC_01,null,null,Talnetant,null,4,null,null,null,40.51,-17.261,0.9,0.086,0.995,null,null,null,null,null,null,32.5,null,null,29.501,-11.009,92.587,90.854,null,null,null,null,null,null,null,null,null,BIAVGWDGIJKWRM,null,TRND,ZorrRCdBkuNhPTcSvu,null,null,null,null,null,null,null,null,null,174636-32-9,null,null,null,0,4,0,null,null,173030,0 0 0 0,1,1,2025-06-17 15:22:09,null,null,null,null,null,null,null,364781207,activity,null,HTS,null,29.501,18.952,4.661,-11.009,null,null,null,null,null,null,null,null,null,null,null,null,null,null,null,null,null,null,null,null,null,278937305
TRND-Glioblastoma_LOPAC_A172-primary_screen2,NCGC00015559-23,activity,null,4,19,18.805,CC(C)CN1C2=C(N=CN2)C(=O)N(C)C1=O,null,null,null,null,null,I5879,SIGMA,2021_LOPAC_01,null,null,3-Isobutyl-1-methylxanthine,null,4,null,null,null,89.577,20.5,1.862,0.826,1,null,null,null,null,null,null,1.5,null,null,18.805,-70.772,21.621,20.692,null,null,null,null,null,null,null,null,null,APIXJSLKIYYUKG,null,TRND,MCLFPvFeWznubaMfFP,null,null,null,null,null,null,null,null,null,28822-58-4,null,null,null,0,4,1,null,null,173030,1 0 0 0,1,1,2025-06-17 15:22:09,null,null,null,null,null,null,null,364780311,activity,null,HTS,null,-70.772,1.855,7.564,18.805,null,null,null,null,null,null,null,null,null,null,null,null,null,null,null,null,null,null,null,null,null,278937306
TRND-Glioblastoma_LOPAC_A172-primary_screen2,NCGC00016138-05,activity,null,4,23,12.15,[NH3+]C(=N)N1CCC2=C(C1)C=CC=C2,null,null,null,null,null,D1306,SIGMA,2021_LOPAC_01,null,null,Debrisoquin sulfate,null,4,null,null,null,21.377,30,4.955,1,0.937,null,null,null,null,null,null,7,null,null,25.677,4.3,61.716,57.948,null,null,null,null,null,null,null,null,null,JWPGJSVJDAJRLW,null,TRND,feFyhyXxOsDjQFJXBt,null,null,null,null,SULFURIC_ACID,null,null,null,null,null,null,null,null,0,4,1,null,null,173030,0 0 0 1,1,1,2025-06-17 15:22:09,null,null,null,null,null,null,null,364780219,activity,null,HTS,null,9.822,4.3,25.677,12.15,null,null,null,null,null,null,null,null,null,null,null,null,null,null,null,null,null,null,null,null,null,278937307
TRND-Glioblastoma_LOPAC_A172-primary_screen2,NCGC00015737-09,activity,null,4,11,9.278,CCCN(CC1CC1)C2=NC(C)=NC(NC3=C(Cl)C=C(Cl)C=C3Cl)=C2Cl,null,null,null,null,null,N3911,SIGMA,2021_LOPAC_01,null,null,NBI 27914,null,4,null,null,null,11.937,10,4.955,0.518,0.789,null,null,null,null,null,null,-1,null,null,13.118,1.181,22.669,22.447,null,null,null,null,null,null,null,null,null,KNADXBVKFAUMCR,null,TRND,OqLvywbdDGfSCdoBjE,null,null,null,null,null,null,null,null,null,null,null,null,null,0,4,0,null,null,173030,0 0 0 0,1,1,2025-06-17 15:22:09,null,null,null,null,null,null,null,364781131,activity,null,HTS,null,1.181,13.118,7.645,9.278,null,null,null,null,null,null,null,null,null,null,null,null,null,null,null,null,null,null,null,null,null,278937308
TRND-Glioblastoma_LOPAC_A172-primary_screen2,NCGC00371133-11,activity,null,4,-25.492,2.836,CN(C)C(=O)NC1=CC=CC(=C1)C2=CC=C(C=C2)N(C)C,null,null,null,null,null,SML1075,SIGMA,2021_LOPAC_01,null,null,Atglistatin,null,4,null,null,null,22.722,-11.492,2.044,1,1,null,null,null,null,null,null,14,null,null,13.562,-9.16,31.499,30.867,null,null,null,null,null,null,null,null,null,AWOPBSAJHCUSAS,null,TRND,OlwNDyJyOujXjhiOCZ,null,null,null,null,null,null,null,null,null,null,null,null,null,0,4,1,null,null,173030,0 0 0 1,1,1,2025-06-17 15:22:09,null,null,null,null,null,null,null,364782047,activity,null,HTS,null,13.562,7.273,-9.16,2.836,null,null,null,null,null,null,null,null,null,null,null,null,null,null,null,null,null,null,null,null,null,278937309
TRND-Glioblastoma_LOPAC_A172-primary_screen2,NCGC00015761-13,activity,null,4,11.829,-1.206,CCCCCCCC\C=C/CCCCCCCC(=O)NCCO,null,null,null,null,null,O0383,SIGMA,2021_LOPAC_01,null,null,N-Oleoylethanolamine,null,4,null,null,null,13.061,6,4.955,1,0.745,null,null,null,null,null,null,-5.829,null,null,9.454,-3.608,0.085,1.802,null,null,null,null,null,null,null,null,null,BOWVQLFMWHZBEF,null,TRND,tcpVRUViymKYtGDbEx,null,null,null,null,null,null,null,null,null,111-58-0,null,null,null,0,4,1,null,null,173030,0 0 0 1,1,1,2025-06-17 15:22:09,null,null,null,null,null,null,null,364784475,activity,null,HTS,null,-3.608,9.454,2.849,-1.206,null,null,null,null,null,null,null,null,null,null,null,null,null,null,null,null,null,null,null,null,null,278937310
TRND-Glioblastoma_LOPAC_A172-primary_screen2,NCGC00015455-25,activity,null,4,-40.076,-15.48,CCOC(=O)C1=C(C)NC(C)=C(C1C2=CC=CC(Cl)=C2Cl)C(=O)OC,null,null,null,null,null,F9677,SIGMA,2021_LOPAC_01,null,null,Felodipine,null,4,null,null,null,41.911,-17.076,4.095,0.173,0.981,null,null,null,null,null,null,23,null,null,26.431,-15.48,94.414,87.182,null,null,null,null,null,null,null,null,null,RZTAMFZIAATZDJ,null,TRND,zqCEchJXbvduoyMrma,null,null,null,null,null,null,null,null,null,72509-76-3,null,null,null,0,4,0,null,null,173030,0 0 0 0,1,1,2025-06-17 15:22:09,null,null,null,null,null,null,null,364781851,activity,null,HTS,null,26.431,19.929,21.842,-15.48,null,null,null,null,null,null,null,null,null,null,null,null,null,null,null,null,null,null,null,null,null,278937311
TRND-Glioblastoma_LOPAC_A172-primary_screen2,NCGC00253763-04,activity,null,4,-11.071,8.124,CC1=C(CCC(=O)C2=CC=C(CC3SC(=O)NC3=O)C=C2)N=C(O1)C4=CC=CC=C4,null,null,null,null,null,SML0977,SIGMA,2021_LOPAC_01,null,null,Darglitazone sodium salt,null,4,null,null,null,57.795,-1.571,4.095,1,1,null,null,null,null,null,null,9.5,null,null,8.712,-49.083,28.66,30.682,null,null,null,null,null,null,null,null,null,QQKNSPHAFATFNQ,null,TRND,EmCdqGWIdLVpNvGQkT,null,null,null,null,SODIUM,null,null,null,null,141200-24-0,null,null,null,0,4,2,null,null,173030,1 0 0 1,1,1,2025-06-17 15:22:09,null,null,null,null,null,null,null,364785215,activity,null,HTS,null,-49.083,8.712,-1.309,8.124,null,null,null,null,null,null,null,null,null,null,null,null,null,null,null,null,null,null,null,null,null,278937312
TRND-Glioblastoma_LOPAC_A172-primary_screen2,NCGC00015209-34,activity,null,4,0,10.617,ClCCN(CCCl)P1(=O)NCCCO1,null,null,null,null,null,C0768,SIGMA,2021_LOPAC_01,null,null,Cyclophosphamide monohydrate,null,4,null,null,null,8.158,0,null,null,null,null,null,null,null,null,null,0,null,null,12.56,4.402,50.523,null,null,null,null,null,null,null,null,null,null,CMSMOCZEIVJLDB,null,TRND,raLwqUtYyGVMzJuvRx,null,DNA Alkylating Drug,null,null,H2O,null,null,null,null,50-18-0,H2AX,null,null,0,4,null,null,null,173030,null,1,1,2025-06-17 15:22:09,null,null,null,null,null,null,null,364785043,activity,null,HTS,null,11.922,12.56,4.402,10.617,null,null,null,null,null,null,null,null,null,null,null,null,null,null,null,null,null,null,null,null,null,278937313
TRND-Glioblastoma_LOPAC_A172-primary_screen2,NCGC00402309-06,activity,null,4,-20.915,-3.262,OC1=C(C=CC=C1)C2=NNC(=C2)C3=C(F)C=CC=C3,null,null,null,null,null,SML0894,SIGMA,2021_LOPAC_01,null,null,VU0420373,null,4,null,null,null,26.042,-5.915,4.955,0.566,0.73,null,null,null,null,null,null,15,null,null,22.779,-3.262,53.419,60.802,null,null,null,null,null,null,null,null,null,SJPGLKXXUIEFLO,null,TRND,exSwUHfNsKquyIiimw,null,null,null,null,null,null,null,null,null,null,null,null,null,0,4,0,null,null,173030,0 0 0 0,1,1,2025-06-17 15:22:09,null,null,null,null,null,null,null,364780863,activity,null,HTS,null,11.43,10.71,22.779,-3.262,null,null,null,null,null,null,null,null,null,null,null,null,null,null,null,null,null,null,null,null,null,278937314
TRND-Glioblastoma_LOPAC_A172-primary_screen2,NCGC00015256-34,activity,null,4,0,2.047,CCN(CC)CCCC(C)NC1=CC=NC2=C1C=CC(Cl)=C2,null,null,null,null,null,C6628,SigmaAldrich,2021_LOPAC_01,null,null,null,null,4,null,null,null,8.453,0,null,null,null,null,null,null,null,null,null,0,null,null,8.283,-0.17,29.213,null,null,null,null,null,null,null,null,null,null,WHTVZRBIWZFKQO,null,TRND,qvrgSgYSRGQXmovLuj,null,Anti-malarial,null,null,PHOSPHORIC_ACID,null,null,null,null,null,TLR9,null,null,0,4,null,null,null,173030,null,1,1,2025-06-17 15:22:09,null,null,null,null,null,null,null,364783739,activity,null,HTS,null,8.283,7.537,-0.17,2.047,null,null,null,null,null,null,null,null,null,null,null,null,null,null,null,null,null,null,null,null,null,278937315
TRND-Glioblastoma_LOPAC_A172-primary_screen2,NCGC00015645-14,activity,null,4,0,1.146,COC1=C(O)C=CC(CNC(=O)CCCCCCC(C)C)=C1,null,null,null,null,null,M1022,SIGMA,2021_LOPAC_01,null,null,Dihydrocapsaicin,null,4,null,null,null,6.709,0,null,null,null,null,null,null,null,null,null,0,null,null,4.057,-2.652,-4.83,null,null,null,null,null,null,null,null,null,null,XJQPQKLURWNAAH,null,TRND,gkHnSYMRABRHcpJuoP,null,null,null,null,null,null,null,null,null,19408-84-5,null,null,null,0,4,null,null,null,173030,null,1,1,2025-06-17 15:22:09,null,null,null,null,null,null,null,364784155,activity,null,HTS,null,-2.652,-1.303,4.057,1.146,null,null,null,null,null,null,null,null,null,null,null,null,null,null,null,null,null,null,null,null,null,278937316
TRND-Glioblastoma_LOPAC_A172-primary_screen2,NCGC00014989-13,activity,null,4,-11,12.25,OC(=O)C1=C(NC2=CC=CC=C2)C=CC=C1,null,null,null,null,null,144509,SIGMA,2021_LOPAC_01,null,null,N-Phenylanthranilic acid,null,4,null,null,null,11.65,11,2.253,0.255,0.958,null,null,null,null,null,null,22,null,null,21.595,9.945,84.822,85.1,null,null,null,null,null,null,null,null,null,ZWJINEZUASEZBH,null,TRND,hrUZbIvdEcTdbwROEs,null,null,null,null,null,null,null,null,null,91-40-7,null,null,null,0,4,0,null,null,173030,0 0 0 0,1,1,2025-06-17 15:22:09,null,null,null,null,null,null,null,364780935,activity,null,HTS,null,21.595,16.454,9.945,12.25,null,null,null,null,null,null,null,null,null,null,null,null,null,null,null,null,null,null,null,null,null,278937317
TRND-Glioblastoma_LOPAC_A172-primary_screen2,NCGC00390788-08,activity,null,4,-22.986,-10.822,NC1=[N+]([O-])C2=CC=CC=C2[N+]([O-])=N1,null,null,null,null,null,SML0552,SIGMA,2021_LOPAC_01,null,null,Tirapazamine,null,4,null,null,null,26.95,-10.986,4.504,0.346,0.918,null,null,null,null,null,null,12,null,null,16.128,-10.822,51.63,42.984,null,null,null,null,null,null,null,null,null,ORYDPOVDJJZGHQ,null,TRND,BHxKDtKSedTswlgPFs,null,DNA Damaging Drug,null,null,null,null,null,null,null,27314-97-2,H2AX,null,null,0,4,0,null,null,173030,0 0 0 0,1,1,2025-06-17 15:22:09,null,null,null,null,null,null,null,364781263,activity,null,HTS,null,16.128,7.981,9.986,-10.822,null,null,null,null,null,null,null,null,null,null,null,null,null,null,null,null,null,null,null,null,null,278937318
TRND-Glioblastoma_LOPAC_A172-primary_screen2,NCGC00091439-11,activity,null,4,-13.424,14.5,CN\C(NCCSCC1=C(C)NC=N1)=N/C#N,null,null,null,null,null,C4522,SIGMA,2021_LOPAC_01,null,null,Cimetidine,null,4,null,null,null,16.103,-1.924,3.132,1,1,null,null,null,null,null,null,11.5,null,null,14.5,-1.603,36.189,35.68,null,null,null,null,null,null,null,null,null,AQIXAKUUQRKLND,null,TRND,UYnjIeQjghmXQuJFil,null,null,null,null,null,null,null,null,null,51481-61-9,null,null,null,0,4,1,null,null,173030,0 0 0 1,1,1,2025-06-17 15:22:09,null,null,null,null,null,null,null,364783691,activity,null,HTS,null,11.593,8.559,-1.603,14.5,null,null,null,null,null,null,null,null,null,null,null,null,null,null,null,null,null,null,null,null,null,278937319
TRND-Glioblastoma_LOPAC_A172-primary_screen2,NCGC00164591-18,activity,null,4,0,0.072,[H][C@@]1(C)CC[C@@]2([H])[C@@]([H])(C)[C@@]([H])(OC)O[C@]3([H])O[C@@]4(C)CC[C@]1([H])[C@@]23OO4,null,null,null,null,null,A9361,SIGMA,2021_LOPAC_01,null,null,Artemether,null,4,null,null,null,6.233,0,null,null,null,null,null,null,null,null,null,0,null,null,2.159,-4.074,0.661,null,null,null,null,null,null,null,null,null,null,SXYIRMFQILZOAM,null,TRND,nYHgBDCYkRolVLThQj,null,Anti-malarial,null,null,null,null,null,null,null,71963-77-4,EXP-1,null,null,0,4,null,null,null,173030,null,1,1,2025-06-17 15:22:09,null,null,null,null,null,null,null,364783787,activity,null,HTS,null,2.159,-3.605,-4.074,0.072,null,null,null,null,null,null,null,null,null,null,null,null,null,null,null,null,null,null,null,null,null,278937320
TRND-Glioblastoma_LOPAC_A172-primary_screen2,NCGC00093644-13,activity,1,-1.4,-29.732,-46.615,COC1=C(NC2=C3C=CC=CC3=NC4=C2C=CC=C4)C=CC(N[S+](C)([O-])=O)=C1,null,null,null,null,null,A9809,SIGMA,2021_LOPAC_01,-6,null,Amsacrine hydrochloride,null,-1.2,null,null,null,30.688,-45.344,3.627,0.112,0.992,null,null,null,null,null,null,-15.613,null,null,-15.927,-46.615,-125.331,-125.771,null,null,null,null,null,null,null,null,null,KNMOYMMIMPXERW,null,TRND,dhQRIcmyIgWTIRMtaQ,null,DNA Intercalating Drug,null,null,HCL,null,null,null,null,GRT00154,H2AX,null,null,0,4,0,null,null,173030,0 0 0 0,1,1,2025-06-17 15:22:09,null,null,null,null,null,null,null,364784667,activity,null,HTS,null,-15.927,-37.373,-43.628,-46.615,null,null,null,null,null,null,null,null,null,null,null,null,null,null,null,null,null,null,null,null,null,278937321
TRND-Glioblastoma_LOPAC_A172-primary_screen2,NCGC00159322-22,activity,1.778279,-1.2,-64.562,-66.497,[H][C@]1(CO)O[C@@]2([H])N3C=CC(=N)N=C3O[C@@]2([H])[C@]1([H])O,null,null,null,null,null,A8598,SIGMA,2021_LOPAC_01,-5.75,null,Ancitabine hydrochloride,null,-1.2,null,null,null,60.476,-68.286,1.826,0.046,0.999,null,null,null,null,null,null,-3.724,null,null,-6.02,-66.497,-114.031,-114.874,null,null,null,null,null,null,null,null,null,BBDAGFIXKZCXAH,null,TRND,EuHTCXHIJfEaPVCOqS,null,DNA-Directed DNA Polymerase inhibitor,null,null,CL,null,null,null,null,10212-25-6,POLB,null,null,0,4,0,null,null,173030,0 0 0 0,1,1,2025-06-17 15:22:09,null,null,null,null,null,null,null,364783995,activity,null,HTS,3.08447,-6.02,-27,-62.205,-66.497,null,null,null,null,null,null,null,null,null,null,null,null,null,null,null,null,null,null,null,null,null,278937322
TRND-Glioblastoma_LOPAC_A172-primary_screen2,NCGC00165725-05,activity,null,4,0,12.4,CN1CCC[C@H]1C2=CC(C)=NO2,null,null,null,null,null,A6476,SIGMA,2021_LOPAC_01,null,null,ABT-418 hydrochloride,null,4,null,null,null,24.048,0,null,null,null,null,null,null,null,null,null,0,null,null,26.617,2.569,88.319,null,null,null,null,null,null,null,null,null,null,ILLGYRJAYAAAEW,null,TRND,UBmOsxYVPzQljZfHAI,null,null,null,null,CL,null,null,null,null,null,null,null,null,0,4,null,null,null,173030,null,1,1,2025-06-17 15:22:09,null,null,null,null,null,null,null,364784779,activity,null,HTS,null,26.617,2.569,8.78,12.4,null,null,null,null,null,null,null,null,null,null,null,null,null,null,null,null,null,null,null,null,null,278937323
TRND-Glioblastoma_LOPAC_A172-primary_screen2,NCGC00162266-06,activity,null,4,-22.5,0.681,OC1C(CC([O-])=O)CCCC2=C1C=CC=C2,null,null,null,null,null,N4159,SIGMA,2021_LOPAC_01,null,null,NCS-382,null,4,null,null,null,24.943,1,3.929,0.197,0.975,null,null,null,null,null,null,23.5,null,null,25.624,0.681,79.453,84.486,null,null,null,null,null,null,null,null,null,LVMKJEGBKLMTAR,null,TRND,aVWmOdAIbnqiRQGiHx,null,null,null,null,SODIUM,null,null,null,null,null,null,null,null,0,4,0,null,null,173030,0 0 0 0,1,1,2025-06-17 15:22:09,null,null,null,null,null,null,null,364781991,activity,null,HTS,null,21.141,25.624,3.602,0.681,null,null,null,null,null,null,null,null,null,null,null,null,null,null,null,null,null,null,null,null,null,278937324
TRND-Glioblastoma_LOPAC_A172-primary_screen2,NCGC00015884-21,activity,null,4,0,4.865,C1CC1C(NC2=NCCO2)C3CC3,null,null,null,null,null,R134,SIGMA,2021_LOPAC_01,null,null,Rilmenidine hemifumarate,null,4,null,null,null,4.17,0,null,null,null,null,null,null,null,null,null,0,null,null,4.962,0.793,11.689,null,null,null,null,null,null,null,null,null,null,CQXADFVORZEARL,null,TRND,WCxPbRRJsNQDvLvumF,null,Imidazoline I1 (Nischarin) Receptor agonist,null,null,FUMARIC_ACID,null,null,null,null,54187-04-1,NISCH,null,null,0,4,null,null,null,173030,null,1,1,2025-06-17 15:22:09,null,null,null,null,null,null,null,364784191,activity,null,HTS,null,0.793,4.962,4.954,4.865,null,null,null,null,null,null,null,null,null,null,null,null,null,null,null,null,null,null,null,null,null,278937325
TRND-Glioblastoma_LOPAC_A172-primary_screen2,NCGC00094456-05,activity,null,4,-24.04,-0.867,[H][C@@]12CC[C@@](O)(C#N)[C@@]1(C)CCC3C2CCC4=CC5=NC6=NC7=CC=CC=C7N6C=C5C[C@]34C,null,null,null,null,null,W104,SIGMA,2021_LOPAC_01,null,null,"WIN 62,577",null,4,null,null,null,33.251,-1.54,2.333,0.467,1,null,null,null,null,null,null,22.5,null,null,32.384,-0.867,85.124,86.524,null,null,null,null,null,null,null,null,null,CURMZJGVCAQSTD,null,TRND,WYXTbSQWCwesTMbcIT,null,null,null,null,null,null,null,null,null,null,null,null,null,0,4,1,null,null,173030,1 0 0 0,1,1,2025-06-17 15:22:09,null,null,null,null,null,null,null,364780755,activity,null,HTS,null,32.384,22.011,13.033,-0.867,null,null,null,null,null,null,null,null,null,null,null,null,null,null,null,null,null,null,null,null,null,278937326
TRND-Glioblastoma_LOPAC_A172-primary_screen2,NCGC00115449-05,activity,0.891251,-1.4,-54.445,-33.834,COC1=CC=C(C=C1)N2C(SCC3=NC(=NO3)C4=CC=C(C)C=C4)=NN=C2C5=CC=NC=C5,null,null,null,null,null,SML0227,SIGMA,2021_LOPAC_01,-6.05,null,JW74,null,-1.4,null,null,null,51.556,-30.445,1.539,0.197,0.975,null,null,null,null,null,null,24,null,null,17.722,-33.834,6.506,2.685,null,null,null,null,null,null,null,null,null,KRIKILRRJCIWNB,null,TRND,RaklNdpWpjHsjtPnSw,null,null,null,null,null,null,null,null,null,null,null,null,null,0,4,0,null,null,173030,0 0 0 0,1,1,2025-06-17 15:22:09,null,null,null,null,null,null,null,364785251,activity,null,HTS,null,17.722,-12.189,-23.412,-33.834,null,null,null,null,null,null,null,null,null,null,null,null,null,null,null,null,null,null,null,null,null,278937327
TRND-Glioblastoma_LOPAC_A172-primary_screen2,NCGC00015453-23,activity,null,4,-18.356,-1.963,CC(C)(C(O)=O)C1=CC=C(C=C1)C(O)CCCN2CCC(CC2)C(O)(C3=CC=CC=C3)C4=CC=CC=C4,null,null,null,null,null,F9427,SIGMA,2021_LOPAC_01,null,null,Fexofenadine hydrochloride,null,4,null,null,null,20.341,-4.356,4.955,0.593,0.692,null,null,null,null,null,null,14,null,null,18.378,-1.963,65.19,57.288,null,null,null,null,null,null,null,null,null,RWTNPBWLLIMQHL,null,TRND,CEPpIeOgVgcFwebCDE,null,null,null,null,CL,null,null,null,null,83799-24-0,null,null,null,0,4,0,null,null,173030,0 0 0 0,1,1,2025-06-17 15:22:09,null,null,null,null,null,null,null,364780571,activity,null,HTS,null,17.572,6.592,18.378,-1.963,null,null,null,null,null,null,null,null,null,null,null,null,null,null,null,null,null,null,null,null,null,278937328
TRND-Glioblastoma_LOPAC_A172-primary_screen2,NCGC00015746-07,activity,null,4,-23.888,3.068,COC1=C(O)C=CC(=C1)C(O)CN,null,null,null,null,null,N7127,SIGMA,2021_LOPAC_01,null,null,(±)-Normetanephrine hydrochloride,null,4,null,null,null,23.79,1.112,1.967,0.215,0.971,null,null,null,null,null,null,25,null,null,23.051,-0.74,72.103,73.395,null,null,null,null,null,null,null,null,null,YNYAYWLBAHXHLL,null,TRND,jrxwAlFYqmtDyOSAsv,null,null,null,null,CL,null,null,null,null,1011-74-1,null,null,null,0,4,0,null,null,173030,0 0 0 0,1,1,2025-06-17 15:22:09,null,null,null,null,null,null,null,364783923,activity,null,HTS,null,23.051,10.071,-0.74,3.068,null,null,null,null,null,null,null,null,null,null,null,null,null,null,null,null,null,null,null,null,null,278937329
TRND-Glioblastoma_LOPAC_A172-primary_screen2,NCGC00015156-30,activity,7.943282,2.4,23.5,20.857,NCC(CC(O)=O)C1=CC=C(Cl)C=C1,null,null,null,null,null,B5399,SIGMA,2021_LOPAC_01,-5.1,null,(±)-Baclofen,null,4,null,null,null,19.606,24.5,1.21,0.02,1,null,null,null,null,null,null,1,null,null,20.857,1.252,24.711,25.302,null,null,null,null,null,null,null,null,null,KPYSYYIEGFHWSV,null,TRND,yhSXeGxjggqDJucxNR,null,null,null,null,null,null,null,null,null,1134-47-0,null,null,null,0,4,0,null,null,173030,0 0 0 0,1,1,2025-06-17 15:22:09,null,null,null,null,null,null,null,364780487,activity,null,HTS,null,1.252,3.323,11.37,20.857,null,null,null,null,null,null,null,null,null,null,null,null,null,null,null,null,null,null,null,null,null,278937330
TRND-Glioblastoma_LOPAC_A172-primary_screen2,NCGC00388616-06,activity,null,4,-35.678,-12.648,COC1=CC=C(C=C1)[S+]([O-])(=O)N(CC(C)C)CC(=O)NO,null,null,null,null,null,SML0584,SIGMA,2021_LOPAC_01,null,null,NNGH,null,4,null,null,null,28.967,-19.178,1.111,0.082,0.996,null,null,null,null,null,null,16.5,null,null,16.319,-12.648,48.661,47.155,null,null,null,null,null,null,null,null,null,NGSKQMXKZRYJNK,null,TRND,OiuGwEUwcQvfIhMTPD,null,null,null,null,null,null,null,null,null,null,null,null,null,0,4,0,null,null,173030,0 0 0 0,1,1,2025-06-17 15:22:09,null,null,null,null,null,null,null,364780203,activity,null,HTS,null,16.319,11.816,2.522,-12.648,null,null,null,null,null,null,null,null,null,null,null,null,null,null,null,null,null,null,null,null,null,278937331
TRND-Glioblastoma_LOPAC_A172-primary_screen2,NCGC00016798-23,activity,null,4,-17.304,2.208,CC(C)(C)NC[C@H](O)COC1=NSN=C1N2CCOCC2,null,null,null,null,null,T6394,SIGMA,2021_LOPAC_01,null,null,S(-)-Timolol maleate,null,4,null,null,null,18.56,-0.304,4.955,0.496,0.81,null,null,null,null,null,null,17,null,null,13.723,-4.837,37.474,37.178,null,null,null,null,null,null,null,null,null,BLJRIMJGRPQVNF,null,TRND,WkosDLStGHFPJlcNBx,null,null,null,null,MALEATE,null,null,null,null,26921-17-5,null,null,null,0,4,0,null,null,173030,0 0 0 0,1,1,2025-06-17 15:22:09,null,null,null,null,null,null,null,364784583,activity,null,HTS,null,13.723,-4.837,2.3,2.208,null,null,null,null,null,null,null,null,null,null,null,null,null,null,null,null,null,null,null,null,null,278937332
TRND-Glioblastoma_LOPAC_A172-primary_screen2,NCGC00015502-07,activity,null,4,0,5.175,OCC1=CNC=N1,null,null,null,null,null,H1877,SIGMA,2021_LOPAC_01,null,null,4-Imidazolemethanol hydrochloride,null,4,null,null,null,9.807,0,null,null,null,null,null,null,null,null,null,0,null,null,13.95,4.143,29.471,null,null,null,null,null,null,null,null,null,null,QDYTUZCWBJRHKK,null,TRND,OdIVIbUARKuCxBbnNx,null,null,null,null,CL,null,null,null,null,null,null,null,null,0,4,null,null,null,173030,null,1,1,2025-06-17 15:22:09,null,null,null,null,null,null,null,364783055,activity,null,HTS,null,4.143,13.95,7.873,5.175,null,null,null,null,null,null,null,null,null,null,null,null,null,null,null,null,null,null,null,null,null,278937333
TRND-Glioblastoma_LOPAC_A172-primary_screen2,NCGC00093926-19,activity,null,4,-27.08,-6.317,C[C@H]1O[C@H]([C@H](O)[C@@H]1O)N2C=C(F)C(=O)NC2=O,null,null,null,null,null,F8791,SIGMA,2021_LOPAC_01,null,null,5-fluoro-5 -deoxyuridine,null,4,null,null,null,25.75,-11.58,1.644,0.402,0.885,null,null,null,null,null,null,15.5,null,null,19.433,-6.317,64.869,56.629,null,null,null,null,null,null,null,null,null,ZWAOHEXOSAUJHY,null,TRND,MIJKmTwFQsFvNJHKSj,null,Thymidylate Synthase inhibitor,null,null,null,null,null,null,null,436349,TYMS,null,null,0,4,0,null,null,173030,0 0 0 0,1,1,2025-06-17 15:22:09,null,null,null,null,null,null,null,364783751,activity,null,HTS,null,19.433,10.148,10.25,-6.317,null,null,null,null,null,null,null,null,null,null,null,null,null,null,null,null,null,null,null,null,null,278937836
TRND-Glioblastoma_LOPAC_A172-primary_screen2,NCGC00093546-05,activity,null,4,0,0.842,[H][C@]1(CCN1)C(O)=O,null,null,null,null,null,A0760,SIGMA,2021_LOPAC_01,null,null,L-azetidine-2-carboxylic acid,null,4,null,null,null,5.622,0,null,null,null,null,null,null,null,null,null,0,null,null,6.465,0.842,12.91,null,null,null,null,null,null,null,null,null,null,IADUEWIQBXOCDZ,null,TRND,FUMQkwgZxQYfQDfobu,null,null,null,null,null,null,null,null,null,2133-34-8,null,null,null,0,4,null,null,null,173030,null,1,1,2025-06-17 15:22:09,null,null,null,null,null,null,null,364781447,activity,null,HTS,null,1.653,4.809,6.465,0.842,null,null,null,null,null,null,null,null,null,null,null,null,null,null,null,null,null,null,null,null,null,278937837
TRND-Glioblastoma_LOPAC_A172-primary_screen2,NCGC00186043-03,activity,null,4,0,16.757,O=C1\C(CC\C1=C/C2=CSC=C2)=C\C3=CC=CS3,null,null,null,null,null,C9369,SIGMA,2021_LOPAC_01,null,null,CCT007093,null,4,null,null,null,7.087,0,null,null,null,null,null,null,null,null,null,0,null,null,18.35,11.264,63.609,null,null,null,null,null,null,null,null,null,null,VUWTUVROCROVLD,null,TRND,LKwZlexbmoypfXNqkL,null,null,null,null,null,null,null,null,null,null,null,null,null,0,4,null,null,null,173030,null,1,1,2025-06-17 15:22:09,null,null,null,null,null,null,null,364781971,activity,null,HTS,null,11.264,18.35,15.326,16.757,null,null,null,null,null,null,null,null,null,null,null,null,null,null,null,null,null,null,null,null,null,278937838
TRND-Glioblastoma_LOPAC_A172-primary_screen2,NCGC00024868-22,activity,null,4,-27.42,-12.434,CC(C)NCC(O)COC1=CC=C(COCCOC(C)C)C=C1,null,null,null,null,null,B2185,SIGMA,2021_LOPAC_01,null,null,Bisoprolol hemifumarate salt,null,4,null,null,null,30.529,-15.92,4.955,0.508,0.798,null,null,null,null,null,null,11.5,null,null,18.096,-12.434,54.712,41.344,null,null,null,null,null,null,null,null,null,VHYCDWMUTMEGQY,null,TRND,ReOlrwuNYiZAYSclsM,null,null,null,null,FUMARIC_ACID,null,null,null,null,66722-44-9,null,null,null,0,4,0,null,null,173030,0 0 0 0,1,1,2025-06-17 15:22:09,null,null,null,null,null,null,null,364785259,activity,null,HTS,null,18.096,3.559,12.215,-12.434,null,null,null,null,null,null,null,null,null,null,null,null,null,null,null,null,null,null,null,null,null,278937839
TRND-Glioblastoma_LOPAC_A172-primary_screen2,NCGC00386567-05,activity,null,4,-19,4.668,FC(F)(F)C1=CC(=CC=C1)N2CCN(CCN3C(=O)NC4=CC=CC=C34)CC2,null,null,null,null,null,SML0797,SIGMA,2021_LOPAC_01,null,null,Flibanserin,null,4,null,null,null,18.496,4.5,2.048,0.029,0.999,null,null,null,null,null,null,23.5,null,null,23.164,4.668,82.986,83.343,null,null,null,null,null,null,null,null,null,PPRRDFIXUUSXRA,null,TRND,xEBrmeyKnNsGjPJtrv,null,5-HT1A Receptor agonist,null,null,null,null,null,null,null,167933-07-5,HTR1A,null,null,0,4,0,null,null,173030,0 0 0 0,1,1,2025-06-17 15:22:09,null,null,null,null,null,null,null,364780259,activity,null,HTS,null,23.164,17.567,5.682,4.668,null,null,null,null,null,null,null,null,null,null,null,null,null,null,null,null,null,null,null,null,null,278937840
TRND-Glioblastoma_LOPAC_A172-primary_screen2,NCGC00094227-09,activity,null,4,0,11.558,[H][C@@]12C[C@@]3(O)C4[C@@H](C(OC4=O)[C@H]5OC(=O)[C@]1(O2)[C@@]35C)C(C)=C.[H][C@@]67C[C@@]8(O)[C@@H]9[C@@H](C(OC9=O)[C@H]%10OC(=O)[C@]6(O7)[C@@]8%10C)C(C)(C)O,null,null,null,null,null,P1675,SIGMA,2021_LOPAC_01,null,null,Picrotoxin,null,4,null,null,null,7.079,0,null,null,null,null,null,null,null,null,null,0,null,null,18.638,11.558,79.599,null,null,null,null,null,null,null,null,null,null,RYEFFICCPKWYML,null,TRND,FgkhvQAHQxPXZomvqa,null,null,null,null,null,null,null,null,null,124-87-8,null,null,null,0,4,null,null,null,173030,null,1,1,2025-06-17 15:22:09,null,null,null,null,null,null,null,364782623,activity,null,HTS,null,18.151,14.478,18.638,11.558,null,null,null,null,null,null,null,null,null,null,null,null,null,null,null,null,null,null,null,null,null,278937841
TRND-Glioblastoma_LOPAC_A172-primary_screen2,NCGC00093684-26,activity,null,4,-16.244,-11.453,C[C@H]1CC2[C@@H]3CCC4=CC(=O)C=C[C@]4(C)[C@@]3(F)[C@@H](O)C[C@]2(C)[C@@]1(O)C(=O)CO,null,null,null,null,null,B7005,SIGMA,2021_LOPAC_01,null,null,Betamethasone,null,4,null,null,null,17.948,-12.244,1.967,0.356,0.913,null,null,null,null,null,null,4,null,null,6.494,-11.453,0.123,4.818,null,null,null,null,null,null,null,null,null,UREBDLICKHMUKA,null,TRND,dGBTFTuJmyZWwJeDUq,null,null,null,null,null,null,null,null,null,[NO STEREO] 50-02-2|[NO STEREO] 378-44-9,null,null,null,0,4,0,null,null,173030,0 0 0 0,1,1,2025-06-17 15:22:09,null,null,null,null,null,null,null,364783683,activity,null,HTS,null,1.529,6.494,-3.771,-11.453,null,null,null,null,null,null,null,null,null,null,null,null,null,null,null,null,null,null,null,null,null,278937842
TRND-Glioblastoma_LOPAC_A172-primary_screen2,NCGC00167531-18,activity,null,4,-12.751,-1.459,[H][C@@](C)(N(C)C)C1=CC=CC(OC(=O)N(C)CC)=C1,null,null,null,null,null,SML0881,SIGMA,2021_LOPAC_01,null,null,Rivastigmine tartrate,null,4,null,null,null,16.467,-1.251,4.955,0.436,0.862,null,null,null,null,null,null,11.5,null,null,15.009,-1.459,33.714,40.148,null,null,null,null,null,null,null,null,null,XSVMFMHYUFZWBK,null,TRND,lRavIVCMCflOaXSzCp,null,null,null,null,TARTRATE,null,null,null,null,null,null,null,null,0,4,0,null,null,173030,0 0 0 0,1,1,2025-06-17 15:22:09,null,null,null,null,null,null,null,364782791,activity,null,HTS,null,8.302,15.009,1.364,-1.459,null,null,null,null,null,null,null,null,null,null,null,null,null,null,null,null,null,null,null,null,null,278937843
TRND-Glioblastoma_LOPAC_A172-primary_screen2,NCGC00015834-29,activity,null,4,0,4.883,CCC1(C(=O)NCNC1=O)C2=CC=CC=C2,null,null,null,null,null,P7295,SIGMA,2021_LOPAC_01,null,null,Primidone,null,4,null,null,null,6.654,0,null,null,null,null,null,null,null,null,null,0,null,null,10.727,4.073,39.21,null,null,null,null,null,null,null,null,null,null,DQMZLTXERSFNPB,null,TRND,vsEsCTlTkOvHfsBjsB,null,Gamma-aminobutyric acid receptor subunit alpha-1 modulator,null,null,null,null,null,null,null,125-33-7,GABRA1,null,null,0,4,null,null,null,173030,null,1,1,2025-06-17 15:22:09,null,null,null,null,null,null,null,364784295,activity,null,HTS,null,10.727,4.073,5.758,4.883,null,null,null,null,null,null,null,null,null,null,null,null,null,null,null,null,null,null,null,null,null,278937844
TRND-Glioblastoma_LOPAC_A172-primary_screen2,NCGC00164575-08,activity,null,4,-11.96,-2.466,CC[C@H]1OC(=O)[C@H](C)C(=O)[C@H](C)[C@@H](O[C@H]2O[C@H](C)C[C@@H]([C@H]2O)N(C)C)[C@@](C)(C[C@@H](C)C(=O)[C@H](C)[C@H]3N(CCCCN4C=NC(=C4)C5=CN=CC=C5)C(=O)O[C@]13C)OC,null,null,null,null,null,SML2162,SIGMA,2021_LOPAC_01,null,null,Telithromycin,null,4,null,null,null,11.302,-2.96,1.479,0.034,0.999,null,null,null,null,null,null,9,null,null,8.836,-2.466,28.428,27.927,null,null,null,null,null,null,null,null,null,LJVAJPDWBABPEJ,null,TRND,ZhmDoMlPFtdhecsLmp,null,null,null,null,null,null,null,null,null,191114-48-4,null,null,null,0,4,0,null,null,173030,0 0 0 0,1,1,2025-06-17 15:22:09,null,null,null,null,null,null,null,364780979,activity,null,HTS,null,8.836,6.89,0.557,-2.466,null,null,null,null,null,null,null,null,null,null,null,null,null,null,null,null,null,null,null,null,null,278937845
TRND-Glioblastoma_LOPAC_A172-primary_screen2,NCGC00015490-07,activity,15.848932,-3,-110.427,-95.645,O[Si](CCCN1CCCCC1)(C2CCCCC2)C3=CC=C(F)C=C3,null,null,null,null,null,H127,SIGMA,2021_LOPAC_01,-4.8,null,"Hexahydro-sila-difenidol hydrochloride, p-fluoro analog",null,-3,null,null,null,107.436,-100.427,4.095,0.043,0.999,null,null,null,null,null,null,10,null,null,11.79,-95.645,-7.43,-10.583,null,null,null,null,null,null,null,null,null,ZNSZQJHTFRQUPD,null,TRND,TpoGlydctSTPcfmYLO,null,null,null,null,CL,null,null,null,null,null,null,null,null,0,4,0,null,null,173030,0 0 0 0,1,1,2025-06-17 15:22:09,null,null,null,null,null,null,null,364783135,activity,null,HTS,15.816029,11.79,7.554,6.935,-95.645,null,null,null,null,null,null,null,null,null,null,null,null,null,null,null,null,null,null,null,null,null,278937846
TRND-Glioblastoma_LOPAC_A172-primary_screen2,NCGC00346571-09,activity,3.162278,-1.2,-47.364,-96.977,CC(C)[C@@H](N(CCCN)C(=O)C1=CC=C(C)C=C1)C2=C(CC3=CC=CC=C3)/C(=O)C4=C(O\2)C=C(Cl)C=C4,null,null,null,null,null,SML1121,SIGMA,2021_LOPAC_01,-5.5,null,SB743921 hydrochloride,null,-1.1,null,null,null,46.154,-97.753,3.99,0.046,0.999,null,null,null,null,null,null,-50.389,null,null,-50.823,-96.977,-295.524,-294.209,null,null,null,null,null,null,null,null,null,PGXYIBJJCLWJST,null,TRND,QYLncgPZrMRkSPEGQM,null,Kinesin-Like Protein KIF11 inhibitor,null,null,CL,null,null,null,null,null,KIF11,null,null,0,4,0,null,null,173030,0 0 0 0,1,1,2025-06-17 15:22:09,null,null,null,null,null,null,null,364783535,activity,null,HTS,3.198936,-51.06,-50.823,-96.28,-96.977,null,null,null,null,null,null,null,null,null,null,null,null,null,null,null,null,null,null,null,null,null,278937847
TRND-Glioblastoma_LOPAC_A172-primary_screen2,NCGC00507719-02,activity,null,4,-17.126,-0.939,NC1=C(SC2=NC3=C(CCC3)C=C12)C(=O)NC4=C(Br)C=C(F)C=C4F,null,null,null,null,null,SML1640,SIGMA,2021_LOPAC_01,null,null,DC_AC50,null,4,null,null,null,14.689,0.874,1.1,0.424,0.871,null,null,null,null,null,null,18,null,null,13.75,-0.939,44.175,42.945,null,null,null,null,null,null,null,null,null,DFNOJNBNTVQPCA,null,TRND,fsFNPhwRXKLYKDTRQb,null,null,null,null,null,null,null,null,null,null,null,null,null,0,4,0,null,null,173030,0 0 0 0,1,1,2025-06-17 15:22:09,null,null,null,null,null,null,null,364784547,activity,null,HTS,null,13.75,4.504,4.806,-0.939,null,null,null,null,null,null,null,null,null,null,null,null,null,null,null,null,null,null,null,null,null,278937848
TRND-Glioblastoma_LOPAC_A172-primary_screen2,NCGC00016306-21,activity,null,4,-12,4.407,N[C@@H]1CONC1=O,null,null,null,null,null,C3909,SIGMA,2021_LOPAC_01,null,null,D-Cycloserine,null,4,null,null,null,13.747,3.5,1.967,0.508,0.799,null,null,null,null,null,null,15.5,null,null,18.155,4.407,55.166,61.891,null,null,null,null,null,null,null,null,null,DYDCUQKUCUHJBH,null,TRND,QbtynhyCrROjFUSXfT,null,Anti-tuberculosis,null,null,null,null,null,null,null,68-41-7,ddlA,null,null,0,4,0,null,null,173030,0 0 0 0,1,1,2025-06-17 15:22:09,null,null,null,null,null,null,null,364781119,activity,null,HTS,null,12.313,18.155,8.571,4.407,null,null,null,null,null,null,null,null,null,null,null,null,null,null,null,null,null,null,null,null,null,278937849
TRND-Glioblastoma_LOPAC_A172-primary_screen2,NCGC00094132-10,activity,null,4,-20,8.52,C[S+]([O-])(=N)CC[C@H](N)C(O)=O,null,null,null,null,null,M5379,SIGMA,2021_LOPAC_01,null,null,L-Methionine sulfoximine,null,4,null,null,null,18.597,3,1.331,0.52,0.785,null,null,null,null,null,null,23,null,null,20.223,1.626,71.274,71.585,null,null,null,null,null,null,null,null,null,QLMUQBNMEHYOAX,null,TRND,aGfpgYLMOuOeXMgMcx,null,null,null,null,null,null,null,null,null,15985-39-4,null,null,null,0,4,0,null,null,173030,0 0 0 0,1,1,2025-06-17 15:22:09,null,null,null,null,null,null,null,364784875,activity,null,HTS,null,20.223,13.647,1.626,8.52,null,null,null,null,null,null,null,null,null,null,null,null,null,null,null,null,null,null,null,null,null,278937850
TRND-Glioblastoma_LOPAC_A172-primary_screen2,NCGC00162096-08,activity,null,4,-32.208,-11.84,[H][C@@]1(CN(CC=C)CCC2=C1C=C(O)C(O)=C2Br)C3=CC=CC=C3,null,null,null,null,null,B135,SIGMA,2021_LOPAC_01,null,null,R(+)-6-BRomo-APB hydrobromide,null,4,null,null,null,36.55,-12.708,2.333,0.363,0.909,null,null,null,null,null,null,19.5,null,null,24.71,-11.84,52.153,64.175,null,null,null,null,null,null,null,null,null,KKZGFVAZUKHFAC,null,TRND,EqGAZjkXuQSERsQbZj,null,null,null,null,BR,null,null,null,null,null,null,null,null,0,4,0,null,null,173030,0 0 0 0,1,1,2025-06-17 15:22:09,null,null,null,null,null,null,null,364783731,activity,null,HTS,null,13.902,24.71,3.616,-11.84,null,null,null,null,null,null,null,null,null,null,null,null,null,null,null,null,null,null,null,null,null,278937851
TRND-Glioblastoma_LOPAC_A172-primary_screen2,NCGC00015862-21,activity,null,4,0,12.119,CN(C)C(=O)OC1=CC=C[N+](C)=C1,null,null,null,null,null,P9797,SIGMA,2021_LOPAC_01,null,null,Pyridostigmine bromide,null,4,null,null,null,12.073,0,null,null,null,null,null,null,null,null,null,0,null,null,12.119,0.047,32.951,null,null,null,null,null,null,null,null,null,null,RVOLLAQWKVFTGE,null,TRND,RsYQIUmOtcNfJjyeCb,null,null,null,null,BR,null,null,null,null,101-26-8,null,null,null,0,4,null,null,null,173030,null,1,1,2025-06-17 15:22:09,null,null,null,null,null,null,null,364784839,activity,null,HTS,null,8.963,0.047,2.395,12.119,null,null,null,null,null,null,null,null,null,null,null,null,null,null,null,null,null,null,null,null,null,278937852
TRND-Glioblastoma_LOPAC_A172-primary_screen2,NCGC00179344-08,activity,null,4,16.5,14.625,CC(C)(C)C(=O)OCOC(=O)[C@@H]1N2[C@H](SC1(C)C)[C@H](\N=C\N3CCCCCC3)C2=O,null,null,null,null,null,SML0817,SIGMA,2021_LOPAC_01,null,null,Pivmecillinam,null,4,null,null,null,12.907,22.5,4.955,1,0.944,null,null,null,null,null,null,6,null,null,23.983,11.076,72.995,73.749,null,null,null,null,null,null,null,null,null,NPGNOVNWUSPMDP,null,TRND,ZlaHEedkWdEnRsfUEe,null,null,null,null,null,null,null,null,null,[NO STEREO] 32887-03-9,null,null,null,0,4,1,null,null,173030,0 0 0 1,1,1,2025-06-17 15:22:09,null,null,null,null,null,null,null,364785207,activity,null,HTS,null,11.076,23.983,20.816,14.625,null,null,null,null,null,null,null,null,null,null,null,null,null,null,null,null,null,null,null,null,null,278937853
TRND-Glioblastoma_LOPAC_A172-primary_screen2,NCGC00162311-14,activity,null,4,-20.277,-5.231,NC1=NC(N)=C(N=C1Cl)C(=O)NC(=N)NC2=CC=CC=C2,null,null,null,null,null,P203,SIGMA,2021_LOPAC_01,null,null,Phenamil methanesulfonate,null,4,null,null,null,20.725,-7.777,4.955,0.361,0.91,null,null,null,null,null,null,12.5,null,null,15.494,-5.231,50.571,49.35,null,null,null,null,null,null,null,null,null,NIOHELZQFBGCEO,null,TRND,QCbIBRfcbKywntbYaf,null,null,null,null,null,null,null,null,null,null,null,null,null,0,4,0,null,null,173030,0 0 0 0,1,1,2025-06-17 15:22:09,null,null,null,null,null,null,null,364782331,activity,null,HTS,null,13.093,8.802,15.494,-5.231,null,null,null,null,null,null,null,null,null,null,null,null,null,null,null,null,null,null,null,null,null,278937854
TRND-Glioblastoma_LOPAC_A172-primary_screen2,NCGC00015299-13,activity,null,4,0,14.146,OC1=C(O)C=C2C(CNCCC2=C1)C3=CC=CC=C3,null,null,null,null,null,D047,SIGMA,2021_LOPAC_01,null,null,(±)-SKF-38393 hydrochloride,null,4,null,null,null,9.383,0,null,null,null,null,null,null,null,null,null,0,null,null,23.53,14.146,88.236,null,null,null,null,null,null,null,null,null,null,JUDKOGFHZYMDMF,null,TRND,YKLLqMVzMFdZpJwyQX,null,null,null,null,CL,null,null,null,null,null,null,null,null,0,4,null,null,null,173030,null,1,1,2025-06-17 15:22:09,null,null,null,null,null,null,null,364782147,activity,null,HTS,null,19.423,14.944,23.53,14.146,null,null,null,null,null,null,null,null,null,null,null,null,null,null,null,null,null,null,null,null,null,278937855
TRND-Glioblastoma_LOPAC_A172-primary_screen2,NCGC00093593-05,activity,null,4,-18.5,0.132,N[C@@H](CCCC(O)=O)C(O)=O,null,null,null,null,null,A7275,SIGMA,2021_LOPAC_01,null,null,L-2-aminoadipic acid,null,4,null,null,null,25.012,-3.5,4.955,0.694,0.496,null,null,null,null,null,null,15,null,null,25.145,0.132,49.679,62.67,null,null,null,null,null,null,null,null,null,OYIFNHCXNCRBQI,null,TRND,QcYJcWhcDVQdTdtTrH,null,null,null,null,null,null,null,null,null,1118-90-7,null,null,null,0,4,0,null,null,173030,0 0 0 0,1,1,2025-06-17 15:22:09,null,null,null,null,null,null,null,364780943,activity,null,HTS,null,8.995,10.108,25.145,0.132,null,null,null,null,null,null,null,null,null,null,null,null,null,null,null,null,null,null,null,null,null,278937856
TRND-Glioblastoma_LOPAC_A172-primary_screen2,NCGC00013495-24,activity,10,-3,-38.218,-32.193,[H][C@]12CC[C@]([H])(C[C@@]([H])(C1)OC(C3=CC=CC=C3)C4=CC=CC=C4)N2C,null,null,null,null,null,B8262,SIGMA,2021_LOPAC_01,-5,null,Benztropine mesylate,null,-3,null,null,null,48.269,-32.218,4.504,0.47,0.833,null,null,null,null,null,null,6,null,null,16.076,-32.193,-16.343,4.476,null,null,null,null,null,null,null,null,null,GIJXKZJWITVLHI,null,TRND,WLNzDCOGhsPUTVubHV,null,null,null,null,SULFONICACID_V1,null,null,null,null,132-17-2,null,null,null,0,4,0,null,null,173030,0 0 0 0,1,1,2025-06-17 15:22:09,null,null,null,null,null,null,null,364782423,activity,null,HTS,null,-4.098,16.076,1.03,-32.193,null,null,null,null,null,null,null,null,null,null,null,null,null,null,null,null,null,null,null,null,null,278937857
TRND-Glioblastoma_LOPAC_A172-primary_screen2,NCGC00379159-07,activity,null,4,-29.008,-14.173,O=C(NC1=CC2=C(C#N)C3=NC4=CC=CC=C4N=C3N2C=C1)C5=CC=CS5,null,null,null,null,null,SML0796,SIGMA,2021_LOPAC_01,null,null,HI-TOPK-032,null,4,null,null,null,39.314,-16.508,4.955,0.649,0.596,null,null,null,null,null,null,12.5,null,null,25.141,-14.173,15.231,44.516,null,null,null,null,null,null,null,null,null,BCSBXWKRZUPFHW,null,TRND,AtEFDINpGctfopmLlw,null,null,null,null,null,null,null,null,null,null,null,null,null,0,4,0,null,null,173030,0 0 0 0,1,1,2025-06-17 15:22:09,null,null,null,null,null,null,null,364783075,activity,null,HTS,null,-1.53,25.141,13.382,-14.173,null,null,null,null,null,null,null,null,null,null,null,null,null,null,null,null,null,null,null,null,null,278937858
TRND-Glioblastoma_LOPAC_A172-primary_screen2,NCGC00344531-05,activity,null,4,-13,12.996,N[C@@H]([C@H](O)C1=CC=C(O)C(O)=C1)C(O)=O,null,null,null,null,null,D9446,SIGMA,2021_LOPAC_01,null,null,L-DOPS,null,4,null,null,null,16.617,11,4.955,0.363,0.909,null,null,null,null,null,null,24,null,null,26.078,9.461,92.829,96.948,null,null,null,null,null,null,null,null,null,QXWYKJLNLSIPIN,null,TRND,AfkSZXWfjbaZdCpKCt,null,null,null,null,null,null,null,null,null,23651-95-8,null,null,null,0,4,0,null,null,173030,0 0 0 0,1,1,2025-06-17 15:22:09,null,null,null,null,null,null,null,364782303,activity,null,HTS,null,22.037,26.078,9.461,12.996,null,null,null,null,null,null,null,null,null,null,null,null,null,null,null,null,null,null,null,null,null,278937859
TRND-Glioblastoma_LOPAC_A172-primary_screen2,NCGC00015495-07,activity,null,4,10.095,0.111,COC1=CC2=C(NC=C2CCNC(C)=O)C=C1O,null,null,null,null,null,H0627,SIGMA,2021_LOPAC_01,null,null,6-Hydroxymelatonin,null,4,null,null,null,10.783,5.5,4.955,1,0.709,null,null,null,null,null,null,-4.595,null,null,8.204,-2.58,1.464,3.32,null,null,null,null,null,null,null,null,null,OMYMRCXOJJZYKE,null,TRND,HNnWqgeUBxjQizMTBr,null,null,null,null,null,null,null,null,null,2208-41-5,null,null,null,0,4,1,null,null,173030,0 0 0 1,1,1,2025-06-17 15:22:09,null,null,null,null,null,null,null,364783679,activity,null,HTS,null,-2.58,8.204,2.359,0.111,null,null,null,null,null,null,null,null,null,null,null,null,null,null,null,null,null,null,null,null,null,278937860
TRND-Glioblastoma_LOPAC_A172-primary_screen2,NCGC00015750-16,activity,null,4,0,17.037,[O-][N+](=O)C1=C2NN=CC2=CC=C1,null,null,null,null,null,N7778,SIGMA,2021_LOPAC_01,null,null,7-Nitroindazole,null,4,null,null,null,4.786,0,null,null,null,null,null,null,null,null,null,0,null,null,19.548,14.763,85.816,null,null,null,null,null,null,null,null,null,null,PQCAUHUKTBHUSA,null,TRND,VKVKTRQchtScHlDpPR,null,null,null,null,null,null,null,null,null,2942-42-9,null,null,null,0,4,null,null,null,173030,null,1,1,2025-06-17 15:22:09,null,null,null,null,null,null,null,364782663,activity,null,HTS,null,19.548,17.581,14.763,17.037,null,null,null,null,null,null,null,null,null,null,null,null,null,null,null,null,null,null,null,null,null,278937861
TRND-Glioblastoma_LOPAC_A172-primary_screen2,NCGC00015178-11,activity,null,4,-9.5,4.754,CN1C2=C(NC(=N2)C3CCCC3)C(=O)N(C)C1=O,null,null,null,null,null,C102,SIGMA,2021_LOPAC_01,null,null,"8-Cyclopentyl-1,3-dimethylxanthine",null,4,null,null,null,14.375,3.5,4.955,0.601,0.681,null,null,null,null,null,null,13,null,null,16.993,2.619,40.192,49.677,null,null,null,null,null,null,null,null,null,SCVHFRLUNIOSGI,null,TRND,roiYiHuzNehPBFjEny,null,null,null,null,null,null,null,null,null,null,null,null,null,0,4,0,null,null,173030,0 0 0 0,1,1,2025-06-17 15:22:09,null,null,null,null,null,null,null,364784775,activity,null,HTS,null,8.643,16.993,2.619,4.754,null,null,null,null,null,null,null,null,null,null,null,null,null,null,null,null,null,null,null,null,null,278937862
TRND-Glioblastoma_LOPAC_A172-primary_screen2,NCGC00015714-29,activity,null,4,-13.5,10.084,COCCOC(=O)C1=C(C)NC(C)=C(C1C2=CC=CC(=C2)[N+]([O-])=O)C(=O)OC(C)C,null,null,null,null,null,N149,SIGMA,2021_LOPAC_01,null,null,Nimodipine,null,4,null,null,null,15.251,8.5,4.095,0.254,0.958,null,null,null,null,null,null,22,null,null,22.003,6.753,78.53,78.675,null,null,null,null,null,null,null,null,null,UIAGMCDKSXEBJQ,null,TRND,owPBFDvGkBKkGZLUKb,null,null,null,null,null,null,null,null,null,66085-59-4,null,null,null,0,4,0,null,null,173030,0 0 0 0,1,1,2025-06-17 15:22:09,null,null,null,null,null,null,null,364781423,activity,null,HTS,null,22.003,10.651,6.753,10.084,null,null,null,null,null,null,null,null,null,null,null,null,null,null,null,null,null,null,null,null,null,278937863
TRND-Glioblastoma_LOPAC_A172-primary_screen2,NCGC00015075-26,activity,null,4,-16,2.213,COC(=O)C1=CCCN(C)C1,null,null,null,null,null,A6134,SIGMA,2021_LOPAC_01,null,null,Arecoline hydrobromide,null,4,null,null,null,17.5,4,4.095,0.271,0.952,null,null,null,null,null,null,20,null,null,19.713,2.213,64.269,63.904,null,null,null,null,null,null,null,null,null,HJJPJSXJAXAIPN,null,TRND,wQJXbkTLWXwtoBOoPC,null,null,null,null,BR,null,null,null,null,300-08-3,null,null,null,0,4,0,null,null,173030,0 0 0 0,1,1,2025-06-17 15:22:09,null,null,null,null,null,null,null,364782823,activity,null,HTS,null,19.713,5.687,6.327,2.213,null,null,null,null,null,null,null,null,null,null,null,null,null,null,null,null,null,null,null,null,null,278937864
TRND-Glioblastoma_LOPAC_A172-primary_screen2,NCGC00095152-22,activity,null,4,-10.883,-3.236,COC1=CC2=C(C=C1OC)C(N)=NC(=N2)N(C)CCCNC(=O)C3CCCO3,null,null,null,null,null,A0232,SIGMA,2021_LOPAC_01,null,null,Alfuzosin hydrochloride,null,4,null,null,null,12.413,-1.383,2.638,0.34,0.922,null,null,null,null,null,null,9.5,null,null,9.177,-3.236,24.877,24.499,null,null,null,null,null,null,null,null,null,WNMJYKCGWZFFKR,null,TRND,QUvxSuYtbiupuTGXgV,null,null,null,null,CL,null,null,null,null,81403-80-7,null,null,null,0,4,0,null,null,173030,0 0 0 0,1,1,2025-06-17 15:22:09,null,null,null,null,null,null,null,364784339,activity,null,HTS,null,9.177,1.19,0.399,-3.236,null,null,null,null,null,null,null,null,null,null,null,null,null,null,null,null,null,null,null,null,null,278937865
TRND-Glioblastoma_LOPAC_A172-primary_screen2,NCGC00025000-30,activity,null,4,-38.245,-13.121,CC(=O)N1CCN(CC1)C2=CC=C(OC[C@H]3CO[C@@](CN4C=CN=C4)(O3)C5=CC=C(Cl)C=C5Cl)C=C2,null,null,null,null,null,K1003,SIGMA,2021_LOPAC_01,null,null,Ketoconazole,null,4,null,null,null,33.59,-19.745,1.449,0.171,0.982,null,null,null,null,null,null,18.5,null,null,20.469,-13.121,65.528,61.765,null,null,null,null,null,null,null,null,null,XMAYWYJOQHXEEK,null,TRND,parkUjFyaagShOVPDH,null,Anti-fungal,null,null,null,null,null,null,null,65277-42-1,ERG11,null,null,0,4,0,null,null,173030,0 0 0 0,1,1,2025-06-17 15:22:09,null,null,null,null,null,null,null,364781655,activity,null,HTS,null,20.469,14.521,7.827,-13.121,null,null,null,null,null,null,null,null,null,null,null,null,null,null,null,null,null,null,null,null,null,278937866
TRND-Glioblastoma_LOPAC_A172-primary_screen2,NCGC00162308-06,activity,null,4,-25.5,6.117,[H][C@@]1(CCCN(CCC)C1)C2=CC=CC(O)=C2,null,null,null,null,null,P102,SIGMA,2021_LOPAC_01,null,null,R(+)-3PPP hydrochloride,null,4,null,null,null,15.21,-2,0.6,0.186,0.978,null,null,null,null,null,null,23.5,null,null,21.327,6.117,83.821,83.405,null,null,null,null,null,null,null,null,null,HTSNFXAICLXZMA,null,TRND,JknsAYOoTjbdbxWSqj,null,null,null,null,CL,null,null,null,null,88768-67-6,null,null,null,0,4,0,null,null,173030,0 0 0 0,1,1,2025-06-17 15:22:09,null,null,null,null,null,null,null,364781659,activity,null,HTS,null,21.327,16.871,13.77,6.117,null,null,null,null,null,null,null,null,null,null,null,null,null,null,null,null,null,null,null,null,null,278937867
TRND-Glioblastoma_LOPAC_A172-primary_screen2,NCGC00689833-01,activity,null,4,0,10.946,C[C@@H]1CCN(C(C1)C(O)=O)C(=O)[C@@H](CCCN=C(N)N)N[S+]([O-])(=O)C2=C3NC[C@H](C)CC3=CC=C2,null,null,null,null,null,A0487,SIGMA,2021_LOPAC_01,null,null,Argatroban monohydrate ,null,4,null,null,null,4.885,0,null,null,null,null,null,null,null,null,null,0,null,null,13.738,8.853,56.596,null,null,null,null,null,null,null,null,null,null,CNTULEDKWPCJCH,null,TRND,BzxYTNNdnwyKNrAqiI,null,null,null,null,H2O,null,null,null,null,141396-28-3,null,null,null,0,4,null,null,null,173030,null,1,1,2025-06-17 15:22:09,null,null,null,null,null,null,null,364783803,activity,null,HTS,null,13.738,9.34,8.853,10.946,null,null,null,null,null,null,null,null,null,null,null,null,null,null,null,null,null,null,null,null,null,278937868
TRND-Glioblastoma_LOPAC_A172-primary_screen2,NCGC00402281-07,activity,null,4,-7.933,-0.701,CC(C)(CN1C(=O)C(Cl)=C(Cl)C1=O)CN2C(=O)C(Cl)=C(Cl)C2=O,null,null,null,null,null,SML1005,SIGMA,2021_LOPAC_01,null,null,NSC 617145,null,4,null,null,null,12.205,-2.433,4.955,0.535,0.771,null,null,null,null,null,null,5.5,null,null,8.094,-4.111,11.24,16.186,null,null,null,null,null,null,null,null,null,PCOXPBOKDABARQ,null,TRND,QUqongZtjxtfnqiMkd,null,null,null,null,null,null,null,null,null,null,null,null,null,0,4,0,null,null,173030,0 0 0 0,1,1,2025-06-17 15:22:09,null,null,null,null,null,null,null,364784387,activity,null,HTS,null,3.181,8.094,-4.111,-0.701,null,null,null,null,null,null,null,null,null,null,null,null,null,null,null,null,null,null,null,null,null,278937869
TRND-Glioblastoma_LOPAC_A172-primary_screen2,NCGC00015840-19,activity,null,4,17.117,11.902,OC1=CC=C(CCC(=O)C2=C(O)C=C(O)C=C2O)C=C1,null,null,null,null,null,P7912,SIGMA,2021_LOPAC_01,null,null,Phloretin,null,4,null,null,null,19.499,6,4.955,0.631,0.631,null,null,null,null,null,null,-11.117,null,null,11.902,-7.597,-10.255,-9.996,null,null,null,null,null,null,null,null,null,VGEREEWJJVICBM,null,TRND,mHUgJphvBDPMubtoIP,null,Vascular cell adhesion protein 1 Expression inhibitor,null,null,null,null,null,null,null,60-82-2,VCAM1,null,null,0,4,0,null,null,173030,0 0 0 0,1,1,2025-06-17 15:22:09,null,null,null,null,null,null,null,364783511,activity,null,HTS,null,-7.597,7.372,-0.829,11.902,null,null,null,null,null,null,null,null,null,null,null,null,null,null,null,null,null,null,null,null,null,278938380
TRND-Glioblastoma_LOPAC_A172-primary_screen2,NCGC00015110-23,activity,null,4,-9.5,3.305,CCC1(CCC(=O)NC1=O)C2=CC=C(N)C=C2,null,null,null,null,null,A9657,SIGMA,2021_LOPAC_01,null,null,(±)-p-Aminoglutethimide,null,4,null,null,null,11.734,3,2.333,0.53,0.777,null,null,null,null,null,null,12.5,null,null,15.039,3.305,44.331,50.639,null,null,null,null,null,null,null,null,null,ROBVIMPUHSLWNV,null,TRND,zxvAjEtzosTlUJNfNT,null,Aromatase inhibitor,null,null,null,null,null,null,null,125-84-8,CYP19A1,null,null,0,4,0,null,null,173030,0 0 0 0,1,1,2025-06-17 15:22:09,null,null,null,null,null,null,null,364782751,activity,null,HTS,null,9.583,15.039,7.852,3.305,null,null,null,null,null,null,null,null,null,null,null,null,null,null,null,null,null,null,null,null,null,278938381
TRND-Glioblastoma_LOPAC_A172-primary_screen2,NCGC00015993-07,activity,null,4,-16,5.447,CP([O-])(=O)C1=CC[NH2+]CC1,null,null,null,null,null,T200,SIGMA,2021_LOPAC_01,null,null,TPMPA,null,4,null,null,null,12.482,7,1.1,0.609,0.671,null,null,null,null,null,null,23,null,null,17.929,5.447,66.76,62.786,null,null,null,null,null,null,null,null,null,MFUKVPOVVKKLRQ,null,TRND,nFXRCoayexdnNtheJZ,null,null,null,null,H2O,null,null,null,null,182485-36-5,null,null,null,0,4,0,null,null,173030,0 0 0 0,1,1,2025-06-17 15:22:09,null,null,null,null,null,null,null,364784511,activity,null,HTS,null,17.929,8.058,12.169,5.447,null,null,null,null,null,null,null,null,null,null,null,null,null,null,null,null,null,null,null,null,null,278938382
TRND-Glioblastoma_LOPAC_A172-primary_screen2,NCGC00379182-04,activity,null,4,-18.5,15.782,CC1=CC(CN)=CC(C)=C1NC(=O)C2=CC=C(O2)C3=C(Cl)C=CC(Cl)=C3,null,null,null,null,null,SML1066,SIGMA,2021_LOPAC_01,null,null,CYM50358,null,4,null,null,null,16.104,12,4.955,0.465,0.838,null,null,null,null,null,null,30.5,null,null,24.996,8.891,91.534,92.241,null,null,null,null,null,null,null,null,null,QWJOPXDAQCDRRM,null,TRND,JagfnJBoAEcgqsUdNL,null,null,null,null,null,null,null,null,null,null,null,null,null,0,4,0,null,null,173030,0 0 0 0,1,1,2025-06-17 15:22:09,null,null,null,null,null,null,null,364780227,activity,null,HTS,null,24.996,10.951,8.891,15.782,null,null,null,null,null,null,null,null,null,null,null,null,null,null,null,null,null,null,null,null,null,278938383
TRND-Glioblastoma_LOPAC_A172-primary_screen2,NCGC00015269-12,activity,null,4,-10.29,-0.242,CN(C1CCCCC1)C(=O)CCCOC2=CC3=C(NC(=O)C=C3)C=C2,null,null,null,null,null,C7971,SIGMA,2021_LOPAC_01,null,null,Cilostamide,null,4,null,null,null,10.523,-0.29,2.253,0.178,0.98,null,null,null,null,null,null,10,null,null,10.281,-0.242,34.873,37.097,null,null,null,null,null,null,null,null,null,UIAYVIIHMORPSJ,null,TRND,RxdwXcuXPBZdZygaRe,null,null,null,null,null,null,null,null,null,68550-75-4,null,null,null,0,4,0,null,null,173030,0 0 0 0,1,1,2025-06-17 15:22:09,null,null,null,null,null,null,null,364783131,activity,null,HTS,null,9.022,10.281,3.974,-0.242,null,null,null,null,null,null,null,null,null,null,null,null,null,null,null,null,null,null,null,null,null,278938384
TRND-Glioblastoma_LOPAC_A172-primary_screen2,NCGC00024948-07,activity,null,4,-15.029,2.401,CCOC(=O)C12CC1\C(=N/O)C3=C(O2)C=CC=C3,null,null,null,null,null,SML1124,SIGMA,2021_LOPAC_01,null,null,CPCCOEt,null,4,null,null,null,16.81,-9.029,4.955,1,0.834,null,null,null,null,null,null,6,null,null,4.286,-12.524,-3.79,-5.756,null,null,null,null,null,null,null,null,null,FXCTZFMSAHZQTR,null,TRND,WbLOALOQxVAlVntTbv,null,null,null,null,null,null,null,null,null,null,null,null,null,0,4,1,null,null,173030,0 0 0 1,1,1,2025-06-17 15:22:09,null,null,null,null,null,null,null,364783307,activity,null,HTS,null,4.286,-12.524,-5.659,2.401,null,null,null,null,null,null,null,null,null,null,null,null,null,null,null,null,null,null,null,null,null,278938385
TRND-Glioblastoma_LOPAC_A172-primary_screen2,NCGC00025179-31,activity,14.125375,-3,-81.297,-62.501,[H][C@@]12CC[C@@](O)(C#CC)[C@@]1(C)C[C@H](C3=CC=C(C=C3)N(C)C)C4=C5CCC(=O)C=C5CC[C@@]24[H],null,null,null,null,null,M8046,SIGMA,2021_LOPAC_01,-4.85,null,Mifepristone,null,-3,null,null,null,84.083,-63.797,4.955,0.101,0.994,null,null,null,null,null,null,17.5,null,null,21.582,-62.501,47.608,38.748,null,null,null,null,null,null,null,null,null,VKHAHZOOUSRJNA,null,TRND,TZNDImHXWhyEXqlxAt,null,Progesterone Receptor antagonist,null,null,null,null,null,null,null,84371-65-3,PGR,null,null,0,4,0,null,null,173030,0 0 0 0,1,1,2025-06-17 15:22:09,null,null,null,null,null,null,null,364780775,activity,null,HTS,18.316887,21.582,13.82,15.606,-62.501,null,null,null,null,null,null,null,null,null,null,null,null,null,null,null,null,null,null,null,null,null,278938386
TRND-Glioblastoma_LOPAC_A172-primary_screen2,NCGC00690006-01,activity,null,4,-47.147,-28.64,CCN(C)C(=O)C2(CCOC1=CC=CC=C1)CCN(CC3=CC(Cl)=C(O)C=C3)CC2,null,null,null,null,null,SML2164,SIGMA,2021_LOPAC_01,null,null,Bepristat 1a,null,4,null,null,null,45.584,-30.647,2.406,0.053,0.998,null,null,null,null,null,null,16.5,null,null,16.944,-28.64,40.141,42.424,null,null,null,null,null,null,null,null,null,AYJKPBTXOIHUFT,null,TRND,EjUePGygCTAoUgchCS,null,null,null,null,null,null,null,null,null,null,null,null,null,0,4,0,null,null,173030,0 0 0 0,1,1,2025-06-17 15:22:09,null,null,null,null,null,null,null,364782239,activity,null,HTS,null,15.331,16.944,1.158,-28.64,null,null,null,null,null,null,null,null,null,null,null,null,null,null,null,null,null,null,null,null,null,278938387
TRND-Glioblastoma_LOPAC_A172-primary_screen2,NCGC00015151-06,activity,null,4,11.095,8.037,C[N+](C)(C)CC=O,null,null,null,null,null,B3650,SIGMA,2021_LOPAC_01,null,null,Betaine aldehyde chloride,null,4,null,null,null,13.67,6,4.955,0.699,0.486,null,null,null,null,null,null,-5.095,null,null,10.674,-2.996,3.114,3.439,null,null,null,null,null,null,null,null,null,SXKNCCSPZDCRFD,null,TRND,VWXreUYpBEKapUnOSl,null,null,null,null,CL,null,null,null,null,null,null,null,null,0,4,0,null,null,173030,0 0 0 0,1,1,2025-06-17 15:22:09,null,null,null,null,null,null,null,364781751,activity,null,HTS,null,-2.996,10.674,-0.366,8.037,null,null,null,null,null,null,null,null,null,null,null,null,null,null,null,null,null,null,null,null,null,278938388
TRND-Glioblastoma_LOPAC_A172-primary_screen2,NCGC00015766-27,activity,null,4,0,1.031,CC1=CC(=C(O)C(C)=C1CC2=NCCN2)C(C)(C)C,null,null,null,null,null,O2378,SIGMA,2021_LOPAC_01,null,null,Oxymetazoline hydrochloride,null,4,null,null,null,16.799,0,null,null,null,null,null,null,null,null,null,0,null,null,10.876,-5.924,33.646,null,null,null,null,null,null,null,null,null,null,WYWIFABBXFUGLM,null,TRND,bCsKQvBsIloCwrUjpJ,null,Alpha-1A Adrenergic Receptor agonist,null,null,CL,null,null,null,null,151615,ADRA1A,null,null,0,4,null,null,null,173030,null,1,1,2025-06-17 15:22:09,null,null,null,null,null,null,null,364781935,activity,null,HTS,null,10.68,-5.924,10.876,1.031,null,null,null,null,null,null,null,null,null,null,null,null,null,null,null,null,null,null,null,null,null,278938389
TRND-Glioblastoma_LOPAC_A172-primary_screen2,NCGC00093933-05,activity,null,4,-13.115,0.732,N[C@@H](CC1=CC=C(F)C=C1)C(O)=O,null,null,null,null,null,F4646,SIGMA,2021_LOPAC_01,null,null,p-Fluoro-L-phenylalanine,null,4,null,null,null,16.336,-0.615,4.955,0.657,0.583,null,null,null,null,null,null,12.5,null,null,9.99,-6.346,26.672,26.37,null,null,null,null,null,null,null,null,null,XWHHYOYVRVGJJY,null,TRND,nxAjpLLTQEjMUuHXWM,null,null,null,null,null,null,null,null,null,1132-68-9,null,null,null,0,4,0,null,null,173030,0 0 0 0,1,1,2025-06-17 15:22:09,null,null,null,null,null,null,null,364784359,activity,null,HTS,null,9.99,-6.346,4.286,0.732,null,null,null,null,null,null,null,null,null,null,null,null,null,null,null,null,null,null,null,null,null,278938390
TRND-Glioblastoma_LOPAC_A172-primary_screen2,NCGC00387496-04,activity,null,4,-19.879,-4.899,CC1=CC(C)=NC(SCC(=O)NC2=NC=C(CC3=CC=CC4=C3C=CC=C4)S2)=N1,null,null,null,null,null,SML1514,SIGMA,2021_LOPAC_01,null,null,SirReal2,null,4,null,null,null,18.818,-5.379,1.885,0.051,0.998,null,null,null,null,null,null,14.5,null,null,13.919,-4.899,37.111,37.02,null,null,null,null,null,null,null,null,null,MENNDDDTIIZDDN,null,TRND,rtCwWuaAjsNmfKQkdB,null,null,null,null,null,null,null,null,null,null,null,null,null,0,4,0,null,null,173030,0 0 0 0,1,1,2025-06-17 15:22:09,null,null,null,null,null,null,null,364783459,activity,null,HTS,null,13.919,6.119,-4.599,-4.899,null,null,null,null,null,null,null,null,null,null,null,null,null,null,null,null,null,null,null,null,null,278938391
TRND-Glioblastoma_LOPAC_A172-primary_screen2,NCGC00015868-08,activity,null,4,-15.894,-8.662,[O-][N+](=O)C1=CC=C2N=C(C=CC2=C1)N3CCNCC3,null,null,null,null,null,Q109,SIGMA,2021_LOPAC_01,null,null,"Quipazine, 6-nitro-, maleate",null,4,null,null,null,18.489,-2.894,4.955,0.656,0.583,null,null,null,null,null,null,13,null,null,9.827,-8.662,23.061,21.862,null,null,null,null,null,null,null,null,null,GGDBEAVVGFNWIA,null,TRND,SBwljlOJGqrIcMxCmQ,null,null,null,null,MALEATE,null,null,null,null,129047-05-8,null,null,null,0,4,0,null,null,173030,0 0 0 0,1,1,2025-06-17 15:22:09,null,null,null,null,null,null,null,364782999,activity,null,HTS,null,9.827,-3.764,4.252,-8.662,null,null,null,null,null,null,null,null,null,null,null,null,null,null,null,null,null,null,null,null,null,278938392
TRND-Glioblastoma_LOPAC_A172-primary_screen2,NCGC00015771-29,activity,null,4,0,11.984,CN(C)CCOC(C1=CC=CC=C1)C2=C(C)C=CC=C2,null,null,null,null,null,O3752,SIGMA,2021_LOPAC_01,null,null,Orphenadrine hydrochloride,null,4,null,null,null,3.513,0,null,null,null,null,null,null,null,null,null,0,null,null,12.849,9.336,56.553,null,null,null,null,null,null,null,null,null,null,QVYRGXJJSLMXQH,null,TRND,WdEDysuYReZQRFJhmw,null,null,null,null,CL,null,null,null,null,341-69-5,null,null,null,0,4,null,null,null,173030,null,1,1,2025-06-17 15:22:09,null,null,null,null,null,null,null,364780671,activity,null,HTS,null,12.849,11.543,9.336,11.984,null,null,null,null,null,null,null,null,null,null,null,null,null,null,null,null,null,null,null,null,null,278938393
TRND-Glioblastoma_LOPAC_A172-primary_screen2,NCGC00387064-06,activity,null,4,12.5,23.611,CCCCCCCCCCCC(=O)C1=C(O)C(C(=O)CCCCCCCCCCC)=C(O)C(C2CC(OC3=C2C=CC(O)=C3)C4=CC=C(O)C=C4)=C1O,null,null,null,null,null,SML1226,SIGMA,2021_LOPAC_01,null,null,YM-26734,null,4,null,null,null,13.411,24.5,4.955,0.356,0.913,null,null,null,null,null,null,12,null,null,23.611,10.2,67.292,62.516,null,null,null,null,null,null,null,null,null,CEJAYJCUSZHYDS,null,TRND,nHYEDsjwKTXDuQVUno,null,null,null,null,null,null,null,null,null,null,null,null,null,0,4,0,null,null,173030,0 0 0 0,1,1,2025-06-17 15:22:09,null,null,null,null,null,null,null,364781023,activity,null,HTS,null,14.399,10.2,11.143,23.611,null,null,null,null,null,null,null,null,null,null,null,null,null,null,null,null,null,null,null,null,null,278938394
TRND-Glioblastoma_LOPAC_A172-primary_screen2,NCGC00017400-24,activity,null,4,-39.952,-11.094,[H][C@@]12CCCN1C(=O)[C@]([H])(CC3=CC=CC=C3)N4C(=O)[C@](C)(NC(=O)[C@@]5([H])CN(C)[C@]6([H])CC7=CNC8=CC=CC(=C78)[C@@]6([H])C5)O[C@@]24O,null,null,null,null,null,D2763,SIGMA,2021_LOPAC_01,null,null,Dihydroergotamine methanesulfonate,null,4,null,null,null,46.66,-11.978,2.406,0.412,0.878,null,null,null,null,null,null,27.974,null,null,35.566,-11.094,81.781,99.613,null,null,null,null,null,null,null,null,null,LUZRJRNZXALNLM,null,TRND,btphlFxXuDSKMyVLIq,null,null,null,null,SULFONICACID_V1,null,null,null,null,6190-39-2,null,null,null,0,4,0,null,null,173030,0 0 0 0,1,1,2025-06-17 15:22:09,null,null,null,null,null,null,null,364782155,activity,null,HTS,null,19.524,35.566,12.264,-11.094,null,null,null,null,null,null,null,null,null,null,null,null,null,null,null,null,null,null,null,null,null,278938395
TRND-Glioblastoma_LOPAC_A172-primary_screen2,NCGC00093543-05,activity,null,4,-15.5,7.897,C[C@H](CCC(=O)NCC[S+](O)([O-])=O)C1CCC2C3[C@H](O)CC4C[C@H](O)CCC4(C)C3C[C@H](O)C12C,null,null,null,null,null,T9034,SIGMA,2021_LOPAC_01,null,null,Sodium Taurocholate hydrate,null,4,null,null,null,16.865,4,3.132,0.401,0.886,null,null,null,null,null,null,19.5,null,null,19.092,2.228,69.314,69.591,null,null,null,null,null,null,null,null,null,NPEDSWAUKPNTNM,null,TRND,ytciyJEHdLiPIdDNOB,null,null,null,null,SODIUM,null,null,null,null,[NO STEREO] 81-24-3,null,null,null,0,4,0,null,null,173030,0 0 0 0,1,1,2025-06-17 15:22:09,null,null,null,null,null,null,null,364780903,activity,null,HTS,null,19.092,15.197,2.228,7.897,null,null,null,null,null,null,null,null,null,null,null,null,null,null,null,null,null,null,null,null,null,278938396
TRND-Glioblastoma_LOPAC_A172-primary_screen2,NCGC00015462-24,activity,null,4,0,5.143,CC1=NC=C(N=C1)C(=O)NCCC2=CC=C(C=C2)[S+]([O-])(=O)NC(=O)NC3CCCCC3,null,null,null,null,null,G117,SIGMA,2021_LOPAC_01,null,null,Glipizide,null,4,null,null,null,59.411,0,null,null,null,null,null,null,null,null,null,0,null,null,14.901,-44.51,21.247,null,null,null,null,null,null,null,null,null,null,MKGWVFBAAZYWCF,null,TRND,WLSuDysNeFkGBVuKXs,null,K(ATP) Channel activator,null,null,null,null,null,null,null,29094-61-9,KCNJ8,null,null,0,4,null,null,null,173030,null,1,1,2025-06-17 15:22:09,null,null,null,null,null,null,null,364784463,activity,null,HTS,null,14.901,-44.51,11.861,5.143,null,null,null,null,null,null,null,null,null,null,null,null,null,null,null,null,null,null,null,null,null,278938397
TRND-Glioblastoma_LOPAC_A172-primary_screen2,NCGC00021146-29,activity,null,4,-15.611,-13.843,FC1=CC=C(C=C1)C(=O)C2CCN(CCN3C(=O)NC4=C(C=CC=C4)C3=O)CC2,null,null,null,null,null,S006,SIGMA,2021_LOPAC_01,null,null,Ketanserin tartrate,null,4,null,null,null,37.199,-15.611,4.955,0.774,0.85,null,null,null,null,null,null,0,null,null,23.356,-13.843,-16.549,-7.227,null,null,null,null,null,null,null,null,null,FPCCSQOGAWCVBH,null,TRND,BIUbzwZjNEJyzVxnUi,null,null,null,null,TARTRATE,null,null,null,null,[NO STEREO] 83846-83-7,null,null,null,0,4,1,null,null,173030,1 0 0 0,1,1,2025-06-17 15:22:09,null,null,null,null,null,null,null,364785255,activity,null,HTS,null,23.356,-3.344,3.351,-13.843,null,null,null,null,null,null,null,null,null,null,null,null,null,null,null,null,null,null,null,null,null,278938398
TRND-Glioblastoma_LOPAC_A172-primary_screen2,NCGC00015277-22,activity,null,4,-11.566,3.227,CCN1N=C(C(O)=O)C(=O)C2=C1C=C3OCOC3=C2,null,null,null,null,null,C8645,SIGMA,2021_LOPAC_01,null,null,Cinoxacin,null,4,null,null,null,12.75,1.434,4.955,0.265,0.954,null,null,null,null,null,null,13,null,null,12.695,-0.055,45.402,46.384,null,null,null,null,null,null,null,null,null,VDUWPHTZYNWKRN,null,TRND,YMGxejQApBhpmbEokQ,null,null,null,null,null,null,null,null,null,28657-80-9,null,null,null,0,4,0,null,null,173030,0 0 0 0,1,1,2025-06-17 15:22:09,null,null,null,null,null,null,null,364784427,activity,null,HTS,null,12.695,12.183,-0.055,3.227,null,null,null,null,null,null,null,null,null,null,null,null,null,null,null,null,null,null,null,null,null,278938399
TRND-Glioblastoma_LOPAC_A172-primary_screen2,NCGC00025188-11,activity,null,4,15.987,12.17,CC(N\C(NC1=CC=NC=C1)=N/C#N)C(C)(C)C,null,null,null,null,null,P154,SIGMA,2021_LOPAC_01,null,null,Pinacidil,null,4,null,null,null,25.676,12.5,4.504,0.924,0.999,null,null,null,null,null,null,-3.487,null,null,24.437,-1.239,10.826,4.705,null,null,null,null,null,null,null,null,null,IVVNZDGDKPTYHK,null,TRND,ilFMcSZNBuksugVaGP,null,null,null,null,H2O,null,null,null,null,60560-33-0,null,null,null,0,4,1,null,null,173030,1 0 0 0,1,1,2025-06-17 15:22:09,null,null,null,null,null,null,null,364784871,activity,null,HTS,null,24.437,-1.239,12.487,12.17,null,null,null,null,null,null,null,null,null,null,null,null,null,null,null,null,null,null,null,null,null,278938400
TRND-Glioblastoma_LOPAC_A172-primary_screen2,NCGC00016056-07,activity,null,4,-15.703,-6.003,CNCCC(OC1=C(C)C=CC=C1)C2=CC=CC=C2,null,null,null,null,null,T7947,SIGMA,2021_LOPAC_01,null,null,Tomoxetine,null,4,null,null,null,13.111,-8.203,1,0.049,0.999,null,null,null,null,null,null,7.5,null,null,7.108,-6.003,19.158,18.148,null,null,null,null,null,null,null,null,null,VHGCDTVCOLNTBX,null,TRND,roLUwmCMvGjiKnHnMp,null,null,null,null,CL,null,null,null,null,[NO STEREO] 83015-26-3,null,null,null,0,4,0,null,null,173030,0 0 0 0,1,1,2025-06-17 15:22:09,null,null,null,null,null,null,null,364780643,activity,null,HTS,null,7.108,4.516,-0.812,-6.003,null,null,null,null,null,null,null,null,null,null,null,null,null,null,null,null,null,null,null,null,null,278938401
TRND-Glioblastoma_LOPAC_A172-primary_screen2,NCGC00015369-09,activity,null,4,-9.03,-3.775,ClC1=C(Cl)C2=C(C=CC=C2)C(=O)O1,null,null,null,null,null,D7910,SIGMA,2021_LOPAC_01,null,null,"3,4-Dichloroisocoumarin",null,4,null,null,null,10.008,-4.03,4.955,0.266,0.954,null,null,null,null,null,null,5,null,null,6.233,-3.775,11.983,14.325,null,null,null,null,null,null,null,null,null,SUGXUUGGLDCZKB,null,TRND,BHxKDtdrWnAlMYAYrE,null,null,null,null,null,null,null,null,null,null,null,null,null,0,4,0,null,null,173030,0 0 0 0,1,1,2025-06-17 15:22:09,null,null,null,null,null,null,null,364782723,activity,null,HTS,null,3.836,6.233,-1.478,-3.775,null,null,null,null,null,null,null,null,null,null,null,null,null,null,null,null,null,null,null,null,null,278938402
TRND-Glioblastoma_LOPAC_A172-primary_screen2,NCGC00015296-08,activity,null,4,-15.503,-11.252,CCCN(CCC)CCC1=CC(O)=C(O)C=C1,null,null,null,null,null,D031,SIGMA,2021_LOPAC_01,null,null,Dipropyldopamine hydrobromide,null,4,null,null,null,16.08,-12.003,2.638,0.213,0.971,null,null,null,null,null,null,3.5,null,null,4.828,-11.252,8.706,5.796,null,null,null,null,null,null,null,null,null,LMYSNFBROWBKMB,null,TRND,nvpaVSEZHKmrAMdaHD,null,null,null,null,BR,null,null,null,null,null,null,null,null,0,4,0,null,null,173030,0 0 0 0,1,1,2025-06-17 15:22:09,null,null,null,null,null,null,null,364784047,activity,null,HTS,null,4.828,1.874,-0.123,-11.252,null,null,null,null,null,null,null,null,null,null,null,null,null,null,null,null,null,null,null,null,null,278938403
TRND-Glioblastoma_LOPAC_A172-primary_screen2,NCGC00507729-02,activity,null,4,-12.557,10.237,CCOC(=O)C1=CN=C(C=C1)C#CC2=CC3=C(SCC(C)(C)C3)C=C2,null,null,null,null,null,T7080,SIGMA,2021_LOPAC_01,null,null,Tazarotene,null,4,null,null,null,14.034,-0.557,4.955,1,0.753,null,null,null,null,null,null,12,null,null,10.237,-3.797,26.684,25.4,null,null,null,null,null,null,null,null,null,BNQWPOPTPDVAGV,null,TRND,xWvJPLtzAULXsJCAIm,null,null,null,null,null,null,null,null,null,null,null,null,null,0,4,1,null,null,173030,0 0 0 1,1,1,2025-06-17 15:22:09,null,null,null,null,null,null,null,364784895,activity,null,HTS,null,9.355,-3.797,2.755,10.237,null,null,null,null,null,null,null,null,null,null,null,null,null,null,null,null,null,null,null,null,null,278938404
TRND-Glioblastoma_LOPAC_A172-primary_screen2,NCGC00242479-06,activity,null,4,-13.877,9.196,COC1=C(N[S+]([O-])(=O)C2=C(N=CC=C2)C3=CC=C(C=C3)C4=NN=CO4)N=CC(C)=N1,null,null,null,null,null,SML1550,SIGMA,2021_LOPAC_01,null,null,Zibotentan,null,4,null,null,null,17.687,-3.877,4.955,1,0.634,null,null,null,null,null,null,10,null,null,15.289,-2.397,20.247,31.138,null,null,null,null,null,null,null,null,null,SOMYEPUSNJJLPY,null,TRND,taqbpjcLdDUhVocCWC,null,Endothelin-1 Receptor antagonist,null,null,null,null,null,null,null,186497-07-4,EDNRA,null,null,0,4,1,null,null,173030,0 0 0 1,1,1,2025-06-17 15:22:09,null,null,null,null,null,null,null,364783247,activity,null,HTS,null,4.504,15.289,-2.397,9.196,null,null,null,null,null,null,null,null,null,null,null,null,null,null,null,null,null,null,null,null,null,278938405
TRND-Glioblastoma_LOPAC_A172-primary_screen2,NCGC00162143-12,activity,null,4,0,2.904,OP([O-])(=O)C(Cl)(Cl)P(O)([O-])=O,null,null,null,null,null,D4434,SIGMA,2021_LOPAC_01,null,null,Clodronic acid,null,4,null,null,null,4.963,0,null,null,null,null,null,null,null,null,null,0,null,null,7.867,2.904,24.837,null,null,null,null,null,null,null,null,null,null,ACSIXWWBWUQEHA,null,TRND,DaQkEUuNHMcAuLQpSU,null,null,null,null,SODIUM,null,null,null,null,null,null,null,null,0,4,null,null,null,173030,null,1,1,2025-06-17 15:22:09,null,null,null,null,null,null,null,364784727,activity,null,HTS,null,5.586,3.304,7.867,2.904,null,null,null,null,null,null,null,null,null,null,null,null,null,null,null,null,null,null,null,null,null,278938406
TRND-Glioblastoma_LOPAC_A172-primary_screen2,NCGC00015457-12,activity,null,4,-16,12.814,OC(=O)C1=CCCNC1,null,null,null,null,null,G007,SIGMA,2021_LOPAC_01,null,null,Guvacine hydrochloride,null,4,null,null,null,15.541,0,3.99,1,1,null,null,null,null,null,null,16,null,null,15.931,0.39,55.126,54.981,null,null,null,null,null,null,null,null,null,QTDZOWFRBNTPQR,null,TRND,OpBQWQZBsFwhMsuHQt,null,null,null,null,CL,null,null,null,null,null,null,null,null,0,4,1,null,null,173030,0 0 0 1,1,1,2025-06-17 15:22:09,null,null,null,null,null,null,null,364781267,activity,null,HTS,null,15.931,14.933,0.39,12.814,null,null,null,null,null,null,null,null,null,null,null,null,null,null,null,null,null,null,null,null,null,278938407
TRND-Glioblastoma_LOPAC_A172-primary_screen2,NCGC00092364-15,activity,null,4,-12,8.487,ClC1=CC=C(C=C1)C(=O)N[C@H]2CN3CCC2CC3,null,null,null,null,null,P6499,SIGMA,2021_LOPAC_01,null,null,PNU-282987,null,4,null,null,null,11.64,0.5,2.72,1,1,null,null,null,null,null,null,12.5,null,null,12.395,0.755,41.475,41.456,null,null,null,null,null,null,null,null,null,WECKJONDRAUFDD,null,TRND,SqauiWmWNiziuWwkQN,null,Neuronal acetylcholine receptor subunit alpha-7 agonist,null,null,CL,null,null,null,null,711085-63-1,CHRNA7,null,null,0,4,1,null,null,173030,0 0 0 1,1,1,2025-06-17 15:22:09,null,null,null,null,null,null,null,364783947,activity,null,HTS,null,12.395,8.803,0.755,8.487,null,null,null,null,null,null,null,null,null,null,null,null,null,null,null,null,null,null,null,null,null,278938408
TRND-Glioblastoma_LOPAC_A172-primary_screen2,NCGC00507714-02,activity,null,4,-21.192,5.935,CC\C(=N/NC(=O)C1=CC=NC(NCCCN2CCOCC2)=C1)C3=CC=C(Cl)C=C3O,null,null,null,null,null,SML0962,SIGMA,2021_LOPAC_01,null,null,M-110,null,4,null,null,null,27.409,-0.692,4.045,0.533,0.771,null,null,null,null,null,null,20.5,null,null,20.166,-7.243,57.049,58.838,null,null,null,null,null,null,null,null,null,FXXCNYVQIONABS,null,TRND,ZQKkiIvKGpipvyjVKM,null,null,null,null,null,null,null,null,null,null,null,null,null,0,4,0,null,null,173030,0 0 0 0,1,1,2025-06-17 15:22:09,null,null,null,null,null,null,null,364782055,activity,null,HTS,null,20.166,4.337,-7.243,5.935,null,null,null,null,null,null,null,null,null,null,null,null,null,null,null,null,null,null,null,null,null,278938409
TRND-Glioblastoma_LOPAC_A172-primary_screen2,NCGC00014925-29,activity,0.707946,-1.4,-65.475,-67.106,CC[C@@]1(O)C(=O)OCC2=C1C=C3N(CC4=CC5=C(C=CC(O)=C5CN(C)C)N=C34)C2=O,null,null,null,null,null,T2705,SIGMA,2021_LOPAC_01,-6.15,null,Topotecan hydrochloride hydrate,null,-1.2,null,null,null,69.045,-62.475,4.095,0.152,0.985,null,null,null,null,null,null,3,null,null,1.939,-67.106,-110.807,-111.932,null,null,null,null,null,null,null,null,null,UCFGDBYHRUNTLO,null,TRND,thUwepgPlWGOEvATRH,null,DNA Topoisomerase I inhibitor,null,null,null,null,null,null,null,119413-54-6,TOP1,null,null,0,4,0,null,null,173030,0 0 0 0,1,1,2025-06-17 15:22:09,null,null,null,null,null,null,null,364781967,activity,null,HTS,0.993667,1.939,-58.038,-57.706,-67.106,null,null,null,null,null,null,null,null,null,null,null,null,null,null,null,null,null,null,null,null,null,278938410
TRND-Glioblastoma_LOPAC_A172-primary_screen2,NCGC00015715-19,activity,null,4,-16.235,-3.529,CNCCC(OC1=C(OC)C=CC=C1)C2=CC=CC=C2,null,null,null,null,null,N151,SIGMA,2021_LOPAC_01,null,null,Nisoxetine hydrochloride,null,4,null,null,null,17.313,-3.735,2.787,0.175,0.981,null,null,null,null,null,null,12.5,null,null,13.783,-3.529,44.236,46.854,null,null,null,null,null,null,null,null,null,ITJNARMNRKSWTA,null,TRND,mFVomSZYpGIVeHcSVl,null,null,null,null,CL,null,null,null,null,57754-86-6,null,null,null,0,4,0,null,null,173030,0 0 0 0,1,1,2025-06-17 15:22:09,null,null,null,null,null,null,null,364782063,activity,null,HTS,null,11.281,13.783,7.367,-3.529,null,null,null,null,null,null,null,null,null,null,null,null,null,null,null,null,null,null,null,null,null,278938411
TRND-Glioblastoma_LOPAC_A172-primary_screen2,NCGC00015365-33,activity,null,4,0,5.652,OC1=CC=C(C=C1)C2=COC3=C(C=CC(O)=C3)C2=O,null,null,null,null,null,D7802,SIGMA,2021_LOPAC_01,null,null,Daidzein,null,4,null,null,null,7.526,0,null,null,null,null,null,null,null,null,null,0,null,null,5.652,-1.873,3.251,null,null,null,null,null,null,null,null,null,null,ZQSIJRDFPHDXIC,null,TRND,bLwindJOkQIBnYRqyp,null,Estrogen Receptor beta agonist,null,null,null,null,null,null,null,486-66-8,ESR2,null,null,0,4,null,null,null,173030,null,1,1,2025-06-17 15:22:09,null,null,null,null,null,null,null,364780803,activity,null,HTS,null,0.396,0.704,-1.873,5.652,null,null,null,null,null,null,null,null,null,null,null,null,null,null,null,null,null,null,null,null,null,278938412
TRND-Glioblastoma_LOPAC_A172-primary_screen2,NCGC00168110-17,activity,8.912509,-2.2,-77.9,-93.572,CN1CCN(CC1)C2=CC(NC3=CC(C)=NN3)=NC(SC4=CC=C(NC(=O)C5CC5)C=C4)=N2,null,null,null,null,null,SML2158,SIGMA,2021_LOPAC_01,-5.05,null,Vx-680,null,-2.1,null,null,null,74.216,-97.128,2.333,0.025,1,null,null,null,null,null,null,-19.228,null,null,-19.356,-93.572,-149.898,-148.554,null,null,null,null,null,null,null,null,null,GCIKSSRWRFVXBI,null,TRND,hUKwQyQHhWLElqSySv,null,Aurora kinase B inhibitor,null,null,null,null,null,null,null,639089-54-6,AURKB,null,null,0,4,0,null,null,173030,0 0 0 0,1,1,2025-06-17 15:22:09,null,null,null,null,null,null,null,364784827,activity,null,HTS,9.141358,-20.036,-19.356,-45.156,-93.572,null,null,null,null,null,null,null,null,null,null,null,null,null,null,null,null,null,null,null,null,null,278938413
TRND-Glioblastoma_LOPAC_A172-primary_screen2,NCGC00015267-27,activity,5.623413,-2.2,-31.527,-7.523,CN(C)CCCC1(OCC2=C1C=CC(=C2)C#N)C3=CC=C(F)C=C3,null,null,null,null,null,C7861,SIGMA,2021_LOPAC_01,-5.25,null,Citalopram hydrobromide,null,4,null,null,null,30.482,-8.027,2.253,0.047,0.999,null,null,null,null,null,null,23.5,null,null,22.959,-7.523,78.755,80.116,null,null,null,null,null,null,null,null,null,WSEQXVZVJXJVFP,null,TRND,suEzbiNWSbLVSMuGXE,null,null,null,null,BR,null,null,null,null,59729-32-7,null,null,null,0,4,0,null,null,173030,0 0 0 0,1,1,2025-06-17 15:22:09,null,null,null,null,null,null,null,364781215,activity,null,HTS,null,22.791,22.959,4.888,-7.523,null,null,null,null,null,null,null,null,null,null,null,null,null,null,null,null,null,null,null,null,null,278937334
TRND-Glioblastoma_LOPAC_A172-primary_screen2,NCGC00017280-43,activity,null,4,0,0.493,CC(\C=C\C1=C(C)CCCC1(C)C)=C/C=C/C(C)=C/C(O)=O,null,null,null,null,null,R2625,SIGMA,2021_LOPAC_01,null,null,Retinoic acid,null,4,null,null,null,20.247,0,null,null,null,null,null,null,null,null,null,0,null,null,20.407,0.16,59.053,null,null,null,null,null,null,null,null,null,null,SHGAZHPCJJPHSC,null,TRND,CJLGDYfDODgqfrttzC,null,Nuclear Receptor ROR-beta ligand,null,null,null,null,null,null,null,302-79-4,RORB,null,null,0,4,null,null,null,173030,null,1,1,2025-06-17 15:22:09,null,null,null,null,null,null,null,364781747,activity,null,HTS,null,20.407,0.16,2.927,0.493,null,null,null,null,null,null,null,null,null,null,null,null,null,null,null,null,null,null,null,null,null,278937335
TRND-Glioblastoma_LOPAC_A172-primary_screen2,NCGC00015180-12,activity,null,4,-11.237,-1.998,CN1CCN(CC1)C2=NC3=C(C=CC(=C3)C(F)(F)F)N4C=CC=C24,null,null,null,null,null,C106,SIGMA,2021_LOPAC_01,null,null,CGS-12066A maleate,null,4,null,null,null,10.421,-1.237,4.955,0.455,0.848,null,null,null,null,null,null,10,null,null,7.724,-2.697,19.583,19.259,null,null,null,null,null,null,null,null,null,LXFHSCDLMBZYKY,null,TRND,TCKpLftLjNxoXMaZWe,null,null,null,null,MALEATE,null,null,null,null,null,null,null,null,0,4,0,null,null,173030,0 0 0 0,1,1,2025-06-17 15:22:09,null,null,null,null,null,null,null,364780795,activity,null,HTS,null,7.724,-2.697,1.55,-1.998,null,null,null,null,null,null,null,null,null,null,null,null,null,null,null,null,null,null,null,null,null,278937336
TRND-Glioblastoma_LOPAC_A172-primary_screen2,NCGC00094381-23,activity,null,4,-10.62,-5.933,CC1=CC(C)=C(N1)\C=C2/C(=O)NC3=CC=CC=C23,null,null,null,null,null,S8442,SIGMA,2021_LOPAC_01,null,null,SU 5416,null,4,null,null,null,12.747,-7.12,4.955,0.664,0.568,null,null,null,null,null,null,3.5,null,null,6.814,-5.933,16.856,11.53,null,null,null,null,null,null,null,null,null,WUWDLXZGHZSWQZ,null,TRND,bfDymomjYYItuaMNGv,null,Vascular Endothelial Growth Factor Receptor 2 (VEGFR-2) inhibitor,null,null,null,null,null,null,null,194413-58-6,KDR,null,null,0,4,0,null,null,173030,0 0 0 0,1,1,2025-06-17 15:22:09,null,null,null,null,null,null,null,364784287,activity,null,HTS,null,6.066,-2.324,6.814,-5.933,null,null,null,null,null,null,null,null,null,null,null,null,null,null,null,null,null,null,null,null,null,278937337
TRND-Glioblastoma_LOPAC_A172-primary_screen2,NCGC00378941-06,activity,null,4,0,6.574,OC(=O)CCCCN(CCC1=C(OCC2=CC=C(CCC3=CC=CC=C3)C=C2)C=CC=C1)CC4=CC=C(C=C4)C(O)=O,null,null,null,null,null,SML1532,SIGMA,2021_LOPAC_01,null,null,Cinaciguat hydrochloride,null,4,null,null,null,8.523,0,null,null,null,null,null,null,null,null,null,0,null,null,9.793,1.27,22.845,null,null,null,null,null,null,null,null,null,null,WPYWMXNXEZFMAK,null,TRND,KZigUXNBWzWiadnsHX,null,Soluble Guanylate Cyclase (sGC) activator,null,null,CL,null,null,null,null,329773-35-5,GUCY1A2,null,null,0,4,null,null,null,173030,null,1,1,2025-06-17 15:22:09,null,null,null,null,null,null,null,364784143,activity,null,HTS,null,4.199,1.27,9.793,6.574,null,null,null,null,null,null,null,null,null,null,null,null,null,null,null,null,null,null,null,null,null,278937338
TRND-Glioblastoma_LOPAC_A172-primary_screen2,NCGC00016880-14,activity,null,4,0,6.706,CC(C)NC[C@H](O)COC1=CC=C(CC(N)=O)C=C1,null,null,null,null,null,A143,SIGMA,2021_LOPAC_01,null,null,S(-)-Atenolol,null,4,null,null,null,7.244,0,null,null,null,null,null,null,null,null,null,0,null,null,9.87,2.626,38.932,null,null,null,null,null,null,null,null,null,null,METKIMKYRPQLGS,null,TRND,cRBYOjgucPRNlIsYQX,null,null,null,null,null,null,null,null,null,93379-54-5,null,null,null,0,4,null,null,null,173030,null,1,1,2025-06-17 15:22:09,null,null,null,null,null,null,null,364784699,activity,null,HTS,null,9.87,8.842,2.626,6.706,null,null,null,null,null,null,null,null,null,null,null,null,null,null,null,null,null,null,null,null,null,278937339
TRND-Glioblastoma_LOPAC_A172-primary_screen2,NCGC00507761-02,activity,null,4,0,4.81,[O-][S+](=O)(NC1=NC(=O)C(S1)=CC2=CC=C(Br)C=C2)C3=CC=CC4=CC=CC=C34,null,null,null,null,null,SML1169,SIGMA,2021_LOPAC_01,null,null,Pitstop 2,null,4,null,null,null,9.216,0,null,null,null,null,null,null,null,null,null,0,null,null,12.002,2.786,22.914,null,null,null,null,null,null,null,null,null,null,VFEMJZDNQUNKQN,null,TRND,pXfksxOqgfBsSJjqVc,null,null,null,null,null,null,null,null,null,null,null,null,null,0,4,null,null,null,173030,null,1,1,2025-06-17 15:22:09,null,null,null,null,null,null,null,364782887,activity,null,HTS,null,2.786,12.002,6.1,4.81,null,null,null,null,null,null,null,null,null,null,null,null,null,null,null,null,null,null,null,null,null,278937340
TRND-Glioblastoma_LOPAC_A172-primary_screen2,NCGC00186023-03,activity,null,4,0,4.787,[H][C@@]12CC[C@@]3(C[C@]1(CC3=C)CC[C@]4([H])[C@@](C)(CCC[C@@]24C)C(=O)OC5OC(CO)C(O)C(O)C5O)OC6OC(CO)C(O)C(O)C6OC7OC(CO)C(O)C(O)C7O,null,null,null,null,null,S3572,SIGMA,2021_LOPAC_01,null,null,Stevioside,null,4,null,null,null,3.672,0,null,null,null,null,null,null,null,null,null,0,null,null,4.787,1.115,14.085,null,null,null,null,null,null,null,null,null,null,UEDUENGHJMELGK,null,TRND,LJHjmPyxkXYCMBKtPn,null,null,null,null,H2O,null,null,null,null,[NO STEREO] 57817-89-7,null,null,null,0,4,null,null,null,173030,null,1,1,2025-06-17 15:22:09,null,null,null,null,null,null,null,364784803,activity,null,HTS,null,3.422,1.115,1.846,4.787,null,null,null,null,null,null,null,null,null,null,null,null,null,null,null,null,null,null,null,null,null,278937341
TRND-Glioblastoma_LOPAC_A172-primary_screen2,NCGC00096028-16,activity,3.162278,-1.1,-101.172,-76.398,COC1=CC(\C=C\C(=O)N2CCC=CC2=O)=CC(OC)=C1OC,null,null,null,null,null,SML0221,SIGMA,2021_LOPAC_01,-5.5,null,Piperlongumine,null,-1.2,null,null,null,100.039,-77.672,2.588,0.02,1,null,null,null,null,null,null,23.5,null,null,23.642,-76.398,-10.995,-11.692,null,null,null,null,null,null,null,null,null,VABYUUZNAVQNPG,null,TRND,eYQPqMwHETQJaSxjxs,null,null,null,null,null,null,null,null,null,20069-09-4,null,null,null,0,4,0,null,null,173030,0 0 0 0,1,1,2025-06-17 15:22:09,null,null,null,null,null,null,null,364780679,activity,null,HTS,3.974314,23.642,13.644,-65.749,-76.398,null,null,null,null,null,null,null,null,null,null,null,null,null,null,null,null,null,null,null,null,null,278937342
TRND-Glioblastoma_LOPAC_A172-primary_screen2,NCGC00025102-10,activity,19.952623,-3,-73.621,-63.075,CC(\C=C\C1=CC(OC2=CC=C(F)C=C2)=CC=C1)N(O)C(N)=O,null,null,null,null,null,B4558,SIGMA,2021_LOPAC_01,-4.7,null,BWB70C,null,-3,null,null,null,72.23,-68.121,4.955,0.123,0.99,null,null,null,null,null,null,5.5,null,null,9.155,-63.075,-11.383,-10.247,null,null,null,null,null,null,null,null,null,UAIYNMRLUHHRMF,null,TRND,DWHIsEmCrYILfBeMmV,null,null,null,null,null,null,null,null,null,null,null,null,null,0,4,0,null,null,173030,0 0 0 0,1,1,2025-06-17 15:22:09,null,null,null,null,null,null,null,364783027,activity,null,HTS,24.48845,5.211,1.305,9.155,-63.075,null,null,null,null,null,null,null,null,null,null,null,null,null,null,null,null,null,null,null,null,null,278937343
TRND-Glioblastoma_LOPAC_A172-primary_screen2,NCGC00013495-25,activity,null,4,-22.5,5.526,[H][C@]12CC[C@]([H])(C[C@@]([H])(C1)OC(C3=CC=CC=C3)C4=CC=CC=C4)N2C,null,null,null,null,null,SML0837,SIGMA,2021_LOPAC_01,null,null,Benztropine mesylate ,null,4,null,null,null,22.183,4.5,1.885,0.131,0.989,null,null,null,null,null,null,27,null,null,26.071,3.888,88.6,88.532,null,null,null,null,null,null,null,null,null,GIJXKZJWITVLHI,null,TRND,WLNzDCOGhsPUTVubHV,null,null,null,null,METHANESULFONIC-ACID,null,null,null,null,132-17-2,null,null,null,0,4,0,null,null,173030,0 0 0 0,1,1,2025-06-17 15:22:09,null,null,null,null,null,null,null,364783495,activity,null,HTS,null,26.071,15.202,3.888,5.526,null,null,null,null,null,null,null,null,null,null,null,null,null,null,null,null,null,null,null,null,null,278937344
TRND-Glioblastoma_LOPAC_A172-primary_screen2,NCGC00015818-30,activity,null,4,-17.5,4.348,O=C(C1CCCCC1)N2CC3N(CCC4=C3C=CC=C4)C(=O)C2,null,null,null,null,null,P4668,SIGMA,2021_LOPAC_01,null,null,Praziquantel,null,4,null,null,null,14.806,4,1.344,0.028,1,null,null,null,null,null,null,21.5,null,null,19.154,4.348,67.35,67.741,null,null,null,null,null,null,null,null,null,FSVJFNAIGNNGKK,null,TRND,NQGkYTCKyZPnAEnZiw,null,Anti-helmenthic,null,null,null,null,null,null,null,55268-74-1,cavB,null,null,0,4,0,null,null,173030,0 0 0 0,1,1,2025-06-17 15:22:09,null,null,null,null,null,null,null,364782031,activity,null,HTS,null,19.154,11.609,5.429,4.348,null,null,null,null,null,null,null,null,null,null,null,null,null,null,null,null,null,null,null,null,null,278937345
TRND-Glioblastoma_LOPAC_A172-primary_screen2,NCGC00162084-15,activity,4.466836,-2.2,-72.375,-47.133,NC1=NC=NC2=C1N=C(Br)N2C3OC4CO[P@]([O-])(=O)O[C@@H]4C3O,null,null,null,null,null,B7880,SIGMA,2021_LOPAC_01,-5.35,null,8-BRomo-cAMP sodium,null,-2.2,null,null,null,63.699,-53.375,1.134,0.026,1,null,null,null,null,null,null,19,null,null,16.566,-47.133,6.032,5.688,null,null,null,null,null,null,null,null,null,DVKQVRZMKBDMDH,null,TRND,swchOpOdGTuJtCcVRW,null,null,null,null,SODIUM,null,null,null,null,null,null,null,null,0,4,0,null,null,173030,0 0 0 0,1,1,2025-06-17 15:22:09,null,null,null,null,null,null,null,364781783,activity,null,HTS,33.3,16.566,3.582,-25.264,-47.133,null,null,null,null,null,null,null,null,null,null,null,null,null,null,null,null,null,null,null,null,null,278937346
TRND-Glioblastoma_LOPAC_A172-primary_screen2,NCGC00094344-05,activity,11.220185,-3,-49.812,-36.498,COC1=CC=C(NC(=O)\C=C\C2=CC=C(Cl)C=C2)C=C1,null,null,null,null,null,S0441,SIGMA,2021_LOPAC_01,-4.95,null,SB-366791,null,-3,null,null,null,49.695,-37.312,4.095,0.04,0.999,null,null,null,null,null,null,12.5,null,null,13.197,-36.498,26.848,29.146,null,null,null,null,null,null,null,null,null,LYIXDMRSDTZYCF,null,TRND,wCMmAsqpetvqXWqFtj,null,null,null,null,null,null,null,null,null,null,null,null,null,0,4,0,null,null,173030,0 0 0 0,1,1,2025-06-17 15:22:09,null,null,null,null,null,null,null,364781651,activity,null,HTS,null,11.444,13.197,7.224,-36.498,null,null,null,null,null,null,null,null,null,null,null,null,null,null,null,null,null,null,null,null,null,278937347
TRND-Glioblastoma_LOPAC_A172-primary_screen2,NCGC00179528-08,activity,null,4,-34,2.19,N[C@@H](CN/1\C=C/C(=O)/C(=C1)O)C(O)=O,null,null,null,null,null,M0253,SIGMA,2021_LOPAC_01,null,null,L-Mimosine from Koa hoale seeds,null,4,null,null,null,22.48,-4,0.5,0.493,0.812,null,null,null,null,null,null,30,null,null,24.67,2.19,87.71,82.634,null,null,null,null,null,null,null,null,null,WZNJWVWKTVETCG,null,TRND,XYbdcGBDVLJjuLnoOF,null,null,null,null,null,null,null,null,null,500-44-7,null,null,null,0,4,0,null,null,173030,0 0 0 0,1,1,2025-06-17 15:22:09,null,null,null,null,null,null,null,364782659,activity,null,HTS,null,24.67,11.898,13.987,2.19,null,null,null,null,null,null,null,null,null,null,null,null,null,null,null,null,null,null,null,null,null,278937348
TRND-Glioblastoma_LOPAC_A172-primary_screen2,NCGC00025064-18,activity,1.995262,-1.3,-96.947,-89.224,[H][C@@]1(O[C@@]2(CC[C@@H](C)[C@@H](CC3=NC4=C(O3)C=CC(NC)=C4C(O)=O)O2)[C@H](C)C[C@H]1C)[C@H](C)C(=O)C5=CC=CN5,null,null,null,null,null,C7522,SIGMA,2021_LOPAC_01,-5.7,null,Calcimycin,null,-1.1,null,null,null,96.949,-94.447,2.406,0.113,0.992,null,null,null,null,null,null,2.5,null,null,2.123,-94.826,-124.07,-124.082,null,null,null,null,null,null,null,null,null,HIYAVKIYRIFSCZ,null,TRND,vELzEVKAwDUEQpvsJF,null,null,null,null,null,null,null,null,null,52665-69-7,null,null,null,0,4,0,null,null,173030,0 0 0 0,1,1,2025-06-17 15:22:09,null,null,null,null,null,null,null,364785035,activity,null,HTS,2.095308,2.123,-23.964,-94.826,-89.224,null,null,null,null,null,null,null,null,null,null,null,null,null,null,null,null,null,null,null,null,null,278937349
TRND-Glioblastoma_LOPAC_A172-primary_screen2,NCGC00015186-09,activity,null,4,-28.194,-28.912,OC1=CC2=C(CCN(CC=C)CC2C3=CC=CC=C3)C(Cl)=C1O,null,null,null,null,null,C130,SIGMA,2021_LOPAC_01,null,null,(±)-Chloro-APB hydrobromide,null,4,null,null,null,30.616,-32.194,4.955,0.467,0.836,null,null,null,null,null,null,-4,null,null,1.704,-28.912,-36.637,-31.848,null,null,null,null,null,null,null,null,null,HJWHHQIVUHOBQN,null,TRND,EqGAZjfxRbnPWOrVWe,null,null,null,null,BR,null,null,null,null,null,null,null,null,0,4,0,null,null,173030,0 0 0 0,1,1,2025-06-17 15:22:09,null,null,null,null,null,null,null,364784631,activity,null,HTS,null,-5.383,-11.004,1.704,-28.912,null,null,null,null,null,null,null,null,null,null,null,null,null,null,null,null,null,null,null,null,null,278937350
TRND-Glioblastoma_LOPAC_A172-primary_screen2,NCGC00381714-12,activity,null,4,0,2.87,C[S+]([O-])C1=CC=C(\C=C2\C(C)=C(CC(O)=O)C3=CC(F)=CC=C23)C=C1,null,null,null,null,null,S8139,SIGMA,2021_LOPAC_01,null,null,Sulindac,null,4,null,null,null,20.776,0,null,null,null,null,null,null,null,null,null,0,null,null,20.169,-0.608,56.991,null,null,null,null,null,null,null,null,null,null,MLKXDPUZXIRXEP,null,TRND,uTbIVrZPszZSTBUcdW,null,null,null,null,null,null,null,null,null,38194-50-2,null,null,null,0,4,null,null,null,173030,null,1,1,2025-06-17 15:22:09,null,null,null,null,null,null,null,364781731,activity,null,HTS,null,20.169,-0.092,-0.608,2.87,null,null,null,null,null,null,null,null,null,null,null,null,null,null,null,null,null,null,null,null,null,278937351
TRND-Glioblastoma_LOPAC_A172-primary_screen2,NCGC00025029-23,activity,null,4,-18,9.249,N\C(SC1=CC=CC=C1N)=C(C#N)/C(C#N)=C(\N)SC2=CC=CC=C2N,null,null,null,null,null,U120,SIGMA,2021_LOPAC_01,null,null,U0126,null,4,null,null,null,21.915,9,2.333,0.288,1,null,null,null,null,null,null,27,null,null,31.164,9.249,103.638,106.798,null,null,null,null,null,null,null,null,null,DVEXZJFMOKTQEZ,null,TRND,dSlPBsAIOizCgroVkl,null,null,null,null,ETHANOL_V2,null,null,null,null,218601-62-8,null,null,null,0,4,1,null,null,173030,1 0 0 0,1,1,2025-06-17 15:22:09,null,null,null,null,null,null,null,364781363,activity,null,HTS,null,31.164,25.799,13.084,9.249,null,null,null,null,null,null,null,null,null,null,null,null,null,null,null,null,null,null,null,null,null,278937352
TRND-Glioblastoma_LOPAC_A172-primary_screen2,NCGC00013841-25,activity,19.952623,-3,-50.846,-47.08,CN(C)CCC=C1C2=C(C=CC=C2)C=CC3=C1C=CC=C3,null,null,null,null,null,C4542,SIGMA,2021_LOPAC_01,-4.7,null,Cyclobenzaprine hydrochloride,null,-3,null,null,null,49.862,-50.846,4.955,0.14,0.988,null,null,null,null,null,null,0,null,null,2.782,-47.08,-23.837,-24.927,null,null,null,null,null,null,null,null,null,JURKNVYFZMSNLP,null,TRND,XlfbnRCVLdokpgDUKn,null,null,null,null,CL,null,null,null,null,6202-23-9,null,null,null,0,4,0,null,null,173030,0 0 0 0,1,1,2025-06-17 15:22:09,null,null,null,null,null,null,null,364784331,activity,null,HTS,33.3,0.477,-3.375,2.782,-47.08,null,null,null,null,null,null,null,null,null,null,null,null,null,null,null,null,null,null,null,null,null,278937353
TRND-Glioblastoma_LOPAC_A172-primary_screen2,NCGC00167832-23,activity,12.589254,-3,-107.139,-94.254,COC1=C(OCCNCC(O)COC2=CC=CC3=C2C4=CC=CC=C4N3)C=CC=C1,null,null,null,null,null,C3993,SIGMA,2021_LOPAC_01,-4.9,null,Carvedilol,null,-3,null,null,null,111.685,-96.139,4.095,0.123,0.991,null,null,null,null,null,null,11,null,null,17.431,-94.254,4.59,-8.785,null,null,null,null,null,null,null,null,null,OGHNVEJMJSYVRP,null,TRND,WVjajbrvfrSotZJyHC,null,null,null,null,null,null,null,null,null,72956-09-3,null,null,null,0,4,0,null,null,173030,0 0 0 0,1,1,2025-06-17 15:22:09,null,null,null,null,null,null,null,364781515,activity,null,HTS,12.838752,17.431,5.109,3.138,-94.254,null,null,null,null,null,null,null,null,null,null,null,null,null,null,null,null,null,null,null,null,null,278937354
TRND-Glioblastoma_LOPAC_A172-primary_screen2,NCGC00390732-05,activity,null,4,12.5,3.808,CN1CCC(CC1)=C2C3=NC=C(C=O)N3CCC4=CC=CC=C24,null,null,null,null,null,SML1590,SIGMA,2021_LOPAC_01,null,null,Alcaftadine,null,4,null,null,null,10.759,10.5,4.955,1,0.989,null,null,null,null,null,null,-2,null,null,11.173,0.414,21.123,21.45,null,null,null,null,null,null,null,null,null,MWTBKTRZPHJQLH,null,TRND,exXLJIrbjfXDdYhJVX,null,null,null,null,null,null,null,null,null,147084-10-4,null,null,null,0,4,1,null,null,173030,0 0 0 1,1,1,2025-06-17 15:22:09,null,null,null,null,null,null,null,364781623,activity,null,HTS,null,0.414,11.173,9.933,3.808,null,null,null,null,null,null,null,null,null,null,null,null,null,null,null,null,null,null,null,null,null,278937355
TRND-Glioblastoma_LOPAC_A172-primary_screen2,NCGC00015227-28,activity,null,4,-20.31,-2.759,CN(C)CCC(C1=CC=C(Cl)C=C1)C2=CC=CC=N2,null,null,null,null,null,C3025,SIGMA,2021_LOPAC_01,null,null,(±)-Chlorpheniramine maleate,null,4,null,null,null,25.547,-5.31,4.955,0.656,0.582,null,null,null,null,null,null,15,null,null,22.788,-2.759,66.06,61.082,null,null,null,null,null,null,null,null,null,SOYKEARSMXGVTM,null,TRND,kvoTOjUenGPSUyTyNE,null,null,null,null,MALEATE,null,null,null,null,113-92-8,null,null,null,0,4,0,null,null,173030,0 0 0 0,1,1,2025-06-17 15:22:09,null,null,null,null,null,null,null,364781903,activity,null,HTS,null,17.36,4.86,22.788,-2.759,null,null,null,null,null,null,null,null,null,null,null,null,null,null,null,null,null,null,null,null,null,278937356
TRND-Glioblastoma_LOPAC_A172-primary_screen2,NCGC00186035-11,activity,null,4,-32,28.773,[O-][N+](=O)C1=CC=CC(=C1)C(=O)NC2=NC3=CC=CC=C3N2CCN4CCOCC4,null,null,null,null,null,I5409,SIGMA,2021_LOPAC_01,null,null,IRAK-1/4 Inhibitor I,null,4,null,null,null,22.419,3.5,1.111,1,1,null,null,null,null,null,null,35.5,null,null,29.484,7.066,102.418,100.794,null,null,null,null,null,null,null,null,null,QTCFYQHZJIIHBS,null,TRND,lXFfMNgAjyqlYyweKw,null,Interleukin-1 Receptor-Associated Kinase 1 inhibitor,null,null,null,null,null,null,null,null,IRAK1,null,null,0,4,1,null,null,173030,0 0 0 1,1,1,2025-06-17 15:22:09,null,null,null,null,null,null,null,364780435,activity,null,HTS,null,29.484,17.083,7.066,28.773,null,null,null,null,null,null,null,null,null,null,null,null,null,null,null,null,null,null,null,null,null,278937357
TRND-Glioblastoma_LOPAC_A172-primary_screen2,NCGC00408874-04,activity,null,4,-17,2.501,CCOC(=O)[C@@H](N)CC1=CC=C(O)C(O)=C1,null,null,null,null,null,SML0091,SIGMA,2021_LOPAC_01,null,null,L-Dopa ethyl ester,null,4,null,null,null,15.141,1.5,1.248,0.029,0.999,null,null,null,null,null,null,18.5,null,null,17.643,2.501,64.033,63.811,null,null,null,null,null,null,null,null,null,NULMGOSOSZBEQL,null,TRND,hEsRckuUBcnUqOkYvg,null,null,null,null,null,null,null,null,null,null,null,null,null,0,4,0,null,null,173030,0 0 0 0,1,1,2025-06-17 15:22:09,null,null,null,null,null,null,null,364781795,activity,null,HTS,null,17.643,13.752,5.929,2.501,null,null,null,null,null,null,null,null,null,null,null,null,null,null,null,null,null,null,null,null,null,278937358
TRND-Glioblastoma_LOPAC_A172-primary_screen2,NCGC00015864-25,activity,null,4,0,22.204,CCN(CC)CCOC(=O)C1=CC=C(N)C=C1,null,null,null,null,null,P9879,SIGMA,2021_LOPAC_01,null,null,Procaine hydrochloride,null,4,null,null,null,15.508,0,null,null,null,null,null,null,null,null,null,0,null,null,22.204,6.695,89.137,null,null,null,null,null,null,null,null,null,null,MFDFERRIHVXMIY,null,TRND,votmJbgqXjRKxDqWdX,null,null,null,null,CL,null,null,null,null,51-05-8,null,null,null,0,4,null,null,null,173030,null,1,1,2025-06-17 15:22:09,null,null,null,null,null,null,null,364780379,activity,null,HTS,null,20.715,6.695,21.875,22.204,null,null,null,null,null,null,null,null,null,null,null,null,null,null,null,null,null,null,null,null,null,278937359
TRND-Glioblastoma_LOPAC_A172-primary_screen2,NCGC00485134-03,activity,12.589254,-3,-71.424,-39.111,COC1=CC=C(CCNCC2=CC=C(OC)C3=C2C=CC=C3)C=C1,null,null,null,null,null,SML1054,SIGMA,2021_LOPAC_01,-4.9,null,SBI-0087702    ,null,-3,null,null,null,59.905,-52.924,1.344,0.133,0.989,null,null,null,null,null,null,18.5,null,null,20.794,-39.111,43.936,39.029,null,null,null,null,null,null,null,null,null,SNBZXHDTILHVJS,null,TRND,xmxFZehPeKmhiOpJYR,null,null,null,null,null,null,null,null,null,null,null,null,null,0,4,0,null,null,173030,0 0 0 0,1,1,2025-06-17 15:22:09,null,null,null,null,null,null,null,364783415,activity,null,HTS,33.3,20.794,11.588,-1.872,-39.111,null,null,null,null,null,null,null,null,null,null,null,null,null,null,null,null,null,null,null,null,null,278937360
TRND-Glioblastoma_LOPAC_A172-primary_screen2,NCGC00015128-11,activity,null,4,0,10.114,C1CCN(CC1)C2(CCCCC2)C3=CC4=C(S3)C=CC=C4,null,null,null,null,null,B138,SIGMA,2021_LOPAC_01,null,null,BTCP hydrochloride,null,4,null,null,null,10.431,0,null,null,null,null,null,null,null,null,null,0,null,null,10.114,-0.316,31.282,null,null,null,null,null,null,null,null,null,null,RGSVXQJPSWZXOP,null,TRND,iqTjqdhrsmJMHhrasr,null,null,null,null,CL,null,null,null,null,null,null,null,null,0,4,null,null,null,173030,null,1,1,2025-06-17 15:22:09,null,null,null,null,null,null,null,364784371,activity,null,HTS,null,8.688,-0.316,2.968,10.114,null,null,null,null,null,null,null,null,null,null,null,null,null,null,null,null,null,null,null,null,null,278937361
TRND-Glioblastoma_LOPAC_A172-primary_screen2,NCGC00015430-16,activity,null,4,0,0.582,CC(CC1=CC=C(O)C=C1)NCC(O)C2=CC(O)=CC(O)=C2,null,null,null,null,null,F1016,SIGMA,2021_LOPAC_01,null,null,Fenoterol hydrobromide,null,4,null,null,null,10.828,0,null,null,null,null,null,null,null,null,null,0,null,null,10.978,0.15,37.365,null,null,null,null,null,null,null,null,null,null,LSLYOANBFKQKPT,null,TRND,XJFsEYBemtMYVrmzKW,null,null,null,null,BR,null,null,null,null,[NO STEREO] 1944-12-3,null,null,null,0,4,null,null,null,173030,null,1,1,2025-06-17 15:22:09,null,null,null,null,null,null,null,364784343,activity,null,HTS,null,10.978,0.15,9.28,0.582,null,null,null,null,null,null,null,null,null,null,null,null,null,null,null,null,null,null,null,null,null,278937362
TRND-Glioblastoma_LOPAC_A172-primary_screen2,NCGC00023339-32,activity,null,4,0,9.312,CC[C@H]1[C@@H](CC2=CN=CN2C)COC1=O,null,null,null,null,null,P6628,SIGMA,2021_LOPAC_01,null,null,Pilocarpine nitrate,null,4,null,null,null,50.857,0,null,null,null,null,null,null,null,null,null,0,null,null,15.992,-34.865,-75.012,null,null,null,null,null,null,null,null,null,null,QCHFTSOMWOSFHM,null,TRND,TgNeogCqjfhooWEULF,null,null,null,null,NITRIC_ACID,null,null,null,null,148-72-1,null,null,null,0,4,null,null,null,173030,null,1,1,2025-06-17 15:22:09,null,null,null,null,null,null,null,364785243,activity,null,HTS,null,-34.865,15.992,8.116,9.312,null,null,null,null,null,null,null,null,null,null,null,null,null,null,null,null,null,null,null,null,null,278937363
TRND-Glioblastoma_LOPAC_A172-primary_screen2,NCGC00507863-05,activity,null,4,-20.95,-13.709,COC(=O)[C@H]1CC2=C(NC3=C2C=CC=C3)[C@@H](N1C(=O)CCl)C4=CC=C(C=C4)C(=O)OC,null,null,null,null,null,SML2234,SIGMA,2021_LOPAC_01,null,null,"1S,3R-RSL 3",null,4,null,null,null,24.942,-16.45,4.955,0.699,0.484,null,null,null,null,null,null,4.5,null,null,11.234,-13.709,24.295,11.447,null,null,null,null,null,null,null,null,null,TXJZRSRTYPUYRW,null,TRND,GjcitxFzEJufVeLqfw,null,Phospholipid hydroperoxide glutathione peroxidase inhibitor,null,null,null,null,null,null,null,null,GPX4,null,null,0,4,0,null,null,173030,0 0 0 0,1,1,2025-06-17 15:22:09,null,null,null,null,null,null,null,364781719,activity,null,HTS,null,10.739,-8.81,11.234,-13.709,null,null,null,null,null,null,null,null,null,null,null,null,null,null,null,null,null,null,null,null,null,278937364
TRND-Glioblastoma_LOPAC_A172-primary_screen2,NCGC00016105-09,activity,null,4,19,10.101,CCCOC1=C(C=CC=C1)C2=NC(=O)C3=C(NN=N3)N2,null,null,null,null,null,Z0878,SIGMA,2021_LOPAC_01,null,null,Zaprinast,null,4,null,null,null,12.492,21,1,1,0.996,null,null,null,null,null,null,2,null,null,17.085,4.593,40.335,40.582,null,null,null,null,null,null,null,null,null,REZGGXNDEMKIQB,null,TRND,kVohSmRqJXptUfDxsa,null,null,null,null,null,null,null,null,null,37762-06-4,null,null,null,0,4,1,null,null,173030,0 0 0 1,1,1,2025-06-17 15:22:09,null,null,null,null,null,null,null,364782691,activity,null,HTS,null,4.593,9.528,17.085,10.101,null,null,null,null,null,null,null,null,null,null,null,null,null,null,null,null,null,null,null,null,null,278937365
TRND-Glioblastoma_LOPAC_A172-primary_screen2,NCGC00024502-10,activity,null,4,-12.783,5.757,N[C@@H](CCC(O)=O)C(O)=O,null,null,null,null,null,G2128,SIGMA,2021_LOPAC_01,null,null,L-Glutamic acid hydrochloride,null,4,null,null,null,11.703,1.217,1,0.662,0.575,null,null,null,null,null,null,14,null,null,11.051,-0.652,38.965,38.914,null,null,null,null,null,null,null,null,null,WHUUTDBJXJRKMK,null,TRND,NDJzcJKYvQhawROSxD,null,null,null,null,CL,null,null,null,null,56-86-0,null,null,null,0,4,0,null,null,173030,0 0 0 0,1,1,2025-06-17 15:22:09,null,null,null,null,null,null,null,364783143,activity,null,HTS,null,11.051,8.195,-0.652,5.757,null,null,null,null,null,null,null,null,null,null,null,null,null,null,null,null,null,null,null,null,null,278937366
TRND-Glioblastoma_LOPAC_A172-primary_screen2,NCGC00378815-05,activity,null,4,-38.092,-12.16,[O-][N+](=O)C1=CC=C(CNC2=C3N=CNC3=NC(NCC4=CC=CC(=C4)C(F)(F)F)=N2)C=C1,null,null,null,null,null,T3955,SIGMA,2021_LOPAC_01,null,null,TNP,null,4,null,null,null,32.315,-10.092,1,0.336,0.923,null,null,null,null,null,null,28,null,null,20.155,-12.16,49.024,44.951,null,null,null,null,null,null,null,null,null,DDSBPUYZPWNNGH,null,TRND,IFeQgQOfNIqixCxOWL,null,null,null,null,null,null,null,null,null,null,null,null,null,0,4,0,null,null,173030,0 0 0 0,1,1,2025-06-17 15:22:09,null,null,null,null,null,null,null,364784083,activity,null,HTS,null,20.155,0.883,-1.622,-12.16,null,null,null,null,null,null,null,null,null,null,null,null,null,null,null,null,null,null,null,null,null,278937870
TRND-Glioblastoma_LOPAC_A172-primary_screen2,NCGC00690013-01,activity,null,4,-52.811,-19.009,N[C@@H](CC(=O)N1CCN(CC1)C(C2=CC=C(F)C=C2)C3=CC=C(F)C=C3)C(=O)N4CC5=C(C4)C=CC=C5,null,null,null,null,null,SML2247,SIGMA,2021_LOPAC_01,null,null,1G244,null,4,null,null,null,38.656,-26.811,0.7,0.126,0.99,null,null,null,null,null,null,26,null,null,19.647,-19.009,43.803,40.621,null,null,null,null,null,null,null,null,null,ZKIQFLSGMMYCGS,null,TRND,zFtfDECYwFPIKrVpRa,null,null,null,null,null,null,null,null,null,null,null,null,null,0,4,0,null,null,173030,0 0 0 0,1,1,2025-06-17 15:22:09,null,null,null,null,null,null,null,364784411,activity,null,HTS,null,19.647,5.282,-6.321,-19.009,null,null,null,null,null,null,null,null,null,null,null,null,null,null,null,null,null,null,null,null,null,278937871
TRND-Glioblastoma_LOPAC_A172-primary_screen2,NCGC00015356-10,activity,null,4,0,1.503,C[N+]1(C)CCN(CC1)C2=CC=CC=C2,null,null,null,null,null,D5891,SIGMA,2021_LOPAC_01,null,null,"1,1-Dimethyl-4-phenyl-piperazinium iodide",null,4,null,null,null,4.863,0,null,null,null,null,null,null,null,null,null,0,null,null,6.366,1.503,21.36,null,null,null,null,null,null,null,null,null,null,MKGIQRNAGSSHRV,null,TRND,kjGdFfaqswrKTcSzdS,null,null,null,null,I,null,null,null,null,54-77-3,null,null,null,0,4,null,null,null,173030,null,1,1,2025-06-17 15:22:09,null,null,null,null,null,null,null,364784759,activity,null,HTS,null,6.366,1.875,2.277,1.503,null,null,null,null,null,null,null,null,null,null,null,null,null,null,null,null,null,null,null,null,null,278937872
TRND-Glioblastoma_LOPAC_A172-primary_screen2,NCGC00016067-08,activity,null,4,10,9.93,COC1=C(C=CC=C1)N2CCN(CCCNC3=C(C)C(=O)N(C)C(=O)N3C)CC2,null,null,null,null,null,U101,SIGMA,2021_LOPAC_01,null,null,"Urapidil, 5-Methyl-",null,4,null,null,null,10.995,8,4.955,0.725,0.414,null,null,null,null,null,null,-2,null,null,11.922,0.927,17.582,18.212,null,null,null,null,null,null,null,null,null,HIHZDNKKIUQQSC,null,TRND,HmDlHtBNIchusvkkzy,null,null,null,null,CL,null,null,null,null,34661-85-3,null,null,null,0,4,0,null,null,173030,0 0 0 0,1,1,2025-06-17 15:22:09,null,null,null,null,null,null,null,364785167,activity,null,HTS,null,0.927,11.922,2.087,9.93,null,null,null,null,null,null,null,null,null,null,null,null,null,null,null,null,null,null,null,null,null,278937873
TRND-Glioblastoma_LOPAC_A172-primary_screen2,NCGC00690000-01,activity,null,4,-19.827,-16.939,CC(C)C1=C(C)N(C)N(C1=O)C2=CC=C(C=C2)[S+]([O-])(=O)NCCOC3=CC=CC=C3,null,null,null,null,null,SML2226,SIGMA,2021_LOPAC_01,null,null,BC-LI-0186,null,4,null,null,null,19.771,-16.827,4.955,0.033,0.999,null,null,null,null,null,null,3,null,null,2.832,-16.939,1.264,2.057,null,null,null,null,null,null,null,null,null,SKJNWISGYCICSD,null,TRND,baUbSqRMUALPLWoOWC,null,Leucyl-tRNA synthetase-RagD Interaction inhibitor,null,null,null,null,null,null,null,null,LARS1,null,null,0,4,0,null,null,173030,0 0 0 0,1,1,2025-06-17 15:22:09,null,null,null,null,null,null,null,364784367,activity,null,HTS,null,2.832,2.644,0.663,-16.939,null,null,null,null,null,null,null,null,null,null,null,null,null,null,null,null,null,null,null,null,null,278937874
TRND-Glioblastoma_LOPAC_A172-primary_screen2,NCGC00015807-07,activity,null,4,19.5,5.372,CN1C2=C(NC(=N2)C3=CC=CC=C3)C(=O)N(C)C1=O,null,null,null,null,null,P2278,SIGMA,2021_LOPAC_01,null,null,"1,3-Dimethyl-8-phenylxanthine",null,4,null,null,null,23.252,24,4.955,1,0.751,null,null,null,null,null,null,4.5,null,null,28.623,5.372,72.397,74.984,null,null,null,null,null,null,null,null,null,PJFMAVHETLRJHJ,null,TRND,ROJjpJZPTRkLZkRaqN,null,null,null,null,null,null,null,null,null,961-45-5,null,null,null,0,4,1,null,null,173030,0 0 0 1,1,1,2025-06-17 15:22:09,null,null,null,null,null,null,null,364782639,activity,null,HTS,null,10.29,28.623,19.459,5.372,null,null,null,null,null,null,null,null,null,null,null,null,null,null,null,null,null,null,null,null,null,278937875
TRND-Glioblastoma_LOPAC_A172-primary_screen2,NCGC00015821-23,activity,null,4,9,14.141,NC(=O)CN1CCCC1=O,null,null,null,null,null,P5295,SIGMA,2021_LOPAC_01,null,null,Piracetam,null,4,null,null,null,10.268,14.5,3.572,0.412,0.88,null,null,null,null,null,null,5.5,null,null,14.141,3.874,35.566,30.769,null,null,null,null,null,null,null,null,null,GMZVRMREEHBGGF,null,TRND,gzLClrbltmhGHWstLN,null,null,null,null,null,null,null,null,null,7491-74-9,null,null,null,0,4,0,null,null,173030,0 0 0 0,1,1,2025-06-17 15:22:09,null,null,null,null,null,null,null,364784587,activity,null,HTS,null,7.616,3.874,6.134,14.141,null,null,null,null,null,null,null,null,null,null,null,null,null,null,null,null,null,null,null,null,null,278937876
TRND-Glioblastoma_LOPAC_A172-primary_screen2,NCGC00248115-05,activity,8.912509,-3,-75.285,-55.374,CC(C)C1=CC=CC(C(C)C)=C1N2C(=O)C3=C(C=C(O)C=C3)C2=O,null,null,null,null,null,H9415,SIGMA,2021_LOPAC_01,-5.05,null,5HPP-33,null,-3,null,null,null,76.721,-58.285,2.406,0.157,0.984,null,null,null,null,null,null,17,null,null,21.347,-55.374,12.347,23.82,null,null,null,null,null,null,null,null,null,LAKWINYVWJPHQW,null,TRND,sQqJcQhrehpHBEkeGZ,null,null,null,null,null,null,null,null,null,null,null,null,null,0,4,0,null,null,173030,0 0 0 0,1,1,2025-06-17 15:22:09,null,null,null,null,null,null,null,364783231,activity,null,HTS,18.811592,11.703,21.347,-8.494,-55.374,null,null,null,null,null,null,null,null,null,null,null,null,null,null,null,null,null,null,null,null,null,278937877
TRND-Glioblastoma_LOPAC_A172-primary_screen2,NCGC00091032-22,activity,null,4,-16.739,-4.783,[H][C@@]12CC[C@](OC(C)=O)(C(C)=O)[C@@]1(C)CC[C@@]3([H])[C@@]2([H])C=C(Cl)C4=CC(=O)[C@@H]5C[C@@H]5[C@]34C,null,null,null,null,null,C3412,SIGMA,2021_LOPAC_01,null,null,Cyproterone acetate,null,4,null,null,null,21.194,-6.739,4.955,0.683,0.523,null,null,null,null,null,null,10,null,null,16.411,-4.783,52.07,39.241,null,null,null,null,null,null,null,null,null,UWFYSQMTEOIJJG,null,TRND,zFSYcxAkyzxBqBZBUO,null,Androgen Receptor antagonist,null,null,null,null,null,null,null,427-51-0,AR,null,null,0,4,0,null,null,173030,0 0 0 0,1,1,2025-06-17 15:22:09,null,null,null,null,null,null,null,364784459,activity,null,HTS,null,16.411,0.177,12.75,-4.783,null,null,null,null,null,null,null,null,null,null,null,null,null,null,null,null,null,null,null,null,null,278937878
TRND-Glioblastoma_LOPAC_A172-primary_screen2,NCGC00015608-30,activity,10,-2.3,-105.111,-97.743,CN(C)C(=O)C(CCN1CCC(O)(CC1)C2=CC=C(Cl)C=C2)(C3=CC=CC=C3)C4=CC=CC=C4,null,null,null,null,null,L4762,SIGMA,2021_LOPAC_01,-5,null,Loperamide hydrochloride,null,-2.1,null,null,null,110.288,-99.111,3.627,0.146,0.987,null,null,null,null,null,null,6,null,null,12.546,-97.743,-26.781,-40.169,null,null,null,null,null,null,null,null,null,RDOIQAHITMMDAJ,null,TRND,hBtxmwOvJTohApsbNv,null,Mu-opiod receptor agonist,null,null,CL,null,null,null,null,34552-83-5,OP4M1,null,null,0,4,0,null,null,173030,0 0 0 0,1,1,2025-06-17 15:22:09,null,null,null,null,null,null,null,364784243,activity,null,HTS,10.049579,12.546,-1.567,-13.042,-97.743,null,null,null,null,null,null,null,null,null,null,null,null,null,null,null,null,null,null,null,null,null,278937879
TRND-Glioblastoma_LOPAC_A172-primary_screen2,NCGC00015948-25,activity,null,4,-25.619,-5.516,[H][C@@]12CC[C@@]3(CCC(=O)O3)[C@@]1(C)CC[C@@]4([H])[C@@]2([H])[C@@]([H])(CC5=CC(=O)CC[C@]45C)SC(C)=O,null,null,null,null,null,S3378,SIGMA,2021_LOPAC_01,null,null,Spironolactone,null,4,null,null,null,24.553,-9.619,1.644,0.304,0.939,null,null,null,null,null,null,16,null,null,19.037,-5.516,65.352,58.756,null,null,null,null,null,null,null,null,null,LXMSZDCAJNLERA,null,TRND,yTaDqvGWmbVBfKqeUO,null,null,null,null,null,null,null,null,null,[NO STEREO] 52-01-7,null,null,null,0,4,0,null,null,173030,0 0 0 0,1,1,2025-06-17 15:22:09,null,null,null,null,null,null,null,364781699,activity,null,HTS,null,19.037,12.209,9.851,-5.516,null,null,null,null,null,null,null,null,null,null,null,null,null,null,null,null,null,null,null,null,null,278937880
TRND-Glioblastoma_LOPAC_A172-primary_screen2,NCGC00186021-03,activity,null,4,-16.841,-7.367,NC(=N)C1=CC=C(C[S+]([O-])(F)=O)C=C1,null,null,null,null,null,A6664,SIGMA,2021_LOPAC_01,null,null,4-Amidinophenylmethanesulfonyl fluoride hydrochloride,null,4,null,null,null,15.24,-8.841,4.504,0.036,0.999,null,null,null,null,null,null,8,null,null,7.873,-7.367,28.397,29.456,null,null,null,null,null,null,null,null,null,ABWNNKAYIRRMIV,null,TRND,EIsqAbsXIPZXVbPkiH,null,null,null,null,CL,null,null,null,null,null,null,null,null,0,4,0,null,null,173030,0 0 0 0,1,1,2025-06-17 15:22:09,null,null,null,null,null,null,null,364782979,activity,null,HTS,null,7.667,7.853,7.873,-7.367,null,null,null,null,null,null,null,null,null,null,null,null,null,null,null,null,null,null,null,null,null,278937881
TRND-Glioblastoma_LOPAC_A172-primary_screen2,NCGC00021580-28,activity,1.778279,-1.2,-37.62,-11.35,C[C@]12C[C@H](O)[C@@]3(F)[C@@H](CCC4=CC(=O)C=C[C@]34C)[C@@H]1C[C@@H](O)[C@]2(O)C(=O)CO,null,null,null,null,null,T6376,SIGMA,2021_LOPAC_01,-5.75,null,Triamcinolone,null,4,null,null,null,36.293,-11.62,1.558,0.041,0.999,null,null,null,null,null,null,26,null,null,24.943,-11.35,65.774,63.876,null,null,null,null,null,null,null,null,null,GFNANZIMVAIWHM,null,TRND,dGBTFTQtwvmDGLqiDS,null,null,null,null,null,null,null,null,null,124-94-7,null,null,null,0,4,0,null,null,173030,0 0 0 0,1,1,2025-06-17 15:22:09,null,null,null,null,null,null,null,364783943,activity,null,HTS,null,24.943,10.906,-7.296,-11.35,null,null,null,null,null,null,null,null,null,null,null,null,null,null,null,null,null,null,null,null,null,278937882
TRND-Glioblastoma_LOPAC_A172-primary_screen2,NCGC00015798-29,activity,null,4,-39.686,-8.072,CC(C)NCC(O)COC1=C2C=CC=CC2=CC=C1,null,null,null,null,null,P0884,SIGMA,2021_LOPAC_01,null,null,(±)-Propranolol hydrochloride,null,4,null,null,null,30.547,-13.686,0.8,0.106,0.993,null,null,null,null,null,null,26,null,null,22.475,-8.072,71.376,70.618,null,null,null,null,null,null,null,null,null,AQHHHDLHHXJYJD,null,TRND,gkStVHQtOGuEdOfsjk,null,null,null,null,CL,null,null,null,null,318-98-9,null,null,null,0,4,0,null,null,173030,0 0 0 0,1,1,2025-06-17 15:22:09,null,null,null,null,null,null,null,364781343,activity,null,HTS,null,22.475,14.478,4.476,-8.072,null,null,null,null,null,null,null,null,null,null,null,null,null,null,null,null,null,null,null,null,null,278937883
TRND-Glioblastoma_LOPAC_A172-primary_screen2,NCGC00246951-08,activity,null,4,-21.69,-1.825,O\C1=C\C2=C(/OC1=O)C3=C(C=C(O)C(O)=C3O)C(=O)O2,null,null,null,null,null,SML0776,SIGMA,2021_LOPAC_01,null,null,Galloflavin potassium,null,4,null,null,null,17.673,-3.69,0.91,0.038,0.999,null,null,null,null,null,null,18,null,null,15.849,-1.825,52.54,52.461,null,null,null,null,null,null,null,null,null,VYKVZHXHVUVABA,null,TRND,BUHVNwmrCnrAjdycvY,null,null,null,null,null,null,null,null,null,null,null,null,null,0,4,0,null,null,173030,0 0 0 0,1,1,2025-06-17 15:22:09,null,null,null,null,null,null,null,364783279,activity,null,HTS,null,15.849,10.414,3.202,-1.825,null,null,null,null,null,null,null,null,null,null,null,null,null,null,null,null,null,null,null,null,null,278937884
TRND-Glioblastoma_LOPAC_A172-primary_screen2,NCGC00025212-33,activity,2.818383,-1.1,-115.869,-96.596,C[C@]12[C@@H]3CC[C@@H](O3)[C@@]1(C)C(=O)OC2=O,null,null,null,null,null,C7632,SIGMA,2021_LOPAC_01,-5.55,null,Cantharidin,null,-1.1,null,null,null,114.708,-97.369,2.533,0.008,1,null,null,null,null,null,null,18.5,null,null,18.112,-96.596,-58.245,-58.009,null,null,null,null,null,null,null,null,null,DHZBEENLJMYSHQ,null,TRND,OSstLqmyOyGadGVFia,null,Protein Phosphatase 2A inhibitor,null,null,null,null,null,null,null,56-25-7,PPP2CA,null,null,0,4,0,null,null,173030,0 0 0 0,1,1,2025-06-17 15:22:09,null,null,null,null,null,null,null,364780575,activity,null,HTS,2.879173,18.112,3.444,-85.996,-96.596,null,null,null,null,null,null,null,null,null,null,null,null,null,null,null,null,null,null,null,null,null,278937885
TRND-Glioblastoma_LOPAC_A172-primary_screen2,NCGC00487269-04,activity,19.952623,-3,-114.399,-96.203,OC1=CC=C2[C@H]([C@H](CCC2=C1)C3=CC=CC=C3)C4=CC=C(OCCN5CCCC5)C=C4,null,null,null,null,null,SML1026,SIGMA,2021_LOPAC_01,-4.7,null,Lasofoxifene tartrate,null,-3,null,null,null,108.314,-103.899,4.955,0.057,0.998,null,null,null,null,null,null,10.5,null,null,12.111,-96.203,-13.488,-6.743,null,null,null,null,null,null,null,null,null,GXESHMAMLJKROZ,null,TRND,EslLpQyzSNrCCoSoJx,null,null,null,null,TARTRATE,null,null,null,null,[NO STEREO] 190791-29-8,null,null,null,0,4,0,null,null,173030,0 0 0 0,1,1,2025-06-17 15:22:09,null,null,null,null,null,null,null,364782891,activity,null,HTS,19.652562,7.322,11.87,12.111,-96.203,null,null,null,null,null,null,null,null,null,null,null,null,null,null,null,null,null,null,null,null,null,278937886
TRND-Glioblastoma_LOPAC_A172-primary_screen2,NCGC00346548-11,activity,null,4,-7.166,-1.253,CCCNC(=O)NC1=CC=C(OC2=NC=NC3=CC(OC)=C(OC)C=C23)C=C1Cl,null,null,null,null,null,SML0957,SIGMA,2021_LOPAC_01,null,null,KRN633    ,null,4,null,null,null,11.272,-3.666,4.955,0.557,0.745,null,null,null,null,null,null,3.5,null,null,4.884,-6.388,4.05,7.619,null,null,null,null,null,null,null,null,null,VPBYZLCHOKSGRX,null,TRND,oKLSLnYdXaUvpnNjzt,null,Vascular Endothelial Growth Factor Receptor 2 (VEGFR-2) inhibitor,null,null,null,null,null,null,null,null,KDR,null,null,0,4,0,null,null,173030,0 0 0 0,1,1,2025-06-17 15:22:09,null,null,null,null,null,null,null,364781611,activity,null,HTS,null,2.077,4.884,-6.388,-1.253,null,null,null,null,null,null,null,null,null,null,null,null,null,null,null,null,null,null,null,null,null,278937887
TRND-Glioblastoma_LOPAC_A172-primary_screen2,NCGC00015811-06,activity,null,4,-39.896,-25.747,S=C(NC1=NC=CS1)NC2=CC=CC=C2,null,null,null,null,null,P4015,SIGMA,2021_LOPAC_01,null,null,1-Phenyl-3-(2-thiazolyl)-2-thiourea,null,4,null,null,null,38.335,-27.896,1.967,0.111,0.992,null,null,null,null,null,null,12,null,null,12.588,-25.747,19.521,24.075,null,null,null,null,null,null,null,null,null,GCZZOZBWAZHCAN,null,TRND,MehbPiwFvXujTKFFnx,null,null,null,null,null,null,null,null,null,null,null,null,null,0,4,0,null,null,173030,0 0 0 0,1,1,2025-06-17 15:22:09,null,null,null,null,null,null,null,364781375,activity,null,HTS,null,9.965,12.588,-4.856,-25.747,null,null,null,null,null,null,null,null,null,null,null,null,null,null,null,null,null,null,null,null,null,278937888
TRND-Glioblastoma_LOPAC_A172-primary_screen2,NCGC00015550-18,activity,null,4,0,10.624,CC(C)[N+]1(C)C2CCC1CC(C2)C(=O)OC(CO)C3=CC=CC=C3,null,null,null,null,null,I1637,SIGMA,2021_LOPAC_01,null,null,Ipratropium bromide,null,4,null,null,null,22.817,0,null,null,null,null,null,null,null,null,null,0,null,null,20.229,-2.587,66.376,null,null,null,null,null,null,null,null,null,null,JQWQIOQHLSYJGI,null,TRND,qESyWCGHQCImYmMFIU,null,null,null,null,BR,null,null,null,null,null,null,null,null,0,4,null,null,null,173030,null,1,1,2025-06-17 15:22:09,null,null,null,null,null,null,null,364781891,activity,null,HTS,null,17.459,-2.587,20.229,10.624,null,null,null,null,null,null,null,null,null,null,null,null,null,null,null,null,null,null,null,null,null,278937889
TRND-Glioblastoma_LOPAC_A172-primary_screen2,NCGC00017331-20,activity,null,4,-12.452,1.049,O[C@H]1CC2=C(O[C@@H]1C3=CC(O)=C(O)C=C3)C=C(O)C=C2O,null,null,null,null,null,C1251,SIGMA,2021_LOPAC_01,null,null,(+)-Catechin Hydrate,null,4,null,null,null,15.445,0.548,4.955,0.738,0.37,null,null,null,null,null,null,13,null,null,9.235,-6.21,27.017,26.707,null,null,null,null,null,null,null,null,null,PFTAWBLQPZVEMU,null,TRND,EaGRIWmRVYuNFylWYj,null,null,null,null,H2O,null,null,null,null,7295-85-4|154-23-4,null,null,null,0,4,0,null,null,173030,0 0 0 0,1,1,2025-06-17 15:22:09,null,null,null,null,null,null,null,364783779,activity,null,HTS,null,9.235,-6.21,7.404,1.049,null,null,null,null,null,null,null,null,null,null,null,null,null,null,null,null,null,null,null,null,null,278937890
TRND-Glioblastoma_LOPAC_A172-primary_screen2,NCGC00015588-10,activity,null,4,0,8.047,ClC1=CC=C(C=C1)N2CCN(CC3=CNC4=C3C=CC=N4)CC2,null,null,null,null,null,L131,SIGMA,2021_LOPAC_01,null,null,"L-745,870 hydrochloride",null,4,null,null,null,8.803,0,null,null,null,null,null,null,null,null,null,0,null,null,13.575,4.772,30.442,null,null,null,null,null,null,null,null,null,null,OGJGQVFWEPNYSB,null,TRND,iRlnrpfjEHFQejqtym,null,null,null,null,CL,null,null,null,null,null,null,null,null,0,4,null,null,null,173030,null,1,1,2025-06-17 15:22:09,null,null,null,null,null,null,null,364784939,activity,null,HTS,null,4.772,13.575,4.977,8.047,null,null,null,null,null,null,null,null,null,null,null,null,null,null,null,null,null,null,null,null,null,278937891
TRND-Glioblastoma_LOPAC_A172-primary_screen2,NCGC00016064-22,activity,3.162278,-3,-106.233,1.985,CC(C)(C)C1=CC=C(C=C1)C(O)CCCN2CCC(CC2)C(O)(C3=CC=CC=C3)C4=CC=CC=C4,null,null,null,null,null,T9652,SIGMA,2021_LOPAC_01,-5.5,null,Terfenadine,null,-3,null,null,null,97.597,-103.233,3.247,1,1,null,null,null,null,null,null,3,null,null,3.062,-94.535,-109.316,-114.265,null,null,null,null,null,null,null,null,null,GUGOEEXESWIERI,null,TRND,uCTRBtbIkFxjQyQhrx,null,null,null,null,null,null,null,null,null,50679-08-8,null,null,null,0,4,1,null,null,173030,0 0 0 1,1,1,2025-06-17 15:22:09,null,null,null,null,null,null,null,364781299,activity,null,HTS,3.101859,3.062,-2.875,-94.535,1.985,null,null,null,null,null,null,null,null,null,null,null,null,null,null,null,null,null,null,null,null,null,278937892
TRND-Glioblastoma_LOPAC_A172-primary_screen2,NCGC00507728-02,activity,null,4,-22.5,5.259,CN(C)C1=CC=C(\C=C\C2=CC(\C=C\C3=CC=C(C=C3)N(C)C)=[O][B](F)(F)O2)C=C1,null,null,null,null,null,SML0842,SIGMA,2021_LOPAC_01,null,null,CRANAD 2,null,4,null,null,null,22.566,5.5,4.955,0.058,0.998,null,null,null,null,null,null,28,null,null,27.824,5.259,91.361,91.275,null,null,null,null,null,null,null,null,null,PVXQJYXODFZTBR,null,TRND,nIVKwWfbiudXxNuiWR,null,null,null,null,null,null,null,null,null,null,null,null,null,0,4,0,null,null,173030,0 0 0 0,1,1,2025-06-17 15:22:09,null,null,null,null,null,null,null,364781091,activity,null,HTS,null,27.824,10,6.278,5.259,null,null,null,null,null,null,null,null,null,null,null,null,null,null,null,null,null,null,null,null,null,278937893
TRND-Glioblastoma_LOPAC_A172-primary_screen2,NCGC00015030-07,activity,null,4,14.025,8.909,CC(N)=O,null,null,null,null,null,A0500,SIGMA,2021_LOPAC_01,null,null,Acetamide,null,4,null,null,null,14.864,10.5,2.72,0.249,0.96,null,null,null,null,null,null,-3.525,null,null,11.926,-2.938,8.296,7.322,null,null,null,null,null,null,null,null,null,DLFVBJFMPXGRIB,null,TRND,RVAZGLehdWvnBIOuRK,null,null,null,null,null,null,null,null,null,60-35-5,null,null,null,0,4,0,null,null,173030,0 0 0 0,1,1,2025-06-17 15:22:09,null,null,null,null,null,null,null,364780167,activity,null,HTS,null,-2.938,4.901,11.926,8.909,null,null,null,null,null,null,null,null,null,null,null,null,null,null,null,null,null,null,null,null,null,278937894
TRND-Glioblastoma_LOPAC_A172-primary_screen2,NCGC00015877-16,activity,11.220185,-3,-65.22,-55.456,CC1=C(CCN2CCC(CC2)=C(C3=CC=C(F)C=C3)C4=CC=C(F)C=C4)C(=O)N5C=CSC5=N1,null,null,null,null,null,R103,SIGMA,2021_LOPAC_01,-4.95,null,Ritanserin,null,-3,null,null,null,66.33,-55.72,4.955,0.041,0.999,null,null,null,null,null,null,9.5,null,null,10.875,-55.456,4.95,7.288,null,null,null,null,null,null,null,null,null,JUQLTPCYUFPYKE,null,TRND,ShCpAJcJqsTKwIkJWE,null,null,null,null,null,null,null,null,null,87051-43-2,null,null,null,0,4,0,null,null,173030,0 0 0 0,1,1,2025-06-17 15:22:09,null,null,null,null,null,null,null,364782899,activity,null,HTS,17.379311,8.416,10.875,4.499,-55.456,null,null,null,null,null,null,null,null,null,null,null,null,null,null,null,null,null,null,null,null,null,278937895
TRND-Glioblastoma_LOPAC_A172-primary_screen2,NCGC00016003-21,activity,null,4,-11.5,7.95,OC(CCN1CCCCC1)(C2CCCCC2)C3=CC=CC=C3,null,null,null,null,null,T1516,SIGMA,2021_LOPAC_01,null,null,Trihexyphenidyl hydrochloride,null,4,null,null,null,15.53,7.5,4.955,0.487,0.819,null,null,null,null,null,null,19,null,null,22.884,7.354,68.105,75.469,null,null,null,null,null,null,null,null,null,HWHLPVGTWGOCJO,null,TRND,JHwoBgUCPnXLLlfeih,null,null,null,null,CL,null,null,null,null,52-49-3,null,null,null,0,4,0,null,null,173030,0 0 0 0,1,1,2025-06-17 15:22:09,null,null,null,null,null,null,null,364780683,activity,null,HTS,null,15.42,22.884,7.354,7.95,null,null,null,null,null,null,null,null,null,null,null,null,null,null,null,null,null,null,null,null,null,278937896
TRND-Glioblastoma_LOPAC_A172-primary_screen2,NCGC00507734-02,activity,null,4,0,9.149,O[C@H](CC1=CC(O)=C(O)C=C1)C(O)=O,null,null,null,null,null,SML0679,SIGMA,2021_LOPAC_01,null,null,Danshensu sodium salt,null,4,null,null,null,13.289,0,null,null,null,null,null,null,null,null,null,0,null,null,15.175,1.886,47.149,null,null,null,null,null,null,null,null,null,null,PAFLSMZLRSPALU,null,TRND,XYbdcGvFhUYAIaZkIj,null,null,null,null,SODIUM,null,null,null,null,null,null,null,null,0,4,null,null,null,173030,null,1,1,2025-06-17 15:22:09,null,null,null,null,null,null,null,364784615,activity,null,HTS,null,10.958,1.886,15.175,9.149,null,null,null,null,null,null,null,null,null,null,null,null,null,null,null,null,null,null,null,null,null,278937897
TRND-Glioblastoma_LOPAC_A172-primary_screen2,NCGC00522010-02,activity,null,4,-21.617,-20.097,CCCC1=NC2=C(N)N=C3C=CC=CC3=C2S1,null,null,null,null,null,SML2235,SIGMA,2021_LOPAC_01,null,null,CL075,null,4,null,null,null,22.526,-22.617,4.955,0.302,0.94,null,null,null,null,null,null,-1,null,null,2.428,-20.097,-17.516,-14.706,null,null,null,null,null,null,null,null,null,NFYMGJSUKCDVJR,null,TRND,UidrqxkVvgPJpXwPxm,null,null,null,null,null,null,null,null,null,null,null,null,null,0,4,0,null,null,173030,0 0 0 0,1,1,2025-06-17 15:22:09,null,null,null,null,null,null,null,364784275,activity,null,HTS,null,-2.382,-2.917,2.428,-20.097,null,null,null,null,null,null,null,null,null,null,null,null,null,null,null,null,null,null,null,null,null,278937898
TRND-Glioblastoma_LOPAC_A172-primary_screen2,NCGC00015826-21,activity,12.589254,-3,-86.634,-83.012,OCCN1CCN(CCCN2C3=C(SC4=C2C=C(Cl)C=C4)C=CC=C3)CC1,null,null,null,null,null,P6402,SIGMA,2021_LOPAC_01,-4.9,null,Perphenazine,null,-3,null,null,null,85.487,-84.634,4.095,0.019,1,null,null,null,null,null,null,2,null,null,2.475,-83.012,-38.944,-39.501,null,null,null,null,null,null,null,null,null,RGCVKNLCSQQDEP,null,TRND,DdUnoavhTrkREemyJP,null,null,null,null,null,null,null,null,null,58-39-9,null,null,null,0,4,0,null,null,173030,0 0 0 0,1,1,2025-06-17 15:22:09,null,null,null,null,null,null,null,364783323,activity,null,HTS,13.770266,2.475,1.033,-4.142,-83.012,null,null,null,null,null,null,null,null,null,null,null,null,null,null,null,null,null,null,null,null,null,278937899
TRND-Glioblastoma_LOPAC_A172-primary_screen2,NCGC00093588-07,activity,null,4,0,11.597,NC1=NC=NC2=C1N=CN2[C@@H]3O[C@@H]4COP(O)(=O)O[C@H]4[C@H]3O,null,null,null,null,null,A9501,SIGMA,2021_LOPAC_01,null,null,"Adenosine 3',5'-cyclic monophosphate",null,4,null,null,null,12.459,0,null,null,null,null,null,null,null,null,null,0,null,null,11.597,-0.863,38.479,null,null,null,null,null,null,null,null,null,null,IVOMOUWHDPKRLL,null,TRND,aWmKpOTDBhTDjAHSxH,null,null,null,null,null,null,null,null,null,60-92-4,null,null,null,0,4,null,null,null,173030,null,1,1,2025-06-17 15:22:09,null,null,null,null,null,null,null,364780191,activity,null,HTS,null,9.72,-0.863,8.596,11.597,null,null,null,null,null,null,null,null,null,null,null,null,null,null,null,null,null,null,null,null,null,278937900
TRND-Glioblastoma_LOPAC_A172-primary_screen2,NCGC00015011-06,activity,null,4,-10,15.418,NC1(CCCCC1)C(O)=O,null,null,null,null,null,A162,SIGMA,2021_LOPAC_01,null,null,1-Amino-1-cyclohexanecarboxylic acid hydrochloride,null,4,null,null,null,11.357,15,1.885,0.412,0.88,null,null,null,null,null,null,25,null,null,26.775,15.418,104.646,108.333,null,null,null,null,null,null,null,null,null,WOXWUZCRWJWTRT,null,TRND,NqQwknENKdvbFOTfQg,null,null,null,null,CL,null,null,null,null,39692-17-6,null,null,null,0,4,0,null,null,173030,0 0 0 0,1,1,2025-06-17 15:22:09,null,null,null,null,null,null,null,364782159,activity,null,HTS,null,23.127,26.775,19.519,15.418,null,null,null,null,null,null,null,null,null,null,null,null,null,null,null,null,null,null,null,null,null,278937901
TRND-Glioblastoma_LOPAC_A172-primary_screen2,NCGC00015016-09,activity,11.220185,-2.2,-57.855,-32.703,NC\C=C/C(O)=O,null,null,null,null,null,A201,SIGMA,2021_LOPAC_01,-4.95,null,cis-4-Aminocrotonic acid,null,-3,null,null,null,52.221,-38.855,1.989,0.02,1,null,null,null,null,null,null,19,null,null,19.518,-32.703,52.093,50.724,null,null,null,null,null,null,null,null,null,FMKJUUQOYOHLTF,null,TRND,JFUjYtETHjrynBTABE,null,null,null,null,null,null,null,null,null,null,null,null,null,0,4,0,null,null,173030,0 0 0 0,1,1,2025-06-17 15:22:09,null,null,null,null,null,null,null,364781535,activity,null,HTS,null,19.518,17.925,3.71,-32.703,null,null,null,null,null,null,null,null,null,null,null,null,null,null,null,null,null,null,null,null,null,278937902
TRND-Glioblastoma_LOPAC_A172-primary_screen2,NCGC00015261-10,activity,null,4,-15.5,18.95,C[N+](C)(C)CC#CCOC(=O)NC1=CC=CC(Cl)=C1,null,null,null,null,null,C7041,SIGMA,2021_LOPAC_01,null,null,McN-A-343,null,4,null,null,null,14.295,4,4.955,1,0.996,null,null,null,null,null,null,19.5,null,null,20.08,5.785,74.365,73.924,null,null,null,null,null,null,null,null,null,DDKOMKXCUXCQBS,null,TRND,ihMIPgvuyNzSEZdYRd,null,null,null,null,CL,null,null,null,null,55-45-8,null,null,null,0,4,1,null,null,173030,0 0 0 1,1,1,2025-06-17 15:22:09,null,null,null,null,null,null,null,364782479,activity,null,HTS,null,19.187,20.08,5.785,18.95,null,null,null,null,null,null,null,null,null,null,null,null,null,null,null,null,null,null,null,null,null,278937903
TRND-Glioblastoma_LOPAC_A172-primary_screen2,NCGC00024900-16,activity,null,4,-19.5,4.817,C[C@@]12N[C@@H](CC3=C1C=CC=C3)C4=C2C=CC=C4,null,null,null,null,null,M108,SIGMA,2021_LOPAC_01,null,null,(-)-MK-801 hydrogen maleate,null,4,null,null,null,19.291,-1,4.955,0.655,0.585,null,null,null,null,null,null,18.5,null,null,24.107,4.817,84.981,79.789,null,null,null,null,null,null,null,null,null,LBOJYSIDWZQNJS,null,TRND,bVMNihDanuVCiyGdPR,null,null,null,null,MALEATE,null,null,null,null,77086-19-2,null,null,null,0,4,0,null,null,173030,0 0 0 0,1,1,2025-06-17 15:22:09,null,null,null,null,null,null,null,364780647,activity,null,HTS,null,20.979,10.548,24.107,4.817,null,null,null,null,null,null,null,null,null,null,null,null,null,null,null,null,null,null,null,null,null,278938414
TRND-Glioblastoma_LOPAC_A172-primary_screen2,NCGC00162092-05,activity,null,4,0,1.659,CC1=C(N)C=CC(CN2C=NC3=C2C[C@H](N(C3)C(=O)C(C4=CC=CC=C4)C5=CC=CC=C5)C(O)=O)=C1,null,null,null,null,null,P5749,SIGMA,2021_LOPAC_01,null,null,S-(+)-PD 123177 trifluoroacetate salt hydrate,null,4,null,null,null,9.918,0,null,null,null,null,null,null,null,null,null,0,null,null,8.552,-1.366,24.728,null,null,null,null,null,null,null,null,null,null,KLVDUSUYBDMJKR,null,TRND,jZCHiazTcvSGJmypGi,null,null,null,null,H2O,null,null,null,null,null,null,null,null,0,4,null,null,null,173030,null,1,1,2025-06-17 15:22:09,null,null,null,null,null,null,null,364783155,activity,null,HTS,null,8.552,1.544,-1.366,1.659,null,null,null,null,null,null,null,null,null,null,null,null,null,null,null,null,null,null,null,null,null,278938415
TRND-Glioblastoma_LOPAC_A172-primary_screen2,NCGC00685448-02,activity,null,4,0,2.604,CC1=CN=C(CNCC2(F)CCN(CC2)C(=O)C3=CC=C(F)C(Cl)=C3)C=C1,null,null,null,null,null,SML2324,SIGMA,2021_LOPAC_01,null,null,NLx-112 hydrochloride,null,4,null,null,null,8.356,0,null,null,null,null,null,null,null,null,null,0,null,null,10.96,2.604,30.126,null,null,null,null,null,null,null,null,null,null,PKZXLMVXBZICTF,null,TRND,cZNIqfLEFjrYrzqDMR,null,5-HT1A Receptor agonist,null,null,CL,null,null,null,null,208110-64-9,HTR1A,null,null,0,4,null,null,null,173030,null,1,1,2025-06-17 15:22:09,null,null,null,null,null,null,null,364784695,activity,null,HTS,null,5.354,8.923,10.96,2.604,null,null,null,null,null,null,null,null,null,null,null,null,null,null,null,null,null,null,null,null,null,278938416
TRND-Glioblastoma_LOPAC_A172-primary_screen2,NCGC00024853-15,activity,null,4,0,9.676,[H][C@@]2(CNC(=O)C1=C(OC)C=CC(=C1)[S+](N)([O-])=O)CCCN2CC,null,null,null,null,null,S7771,SIGMA,2021_LOPAC_01,null,null,(-)-Sulpiride,null,4,null,null,null,6.144,0,null,null,null,null,null,null,null,null,null,0,null,null,15.398,9.254,50.049,null,null,null,null,null,null,null,null,null,null,LZSXQDDPWUOGTJ,null,TRND,cCiXecKJAJIoXMFXsn,null,null,null,null,null,null,null,null,null,23672-07-3,null,null,null,0,4,null,null,null,173030,null,1,1,2025-06-17 15:22:09,null,null,null,null,null,null,null,364782991,activity,null,HTS,null,9.254,15.398,12.184,9.676,null,null,null,null,null,null,null,null,null,null,null,null,null,null,null,null,null,null,null,null,null,278938417
TRND-Glioblastoma_LOPAC_A172-primary_screen2,NCGC00015925-18,activity,null,4,0,1.205,NC1=CC=C(C=C1)[S+]([O-])(=O)NC2=CC=NN2C3=CC=CC=C3,null,null,null,null,null,S0758,SIGMA,2021_LOPAC_01,null,null,Sulfaphenazole,null,4,null,null,null,9.704,0,null,null,null,null,null,null,null,null,null,0,null,null,10.909,1.205,39.555,null,null,null,null,null,null,null,null,null,null,MAJMNCJQOUUIHD,null,TRND,dIHqtHvatMpJNKBrUo,null,null,null,null,null,null,null,null,null,526-08-9,null,null,null,0,4,null,null,null,173030,null,1,1,2025-06-17 15:22:09,null,null,null,null,null,null,null,364783567,activity,null,HTS,null,8.914,10.909,9.382,1.205,null,null,null,null,null,null,null,null,null,null,null,null,null,null,null,null,null,null,null,null,null,278938418
TRND-Glioblastoma_LOPAC_A172-primary_screen2,NCGC00015962-28,activity,null,4,-14.024,-6.687,OC1=CC=C(C=C1)C2=NC(=C(N2)C3=CC=C(F)C=C3)C4=CC=NC=C4,null,null,null,null,null,S7067,SIGMA,2021_LOPAC_01,null,null,SB 202190,null,4,null,null,null,13.876,-7.524,4.955,0.21,0.972,null,null,null,null,null,null,6.5,null,null,7.189,-6.687,24.52,23.668,null,null,null,null,null,null,null,null,null,QHKYPYXTTXKZST,null,TRND,QiSKNdWQYmaXPBMtLd,null,Mitogen-Activated protein kinase 8 (JNK) inhibitor,null,null,null,null,null,null,null,152121-30-7,MAPK8,null,null,0,4,0,null,null,173030,0 0 0 0,1,1,2025-06-17 15:22:09,null,null,null,null,null,null,null,364781127,activity,null,HTS,null,7.074,4.833,7.189,-6.687,null,null,null,null,null,null,null,null,null,null,null,null,null,null,null,null,null,null,null,null,null,278938419
TRND-Glioblastoma_LOPAC_A172-primary_screen2,NCGC00507742-03,activity,10,-3,-29.526,-31.719,O=C(N1C=C(N=N1)C2=CC=C(C=C2)C3=CC=CC(=C3)C(=O)N4CCCCC4)N5CCCCC5C6=CC=CC=C6,null,null,null,null,null,SML1249,SIGMA,2021_LOPAC_01,-5,null,KT185,null,-3,null,null,null,29.605,-32.062,3.572,0.028,1,null,null,null,null,null,null,-2.536,null,null,-2.114,-31.719,-30.313,-31.181,null,null,null,null,null,null,null,null,null,SGQNTNACVSWXMA,null,TRND,uGUjqVIpMhKlLvdVwM,null,Monoacylglycerol Lipase ABHD6 inhibitor,null,null,null,null,null,null,null,null,ABHD6,null,null,0,4,0,null,null,173030,0 0 0 0,1,1,2025-06-17 15:22:09,null,null,null,null,null,null,null,364780815,activity,null,HTS,null,-2.114,-2.662,-8.455,-31.719,null,null,null,null,null,null,null,null,null,null,null,null,null,null,null,null,null,null,null,null,null,278938420
TRND-Glioblastoma_LOPAC_A172-primary_screen2,NCGC00162111-08,activity,null,4,-18,3.05,CO\N=C(/C(=O)N[C@H]1C2SCC(CSC3=NC(=O)C([O-])=NN3C)=C(N2C1=O)C([O-])=O)C4=CSC(N)=N4,null,null,null,null,null,C5793,SIGMA,2021_LOPAC_01,null,null,Ceftriaxone sodium,null,4,null,null,null,12.208,-2,0.6,0.488,0.819,null,null,null,null,null,null,16,null,null,15.258,3.05,57.812,55.293,null,null,null,null,null,null,null,null,null,VAAUVRVFOQPIGI,null,TRND,DWygAifcyEmRZsItnj,null,null,null,null,SODIUM,null,null,null,null,null,null,null,null,0,4,0,null,null,173030,0 0 0 0,1,1,2025-06-17 15:22:09,null,null,null,null,null,null,null,364781807,activity,null,HTS,null,15.258,9.358,10.476,3.05,null,null,null,null,null,null,null,null,null,null,null,null,null,null,null,null,null,null,null,null,null,278938421
TRND-Glioblastoma_LOPAC_A172-primary_screen2,NCGC00021147-27,activity,null,4,-22.5,1.25,CN(C)CCOC(C)(C1=CC=CC=C1)C2=CC=CC=N2,null,null,null,null,null,D3775,SIGMA,2021_LOPAC_01,null,null,Doxylamine succinate,null,4,null,null,null,23.616,0.5,2.333,0.211,0.971,null,null,null,null,null,null,23,null,null,24.865,1.25,85.637,90.104,null,null,null,null,null,null,null,null,null,HCFDWZZGGLSKEP,null,TRND,JHbilBDLuOuyqdEAtj,null,null,null,null,SUCCINICACID,null,null,null,null,562-10-7,null,null,null,0,4,0,null,null,173030,0 0 0 0,1,1,2025-06-17 15:22:09,null,null,null,null,null,null,null,364781531,activity,null,HTS,null,20.967,24.865,13.465,1.25,null,null,null,null,null,null,null,null,null,null,null,null,null,null,null,null,null,null,null,null,null,278938422
TRND-Glioblastoma_LOPAC_A172-primary_screen2,NCGC00015351-07,activity,null,4,0,3.229,CC1(C)CCC=[N+]1[O-],null,null,null,null,null,D5766,SIGMA,2021_LOPAC_01,null,null,"5,5-Dimethyl-1-pyrroline-N-oxide",null,4,null,null,null,9.116,0,null,null,null,null,null,null,null,null,null,0,null,null,11.856,2.74,38.589,null,null,null,null,null,null,null,null,null,null,VCUVETGKTILCLC,null,TRND,ukJPsYJAHprkuIqUkd,null,null,null,null,null,null,null,null,null,3317-61-1,null,null,null,0,4,null,null,null,173030,null,1,1,2025-06-17 15:22:09,null,null,null,null,null,null,null,364781563,activity,null,HTS,null,11.856,2.74,2.966,3.229,null,null,null,null,null,null,null,null,null,null,null,null,null,null,null,null,null,null,null,null,null,278938423
TRND-Glioblastoma_LOPAC_A172-primary_screen2,NCGC00162232-13,activity,null,4,-15.5,11.811,CCCCCN(CCCCC)C(=O)C(CCC([O-])=O)NC(=O)C1=CC(Cl)=C(Cl)C=C1,null,null,null,null,null,L109,SIGMA,2021_LOPAC_01,null,null,Lorglumide sodium,null,4,null,null,null,17.813,8,2.406,0.438,0.86,null,null,null,null,null,null,23.5,null,null,23.092,5.279,83.087,82.626,null,null,null,null,null,null,null,null,null,IEKOTSCYBBDIJC,null,TRND,KGFKmFLqBzjMUASNCt,null,null,null,null,SODIUM,null,null,null,null,null,null,null,null,0,4,0,null,null,173030,0 0 0 0,1,1,2025-06-17 15:22:09,null,null,null,null,null,null,null,364781103,activity,null,HTS,null,23.092,13.027,5.279,11.811,null,null,null,null,null,null,null,null,null,null,null,null,null,null,null,null,null,null,null,null,null,278938424
TRND-Glioblastoma_LOPAC_A172-primary_screen2,NCGC00094265-07,activity,null,4,-16,15.235,OC(=O)[C@@H]1CCCN[C@@H]1C(O)=O,null,null,null,null,null,P8782,SIGMA,2021_LOPAC_01,null,null,"(±)-cis-Piperidine-2,3-dicarboxylic acid",null,4,null,null,null,12.876,17,4.955,0.436,0.862,null,null,null,null,null,null,33,null,null,28.111,15.235,110.689,110.891,null,null,null,null,null,null,null,null,null,PTLWNCBCBZZBJI,null,TRND,RIqVIDZfNdcMOePGyO,null,null,null,null,null,null,null,null,null,null,null,null,null,0,4,0,null,null,173030,0 0 0 0,1,1,2025-06-17 15:22:09,null,null,null,null,null,null,null,364780347,activity,null,HTS,null,28.111,15.253,20.031,15.235,null,null,null,null,null,null,null,null,null,null,null,null,null,null,null,null,null,null,null,null,null,278938425
TRND-Glioblastoma_LOPAC_A172-primary_screen2,NCGC00379308-02,activity,11.220185,-3,-111.329,-89.668,CC(NC1=C2C=CC=CC2=NC(=N1)N3CCNCC3)C4=CC=CC=C4,null,null,null,null,null,SML2256,SIGMA,2021_LOPAC_01,-4.95,null,D3-ßArr,null,-3,null,null,null,112.124,-95.829,2.638,0.132,0.989,null,null,null,null,null,null,15.5,null,null,22.456,-89.668,16.144,1.408,null,null,null,null,null,null,null,null,null,LOGWGZNWEWFTJV,null,TRND,iOWvlIfukeNpaugbEb,null,null,null,null,null,null,null,null,null,null,null,null,null,0,4,0,null,null,173030,0 0 0 0,1,1,2025-06-17 15:22:09,null,null,null,null,null,null,null,364781095,activity,null,HTS,11.596823,22.456,9.292,-7.91,-89.668,null,null,null,null,null,null,null,null,null,null,null,null,null,null,null,null,null,null,null,null,null,278938426
TRND-Glioblastoma_LOPAC_A172-primary_screen2,NCGC00015000-09,activity,null,4,16,-0.825,CN1C2=C(NC(=N2)C3=CC=C(C=C3)[S+](O)([O-])=O)C(=O)N(C)C1=O,null,null,null,null,null,A013,SIGMA,2021_LOPAC_01,null,null,8-(p-Sulfophenyl)theophylline,null,4,null,null,null,19.957,14,4.955,1,0.655,null,null,null,null,null,null,-2,null,null,19.133,-0.825,26.57,30.088,null,null,null,null,null,null,null,null,null,VWZSKJSRNJOWFW,null,TRND,wHaVfEmTQRBIhVcbCf,null,null,null,null,H2O,null,null,null,null,null,null,null,null,0,4,1,null,null,173030,0 0 0 1,1,1,2025-06-17 15:22:09,null,null,null,null,null,null,null,364783403,activity,null,HTS,null,1.028,19.133,8.446,-0.825,null,null,null,null,null,null,null,null,null,null,null,null,null,null,null,null,null,null,null,null,null,278938427
TRND-Glioblastoma_LOPAC_A172-primary_screen2,NCGC00025077-05,activity,null,4,-15.92,14.231,C[C@H](NC[C@H](O)CP(O)(=O)CC1=CC=CC=C1)C2=CC=C(Cl)C(Cl)=C2,null,null,null,null,null,SML0594,SIGMA,2021_LOPAC_01,null,null,CGP 55845 hydrochloride,null,4,null,null,null,14.581,-1.92,1.826,1,1,null,null,null,null,null,null,14,null,null,14.231,-0.35,43.608,42.753,null,null,null,null,null,null,null,null,null,ZODSPDOOCZZEIM,null,TRND,jcCITFQIAxXFfQABdE,null,null,null,null,CL,null,null,null,null,null,null,null,null,0,4,1,null,null,173030,0 0 0 1,1,1,2025-06-17 15:22:09,null,null,null,null,null,null,null,364782771,activity,null,HTS,null,13.632,8.882,-0.35,14.231,null,null,null,null,null,null,null,null,null,null,null,null,null,null,null,null,null,null,null,null,null,278938428
TRND-Glioblastoma_LOPAC_A172-primary_screen2,NCGC00025327-09,activity,null,4,-31.619,-19.266,CC1=NC2=C(O1)C=C(NC(=O)NC3=CC=NC4=C3N=CC=C4)C=C2,null,null,null,null,null,SML1530,SIGMA,2021_LOPAC_01,null,null,SB-334867,null,4,null,null,null,36.671,-19.619,4.095,0.329,0.927,null,null,null,null,null,null,12,null,null,17.405,-19.266,49.175,37.604,null,null,null,null,null,null,null,null,null,AKMNUCBQGHFICM,null,TRND,ItcRqxrZmVgRiVpDJO,null,null,null,null,null,null,null,null,null,null,null,null,null,0,4,0,null,null,173030,0 0 0 0,1,1,2025-06-17 15:22:09,null,null,null,null,null,null,null,364783463,activity,null,HTS,null,17.405,6.906,8.83,-19.266,null,null,null,null,null,null,null,null,null,null,null,null,null,null,null,null,null,null,null,null,null,278938429
TRND-Glioblastoma_LOPAC_A172-primary_screen2,NCGC00093535-08,activity,11.220185,-3,-79.736,-43.107,CCCCC[C@H](CC(=O)NO)C(=O)N[C@@H](C(C)C)C(=O)N1CCC[C@H]1CO,null,null,null,null,null,A6671,SIGMA,2021_LOPAC_01,-4.95,null,Actinonin,null,-3,null,null,null,70.159,-54.236,1.644,0.082,0.996,null,null,null,null,null,null,25.5,null,null,27.053,-43.107,68.393,65.176,null,null,null,null,null,null,null,null,null,XJLATMLVMSFZBN,null,TRND,yPEOBDnkroaPYOGMph,null,null,null,null,null,null,null,null,null,13434-13-4,null,null,null,0,4,0,null,null,173030,0 0 0 0,1,1,2025-06-17 15:22:09,null,null,null,null,null,null,null,364780279,activity,null,HTS,33.3,27.053,20.251,2.611,-43.107,null,null,null,null,null,null,null,null,null,null,null,null,null,null,null,null,null,null,null,null,null,278938430
TRND-Glioblastoma_LOPAC_A172-primary_screen2,NCGC00163544-12,activity,null,4,-23.618,-2.181,CC(C)C[C@H](NC(=O)[C@H]1O[C@@H]1C(O)=O)C(=O)NCCCCNC(N)=N,null,null,null,null,null,E3132,SIGMA,2021_LOPAC_01,null,null,E-64,null,4,null,null,null,18.985,-4.618,0.7,0.31,0.936,null,null,null,null,null,null,19,null,null,16.804,-2.181,55.897,52.809,null,null,null,null,null,null,null,null,null,LTLYEAJONXGNFG,null,TRND,sBHdtRktyXSNautToB,null,null,null,null,null,null,null,null,null,[NO STEREO] 66701-25-5,null,null,null,0,4,0,null,null,173030,0 0 0 0,1,1,2025-06-17 15:22:09,null,null,null,null,null,null,null,364784767,activity,null,HTS,null,16.804,8.685,6.206,-2.181,null,null,null,null,null,null,null,null,null,null,null,null,null,null,null,null,null,null,null,null,null,278938431
TRND-Glioblastoma_LOPAC_A172-primary_screen2,NCGC00420698-05,activity,1.995262,-1.2,-48.482,-49.456,O=C(CC1=CC=CC=C1)NC2=NN=C(CCSCCC3=NN=C(NC(=O)CC4=CC=CC=C4)S3)S2,null,null,null,null,null,SML0601,SIGMA,2021_LOPAC_01,-5.7,null,BPTES,null,-1.2,null,null,null,44.568,-50.847,1.372,0.026,1,null,null,null,null,null,null,-2.365,null,null,-4.888,-49.456,-84.167,-84.898,null,null,null,null,null,null,null,null,null,MDJIPXYRSZHCFS,null,TRND,kTffcagdZagbDESDVD,null,Glutaminase inhibitor,null,null,null,null,null,null,null,null,GLS,null,null,0,4,0,null,null,173030,0 0 0 0,1,1,2025-06-17 15:22:09,null,null,null,null,null,null,null,364783503,activity,null,HTS,33.3,-4.888,-20.266,-43.533,-49.456,null,null,null,null,null,null,null,null,null,null,null,null,null,null,null,null,null,null,null,null,null,278938432
TRND-Glioblastoma_LOPAC_A172-primary_screen2,NCGC00016072-07,activity,null,4,-20.856,8.721,CC(C)OC1=C(N=CC=C1)N(C)C2CCN(CC3=CC=CC=C3)CC2,null,null,null,null,null,U115,SIGMA,2021_LOPAC_01,null,null,U-101958 maleate,null,4,null,null,null,18.716,1.644,4.955,1,0.813,null,null,null,null,null,null,22.5,null,null,18.42,-0.297,59.584,54.258,null,null,null,null,null,null,null,null,null,WFLHEXUTTRRXFJ,null,TRND,mhHnfenMQdBtLESfds,null,null,null,null,MALEATE,null,null,null,null,null,null,null,null,0,4,1,null,null,173030,0 0 0 1,1,1,2025-06-17 15:22:09,null,null,null,null,null,null,null,364785183,activity,null,HTS,null,18.42,-0.297,7.08,8.721,null,null,null,null,null,null,null,null,null,null,null,null,null,null,null,null,null,null,null,null,null,278938433
TRND-Glioblastoma_LOPAC_A172-primary_screen2,NCGC00015019-06,activity,null,4,-11,1.993,NC(CCC(O)=O)C#C,null,null,null,null,null,A230,SIGMA,2021_LOPAC_01,null,null,gamma-Acetylinic GABA,null,4,null,null,null,13.667,1.5,3.132,0.499,0.808,null,null,null,null,null,null,12.5,null,null,15.66,1.993,45.693,51.382,null,null,null,null,null,null,null,null,null,BJNIHWSOVCDBHS,null,TRND,GsWziEBNcHYWMxiqPY,null,null,null,null,null,null,null,null,null,57659-38-8,null,null,null,0,4,0,null,null,173030,0 0 0 0,1,1,2025-06-17 15:22:09,null,null,null,null,null,null,null,364783451,activity,null,HTS,null,9.661,15.66,9.853,1.993,null,null,null,null,null,null,null,null,null,null,null,null,null,null,null,null,null,null,null,null,null,278938434
TRND-Glioblastoma_LOPAC_A172-primary_screen2,NCGC00015441-16,activity,null,4,-12,13.303,CCCCC1=CC=C(N=C1)C(O)=O,null,null,null,null,null,F6513,SIGMA,2021_LOPAC_01,null,null,Fusaric acid,null,4,null,null,null,16.197,4,4.955,1,0.489,null,null,null,null,null,null,16,null,null,22.268,6.071,51.402,62.111,null,null,null,null,null,null,null,null,null,DGMPVYSXXIOGJY,null,TRND,NgyHVPdAgMCPCRdiUg,null,null,null,null,null,null,null,null,null,536-69-6,null,null,null,0,4,1,null,null,173030,0 0 0 1,1,1,2025-06-17 15:22:09,null,null,null,null,null,null,null,364783095,activity,null,HTS,null,10.235,22.268,6.071,13.303,null,null,null,null,null,null,null,null,null,null,null,null,null,null,null,null,null,null,null,null,null,278938435
TRND-Glioblastoma_LOPAC_A172-primary_screen2,NCGC00506850-02,activity,null,4,0,10.872,[O-][N+](=O)C1=CC=C(C=C1)C2=CC(=O)N3N=C(CC4=CC=CC=C4)C(=C3N2)C5=CC=C(Cl)C=C5,null,null,null,null,null,SML2238,SIGMA,2021_LOPAC_01,null,null,NAV-2729,null,4,null,null,null,7.433,0,null,null,null,null,null,null,null,null,null,0,null,null,15.25,7.817,61.463,null,null,null,null,null,null,null,null,null,null,GUUWHOSUKOCRHG,null,TRND,GnlVZoLIQTwdVtlhxi,null,null,null,null,null,null,null,null,null,null,null,null,null,0,4,null,null,null,173030,null,1,1,2025-06-17 15:22:09,null,null,null,null,null,null,null,364783915,activity,null,HTS,null,14.277,7.817,15.25,10.872,null,null,null,null,null,null,null,null,null,null,null,null,null,null,null,null,null,null,null,null,null,278938436
TRND-Glioblastoma_LOPAC_A172-primary_screen2,NCGC00015029-11,activity,null,4,0,-1.095,NC1(CC1)C(O)=O,null,null,null,null,null,A0430,SIGMA,2021_LOPAC_01,null,null,1-Aminocyclopropanecarboxylic acid hydrochloride,null,4,null,null,null,6.162,0,null,null,null,null,null,null,null,null,null,0,null,null,1.669,-4.493,0.413,null,null,null,null,null,null,null,null,null,null,PAJPWUMXBYXFCZ,null,TRND,VQxhtvJBWiWhUVNTpk,null,null,null,null,CL,null,null,null,null,null,null,null,null,0,4,null,null,null,173030,null,1,1,2025-06-17 15:22:09,null,null,null,null,null,null,null,364784627,activity,null,HTS,null,1.669,-0.715,-4.493,-1.095,null,null,null,null,null,null,null,null,null,null,null,null,null,null,null,null,null,null,null,null,null,278938437
TRND-Glioblastoma_LOPAC_A172-primary_screen2,NCGC00095209-14,activity,null,4,0,0.432,CC(C)=CCOC1=C2OC(=O)C=CC2=CC3=C1OC=C3,null,null,null,null,null,I6659,SIGMA,2021_LOPAC_01,null,null,Imperatorin,null,4,null,null,null,6.997,0,null,null,null,null,null,null,null,null,null,0,null,null,7.428,0.432,26.471,null,null,null,null,null,null,null,null,null,null,OLOOJGVNMBJLLR,null,TRND,xAHmVdzCTdSxpqjJNL,null,null,null,null,null,null,null,null,null,482-44-0,null,null,null,0,4,null,null,null,173030,null,1,1,2025-06-17 15:22:09,null,null,null,null,null,null,null,364780819,activity,null,HTS,null,7.428,6.517,1.537,0.432,null,null,null,null,null,null,null,null,null,null,null,null,null,null,null,null,null,null,null,null,null,278938438
TRND-Glioblastoma_LOPAC_A172-primary_screen2,NCGC00015544-08,activity,null,4,-14.191,-3.076,OC(=O)CC1=CNC=N1,null,null,null,null,null,I0375,SIGMA,2021_LOPAC_01,null,null,Imidazole-4-acetic acid hydrochloride,null,4,null,null,null,17.175,-4.691,4.955,0.581,0.71,null,null,null,null,null,null,9.5,null,null,14.099,-3.076,39.254,38.071,null,null,null,null,null,null,null,null,null,PRJKNHOMHKJCEJ,null,TRND,LmhngkeHTUBeZkRXwS,null,null,null,null,CL,null,null,null,null,3251-69-2,null,null,null,0,4,0,null,null,173030,0 0 0 0,1,1,2025-06-17 15:22:09,null,null,null,null,null,null,null,364783151,activity,null,HTS,null,10.088,4.316,14.099,-3.076,null,null,null,null,null,null,null,null,null,null,null,null,null,null,null,null,null,null,null,null,null,278938439
TRND-Glioblastoma_LOPAC_A172-primary_screen2,NCGC00162323-05,activity,null,4,0,-3.641,CCCCCCCCCC(=O)NC(CN1CCOCC1)[C@H](O)C2=CC=CC=C2,null,null,null,null,null,P7340,SIGMA,2021_LOPAC_01,null,null,(±)-threo-1-Phenyl-2-decanoylamino-3-morpholino-1-propanol hydrochloride,null,4,null,null,null,8.362,0,null,null,null,null,null,null,null,null,null,0,null,null,4.721,-3.641,11.613,null,null,null,null,null,null,null,null,null,null,UYNCFCUHRNOSCN,null,TRND,ThXPcfBFgWJHHUffNR,null,null,null,null,CL,null,null,null,null,null,null,null,null,0,4,null,null,null,173030,null,1,1,2025-06-17 15:22:09,null,null,null,null,null,null,null,364784935,activity,null,HTS,null,3.648,0.146,4.721,-3.641,null,null,null,null,null,null,null,null,null,null,null,null,null,null,null,null,null,null,null,null,null,278938440
TRND-Glioblastoma_LOPAC_A172-primary_screen2,NCGC00015897-25,activity,null,4,12,8.72,COC1=C(OCC(O)CN2CCN(CC(=O)NC3=C(C)C=CC=C3C)CC2)C=CC=C1,null,null,null,null,null,R6152,SIGMA,2021_LOPAC_01,null,null,Ranolazine dihydrochloride,null,4,null,null,null,11.171,10,4.955,0.697,0.494,null,null,null,null,null,null,-2,null,null,14.322,3.151,27.709,28.117,null,null,null,null,null,null,null,null,null,XKLMZUWKNUAPSZ,null,TRND,lfpAnBDFlNCHPMqKEd,null,Sodium channel protein type 5 subunit alpha Blocker,null,null,CL,null,null,null,null,null,SCN5A,null,null,0,4,0,null,null,173030,0 0 0 0,1,1,2025-06-17 15:22:09,null,null,null,null,null,null,null,364781603,activity,null,HTS,null,3.151,14.322,6.254,8.72,null,null,null,null,null,null,null,null,null,null,null,null,null,null,null,null,null,null,null,null,null,278938441
TRND-Glioblastoma_LOPAC_A172-primary_screen2,NCGC00015426-15,activity,null,4,12.084,12.046,CN1C(=O)N(CC2=CC=CO2)C3=C(NC(C)=N3)C1=O,null,null,null,null,null,F124,SIGMA,2021_LOPAC_01,null,null,Furafylline,null,4,null,null,null,13.783,8,4.955,0.66,0.577,null,null,null,null,null,null,-4.084,null,null,12.046,-1.736,9.802,10.632,null,null,null,null,null,null,null,null,null,KGQZGCIVHYLPBH,null,TRND,FBTlSlqVXcdwOKLypu,null,null,null,null,null,null,null,null,null,80288-49-9,null,null,null,0,4,0,null,null,173030,0 0 0 0,1,1,2025-06-17 15:22:09,null,null,null,null,null,null,null,364783767,activity,null,HTS,null,-1.736,9.638,2.22,12.046,null,null,null,null,null,null,null,null,null,null,null,null,null,null,null,null,null,null,null,null,null,278938442
TRND-Glioblastoma_LOPAC_A172-primary_screen2,NCGC00015014-16,activity,null,4,-22.5,10.549,CC(=O)C1=CC=C(C=C1)[S+]([O-])(=O)NC(=O)NC2CCCCC2,null,null,null,null,null,A178,SIGMA,2021_LOPAC_01,null,null,Acetohexamide,null,4,null,null,null,10.134,1.5,0.4,0.294,0.944,null,null,null,null,null,null,24,null,null,20.683,10.549,85.292,84.162,null,null,null,null,null,null,null,null,null,ASLKGOHLNRJBMI,null,TRND,HMgLOJCuhdNpTODjSF,null,null,null,null,null,null,null,null,null,968-81-0,null,null,null,0,4,0,null,null,173030,0 0 0 0,1,1,2025-06-17 15:22:09,null,null,null,null,null,null,null,364780255,activity,null,HTS,null,20.683,16.475,15.497,10.549,null,null,null,null,null,null,null,null,null,null,null,null,null,null,null,null,null,null,null,null,null,278938443
TRND-Glioblastoma_LOPAC_A172-primary_screen2,NCGC00476181-02,activity,null,4,0,-1.891,CN1C2CCC1C=C(C2)C3=C(Br)C=CS3,null,null,null,null,null,SML2173,SIGMA,2021_LOPAC_01,null,null,NS3861,null,4,null,null,null,8.73,0,null,null,null,null,null,null,null,null,null,0,null,null,6.84,-1.891,24.013,null,null,null,null,null,null,null,null,null,null,ZJCNRVHZJADROC,null,TRND,riVDuezlYhnPvrEdtj,null,null,null,null,null,null,null,null,null,null,null,null,null,0,4,null,null,null,173030,null,1,1,2025-06-17 15:22:09,null,null,null,null,null,null,null,364782923,activity,null,HTS,null,6.84,5.905,2.715,-1.891,null,null,null,null,null,null,null,null,null,null,null,null,null,null,null,null,null,null,null,null,null,278938444
TRND-Glioblastoma_LOPAC_A172-primary_screen2,NCGC00162267-07,activity,null,4,20.681,10.539,OC1=CC=C2CC3N(CC=C)CCC45[C@@H](OC1=C24)C(=O)CC[C@@]35O,null,null,null,null,null,N7758,SIGMA,2021_LOPAC_01,null,null,Naloxone hydrochloride,null,4,null,null,null,23.226,16,4.955,0.921,0.759,null,null,null,null,null,null,-4.681,null,null,22.658,-0.568,18.41,6.091,null,null,null,null,null,null,null,null,null,UZHSEJADLWPNLE,null,TRND,VAVXAbSaXeqeTncdqu,null,null,null,null,CL,null,null,null,null,[NO STEREO] 357-08-4,null,null,null,0,4,1,null,null,173030,1 0 0 0,1,1,2025-06-17 15:22:09,null,null,null,null,null,null,null,364782023,activity,null,HTS,null,22.658,-0.568,21.225,10.539,null,null,null,null,null,null,null,null,null,null,null,null,null,null,null,null,null,null,null,null,null,278938445
TRND-Glioblastoma_LOPAC_A172-primary_screen2,NCGC00186011-05,activity,null,4,-20,7.128,C1C[C@@H](NC2=NC3=CC=CC=C3N2)C4=C(C1)C=CC=C4,null,null,null,null,null,N2538,SIGMA,2021_LOPAC_01,null,null,NS8593 hydrochloride,null,4,null,null,null,13.846,0,0.9,0.344,0.92,null,null,null,null,null,null,20,null,null,20.975,7.128,84.527,81.489,null,null,null,null,null,null,null,null,null,XZIZUQSOFMLIIR,null,TRND,YbroMolmwxUudlKVcI,null,null,null,null,CL,null,null,null,null,null,null,null,null,0,4,0,null,null,173030,0 0 0 0,1,1,2025-06-17 15:22:09,null,null,null,null,null,null,null,364782475,activity,null,HTS,null,20.975,16.378,15.909,7.128,null,null,null,null,null,null,null,null,null,null,null,null,null,null,null,null,null,null,null,null,null,278938446
TRND-Glioblastoma_LOPAC_A172-primary_screen2,NCGC00015783-14,activity,null,4,-20,9.914,NC(=N)NC(=N)NC1=CC=CC=C1,null,null,null,null,null,P120,SIGMA,2021_LOPAC_01,null,null,1-Phenylbiguanide,null,4,null,null,null,19.603,9,1.967,0.119,0.991,null,null,null,null,null,null,29,null,null,28.152,8.549,102.307,102.421,null,null,null,null,null,null,null,null,null,CUQCMXFWIMOWRP,null,TRND,BVTIxHCPAxinHcJFKa,null,null,null,null,null,null,null,null,null,102-02-3,null,null,null,0,4,0,null,null,173030,0 0 0 0,1,1,2025-06-17 15:22:09,null,null,null,null,null,null,null,364781675,activity,null,HTS,null,28.152,18.59,8.549,9.914,null,null,null,null,null,null,null,null,null,null,null,null,null,null,null,null,null,null,null,null,null,278938447
TRND-Glioblastoma_LOPAC_A172-primary_screen2,NCGC00690007-01,activity,10,-3,-88.634,-72.195,CCN(CC)[S+]([O-])(=O)NC1=CC=CC(=C1)C2=CC3=C(C=C2)C(NC(=O)C4CC4)=NN3,null,null,null,null,null,SML2219,SIGMA,2021_LOPAC_01,-5,null,SGC-AAK1-1,null,-3,null,null,null,90.078,-75.134,2.787,0.114,0.992,null,null,null,null,null,null,13.5,null,null,17.883,-72.195,-5.837,3.035,null,null,null,null,null,null,null,null,null,UAYVFNYBLOUUAS,null,TRND,bXfQVbgXAWxpJcbQtQ,null,null,null,null,null,null,null,null,null,null,null,null,null,0,4,0,null,null,173030,0 0 0 0,1,1,2025-06-17 15:22:09,null,null,null,null,null,null,null,364782255,activity,null,HTS,12.799356,9.323,17.883,-8.944,-72.195,null,null,null,null,null,null,null,null,null,null,null,null,null,null,null,null,null,null,null,null,null,278937367
TRND-Glioblastoma_LOPAC_A172-primary_screen2,NCGC00381720-15,activity,null,4,-34.761,-8.968,CC1=C(OCC(F)(F)F)C=CN=C1C[S+]([O-])C2=NC3=CC=CC=C3N2,null,null,null,null,null,L8533,SIGMA,2021_LOPAC_01,null,null,null,null,4,null,null,null,23.428,-14.761,0.5,0.446,0.853,null,null,null,null,null,null,20,null,null,14.46,-8.968,38.513,32.496,null,null,null,null,null,null,null,null,null,MJIHNNLFOKEZEW,null,TRND,aYeNxiBSpelkBtfIoc,null,null,null,null,null,null,null,null,null,103577-45-3,null,null,null,0,4,0,null,null,173030,0 0 0 0,1,1,2025-06-17 15:22:09,null,null,null,null,null,null,null,364784259,activity,null,HTS,null,14.46,1.848,2.582,-8.968,null,null,null,null,null,null,null,null,null,null,null,null,null,null,null,null,null,null,null,null,null,278937368
TRND-Glioblastoma_LOPAC_A172-primary_screen2,NCGC00241970-03,activity,null,4,-17.639,-14.699,C\C1=C(\C(NC(=O)N1)C2=CC=C(F)C=C2)C(=O)NC3=CC4=CNN=C4C=C3,null,null,null,null,null,SML2296,SIGMA,2021_LOPAC_01,null,null,GSK180736A,null,4,null,null,null,38.579,-15.639,1.714,0.72,1,null,null,null,null,null,null,2,null,null,23.881,-14.699,-10.418,-6.844,null,null,null,null,null,null,null,null,null,HEAIGWIZTYAQTC,null,TRND,PeChKvFGgyaZUHpZNe,null,null,null,null,null,null,null,null,null,null,null,null,null,0,4,1,null,null,173030,1 0 0 0,1,1,2025-06-17 15:22:09,null,null,null,null,null,null,null,364784555,activity,null,HTS,null,23.881,0.694,-7.297,-14.699,null,null,null,null,null,null,null,null,null,null,null,null,null,null,null,null,null,null,null,null,null,278937369
TRND-Glioblastoma_LOPAC_A172-primary_screen2,NCGC00024715-14,activity,null,4,-15.007,13.079,N[C@@H](CCCNC(N)=N)C(O)=O,null,null,null,null,null,A5006,SIGMA,2021_LOPAC_01,null,null,L-Arginine,null,4,null,null,null,16.834,-0.507,4.955,1,0.795,null,null,null,null,null,null,14.5,null,null,13.079,-3.756,33.776,31.1,null,null,null,null,null,null,null,null,null,ODKSFYDXXFIFQN,null,TRND,RIOmRxpOpQSEMxkLFm,null,null,null,null,null,null,null,null,null,74-79-3,null,null,null,0,4,1,null,null,173030,0 0 0 1,1,1,2025-06-17 15:22:09,null,null,null,null,null,null,null,364784707,activity,null,HTS,null,11.69,-3.756,3.231,13.079,null,null,null,null,null,null,null,null,null,null,null,null,null,null,null,null,null,null,null,null,null,278937370
TRND-Glioblastoma_LOPAC_A172-primary_screen2,NCGC00015558-33,activity,null,4,-25.627,22.123,CC(C)NCC(O)C1=CC(O)=C(O)C=C1,null,null,null,null,null,I5627,SIGMA,2021_LOPAC_01,null,null,(±)-Isoproterenol hydrochloride,null,4,null,null,null,37.229,-0.127,4.955,1,0.388,null,null,null,null,null,null,25.5,null,null,22.123,-15.106,65.118,56.58,null,null,null,null,null,null,null,null,null,JWZZKOKVBUJMES,null,TRND,fIShMDsaOPqsIRqUhG,null,Beta-1 Adrenergic Receptor agonist,null,null,CL,null,null,null,null,51-30-9,ADRB1,null,null,0,4,1,null,null,173030,0 0 0 1,1,1,2025-06-17 15:22:09,null,null,null,null,null,null,null,364784931,activity,null,HTS,null,20.666,-15.106,14.957,22.123,null,null,null,null,null,null,null,null,null,null,null,null,null,null,null,null,null,null,null,null,null,278937371
TRND-Glioblastoma_LOPAC_A172-primary_screen2,NCGC00015691-19,activity,null,4,-31,0.495,NCCS,null,null,null,null,null,M6500,SIGMA,2021_LOPAC_01,null,null,Cysteamine hydrochloride,null,4,null,null,null,24.856,3,1.331,0.38,0.899,null,null,null,null,null,null,34,null,null,25.352,0.495,82.058,79.527,null,null,null,null,null,null,null,null,null,UFULAYFCSOUIOV,null,TRND,OKtxmXMIyZRsPaSeLx,null,null,null,null,CL,null,null,null,null,156-57-0,null,null,null,0,4,0,null,null,173030,0 0 0 0,1,1,2025-06-17 15:22:09,null,null,null,null,null,null,null,364781711,activity,null,HTS,null,25.352,7.676,8.692,0.495,null,null,null,null,null,null,null,null,null,null,null,null,null,null,null,null,null,null,null,null,null,278937372
TRND-Glioblastoma_LOPAC_A172-primary_screen2,NCGC00015595-27,activity,null,4,18,20.696,CC(CCC1=CC=CC=C1)NCC(O)C2=CC(C(N)=O)=C(O)C=C2,null,null,null,null,null,L1011,SIGMA,2021_LOPAC_01,null,null,Labetalol hydrochloride,null,4,null,null,null,18.914,22,4.955,0.522,0.783,null,null,null,null,null,null,4,null,null,20.696,1.782,40.324,27.62,null,null,null,null,null,null,null,null,null,SGUAFYQXFOLMHL,null,TRND,dNSrDpNnKRswDlVNTi,null,null,null,null,CL,null,null,null,null,32780-64-6,null,null,null,0,4,0,null,null,173030,0 0 0 0,1,1,2025-06-17 15:22:09,null,null,null,null,null,null,null,364782947,activity,null,HTS,null,8.045,8.4,1.782,20.696,null,null,null,null,null,null,null,null,null,null,null,null,null,null,null,null,null,null,null,null,null,278937373
TRND-Glioblastoma_LOPAC_A172-primary_screen2,NCGC00386678-05,activity,null,4,0,3.357,CCN(CC1=CC=CN=C1)C(=O)CN(C2=CC=C(OC)N=C2)[S+]([O-])(=O)C3=CC=CC=C3C,null,null,null,null,null,SML0864,SIGMA,2021_LOPAC_01,null,null,EMPA,null,4,null,null,null,11.151,0,null,null,null,null,null,null,null,null,null,0,null,null,10.394,-0.757,34.394,null,null,null,null,null,null,null,null,null,null,KJPHTXTWFHVJIG,null,TRND,UFxEFDvXAMxnxRpwIh,null,null,null,null,null,null,null,null,null,null,null,null,null,0,4,null,null,null,173030,null,1,1,2025-06-17 15:22:09,null,null,null,null,null,null,null,364783935,activity,null,HTS,null,10.394,-0.757,6.167,3.357,null,null,null,null,null,null,null,null,null,null,null,null,null,null,null,null,null,null,null,null,null,278937374
TRND-Glioblastoma_LOPAC_A172-primary_screen2,NCGC00015969-09,activity,12.589254,-3,-45.896,-34.651,CC#CCOC(=O)C1=C(N)C2=C(SC3=C2CCC(O)C3)N=C1C,null,null,null,null,null,S7936,SIGMA,2021_LOPAC_01,-4.9,null,SB 205384,null,-3,null,null,null,53.698,-35.396,4.095,0.356,0.913,null,null,null,null,null,null,10.5,null,null,19.047,-34.651,41.175,23.434,null,null,null,null,null,null,null,null,null,JDTZAGLGBRRCJT,null,TRND,rbYFaIcmAAlXYRbmzW,null,null,null,null,null,null,null,null,null,null,null,null,null,0,4,0,null,null,173030,0 0 0 0,1,1,2025-06-17 15:22:09,null,null,null,null,null,null,null,364784911,activity,null,HTS,null,19.047,2.273,7.068,-34.651,null,null,null,null,null,null,null,null,null,null,null,null,null,null,null,null,null,null,null,null,null,278937375
TRND-Glioblastoma_LOPAC_A172-primary_screen2,NCGC00250410-16,activity,null,4,0,-3.397,OC(=O)C1=C(C=C(C=C1)C2=CNC3=NC=C(C=C23)C4=CC=CC=C4)C5CCCC5,null,null,null,null,null,SML0773,SIGMA,2021_LOPAC_01,null,null,GSK-650394  ,null,4,null,null,null,9.014,0,null,null,null,null,null,null,null,null,null,0,null,null,-2.35,-11.364,-29.122,null,null,null,null,null,null,null,null,null,null,WVSBGSNVCDAMCF,null,TRND,hJVmSdvlnjdyEzutCp,null,Serine/threonine-protein kinase Sgk1 inhibitor,null,null,null,null,null,null,null,890842-28-1,SGK1,null,null,0,4,null,null,null,173030,null,1,1,2025-06-17 15:22:09,null,null,null,null,null,null,null,364780791,activity,null,HTS,null,-6.395,-2.35,-11.364,-3.397,null,null,null,null,null,null,null,null,null,null,null,null,null,null,null,null,null,null,null,null,null,278937376
TRND-Glioblastoma_LOPAC_A172-primary_screen2,NCGC00094339-05,activity,null,4,-25.273,-14.394,CCN(CC)C(=O)C1=CC=C(C=C1)[C@@H](N2C[C@H](C)N(CC=C)C[C@H]2C)C3=CC=CC(OC)=C3,null,null,null,null,null,S2812,SIGMA,2021_LOPAC_01,null,null,SNC80,null,4,null,null,null,28.672,-16.273,4.955,0.427,0.868,null,null,null,null,null,null,9,null,null,14.278,-14.394,40.649,29.901,null,null,null,null,null,null,null,null,null,KQWVAUSXZDRQPZ,null,TRND,bLVwcfWnFkcMuCWbNK,null,null,null,null,null,null,null,null,null,null,null,null,null,0,4,0,null,null,173030,0 0 0 0,1,1,2025-06-17 15:22:09,null,null,null,null,null,null,null,364781043,activity,null,HTS,null,14.278,3.159,9.131,-14.394,null,null,null,null,null,null,null,null,null,null,null,null,null,null,null,null,null,null,null,null,null,278937377
TRND-Glioblastoma_LOPAC_A172-primary_screen2,NCGC00093727-17,activity,1.258925,-2.4,-72.482,-45.767,OC1=C(O)C=C(\C=C\C(=O)OCCC2=CC=CC=C2)C=C1,null,null,null,null,null,C8221,SIGMA,2021_LOPAC_01,-5.9,null,Caffeic acid phenethyl ester,null,-2.2,null,null,null,66.26,-44.482,1.111,0.229,0.966,null,null,null,null,null,null,28,null,null,20.493,-45.767,2.485,-5.954,null,null,null,null,null,null,null,null,null,SWUARLUWKZWEBQ,null,TRND,HiryXPyJMgHYJkMWox,null,null,null,null,null,null,null,null,null,104594-70-9,null,null,null,0,4,0,null,null,173030,0 0 0 0,1,1,2025-06-17 15:22:09,null,null,null,null,null,null,null,364781871,activity,null,HTS,null,20.493,-14.434,-28.944,-45.767,null,null,null,null,null,null,null,null,null,null,null,null,null,null,null,null,null,null,null,null,null,278937378
TRND-Glioblastoma_LOPAC_A172-primary_screen2,NCGC00094453-05,activity,null,4,0,15.206,CN([C@@H]1CC[C@]2(CCCO2)C[C@H]1N3CCCC3)C(=O)CC4=CC=CC=C4,null,null,null,null,null,U103,SIGMA,2021_LOPAC_01,null,null,U-69593,null,4,null,null,null,7.262,0,null,null,null,null,null,null,null,null,null,0,null,null,19.831,12.569,83.875,null,null,null,null,null,null,null,null,null,null,PGZRDDYTKFZSFR,null,TRND,ToGJnVJQdtrbbCgfjm,null,null,null,null,null,null,null,null,null,[NO STEREO] 96744-75-1,null,null,null,0,4,null,null,null,173030,null,1,1,2025-06-17 15:22:09,null,null,null,null,null,null,null,364780707,activity,null,HTS,null,19.831,17.252,12.569,15.206,null,null,null,null,null,null,null,null,null,null,null,null,null,null,null,null,null,null,null,null,null,278937379
TRND-Glioblastoma_LOPAC_A172-primary_screen2,NCGC00015636-08,activity,null,4,0,14.932,[NH-]C1=C[N+](=NO1)N2CCOCC2,null,null,null,null,null,M5793,SIGMA,2021_LOPAC_01,null,null,3-Morpholinosydnonimine hydrochloride,null,4,null,null,null,6.565,0,null,null,null,null,null,null,null,null,null,0,null,null,17.359,10.794,61.449,null,null,null,null,null,null,null,null,null,null,FKDHHVKWGRFRTG,null,TRND,zeuPrNoMFvkoJuNpEs,null,null,null,null,CL,null,null,null,null,null,null,null,null,0,4,null,null,null,173030,null,1,1,2025-06-17 15:22:09,null,null,null,null,null,null,null,364780559,activity,null,HTS,null,10.794,16.465,17.359,14.932,null,null,null,null,null,null,null,null,null,null,null,null,null,null,null,null,null,null,null,null,null,278937380
TRND-Glioblastoma_LOPAC_A172-primary_screen2,NCGC00162214-06,activity,6.309573,-2.1,-126.78,-96.623,CC(C)C1=C2C[C@@](CCN(C)CCCC3=NC4=C(N3)C=CC=C4)(CCC2=CC(F)=C1)OC(=O)C5CC5,null,null,null,null,null,N0287,SIGMA,2021_LOPAC_01,-5.2,null,NNC 55-0396,null,-2.1,null,null,null,117.552,-104.78,1.66,0.015,1,null,null,null,null,null,null,22,null,null,20.929,-96.623,-14.264,-13.726,null,null,null,null,null,null,null,null,null,SYLIICYFBKGBKE,null,TRND,jnseIhawDoxaVHFmXT,null,null,null,null,CL,null,null,null,null,null,null,null,null,0,4,0,null,null,173030,0 0 0 0,1,1,2025-06-17 15:22:09,null,null,null,null,null,null,null,364781079,activity,null,HTS,5.971983,20.929,12.773,-43.583,-96.623,null,null,null,null,null,null,null,null,null,null,null,null,null,null,null,null,null,null,null,null,null,278937381
TRND-Glioblastoma_LOPAC_A172-primary_screen2,NCGC00015196-15,activity,null,4,-16,1.199,C(OC1=C(C=CC=C1)C2CC2)C3=NCCN3,null,null,null,null,null,C223,SIGMA,2021_LOPAC_01,null,null,Cirazoline hydrochloride,null,4,null,null,null,15.5,0.5,2.188,0.059,0.998,null,null,null,null,null,null,16.5,null,null,16.699,1.199,64.793,65.497,null,null,null,null,null,null,null,null,null,YAORIDZYZDUZCM,null,TRND,RgUPcCHWjYHRPabUmG,null,null,null,null,CL,null,null,null,null,null,null,null,null,0,4,0,null,null,173030,0 0 0 0,1,1,2025-06-17 15:22:09,null,null,null,null,null,null,null,364782107,activity,null,HTS,null,16.191,16.699,10.81,1.199,null,null,null,null,null,null,null,null,null,null,null,null,null,null,null,null,null,null,null,null,null,278937382
TRND-Glioblastoma_LOPAC_A172-primary_screen2,NCGC00022653-22,activity,null,4,0,8.839,CC1=NN=C(SCC2=C(N3[C@H](SC2)[C@H](NC(=O)CN4C=NN=N4)C3=O)C([O-])=O)S1,null,null,null,null,null,C5020,SIGMA,2021_LOPAC_01,null,null,Cefazolin sodium,null,4,null,null,null,8.948,0,null,null,null,null,null,null,null,null,null,0,null,null,14.738,5.79,38.429,null,null,null,null,null,null,null,null,null,null,MLYYVTUWGNIJIB,null,TRND,SHuScirfMFwxCtXWEU,null,null,null,null,SODIUM,null,null,null,null,27164-46-1,null,null,null,0,4,null,null,null,173030,null,1,1,2025-06-17 15:22:09,null,null,null,null,null,null,null,364782431,activity,null,HTS,null,5.79,10.602,14.738,8.839,null,null,null,null,null,null,null,null,null,null,null,null,null,null,null,null,null,null,null,null,null,278937383
TRND-Glioblastoma_LOPAC_A172-primary_screen2,NCGC00487341-03,activity,7.079458,-2.4,-28.415,-3.679,C[C@H](C#CC1=CC=C(CC2=CC=C(F)C=C2)S1)N(O)C(N)=O,null,null,null,null,null,SML1041,SIGMA,2021_LOPAC_01,-5.15,null,Atreleuton,null,4,null,null,null,27.384,-4.915,2.048,0.024,1,null,null,null,null,null,null,23.5,null,null,23.705,-3.679,86.868,86.038,null,null,null,null,null,null,null,null,null,MMSNEKOTSJRTRI,null,TRND,PQiUFyOvFsTucRWwMd,null,null,null,null,null,null,null,null,null,154355-76-7,null,null,null,0,4,0,null,null,173030,0 0 0 0,1,1,2025-06-17 15:22:09,null,null,null,null,null,null,null,364781575,activity,null,HTS,null,23.705,22.477,10.455,-3.679,null,null,null,null,null,null,null,null,null,null,null,null,null,null,null,null,null,null,null,null,null,278937384
TRND-Glioblastoma_LOPAC_A172-primary_screen2,NCGC00162076-05,activity,null,4,0,11.534,CCN(CC)C1=NC=NC2=C1N=CN2[C@@H]3O[C@H](COP([O-])(=O)OP([O-])(=O)C(Br)(Br)P(O)([O-])=O)[C@@H](O)[C@H]3O,null,null,null,null,null,A265,SIGMA,2021_LOPAC_01,null,null,ARL 67156 trisodium salt,null,4,null,null,null,6.929,0,null,null,null,null,null,null,null,null,null,0,null,null,11.534,4.605,36.897,null,null,null,null,null,null,null,null,null,null,ILXFKEOLRYLPJG,null,TRND,rtnLurkGEpekcCYVHx,null,null,null,null,SODIUM,null,null,null,null,null,null,null,null,0,4,null,null,null,173030,null,1,1,2025-06-17 15:22:09,null,null,null,null,null,null,null,364784107,activity,null,HTS,null,7.899,4.605,8.144,11.534,null,null,null,null,null,null,null,null,null,null,null,null,null,null,null,null,null,null,null,null,null,278937385
TRND-Glioblastoma_LOPAC_A172-primary_screen2,NCGC00507764-02,activity,null,4,-13.5,7.12,[H][C@@]12CC[C@H]([C@H](C)CCCC(C)C)[C@@]1(C)CC[C@@]3([H])[C@@]2([H])CC(NCCCNCCCCNCCCN)C4C[C@@H](O)CC[C@]34C,null,null,null,null,null,SML1545,SIGMA,2021_LOPAC_01,null,null,Claramine trifluoroacetate salt ,null,4,null,null,null,27.377,7,2.253,0.664,1,null,null,null,null,null,null,20.5,null,null,34.497,7.12,78.261,81.278,null,null,null,null,null,null,null,null,null,NRDCWXLXPKROKL,null,TRND,HxLQZSoKsQoSjrPZOF,null,null,null,null,TFA,null,null,null,null,null,null,null,null,0,4,1,null,null,173030,1 0 0 0,1,1,2025-06-17 15:22:09,null,null,null,null,null,null,null,364780595,activity,null,HTS,null,34.497,19.367,10.347,7.12,null,null,null,null,null,null,null,null,null,null,null,null,null,null,null,null,null,null,null,null,null,278937386
TRND-Glioblastoma_LOPAC_A172-primary_screen2,NCGC00253646-12,activity,null,4,0,12.368,COC1=CC2=C(CCNC(C)=O)C=CC=C2C=C1,null,null,null,null,null,A1362,SIGMA,2021_LOPAC_01,null,null,Agomelatine,null,4,null,null,null,18.842,0,null,null,null,null,null,null,null,null,null,0,null,null,29.216,10.374,101.463,null,null,null,null,null,null,null,null,null,null,YJYPHIXNFHFHND,null,TRND,rcrfXjIhLFYuOMiFUs,null,5-HT2C Receptor antagonist,null,null,null,null,null,null,null,138112-76-2,HTR2C,null,null,0,4,null,null,null,173030,null,1,1,2025-06-17 15:22:09,null,null,null,null,null,null,null,364780375,activity,null,HTS,null,24.244,10.374,29.216,12.368,null,null,null,null,null,null,null,null,null,null,null,null,null,null,null,null,null,null,null,null,null,278937387
TRND-Glioblastoma_LOPAC_A172-primary_screen2,NCGC00016094-16,activity,null,4,-21.623,-6.353,COC[C@H]1OC(=O)C2=COC3=C2[C@@]1(C)\C4=C(\C5CCC(=O)[C@@]5(C)C[C@H]4OC(C)=O)C3=O,null,null,null,null,null,W1628,SIGMA,2021_LOPAC_01,null,null,Wortmannin from Penicillium funiculosum,null,4,null,null,null,15.052,-9.623,0.6,0.321,0.931,null,null,null,null,null,null,12,null,null,8.7,-6.353,23.193,22.517,null,null,null,null,null,null,null,null,null,QDLHCMPXEPAAMD,null,TRND,XnrCQtCvOzAKouVmip,null,null,null,null,null,null,null,null,null,[NO STEREO] 19545-26-7,null,null,null,0,4,0,null,null,173030,0 0 0 0,1,1,2025-06-17 15:22:09,null,null,null,null,null,null,null,364783295,activity,null,HTS,null,8.7,2.492,0.927,-6.353,null,null,null,null,null,null,null,null,null,null,null,null,null,null,null,null,null,null,null,null,null,278937388
TRND-Glioblastoma_LOPAC_A172-primary_screen2,NCGC00689839-01,activity,10,-3,-51.832,-35.693,CC(C)C1=C(\C=C\[C@@H](O)C[C@@H](O)CC([O-])=O)C(=NC(=N1)N(C)[S+](C)([O-])=O)C2=CC=C(F)C=C2,null,null,null,null,null,SML1264,SIGMA,2021_LOPAC_01,-5,null,Rosuvastatin calcium,null,-3,null,null,null,55.538,-36.832,3.247,0.211,0.972,null,null,null,null,null,null,15,null,null,19.845,-35.693,46.264,36.051,null,null,null,null,null,null,null,null,null,GECKAXAVGHARCR,null,TRND,gFqFqWHyqeAkrMBUlc,null,null,null,null,CALCIUM,null,null,null,null,null,null,null,null,0,4,0,null,null,173030,0 0 0 0,1,1,2025-06-17 15:22:09,null,null,null,null,null,null,null,364780875,activity,null,HTS,null,19.845,9.724,4.519,-35.693,null,null,null,null,null,null,null,null,null,null,null,null,null,null,null,null,null,null,null,null,null,278937389
TRND-Glioblastoma_LOPAC_A172-primary_screen2,NCGC00024378-21,activity,null,4,-13.259,-1.882,CN1[C@H](C[C@H](O)C2=CC=CC=C2)CCC[C@@H]1CC(=O)C3=CC=CC=C3,null,null,null,null,null,L4376,SIGMA,2021_LOPAC_01,null,null,alpha-Lobeline hydrochloride,null,4,null,null,null,16.539,-3.259,4.955,0.614,0.66,null,null,null,null,null,null,10,null,null,14.657,-1.882,50.825,40.852,null,null,null,null,null,null,null,null,null,MXYUKLILVYORSK,null,TRND,dyEXZLhMtHRdcAakZg,null,null,null,null,CL,null,null,null,null,134-63-4,null,null,null,0,4,0,null,null,173030,0 0 0 0,1,1,2025-06-17 15:22:09,null,null,null,null,null,null,null,364783603,activity,null,HTS,null,14.657,4.326,11.606,-1.882,null,null,null,null,null,null,null,null,null,null,null,null,null,null,null,null,null,null,null,null,null,278937390
TRND-Glioblastoma_LOPAC_A172-primary_screen2,NCGC00263865-05,activity,null,4,-25.454,11.424,CCOC(=O)C1=C/[C@]2(CC)CCC[N@]3CCC4=C([C@H]23)N\1C5=CC=CC=C45,null,null,null,null,null,V6383,SIGMA,2021_LOPAC_01,null,null,Vinpocetine,null,4,null,null,null,22.213,2.046,1,0.681,0.528,null,null,null,null,null,null,27.5,null,null,20.585,-1.628,71.532,71.341,null,null,null,null,null,null,null,null,null,DDNCQMVWWZOMLN,null,TRND,XiUEmLUHcFmesXriWr,null,null,null,null,null,null,null,null,null,42971-09-5,null,null,null,0,4,0,null,null,173030,0 0 0 0,1,1,2025-06-17 15:22:09,null,null,null,null,null,null,null,364783919,activity,null,HTS,null,20.585,13.65,-1.628,11.424,null,null,null,null,null,null,null,null,null,null,null,null,null,null,null,null,null,null,null,null,null,278937391
TRND-Glioblastoma_LOPAC_A172-primary_screen2,NCGC00263584-09,activity,null,4,18.5,4.276,CCCC[S+]([O-])(=O)N[C@@H](CC1=CC=C(OCCCCC2CCNCC2)C=C1)C(O)=O,null,null,null,null,null,SML0246,SIGMA,2021_LOPAC_01,null,null,Tirofiban hydrochloride monohydrate,null,4,null,null,null,12.681,21.5,0.8,1,0.999,null,null,null,null,null,null,3,null,null,16.957,4.276,46.252,47.526,null,null,null,null,null,null,null,null,null,SAXGHWXFPOCUQE,null,TRND,eKVxhQkEjpKBjCbDMf,null,null,null,null,CL,null,null,null,null,null,null,null,null,0,4,1,null,null,173030,0 0 0 1,1,1,2025-06-17 15:22:09,null,null,null,null,null,null,null,364784239,activity,null,HTS,null,6.384,11.109,16.957,4.276,null,null,null,null,null,null,null,null,null,null,null,null,null,null,null,null,null,null,null,null,null,278937392
TRND-Glioblastoma_LOPAC_A172-primary_screen2,NCGC00015519-30,activity,null,4,-17,1.073,NCCC1=CC(O)=C(O)C=C1,null,null,null,null,null,H8502,SIGMA,2021_LOPAC_01,null,null,Dopamine hydrochloride,null,4,null,null,null,18.238,0.5,2.952,0.206,0.973,null,null,null,null,null,null,17.5,null,null,19.311,1.073,75.636,71.512,null,null,null,null,null,null,null,null,null,VYFYYTLLBUKUHU,null,TRND,NYoSAKxCgGsUDptToa,null,Dopamine Receptor D2 agonist,null,null,CL,null,null,null,null,62-31-7,DRD2,null,null,0,4,0,null,null,173030,0 0 0 0,1,1,2025-06-17 15:22:09,null,null,null,null,null,null,null,364781827,activity,null,HTS,null,19.311,16.069,14.661,1.073,null,null,null,null,null,null,null,null,null,null,null,null,null,null,null,null,null,null,null,null,null,278937393
TRND-Glioblastoma_LOPAC_A172-primary_screen2,NCGC00015280-13,activity,null,4,-24.74,-15.2,NC1=NC=NC2=C1C(=CN2C3CCCC3)C4=CC=C(OC5=CC=CC=C5)C=C4,null,null,null,null,null,C8863,SIGMA,2021_LOPAC_01,null,null,"7-Cyclopentyl-5-(4-phenoxy)phenyl-7H-pyrrolo[2,3-d]pyrimidin-4-ylamine",null,4,null,null,null,19.613,-20.24,1.134,0.063,0.998,null,null,null,null,null,null,4.5,null,null,4.413,-15.2,1.997,1.387,null,null,null,null,null,null,null,null,null,FMETVQKSDIOGPX,null,TRND,tzcbMDSBKvRXEuoxgs,null,null,null,null,null,null,null,null,null,null,null,null,null,0,4,0,null,null,173030,0 0 0 0,1,1,2025-06-17 15:22:09,null,null,null,null,null,null,null,364782851,activity,null,HTS,null,4.413,1.587,-4.819,-15.2,null,null,null,null,null,null,null,null,null,null,null,null,null,null,null,null,null,null,null,null,null,278937394
TRND-Glioblastoma_LOPAC_A172-primary_screen2,NCGC00022001-30,activity,0.112202,5,-76.791,-83.132,COC1=CC(=CC(OC)=C1OC)[C@H]2[C@@H]3[C@H](COC3=O)[C@@H](O)C4=CC5=C(OCO5)C=C24,null,null,null,null,null,P4405,SIGMA,2021_LOPAC_01,-6.95,null,Podophyllotoxin,null,-1.3,null,null,null,4.826,-81.758,3.512,0.621,0.671,null,null,null,null,null,null,-4.967,null,null,-78.306,-83.132,-374.201,-374.483,null,null,null,null,null,null,null,null,null,YJGVMLPVUAXIQN,null,TRND,UECYEPdyogFxThJUIh,null,Tubulin polymerization inhibitor,null,null,null,null,null,null,null,518-28-5,TUBB,null,null,0,4,0,null,null,173030,0 0 0 0,1,1,2025-06-17 15:22:09,null,null,null,null,null,null,null,364783291,activity,null,HTS,null,-78.306,-81.824,-80.092,-83.132,null,null,null,null,null,null,null,null,null,null,null,null,null,null,null,null,null,null,null,null,null,278937395
TRND-Glioblastoma_LOPAC_A172-primary_screen2,NCGC00015882-29,activity,null,4,-30.979,-7.899,NC1=NC2=C(S1)C=C(OC(F)(F)F)C=C2,null,null,null,null,null,R116,SIGMA,2021_LOPAC_01,null,null,Riluzole,null,4,null,null,null,30.411,-9.479,2.473,0.094,0.995,null,null,null,null,null,null,21.5,null,null,22.512,-7.899,76.861,79.556,null,null,null,null,null,null,null,null,null,FTALBRSUTCGOEG,null,TRND,xiCxmAVMJQjvjYgqIB,null,Short transient receptor potential channel 5 agonist,null,null,null,null,null,null,null,1744-22-5,TRPC5,null,null,0,4,0,null,null,173030,0 0 0 0,1,1,2025-06-17 15:22:09,null,null,null,null,null,null,null,364781635,activity,null,HTS,null,20.221,22.512,13.105,-7.899,null,null,null,null,null,null,null,null,null,null,null,null,null,null,null,null,null,null,null,null,null,278937396
TRND-Glioblastoma_LOPAC_A172-primary_screen2,NCGC00507726-02,activity,14.125375,-3,-107.92,-95.438,OC1=CC(CNC2=CC=C(C=C2)C(=O)OC3C4CC5CC(C4)CC3C5)=C(O)C=C1,null,null,null,null,null,SML1110,SIGMA,2021_LOPAC_01,-4.85,null,Adaphostin,null,-3,null,null,null,109.163,-97.92,4.504,0.081,0.996,null,null,null,null,null,null,10,null,null,13.725,-95.438,-3.68,-11.062,null,null,null,null,null,null,null,null,null,GJJNCSXTCTXLCM,null,TRND,RuoKXRTgVtFkBYkVZa,null,null,null,null,null,null,null,null,null,null,null,null,null,0,4,0,null,null,173030,0 0 0 0,1,1,2025-06-17 15:22:09,null,null,null,null,null,null,null,364784231,activity,null,HTS,14.25928,13.725,5.627,6.39,-95.438,null,null,null,null,null,null,null,null,null,null,null,null,null,null,null,null,null,null,null,null,null,278937397
TRND-Glioblastoma_LOPAC_A172-primary_screen2,NCGC00263190-15,activity,5.011872,-2.2,-42.884,-17.464,O=C1\C=C(/O/C(=C\1)C2=C3SC4=C(SC3=CC=C2)C=CC=C4)N5CCOCC5,null,null,null,null,null,SML1109,SIGMA,2021_LOPAC_01,-5.3,null,KU-55933,null,4,null,null,null,41.457,-18.384,1.967,0.032,0.999,null,null,null,null,null,null,24.5,null,null,23.993,-17.464,71.277,71.586,null,null,null,null,null,null,null,null,null,XRKYMMUGXMWDAO,null,TRND,xSGNZYPAsmtyuITQIO,null,ATM Kinase inhibitor,null,null,null,null,null,null,null,587871-26-9,ATM,null,null,0,4,0,null,null,173030,0 0 0 0,1,1,2025-06-17 15:22:09,null,null,null,null,null,null,null,364781803,activity,null,HTS,null,23.993,22.168,-2.312,-17.464,null,null,null,null,null,null,null,null,null,null,null,null,null,null,null,null,null,null,null,null,null,278937398
TRND-Glioblastoma_LOPAC_A172-primary_screen2,NCGC00015833-26,activity,null,4,-16.5,11.919,NC(=O)C1=CN=CC=N1,null,null,null,null,null,P7136,SIGMA,2021_LOPAC_01,null,null,Pyrazinecarboxamide,null,4,null,null,null,14.803,5,1,0.699,0.485,null,null,null,null,null,null,21.5,null,null,17.885,3.082,67.542,66.342,null,null,null,null,null,null,null,null,null,IPEHBUMCGVEMRF,null,TRND,OpBQWQJuXnpEDSotlf,null,Anti-tuberculosis agent,null,null,null,null,null,null,null,98-96-4,fas,null,null,0,4,0,null,null,173030,0 0 0 0,1,1,2025-06-17 15:22:09,null,null,null,null,null,null,null,364783655,activity,null,HTS,null,17.885,13.574,3.082,11.919,null,null,null,null,null,null,null,null,null,null,null,null,null,null,null,null,null,null,null,null,null,278937904
TRND-Glioblastoma_LOPAC_A172-primary_screen2,NCGC00015520-21,activity,null,4,0,11.292,NC(=O)NO,null,null,null,null,null,H8627,SIGMA,2021_LOPAC_01,null,null,Hydroxyurea,null,4,null,null,null,9.053,0,null,null,null,null,null,null,null,null,null,0,null,null,14.758,5.705,59.568,null,null,null,null,null,null,null,null,null,null,VSNHCAURESNICA,null,TRND,fNlKcisVFVDMLZJjtP,null,Ribonucleoside-Diphosphate Reductase inhibitor,null,null,null,null,null,null,null,127-07-1,RRM1,null,null,0,4,null,null,null,173030,null,1,1,2025-06-17 15:22:09,null,null,null,null,null,null,null,364782467,activity,null,HTS,null,14.758,12.428,5.705,11.292,null,null,null,null,null,null,null,null,null,null,null,null,null,null,null,null,null,null,null,null,null,278937905
TRND-Glioblastoma_LOPAC_A172-primary_screen2,NCGC00015609-17,activity,null,4,0,4.322,OC(=O)C1=NN(CC2=C(Cl)C=C(Cl)C=C2)C3=C1C=CC=C3,null,null,null,null,null,L4900,SIGMA,2021_LOPAC_01,null,null,Lonidamine,null,4,null,null,null,8.856,0,null,null,null,null,null,null,null,null,null,0,null,null,9.947,1.091,34.145,null,null,null,null,null,null,null,null,null,null,WDRYRZXSPDWGEB,null,TRND,lByIOUZebKkHqPbAod,null,Mitochondrial pyruvate carrier 1 (MPC1) inhibitor,null,null,null,null,null,null,null,50264-69-2,MPC1,null,null,0,4,null,null,null,173030,null,1,1,2025-06-17 15:22:09,null,null,null,null,null,null,null,364784883,activity,null,HTS,null,9.947,1.091,5.015,4.322,null,null,null,null,null,null,null,null,null,null,null,null,null,null,null,null,null,null,null,null,null,278937906
TRND-Glioblastoma_LOPAC_A172-primary_screen2,NCGC00090770-15,activity,null,4,-8.466,-10.769,OC[C@H]1O[C@H](C[C@@H]1O)N2C=C(Br)C(=O)NC2=O,null,null,null,null,null,B5002,SIGMA,2021_LOPAC_01,null,null,5-BRomo-2 -deoxyuridine,null,4,null,null,null,10.805,-12.793,4.955,0.432,0.866,null,null,null,null,null,null,-4.327,null,null,-4.439,-15.244,-32.473,-31.388,null,null,null,null,null,null,null,null,null,WOVKYSAHUYNSMH,null,TRND,trNsfNNfXYcbEfqdsM,null,null,null,null,null,null,null,null,null,59-14-3,null,null,null,0,4,0,null,null,173030,0 0 0 0,1,1,2025-06-17 15:22:09,null,null,null,null,null,null,null,364783667,activity,null,HTS,null,-4.439,-5.485,-15.244,-10.769,null,null,null,null,null,null,null,null,null,null,null,null,null,null,null,null,null,null,null,null,null,278937907
TRND-Glioblastoma_LOPAC_A172-primary_screen2,NCGC00015529-33,activity,null,4,0,1.662,CC(C)CC1=CC=C(C=C1)C(C)C(O)=O,null,null,null,null,null,I4883,SIGMA,2021_LOPAC_01,null,null,(±)-Ibuprofen,null,4,null,null,null,6.457,0,null,null,null,null,null,null,null,null,null,0,null,null,8.119,1.662,30.321,null,null,null,null,null,null,null,null,null,null,HEFNNWSXXWATRW,null,TRND,ZKcNDUDwDJWqvibMhg,null,null,null,null,null,null,null,null,null,15687-27-1,null,null,null,0,4,null,null,null,173030,null,1,1,2025-06-17 15:22:09,null,null,null,null,null,null,null,364783651,activity,null,HTS,null,8.119,4.044,5.846,1.662,null,null,null,null,null,null,null,null,null,null,null,null,null,null,null,null,null,null,null,null,null,278937908
TRND-Glioblastoma_LOPAC_A172-primary_screen2,NCGC00690016-01,activity,0.794328,-1.1,-95.047,-95.576,O=C(NCCC1=NC=CS1)C2=CC3=CC=CC(SSC4=C5N=CC(=CC5=CC=C4)C(=O)NCCC6=NC=CS6)=C3N=C2,null,null,null,null,null,SML1995,SIGMA,2021_LOPAC_01,-6.1,null,Capzimin dimer,null,-1.1,null,null,null,96.052,-94.047,4.955,0.028,1,null,null,null,null,null,null,1,null,null,0.475,-95.576,-174.859,-174.54,null,null,null,null,null,null,null,null,null,RNEOHKZPZKEZCQ,null,TRND,WgciEjOGtaILBZbhWh,null,null,null,null,null,null,null,null,null,null,null,null,null,0,4,0,null,null,173030,0 0 0 0,1,1,2025-06-17 15:22:09,null,null,null,null,null,null,null,364781831,activity,null,HTS,0.814913,0.475,-87.006,-93.145,-95.576,null,null,null,null,null,null,null,null,null,null,null,null,null,null,null,null,null,null,null,null,null,278937909
TRND-Glioblastoma_LOPAC_A172-primary_screen2,NCGC00018187-15,activity,null,4,12.308,-7.156,C(\C=C\C1=CC=CC=C1)N2CCN(CC2)C(C3=CC=CC=C3)C4=CC=CC=C4,null,null,null,null,null,C5270,SIGMA,2021_LOPAC_01,null,null,Cinnarizine,null,4,null,null,null,15.938,11,4.955,1,0.934,null,null,null,null,null,null,-1.308,null,null,8.783,-7.156,9.691,7.26,null,null,null,null,null,null,null,null,null,DERZBLKQOCDDDZ,null,TRND,fFcVkGklxkxuMlWweG,null,null,null,null,null,null,null,null,null,298-57-7,null,null,null,0,4,1,null,null,173030,0 0 0 1,1,1,2025-06-17 15:22:09,null,null,null,null,null,null,null,364784987,activity,null,HTS,null,0.309,-2.757,8.783,-7.156,null,null,null,null,null,null,null,null,null,null,null,null,null,null,null,null,null,null,null,null,null,278937910
TRND-Glioblastoma_LOPAC_A172-primary_screen2,NCGC00023699-15,activity,null,4,0,7.925,CC(=O)OCC1=C(N2[C@H](SC1)[C@H](NC(=O)CC3=CC=CS3)C2=O)C([O-])=O,null,null,null,null,null,C4520,SIGMA,2021_LOPAC_01,null,null,Cephalothin sodium,null,4,null,null,null,9.186,0,null,null,null,null,null,null,null,null,null,0,null,null,15.932,6.746,42.035,null,null,null,null,null,null,null,null,null,null,XIURVHNZVLADCM,null,TRND,gkQsriQArrsjFPVxza,null,null,null,null,SODIUM,null,null,null,null,58-71-9,null,null,null,0,4,null,null,null,173030,null,1,1,2025-06-17 15:22:09,null,null,null,null,null,null,null,364783051,activity,null,HTS,null,6.746,11.457,15.932,7.925,null,null,null,null,null,null,null,null,null,null,null,null,null,null,null,null,null,null,null,null,null,278937911
TRND-Glioblastoma_LOPAC_A172-primary_screen2,NCGC00015358-27,activity,null,4,0,4.754,CC(C)N(CCC(C(N)=O)(C1=CC=CC=C1)C2=CC=CC=N2)C(C)C,null,null,null,null,null,D6035,SIGMA,2021_LOPAC_01,null,null,Disopyramide phosphate,null,4,null,null,null,9.875,0,null,null,null,null,null,null,null,null,null,0,null,null,14.255,4.38,49.733,null,null,null,null,null,null,null,null,null,null,UVTNFZQICZKOEM,null,TRND,oHvBPWhaJdGujEXomQ,null,null,null,null,PHOSPHORIC_ACID,null,null,null,null,22059-60-5,null,null,null,0,4,null,null,null,173030,null,1,1,2025-06-17 15:22:09,null,null,null,null,null,null,null,364780947,activity,null,HTS,null,14.255,6.601,4.38,4.754,null,null,null,null,null,null,null,null,null,null,null,null,null,null,null,null,null,null,null,null,null,278937912
TRND-Glioblastoma_LOPAC_A172-primary_screen2,NCGC00178605-11,activity,null,4,-12.275,-4.396,C[N+](C)(C)CC([O-])=O,null,null,null,null,null,B3501,SIGMA,2021_LOPAC_01,null,null,Betaine hydrochloride,null,4,null,null,null,14.212,-5.775,4.955,0.617,0.655,null,null,null,null,null,null,6.5,null,null,9.816,-4.396,31.275,24.861,null,null,null,null,null,null,null,null,null,KWIUHFFTVRNATP,null,TRND,txatdknPGKIkbtdzvO,null,null,null,null,CL,null,null,null,null,590-46-5,null,null,null,0,4,0,null,null,173030,0 0 0 0,1,1,2025-06-17 15:22:09,null,null,null,null,null,null,null,364781111,activity,null,HTS,null,9.816,0.886,8.189,-4.396,null,null,null,null,null,null,null,null,null,null,null,null,null,null,null,null,null,null,null,null,null,278937913
TRND-Glioblastoma_LOPAC_A172-primary_screen2,NCGC00162109-04,activity,null,4,-15.482,-1.652,NC1=NC=NC2=C1N=C(SC3=CC=C(Cl)C=C3)N2[C@H]4OC5CO[P@]([O-])(=O)O[C@@H]5C4O,null,null,null,null,null,C3912,SIGMA,2021_LOPAC_01,null,null,8-(4-Chlorophenylthio)-cAMP sodium,null,4,null,null,null,13.981,-2.482,1.248,0.029,0.999,null,null,null,null,null,null,13,null,null,12.33,-1.652,41.243,40.969,null,null,null,null,null,null,null,null,null,AAZMHPMNAVEBRE,null,TRND,stJgIbIWqrNDXLXHQg,null,null,null,null,SODIUM,null,null,null,null,null,null,null,null,0,4,0,null,null,173030,0 0 0 0,1,1,2025-06-17 15:22:09,null,null,null,null,null,null,null,364781759,activity,null,HTS,null,12.33,9.174,2.121,-1.652,null,null,null,null,null,null,null,null,null,null,null,null,null,null,null,null,null,null,null,null,null,278937914
TRND-Glioblastoma_LOPAC_A172-primary_screen2,NCGC00021148-31,activity,null,4,-12,12.04,COCCC1=CC=C(OCC(O)CNC(C)C)C=C1,null,null,null,null,null,M5391,SIGMA,2021_LOPAC_01,null,null,(±)-Metoprolol (+)-tartrate,null,4,null,null,null,11.791,11.5,1.826,0.144,0.987,null,null,null,null,null,null,23.5,null,null,22.943,11.153,90.044,89.869,null,null,null,null,null,null,null,null,null,IUBSYMUCCVWXPE,null,TRND,IqiHvymfBFfMrgYbkM,null,null,null,null,TARTRATE,null,null,null,null,51384-51-1,null,null,null,0,4,0,null,null,173030,0 0 0 0,1,1,2025-06-17 15:22:09,null,null,null,null,null,null,null,364780415,activity,null,HTS,null,22.943,17.522,11.153,12.04,null,null,null,null,null,null,null,null,null,null,null,null,null,null,null,null,null,null,null,null,null,278937915
TRND-Glioblastoma_LOPAC_A172-primary_screen2,NCGC00015213-12,activity,null,4,-20.5,20.351,NC1CONC1=O,null,null,null,null,null,C7005,SIGMA,2021_LOPAC_01,null,null,DL-Cycloserine,null,4,null,null,null,18.799,11.5,4.955,1,1,null,null,null,null,null,null,32,null,null,30.373,11.575,116.799,123.595,null,null,null,null,null,null,null,null,null,DYDCUQKUCUHJBH,null,TRND,QbtynhyCrROjrXUZKC,null,null,null,null,null,null,null,null,null,[NO STEREO] 68-41-7|[NO STEREO] 339-72-0,null,null,null,0,4,2,null,null,173030,1 0 0 1,1,1,2025-06-17 15:22:09,null,null,null,null,null,null,null,364781839,activity,null,HTS,null,30.373,29.54,11.575,20.351,null,null,null,null,null,null,null,null,null,null,null,null,null,null,null,null,null,null,null,null,null,278937916
TRND-Glioblastoma_LOPAC_A172-primary_screen2,NCGC00387045-03,activity,null,4,10.585,9.863,[H][C@](N)(C[S+](O)[O-])C(O)=O,null,null,null,null,null,C4418,SIGMA,2021_LOPAC_01,null,null,L-Cysteinesulfinic Acid,null,4,null,null,null,14.1,10,3.677,0.585,0.706,null,null,null,null,null,null,-0.585,null,null,9.863,-4.237,12.976,4.117,null,null,null,null,null,null,null,null,null,ADVPTQAUNPRNPO,null,TRND,RXPupIBNFwTJVAlaso,null,null,null,null,null,null,null,null,null,null,null,null,null,0,4,0,null,null,173030,0 0 0 0,1,1,2025-06-17 15:22:09,null,null,null,null,null,null,null,364781775,activity,null,HTS,null,3.512,-4.237,1.438,9.863,null,null,null,null,null,null,null,null,null,null,null,null,null,null,null,null,null,null,null,null,null,278937917
TRND-Glioblastoma_LOPAC_A172-primary_screen2,NCGC00162129-11,activity,null,4,0,6.835,CC(N)C(=O)NC1=C(C)C=CC=C1C,null,null,null,null,null,T0202,SIGMA,2021_LOPAC_01,null,null,Tocainide hydrochloride,null,4,null,null,null,5.641,0,null,null,null,null,null,null,null,null,null,0,null,null,12.475,6.835,49.704,null,null,null,null,null,null,null,null,null,null,BUJAGSGYPOAWEI,null,TRND,ePeJxcGdqcExXVfTgN,null,null,null,null,CL,null,null,null,null,71395-14-7,null,null,null,0,4,null,null,null,173030,null,1,1,2025-06-17 15:22:09,null,null,null,null,null,null,null,364781467,activity,null,HTS,null,12.475,7.152,9.283,6.835,null,null,null,null,null,null,null,null,null,null,null,null,null,null,null,null,null,null,null,null,null,278937918
TRND-Glioblastoma_LOPAC_A172-primary_screen2,NCGC00162334-05,activity,null,4,-15.5,18.584,[H][C@](CO)(C(=O)OC1CC2C3OC3C(C1)N2C)C4=CC=CC=C4,null,null,null,null,null,S1875,SIGMA,2021_LOPAC_01,null,null,(-)-Scopolamine hydrobromide,null,4,null,null,null,12.554,3.5,2.248,1,1,null,null,null,null,null,null,19,null,null,19.077,6.524,73.087,71.255,null,null,null,null,null,null,null,null,null,STECJAGHUSJQJN,null,TRND,LxnFgCNYjqfkmrhodK,null,null,null,null,BR,null,null,null,null,[NO STEREO] 114-49-8,null,null,null,0,4,1,null,null,173030,0 0 0 1,1,1,2025-06-17 15:22:09,null,null,null,null,null,null,null,364782307,activity,null,HTS,null,19.077,17.391,6.524,18.584,null,null,null,null,null,null,null,null,null,null,null,null,null,null,null,null,null,null,null,null,null,278937919
TRND-Glioblastoma_LOPAC_A172-primary_screen2,NCGC00346676-14,activity,1.995262,-1.3,-103.271,-96.755,CN1CCN(CC1)C2=CC=C(C=C2)C3=NC4=C(N5CCN(CC6=NOC(C)=C6)CC5)C(Br)=CN=C4N3,null,null,null,null,null,SML1237,SIGMA,2021_LOPAC_01,-5.7,null,CCT137690,null,-1.1,null,null,null,104.674,-99.271,2.333,0.085,0.995,null,null,null,null,null,null,4,null,null,7.918,-96.755,-114.308,-126.336,null,null,null,null,null,null,null,null,null,GFLQCBTXTRCREJ,null,TRND,tsMCokTDXdvgUMGeRA,null,Aurora kinase A inhibitor,null,null,null,null,null,null,null,null,AURKA,null,null,0,4,0,null,null,173030,0 0 0 0,1,1,2025-06-17 15:22:09,null,null,null,null,null,null,null,364783263,activity,null,HTS,2.007863,7.918,-26.664,-95.506,-96.755,null,null,null,null,null,null,null,null,null,null,null,null,null,null,null,null,null,null,null,null,null,278937920
TRND-Glioblastoma_LOPAC_A172-primary_screen2,NCGC00014688-07,activity,null,4,0,-0.448,NC(=N)C1=CC=C(C=C1)C2=CC=C(O2)C3=CC=C(C=C3)C(N)=N,null,null,null,null,null,SML1559,SIGMA,2021_LOPAC_01,null,null,Furamidine dihydrochloride,null,4,null,null,null,8.677,0,null,null,null,null,null,null,null,null,null,0,null,null,5.749,-2.928,8.701,null,null,null,null,null,null,null,null,null,null,ZJHZBDRZEZEDGB,null,TRND,PeUfLPnbCuiqWlDONm,null,null,null,null,CL,null,null,null,null,null,null,null,null,0,4,null,null,null,173030,null,1,1,2025-06-17 15:22:09,null,null,null,null,null,null,null,364784479,activity,null,HTS,null,2.509,-2.928,5.749,-0.448,null,null,null,null,null,null,null,null,null,null,null,null,null,null,null,null,null,null,null,null,null,278937921
TRND-Glioblastoma_LOPAC_A172-primary_screen2,NCGC00386747-12,activity,3.548134,-1.4,-63.74,-52.487,CC1=CC=CC=C1CN2C3=NCCN3C4=C(CN(CC5=CC=CC=C5)CC4)C2=O,null,null,null,null,null,SML1068,SIGMA,2021_LOPAC_01,-5.45,null,TIC10 angular,null,-1.2,null,null,null,75.028,-53.74,4.955,0.341,0.92,null,null,null,null,null,null,10,null,null,22.536,-52.493,-56.126,-29.561,null,null,null,null,null,null,null,null,null,VLULRUCCHYVXOH,null,TRND,DcQojDMmQIuDxdbrxU,null,Caseinolytic mitochondrial matrix peptidase inhibitor,null,null,null,null,null,null,null,null,CLPP,null,null,0,4,0,null,null,173030,0 0 0 0,1,1,2025-06-17 15:22:09,null,null,null,null,null,null,null,364783387,activity,null,HTS,5.987895,-2.729,22.536,-52.493,-52.487,null,null,null,null,null,null,null,null,null,null,null,null,null,null,null,null,null,null,null,null,null,278937922
TRND-Glioblastoma_LOPAC_A172-primary_screen2,NCGC00015610-31,activity,5.011872,-3,-72.82,-32.35,CC1=C(C=NO1)C(=O)NC2=CC=C(C=C2)C(F)(F)F,null,null,null,null,null,L5025,SIGMA,2021_LOPAC_01,-5.3,null,Leflunomide,null,-3,null,null,null,63.941,-38.82,1,0.14,0.988,null,null,null,null,null,null,34,null,null,31.591,-32.35,78.685,76.524,null,null,null,null,null,null,null,null,null,VHOGYURTWQBHIL,null,TRND,ESHkvQeqyvRLRDUCES,null,Dihydroorotate Dehydrogenase inhibitor,null,null,null,null,null,null,null,75706-12-6,DHODH,null,null,0,4,0,null,null,173030,0 0 0 0,1,1,2025-06-17 15:22:09,null,null,null,null,null,null,null,364780423,activity,null,HTS,null,31.591,15.968,-4.487,-32.35,null,null,null,null,null,null,null,null,null,null,null,null,null,null,null,null,null,null,null,null,null,278937923
TRND-Glioblastoma_LOPAC_A172-primary_screen2,NCGC00160421-07,activity,null,4,-12,10.533,COC1=C(OC)C=C2C3CC(=O)C(CC(C)C)CN3CCC2=C1,null,null,null,null,null,T2952,SIGMA,2021_LOPAC_01,null,null,Tetrabenazine,null,4,null,null,null,17.855,8,4.955,0.528,0.777,null,null,null,null,null,null,20,null,null,23.914,6.059,72.261,79.369,null,null,null,null,null,null,null,null,null,MKJIEFSOBYUXJB,null,TRND,YVQymwqUIiKeIjhNKy,null,Synaptic vesicular amine transporter inhibitor,null,null,null,null,null,null,null,58-46-8,SLC18A2,null,null,0,4,0,null,null,173030,0 0 0 0,1,1,2025-06-17 15:22:09,null,null,null,null,null,null,null,364782943,activity,null,HTS,null,16.495,23.914,6.059,10.533,null,null,null,null,null,null,null,null,null,null,null,null,null,null,null,null,null,null,null,null,null,278937924
TRND-Glioblastoma_LOPAC_A172-primary_screen2,NCGC00015898-32,activity,null,4,0,10.351,COC1=C(OC2CCCC2)C=C(C=C1)C3CNC(=O)C3,null,null,null,null,null,R6520,SIGMA,2021_LOPAC_01,null,null,Rolipram,null,4,null,null,null,7.148,0,null,null,null,null,null,null,null,null,null,0,null,null,10.351,3.203,22.826,null,null,null,null,null,null,null,null,null,null,HJORMJIFDVBMOB,null,TRND,gvOdLXDFPSAxfDTTvl,null,Phosphodiesterase 4 inhibitor,null,null,null,null,null,null,null,61413-54-5,PDE4A,null,null,0,4,null,null,null,173030,null,1,1,2025-06-17 15:22:09,null,null,null,null,null,null,null,364782243,activity,null,HTS,null,3.203,7.494,4.66,10.351,null,null,null,null,null,null,null,null,null,null,null,null,null,null,null,null,null,null,null,null,null,278937925
TRND-Glioblastoma_LOPAC_A172-primary_screen2,NCGC00168779-10,activity,null,4,0,-1.176,CC(C)[C@H](N)C(=O)OCC(CO)OCN1C=NC2=C1NC(N)=NC2=O,null,null,null,null,null,SML0191,SIGMA,2021_LOPAC_01,null,null,Valganciclovir hydrochloride hydrate,null,4,null,null,null,9.852,0,null,null,null,null,null,null,null,null,null,0,null,null,8.29,-1.562,2.555,null,null,null,null,null,null,null,null,null,null,WPVFJKSGQUFQAP,null,TRND,sQsKypxdeubZEpnqbg,null,null,null,null,CL,null,null,null,null,175865-69-5 (anhydrous),null,null,null,0,4,null,null,null,173030,null,1,1,2025-06-17 15:22:09,null,null,null,null,null,null,null,364784351,activity,null,HTS,null,-1.562,2.447,8.29,-1.176,null,null,null,null,null,null,null,null,null,null,null,null,null,null,null,null,null,null,null,null,null,278937926
TRND-Glioblastoma_LOPAC_A172-primary_screen2,NCGC00690002-01,activity,17.782794,-3,-65.034,-52.401,CC1=C(F)C=CC=C1[C@H]2COC(N)=N2,null,null,null,null,null,SML2225,SIGMA,2021_LOPAC_01,-4.75,null,RO5263397,null,-3,null,null,null,63.471,-55.034,4.955,0.034,0.999,null,null,null,null,null,null,10,null,null,11.07,-52.401,12.667,13.914,null,null,null,null,null,null,null,null,null,IOHOUWIYOVWGHV,null,TRND,JLBxTaMTYekipzUbil,null,null,null,null,null,null,null,null,null,null,null,null,null,0,4,0,null,null,173030,0 0 0 0,1,1,2025-06-17 15:22:09,null,null,null,null,null,null,null,364784335,activity,null,HTS,28.263938,9.189,11.07,9.977,-52.401,null,null,null,null,null,null,null,null,null,null,null,null,null,null,null,null,null,null,null,null,null,278937927
TRND-Glioblastoma_LOPAC_A172-primary_screen2,NCGC00015281-08,activity,17.782794,-3,-113.305,-93.624,CN1CCCC1CCOC(C)(C2=CC=CC=C2)C3=CC=C(Cl)C=C3,null,null,null,null,null,C8903,SIGMA,2021_LOPAC_01,-4.75,null,Clemastine fumarate,null,-3,null,null,null,109.294,-98.305,4.955,0.013,1,null,null,null,null,null,null,15,null,null,15.671,-93.624,14.268,12.859,null,null,null,null,null,null,null,null,null,YNNUSGIPVFPVBX,null,TRND,EQLticExbyMOMEIZIR,null,null,null,null,FUMARIC_ACID,null,null,null,null,[NO STEREO] 14976-57-9,null,null,null,0,4,0,null,null,173030,0 0 0 0,1,1,2025-06-17 15:22:09,null,null,null,null,null,null,null,364781247,activity,null,HTS,17.907022,15.671,14.356,14.248,-93.624,null,null,null,null,null,null,null,null,null,null,null,null,null,null,null,null,null,null,null,null,null,278937928
TRND-Glioblastoma_LOPAC_A172-primary_screen2,NCGC00015092-18,activity,null,4,0,8.724,NCCCCCC(O)=O,null,null,null,null,null,A7824,SIGMA,2021_LOPAC_01,null,null,6-Aminohexanoic acid,null,4,null,null,null,7.795,0,null,null,null,null,null,null,null,null,null,0,null,null,8.724,0.929,11.941,null,null,null,null,null,null,null,null,null,null,SLXKOJJOQWFEFD,null,TRND,NGHJVQSNyzQxjnPjog,null,Plasminogen inhibitor,null,null,null,null,null,null,null,60-32-2,PLAT,null,null,0,4,null,null,null,173030,null,1,1,2025-06-17 15:22:09,null,null,null,null,null,null,null,364780159,activity,null,HTS,null,0.929,1.224,5.61,8.724,null,null,null,null,null,null,null,null,null,null,null,null,null,null,null,null,null,null,null,null,null,278937929
TRND-Glioblastoma_LOPAC_A172-primary_screen2,NCGC00023339-31,activity,null,4,-12.326,1.247,CC[C@H]1[C@@H](CC2=CN=CN2C)COC1=O,null,null,null,null,null,P6503,SIGMA,2021_LOPAC_01,null,null,(+)-Pilocarpine hydrochloride,null,4,null,null,null,13.279,0.174,4.955,0.535,0.77,null,null,null,null,null,null,12.5,null,null,10.091,-3.188,28.616,28.319,null,null,null,null,null,null,null,null,null,QCHFTSOMWOSFHM,null,TRND,TgNeogCqjfhooWEULF,null,null,null,null,CL,null,null,null,null,148-72-1,null,null,null,0,4,0,null,null,173030,0 0 0 0,1,1,2025-06-17 15:22:09,null,null,null,null,null,null,null,364784603,activity,null,HTS,null,10.091,-3.188,3.123,1.247,null,null,null,null,null,null,null,null,null,null,null,null,null,null,null,null,null,null,null,null,null,278937930
TRND-Glioblastoma_LOPAC_A172-primary_screen2,NCGC00024379-36,activity,3.162278,5,-56.133,-72.698,CC[C@H]1CN2CCC3=CC(OC)=C(OC)C=C3[C@@H]2C[C@@H]1C[C@H]4NCCC5=CC(OC)=C(OC)C=C45,null,null,null,null,null,E2375,SIGMA,2021_LOPAC_01,-5.5,null,Emetine dihydrochloride hydrate,null,-2.2,null,null,null,21.443,-89.961,0.3,0.349,0.917,null,null,null,null,null,null,-33.828,null,null,-51.255,-72.698,-266.205,-267.875,null,null,null,null,null,null,null,null,null,AUVVAXYIELKVAI,null,TRND,OyDVkxFWIaUNDGrvJx,null,Anti-parasitic,null,null,CL,null,null,null,null,null,null,null,null,0,4,0,null,null,173030,0 0 0 0,1,1,2025-06-17 15:22:09,null,null,null,null,null,null,null,364783487,activity,null,HTS,null,-51.255,-60.865,-61.796,-72.698,null,null,null,null,null,null,null,null,null,null,null,null,null,null,null,null,null,null,null,null,null,278937931
TRND-Glioblastoma_LOPAC_A172-primary_screen2,NCGC00186038-13,activity,null,4,0,3.567,ClC1=CC=C(Cl)C(=C1)C2=CC=C(O2)\C=C(/C#N)C(=O)NC3=CC=CC4=C3C=CC=N4,null,null,null,null,null,A8231,SIGMA,2021_LOPAC_01,null,null,AGK2,null,4,null,null,null,19.188,0,null,null,null,null,null,null,null,null,null,0,null,null,17.817,-1.372,58.412,null,null,null,null,null,null,null,null,null,null,SVENPFFEMUOOGK,null,TRND,NdogxWZBCLZOocUyJc,null,null,null,null,null,null,null,null,null,304896-28-4,null,null,null,0,4,null,null,null,173030,null,1,1,2025-06-17 15:22:09,null,null,null,null,null,null,null,364784879,activity,null,HTS,null,17.817,-1.372,11.512,3.567,null,null,null,null,null,null,null,null,null,null,null,null,null,null,null,null,null,null,null,null,null,278937932
TRND-Glioblastoma_LOPAC_A172-primary_screen2,NCGC00015313-11,activity,null,4,-12,12.017,OC(=O)C1=NC2=CC(Cl)=CC(Cl)=C2C(O)=C1,null,null,null,null,null,D138,SIGMA,2021_LOPAC_01,null,null,"5,7-Dichlorokynurenic acid",null,4,null,null,null,10.718,2.5,1.885,1,1,null,null,null,null,null,null,14.5,null,null,13.514,2.797,45.813,45.827,null,null,null,null,null,null,null,null,null,BGKFPRIGXAVYNX,null,TRND,oucNMJulXVyPgBQgRB,null,null,null,null,H2O,null,null,null,null,131123-76-7,null,null,null,0,4,1,null,null,173030,0 0 0 1,1,1,2025-06-17 15:22:09,null,null,null,null,null,null,null,364782179,activity,null,HTS,null,13.514,6.986,2.797,12.017,null,null,null,null,null,null,null,null,null,null,null,null,null,null,null,null,null,null,null,null,null,278937933
TRND-Glioblastoma_LOPAC_A172-primary_screen2,NCGC00015536-10,activity,null,4,0,12.03,NC(=N)SCCC1=CNC=N1,null,null,null,null,null,I135,SIGMA,2021_LOPAC_01,null,null,Imetit dihydrobromide,null,4,null,null,null,5.879,0,null,null,null,null,null,null,null,null,null,0,null,null,15.594,9.716,66.843,null,null,null,null,null,null,null,null,null,null,PEHSVUKQDJULKE,null,TRND,MrsKVBlghuMHaLOPEd,null,null,null,null,BR,null,null,null,null,null,null,null,null,0,4,null,null,null,173030,null,1,1,2025-06-17 15:22:09,null,null,null,null,null,null,null,364780359,activity,null,HTS,null,15.594,9.716,14.947,12.03,null,null,null,null,null,null,null,null,null,null,null,null,null,null,null,null,null,null,null,null,null,278937934
TRND-Glioblastoma_LOPAC_A172-primary_screen2,NCGC00094358-39,activity,null,4,0,8.119,CC(\C=C\C1=C(C)CCCC1(C)C)=C/C=C/C(C)=C\C(O)=O,null,null,null,null,null,R3255,SIGMA,2021_LOPAC_01,null,null,13-cis-retinoic acid,null,4,null,null,null,7.986,0,null,null,null,null,null,null,null,null,null,0,null,null,8.119,0.132,10.343,null,null,null,null,null,null,null,null,null,null,SHGAZHPCJJPHSC,null,TRND,CJLGDYfDODgqkSnhPC,null,Retinoic Acid Receptor beta agonist,null,null,null,null,null,null,null,4759-48-2,RARB,null,null,0,4,null,null,null,173030,null,1,1,2025-06-17 15:22:09,null,null,null,null,null,null,null,364783023,activity,null,HTS,null,0.132,5.984,2.183,8.119,null,null,null,null,null,null,null,null,null,null,null,null,null,null,null,null,null,null,null,null,null,278937935
TRND-Glioblastoma_LOPAC_A172-primary_screen2,NCGC00164593-13,activity,null,4,0,11.507,[H][C@@](C)(N[C@@]([H])(CCC1=CC=CC=C1)C(O)=O)C(=O)N2CCC[C@@]2([H])C(O)=O,null,null,null,null,null,E9658,SIGMA,2021_LOPAC_01,null,null,Enalaprilat dihydrate,null,4,null,null,null,8.939,0,null,null,null,null,null,null,null,null,null,0,null,null,11.507,2.568,26.494,null,null,null,null,null,null,null,null,null,null,LZFZMUMEGBBDTC,null,TRND,vgNNFIvRtTbYmMOlws,null,null,null,null,H2O,null,null,null,null,76420-72-9,null,null,null,0,4,null,null,null,173030,null,1,1,2025-06-17 15:22:09,null,null,null,null,null,null,null,364784855,activity,null,HTS,null,4.822,2.568,7.534,11.507,null,null,null,null,null,null,null,null,null,null,null,null,null,null,null,null,null,null,null,null,null,278937936
TRND-Glioblastoma_LOPAC_A172-primary_screen2,NCGC00015080-20,activity,null,4,-19.5,7.842,C[N+]1(C)C2CCC1CC(C2)OC(=O)C(CO)C3=CC=CC=C3,null,null,null,null,null,A6883,SIGMA,2021_LOPAC_01,null,null,Atropine methyl bromide,null,4,null,null,null,20.686,5.5,2.72,0.276,0.95,null,null,null,null,null,null,25,null,null,23.751,3.066,78.952,80.042,null,null,null,null,null,null,null,null,null,PIPAJLPNWZMYQA,null,TRND,LBbZclscpRLOnpNowN,null,null,null,null,BR,null,null,null,null,2870-71-5,null,null,null,0,4,0,null,null,173030,0 0 0 0,1,1,2025-06-17 15:22:09,null,null,null,null,null,null,null,364781559,activity,null,HTS,null,23.751,9.69,3.066,7.842,null,null,null,null,null,null,null,null,null,null,null,null,null,null,null,null,null,null,null,null,null,278937937
TRND-Glioblastoma_LOPAC_A172-primary_screen2,NCGC00015876-18,activity,null,4,0,9.263,CN\C(NCCSCC1=CC=C(CN(C)C)O1)=C/[N+]([O-])=O,null,null,null,null,null,R101,SIGMA,2021_LOPAC_01,null,null,Ranitidine hydrochloride,null,4,null,null,null,5.836,0,null,null,null,null,null,null,null,null,null,0,null,null,12.159,6.322,37.802,null,null,null,null,null,null,null,null,null,null,VMXUWOKSQNHOCA,null,TRND,lkEgcWBflZYHQVTXAj,null,null,null,null,CL,null,null,null,null,[NO STEREO] 66357-59-3,null,null,null,0,4,null,null,null,173030,null,1,1,2025-06-17 15:22:09,null,null,null,null,null,null,null,364782259,activity,null,HTS,null,6.322,9.851,12.159,9.263,null,null,null,null,null,null,null,null,null,null,null,null,null,null,null,null,null,null,null,null,null,278938448
TRND-Glioblastoma_LOPAC_A172-primary_screen2,NCGC00024488-08,activity,null,4,-10.5,15.391,N[C@]1(CC[C@H](C1)C(O)=O)C(O)=O,null,null,null,null,null,A155,SIGMA,2021_LOPAC_01,null,null,trans-(±)-ACPD,null,4,null,null,null,11.21,16,4.955,0.105,0.993,null,null,null,null,null,null,26.5,null,null,26.601,15.391,105.442,105.137,null,null,null,null,null,null,null,null,null,YFYNOWXBIBKGHB,null,TRND,HMbUIJmOoZjXnjILTr,null,null,null,null,H2O,null,null,null,null,null,null,null,null,0,4,0,null,null,173030,0 0 0 0,1,1,2025-06-17 15:22:09,null,null,null,null,null,null,null,364780879,activity,null,HTS,null,26.601,17.255,16.405,15.391,null,null,null,null,null,null,null,null,null,null,null,null,null,null,null,null,null,null,null,null,null,278938449
TRND-Glioblastoma_LOPAC_A172-primary_screen2,NCGC00093976-24,activity,19.952623,-3,-94.788,-85.035,[H][C@@]1(C[C@@](O)(CC2=C(O)C3=C(C(=O)C4=C(C=CC=C4)C3=O)C(O)=C12)C(C)=O)O[C@H]5C[C@H](N)[C@H](O)[C@H](C)O5,null,null,null,null,null,I1656,SIGMA,2021_LOPAC_01,-4.7,null,Idarubicin,null,-3,null,null,null,112.541,-90.788,4.955,0.503,0.802,null,null,null,null,null,null,4,null,null,27.506,-85.035,-89.147,-27.673,null,null,null,null,null,null,null,null,null,XDXDZDZNSLXDNA,null,TRND,nWkHehvfoRzvlwSmIh,null,DNA Topoisomerase II inhibitor,null,null,null,null,null,null,null,58957-92-9,TOP2A,null,null,0,4,0,null,null,173030,0 0 0 0,1,1,2025-06-17 15:22:09,null,null,null,null,null,null,null,364782531,activity,null,HTS,20.789714,-25.232,9.078,27.506,-85.035,null,null,null,null,null,null,null,null,null,null,null,null,null,null,null,null,null,null,null,null,null,278938450
TRND-Glioblastoma_LOPAC_A172-primary_screen2,NCGC00015770-11,activity,null,4,22.719,1.545,O=C1ON=C2C=NC3=C(C=CC=C3)N12,null,null,null,null,null,O3636,SIGMA,2021_LOPAC_01,null,null,ODQ,null,4,null,null,null,21.235,15,2.188,1,1,null,null,null,null,null,null,-7.719,null,null,14.386,-6.85,2.589,3.247,null,null,null,null,null,null,null,null,null,LZMHWZHOZLVYDL,null,TRND,vsfGONnJmLQqFyTnof,null,null,null,null,null,null,null,null,null,null,null,null,null,0,4,1,null,null,173030,0 0 0 1,1,1,2025-06-17 15:22:09,null,null,null,null,null,null,null,364785131,activity,null,HTS,null,-6.85,5.689,14.386,1.545,null,null,null,null,null,null,null,null,null,null,null,null,null,null,null,null,null,null,null,null,null,278938451
TRND-Glioblastoma_LOPAC_A172-primary_screen2,NCGC00386770-03,activity,0.630957,-1.3,-88.887,-78.382,CC1=CC=C(\C=N\NC(=O)C2=NNC3=C2CCCC3)C=C1,null,null,null,null,null,SML1493,SIGMA,2021_LOPAC_01,-6.2,null,Suprafenacine,null,-1.1,null,null,null,89.327,-80.887,4.095,0.066,0.997,null,null,null,null,null,null,8,null,null,5.593,-83.734,-137.73,-137.685,null,null,null,null,null,null,null,null,null,WKKLZIQHOXPLLZ,null,TRND,RyejCxXVNxHLRTWNXq,null,null,null,null,null,null,null,null,null,null,null,null,null,0,4,0,null,null,173030,0 0 0 0,1,1,2025-06-17 15:22:09,null,null,null,null,null,null,null,364784507,activity,null,HTS,0.70972,5.593,-76.551,-83.734,-78.382,null,null,null,null,null,null,null,null,null,null,null,null,null,null,null,null,null,null,null,null,null,278938452
TRND-Glioblastoma_LOPAC_A172-primary_screen2,NCGC00015511-13,activity,null,4,-11.858,1.036,CCCC1=C(N(N=C1C2=CC=C(O)C=C2)C3=CC=C(O)C=C3)C4=CC=C(O)C=C4,null,null,null,null,null,H6036,SIGMA,2021_LOPAC_01,null,null,"1,3,5-tris(4-hydroxyphenyl)-4-propyl-1H-pyrazole",null,4,null,null,null,11.49,0.142,4.955,0.34,0.922,null,null,null,null,null,null,12,null,null,9.525,-1.965,26.204,27.123,null,null,null,null,null,null,null,null,null,IOTXSIGGFRQYKW,null,TRND,MJdyOrGhJjPIgIOGIY,null,null,null,null,null,null,null,null,null,263717-53-9,null,null,null,0,4,0,null,null,173030,0 0 0 0,1,1,2025-06-17 15:22:09,null,null,null,null,null,null,null,364781171,activity,null,HTS,null,9.525,-1.965,0.856,1.036,null,null,null,null,null,null,null,null,null,null,null,null,null,null,null,null,null,null,null,null,null,278938453
TRND-Glioblastoma_LOPAC_A172-primary_screen2,NCGC00162385-12,activity,null,4,16.563,13.694,CC1=C(C=C(C#N)C(=O)N1)C2=CN3C=CN=C3C=C2,null,null,null,null,null,O7389,SIGMA,2021_LOPAC_01,null,null,Olprinone hydrochloride,null,4,null,null,null,17.497,15,4.955,0.306,0.938,null,null,null,null,null,null,-1.563,null,null,13.694,-3.802,5.401,0.776,null,null,null,null,null,null,null,null,null,JPAWFIIYTJQOKW,null,TRND,gdfwqewRPteWzuMRHj,null,null,null,null,HCL,null,null,null,null,119615-63-3,null,null,null,0,4,0,null,null,173030,0 0 0 0,1,1,2025-06-17 15:22:09,null,null,null,null,null,null,null,364784607,activity,null,HTS,null,0.891,-2.306,-3.802,13.694,null,null,null,null,null,null,null,null,null,null,null,null,null,null,null,null,null,null,null,null,null,278938454
TRND-Glioblastoma_LOPAC_A172-primary_screen2,NCGC00015982-18,activity,null,4,0,11.079,OC1=NOC2=C1CCNC2,null,null,null,null,null,T101,SIGMA,2021_LOPAC_01,null,null,THIP hydrochloride,null,4,null,null,null,11.776,0,null,null,null,null,null,null,null,null,null,0,null,null,16.709,4.933,36.751,null,null,null,null,null,null,null,null,null,null,ZXRVKCBLGJOCEE,null,TRND,COKljGCRsvbTOkwWhw,null,null,null,null,CL,null,null,null,null,85118-33-8,null,null,null,0,4,null,null,null,173030,null,1,1,2025-06-17 15:22:09,null,null,null,null,null,null,null,364782579,activity,null,HTS,null,5.694,16.709,4.933,11.079,null,null,null,null,null,null,null,null,null,null,null,null,null,null,null,null,null,null,null,null,null,278938455
TRND-Glioblastoma_LOPAC_A172-primary_screen2,NCGC00023997-11,activity,null,4,0,-0.206,C[C@H]1C[C@H]2[C@@H]3CCC4=CC(=O)C=C[C@]4(C)[C@@]3(Cl)[C@@H](O)C[C@]2(C)[C@@]1(O)C(=O)CO,null,null,null,null,null,B0385,SIGMA,2021_LOPAC_01,null,null,Beclomethasone,null,4,null,null,null,6.885,0,null,null,null,null,null,null,null,null,null,0,null,null,-0.206,-7.091,-12.41,null,null,null,null,null,null,null,null,null,null,NBMKJKDGKREAPL,null,TRND,dGBTFTYaJzGbsvsIPN,null,null,null,null,null,null,null,null,null,4419-39-0,null,null,null,0,4,null,null,null,173030,null,1,1,2025-06-17 15:22:09,null,null,null,null,null,null,null,364784747,activity,null,HTS,null,-1.188,-5.789,-7.091,-0.206,null,null,null,null,null,null,null,null,null,null,null,null,null,null,null,null,null,null,null,null,null,278938456
TRND-Glioblastoma_LOPAC_A172-primary_screen2,NCGC00015200-12,activity,null,4,-16.722,-3.935,O=C(N1CCCCC1)C2=CC3=C(OCCO3)C=C2,null,null,null,null,null,C271,SIGMA,2021_LOPAC_01,null,null,Cx 546,null,4,null,null,null,17.019,-3.722,2.72,0.023,1,null,null,null,null,null,null,13,null,null,13.084,-3.935,39.758,39.514,null,null,null,null,null,null,null,null,null,LJUNPHMOGNFFOS,null,TRND,bnmUQlZasoOehYXWtp,null,null,null,null,null,null,null,null,null,215923-54-9,null,null,null,0,4,0,null,null,173030,0 0 0 0,1,1,2025-06-17 15:22:09,null,null,null,null,null,null,null,364784663,activity,null,HTS,null,13.084,10.428,-2.534,-3.935,null,null,null,null,null,null,null,null,null,null,null,null,null,null,null,null,null,null,null,null,null,278938457
TRND-Glioblastoma_LOPAC_A172-primary_screen2,NCGC00015471-21,activity,null,4,-14.717,-3.097,NC1=NC2=C(N=CN2COC(CO)CO)C(=O)N1,null,null,null,null,null,G2536,SIGMA,2021_LOPAC_01,null,null,Ganciclovir,null,4,null,null,null,16.339,-4.717,4.955,0.572,0.722,null,null,null,null,null,null,10,null,null,13.242,-3.097,46.584,40.177,null,null,null,null,null,null,null,null,null,IRSCQMHQWWYFCW,null,TRND,xuCqaLpMKNbOFtXHRw,null,null,null,null,null,null,null,null,null,82410-32-0,null,null,null,0,4,0,null,null,173030,0 0 0 0,1,1,2025-06-17 15:22:09,null,null,null,null,null,null,null,364783783,activity,null,HTS,null,13.242,4.221,12.175,-3.097,null,null,null,null,null,null,null,null,null,null,null,null,null,null,null,null,null,null,null,null,null,278938458
TRND-Glioblastoma_LOPAC_A172-primary_screen2,NCGC00015759-09,activity,19.952623,-3,-79.384,-56.421,CN1CCN(CC1)C2CC3=C(SC4=C2C=C(Cl)C=C4)C=CC=C3,null,null,null,null,null,O111,SIGMA,2021_LOPAC_01,-4.7,null,Octoclothepin maleate salt,null,-3,null,null,null,76.418,-62.384,4.955,0.151,0.986,null,null,null,null,null,null,17,null,null,19.996,-56.421,46.012,40.965,null,null,null,null,null,null,null,null,null,XRYLGRGAWQSVQW,null,TRND,mhSFELxIXlBMlaZswN,null,null,null,null,MALEIC_ACID,null,null,null,null,4789-68-8,null,null,null,0,4,0,null,null,173030,0 0 0 0,1,1,2025-06-17 15:22:09,null,null,null,null,null,null,null,364780687,activity,null,HTS,26.443688,19.552,10.629,19.996,-56.421,null,null,null,null,null,null,null,null,null,null,null,null,null,null,null,null,null,null,null,null,null,278938459
TRND-Glioblastoma_LOPAC_A172-primary_screen2,NCGC00015347-10,activity,null,4,0,1.678,CN1C=NC2=C1C(=O)N(C)C(=O)N2,null,null,null,null,null,D5385,SIGMA,2021_LOPAC_01,null,null,"1,7-Dimethylxanthine",null,4,null,null,null,4.48,0,null,null,null,null,null,null,null,null,null,0,null,null,1.678,-2.802,-4.883,null,null,null,null,null,null,null,null,null,null,QUNWUDVFRNGTCO,null,TRND,zXFpfIoiEZktzrjTfC,null,null,null,null,null,null,null,null,null,611-59-6,null,null,null,0,4,null,null,null,173030,null,1,1,2025-06-17 15:22:09,null,null,null,null,null,null,null,364784103,activity,null,HTS,null,-1.565,0.768,-2.802,1.678,null,null,null,null,null,null,null,null,null,null,null,null,null,null,null,null,null,null,null,null,null,278938460
TRND-Glioblastoma_LOPAC_A172-primary_screen2,NCGC00386845-04,activity,null,4,-22.336,-10.28,OC(=O)C1=CC(=CC=C1)C2=CC=C(C=C2)C3=CN(N=N3)C(=O)N4CCCCC4CC5=CC=CC=C5,null,null,null,null,null,SML1250,SIGMA,2021_LOPAC_01,null,null,KT203,null,4,null,null,null,24.899,-10.336,4.955,0.233,0.965,null,null,null,null,null,null,12,null,null,14.619,-10.28,48.255,42.824,null,null,null,null,null,null,null,null,null,SSSCOJOXPDDHOO,null,TRND,sSiErWUrJZSyvRYNCG,null,null,null,null,null,null,null,null,null,null,null,null,null,0,4,0,null,null,173030,0 0 0 0,1,1,2025-06-17 15:22:09,null,null,null,null,null,null,null,364780519,activity,null,HTS,null,14.619,9.583,9.142,-10.28,null,null,null,null,null,null,null,null,null,null,null,null,null,null,null,null,null,null,null,null,null,278938461
TRND-Glioblastoma_LOPAC_A172-primary_screen2,NCGC00370696-06,activity,null,4,15,16.03,NNC(=O)CSC1=NC2=C(C(=CS2)C3=CC=CC=C3)C(=O)N1C4=CC=CC=C4,null,null,null,null,null,SML0744,SIGMA,2021_LOPAC_01,null,null,LDN-27219,null,4,null,null,null,14.686,18,4.955,0.644,0.608,null,null,null,null,null,null,3,null,null,16.03,1.344,39.727,21.041,null,null,null,null,null,null,null,null,null,WLBUICQBNZXIDJ,null,TRND,SdxkgbrZYhTYKnmAbr,null,null,null,null,null,null,null,null,null,null,null,null,null,0,4,0,null,null,173030,0 0 0 0,1,1,2025-06-17 15:22:09,null,null,null,null,null,null,null,364783931,activity,null,HTS,null,10.172,3.048,1.344,16.03,null,null,null,null,null,null,null,null,null,null,null,null,null,null,null,null,null,null,null,null,null,278938462
TRND-Glioblastoma_LOPAC_A172-primary_screen2,NCGC00015943-09,activity,3.548134,-1.4,-21.838,-4.865,CC(=O)NNC(=O)N1CC2=C(OC3=C1C=C(Cl)C=C3)C=CC=C2,null,null,null,null,null,S3065,SIGMA,2021_LOPAC_01,-5.45,null,SC 19220,null,4,null,null,null,21.651,-4.838,2.847,0.029,0.999,null,null,null,null,null,null,17,null,null,16.786,-4.865,54.156,54.404,null,null,null,null,null,null,null,null,null,KNURFLJTOUGOOQ,null,TRND,LtxLfTbWLAzSHhxmzw,null,null,null,null,null,null,null,null,null,null,null,null,null,0,4,0,null,null,173030,0 0 0 0,1,1,2025-06-17 15:22:09,null,null,null,null,null,null,null,364783599,activity,null,HTS,null,16.786,16.12,-1.624,-4.865,null,null,null,null,null,null,null,null,null,null,null,null,null,null,null,null,null,null,null,null,null,278938463
TRND-Glioblastoma_LOPAC_A172-primary_screen2,NCGC00015149-27,activity,null,4,0,7.19,CCCCNC1=CC(=CC(=C1OC2=CC=CC=C2)[S+](N)([O-])=O)C(O)=O,null,null,null,null,null,B3023,SIGMA,2021_LOPAC_01,null,null,Bumetanide,null,4,null,null,null,9.766,0,null,null,null,null,null,null,null,null,null,0,null,null,7.19,-2.576,17.448,null,null,null,null,null,null,null,null,null,null,GXZSSBJRQQVGBT,null,TRND,ZsgktfQjHHiHYRPlCG,null,Solute carrier family 12 member 1 inhibitor,null,null,null,null,null,null,null,28395-03-1,SLC12A1,null,null,0,4,null,null,null,173030,null,1,1,2025-06-17 15:22:09,null,null,null,null,null,null,null,364780471,activity,null,HTS,null,4.643,-2.576,3.694,7.19,null,null,null,null,null,null,null,null,null,null,null,null,null,null,null,null,null,null,null,null,null,278938464
TRND-Glioblastoma_LOPAC_A172-primary_screen2,NCGC00025069-10,activity,null,4,-7,12.675,[O-]S(=O)(=O)C1=CC(=C2C(NC(=O)C3=CC=CC(NC(=O)NC4=CC=CC(=C4)C(=O)NC5=CC=C(C6=CC(=CC(=C56)S([O-])(=O)=O)S([O-])(=O)=O)S([O-])(=O)=O)=C3)=CC=C(C2=C1)S([O-])(=O)=O)S([O-])(=O)=O,null,null,null,null,null,N8652,SIGMA,2021_LOPAC_01,null,null,NF 023,null,4,null,null,null,10.042,7.5,4.955,1,0.427,null,null,null,null,null,null,14.5,null,null,18.706,8.664,53.075,60.51,null,null,null,null,null,null,null,null,null,JMONOAYAUIIKMS,null,TRND,ApTCcLmGxelGhGaFec,null,null,null,null,SODIUM,null,null,null,null,null,null,null,null,0,4,1,null,null,173030,0 0 0 1,1,1,2025-06-17 15:22:09,null,null,null,null,null,null,null,364780759,activity,null,HTS,null,10.59,18.706,8.664,12.675,null,null,null,null,null,null,null,null,null,null,null,null,null,null,null,null,null,null,null,null,null,278938465
TRND-Glioblastoma_LOPAC_A172-primary_screen2,NCGC00024643-25,activity,11.220185,-3,-45.99,-39.904,CC(C(O)C1=CC=C(O)C=C1)N2CCC(CC3=CC=CC=C3)CC2,null,null,null,null,null,I2892,SIGMA,2021_LOPAC_01,-4.95,null,Ifenprodil tartrate,null,-3,null,null,null,45.948,-40.49,4.095,0.019,1,null,null,null,null,null,null,5.5,null,null,6.044,-39.904,-0.044,-1.476,null,null,null,null,null,null,null,null,null,UYNVMODNBIQBMV,null,TRND,qhCGfawBrYbJJQWEBq,null,null,null,null,TARTRATE,null,null,null,null,23210-56-2,null,null,null,0,4,0,null,null,173030,0 0 0 0,1,1,2025-06-17 15:22:09,null,null,null,null,null,null,null,364781735,activity,null,HTS,null,6.044,5.424,0.528,-39.904,null,null,null,null,null,null,null,null,null,null,null,null,null,null,null,null,null,null,null,null,null,278938466
TRND-Glioblastoma_LOPAC_A172-primary_screen2,NCGC00263218-15,activity,null,4,-22.511,-12.925,C\C(O)=C(/C#N)C(=O)NC1=CC=C(C=C1)C(F)(F)F,null,null,null,null,null,SML0936,SIGMA,2021_LOPAC_01,null,null,Teriflunomide,null,4,null,null,null,17.911,-17.511,0.8,0.35,0.916,null,null,null,null,null,null,5,null,null,4.985,-12.925,2.857,0.273,null,null,null,null,null,null,null,null,null,UTNUDOFZCWSZMS,null,TRND,WxaLsMfLWkChOQYNlM,null,Dihydroorotate Dehydrogenase inhibitor,null,null,null,null,null,null,null,163451-81-8,DHODH,null,null,0,4,0,null,null,173030,0 0 0 0,1,1,2025-06-17 15:22:09,null,null,null,null,null,null,null,364785007,activity,null,HTS,null,4.985,-2.206,-3.777,-12.925,null,null,null,null,null,null,null,null,null,null,null,null,null,null,null,null,null,null,null,null,null,278938467
TRND-Glioblastoma_LOPAC_A172-primary_screen2,NCGC00487230-03,activity,null,4,-10,12.166,NC1=NC2=C(N=CN2[C@@H]3O[C@H](CO)[C@@H](O)[C@@H]3O)C(=O)N1,null,null,null,null,null,A4233,SIGMA,2021_LOPAC_01,null,null,Ara-G hydrate,null,4,null,null,null,12.359,10,4.955,0.403,0.885,null,null,null,null,null,null,20,null,null,19.749,7.39,79.441,80.92,null,null,null,null,null,null,null,null,null,NYHBQMYGNKIUIF,null,TRND,wmVZrhLgCmvlGXxQWf,null,null,null,null,null,null,null,null,null,[NO STEREO] 118-00-3,null,null,null,0,4,0,null,null,173030,0 0 0 0,1,1,2025-06-17 15:22:09,null,null,null,null,null,null,null,364781395,activity,null,HTS,null,19.749,18.704,7.39,12.166,null,null,null,null,null,null,null,null,null,null,null,null,null,null,null,null,null,null,null,null,null,278938468
TRND-Glioblastoma_LOPAC_A172-primary_screen2,NCGC00014998-09,activity,null,4,-33.437,-29.948,CCN(CC)CCCCCCCCOC(=O)C1=CC(OC)=C(OC)C(OC)=C1,null,null,null,null,null,861804,SIGMA,2021_LOPAC_01,null,null,TMB-8 hydrochloride,null,4,null,null,null,39.343,-30.437,4.504,0.371,0.904,null,null,null,null,null,null,3,null,null,9.395,-29.948,7.882,-5.402,null,null,null,null,null,null,null,null,null,IBQMHBGFMLHHLE,null,TRND,DwxeOJCOLHXvEbABtG,null,null,null,null,CL,null,null,null,null,null,null,null,null,0,4,0,null,null,173030,0 0 0 0,1,1,2025-06-17 15:22:09,null,null,null,null,null,null,null,364781431,activity,null,HTS,null,9.395,-3.391,-0.11,-29.948,null,null,null,null,null,null,null,null,null,null,null,null,null,null,null,null,null,null,null,null,null,278938469
TRND-Glioblastoma_LOPAC_A172-primary_screen2,NCGC00015444-20,activity,null,4,-16.164,-8.054,OC1=CC=C(C=C1)C2CNCCC3=C2C=C(O)C(O)=C3Cl,null,null,null,null,null,F6800,SIGMA,2021_LOPAC_01,null,null,Fenoldopam bromide,null,4,null,null,null,16.374,-9.164,4.955,0.327,0.928,null,null,null,null,null,null,7,null,null,8.32,-8.054,18.327,24.968,null,null,null,null,null,null,null,null,null,TVURRHSHRRELCG,null,TRND,hmhebQaDmmpPBWvcwa,null,Dopamine Receptor D1 agonist,null,null,BR,null,null,null,null,67287-54-1,DRD1,null,null,0,4,0,null,null,173030,0 0 0 0,1,1,2025-06-17 15:22:09,null,null,null,null,null,null,null,364785015,activity,null,HTS,null,3.943,8.301,8.32,-8.054,null,null,null,null,null,null,null,null,null,null,null,null,null,null,null,null,null,null,null,null,null,278938470
TRND-Glioblastoma_LOPAC_A172-primary_screen2,NCGC00480804-04,activity,null,4,-22,2.899,CSC1=C(C)C(SC)=C2C=NC=CN12,null,null,null,null,null,SML0777,SIGMA,2021_LOPAC_01,null,null,Oltipraz metabolite M2,null,4,null,null,null,24.749,3,4.955,0.262,0.955,null,null,null,null,null,null,25,null,null,27.648,2.899,108.339,102.969,null,null,null,null,null,null,null,null,null,MYLBTCQBKAKUTJ,null,TRND,HiGdvAezxiJBbOrRPg,null,null,null,null,null,null,null,null,null,null,null,null,null,0,4,0,null,null,173030,0 0 0 0,1,1,2025-06-17 15:22:09,null,null,null,null,null,null,null,364783255,activity,null,HTS,null,27.648,22.094,20.946,2.899,null,null,null,null,null,null,null,null,null,null,null,null,null,null,null,null,null,null,null,null,null,278938471
TRND-Glioblastoma_LOPAC_A172-primary_screen2,NCGC00507755-02,activity,null,4,0,3.248,CC1=NC=C(O1)C2=CNC3=CC=CC=C23,null,null,null,null,null,SML1592,SIGMA,2021_LOPAC_01,null,null,Pimprinine,null,4,null,null,null,7.41,0,null,null,null,null,null,null,null,null,null,0,null,null,6.675,-0.735,22.699,null,null,null,null,null,null,null,null,null,null,WZJPGCHCOHYLMB,null,TRND,lSgoUBVnWCRAfTtMZi,null,null,null,null,null,null,null,null,null,null,null,null,null,0,4,null,null,null,173030,null,1,1,2025-06-17 15:22:09,null,null,null,null,null,null,null,364784079,activity,null,HTS,null,6.675,-0.735,4.262,3.248,null,null,null,null,null,null,null,null,null,null,null,null,null,null,null,null,null,null,null,null,null,278938472
TRND-Glioblastoma_LOPAC_A172-primary_screen2,NCGC00015915-10,activity,null,4,-18,1.777,OC1=C(O)C=C2C(CN(CC=C)CCC2=C1)C3=CC=CC=C3,null,null,null,null,null,S168,SIGMA,2021_LOPAC_01,null,null,"(±)-SKF 38393, N-allyl-, hydrobromide",null,4,null,null,null,21.779,2,3.99,0.368,0.906,null,null,null,null,null,null,20,null,null,23.556,1.777,66.966,74.921,null,null,null,null,null,null,null,null,null,QBUVZVXIRYFENV,null,TRND,OyxIucJsgxYAUVXFPi,null,null,null,null,BR,null,null,null,null,null,null,null,null,0,4,0,null,null,173030,0 0 0 0,1,1,2025-06-17 15:22:09,null,null,null,null,null,null,null,364781931,activity,null,HTS,null,16.277,23.556,6.292,1.777,null,null,null,null,null,null,null,null,null,null,null,null,null,null,null,null,null,null,null,null,null,278938473
TRND-Glioblastoma_LOPAC_A172-primary_screen2,NCGC00023945-37,activity,null,4,10,18.182,[H][C@@]1(C[C@]([H])(N=[N+]=[N-])[C@@]([H])(CO)O1)N2C=C(C)C(=O)NC2=O,null,null,null,null,null,A2169,SIGMA,2021_LOPAC_01,null,null,3 -Azido-3 -deoxythymidine,null,4,null,null,null,10.873,20,4.955,0.586,0.707,null,null,null,null,null,null,10,null,null,18.182,7.31,58.55,51.214,null,null,null,null,null,null,null,null,null,HBOMLICNUCNMMY,null,TRND,KpxSavEcXnjMEPHsVQ,null,null,null,null,null,null,null,null,null,30516-87-1,null,null,null,0,4,0,null,null,173030,0 0 0 0,1,1,2025-06-17 15:22:09,null,null,null,null,null,null,null,364780839,activity,null,HTS,null,12.927,11.455,7.31,18.182,null,null,null,null,null,null,null,null,null,null,null,null,null,null,null,null,null,null,null,null,null,278938474
TRND-Glioblastoma_LOPAC_A172-primary_screen2,NCGC00015041-10,activity,null,4,-12.761,2.982,NC(CCP(O)(O)=O)C(O)=O,null,null,null,null,null,A1910,SIGMA,2021_LOPAC_01,null,null,(±)-2-Amino-4-phosphonobutyric acid,null,4,null,null,null,11.535,-5.261,4.955,1,0.934,null,null,null,null,null,null,7.5,null,null,8.818,-2.717,18.83,21.341,null,null,null,null,null,null,null,null,null,DDOQBQRIEWHWBT,null,TRND,aGfpgYZJOFdpBgbZXg,null,null,null,null,null,null,null,null,null,null,null,null,null,0,4,1,null,null,173030,0 0 0 1,1,1,2025-06-17 15:22:09,null,null,null,null,null,null,null,364784019,activity,null,HTS,null,5.764,8.818,-2.717,2.982,null,null,null,null,null,null,null,null,null,null,null,null,null,null,null,null,null,null,null,null,null,278938475
TRND-Glioblastoma_LOPAC_A172-primary_screen2,NCGC00015099-22,activity,null,4,-12.305,-3.329,CC(C)NCC(O)COC1=C(CC=C)C=CC=C1,null,null,null,null,null,A8676,SIGMA,2021_LOPAC_01,null,null,Alprenolol hydrochloride,null,4,null,null,null,13.263,-6.305,4.955,0.532,0.773,null,null,null,null,null,null,6,null,null,3.426,-9.837,-3.358,-2.173,null,null,null,null,null,null,null,null,null,PAZJSJFMUHDSTF,null,TRND,KFLEqFNHLeoYjcZjKw,null,null,null,null,CL,null,null,null,null,13707-88-5,null,null,null,0,4,0,null,null,173030,0 0 0 0,1,1,2025-06-17 15:22:09,null,null,null,null,null,null,null,364784635,activity,null,HTS,null,3.426,-9.837,-6.063,-3.329,null,null,null,null,null,null,null,null,null,null,null,null,null,null,null,null,null,null,null,null,null,278938476
TRND-Glioblastoma_LOPAC_A172-primary_screen2,NCGC00016665-18,activity,null,4,17,5.709,CC(C)NC[C@H](O)C1=CC(O)=C(O)C=C1,null,null,null,null,null,I2760,SIGMA,2021_LOPAC_01,null,null,R(-)-Isoproterenol (+)-bitartrate,null,4,null,null,null,15.933,21.5,4.955,1,0.977,null,null,null,null,null,null,4.5,null,null,19.401,3.468,42.882,40.565,null,null,null,null,null,null,null,null,null,JWZZKOKVBUJMES,null,TRND,fIShMDsaOPqsJiejpI,null,null,null,null,TARTRATE,null,null,null,null,5984-95-2,null,null,null,0,4,1,null,null,173030,0 0 0 1,1,1,2025-06-17 15:22:09,null,null,null,null,null,null,null,364785087,activity,null,HTS,null,6.015,3.468,19.401,5.709,null,null,null,null,null,null,null,null,null,null,null,null,null,null,null,null,null,null,null,null,null,278938477
TRND-Glioblastoma_LOPAC_A172-primary_screen2,NCGC00015376-12,activity,null,4,-32.612,-24.677,CCCCCCN(CCCCCC)C(=O)CC1=C(NC2=C1C=CC=C2)C3=CC=C(F)C=C3,null,null,null,null,null,D8555,SIGMA,2021_LOPAC_01,null,null,"N,N-Dihexyl-2-(4-fluorophenyl)indole-3-acetamide",null,4,null,null,null,34.213,-25.612,2.787,0.172,0.981,null,null,null,null,null,null,7,null,null,9.536,-24.677,5.855,10.669,null,null,null,null,null,null,null,null,null,VUWXAQFLTSBUDB,null,TRND,UynWmBlqEFYXwoIuQV,null,null,null,null,null,null,null,null,null,null,null,null,null,0,4,0,null,null,173030,0 0 0 0,1,1,2025-06-17 15:22:09,null,null,null,null,null,null,null,364783375,activity,null,HTS,null,4.598,9.536,-0.855,-24.677,null,null,null,null,null,null,null,null,null,null,null,null,null,null,null,null,null,null,null,null,null,278938478
TRND-Glioblastoma_LOPAC_A172-primary_screen2,NCGC00015955-30,activity,null,4,-12.36,-1.074,CC(C)(C)NCC(O)C1=CC(CO)=C(O)C=C1,null,null,null,null,null,S5013,SIGMA,2021_LOPAC_01,null,null,Albuterol hemisulfate,null,4,null,null,null,16.182,-2.36,4.955,0.411,0.88,null,null,null,null,null,null,10,null,null,12.549,-3.633,25.268,31.942,null,null,null,null,null,null,null,null,null,NDAUXUAQIAJITI,null,TRND,nvgUOVqAlkDmCOWvmT,null,Beta-2 Adrenergic Receptor agonist,null,null,SULFURIC_ACID,null,null,null,null,18559-94-9,ADRB2,null,null,0,4,0,null,null,173030,0 0 0 0,1,1,2025-06-17 15:22:09,null,null,null,null,null,null,null,364783615,activity,null,HTS,null,7.064,12.549,-3.633,-1.074,null,null,null,null,null,null,null,null,null,null,null,null,null,null,null,null,null,null,null,null,null,278938479
TRND-Glioblastoma_LOPAC_A172-primary_screen2,NCGC00015892-14,activity,null,4,0,4.749,O=C1N2CCC3=C(NC4=C3C=CC=C4)C2=NC5=CC=CC=C15,null,null,null,null,null,R3277,SIGMA,2021_LOPAC_01,null,null,Rutaecarpine,null,4,null,null,null,3.589,0,null,null,null,null,null,null,null,null,null,0,null,null,8.051,4.461,24.533,null,null,null,null,null,null,null,null,null,null,ACVGWSKVRYFWRP,null,TRND,ArFMxXvPdChItAtBHy,null,null,null,null,null,null,null,null,null,84-26-4,null,null,null,0,4,null,null,null,173030,null,1,1,2025-06-17 15:22:09,null,null,null,null,null,null,null,364783663,activity,null,HTS,null,4.461,5.761,8.051,4.749,null,null,null,null,null,null,null,null,null,null,null,null,null,null,null,null,null,null,null,null,null,278938480
TRND-Glioblastoma_LOPAC_A172-primary_screen2,NCGC00482986-05,activity,null,4,0,12.475,COC1=C(O)C=C2[C@@H](CC3=CC(OC4=CC=C(C[C@H]5N(C)CCC6=CC(OC)=C(OC)C=C56)C=C4)=C(O)C=C3)N(C)CCC2=C1,null,null,null,null,null,SML0597,SIGMA,2021_LOPAC_01,null,null,Daurisoline,null,4,null,null,null,7.501,0,null,null,null,null,null,null,null,null,null,0,null,null,18.263,10.762,68.584,null,null,null,null,null,null,null,null,null,null,BURJAQFYNVMZDV,null,TRND,qYLMAZgCEhkHkxXmWA,null,null,null,null,null,null,null,null,null,null,null,null,null,0,4,null,null,null,173030,null,1,1,2025-06-17 15:22:09,null,null,null,null,null,null,null,364783551,activity,null,HTS,null,15.04,18.263,10.762,12.475,null,null,null,null,null,null,null,null,null,null,null,null,null,null,null,null,null,null,null,null,null,278938481
TRND-Glioblastoma_LOPAC_A172-primary_screen2,NCGC00162179-21,activity,10,-2.1,-113.429,-96.084,OCCN1CCN(CC\C=C2\C3=CC=CC=C3SC4=C2C=C(C=C4)C(F)(F)F)CC1,null,null,null,null,null,F114,SIGMA,2021_LOPAC_01,-5,null,cis-(Z)-Flupenthixol dihydrochloride,null,-3,null,null,null,113.983,-97.429,3.572,0.039,0.999,null,null,null,null,null,null,16,null,null,17.899,-96.084,-2.862,1.184,null,null,null,null,null,null,null,null,null,NJMYODHXAKYRHW,null,TRND,SMGNnJGuYXbouzgDCv,null,null,null,null,CL,null,null,null,null,null,null,null,null,0,4,0,null,null,173030,0 0 0 0,1,1,2025-06-17 15:22:09,null,null,null,null,null,null,null,364783127,activity,null,HTS,10.148876,14.013,17.899,-5.361,-96.084,null,null,null,null,null,null,null,null,null,null,null,null,null,null,null,null,null,null,null,null,null,278937399
TRND-Glioblastoma_LOPAC_A172-primary_screen2,NCGC00024605-22,activity,null,4,-14.799,-3.166,CN([C@H]1CCCC[C@@H]1N2CCCC2)C(=O)CC3=CC(Cl)=C(Cl)C=C3,null,null,null,null,null,U111,SIGMA,2021_LOPAC_01,null,null,"(-)-trans-(1S,2S)-U-50488 hydrochloride",null,4,null,null,null,14.428,-3.299,3.192,0.029,0.999,null,null,null,null,null,null,11.5,null,null,11.262,-3.166,36.243,36.69,null,null,null,null,null,null,null,null,null,VQLPLYSROCPWFF,null,TRND,hKIbOFEGSrHbhNkWyD,null,null,null,null,CL,null,null,null,null,null,null,null,null,0,4,0,null,null,173030,0 0 0 0,1,1,2025-06-17 15:22:09,null,null,null,null,null,null,null,364784543,activity,null,HTS,null,11.262,11.046,-1.522,-3.166,null,null,null,null,null,null,null,null,null,null,null,null,null,null,null,null,null,null,null,null,null,278937400
TRND-Glioblastoma_LOPAC_A172-primary_screen2,NCGC00162319-09,activity,null,4,0,0.673,[H][C@]12CCCN(CCC)[C@]1([H])CC3=CN=C(N)N=C3C2,null,null,null,null,null,Q110,SIGMA,2021_LOPAC_01,null,null,Quinelorane dihydrochloride,null,4,null,null,null,4.783,0,null,null,null,null,null,null,null,null,null,0,null,null,5.456,0.673,9.408,null,null,null,null,null,null,null,null,null,null,TUFADSGTJUOBEH,null,TRND,DJQEoehxClochFAixq,null,null,null,null,CL,null,null,null,null,null,null,null,null,0,4,null,null,null,173030,null,1,1,2025-06-17 15:22:09,null,null,null,null,null,null,null,364783639,activity,null,HTS,null,1.063,5.456,3.277,0.673,null,null,null,null,null,null,null,null,null,null,null,null,null,null,null,null,null,null,null,null,null,278937401
TRND-Glioblastoma_LOPAC_A172-primary_screen2,NCGC00177980-11,activity,null,4,-24.356,-14.046,Clc1ccc(CO\N=C(/Cn2ccnc2)c3ccc(Cl)cc3Cl)c(Cl)c1,null,null,null,null,null,SML1474,SIGMA,2021_LOPAC_01,null,null,null,null,4,null,null,null,23.78,-14.356,2.72,0.043,0.999,null,null,null,null,null,null,10,null,null,9.733,-14.046,20.899,22.119,null,null,null,null,null,null,null,null,null,QRJJEGAJXVEBNE,null,TRND,APyQqCUiKfydjILlfW,null,null,null,null,NITRIC_ACID,null,null,null,null,64211-46-7,null,null,null,0,4,0,null,null,173030,0 0 0 0,1,1,2025-06-17 15:22:09,null,null,null,null,null,null,null,364782091,activity,null,HTS,null,9.438,9.733,-6.735,-14.046,null,null,null,null,null,null,null,null,null,null,null,null,null,null,null,null,null,null,null,null,null,278937402
TRND-Glioblastoma_LOPAC_A172-primary_screen2,NCGC00387105-04,activity,null,4,-21.389,-1.991,C[N+]1=C(CC(=O)C2=CC=C(Br)C=C2)C=CC=C1,null,null,null,null,null,SML1111,SIGMA,2021_LOPAC_01,null,null,S 24795,null,4,null,null,null,20.679,-2.389,2.406,0.061,0.998,null,null,null,null,null,null,19,null,null,18.688,-1.991,65.161,65.413,null,null,null,null,null,null,null,null,null,ABKAHMCVCKGZSX,null,TRND,HZjBwrUnrBPeolrNgj,null,null,null,null,I,null,null,null,null,null,null,null,null,0,4,0,null,null,173030,0 0 0 0,1,1,2025-06-17 15:22:09,null,null,null,null,null,null,null,364781859,activity,null,HTS,null,18.688,18.347,2.178,-1.991,null,null,null,null,null,null,null,null,null,null,null,null,null,null,null,null,null,null,null,null,null,278937403
TRND-Glioblastoma_LOPAC_A172-primary_screen2,NCGC00015446-09,activity,null,4,-14.606,6.171,NC(N)=NC1=NC(CSCC\C(N)=N\[S+](N)([O-])=O)=CS1,null,null,null,null,null,F6889,SIGMA,2021_LOPAC_01,null,null,Famotidine,null,4,null,null,null,36.982,-6.606,3.627,1,1,null,null,null,null,null,null,8,null,null,33.144,-3.838,22.384,21.513,null,null,null,null,null,null,null,null,null,VZUQZRYQNIGGIH,null,TRND,tgDmLQCBcFCbeHhIVx,null,null,null,null,null,null,null,null,null,76824-35-6,null,null,null,0,4,2,null,null,173030,1 0 0 1,1,1,2025-06-17 15:22:09,null,null,null,null,null,null,null,364781195,activity,null,HTS,null,33.144,7.797,-3.838,6.171,null,null,null,null,null,null,null,null,null,null,null,null,null,null,null,null,null,null,null,null,null,278937404
TRND-Glioblastoma_LOPAC_A172-primary_screen2,NCGC00015590-11,activity,null,4,12.249,-1.164,O=C1N(C2=C(C=CC=C2)C1(CC3=CC=NC=C3)CC4=CC=NC=C4)C5=CC=CC=C5,null,null,null,null,null,L134,SIGMA,2021_LOPAC_01,null,null,Linopirdine,null,4,null,null,null,17.431,11,4.955,1,0.372,null,null,null,null,null,null,-1.249,null,null,8.473,-8.958,20.787,7.474,null,null,null,null,null,null,null,null,null,YEJCDKJIEMIWRQ,null,TRND,suLsQVTQFriZiJdcTh,null,Potassium Voltage-Gated Channel Subfamily KQT Member 2 inhibitor,null,null,null,null,null,null,null,105431-72-9,KCNQ2,null,null,0,4,1,null,null,173030,0 0 0 1,1,1,2025-06-17 15:22:09,null,null,null,null,null,null,null,364780959,activity,null,HTS,null,6.006,-8.958,8.473,-1.164,null,null,null,null,null,null,null,null,null,null,null,null,null,null,null,null,null,null,null,null,null,278937405
TRND-Glioblastoma_LOPAC_A172-primary_screen2,NCGC00024471-04,activity,null,4,-10.5,8.537,N[C@H](CCCP(O)(O)=O)C(O)=O,null,null,null,null,null,A8054,SIGMA,2021_LOPAC_01,null,null,D(-)-2-Amino-5-phosphonopentanoic acid,null,4,null,null,null,11.615,7,3.065,0.276,0.951,null,null,null,null,null,null,17.5,null,null,17.509,5.894,64.753,64.444,null,null,null,null,null,null,null,null,null,VOROEQBFPPIACJ,null,TRND,fVOEOsOZJPhjovHZJk,null,null,null,null,null,null,null,null,null,[NO STEREO] 76326-31-3,null,null,null,0,4,0,null,null,173030,0 0 0 0,1,1,2025-06-17 15:22:09,null,null,null,null,null,null,null,364780899,activity,null,HTS,null,17.509,10.808,5.894,8.537,null,null,null,null,null,null,null,null,null,null,null,null,null,null,null,null,null,null,null,null,null,278937406
TRND-Glioblastoma_LOPAC_A172-primary_screen2,NCGC00093889-24,activity,null,4,0,18.147,[H][C@]12N(C)CC[C@@]1(C)C3=C(C=CC(OC(=O)NC)=C3)N2C,null,null,null,null,null,E8375,SIGMA,2021_LOPAC_01,null,null,(-)-Physostigmine,null,4,null,null,null,16.678,0,null,null,null,null,null,null,null,null,null,0,null,null,18.147,1.47,42.664,null,null,null,null,null,null,null,null,null,null,PIJVFDBKTWXHHD,null,TRND,iOmACLvCqxWNGXQSfq,null,null,null,null,null,null,null,null,null,57-47-6,null,null,null,0,4,null,null,null,173030,null,1,1,2025-06-17 15:22:09,null,null,null,null,null,null,null,364780491,activity,null,HTS,null,9.858,6.782,1.47,18.147,null,null,null,null,null,null,null,null,null,null,null,null,null,null,null,null,null,null,null,null,null,278937407
TRND-Glioblastoma_LOPAC_A172-primary_screen2,NCGC00015656-28,activity,null,4,-21.5,7.05,CN1CCN2C(C1)C3=C(CC4=C2C=CC=C4)C=CC=C3,null,null,null,null,null,M2525,SIGMA,2021_LOPAC_01,null,null,Mianserin hydrochloride,null,4,null,null,null,23.343,5.5,3.677,0.174,0.981,null,null,null,null,null,null,27,null,null,26.926,3.582,87.469,87.623,null,null,null,null,null,null,null,null,null,UEQUQVLFIPOEMF,null,TRND,jGXnuAmslWStPKtmuE,null,null,null,null,CL,null,null,null,null,21535-47-7,null,null,null,0,4,0,null,null,173030,0 0 0 0,1,1,2025-06-17 15:22:09,null,null,null,null,null,null,null,364781631,activity,null,HTS,null,26.926,9.349,3.582,7.05,null,null,null,null,null,null,null,null,null,null,null,null,null,null,null,null,null,null,null,null,null,278937408
TRND-Glioblastoma_LOPAC_A172-primary_screen2,NCGC00090851-34,activity,null,4,-54.346,-29.193,NC1=NC(=O)N(C=N1)[C@@H]2O[C@H](CO)[C@@H](O)[C@H]2O,null,null,null,null,null,A2385,SIGMA,2021_LOPAC_01,null,null,5-azacytidine,null,4,null,null,null,64.66,-28.566,4.095,0.335,0.924,null,null,null,null,null,null,25.78,null,null,35.467,-29.193,43.019,63.413,null,null,null,null,null,null,null,null,null,NMUSYJAQQFHJEW,null,TRND,cUvHQHtUusjrxIgoLB,null,DNA Methyltransferase (DNMT) inhibitor,null,null,null,null,null,null,null,320-67-2,DNMT1,null,null,0,4,0,null,null,173030,0 0 0 0,1,1,2025-06-17 15:22:09,null,null,null,null,null,null,null,364782119,activity,null,HTS,null,15.899,35.467,-15.077,-29.193,null,null,null,null,null,null,null,null,null,null,null,null,null,null,null,null,null,null,null,null,null,278937409
TRND-Glioblastoma_LOPAC_A172-primary_screen2,NCGC00015934-08,activity,null,4,15,2.419,NNC(N)=O,null,null,null,null,null,S2201,SIGMA,2021_LOPAC_01,null,null,Semicarbazide hydrochloride,null,4,null,null,null,14.628,14.5,4.955,1,0.835,null,null,null,null,null,null,-0.5,null,null,17.047,2.419,37.994,39.065,null,null,null,null,null,null,null,null,null,DUIOPKIIICUYRZ,null,TRND,fNlKciqZykVqKPaViu,null,null,null,null,CL,null,null,null,null,563-41-7,null,null,null,0,4,1,null,null,173030,0 0 0 1,1,1,2025-06-17 15:22:09,null,null,null,null,null,null,null,364783583,activity,null,HTS,null,4.197,17.047,11.784,2.419,null,null,null,null,null,null,null,null,null,null,null,null,null,null,null,null,null,null,null,null,null,278937410
TRND-Glioblastoma_LOPAC_A172-primary_screen2,NCGC00015743-07,activity,null,4,-28,2.77,C(C1=NCCN1)C2=CC=C3C=CC=CC3=C2,null,null,null,null,null,N5504,SIGMA,2021_LOPAC_01,null,null,Naphazoline hydrochloride,null,4,null,null,null,22.568,4,1.558,0.131,0.989,null,null,null,null,null,null,32,null,null,25.338,2.77,82.625,82.451,null,null,null,null,null,null,null,null,null,VIXRKFBKWOHVBR,null,TRND,xPiUAtydfqoPtdbSXf,null,null,null,null,CL,null,null,null,null,null,null,null,null,0,4,0,null,null,173030,0 0 0 0,1,1,2025-06-17 15:22:09,null,null,null,null,null,null,null,364782007,activity,null,HTS,null,25.338,9.685,5.84,2.77,null,null,null,null,null,null,null,null,null,null,null,null,null,null,null,null,null,null,null,null,null,278937411
TRND-Glioblastoma_LOPAC_A172-primary_screen2,NCGC00015181-06,activity,null,4,-7.56,-7.966,NCC(O)C1CCCCCCC1,null,null,null,null,null,C108,SIGMA,2021_LOPAC_01,null,null,2-Cyclooctyl-2-hydroxyethylamine hydrochloride,null,4,null,null,null,13.594,-7.56,4.955,0.73,0.399,null,null,null,null,null,null,0,null,null,5.628,-7.966,-20.594,-7.676,null,null,null,null,null,null,null,null,null,NUOYMOJXFODLFN,null,TRND,ruowshDvEPsyGxeFZL,null,null,null,null,CL,null,null,null,null,null,null,null,null,0,4,0,null,null,173030,0 0 0 0,1,1,2025-06-17 15:22:09,null,null,null,null,null,null,null,364781435,activity,null,HTS,null,-6.02,5.628,-5.193,-7.966,null,null,null,null,null,null,null,null,null,null,null,null,null,null,null,null,null,null,null,null,null,278937412
TRND-Glioblastoma_LOPAC_A172-primary_screen2,NCGC00016000-32,activity,19.952623,-3,-97.22,-94.246,CCN(CC)C(=S)SSC(=S)N(CC)CC,null,null,null,null,null,T1132,SIGMA,2021_LOPAC_01,-4.7,null,Tetraethylthiuram disulfide,null,-3,null,null,null,100.045,-101.22,4.955,0.307,0.937,null,null,null,null,null,null,-4,null,null,5.799,-94.246,-49.677,-66.457,null,null,null,null,null,null,null,null,null,AUZONCFQVSMFAP,null,TRND,wIPVviYAjmkUleJKXF,null,Aldehyde Dehydrogenase-2 inhibitor,null,null,null,null,null,null,null,97-77-8,ALDH2,null,null,0,4,0,null,null,173030,0 0 0 0,1,1,2025-06-17 15:22:09,null,null,null,null,null,null,null,364783223,activity,null,HTS,19.855785,5.799,-21.143,-2.076,-94.246,null,null,null,null,null,null,null,null,null,null,null,null,null,null,null,null,null,null,null,null,null,278937413
TRND-Glioblastoma_LOPAC_A172-primary_screen2,NCGC00015760-31,activity,null,4,-13.762,-2.704,NCC(O)C1=CC=C(O)C=C1,null,null,null,null,null,O0250,SIGMA,2021_LOPAC_01,null,null,(±)-Octopamine hydrochloride,null,4,null,null,null,20.897,-5.762,4.955,0.522,0.783,null,null,null,null,null,null,8,null,null,11.928,-8.968,12.42,20.837,null,null,null,null,null,null,null,null,null,QHGUCRYDKWKLMG,null,TRND,YUGMiSHtesYhTyqozx,null,null,null,null,CL,null,null,null,null,770-05-8,null,null,null,0,4,0,null,null,173030,0 0 0 0,1,1,2025-06-17 15:22:09,null,null,null,null,null,null,null,364783835,activity,null,HTS,null,4.243,11.928,-8.968,-2.704,null,null,null,null,null,null,null,null,null,null,null,null,null,null,null,null,null,null,null,null,null,278937414
TRND-Glioblastoma_LOPAC_A172-primary_screen2,NCGC00015319-16,activity,null,4,0,12.779,[O-][N+](=O)C1=C(C=C2NC(=O)C(=O)NC2=C1)[N+]([O-])=O,null,null,null,null,null,D0540,SIGMA,2021_LOPAC_01,null,null,DNQx,null,4,null,null,null,6.384,0,null,null,null,null,null,null,null,null,null,0,null,null,12.779,6.395,39.253,null,null,null,null,null,null,null,null,null,null,RWVIMCIPOAXUDG,null,TRND,sDWdvdUVqzfdzVxIWQ,null,null,null,null,null,null,null,null,null,2379-57-9,null,null,null,0,4,null,null,null,173030,null,1,1,2025-06-17 15:22:09,null,null,null,null,null,null,null,364781483,activity,null,HTS,null,7.521,6.395,10.286,12.779,null,null,null,null,null,null,null,null,null,null,null,null,null,null,null,null,null,null,null,null,null,278937415
TRND-Glioblastoma_LOPAC_A172-primary_screen2,NCGC00094419-08,activity,null,4,-29.739,-1.866,CC1=CC=C(C=C1)[S+]([O-])(=O)N[C@@H](CC2=CC=CC=C2)C(=O)CCl,null,null,null,null,null,T4376,SIGMA,2021_LOPAC_01,null,null,N-p-Tosyl-L-phenylalanine chloromethyl ketone,null,4,null,null,null,29.457,-3.239,2.253,0.125,0.99,null,null,null,null,null,null,26.5,null,null,27.591,-1.866,96.572,99.13,null,null,null,null,null,null,null,null,null,VYGZKBZYCVWKPS,null,TRND,vXLgqhGYWRHkwDCOYf,null,Serine Protease inhibitor,null,null,null,null,null,null,null,null,PRSS1,null,null,0,4,0,null,null,173030,0 0 0 0,1,1,2025-06-17 15:22:09,null,null,null,null,null,null,null,364782635,activity,null,HTS,null,25.153,27.591,12.112,-1.866,null,null,null,null,null,null,null,null,null,null,null,null,null,null,null,null,null,null,null,null,null,278937416
TRND-Glioblastoma_LOPAC_A172-primary_screen2,NCGC00379022-07,activity,null,4,9.5,12.427,[H][C@@]12CC=C(C3=CN=CC=C3)[C@@]1(C)CC[C@@]4([H])[C@@]2([H])CC=C5C[C@H](CC[C@]45C)OC(C)=O,null,null,null,null,null,SML1527,SIGMA,2021_LOPAC_01,null,null,Abiraterone acetate ,null,4,null,null,null,10.783,14,4.955,0.693,0.506,null,null,null,null,null,null,4.5,null,null,18.295,7.512,47.8,47.374,null,null,null,null,null,null,null,null,null,UVIQSJCZCSLXRZ,null,TRND,jHZEphwZIhijVvdaXG,null,null,null,null,null,null,null,null,null,154229-18-2,null,null,null,0,4,0,null,null,173030,0 0 0 0,1,1,2025-06-17 15:22:09,null,null,null,null,null,null,null,364783239,activity,null,HTS,null,7.512,18.295,10.92,12.427,null,null,null,null,null,null,null,null,null,null,null,null,null,null,null,null,null,null,null,null,null,278937417
TRND-Glioblastoma_LOPAC_A172-primary_screen2,NCGC00015599-12,activity,null,4,-12.336,3.663,CCCC1=C(OCCCOC2=CC=C(OCC(O)=O)C=C2)C=CC(C(C)=O)=C1O,null,null,null,null,null,L2167,SIGMA,2021_LOPAC_01,null,null,"L-165,041",null,4,null,null,null,16.571,1.164,4.955,0.427,0.868,null,null,null,null,null,null,13.5,null,null,15.04,-1.53,42.961,48.239,null,null,null,null,null,null,null,null,null,HBBVCKCCQCQCTJ,null,TRND,MSpRwhAYwklucjPtJv,null,null,null,null,null,null,null,null,null,null,null,null,null,0,4,0,null,null,173030,0 0 0 0,1,1,2025-06-17 15:22:09,null,null,null,null,null,null,null,364783759,activity,null,HTS,null,11.385,15.04,-1.53,3.663,null,null,null,null,null,null,null,null,null,null,null,null,null,null,null,null,null,null,null,null,null,278937418
TRND-Glioblastoma_LOPAC_A172-primary_screen2,NCGC00015217-08,activity,null,4,0,0.294,COC1=CC2=C(C=C1)N(CC3=CC=C(Cl)C=C3)C(C)=C2CC(O)=O,null,null,null,null,null,C1610,SIGMA,2021_LOPAC_01,null,null,1-(4-Chlorobenzyl)-5-methoxy-2-methylindole-3-acetic acid,null,4,null,null,null,9.657,0,null,null,null,null,null,null,null,null,null,0,null,null,9.951,0.294,28.945,null,null,null,null,null,null,null,null,null,null,ZCEPWIDYPWMCOY,null,TRND,KJqXqPDOLZUYBOxUzD,null,null,null,null,null,null,null,null,null,null,null,null,null,0,4,null,null,null,173030,null,1,1,2025-06-17 15:22:09,null,null,null,null,null,null,null,364785059,activity,null,HTS,null,6.558,9.951,5.199,0.294,null,null,null,null,null,null,null,null,null,null,null,null,null,null,null,null,null,null,null,null,null,278937419
TRND-Glioblastoma_LOPAC_A172-primary_screen2,NCGC00346525-11,activity,11.220185,-2.3,-99.59,-95.393,CCN1CCN(CC1)C(=O)CC2=CC=C(NC3=NC(NC4=CC=C(C=C4)C(=O)NC5=CC=CC=C5Cl)=C(F)C=N3)C=C2,null,null,null,null,null,SML0882,SIGMA,2021_LOPAC_01,-4.95,null,Aurora-A Inhibitor I,null,-2.1,null,null,null,103.432,-99.59,2.952,0.174,0.981,null,null,null,null,null,null,0,null,null,8.04,-95.393,-45.859,-62.798,null,null,null,null,null,null,null,null,null,AKSIZPIFQAYJGF,null,TRND,zCpuAlKiTrCvDgnApk,null,Aurora kinase A inhibitor,null,null,null,null,null,null,null,null,AURKA,null,null,0,4,0,null,null,173030,0 0 0 0,1,1,2025-06-17 15:22:09,null,null,null,null,null,null,null,364781503,activity,null,HTS,11.251528,8.04,-7.664,-18.116,-95.393,null,null,null,null,null,null,null,null,null,null,null,null,null,null,null,null,null,null,null,null,null,278937420
TRND-Glioblastoma_LOPAC_A172-primary_screen2,NCGC00015135-14,activity,null,4,-18.058,-9.632,CC(N)CC1=CNC2=C1C=C(OCC3=CC=CS3)C=C2,null,null,null,null,null,B175,SIGMA,2021_LOPAC_01,null,null,BW 723C86,null,4,null,null,null,20.377,-10.058,3.132,0.359,0.911,null,null,null,null,null,null,8,null,null,10.746,-9.632,17.222,24.586,null,null,null,null,null,null,null,null,null,ALFGDCNSEBJYSP,null,TRND,hJwLGphTgfygFnBJYM,null,null,null,null,CL,null,null,null,null,null,null,null,null,0,4,0,null,null,173030,0 0 0 0,1,1,2025-06-17 15:22:09,null,null,null,null,null,null,null,364783019,activity,null,HTS,null,4.578,10.746,2.962,-9.632,null,null,null,null,null,null,null,null,null,null,null,null,null,null,null,null,null,null,null,null,null,278937421
TRND-Glioblastoma_LOPAC_A172-primary_screen2,NCGC00346440-05,activity,null,4,-24.902,-2.835,CN[C@H]1CN2C(=O)NC3=C2C(C1)=CC=C3,null,null,null,null,null,SML1087,SIGMA,2021_LOPAC_01,null,null,Sumanirole maleate,null,4,null,null,null,30.647,-5.402,4.955,0.526,0.778,null,null,null,null,null,null,19.5,null,null,27.812,-2.835,68.323,80.102,null,null,null,null,null,null,null,null,null,RKZSNTNMEFVBDT,null,TRND,YSLecTMhCKCFzyWApo,null,Dopamine Receptor D2 agonist,null,null,MALEATE,null,null,null,null,179386-44-8,DRD2,null,null,0,4,0,null,null,173030,0 0 0 0,1,1,2025-06-17 15:22:09,null,null,null,null,null,null,null,364781875,activity,null,HTS,null,13.81,17.229,27.812,-2.835,null,null,null,null,null,null,null,null,null,null,null,null,null,null,null,null,null,null,null,null,null,278937422
TRND-Glioblastoma_LOPAC_A172-primary_screen2,NCGC00167811-19,activity,null,4,0,10.407,OC(=O)CCC1=CC=C(NCC2=CC=CC(OC3=CC=CC=C3)=C2)C=C1,null,null,null,null,null,G9797,SIGMA,2021_LOPAC_01,null,null,GW9508,null,4,null,null,null,6.842,0,null,null,null,null,null,null,null,null,null,0,null,null,12.511,5.669,51.102,null,null,null,null,null,null,null,null,null,null,DGENZVKCTGIDRZ,null,TRND,TpycTnjdHqHRKcNpsM,null,Free Fatty Acid Receptor 1 agonist,null,null,null,null,null,null,null,885101-89-3,FFAR1,null,null,0,4,null,null,null,173030,null,1,1,2025-06-17 15:22:09,null,null,null,null,null,null,null,364785095,activity,null,HTS,null,12.511,5.669,9.939,10.407,null,null,null,null,null,null,null,null,null,null,null,null,null,null,null,null,null,null,null,null,null,278937423
TRND-Glioblastoma_LOPAC_A172-primary_screen2,NCGC00162141-04,activity,null,4,0,6.144,NC1=NC=NC2=C1N=CN2[C@H]3O[C@@H](COP(O)(=O)OP([O-])(=O)OP([O-])(=O)OP([O-])(=O)OC[C@H]4O[C@H]([C@H](O)C4O)N5C=NC6=C5N=CN=C6N)C(O)[C@@H]3O,null,null,null,null,null,D1262,SIGMA,2021_LOPAC_01,null,null,"P1,P4-Di(adenosine-5 )tetraphosphate triammonium",null,4,null,null,null,3.791,0,null,null,null,null,null,null,null,null,null,0,null,null,6.144,2.353,16.27,null,null,null,null,null,null,null,null,null,null,YOAHKNVSNCMZGQ,null,TRND,XyiOAuaJCqpXuHvTbd,null,null,null,null,AMMONIUM,null,null,null,null,GRT00395,null,null,null,0,4,null,null,null,173030,null,1,1,2025-06-17 15:22:09,null,null,null,null,null,null,null,364784679,activity,null,HTS,null,2.353,4.701,4.612,6.144,null,null,null,null,null,null,null,null,null,null,null,null,null,null,null,null,null,null,null,null,null,278937424
TRND-Glioblastoma_LOPAC_A172-primary_screen2,NCGC00015452-33,activity,null,4,-22,4.752,CC(C)C(=O)NC1=CC(=C(C=C1)[N+]([O-])=O)C(F)(F)F,null,null,null,null,null,F9397,SIGMA,2021_LOPAC_01,null,null,Flutamide,null,4,null,null,null,19.488,3,4.955,0.532,0.772,null,null,null,null,null,null,25,null,null,20.534,1.046,66.854,63.181,null,null,null,null,null,null,null,null,null,MKXKFYHWDHIYRV,null,TRND,kOkTvGIuYXNHoAwtKR,null,Androgen Receptor antagonist,null,null,null,null,null,null,null,13311-84-7,AR,null,null,0,4,0,null,null,173030,0 0 0 0,1,1,2025-06-17 15:22:09,null,null,null,null,null,null,null,364785031,activity,null,HTS,null,20.534,1.046,9.495,4.752,null,null,null,null,null,null,null,null,null,null,null,null,null,null,null,null,null,null,null,null,null,278937425
TRND-Glioblastoma_LOPAC_A172-primary_screen2,NCGC00016035-30,activity,null,4,-25.862,1.906,ClC1=CC(=CC=C1)N2CCN(CCCN3N=C4C=CC=CN4C3=O)CC2,null,null,null,null,null,T6154,SIGMA,2021_LOPAC_01,null,null,Trazodone hydrochloride,null,4,null,null,null,22.313,2.138,1,0.702,0.476,null,null,null,null,null,null,28,null,null,20.761,-1.552,65.361,53.378,null,null,null,null,null,null,null,null,null,PHLBKPHSAVXXEF,null,TRND,TDsVUfygIAvIpeNvGT,null,null,null,null,CL,null,null,null,null,25332-39-2,null,null,null,0,4,0,null,null,173030,0 0 0 0,1,1,2025-06-17 15:22:09,null,null,null,null,null,null,null,364782667,activity,null,HTS,null,20.761,-1.552,11.195,1.906,null,null,null,null,null,null,null,null,null,null,null,null,null,null,null,null,null,null,null,null,null,278937426
TRND-Glioblastoma_LOPAC_A172-primary_screen2,NCGC00166281-29,activity,null,4,-16.191,-6.826,COC1=CC=C2N=CC=C([C@@H](O)[C@@H]3C[C@@H]4CCN3C[C@@H]4C=C)C2=C1,null,null,null,null,null,Q1250,SIGMA,2021_LOPAC_01,null,null,Quinine sulfate,null,4,null,null,null,12.167,-9.191,0.7,0.292,0.944,null,null,null,null,null,null,7,null,null,5.341,-6.826,11.176,10.724,null,null,null,null,null,null,null,null,null,LOUPRKONTZGTKE,null,TRND,EqEdHgnMQfKPFUpScv,null,null,null,null,SULFURIC_ACID,null,null,null,null,549-56-4,null,null,null,0,4,0,null,null,173030,0 0 0 0,1,1,2025-06-17 15:22:09,null,null,null,null,null,null,null,364784263,activity,null,HTS,null,5.341,0.814,-0.898,-6.826,null,null,null,null,null,null,null,null,null,null,null,null,null,null,null,null,null,null,null,null,null,278937427
TRND-Glioblastoma_LOPAC_A172-primary_screen2,NCGC00094076-07,activity,null,4,0,6.043,CC(C)[C@H](NC(=O)OCC1=CC=CC=C1)C(=O)N[C@@H](CC2=CC=CC=C2)C=O,null,null,null,null,null,M6690,SIGMA,2021_LOPAC_01,null,null,MDL 28170,null,4,null,null,null,29.518,0,null,null,null,null,null,null,null,null,null,0,null,null,35.561,6.043,119.917,null,null,null,null,null,null,null,null,null,null,NGBKFLTYGSREKK,null,TRND,awVFBNasOpiZXiIcnY,null,null,null,null,null,null,null,null,null,88191-84-8,null,null,null,0,4,null,null,null,173030,null,1,1,2025-06-17 15:22:09,null,null,null,null,null,null,null,364780447,activity,null,HTS,null,35.561,13.346,12.478,6.043,null,null,null,null,null,null,null,null,null,null,null,null,null,null,null,null,null,null,null,null,null,278937428
TRND-Glioblastoma_LOPAC_A172-primary_screen2,NCGC00093824-05,activity,null,4,-13.5,4.995,CN(C)C(=O)\N=N\C(=O)N(C)C,null,null,null,null,null,D3648,SIGMA,2021_LOPAC_01,null,null,"N,N,N ,N -Tetramethylazodicarboxamide",null,4,null,null,null,13.589,2,4.955,1,0.666,null,null,null,null,null,null,15.5,null,null,14.058,0.469,48.356,42.339,null,null,null,null,null,null,null,null,null,VLSDXINSOMDCBK,null,TRND,aJywNVBpKghdzMnOzG,null,null,null,null,null,null,null,null,null,10465-78-8,null,null,null,0,4,1,null,null,173030,0 0 0 1,1,1,2025-06-17 15:22:09,null,null,null,null,null,null,null,364784711,activity,null,HTS,null,14.058,0.469,7.36,4.995,null,null,null,null,null,null,null,null,null,null,null,null,null,null,null,null,null,null,null,null,null,278937429
TRND-Glioblastoma_LOPAC_A172-primary_screen2,NCGC00025323-17,activity,null,4,-10.983,-8.319,CC(C)C[C@H](NC(=O)[C@@H](O)[C@H](N)CC1=CC=CC=C1)C(O)=O,null,null,null,null,null,B8385,SIGMA,2021_LOPAC_01,null,null,Bestatin hydrochloride,null,4,null,null,null,11.42,-9.483,4.955,0.423,0.872,null,null,null,null,null,null,1.5,null,null,3.1,-8.319,-3.673,1.964,null,null,null,null,null,null,null,null,null,VGGGPCQERPFHOB,null,TRND,RiUpKqqGyUskinAiBe,null,Aminopeptidase N inhibitor,null,null,CL,null,null,null,null,58970-76-6,ANPEP,null,null,0,4,0,null,null,173030,0 0 0 0,1,1,2025-06-17 15:22:09,null,null,null,null,null,null,null,364783699,activity,null,HTS,null,-1.16,3.1,2.506,-8.319,null,null,null,null,null,null,null,null,null,null,null,null,null,null,null,null,null,null,null,null,null,278937430
TRND-Glioblastoma_LOPAC_A172-primary_screen2,NCGC00015593-06,activity,null,4,-21.483,-0.403,OC1=C(C(=O)NC2=C1C=CC(Cl)=C2)C3=CC=C(OC4=CC=CC=C4)C=C3,null,null,null,null,null,L0258,SIGMA,2021_LOPAC_01,null,null,"L-701,324",null,4,null,null,null,20.351,-1.483,1.826,0.122,0.991,null,null,null,null,null,null,20,null,null,19.949,-0.403,72.101,74.3,null,null,null,null,null,null,null,null,null,PDJGPBAMXFVBLT,null,TRND,ogeBqNRtGxUBlwUXhJ,null,null,null,null,null,null,null,null,null,null,null,null,null,0,4,0,null,null,173030,0 0 0 0,1,1,2025-06-17 15:22:09,null,null,null,null,null,null,null,364781671,activity,null,HTS,null,19.007,19.949,8.043,-0.403,null,null,null,null,null,null,null,null,null,null,null,null,null,null,null,null,null,null,null,null,null,278937938
TRND-Glioblastoma_LOPAC_A172-primary_screen2,NCGC00015144-09,activity,null,4,-14.805,-3.588,NC1=NC(OCC2=CC=CC=C2)=C3N=CNC3=N1,null,null,null,null,null,B2292,SIGMA,2021_LOPAC_01,null,null,O6-benzylguanine,null,4,null,null,null,15.449,-5.305,4.955,0.355,0.914,null,null,null,null,null,null,9.5,null,null,11.861,-3.588,43.113,37.786,null,null,null,null,null,null,null,null,null,KRWMERLEINMZFT,null,TRND,ebZquqKWSIDIYpPtAG,null,Methylated-DNA--protein-cysteine methyltransferase inhibitor,null,null,null,null,null,null,null,19916-73-5,MGMT,null,null,0,4,0,null,null,173030,0 0 0 0,1,1,2025-06-17 15:22:09,null,null,null,null,null,null,null,364781895,activity,null,HTS,null,11.861,6.982,10.3,-3.588,null,null,null,null,null,null,null,null,null,null,null,null,null,null,null,null,null,null,null,null,null,278937939
TRND-Glioblastoma_LOPAC_A172-primary_screen2,NCGC00486921-03,activity,null,4,-23.055,10.91,CC(C)N1CCN(CC1)[S+]([O-])(=O)C2=CC=C(NC(=O)C3=CC=C(C=C3[N+]([O-])=O)C(F)(F)F)C=C2,null,null,null,null,null,SML1547,SIGMA,2021_LOPAC_01,null,null,RN-9893 ,null,4,null,null,null,33.456,-9.055,4.955,1,0.401,null,null,null,null,null,null,14,null,null,10.91,-22.546,16.035,8.89,null,null,null,null,null,null,null,null,null,PJAANISMWFBTTF,null,TRND,VJvqwCCcvxnXgIphBb,null,null,null,null,null,null,null,null,null,null,null,null,null,0,4,1,null,null,173030,0 0 0 1,1,1,2025-06-17 15:22:09,null,null,null,null,null,null,null,364783343,activity,null,HTS,null,9.659,-22.546,4.07,10.91,null,null,null,null,null,null,null,null,null,null,null,null,null,null,null,null,null,null,null,null,null,278937940
TRND-Glioblastoma_LOPAC_A172-primary_screen2,NCGC00095462-06,activity,null,4,-24.257,-9.798,OC1=CC=C2C3C4=C(CC3(O)COC2=C1)C=C(O)C(O)=C4,null,null,null,null,null,SML2132,SIGMA,2021_LOPAC_01,null,null,BRazilin,null,4,null,null,null,26.2,-12.757,4.955,0.434,0.863,null,null,null,null,null,null,11.5,null,null,16.402,-9.798,42.044,42.809,null,null,null,null,null,null,null,null,null,UWHUTZOCTZJUKC,null,TRND,pCXMGebDfRrFNdeDQv,null,null,null,null,null,null,null,null,null,474-07-7,null,null,null,0,4,0,null,null,173030,0 0 0 0,1,1,2025-06-17 15:22:09,null,null,null,null,null,null,null,364781491,activity,null,HTS,null,11.321,6.163,16.402,-9.798,null,null,null,null,null,null,null,null,null,null,null,null,null,null,null,null,null,null,null,null,null,278937941
TRND-Glioblastoma_LOPAC_A172-primary_screen2,NCGC00015326-07,activity,null,4,-25.5,6.093,FC1=CC=C(C=C1)C(=O)CCCN2CCC(C=C2)N3C(=O)NC4=C3C=CC=C4,null,null,null,null,null,D1414,SIGMA,2021_LOPAC_01,null,null,Droperidol,null,4,null,null,null,18.845,5.5,0.8,0.221,0.969,null,null,null,null,null,null,31,null,null,24.938,6.093,90.726,88.245,null,null,null,null,null,null,null,null,null,NDNUAUXWPVQUQH,null,TRND,TRpAWqhNALVjnekQwX,null,null,null,null,null,null,null,null,null,null,null,null,null,0,4,0,null,null,173030,0 0 0 0,1,1,2025-06-17 15:22:09,null,null,null,null,null,null,null,364781499,activity,null,HTS,null,24.938,14.851,11.351,6.093,null,null,null,null,null,null,null,null,null,null,null,null,null,null,null,null,null,null,null,null,null,278937942
TRND-Glioblastoma_LOPAC_A172-primary_screen2,NCGC00263216-15,activity,25.118864,-2.3,-56.71,-93.522,NC1=NC=C(C=C1)C2=CC=C3N=CC4=C(N(C(=O)\C=C/4)C5=CC(=CC=C5)C(F)(F)F)C3=C2,null,null,null,null,null,SML1224,SIGMA,2021_LOPAC_01,-4.6,null,Torin2,null,-2.1,null,null,null,48.152,-104.932,4.955,0.143,0.987,null,null,null,null,null,null,-48.222,null,null,-45.37,-93.522,-257.596,-250.549,null,null,null,null,null,null,null,null,null,GUXXEUUYCAYESJ,null,TRND,FIwCyeOLcPwXySgNju,null,mTOR Complex 1 (mTORC1) inhibitor,null,null,null,null,null,null,null,GRT00167,MTOR,null,null,0,4,0,null,null,173030,0 0 0 0,1,1,2025-06-17 15:22:09,null,null,null,null,null,null,null,364780551,activity,null,HTS,24.646459,-51.613,-45.37,-47.892,-93.522,null,null,null,null,null,null,null,null,null,null,null,null,null,null,null,null,null,null,null,null,null,278937943
TRND-Glioblastoma_LOPAC_A172-primary_screen2,NCGC00016634-10,activity,5.011872,-2.1,-99.402,-84.708,CN(C)CCCN1C2=C(SC3=C1C=C(C=C3)C(C)=O)C=CC=C2,null,null,null,null,null,A7111,SIGMA,2021_LOPAC_01,-5.3,null,Acepromazine maleate,null,-2.1,null,null,null,96.375,-86.402,1.862,0.029,0.999,null,null,null,null,null,null,13,null,null,11.667,-84.708,-42.403,-40.051,null,null,null,null,null,null,null,null,null,NOSIYYJFMPDDSA,null,TRND,FEWGbDwerfyIcwpLfX,null,null,null,null,MALEATE,null,null,null,null,null,null,null,null,0,4,0,null,null,173030,0 0 0 0,1,1,2025-06-17 15:22:09,null,null,null,null,null,null,null,364784575,activity,null,HTS,5.943539,11.667,5.34,-48.598,-84.708,null,null,null,null,null,null,null,null,null,null,null,null,null,null,null,null,null,null,null,null,null,278937944
TRND-Glioblastoma_LOPAC_A172-primary_screen2,NCGC00094047-22,activity,8.912509,-2.1,-138.95,-95.737,[H][C@@](C)(CC)[C@@]1([H])O[C@]2(CC[C@@H]1C)C[C@@H]3C[C@@]([H])(C\C=C(C)\[C@@H](O[C@@]4([H])C[C@H](OC)[C@@H](O[C@@]5([H])C[C@H](OC)[C@@H](O)[C@H](C)O5)[C@H](C)O4)[C@@H](C)\C=C\C=C6/CO[C@]7([H])[C@H](O)C(C)=C[C@@]([H])(C(=O)O3)[C@]67O)O2,null,null,null,null,null,I8898,SIGMA,2021_LOPAC_01,-5.05,null,Ivermectin,null,-2.1,null,null,null,116.181,-118.95,1.248,0.043,0.999,null,null,null,null,null,null,20,null,null,20.445,-95.737,-15.617,-20.201,null,null,null,null,null,null,null,null,null,AZSNMRSAGSSBNP,null,TRND,RaeFcWEvDThfzhDaWU,null,null,null,null,null,null,null,null,null,[NO STEREO] 71827-03-7,null,null,null,0,4,0,null,null,173030,0 0 0 0,1,1,2025-06-17 15:22:09,null,null,null,null,null,null,null,364783523,activity,null,HTS,6.888502,20.445,6.195,-37.69,-95.737,null,null,null,null,null,null,null,null,null,null,null,null,null,null,null,null,null,null,null,null,null,278937945
TRND-Glioblastoma_LOPAC_A172-primary_screen2,NCGC00093815-05,activity,11.220185,-2.4,-40.425,-24.521,OC[C@H]1O[C@H]([C@H](O)[C@@H]1O)C2=NC3=C(N2)C=C(Cl)C(Cl)=C3,null,null,null,null,null,D1916,SIGMA,2021_LOPAC_01,-4.95,null,D-ribofuranosylbenzimidazole,null,4,null,null,null,32.824,-32.425,1.288,0.035,0.999,null,null,null,null,null,null,8,null,null,8.303,-24.521,9.943,8.363,null,null,null,null,null,null,null,null,null,FMYZCZNCRILHGQ,null,TRND,HEJzPJgQEuWXDCIhMq,null,null,null,null,null,null,null,null,null,null,null,null,null,0,4,0,null,null,173030,0 0 0 0,1,1,2025-06-17 15:22:09,null,null,null,null,null,null,null,364784055,activity,null,HTS,null,8.303,5.262,-5.556,-24.521,null,null,null,null,null,null,null,null,null,null,null,null,null,null,null,null,null,null,null,null,null,278937946
TRND-Glioblastoma_LOPAC_A172-primary_screen2,NCGC00015268-15,activity,null,4,0,5.319,ClC1=CC=CC(Cl)=C1N=C2NCCN2,null,null,null,null,null,C7897,SIGMA,2021_LOPAC_01,null,null,Clonidine hydrochloride,null,4,null,null,null,26.582,0,null,null,null,null,null,null,null,null,null,0,null,null,15.768,-10.814,49.388,null,null,null,null,null,null,null,null,null,null,GJSURZIOUXUGAL,null,TRND,rQsoXtiMOgHQgLjiBU,null,null,null,null,CL,null,null,null,null,4205-91-8,null,null,null,0,4,null,null,null,173030,null,1,1,2025-06-17 15:22:09,null,null,null,null,null,null,null,364781855,activity,null,HTS,null,15.768,-10.814,14.856,5.319,null,null,null,null,null,null,null,null,null,null,null,null,null,null,null,null,null,null,null,null,null,278937947
TRND-Glioblastoma_LOPAC_A172-primary_screen2,NCGC00025125-35,activity,0.316228,-1.3,-69.419,-81.523,[H][C@@]1(CCC2=CC(OC)=C(OC)C(OC)=C2C3=CC=C(OC)C(=O)C=C13)NC(C)=O,null,null,null,null,null,C9754,SIGMA,2021_LOPAC_01,-6.5,null,Colchicine,null,-1.1,null,null,null,42.584,-81.437,2.72,0.085,0.996,null,null,null,null,null,null,-12.018,null,null,-38.939,-81.523,-263.306,-263.591,null,null,null,null,null,null,null,null,null,IAKHMKGGTNLKSZ,null,TRND,IxWCMwFIJFnLJPfCyU,null,Tubulin polymerization inhibitor,null,null,null,null,null,null,null,64-86-8,TUBB,null,null,0,4,0,null,null,173030,0 0 0 0,1,1,2025-06-17 15:22:09,null,null,null,null,null,null,null,364784443,activity,null,HTS,0.375048,-38.939,-81.378,-79.393,-81.523,null,null,null,null,null,null,null,null,null,null,null,null,null,null,null,null,null,null,null,null,null,278937948
TRND-Glioblastoma_LOPAC_A172-primary_screen2,NCGC00015958-26,activity,null,4,-36.806,-19.421,O=C1C2=C3C(NN=C3C4=C1C=CC=C4)=CC=C2,null,null,null,null,null,S5567,SIGMA,2021_LOPAC_01,null,null,SP600125,null,4,null,null,null,40.188,-22.306,4.955,0.353,0.914,null,null,null,null,null,null,14.5,null,null,20.767,-19.421,37.213,50.092,null,null,null,null,null,null,null,null,null,ACPOUJIDANTYHO,null,TRND,RidAqAyaucUAECpDha,null,Mitogen-Activated protein kinase 8 (JNK) inhibitor,null,null,null,null,null,null,null,129-56-6,MAPK8,null,null,0,4,0,null,null,173030,0 0 0 0,1,1,2025-06-17 15:22:09,null,null,null,null,null,null,null,364784655,activity,null,HTS,null,8.05,20.767,15.113,-19.421,null,null,null,null,null,null,null,null,null,null,null,null,null,null,null,null,null,null,null,null,null,278937949
TRND-Glioblastoma_LOPAC_A172-primary_screen2,NCGC00015334-17,activity,2.511886,-2.1,-104.433,-95.786,[I+]1C2=C(C=CC=C2)C3=C1C=CC=C3,null,null,null,null,null,D2926,SIGMA,2021_LOPAC_01,-5.6,null,Diphenyleneiodonium chloride,null,-2.1,null,null,null,65.069,-113.794,0.6,0.036,0.999,null,null,null,null,null,null,-9.361,null,null,-30.717,-95.786,-225.435,-225.714,null,null,null,null,null,null,null,null,null,QFXKXRXFBRLLPQ,null,TRND,KOFTZFBgUmsHKiFnKk,null,null,null,null,CL,null,null,null,null,4673-26-1,null,null,null,0,4,0,null,null,173030,0 0 0 0,1,1,2025-06-17 15:22:09,null,null,null,null,null,null,null,364782795,activity,null,HTS,1.6736,-30.717,-52.811,-75.691,-95.786,null,null,null,null,null,null,null,null,null,null,null,null,null,null,null,null,null,null,null,null,null,278937950
TRND-Glioblastoma_LOPAC_A172-primary_screen2,NCGC00015522-09,activity,null,4,-17.763,3.826,OC(=O)CC1=CNC2=C1C=C(O)C=C2,null,null,null,null,null,H8876,SIGMA,2021_LOPAC_01,null,null,5-Hydroxyindolacetic acid,null,4,null,null,null,22.274,-1.263,2.333,0.526,0.778,null,null,null,null,null,null,16.5,null,null,15.805,-6.469,46.627,48.136,null,null,null,null,null,null,null,null,null,DUUGKQCEGZLZNO,null,TRND,LkBytJfyAeQIEylVoe,null,null,null,null,null,null,null,null,null,54-16-0,null,null,null,0,4,0,null,null,173030,0 0 0 0,1,1,2025-06-17 15:22:09,null,null,null,null,null,null,null,364785023,activity,null,HTS,null,15.805,7.552,-6.469,3.826,null,null,null,null,null,null,null,null,null,null,null,null,null,null,null,null,null,null,null,null,null,278937951
TRND-Glioblastoma_LOPAC_A172-primary_screen2,NCGC00024800-11,activity,null,4,28,11.624,N[C@H](C(O)=O)C1=CC(O)=CC(O)=C1,null,null,null,null,null,D3689,SIGMA,2021_LOPAC_01,null,null,"(S)-3,5-Dihydroxyphenylglycine",null,4,null,null,null,25.415,30.5,2.638,1,1,null,null,null,null,null,null,2.5,null,null,31.218,5.803,54.312,46.722,null,null,null,null,null,null,null,null,null,HOOWCUZPEFNHDT,null,TRND,qMRNtyCnuycyykhDmE,null,null,null,null,H2O,null,null,null,null,162870-29-3,null,null,null,0,4,2,null,null,173030,1 0 0 1,1,1,2025-06-17 15:22:09,null,null,null,null,null,null,null,364780251,activity,null,HTS,null,31.218,5.803,27.88,11.624,null,null,null,null,null,null,null,null,null,null,null,null,null,null,null,null,null,null,null,null,null,278937952
TRND-Glioblastoma_LOPAC_A172-primary_screen2,NCGC00015072-17,activity,null,4,25.5,5.779,CCN(CC)CCNC(=O)C1=CC=C(NC(C)=O)C=C1,null,null,null,null,null,A5909,SIGMA,2021_LOPAC_01,null,null,N-Acetylprocainamide hydrochloride,null,1.4,null,null,null,26.491,29,4.955,1,0.9,null,null,null,null,null,null,3.5,null,null,32.27,5.779,85.281,86.851,null,null,null,null,null,null,null,null,null,KEECCEWTUVWFCV,null,TRND,yYmCNsxiYZQWtqgoWa,null,null,null,null,CL,null,null,null,null,34118-92-8,null,null,null,0,4,1,null,null,173030,0 0 0 1,1,1,2025-06-17 15:22:09,null,null,null,null,null,null,null,364780263,activity,null,HTS,null,11.337,32.27,25.526,5.779,null,null,null,null,null,null,null,null,null,null,null,null,null,null,null,null,null,null,null,null,null,278937953
TRND-Glioblastoma_LOPAC_A172-primary_screen2,NCGC00015682-15,activity,null,4,-10.5,6.181,CC1=CC=CC(=N1)C#CC2=CC=CC=C2,null,null,null,null,null,M5435,SIGMA,2021_LOPAC_01,null,null,6-Methyl-2-(phenylethynyl)pyridine hydrochloride,null,4,null,null,null,12.451,3,4.955,0.438,0.86,null,null,null,null,null,null,13.5,null,null,13.379,0.928,49.885,50.089,null,null,null,null,null,null,null,null,null,NEWKHUASLBMWRE,null,TRND,MPWEfJeHkrhYNmVbAp,null,null,null,null,CL,null,null,null,null,96206-92-7,null,null,null,0,4,0,null,null,173030,0 0 0 0,1,1,2025-06-17 15:22:09,null,null,null,null,null,null,null,364781055,activity,null,HTS,null,13.379,12.678,0.928,6.181,null,null,null,null,null,null,null,null,null,null,null,null,null,null,null,null,null,null,null,null,null,278937954
TRND-Glioblastoma_LOPAC_A172-primary_screen2,NCGC00164603-13,activity,22.387211,-3,-108.764,-95.407,CC(C)(C)C1=CC=C(C=C1)C(=O)CCCN2CCC(CC2)OC(C3=CC=CC=C3)C4=CC=CC=C4,null,null,null,null,null,E9531,SIGMA,2021_LOPAC_01,-4.65,null,Ebastine,null,-3,null,null,null,102.917,-108.764,4.955,0.178,0.98,null,null,null,null,null,null,0,null,null,7.509,-95.407,-35.676,-50.35,null,null,null,null,null,null,null,null,null,MJJALKDDGIKVBE,null,TRND,ibcxDyUjqQCaqibVqQ,null,null,null,null,null,null,null,null,null,90729-43-4,null,null,null,0,4,0,null,null,173030,0 0 0 0,1,1,2025-06-17 15:22:09,null,null,null,null,null,null,null,364782859,activity,null,HTS,21.669263,7.509,-9.038,-0.065,-95.407,null,null,null,null,null,null,null,null,null,null,null,null,null,null,null,null,null,null,null,null,null,278937955
TRND-Glioblastoma_LOPAC_A172-primary_screen2,NCGC00015074-23,activity,null,4,-15,13.518,CC(=O)NC1=NN=C(S1)[S+](N)([O-])=O,null,null,null,null,null,A6011,SIGMA,2021_LOPAC_01,null,null,Acetazolamide,null,4,null,null,null,20.449,4.5,4.955,1,0.434,null,null,null,null,null,null,19.5,null,null,27.821,7.372,60.521,75.289,null,null,null,null,null,null,null,null,null,YPPLCEXWGIQUEG,null,TRND,kyVksGVcTtwJDuUUmI,null,null,null,null,null,null,null,null,null,59-66-5,null,null,null,0,4,1,null,null,173030,0 0 0 1,1,1,2025-06-17 15:22:09,null,null,null,null,null,null,null,364782183,activity,null,HTS,null,11.548,27.821,7.372,13.518,null,null,null,null,null,null,null,null,null,null,null,null,null,null,null,null,null,null,null,null,null,278937956
TRND-Glioblastoma_LOPAC_A172-primary_screen2,NCGC00093704-44,activity,10,-2.1,-98.118,-94.298,CCC1NC(=O)C(C(O)C(C)C\C=C\C)N(C)C(=O)C(C(C)C)N(C)C(=O)C(CC(C)C)N(C)C(=O)C(CC(C)C)N(C)C(=O)C(C)NC(=O)C(C)NC(=O)C(CC(C)C)N(C)C(=O)C(NC(=O)C(CC(C)C)N(C)C(=O)CN(C)C1=O)C(C)C,null,null,null,null,null,C3662,SIGMA,2021_LOPAC_01,-5,null,Cyclosporin A,null,-2.1,null,null,null,96.616,-95.618,3.627,0.006,1,null,null,null,null,null,null,2.5,null,null,2.318,-94.298,-52.878,-52.067,null,null,null,null,null,null,null,null,null,PMATZTZNYRCHOR,null,TRND,KUermgEZWJSWNXxVNT,null,Serine/threonine-protein phosphatase 2B inhibitor,null,null,null,null,null,null,null,59865-13-3,PPP3CC,null,null,0,4,0,null,null,173030,0 0 0 0,1,1,2025-06-17 15:22:09,null,null,null,null,null,null,null,364780479,activity,null,HTS,10.256102,2.292,2.318,-16.142,-94.298,null,null,null,null,null,null,null,null,null,null,null,null,null,null,null,null,null,null,null,null,null,278937957
TRND-Glioblastoma_LOPAC_A172-primary_screen2,NCGC00015859-30,activity,null,4,-8,2.115,CCN(CC)CCNC(=O)C1=CC=C(N)C=C1,null,null,null,null,null,P9391,SIGMA,2021_LOPAC_01,null,null,Procainamide hydrochloride,null,4,null,null,null,11.105,2,3.132,0.598,0.69,null,null,null,null,null,null,10,null,null,13.22,2.115,35.065,41.228,null,null,null,null,null,null,null,null,null,REQCZEXYDRLIBE,null,TRND,votmJbDvpWFMiXeefZ,null,null,null,null,CL,null,null,null,null,614-39-1,null,null,null,0,4,0,null,null,173030,0 0 0 0,1,1,2025-06-17 15:22:09,null,null,null,null,null,null,null,364782283,activity,null,HTS,null,6.995,13.22,7.584,2.115,null,null,null,null,null,null,null,null,null,null,null,null,null,null,null,null,null,null,null,null,null,278937958
TRND-Glioblastoma_LOPAC_A172-primary_screen2,NCGC00021191-17,activity,null,4,0,11.516,CC(=O)OCC(=O)[C@@]1(O)CC[C@H]2[C@@H]3CCC4=CC(=O)CC[C@]4(C)[C@H]3C(=O)C[C@]12C,null,null,null,null,null,C3130,SIGMA,2021_LOPAC_01,null,null,Cortisone 21-acetate,null,4,null,null,null,12.148,0,null,null,null,null,null,null,null,null,null,0,null,null,11.516,-0.633,40.632,null,null,null,null,null,null,null,null,null,null,ITRJWOMZKQRYTA,null,TRND,hnguJrGEFzSqEISzUh,null,Glucocorticoid Receptor agonist,null,null,null,null,null,null,null,50-04-4,NR3C1,null,null,0,4,null,null,null,173030,null,1,1,2025-06-17 15:22:09,null,null,null,null,null,null,null,364782543,activity,null,HTS,null,10.69,-0.633,7.655,11.516,null,null,null,null,null,null,null,null,null,null,null,null,null,null,null,null,null,null,null,null,null,278937959
TRND-Glioblastoma_LOPAC_A172-primary_screen2,NCGC00162338-06,activity,null,4,0,4.214,CC(C)CC(NP([O-])(=O)O[C@@H]1O[C@@H](C)[C@H](O)[C@@H](O)[C@H]1O)C(=O)NC(CC2=CNC3=C2C=CC=C3)C([O-])=O,null,null,null,null,null,R7385,SIGMA,2021_LOPAC_01,null,null,Phosphoramidon disodium,null,4,null,null,null,7.351,0,null,null,null,null,null,null,null,null,null,0,null,null,5.94,-1.411,20.684,null,null,null,null,null,null,null,null,null,null,ZPHBZEQOLSRPAK,null,TRND,jHMTAfwPlCTEQxevxC,null,null,null,null,SODIUM,null,null,null,null,null,null,null,null,0,4,null,null,null,173030,null,1,1,2025-06-17 15:22:09,null,null,null,null,null,null,null,364783519,activity,null,HTS,null,5.94,4.251,-1.411,4.214,null,null,null,null,null,null,null,null,null,null,null,null,null,null,null,null,null,null,null,null,null,278937960
TRND-Glioblastoma_LOPAC_A172-primary_screen2,NCGC00487114-03,activity,null,4,-25.546,-12.122,[H][C@@]12CC(=C)[C@](OC(C)=O)(C(C)=O)[C@@]1(C)CC[C@]3([H])[C@@]4([H])CCC(=O)C=C4CC[C@@]23[H],null,null,null,null,null,SML0550,SIGMA,2021_LOPAC_01,null,null,Nestorone,null,4,null,null,null,29.159,-12.546,4.504,0.324,0.929,null,null,null,null,null,null,13,null,null,17.037,-12.122,54.499,46.19,null,null,null,null,null,null,null,null,null,CKFBRGLGTWAVLG,null,TRND,ZPpUBIvMIhflYMBpft,null,null,null,null,null,null,null,null,null,7759-35-5,null,null,null,0,4,0,null,null,173030,0 0 0 0,1,1,2025-06-17 15:22:09,null,null,null,null,null,null,null,364783819,activity,null,HTS,null,17.037,8.786,10.655,-12.122,null,null,null,null,null,null,null,null,null,null,null,null,null,null,null,null,null,null,null,null,null,278937961
TRND-Glioblastoma_LOPAC_A172-primary_screen2,NCGC00186046-04,activity,null,4,-13.346,-4.455,CCN(CC)CCN1C(=O)\C(CC2=CC=C(OC)C=C2)=N/C3=CC=CC=C13,null,null,null,null,null,C1119,SIGMA,2021_LOPAC_01,null,null,Caroverine hydrochloride,null,4,null,null,null,16.33,-6.346,4.504,0.587,0.702,null,null,null,null,null,null,7,null,null,11.876,-4.455,37.275,26.842,null,null,null,null,null,null,null,null,null,MSPRUJDUTKRMLM,null,TRND,wKudweHyhiVucZkSry,null,NMDA Receptor antagonist,null,null,CL,null,null,null,null,55750-05-5,GRIN1,null,null,0,4,0,null,null,173030,0 0 0 0,1,1,2025-06-17 15:22:09,null,null,null,null,null,null,null,364783967,activity,null,HTS,null,11.876,2.601,6.923,-4.455,null,null,null,null,null,null,null,null,null,null,null,null,null,null,null,null,null,null,null,null,null,278937962
TRND-Glioblastoma_LOPAC_A172-primary_screen2,NCGC00016994-30,activity,0.1,5,-59.015,-73.682,CC[C@@]1(O)C(=O)OCC2=C1C=C3N(CC4=C3N=C5C=CC=CC5=C4)C2=O,null,null,null,null,null,C9911,SIGMA,2021_LOPAC_01,-7,null,(S)-(+)-Camptothecin,null,-1.2,null,null,null,19.179,-76.919,0.5,0.017,1,null,null,null,null,null,null,-17.903,null,null,-54.503,-73.682,-284.146,-284.272,null,null,null,null,null,null,null,null,null,VSJKWCGYPAHWDS,null,TRND,kePgFfHjapKUIhrAEM,null,DNA Topoisomerase I inhibitor,null,null,null,null,null,null,null,2114454,TOP1,null,null,0,4,0,null,null,173030,0 0 0 0,1,1,2025-06-17 15:22:09,null,null,null,null,null,null,null,364781579,activity,null,HTS,null,-54.503,-64.277,-70.413,-73.682,null,null,null,null,null,null,null,null,null,null,null,null,null,null,null,null,null,null,null,null,null,278937963
TRND-Glioblastoma_LOPAC_A172-primary_screen2,NCGC00015572-11,activity,null,4,-19,2.157,NC(=N)NCC1=CC=CC(I)=C1,null,null,null,null,null,I9890,SIGMA,2021_LOPAC_01,null,null,m-Iodobenzylguanidine hemisulfate,null,4,null,null,null,14.899,3,1.1,0.639,0.617,null,null,null,null,null,null,22,null,null,17.056,2.157,58.278,53.452,null,null,null,null,null,null,null,null,null,PDWUPXJEEYOOTR,null,TRND,WniDsXGPYAiUlfwBiS,null,null,null,null,SULFURIC_ACID,null,null,null,null,80663-95-2,null,null,null,0,4,0,null,null,173030,0 0 0 0,1,1,2025-06-17 15:22:09,null,null,null,null,null,null,null,364780343,activity,null,HTS,null,17.056,4.085,9.948,2.157,null,null,null,null,null,null,null,null,null,null,null,null,null,null,null,null,null,null,null,null,null,278937964
TRND-Glioblastoma_LOPAC_A172-primary_screen2,NCGC00387412-06,activity,null,4,0,7.039,C[C@@H](N)C1CCC(CC1)C(=O)NC2=CC=NC=C2,null,null,null,null,null,Y0503,SIGMA,2021_LOPAC_01,null,null,Y-27632 dihydrochloride,null,4,null,null,null,9.251,0,null,null,null,null,null,null,null,null,null,0,null,null,7.64,-1.612,26.315,null,null,null,null,null,null,null,null,null,null,IYOZTVGMEWJPKR,null,TRND,YAFATyQDNcOgHclNQg,null,null,null,null,CL,null,null,null,null,null,null,null,null,0,4,null,null,null,173030,null,1,1,2025-06-17 15:22:09,null,null,null,null,null,null,null,364780811,activity,null,HTS,null,7.64,-1.612,3.632,7.039,null,null,null,null,null,null,null,null,null,null,null,null,null,null,null,null,null,null,null,null,null,278937965
TRND-Glioblastoma_LOPAC_A172-primary_screen2,NCGC00025047-10,activity,null,4,-22.143,-5.536,CC1=NC(\N=N\C2=CC=CC=C2)=C(O)C=C1,null,null,null,null,null,S9186,SIGMA,2021_LOPAC_01,null,null,SIB 1757,null,4,null,null,null,16.971,-8.643,0.6,0.494,0.813,null,null,null,null,null,null,13.5,null,null,11.435,-5.536,34.501,31.197,null,null,null,null,null,null,null,null,null,LOCPVWIREQIGNQ,null,TRND,biGDxNeSMBCbFeJBkD,null,null,null,null,null,null,null,null,null,null,null,null,null,0,4,0,null,null,173030,0 0 0 0,1,1,2025-06-17 15:22:09,null,null,null,null,null,null,null,364783335,activity,null,HTS,null,11.435,3.379,4.742,-5.536,null,null,null,null,null,null,null,null,null,null,null,null,null,null,null,null,null,null,null,null,null,278937966
TRND-Glioblastoma_LOPAC_A172-primary_screen2,NCGC00015100-24,activity,null,4,-19.5,18.648,CN(C)C1=NC(=NC(=N1)N(C)C)N(C)C,null,null,null,null,null,A8723,SIGMA,2021_LOPAC_01,null,null,Altretamine,null,4,null,null,null,18.819,1.5,4.955,1,0.993,null,null,null,null,null,null,21,null,null,19.63,0.811,58.067,57.305,null,null,null,null,null,null,null,null,null,UUVWYPNAQBNQJQ,null,TRND,iIpCTPiQTHwuOfmdBO,null,DNA Alkylating Drug,null,null,null,null,null,null,null,645-05-6,H2AX,null,null,0,4,1,null,null,173030,0 0 0 1,1,1,2025-06-17 15:22:09,null,null,null,null,null,null,null,364780175,activity,null,HTS,null,19.63,0.811,2.468,18.648,null,null,null,null,null,null,null,null,null,null,null,null,null,null,null,null,null,null,null,null,null,278937967
TRND-Glioblastoma_LOPAC_A172-primary_screen2,NCGC00015832-08,activity,null,4,-19.056,-1.297,CC(=C)C1CCC(=CC1)C(O)=O,null,null,null,null,null,218359,SIGMA,2021_LOPAC_01,null,null,(-)-Perillic acid,null,4,null,null,null,16.175,-3.056,0.8,0.271,0.952,null,null,null,null,null,null,16,null,null,14.878,-1.297,48.747,44.604,null,null,null,null,null,null,null,null,null,CDSMSBUVCWHORP,null,TRND,KdXSsaYrelUbtZkKpo,null,null,null,null,null,null,null,null,null,null,null,null,null,0,4,0,null,null,173030,0 0 0 0,1,1,2025-06-17 15:22:09,null,null,null,null,null,null,null,364783015,activity,null,HTS,null,14.878,7.383,4.26,-1.297,null,null,null,null,null,null,null,null,null,null,null,null,null,null,null,null,null,null,null,null,null,278937968
TRND-Glioblastoma_LOPAC_A172-primary_screen2,NCGC00015082-19,activity,null,4,12.888,4.84,NNC(N)=N,null,null,null,null,null,A7009,SIGMA,2021_LOPAC_01,null,null,Aminoguanidine hemisulfate,null,4,null,null,null,12.513,14,4.955,1,0.881,null,null,null,null,null,null,1.112,null,null,11.356,-1.157,22.063,19.264,null,null,null,null,null,null,null,null,null,HAMNKKUPIHEESI,null,TRND,fNlKcirKdSMvCUwRga,null,"Nitric Oxide Synthase, inducible inhibitor",null,null,SULFURIC_ACID,null,null,null,null,79-17-4,NOS2,null,null,0,4,1,null,null,173030,0 0 0 1,1,1,2025-06-17 15:22:09,null,null,null,null,null,null,null,364782839,activity,null,HTS,null,3.229,-1.157,11.356,4.84,null,null,null,null,null,null,null,null,null,null,null,null,null,null,null,null,null,null,null,null,null,278937969
TRND-Glioblastoma_LOPAC_A172-primary_screen2,NCGC00015182-11,activity,null,4,-14.049,-5.04,NCCC1=CNC2=C1C=C(C=C2)C(N)=O,null,null,null,null,null,C117,SIGMA,2021_LOPAC_01,null,null,5-Carboxamidotryptamine maleate,null,4,null,null,null,13.407,-5.549,1.967,0.035,0.999,null,null,null,null,null,null,8.5,null,null,8.367,-5.04,26.167,26.403,null,null,null,null,null,null,null,null,null,WKZLNEWVIAGNAW,null,TRND,RwLgkKnmpnegzXsbZS,null,null,null,null,MALEATE,null,null,null,null,74885-72-6,null,null,null,0,4,0,null,null,173030,0 0 0 0,1,1,2025-06-17 15:22:09,null,null,null,null,null,null,null,364782075,activity,null,HTS,null,8.367,7.909,0.101,-5.04,null,null,null,null,null,null,null,null,null,null,null,null,null,null,null,null,null,null,null,null,null,278937970
TRND-Glioblastoma_LOPAC_A172-primary_screen2,NCGC00015116-26,activity,null,4,-15.432,-0.36,COC1=CC=C(C=C1)C(=O)N2CCCC2=O,null,null,null,null,null,A9950,SIGMA,2021_LOPAC_01,null,null,Aniracetam,null,4,null,null,null,15.155,-0.432,2.952,0.021,1,null,null,null,null,null,null,15,null,null,14.795,-0.36,50.267,50.668,null,null,null,null,null,null,null,null,null,ZXNRTKGTQJPIJK,null,TRND,VgWFGgfgKzDOpeutLK,null,null,null,null,null,null,null,null,null,72432-10-1,null,null,null,0,4,0,null,null,173030,0 0 0 0,1,1,2025-06-17 15:22:09,null,null,null,null,null,null,null,364782127,activity,null,HTS,null,14.795,12.949,0.5,-0.36,null,null,null,null,null,null,null,null,null,null,null,null,null,null,null,null,null,null,null,null,null,278937971
TRND-Glioblastoma_LOPAC_A172-primary_screen2,NCGC00015498-06,activity,null,4,18,5.093,COC1=C(O)C=CC(=C1)C(O)CO,null,null,null,null,null,H1377,SIGMA,2021_LOPAC_01,null,null,MHPG piperazine,null,4,null,null,null,14.441,17,4.955,1,0.929,null,null,null,null,null,null,-1,null,null,18.794,4.353,43.386,44.998,null,null,null,null,null,null,null,null,null,FBWPWWWZWKPJFL,null,TRND,jrxwAlUkRruSsHUmSE,null,null,null,null,PIPERAZINE,null,null,null,null,534-82-7,null,null,null,0,4,1,null,null,173030,0 0 0 1,1,1,2025-06-17 15:22:09,null,null,null,null,null,null,null,364780499,activity,null,HTS,null,4.353,18.794,14.834,5.093,null,null,null,null,null,null,null,null,null,null,null,null,null,null,null,null,null,null,null,null,null,278938482
TRND-Glioblastoma_LOPAC_A172-primary_screen2,NCGC00167781-21,activity,null,4,-14.536,-5.03,OC(=O)COCCN1CCN(CC1)C(C2=CC=CC=C2)C3=CC=C(Cl)C=C3,null,null,null,null,null,C3618,SIGMA,2021_LOPAC_01,null,null,Cetirizine dihydrochloride,null,4,null,null,null,14.824,-5.536,2.253,0.172,0.981,null,null,null,null,null,null,9,null,null,9.794,-5.03,27.498,29.879,null,null,null,null,null,null,null,null,null,ZKLPARSLTMPFCP,null,TRND,OSLjcttykBKlbgDCkG,null,null,null,null,CL,null,null,null,null,[NO STEREO] 823178-28-5,null,null,null,0,4,0,null,null,173030,0 0 0 0,1,1,2025-06-17 15:22:09,null,null,null,null,null,null,null,364782715,activity,null,HTS,null,7.914,9.794,1.911,-5.03,null,null,null,null,null,null,null,null,null,null,null,null,null,null,null,null,null,null,null,null,null,278938483
TRND-Glioblastoma_LOPAC_A172-primary_screen2,NCGC00345819-04,activity,null,4,0,15.55,[H][C@@]12[C@@H](O)[C@@H](O)[C@H](O)[C@@]1(C)CC[C@]3([H])C4=C(CC[C@@]23[H])C=C(O)C=C4,null,null,null,null,null,SML1523,SIGMA,2021_LOPAC_01,null,null,Estetrol,null,4,null,null,null,17.614,0,null,null,null,null,null,null,null,null,null,0,null,null,31.383,13.769,117.982,null,null,null,null,null,null,null,null,null,null,AJIPIJNNOJSSQC,null,TRND,FCRDokBGIGXEEtamID,null,Selective Estrogen Receptor modulator (SERM),null,null,null,null,null,null,null,[NO STEREO] 15183-37-6,ESR1,null,null,0,4,null,null,null,173030,null,1,1,2025-06-17 15:22:09,null,null,null,null,null,null,null,364780715,activity,null,HTS,null,31.383,18.724,13.769,15.55,null,null,null,null,null,null,null,null,null,null,null,null,null,null,null,null,null,null,null,null,null,278938484
TRND-Glioblastoma_LOPAC_A172-primary_screen2,NCGC00186032-05,activity,null,4,-38.962,-16.218,O=C(CCCCCN1CCN(CC1)C2=CC=CC=C2C3=CC=CC=C3)NC4CCCC5=CC=CC=C45,null,null,null,null,null,L3169,SIGMA,2021_LOPAC_01,null,null,LP 12 hydrochloride hydrate,null,4,null,null,null,32.3,-23.462,0.931,0.285,0.947,null,null,null,null,null,null,15.5,null,null,16.081,-16.218,41.167,37.265,null,null,null,null,null,null,null,null,null,NMZIDFFHGCRAJV,null,TRND,KqSCIXeMaMwVYgCwiE,null,null,null,null,CL,null,null,null,null,null,null,null,null,0,4,0,null,null,173030,0 0 0 0,1,1,2025-06-17 15:22:09,null,null,null,null,null,null,null,364782363,activity,null,HTS,null,16.081,5.916,1.33,-16.218,null,null,null,null,null,null,null,null,null,null,null,null,null,null,null,null,null,null,null,null,null,278938485
TRND-Glioblastoma_LOPAC_A172-primary_screen2,NCGC00024680-06,activity,null,4,-14.69,-5.775,CCCCCCCCCCCCCCCCCCC1=CC=C(C=C1)C(=O)\C=C\C(O)=O,null,null,null,null,null,SML0075,SIGMA,2021_LOPAC_01,null,null,OBAA,null,4,null,null,null,14.351,-4.69,4.955,0.513,0.794,null,null,null,null,null,null,10,null,null,7.11,-7.241,11.368,10.738,null,null,null,null,null,null,null,null,null,ZBESASFHIWDSCJ,null,TRND,nAWjqRqjBApoWldZJU,null,null,null,null,null,null,null,null,null,null,null,null,null,0,4,0,null,null,173030,0 0 0 0,1,1,2025-06-17 15:22:09,null,null,null,null,null,null,null,364780799,activity,null,HTS,null,7.11,-7.241,-0.383,-5.775,null,null,null,null,null,null,null,null,null,null,null,null,null,null,null,null,null,null,null,null,null,278938486
TRND-Glioblastoma_LOPAC_A172-primary_screen2,NCGC00162291-06,activity,null,4,-14.5,16.126,NC(=O)C([O-])=O,null,null,null,null,null,O2751,SIGMA,2021_LOPAC_01,null,null,Sodium Oxamate,null,4,null,null,null,10.309,5.5,1.134,1,1,null,null,null,null,null,null,20,null,null,17.263,6.954,64.477,64.18,null,null,null,null,null,null,null,null,null,SOWBFZRMHSNYGE,null,TRND,exRBVwftYekvPpgQGY,null,null,null,null,SODIUM,null,null,null,null,null,null,null,null,0,4,1,null,null,173030,0 0 0 1,1,1,2025-06-17 15:22:09,null,null,null,null,null,null,null,364782575,activity,null,HTS,null,17.263,11.519,6.954,16.126,null,null,null,null,null,null,null,null,null,null,null,null,null,null,null,null,null,null,null,null,null,278938487
TRND-Glioblastoma_LOPAC_A172-primary_screen2,NCGC00017257-20,activity,null,4,10.5,10.885,[H][C@]2(CNC(=O)OCC1=CC=CC=C1)CN(C)[C@]3([H])CC4=CN(C)C5=C4C(=CC=C5)[C@@]3([H])C2,null,null,null,null,null,M3668,SIGMA,2021_LOPAC_01,null,null,Metergoline,null,4,null,null,null,13.651,14.5,4.955,0.502,0.804,null,null,null,null,null,null,4,null,null,17.666,4.015,32.788,32.508,null,null,null,null,null,null,null,null,null,WZHJKEUHNJHDLS,null,TRND,OWvQFEkrTAQmYlrmFj,null,null,null,null,null,null,null,null,null,17692-51-2,null,null,null,0,4,0,null,null,173030,0 0 0 0,1,1,2025-06-17 15:22:09,null,null,null,null,null,null,null,364780383,activity,null,HTS,null,4.015,5.109,17.666,10.885,null,null,null,null,null,null,null,null,null,null,null,null,null,null,null,null,null,null,null,null,null,278938488
TRND-Glioblastoma_LOPAC_A172-primary_screen2,NCGC00015710-09,activity,12.589254,-3,-66.684,-42.247,OC1=CC=C2CC3N(CC4CC4)CC[C@@]56[C@@H](OC1=C25)C7=C(C[C@@]36O)C8=C(N7)C=CC=C8,null,null,null,null,null,N115,SIGMA,2021_LOPAC_01,-4.9,null,Naltrindole hydrochloride,null,-3,null,null,null,54.869,-56.184,1.288,0.125,0.99,null,null,null,null,null,null,10.5,null,null,12.622,-42.247,8.944,4.066,null,null,null,null,null,null,null,null,null,WIYUZYBFCWCCQJ,null,TRND,hyURFjpLlZxULcoOgZ,null,null,null,null,CL,null,null,null,null,null,null,null,null,0,4,0,null,null,173030,0 0 0 0,1,1,2025-06-17 15:22:09,null,null,null,null,null,null,null,364783955,activity,null,HTS,33.3,12.622,3.933,-9.473,-42.247,null,null,null,null,null,null,null,null,null,null,null,null,null,null,null,null,null,null,null,null,null,278938489
TRND-Glioblastoma_LOPAC_A172-primary_screen2,NCGC00015346-06,activity,null,4,-23.741,-13.951,COC1=CC(=CC(OC)=C1OC)C(=O)OCCC[NH+]2CCC[NH+](CCCOC(=O)C3=CC(OC)=C(OC)C(OC)=C3)CC2,null,null,null,null,null,D5294,SIGMA,2021_LOPAC_01,null,null,Dilazep hydrochloride,null,4,null,null,null,25.372,-16.741,4.955,0.39,0.893,null,null,null,null,null,null,7,null,null,11.421,-13.951,31.522,21.902,null,null,null,null,null,null,null,null,null,QVZCXCJXTMIDME,null,TRND,yxCPINBwHFSXDQyNvt,null,null,null,null,CL,null,null,null,null,null,null,null,null,0,4,0,null,null,173030,0 0 0 0,1,1,2025-06-17 15:22:09,null,null,null,null,null,null,null,364782827,activity,null,HTS,null,11.421,2.504,7.736,-13.951,null,null,null,null,null,null,null,null,null,null,null,null,null,null,null,null,null,null,null,null,null,278938490
TRND-Glioblastoma_LOPAC_A172-primary_screen2,NCGC00179356-12,activity,15.848932,-3,-111.051,-86.1,ClC1=CC(=C(C=C1)C(C[N]2C=CN=C2)OCC3=CSC4=C3C=CC=C4Cl)Cl,null,null,null,null,null,SML0888,SIGMA,2021_LOPAC_01,-4.8,null,Sertaconazole nitrate ,null,-3,null,null,null,106.681,-91.051,4.095,0.025,1,null,null,null,null,null,null,20,null,null,20.581,-86.1,31.598,36.082,null,null,null,null,null,null,null,null,null,JLGKQTAYUIMGRK,null,TRND,aSpqUuctGLPmzPMGcO,null,null,null,null,null,null,null,null,null,99592-39-9,null,null,null,0,4,0,null,null,173030,0 0 0 0,1,1,2025-06-17 15:22:09,null,null,null,null,null,null,null,364780271,activity,null,HTS,16.630864,18.302,20.581,16.711,-86.1,null,null,null,null,null,null,null,null,null,null,null,null,null,null,null,null,null,null,null,null,null,278938491
TRND-Glioblastoma_LOPAC_A172-primary_screen2,NCGC00015407-10,activity,null,4,-26.582,2.425,CCSC(N)=N,null,null,null,null,null,E3149,SIGMA,2021_LOPAC_01,null,null,S-Ethylisothiourea hydrobromide,null,4,null,null,null,22.64,1.418,4.955,0.342,0.921,null,null,null,null,null,null,28,null,null,20.072,-2.568,57.879,58.181,null,null,null,null,null,null,null,null,null,VFIZBHJTOHUOEK,null,TRND,PzcjrmICKcIPSZWUfU,null,null,null,null,BR,null,null,null,null,null,null,null,null,0,4,0,null,null,173030,0 0 0 0,1,1,2025-06-17 15:22:09,null,null,null,null,null,null,null,364781259,activity,null,HTS,null,20.072,-2.568,3.855,2.425,null,null,null,null,null,null,null,null,null,null,null,null,null,null,null,null,null,null,null,null,null,278938492
TRND-Glioblastoma_LOPAC_A172-primary_screen2,NCGC00023673-22,activity,null,4,10.5,15.35,NC1=NC=NC2=C1N=CN2[C@@H]3O[C@H](CO)[C@@H](O)[C@H]3O,null,null,null,null,null,A9251,SIGMA,2021_LOPAC_01,null,null,Adenosine,null,4,null,null,null,11.513,16.5,2.406,0.485,0.822,null,null,null,null,null,null,6,null,null,15.35,3.837,40.392,34.155,null,null,null,null,null,null,null,null,null,OIRDTQYFTABQOQ,null,TRND,yJFfzQrbJBKQinKfcD,null,Adenosine Receptor A1 agonist,null,null,null,null,null,null,null,58-61-7,ADORA1,null,null,0,4,0,null,null,173030,0 0 0 0,1,1,2025-06-17 15:22:09,null,null,null,null,null,null,null,364782735,activity,null,HTS,null,8.757,3.837,7.637,15.35,null,null,null,null,null,null,null,null,null,null,null,null,null,null,null,null,null,null,null,null,null,278938493
TRND-Glioblastoma_LOPAC_A172-primary_screen2,NCGC00015429-26,activity,null,4,0,1.082,NC(=O)OCC(COC(N)=O)C1=CC=CC=C1,null,null,null,null,null,F0778,SIGMA,2021_LOPAC_01,null,null,Felbamate,null,4,null,null,null,7.921,0,null,null,null,null,null,null,null,null,null,0,null,null,9.003,1.082,22.11,null,null,null,null,null,null,null,null,null,null,WKGXYQFOCVYPAC,null,TRND,IikndUVKqcLjpgCODx,null,Gamma-aminobutyric acid receptor subunit alpha-1 modulator,null,null,null,null,null,null,null,25451-15-4,GABRA1,null,null,0,4,null,null,null,173030,null,1,1,2025-06-17 15:22:09,null,null,null,null,null,null,null,364783063,activity,null,HTS,null,3.663,9.003,7.272,1.082,null,null,null,null,null,null,null,null,null,null,null,null,null,null,null,null,null,null,null,null,null,278938494
TRND-Glioblastoma_LOPAC_A172-primary_screen2,NCGC00015493-12,activity,null,4,0,16.732,CCCN(CCC)C1CCC2=CC=CC(O)=C2C1,null,null,null,null,null,H8250,SIGMA,2021_LOPAC_01,null,null,(±)-8-Hydroxy-DPAT hydrobromide,null,4,null,null,null,9.658,0,null,null,null,null,null,null,null,null,null,0,null,null,16.732,7.074,58.563,null,null,null,null,null,null,null,null,null,null,ASXGJMSKWNBENU,null,TRND,wKGnadBRxcxgXPOIKg,null,null,null,null,BR,null,null,null,null,76135-31-4,null,null,null,0,4,null,null,null,173030,null,1,1,2025-06-17 15:22:09,null,null,null,null,null,null,null,364781187,activity,null,HTS,null,12.771,7.074,13.417,16.732,null,null,null,null,null,null,null,null,null,null,null,null,null,null,null,null,null,null,null,null,null,278938495
TRND-Glioblastoma_LOPAC_A172-primary_screen2,NCGC00015893-19,activity,null,4,20.616,14.301,CCCN(CCC)CCC1=CC=CC2=C1CC(=O)N2,null,null,null,null,null,R2530,SIGMA,2021_LOPAC_01,null,null,Ropinirole hydrochloride,null,4,null,null,null,55.351,17,4.955,0.794,0.921,null,null,null,null,null,null,-3.616,null,null,14.301,-41.05,1.64,-7.446,null,null,null,null,null,null,null,null,null,UHSKFQJFRQCDBE,null,TRND,ytoLZvlUbmQIOIMXZn,null,null,null,null,CL,null,null,null,null,91374-20-8,null,null,null,0,4,1,null,null,173030,1 0 0 0,1,1,2025-06-17 15:22:09,null,null,null,null,null,null,null,364784303,activity,null,HTS,null,-41.05,-0.414,-6.346,14.301,null,null,null,null,null,null,null,null,null,null,null,null,null,null,null,null,null,null,null,null,null,278938496
TRND-Glioblastoma_LOPAC_A172-primary_screen2,NCGC00015145-06,activity,null,4,0,5.898,CC(=O)NBr,null,null,null,null,null,B2377,SIGMA,2021_LOPAC_01,null,null,N-BRomoacetamide,null,4,null,null,null,14.002,0,null,null,null,null,null,null,null,null,null,0,null,null,12.717,-1.285,46.241,null,null,null,null,null,null,null,null,null,null,VBTQNRFWXBXZQR,null,TRND,fNlKciSQvoUmVNhgCF,null,null,null,null,null,null,null,null,null,79-15-2,null,null,null,0,4,null,null,null,173030,null,1,1,2025-06-17 15:22:09,null,null,null,null,null,null,null,364782535,activity,null,HTS,null,12.717,-1.285,12.509,5.898,null,null,null,null,null,null,null,null,null,null,null,null,null,null,null,null,null,null,null,null,null,278938497
TRND-Glioblastoma_LOPAC_A172-primary_screen2,NCGC00015340-28,activity,11.220185,-3,-74.093,-62.837,CNCCCN1C2=C(CCC3=C1C=CC=C3)C=CC=C2,null,null,null,null,null,D3900,SIGMA,2021_LOPAC_01,-4.95,null,Desipramine hydrochloride,null,-3,null,null,null,76.224,-63.593,4.504,0.086,0.995,null,null,null,null,null,null,10.5,null,null,13.388,-62.837,-0.326,6.133,null,null,null,null,null,null,null,null,null,HCYAFALTSJYZDH,null,TRND,jRktSCsMdOuiqhBAeR,null,null,null,null,CL,null,null,null,null,58-28-6,null,null,null,0,4,0,null,null,173030,0 0 0 0,1,1,2025-06-17 15:22:09,null,null,null,null,null,null,null,364782171,activity,null,HTS,14.982249,7.578,13.388,3.318,-62.837,null,null,null,null,null,null,null,null,null,null,null,null,null,null,null,null,null,null,null,null,null,278938498
TRND-Glioblastoma_LOPAC_A172-primary_screen2,NCGC00014994-13,activity,null,4,0,7.563,NCCC1=CNC2=C1C=CC=C2,null,null,null,null,null,246557,SIGMA,2021_LOPAC_01,null,null,Tryptamine hydrochloride,null,4,null,null,null,9.65,0,null,null,null,null,null,null,null,null,null,0,null,null,13.371,3.721,47.86,null,null,null,null,null,null,null,null,null,null,APJYDQYYACXCRM,null,TRND,GiVspjiqgOlwYhvaYf,null,null,null,null,CL,null,null,null,null,343-94-2,null,null,null,0,4,null,null,null,173030,null,1,1,2025-06-17 15:22:09,null,null,null,null,null,null,null,364784131,activity,null,HTS,null,13.371,3.721,5.974,7.563,null,null,null,null,null,null,null,null,null,null,null,null,null,null,null,null,null,null,null,null,null,278938499
TRND-Glioblastoma_LOPAC_A172-primary_screen2,NCGC00015026-43,activity,null,4,8.66,0.667,CN1C2CCC1CC(C2)OC(=O)C(CO)C3=CC=CC=C3,null,null,null,null,null,A0257,SIGMA,2021_LOPAC_01,null,null,Atropine sulfate,null,4,null,null,null,11.02,6.5,4.955,1,0.495,null,null,null,null,null,null,-2.16,null,null,4.637,-6.383,6.168,-0.715,null,null,null,null,null,null,null,null,null,RKUNBYITZUJHSG,null,TRND,diNNPWhRvLyAqFvpex,null,null,null,null,SULFURIC_ACID,null,null,null,null,5908-99-6,null,null,null,0,4,1,null,null,173030,0 0 0 1,1,1,2025-06-17 15:22:09,null,null,null,null,null,null,null,364782711,activity,null,HTS,null,1.783,-6.383,4.637,0.667,null,null,null,null,null,null,null,null,null,null,null,null,null,null,null,null,null,null,null,null,null,278938500
TRND-Glioblastoma_LOPAC_A172-primary_screen2,NCGC00161408-09,activity,null,4,-14.749,6.84,ClC1=CC=C2NC3=NC(=O)CN3CC2=C1Cl,null,null,null,null,null,SML0846,SIGMA,2021_LOPAC_01,null,null,Anagrelide hydrochloride,null,4,null,null,null,16.514,1.751,4.955,1,0.606,null,null,null,null,null,null,16.5,null,null,13.806,-2.708,45.83,41.135,null,null,null,null,null,null,null,null,null,OTBXOEAOVRKTNQ,null,TRND,ocRYOSoOahDYQVSODU,null,Phosphodiesterase 3A inhibitor,null,null,CL,null,null,null,null,null,PDE3A,null,null,0,4,1,null,null,173030,0 0 0 1,1,1,2025-06-17 15:22:09,null,null,null,null,null,null,null,364784995,activity,null,HTS,null,13.806,-2.708,7.679,6.84,null,null,null,null,null,null,null,null,null,null,null,null,null,null,null,null,null,null,null,null,null,278938501
TRND-Glioblastoma_LOPAC_A172-primary_screen2,NCGC00162369-06,activity,null,4,-20.233,-1.359,CN([C@@H]1CC[C@]2(CCCO2)C[C@H]1N3CCCC3)C(=O)CC4=CC=C(Cl)C(Cl)=C4,null,null,null,null,null,U105,SIGMA,2021_LOPAC_01,null,null,U-62066,null,4,null,null,null,20.98,-2.233,4.955,0.092,0.995,null,null,null,null,null,null,18,null,null,17.869,-3.111,59.04,59.326,null,null,null,null,null,null,null,null,null,NYKCGQQJNVPOLU,null,TRND,KmNsgBeGtIhbEDEBEg,null,null,null,null,SULFONICACID_V1,null,null,null,null,[NO STEREO] 87173-97-5,null,null,null,0,4,0,null,null,173030,0 0 0 0,1,1,2025-06-17 15:22:09,null,null,null,null,null,null,null,364781987,activity,null,HTS,null,17.869,17.658,-3.111,-1.359,null,null,null,null,null,null,null,null,null,null,null,null,null,null,null,null,null,null,null,null,null,278938502
TRND-Glioblastoma_LOPAC_A172-primary_screen2,NCGC00390662-05,activity,null,4,-20.249,-14.374,FC1=C(C=CN=C1)C(=O)NC2=CC=C(C=C2)N3N=C(C=C3C(F)(F)F)C(F)(F)F,null,null,null,null,null,SML1241,SIGMA,2021_LOPAC_01,null,null,Pyr6,null,4,null,null,null,23.433,-15.249,2.952,0.384,0.897,null,null,null,null,null,null,5,null,null,9.059,-14.374,19.989,11.519,null,null,null,null,null,null,null,null,null,XZIQSOZOLJJMFN,null,TRND,DNWMVhRKSGDGrFOYWY,null,null,null,null,null,null,null,null,null,null,null,null,null,0,4,0,null,null,173030,0 0 0 0,1,1,2025-06-17 15:22:09,null,null,null,null,null,null,null,364782847,activity,null,HTS,null,9.059,1.232,2.208,-14.374,null,null,null,null,null,null,null,null,null,null,null,null,null,null,null,null,null,null,null,null,null,278938503
TRND-Glioblastoma_LOPAC_A172-primary_screen2,NCGC00015646-12,activity,null,4,18.5,21.02,CC1=CNN=C1,null,null,null,null,null,M1387,SIGMA,2021_LOPAC_01,null,null,4-Methylpyrazole hydrochloride,null,4,null,null,null,19.595,30.5,4.955,1,0.476,null,null,null,null,null,null,12,null,null,28.32,8.725,100.947,77.521,null,null,null,null,null,null,null,null,null,RIKMMFOAQPJVMX,null,TRND,yiSKAUlrCbWpatNCKD,null,Alcohol Dehydrogenase inhibitor,null,null,CL,null,null,null,null,null,ADH1A,null,null,0,4,1,null,null,173030,0 0 0 1,1,1,2025-06-17 15:22:09,null,null,null,null,null,null,null,364780335,activity,null,HTS,null,21.677,8.725,28.32,21.02,null,null,null,null,null,null,null,null,null,null,null,null,null,null,null,null,null,null,null,null,null,278938504
TRND-Glioblastoma_LOPAC_A172-primary_screen2,NCGC00025170-17,activity,null,4,-30.606,-14.672,CN(C)C1=CC=C(C=C1)\C=C2/C(=O)NC3=CC=CC=C23,null,null,null,null,null,S8567,SIGMA,2021_LOPAC_01,null,null,SU 4312,null,4,null,null,null,50.035,-17.106,4.955,0.649,0.907,null,null,null,null,null,null,13.5,null,null,35.363,-14.672,34.689,48.432,null,null,null,null,null,null,null,null,null,UAKWLVYMKBWHMX,null,TRND,eyTizmdXdLRFegCJgU,null,null,null,null,null,null,null,null,null,null,null,null,null,0,4,1,null,null,173030,1 0 0 0,1,1,2025-06-17 15:22:09,null,null,null,null,null,null,null,364780779,activity,null,HTS,null,35.363,8.435,18.73,-14.672,null,null,null,null,null,null,null,null,null,null,null,null,null,null,null,null,null,null,null,null,null,278938505
TRND-Glioblastoma_LOPAC_A172-primary_screen2,NCGC00162365-06,activity,null,4,0,11.607,O[C@H]1[C@@H](O)[C@@H](O[C@@H]1COP([O-])(=O)OP(O)([O-])=O)N2C=CC(=O)NC2=O,null,null,null,null,null,U4125,SIGMA,2021_LOPAC_01,null,null,Uridine 5 -diphosphate sodium,null,4,null,null,null,20.456,0,null,null,null,null,null,null,null,null,null,0,null,null,23.494,3.038,77.915,null,null,null,null,null,null,null,null,null,null,XCCTYIAWTASOJW,null,TRND,SWMoXMStajkdYFYvzl,null,null,null,null,SODIUM,null,null,null,null,null,null,null,null,0,4,null,null,null,173030,null,1,1,2025-06-17 15:22:09,null,null,null,null,null,null,null,364780691,activity,null,HTS,null,23.494,3.038,6.422,11.607,null,null,null,null,null,null,null,null,null,null,null,null,null,null,null,null,null,null,null,null,null,278938506
TRND-Glioblastoma_LOPAC_A172-primary_screen2,NCGC00480795-05,activity,null,4,0,1.85,CCCCCCCCCCCCCCCC(=O)OCC(COP(O)(=O)OCCNC(=O)[C@H](C)NC(=O)CC[C@@H](NC(=O)[C@H](C)NC(=O)[C@@H](C)O[C@H]1C(O)[C@@H](CO)O[C@@H](O)[C@@H]1NC(C)=O)C(N)=O)OC(=O)CCCCCCCCCCCCCCC,null,null,null,null,null,SML0195,SIGMA,2021_LOPAC_01,null,null,Mifamurtide,null,4,null,null,null,8.938,0,null,null,null,null,null,null,null,null,null,0,null,null,10.788,1.85,18.117,null,null,null,null,null,null,null,null,null,null,JMUHBNWAORSSBD,null,TRND,mlGCQgMYeGAoCthoan,null,null,null,null,null,null,null,null,null,null,null,null,null,0,4,null,null,null,173030,null,1,1,2025-06-17 15:22:09,null,null,null,null,null,null,null,364784291,activity,null,HTS,null,1.903,6.182,10.788,1.85,null,null,null,null,null,null,null,null,null,null,null,null,null,null,null,null,null,null,null,null,null,278938507
TRND-Glioblastoma_LOPAC_A172-primary_screen2,NCGC00015162-23,activity,null,4,-14.885,-11.988,O=C1CC2(CCCC2)CC(=O)N1CCCCN3CCN(CC3)C4=NC=CC=N4,null,null,null,null,null,B7148,SIGMA,2021_LOPAC_01,null,null,Buspirone hydrochloride,null,4,null,null,null,16.101,-12.385,3.677,0.256,0.958,null,null,null,null,null,null,2.5,null,null,4.114,-11.988,-1.962,2.093,null,null,null,null,null,null,null,null,null,QWCRAEMEVRGPNT,null,TRND,wixmsjuKTvVSxuRwBE,null,null,null,null,CL,null,null,null,null,33386-08-2,null,null,null,0,4,0,null,null,173030,0 0 0 0,1,1,2025-06-17 15:22:09,null,null,null,null,null,null,null,364784323,activity,null,HTS,null,0.614,4.114,-0.343,-11.988,null,null,null,null,null,null,null,null,null,null,null,null,null,null,null,null,null,null,null,null,null,278938508
TRND-Glioblastoma_LOPAC_A172-primary_screen2,NCGC00094182-05,activity,null,4,0,8.516,CC(=O)N[C@H](C(O)=O)C(C)(C)SN=O,null,null,null,null,null,N3398,SIGMA,2021_LOPAC_01,null,null,S-Nitroso-N-acetylpenicillamine,null,4,null,null,null,8.209,0,null,null,null,null,null,null,null,null,null,0,null,null,13.738,5.529,55.189,null,null,null,null,null,null,null,null,null,null,ZIIQCSMRQKCOCT,null,TRND,uHKmGiWzuSjqKNluId,null,null,null,null,null,null,null,null,null,null,null,null,null,0,4,null,null,null,173030,null,1,1,2025-06-17 15:22:09,null,null,null,null,null,null,null,364783891,activity,null,HTS,null,13.419,5.529,13.738,8.516,null,null,null,null,null,null,null,null,null,null,null,null,null,null,null,null,null,null,null,null,null,278938509
TRND-Glioblastoma_LOPAC_A172-primary_screen2,NCGC00182965-13,activity,null,4,-30.059,-2.966,OC(CCN1CCCCC1)(C2CC3CC2C=C3)C4=CC=CC=C4,null,null,null,null,null,B5311,SIGMA,2021_LOPAC_01,null,null,Biperiden hydrochloride,null,4,null,null,null,22.467,-4.059,0.7,0.363,0.909,null,null,null,null,null,null,26,null,null,19.501,-2.966,61.256,57.906,null,null,null,null,null,null,null,null,null,YSXKPIUOCJLQIE,null,TRND,EiKoYlxhiYtvCIWDNU,null,null,null,null,CL,null,null,null,null,1235-82-1,null,null,null,0,4,0,null,null,173030,0 0 0 0,1,1,2025-06-17 15:22:09,null,null,null,null,null,null,null,364783747,activity,null,HTS,null,19.501,6.865,5.576,-2.966,null,null,null,null,null,null,null,null,null,null,null,null,null,null,null,null,null,null,null,null,null,278938510
TRND-Glioblastoma_LOPAC_A172-primary_screen2,NCGC00186006-12,activity,null,4,0,5.488,CC1=CC=CC(C)=C1NC(=O)CN2CCCC2=O,null,null,null,null,null,N2288,SIGMA,2021_LOPAC_01,null,null,Nefiracetam,null,4,null,null,null,5.83,0,null,null,null,null,null,null,null,null,null,0,null,null,11.318,5.488,49.255,null,null,null,null,null,null,null,null,null,null,NGHTXZCKLWZPGK,null,TRND,ycZZbRVeHLKFcMdxwx,null,Gamma-aminobutyric acid receptor subunit alpha-1 modulator,null,null,null,null,null,null,null,77191-36-7,GABRA1,null,null,0,4,null,null,null,173030,null,1,1,2025-06-17 15:22:09,null,null,null,null,null,null,null,364782803,activity,null,HTS,null,11.318,11.157,10.245,5.488,null,null,null,null,null,null,null,null,null,null,null,null,null,null,null,null,null,null,null,null,null,278938511
TRND-Glioblastoma_LOPAC_A172-primary_screen2,NCGC00015344-22,activity,null,4,-35.399,-8.249,CN(C)CC\C=C1/C2=C(COC3=C1C=CC=C3)C=CC=C2,null,null,null,null,null,D4526,SIGMA,2021_LOPAC_01,null,null,Doxepin hydrochloride,null,4,null,null,null,32.962,-13.399,1.449,0.258,0.957,null,null,null,null,null,null,22,null,null,24.713,-8.249,82.823,76.917,null,null,null,null,null,null,null,null,null,ODQWQRRAPPTVAG,null,TRND,XlfbnRBWXfrHTzLNXC,null,null,null,null,CL,null,null,null,null,4698-39-9,null,null,null,0,4,0,null,null,173030,0 0 0 0,1,1,2025-06-17 15:22:09,null,null,null,null,null,null,null,364780907,activity,null,HTS,null,24.713,16.199,10.376,-8.249,null,null,null,null,null,null,null,null,null,null,null,null,null,null,null,null,null,null,null,null,null,278938512
TRND-Glioblastoma_LOPAC_A172-primary_screen2,NCGC00024427-31,activity,null,4,0,6.026,OC1=CC=C2C[C@H]3N(CC4CC4)CC[C@@]56[C@@H](OC1=C25)C(=O)CC[C@@]36O,null,null,null,null,null,N3136,SIGMA,2021_LOPAC_01,null,null,Naltrexone hydrochloride,null,4,null,null,null,9.355,0,null,null,null,null,null,null,null,null,null,0,null,null,15.381,6.026,58.694,null,null,null,null,null,null,null,null,null,null,DQCKKXVULJGBQN,null,TRND,kZBTHMcLTrecgYrZzO,null,Mu-Type Opioid Receptor antagonist,null,null,CL,null,null,null,null,16676-29-2,OPRM1,null,null,0,4,null,null,null,173030,null,1,1,2025-06-17 15:22:09,null,null,null,null,null,null,null,364783251,activity,null,HTS,null,14.124,15.381,7.983,6.026,null,null,null,null,null,null,null,null,null,null,null,null,null,null,null,null,null,null,null,null,null,278938513
TRND-Glioblastoma_LOPAC_A172-primary_screen2,NCGC00015210-08,activity,null,4,-14,4.282,CC(C)(CO)CC1=CC(=C(O)C(=C1)C(C)(C)C)C(C)(C)C,null,null,null,null,null,C0862,SIGMA,2021_LOPAC_01,null,null,CGP-7930,null,4,null,null,null,26.482,4,2.72,0.628,0.999,null,null,null,null,null,null,18,null,null,30.764,4.282,66.152,68.271,null,null,null,null,null,null,null,null,null,XLWJPQQFJNGUPA,null,TRND,DeXPorBvOxIirKFXSM,null,null,null,null,null,null,null,null,null,null,null,null,null,0,4,1,null,null,173030,1 0 0 0,1,1,2025-06-17 15:22:09,null,null,null,null,null,null,null,364780583,activity,null,HTS,null,30.764,17.168,6.092,4.282,null,null,null,null,null,null,null,null,null,null,null,null,null,null,null,null,null,null,null,null,null,278938514
TRND-Glioblastoma_LOPAC_A172-primary_screen2,NCGC00015102-06,activity,null,4,-13.103,-2.169,C[N+](C)(CCC(=O)CC[N+](C)(C)C1=CC=C(CC=C)C=C1)C2=CC=C(CC=C)C=C2,null,null,null,null,null,A9013,SIGMA,2021_LOPAC_01,null,null,BW 284c51,null,4,null,null,null,13.652,-3.103,4.955,0.297,0.942,null,null,null,null,null,null,10,null,null,11.483,-2.169,36.732,40.566,null,null,null,null,null,null,null,null,null,ASEOEGXVKNFXKD,null,TRND,BlYktCijPHwJnWoKyd,null,null,null,null,BR,null,null,null,null,null,null,null,null,0,4,0,null,null,173030,0 0 0 0,1,1,2025-06-17 15:22:09,null,null,null,null,null,null,null,364782095,activity,null,HTS,null,8.013,11.483,10.883,-2.169,null,null,null,null,null,null,null,null,null,null,null,null,null,null,null,null,null,null,null,null,null,278938515
TRND-Glioblastoma_LOPAC_A172-primary_screen2,NCGC00015987-18,activity,null,4,0,17.516,CN1CCN(CC(=O)N2C3=C(C)SC=C3C(=O)NC4=C2C=CC=C4)CC1,null,null,null,null,null,T122,SIGMA,2021_LOPAC_01,null,null,Telenzepine dihydrochloride,null,4,null,null,null,19.951,0,null,null,null,null,null,null,null,null,null,0,null,null,23.487,3.536,87.98,null,null,null,null,null,null,null,null,null,null,VSWPGAIWKHPTKX,null,TRND,hqvmukCLMphCCUxfwp,null,null,null,null,HCL,null,null,null,null,GRT01204,null,null,null,0,4,null,null,null,173030,null,1,1,2025-06-17 15:22:09,null,null,null,null,null,null,null,364780675,activity,null,HTS,null,23.487,3.536,15.904,17.516,null,null,null,null,null,null,null,null,null,null,null,null,null,null,null,null,null,null,null,null,null,278937455
TRND-Glioblastoma_LOPAC_A172-primary_screen2,NCGC00096077-25,activity,null,4,16.951,9.837,CN1CCN(CC1)C2=NC3=CC=CC=C3NC4=C2C=C(C)S4,null,null,null,null,null,O1141,SIGMA,2021_LOPAC_01,null,null,Olanzapine ,null,4,null,null,null,22.486,15.5,4.955,0.511,0.795,null,null,null,null,null,null,-1.451,null,null,20.86,-1.626,16.674,16.204,null,null,null,null,null,null,null,null,null,KVWDHTXUZHCGIO,null,TRND,uCORxJwfBrSXrxkIzx,null,5-HT2A Receptor antagonist,null,null,null,null,null,null,null,GRT01148,HTR2A,null,null,0,4,0,null,null,173030,0 0 0 0,1,1,2025-06-17 15:22:09,null,null,null,null,null,null,null,364782011,activity,null,HTS,null,-1.626,2.042,20.86,9.837,null,null,null,null,null,null,null,null,null,null,null,null,null,null,null,null,null,null,null,null,null,278937456
TRND-Glioblastoma_LOPAC_A172-primary_screen2,NCGC00178241-34,activity,null,4,-19.321,1.59,[NH3+][Pt--]([NH3+])(Cl)Cl,null,null,null,null,null,P4394,SIGMA,2021_LOPAC_01,null,null,Cisplatin(Cis-Diammineplatinum),null,4,null,null,null,18.116,1.679,4.955,0.535,0.769,null,null,null,null,null,null,21,null,null,17.015,-1.101,52.718,50.997,null,null,null,null,null,null,null,null,null,LXZZYRPGZAFOLE,null,TRND,VyPPsctLSVQXfBPRux,null,DNA Alkylating Drug,null,null,null,null,null,null,null,15663-27-1,H2AX,null,null,0,4,0,null,null,173030,0 0 0 0,1,1,2025-06-17 15:22:09,null,null,null,null,null,null,null,364782655,activity,null,HTS,null,17.015,-1.101,7.767,1.59,null,null,null,null,null,null,null,null,null,null,null,null,null,null,null,null,null,null,null,null,null,278937457
TRND-Glioblastoma_LOPAC_A172-primary_screen2,NCGC00015220-06,activity,null,4,11,13.053,NC(=O)C1=CC(N2CC2)=C(C=C1[N+]([O-])=O)[N+]([O-])=O,null,null,null,null,null,C2235,SIGMA,2021_LOPAC_01,null,null,CB 1954,null,4,null,null,null,10.096,14.5,4.955,0.188,0.978,null,null,null,null,null,null,3.5,null,null,13.053,2.956,20.385,21.539,null,null,null,null,null,null,null,null,null,WOCXQMCIOTUMJV,null,TRND,UluGWmDOpVQYGauzXD,null,null,null,null,null,null,null,null,null,21919-05-1,null,null,null,0,4,0,null,null,173030,0 0 0 0,1,1,2025-06-17 15:22:09,null,null,null,null,null,null,null,364782519,activity,null,HTS,null,2.997,4.492,2.956,13.053,null,null,null,null,null,null,null,null,null,null,null,null,null,null,null,null,null,null,null,null,null,278937458
TRND-Glioblastoma_LOPAC_A172-primary_screen2,NCGC00686543-02,activity,null,4,-8.071,-2.143,CCOC(=O)C(=C)CC1=C(Cl)C=CC=C1,null,null,null,null,null,SML2239,SIGMA,2021_LOPAC_01,null,null,INF39,null,4,null,null,null,10.024,-3.071,4.955,0.725,0.416,null,null,null,null,null,null,5,null,null,7.881,-2.143,6.728,19.758,null,null,null,null,null,null,null,null,null,VTAOWWAFBSFWSG,null,TRND,pPWwCRzJVQHeJHBCjT,null,null,null,null,null,null,null,null,null,null,null,null,null,0,4,0,null,null,173030,0 0 0 0,1,1,2025-06-17 15:22:09,null,null,null,null,null,null,null,364784183,activity,null,HTS,null,-1.068,7.881,7.595,-2.143,null,null,null,null,null,null,null,null,null,null,null,null,null,null,null,null,null,null,null,null,null,278937459
TRND-Glioblastoma_LOPAC_A172-primary_screen2,NCGC00370786-07,activity,null,4,-25.523,-13.769,COC1=CC=C(OCC2N(CCC3=CC(OC)=C(OC)C=C23)C(=O)C4=CC(Cl)=CC=C4)C=C1,null,null,null,null,null,SML0229,SIGMA,2021_LOPAC_01,null,null,CIQ,null,4,null,null,null,25.91,-14.023,4.449,0.055,0.998,null,null,null,null,null,null,11.5,null,null,12.141,-13.769,37.021,38.154,null,null,null,null,null,null,null,null,null,VYMILMYEENZHAR,null,TRND,wLtwxvaFRPmBycoOfx,null,null,null,null,null,null,null,null,null,null,null,null,null,0,4,0,null,null,173030,0 0 0 0,1,1,2025-06-17 15:22:09,null,null,null,null,null,null,null,364783871,activity,null,HTS,null,10.872,12.141,8.013,-13.769,null,null,null,null,null,null,null,null,null,null,null,null,null,null,null,null,null,null,null,null,null,278937460
TRND-Glioblastoma_LOPAC_A172-primary_screen2,NCGC00025272-16,activity,15.848932,-3,-108.596,-96.098,CC1=CC=C(C=C1)[S+]([O-])(=O)\C=C\C#N,null,null,null,null,null,B5556,SIGMA,2021_LOPAC_01,-4.8,null,Bay 11-7082,null,-3,null,null,null,108.259,-98.596,4.955,0.071,0.997,null,null,null,null,null,null,10,null,null,12.161,-96.098,-21.174,-9.72,null,null,null,null,null,null,null,null,null,DOEWDSDBFRHVAP,null,TRND,CTiEfpKxuuvsMxsPVR,null,null,null,null,null,null,null,null,null,19542-67-7,null,null,null,0,4,0,null,null,173030,0 0 0 0,1,1,2025-06-17 15:22:09,null,null,null,null,null,null,null,364783607,activity,null,HTS,15.940275,5.38,12.161,8.459,-96.098,null,null,null,null,null,null,null,null,null,null,null,null,null,null,null,null,null,null,null,null,null,278937431
TRND-Glioblastoma_LOPAC_A172-primary_screen2,NCGC00015387-10,activity,null,4,-14.5,8.133,NC1=NC(N)=NC(O)=C1,null,null,null,null,null,D1920-6,SIGMA,2021_LOPAC_01,null,null,"2,4-Diamino-6-pyrimidinone",null,4,null,null,null,13.74,7.5,1.66,0.028,1,null,null,null,null,null,null,22,null,null,21.873,8.133,88.009,87.753,null,null,null,null,null,null,null,null,null,SWELIMKTDYHAOY,null,TRND,PlgtZHAnRFpnCJCBvh,null,null,null,null,null,null,null,null,null,56-06-4,null,null,null,0,4,0,null,null,173030,0 0 0 0,1,1,2025-06-17 15:22:09,null,null,null,null,null,null,null,364780915,activity,null,HTS,null,21.873,20.32,12.628,8.133,null,null,null,null,null,null,null,null,null,null,null,null,null,null,null,null,null,null,null,null,null,278937432
TRND-Glioblastoma_LOPAC_A172-primary_screen2,NCGC00015303-08,activity,null,4,-15.795,5.738,CC(N)C1=CC=CC(Cl)=C1Cl,null,null,null,null,null,D103,SIGMA,2021_LOPAC_01,null,null,"(±)-2,3-Dichloro-alpha-methylbenzylamine hydrochloride",null,4,null,null,null,18.556,1.205,1.885,0.518,0.788,null,null,null,null,null,null,17,null,null,16.227,-2.329,52.866,52.967,null,null,null,null,null,null,null,null,null,CZJMQTZQSNUDNV,null,TRND,gtTyAlHckqfFAhApRk,null,null,null,null,CL,null,null,null,null,null,null,null,null,0,4,0,null,null,173030,0 0 0 0,1,1,2025-06-17 15:22:09,null,null,null,null,null,null,null,364784703,activity,null,HTS,null,16.227,9.225,-2.329,5.738,null,null,null,null,null,null,null,null,null,null,null,null,null,null,null,null,null,null,null,null,null,278937433
TRND-Glioblastoma_LOPAC_A172-primary_screen2,NCGC00015705-22,activity,null,4,12.605,8.606,CC12CC3CC(C)(C1)CC(N)(C3)C2,null,null,null,null,null,M9292,SIGMA,2021_LOPAC_01,null,null,Memantine hydrochloride,null,4,null,null,null,12.027,9.5,2.048,0.099,0.994,null,null,null,null,null,null,-3.105,null,null,8.606,-3.421,-4.213,-5.044,null,null,null,null,null,null,null,null,null,BUGYDGFZZOZRHP,null,TRND,DMaDpFikEwdAIcqTpn,null,NMDA Receptor antagonist,null,null,CL,null,null,null,null,41100-52-1,GRIN1,null,null,0,4,0,null,null,173030,0 0 0 0,1,1,2025-06-17 15:22:09,null,null,null,null,null,null,null,364784611,activity,null,HTS,null,-2.627,-3.421,1.35,8.606,null,null,null,null,null,null,null,null,null,null,null,null,null,null,null,null,null,null,null,null,null,278937434
TRND-Glioblastoma_LOPAC_A172-primary_screen2,NCGC00183105-04,activity,null,4,-13.843,7.269,CCCCC(F)(F)[C@@]1(O)CC[C@H]2[C@@H](CC(=O)[C@@H]2CCCCCCC(O)=O)O1,null,null,null,null,null,SmL1173,SIGMA,2021_LOPAC_01,null,null,Lubiprostone,null,4,null,null,null,16.352,-2.843,4.955,1,0.709,null,null,null,null,null,null,11,null,null,15.233,-1.119,27.079,35.876,null,null,null,null,null,null,null,null,null,WGFOBBZOWHGYQH,null,TRND,tAbZdeYHwACNGjWdMD,null,Chloride Channel Protein 2 activator,null,null,null,null,null,null,null,136790-76-6,CLCN2,null,null,0,4,1,null,null,173030,0 0 0 1,1,1,2025-06-17 15:22:09,null,null,null,null,null,null,null,364782219,activity,null,HTS,null,6.416,15.233,-1.119,7.269,null,null,null,null,null,null,null,null,null,null,null,null,null,null,null,null,null,null,null,null,null,278937435
TRND-Glioblastoma_LOPAC_A172-primary_screen2,NCGC00092350-11,activity,null,4,-9.57,-5.475,NC1=NC2=C(C=NN2CCC3=CC=CC=C3)C4=NC(=NN14)C5=CC=CO5,null,null,null,null,null,S4568,SIGMA,2021_LOPAC_01,null,null,SCH 58261,null,4,null,null,null,10.009,-3.07,4.955,0.663,0.573,null,null,null,null,null,null,6.5,null,null,4.534,-5.475,7.613,6.926,null,null,null,null,null,null,null,null,null,UTLPKQYUXOEJIL,null,TRND,RbnQKNZrkPBtfMrAeW,null,null,null,null,null,null,null,null,null,160098-96-4,null,null,null,0,4,0,null,null,173030,0 0 0 0,1,1,2025-06-17 15:22:09,null,null,null,null,null,null,null,364783951,activity,null,HTS,null,4.534,-4.658,1.664,-5.475,null,null,null,null,null,null,null,null,null,null,null,null,null,null,null,null,null,null,null,null,null,278937436
TRND-Glioblastoma_LOPAC_A172-primary_screen2,NCGC00092310-18,activity,null,4,-9,9.458,CCN1CCCC1CNC(=O)C2=C(OC)C=C(N)C(=C2)[S+]([O-])(=O)CC,null,null,null,null,null,A2729,SIGMA,2021_LOPAC_01,null,null,Amisulpride,null,4,null,null,null,10.168,8,4.955,0.283,0.948,null,null,null,null,null,null,17,null,null,17.193,7.025,67.116,68.796,null,null,null,null,null,null,null,null,null,UYNLYBPIAORSSZ,null,TRND,kDNKREJNwmnHsQlYMx,null,Dopamine Receptor D2 antagonist,null,null,null,null,null,null,null,71675-85-9,DRD2,null,null,0,4,0,null,null,173030,0 0 0 0,1,1,2025-06-17 15:22:09,null,null,null,null,null,null,null,364781291,activity,null,HTS,null,16.293,17.193,7.025,9.458,null,null,null,null,null,null,null,null,null,null,null,null,null,null,null,null,null,null,null,null,null,278937437
TRND-Glioblastoma_LOPAC_A172-primary_screen2,NCGC00161411-08,activity,null,4,13.5,23.518,CCCCCCC(=O)OC1CC(C)(C)NC(C)(C)C1,null,null,null,null,null,T5576,SIGMA,2021_LOPAC_01,null,null,TMPH hydrochloride,null,4,null,null,null,24.485,27.5,4.955,0.871,0.759,null,null,null,null,null,null,14,null,null,35.323,10.839,79.3,70.73,null,null,null,null,null,null,null,null,null,PWWKJRFUJIFGGD,null,TRND,LxpqWpAqwlkvIliFEm,null,null,null,null,CL,null,null,null,null,null,null,null,null,0,4,1,null,null,173030,1 0 0 0,1,1,2025-06-17 15:22:09,null,null,null,null,null,null,null,364780463,activity,null,HTS,null,35.323,17.086,10.839,23.518,null,null,null,null,null,null,null,null,null,null,null,null,null,null,null,null,null,null,null,null,null,278937438
TRND-Glioblastoma_LOPAC_A172-primary_screen2,NCGC00015881-08,activity,null,4,-16.5,12.193,OC1=CC(=CC(=C1O)[N+]([O-])=O)C(=O)C2=C(F)C=CC=C2,null,null,null,null,null,R108,SIGMA,2021_LOPAC_01,null,null,Ro 41-0960,null,4,null,null,null,14.351,5,4.955,0.65,0.598,null,null,null,null,null,null,21.5,null,null,26.545,12.193,93.459,96.134,null,null,null,null,null,null,null,null,null,RQPAUNZYTYHKHA,null,TRND,DXqWiGSzvfInlCeHZV,null,null,null,null,null,null,null,null,null,null,null,null,null,0,4,0,null,null,173030,0 0 0 0,1,1,2025-06-17 15:22:09,null,null,null,null,null,null,null,364780355,activity,null,HTS,null,20.289,17.429,26.545,12.193,null,null,null,null,null,null,null,null,null,null,null,null,null,null,null,null,null,null,null,null,null,278937439
TRND-Glioblastoma_LOPAC_A172-primary_screen2,NCGC00015647-36,activity,0.316228,-1.4,-45.052,-73.204,COC(=O)NC1=NC2=C(N1)C=CC(=C2)C(=O)C3=CC=CS3,null,null,null,null,null,M1404,SIGMA,2021_LOPAC_01,-6.5,null,Nocodazole,null,-1.2,null,null,null,34.943,-72.567,4.955,0.227,0.967,null,null,null,null,null,null,-27.515,null,null,-41.045,-75.988,-253.675,-253.678,null,null,null,null,null,null,null,null,null,KYRVNWMVYQXFEU,null,TRND,xiXnOIfyUIynxhBhYq,null,Tubulin polymerization inhibitor,null,null,null,null,null,null,null,31430-18-9,TUBB,null,null,0,4,0,null,null,173030,0 0 0 0,1,1,2025-06-17 15:22:09,null,null,null,null,null,null,null,364780975,activity,null,HTS,0.371303,-41.045,-75.988,-68.905,-73.204,null,null,null,null,null,null,null,null,null,null,null,null,null,null,null,null,null,null,null,null,null,278937440
TRND-Glioblastoma_LOPAC_A172-primary_screen2,NCGC00164563-16,activity,null,4,-23.94,1.142,NC1=NC2=C(N=CN2[C@H]3C[C@H](O)[C@@H](CO)C3=C)C(=O)N1,null,null,null,null,null,SML1103,SIGMA,2021_LOPAC_01,null,null,Entecavir,null,4,null,null,null,24.884,-1.44,4.955,0.236,0.964,null,null,null,null,null,null,22.5,null,null,20.767,-4.117,54.347,54.934,null,null,null,null,null,null,null,null,null,QDGZDCVAUDNJFG,null,TRND,oZcnKcAROqTOUlcQCh,null,null,null,null,null,null,null,null,null,142217-69-4,null,null,null,0,4,0,null,null,173030,0 0 0 0,1,1,2025-06-17 15:22:09,null,null,null,null,null,null,null,364784567,activity,null,HTS,null,20.767,-1.443,-4.117,1.142,null,null,null,null,null,null,null,null,null,null,null,null,null,null,null,null,null,null,null,null,null,278937441
TRND-Glioblastoma_LOPAC_A172-primary_screen2,NCGC00015364-08,activity,null,4,0,14.262,C1=CC=C(N=C1)C2=NC=CC=C2,null,null,null,null,null,D7505,SIGMA,2021_LOPAC_01,null,null,"2,2 -Bipyridyl",null,4,null,null,null,9.877,0,null,null,null,null,null,null,null,null,null,0,null,null,14.262,4.386,32.541,null,null,null,null,null,null,null,null,null,null,ROFVEXUMMXZLPA,null,TRND,UXLwPnbajOrpHlTdRs,null,null,null,null,null,null,null,null,null,366-18-7,null,null,null,0,4,null,null,null,173030,null,1,1,2025-06-17 15:22:09,null,null,null,null,null,null,null,364784783,activity,null,HTS,null,4.386,7.161,11.252,14.262,null,null,null,null,null,null,null,null,null,null,null,null,null,null,null,null,null,null,null,null,null,278937442
TRND-Glioblastoma_LOPAC_A172-primary_screen2,NCGC00024683-38,activity,11.220185,-2.4,-90.53,-78.098,C\C1=C/CC[C@@]2(C)O[C@H]2[C@H]3OC(=O)C(=C)[C@@H]3CC1,null,null,null,null,null,P0667,SIGMA,2021_LOPAC_01,-4.95,null,Parthenolide,null,-2.2,null,null,null,101.793,-83.03,2.638,0.375,0.902,null,null,null,null,null,null,7.5,null,null,23.695,-78.098,10.937,-22.839,null,null,null,null,null,null,null,null,null,KTEXNACQROZXEV,null,TRND,uhdIKYmZVtgOvPyrmo,null,NF-kappaB (NFKB) Activation inhibitor,null,null,null,null,null,null,null,[NO STEREO] 20554-84-1,NFKB1,null,null,0,4,0,null,null,173030,0 0 0 0,1,1,2025-06-17 15:22:09,null,null,null,null,null,null,null,364784523,activity,null,HTS,13.129496,23.695,-9.439,-10.252,-78.098,null,null,null,null,null,null,null,null,null,null,null,null,null,null,null,null,null,null,null,null,null,278937443
TRND-Glioblastoma_LOPAC_A172-primary_screen2,NCGC00159460-15,activity,null,4,-14.776,-1.063,[H][C@@](O)(CN1CCN(CC2=CC=CN=C2)C[C@@]1([H])C(=O)NC(C)(C)C)C[C@@]([H])(CC3=CC=CC=C3)C(=O)N[C@@]4([H])C5=CC=CC=C5C[C@@]4([H])O,null,null,null,null,null,SML0189,SIGMA,2021_LOPAC_01,null,null,Indinavir sulfate salt hydrate,null,4,null,null,null,12.812,-3.276,1.272,0.109,0.993,null,null,null,null,null,null,11.5,null,null,11.749,-1.063,43.348,42.646,null,null,null,null,null,null,null,null,null,CBVCZFGXHXORBI,null,TRND,lSqWUIUWYuTersLiva,null,null,null,null,H-SULFATE,null,null,null,null,150378-17-9,null,null,null,0,4,0,null,null,173030,0 0 0 0,1,1,2025-06-17 15:22:09,null,null,null,null,null,null,null,364782199,activity,null,HTS,null,11.749,9.898,6.269,-1.063,null,null,null,null,null,null,null,null,null,null,null,null,null,null,null,null,null,null,null,null,null,278937444
TRND-Glioblastoma_LOPAC_A172-primary_screen2,NCGC00015009-26,activity,null,4,14.838,10.859,NC1=CC=NC=C1,null,null,null,null,null,A0152,SIGMA,2021_LOPAC_01,null,null,4-Aminopyridine,null,4,null,null,null,16.141,11,4.504,0.23,0.966,null,null,null,null,null,null,-3.838,null,null,10.859,-5.282,-5.407,-9.382,null,null,null,null,null,null,null,null,null,NUKYPUAOHBNCPY,null,TRND,FyIrkcxPbUCeUvwMvs,null,null,null,null,null,null,null,null,null,504-24-5,null,null,null,0,4,0,null,null,173030,0 0 0 0,1,1,2025-06-17 15:22:09,null,null,null,null,null,null,null,364782071,activity,null,HTS,null,-2.043,-5.282,-2.511,10.859,null,null,null,null,null,null,null,null,null,null,null,null,null,null,null,null,null,null,null,null,null,278937445
TRND-Glioblastoma_LOPAC_A172-primary_screen2,NCGC00162359-09,activity,null,4,-11.584,2.599,CC1=CC=C(C=C1)[S+]([O-])(=O)N[C@@H](CCCCN)C(=O)CCl,null,null,null,null,null,T7254,SIGMA,2021_LOPAC_01,null,null,Na-p-Tosyl-L-lysine chloromethyl ketone hydrochloride,null,4,null,null,null,12.239,-0.084,4.955,0.429,0.868,null,null,null,null,null,null,11.5,null,null,10.085,-2.154,27.807,27.871,null,null,null,null,null,null,null,null,null,OSCHUFJXXXIMKM,null,TRND,xMfDdTVyWaqIQtdUOC,null,null,null,null,CL,null,null,null,null,null,null,null,null,0,4,0,null,null,173030,0 0 0 0,1,1,2025-06-17 15:22:09,null,null,null,null,null,null,null,364783959,activity,null,HTS,null,10.085,-0.058,-2.154,2.599,null,null,null,null,null,null,null,null,null,null,null,null,null,null,null,null,null,null,null,null,null,278937446
TRND-Glioblastoma_LOPAC_A172-primary_screen2,NCGC00015736-10,activity,null,4,0,4.292,COC1=C(C=CC=C1)N2CCN(CCCCN3C(=O)C4=C(C=CC=C4)C3=O)CC2,null,null,null,null,null,N3529,SIGMA,2021_LOPAC_01,null,null,NAN-190 hydrobromide,null,4,null,null,null,8.131,0,null,null,null,null,null,null,null,null,null,0,null,null,12.424,4.292,45.342,null,null,null,null,null,null,null,null,null,null,SJDOMIRMMUGQQK,null,TRND,IZiQDqhNfhaQqAyjfx,null,null,null,null,BR,null,null,null,null,null,null,null,null,0,4,null,null,null,173030,null,1,1,2025-06-17 15:22:09,null,null,null,null,null,null,null,364785171,activity,null,HTS,null,10.282,12.424,8.395,4.292,null,null,null,null,null,null,null,null,null,null,null,null,null,null,null,null,null,null,null,null,null,278937447
TRND-Glioblastoma_LOPAC_A172-primary_screen2,NCGC00183808-19,activity,11.220185,-3,-94.275,-82.698,CN(C)CCCNC(=O)C1=CC=C(C=C1)C2=CC3=CC=CN=C3C(O)=C2,null,null,null,null,null,SML0741,SIGMA,2021_LOPAC_01,-4.95,null,ML324,null,-3,null,null,null,95.918,-83.775,4.095,0.061,0.998,null,null,null,null,null,null,10.5,null,null,13.22,-82.698,-12.144,-6.665,null,null,null,null,null,null,null,null,null,QDBVSOZTVKXUES,null,TRND,aSFvbJKlVAMbRgKDHF,null,Lysine-Specific Demethylase 4E inhibitor,null,null,null,null,null,null,null,null,KDM4E,null,null,0,4,0,null,null,173030,0 0 0 0,1,1,2025-06-17 15:22:09,null,null,null,null,null,null,null,364781647,activity,null,HTS,12.34823,7.961,13.22,-0.004,-82.698,null,null,null,null,null,null,null,null,null,null,null,null,null,null,null,null,null,null,null,null,null,278937448
TRND-Glioblastoma_LOPAC_A172-primary_screen2,NCGC00379228-07,activity,10,-2.3,-104.325,-95.981,CCC(C)CNCC(=O)N1CCC2=C(C=CS2)C1COC3=CC(C)=CC=C3,null,null,null,null,null,SML1000,SIGMA,2021_LOPAC_01,-5,null,RU-SKI 43 maleate,null,-2.1,null,null,null,106.483,-97.325,3.627,0.075,0.997,null,null,null,null,null,null,7,null,null,10.502,-95.981,-41.832,-34.959,null,null,null,null,null,null,null,null,null,AEENEMOEBJOKGN,null,TRND,SlRqpbaYphbycUoNid,null,null,null,null,MALEATE,null,null,null,null,null,null,null,null,0,4,0,null,null,173030,0 0 0 0,1,1,2025-06-17 15:22:09,null,null,null,null,null,null,null,364783927,activity,null,HTS,10.152737,3.494,10.502,-12.028,-95.981,null,null,null,null,null,null,null,null,null,null,null,null,null,null,null,null,null,null,null,null,null,278937449
TRND-Glioblastoma_LOPAC_A172-primary_screen2,NCGC00351432-13,activity,null,4,-26.59,-12.991,OCCNC(=O)C1=CC=CC(=C1)C2=CC(NC3=CC=C(OC(F)(F)F)C=C3)=NC=N2,null,null,null,null,null,SML0511,SIGMA,2021_LOPAC_01,null,null,GNF-5,null,4,null,null,null,29.189,-15.09,4.955,0.478,0.826,null,null,null,null,null,null,11.5,null,null,16.198,-12.991,25.096,41.003,null,null,null,null,null,null,null,null,null,IIQUYGWWHIHOCF,null,TRND,CuYAlyFVGnoKayjZlo,null,null,null,null,null,null,null,null,null,null,null,null,null,0,4,0,null,null,173030,0 0 0 0,1,1,2025-06-17 15:22:09,null,null,null,null,null,null,null,364781463,activity,null,HTS,null,3.684,14.846,16.198,-12.991,null,null,null,null,null,null,null,null,null,null,null,null,null,null,null,null,null,null,null,null,null,278937450
TRND-Glioblastoma_LOPAC_A172-primary_screen2,NCGC00093797-06,activity,null,4,0,-0.797,[H][C@]1(C)C2CC3=C(C=C(O)C=C3)[C@]1(C)CCN2CC4CC4,null,null,null,null,null,C147,SIGMA,2021_LOPAC_01,null,null,(+)-Cyclazocine,null,4,null,null,null,4.788,0,null,null,null,null,null,null,null,null,null,0,null,null,3.991,-0.797,12.641,null,null,null,null,null,null,null,null,null,null,YQYVFVRQLZMJKJ,null,TRND,cNUYQivumUHIJcuauq,null,null,null,null,null,null,null,null,null,[NO STEREO] 3572-80-3,null,null,null,0,4,null,null,null,173030,null,1,1,2025-06-17 15:22:09,null,null,null,null,null,null,null,364782731,activity,null,HTS,null,3.991,0.891,1.945,-0.797,null,null,null,null,null,null,null,null,null,null,null,null,null,null,null,null,null,null,null,null,null,278937451
TRND-Glioblastoma_LOPAC_A172-primary_screen2,NCGC00402322-06,activity,null,4,-40.733,-22.969,CCN1\C(SC2=C1C=C(O)C=C2)=C\C(C)=O,null,null,null,null,null,SML1011,SIGMA,2021_LOPAC_01,null,null,INDY,null,4,null,null,null,43.404,-24.733,2.406,0.268,0.953,null,null,null,null,null,null,16,null,null,20.435,-22.969,34.149,44.851,null,null,null,null,null,null,null,null,null,GCSZJMUFYOAHFY,null,TRND,uxpqvTEuexNwarCyKA,null,null,null,null,null,null,null,null,null,null,null,null,null,0,4,0,null,null,173030,0 0 0 0,1,1,2025-06-17 15:22:09,null,null,null,null,null,null,null,364782959,activity,null,HTS,null,10.947,20.435,2.235,-22.969,null,null,null,null,null,null,null,null,null,null,null,null,null,null,null,null,null,null,null,null,null,278937452
TRND-Glioblastoma_LOPAC_A172-primary_screen2,NCGC00016016-30,activity,null,4,42.374,2.276,NC1=NC(N)=C2N=C(C3=CC=CC=C3)C(N)=NC2=N1,null,null,null,null,null,T4143,SIGMA,2021_LOPAC_01,null,null,Triamterene,null,4,null,null,null,39.865,6.5,4.955,0.302,0.939,null,null,null,null,null,null,-35.874,null,null,12.471,-27.395,-62.551,-63.997,null,null,null,null,null,null,null,null,null,FNYLWPVRPXGIIP,null,TRND,IzQbkDkLrJNkrGLsbx,null,null,null,null,null,null,null,null,null,396-01-0,null,null,null,0,4,0,null,null,173030,0 0 0 0,1,1,2025-06-17 15:22:09,null,null,null,null,null,null,null,364785175,activity,null,HTS,null,-27.395,12.471,5.096,2.276,null,null,null,null,null,null,null,null,null,null,null,null,null,null,null,null,null,null,null,null,null,278937453
TRND-Glioblastoma_LOPAC_A172-primary_screen2,NCGC00162068-12,activity,null,4,0,7.97,OCCN1CCN(CCCN2C3=C(C=CC=C3)C=CC4=C2C=CC=C4)CC1,null,null,null,null,null,O5889,SIGMA,2021_LOPAC_01,null,null,Opipramol dihydrochloride,null,4,null,null,null,7.843,0,null,null,null,null,null,null,null,null,null,0,null,null,15.813,7.97,62.237,null,null,null,null,null,null,null,null,null,null,YNZFUWZUGRBMHL,null,TRND,uEUAngvkNXtVCueOMv,null,null,null,null,CL,null,null,null,null,null,null,null,null,0,4,null,null,null,173030,null,1,1,2025-06-17 15:22:09,null,null,null,null,null,null,null,364782815,activity,null,HTS,null,15.813,10.171,10.087,7.97,null,null,null,null,null,null,null,null,null,null,null,null,null,null,null,null,null,null,null,null,null,278937454
TRND-Glioblastoma_LOPAC_A172-primary_screen2,NCGC00016041-06,activity,null,4,-25.515,7.02,NC(=C(C#N)C#N)C(=C\C1=CC=C(O)C=C1)\C#N,null,null,null,null,null,T6943,SIGMA,2021_LOPAC_01,null,null,Tyrphostin AG 112,null,4,null,null,null,22.112,-8.515,2.353,1,1,null,null,null,null,null,null,17,null,null,16.682,-5.429,48.821,47.867,null,null,null,null,null,null,null,null,null,DXVJRTIPBNBLLB,null,TRND,qzgaKNegeMNSQnmfFI,null,null,null,null,null,null,null,null,null,null,null,null,null,0,4,1,null,null,173030,0 0 0 1,1,1,2025-06-17 15:22:09,null,null,null,null,null,null,null,364781403,activity,null,HTS,null,16.682,13.13,-5.429,7.02,null,null,null,null,null,null,null,null,null,null,null,null,null,null,null,null,null,null,null,null,null,278937461
TRND-Glioblastoma_LOPAC_A172-primary_screen2,NCGC00387769-05,activity,10,-2.2,-70.914,-52.012,CCNCC1=NC2=C(N1CC(C)(C)O)C3=C(C=CC=C3)N=C2N,null,null,null,null,null,SML0877,SIGMA,2021_LOPAC_01,-5,null,Gardiquimod,null,-3,null,null,null,69.158,-54.414,2.787,0.023,1,null,null,null,null,null,null,16.5,null,null,17.146,-52.012,28.951,29.207,null,null,null,null,null,null,null,null,null,FHJATBIERQTCTN,null,TRND,axNYRcXMWrjcWTHGCs,null,Toll-Like Receptor 7 agonist,null,null,null,null,null,null,null,null,TLR7,null,null,0,4,0,null,null,173030,0 0 0 0,1,1,2025-06-17 15:22:09,null,null,null,null,null,null,null,364780223,activity,null,HTS,23.891943,16.296,17.146,-1.304,-52.012,null,null,null,null,null,null,null,null,null,null,null,null,null,null,null,null,null,null,null,null,null,278937462
TRND-Glioblastoma_LOPAC_A172-primary_screen2,NCGC00015190-16,activity,null,4,-13.894,-9.079,OC1=CC2=C(CN(CCC2)C(=S)NCCC3=CC=C(Cl)C=C3)C=C1O,null,null,null,null,null,C191,SIGMA,2021_LOPAC_01,null,null,Capsazepine,null,4,null,null,null,21.845,-9.394,3.132,0.702,0.476,null,null,null,null,null,null,4.5,null,null,12.766,-9.079,-6.062,11.138,null,null,null,null,null,null,null,null,null,DRCMAZOSEIMCHM,null,TRND,aHSrVjOxpzbmnGywRK,null,null,null,null,null,null,null,null,null,138977-28-3,null,null,null,0,4,0,null,null,173030,0 0 0 0,1,1,2025-06-17 15:22:09,null,null,null,null,null,null,null,364783367,activity,null,HTS,null,-3.702,12.766,0.089,-9.079,null,null,null,null,null,null,null,null,null,null,null,null,null,null,null,null,null,null,null,null,null,278937463
TRND-Glioblastoma_LOPAC_A172-primary_screen2,NCGC00507740-02,activity,10,-3,-52.798,-36.915,CC1=CC=C(C=C1)C(=O)NC2=C(N=C(NC3=CC=CC=C3)S2)C(N)=O,null,null,null,null,null,SML1506,SIGMA,2021_LOPAC_01,-5,null,KY-05009,null,-3,null,null,null,56.537,-37.798,3.512,0.187,0.978,null,null,null,null,null,null,15,null,null,19.622,-36.915,26.818,35.923,null,null,null,null,null,null,null,null,null,WCEDGRTWDSHZHF,null,TRND,CplEiPIiVkiZMvYVtD,null,null,null,null,null,null,null,null,null,null,null,null,null,0,4,0,null,null,173030,0 0 0 0,1,1,2025-06-17 15:22:09,null,null,null,null,null,null,null,364781495,activity,null,HTS,null,10.547,19.622,4.637,-36.915,null,null,null,null,null,null,null,null,null,null,null,null,null,null,null,null,null,null,null,null,null,278937972
TRND-Glioblastoma_LOPAC_A172-primary_screen2,NCGC00178551-04,activity,null,4,0,3.78,N[C@@H](Cc1ccc(O)cc1)C(=O)N[C@H](CCCNC(N)=N)C(O)=O,null,null,null,null,null,SML1461,SIGMA,2021_LOPAC_01,null,null,Kyotorphin acetate salt,null,4,null,null,null,5.849,0,null,null,null,null,null,null,null,null,null,0,null,null,3.78,-2.069,9.737,null,null,null,null,null,null,null,null,null,null,JXNRXNCCROJZFB,null,TRND,wImYlBzIqhfLdugtiw,null,null,null,null,ACETIC-ACID,null,null,null,null,null,null,null,null,0,4,null,null,null,173030,null,1,1,2025-06-17 15:22:09,null,null,null,null,null,null,null,364784739,activity,null,HTS,null,3.226,-2.069,0.347,3.78,null,null,null,null,null,null,null,null,null,null,null,null,null,null,null,null,null,null,null,null,null,278937973
TRND-Glioblastoma_LOPAC_A172-primary_screen2,NCGC00025355-26,activity,10,-3,-104.714,-95.451,FC1=CC=C(C=C1)[C@@H]2CCNC[C@H]2COC3=CC=C4OCOC4=C3,null,null,null,null,null,P9623,SIGMA,2021_LOPAC_01,-5,null,Paroxetine hydrochloride hemihydrate (MW = 374.83),null,-3,null,null,null,109.549,-96.214,3.99,0.111,0.992,null,null,null,null,null,null,8.5,null,null,14.098,-95.451,-15.437,-26.819,null,null,null,null,null,null,null,null,null,AHOUBRCZNHFOSL,null,TRND,WeViKFqrpnmEMlWwEa,null,null,null,null,CL,null,null,null,null,64006-44-6,null,null,null,0,4,0,null,null,173030,0 0 0 0,1,1,2025-06-17 15:22:09,null,null,null,null,null,null,null,364780847,activity,null,HTS,10.1993,14.098,3.373,-9.643,-95.451,null,null,null,null,null,null,null,null,null,null,null,null,null,null,null,null,null,null,null,null,null,278937974
TRND-Glioblastoma_LOPAC_A172-primary_screen2,NCGC00024885-09,activity,null,4,-23.002,-5.835,CCCCCCCC\C=C/CCCCCCCC(=O)NCC1=CC=C(O)C(OC)=C1,null,null,null,null,null,SML1587,SIGMA,2021_LOPAC_01,null,null,Perlapine,null,4,null,null,null,22.153,-8.502,4.955,0.202,0.974,null,null,null,null,null,null,14.5,null,null,16.318,-5.835,53.375,57.487,null,null,null,null,null,null,null,null,null,OPZKBPQVWDSATI,null,TRND,ClSqtUupgwjMlgQoBW,null,null,null,null,null,null,null,null,null,58493-49-5,null,null,null,0,4,0,null,null,173030,0 0 0 0,1,1,2025-06-17 15:22:09,null,null,null,null,null,null,null,364781687,activity,null,HTS,null,12.399,15.198,16.318,-5.835,null,null,null,null,null,null,null,null,null,null,null,null,null,null,null,null,null,null,null,null,null,278937975
TRND-Glioblastoma_LOPAC_A172-primary_screen2,NCGC00161420-15,activity,10,-2.1,-146.88,-95.766,COCC(=O)O[C@]3(CCN(C)CCCC1=NC2=C(N1)C=CC=C2)CCC4=C(C=CC(F)=C4)[C@@H]3C(C)C,null,null,null,null,null,M5441,SIGMA,2021_LOPAC_01,-5,null,Mibefradil dihydrochloride,null,-2.1,null,null,null,117.185,-124.88,1.134,0.032,0.999,null,null,null,null,null,null,22,null,null,21.419,-95.766,-8.638,-13.928,null,null,null,null,null,null,null,null,null,HBNPJJILLOYFJU,null,TRND,UFDfKaVhiePvhHihLB,null,null,null,null,CL,null,null,null,null,null,null,null,null,0,4,0,null,null,173030,0 0 0 0,1,1,2025-06-17 15:22:09,null,null,null,null,null,null,null,364781695,activity,null,HTS,7.003979,21.419,8.258,-33.616,-95.766,null,null,null,null,null,null,null,null,null,null,null,null,null,null,null,null,null,null,null,null,null,278937976
TRND-Glioblastoma_LOPAC_A172-primary_screen2,NCGC00162296-12,activity,null,4,0,5.537,CC1OC1P([O-])([O-])=O,null,null,null,null,null,P5396,SIGMA,2021_LOPAC_01,null,null,Phosphomycin disodium,null,4,null,null,null,9.858,0,null,null,null,null,null,null,null,null,null,0,null,null,15.395,5.537,61.589,null,null,null,null,null,null,null,null,null,null,YMDXZJFXQJVXBF,null,TRND,ixkIXSAuXpsrHoXxmh,null,null,null,null,SODIUM,null,null,null,null,[NO STEREO] 33996-10-0,null,null,null,0,4,null,null,null,173030,null,1,1,2025-06-17 15:22:09,null,null,null,null,null,null,null,364785227,activity,null,HTS,null,15.395,14.861,7.965,5.537,null,null,null,null,null,null,null,null,null,null,null,null,null,null,null,null,null,null,null,null,null,278937977
TRND-Glioblastoma_LOPAC_A172-primary_screen2,NCGC00015740-14,activity,null,4,0,6.188,OC(=O)C1=C(NCCCC2=CC=CC=C2)C=CC(=C1)[N+]([O-])=O,null,null,null,null,null,N4779,SIGMA,2021_LOPAC_01,null,null,5-Nitro-2-(3-phenylpropylamino)benzoic acid,null,4,null,null,null,1.476,0,null,null,null,null,null,null,null,null,null,0,null,null,7.345,5.868,31.902,null,null,null,null,null,null,null,null,null,null,WBSMIPAMAXNXFS,null,TRND,yTMcDulXogJZWrDzFP,null,null,null,null,null,null,null,null,null,107254-86-4,null,null,null,0,4,null,null,null,173030,null,1,1,2025-06-17 15:22:09,null,null,null,null,null,null,null,364783907,activity,null,HTS,null,7.345,5.868,5.958,6.188,null,null,null,null,null,null,null,null,null,null,null,null,null,null,null,null,null,null,null,null,null,278937978
TRND-Glioblastoma_LOPAC_A172-primary_screen2,NCGC00025238-08,activity,null,4,0,6.971,FC1=CC(=CC=C1)\C=N\N=C\C2=CC=CC(F)=C2,null,null,null,null,null,D0943,SIGMA,2021_LOPAC_01,null,null,DFB,null,4,null,null,null,6.964,0,null,null,null,null,null,null,null,null,null,0,null,null,10.618,3.654,24.079,null,null,null,null,null,null,null,null,null,null,YYMCVDNIIFNDJK,null,TRND,lMwvXxGXxHSWRACYlG,null,null,null,null,null,null,null,null,null,null,null,null,null,0,4,null,null,null,173030,null,1,1,2025-06-17 15:22:09,null,null,null,null,null,null,null,364783203,activity,null,HTS,null,3.761,3.654,10.618,6.971,null,null,null,null,null,null,null,null,null,null,null,null,null,null,null,null,null,null,null,null,null,278937979
TRND-Glioblastoma_LOPAC_A172-primary_screen2,NCGC00186036-05,activity,null,4,-10.42,-1.6,[H][C@@]12CC[C@]3(O)C[C@]1(CC3=C)CC[C@]4([H])[C@@](C)(CCC[C@@]24C)C(O)=O,null,null,null,null,null,H8664,SIGMA,2021_LOPAC_01,null,null,Steviol,null,4,null,null,null,13.871,-2.92,4.955,0.632,0.631,null,null,null,null,null,null,7.5,null,null,12.271,-1.6,23.954,30.419,null,null,null,null,null,null,null,null,null,QFVOYBUQQBFCRH,null,TRND,oPYgryHGOFUhMdbvwD,null,null,null,null,H2O,null,null,null,null,471-80-7,null,null,null,0,4,0,null,null,173030,0 0 0 0,1,1,2025-06-17 15:22:09,null,null,null,null,null,null,null,364782275,activity,null,HTS,null,4.441,5.565,12.271,-1.6,null,null,null,null,null,null,null,null,null,null,null,null,null,null,null,null,null,null,null,null,null,278937980
TRND-Glioblastoma_LOPAC_A172-primary_screen2,NCGC00093821-08,activity,null,4,-12.709,-16.005,CN1C(\C=C\C2=CC(Cl)=CC=C2)=NC3=C1C(=O)N(C)C(=O)N3C,null,null,null,null,null,C197,SIGMA,2021_LOPAC_01,null,null,8-(3-Chlorostyryl)caffeine,null,4,null,null,null,11.425,-17.706,4.955,0.131,0.989,null,null,null,null,null,null,-4.997,null,null,-4.58,-16.005,-29.852,-29.362,null,null,null,null,null,null,null,null,null,WBWFIUAVMCNYPG,null,TRND,WLlyYokJvjAwktgYtw,null,null,null,null,null,null,null,null,null,null,null,null,null,0,4,0,null,null,173030,0 0 0 0,1,1,2025-06-17 15:22:09,null,null,null,null,null,null,null,364784647,activity,null,HTS,null,-5.099,-5.844,-4.58,-16.005,null,null,null,null,null,null,null,null,null,null,null,null,null,null,null,null,null,null,null,null,null,278937981
TRND-Glioblastoma_LOPAC_A172-primary_screen2,NCGC00384189-12,activity,11.220185,-2.3,-126.939,-96.446,COC1=CC2=NC(=NC(NCCCCCN3CCCC3)=C2C=C1OC)N4CCCC4,null,null,null,null,null,SML1465,SIGMA,2021_LOPAC_01,-4.95,null,UNC0379 trifluoroacetate salt,null,-2.1,null,null,null,95.304,-127.308,0.9,0.189,0.977,null,null,null,null,null,null,-0.37,null,null,-1.142,-96.446,-100.755,-107.552,null,null,null,null,null,null,null,null,null,WEXCGGWTIDNVNT,null,TRND,YwcLQnYtjSqxYpuEAb,null,null,null,null,null,null,null,null,null,null,null,null,null,0,4,0,null,null,173030,0 0 0 0,1,1,2025-06-17 15:22:09,null,null,null,null,null,null,null,364784051,activity,null,HTS,6.913769,-1.142,-23.769,-43.296,-96.446,null,null,null,null,null,null,null,null,null,null,null,null,null,null,null,null,null,null,null,null,null,278937982
TRND-Glioblastoma_LOPAC_A172-primary_screen2,NCGC00015598-18,activity,null,4,-9.5,2.854,CC1(C)CCC2=C(O1)C3=C(C=CC=C3)C(=O)C2=O,null,null,null,null,null,L2037,SIGMA,2021_LOPAC_01,null,null,beta-Lapachone,null,4,null,null,null,10.634,2.5,2.406,0.307,0.938,null,null,null,null,null,null,12,null,null,13.488,2.854,47.12,49.313,null,null,null,null,null,null,null,null,null,QZPQTZZNNJUOLS,null,TRND,TKilSNrYNhjQWcgNUk,null,"Tryptophan 2,3-Dioxygenase inhibitor",null,null,null,null,null,null,null,4707-32-8,TDO2,null,null,0,4,0,null,null,173030,0 0 0 0,1,1,2025-06-17 15:22:09,null,null,null,null,null,null,null,364784867,activity,null,HTS,null,10.836,13.488,8.755,2.854,null,null,null,null,null,null,null,null,null,null,null,null,null,null,null,null,null,null,null,null,null,278937983
TRND-Glioblastoma_LOPAC_A172-primary_screen2,NCGC00015038-17,activity,null,4,0,11.325,NC1=NC2=NC=C(CNC3=CC=C(C=C3)C(=O)NC(CCC(O)=O)C(O)=O)N=C2C(N)=N1,null,null,null,null,null,A1784,SIGMA,2021_LOPAC_01,null,null,Aminopterin,null,4,null,null,null,7.215,0,null,null,null,null,null,null,null,null,null,0,null,null,14.72,7.505,43.947,null,null,null,null,null,null,null,null,null,null,TVZGACDUOSZQKY,null,TRND,SYLbFboUIATqolkDZO,null,Dihydrofolate Reductase inhibitor,null,null,null,null,null,null,null,[NO STEREO] 54-62-6,DHFR,null,null,0,4,null,null,null,173030,null,1,1,2025-06-17 15:22:09,null,null,null,null,null,null,null,364782103,activity,null,HTS,null,8.093,14.72,7.505,11.325,null,null,null,null,null,null,null,null,null,null,null,null,null,null,null,null,null,null,null,null,null,278937984
TRND-Glioblastoma_LOPAC_A172-primary_screen2,NCGC00507721-03,activity,null,4,-10.344,-1.537,CC1=CC=C2C[C@H](CCC2=C1CCC(O)=O)N[S+]([O-])(=O)C3=CC=C(Cl)C=C3,null,null,null,null,null,SML1198,SIGMA,2021_LOPAC_01,null,null,Terutroban,null,4,null,null,null,11.788,-2.844,4.955,0.543,0.762,null,null,null,null,null,null,7.5,null,null,10.251,-1.537,31.147,30.454,null,null,null,null,null,null,null,null,null,RRGSUSODBCEDOY,null,TRND,IfJWsoKlFfUJGgMTVv,null,null,null,null,null,null,null,null,null,[NO STEREO] 165538-40-9,null,null,null,0,4,0,null,null,173030,0 0 0 0,1,1,2025-06-17 15:22:09,null,null,null,null,null,null,null,364783979,activity,null,HTS,null,7.888,4.145,10.251,-1.537,null,null,null,null,null,null,null,null,null,null,null,null,null,null,null,null,null,null,null,null,null,278937985
TRND-Glioblastoma_LOPAC_A172-primary_screen2,NCGC00015006-10,activity,null,4,-12.5,5.109,CN1CCC=C(C1)C(=O)OCC#C,null,null,null,null,null,A140,SIGMA,2021_LOPAC_01,null,null,Arecaidine propargyl ester hydrobromide,null,4,null,null,null,17.07,5.5,4.955,0.495,0.811,null,null,null,null,null,null,18,null,null,22.179,5.109,63.136,70.964,null,null,null,null,null,null,null,null,null,SPHRJZBOFYIKMC,null,TRND,LlXtkLlyPnyjPIMclV,null,null,null,null,BR,null,null,null,null,null,null,null,null,0,4,0,null,null,173030,0 0 0 0,1,1,2025-06-17 15:22:09,null,null,null,null,null,null,null,364783419,activity,null,HTS,null,14.164,22.179,8.071,5.109,null,null,null,null,null,null,null,null,null,null,null,null,null,null,null,null,null,null,null,null,null,278937986
TRND-Glioblastoma_LOPAC_A172-primary_screen2,NCGC00018102-30,activity,null,4,-54.954,-24.665,FC1=CC=C(C=C1)C(N2CCN(C\C=C\C3=CC=CC=C3)CC2)C4=CC=C(F)C=C4,null,null,null,null,null,F8257,SIGMA,2021_LOPAC_01,null,null,Flunarizine dihydrochloride,null,4,null,null,null,48.556,-34.454,1.288,0.22,0.969,null,null,null,null,null,null,20.5,null,null,23.891,-24.665,64.739,56.596,null,null,null,null,null,null,null,null,null,SMANXXCATUTDDT,null,TRND,pJYbXHFDFvdOBPEdpX,null,null,null,null,CL,null,null,null,null,null,null,null,null,0,4,0,null,null,173030,0 0 0 0,1,1,2025-06-17 15:22:09,null,null,null,null,null,null,null,364783111,activity,null,HTS,null,23.891,12.597,3.721,-24.665,null,null,null,null,null,null,null,null,null,null,null,null,null,null,null,null,null,null,null,null,null,278937987
TRND-Glioblastoma_LOPAC_A172-primary_screen2,NCGC00015611-38,activity,null,4,0,8.73,CCN(CC)CC(=O)NC1=C(C)C=CC=C1C,null,null,null,null,null,L5647,SIGMA,2021_LOPAC_01,null,null,Lidocaine hydrochloride,null,4,null,null,null,12.849,0,null,null,null,null,null,null,null,null,null,0,null,null,16.975,4.126,64.644,null,null,null,null,null,null,null,null,null,null,NNJVILVZKWQKPM,null,TRND,dFitMNXsdDKIKUfDCJ,null,Free Fatty Acid Receptor 1 antagonist,null,null,CL,null,null,null,null,73-78-9,FFAR1,null,null,0,4,null,null,null,173030,null,1,1,2025-06-17 15:22:09,null,null,null,null,null,null,null,364781703,activity,null,HTS,null,16.975,4.126,14.392,8.73,null,null,null,null,null,null,null,null,null,null,null,null,null,null,null,null,null,null,null,null,null,278937988
TRND-Glioblastoma_LOPAC_A172-primary_screen2,NCGC00015071-12,activity,null,4,-19.743,4.786,NCCSC(N)=N,null,null,null,null,null,A5879,SIGMA,2021_LOPAC_01,null,null,2-(2-Aminoethyl)isothiourea dihydrobromide,null,4,null,null,null,20.303,0.257,4.955,0.413,0.878,null,null,null,null,null,null,20,null,null,17.601,-2.702,48.691,49.382,null,null,null,null,null,null,null,null,null,NWPCXGGYSQHQGM,null,TRND,JFUjYtKubiWeTFyyeI,null,null,null,null,BR,null,null,null,null,null,null,null,null,0,4,0,null,null,173030,0 0 0 0,1,1,2025-06-17 15:22:09,null,null,null,null,null,null,null,364784723,activity,null,HTS,null,17.601,-1.118,-2.702,4.786,null,null,null,null,null,null,null,null,null,null,null,null,null,null,null,null,null,null,null,null,null,278937989
TRND-Glioblastoma_LOPAC_A172-primary_screen2,NCGC00015134-15,activity,null,4,-15,2.866,CN1CCC(CC1)C2=CNC3=C2C=C(O)C=C3,null,null,null,null,null,B173,SIGMA,2021_LOPAC_01,null,null,BRL 54443 maleate,null,4,null,null,null,15.823,2.5,4.955,0.183,0.979,null,null,null,null,null,null,17.5,null,null,18.689,2.866,60.789,64.217,null,null,null,null,null,null,null,null,null,WKNFADCGOAHBPG,null,TRND,lAfcULYixxQpqeCFbr,null,null,null,null,MALEATE,null,null,null,null,null,null,null,null,0,4,0,null,null,173030,0 0 0 0,1,1,2025-06-17 15:22:09,null,null,null,null,null,null,null,364783107,activity,null,HTS,null,15.89,18.689,3.038,2.866,null,null,null,null,null,null,null,null,null,null,null,null,null,null,null,null,null,null,null,null,null,278937990
TRND-Glioblastoma_LOPAC_A172-primary_screen2,NCGC00024656-10,activity,null,4,0,13.237,C[C@@H](N)CC1=CNC=N1,null,null,null,null,null,H128,SIGMA,2021_LOPAC_01,null,null,"Histamine, R(-)-alpha-methyl-, dihydrochloride",null,4,null,null,null,7.054,0,null,null,null,null,null,null,null,null,null,0,null,null,13.237,6.183,38.054,null,null,null,null,null,null,null,null,null,null,XNQIOISZPFVUFG,null,TRND,LmhngkzajUZFmgQRbi,null,null,null,null,CL,null,null,null,null,null,null,null,null,0,4,null,null,null,173030,null,1,1,2025-06-17 15:22:09,null,null,null,null,null,null,null,364783775,activity,null,HTS,null,6.183,7.293,12.644,13.237,null,null,null,null,null,null,null,null,null,null,null,null,null,null,null,null,null,null,null,null,null,278937991
TRND-Glioblastoma_LOPAC_A172-primary_screen2,NCGC00015744-12,activity,null,4,-15,14.369,OC(=O)CC[N+]([O-])=O,null,null,null,null,null,N5636,SIGMA,2021_LOPAC_01,null,null,3-Nitropropionic acid,null,4,null,null,null,24.836,10,4.955,0.609,0.668,null,null,null,null,null,null,25,null,null,30.828,5.992,86.717,99.211,null,null,null,null,null,null,null,null,null,WBLZUCOIBUDNBV,null,TRND,CsgrBbiQgRONjhFBIW,null,null,null,null,null,null,null,null,null,504-88-1,null,null,null,0,4,0,null,null,173030,0 0 0 0,1,1,2025-06-17 15:22:09,null,null,null,null,null,null,null,364782647,activity,null,HTS,null,19.253,30.828,5.992,14.369,null,null,null,null,null,null,null,null,null,null,null,null,null,null,null,null,null,null,null,null,null,278937992
TRND-Glioblastoma_LOPAC_A172-primary_screen2,NCGC00370986-02,activity,null,4,13.252,12.659,O=C1NC[C@@]2(CN3CCC2CC3)O1,null,null,null,null,null,SML2049,SIGMA,2021_LOPAC_01,null,null,AR-R17779 Hydrochloride,null,4,null,null,null,13.527,13,3.132,0.092,0.995,null,null,null,null,null,null,-0.252,null,null,13.318,-0.21,16.462,16.318,null,null,null,null,null,null,null,null,null,TYAGAVRSOFABFO,null,TRND,EIuurFdRCLCjmQXmxK,null,null,null,null,CL,null,null,null,null,null,null,null,null,0,4,0,null,null,173030,0 0 0 0,1,1,2025-06-17 15:22:09,null,null,null,null,null,null,null,364784971,activity,null,HTS,null,-0.21,1.541,13.318,12.659,null,null,null,null,null,null,null,null,null,null,null,null,null,null,null,null,null,null,null,null,null,278937993
TRND-Glioblastoma_LOPAC_A172-primary_screen2,NCGC00015919-25,activity,null,4,-40.525,11.233,CC(C)NCC(O)C1=CC=C(N[S+](C)([O-])=O)C=C1,null,null,null,null,null,S0278,SIGMA,2021_LOPAC_01,null,null,(±)-Sotalol hydrochloride,null,4,null,null,null,31.293,-12.025,1.344,1,1,null,null,null,null,null,null,28.5,null,null,21.689,-9.604,50.303,49.755,null,null,null,null,null,null,null,null,null,JBELYSFONFSZTR,null,TRND,WtVzQRBojxKFWIsXlv,null,Beta-1 Adrenergic Receptor antagonist,null,null,CL,null,null,null,null,959-24-0,ADRB1,null,null,0,4,1,null,null,173030,0 0 0 1,1,1,2025-06-17 15:22:09,null,null,null,null,null,null,null,364781011,activity,null,HTS,null,21.689,2.687,-9.604,11.233,null,null,null,null,null,null,null,null,null,null,null,null,null,null,null,null,null,null,null,null,null,278937994
TRND-Glioblastoma_LOPAC_A172-primary_screen2,NCGC00093774-05,activity,null,4,7.982,5.778,OCC1O[C@H](O)C(Cl)C(O)C1O,null,null,null,null,null,C203,SIGMA,2021_LOPAC_01,null,null,2-Chloro-2-deoxy-D-glucose,null,4,null,null,null,10.347,7.5,4.955,0.743,0.359,null,null,null,null,null,null,-0.482,null,null,5.778,-4.568,13.29,1.107,null,null,null,null,null,null,null,null,null,SNGNCYILSHZBLM,null,TRND,YHQuskRZKnJVDXYDZC,null,null,null,null,null,null,null,null,null,null,null,null,null,0,4,0,null,null,173030,0 0 0 0,1,1,2025-06-17 15:22:09,null,null,null,null,null,null,null,364780827,activity,null,HTS,null,5.313,-4.568,-1.858,5.778,null,null,null,null,null,null,null,null,null,null,null,null,null,null,null,null,null,null,null,null,null,278937995
TRND-Glioblastoma_LOPAC_A172-primary_screen2,NCGC00024928-51,activity,19.952623,-3,-114.707,-96.025,CC\C(C1=CC=CC=C1)=C(/C2=CC=CC=C2)C3=CC=C(OCCN(C)C)C=C3,null,null,null,null,null,T5648,SIGMA,2021_LOPAC_01,-4.7,null,Tamoxifen,null,-3,null,null,null,107.184,-103.707,4.955,0.015,1,null,null,null,null,null,null,11,null,null,11.159,-96.025,-5.4,-4.545,null,null,null,null,null,null,null,null,null,NKANXQFJJICGDU,null,TRND,kCkWkFeXIlyUQEjUcn,null,Selective Estrogen Receptor modulator (SERM),null,null,null,null,null,null,null,54965-24-1,ESR1,null,null,0,4,0,null,null,173030,0 0 0 0,1,1,2025-06-17 15:22:09,null,null,null,null,null,null,null,364781147,activity,null,HTS,19.666671,10.791,10.486,11.159,-96.025,null,null,null,null,null,null,null,null,null,null,null,null,null,null,null,null,null,null,null,null,null,278937996
TRND-Glioblastoma_LOPAC_A172-primary_screen2,NCGC00015525-22,activity,null,4,0,4.178,NCCC1=CNC2=C1C=C(O)C=C2,null,null,null,null,null,H9523,SIGMA,2021_LOPAC_01,null,null,Serotonin hydrochloride,null,4,null,null,null,9.821,0,null,null,null,null,null,null,null,null,null,0,null,null,13.999,4.178,41.688,null,null,null,null,null,null,null,null,null,null,QZAYGJVTTNCVMB,null,TRND,MKpgnDNniarobvIhpM,null,null,null,null,CL,null,null,null,null,153-98-0,null,null,null,0,4,null,null,null,173030,null,1,1,2025-06-17 15:22:09,null,null,null,null,null,null,null,364783119,activity,null,HTS,null,9.624,13.999,4.29,4.178,null,null,null,null,null,null,null,null,null,null,null,null,null,null,null,null,null,null,null,null,null,278937997
TRND-Glioblastoma_LOPAC_A172-primary_screen2,NCGC00013106-08,activity,null,4,-9.5,17.769,C(C1=CC=CC=C1)[N@+]23CN4CN(CN(C4)C2)C3,null,null,null,null,null,SML0892,SIGMA,2021_LOPAC_01,null,null,Roslin 2,null,4,null,null,null,12.281,3.5,4.955,1,0.652,null,null,null,null,null,null,13,null,null,17.769,5.489,44.729,50.738,null,null,null,null,null,null,null,null,null,ZEBQXLTZNFGHKI,null,TRND,lhlHmsatIVuFYfkpto,null,null,null,null,BR,null,null,null,null,null,null,null,null,0,4,1,null,null,173030,0 0 0 1,1,1,2025-06-17 15:22:09,null,null,null,null,null,null,null,364785231,activity,null,HTS,null,9.691,15.898,5.489,17.769,null,null,null,null,null,null,null,null,null,null,null,null,null,null,null,null,null,null,null,null,null,278937998
TRND-Glioblastoma_LOPAC_A172-primary_screen2,NCGC00025265-09,activity,10,-3,-104.389,-96.197,NC[C@@H]1O[C@@H](CC2=C(O)C(O)=CC=C12)[C@@]34CC5CC(CC(C5)C3)C4,null,null,null,null,null,A255,SIGMA,2021_LOPAC_01,-5,null,A-77636 hydrochloride,null,-3,null,null,null,112.437,-96.389,4.955,0.17,0.982,null,null,null,null,null,null,8,null,null,16.24,-96.197,-8.798,-25.798,null,null,null,null,null,null,null,null,null,QLJOSZATCBCBDR,null,TRND,pdUTunSUPOvkzaBiZf,null,null,null,null,CL,null,null,null,null,null,null,null,null,0,4,0,null,null,173030,0 0 0 0,1,1,2025-06-17 15:22:09,null,null,null,null,null,null,null,364782831,activity,null,HTS,10.152431,16.24,-0.593,-4.123,-96.197,null,null,null,null,null,null,null,null,null,null,null,null,null,null,null,null,null,null,null,null,null,278937999
TRND-Glioblastoma_LOPAC_A172-primary_screen2,NCGC00015953-09,activity,null,4,-20.018,3.714,CC1=C(CC#N)N2C=CC=C(OCC3=CC=CC=C3)C2=N1,null,null,null,null,null,S4443,SIGMA,2021_LOPAC_01,null,null,SCH-28080,null,4,null,null,null,19.825,1.482,4.955,0.521,0.785,null,null,null,null,null,null,21.5,null,null,17.726,-2.098,54.345,51.626,null,null,null,null,null,null,null,null,null,PYKJFEPAUKAXNN,null,TRND,UEHEIbQYcfHegspRzw,null,null,null,null,null,null,null,null,null,76081-98-6,null,null,null,0,4,0,null,null,173030,0 0 0 0,1,1,2025-06-17 15:22:09,null,null,null,null,null,null,null,364782195,activity,null,HTS,null,17.726,-2.098,6.672,3.714,null,null,null,null,null,null,null,null,null,null,null,null,null,null,null,null,null,null,null,null,null,278938000
TRND-Glioblastoma_LOPAC_A172-primary_screen2,NCGC00015767-25,activity,null,4,13.5,1.462,CCN(CC)CC#CCOC(=O)C(O)(C1CCCCC1)C2=CC=CC=C2,null,null,null,null,null,O2881,SIGMA,2021_LOPAC_01,null,null,Oxybutynin Chloride,null,4,null,null,null,15.387,11.5,4.955,1,0.685,null,null,null,null,null,null,-2,null,null,15.978,0.591,21.749,23.918,null,null,null,null,null,null,null,null,null,XIQVNETUBQGFHX,null,TRND,ISiLzPkfdEMvCAwmlf,null,null,null,null,CL,null,null,null,null,1508-65-2,null,null,null,0,4,1,null,null,173030,0 0 0 1,1,1,2025-06-17 15:22:09,null,null,null,null,null,null,null,364783211,activity,null,HTS,null,0.591,15.978,7.301,1.462,null,null,null,null,null,null,null,null,null,null,null,null,null,null,null,null,null,null,null,null,null,278938001
TRND-Glioblastoma_LOPAC_A172-primary_screen2,NCGC00015581-18,activity,null,4,0,3.136,OC(=O)C1=CC(O)=C2C=CC=CC2=N1,null,null,null,null,null,K3375,SIGMA,2021_LOPAC_01,null,null,Kynurenic acid,null,4,null,null,null,11.902,0,null,null,null,null,null,null,null,null,null,0,null,null,11.193,-0.709,29.637,null,null,null,null,null,null,null,null,null,null,HCZHHEIFKROPDY,null,TRND,XVfWPfyDOjkjSXpvXg,null,null,null,null,null,null,null,null,null,492-27-3,null,null,null,0,4,null,null,null,173030,null,1,1,2025-06-17 15:22:09,null,null,null,null,null,null,null,364784851,activity,null,HTS,null,7.443,-0.709,11.193,3.136,null,null,null,null,null,null,null,null,null,null,null,null,null,null,null,null,null,null,null,null,null,278938002
TRND-Glioblastoma_LOPAC_A172-primary_screen2,NCGC00480786-06,activity,null,4,0,-25.64,CC1=C(N=C2C=CC(F)=CC2=C1C(O)=O)C3=CC=C(C=C3)C4=CC=CC=C4F,null,null,null,null,null,SML0113,SIGMA,2021_LOPAC_01,null,null,BRequinar sodium salt hydrate,null,4,null,null,null,7.905,0,null,null,null,null,null,null,null,null,null,0,null,null,-17.735,-25.64,-96.567,null,null,null,null,null,null,null,null,null,null,PHEZJEYUWHETKO,null,TRND,UgrYHSfuKDkspNFUMn,null,Dihydroorotate Dehydrogenase inhibitor,null,null,SODIUM,null,null,null,null,96187-53-0,DHODH,null,null,0,4,null,null,null,173030,null,1,1,2025-06-17 15:22:09,null,null,null,null,null,null,null,364781567,activity,null,HTS,null,-17.735,-24.77,-23.684,-25.64,null,null,null,null,null,null,null,null,null,null,null,null,null,null,null,null,null,null,null,null,null,278938003
TRND-Glioblastoma_LOPAC_A172-primary_screen2,NCGC00165791-12,activity,null,4,-24.951,-8.292,NC1=NCC2N1C3=C(CC4=C2C=CC=C4)C=CC=C3,null,null,null,null,null,E5156,SIGMA,2021_LOPAC_01,null,null,Epinastine hydrochloride,null,4,null,null,null,26.057,-5.451,4.955,0.285,0.947,null,null,null,null,null,null,19.5,null,null,17.765,-8.292,39.796,38.691,null,null,null,null,null,null,null,null,null,WHWZLSFABNNENI,null,TRND,mWMhIlbmbhsdbuDHoc,null,null,null,null,HCL,null,null,null,null,108929-04-0,null,null,null,0,4,0,null,null,173030,0 0 0 0,1,1,2025-06-17 15:22:09,null,null,null,null,null,null,null,364781899,activity,null,HTS,null,17.765,-5.68,-1.682,-8.292,null,null,null,null,null,null,null,null,null,null,null,null,null,null,null,null,null,null,null,null,null,278938004
TRND-Glioblastoma_LOPAC_A172-primary_screen2,NCGC00180598-04,activity,3.548134,-2.4,-26.839,-21.533,COC1=C(O)C=C(C=C1)\C2=C\C(=O)C3=C(O2)C=C(OC)C(=C3O)OC,null,null,null,null,null,E4660,SIGMA,2021_LOPAC_01,-5.45,null,Eupatorin,null,4,null,null,null,25.459,-22.339,1.416,0.023,1,null,null,null,null,null,null,4.5,null,null,3.926,-21.533,-10.979,-11.318,null,null,null,null,null,null,null,null,null,KLAOKWJLUQKWIF,null,TRND,HZDhpLwbFZKmqBRots,null,null,null,null,null,null,null,null,null,855-96-9,null,null,null,0,4,0,null,null,173030,0 0 0 0,1,1,2025-06-17 15:22:09,null,null,null,null,null,null,null,364784907,activity,null,HTS,null,3.926,-0.688,-14.407,-21.533,null,null,null,null,null,null,null,null,null,null,null,null,null,null,null,null,null,null,null,null,null,278938005
TRND-Glioblastoma_LOPAC_A172-primary_screen2,NCGC00015496-30,activity,null,4,0,3.459,C[N+](C)(C)CCCCCC[N+](C)(C)C,null,null,null,null,null,H0879,SIGMA,2021_LOPAC_01,null,null,Hexamethonium bromide,null,4,null,null,null,6.759,0,null,null,null,null,null,null,null,null,null,0,null,null,3.459,-3.3,-7.744,null,null,null,null,null,null,null,null,null,null,VZJFGSRCJCXDSG,null,TRND,IEIKsBFlepEURKyTuy,null,null,null,null,BR,null,null,null,null,null,null,null,null,0,4,null,null,null,173030,null,1,1,2025-06-17 15:22:09,null,null,null,null,null,null,null,364784319,activity,null,HTS,null,-3.3,1.279,-1.857,3.459,null,null,null,null,null,null,null,null,null,null,null,null,null,null,null,null,null,null,null,null,null,278938516
