Protocol Name,Sample ID,Sample Data Type,AC50 (uM),CC-v2,Efficacy,Max Resp,Structure,Metabolic Stability [m],Permeability [1e-6 cm/sec],Solubility [ug/ml],Drug Name,Assay Plate ID,Supplier ID,Supplier,Library,Log AC50 (M),Ligand Efficiency,Sample Name,Alias,CC-v1,LEC,BEI,SEI,Data Range,Inf Activity,Hill Coef,PValue,R2,AC50_2 (uM),Log AC50 2,Hill Coef 2,Fraction,Sample ID2,Tox21 ID,Zero Activity,User Flag,Max Read1,Max Data,Min Data,AUC,AUC Fit,Cmpd Plate ID,Comment,Log AC50-,Log AC50+,Inf Activity-,Inf Activity+,Custom 2,Custom 1,NCGC Unique ID,Mapping ID,Drug ID,Assay Name,Hash Key(24),MLSMR Compound Class,Primary MOA,Origin,Solvent,Salt Code,Purity,Purity Rating,MW,PubChem SID,CAS#,Gene Symbol,Gene ID,Tanimoto,Layer Index,Data Points,Mask No,Log Dye Conc,Report Flag,Assay Protocol ID,Mask Flags,Sample Replicate,Plate Replicate,Measure Time,Replicate IDs,Data Mode,Assay Outcome,Phenotype,Activity Score,Confirmation Flag,Control Flag,Conc ID,Experiment Set,Team,Scientist,IC50 (uM),Data0,Data1,Data2,Data3,Data4,Data5,Data6,Data7,Data8,Data9,Data10,Data11,Data12,Data13,Data14,Data15,Data16,Data17,Data18,Data19,Data20,Data21,Data22,Data23,Data24,Sample Data ID
TRND-Glioblastoma_LOPAC_U251-primary_screen2,NCGC00346440-05,activity,null,4,-9.927,-3.112,CN[C@H]1CN2C(=O)NC3=C2C(C1)=CC=C3,null,null,null,null,null,SML1087,SIGMA,2021_LOPAC_01,null,null,Sumanirole maleate,null,4,null,null,null,10.368,-3.927,3.132,0.164,0.983,null,null,null,null,null,null,6,null,null,5.845,-4.523,13.591,14.079,null,null,null,null,null,null,null,null,null,RKZSNTNMEFVBDT,null,TRND,YSLecTMhCKCFzyWApo,null,Dopamine Receptor D2 agonist,null,null,MALEATE,null,null,null,null,179386-44-8,DRD2,null,null,0,4,0,null,null,173033,0 0 0 0,1,1,2025-06-17 16:13:51,null,null,null,null,null,null,null,364797223,activity,null,HTS,null,5.845,3.102,-4.523,-3.112,null,null,null,null,null,null,null,null,null,null,null,null,null,null,null,null,null,null,null,null,null,278941259
TRND-Glioblastoma_LOPAC_U251-primary_screen2,NCGC00167811-19,activity,null,4,14.246,7.713,OC(=O)CCC1=CC=C(NCC2=CC=CC(OC3=CC=CC=C3)=C2)C=C1,null,null,null,null,null,G9797,SIGMA,2021_LOPAC_01,null,null,GW9508,null,4,null,null,null,15.998,9.5,4.955,0.235,0.964,null,null,null,null,null,null,-4.746,null,null,11.21,-4.788,-2.678,-2.951,null,null,null,null,null,null,null,null,null,DGENZVKCTGIDRZ,null,TRND,TpycTnjdHqHRKcNpsM,null,Free Fatty Acid Receptor 1 agonist,null,null,null,null,null,null,null,885101-89-3,FFAR1,null,null,0,4,0,null,null,173033,0 0 0 0,1,1,2025-06-17 16:13:51,null,null,null,null,null,null,null,364800443,activity,null,HTS,null,-4.788,-1.838,11.21,7.713,null,null,null,null,null,null,null,null,null,null,null,null,null,null,null,null,null,null,null,null,null,278941260
TRND-Glioblastoma_LOPAC_U251-primary_screen2,NCGC00162141-04,activity,null,4,-6.31,-1.771,NC1=NC=NC2=C1N=CN2[C@H]3O[C@@H](COP(O)(=O)OP([O-])(=O)OP([O-])(=O)OP([O-])(=O)OC[C@H]4O[C@H]([C@H](O)C4O)N5C=NC6=C5N=CN=C6N)C(O)[C@@H]3O,null,null,null,null,null,D1262,SIGMA,2021_LOPAC_01,null,null,"P1,P4-Di(adenosine-5 )tetraphosphate triammonium",null,4,null,null,null,10.417,-2.31,4.955,0.692,0.507,null,null,null,null,null,null,4,null,null,8.075,-2.342,2.451,11.364,null,null,null,null,null,null,null,null,null,YOAHKNVSNCMZGQ,null,TRND,XyiOAuaJCqpXuHvTbd,null,null,null,null,AMMONIUM,null,null,null,null,GRT00395,null,null,null,0,4,0,null,null,173033,0 0 0 0,1,1,2025-06-17 16:13:51,null,null,null,null,null,null,null,364800027,activity,null,HTS,null,-0.225,8.075,-2.342,-1.771,null,null,null,null,null,null,null,null,null,null,null,null,null,null,null,null,null,null,null,null,null,278941261
TRND-Glioblastoma_LOPAC_U251-primary_screen2,NCGC00015452-33,activity,null,4,0,3.154,CC(C)C(=O)NC1=CC(=C(C=C1)[N+]([O-])=O)C(F)(F)F,null,null,null,null,null,F9397,SIGMA,2021_LOPAC_01,null,null,Flutamide,null,4,null,null,null,9.175,0,null,null,null,null,null,null,null,null,null,0,null,null,10.785,1.611,16.828,null,null,null,null,null,null,null,null,null,null,MKXKFYHWDHIYRV,null,TRND,kOkTvGIuYXNHoAwtKR,null,Androgen Receptor antagonist,null,null,null,null,null,null,null,13311-84-7,AR,null,null,0,4,null,null,null,173033,null,1,1,2025-06-17 16:13:51,null,null,null,null,null,null,null,364800379,activity,null,HTS,null,1.611,4.52,10.785,3.154,null,null,null,null,null,null,null,null,null,null,null,null,null,null,null,null,null,null,null,null,null,278941262
TRND-Glioblastoma_LOPAC_U251-primary_screen2,NCGC00016035-30,activity,null,4,0,4.124,ClC1=CC(=CC=C1)N2CCN(CCCN3N=C4C=CC=CN4C3=O)CC2,null,null,null,null,null,T6154,SIGMA,2021_LOPAC_01,null,null,Trazodone hydrochloride,null,4,null,null,null,4.515,0,null,null,null,null,null,null,null,null,null,0,null,null,4.124,-0.392,3.422,null,null,null,null,null,null,null,null,null,null,PHLBKPHSAVXXEF,null,TRND,TDsVUfygIAvIpeNvGT,null,null,null,null,CL,null,null,null,null,25332-39-2,null,null,null,0,4,null,null,null,173033,null,1,1,2025-06-17 16:13:51,null,null,null,null,null,null,null,364798015,activity,null,HTS,null,0.443,0.426,-0.392,4.124,null,null,null,null,null,null,null,null,null,null,null,null,null,null,null,null,null,null,null,null,null,278941263
TRND-Glioblastoma_LOPAC_U251-primary_screen2,NCGC00166281-29,activity,null,4,0,3.781,COC1=CC=C2N=CC=C([C@@H](O)[C@@H]3C[C@@H]4CCN3C[C@@H]4C=C)C2=C1,null,null,null,null,null,Q1250,SIGMA,2021_LOPAC_01,null,null,Quinine sulfate,null,4,null,null,null,6.458,0,null,null,null,null,null,null,null,null,null,0,null,null,3.781,-2.677,1.293,null,null,null,null,null,null,null,null,null,null,LOUPRKONTZGTKE,null,TRND,EqEdHgnMQfKPFUpScv,null,null,null,null,SULFURIC_ACID,null,null,null,null,549-56-4,null,null,null,0,4,null,null,null,173033,null,1,1,2025-06-17 16:13:51,null,null,null,null,null,null,null,364799611,activity,null,HTS,null,-0.24,-2.677,2.634,3.781,null,null,null,null,null,null,null,null,null,null,null,null,null,null,null,null,null,null,null,null,null,278941264
TRND-Glioblastoma_LOPAC_U251-primary_screen2,NCGC00094076-07,activity,null,4,0,0.941,CC(C)[C@H](NC(=O)OCC1=CC=CC=C1)C(=O)N[C@@H](CC2=CC=CC=C2)C=O,null,null,null,null,null,M6690,SIGMA,2021_LOPAC_01,null,null,MDL 28170,null,4,null,null,null,7.74,0,null,null,null,null,null,null,null,null,null,0,null,null,3.51,-4.23,-5.84,null,null,null,null,null,null,null,null,null,null,NGBKFLTYGSREKK,null,TRND,awVFBNasOpiZXiIcnY,null,null,null,null,null,null,null,null,null,88191-84-8,null,null,null,0,4,null,null,null,173033,null,1,1,2025-06-17 16:13:51,null,null,null,null,null,null,null,364795795,activity,null,HTS,null,-2.102,-4.23,3.51,0.941,null,null,null,null,null,null,null,null,null,null,null,null,null,null,null,null,null,null,null,null,null,278941265
TRND-Glioblastoma_LOPAC_U251-primary_screen2,NCGC00093824-05,activity,null,4,14.442,6.35,CN(C)C(=O)\N=N\C(=O)N(C)C,null,null,null,null,null,D3648,SIGMA,2021_LOPAC_01,null,null,"N,N,N ,N -Tetramethylazodicarboxamide",null,4,null,null,null,18.247,10,4.504,0.446,0.854,null,null,null,null,null,null,-4.442,null,null,13.712,-4.535,0.556,-0.033,null,null,null,null,null,null,null,null,null,VLSDXINSOMDCBK,null,TRND,aJywNVBpKghdzMnOzG,null,null,null,null,null,null,null,null,null,10465-78-8,null,null,null,0,4,0,null,null,173033,0 0 0 0,1,1,2025-06-17 16:13:51,null,null,null,null,null,null,null,364800059,activity,null,HTS,null,-4.535,0.307,13.712,6.35,null,null,null,null,null,null,null,null,null,null,null,null,null,null,null,null,null,null,null,null,null,278941266
TRND-Glioblastoma_LOPAC_U251-primary_screen2,NCGC00025323-17,activity,null,4,0,-5.568,CC(C)C[C@H](NC(=O)[C@@H](O)[C@H](N)CC1=CC=CC=C1)C(O)=O,null,null,null,null,null,B8385,SIGMA,2021_LOPAC_01,null,null,Bestatin hydrochloride,null,4,null,null,null,9.64,0,null,null,null,null,null,null,null,null,null,0,null,null,4.072,-5.568,11.506,null,null,null,null,null,null,null,null,null,null,VGGGPCQERPFHOB,null,TRND,RiUpKqqGyUskinAiBe,null,Aminopeptidase N inhibitor,null,null,CL,null,null,null,null,58970-76-6,ANPEP,null,null,0,4,null,null,null,173033,null,1,1,2025-06-17 16:13:51,null,null,null,null,null,null,null,364799047,activity,null,HTS,null,4.072,3.556,0.925,-5.568,null,null,null,null,null,null,null,null,null,null,null,null,null,null,null,null,null,null,null,null,null,278941267
TRND-Glioblastoma_LOPAC_U251-primary_screen2,NCGC00025272-16,activity,12.589254,-3,-104.713,-94.816,CC1=CC=C(C=C1)[S+]([O-])(=O)\C=C\C#N,null,null,null,null,null,B5556,SIGMA,2021_LOPAC_01,-4.9,null,Bay 11-7082,null,-3,null,null,null,107.569,-96.713,4.095,0.1,0.994,null,null,null,null,null,null,8,null,null,12.753,-94.816,-31.861,-21.512,null,null,null,null,null,null,null,null,null,DOEWDSDBFRHVAP,null,TRND,CTiEfpKxuuvsMxsPVR,null,null,null,null,null,null,null,null,null,19542-67-7,null,null,null,0,4,0,null,null,173033,0 0 0 0,1,1,2025-06-17 16:13:51,null,null,null,null,null,null,null,364798955,activity,null,HTS,12.800086,3.046,12.753,0.883,-94.816,null,null,null,null,null,null,null,null,null,null,null,null,null,null,null,null,null,null,null,null,null,278941268
TRND-Glioblastoma_LOPAC_U251-primary_screen2,NCGC00015387-10,activity,null,4,13.245,-0.203,NC1=NC(N)=NC(O)=C1,null,null,null,null,null,D1920-6,SIGMA,2021_LOPAC_01,null,null,"2,4-Diamino-6-pyrimidinone",null,4,null,null,null,12.769,0.5,2.253,0.093,0.995,null,null,null,null,null,null,-12.745,null,null,0.481,-12.288,-37.912,-37.881,null,null,null,null,null,null,null,null,null,SWELIMKTDYHAOY,null,TRND,PlgtZHAnRFpnCJCBvh,null,null,null,null,null,null,null,null,null,56-06-4,null,null,null,0,4,0,null,null,173033,0 0 0 0,1,1,2025-06-17 16:13:51,null,null,null,null,null,null,null,364796263,activity,null,HTS,null,-12.288,-5.784,0.481,-0.203,null,null,null,null,null,null,null,null,null,null,null,null,null,null,null,null,null,null,null,null,null,278941269
TRND-Glioblastoma_LOPAC_U251-primary_screen2,NCGC00015303-08,activity,null,4,0,7.779,CC(N)C1=CC=CC(Cl)=C1Cl,null,null,null,null,null,D103,SIGMA,2021_LOPAC_01,null,null,"(±)-2,3-Dichloro-alpha-methylbenzylamine hydrochloride",null,4,null,null,null,9.327,0,null,null,null,null,null,null,null,null,null,0,null,null,11.814,2.487,21.852,null,null,null,null,null,null,null,null,null,null,CZJMQTZQSNUDNV,null,TRND,gtTyAlHckqfFAhApRk,null,null,null,null,CL,null,null,null,null,null,null,null,null,0,4,null,null,null,173033,null,1,1,2025-06-17 16:13:51,null,null,null,null,null,null,null,364800051,activity,null,HTS,null,2.799,11.814,2.487,7.779,null,null,null,null,null,null,null,null,null,null,null,null,null,null,null,null,null,null,null,null,null,278941270
TRND-Glioblastoma_LOPAC_U251-primary_screen2,NCGC00015705-22,activity,null,4,-12.078,2.358,CC12CC3CC(C)(C1)CC(N)(C3)C2,null,null,null,null,null,M9292,SIGMA,2021_LOPAC_01,null,null,Memantine hydrochloride,null,4,null,null,null,17.036,-0.578,4.955,0.714,0.444,null,null,null,null,null,null,11.5,null,null,9.055,-7.982,23.713,24.231,null,null,null,null,null,null,null,null,null,BUGYDGFZZOZRHP,null,TRND,DMaDpFikEwdAIcqTpn,null,NMDA Receptor antagonist,null,null,CL,null,null,null,null,41100-52-1,GRIN1,null,null,0,4,0,null,null,173033,0 0 0 0,1,1,2025-06-17 16:13:51,null,null,null,null,null,null,null,364799959,activity,null,HTS,null,9.055,-7.982,4.179,2.358,null,null,null,null,null,null,null,null,null,null,null,null,null,null,null,null,null,null,null,null,null,278941271
TRND-Glioblastoma_LOPAC_U251-primary_screen2,NCGC00183105-04,activity,null,4,-9.937,0.512,CCCCC(F)(F)[C@@]1(O)CC[C@H]2[C@@H](CC(=O)[C@@H]2CCCCCCC(O)=O)O1,null,null,null,null,null,SmL1173,SIGMA,2021_LOPAC_01,null,null,Lubiprostone,null,4,null,null,null,10.207,-0.937,1.885,0.295,0.943,null,null,null,null,null,null,9,null,null,8.593,-1.614,26.251,26.067,null,null,null,null,null,null,null,null,null,WGFOBBZOWHGYQH,null,TRND,tAbZdeYHwACNGjWdMD,null,Chloride Channel Protein 2 activator,null,null,null,null,null,null,null,136790-76-6,CLCN2,null,null,0,4,0,null,null,173033,0 0 0 0,1,1,2025-06-17 16:13:51,null,null,null,null,null,null,null,364797567,activity,null,HTS,null,8.593,4.669,-1.614,0.512,null,null,null,null,null,null,null,null,null,null,null,null,null,null,null,null,null,null,null,null,null,278941272
TRND-Glioblastoma_LOPAC_U251-primary_screen2,NCGC00092350-11,activity,null,4,15.447,9.538,NC1=NC2=C(C=NN2CCC3=CC=CC=C3)C4=NC(=NN14)C5=CC=CO5,null,null,null,null,null,S4568,SIGMA,2021_LOPAC_01,null,null,SCH 58261,null,4,null,null,null,16.578,11.5,2.333,0.289,0.945,null,null,null,null,null,null,-3.947,null,null,13.289,-3.289,7.151,5.969,null,null,null,null,null,null,null,null,null,UTLPKQYUXOEJIL,null,TRND,RbnQKNZrkPBtfMrAeW,null,null,null,null,null,null,null,null,null,160098-96-4,null,null,null,0,4,0,null,null,173033,0 0 0 0,1,1,2025-06-17 16:13:51,null,null,null,null,null,null,null,364799299,activity,null,HTS,null,-3.289,2.823,13.289,9.538,null,null,null,null,null,null,null,null,null,null,null,null,null,null,null,null,null,null,null,null,null,278941273
TRND-Glioblastoma_LOPAC_U251-primary_screen2,NCGC00092310-18,activity,null,4,0,3.274,CCN1CCCC1CNC(=O)C2=C(OC)C=C(N)C(=C2)[S+]([O-])(=O)CC,null,null,null,null,null,A2729,SIGMA,2021_LOPAC_01,null,null,Amisulpride,null,4,null,null,null,8.338,0,null,null,null,null,null,null,null,null,null,0,null,null,5.166,-3.173,8.409,null,null,null,null,null,null,null,null,null,null,UYNLYBPIAORSSZ,null,TRND,kDNKREJNwmnHsQlYMx,null,Dopamine Receptor D2 antagonist,null,null,null,null,null,null,null,71675-85-9,DRD2,null,null,0,4,null,null,null,173033,null,1,1,2025-06-17 16:13:51,null,null,null,null,null,null,null,364796639,activity,null,HTS,null,1.909,5.166,-3.173,3.274,null,null,null,null,null,null,null,null,null,null,null,null,null,null,null,null,null,null,null,null,null,278941274
TRND-Glioblastoma_LOPAC_U251-primary_screen2,NCGC00161411-08,activity,null,4,0,5.685,CCCCCCC(=O)OC1CC(C)(C)NC(C)(C)C1,null,null,null,null,null,T5576,SIGMA,2021_LOPAC_01,null,null,TMPH hydrochloride,null,4,null,null,null,10.231,0,null,null,null,null,null,null,null,null,null,0,null,null,11.578,1.347,41.063,null,null,null,null,null,null,null,null,null,null,PWWKJRFUJIFGGD,null,TRND,LxpqWpAqwlkvIliFEm,null,null,null,null,CL,null,null,null,null,null,null,null,null,0,4,null,null,null,173033,null,1,1,2025-06-17 16:13:51,null,null,null,null,null,null,null,364795811,activity,null,HTS,null,11.578,1.347,7.152,5.685,null,null,null,null,null,null,null,null,null,null,null,null,null,null,null,null,null,null,null,null,null,278941275
TRND-Glioblastoma_LOPAC_U251-primary_screen2,NCGC00015881-08,activity,null,4,0,2.922,OC1=CC(=CC(=C1O)[N+]([O-])=O)C(=O)C2=C(F)C=CC=C2,null,null,null,null,null,R108,SIGMA,2021_LOPAC_01,null,null,Ro 41-0960,null,4,null,null,null,8.478,0,null,null,null,null,null,null,null,null,null,0,null,null,7.859,-0.619,26.646,null,null,null,null,null,null,null,null,null,null,RQPAUNZYTYHKHA,null,TRND,DXqWiGSzvfInlCeHZV,null,null,null,null,null,null,null,null,null,null,null,null,null,0,4,null,null,null,173033,null,1,1,2025-06-17 16:13:51,null,null,null,null,null,null,null,364795703,activity,null,HTS,null,7.859,5.34,-0.619,2.922,null,null,null,null,null,null,null,null,null,null,null,null,null,null,null,null,null,null,null,null,null,278941276
TRND-Glioblastoma_LOPAC_U251-primary_screen2,NCGC00015647-36,activity,0.000708,5,-39.415,-58.792,COC(=O)NC1=NC2=C(N1)C=CC(=C2)C(=O)C3=CC=CS3,null,null,null,null,null,M1404,SIGMA,2021_LOPAC_01,-9.15,null,Nocodazole,null,-1.4,null,null,null,4.513,-68.551,0.1,0.41,0.89,null,null,null,null,null,null,-29.135,null,null,-54.28,-58.792,-260.653,-261.225,null,null,null,null,null,null,null,null,null,KYRVNWMVYQXFEU,null,TRND,xiXnOIfyUIynxhBhYq,null,Tubulin polymerization inhibitor,null,null,null,null,null,null,null,31430-18-9,TUBB,null,null,0,4,0,null,null,173033,0 0 0 0,1,1,2025-06-17 16:13:51,null,null,null,null,null,null,null,364796323,activity,null,HTS,null,-54.28,-56.655,-56.514,-58.792,null,null,null,null,null,null,null,null,null,null,null,null,null,null,null,null,null,null,null,null,null,278941277
TRND-Glioblastoma_LOPAC_U251-primary_screen2,NCGC00164563-16,activity,null,4,-12.349,8.748,NC1=NC2=C(N=CN2[C@H]3C[C@H](O)[C@@H](CO)C3=C)C(=O)N1,null,null,null,null,null,SML1103,SIGMA,2021_LOPAC_01,null,null,Entecavir,null,4,null,null,null,14.871,-8.349,4.955,1,0.94,null,null,null,null,null,null,4,null,null,8.748,-6.124,3.168,5.344,null,null,null,null,null,null,null,null,null,QDGZDCVAUDNJFG,null,TRND,oZcnKcAROqTOUlcQCh,null,null,null,null,null,null,null,null,null,142217-69-4,null,null,null,0,4,1,null,null,173033,0 0 0 1,1,1,2025-06-17 16:13:51,null,null,null,null,null,null,null,364799915,activity,null,HTS,null,2.48,5.42,-6.124,8.748,null,null,null,null,null,null,null,null,null,null,null,null,null,null,null,null,null,null,null,null,null,278941278
TRND-Glioblastoma_LOPAC_U251-primary_screen2,NCGC00015364-08,activity,null,4,0,5.853,C1=CC=C(N=C1)C2=NC=CC=C2,null,null,null,null,null,D7505,SIGMA,2021_LOPAC_01,null,null,"2,2 -Bipyridyl",null,4,null,null,null,9.506,0,null,null,null,null,null,null,null,null,null,0,null,null,5.853,-3.653,11.124,null,null,null,null,null,null,null,null,null,null,ROFVEXUMMXZLPA,null,TRND,UXLwPnbajOrpHlTdRs,null,null,null,null,null,null,null,null,null,366-18-7,null,null,null,0,4,null,null,null,173033,null,1,1,2025-06-17 16:13:51,null,null,null,null,null,null,null,364800131,activity,null,HTS,null,2.995,-3.653,3.274,5.853,null,null,null,null,null,null,null,null,null,null,null,null,null,null,null,null,null,null,null,null,null,278941279
TRND-Glioblastoma_LOPAC_U251-primary_screen2,NCGC00024683-38,activity,11.220185,-3,-95.934,-92.197,C\C1=C/CC[C@@]2(C)O[C@H]2[C@H]3OC(=O)C(=C)[C@@H]3CC1,null,null,null,null,null,P0667,SIGMA,2021_LOPAC_01,-4.95,null,Parthenolide,null,-3,null,null,null,96.238,-92.934,4.504,0.03,0.999,null,null,null,null,null,null,3,null,null,4.042,-92.197,-45.478,-41.846,null,null,null,null,null,null,null,null,null,KTEXNACQROZXEV,null,TRND,uhdIKYmZVtgOvPyrmo,null,NF-kappaB (NFKB) Activation inhibitor,null,null,null,null,null,null,null,[NO STEREO] 20554-84-1,NFKB1,null,null,0,4,0,null,null,173033,0 0 0 0,1,1,2025-06-17 16:13:51,null,null,null,null,null,null,null,364799871,activity,null,HTS,11.60617,1.437,4.042,-5.467,-92.197,null,null,null,null,null,null,null,null,null,null,null,null,null,null,null,null,null,null,null,null,null,278941280
TRND-Glioblastoma_LOPAC_U251-primary_screen2,NCGC00159460-15,activity,null,4,0,5.951,[H][C@@](O)(CN1CCN(CC2=CC=CN=C2)C[C@@]1([H])C(=O)NC(C)(C)C)C[C@@]([H])(CC3=CC=CC=C3)C(=O)N[C@@]4([H])C5=CC=CC=C5C[C@@]4([H])O,null,null,null,null,null,SML0189,SIGMA,2021_LOPAC_01,null,null,Indinavir sulfate salt hydrate,null,4,null,null,null,6.487,0,null,null,null,null,null,null,null,null,null,0,null,null,5.951,-0.537,3.874,null,null,null,null,null,null,null,null,null,null,CBVCZFGXHXORBI,null,TRND,lSqWUIUWYuTersLiva,null,null,null,null,H-SULFATE,null,null,null,null,150378-17-9,null,null,null,0,4,null,null,null,173033,null,1,1,2025-06-17 16:13:51,null,null,null,null,null,null,null,364797547,activity,null,HTS,null,-0.537,1.126,2.072,5.951,null,null,null,null,null,null,null,null,null,null,null,null,null,null,null,null,null,null,null,null,null,278941281
TRND-Glioblastoma_LOPAC_U251-primary_screen2,NCGC00015009-26,activity,null,4,0,-4.2,NC1=CC=NC=C1,null,null,null,null,null,A0152,SIGMA,2021_LOPAC_01,null,null,4-Aminopyridine,null,4,null,null,null,10.348,0,null,null,null,null,null,null,null,null,null,0,null,null,-4.2,-14.547,-36.764,null,null,null,null,null,null,null,null,null,null,NUKYPUAOHBNCPY,null,TRND,FyIrkcxPbUCeUvwMvs,null,null,null,null,null,null,null,null,null,504-24-5,null,null,null,0,4,null,null,null,173033,null,1,1,2025-06-17 16:13:51,null,null,null,null,null,null,null,364797419,activity,null,HTS,null,-7.521,-5.025,-14.547,-4.2,null,null,null,null,null,null,null,null,null,null,null,null,null,null,null,null,null,null,null,null,null,278941282
TRND-Glioblastoma_LOPAC_U251-primary_screen2,NCGC00162359-09,activity,null,4,13.755,7.312,CC1=CC=C(C=C1)[S+]([O-])(=O)N[C@@H](CCCCN)C(=O)CCl,null,null,null,null,null,T7254,SIGMA,2021_LOPAC_01,null,null,Na-p-Tosyl-L-lysine chloromethyl ketone hydrochloride,null,4,null,null,null,16.669,10,4.095,0.4,0.887,null,null,null,null,null,null,-3.755,null,null,13.123,-3.546,9.105,8.211,null,null,null,null,null,null,null,null,null,OSCHUFJXXXIMKM,null,TRND,xMfDdTVyWaqIQtdUOC,null,null,null,null,CL,null,null,null,null,null,null,null,null,0,4,0,null,null,173033,0 0 0 0,1,1,2025-06-17 16:13:51,null,null,null,null,null,null,null,364799307,activity,null,HTS,null,-3.546,8.479,13.123,7.312,null,null,null,null,null,null,null,null,null,null,null,null,null,null,null,null,null,null,null,null,null,278941283
TRND-Glioblastoma_LOPAC_U251-primary_screen2,NCGC00015736-10,activity,null,4,11,12.814,COC1=C(C=CC=C1)N2CCN(CCCCN3C(=O)C4=C(C=CC=C4)C3=O)CC2,null,null,null,null,null,N3529,SIGMA,2021_LOPAC_01,null,null,NAN-190 hydrobromide,null,4,null,null,null,11.181,14,2.253,0.257,0.958,null,null,null,null,null,null,3,null,null,12.814,1.633,22.41,20.836,null,null,null,null,null,null,null,null,null,SJDOMIRMMUGQQK,null,TRND,IZiQDqhNfhaQqAyjfx,null,null,null,null,BR,null,null,null,null,null,null,null,null,0,4,0,null,null,173033,0 0 0 0,1,1,2025-06-17 16:13:51,null,null,null,null,null,null,null,364800519,activity,null,HTS,null,3.975,1.633,5.008,12.814,null,null,null,null,null,null,null,null,null,null,null,null,null,null,null,null,null,null,null,null,null,278941284
TRND-Glioblastoma_LOPAC_U251-primary_screen2,NCGC00183808-19,activity,7.943282,-2.4,-64.549,-56.855,CN(C)CCCNC(=O)C1=CC=C(C=C1)C2=CC3=CC=CN=C3C(O)=C2,null,null,null,null,null,SML0741,SIGMA,2021_LOPAC_01,-5.1,null,ML324,null,-2.2,null,null,null,61.591,-61.549,1.885,0.133,0.989,null,null,null,null,null,null,3,null,null,4.736,-56.855,-44.67,-38.388,null,null,null,null,null,null,null,null,null,QDBVSOZTVKXUES,null,TRND,aSFvbJKlVAMbRgKDHF,null,Lysine-Specific Demethylase 4E inhibitor,null,null,null,null,null,null,null,null,KDM4E,null,null,0,4,0,null,null,173033,0 0 0 0,1,1,2025-06-17 16:13:51,null,null,null,null,null,null,null,364796995,activity,null,HTS,17.282486,-0.317,4.736,-24.613,-56.855,null,null,null,null,null,null,null,null,null,null,null,null,null,null,null,null,null,null,null,null,null,278941285
TRND-Glioblastoma_LOPAC_U251-primary_screen2,NCGC00379228-07,activity,14.125375,-3,-98.379,-93.39,CCC(C)CNCC(=O)N1CCC2=C(C=CS2)C1COC3=CC(C)=CC=C3,null,null,null,null,null,SML1000,SIGMA,2021_LOPAC_01,-4.85,null,RU-SKI 43 maleate,null,-3,null,null,null,99.027,-96.379,4.095,0.078,0.996,null,null,null,null,null,null,2,null,null,5.637,-93.39,-36.315,-43.868,null,null,null,null,null,null,null,null,null,AEENEMOEBJOKGN,null,TRND,SlRqpbaYphbycUoNid,null,null,null,null,MALEATE,null,null,null,null,null,null,null,null,0,4,0,null,null,173033,0 0 0 0,1,1,2025-06-17 16:13:51,null,null,null,null,null,null,null,364799275,activity,null,HTS,14.387108,5.637,-1.467,-2.629,-93.39,null,null,null,null,null,null,null,null,null,null,null,null,null,null,null,null,null,null,null,null,null,278941286
TRND-Glioblastoma_LOPAC_U251-primary_screen2,NCGC00351432-13,activity,12.589254,-3,-43.803,-38.083,OCCNC(=O)C1=CC=CC(=C1)C2=CC(NC3=CC=C(OC(F)(F)F)C=C3)=NC=N2,null,null,null,null,null,SML0511,SIGMA,2021_LOPAC_01,-4.9,null,GNF-5,null,-3,null,null,null,47.934,-38.803,4.504,0.224,0.968,null,null,null,null,null,null,5,null,null,9.85,-38.083,-10.344,-0.906,null,null,null,null,null,null,null,null,null,IIQUYGWWHIHOCF,null,TRND,CuYAlyFVGnoKayjZlo,null,null,null,null,null,null,null,null,null,null,null,null,null,0,4,0,null,null,173033,0 0 0 0,1,1,2025-06-17 16:13:51,null,null,null,null,null,null,null,364796811,activity,null,HTS,null,0.396,9.85,2.423,-38.083,null,null,null,null,null,null,null,null,null,null,null,null,null,null,null,null,null,null,null,null,null,278941287
TRND-Glioblastoma_LOPAC_U251-primary_screen2,NCGC00093797-06,activity,null,4,-8.097,-1.33,[H][C@]1(C)C2CC3=C(C=C(O)C=C3)[C@]1(C)CCN2CC4CC4,null,null,null,null,null,C147,SIGMA,2021_LOPAC_01,null,null,(+)-Cyclazocine,null,4,null,null,null,10.459,-3.597,4.955,0.719,0.434,null,null,null,null,null,null,4.5,null,null,9.128,-1.33,10.446,18.18,null,null,null,null,null,null,null,null,null,YQYVFVRQLZMJKJ,null,TRND,cNUYQivumUHIJcuauq,null,null,null,null,null,null,null,null,null,[NO STEREO] 3572-80-3,null,null,null,0,4,0,null,null,173033,0 0 0 0,1,1,2025-06-17 16:13:51,null,null,null,null,null,null,null,364798079,activity,null,HTS,null,0.606,4.409,9.128,-1.33,null,null,null,null,null,null,null,null,null,null,null,null,null,null,null,null,null,null,null,null,null,278941288
TRND-Glioblastoma_LOPAC_U251-primary_screen2,NCGC00402322-06,activity,null,4,-31.661,-21.384,CCN1\C(SC2=C1C=C(O)C=C2)=C\C(C)=O,null,null,null,null,null,SML1011,SIGMA,2021_LOPAC_01,null,null,INDY,null,4,null,null,null,31.39,-22.661,1.885,0.171,0.981,null,null,null,null,null,null,9,null,null,10.006,-21.384,8.805,13.349,null,null,null,null,null,null,null,null,null,GCSZJMUFYOAHFY,null,TRND,uxpqvTEuexNwarCyKA,null,null,null,null,null,null,null,null,null,null,null,null,null,0,4,0,null,null,173033,0 0 0 0,1,1,2025-06-17 16:13:51,null,null,null,null,null,null,null,364798307,activity,null,HTS,null,6.765,10.006,-8.178,-21.384,null,null,null,null,null,null,null,null,null,null,null,null,null,null,null,null,null,null,null,null,null,278941289
TRND-Glioblastoma_LOPAC_U251-primary_screen2,NCGC00016016-30,activity,10,-3,-63.101,-64.563,NC1=NC(N)=C2N=C(C3=CC=CC=C3)C(N)=NC2=N1,null,null,null,null,null,T4143,SIGMA,2021_LOPAC_01,-5,null,Triamterene,null,-3,null,null,null,68.563,-64.601,4.955,0.176,0.98,null,null,null,null,null,null,-1.5,null,null,4,-64.563,-55.742,-45.366,null,null,null,null,null,null,null,null,null,FNYLWPVRPXGIIP,null,TRND,IzQbkDkLrJNkrGLsbx,null,null,null,null,null,null,null,null,null,396-01-0,null,null,null,0,4,0,null,null,173033,0 0 0 0,1,1,2025-06-17 16:13:51,null,null,null,null,null,null,null,364800523,activity,null,HTS,12.820026,-6.553,4,-9.169,-64.563,null,null,null,null,null,null,null,null,null,null,null,null,null,null,null,null,null,null,null,null,null,278941290
TRND-Glioblastoma_LOPAC_U251-primary_screen2,NCGC00162068-12,activity,null,4,0,1.714,OCCN1CCN(CCCN2C3=C(C=CC=C3)C=CC4=C2C=CC=C4)CC1,null,null,null,null,null,O5889,SIGMA,2021_LOPAC_01,null,null,Opipramol dihydrochloride,null,4,null,null,null,9.629,0,null,null,null,null,null,null,null,null,null,0,null,null,8.225,-1.404,18.784,null,null,null,null,null,null,null,null,null,null,YNZFUWZUGRBMHL,null,TRND,uEUAngvkNXtVCueOMv,null,null,null,null,CL,null,null,null,null,null,null,null,null,0,4,null,null,null,173033,null,1,1,2025-06-17 16:13:51,null,null,null,null,null,null,null,364798163,activity,null,HTS,null,4.725,-1.404,8.225,1.714,null,null,null,null,null,null,null,null,null,null,null,null,null,null,null,null,null,null,null,null,null,278941291
TRND-Glioblastoma_LOPAC_U251-primary_screen2,NCGC00015987-18,activity,null,4,0,7.312,CN1CCN(CC(=O)N2C3=C(C)SC=C3C(=O)NC4=C2C=CC=C4)CC1,null,null,null,null,null,T122,SIGMA,2021_LOPAC_01,null,null,Telenzepine dihydrochloride,null,4,null,null,null,5.613,0,null,null,null,null,null,null,null,null,null,0,null,null,10.044,4.431,26.548,null,null,null,null,null,null,null,null,null,null,VSWPGAIWKHPTKX,null,TRND,hqvmukCLMphCCUxfwp,null,null,null,null,HCL,null,null,null,null,GRT01204,null,null,null,0,4,null,null,null,173033,null,1,1,2025-06-17 16:13:51,null,null,null,null,null,null,null,364796023,activity,null,HTS,null,4.431,10.044,4.846,7.312,null,null,null,null,null,null,null,null,null,null,null,null,null,null,null,null,null,null,null,null,null,278941292
TRND-Glioblastoma_LOPAC_U251-primary_screen2,NCGC00025047-10,activity,null,4,-15.46,-14.966,CC1=NC(\N=N\C2=CC=CC=C2)=C(O)C=C1,null,null,null,null,null,S9186,SIGMA,2021_LOPAC_01,null,null,SIB 1757,null,4,null,null,null,15.301,-15.46,2.902,0.072,0.997,null,null,null,null,null,null,0,null,null,0.334,-14.966,-11.765,-10.469,null,null,null,null,null,null,null,null,null,LOCPVWIREQIGNQ,null,TRND,biGDxNeSMBCbFeJBkD,null,null,null,null,null,null,null,null,null,null,null,null,null,0,4,0,null,null,173033,0 0 0 0,1,1,2025-06-17 16:13:51,null,null,null,null,null,null,null,364798683,activity,null,HTS,null,-0.58,0.334,-3.606,-14.966,null,null,null,null,null,null,null,null,null,null,null,null,null,null,null,null,null,null,null,null,null,278941803
TRND-Glioblastoma_LOPAC_U251-primary_screen2,NCGC00015100-24,activity,null,4,0,-3.066,CN(C)C1=NC(=NC(=N1)N(C)C)N(C)C,null,null,null,null,null,A8723,SIGMA,2021_LOPAC_01,null,null,Altretamine,null,4,null,null,null,5.558,0,null,null,null,null,null,null,null,null,null,0,null,null,2.491,-3.066,-1.637,null,null,null,null,null,null,null,null,null,null,UUVWYPNAQBNQJQ,null,TRND,iIpCTPiQTHwuOfmdBO,null,DNA Alkylating Drug,null,null,null,null,null,null,null,645-05-6,H2AX,null,null,0,4,null,null,null,173033,null,1,1,2025-06-17 16:13:51,null,null,null,null,null,null,null,364795523,activity,null,HTS,null,-0.437,2.491,-0.792,-3.066,null,null,null,null,null,null,null,null,null,null,null,null,null,null,null,null,null,null,null,null,null,278941804
TRND-Glioblastoma_LOPAC_U251-primary_screen2,NCGC00015832-08,activity,null,4,0,0.642,CC(=C)C1CCC(=CC1)C(O)=O,null,null,null,null,null,218359,SIGMA,2021_LOPAC_01,null,null,(-)-Perillic acid,null,4,null,null,null,5.723,0,null,null,null,null,null,null,null,null,null,0,null,null,3.697,-2.027,-1.471,null,null,null,null,null,null,null,null,null,null,CDSMSBUVCWHORP,null,TRND,KdXSsaYrelUbtZkKpo,null,null,null,null,null,null,null,null,null,null,null,null,null,0,4,null,null,null,173033,null,1,1,2025-06-17 16:13:51,null,null,null,null,null,null,null,364798363,activity,null,HTS,null,-2.027,1.761,3.697,0.642,null,null,null,null,null,null,null,null,null,null,null,null,null,null,null,null,null,null,null,null,null,278941805
TRND-Glioblastoma_LOPAC_U251-primary_screen2,NCGC00015082-19,activity,null,4,0,-1.999,NNC(N)=N,null,null,null,null,null,A7009,SIGMA,2021_LOPAC_01,null,null,Aminoguanidine hemisulfate,null,4,null,null,null,8.8,0,null,null,null,null,null,null,null,null,null,0,null,null,6.8,-1.999,1.649,null,null,null,null,null,null,null,null,null,null,HAMNKKUPIHEESI,null,TRND,fNlKcirKdSMvCUwRga,null,"Nitric Oxide Synthase, inducible inhibitor",null,null,SULFURIC_ACID,null,null,null,null,79-17-4,NOS2,null,null,0,4,null,null,null,173033,null,1,1,2025-06-17 16:13:51,null,null,null,null,null,null,null,364798187,activity,null,HTS,null,-1.749,6.8,4.009,-1.999,null,null,null,null,null,null,null,null,null,null,null,null,null,null,null,null,null,null,null,null,null,278941806
TRND-Glioblastoma_LOPAC_U251-primary_screen2,NCGC00015182-11,activity,null,4,0,-5.931,NCCC1=CNC2=C1C=C(C=C2)C(N)=O,null,null,null,null,null,C117,SIGMA,2021_LOPAC_01,null,null,5-Carboxamidotryptamine maleate,null,4,null,null,null,4.116,0,null,null,null,null,null,null,null,null,null,0,null,null,-3.624,-7.741,-28.833,null,null,null,null,null,null,null,null,null,null,WKZLNEWVIAGNAW,null,TRND,RwLgkKnmpnegzXsbZS,null,null,null,null,MALEATE,null,null,null,null,74885-72-6,null,null,null,0,4,null,null,null,173033,null,1,1,2025-06-17 16:13:51,null,null,null,null,null,null,null,364797423,activity,null,HTS,null,-6.403,-3.624,-7.741,-5.931,null,null,null,null,null,null,null,null,null,null,null,null,null,null,null,null,null,null,null,null,null,278941807
TRND-Glioblastoma_LOPAC_U251-primary_screen2,NCGC00015116-26,activity,null,4,17.201,-1.079,COC1=CC=C(C=C1)C(=O)N2CCCC2=O,null,null,null,null,null,A9950,SIGMA,2021_LOPAC_01,null,null,Aniracetam,null,4,null,null,null,14.334,-0.542,4.955,0.089,0.995,null,null,null,null,null,null,-17.743,null,null,-0.035,-14.369,-40.57,-40.925,null,null,null,null,null,null,null,null,null,ZXNRTKGTQJPIJK,null,TRND,VgWFGgfgKzDOpeutLK,null,null,null,null,null,null,null,null,null,72432-10-1,null,null,null,0,4,0,null,null,173033,0 0 0 0,1,1,2025-06-17 16:13:51,null,null,null,null,null,null,null,364797475,activity,null,HTS,null,-14.369,-0.035,-0.145,-1.079,null,null,null,null,null,null,null,null,null,null,null,null,null,null,null,null,null,null,null,null,null,278941808
TRND-Glioblastoma_LOPAC_U251-primary_screen2,NCGC00507740-02,activity,19.952623,-3,-50.262,-42.427,CC1=CC=C(C=C1)C(=O)NC2=C(N=C(NC3=CC=CC=C3)S2)C(N)=O,null,null,null,null,null,SML1506,SIGMA,2021_LOPAC_01,-4.7,null,KY-05009,null,-3,null,null,null,51.51,-45.762,4.955,0.182,0.979,null,null,null,null,null,null,4.5,null,null,9.083,-42.427,-10.395,-3.495,null,null,null,null,null,null,null,null,null,WCEDGRTWDSHZHF,null,TRND,CplEiPIiVkiZMvYVtD,null,null,null,null,null,null,null,null,null,null,null,null,null,0,4,0,null,null,173033,0 0 0 0,1,1,2025-06-17 16:13:51,null,null,null,null,null,null,null,364796843,activity,null,HTS,null,1.094,3.608,9.083,-42.427,null,null,null,null,null,null,null,null,null,null,null,null,null,null,null,null,null,null,null,null,null,278941809
TRND-Glioblastoma_LOPAC_U251-primary_screen2,NCGC00178551-04,activity,null,4,0,-2.935,N[C@@H](Cc1ccc(O)cc1)C(=O)N[C@H](CCCNC(N)=N)C(O)=O,null,null,null,null,null,SML1461,SIGMA,2021_LOPAC_01,null,null,Kyotorphin acetate salt,null,4,null,null,null,5.909,0,null,null,null,null,null,null,null,null,null,0,null,null,2.916,-2.993,-3.891,null,null,null,null,null,null,null,null,null,null,JXNRXNCCROJZFB,null,TRND,wImYlBzIqhfLdugtiw,null,null,null,null,ACETIC-ACID,null,null,null,null,null,null,null,null,0,4,null,null,null,173033,null,1,1,2025-06-17 16:13:51,null,null,null,null,null,null,null,364800087,activity,null,HTS,null,-0.827,-2.993,2.916,-2.935,null,null,null,null,null,null,null,null,null,null,null,null,null,null,null,null,null,null,null,null,null,278941810
TRND-Glioblastoma_LOPAC_U251-primary_screen2,NCGC00025355-26,activity,15.848932,-3,-99.885,-94.652,FC1=CC=C(C=C1)[C@@H]2CCNC[C@H]2COC3=CC=C4OCOC4=C3,null,null,null,null,null,P9623,SIGMA,2021_LOPAC_01,-4.8,null,Paroxetine hydrochloride hemihydrate (MW = 374.83),null,-3,null,null,null,96.757,-99.385,4.095,0.035,0.999,null,null,null,null,null,null,0.5,null,null,2.105,-94.652,-46.322,-49.726,null,null,null,null,null,null,null,null,null,AHOUBRCZNHFOSL,null,TRND,WeViKFqrpnmEMlWwEa,null,null,null,null,CL,null,null,null,null,64006-44-6,null,null,null,0,4,0,null,null,173033,0 0 0 0,1,1,2025-06-17 16:13:51,null,null,null,null,null,null,null,364796195,activity,null,HTS,15.896949,2.105,-1.041,-2.402,-94.652,null,null,null,null,null,null,null,null,null,null,null,null,null,null,null,null,null,null,null,null,null,278941811
TRND-Glioblastoma_LOPAC_U251-primary_screen2,NCGC00024885-09,activity,null,4,0,1.977,CCCCCCCC\C=C/CCCCCCCC(=O)NCC1=CC=C(O)C(OC)=C1,null,null,null,null,null,SML1587,SIGMA,2021_LOPAC_01,null,null,Perlapine,null,4,null,null,null,4.027,0,null,null,null,null,null,null,null,null,null,0,null,null,5.648,1.62,10.993,null,null,null,null,null,null,null,null,null,null,OPZKBPQVWDSATI,null,TRND,ClSqtUupgwjMlgQoBW,null,null,null,null,null,null,null,null,null,58493-49-5,null,null,null,0,4,null,null,null,173033,null,1,1,2025-06-17 16:13:51,null,null,null,null,null,null,null,364797035,activity,null,HTS,null,1.62,5.648,2.161,1.977,null,null,null,null,null,null,null,null,null,null,null,null,null,null,null,null,null,null,null,null,null,278941812
TRND-Glioblastoma_LOPAC_U251-primary_screen2,NCGC00161420-15,activity,11.220185,-2.1,-90.212,-95.554,COCC(=O)O[C@]3(CCN(C)CCCC1=NC2=C(N1)C=CC=C2)CCC4=C(C=CC(F)=C4)[C@@H]3C(C)C,null,null,null,null,null,M5441,SIGMA,2021_LOPAC_01,-4.95,null,Mibefradil dihydrochloride,null,-2.1,null,null,null,91.36,-95.745,4.955,0.039,0.999,null,null,null,null,null,null,-5.534,null,null,-4.195,-95.554,-81.589,-77.667,null,null,null,null,null,null,null,null,null,HBNPJJILLOYFJU,null,TRND,UFDfKaVhiePvhHihLB,null,null,null,null,CL,null,null,null,null,null,null,null,null,0,4,0,null,null,173033,0 0 0 0,1,1,2025-06-17 16:13:51,null,null,null,null,null,null,null,364797043,activity,null,HTS,11.423389,-7.36,-4.195,-11.442,-95.554,null,null,null,null,null,null,null,null,null,null,null,null,null,null,null,null,null,null,null,null,null,278941813
TRND-Glioblastoma_LOPAC_U251-primary_screen2,NCGC00162296-12,activity,null,4,0,13.213,CC1OC1P([O-])([O-])=O,null,null,null,null,null,P5396,SIGMA,2021_LOPAC_01,null,null,Phosphomycin disodium,null,4,null,null,null,7.352,0,null,null,null,null,null,null,null,null,null,0,null,null,13.213,5.861,38.556,null,null,null,null,null,null,null,null,null,null,YMDXZJFXQJVXBF,null,TRND,ixkIXSAuXpsrHoXxmh,null,null,null,null,SODIUM,null,null,null,null,[NO STEREO] 33996-10-0,null,null,null,0,4,null,null,null,173033,null,1,1,2025-06-17 16:13:51,null,null,null,null,null,null,null,364800575,activity,null,HTS,null,8.159,6.967,5.861,13.213,null,null,null,null,null,null,null,null,null,null,null,null,null,null,null,null,null,null,null,null,null,278941814
TRND-Glioblastoma_LOPAC_U251-primary_screen2,NCGC00015740-14,activity,null,4,-14.795,2.08,OC(=O)C1=C(NCCCC2=CC=CC=C2)C=CC(=C1)[N+]([O-])=O,null,null,null,null,null,N4779,SIGMA,2021_LOPAC_01,null,null,5-Nitro-2-(3-phenylpropylamino)benzoic acid,null,4,null,null,null,14.52,-8.295,4.955,1,0.947,null,null,null,null,null,null,6.5,null,null,4.691,-9.829,-1.671,-2.877,null,null,null,null,null,null,null,null,null,WBSMIPAMAXNXFS,null,TRND,yTMcDulXogJZWrDzFP,null,null,null,null,null,null,null,null,null,107254-86-4,null,null,null,0,4,1,null,null,173033,0 0 0 1,1,1,2025-06-17 16:13:51,null,null,null,null,null,null,null,364799255,activity,null,HTS,null,4.691,-9.829,-6.383,2.08,null,null,null,null,null,null,null,null,null,null,null,null,null,null,null,null,null,null,null,null,null,278941815
TRND-Glioblastoma_LOPAC_U251-primary_screen2,NCGC00025238-08,activity,null,4,0,3.353,FC1=CC(=CC=C1)\C=N\N=C\C2=CC=CC(F)=C2,null,null,null,null,null,D0943,SIGMA,2021_LOPAC_01,null,null,DFB,null,4,null,null,null,6.75,0,null,null,null,null,null,null,null,null,null,0,null,null,9.66,2.91,19.563,null,null,null,null,null,null,null,null,null,null,YYMCVDNIIFNDJK,null,TRND,lMwvXxGXxHSWRACYlG,null,null,null,null,null,null,null,null,null,null,null,null,null,0,4,null,null,null,173033,null,1,1,2025-06-17 16:13:51,null,null,null,null,null,null,null,364798551,activity,null,HTS,null,2.91,9.66,4.253,3.353,null,null,null,null,null,null,null,null,null,null,null,null,null,null,null,null,null,null,null,null,null,278941816
TRND-Glioblastoma_LOPAC_U251-primary_screen2,NCGC00186036-05,activity,null,4,0,1.398,[H][C@@]12CC[C@]3(O)C[C@]1(CC3=C)CC[C@]4([H])[C@@](C)(CCC[C@@]24C)C(O)=O,null,null,null,null,null,H8664,SIGMA,2021_LOPAC_01,null,null,Steviol,null,4,null,null,null,7.479,0,null,null,null,null,null,null,null,null,null,0,null,null,5.164,-2.315,0.776,null,null,null,null,null,null,null,null,null,null,QFVOYBUQQBFCRH,null,TRND,oPYgryHGOFUhMdbvwD,null,null,null,null,H2O,null,null,null,null,471-80-7,null,null,null,0,4,null,null,null,173033,null,1,1,2025-06-17 16:13:51,null,null,null,null,null,null,null,364797623,activity,null,HTS,null,-2.315,5.164,4.087,1.398,null,null,null,null,null,null,null,null,null,null,null,null,null,null,null,null,null,null,null,null,null,278941817
TRND-Glioblastoma_LOPAC_U251-primary_screen2,NCGC00093821-08,activity,null,4,-19.063,-0.74,CN1C(\C=C\C2=CC(Cl)=CC=C2)=NC3=C1C(=O)N(C)C(=O)N3C,null,null,null,null,null,C197,SIGMA,2021_LOPAC_01,null,null,8-(3-Chlorostyryl)caffeine,null,4,null,null,null,15.487,-14.063,2.303,1,1,null,null,null,null,null,null,5,null,null,5.018,-10.469,3.264,1.331,null,null,null,null,null,null,null,null,null,WBWFIUAVMCNYPG,null,TRND,WLlyYokJvjAwktgYtw,null,null,null,null,null,null,null,null,null,null,null,null,null,0,4,1,null,null,173033,0 0 0 1,1,1,2025-06-17 16:13:51,null,null,null,null,null,null,null,364799995,activity,null,HTS,null,5.018,3.093,-10.469,-0.74,null,null,null,null,null,null,null,null,null,null,null,null,null,null,null,null,null,null,null,null,null,278941818
TRND-Glioblastoma_LOPAC_U251-primary_screen2,NCGC00384189-12,activity,6.309573,-2.3,-101.469,-93.813,COC1=CC2=NC(=NC(NCCCCCN3CCCC3)=C2C=C1OC)N4CCCC4,null,null,null,null,null,SML1465,SIGMA,2021_LOPAC_01,-5.2,null,UNC0379 trifluoroacetate salt,null,-2.1,null,null,null,92.272,-101.318,1.826,0.103,0.993,null,null,null,null,null,null,0.151,null,null,-1.541,-93.813,-98.001,-92.241,null,null,null,null,null,null,null,null,null,WEXCGGWTIDNVNT,null,TRND,YwcLQnYtjSqxYpuEAb,null,null,null,null,null,null,null,null,null,null,null,null,null,0,4,0,null,null,173033,0 0 0 0,1,1,2025-06-17 16:13:51,null,null,null,null,null,null,null,364799399,activity,null,HTS,6.220309,-3.977,-1.541,-52.298,-93.813,null,null,null,null,null,null,null,null,null,null,null,null,null,null,null,null,null,null,null,null,null,278941819
TRND-Glioblastoma_LOPAC_U251-primary_screen2,NCGC00015598-18,activity,null,4,-7.074,-0.895,CC1(C)CCC2=C(O1)C3=C(C=CC=C3)C(=O)C2=O,null,null,null,null,null,L2037,SIGMA,2021_LOPAC_01,null,null,beta-Lapachone,null,4,null,null,null,11.595,-1.074,4.955,0.725,0.414,null,null,null,null,null,null,6,null,null,10.7,-0.895,13.422,24.5,null,null,null,null,null,null,null,null,null,QZPQTZZNNJUOLS,null,TRND,TKilSNrYNhjQWcgNUk,null,"Tryptophan 2,3-Dioxygenase inhibitor",null,null,null,null,null,null,null,4707-32-8,TDO2,null,null,0,4,0,null,null,173033,0 0 0 0,1,1,2025-06-17 16:13:51,null,null,null,null,null,null,null,364800215,activity,null,HTS,null,0.833,10.7,5.868,-0.895,null,null,null,null,null,null,null,null,null,null,null,null,null,null,null,null,null,null,null,null,null,278941820
TRND-Glioblastoma_LOPAC_U251-primary_screen2,NCGC00015038-17,activity,null,4,0,4.345,NC1=NC2=NC=C(CNC3=CC=C(C=C3)C(=O)NC(CCC(O)=O)C(O)=O)N=C2C(N)=N1,null,null,null,null,null,A1784,SIGMA,2021_LOPAC_01,null,null,Aminopterin,null,4,null,null,null,5.626,0,null,null,null,null,null,null,null,null,null,0,null,null,7.196,1.57,21.5,null,null,null,null,null,null,null,null,null,null,TVZGACDUOSZQKY,null,TRND,SYLbFboUIATqolkDZO,null,Dihydrofolate Reductase inhibitor,null,null,null,null,null,null,null,[NO STEREO] 54-62-6,DHFR,null,null,0,4,null,null,null,173033,null,1,1,2025-06-17 16:13:51,null,null,null,null,null,null,null,364797451,activity,null,HTS,null,4.716,1.57,7.196,4.345,null,null,null,null,null,null,null,null,null,null,null,null,null,null,null,null,null,null,null,null,null,278941821
TRND-Glioblastoma_LOPAC_U251-primary_screen2,NCGC00507721-03,activity,null,4,-13.318,0.861,CC1=CC=C2C[C@H](CCC2=C1CCC(O)=O)N[S+]([O-])(=O)C3=CC=C(Cl)C=C3,null,null,null,null,null,SML1198,SIGMA,2021_LOPAC_01,null,null,Terutroban,null,4,null,null,null,11.146,0.682,4.955,0.406,0.884,null,null,null,null,null,null,14,null,null,10.047,-1.098,29.629,29.015,null,null,null,null,null,null,null,null,null,RRGSUSODBCEDOY,null,TRND,IfJWsoKlFfUJGgMTVv,null,null,null,null,null,null,null,null,null,[NO STEREO] 165538-40-9,null,null,null,0,4,0,null,null,173033,0 0 0 0,1,1,2025-06-17 16:13:51,null,null,null,null,null,null,null,364799327,activity,null,HTS,null,10.047,-1.098,2.947,0.861,null,null,null,null,null,null,null,null,null,null,null,null,null,null,null,null,null,null,null,null,null,278941822
TRND-Glioblastoma_LOPAC_U251-primary_screen2,NCGC00015006-10,activity,null,4,-14.174,-5.145,CN1CCC=C(C1)C(=O)OCC#C,null,null,null,null,null,A140,SIGMA,2021_LOPAC_01,null,null,Arecaidine propargyl ester hydrobromide,null,4,null,null,null,13.966,-5.674,2.638,0.1,0.994,null,null,null,null,null,null,8.5,null,null,8.822,-5.145,30.569,30.204,null,null,null,null,null,null,null,null,null,SPHRJZBOFYIKMC,null,TRND,LlXtkLlyPnyjPIMclV,null,null,null,null,BR,null,null,null,null,null,null,null,null,0,4,0,null,null,173033,0 0 0 0,1,1,2025-06-17 16:13:51,null,null,null,null,null,null,null,364798767,activity,null,HTS,null,8.822,7.631,4.946,-5.145,null,null,null,null,null,null,null,null,null,null,null,null,null,null,null,null,null,null,null,null,null,278941823
TRND-Glioblastoma_LOPAC_U251-primary_screen2,NCGC00018102-30,activity,null,4,-16.885,-9.488,FC1=CC=C(C=C1)C(N2CCN(C\C=C\C3=CC=CC=C3)CC2)C4=CC=C(F)C=C4,null,null,null,null,null,F8257,SIGMA,2021_LOPAC_01,null,null,Flunarizine dihydrochloride,null,4,null,null,null,15.484,-10.885,4.955,0.044,0.999,null,null,null,null,null,null,6,null,null,5.997,-9.488,18.857,19.916,null,null,null,null,null,null,null,null,null,SMANXXCATUTDDT,null,TRND,pJYbXHFDFvdOBPEdpX,null,null,null,null,CL,null,null,null,null,null,null,null,null,0,4,0,null,null,173033,0 0 0 0,1,1,2025-06-17 16:13:51,null,null,null,null,null,null,null,364798459,activity,null,HTS,null,5.611,5.838,5.997,-9.488,null,null,null,null,null,null,null,null,null,null,null,null,null,null,null,null,null,null,null,null,null,278941824
TRND-Glioblastoma_LOPAC_U251-primary_screen2,NCGC00015611-38,activity,null,4,0,-4.729,CCN(CC)CC(=O)NC1=C(C)C=CC=C1C,null,null,null,null,null,L5647,SIGMA,2021_LOPAC_01,null,null,Lidocaine hydrochloride,null,4,null,null,null,9.165,0,null,null,null,null,null,null,null,null,null,0,null,null,2.946,-6.219,-16.681,null,null,null,null,null,null,null,null,null,null,NNJVILVZKWQKPM,null,TRND,dFitMNXsdDKIKUfDCJ,null,Free Fatty Acid Receptor 1 antagonist,null,null,CL,null,null,null,null,73-78-9,FFAR1,null,null,0,4,null,null,null,173033,null,1,1,2025-06-17 16:13:51,null,null,null,null,null,null,null,364797051,activity,null,HTS,null,-6.219,2.946,1.438,-4.729,null,null,null,null,null,null,null,null,null,null,null,null,null,null,null,null,null,null,null,null,null,278941825
TRND-Glioblastoma_LOPAC_U251-primary_screen2,NCGC00015071-12,activity,null,4,0,2.771,NCCSC(N)=N,null,null,null,null,null,A5879,SIGMA,2021_LOPAC_01,null,null,2-(2-Aminoethyl)isothiourea dihydrobromide,null,4,null,null,null,7.109,0,null,null,null,null,null,null,null,null,null,0,null,null,6.646,-0.463,9.411,null,null,null,null,null,null,null,null,null,null,NWPCXGGYSQHQGM,null,TRND,JFUjYtKubiWeTFyyeI,null,null,null,null,BR,null,null,null,null,null,null,null,null,0,4,null,null,null,173033,null,1,1,2025-06-17 16:13:51,null,null,null,null,null,null,null,364800071,activity,null,HTS,null,-0.463,6.646,6.573,2.771,null,null,null,null,null,null,null,null,null,null,null,null,null,null,null,null,null,null,null,null,null,278941826
TRND-Glioblastoma_LOPAC_U251-primary_screen2,NCGC00015134-15,activity,null,4,0,6.062,CN1CCC(CC1)C2=CNC3=C2C=C(O)C=C3,null,null,null,null,null,B173,SIGMA,2021_LOPAC_01,null,null,BRL 54443 maleate,null,4,null,null,null,9.494,0,null,null,null,null,null,null,null,null,null,0,null,null,11.867,2.372,23.249,null,null,null,null,null,null,null,null,null,null,WKNFADCGOAHBPG,null,TRND,lAfcULYixxQpqeCFbr,null,null,null,null,MALEATE,null,null,null,null,null,null,null,null,0,4,null,null,null,173033,null,1,1,2025-06-17 16:13:51,null,null,null,null,null,null,null,364798455,activity,null,HTS,null,3.642,2.372,11.867,6.062,null,null,null,null,null,null,null,null,null,null,null,null,null,null,null,null,null,null,null,null,null,278941827
TRND-Glioblastoma_LOPAC_U251-primary_screen2,NCGC00024656-10,activity,null,4,0,1.3,C[C@@H](N)CC1=CNC=N1,null,null,null,null,null,H128,SIGMA,2021_LOPAC_01,null,null,"Histamine, R(-)-alpha-methyl-, dihydrochloride",null,4,null,null,null,9.812,0,null,null,null,null,null,null,null,null,null,0,null,null,10.831,1.019,38.184,null,null,null,null,null,null,null,null,null,null,XNQIOISZPFVUFG,null,TRND,LmhngkzajUZFmgQRbi,null,null,null,null,CL,null,null,null,null,null,null,null,null,0,4,null,null,null,173033,null,1,1,2025-06-17 16:13:51,null,null,null,null,null,null,null,364799123,activity,null,HTS,null,10.831,1.019,9.624,1.3,null,null,null,null,null,null,null,null,null,null,null,null,null,null,null,null,null,null,null,null,null,278941828
TRND-Glioblastoma_LOPAC_U251-primary_screen2,NCGC00015744-12,activity,null,4,-10.891,-2.409,OC(=O)CC[N+]([O-])=O,null,null,null,null,null,N5636,SIGMA,2021_LOPAC_01,null,null,3-Nitropropionic acid,null,4,null,null,null,12.339,-2.891,4.955,0.331,0.926,null,null,null,null,null,null,8,null,null,9.93,-2.409,28.684,32.053,null,null,null,null,null,null,null,null,null,WBLZUCOIBUDNBV,null,TRND,CsgrBbiQgRONjhFBIW,null,null,null,null,null,null,null,null,null,504-88-1,null,null,null,0,4,0,null,null,173033,0 0 0 0,1,1,2025-06-17 16:13:51,null,null,null,null,null,null,null,364797995,activity,null,HTS,null,6.306,9.93,7.879,-2.409,null,null,null,null,null,null,null,null,null,null,null,null,null,null,null,null,null,null,null,null,null,278941829
TRND-Glioblastoma_LOPAC_U251-primary_screen2,NCGC00370986-02,activity,null,4,20.344,0.789,O=C1NC[C@@]2(CN3CCC2CC3)O1,null,null,null,null,null,SML2049,SIGMA,2021_LOPAC_01,null,null,AR-R17779 Hydrochloride,null,4,null,null,null,20.636,16.5,4.955,1,0.938,null,null,null,null,null,null,-3.844,null,null,14.1,-6.537,9.256,5.177,null,null,null,null,null,null,null,null,null,TYAGAVRSOFABFO,null,TRND,EIuurFdRCLCjmQXmxK,null,null,null,null,CL,null,null,null,null,null,null,null,null,0,4,1,null,null,173033,0 0 0 1,1,1,2025-06-17 16:13:51,null,null,null,null,null,null,null,364800319,activity,null,HTS,null,-1.242,-6.537,14.1,0.789,null,null,null,null,null,null,null,null,null,null,null,null,null,null,null,null,null,null,null,null,null,278941830
TRND-Glioblastoma_LOPAC_U251-primary_screen2,NCGC00015919-25,activity,null,4,-14.685,1.124,CC(C)NCC(O)C1=CC=C(N[S+](C)([O-])=O)C=C1,null,null,null,null,null,S0278,SIGMA,2021_LOPAC_01,null,null,(±)-Sotalol hydrochloride,null,4,null,null,null,15.629,0.315,4.955,0.474,0.831,null,null,null,null,null,null,15,null,null,12.141,-3.487,33.887,34.244,null,null,null,null,null,null,null,null,null,JBELYSFONFSZTR,null,TRND,WtVzQRBojxKFWIsXlv,null,Beta-1 Adrenergic Receptor antagonist,null,null,CL,null,null,null,null,959-24-0,ADRB1,null,null,0,4,0,null,null,173033,0 0 0 0,1,1,2025-06-17 16:13:51,null,null,null,null,null,null,null,364796359,activity,null,HTS,null,12.141,-3.487,2.917,1.124,null,null,null,null,null,null,null,null,null,null,null,null,null,null,null,null,null,null,null,null,null,278941831
TRND-Glioblastoma_LOPAC_U251-primary_screen2,NCGC00093774-05,activity,null,4,-10.672,3.018,OCC1O[C@H](O)C(Cl)C(O)C1O,null,null,null,null,null,C203,SIGMA,2021_LOPAC_01,null,null,2-Chloro-2-deoxy-D-glucose,null,4,null,null,null,12.395,0.828,3.065,0.381,0.899,null,null,null,null,null,null,11.5,null,null,11.418,-0.977,35.276,35.217,null,null,null,null,null,null,null,null,null,SNGNCYILSHZBLM,null,TRND,YHQuskRZKnJVDXYDZC,null,null,null,null,null,null,null,null,null,null,null,null,null,0,4,0,null,null,173033,0 0 0 0,1,1,2025-06-17 16:13:51,null,null,null,null,null,null,null,364796175,activity,null,HTS,null,11.418,3.843,-0.977,3.018,null,null,null,null,null,null,null,null,null,null,null,null,null,null,null,null,null,null,null,null,null,278941832
TRND-Glioblastoma_LOPAC_U251-primary_screen2,NCGC00024928-51,activity,12.589254,-3,-98.475,-94.157,CC\C(C1=CC=CC=C1)=C(/C2=CC=CC=C2)C3=CC=C(OCCN(C)C)C=C3,null,null,null,null,null,T5648,SIGMA,2021_LOPAC_01,-4.9,null,Tamoxifen,null,-3,null,null,null,100.547,-95.475,4.504,0.075,0.996,null,null,null,null,null,null,3,null,null,6.391,-94.157,-33.993,-40.759,null,null,null,null,null,null,null,null,null,NKANXQFJJICGDU,null,TRND,kCkWkFeXIlyUQEjUcn,null,Selective Estrogen Receptor modulator (SERM),null,null,null,null,null,null,null,54965-24-1,ESR1,null,null,0,4,0,null,null,173033,0 0 0 0,1,1,2025-06-17 16:13:51,null,null,null,null,null,null,null,364796495,activity,null,HTS,12.857182,6.391,-0.543,-2.647,-94.157,null,null,null,null,null,null,null,null,null,null,null,null,null,null,null,null,null,null,null,null,null,278941833
TRND-Glioblastoma_LOPAC_U251-primary_screen2,NCGC00015525-22,activity,null,4,0,2.967,NCCC1=CNC2=C1C=C(O)C=C2,null,null,null,null,null,H9523,SIGMA,2021_LOPAC_01,null,null,Serotonin hydrochloride,null,4,null,null,null,8.24,0,null,null,null,null,null,null,null,null,null,0,null,null,5.942,-2.298,1.643,null,null,null,null,null,null,null,null,null,null,QZAYGJVTTNCVMB,null,TRND,MKpgnDNniarobvIhpM,null,null,null,null,CL,null,null,null,null,153-98-0,null,null,null,0,4,null,null,null,173033,null,1,1,2025-06-17 16:13:51,null,null,null,null,null,null,null,364798467,activity,null,HTS,null,-2.298,5.942,3.302,2.967,null,null,null,null,null,null,null,null,null,null,null,null,null,null,null,null,null,null,null,null,null,278941834
TRND-Glioblastoma_LOPAC_U251-primary_screen2,NCGC00013106-08,activity,null,4,0,8.295,C(C1=CC=CC=C1)[N@+]23CN4CN(CN(C4)C2)C3,null,null,null,null,null,SML0892,SIGMA,2021_LOPAC_01,null,null,Roslin 2,null,4,null,null,null,4.081,0,null,null,null,null,null,null,null,null,null,0,null,null,8.6,4.518,26.289,null,null,null,null,null,null,null,null,null,null,ZEBQXLTZNFGHKI,null,TRND,lhlHmsatIVuFYfkpto,null,null,null,null,BR,null,null,null,null,null,null,null,null,0,4,null,null,null,173033,null,1,1,2025-06-17 16:13:51,null,null,null,null,null,null,null,364800579,activity,null,HTS,null,4.518,8.6,4.833,8.295,null,null,null,null,null,null,null,null,null,null,null,null,null,null,null,null,null,null,null,null,null,278941835
TRND-Glioblastoma_LOPAC_U251-primary_screen2,NCGC00025265-09,activity,10,-2.1,-95.709,-93.522,NC[C@@H]1O[C@@H](CC2=C(O)C(O)=CC=C12)[C@@]34CC5CC(CC(C5)C3)C4,null,null,null,null,null,A255,SIGMA,2021_LOPAC_01,-5,null,A-77636 hydrochloride,null,-2.1,null,null,null,96.991,-93.709,4.504,0.032,0.999,null,null,null,null,null,null,2,null,null,3.469,-93.522,-47.137,-49.999,null,null,null,null,null,null,null,null,null,QLJOSZATCBCBDR,null,TRND,pdUTunSUPOvkzaBiZf,null,null,null,null,CL,null,null,null,null,null,null,null,null,0,4,0,null,null,173033,0 0 0 0,1,1,2025-06-17 16:13:51,null,null,null,null,null,null,null,364798179,activity,null,HTS,10.303024,3.469,0.708,-11.577,-93.522,null,null,null,null,null,null,null,null,null,null,null,null,null,null,null,null,null,null,null,null,null,278941836
TRND-Glioblastoma_LOPAC_U251-primary_screen2,NCGC00182965-13,activity,null,4,-16.5,11.049,OC(CCN1CCCCC1)(C2CC3CC2C=C3)C4=CC=CC=C4,null,null,null,null,null,B5311,SIGMA,2021_LOPAC_01,null,null,Biperiden hydrochloride,null,4,null,null,null,15.008,4,4.955,1,0.85,null,null,null,null,null,null,20.5,null,null,17.241,2.233,58.937,55.609,null,null,null,null,null,null,null,null,null,YSXKPIUOCJLQIE,null,TRND,EiKoYlxhiYtvCIWDNU,null,null,null,null,CL,null,null,null,null,1235-82-1,null,null,null,0,4,1,null,null,173033,0 0 0 1,1,1,2025-06-17 16:13:51,null,null,null,null,null,null,null,364799095,activity,null,HTS,null,17.241,2.233,7.778,11.049,null,null,null,null,null,null,null,null,null,null,null,null,null,null,null,null,null,null,null,null,null,278942347
TRND-Glioblastoma_LOPAC_U251-primary_screen2,NCGC00186006-12,activity,null,4,0,0.261,CC1=CC=CC(C)=C1NC(=O)CN2CCCC2=O,null,null,null,null,null,N2288,SIGMA,2021_LOPAC_01,null,null,Nefiracetam,null,4,null,null,null,7.929,0,null,null,null,null,null,null,null,null,null,0,null,null,8.039,0.11,10.787,null,null,null,null,null,null,null,null,null,null,NGHTXZCKLWZPGK,null,TRND,ycZZbRVeHLKFcMdxwx,null,Gamma-aminobutyric acid receptor subunit alpha-1 modulator,null,null,null,null,null,null,null,77191-36-7,GABRA1,null,null,0,4,null,null,null,173033,null,1,1,2025-06-17 16:13:51,null,null,null,null,null,null,null,364798151,activity,null,HTS,null,0.11,6.76,8.039,0.261,null,null,null,null,null,null,null,null,null,null,null,null,null,null,null,null,null,null,null,null,null,278942348
TRND-Glioblastoma_LOPAC_U251-primary_screen2,NCGC00015344-22,activity,null,4,0,-2.352,CN(C)CC\C=C1/C2=C(COC3=C1C=CC=C3)C=CC=C2,null,null,null,null,null,D4526,SIGMA,2021_LOPAC_01,null,null,Doxepin hydrochloride,null,4,null,null,null,7.381,0,null,null,null,null,null,null,null,null,null,0,null,null,5.029,-2.352,0.215,null,null,null,null,null,null,null,null,null,null,ODQWQRRAPPTVAG,null,TRND,XlfbnRBWXfrHTzLNXC,null,null,null,null,CL,null,null,null,null,4698-39-9,null,null,null,0,4,null,null,null,173033,null,1,1,2025-06-17 16:13:51,null,null,null,null,null,null,null,364796255,activity,null,HTS,null,-1.917,4.66,5.029,-2.352,null,null,null,null,null,null,null,null,null,null,null,null,null,null,null,null,null,null,null,null,null,278942349
TRND-Glioblastoma_LOPAC_U251-primary_screen2,NCGC00024427-31,activity,null,4,0,5.459,OC1=CC=C2C[C@H]3N(CC4CC4)CC[C@@]56[C@@H](OC1=C25)C(=O)CC[C@@]36O,null,null,null,null,null,N3136,SIGMA,2021_LOPAC_01,null,null,Naltrexone hydrochloride,null,4,null,null,null,1.892,0,null,null,null,null,null,null,null,null,null,0,null,null,5.855,3.963,24.786,null,null,null,null,null,null,null,null,null,null,DQCKKXVULJGBQN,null,TRND,kZBTHMcLTrecgYrZzO,null,Mu-Type Opioid Receptor antagonist,null,null,CL,null,null,null,null,16676-29-2,OPRM1,null,null,0,4,null,null,null,173033,null,1,1,2025-06-17 16:13:51,null,null,null,null,null,null,null,364798599,activity,null,HTS,null,5.855,3.963,4.145,5.459,null,null,null,null,null,null,null,null,null,null,null,null,null,null,null,null,null,null,null,null,null,278942350
TRND-Glioblastoma_LOPAC_U251-primary_screen2,NCGC00015210-08,activity,null,4,0,1.055,CC(C)(CO)CC1=CC(=C(O)C(=C1)C(C)(C)C)C(C)(C)C,null,null,null,null,null,C0862,SIGMA,2021_LOPAC_01,null,null,CGP-7930,null,4,null,null,null,8.116,0,null,null,null,null,null,null,null,null,null,0,null,null,9.171,1.055,29.706,null,null,null,null,null,null,null,null,null,null,XLWJPQQFJNGUPA,null,TRND,DeXPorBvOxIirKFXSM,null,null,null,null,null,null,null,null,null,null,null,null,null,0,4,null,null,null,173033,null,1,1,2025-06-17 16:13:51,null,null,null,null,null,null,null,364795931,activity,null,HTS,null,9.171,4.134,1.159,1.055,null,null,null,null,null,null,null,null,null,null,null,null,null,null,null,null,null,null,null,null,null,278942351
TRND-Glioblastoma_LOPAC_U251-primary_screen2,NCGC00015102-06,activity,null,4,-11.646,-8.455,C[N+](C)(CCC(=O)CC[N+](C)(C)C1=CC=C(CC=C)C=C1)C2=CC=C(CC=C)C=C2,null,null,null,null,null,A9013,SIGMA,2021_LOPAC_01,null,null,BW 284c51,null,4,null,null,null,13.229,-10.146,4.504,0.566,0.732,null,null,null,null,null,null,1.5,null,null,4.774,-8.455,8.52,1.768,null,null,null,null,null,null,null,null,null,ASEOEGXVKNFXKD,null,TRND,BlYktCijPHwJnWoKyd,null,null,null,null,BR,null,null,null,null,null,null,null,null,0,4,0,null,null,173033,0 0 0 0,1,1,2025-06-17 16:13:51,null,null,null,null,null,null,null,364797443,activity,null,HTS,null,4.774,-2.523,2.114,-8.455,null,null,null,null,null,null,null,null,null,null,null,null,null,null,null,null,null,null,null,null,null,278942352
TRND-Glioblastoma_LOPAC_U251-primary_screen2,NCGC00015496-30,activity,null,4,10.492,9.2,C[N+](C)(C)CCCCCC[N+](C)(C)C,null,null,null,null,null,H0879,SIGMA,2021_LOPAC_01,null,null,Hexamethonium bromide,null,4,null,null,null,14.609,9,4.504,0.564,0.734,null,null,null,null,null,null,-1.492,null,null,9.2,-5.41,11.566,3.529,null,null,null,null,null,null,null,null,null,VZJFGSRCJCXDSG,null,TRND,IEIKsBFlepEURKyTuy,null,null,null,null,BR,null,null,null,null,null,null,null,null,0,4,0,null,null,173033,0 0 0 0,1,1,2025-06-17 16:13:51,null,null,null,null,null,null,null,364799667,activity,null,HTS,null,2.424,-5.41,5.41,9.2,null,null,null,null,null,null,null,null,null,null,null,null,null,null,null,null,null,null,null,null,null,278942353
TRND-Glioblastoma_LOPAC_U251-primary_screen2,NCGC00096077-25,activity,3.162278,-3,-51.875,0.103,CN1CCN(CC1)C2=NC3=CC=CC=C3NC4=C2C=C(C)S4,null,null,null,null,null,O1141,SIGMA,2021_LOPAC_01,-5.5,null,Olanzapine ,null,-3,null,null,null,48.484,-49.875,3.572,1,1,null,null,null,null,null,null,2,null,null,1.922,-46.562,-51.994,-53.376,null,null,null,null,null,null,null,null,null,KVWDHTXUZHCGIO,null,TRND,uCORxJwfBrSXrxkIzx,null,5-HT2A Receptor antagonist,null,null,null,null,null,null,null,GRT01148,HTR2A,null,null,0,4,1,null,null,173033,0 0 0 1,1,1,2025-06-17 16:13:51,null,null,null,null,null,null,null,364797359,activity,null,HTS,null,1.922,-0.415,-46.562,0.103,null,null,null,null,null,null,null,null,null,null,null,null,null,null,null,null,null,null,null,null,null,278941293
TRND-Glioblastoma_LOPAC_U251-primary_screen2,NCGC00178241-34,activity,null,4,-11.232,0.337,[NH3+][Pt--]([NH3+])(Cl)Cl,null,null,null,null,null,P4394,SIGMA,2021_LOPAC_01,null,null,Cisplatin(Cis-Diammineplatinum),null,4,null,null,null,11.627,1.768,4.955,0.499,0.808,null,null,null,null,null,null,13,null,null,11.434,-0.193,35.318,35.715,null,null,null,null,null,null,null,null,null,LXZZYRPGZAFOLE,null,TRND,VyPPsctLSVQXfBPRux,null,DNA Alkylating Drug,null,null,null,null,null,null,null,15663-27-1,H2AX,null,null,0,4,0,null,null,173033,0 0 0 0,1,1,2025-06-17 16:13:51,null,null,null,null,null,null,null,364798003,activity,null,HTS,null,11.434,-0.193,5.069,0.337,null,null,null,null,null,null,null,null,null,null,null,null,null,null,null,null,null,null,null,null,null,278941294
TRND-Glioblastoma_LOPAC_U251-primary_screen2,NCGC00015220-06,activity,null,4,0,-2.141,NC(=O)C1=CC(N2CC2)=C(C=C1[N+]([O-])=O)[N+]([O-])=O,null,null,null,null,null,C2235,SIGMA,2021_LOPAC_01,null,null,CB 1954,null,4,null,null,null,3.687,0,null,null,null,null,null,null,null,null,null,0,null,null,1.545,-2.141,-3.12,null,null,null,null,null,null,null,null,null,null,WOCXQMCIOTUMJV,null,TRND,UluGWmDOpVQYGauzXD,null,null,null,null,null,null,null,null,null,21919-05-1,null,null,null,0,4,null,null,null,173033,null,1,1,2025-06-17 16:13:51,null,null,null,null,null,null,null,364797867,activity,null,HTS,null,-1.432,1.545,1.289,-2.141,null,null,null,null,null,null,null,null,null,null,null,null,null,null,null,null,null,null,null,null,null,278941295
TRND-Glioblastoma_LOPAC_U251-primary_screen2,NCGC00686543-02,activity,null,4,10.481,8.033,CCOC(=O)C(=C)CC1=C(Cl)C=CC=C1,null,null,null,null,null,SML2239,SIGMA,2021_LOPAC_01,null,null,INF39,null,4,null,null,null,13.434,4.5,4.504,0.564,0.735,null,null,null,null,null,null,-5.981,null,null,8.033,-5.401,-7.142,-6.42,null,null,null,null,null,null,null,null,null,VTAOWWAFBSFWSG,null,TRND,pPWwCRzJVQHeJHBCjT,null,null,null,null,null,null,null,null,null,null,null,null,null,0,4,0,null,null,173033,0 0 0 0,1,1,2025-06-17 16:13:51,null,null,null,null,null,null,null,364799531,activity,null,HTS,null,-5.401,4.407,0.777,8.033,null,null,null,null,null,null,null,null,null,null,null,null,null,null,null,null,null,null,null,null,null,278941296
TRND-Glioblastoma_LOPAC_U251-primary_screen2,NCGC00370786-07,activity,null,4,-24.152,-15.543,COC1=CC=C(OCC2N(CCC3=CC(OC)=C(OC)C=C23)C(=O)C4=CC(Cl)=CC=C4)C=C1,null,null,null,null,null,SML0229,SIGMA,2021_LOPAC_01,null,null,CIQ,null,4,null,null,null,24.016,-17.152,1.967,0.179,0.98,null,null,null,null,null,null,7,null,null,8.473,-15.543,11.122,14.521,null,null,null,null,null,null,null,null,null,VYMILMYEENZHAR,null,TRND,wLtwxvaFRPmBycoOfx,null,null,null,null,null,null,null,null,null,null,null,null,null,0,4,0,null,null,173033,0 0 0 0,1,1,2025-06-17 16:13:51,null,null,null,null,null,null,null,364799219,activity,null,HTS,null,5.321,8.473,-1.994,-15.543,null,null,null,null,null,null,null,null,null,null,null,null,null,null,null,null,null,null,null,null,null,278941297
TRND-Glioblastoma_LOPAC_U251-primary_screen2,NCGC00016041-06,activity,null,4,10.62,-3.723,NC(=C(C#N)C#N)C(=C\C1=CC=C(O)C=C1)\C#N,null,null,null,null,null,T6943,SIGMA,2021_LOPAC_01,null,null,Tyrphostin AG 112,null,4,null,null,null,13.211,4,4.955,1,0.587,null,null,null,null,null,null,-6.62,null,null,8.528,-4.683,-7.178,-4.898,null,null,null,null,null,null,null,null,null,DXVJRTIPBNBLLB,null,TRND,qzgaKNegeMNSQnmfFI,null,null,null,null,null,null,null,null,null,null,null,null,null,0,4,1,null,null,173033,0 0 0 1,1,1,2025-06-17 16:13:51,null,null,null,null,null,null,null,364796751,activity,null,HTS,null,-4.683,8.528,-0.115,-3.723,null,null,null,null,null,null,null,null,null,null,null,null,null,null,null,null,null,null,null,null,null,278941298
TRND-Glioblastoma_LOPAC_U251-primary_screen2,NCGC00387769-05,activity,null,4,0,-1.019,CCNCC1=NC2=C(N1CC(C)(C)O)C3=C(C=CC=C3)N=C2N,null,null,null,null,null,SML0877,SIGMA,2021_LOPAC_01,null,null,Gardiquimod,null,4,null,null,null,7.953,0,null,null,null,null,null,null,null,null,null,0,null,null,6.934,-1.019,22.121,null,null,null,null,null,null,null,null,null,null,FHJATBIERQTCTN,null,TRND,axNYRcXMWrjcWTHGCs,null,Toll-Like Receptor 7 agonist,null,null,null,null,null,null,null,null,TLR7,null,null,0,4,null,null,null,173033,null,1,1,2025-06-17 16:13:51,null,null,null,null,null,null,null,364795571,activity,null,HTS,null,5.04,6.934,5.469,-1.019,null,null,null,null,null,null,null,null,null,null,null,null,null,null,null,null,null,null,null,null,null,278941299
TRND-Glioblastoma_LOPAC_U251-primary_screen2,NCGC00015190-16,activity,null,4,-27.981,-22.484,OC1=CC2=C(CN(CCC2)C(=S)NCCC3=CC=C(Cl)C=C3)C=C1O,null,null,null,null,null,C191,SIGMA,2021_LOPAC_01,null,null,Capsazepine,null,4,null,null,null,29.406,-23.481,1.885,0.289,0.945,null,null,null,null,null,null,4.5,null,null,6.923,-22.484,-12.765,-5.869,null,null,null,null,null,null,null,null,null,DRCMAZOSEIMCHM,null,TRND,aHSrVjOxpzbmnGywRK,null,null,null,null,null,null,null,null,null,138977-28-3,null,null,null,0,4,0,null,null,173033,0 0 0 0,1,1,2025-06-17 16:13:51,null,null,null,null,null,null,null,364798715,activity,null,HTS,null,1.03,6.923,-12.358,-22.484,null,null,null,null,null,null,null,null,null,null,null,null,null,null,null,null,null,null,null,null,null,278941300
TRND-Glioblastoma_LOPAC_U251-primary_screen2,NCGC00015578-25,activity,null,4,0,4.183,CC(C(O)=O)C1=CC=CC(=C1)C(=O)C2=CC=CC=C2,null,null,null,null,null,K1751,SIGMA,2021_LOPAC_01,null,null,Ketoprofen,null,4,null,null,null,5.325,0,null,null,null,null,null,null,null,null,null,0,null,null,9.508,4.183,32.154,null,null,null,null,null,null,null,null,null,null,DKYWVDODHFEZIM,null,TRND,OshvdUODdQgHnUMCIs,null,Cyclooxygenase 1(COX1) inhibitor,null,null,null,null,null,null,null,22071-15-4,PTGS1,null,null,0,4,null,null,null,173033,null,1,1,2025-06-17 16:13:51,null,null,null,null,null,null,null,364798279,activity,null,HTS,null,6.874,6.054,9.508,4.183,null,null,null,null,null,null,null,null,null,null,null,null,null,null,null,null,null,null,null,null,null,278941301
TRND-Glioblastoma_LOPAC_U251-primary_screen2,NCGC00015959-23,activity,10,-2.3,-92.678,-88.966,C[N+]1=C2C3=CC4=C(OCO4)C=C3C=CC2=C5C=CC6=C(OCO6)C5=C1,null,null,null,null,null,S5890,SIGMA,2021_LOPAC_01,-5,null,Sanguinarine chloride,null,-2.1,null,null,null,98.868,-89.678,3.99,0.153,0.985,null,null,null,null,null,null,3,null,null,9.901,-88.966,-30.639,-44.99,null,null,null,null,null,null,null,null,null,INVGWHRKADIJHF,null,TRND,SPBIHvxkMLqRuZKjmr,null,null,null,null,CL,null,null,null,null,5578-73-4,null,null,null,0,4,0,null,null,173033,0 0 0 0,1,1,2025-06-17 16:13:51,null,null,null,null,null,null,null,364799603,activity,null,HTS,10.596634,9.901,-3.287,-12.945,-88.966,null,null,null,null,null,null,null,null,null,null,null,null,null,null,null,null,null,null,null,null,null,278941302
TRND-Glioblastoma_LOPAC_U251-primary_screen2,NCGC00016001-11,activity,null,4,0,8.018,ClC1=CC(Cl)=C(OC2=CC=C(OC3=C(Cl)C=C(Cl)C=N3)C=C2)N=C1,null,null,null,null,null,T1443,SIGMA,2021_LOPAC_01,null,null,TCPOBOP,null,4,null,null,null,3.353,0,null,null,null,null,null,null,null,null,null,0,null,null,8.018,4.665,26.683,null,null,null,null,null,null,null,null,null,null,BAFKRPOFIYPKBQ,null,TRND,gWrpmsIQGZpPOVBVsf,null,null,null,null,null,null,null,null,null,null,null,null,null,0,4,null,null,null,173033,null,1,1,2025-06-17 16:13:51,null,null,null,null,null,null,null,364799211,activity,null,HTS,null,4.665,7.095,6.527,8.018,null,null,null,null,null,null,null,null,null,null,null,null,null,null,null,null,null,null,null,null,null,278941303
TRND-Glioblastoma_LOPAC_U251-primary_screen2,NCGC00167441-13,activity,null,4,12,4.407,[H][C@@]1(CCC2=C(C1)SC(N)=N2)NCCC,null,null,null,null,null,A1237,SIGMA,2021_LOPAC_01,null,null,Pramipexole dihydrochloride,null,4,null,null,null,12.191,12.5,3.99,1,0.999,null,null,null,null,null,null,0.5,null,null,12.536,0.345,23.06,23.566,null,null,null,null,null,null,null,null,null,FASDKYOPVNHBLU,null,TRND,WATYIYjJkNwpWyomRn,null,Dopamine Receptor D3 agonist,null,null,CL,null,null,null,null,104632-26-0,DRD3,null,null,0,4,1,null,null,173033,0 0 0 1,1,1,2025-06-17 16:13:51,null,null,null,null,null,null,null,364800235,activity,null,HTS,null,0.345,9.656,12.536,4.407,null,null,null,null,null,null,null,null,null,null,null,null,null,null,null,null,null,null,null,null,null,278941304
TRND-Glioblastoma_LOPAC_U251-primary_screen2,NCGC00016098-26,activity,null,4,0,-0.219,CC1=CC=CC(C)=C1NC2=NCCCS2,null,null,null,null,null,x1251,SIGMA,2021_LOPAC_01,null,null,xylazine hydrochloride,null,4,null,null,null,6.228,0,null,null,null,null,null,null,null,null,null,0,null,null,3.343,-2.885,-5.457,null,null,null,null,null,null,null,null,null,null,BPICBUSOMSTKRF,null,TRND,GaxktLofbsjTUsMkrf,null,null,null,null,CL,null,null,null,null,23076-35-9,null,null,null,0,4,null,null,null,173033,null,1,1,2025-06-17 16:13:51,null,null,null,null,null,null,null,364798659,activity,null,HTS,null,-2.885,3.343,0.471,-0.219,null,null,null,null,null,null,null,null,null,null,null,null,null,null,null,null,null,null,null,null,null,278941305
TRND-Glioblastoma_LOPAC_U251-primary_screen2,NCGC00486918-03,activity,null,4,0,-0.417,C[C@H](NC(=O)CNC(=O)C1=CC=CC(Cl)=C1)C2=CC=CC=C2,null,null,null,null,null,SML1624,SIGMA,2021_LOPAC_01,null,null,JNJ-63533054,null,4,null,null,null,6.087,0,null,null,null,null,null,null,null,null,null,0,null,null,5.67,-0.417,16.077,null,null,null,null,null,null,null,null,null,null,MWDVCHRYCKXEBY,null,TRND,LtGAXOsbhWsdipmdIe,null,null,null,null,null,null,null,null,null,null,null,null,null,0,4,null,null,null,173033,null,1,1,2025-06-17 16:13:51,null,null,null,null,null,null,null,364798983,activity,null,HTS,null,4.507,-0.253,5.67,-0.417,null,null,null,null,null,null,null,null,null,null,null,null,null,null,null,null,null,null,null,null,null,278941306
TRND-Glioblastoma_LOPAC_U251-primary_screen2,NCGC00015467-39,activity,null,4,-11.385,5.412,COC1=C(C=C(Cl)C=C1)C(=O)NCCC2=CC=C(C=C2)[S+]([O-])(=O)NC(=O)NC3CCCCC3,null,null,null,null,null,G0639,SIGMA,2021_LOPAC_01,null,null,Glybenclamide,null,4,null,null,null,11.127,-2.885,3.297,1,0.999,null,null,null,null,null,null,8.5,null,null,8.723,-2.405,26.4,25.411,null,null,null,null,null,null,null,null,null,LTXYVKMLPDMZDV,null,TRND,JoFOtIcavsYnjqVvZi,null,null,null,null,null,null,null,null,null,10238-21-8,null,null,null,0,4,1,null,null,173033,0 0 0 1,1,1,2025-06-17 16:13:51,null,null,null,null,null,null,null,364796575,activity,null,HTS,null,8.723,7.352,-2.405,5.412,null,null,null,null,null,null,null,null,null,null,null,null,null,null,null,null,null,null,null,null,null,278941307
TRND-Glioblastoma_LOPAC_U251-primary_screen2,NCGC00015500-33,activity,null,4,-21.039,-14.199,OC1(CCN(CCCC(=O)C2=CC=C(F)C=C2)CC1)C3=CC=C(Cl)C=C3,null,null,null,null,null,H1512,SIGMA,2021_LOPAC_01,null,null,Haloperidol,null,4,null,null,null,25.685,-14.539,3.065,0.442,0.856,null,null,null,null,null,null,6.5,null,null,11.486,-14.199,5.404,15.343,null,null,null,null,null,null,null,null,null,LNEPOXFFQSENCJ,null,TRND,QBQdnmXsafOqlbgtrj,null,null,null,null,null,null,null,null,null,52-86-8,null,null,null,0,4,0,null,null,173033,0 0 0 0,1,1,2025-06-17 16:13:51,null,null,null,null,null,null,null,364797127,activity,null,HTS,null,1.711,11.486,0.132,-14.199,null,null,null,null,null,null,null,null,null,null,null,null,null,null,null,null,null,null,null,null,null,278941308
TRND-Glioblastoma_LOPAC_U251-primary_screen2,NCGC00015949-20,activity,null,4,0,0.092,CN1C=C(C2=C1C=CC=C2)C3=C(C(=O)NC3=O)C4=C(Cl)C=C(Cl)C=C4,null,null,null,null,null,S3442,SIGMA,2021_LOPAC_01,null,null,SB 216763,null,4,null,null,null,7.556,0,null,null,null,null,null,null,null,null,null,0,null,null,7.648,0.092,27.461,null,null,null,null,null,null,null,null,null,null,JCSGFHVFHSKIJH,null,TRND,adoMOmFVYYzjMRtJqH,null,null,null,null,null,null,null,null,null,null,null,null,null,0,4,null,null,null,173033,null,1,1,2025-06-17 16:13:51,null,null,null,null,null,null,null,364799215,activity,null,HTS,null,7.648,4.326,4.527,0.092,null,null,null,null,null,null,null,null,null,null,null,null,null,null,null,null,null,null,null,null,null,278941309
TRND-Glioblastoma_LOPAC_U251-primary_screen2,NCGC00181786-09,activity,null,4,0,7.75,CN[S+]([O-])(=O)CCC1=CC=C2NC=C(C3CCN(C)CC3)C2=C1,null,null,null,null,null,N1415,SIGMA,2021_LOPAC_01,null,null,Naratriptan hydrochloride,null,4,null,null,null,7.822,0,null,null,null,null,null,null,null,null,null,0,null,null,7.75,-0.072,13.633,null,null,null,null,null,null,null,null,null,null,DISCIPFLLHHREU,null,TRND,rWsBPaKLphTsrgYVJM,null,null,null,null,HCL,null,null,null,null,143388-64-1,null,null,null,0,4,null,null,null,173033,null,1,1,2025-06-17 16:13:51,null,null,null,null,null,null,null,364799411,activity,null,HTS,null,1.863,-0.072,6.348,7.75,null,null,null,null,null,null,null,null,null,null,null,null,null,null,null,null,null,null,null,null,null,278941310
TRND-Glioblastoma_LOPAC_U251-primary_screen2,NCGC00015287-20,activity,null,4,-12.565,8.265,N[C@@H](CCONC(N)=N)C(O)=O,null,null,null,null,null,C1625,SIGMA,2021_LOPAC_01,null,null,L-Canavanine,null,4,null,null,null,11.594,-3.065,2.048,1,1,null,null,null,null,null,null,9.5,null,null,9.04,-2.554,24.398,24.376,null,null,null,null,null,null,null,null,null,FSBIGDSBMBYOPN,null,TRND,RIOmRxyfmuYJwilSBl,null,null,null,null,null,null,null,null,null,2219-31-0,null,null,null,0,4,1,null,null,173033,0 0 0 1,1,1,2025-06-17 16:13:51,null,null,null,null,null,null,null,364795951,activity,null,HTS,null,9.04,3.489,-2.554,8.265,null,null,null,null,null,null,null,null,null,null,null,null,null,null,null,null,null,null,null,null,null,278941311
TRND-Glioblastoma_LOPAC_U251-primary_screen2,NCGC00018239-17,activity,null,4,0,0.465,CCC(NC(C)C)C(O)C1=CC=C(O)C(O)=C1,null,null,null,null,null,I3639,SIGMA,2021_LOPAC_01,null,null,Isotharine mesylate,null,4,null,null,null,3.796,0,null,null,null,null,null,null,null,null,null,0,null,null,2.821,-0.975,0.333,null,null,null,null,null,null,null,null,null,null,HUYWAWARQUIQLE,null,TRND,ZjWFfrDQJIMfMyDdSR,null,null,null,null,SULFONICACID_V1,null,null,null,null,[NO STEREO] 7279-75-6,null,null,null,0,4,null,null,null,173033,null,1,1,2025-06-17 16:13:51,null,null,null,null,null,null,null,364797723,activity,null,HTS,null,-0.975,1.177,2.821,0.465,null,null,null,null,null,null,null,null,null,null,null,null,null,null,null,null,null,null,null,null,null,278941312
TRND-Glioblastoma_LOPAC_U251-primary_screen2,NCGC00024605-21,activity,null,4,0,-4.602,CN([C@H]1CCCC[C@@H]1N2CCCC2)C(=O)CC3=CC(Cl)=C(Cl)C=C3,null,null,null,null,null,D8040,SIGMA,2021_LOPAC_01,null,null,(±) trans-U-50488 methanesulfonate,null,4,null,null,null,6.136,0,null,null,null,null,null,null,null,null,null,0,null,null,1.534,-4.602,-3.996,null,null,null,null,null,null,null,null,null,null,VQLPLYSROCPWFF,null,TRND,hKIbOFEGSrHbhNkWyD,null,null,null,null,SULFONICACID_V1,null,null,null,null,null,null,null,null,0,4,null,null,null,173033,null,1,1,2025-06-17 16:13:51,null,null,null,null,null,null,null,364799987,activity,null,HTS,null,-0.693,-1.038,1.534,-4.602,null,null,null,null,null,null,null,null,null,null,null,null,null,null,null,null,null,null,null,null,null,278941313
TRND-Glioblastoma_LOPAC_U251-primary_screen2,NCGC00021139-41,activity,null,4,0,3.304,O=C1NC(=O)C(N1)(C2=CC=CC=C2)C3=CC=CC=C3,null,null,null,null,null,D4007,SIGMA,2021_LOPAC_01,null,null,"5,5-Diphenylhydantoin",null,4,null,null,null,8.243,0,null,null,null,null,null,null,null,null,null,0,null,null,11.547,3.304,44.412,null,null,null,null,null,null,null,null,null,null,CXOFVDLJLONNDW,null,TRND,sbTkdISRnDQgnYnuCm,null,null,null,null,null,null,null,null,null,57-41-0,null,null,null,0,4,null,null,null,173033,null,1,1,2025-06-17 16:13:51,null,null,null,null,null,null,null,364798795,activity,null,HTS,null,11.547,4.456,10.746,3.304,null,null,null,null,null,null,null,null,null,null,null,null,null,null,null,null,null,null,null,null,null,278941314
TRND-Glioblastoma_LOPAC_U251-primary_screen2,NCGC00015478-21,activity,null,4,-25.07,-17.558,OC1=C(Br)C=C(\C=C2/C(=O)NC3=C2C=C(I)C=C3)C=C1Br,null,null,null,null,null,G6416,SIGMA,2021_LOPAC_01,null,null,GW5074,null,4,null,null,null,25.507,-18.07,4.504,0.103,0.993,null,null,null,null,null,null,7,null,null,7.949,-17.558,20.678,18.928,null,null,null,null,null,null,null,null,null,LMXYVLFTZRPNRV,null,TRND,xayRJCQcIEBIchAJRr,null,null,null,null,null,null,null,null,null,null,null,null,null,0,4,0,null,null,173033,0 0 0 0,1,1,2025-06-17 16:13:51,null,null,null,null,null,null,null,364797231,activity,null,HTS,null,7.949,5.607,5.622,-17.558,null,null,null,null,null,null,null,null,null,null,null,null,null,null,null,null,null,null,null,null,null,278941315
TRND-Glioblastoma_LOPAC_U251-primary_screen2,NCGC00167578-10,activity,null,4,11.696,1.614,O=C(C[C@H](CC1=CC=CC=C1)C(=O)O[Ca]OC(=O)[C@H](CC(=O)N2C[C@H]3CCCC[C@H]3C2)CC4=CC=CC=C4)N5C[C@H]6CCCC[C@H]6C5,null,null,null,null,null,SML0234,SIGMA,2021_LOPAC_01,null,null,Mitiglinide calcium,null,4,null,null,null,11.462,9,4.504,1,0.999,null,null,null,null,null,null,-2.696,null,null,9.216,-2.247,11.148,10.761,null,null,null,null,null,null,null,null,null,PMRVFZXOCRHXFE,null,TRND,nZOwyhspqkhMpMwmck,null,Insulin Secretagogue,null,null,null,null,null,null,null,207844-01-7,ABCC8,null,null,0,4,1,null,null,173033,0 0 0 1,1,1,2025-06-17 16:13:51,null,null,null,null,null,null,null,364797363,activity,null,HTS,null,-2.247,8.72,9.216,1.614,null,null,null,null,null,null,null,null,null,null,null,null,null,null,null,null,null,null,null,null,null,278941316
TRND-Glioblastoma_LOPAC_U251-primary_screen2,NCGC00092386-29,activity,11.220185,-3,-96.658,-94.899,CN[C@H]1CC[C@@H](C2=CC=C(Cl)C(Cl)=C2)C3=CC=CC=C13,null,null,null,null,null,S6319,SIGMA,2021_LOPAC_01,-4.95,null,Sertraline hydrochloride,null,-3,null,null,null,96.018,-95.658,4.504,0.01,1,null,null,null,null,null,null,1,null,null,1.119,-94.899,-51.82,-51.666,null,null,null,null,null,null,null,null,null,VGKDLMBJGBXTGI,null,TRND,eUhMNmAVmxhEovVuYM,null,Sodium-dependent Serotonin Transporter inhibitor,null,null,CL,null,null,null,null,79559-97-0,SLC6A4,null,null,0,4,0,null,null,173033,0 0 0 0,1,1,2025-06-17 16:13:51,null,null,null,null,null,null,null,364799943,activity,null,HTS,11.448756,0.761,1.119,-6.902,-94.899,null,null,null,null,null,null,null,null,null,null,null,null,null,null,null,null,null,null,null,null,null,278941317
TRND-Glioblastoma_LOPAC_U251-primary_screen2,NCGC00094437-09,activity,null,4,0,4.593,[H][C@](N)(CC1=CNC2=C1C=CC=C2)C(O)=O,null,null,null,null,null,T0254,SIGMA,2021_LOPAC_01,null,null,L-Tryptophan,null,4,null,null,null,7.514,0,null,null,null,null,null,null,null,null,null,0,null,null,4.593,-2.921,4.778,null,null,null,null,null,null,null,null,null,null,QIVBCDIJIAJPQS,null,TRND,FYyzgLoyxMcjQgjubW,null,null,null,null,null,null,null,null,null,73-22-3,null,null,null,0,4,null,null,null,173033,null,1,1,2025-06-17 16:13:51,null,null,null,null,null,null,null,364799835,activity,null,HTS,null,1.662,-2.921,-0.295,4.593,null,null,null,null,null,null,null,null,null,null,null,null,null,null,null,null,null,null,null,null,null,278941318
TRND-Glioblastoma_LOPAC_U251-primary_screen2,NCGC00016011-24,activity,null,4,0,5.442,NCCC1=CC=C(O)C=C1,null,null,null,null,null,T2879,SIGMA,2021_LOPAC_01,null,null,4-Hydroxyphenethylamine hydrochloride,null,4,null,null,null,4.807,0,null,null,null,null,null,null,null,null,null,0,null,null,6.97,2.163,16.763,null,null,null,null,null,null,null,null,null,null,DZGWFCGJZKJUFP,null,TRND,skcgWSymKbJTfGRiEf,null,null,null,null,CL,null,null,null,null,60-19-5,null,null,null,0,4,null,null,null,173033,null,1,1,2025-06-17 16:13:51,null,null,null,null,null,null,null,364796687,activity,null,HTS,null,2.163,4.329,6.97,5.442,null,null,null,null,null,null,null,null,null,null,null,null,null,null,null,null,null,null,null,null,null,278941319
TRND-Glioblastoma_LOPAC_U251-primary_screen2,NCGC00015983-08,activity,19.952623,-3,-48.928,-42.063,OC1(CCN(CCCC(=O)C2=CC=C(F)C=C2)CC1)C3=CC(=CC=C3)C(F)(F)F,null,null,null,null,null,T103,SIGMA,2021_LOPAC_01,-4.7,null,Trifluperidol hydrochloride,null,-3,null,null,null,50.269,-45.428,4.955,0.261,0.955,null,null,null,null,null,null,3.5,null,null,8.207,-42.063,1.872,-7.54,null,null,null,null,null,null,null,null,null,GPMXUUPHFNMNDH,null,TRND,XcOhseWxnBGnzyKbXq,null,null,null,null,HCL,null,null,null,null,2062-77-3,null,null,null,0,4,0,null,null,173033,0 0 0 0,1,1,2025-06-17 16:13:51,null,null,null,null,null,null,null,364798563,activity,null,HTS,null,8.207,-3.328,5.055,-42.063,null,null,null,null,null,null,null,null,null,null,null,null,null,null,null,null,null,null,null,null,null,278941320
TRND-Glioblastoma_LOPAC_U251-primary_screen2,NCGC00015636-09,activity,null,4,-11.858,12.009,[NH-]C1=C[N+](=NO1)N2CCOCC2,null,null,null,null,null,M184,SIGMA,2021_LOPAC_01,null,null,3-Morpholinosydnonimine hydrochloride,null,4,null,null,null,14.391,-4.858,4.955,1,0.822,null,null,null,null,null,null,7,null,null,12.009,-2.381,15.46,19.976,null,null,null,null,null,null,null,null,null,FKDHHVKWGRFRTG,null,TRND,zeuPrNoMFvkoJuNpEs,null,null,null,null,CL,null,null,null,null,null,null,null,null,0,4,1,null,null,173033,0 0 0 1,1,1,2025-06-17 16:13:51,null,null,null,null,null,null,null,364799207,activity,null,HTS,null,4.306,9.198,-2.381,12.009,null,null,null,null,null,null,null,null,null,null,null,null,null,null,null,null,null,null,null,null,null,278941321
TRND-Glioblastoma_LOPAC_U251-primary_screen2,NCGC00015497-09,activity,null,4,15.181,2.898,COC1=C(O)C=CC(CC(O)=O)=C1,null,null,null,null,null,H1252,SIGMA,2021_LOPAC_01,null,null,4-Hydroxy-3-methoxyphenylacetic acid,null,4,null,null,null,15.705,3.5,4.955,0.448,0.853,null,null,null,null,null,null,-11.681,null,null,6.805,-8.901,-17.999,-17.424,null,null,null,null,null,null,null,null,null,QRMZSPFSDQBLIX,null,TRND,UQJIdZQgeCbabWqqvB,null,null,null,null,null,null,null,null,null,306-08-1,null,null,null,0,4,0,null,null,173033,0 0 0 0,1,1,2025-06-17 16:13:51,null,null,null,null,null,null,null,364800307,activity,null,HTS,null,-8.901,6.805,0.606,2.898,null,null,null,null,null,null,null,null,null,null,null,null,null,null,null,null,null,null,null,null,null,278941322
TRND-Glioblastoma_LOPAC_U251-primary_screen2,NCGC00015941-12,activity,null,4,0,3.196,NCCCNCCCCNCCCN,null,null,null,null,null,S2876,SIGMA,2021_LOPAC_01,null,null,Spermine tetrahydrochloride,null,4,null,null,null,7.901,0,null,null,null,null,null,null,null,null,null,0,null,null,7.521,-0.38,10.137,null,null,null,null,null,null,null,null,null,null,PFNFFQXMRSDOHW,null,TRND,NpjaqeQdPJOKCurBfQ,null,null,null,null,CL,null,null,null,null,null,null,null,null,0,4,null,null,null,173033,null,1,1,2025-06-17 16:13:51,null,null,null,null,null,null,null,364797671,activity,null,HTS,null,-0.38,7.521,6.086,3.196,null,null,null,null,null,null,null,null,null,null,null,null,null,null,null,null,null,null,null,null,null,278941323
TRND-Glioblastoma_LOPAC_U251-primary_screen2,NCGC00390660-09,activity,null,4,14,3.975,COC1=CC(=CC(OC)=C1OC)C2=CC(=CN=C2C)C3=CC=C(C=C3)N4CCNCC4,null,null,null,null,null,SML1119,SIGMA,2021_LOPAC_01,null,null,LDN-214117,null,4,null,null,null,11.685,15,1.509,1,1,null,null,null,null,null,null,1,null,null,14.16,2.475,30.359,30.691,null,null,null,null,null,null,null,null,null,BHUXVRVMMYAXKN,null,TRND,uUdyGaWceRnUVEiHdV,null,ALK2 inhibitor,null,null,null,null,null,null,null,null,ACVR1,null,null,0,4,1,null,null,173033,0 0 0 1,1,1,2025-06-17 16:13:51,null,null,null,null,null,null,null,364798283,activity,null,HTS,null,2.475,8.794,14.16,3.975,null,null,null,null,null,null,null,null,null,null,null,null,null,null,null,null,null,null,null,null,null,278941324
TRND-Glioblastoma_LOPAC_U251-primary_screen2,NCGC00015956-12,activity,null,4,-33.866,-13.222,CC[C@H](NC(=O)C1=C(C)C(=NC2=CC=CC=C12)C3=CC=CC=C3)C4=CC=CC=C4,null,null,null,null,null,S5192,SIGMA,2021_LOPAC_01,null,null,SB 222200,null,4,null,null,null,29.361,-19.866,1.399,0.233,0.965,null,null,null,null,null,null,14,null,null,16.139,-13.222,48.483,43.31,null,null,null,null,null,null,null,null,null,MQNYRKWJSMQECI,null,TRND,ZorrRCQhyEZEIcIVGC,null,null,null,null,null,null,null,null,null,null,null,null,null,0,4,0,null,null,173033,0 0 0 0,1,1,2025-06-17 16:13:51,null,null,null,null,null,null,null,364796275,activity,null,HTS,null,16.139,9.577,5.653,-13.222,null,null,null,null,null,null,null,null,null,null,null,null,null,null,null,null,null,null,null,null,null,278941325
TRND-Glioblastoma_LOPAC_U251-primary_screen2,NCGC00476190-04,activity,null,4,-19.678,-11.398,ClC1=CC=C(OC2=CC=C(NC(=O)C3=CC=CC=N3)C=C2Cl)N=C1,null,null,null,null,null,SML1245,SIGMA,2021_LOPAC_01,null,null,ML396,null,4,null,null,null,22.124,-12.178,2.253,0.388,0.894,null,null,null,null,null,null,7.5,null,null,10.726,-11.398,9.608,17.382,null,null,null,null,null,null,null,null,null,MZRLPXFGQKQHST,null,TRND,mOqslyUZLRLdrXwupS,null,null,null,null,null,null,null,null,null,null,null,null,null,0,4,0,null,null,173033,0 0 0 0,1,1,2025-06-17 16:13:51,null,null,null,null,null,null,null,364798167,activity,null,HTS,null,3.747,10.726,-3.282,-11.398,null,null,null,null,null,null,null,null,null,null,null,null,null,null,null,null,null,null,null,null,null,278941326
TRND-Glioblastoma_LOPAC_U251-primary_screen2,NCGC00015953-09,activity,null,4,0,-4.312,CC1=C(CC#N)N2C=CC=C(OCC3=CC=CC=C3)C2=N1,null,null,null,null,null,S4443,SIGMA,2021_LOPAC_01,null,null,SCH-28080,null,4,null,null,null,8.054,0,null,null,null,null,null,null,null,null,null,0,null,null,3.742,-4.312,5.982,null,null,null,null,null,null,null,null,null,null,PYKJFEPAUKAXNN,null,TRND,UEHEIbQYcfHegspRzw,null,null,null,null,null,null,null,null,null,76081-98-6,null,null,null,0,4,null,null,null,173033,null,1,1,2025-06-17 16:13:51,null,null,null,null,null,null,null,364797543,activity,null,HTS,null,3.742,-3.417,0.361,-4.312,null,null,null,null,null,null,null,null,null,null,null,null,null,null,null,null,null,null,null,null,null,278941837
TRND-Glioblastoma_LOPAC_U251-primary_screen2,NCGC00015767-25,activity,null,4,0,3.385,CCN(CC)CC#CCOC(=O)C(O)(C1CCCCC1)C2=CC=CC=C2,null,null,null,null,null,O2881,SIGMA,2021_LOPAC_01,null,null,Oxybutynin Chloride,null,4,null,null,null,7.33,0,null,null,null,null,null,null,null,null,null,0,null,null,8.345,1.015,17.51,null,null,null,null,null,null,null,null,null,null,XIQVNETUBQGFHX,null,TRND,ISiLzPkfdEMvCAwmlf,null,null,null,null,CL,null,null,null,null,1508-65-2,null,null,null,0,4,null,null,null,173033,null,1,1,2025-06-17 16:13:51,null,null,null,null,null,null,null,364798559,activity,null,HTS,null,3.311,8.345,1.015,3.385,null,null,null,null,null,null,null,null,null,null,null,null,null,null,null,null,null,null,null,null,null,278941838
TRND-Glioblastoma_LOPAC_U251-primary_screen2,NCGC00015581-18,activity,null,4,12.869,6.614,OC(=O)C1=CC(O)=C2C=CC=CC2=N1,null,null,null,null,null,K3375,SIGMA,2021_LOPAC_01,null,null,Kynurenic acid,null,4,null,null,null,16.534,10.5,4.955,0.491,0.815,null,null,null,null,null,null,-2.369,null,null,14.144,-2.391,7.782,7.288,null,null,null,null,null,null,null,null,null,HCZHHEIFKROPDY,null,TRND,XVfWPfyDOjkjSXpvXg,null,null,null,null,null,null,null,null,null,492-27-3,null,null,null,0,4,0,null,null,173033,0 0 0 0,1,1,2025-06-17 16:13:51,null,null,null,null,null,null,null,364800199,activity,null,HTS,null,-2.391,1.502,14.144,6.614,null,null,null,null,null,null,null,null,null,null,null,null,null,null,null,null,null,null,null,null,null,278941839
TRND-Glioblastoma_LOPAC_U251-primary_screen2,NCGC00480786-06,activity,1,-1.4,-19.247,-33.813,CC1=C(N=C2C=CC(F)=CC2=C1C(O)=O)C3=CC=C(C=C3)C4=CC=CC=C4F,null,null,null,null,null,SML0113,SIGMA,2021_LOPAC_01,-6,null,BRequinar sodium salt hydrate,null,-1.2,null,null,null,18.539,-34.214,2.121,0.084,0.996,null,null,null,null,null,null,-14.967,null,null,-16.223,-34.762,-106.207,-105.424,null,null,null,null,null,null,null,null,null,PHEZJEYUWHETKO,null,TRND,UgrYHSfuKDkspNFUMn,null,Dihydroorotate Dehydrogenase inhibitor,null,null,SODIUM,null,null,null,null,96187-53-0,DHODH,null,null,0,4,0,null,null,173033,0 0 0 0,1,1,2025-06-17 16:13:51,null,null,null,null,null,null,null,364796915,activity,null,HTS,null,-16.223,-27.336,-34.762,-33.813,null,null,null,null,null,null,null,null,null,null,null,null,null,null,null,null,null,null,null,null,null,278941840
TRND-Glioblastoma_LOPAC_U251-primary_screen2,NCGC00165791-12,activity,null,4,0,1.015,NC1=NCC2N1C3=C(CC4=C2C=CC=C4)C=CC=C3,null,null,null,null,null,E5156,SIGMA,2021_LOPAC_01,null,null,Epinastine hydrochloride,null,4,null,null,null,7.234,0,null,null,null,null,null,null,null,null,null,0,null,null,7.809,0.575,27.421,null,null,null,null,null,null,null,null,null,null,WHWZLSFABNNENI,null,TRND,mWMhIlbmbhsdbuDHoc,null,null,null,null,HCL,null,null,null,null,108929-04-0,null,null,null,0,4,null,null,null,173033,null,1,1,2025-06-17 16:13:51,null,null,null,null,null,null,null,364797247,activity,null,HTS,null,7.809,0.575,6.884,1.015,null,null,null,null,null,null,null,null,null,null,null,null,null,null,null,null,null,null,null,null,null,278941841
TRND-Glioblastoma_LOPAC_U251-primary_screen2,NCGC00180598-04,activity,2.818383,-1.2,-36.007,-24.59,COC1=C(O)C=C(C=C1)\C2=C\C(=O)C3=C(O2)C=C(OC)C(=C3O)OC,null,null,null,null,null,E4660,SIGMA,2021_LOPAC_01,-5.55,null,Eupatorin,null,4,null,null,null,34.369,-25.507,1.626,0.013,1,null,null,null,null,null,null,10.5,null,null,9.78,-24.59,3.033,2.694,null,null,null,null,null,null,null,null,null,KLAOKWJLUQKWIF,null,TRND,HZDhpLwbFZKmqBRots,null,null,null,null,null,null,null,null,null,855-96-9,null,null,null,0,4,0,null,null,173033,0 0 0 0,1,1,2025-06-17 16:13:51,null,null,null,null,null,null,null,364800255,activity,null,HTS,null,9.78,2.365,-18.354,-24.59,null,null,null,null,null,null,null,null,null,null,null,null,null,null,null,null,null,null,null,null,null,278941842
TRND-Glioblastoma_LOPAC_U251-primary_screen2,NCGC00015096-36,activity,19.952623,-3,-94.412,-87.418,CCCCC1=C(C(=O)C2=CC(I)=C(OCCN(CC)CC)C(I)=C2)C3=C(O1)C=CC=C3,null,null,null,null,null,A8423,SIGMA,2021_LOPAC_01,-4.7,null,Amiodarone hydrochloride,null,-3,null,null,null,88.15,-94.412,4.955,0.037,0.999,null,null,null,null,null,null,0,null,null,0.731,-87.418,-46.013,-46.284,null,null,null,null,null,null,null,null,null,IYIKLHRQXLHMJQ,null,TRND,ucpugjvTpRIgRVrlHn,null,Voltage gated potassium channel blocker,null,null,CL,null,null,null,null,19774-82-4,KCNH2,null,null,0,4,0,null,null,173033,0 0 0 0,1,1,2025-06-17 16:13:51,null,null,null,null,null,null,null,364798067,activity,null,HTS,20.43563,0.265,-1.866,0.731,-87.418,null,null,null,null,null,null,null,null,null,null,null,null,null,null,null,null,null,null,null,null,null,278941843
TRND-Glioblastoma_LOPAC_U251-primary_screen2,NCGC00015501-30,activity,19.952623,-3,-62.284,-54.892,NNC1=C2C=CC=CC2=CN=N1,null,null,null,null,null,H1753,SIGMA,2021_LOPAC_01,-4.7,null,Hydralazine hydrochloride,null,-3,null,null,null,60.788,-59.284,4.955,0.137,0.988,null,null,null,null,null,null,3,null,null,5.895,-54.892,-25.854,-16.437,null,null,null,null,null,null,null,null,null,RPTUSVTUFVMDQK,null,TRND,oKiKaEvRlYQBDJXeRW,null,Myeloperoxidase inhibitor,null,null,CL,null,null,null,null,304-20-1,MPO,null,null,0,4,0,null,null,173033,0 0 0 0,1,1,2025-06-17 16:13:51,null,null,null,null,null,null,null,364797767,activity,null,HTS,28.027265,-1.427,5.895,4.063,-54.892,null,null,null,null,null,null,null,null,null,null,null,null,null,null,null,null,null,null,null,null,null,278941844
TRND-Glioblastoma_LOPAC_U251-primary_screen2,NCGC00015417-18,activity,null,4,0,-1.982,CNCC(O)C1=CC(O)=C(O)C=C1,null,null,null,null,null,E4642,SIGMA,2021_LOPAC_01,null,null,(±)-Epinephrine hydrochloride,null,4,null,null,null,8.221,0,null,null,null,null,null,null,null,null,null,0,null,null,6.238,-1.982,20.13,null,null,null,null,null,null,null,null,null,null,UCTWMZQNUQWSLP,null,TRND,XlLWpCVRFTHgptTZNO,null,null,null,null,CL,null,null,null,null,329-63-5,null,null,null,0,4,null,null,null,173033,null,1,1,2025-06-17 16:13:51,null,null,null,null,null,null,null,364798379,activity,null,HTS,null,5.531,6.238,2.091,-1.982,null,null,null,null,null,null,null,null,null,null,null,null,null,null,null,null,null,null,null,null,null,278941845
TRND-Glioblastoma_LOPAC_U251-primary_screen2,NCGC00015480-21,activity,null,4,0,-3.349,CC(C)(SC1=CC=C(CCN(CCCCC2CCCCC2)C(=O)NC3CCCCC3)C=C1)C(O)=O,null,null,null,null,null,G6793,SIGMA,2021_LOPAC_01,null,null,GW7647,null,4,null,null,null,5.459,0,null,null,null,null,null,null,null,null,null,0,null,null,2.11,-3.349,-4.513,null,null,null,null,null,null,null,null,null,null,PKNYXWMTHFMHKD,null,TRND,bDKlQtEvaHVuMEWPaK,null,null,null,null,null,null,null,null,null,null,null,null,null,0,4,null,null,null,173033,null,1,1,2025-06-17 16:13:51,null,null,null,null,null,null,null,364798507,activity,null,HTS,null,-0.842,2.11,-2.705,-3.349,null,null,null,null,null,null,null,null,null,null,null,null,null,null,null,null,null,null,null,null,null,278941846
TRND-Glioblastoma_LOPAC_U251-primary_screen2,NCGC00370908-11,activity,null,4,12.661,13.865,CC(C)(C)C1=CC(=C2OC(=O)C(O)(C2=C1)C(F)(F)F)C(C)(C)C,null,null,null,null,null,SML0275,SIGMA,2021_LOPAC_01,null,null,rac BHFF,null,4,null,null,null,17.332,14.5,2.72,0.717,0.435,null,null,null,null,null,null,1.839,null,null,13.865,-3.468,36.015,16.728,null,null,null,null,null,null,null,null,null,RVNOANDLZIIFHB,null,TRND,ZReEZJLxyrlrVzKGgi,null,null,null,null,null,null,null,null,null,null,null,null,null,0,4,0,null,null,173033,0 0 0 0,1,1,2025-06-17 16:13:51,null,null,null,null,null,null,null,364797407,activity,null,HTS,null,10.122,-3.468,4.376,13.865,null,null,null,null,null,null,null,null,null,null,null,null,null,null,null,null,null,null,null,null,null,278941847
TRND-Glioblastoma_LOPAC_U251-primary_screen2,NCGC00384186-15,activity,null,4,11.064,5.926,N#CC1=CC=C(C=C1)C2=CSC(NN=C3CCCC3)=N2,null,null,null,null,null,SML1112,SIGMA,2021_LOPAC_01,null,null,Remodelin hydrobromide,null,4,null,null,null,10.563,5,4.955,0.197,0.976,null,null,null,null,null,null,-6.064,null,null,5.926,-4.637,-3.201,-3.503,null,null,null,null,null,null,null,null,null,XAEJIFARBQJLML,null,TRND,nNsbedzYERvlYcrCgp,null,null,null,null,BR,null,null,null,null,null,null,null,null,0,4,0,null,null,173033,0 0 0 0,1,1,2025-06-17 16:13:51,null,null,null,null,null,null,null,364797415,activity,null,HTS,null,-4.637,5.286,4.088,5.926,null,null,null,null,null,null,null,null,null,null,null,null,null,null,null,null,null,null,null,null,null,278941848
TRND-Glioblastoma_LOPAC_U251-primary_screen2,NCGC00167758-08,activity,19.952623,-3,-39.507,-35.192,CC1=C(CCN2CCC3(CC2)OC(=O)NC4=C3C=C(C)C=C4)N=C(O1)C5=CC=CC=C5,null,null,null,null,null,SML0711,SIGMA,2021_LOPAC_01,-4.7,null,RS504393,null,-3,null,null,null,41.041,-38.007,4.955,0.372,0.904,null,null,null,null,null,null,1.5,null,null,5.85,-35.192,-30.429,-12.319,null,null,null,null,null,null,null,null,null,ODNICNWASXKNNQ,null,TRND,ZOgcIdTwgSJXWqapTW,null,null,null,null,null,null,null,null,null,null,null,null,null,0,4,0,null,null,173033,0 0 0 0,1,1,2025-06-17 16:13:51,null,null,null,null,null,null,null,364799287,activity,null,HTS,null,-7.053,5.084,5.85,-35.192,null,null,null,null,null,null,null,null,null,null,null,null,null,null,null,null,null,null,null,null,null,278941849
TRND-Glioblastoma_LOPAC_U251-primary_screen2,NCGC00390649-04,activity,10,-2.1,-100.195,-93.099,OC1=C(C(OCC2CC2)=CC=C1)C3=CC([C@@H]4CCCNC4)=C5COC(=O)NC5=N3,null,null,null,null,null,SML2098,SIGMA,2021_LOPAC_01,-5,null,KINK-1 hydrochloride,null,-2.1,null,null,null,96.742,-97.195,2.588,0.023,1,null,null,null,null,null,null,3,null,null,3.643,-93.099,-53.777,-54.92,null,null,null,null,null,null,null,null,null,IGJVFGZEWDGDOO,null,TRND,KeYtKeQAOjgruBgVtg,null,inhibitor of nuclear factor kappa-B kinase subunit beta inhibitor,null,null,CL,null,null,null,null,null,IKBKB,null,null,0,4,0,null,null,173033,0 0 0 0,1,1,2025-06-17 16:13:51,null,null,null,null,null,null,null,364796271,activity,null,HTS,10.225537,3.643,1.245,-22.619,-93.099,null,null,null,null,null,null,null,null,null,null,null,null,null,null,null,null,null,null,null,null,null,278941850
TRND-Glioblastoma_LOPAC_U251-primary_screen2,NCGC00015004-23,activity,null,4,0,3.353,ClC1=CC2=C(OC3=C(C=CC=C3)N=C2N4CCNCC4)C=C1,null,null,null,null,null,A129,SIGMA,2021_LOPAC_01,null,null,Amoxapine,null,4,null,null,null,7.24,0,null,null,null,null,null,null,null,null,null,0,null,null,5.712,-1.528,20.129,null,null,null,null,null,null,null,null,null,null,QWGDMFLQWFTERH,null,TRND,ijXbWhodDPGEmbivRp,null,null,null,null,null,null,null,null,null,14028-44-5,null,null,null,0,4,null,null,null,173033,null,1,1,2025-06-17 16:13:51,null,null,null,null,null,null,null,364797491,activity,null,HTS,null,5.565,5.712,-1.528,3.353,null,null,null,null,null,null,null,null,null,null,null,null,null,null,null,null,null,null,null,null,null,278941851
TRND-Glioblastoma_LOPAC_U251-primary_screen2,NCGC00015784-20,activity,null,4,19,14.165,CC1=C(CCN2CCC(CC2)C(=O)C3=CC=C(F)C=C3)C(=O)N4C=CC=CC4=N1,null,null,null,null,null,P126,SIGMA,2021_LOPAC_01,null,null,Pirenperone,null,4,null,null,null,13.937,17,0.5,0.59,0.699,null,null,null,null,null,null,-2,null,null,14.165,0.228,18.614,23.201,null,null,null,null,null,null,null,null,null,HXCNRYXBZNHDNE,null,TRND,BIUbzwKZXISkJYOXPG,null,null,null,null,null,null,null,null,null,75444-65-4,null,null,null,0,4,0,null,null,173033,0 0 0 0,1,1,2025-06-17 16:13:51,null,null,null,null,null,null,null,364798299,activity,null,HTS,null,0.228,9.121,5.952,14.165,null,null,null,null,null,null,null,null,null,null,null,null,null,null,null,null,null,null,null,null,null,278941852
TRND-Glioblastoma_LOPAC_U251-primary_screen2,NCGC00014991-10,activity,null,4,-9,2.163,NCCCCC(O)=O,null,null,null,null,null,194336,SIGMA,2021_LOPAC_01,null,null,5-Aminovaleric acid hydrochloride,null,4,null,null,null,10.579,-0.5,4.955,0.688,0.517,null,null,null,null,null,null,8.5,null,null,12.742,2.163,35.71,36.645,null,null,null,null,null,null,null,null,null,JJMDCOVWQOJGCB,null,TRND,rwYlakewWeCPPVXEZN,null,null,null,null,CL,null,null,null,null,null,null,null,null,0,4,0,null,null,173033,0 0 0 0,1,1,2025-06-17 16:13:51,null,null,null,null,null,null,null,364797563,activity,null,HTS,null,7.964,5.097,12.742,2.163,null,null,null,null,null,null,null,null,null,null,null,null,null,null,null,null,null,null,null,null,null,278941853
TRND-Glioblastoma_LOPAC_U251-primary_screen2,NCGC00015655-16,activity,null,4,0,9.991,CC(C)NCC(O)C1=CC(O)=CC(O)=C1,null,null,null,null,null,M2398,SIGMA,2021_LOPAC_01,null,null,Metaproterenol hemisulfate,null,4,null,null,null,5.26,0,null,null,null,null,null,null,null,null,null,0,null,null,9.991,4.732,37.216,null,null,null,null,null,null,null,null,null,null,LMOINURANNBYCM,null,TRND,VLrwoKfMhzkgdYprRF,null,null,null,null,SULFURIC_ACID,null,null,null,null,586-06-1,null,null,null,0,4,null,null,null,173033,null,1,1,2025-06-17 16:13:51,null,null,null,null,null,null,null,364796339,activity,null,HTS,null,8.737,4.732,6.31,9.991,null,null,null,null,null,null,null,null,null,null,null,null,null,null,null,null,null,null,null,null,null,278941854
TRND-Glioblastoma_LOPAC_U251-primary_screen2,NCGC00162375-07,activity,null,4,0,3.477,[S-]C(=S)OC1CC2CC1C3CCCC23,null,null,null,null,null,T8543,SIGMA,2021_LOPAC_01,null,null,D-609 potassium,null,4,null,null,null,8.344,0,null,null,null,null,null,null,null,null,null,0,null,null,11.479,3.135,21.847,null,null,null,null,null,null,null,null,null,null,PWLXJBSAUKKGCM,null,TRND,mlYanygsoOQqvOSApx,null,null,null,null,null,null,null,null,null,null,null,null,null,0,4,null,null,null,173033,null,1,1,2025-06-17 16:13:51,null,null,null,null,null,null,null,364798547,activity,null,HTS,null,3.135,4.712,11.479,3.477,null,null,null,null,null,null,null,null,null,null,null,null,null,null,null,null,null,null,null,null,null,278941855
TRND-Glioblastoma_LOPAC_U251-primary_screen2,NCGC00162218-14,activity,null,4,-13.997,-0.831,CCC1=C(C)NC2=C1C(=O)C(CN3CCOCC3)CC2,null,null,null,null,null,M1818,SIGMA,2021_LOPAC_01,null,null,Molindone hydrochloride,null,4,null,null,null,15.017,-2.497,4.955,0.37,0.905,null,null,null,null,null,null,11.5,null,null,14.186,-0.831,43.469,47.559,null,null,null,null,null,null,null,null,null,KLPWJLBORRMFGK,null,TRND,EgqhIXWjYOZSbMpebq,null,null,null,null,CL,null,null,null,null,15622-65-8,null,null,null,0,4,0,null,null,173033,0 0 0 0,1,1,2025-06-17 16:13:51,null,null,null,null,null,null,null,364796987,activity,null,HTS,null,9.579,10.593,14.186,-0.831,null,null,null,null,null,null,null,null,null,null,null,null,null,null,null,null,null,null,null,null,null,278941856
TRND-Glioblastoma_LOPAC_U251-primary_screen2,NCGC00016018-25,activity,null,4,0,9.884,C1CN=C(N1)C2CCCC3=C2C=CC=C3,null,null,null,null,null,T4264,SIGMA,2021_LOPAC_01,null,null,Tetrahydrozoline hydrochloride,null,4,null,null,null,9.825,0,null,null,null,null,null,null,null,null,null,0,null,null,9.884,0.058,30.226,null,null,null,null,null,null,null,null,null,null,BYJAVTDNIXVSPW,null,TRND,FyCqATJkxIygaAiVBM,null,null,null,null,CL,null,null,null,null,522-48-5,null,null,null,0,4,null,null,null,173033,null,1,1,2025-06-17 16:13:51,null,null,null,null,null,null,null,364796703,activity,null,HTS,null,8.734,1.077,0.058,9.884,null,null,null,null,null,null,null,null,null,null,null,null,null,null,null,null,null,null,null,null,null,278941857
TRND-Glioblastoma_LOPAC_U251-primary_screen2,NCGC00015148-15,activity,null,4,0,5.299,CCCC[S+]([O-])(=N)CCC(N)C(O)=O,null,null,null,null,null,B2515,SIGMA,2021_LOPAC_01,null,null,L-Buthionine-sulfoximine,null,4,null,null,null,9.044,0,null,null,null,null,null,null,null,null,null,0,null,null,5.299,-3.745,12.568,null,null,null,null,null,null,null,null,null,null,WDFRNLYXRQXXFS,null,TRND,qgvRjyyhcJnDBNojxN,null,Glutamate-Cysteine Ligase catalytic subunit inhibitor,null,null,null,null,null,null,null,83730-53-4,GCLC,null,null,0,4,null,null,null,173033,null,1,1,2025-06-17 16:13:51,null,null,null,null,null,null,null,364799799,activity,null,HTS,null,4.261,0.825,-3.745,5.299,null,null,null,null,null,null,null,null,null,null,null,null,null,null,null,null,null,null,null,null,null,278941858
TRND-Glioblastoma_LOPAC_U251-primary_screen2,NCGC00476206-05,activity,null,4,-24.353,-26.199,ClC1=CC=CC(Cl)=C1CSC2=NN=C(S2)C3=NC=CN=C3,null,null,null,null,null,SML1558,SIGMA,2021_LOPAC_01,null,null,Yoda1 ,null,4,null,null,null,22.377,-27.438,1.627,0.066,0.997,null,null,null,null,null,null,-3.086,null,null,-3.821,-26.199,-39.694,-38.279,null,null,null,null,null,null,null,null,null,BQNXBSYSQXSXPT,null,TRND,BbPRBumTVzmjFSFFgL,null,null,null,null,null,null,null,null,null,null,null,null,null,0,4,0,null,null,173033,0 0 0 0,1,1,2025-06-17 16:13:51,null,null,null,null,null,null,null,364797479,activity,null,HTS,null,-3.821,-4.544,-17.363,-26.199,null,null,null,null,null,null,null,null,null,null,null,null,null,null,null,null,null,null,null,null,null,278941859
TRND-Glioblastoma_LOPAC_U251-primary_screen2,NCGC00015667-06,activity,null,4,0,5.245,COC(=O)C(C)(N)CC1=CC=C(O)C=C1,null,null,null,null,null,M3281,SIGMA,2021_LOPAC_01,null,null,alpha-Methyl-DL-tyrosine methyl ester hydrochloride,null,4,null,null,null,9.099,0,null,null,null,null,null,null,null,null,null,0,null,null,7.031,-2.068,21.329,null,null,null,null,null,null,null,null,null,null,WYJJUDJUEGRXHZ,null,TRND,vcbpLftqxXWFSaNJbx,null,null,null,null,CL,null,null,null,null,null,null,null,null,0,4,null,null,null,173033,null,1,1,2025-06-17 16:13:51,null,null,null,null,null,null,null,364799551,activity,null,HTS,null,7.031,0.722,-2.068,5.245,null,null,null,null,null,null,null,null,null,null,null,null,null,null,null,null,null,null,null,null,null,278941860
TRND-Glioblastoma_LOPAC_U251-primary_screen2,NCGC00015424-16,activity,11.220185,-3,-103.513,-93.763,FC1=CC=C(C=C1)C(CCCN2CCC3(CC2)N(CNC3=O)C4=CC=CC=C4)C5=CC=C(F)C=C5,null,null,null,null,null,F100,SIGMA,2021_LOPAC_01,-4.95,null,Fluspirilene,null,-3,null,null,null,110.629,-94.513,4.504,0.166,0.983,null,null,null,null,null,null,9,null,null,16.866,-93.763,-35.816,-18.072,null,null,null,null,null,null,null,null,null,QOYHHIBFXOOADH,null,TRND,fwkuzCAcbrPdrHeGNJ,null,null,null,null,null,null,null,null,null,1841-19-6,null,null,null,0,4,0,null,null,173033,0 0 0 0,1,1,2025-06-17 16:13:51,null,null,null,null,null,null,null,364797839,activity,null,HTS,11.513476,0.595,16.866,0.053,-93.763,null,null,null,null,null,null,null,null,null,null,null,null,null,null,null,null,null,null,null,null,null,278941861
TRND-Glioblastoma_LOPAC_U251-primary_screen2,NCGC00015607-08,activity,null,4,-9.296,-4.413,[Li]Cl,null,null,null,null,null,L4408,SigmaAldrich,2021_LOPAC_01,null,null,Lithium salts (lithium chloride),null,4,null,null,null,12.283,-4.296,4.955,0.499,0.808,null,null,null,null,null,null,5,null,null,7.87,-4.413,12.443,17.85,null,null,null,null,null,null,null,null,null,KWGKDLIKAYFUFQ,null,TRND,esIwsYcujhGvRSRSGK,null,null,null,null,null,null,null,null,null,7447-41-8,null,null,null,0,4,0,null,null,173033,0 0 0 0,1,1,2025-06-17 16:13:51,null,null,null,null,null,null,null,364798419,activity,null,HTS,null,2.359,7.87,3.885,-4.413,null,null,null,null,null,null,null,null,null,null,null,null,null,null,null,null,null,null,null,null,null,278941862
TRND-Glioblastoma_LOPAC_U251-primary_screen2,NCGC00387253-06,activity,null,4,-29.88,-25.317,COC1=CC=C(C=C1)[S+]([O-])(=O)NC2=C(C)C=C(C)C=C2C,null,null,null,null,null,SML1152,SIGMA,2021_LOPAC_01,null,null,GSK137647A,null,4,null,null,null,32.623,-25.88,4.504,0.23,0.966,null,null,null,null,null,null,4,null,null,7.306,-25.317,9.578,2.723,null,null,null,null,null,null,null,null,null,VHIZJBNAQSPVME,null,TRND,cIUWIcOeTYZVRPmUSO,null,null,null,null,null,null,null,null,null,null,null,null,null,0,4,0,null,null,173033,0 0 0 0,1,1,2025-06-17 16:13:51,null,null,null,null,null,null,null,364799007,activity,null,HTS,null,7.306,0.619,3.115,-25.317,null,null,null,null,null,null,null,null,null,null,null,null,null,null,null,null,null,null,null,null,null,278941863
TRND-Glioblastoma_LOPAC_U251-primary_screen2,NCGC00015848-25,activity,null,4,-11.05,-2.542,N[C@@H]1C[C@H]1C2=CC=CC=C2,null,null,null,null,null,P8511,SIGMA,2021_LOPAC_01,null,null,Tranylcypromine hydrochloride,null,4,null,null,null,13.546,-4.05,4.955,0.607,0.673,null,null,null,null,null,null,7,null,null,11.005,-2.542,19.363,27.777,null,null,null,null,null,null,null,null,null,AELCINSCMGFISI,null,TRND,jNbWByoUJqmSNoKEKr,null,Amine oxidase A inhibitor,null,null,CL,null,null,null,null,[NO STEREO] 54779-58-7,MAOA,null,null,0,4,0,null,null,173033,0 0 0 0,1,1,2025-06-17 16:13:51,null,null,null,null,null,null,null,364798875,activity,null,HTS,null,2.787,7.54,11.005,-2.542,null,null,null,null,null,null,null,null,null,null,null,null,null,null,null,null,null,null,null,null,null,278941864
TRND-Glioblastoma_LOPAC_U251-primary_screen2,NCGC00015937-12,activity,null,4,-19.239,-11.866,NCCCCNCCCN,null,null,null,null,null,S2501,SIGMA,2021_LOPAC_01,null,null,Spermidine trihydrochloride,null,4,null,null,null,21.144,-12.239,4.045,0.233,0.965,null,null,null,null,null,null,7,null,null,9.278,-11.866,17.574,21.436,null,null,null,null,null,null,null,null,null,ATHGHQPFGPMSJY,null,TRND,lbwYGmyhpnMvmcrsVf,null,Autophagy Regulator,null,null,CL,null,null,null,null,null,ATG4A,null,null,0,4,0,null,null,173033,0 0 0 0,1,1,2025-06-17 16:13:51,null,null,null,null,null,null,null,364795751,activity,null,HTS,null,5.009,9.278,4.9,-11.866,null,null,null,null,null,null,null,null,null,null,null,null,null,null,null,null,null,null,null,null,null,278941865
TRND-Glioblastoma_LOPAC_U251-primary_screen2,NCGC00015620-18,activity,null,4,0,7.135,C1CN2CC(N=C2S1)C3=CC=CC=C3,null,null,null,null,null,T1512,SIGMA,2021_LOPAC_01,null,null,Tetramisole hydrochloride,null,4,null,null,null,6.817,0,null,null,null,null,null,null,null,null,null,0,null,null,9.972,3.155,25.847,null,null,null,null,null,null,null,null,null,null,HLFSDGLLUJUHTE,null,TRND,UsIcwHdnKVkKKdwPnH,null,null,null,null,CL,null,null,null,null,5086-74-8,null,null,null,0,4,null,null,null,173033,null,1,1,2025-06-17 16:13:51,null,null,null,null,null,null,null,364800491,activity,null,HTS,null,3.155,9.972,9.113,7.135,null,null,null,null,null,null,null,null,null,null,null,null,null,null,null,null,null,null,null,null,null,278941866
TRND-Glioblastoma_LOPAC_U251-primary_screen2,NCGC00186015-07,activity,null,4,-10.5,1.097,[O-][N+](=O)\C=C\C1=CC2=C(OCO2)C=C1,null,null,null,null,null,M7445,SIGMA,2021_LOPAC_01,null,null,MNS,null,4,null,null,null,13.959,-1,4.955,0.692,0.505,null,null,null,null,null,null,9.5,null,null,15.055,1.097,40.991,40.205,null,null,null,null,null,null,null,null,null,KFLWBZPSJQPRDD,null,TRND,MSdGBPtpdXNADqEmwo,null,null,null,null,null,null,null,null,null,null,null,null,null,0,4,0,null,null,173033,0 0 0 0,1,1,2025-06-17 16:13:51,null,null,null,null,null,null,null,364797831,activity,null,HTS,null,9.623,4.552,15.055,1.097,null,null,null,null,null,null,null,null,null,null,null,null,null,null,null,null,null,null,null,null,null,278941867
TRND-Glioblastoma_LOPAC_U251-primary_screen2,NCGC00274083-05,activity,null,4,0,1.161,CCCCCN(CCCOC)C(=O)C(CCC(O)=O)NC(=O)C1=CC(Cl)=C(Cl)C=C1,null,null,null,null,null,SML0130,SIGMA,2021_LOPAC_01,null,null,Loxiglumide,null,4,null,null,null,5.405,0,null,null,null,null,null,null,null,null,null,0,null,null,6.49,1.085,22.973,null,null,null,null,null,null,null,null,null,null,QNQZBKQEIFTHFZ,null,TRND,KGFKmFfPgJNgwNVIgS,null,null,null,null,null,null,null,null,null,107097-80-3,null,null,null,0,4,null,null,null,173033,null,1,1,2025-06-17 16:13:51,null,null,null,null,null,null,null,364796599,activity,null,HTS,null,6.49,5.143,1.085,1.161,null,null,null,null,null,null,null,null,null,null,null,null,null,null,null,null,null,null,null,null,null,278941868
TRND-Glioblastoma_LOPAC_U251-primary_screen2,NCGC00351483-10,activity,7.943282,-2.4,-43.052,-49.951,CC1=C(F)C(=CC=C1C(=O)N2CCOC3=CC=C(C=C3C2)C4=CC=C(N)N=C4)[S+](C)([O-])=O,null,null,null,null,null,SML1239,SIGMA,2021_LOPAC_01,-5.1,null,xL388,null,-2.2,null,null,null,41.715,-54.435,1.826,0.248,0.96,null,null,null,null,null,null,-11.383,null,null,-8.236,-49.951,-95.849,-88.603,null,null,null,null,null,null,null,null,null,UXJHDYVDPJFVCX,null,TRND,npNQWflquBTrZmcoSX,null,mTOR Complex 1 (mTORC1) inhibitor,null,null,null,null,null,null,null,null,MTOR,null,null,0,4,0,null,null,173033,0 0 0 0,1,1,2025-06-17 16:13:51,null,null,null,null,null,null,null,364798755,activity,null,HTS,29.923186,-15.421,-8.236,-30.088,-49.951,null,null,null,null,null,null,null,null,null,null,null,null,null,null,null,null,null,null,null,null,null,278941869
TRND-Glioblastoma_LOPAC_U251-primary_screen2,NCGC00015316-18,activity,null,4,-14.193,-8.078,NCCCC(N)(C(F)F)C(O)=O,null,null,null,null,null,D193,SIGMA,2021_LOPAC_01,null,null,DL-alpha-Difluoromethylornithine hydrochloride,null,4,null,null,null,14.309,-8.193,4.504,0.026,1,null,null,null,null,null,null,6,null,null,6.232,-8.078,19.544,19.385,null,null,null,null,null,null,null,null,null,VLCYCQAOQCDTCN,null,TRND,LkqBsKPBfwxGnktVkf,null,Ornithine Decarboxylase inhibitor,null,null,CL,null,null,null,null,68278-23-9,ODC1,null,null,0,4,0,null,null,173033,0 0 0 0,1,1,2025-06-17 16:13:51,null,null,null,null,null,null,null,364796903,activity,null,HTS,null,6,6.232,3.982,-8.078,null,null,null,null,null,null,null,null,null,null,null,null,null,null,null,null,null,null,null,null,null,278941870
TRND-Glioblastoma_LOPAC_U251-primary_screen2,NCGC00507720-02,activity,1.584893,-1.4,-42.544,-36.03,COC1=CC(=CC=C1NC2=NC=CC(=N2)C3=CC4=C(C=NC=C4)N3C)N5CCN(C)CC5,null,null,null,null,null,SML1089,SIGMA,2021_LOPAC_01,-5.8,null,AZ191,null,-1.2,null,null,null,42.727,-38.544,2.253,0.132,0.989,null,null,null,null,null,null,4,null,null,3.107,-39.62,-46.988,-46.237,null,null,null,null,null,null,null,null,null,SYGZCLSQGSICDC,null,TRND,dzwbKysrYLHyshxjBd,null,null,null,null,null,null,null,null,null,null,null,null,null,0,4,0,null,null,173033,0 0 0 0,1,1,2025-06-17 16:13:51,null,null,null,null,null,null,null,364796659,activity,null,HTS,null,3.107,-12.827,-39.62,-36.03,null,null,null,null,null,null,null,null,null,null,null,null,null,null,null,null,null,null,null,null,null,278941327
TRND-Glioblastoma_LOPAC_U251-primary_screen2,NCGC00015054-28,activity,null,4,-18.659,-3.05,NC1=C2CCCCC2=NC3=CC=CC=C13,null,null,null,null,null,A3773,SIGMA,2021_LOPAC_01,null,null,"9-Amino-1,2,3,4-tetrahydroacridine hydrochloride",null,4,null,null,null,17.1,-3.159,1.509,0.028,1,null,null,null,null,null,null,15.5,null,null,14.05,-3.05,41.149,41.103,null,null,null,null,null,null,null,null,null,YLJREFDVOIBQDA,null,TRND,UFaavttNiLPlXWxRtE,null,null,null,null,CL,null,null,null,null,1684-40-8,null,null,null,0,4,0,null,null,173033,0 0 0 0,1,1,2025-06-17 16:13:51,null,null,null,null,null,null,null,364797483,activity,null,HTS,null,14.05,6.616,-1.235,-3.05,null,null,null,null,null,null,null,null,null,null,null,null,null,null,null,null,null,null,null,null,null,278941328
TRND-Glioblastoma_LOPAC_U251-primary_screen2,NCGC00165883-12,activity,null,4,0,3.6,NC(=O)C1=CN(CC2=C(F)C=CC=C2F)N=N1,null,null,null,null,null,R8404,SIGMA,2021_LOPAC_01,null,null,Rufinamide,null,4,null,null,null,7.273,0,null,null,null,null,null,null,null,null,null,0,null,null,10.873,3.6,37.832,null,null,null,null,null,null,null,null,null,null,POGQSBRIGCQNEG,null,TRND,YfeabmfDYueGuCTrkC,null,null,null,null,null,null,null,null,null,106308-44-5,null,null,null,0,4,null,null,null,173033,null,1,1,2025-06-17 16:13:51,null,null,null,null,null,null,null,364800207,activity,null,HTS,null,8.342,7.422,10.873,3.6,null,null,null,null,null,null,null,null,null,null,null,null,null,null,null,null,null,null,null,null,null,278941329
TRND-Glioblastoma_LOPAC_U251-primary_screen2,NCGC00015852-08,activity,3.162278,-1.4,-23.182,-24.025,O=C1NC2=C(C=CC=C2)C3=C1C=CC=C3,null,null,null,null,null,P8852,SIGMA,2021_LOPAC_01,-5.5,null,6(5H)-Phenanthridinone,null,4,null,null,null,22.651,-24.33,2.121,0.026,1,null,null,null,null,null,null,-1.149,null,null,-1.374,-24.025,-33.878,-33.515,null,null,null,null,null,null,null,null,null,RZFVLEJOHSLEFR,null,TRND,QCWmsNFkExhvtYRGKl,null,null,null,null,null,null,null,null,null,1015-89-0,null,null,null,0,4,0,null,null,173033,0 0 0 0,1,1,2025-06-17 16:13:51,null,null,null,null,null,null,null,364797615,activity,null,HTS,null,-1.374,-4.67,-20.266,-24.025,null,null,null,null,null,null,null,null,null,null,null,null,null,null,null,null,null,null,null,null,null,278941330
TRND-Glioblastoma_LOPAC_U251-primary_screen2,NCGC00016005-09,activity,null,4,0,2.362,CCCCCCCCCCCCCCSCC(O)=O,null,null,null,null,null,T1698,SIGMA,2021_LOPAC_01,null,null,Tetradecylthioacetic acid,null,4,null,null,null,7.839,0,null,null,null,null,null,null,null,null,null,0,null,null,10.201,2.362,22.59,null,null,null,null,null,null,null,null,null,null,IPBCWPPBAWQYOO,null,TRND,cGdhlTBTIpKHEldnDS,null,null,null,null,null,null,null,null,null,2921-20-2,null,null,null,0,4,null,null,null,173033,null,1,1,2025-06-17 16:13:51,null,null,null,null,null,null,null,364797951,activity,null,HTS,null,3.41,10.201,6.803,2.362,null,null,null,null,null,null,null,null,null,null,null,null,null,null,null,null,null,null,null,null,null,278941331
TRND-Glioblastoma_LOPAC_U251-primary_screen2,NCGC00162136-04,activity,null,4,-10.286,-2.738,CC[C@@H](C)[C@H]1CN[C@@H]([C@H]1CC(O)=O)C(O)=O,null,null,null,null,null,D1064,SIGMA,2021_LOPAC_01,null,null,Dihydrokainic acid,null,4,null,null,null,11.616,-3.786,4.955,0.562,0.737,null,null,null,null,null,null,6.5,null,null,8.878,-2.738,31.08,25.782,null,null,null,null,null,null,null,null,null,YRASDMUWFUDPGT,null,TRND,XxoAvBnLoEDZBzqSPa,null,null,null,null,null,null,null,null,null,null,null,null,null,0,4,0,null,null,173033,0 0 0 0,1,1,2025-06-17 16:13:51,null,null,null,null,null,null,null,364798747,activity,null,HTS,null,8.878,2.733,8.539,-2.738,null,null,null,null,null,null,null,null,null,null,null,null,null,null,null,null,null,null,null,null,null,278941332
TRND-Glioblastoma_LOPAC_U251-primary_screen2,NCGC00015641-07,activity,null,4,-10.711,4.153,COC1=C(C=CC=C1)N2CCN(CCN(C(=O)C3=CC=C(F)C=C3)C4=CC=CC=N4)CC2,null,null,null,null,null,M226,SIGMA,2021_LOPAC_01,null,null,p-MPPF dihydrochloride,null,4,null,null,null,10.391,-4.211,4.955,1,0.929,null,null,null,null,null,null,6.5,null,null,8.132,-2.259,17.651,18.876,null,null,null,null,null,null,null,null,null,YJZYDPRMWYWYCG,null,TRND,UpGVDibGdidSRaBbcd,null,null,null,null,CL,null,null,null,null,null,null,null,null,0,4,1,null,null,173033,0 0 0 1,1,1,2025-06-17 16:13:51,null,null,null,null,null,null,null,364797307,activity,null,HTS,null,5.31,8.132,-2.259,4.153,null,null,null,null,null,null,null,null,null,null,null,null,null,null,null,null,null,null,null,null,null,278941333
TRND-Glioblastoma_LOPAC_U251-primary_screen2,NCGC00015080-21,activity,null,4,8.319,-1.621,C[N+]1(C)C2CCC1CC(C2)OC(=O)C(CO)C3=CC=CC=C3,null,null,null,null,null,A0382,SIGMA,2021_LOPAC_01,null,null,Atropine methyl nitrate,null,4,null,null,null,10.38,3,4.955,1,0.354,null,null,null,null,null,null,-5.319,null,null,7.615,-2.765,-4.292,-2.025,null,null,null,null,null,null,null,null,null,PIPAJLPNWZMYQA,null,TRND,LBbZclscpRLOnpNowN,null,null,null,null,null,null,null,null,null,52-88-0,null,null,null,0,4,1,null,null,173033,0 0 0 1,1,1,2025-06-17 16:13:51,null,null,null,null,null,null,null,364798695,activity,null,HTS,null,-2.765,7.615,-1.583,-1.621,null,null,null,null,null,null,null,null,null,null,null,null,null,null,null,null,null,null,null,null,null,278941334
TRND-Glioblastoma_LOPAC_U251-primary_screen2,NCGC00015051-07,activity,null,4,-19.751,-1.853,NC1CC(=CC=C1)C(O)=O,null,null,null,null,null,A3539,SIGMA,2021_LOPAC_01,null,null,Gabaculine hydrochloride,null,4,null,null,null,19.088,-1.251,4.955,0.408,0.881,null,null,null,null,null,null,18.5,null,null,14.711,-4.376,38.659,38.188,null,null,null,null,null,null,null,null,null,KFNRJXCQEJIBER,null,TRND,vAmEnoCLKMERsFMRcV,null,null,null,null,CL,null,null,null,null,null,null,null,null,0,4,0,null,null,173033,0 0 0 0,1,1,2025-06-17 16:13:51,null,null,null,null,null,null,null,364795563,activity,null,HTS,null,14.711,-4.376,2.666,-1.853,null,null,null,null,null,null,null,null,null,null,null,null,null,null,null,null,null,null,null,null,null,278941335
TRND-Glioblastoma_LOPAC_U251-primary_screen2,NCGC00015999-31,activity,null,4,0,-0.192,CCCCNC(=O)N[S+]([O-])(=O)C1=CC=C(C)C=C1,null,null,null,null,null,T0891,SIGMA,2021_LOPAC_01,null,null,Tolbutamide,null,4,null,null,null,9.031,0,null,null,null,null,null,null,null,null,null,0,null,null,8.84,-0.192,29.51,null,null,null,null,null,null,null,null,null,null,NQBWSFQUXTZCFJ,null,TRND,SkenPgFfrjvbPUIotq,null,null,null,null,null,null,null,null,null,64-77-7,null,null,null,0,4,null,null,null,173033,null,1,1,2025-06-17 16:13:51,null,null,null,null,null,null,null,364797935,activity,null,HTS,null,8.84,7.39,-0.122,-0.192,null,null,null,null,null,null,null,null,null,null,null,null,null,null,null,null,null,null,null,null,null,278941336
TRND-Glioblastoma_LOPAC_U251-primary_screen2,NCGC00093795-08,activity,null,4,11.687,0.177,[H][C@](O)(C(C)N)C1=CC(O)=C(O)C=C1,null,null,null,null,null,D5290,SIGMA,2021_LOPAC_01,null,null,(-)-alpha-Methylnorepinephrine,null,4,null,null,null,11.89,1,4.955,0.583,0.711,null,null,null,null,null,null,-10.687,null,null,4.651,-7.239,-17.93,-17.95,null,null,null,null,null,null,null,null,null,GEFQWZLICWMTKF,null,TRND,PwLJeirIVAOlJhEuyE,null,null,null,null,null,null,null,null,null,829-74-3,null,null,null,0,4,0,null,null,173033,0 0 0 0,1,1,2025-06-17 16:13:51,null,null,null,null,null,null,null,364797535,activity,null,HTS,null,-7.239,4.651,-1.694,0.177,null,null,null,null,null,null,null,null,null,null,null,null,null,null,null,null,null,null,null,null,null,278941337
TRND-Glioblastoma_LOPAC_U251-primary_screen2,NCGC00485206-03,activity,19.952623,-3,-50.375,-40.173,NC1=NC(=O)C2=C(NC[C@H](CCC3=CC=C(C=C3)C(=O)N[C@@H](CCC(O)=O)C(O)=O)C2)N1,null,null,null,null,null,SML0040,SIGMA,2021_LOPAC_01,-4.7,null,Lometrexol hydrate,null,-3,null,null,null,48.32,-43.375,4.955,0.075,0.996,null,null,null,null,null,null,7,null,null,8.147,-40.173,3.821,8.197,null,null,null,null,null,null,null,null,null,ZUQBAQVRAURMCL,null,TRND,SYLbFbHhQItkrqelXH,null,null,null,null,H2O,null,null,null,null,null,null,null,null,0,4,0,null,null,173033,0 0 0 0,1,1,2025-06-17 16:13:51,null,null,null,null,null,null,null,364797091,activity,null,HTS,null,5.094,7.307,8.147,-40.173,null,null,null,null,null,null,null,null,null,null,null,null,null,null,null,null,null,null,null,null,null,278941338
TRND-Glioblastoma_LOPAC_U251-primary_screen2,NCGC00025087-10,activity,null,4,-10.681,4.061,[H][C@](C)(O)[C@]([H])(CCCCCC)N1C=NC2=C1N=CN=C2N,null,null,null,null,null,E114,SIGMA,2021_LOPAC_01,null,null,erythro-9-(2-Hydroxy-3-nonyl)adenine hydrochloride,null,4,null,null,null,11.159,-6.181,4.955,1,0.83,null,null,null,null,null,null,4.5,null,null,6.842,-4.317,5.61,9.51,null,null,null,null,null,null,null,null,null,IOSAAWHGJUZBOG,null,TRND,xIpKjtymUaSfEgOzQO,null,null,null,null,CL,null,null,null,null,null,null,null,null,0,4,1,null,null,173033,0 0 0 1,1,1,2025-06-17 16:13:51,null,null,null,null,null,null,null,364797135,activity,null,HTS,null,2.204,6.842,-4.317,4.061,null,null,null,null,null,null,null,null,null,null,null,null,null,null,null,null,null,null,null,null,null,278941339
TRND-Glioblastoma_LOPAC_U251-primary_screen2,NCGC00015069-06,activity,null,4,14.038,-0.116,CC(=O)SCC[N+](C)(C)C,null,null,null,null,null,A5626,SIGMA,2021_LOPAC_01,null,null,Acetylthiocholine chloride,null,4,null,null,null,18.633,13,4.955,1,0.504,null,null,null,null,null,null,-1.038,null,null,10.685,-7.948,23.127,10.416,null,null,null,null,null,null,null,null,null,GFFIJCYHQYHUHB,null,TRND,hgqJIxFShMJiRmwykx,null,null,null,null,CL,null,null,null,null,null,null,null,null,0,4,1,null,null,173033,0 0 0 1,1,1,2025-06-17 16:13:51,null,null,null,null,null,null,null,364798791,activity,null,HTS,null,5.619,-7.948,10.685,-0.116,null,null,null,null,null,null,null,null,null,null,null,null,null,null,null,null,null,null,null,null,null,278941340
TRND-Glioblastoma_LOPAC_U251-primary_screen2,NCGC00015242-20,activity,null,4,-14.213,9.225,N[S+]([O-])(=O)C1=C(Cl)C=C2N=CN[S+]([O-])(=O)C2=C1,null,null,null,null,null,C4911,SIGMA,2021_LOPAC_01,null,null,Chlorothiazide,null,4,null,null,null,16.902,-9.213,2.847,1,1,null,null,null,null,null,null,5,null,null,9.225,-7.678,7.407,6.342,null,null,null,null,null,null,null,null,null,GEAKDLJXQWCJSJ,null,TRND,jrdjWcideVrCETRSpk,null,Solute carrier family 12 member 3 inhibitor,null,null,null,null,null,null,null,58-94-6,SLC12A3,null,null,0,4,1,null,null,173033,0 0 0 1,1,1,2025-06-17 16:13:51,null,null,null,null,null,null,null,364796499,activity,null,HTS,null,5.065,3.941,-7.678,9.225,null,null,null,null,null,null,null,null,null,null,null,null,null,null,null,null,null,null,null,null,null,278941341
TRND-Glioblastoma_LOPAC_U251-primary_screen2,NCGC00015166-14,activity,null,4,0,2.775,CCCCOC1=C(OC)C=CC(CC2CNC(=O)N2)=C1,null,null,null,null,null,B8279,SIGMA,2021_LOPAC_01,null,null,Ro 20-1724,null,4,null,null,null,7.207,0,null,null,null,null,null,null,null,null,null,0,null,null,9.06,1.853,18.553,null,null,null,null,null,null,null,null,null,null,PDMUULPVBYQBBK,null,TRND,IQOmPCutpjkEzZHjsb,null,null,null,null,null,null,null,null,null,29925-17-5,null,null,null,0,4,null,null,null,173033,null,1,1,2025-06-17 16:13:51,null,null,null,null,null,null,null,364798407,activity,null,HTS,null,1.853,8.036,9.06,2.775,null,null,null,null,null,null,null,null,null,null,null,null,null,null,null,null,null,null,null,null,null,278941342
TRND-Glioblastoma_LOPAC_U251-primary_screen2,NCGC00015321-21,activity,null,4,-28.937,-24.531,CC(CCC1=CC=C(O)C=C1)NCCC2=CC(O)=C(O)C=C2,null,null,null,null,null,D0676,SIGMA,2021_LOPAC_01,null,null,Dobutamine hydrochloride,null,4,null,null,null,29.458,-26.437,4.955,0.307,0.937,null,null,null,null,null,null,2.5,null,null,4.927,-24.531,-12.851,-2.438,null,null,null,null,null,null,null,null,null,JRWZLRBJNMZMFE,null,TRND,TIbQjXQhjYiTHhIzsh,null,null,null,null,CL,null,null,null,null,49745-95-1,null,null,null,0,4,0,null,null,173033,0 0 0 0,1,1,2025-06-17 16:13:51,null,null,null,null,null,null,null,364798111,activity,null,HTS,null,-2.454,4.878,4.927,-24.531,null,null,null,null,null,null,null,null,null,null,null,null,null,null,null,null,null,null,null,null,null,278941343
TRND-Glioblastoma_LOPAC_U251-primary_screen2,NCGC00093771-10,activity,null,4,-24.727,-8.106,OC[C@H]1O[C@H]([C@H](O)[C@@H]1O)N2C=NC3=C2N=CN=C3NC4CCCCC4,null,null,null,null,null,C9901,SIGMA,2021_LOPAC_01,null,null,N6-Cyclohexyladenosine,null,4,null,null,null,27.651,-5.227,4.504,0.248,0.96,null,null,null,null,null,null,19.5,null,null,19.545,-8.106,47.354,46.207,null,null,null,null,null,null,null,null,null,SZBULDQSDUXAPJ,null,TRND,wUSdxVoApmydTLuYgy,null,null,null,null,null,null,null,null,null,null,null,null,null,0,4,0,null,null,173033,0 0 0 0,1,1,2025-06-17 16:13:51,null,null,null,null,null,null,null,364796287,activity,null,HTS,null,19.545,-1.578,-2.179,-8.106,null,null,null,null,null,null,null,null,null,null,null,null,null,null,null,null,null,null,null,null,null,278941344
TRND-Glioblastoma_LOPAC_U251-primary_screen2,NCGC00015924-27,activity,null,4,0,3.813,CNCC(O)C1=CC=C(O)C=C1,null,null,null,null,null,S0752,SIGMA,2021_LOPAC_01,null,null,(±)-Synephrine,null,4,null,null,null,6.869,0,null,null,null,null,null,null,null,null,null,0,null,null,3.813,-3.057,8.958,null,null,null,null,null,null,null,null,null,null,YRCWQPVGYLYSOX,null,TRND,nipzFJYhuApoguOGwS,null,null,null,null,null,null,null,null,null,94-07-5,null,null,null,0,4,null,null,null,173033,null,1,1,2025-06-17 16:13:51,null,null,null,null,null,null,null,364798275,activity,null,HTS,null,3.622,-1.374,-3.057,3.813,null,null,null,null,null,null,null,null,null,null,null,null,null,null,null,null,null,null,null,null,null,278941345
TRND-Glioblastoma_LOPAC_U251-primary_screen2,NCGC00015996-20,activity,null,4,0,6.684,CCN(CC)CCNC(=O)C1=C(OC)C=CC(=C1)[S+](C)([O-])=O,null,null,null,null,null,T0410,SIGMA,2021_LOPAC_01,null,null,Tiapride hydrochloride,null,4,null,null,null,3.997,0,null,null,null,null,null,null,null,null,null,0,null,null,7.193,3.197,21.591,null,null,null,null,null,null,null,null,null,null,AKZVTKXPYIXQSF,null,TRND,GEhCXRrCbmHcwuHSgZ,null,null,null,null,CL,null,null,null,null,51012-33-0,null,null,null,0,4,null,null,null,173033,null,1,1,2025-06-17 16:13:51,null,null,null,null,null,null,null,364796015,activity,null,HTS,null,3.896,3.197,7.193,6.684,null,null,null,null,null,null,null,null,null,null,null,null,null,null,null,null,null,null,null,null,null,278941346
TRND-Glioblastoma_LOPAC_U251-primary_screen2,NCGC00015720-13,activity,null,4,0,-5.229,OC1=C(C=C(C=C1)C(F)(F)F)N2C(=O)NC3=C2C=CC(=C3)C(F)(F)F,null,null,null,null,null,N170,SIGMA,2021_LOPAC_01,null,null,NS-1619,null,4,null,null,null,9.37,0,null,null,null,null,null,null,null,null,null,0,null,null,4.141,-5.229,4.394,null,null,null,null,null,null,null,null,null,null,YLFMCMWKHSDUCT,null,TRND,BMRFXhblTboptrGuaD,null,null,null,null,null,null,null,null,null,null,null,null,null,0,4,null,null,null,173033,null,1,1,2025-06-17 16:13:51,null,null,null,null,null,null,null,364796627,activity,null,HTS,null,1.732,4.141,-0.797,-5.229,null,null,null,null,null,null,null,null,null,null,null,null,null,null,null,null,null,null,null,null,null,278941347
TRND-Glioblastoma_LOPAC_U251-primary_screen2,NCGC00015318-11,activity,null,4,0,-5.306,COC1=CC=CC(OC)=C1OCCNCC2COC3=C(O2)C=CC=C3,null,null,null,null,null,D0411,SIGMA,2021_LOPAC_01,null,null,WB-4101 hydrochloride,null,4,null,null,null,9.981,0,null,null,null,null,null,null,null,null,null,0,null,null,4.676,-5.306,1.986,null,null,null,null,null,null,null,null,null,null,GYSZUJHYXCZAKI,null,TRND,vMsmqOxDvHEqHFEdcf,null,null,null,null,CL,null,null,null,null,null,null,null,null,0,4,null,null,null,173033,null,1,1,2025-06-17 16:13:51,null,null,null,null,null,null,null,364796191,activity,null,HTS,null,0.118,4.676,1.687,-5.306,null,null,null,null,null,null,null,null,null,null,null,null,null,null,null,null,null,null,null,null,null,278941348
TRND-Glioblastoma_LOPAC_U251-primary_screen2,NCGC00690014-01,activity,3.162278,-1.1,-96.593,-94.903,N=C(NC1=CC=C(OCCCCCOC2=CC=C(NC(=N)C3=CC=CC=C3)C=C2)C=C1)C4=CC=CC=C4,null,null,null,null,null,SML2185,SIGMA,2021_LOPAC_01,-5.5,null,PA-6,null,-1.1,null,null,null,97.028,-95.093,3.99,0.01,1,null,null,null,null,null,null,1.5,null,null,2.125,-94.903,-108.599,-110.079,null,null,null,null,null,null,null,null,null,PETGITKEGWIZEL,null,TRND,voLuhPDlCLUHbmUKlC,null,null,null,null,null,null,null,null,null,null,null,null,null,0,4,0,null,null,173033,0 0 0 0,1,1,2025-06-17 16:13:51,null,null,null,null,null,null,null,364799927,activity,null,HTS,3.245222,2.125,-1.725,-90.664,-94.903,null,null,null,null,null,null,null,null,null,null,null,null,null,null,null,null,null,null,null,null,null,278941349
TRND-Glioblastoma_LOPAC_U251-primary_screen2,NCGC00185998-05,activity,null,4,-20.04,-14.2,NC(=O)C1=[N+]([O-])C2=CC(=CC(=C2S1)[N+]([O-])=O)C#N,null,null,null,null,null,B6311,SIGMA,2021_LOPAC_01,null,null,BTO-1,null,4,null,null,null,19.634,-16.04,2.094,0.162,0.984,null,null,null,null,null,null,4,null,null,5.433,-14.2,8.873,5.53,null,null,null,null,null,null,null,null,null,FKRBAXZAJBBIAJ,null,TRND,lkHUZhruqZblmEJWTR,null,null,null,null,null,null,null,null,null,null,null,null,null,0,4,0,null,null,173033,0 0 0 0,1,1,2025-06-17 16:13:51,null,null,null,null,null,null,null,364797227,activity,null,HTS,null,5.433,2.527,-0.725,-14.2,null,null,null,null,null,null,null,null,null,null,null,null,null,null,null,null,null,null,null,null,null,278941350
TRND-Glioblastoma_LOPAC_U251-primary_screen2,NCGC00510315-04,activity,null,4,0,7.695,OC(=O)C1=CN(C2CC2)C3=C(C#N)C(N4C[C@@H]5NCCO[C@H]5C4)=C(F)C=C3C1=O,null,null,null,null,null,SML2134,SIGMA,2021_LOPAC_01,null,null,Finafloxacin,null,4,null,null,null,6.512,0,null,null,null,null,null,null,null,null,null,0,null,null,7.695,1.183,19.305,null,null,null,null,null,null,null,null,null,null,FYMHQCNFKNMJAV,null,TRND,WxJKwaSPwPJwVIPXGV,null,null,null,null,null,null,null,null,null,209342-40-5,null,null,null,0,4,null,null,null,173033,null,1,1,2025-06-17 16:13:51,null,null,null,null,null,null,null,364797887,activity,null,HTS,null,4.156,4.15,1.183,7.695,null,null,null,null,null,null,null,null,null,null,null,null,null,null,null,null,null,null,null,null,null,278941351
TRND-Glioblastoma_LOPAC_U251-primary_screen2,NCGC00016051-06,activity,null,4,0,4.532,N\C(C=C(C#N)C#N)=C(/C#N)C1=CC(O)=C(O)C(O)=C1,null,null,null,null,null,T7665,SIGMA,2021_LOPAC_01,null,null,Tyrphostin 51,null,4,null,null,null,8.908,0,null,null,null,null,null,null,null,null,null,0,null,null,13.44,4.532,53.594,null,null,null,null,null,null,null,null,null,null,AURCEVGZZLSFSU,null,TRND,OHQFgtCjrkTJJxCubt,null,null,null,null,null,null,null,null,null,null,null,null,null,0,4,null,null,null,173033,null,1,1,2025-06-17 16:13:51,null,null,null,null,null,null,null,364798055,activity,null,HTS,null,12.201,13.44,11.383,4.532,null,null,null,null,null,null,null,null,null,null,null,null,null,null,null,null,null,null,null,null,null,278941352
TRND-Glioblastoma_LOPAC_U251-primary_screen2,NCGC00016008-08,activity,null,4,0,2.654,CC[N+](CC)(CC)CC,null,null,null,null,null,T2265,SIGMA,2021_LOPAC_01,null,null,Tetraethylammonium chloride,null,4,null,null,null,3.645,0,null,null,null,null,null,null,null,null,null,0,null,null,5.415,1.77,11.368,null,null,null,null,null,null,null,null,null,null,CBXCPBUEXACCNR,null,TRND,UkCbusRoSxleSUGyGu,null,null,null,null,CL,null,null,null,null,56-34-8,null,null,null,0,4,null,null,null,173033,null,1,1,2025-06-17 16:13:51,null,null,null,null,null,null,null,364799867,activity,null,HTS,null,1.77,5.415,1.824,2.654,null,null,null,null,null,null,null,null,null,null,null,null,null,null,null,null,null,null,null,null,null,278941353
TRND-Glioblastoma_LOPAC_U251-primary_screen2,NCGC00386340-04,activity,6.309573,-2.2,-75.989,-72.972,COC1=CC=CC=C1C2=NC=NC(NC3=CC(C[S+](N)([O-])=O)=CC=C3)=C2,null,null,null,null,null,SML2179,SIGMA,2021_LOPAC_01,-5.2,null,LDC000067 hydrochloride,null,-2.2,null,null,null,67.277,-80.823,1.331,0.011,1,null,null,null,null,null,null,-4.835,null,null,-5.695,-72.972,-94.534,-95.305,null,null,null,null,null,null,null,null,null,ZUITYGSUWNWGLE,null,TRND,mnsTdvUdBFiMFrRIMi,null,null,null,null,CL,null,null,null,null,null,null,null,null,0,4,0,null,null,173033,0 0 0 0,1,1,2025-06-17 16:13:51,null,null,null,null,null,null,null,364800487,activity,null,HTS,9.074968,-5.695,-13.396,-44.339,-72.972,null,null,null,null,null,null,null,null,null,null,null,null,null,null,null,null,null,null,null,null,null,278941354
TRND-Glioblastoma_LOPAC_U251-primary_screen2,NCGC00015120-07,activity,null,4,-13.183,-10.153,COC1=CC=CC(OC)=C1OCCNCC2CSC3=C(O2)C=CC=C3,null,null,null,null,null,B016,SIGMA,2021_LOPAC_01,null,null,Benoxathian hydrochloride,null,4,null,null,null,16.907,-10.183,4.095,0.468,0.836,null,null,null,null,null,null,3,null,null,6.754,-10.153,-5.62,0.988,null,null,null,null,null,null,null,null,null,QAUVAHYHKLRJCQ,null,TRND,vMsmqOAhYhmifAuxAG,null,null,null,null,CL,null,null,null,null,null,null,null,null,0,4,0,null,null,173033,0 0 0 0,1,1,2025-06-17 16:13:51,null,null,null,null,null,null,null,364799703,activity,null,HTS,null,-0.41,6.754,-5.526,-10.153,null,null,null,null,null,null,null,null,null,null,null,null,null,null,null,null,null,null,null,null,null,278941355
TRND-Glioblastoma_LOPAC_U251-primary_screen2,NCGC00389591-09,activity,11.220185,-2.1,-94.931,-96.904,CN1C2=CC3=CC=CC=C3C=C2C(=O)N(C)C4=C(C)N=C(NC5=CN(N=C5)C6CCNCC6)N=C14,null,null,null,null,null,SML1446,SIGMA,2021_LOPAC_01,-4.95,null,HTH-01-015 ,null,-2.1,null,null,null,95.447,-97.679,4.504,0.026,1,null,null,null,null,null,null,-2.749,null,null,-1.457,-96.904,-65.541,-68.274,null,null,null,null,null,null,null,null,null,CHSDJDLAKKAWCI,null,TRND,aHePrqLrWpNUaQFFqY,null,null,null,null,null,null,null,null,null,null,null,null,null,0,4,0,null,null,173033,0 0 0 0,1,1,2025-06-17 16:13:51,null,null,null,null,null,null,null,364799595,activity,null,HTS,11.339188,-1.457,-3.718,-11.378,-96.904,null,null,null,null,null,null,null,null,null,null,null,null,null,null,null,null,null,null,null,null,null,278941356
TRND-Glioblastoma_LOPAC_U251-primary_screen2,NCGC00015841-22,activity,null,4,17.91,1.349,CN(CC#C)CC1=CC=CC=C1,null,null,null,null,null,P8013,SIGMA,2021_LOPAC_01,null,null,Pargyline hydrochloride,null,4,null,null,null,18.676,-0.5,4.955,0.581,0.711,null,null,null,null,null,null,-18.41,null,null,3.751,-14.925,-42.928,-42.308,null,null,null,null,null,null,null,null,null,DPWPWRLQFGFJFI,null,TRND,UfYeiXdHJzDIHYMwIr,null,null,null,null,CL,null,null,null,null,306-07-0,null,null,null,0,4,0,null,null,173033,0 0 0 0,1,1,2025-06-17 16:13:51,null,null,null,null,null,null,null,364799499,activity,null,HTS,null,-14.925,3.751,-6.92,1.349,null,null,null,null,null,null,null,null,null,null,null,null,null,null,null,null,null,null,null,null,null,278941357
TRND-Glioblastoma_LOPAC_U251-primary_screen2,NCGC00185778-08,activity,null,4,0,3.753,[O-][N+](=O)C1=CC(=CC=C1C(=O)C2C(=O)CCCC2=O)C(F)(F)F,null,null,null,null,null,SML0269,SIGMA,2021_LOPAC_01,null,null,Nitisinone,null,4,null,null,null,7.496,0,null,null,null,null,null,null,null,null,null,0,null,null,7.692,0.196,27.091,null,null,null,null,null,null,null,null,null,null,OUBCNLGXQFSTLU,null,TRND,oJVgiluNkiHyipbluy,null,4-Hydroxyphenylpyruvate Dioxygenase inhibitor,null,null,null,null,null,null,null,104206-65-7,HPD,null,null,0,4,null,null,null,173033,null,1,1,2025-06-17 16:13:51,null,null,null,null,null,null,null,364799647,activity,null,HTS,null,7.692,0.196,5.199,3.753,null,null,null,null,null,null,null,null,null,null,null,null,null,null,null,null,null,null,null,null,null,278941358
TRND-Glioblastoma_LOPAC_U251-primary_screen2,NCGC00507757-02,activity,null,4,0,1.555,N[S+]([O-])OC1=C(Cl)C=C(NCC2=CC=CO2)C(=C1)C(O)=O,null,null,null,null,null,F4381,SIGMA,2021_LOPAC_01,null,null,Furosemide,null,4,null,null,null,5.527,0,null,null,null,null,null,null,null,null,null,0,null,null,7.082,1.555,16.764,null,null,null,null,null,null,null,null,null,null,PJALBCRHHXTHAF,null,TRND,aMyDUgfdsxmJeqPnSF,null,null,null,null,null,null,null,null,null,null,null,null,null,0,4,null,null,null,173033,null,1,1,2025-06-17 16:13:51,null,null,null,null,null,null,null,364799067,activity,null,HTS,null,3.118,7.082,3.354,1.555,null,null,null,null,null,null,null,null,null,null,null,null,null,null,null,null,null,null,null,null,null,278941359
TRND-Glioblastoma_LOPAC_U251-primary_screen2,NCGC00165910-05,activity,12.589254,-2.4,-81.917,-63.681,BrC1=C(Br)C(Br)=C(Br)C2=C1NC=N2,null,null,null,null,null,T6951,SIGMA,2021_LOPAC_01,-4.9,null,TBBz,null,-2.2,null,null,null,70.749,-76.417,1.644,0.066,0.997,null,null,null,null,null,null,5.5,null,null,7.068,-63.681,-23.622,-26.684,null,null,null,null,null,null,null,null,null,LOEIRDBRYBHAJB,null,TRND,rjLBhBoReKNnqQFwIP,null,null,null,null,null,null,null,null,null,null,null,null,null,0,4,0,null,null,173033,0 0 0 0,1,1,2025-06-17 16:13:51,null,null,null,null,null,null,null,364798831,activity,null,HTS,18.560425,7.068,1.481,-15.44,-63.681,null,null,null,null,null,null,null,null,null,null,null,null,null,null,null,null,null,null,null,null,null,278941360
TRND-Glioblastoma_LOPAC_U251-primary_screen2,NCGC00015492-08,activity,null,4,0,1.148,COC1=C(O)C=CC(=C1)C(O)C(O)=O,null,null,null,null,null,H0131,SIGMA,2021_LOPAC_01,null,null,(±)-Vanillylmandelic acid,null,4,null,null,null,6.38,0,null,null,null,null,null,null,null,null,null,0,null,null,5.261,-1.119,15.321,null,null,null,null,null,null,null,null,null,null,CGQCWMIAEPEHNQ,null,TRND,xmTBtjLTMenJdXhFSB,null,null,null,null,null,null,null,null,null,55-10-7,null,null,null,0,4,null,null,null,173033,null,1,1,2025-06-17 16:13:51,null,null,null,null,null,null,null,364798387,activity,null,HTS,null,4.26,5.261,-1.119,1.148,null,null,null,null,null,null,null,null,null,null,null,null,null,null,null,null,null,null,null,null,null,278941871
TRND-Glioblastoma_LOPAC_U251-primary_screen2,NCGC00163250-06,activity,null,4,0,1.283,[H][C@]12N(C)CC[C@@]1(C)C3=CC(OC(=O)NC4=CC=CC=C4)=CC=C3N2C,null,null,null,null,null,P0111,SIGMA,2021_LOPAC_01,null,null,Phenserine,null,4,null,null,null,8.995,0,null,null,null,null,null,null,null,null,null,0,null,null,7.971,-1.024,22.65,null,null,null,null,null,null,null,null,null,null,PBHFNBQPZCRWQP,null,TRND,WlmmYGnKdUYvtyPbOi,null,null,null,null,null,null,null,null,null,159652-53-6|101246-66-6,null,null,null,0,4,null,null,null,173033,null,1,1,2025-06-17 16:13:51,null,null,null,null,null,null,null,364798395,activity,null,HTS,null,6.17,7.971,-1.024,1.283,null,null,null,null,null,null,null,null,null,null,null,null,null,null,null,null,null,null,null,null,null,278941872
TRND-Glioblastoma_LOPAC_U251-primary_screen2,NCGC00346651-10,activity,null,4,0,-1.901,NC\C1=C\NC(=S)N1[C@H]2CCC3=C(F)C=C(F)C=C3C2,null,null,null,null,null,SML0940,SIGMA,2021_LOPAC_01,null,null,Nepicastat hydrochloride,null,4,null,null,null,7.534,0,null,null,null,null,null,null,null,null,null,0,null,null,5.633,-1.901,9.139,null,null,null,null,null,null,null,null,null,null,YZZVIKDAOTXDEB,null,TRND,uwQUBYNhtRNbmZXgli,null,Dopamine beta-hydroxylase inhibitor,null,null,CL,null,null,null,null,170151-24-3,DBH,null,null,0,4,null,null,null,173033,null,1,1,2025-06-17 16:13:51,null,null,null,null,null,null,null,364799467,activity,null,HTS,null,1.307,3.679,5.633,-1.901,null,null,null,null,null,null,null,null,null,null,null,null,null,null,null,null,null,null,null,null,null,278941873
TRND-Glioblastoma_LOPAC_U251-primary_screen2,NCGC00015358-26,activity,null,4,-13.5,1.588,CC(C)N(CCC(C(N)=O)(C1=CC=CC=C1)C2=CC=CC=N2)C(C)C,null,null,null,null,null,D7644,SIGMA,2021_LOPAC_01,null,null,Disopyramide,null,4,null,null,null,14.282,2.5,4.449,0.13,0.989,null,null,null,null,null,null,16,null,null,15.87,1.588,50.275,50.399,null,null,null,null,null,null,null,null,null,UVTNFZQICZKOEM,null,TRND,oHvBPWhaJdGujEXomQ,null,null,null,null,null,null,null,null,null,22059-60-5,null,null,null,0,4,0,null,null,173033,0 0 0 0,1,1,2025-06-17 16:13:51,null,null,null,null,null,null,null,364795511,activity,null,HTS,null,15.87,4.507,3.214,1.588,null,null,null,null,null,null,null,null,null,null,null,null,null,null,null,null,null,null,null,null,null,278941874
TRND-Glioblastoma_LOPAC_U251-primary_screen2,NCGC00015131-10,activity,null,4,-14.48,7.433,CCN1CCC2=C(CC1)N=C(N)O2,null,null,null,null,null,B161,SIGMA,2021_LOPAC_01,null,null,B-HT 933 dihydrochloride,null,4,null,null,null,13.782,-6.48,4.955,1,0.912,null,null,null,null,null,null,8,null,null,10.049,-3.733,18.729,21.818,null,null,null,null,null,null,null,null,null,ZNXAJGZPUQOEDZ,null,TRND,xltwCSxtPofcsfUKWF,null,null,null,null,CL,null,null,null,null,null,null,null,null,0,4,1,null,null,173033,0 0 0 1,1,1,2025-06-17 16:13:51,null,null,null,null,null,null,null,364796539,activity,null,HTS,null,5.866,10.049,-3.733,7.433,null,null,null,null,null,null,null,null,null,null,null,null,null,null,null,null,null,null,null,null,null,278941875
TRND-Glioblastoma_LOPAC_U251-primary_screen2,NCGC00370906-05,activity,null,4,0,-3.101,CC1(C)CC=C(C2=CN=C3C=CC=CC3=C2)C4=C1C=CC(=C4)C(=O)NC5=CC=C(C=C5)C(O)=O,null,null,null,null,null,SML1084,SIGMA,2021_LOPAC_01,null,null,BMS-195614 ,null,4,null,null,null,1.458,0,null,null,null,null,null,null,null,null,null,0,null,null,-1.845,-3.303,-11.222,null,null,null,null,null,null,null,null,null,null,WGLMBRZXZDAQHP,null,TRND,UkxKqnpvmBHYhzBvhT,null,null,null,null,null,null,null,null,null,null,null,null,null,0,4,null,null,null,173033,null,1,1,2025-06-17 16:13:51,null,null,null,null,null,null,null,364799471,activity,null,HTS,null,-1.845,-3.092,-3.303,-3.101,null,null,null,null,null,null,null,null,null,null,null,null,null,null,null,null,null,null,null,null,null,278941876
TRND-Glioblastoma_LOPAC_U251-primary_screen2,NCGC00021394-09,activity,null,4,8.692,8.606,CCCC(CCC)C(=O)OC1C[C@@H]2CC[C@H](C1)[N+]2(C)C,null,null,null,null,null,A5181,SIGMA,2021_LOPAC_01,null,null,Anisotropine methyl bromide,null,4,null,null,null,12.1,9.5,4.955,0.673,0.551,null,null,null,null,null,null,0.808,null,null,8.606,-3.494,8.641,7.82,null,null,null,null,null,null,null,null,null,XGGHHHBGPSNXFE,null,TRND,xtcknNtIDzBUFjsZhn,null,null,null,null,BR,null,null,null,null,[NO STEREO] 80-50-2,null,null,null,0,4,0,null,null,173033,0 0 0 0,1,1,2025-06-17 16:13:51,null,null,null,null,null,null,null,364795623,activity,null,HTS,null,1.085,5.079,-3.494,8.606,null,null,null,null,null,null,null,null,null,null,null,null,null,null,null,null,null,null,null,null,null,278941877
TRND-Glioblastoma_LOPAC_U251-primary_screen2,NCGC00023654-28,activity,null,4,0,8.218,C[C@H](CS)C(=O)N1CCC[C@H]1C(O)=O,null,null,null,null,null,C4042,SIGMA,2021_LOPAC_01,null,null,Captopril,null,4,null,null,null,7.095,0,null,null,null,null,null,null,null,null,null,0,null,null,9.13,2.035,32.921,null,null,null,null,null,null,null,null,null,null,FAKRSMQSSFJEIM,null,TRND,KcuzsleLlqOLbtLFTf,null,null,null,null,null,null,null,null,null,62571-86-2,null,null,null,0,4,null,null,null,173033,null,1,1,2025-06-17 16:13:51,null,null,null,null,null,null,null,364799663,activity,null,HTS,null,9.13,2.635,2.035,8.218,null,null,null,null,null,null,null,null,null,null,null,null,null,null,null,null,null,null,null,null,null,278941878
TRND-Glioblastoma_LOPAC_U251-primary_screen2,NCGC00185996-04,activity,null,4,-17.664,-0.441,CN1CC(C2=C(C1)SC=C2)C3=CC=C(O)C(O)=C3,null,null,null,null,null,S3316,SIGMA,2021_LOPAC_01,null,null,SKF-89145 hydrobromide,null,4,null,null,null,18.838,-2.164,4.955,0.188,0.978,null,null,null,null,null,null,15.5,null,null,15.368,-3.47,40.911,41.2,null,null,null,null,null,null,null,null,null,SYHALWYYSDMSLE,null,TRND,iUcckODSErpQHaAJwM,null,null,null,null,BR,null,null,null,null,null,null,null,null,0,4,0,null,null,173033,0 0 0 0,1,1,2025-06-17 16:13:51,null,null,null,null,null,null,null,364796243,activity,null,HTS,null,15.368,1.315,-3.47,-0.441,null,null,null,null,null,null,null,null,null,null,null,null,null,null,null,null,null,null,null,null,null,278941879
TRND-Glioblastoma_LOPAC_U251-primary_screen2,NCGC00015049-30,activity,null,4,-22.336,-19.03,OC1=CC=C(C=C1)C2=CC(=O)C3=C(O2)C=C(O)C=C3O,null,null,null,null,null,A3145,SIGMA,2021_LOPAC_01,null,null,Apigenin,null,4,null,null,null,24.591,-19.836,1.967,0.356,0.913,null,null,null,null,null,null,2.5,null,null,5.561,-19.03,-16.094,-8.621,null,null,null,null,null,null,null,null,null,KZNIFHPLKGYRTM,null,TRND,xcumTgOwTXcMdVUiIS,null,Ornithine Decarboxylase inhibitor,null,null,null,null,null,null,null,520-36-5,ODC1,null,null,0,4,0,null,null,173033,0 0 0 0,1,1,2025-06-17 16:13:51,null,null,null,null,null,null,null,364799383,activity,null,HTS,null,-1.157,5.561,-9.677,-19.03,null,null,null,null,null,null,null,null,null,null,null,null,null,null,null,null,null,null,null,null,null,278941880
TRND-Glioblastoma_LOPAC_U251-primary_screen2,NCGC00024716-10,activity,null,4,0,0.057,N[C@@H](CCCNC(=N)N[N+]([O-])=O)C(O)=O,null,null,null,null,null,N5501,SIGMA,2021_LOPAC_01,null,null,NG-Nitro-L-arginine,null,4,null,null,null,9.651,0,null,null,null,null,null,null,null,null,null,0,null,null,8.428,-1.223,15.721,null,null,null,null,null,null,null,null,null,null,MRAUNPAHJZDYCK,null,TRND,vpCzBLcaBMlgbDLbnq,null,null,null,null,null,null,null,null,null,2149-70-4,null,null,null,0,4,null,null,null,173033,null,1,1,2025-06-17 16:13:51,null,null,null,null,null,null,null,364796715,activity,null,HTS,null,3.84,8.428,-1.223,0.057,null,null,null,null,null,null,null,null,null,null,null,null,null,null,null,null,null,null,null,null,null,278941881
TRND-Glioblastoma_LOPAC_U251-primary_screen2,NCGC00178860-13,activity,null,4,12.792,8.197,CCN(CC)C(C)CN1c2ccccc2Sc3ccccc13,null,null,null,null,null,E5406,SIGMA,2021_LOPAC_01,null,null,Ethopropazine hydrochloride,null,4,null,null,null,10.94,7.5,1.272,0.252,0.959,null,null,null,null,null,null,-5.292,null,null,8.197,-2.743,3.003,3.17,null,null,null,null,null,null,null,null,null,CDOZDBSBBXSXLB,null,TRND,IvtJudEFuNgGRNhjpR,null,null,null,null,CL,null,null,null,null,1094-08-2,null,null,null,0,4,0,null,null,173033,0 0 0 0,1,1,2025-06-17 16:13:51,null,null,null,null,null,null,null,364800471,activity,null,HTS,null,-2.743,3.643,5.378,8.197,null,null,null,null,null,null,null,null,null,null,null,null,null,null,null,null,null,null,null,null,null,278941882
TRND-Glioblastoma_LOPAC_U251-primary_screen2,NCGC00487158-03,activity,null,4,0,6.114,CCOC(=O)CN1C(=O)C2=CC=C3C(=O)N(CC(=O)OCC)C(=O)C4=C3C2=C(C=C4)C1=O,null,null,null,null,null,B7688,SIGMA,2021_LOPAC_01,null,null,Tyrphostin AG 538,null,4,null,null,null,6.857,0,null,null,null,null,null,null,null,null,null,0,null,null,6.114,-0.743,2.333,null,null,null,null,null,null,null,null,null,null,WNKQGFNIIHNGQM,null,TRND,JyqFbUZGUDwjwCRBse,null,null,null,null,null,null,null,null,null,null,null,null,null,0,4,null,null,null,173033,null,1,1,2025-06-17 16:13:51,null,null,null,null,null,null,null,364799971,activity,null,HTS,null,-0.743,-0.275,1.965,6.114,null,null,null,null,null,null,null,null,null,null,null,null,null,null,null,null,null,null,null,null,null,278941883
TRND-Glioblastoma_LOPAC_U251-primary_screen2,NCGC00162380-10,activity,null,4,-23.502,-18.329,NC1=NC=NC2=C1C(NC3=CC=C(F)C=C3)=NN2,null,null,null,null,null,C0993,SIGMA,2021_LOPAC_01,null,null,Wiskostatin,null,4,null,null,null,27.966,-21.002,4.955,0.289,0.945,null,null,null,null,null,null,2.5,null,null,5.048,-22.918,-23.528,-16.866,null,null,null,null,null,null,null,null,null,UQPMANVRZYYQMD,null,TRND,JufXVhKvgBNtjufFUj,null,null,null,null,null,null,null,null,null,null,null,null,null,0,4,0,null,null,173033,0 0 0 0,1,1,2025-06-17 16:13:51,null,null,null,null,null,null,null,364799251,activity,null,HTS,null,-0.502,5.048,-22.918,-18.329,null,null,null,null,null,null,null,null,null,null,null,null,null,null,null,null,null,null,null,null,null,278941884
TRND-Glioblastoma_LOPAC_U251-primary_screen2,NCGC00142615-29,activity,null,4,0,5.059,CNC[C@H](O)C1=CC=C(O)C(O)=C1,null,null,null,null,null,E4375,SIGMA,2021_LOPAC_01,null,null,(-)-Epinephrine bitartrate,null,4,null,null,null,5.489,0,null,null,null,null,null,null,null,null,null,0,null,null,5.059,-0.43,15.448,null,null,null,null,null,null,null,null,null,null,UCTWMZQNUQWSLP,null,TRND,XlLWpCVRFTHgeLAqFq,null,Alpha-1A Adrenergic Receptor agonist,null,null,TARTRATE,null,null,null,null,51-43-4,ADRA1A,null,null,0,4,null,null,null,173033,null,1,1,2025-06-17 16:13:51,null,null,null,null,null,null,null,364797103,activity,null,HTS,null,4.593,0.491,-0.43,5.059,null,null,null,null,null,null,null,null,null,null,null,null,null,null,null,null,null,null,null,null,null,278941885
TRND-Glioblastoma_LOPAC_U251-primary_screen2,NCGC00015951-14,activity,null,4,0,6.133,C\N=C1\SN(C(=N1)C2=CC=CC=C2)C3=CC=CC=C3,null,null,null,null,null,S4063,SIGMA,2021_LOPAC_01,null,null,SCH-202676 hydrobromide,null,4,null,null,null,7.408,0,null,null,null,null,null,null,null,null,null,0,null,null,6.133,-1.275,12.173,null,null,null,null,null,null,null,null,null,null,FFUBTEITUNMMOK,null,TRND,ySNvAiShicauPJVJbq,null,null,null,null,BR,null,null,null,null,null,null,null,null,0,4,null,null,null,173033,null,1,1,2025-06-17 16:13:51,null,null,null,null,null,null,null,364797687,activity,null,HTS,null,3.558,-0.049,-1.275,6.133,null,null,null,null,null,null,null,null,null,null,null,null,null,null,null,null,null,null,null,null,null,278941886
TRND-Glioblastoma_LOPAC_U251-primary_screen2,NCGC00024486-09,activity,null,4,0,10.006,N[C@@H]([C@H](O)C(O)=O)C(O)=O,null,null,null,null,null,H2775,SIGMA,2021_LOPAC_01,null,null,DL-threo-beta-hydroxyaspartic acid,null,4,null,null,null,7.698,0,null,null,null,null,null,null,null,null,null,0,null,null,10.006,2.308,34.43,null,null,null,null,null,null,null,null,null,null,YYLQUHNPNCGKJQ,null,TRND,pcdSiftHgIuqupxOeW,null,null,null,null,null,null,null,null,null,7298-99-9,null,null,null,0,4,null,null,null,173033,null,1,1,2025-06-17 16:13:51,null,null,null,null,null,null,null,364795863,activity,null,HTS,null,8.527,2.308,5.567,10.006,null,null,null,null,null,null,null,null,null,null,null,null,null,null,null,null,null,null,null,null,null,278941887
TRND-Glioblastoma_LOPAC_U251-primary_screen2,NCGC00095191-18,activity,null,4,0,-1.673,CCOC(=O)C1=C[C@@H](OC(CC)CC)[C@H](NC(C)=O)[C@@H](N)C1,null,null,null,null,null,SML1606,SIGMA,2021_LOPAC_01,null,null,Oseltamivir phosphate,null,4,null,null,null,2.919,0,null,null,null,null,null,null,null,null,null,0,null,null,0.18,-2.739,-3.329,null,null,null,null,null,null,null,null,null,null,VSZGPKBBMSAYNT,null,TRND,bdergbrkyiTvfYNHhq,null,null,null,null,PHOSPHORIC_ACID,null,null,null,null,null,null,null,null,0,4,null,null,null,173033,null,1,1,2025-06-17 16:13:51,null,null,null,null,null,null,null,364799631,activity,null,HTS,null,0.18,-1.478,-2.739,-1.673,null,null,null,null,null,null,null,null,null,null,null,null,null,null,null,null,null,null,null,null,null,278941888
TRND-Glioblastoma_LOPAC_U251-primary_screen2,NCGC00015067-28,activity,null,4,-10.98,6.989,CC(=O)OC1=C(C=CC=C1)C(O)=O,null,null,null,null,null,A5376,SIGMA,2021_LOPAC_01,null,null,Acetylsalicylic acid,null,4,null,null,null,10.097,-2.48,4.955,1,0.942,null,null,null,null,null,null,8.5,null,null,9.697,-0.4,26.153,27.98,null,null,null,null,null,null,null,null,null,BSYNRYMUTXBXSQ,null,TRND,PtUciJEeBoelWkcMGZ,null,null,null,null,null,null,null,null,null,50-78-2,null,null,null,0,4,1,null,null,173033,0 0 0 1,1,1,2025-06-17 16:13:51,null,null,null,null,null,null,null,364797515,activity,null,HTS,null,7.159,9.697,-0.4,6.989,null,null,null,null,null,null,null,null,null,null,null,null,null,null,null,null,null,null,null,null,null,278941889
TRND-Glioblastoma_LOPAC_U251-primary_screen2,NCGC00015817-31,activity,null,4,-9.831,-4.025,CC(CN1C2=C(SC3=C1C=CC=C3)C=CC=C2)N(C)C,null,null,null,null,null,P4651,SIGMA,2021_LOPAC_01,null,null,Promethazine hydrochloride,null,4,null,null,null,14.561,-4.331,2.72,0.687,0.518,null,null,null,null,null,null,5.5,null,null,10.536,-4.025,6.733,18.088,null,null,null,null,null,null,null,null,null,PWWVAXIEGOYWEE,null,TRND,QvUmDEYMiAfBZsvANX,null,null,null,null,CL,null,null,null,null,58-33-3,null,null,null,0,4,0,null,null,173033,0 0 0 0,1,1,2025-06-17 16:13:51,null,null,null,null,null,null,null,364796739,activity,null,HTS,null,0.139,10.536,1.574,-4.025,null,null,null,null,null,null,null,null,null,null,null,null,null,null,null,null,null,null,null,null,null,278941890
TRND-Glioblastoma_LOPAC_U251-primary_screen2,NCGC00161602-26,activity,null,4,-14.489,-10.824,[H][C@@]12[C@@H](C)C3=CC=CC(O)=C3C(=O)C1=C(O)[C@]4(O)C(=O)C(C(N)=O)=C(O)[C@@H](N(C)C)[C@]4([H])[C@H]2O,null,null,null,null,null,D9891,SIGMA,2021_LOPAC_01,null,null,Doxycycline hydrochloride,null,4,null,null,null,19.104,-10.989,4.955,0.549,0.752,null,null,null,null,null,null,3.5,null,null,8.28,-10.824,18.156,8.473,null,null,null,null,null,null,null,null,null,JBIWCJUYHHGXTC,null,TRND,kIMZJIthEKyANltJkV,null,Antibiotic,null,null,HYCLATE,null,null,null,null,24390-14-5,mir-96,null,null,0,4,0,null,null,173033,0 0 0 0,1,1,2025-06-17 16:13:51,null,null,null,null,null,null,null,364795559,activity,null,HTS,null,8.28,-1.602,2.843,-10.824,null,null,null,null,null,null,null,null,null,null,null,null,null,null,null,null,null,null,null,null,null,278941891
TRND-Glioblastoma_LOPAC_U251-primary_screen2,NCGC00384183-08,activity,11.220185,-3,-42.846,-45.479,CCOC(=O)C1=CC=C(C=C1)C2=CC=C(OC(=O)N(C)CC3=CC=CC(=C3)C4=CC=NC=C4)C=C2,null,null,null,null,null,SML1179,SIGMA,2021_LOPAC_01,-4.95,null,WWL113,null,-3,null,null,null,48.125,-45.846,4.504,0.266,0.954,null,null,null,null,null,null,-3,null,null,2.646,-45.479,-50.428,-39.082,null,null,null,null,null,null,null,null,null,AKIIPHDGVCFVCC,null,TRND,fYbrtrnJyLqNVelNYV,null,null,null,null,null,null,null,null,null,null,null,null,null,0,4,0,null,null,173033,0 0 0 0,1,1,2025-06-17 16:13:51,null,null,null,null,null,null,null,364796523,activity,null,HTS,null,-8.555,2.646,-6.617,-45.479,null,null,null,null,null,null,null,null,null,null,null,null,null,null,null,null,null,null,null,null,null,278941892
TRND-Glioblastoma_LOPAC_U251-primary_screen2,NCGC00162358-16,activity,10,-3,-73.142,-65.914,N[S+]([O-])(=O)C#CC1=CC=CC=C1,null,null,null,null,null,P0122,SIGMA,2021_LOPAC_01,-5,null,Pifithrin-mu,null,-3,null,null,null,75.41,-66.642,3.99,0.088,0.995,null,null,null,null,null,null,6.5,null,null,9.496,-65.914,-22.209,-16.088,null,null,null,null,null,null,null,null,null,ZROKVBGRTWQREO,null,TRND,TQczFTpoKWpjgSdDRy,null,null,null,null,null,null,null,null,null,null,null,null,null,0,4,0,null,null,173033,0 0 0 0,1,1,2025-06-17 16:13:51,null,null,null,null,null,null,null,364798667,activity,null,HTS,13.174757,3.642,9.496,-6.153,-65.914,null,null,null,null,null,null,null,null,null,null,null,null,null,null,null,null,null,null,null,null,null,278941893
TRND-Glioblastoma_LOPAC_U251-primary_screen2,NCGC00016431-12,activity,null,4,20,1.395,CC(=O)OC1=C(C=CC(=C1)C(F)(F)F)C(O)=O,null,null,null,null,null,T6580,SIGMA,2021_LOPAC_01,null,null,Triflusal,null,4,null,null,null,14.452,19,0.9,1,1,null,null,null,null,null,null,-1,null,null,15.847,1.395,36.748,38.067,null,null,null,null,null,null,null,null,null,RMWVZGDJPAKBDE,null,TRND,DwMMueUZrFPUTdPoLe,null,null,null,null,null,null,null,null,null,322-79-2,null,null,null,0,4,1,null,null,173033,0 0 0 1,1,1,2025-06-17 16:13:51,null,null,null,null,null,null,null,364798907,activity,null,HTS,null,3.637,10.364,15.847,1.395,null,null,null,null,null,null,null,null,null,null,null,null,null,null,null,null,null,null,null,null,null,278941894
TRND-Glioblastoma_LOPAC_U251-primary_screen2,NCGC00015916-10,activity,null,4,0,2.031,CCN(CC)CCOC(=O)C1=CC(Cl)=C(N)C=C1OC,null,null,null,null,null,S174,SIGMA,2021_LOPAC_01,null,null,"SDZ-205,557 hydrochloride",null,4,null,null,null,5.571,0,null,null,null,null,null,null,null,null,null,0,null,null,7.602,2.031,23.955,null,null,null,null,null,null,null,null,null,null,FFNWMBDISAYHDC,null,TRND,VzeljScsARfwbDaJgZ,null,null,null,null,CL,null,null,null,null,null,null,null,null,0,4,null,null,null,173033,null,1,1,2025-06-17 16:13:51,null,null,null,null,null,null,null,364797919,activity,null,HTS,null,5.57,3.025,7.602,2.031,null,null,null,null,null,null,null,null,null,null,null,null,null,null,null,null,null,null,null,null,null,278941895
TRND-Glioblastoma_LOPAC_U251-primary_screen2,NCGC00025079-10,activity,null,4,0,-3.188,N[C@@H](CC1=CC(=CC(CP(O)(O)=O)=C1)C2=CC=CC=C2Cl)C(O)=O,null,null,null,null,null,SML0598,SIGMA,2021_LOPAC_01,null,null,SDZ 220-581 hydrochloride,null,4,null,null,null,9.35,0,null,null,null,null,null,null,null,null,null,0,null,null,6.14,-3.211,17.138,null,null,null,null,null,null,null,null,null,null,VBRJFXSFCYEZMQ,null,TRND,qSRlPvaVoovcCZmIFK,null,null,null,null,CL,null,null,null,null,null,null,null,null,0,4,null,null,null,173033,null,1,1,2025-06-17 16:13:51,null,null,null,null,null,null,null,364795987,activity,null,HTS,null,6.14,5.753,-3.211,-3.188,null,null,null,null,null,null,null,null,null,null,null,null,null,null,null,null,null,null,null,null,null,278941896
TRND-Glioblastoma_LOPAC_U251-primary_screen2,NCGC00024491-13,activity,null,4,0,0.794,[O-][N+](=O)C1=C(C=C2NC(=O)C(=O)NC2=C1)C#N,null,null,null,null,null,C239,SIGMA,2021_LOPAC_01,null,null,CNQx disodium,null,4,null,null,null,6.078,0,null,null,null,null,null,null,null,null,null,0,null,null,0.794,-5.284,-3.006,null,null,null,null,null,null,null,null,null,null,RPXVIAFEQBNEAX,null,TRND,xXAWBwBAXsqUlCQyYy,null,null,null,null,SODIUM,null,null,null,null,115066-14-3,null,null,null,0,4,null,null,null,173033,null,1,1,2025-06-17 16:13:51,null,null,null,null,null,null,null,364799371,activity,null,HTS,null,-0.099,0.782,-5.284,0.794,null,null,null,null,null,null,null,null,null,null,null,null,null,null,null,null,null,null,null,null,null,278941897
TRND-Glioblastoma_LOPAC_U251-primary_screen2,NCGC00487314-03,activity,null,4,0,3.442,CC1=CC(NC2=CC=CC=C2C(O)=O)=CC=C1,null,null,null,null,null,SML0658,SIGMA,2021_LOPAC_01,null,null,3-MFA,null,4,null,null,null,7.566,0,null,null,null,null,null,null,null,null,null,0,null,null,7.442,-0.125,17.912,null,null,null,null,null,null,null,null,null,null,JODCQKTVDXZQEP,null,TRND,sTdCZoHCUAKszZuWRn,null,null,null,null,null,null,null,null,null,null,null,null,null,0,4,null,null,null,173033,null,1,1,2025-06-17 16:13:51,null,null,null,null,null,null,null,364798895,activity,null,HTS,null,3.96,7.442,-0.125,3.442,null,null,null,null,null,null,null,null,null,null,null,null,null,null,null,null,null,null,null,null,null,278941898
TRND-Glioblastoma_LOPAC_U251-primary_screen2,NCGC00162299-05,activity,null,4,0,-1.842,CC(=O)[C@H]1CCC2C3CC=C4C[C@H](CC[C@]4(C)C3CC[C@]12C)OS([O-])(=O)=O,null,null,null,null,null,P162,SIGMA,2021_LOPAC_01,null,null,Pregnenolone sulfate sodium,null,4,null,null,null,9.731,0,null,null,null,null,null,null,null,null,null,0,null,null,7.828,-1.903,1.749,null,null,null,null,null,null,null,null,null,null,DIJBBUIOWGGQOP,null,TRND,luqnRujitewQvCNTEX,null,null,null,null,SODIUM,null,null,null,null,null,null,null,null,0,4,null,null,null,173033,null,1,1,2025-06-17 16:13:51,null,null,null,null,null,null,null,364795759,activity,null,HTS,null,-1.903,7.828,3.615,-1.842,null,null,null,null,null,null,null,null,null,null,null,null,null,null,null,null,null,null,null,null,null,278941899
TRND-Glioblastoma_LOPAC_U251-primary_screen2,NCGC00178711-09,activity,null,4,-29.837,-26.948,CO\N=C\1CN(CC1CN)C2=C(F)C=C3C(=O)C(=C/N(C4CC4)C3=N2)\C(O)=O,null,null,null,null,null,SML1625,SIGMA,2021_LOPAC_01,null,null,Gemifloxacin mesylate,null,4,null,null,null,30.605,-26.837,4.504,0.051,0.998,null,null,null,null,null,null,3,null,null,3.657,-26.948,-6.06,-4.42,null,null,null,null,null,null,null,null,null,ZRCVYEYHRGVLOC,null,TRND,yQqGyxviGEJKnpUcUQ,null,null,null,null,SULFONICACID_V1,null,null,null,null,210353-53-0,null,null,null,0,4,0,null,null,173033,0 0 0 0,1,1,2025-06-17 16:13:51,null,null,null,null,null,null,null,364796395,activity,null,HTS,null,2.303,3.657,-1.204,-26.948,null,null,null,null,null,null,null,null,null,null,null,null,null,null,null,null,null,null,null,null,null,278941900
TRND-Glioblastoma_LOPAC_U251-primary_screen2,NCGC00023016-13,activity,null,4,-8,8.942,CO[C@]1(NC(=O)CSCC#N)[C@H]2SCC(CSC3=NN=NN3C)=C(N2C1=O)C([O-])=O,null,null,null,null,null,C6048,SIGMA,2021_LOPAC_01,null,null,Cefmetazole sodium,null,4,null,null,null,11.91,1.5,4.955,1,0.362,null,null,null,null,null,null,9.5,null,null,14.891,2.98,26.506,35.925,null,null,null,null,null,null,null,null,null,SNBUBQHDYVFSQF,null,TRND,CXevQWrXmBwBdXQUtv,null,null,null,null,SODIUM,null,null,null,null,56796-39-5,null,null,null,0,4,1,null,null,173033,0 0 0 1,1,1,2025-06-17 16:13:51,null,null,null,null,null,null,null,364797171,activity,null,HTS,null,4.486,14.891,2.98,8.942,null,null,null,null,null,null,null,null,null,null,null,null,null,null,null,null,null,null,null,null,null,278941901
TRND-Glioblastoma_LOPAC_U251-primary_screen2,NCGC00024309-32,activity,null,4,0,-3.703,COC1=CC=C(C=C1)[C@@H]2SC3=CC=CC=C3N(CCN(C)C)C(=O)[C@@H]2OC(C)=O,null,null,null,null,null,D2521,SIGMA,2021_LOPAC_01,null,null,Diltiazem hydrochloride,null,4,null,null,null,5.959,0,null,null,null,null,null,null,null,null,null,0,null,null,2.256,-3.703,5.285,null,null,null,null,null,null,null,null,null,null,HSUGRBWQSSZJOP,null,TRND,vrtScaCGbjqjCHsHaZ,null,L-Type Calcium Channel Blocker,null,null,CL,null,null,null,null,33286-22-5,CACNA1S,null,null,0,4,null,null,null,173033,null,1,1,2025-06-17 16:13:51,null,null,null,null,null,null,null,364795583,activity,null,HTS,null,1.576,1.831,2.256,-3.703,null,null,null,null,null,null,null,null,null,null,null,null,null,null,null,null,null,null,null,null,null,278941902
TRND-Glioblastoma_LOPAC_U251-primary_screen2,NCGC00015254-36,activity,null,4,0,-4.181,CN1CCN(CC1)C2=NC3=C(NC4=C2C=CC=C4)C=CC(Cl)=C3,null,null,null,null,null,C6305,SIGMA,2021_LOPAC_01,null,null,Clozapine,null,4,null,null,null,9.89,0,null,null,null,null,null,null,null,null,null,0,null,null,5.709,-4.181,7.937,null,null,null,null,null,null,null,null,null,null,QZUDBNBUXVUHMW,null,TRND,KqFYoadKgTmhYnSKIe,null,null,null,null,null,null,null,null,null,5786-21-0,null,null,null,0,4,null,null,null,173033,null,1,1,2025-06-17 16:13:51,null,null,null,null,null,null,null,364797811,activity,null,HTS,null,1.602,5.709,2.428,-4.181,null,null,null,null,null,null,null,null,null,null,null,null,null,null,null,null,null,null,null,null,null,278941903
TRND-Glioblastoma_LOPAC_U251-primary_screen2,NCGC00162185-06,activity,null,4,0,6.516,CN1CC[C@]2(C)C1N(C)C3=C2C=C(O)C=C3,null,null,null,null,null,E100,SIGMA,2021_LOPAC_01,null,null,(-)-Eseroline fumarate,null,4,null,null,null,9.177,0,null,null,null,null,null,null,null,null,null,0,null,null,8.676,-0.501,15.971,null,null,null,null,null,null,null,null,null,null,HKGWQUVGHPDEBZ,null,TRND,ADaNYCoCbVoaYFRMeH,null,null,null,null,FUMARIC_ACID,null,null,null,null,null,null,null,null,0,4,null,null,null,173033,null,1,1,2025-06-17 16:13:51,null,null,null,null,null,null,null,364800315,activity,null,HTS,null,2.461,-0.501,8.676,6.516,null,null,null,null,null,null,null,null,null,null,null,null,null,null,null,null,null,null,null,null,null,278941904
TRND-Glioblastoma_LOPAC_U251-primary_screen2,NCGC00484058-04,activity,null,4,-14.776,-12.313,CCCC(=O)NCCC1=CSC(=N1)C2=CC=C(Cl)C=C2,null,null,null,null,null,SML1560,SIGMA,2021_LOPAC_01,null,null,Azoramide,null,4,null,null,null,13.777,-12.276,1.644,0.045,0.999,null,null,null,null,null,null,2.5,null,null,1.464,-12.313,-14.433,-15.218,null,null,null,null,null,null,null,null,null,VYBFWKKCWTXCQX,null,TRND,BRnWnqFXyvGKWrxVRQ,null,null,null,null,null,null,null,null,null,null,null,null,null,0,4,0,null,null,173033,0 0 0 0,1,1,2025-06-17 16:13:51,null,null,null,null,null,null,null,364795527,activity,null,HTS,null,1.464,-5.953,-11.243,-12.313,null,null,null,null,null,null,null,null,null,null,null,null,null,null,null,null,null,null,null,null,null,278941361
TRND-Glioblastoma_LOPAC_U251-primary_screen2,NCGC00024691-08,activity,null,4,0,5.857,CC1=C(O)C(C=O)=C(COP([O-])([O-])=O)C(=N1)\N=N\C2=C(C=C(C=C2)S([O-])(=O)=O)S([O-])(=O)=O,null,null,null,null,null,P178,SIGMA,2021_LOPAC_01,null,null,PPADS,null,4,null,null,null,4.764,0,null,null,null,null,null,null,null,null,null,0,null,null,6.673,1.91,17.383,null,null,null,null,null,null,null,null,null,null,PNFZSRRRZNXSMF,null,TRND,SIrAgsPzvqURgZfxCR,null,null,null,null,SODIUM,null,null,null,null,null,null,null,null,0,4,null,null,null,173033,null,1,1,2025-06-17 16:13:51,null,null,null,null,null,null,null,364796399,activity,null,HTS,null,1.91,6.208,6.673,5.857,null,null,null,null,null,null,null,null,null,null,null,null,null,null,null,null,null,null,null,null,null,278941362
TRND-Glioblastoma_LOPAC_U251-primary_screen2,NCGC00370844-04,activity,null,4,10.5,2.337,COC1=C(CN[C@H]2CCCN[C@H]2C3=CC=CC=C3)C=CC=C1,null,null,null,null,null,SML0752,SIGMA,2021_LOPAC_01,null,null,(+)-CP-99994 dihydrochloride,null,4,null,null,null,11.2,9.5,4.955,1,0.746,null,null,null,null,null,null,-1,null,null,12.398,1.198,20.225,21.214,null,null,null,null,null,null,null,null,null,DTQNEFOKTXXQKV,null,TRND,mNSIUEohnoHTIkXQeJ,null,null,null,null,CL,null,null,null,null,null,null,null,null,0,4,1,null,null,173033,0 0 0 1,1,1,2025-06-17 16:13:51,null,null,null,null,null,null,null,364796375,activity,null,HTS,null,1.198,12.398,6.723,2.337,null,null,null,null,null,null,null,null,null,null,null,null,null,null,null,null,null,null,null,null,null,278941363
TRND-Glioblastoma_LOPAC_U251-primary_screen2,NCGC00402264-05,activity,null,4,0,5.746,CC1=CC=C(S1)[S+]([O-])(=O)NC2=C(C=CC=C2)N3CCCCC3,null,null,null,null,null,SML1509,SIGMA,2021_LOPAC_01,null,null,MK6-83,null,4,null,null,null,4.025,0,null,null,null,null,null,null,null,null,null,0,null,null,6.594,2.569,17.882,null,null,null,null,null,null,null,null,null,null,CFKJIIXWLNTOPK,null,TRND,LGxJokXdtMCKatriDj,null,null,null,null,null,null,null,null,null,null,null,null,null,0,4,null,null,null,173033,null,1,1,2025-06-17 16:13:51,null,null,null,null,null,null,null,364798439,activity,null,HTS,null,2.569,4.467,6.594,5.746,null,null,null,null,null,null,null,null,null,null,null,null,null,null,null,null,null,null,null,null,null,278941364
TRND-Glioblastoma_LOPAC_U251-primary_screen2,NCGC00379202-11,activity,null,4,-11.296,-5.247,O=C(NC1=C(C=CC=C1)C(=O)NC2CCCCNC2=O)C3=CC4=C(S3)C=CC=C4,null,null,null,null,null,SML0209,SIGMA,2021_LOPAC_01,null,null,ANA-12,null,4,null,null,null,14.253,-6.296,4.955,0.567,0.73,null,null,null,null,null,null,5,null,null,9.006,-5.247,16.542,18.265,null,null,null,null,null,null,null,null,null,TUSCYCAIGRVBMD,null,TRND,APVKmqHfirXyAMoZUX,null,null,null,null,null,null,null,null,null,null,null,null,null,0,4,0,null,null,173033,0 0 0 0,1,1,2025-06-17 16:13:51,null,null,null,null,null,null,null,364798995,activity,null,HTS,null,4.303,1.519,9.006,-5.247,null,null,null,null,null,null,null,null,null,null,null,null,null,null,null,null,null,null,null,null,null,278941365
TRND-Glioblastoma_LOPAC_U251-primary_screen2,NCGC00347064-08,activity,2.511886,-1.1,-99.385,-94.432,COC1=C2N=C(N=C(NCC3=CC=CC=C3)C2=CC=C1)N4C(N)=NC5=C4C=CC=C5,null,null,null,null,null,SML1071,SIGMA,2021_LOPAC_01,-5.6,null,ML240,null,-1.1,null,null,null,99.467,-94.885,4.955,0.013,1,null,null,null,null,null,null,4.5,null,null,4.771,-94.696,-102.776,-102.91,null,null,null,null,null,null,null,null,null,NHAMBLRUUJAFOY,null,TRND,pKfIXSCUwwuamwhzTM,null,Valosin-containing protein (VCP) p97 / Transitional endoplasmic reticulum ATPase inhibitor,null,null,null,null,null,null,null,null,VCP,null,null,0,4,0,null,null,173033,0 0 0 0,1,1,2025-06-17 16:13:51,null,null,null,null,null,null,null,364797931,activity,null,HTS,2.567194,4.771,-0.223,-94.696,-94.432,null,null,null,null,null,null,null,null,null,null,null,null,null,null,null,null,null,null,null,null,null,278941366
TRND-Glioblastoma_LOPAC_U251-primary_screen2,NCGC00015057-11,activity,19.952623,-3,-62.189,-58.971,CN1CCC2=C3C1CC4=C(C3=CC=C2)C(O)=C(O)C=C4,null,null,null,null,null,A4393,SIGMA,2021_LOPAC_01,-4.7,null,Apomorphine hydrochloride hemihydrate,null,-3,null,null,null,59.631,-63.689,4.955,0.095,0.994,null,null,null,null,null,null,-1.5,null,null,0.66,-58.971,-33.473,-37.536,null,null,null,null,null,null,null,null,null,VMWNQDUVQKEIOC,null,TRND,QLVmScYLEFmNifIcRQ,null,null,null,null,HCL,null,null,null,null,[NO STEREO] 314-19-2,null,null,null,0,4,0,null,null,173033,0 0 0 0,1,1,2025-06-17 16:13:51,null,null,null,null,null,null,null,364800039,activity,null,HTS,25.914711,0.66,-4.538,-1.622,-58.971,null,null,null,null,null,null,null,null,null,null,null,null,null,null,null,null,null,null,null,null,null,278941367
TRND-Glioblastoma_LOPAC_U251-primary_screen2,NCGC00091231-31,activity,null,4,12.959,-1.858,[H][C@@]1(C[C@@H]2CCN1C[C@@H]2C=C)[C@@H](O)C3=C4C=C(OC)C=CC4=NC=C3,null,null,null,null,null,Q0875,SIGMA,2021_LOPAC_01,null,null,Quinidine sulfate,null,4,null,null,null,16.464,1,4.955,0.711,0.452,null,null,null,null,null,null,-11.959,null,null,8.164,-8.3,-20.678,-20.417,null,null,null,null,null,null,null,null,null,LOUPRKONTZGTKE,null,TRND,EqEdHgnMQfKPzBKlAD,null,null,null,null,SULFURIC_ACID,null,null,null,null,6591-63-5,null,null,null,0,4,0,null,null,173033,0 0 0 0,1,1,2025-06-17 16:13:51,null,null,null,null,null,null,null,364798331,activity,null,HTS,null,-8.3,8.164,-3.395,-1.858,null,null,null,null,null,null,null,null,null,null,null,null,null,null,null,null,null,null,null,null,null,278941368
TRND-Glioblastoma_LOPAC_U251-primary_screen2,NCGC00690015-01,activity,null,4,-27.964,-13.72,[O-][S+](=O)(N1CCCN(CC1)C(=O)CCCC[C@@H]2CCSS2)C3=CC=CC4=C3C=CN=C4,null,null,null,null,null,SML2199,SIGMA,2021_LOPAC_01,null,null,L-F001,null,4,null,null,null,20.65,-18.464,0.7,0.253,0.959,null,null,null,null,null,null,9.5,null,null,6.93,-13.72,9.302,7.908,null,null,null,null,null,null,null,null,null,NWTRUKNNHUXONB,null,TRND,iKWrDeqzAPJnQcwUDH,null,null,null,null,null,null,null,null,null,null,null,null,null,0,4,0,null,null,173033,0 0 0 0,1,1,2025-06-17 16:13:51,null,null,null,null,null,null,null,364799439,activity,null,HTS,null,6.93,-0.149,-3.736,-13.72,null,null,null,null,null,null,null,null,null,null,null,null,null,null,null,null,null,null,null,null,null,278941369
TRND-Glioblastoma_LOPAC_U251-primary_screen2,NCGC00024887-08,activity,null,4,-9.888,0.32,CC(=O)C(\C)=N\O,null,null,null,null,null,B0753,SIGMA,2021_LOPAC_01,null,null,"2,3-Butanedione monoxime",null,4,null,null,null,12.664,1.112,4.955,0.711,0.455,null,null,null,null,null,null,11,null,null,9.007,-3.657,27.392,27.287,null,null,null,null,null,null,null,null,null,FSEUPUDHEBLWJY,null,TRND,gznPBdWTxrhHOLiFpR,null,null,null,null,null,null,null,null,null,[NO STEREO] 57-71-6,null,null,null,0,4,0,null,null,173033,0 0 0 0,1,1,2025-06-17 16:13:51,null,null,null,null,null,null,null,364795635,activity,null,HTS,null,9.007,-3.657,6.84,0.32,null,null,null,null,null,null,null,null,null,null,null,null,null,null,null,null,null,null,null,null,null,278941370
TRND-Glioblastoma_LOPAC_U251-primary_screen2,NCGC00015980-07,activity,null,4,12.5,13.616,CCCCCCCCCC[Si](C)(C)CCC(=O)NC(CC1=CC=C(C)C=C1)C2=CC=CC=C2,null,null,null,null,null,S9318,SIGMA,2021_LOPAC_01,null,null,Sandoz 58-035,null,4,null,null,null,11.421,13,4.955,0.536,0.769,null,null,null,null,null,null,0.5,null,null,15.76,4.339,37.151,36.861,null,null,null,null,null,null,null,null,null,NBYATBIMYLFITE,null,TRND,WAbsvmpGpDuGyRmxNC,null,null,null,null,null,null,null,null,null,null,null,null,null,0,4,0,null,null,173033,0 0 0 0,1,1,2025-06-17 16:13:51,null,null,null,null,null,null,null,364798775,activity,null,HTS,null,4.339,15.76,9.921,13.616,null,null,null,null,null,null,null,null,null,null,null,null,null,null,null,null,null,null,null,null,null,278941371
TRND-Glioblastoma_LOPAC_U251-primary_screen2,NCGC00015605-28,activity,null,4,-10.369,-1.557,NC1=NC(N)=C(N=N1)C2=CC=CC(Cl)=C2Cl,null,null,null,null,null,SML1082,SIGMA,2021_LOPAC_01,null,null,Lamotrigine isethionate,null,4,null,null,null,10.674,-1.869,2.406,0.155,0.985,null,null,null,null,null,null,8.5,null,null,9.117,-1.557,29.247,29.968,null,null,null,null,null,null,null,null,null,PYZRQGJRPPTADH,null,TRND,HdCoNVkyEfHdfvUegb,null,Sodium channel protein type 1 subunit alpha Blocker,null,null,ISETHIONATE,null,null,null,null,84057-84-1,SCN1A,null,null,0,4,0,null,null,173033,0 0 0 0,1,1,2025-06-17 16:13:51,null,null,null,null,null,null,null,364796003,activity,null,HTS,null,8.014,9.117,2.079,-1.557,null,null,null,null,null,null,null,null,null,null,null,null,null,null,null,null,null,null,null,null,null,278941372
TRND-Glioblastoma_LOPAC_U251-primary_screen2,NCGC00024665-21,activity,10,-2.3,-98.586,-95.894,CSC1=CC2=C(SC3=C(CC2N4CCN(C)CC4)C=CC=C3)C=C1,null,null,null,null,null,M149,SIGMA,2021_LOPAC_01,-5,null,Methiothepin mesylate,null,-2.1,null,null,null,101.492,-96.086,4.504,0.072,0.997,null,null,null,null,null,null,2.5,null,null,5.598,-95.894,-42.803,-49.435,null,null,null,null,null,null,null,null,null,RLJFTICUTYVZDG,null,TRND,HwRJyrVcQeMQpuUzdv,null,null,null,null,SULFONICACID_V1,null,null,null,null,null,null,null,null,0,4,0,null,null,173033,0 0 0 0,1,1,2025-06-17 16:13:51,null,null,null,null,null,null,null,364796011,activity,null,HTS,10.182634,5.598,-0.904,-10.434,-95.894,null,null,null,null,null,null,null,null,null,null,null,null,null,null,null,null,null,null,null,null,null,278941373
TRND-Glioblastoma_LOPAC_U251-primary_screen2,NCGC00015718-28,activity,null,4,0,0.034,COC1=C(C=CC=C1)N2CCN(CC(O)COC3=C4C=CC=CC4=CC=C3)CC2,null,null,null,null,null,N158,SIGMA,2021_LOPAC_01,null,null,Naftopidil dihydrochloride,null,4,null,null,null,9.289,0,null,null,null,null,null,null,null,null,null,0,null,null,6.116,-3.173,0.897,null,null,null,null,null,null,null,null,null,null,HRRBJVNMSRJFHQ,null,TRND,RTODPbQDUeBKrJMXfy,null,Alpha-1D Adrenergic Receptor antagonist,null,null,CL,null,null,null,null,null,ADRA1D,null,null,0,4,null,null,null,173033,null,1,1,2025-06-17 16:13:51,null,null,null,null,null,null,null,364799967,activity,null,HTS,null,-0.425,-3.173,6.116,0.034,null,null,null,null,null,null,null,null,null,null,null,null,null,null,null,null,null,null,null,null,null,278941374
TRND-Glioblastoma_LOPAC_U251-primary_screen2,NCGC00037468-04,activity,null,4,0,8.366,NC1=NC(=CC2=C(C#N)C(=NC(N)=C12)N3CCCC3)N4CCCC4,null,null,null,null,null,SML1518,SIGMA,2021_LOPAC_01,null,null,SID 3712249 ,null,4,null,null,null,3.981,0,null,null,null,null,null,null,null,null,null,0,null,null,11.214,7.233,42.456,null,null,null,null,null,null,null,null,null,null,SSWVPYMSHHEYAB,null,TRND,NsaCRyMFNXbSRHfAyj,null,null,null,null,null,null,null,null,null,null,null,null,null,0,4,null,null,null,173033,null,1,1,2025-06-17 16:13:51,null,null,null,null,null,null,null,364797351,activity,null,HTS,null,9.066,7.233,11.214,8.366,null,null,null,null,null,null,null,null,null,null,null,null,null,null,null,null,null,null,null,null,null,278941375
TRND-Glioblastoma_LOPAC_U251-primary_screen2,NCGC00015964-27,activity,null,4,-30.103,-28.003,FC1=CC=C(C=C1)C(=O)CCCN2CCC3(CC2)N(CNC3=O)C4=CC=CC=C4,null,null,null,null,null,S7395,SIGMA,2021_LOPAC_01,null,null,Spiperone hydrochloride,null,4,null,null,null,35.182,-28.103,4.955,0.331,0.926,null,null,null,null,null,null,2,null,null,7.179,-28.003,1.973,-8.882,null,null,null,null,null,null,null,null,null,DKGZKTPJOSAWFA,null,TRND,gMpQTMKTtrnVsWngiy,null,null,null,null,null,null,null,null,null,null,null,null,null,0,4,0,null,null,173033,0 0 0 0,1,1,2025-06-17 16:13:51,null,null,null,null,null,null,null,364797063,activity,null,HTS,null,7.179,-2.904,-1.715,-28.003,null,null,null,null,null,null,null,null,null,null,null,null,null,null,null,null,null,null,null,null,null,278941376
TRND-Glioblastoma_LOPAC_U251-primary_screen2,NCGC00487318-03,activity,5.011872,-2.1,-92.776,-83.114,[O-][N+](=O)C1=CC=C(O1)C(=O)NCC2=CC=CN=C2,null,null,null,null,null,SML0988,SIGMA,2021_LOPAC_01,-5.3,null,CCCI-01,null,-2.1,null,null,null,90.342,-84.276,2.121,0.029,0.999,null,null,null,null,null,null,8.5,null,null,7.228,-83.114,-56.28,-54.128,null,null,null,null,null,null,null,null,null,OBZHOVWNZIVCCZ,null,TRND,zrgzcdExRcGFhQPTfa,null,null,null,null,null,null,null,null,null,null,null,null,null,0,4,0,null,null,173033,0 0 0 0,1,1,2025-06-17 16:13:51,null,null,null,null,null,null,null,364799847,activity,null,HTS,5.988384,7.228,3.65,-50.333,-83.114,null,null,null,null,null,null,null,null,null,null,null,null,null,null,null,null,null,null,null,null,null,278941377
TRND-Glioblastoma_LOPAC_U251-primary_screen2,NCGC00015523-22,activity,null,4,-36.939,-14.95,OC1=CC=C(O)C=C1,null,null,null,null,null,H9003,SIGMA,2021_LOPAC_01,null,null,Hydroquinone,null,4,null,null,null,29.201,-21.939,0.931,0.11,0.992,null,null,null,null,null,null,15,null,null,14.252,-14.95,36.741,34.958,null,null,null,null,null,null,null,null,null,QIGBRXMKCJKVMJ,null,TRND,RpYLaSAUsLDTstUVsq,null,null,null,null,null,null,null,null,null,123-31-9,null,null,null,0,4,0,null,null,173033,0 0 0 0,1,1,2025-06-17 16:13:51,null,null,null,null,null,null,null,364796551,activity,null,HTS,null,14.252,8.024,-0.799,-14.95,null,null,null,null,null,null,null,null,null,null,null,null,null,null,null,null,null,null,null,null,null,278941378
TRND-Glioblastoma_LOPAC_U251-primary_screen2,NCGC00094396-08,activity,null,4,-15.328,12.602,OC(=O)CCCC[C@@H]1CCSS1,null,null,null,null,null,T5625,SIGMA,2021_LOPAC_01,null,null,(±)-alpha-Lipoic Acid,null,4,null,null,null,15.375,-4.328,1.272,1,0.999,null,null,null,null,null,null,11,null,null,12.602,-2.773,23.455,23.444,null,null,null,null,null,null,null,null,null,AGBQKNBQESQNJD,null,TRND,ixaXUGOUVNVdKtSUJq,null,null,null,null,null,null,null,null,null,1077-28-7,null,null,null,0,4,1,null,null,173033,0 0 0 1,1,1,2025-06-17 16:13:51,null,null,null,null,null,null,null,364796095,activity,null,HTS,null,8.917,3.011,-2.773,12.602,null,null,null,null,null,null,null,null,null,null,null,null,null,null,null,null,null,null,null,null,null,278941379
TRND-Glioblastoma_LOPAC_U251-primary_screen2,NCGC00015870-53,activity,null,4,-32.171,-28.893,OC1=CC2=C(C(O)=C1)C(=O)C(O)=C(O2)C3=CC(O)=C(O)C=C3,null,null,null,null,null,Q0125,SIGMA,2021_LOPAC_01,null,null,Quercetin dihydrate,null,4,null,null,null,32.572,-31.171,4.955,0.171,0.982,null,null,null,null,null,null,1,null,null,3.679,-28.893,-5.254,-11.073,null,null,null,null,null,null,null,null,null,REFJWTPEDVJJIY,null,TRND,fsuiXTIeEXUIvlYaGP,null,Catechol-O-Methyltransferase inhibitor,null,null,null,null,null,null,null,117-39-5,COMT,null,null,0,4,0,null,null,173033,0 0 0 0,1,1,2025-06-17 16:13:51,null,null,null,null,null,null,null,364797695,activity,null,HTS,null,3.679,-1.331,0.935,-28.893,null,null,null,null,null,null,null,null,null,null,null,null,null,null,null,null,null,null,null,null,null,278941380
TRND-Glioblastoma_LOPAC_U251-primary_screen2,NCGC00015094-24,activity,null,4,9.86,-6.645,OC1=C2C=NNC2=NC=N1,null,null,null,null,null,A8003,SIGMA,2021_LOPAC_01,null,null,Allopurinol,null,4,null,null,null,10.881,5.5,4.955,1,0.873,null,null,null,null,null,null,-4.36,null,null,4.236,-6.645,-5.725,-9.223,null,null,null,null,null,null,null,null,null,OFCNXPDARWKPPY,null,TRND,HbdCqMQNAvrGQrmCZE,null,Xanthine Dehydrogenase/Oxidase inhibitor,null,null,null,null,null,null,null,315-30-0,XDH,null,null,0,4,1,null,null,173033,0 0 0 1,1,1,2025-06-17 16:13:51,null,null,null,null,null,null,null,364796787,activity,null,HTS,null,-2.389,-6.133,4.236,-6.645,null,null,null,null,null,null,null,null,null,null,null,null,null,null,null,null,null,null,null,null,null,278941381
TRND-Glioblastoma_LOPAC_U251-primary_screen2,NCGC00024027-17,activity,null,4,-25.616,-18.013,CC[C@@H](CO)NC(=O)[C@H]1CN(C)[C@@H]2CC3=CN(C)C4=CC=CC(=C34)C2=C1,null,null,null,null,null,M137,SIGMA,2021_LOPAC_01,null,null,Methysergide maleate,null,4,null,null,null,23.651,-19.616,1.826,0.027,1,null,null,null,null,null,null,6,null,null,5.638,-18.013,5.338,6.026,null,null,null,null,null,null,null,null,null,KPJZHOPZRAFDTN,null,TRND,SXHykFFOljPSQWpLnE,null,null,null,null,MALEATE,null,null,null,null,129-49-7,null,null,null,0,4,0,null,null,173033,0 0 0 0,1,1,2025-06-17 16:13:51,null,null,null,null,null,null,null,364799831,activity,null,HTS,null,5.638,4.736,-5.931,-18.013,null,null,null,null,null,null,null,null,null,null,null,null,null,null,null,null,null,null,null,null,null,278941382
TRND-Glioblastoma_LOPAC_U251-primary_screen2,NCGC00015806-18,activity,null,4,12.907,9.669,CC1=CN(C(=O)C=C1)C2=CC=CC=C2,null,null,null,null,null,P2116,SIGMA,2021_LOPAC_01,null,null,Pirfenidone,null,4,null,null,null,12.924,7,4.955,0.563,0.736,null,null,null,null,null,null,-5.907,null,null,9.669,-3.255,3.998,4.097,null,null,null,null,null,null,null,null,null,ISWRGOKTTBVCFA,null,TRND,rWsArMVLayGUPaFdZq,null,TGF-beta receptor type-1 inhibitor,null,null,null,null,null,null,null,53179-13-8,TGFBR1,null,null,0,4,0,null,null,173033,0 0 0 0,1,1,2025-06-17 16:13:51,null,null,null,null,null,null,null,364797347,activity,null,HTS,null,-3.255,8.692,2.681,9.669,null,null,null,null,null,null,null,null,null,null,null,null,null,null,null,null,null,null,null,null,null,278941383
TRND-Glioblastoma_LOPAC_U251-primary_screen2,NCGC00015279-21,activity,null,4,0,8.566,CN(C)CCOC(=O)COC1=CC=C(Cl)C=C1,null,null,null,null,null,C8773,SIGMA,2021_LOPAC_01,null,null,Centrophenoxine hydrochloride,null,4,null,null,null,8.293,0,null,null,null,null,null,null,null,null,null,0,null,null,12.478,4.185,33.407,null,null,null,null,null,null,null,null,null,null,XZTYGFHCIAKPGJ,null,TRND,sygQvGrjrNrwdxQaMX,null,null,null,null,CL,null,null,null,null,3685-84-5,null,null,null,0,4,null,null,null,173033,null,1,1,2025-06-17 16:13:51,null,null,null,null,null,null,null,364795955,activity,null,HTS,null,4.185,12.478,12.257,8.566,null,null,null,null,null,null,null,null,null,null,null,null,null,null,null,null,null,null,null,null,null,278941384
TRND-Glioblastoma_LOPAC_U251-primary_screen2,NCGC00015017-07,activity,null,4,0,-3.422,NC1=CC=C(CCNC2=NC=NC3=C2N=CN3C4OC(CO)C(O)C4O)C=C1,null,null,null,null,null,A202,SIGMA,2021_LOPAC_01,null,null,N6-2-(4-Aminophenyl)ethyladenosine,null,4,null,null,null,5.283,0,null,null,null,null,null,null,null,null,null,0,null,null,0.818,-4.465,-5.415,null,null,null,null,null,null,null,null,null,null,XTPOZVLRZZIEBW,null,TRND,xelMAYyJADFrPtiXMG,null,null,null,null,null,null,null,null,null,null,null,null,null,0,4,null,null,null,173033,null,1,1,2025-06-17 16:13:51,null,null,null,null,null,null,null,364797523,activity,null,HTS,null,0.818,-4.465,-3.956,-3.422,null,null,null,null,null,null,null,null,null,null,null,null,null,null,null,null,null,null,null,null,null,278941385
TRND-Glioblastoma_LOPAC_U251-primary_screen2,NCGC00015097-14,activity,null,4,12.563,1.214,NCCC1=CC=C(C=C1)[S+]([O-])(F)=O,null,null,null,null,null,A8456,SIGMA,2021_LOPAC_01,null,null,4-(2-Aminoethyl)benzenesulfonyl fluoride hydrochloride,null,4,null,null,null,13.923,4,4.955,0.515,0.791,null,null,null,null,null,null,-8.563,null,null,7.62,-6.303,-9.184,-9.234,null,null,null,null,null,null,null,null,null,MGSKVZWGBWPBTF,null,TRND,dhZShEAoKTUHaorYeC,null,null,null,null,CL,null,null,null,null,null,null,null,null,0,4,0,null,null,173033,0 0 0 0,1,1,2025-06-17 16:13:51,null,null,null,null,null,null,null,364798703,activity,null,HTS,null,-6.303,7.62,3.352,1.214,null,null,null,null,null,null,null,null,null,null,null,null,null,null,null,null,null,null,null,null,null,278941386
TRND-Glioblastoma_LOPAC_U251-primary_screen2,NCGC00013724-24,activity,null,4,9,9.868,[H][C@](CO)(C(=O)OC1CC2C3OC3C(C1)[N+]2(C)C)C4=CC=CC=C4,null,null,null,null,null,S8502,SIGMA,2021_LOPAC_01,null,null,(-)-Scopolamine methyl bromide,null,4,null,null,null,11.054,12.5,3.929,0.492,0.816,null,null,null,null,null,null,3.5,null,null,14.625,3.571,32.016,31.712,null,null,null,null,null,null,null,null,null,LZCOQTDXKCNBEE,null,TRND,GaNnplnWSKdBTtaEIp,null,null,null,null,BR,null,null,null,null,[NO STEREO] 6106-46-3,null,null,null,0,4,0,null,null,173033,0 0 0 0,1,1,2025-06-17 16:13:51,null,null,null,null,null,null,null,364800275,activity,null,HTS,null,3.571,9.574,14.625,9.868,null,null,null,null,null,null,null,null,null,null,null,null,null,null,null,null,null,null,null,null,null,278941387
TRND-Glioblastoma_LOPAC_U251-primary_screen2,NCGC00015658-12,activity,null,4,0,0.28,COCC1=NC2=C(N1)N(CC(C)C)C(=O)N(C)C2=O,null,null,null,null,null,M2547,SIGMA,2021_LOPAC_01,null,null,8-Methoxymethyl-3-isobutyl-1-methylxanthine,null,4,null,null,null,2.046,0,null,null,null,null,null,null,null,null,null,0,null,null,1.523,-0.522,0.655,null,null,null,null,null,null,null,null,null,null,NBLBCGUCPBXKOV,null,TRND,acaWrjJmnzsygxLozB,null,null,null,null,null,null,null,null,null,null,null,null,null,0,4,null,null,null,173033,null,1,1,2025-06-17 16:13:51,null,null,null,null,null,null,null,364798255,activity,null,HTS,null,-0.522,1.277,1.523,0.28,null,null,null,null,null,null,null,null,null,null,null,null,null,null,null,null,null,null,null,null,null,278941388
TRND-Glioblastoma_LOPAC_U251-primary_screen2,NCGC00015603-20,activity,null,4,0,2.067,CCN1C=C(C(O)=O)C(=O)C2=C1C(F)=C(N3CCNC(C)C3)C(F)=C2,null,null,null,null,null,L2906,SIGMA,2021_LOPAC_01,null,null,Lomefloxacin hydrochloride,null,4,null,null,null,8.539,0,null,null,null,null,null,null,null,null,null,0,null,null,10.606,2.067,24.644,null,null,null,null,null,null,null,null,null,null,ZEKZLJVOYLTDKK,null,TRND,ZQshBMWyJibOAjDfXS,null,null,null,null,CL,null,null,null,null,98079-52-8,null,null,null,0,4,null,null,null,173033,null,1,1,2025-06-17 16:13:51,null,null,null,null,null,null,null,364797675,activity,null,HTS,null,4.117,6.746,10.606,2.067,null,null,null,null,null,null,null,null,null,null,null,null,null,null,null,null,null,null,null,null,null,278941389
TRND-Glioblastoma_LOPAC_U251-primary_screen2,NCGC00095192-16,activity,2.238721,-1.1,-105.371,-97.177,CCCCCNC(=N)N\N=C\C1=CNC2=C1C=C(OC)C=C2,null,null,null,null,null,SML1504,SIGMA,2021_LOPAC_01,-5.65,null,Tegaserod maleate,null,-1.1,null,null,null,104.564,-97.371,3.99,0.009,1,null,null,null,null,null,null,8,null,null,7.387,-97.177,-100.017,-98.806,null,null,null,null,null,null,null,null,null,IKBKZGMPCYNSLU,null,TRND,AloFaBPDVZcwmUpyRd,null,null,null,null,null,null,null,null,null,145158-71-0,null,null,null,0,4,0,null,null,173033,0 0 0 0,1,1,2025-06-17 16:13:51,null,null,null,null,null,null,null,364796431,activity,null,HTS,2.269235,7.387,-3.465,-95.829,-97.177,null,null,null,null,null,null,null,null,null,null,null,null,null,null,null,null,null,null,null,null,null,278941390
TRND-Glioblastoma_LOPAC_U251-primary_screen2,NCGC00162079-05,activity,null,4,11.769,-0.742,CN(C)CC\C=C1\C2=C(SC3=C1C=CC(Cl)=C3)C=CC=C2,null,null,null,null,null,C1671,SIGMA,2021_LOPAC_01,null,null,Chlorprothixene hydrochloride,null,4,null,null,null,10.414,0.5,4.955,0.238,0.964,null,null,null,null,null,null,-11.269,null,null,1.439,-8.974,-23.694,-23.909,null,null,null,null,null,null,null,null,null,MDESCHUXWOWHQJ,null,TRND,MkvjfeTDAWqFpXlGOc,null,null,null,null,CL,null,null,null,null,null,null,null,null,0,4,0,null,null,173033,0 0 0 0,1,1,2025-06-17 16:13:51,null,null,null,null,null,null,null,364795947,activity,null,HTS,null,-8.974,0.85,1.439,-0.742,null,null,null,null,null,null,null,null,null,null,null,null,null,null,null,null,null,null,null,null,null,278941391
TRND-Glioblastoma_LOPAC_U251-primary_screen2,NCGC00370733-08,activity,null,4,0,4.66,CC1=CC=C(S1)C2NC3=C(C=CC=C3)C(=O)N2C4=CC=CC=C4,null,null,null,null,null,SML1085,SIGMA,2021_LOPAC_01,null,null,Retro-2,null,4,null,null,null,9.144,0,null,null,null,null,null,null,null,null,null,0,null,null,6.212,-2.932,19.168,null,null,null,null,null,null,null,null,null,null,BOAPXDSRULBILC,null,TRND,cZDfnlXFMreCHtSwoq,null,null,null,null,null,null,null,null,null,null,null,null,null,0,4,null,null,null,173033,null,1,1,2025-06-17 16:13:51,null,null,null,null,null,null,null,364796807,activity,null,HTS,null,5.199,6.212,-2.932,4.66,null,null,null,null,null,null,null,null,null,null,null,null,null,null,null,null,null,null,null,null,null,278941392
TRND-Glioblastoma_LOPAC_U251-primary_screen2,NCGC00015035-09,activity,null,4,-23.901,-23.667,NC1=C2C=CC=C3C(=O)NC(=O)C(C=C1)=C23,null,null,null,null,null,A0966,SIGMA,2021_LOPAC_01,null,null,"4-Amino-1,8-naphthalimide",null,4,null,null,null,28.444,-24.401,4.504,0.409,0.881,null,null,null,null,null,null,-0.5,null,null,4.777,-23.667,-25.445,-14.818,null,null,null,null,null,null,null,null,null,SSMIFVHARFVINF,null,TRND,KtrJSYGsJChbNLEOIm,null,null,null,null,null,null,null,null,null,null,null,null,null,0,4,0,null,null,173033,0 0 0 0,1,1,2025-06-17 16:13:51,null,null,null,null,null,null,null,364799351,activity,null,HTS,null,-5.634,4.777,-1.009,-23.667,null,null,null,null,null,null,null,null,null,null,null,null,null,null,null,null,null,null,null,null,null,278941393
TRND-Glioblastoma_LOPAC_U251-primary_screen2,NCGC00386134-23,activity,null,4,0,-4.521,[H][C@@]12CC[C@H](O)[C@@]1(C)CC[C@]3([H])C4=C(C[C@@H](CCCCCCCCC[S+]([O-])CCCC(F)(F)C(F)(F)F)[C@@]23[H])C=C(O)C=C4,null,null,null,null,null,I4409,SIGMA,2021_LOPAC_01,null,null,Fulvestrant,null,4,null,null,null,9.19,0,null,null,null,null,null,null,null,null,null,0,null,null,1.946,-7.244,-2.316,null,null,null,null,null,null,null,null,null,null,VWUXBMIQPBEWFH,null,TRND,xHjvdEBhehLibMlNDA,null,Estrogen Receptor antagonist,null,null,null,null,null,null,null,129453-61-8,ESR1,null,null,0,4,null,null,null,173033,null,1,1,2025-06-17 16:13:51,null,null,null,null,null,null,null,364797459,activity,null,HTS,null,1.946,-0.392,-7.244,-4.521,null,null,null,null,null,null,null,null,null,null,null,null,null,null,null,null,null,null,null,null,null,278941394
TRND-Glioblastoma_LOPAC_U251-primary_screen2,NCGC00370854-04,activity,null,4,0,-0.129,COC1=C(C=C(Br)C=C1)[S+]([O-])(=O)NC(=O)\C=C\C2=CC=CC=C2CC3=CC4=CC=CC=C4C=C3,null,null,null,null,null,L4545,SIGMA,2021_LOPAC_01,null,null,L-798106,null,4,null,null,null,6.411,0,null,null,null,null,null,null,null,null,null,0,null,null,6.283,-0.129,23.887,null,null,null,null,null,null,null,null,null,null,QEDHZDKARXPSKM,null,TRND,WHvUybxApGqovTVtPv,null,null,null,null,null,null,null,null,null,null,null,null,null,0,4,null,null,null,173033,null,1,1,2025-06-17 16:13:51,null,null,null,null,null,null,null,364797795,activity,null,HTS,null,5.834,6.283,4.826,-0.129,null,null,null,null,null,null,null,null,null,null,null,null,null,null,null,null,null,null,null,null,null,278941905
TRND-Glioblastoma_LOPAC_U251-primary_screen2,NCGC00182704-10,activity,null,4,-10.271,-4.809,ClC1=CC(Cl)=C(C=C1)[C@@H]2CS\C(S2)=C(\C#N)N3C=CN=C3,null,null,null,null,null,SML1595,SIGMA,2021_LOPAC_01,null,null,Luliconazole,null,4,null,null,null,10.684,-7.771,4.955,0.606,0.677,null,null,null,null,null,null,2.5,null,null,5.875,-4.809,4.96,7.986,null,null,null,null,null,null,null,null,null,YTAOBBFIOAEMLL,null,TRND,qSXJTVfVmvsaMNFxpc,null,null,null,null,null,null,null,null,null,187164-19-8,null,null,null,0,4,0,null,null,173033,0 0 0 0,1,1,2025-06-17 16:13:51,null,null,null,null,null,null,null,364798919,activity,null,HTS,null,1.192,0.102,5.875,-4.809,null,null,null,null,null,null,null,null,null,null,null,null,null,null,null,null,null,null,null,null,null,278941906
TRND-Glioblastoma_LOPAC_U251-primary_screen2,NCGC00015997-21,activity,null,4,-13.728,6.395,NCC[S+](O)([O-])=O,null,null,null,null,null,T0625,SIGMA,2021_LOPAC_01,null,null,Taurine,null,4,null,null,null,14.487,-9.228,4.955,1,0.823,null,null,null,null,null,null,4.5,null,null,7.63,-6.857,1.162,6.19,null,null,null,null,null,null,null,null,null,HYLQXTLZCLYTGA,null,TRND,VWXreUIxWZhEtYFjlD,null,Antioxidant,null,null,null,null,null,null,null,107-35-7,CAT,null,null,0,4,1,null,null,173033,0 0 0 1,1,1,2025-06-17 16:13:51,null,null,null,null,null,null,null,364796655,activity,null,HTS,null,1.524,7.63,-6.857,6.395,null,null,null,null,null,null,null,null,null,null,null,null,null,null,null,null,null,null,null,null,null,278941907
TRND-Glioblastoma_LOPAC_U251-primary_screen2,NCGC00015036-34,activity,null,4,0,3.74,NC12CC3CC(CC(C3)C1)C2,null,null,null,null,null,A1260,SIGMA,2021_LOPAC_01,null,null,Amantadine hydrochloride,null,4,null,null,null,8.463,0,null,null,null,null,null,null,null,null,null,0,null,null,12.203,3.74,43.583,null,null,null,null,null,null,null,null,null,null,DKNWSYNQZKUICI,null,TRND,jrTYTfrcVeoHZNAseZ,null,Dopamine Receptor D3 agonist,null,null,CL,null,null,null,null,665-66-7,DRD3,null,null,0,4,null,null,null,173033,null,1,1,2025-06-17 16:13:51,null,null,null,null,null,null,null,364795531,activity,null,HTS,null,12.203,6.706,4.382,3.74,null,null,null,null,null,null,null,null,null,null,null,null,null,null,null,null,null,null,null,null,null,278941908
TRND-Glioblastoma_LOPAC_U251-primary_screen2,NCGC00242054-19,activity,null,4,0,0.075,CC1=NC(=CC=C1)C2=NNC=C2C3=NC4=C(C=C3)N=CC=C4,null,null,null,null,null,R0158,SIGMA,2021_LOPAC_01,null,null,RepSox,null,4,null,null,null,8.094,0,null,null,null,null,null,null,null,null,null,0,null,null,4.204,-3.89,10.697,null,null,null,null,null,null,null,null,null,null,LBPKYPYHDKKRFS,null,TRND,GyrusXTMsyMEQFCMNn,null,TGF-beta receptor type-1 inhibitor,null,null,null,null,null,null,null,null,TGFBR1,null,null,0,4,null,null,null,173033,null,1,1,2025-06-17 16:13:51,null,null,null,null,null,null,null,364799803,activity,null,HTS,null,3.761,-3.89,4.204,0.075,null,null,null,null,null,null,null,null,null,null,null,null,null,null,null,null,null,null,null,null,null,278941909
TRND-Glioblastoma_LOPAC_U251-primary_screen2,NCGC00015966-17,activity,null,4,0,2.733,CCN1CCCC1CNC(=O)C2=C(OC)C=CC(=C2)[S+](N)([O-])=O,null,null,null,null,null,S8010,SIGMA,2021_LOPAC_01,null,null,(±)-Sulpiride,null,4,null,null,null,4.586,0,null,null,null,null,null,null,null,null,null,0,null,null,3.456,-1.13,10.186,null,null,null,null,null,null,null,null,null,null,LZSXQDDPWUOGTJ,null,TRND,cCiXecKJAJIojgUTUc,null,null,null,null,null,null,null,null,null,15676-16-1,null,null,null,0,4,null,null,null,173033,null,1,1,2025-06-17 16:13:51,null,null,null,null,null,null,null,364795799,activity,null,HTS,null,2.566,-1.13,3.456,2.733,null,null,null,null,null,null,null,null,null,null,null,null,null,null,null,null,null,null,null,null,null,278941910
TRND-Glioblastoma_LOPAC_U251-primary_screen2,NCGC00162310-05,activity,null,4,0,3.973,[H][C@]1(CCCN(CCC)C1)C2=CC=CC(O)=C2,null,null,null,null,null,P103,SIGMA,2021_LOPAC_01,null,null,S(-)-3PPP hydrochloride,null,4,null,null,null,5.524,0,null,null,null,null,null,null,null,null,null,0,null,null,3.973,-1.551,2.244,null,null,null,null,null,null,null,null,null,null,HTSNFXAICLXZMA,null,TRND,JknsAYOoTjbdbxWSqj,null,null,null,null,CL,null,null,null,null,89874-80-6,null,null,null,0,4,null,null,null,173033,null,1,1,2025-06-17 16:13:51,null,null,null,null,null,null,null,364797647,activity,null,HTS,null,-0.028,1.888,-1.551,3.973,null,null,null,null,null,null,null,null,null,null,null,null,null,null,null,null,null,null,null,null,null,278941911
TRND-Glioblastoma_LOPAC_U251-primary_screen2,NCGC00014992-15,activity,null,4,0,-2.189,OC(=O)C1CCCNC1,null,null,null,null,null,211672,SIGMA,2021_LOPAC_01,null,null,(±)-Nipecotic acid,null,4,null,null,null,9.977,0,null,null,null,null,null,null,null,null,null,0,null,null,7.788,-2.189,20.524,null,null,null,null,null,null,null,null,null,null,XJLSEXAGTJCILF,null,TRND,OpBQWQpaTdaQxEvyWc,null,null,null,null,null,null,null,null,null,498-95-3,null,null,null,0,4,null,null,null,173033,null,1,1,2025-06-17 16:13:51,null,null,null,null,null,null,null,364798203,activity,null,HTS,null,5.623,7.788,0.899,-2.189,null,null,null,null,null,null,null,null,null,null,null,null,null,null,null,null,null,null,null,null,null,278941912
TRND-Glioblastoma_LOPAC_U251-primary_screen2,NCGC00015675-25,activity,null,4,0,8.081,CC1=C(C=C(C#N)C(=O)N1)C2=CC=NC=C2,null,null,null,null,null,M4659,SIGMA,2021_LOPAC_01,null,null,Milrinone,null,4,null,null,null,4.775,0,null,null,null,null,null,null,null,null,null,0,null,null,8.081,3.306,23.395,null,null,null,null,null,null,null,null,null,null,PZRHRDRVRGEVNW,null,TRND,gPtkghynqWAXfmaYHp,null,null,null,null,null,null,null,null,null,78415-72-2,null,null,null,0,4,null,null,null,173033,null,1,1,2025-06-17 16:13:51,null,null,null,null,null,null,null,364796387,activity,null,HTS,null,4.184,7.474,3.306,8.081,null,null,null,null,null,null,null,null,null,null,null,null,null,null,null,null,null,null,null,null,null,278941913
TRND-Glioblastoma_LOPAC_U251-primary_screen2,NCGC00015479-40,activity,null,4,-18.21,-17.675,OC1=CC=C(C=C1)C2=COC3=C(C(O)=CC(O)=C3)C2=O,null,null,null,null,null,G6649,SIGMA,2021_LOPAC_01,null,null,Genistein,null,4,null,null,null,19.02,-19.21,4.955,0.388,0.894,null,null,null,null,null,null,-1,null,null,1.345,-17.675,-22.651,-13.626,null,null,null,null,null,null,null,null,null,TZBJGXHYKVUXJN,null,TRND,ViUQTykxoqrSXarqIZ,null,Short transient receptor potential channel 5 agonist,null,null,null,null,null,null,null,446-72-0,TRPC5,null,null,0,4,0,null,null,173033,0 0 0 0,1,1,2025-06-17 16:13:51,null,null,null,null,null,null,null,364797871,activity,null,HTS,null,-5.149,1.345,-0.016,-17.675,null,null,null,null,null,null,null,null,null,null,null,null,null,null,null,null,null,null,null,null,null,278941914
TRND-Glioblastoma_LOPAC_U251-primary_screen2,NCGC00015368-23,activity,null,4,-8.947,-2.775,CCN(CC)CCOC(=O)C1(CCCCC1)C2CCCCC2,null,null,null,null,null,D7909,SIGMA,2021_LOPAC_01,null,null,Dicyclomine hydrochloride,null,4,null,null,null,11.114,-4.947,3.512,0.445,0.856,null,null,null,null,null,null,4,null,null,4.075,-7.04,3.736,3.655,null,null,null,null,null,null,null,null,null,CURUTKGFNZGFSE,null,TRND,chUobSGXunkHSRFgrM,null,null,null,null,CL,null,null,null,null,67-92-5,null,null,null,0,4,0,null,null,173033,0 0 0 0,1,1,2025-06-17 16:13:51,null,null,null,null,null,null,null,364797431,activity,null,HTS,null,4.075,-1.702,-7.04,-2.775,null,null,null,null,null,null,null,null,null,null,null,null,null,null,null,null,null,null,null,null,null,278941915
TRND-Glioblastoma_LOPAC_U251-primary_screen2,NCGC00689998-01,activity,22.387211,-3,-48.26,-41.92,CC(C)(C)C1=CC=C(C=C1)C(=O)NC2=CC=C(NC3=CC=CC=C3)C=C2,null,null,null,null,null,SML2291,SIGMA,2021_LOPAC_01,-4.65,null,S119-8,null,-3,null,null,null,50.884,-47.76,4.955,0.373,0.903,null,null,null,null,null,null,0.5,null,null,8.964,-41.92,-2.475,-19.991,null,null,null,null,null,null,null,null,null,NEPKMQDGCTXOPG,null,TRND,MLWZMLawgZqSShmHrU,null,null,null,null,null,null,null,null,null,null,null,null,null,0,4,0,null,null,173033,0 0 0 0,1,1,2025-06-17 16:13:51,null,null,null,null,null,null,null,364796931,activity,null,HTS,null,8.964,-8.057,0.449,-41.92,null,null,null,null,null,null,null,null,null,null,null,null,null,null,null,null,null,null,null,null,null,278941916
TRND-Glioblastoma_LOPAC_U251-primary_screen2,NCGC00690019-01,activity,12.589254,-3,-58.779,-38.346,COC1=CC2=[N](C=C1)[Au+3]([Cl-])([Cl-])[N]3=C2C=C(OC)C=C3,null,null,null,null,null,SML2210,SIGMA,2021_LOPAC_01,-4.9,null,AubipyOMe,null,-3,null,null,null,47.636,-50.779,1.288,0.105,0.993,null,null,null,null,null,null,8,null,null,9.29,-38.346,1.477,-2.314,null,null,null,null,null,null,null,null,null,JMGTZEXDAANMPY,null,TRND,ochhJdvDcMlASkXXqy,null,null,null,null,HEXAFLUOROPHOSPHATE,null,null,null,null,null,null,null,null,0,4,0,null,null,173033,0 0 0 0,1,1,2025-06-17 16:13:51,null,null,null,null,null,null,null,364795971,activity,null,HTS,33.3,9.29,2.82,-8.748,-38.346,null,null,null,null,null,null,null,null,null,null,null,null,null,null,null,null,null,null,null,null,null,278941917
TRND-Glioblastoma_LOPAC_U251-primary_screen2,NCGC00186049-04,activity,null,4,0,2.436,CCN(CC)CCNC(=O)C1=CC=C(N[S+](C)([O-])=O)C=C1,null,null,null,null,null,S0323,SIGMA,2021_LOPAC_01,null,null,Sematilide monohydrochloride monohydrate,null,4,null,null,null,5.761,0,null,null,null,null,null,null,null,null,null,0,null,null,2.436,-3.325,-8.282,null,null,null,null,null,null,null,null,null,null,COBKWOCHIWQZMC,null,TRND,TGYgwLoUBVGfLdimRp,null,null,null,null,CL,null,null,null,null,101526-62-9,null,null,null,0,4,null,null,null,173033,null,1,1,2025-06-17 16:13:51,null,null,null,null,null,null,null,364796583,activity,null,HTS,null,-2.947,-3.325,1.345,2.436,null,null,null,null,null,null,null,null,null,null,null,null,null,null,null,null,null,null,null,null,null,278941918
TRND-Glioblastoma_LOPAC_U251-primary_screen2,NCGC00015623-19,activity,null,4,0,-0.206,CCCN(CCC)C(=O)C(CCC(O)=O)NC(=O)C1=CC=CC=C1,null,null,null,null,null,M001,SIGMA,2021_LOPAC_01,null,null,Proglumide,null,4,null,null,null,2.469,0,null,null,null,null,null,null,null,null,null,0,null,null,2.156,-0.313,0.722,null,null,null,null,null,null,null,null,null,null,DGMKFQYCZXERLX,null,TRND,nboMhiIAQtcABZRYHF,null,Cholecystokinin B Receptor antagonist,null,null,null,null,null,null,null,6620-60-6,CCKBR,null,null,0,4,null,null,null,173033,null,1,1,2025-06-17 16:13:51,null,null,null,null,null,null,null,364797899,activity,null,HTS,null,-0.165,2.156,-0.313,-0.206,null,null,null,null,null,null,null,null,null,null,null,null,null,null,null,null,null,null,null,null,null,278941919
TRND-Glioblastoma_LOPAC_U251-primary_screen2,NCGC00021145-29,activity,null,4,11.701,-1.766,CN1CCN(CC1)C2=NC3=C(OC4=C2C=C(Cl)C=C4)C=CC=C3,null,null,null,null,null,L106,SIGMA,2021_LOPAC_01,null,null,Loxapine succinate,null,4,null,null,null,12.928,8.5,4.955,1,0.782,null,null,null,null,null,null,-3.201,null,null,6.927,-6.001,4.377,-1.674,null,null,null,null,null,null,null,null,null,XJGVXQDUIWGIRW,null,TRND,mhSFELnUmOinTsyHyV,null,null,null,null,SUCCINICACID,null,null,null,null,27833-64-3,null,null,null,0,4,1,null,null,173033,0 0 0 1,1,1,2025-06-17 16:13:51,null,null,null,null,null,null,null,364800263,activity,null,HTS,null,0.03,-6.001,6.927,-1.766,null,null,null,null,null,null,null,null,null,null,null,null,null,null,null,null,null,null,null,null,null,278941920
TRND-Glioblastoma_LOPAC_U251-primary_screen2,NCGC00015147-16,activity,7.943282,-2.4,-50.793,-31.078,N\C(NCC1=CC=CC=C1)=N/C(=O)C2=NC(Cl)=C(N)N=C2N,null,null,null,null,null,B2417,SIGMA,2021_LOPAC_01,-5.1,null,Benzamil hydrochloride,null,-2.2,null,null,null,39.145,-41.293,0.91,0.129,0.99,null,null,null,null,null,null,9.5,null,null,8.067,-31.078,-2.883,-4.695,null,null,null,null,null,null,null,null,null,KXDROGADUISDGY,null,TRND,GpsOmxeBRsWBULSTLN,null,Epithelial Sodium Channels (ENaC) Blocker,null,null,CL,null,null,null,null,161804-20-2,SCNN1A,null,null,0,4,0,null,null,173033,0 0 0 0,1,1,2025-06-17 16:13:51,null,null,null,null,null,null,null,364799159,activity,null,HTS,null,8.067,-0.85,-11.926,-31.078,null,null,null,null,null,null,null,null,null,null,null,null,null,null,null,null,null,null,null,null,null,278941921
TRND-Glioblastoma_LOPAC_U251-primary_screen2,NCGC00263115-11,activity,null,4,-18.37,-15.308,CC(C)(N)C(=O)N[C@H](COCC1=CC=CC=C1)C(=O)N2CCC3(CN(C4=C3C=CC=C4)[S+](C)([O-])=O)CC2,null,null,null,null,null,SML0993,SIGMA,2021_LOPAC_01,null,null,MK-677,null,4,null,null,null,18.738,-15.87,4.095,0.085,0.995,null,null,null,null,null,null,2.5,null,null,3.43,-15.308,4.023,1.801,null,null,null,null,null,null,null,null,null,PQNWMTXPSNLKMV,null,TRND,pXJdFZHFDpPniaxwyc,null,Growth Hormone Secretagogue,null,null,SULFONICACID_V1,null,null,null,null,159752-10-0,GH1,null,null,0,4,0,null,null,173033,0 0 0 0,1,1,2025-06-17 16:13:51,null,null,null,null,null,null,null,364800163,activity,null,HTS,null,3.43,2.063,1.586,-15.308,null,null,null,null,null,null,null,null,null,null,null,null,null,null,null,null,null,null,null,null,null,278941922
TRND-Glioblastoma_LOPAC_U251-primary_screen2,NCGC00015255-15,activity,null,4,-11.833,-0.278,NC(CC1=CC=C(Cl)C=C1)C(O)=O,null,null,null,null,null,C6506,SIGMA,2021_LOPAC_01,null,null,(±)-p-Chlorophenylalanine,null,4,null,null,null,14.609,-2.333,4.955,0.628,0.638,null,null,null,null,null,null,9.5,null,null,14.331,-0.278,30.846,39.641,null,null,null,null,null,null,null,null,null,NIGWMJHCCYYCSF,null,TRND,nxAjpLDphmqpNxbMaW,null,null,null,null,null,null,null,null,null,7424-00-2,null,null,null,0,4,0,null,null,173033,0 0 0 0,1,1,2025-06-17 16:13:51,null,null,null,null,null,null,null,364798447,activity,null,HTS,null,5.254,9.144,14.331,-0.278,null,null,null,null,null,null,null,null,null,null,null,null,null,null,null,null,null,null,null,null,null,278941923
TRND-Glioblastoma_LOPAC_U251-primary_screen2,NCGC00601952-20,activity,null,4,-13.58,-5.484,N[C@@H](CC1=CNC2=CC=C(O)C=C12)C(O)=O,null,null,null,null,null,H9772,SIGMA,2021_LOPAC_01,null,null,5-Hydroxy-L-tryptophan,null,4,null,null,null,14.189,-7.08,4.955,0.335,0.925,null,null,null,null,null,null,6.5,null,null,8.706,-5.484,21.831,24.257,null,null,null,null,null,null,null,null,null,LDCYZAJDBXYCGN,null,TRND,ScYbQEQhnfTfIAjQft,null,null,null,null,null,null,null,null,null,56-69-9,null,null,null,0,4,0,null,null,173033,0 0 0 0,1,1,2025-06-17 16:13:51,null,null,null,null,null,null,null,364799747,activity,null,HTS,null,5.48,4.89,8.706,-5.484,null,null,null,null,null,null,null,null,null,null,null,null,null,null,null,null,null,null,null,null,null,278941924
TRND-Glioblastoma_LOPAC_U251-primary_screen2,NCGC00016059-31,activity,11.220185,-3,-98.798,-94.542,CSC1=CC2=C(SC3=C(C=CC=C3)N2CCC4CCCCN4C)C=C1,null,null,null,null,null,T9025,SIGMA,2021_LOPAC_01,-4.95,null,Thioridazine hydrochloride,null,-3,null,null,null,99.393,-95.298,4.504,0.026,1,null,null,null,null,null,null,3.5,null,null,4.851,-94.542,-38.217,-41.166,null,null,null,null,null,null,null,null,null,KLBQZWRITKRQQV,null,TRND,oxCYAjFnsKbXjGDSmN,null,null,null,null,CL,null,null,null,null,130-61-0,null,null,null,0,4,0,null,null,173033,0 0 0 0,1,1,2025-06-17 16:13:51,null,null,null,null,null,null,null,364799187,activity,null,HTS,11.468905,4.851,2.544,-5.373,-94.542,null,null,null,null,null,null,null,null,null,null,null,null,null,null,null,null,null,null,null,null,null,278941925
TRND-Glioblastoma_LOPAC_U251-primary_screen2,NCGC00017254-27,activity,0.079433,5,-37.143,-85.997,C[C@H]1CCC\C=C\[C@@H]2C[C@H](O)C[C@H]2[C@H](O)\C=C\C(=O)O1,null,null,null,null,null,B7651,SIGMA,2021_LOPAC_01,-7.1,null,BRefeldin A from Penicillium brefeldianum,null,-1.1,null,null,null,11.369,-87.697,0.5,0.022,1,null,null,null,null,null,null,-50.554,null,null,-74.629,-85.997,-367.394,-367.143,null,null,null,null,null,null,null,null,null,KQNZDYYTLMIZCT,null,TRND,tiyrNHDuVGskpYmtrj,null,null,null,null,null,null,null,null,null,[NO STEREO] 20350-15-6,GBF1,null,null,0,4,0,null,null,173033,0 0 0 0,1,1,2025-06-17 16:13:51,null,null,null,null,null,null,null,364795851,activity,null,HTS,null,-74.629,-80.438,-84.182,-85.997,null,null,null,null,null,null,null,null,null,null,null,null,null,null,null,null,null,null,null,null,null,278941926
TRND-Glioblastoma_LOPAC_U251-primary_screen2,NCGC00015335-35,activity,null,4,20,17.18,CN(C)CCOC(C1=CC=CC=C1)C2=CC=CC=C2,null,null,null,null,null,D3630,SIGMA,2021_LOPAC_01,null,null,Diphenhydramine hydrochloride,null,4,null,null,null,16.841,20,1.21,0.018,1,null,null,null,null,null,null,0,null,null,17.18,0.339,18.37,18.519,null,null,null,null,null,null,null,null,null,ZZVUWRFHKOJYTH,null,TRND,WopWClbYbErncEfcoX,null,null,null,null,CL,null,null,null,null,147-24-0,null,null,null,0,4,0,null,null,173033,0 0 0 0,1,1,2025-06-17 16:13:51,null,null,null,null,null,null,null,364798779,activity,null,HTS,null,0.339,2.422,9.587,17.18,null,null,null,null,null,null,null,null,null,null,null,null,null,null,null,null,null,null,null,null,null,278941927
TRND-Glioblastoma_LOPAC_U251-primary_screen2,NCGC00015626-07,activity,10,-3,-41.297,-54.725,COC1=C(CNCCCCCCNCCCCCCCCNCCCCCCNCC2=C(OC)C=CC=C2)C=CC=C1,null,null,null,null,null,M105,SIGMA,2021_LOPAC_01,-5,null,Methoctramine tetrahydrochloride,null,-2.2,null,null,null,40.484,-55.386,3.677,0.013,1,null,null,null,null,null,null,-14.09,null,null,-14.241,-54.725,-93.292,-92.991,null,null,null,null,null,null,null,null,null,RPMBYDYUVKEZJA,null,TRND,HOpDuRaKaEyjwVAvEM,null,null,null,null,CL,null,null,null,null,null,null,null,null,0,4,0,null,null,173033,0 0 0 0,1,1,2025-06-17 16:13:51,null,null,null,null,null,null,null,364799815,activity,null,HTS,18.329575,-14.241,-14.284,-21.479,-54.725,null,null,null,null,null,null,null,null,null,null,null,null,null,null,null,null,null,null,null,null,null,278941928
TRND-Glioblastoma_LOPAC_U251-primary_screen2,NCGC00163153-05,activity,null,4,9.731,8.471,COCCNC(=O)COC1=CC=C(OCCNC[C@H](O)COC2=CC=CC=C2)C=C1,null,null,null,null,null,Z4902,SIGMA,2021_LOPAC_01,null,null,ZD 7114 hydrochloride,null,4,null,null,null,12.831,8.5,4.955,0.523,0.783,null,null,null,null,null,null,-1.231,null,null,8.471,-4.359,10.838,4.096,null,null,null,null,null,null,null,null,null,RVMBDLSFFNKKLG,null,TRND,yqLbpSrldzongeAiDZ,null,null,null,null,CL,null,null,null,null,null,null,null,null,0,4,0,null,null,173033,0 0 0 0,1,1,2025-06-17 16:13:51,null,null,null,null,null,null,null,364797159,activity,null,HTS,null,1.98,-4.359,5.631,8.471,null,null,null,null,null,null,null,null,null,null,null,null,null,null,null,null,null,null,null,null,null,278941929
TRND-Glioblastoma_LOPAC_U251-primary_screen2,NCGC00024970-06,activity,null,4,0,5.802,CN(C)CCCC1=C(O)C=CC(=C1)C(=O)NC2=CC=C(C=C2)C3=CC=NC=C3,null,null,null,null,null,G0419,SIGMA,2021_LOPAC_01,null,null,GR 55562 dihydrobromide,null,4,null,null,null,8.326,0,null,null,null,null,null,null,null,null,null,0,null,null,12.754,4.428,33.839,null,null,null,null,null,null,null,null,null,null,ZAGAUUVCYGSPBP,null,TRND,WkOTqSHnuKnsoSXubq,null,null,null,null,BR,null,null,null,null,null,null,null,null,0,4,null,null,null,173033,null,1,1,2025-06-17 16:13:51,null,null,null,null,null,null,null,364799155,activity,null,HTS,null,6.765,4.428,12.754,5.802,null,null,null,null,null,null,null,null,null,null,null,null,null,null,null,null,null,null,null,null,null,278941930
TRND-Glioblastoma_LOPAC_U251-primary_screen2,NCGC00482764-04,activity,1.122018,-1.1,-92.997,-93.394,COC1=C(OC)C=C2C(=C1)C=[N+](C)C3=C2C=CC4=CC5=C(OCO5)C=C34,null,null,null,null,null,SML0610,SIGMA,2021_LOPAC_01,-5.95,null,Nitidine chloride,null,-1.1,null,null,null,87.074,-93.581,1.928,0.025,1,null,null,null,null,null,null,-0.584,null,null,-6.32,-93.394,-168.307,-167.583,null,null,null,null,null,null,null,null,null,KKMPSGJPCCJYRV,null,TRND,menlbWLxywmAvZLMKW,null,null,null,null,CL,null,null,null,null,null,null,null,null,0,4,0,null,null,173033,0 0 0 0,1,1,2025-06-17 16:13:51,null,null,null,null,null,null,null,364799659,activity,null,HTS,1.204892,-6.32,-53.714,-91.715,-93.394,null,null,null,null,null,null,null,null,null,null,null,null,null,null,null,null,null,null,null,null,null,278941931
TRND-Glioblastoma_LOPAC_U251-primary_screen2,NCGC00023939-17,activity,null,4,0,7.577,C[C@]12CC(=O)[C@H]3[C@@H](CCC4=CC(=O)CC[C@]34C)[C@@H]1CC[C@]2(O)C(=O)CO,null,null,null,null,null,C2755,SIGMA,2021_LOPAC_01,null,null,Cortisone,null,4,null,null,null,8.144,0,null,null,null,null,null,null,null,null,null,0,null,null,12.16,4.016,44.562,null,null,null,null,null,null,null,null,null,null,MFYSYFVPBJMHGN,null,TRND,zxQNaHFPIjqWxUqBeQ,null,null,null,null,null,null,null,null,null,53-06-5,null,null,null,0,4,null,null,null,173033,null,1,1,2025-06-17 16:13:51,null,null,null,null,null,null,null,364800423,activity,null,HTS,null,12.16,5.761,4.016,7.577,null,null,null,null,null,null,null,null,null,null,null,null,null,null,null,null,null,null,null,null,null,278941932
TRND-Glioblastoma_LOPAC_U251-primary_screen2,NCGC00015007-28,activity,null,4,0,1.158,CC(C)NCC(O)COC1=CC=C(CC(N)=O)C=C1,null,null,null,null,null,A7655,SIGMA,2021_LOPAC_01,null,null,(±)-Atenolol,null,4,null,null,null,4.21,0,null,null,null,null,null,null,null,null,null,0,null,null,4.972,0.762,9.477,null,null,null,null,null,null,null,null,null,null,METKIMKYRPQLGS,null,TRND,cRBYOjgucPRNBWNiLD,null,null,null,null,null,null,null,null,null,29122-68-7,null,null,null,0,4,null,null,null,173033,null,1,1,2025-06-17 16:13:51,null,null,null,null,null,null,null,364798211,activity,null,HTS,null,0.762,4.972,4.688,1.158,null,null,null,null,null,null,null,null,null,null,null,null,null,null,null,null,null,null,null,null,null,278941933
TRND-Glioblastoma_LOPAC_U251-primary_screen2,NCGC00015769-35,activity,31.622777,5,-4.407,-87.073,C[C@@H]1O[C@@H](O[C@H]2C[C@@H](O)[C@]3(CO)[C@H]4[C@H](O)C[C@]5(C)[C@H](CC[C@]5(O)[C@@H]4CC[C@]3(O)C2)C6=CC(=O)OC6)[C@H](O)[C@H](O)[C@H]1O,null,null,null,null,null,O3125,SIGMA,2021_LOPAC_01,-4.5,null,Ouabain,null,-2.3,null,null,null,3.256,-88.987,3.99,0.498,0.837,null,null,null,null,null,null,-84.58,null,null,-83.817,-87.073,-399.405,-398.724,null,null,null,null,null,null,null,null,null,LPMXVESGRSUGHW,null,TRND,bvKZlhGtslaTCXogxk,null,Na+/K+ ATPase inhibitor,null,null,H2O,null,null,null,null,[NO STEREO] 630-60-4,ATP1A1,null,null,0,4,0,null,null,173033,0 0 0 0,1,1,2025-06-17 16:13:51,null,null,null,null,null,null,null,364799839,activity,null,HTS,null,-84.85,-85.209,-83.817,-87.073,null,null,null,null,null,null,null,null,null,null,null,null,null,null,null,null,null,null,null,null,null,278941934
TRND-Glioblastoma_LOPAC_U251-primary_screen2,NCGC00024961-18,activity,null,4,0,-6.971,N[S+]([O-])(=O)C1=CC=CC2=C1C(=CC3=C2N=C([O-])C([O-])=N3)[N+]([O-])=O,null,null,null,null,null,N183,SIGMA,2021_LOPAC_01,null,null,NBQx disodium,null,4,null,null,null,8.117,0,null,null,null,null,null,null,null,null,null,0,null,null,1.146,-6.971,-0.299,null,null,null,null,null,null,null,null,null,null,JZOPETSAENPCAE,null,TRND,taSeyETnObqIjesKrS,null,null,null,null,SODIUM,null,null,null,null,null,null,null,null,0,4,null,null,null,173033,null,1,1,2025-06-17 16:13:51,null,null,null,null,null,null,null,364797907,activity,null,HTS,null,0.806,1.146,0.468,-6.971,null,null,null,null,null,null,null,null,null,null,null,null,null,null,null,null,null,null,null,null,null,278941935
TRND-Glioblastoma_LOPAC_U251-primary_screen2,NCGC00021139-40,activity,null,4,0,7.984,O=C1NC(=O)C(N1)(C2=CC=CC=C2)C3=CC=CC=C3,null,null,null,null,null,D4505,SIGMA,2021_LOPAC_01,null,null,Phenytoin sodium,null,4,null,null,null,8.414,0,null,null,null,null,null,null,null,null,null,0,null,null,15.061,6.647,57.359,null,null,null,null,null,null,null,null,null,null,CXOFVDLJLONNDW,null,TRND,sbTkdISRnDQgnYnuCm,null,null,null,null,null,null,null,null,null,57-41-0,null,null,null,0,4,null,null,null,173033,null,1,1,2025-06-17 16:13:51,null,null,null,null,null,null,null,364795615,activity,null,HTS,null,15.061,6.647,9.608,7.984,null,null,null,null,null,null,null,null,null,null,null,null,null,null,null,null,null,null,null,null,null,278941936
TRND-Glioblastoma_LOPAC_U251-primary_screen2,NCGC00015808-11,activity,null,4,-11.086,-3.405,O=C(OCCN1CCOCC1)C2(CCCCC2)C3=CC=CC=C3,null,null,null,null,null,P2607,SIGMA,2021_LOPAC_01,null,null,PRE-084,null,4,null,null,null,10.865,-4.586,4.955,0.334,0.925,null,null,null,null,null,null,6.5,null,null,7.46,-3.405,20.402,25.411,null,null,null,null,null,null,null,null,null,RQHKZUBCUZVZEF,null,TRND,ljBMEkOMiFbBUeLAnS,null,null,null,null,CL,null,null,null,null,null,null,null,null,0,4,0,null,null,173033,0 0 0 0,1,1,2025-06-17 16:13:51,null,null,null,null,null,null,null,364798623,activity,null,HTS,null,4.374,6.922,7.46,-3.405,null,null,null,null,null,null,null,null,null,null,null,null,null,null,null,null,null,null,null,null,null,278941937
TRND-Glioblastoma_LOPAC_U251-primary_screen2,NCGC00094363-12,activity,null,4,0,2.473,[H][C@@](N)(CO)C(O)=O,null,null,null,null,null,S4250,SIGMA,2021_LOPAC_01,null,null,D-Serine,null,4,null,null,null,6.824,0,null,null,null,null,null,null,null,null,null,0,null,null,8.377,1.553,29.542,null,null,null,null,null,null,null,null,null,null,MTCFGRXMJLQNBG,null,TRND,gznPBdpyfGKFWqEZCk,null,null,null,null,null,null,null,null,null,312-84-5,null,null,null,0,4,null,null,null,173033,null,1,1,2025-06-17 16:13:51,null,null,null,null,null,null,null,364798323,activity,null,HTS,null,8.377,1.553,5.592,2.473,null,null,null,null,null,null,null,null,null,null,null,null,null,null,null,null,null,null,null,null,null,278941938
TRND-Glioblastoma_LOPAC_U251-primary_screen2,NCGC00021540-13,activity,null,4,-25.755,-29.232,NC1=NC(Cl)=NC2=C1N=CN2[C@@H]3O[C@H](CO)[C@@H](O)[C@H]3O,null,null,null,null,null,C5134,SIGMA,2021_LOPAC_01,null,null,2-Chloroadenosine,null,4,null,null,null,26.879,-29.579,3.512,0.154,0.985,null,null,null,null,null,null,-3.824,null,null,-2.353,-29.232,-39.535,-34.828,null,null,null,null,null,null,null,null,null,BIXYYZIIJIXVFW,null,TRND,wmVZrhpehtvPdtaYIt,null,null,null,null,null,null,null,null,null,146-77-0,null,null,null,0,4,0,null,null,173033,0 0 0 0,1,1,2025-06-17 16:13:51,null,null,null,null,null,null,null,364799055,activity,null,HTS,null,-5.897,-2.353,-8.805,-29.232,null,null,null,null,null,null,null,null,null,null,null,null,null,null,null,null,null,null,null,null,null,278941395
TRND-Glioblastoma_LOPAC_U251-primary_screen2,NCGC00015085-06,activity,null,4,6.636,3.899,NCCCP(O)(O)=O,null,null,null,null,null,A7162,SIGMA,2021_LOPAC_01,null,null,3-Aminopropylphosphonic acid,null,4,null,null,null,10.679,4,2.406,0.693,0.504,null,null,null,null,null,null,-2.636,null,null,3.899,-6.78,0.986,-6.369,null,null,null,null,null,null,null,null,null,GSZQTIFGANBTNF,null,TRND,cYjHWqDTAhIMKIHkDx,null,null,null,null,null,null,null,null,null,13138-33-5,null,null,null,0,4,0,null,null,173033,0 0 0 0,1,1,2025-06-17 16:13:51,null,null,null,null,null,null,null,364800103,activity,null,HTS,null,1.034,-6.78,1.152,3.899,null,null,null,null,null,null,null,null,null,null,null,null,null,null,null,null,null,null,null,null,null,278941396
TRND-Glioblastoma_LOPAC_U251-primary_screen2,NCGC00015712-10,activity,null,4,-11,0.249,OC(=O)C1=CCCN(CCON=C(C2=CC=CC=C2)C3=CC=CC=C3)C1,null,null,null,null,null,N142,SIGMA,2021_LOPAC_01,null,null,NO-711 hydrochloride,null,4,null,null,null,10.356,-2,4.955,0.482,0.825,null,null,null,null,null,null,9,null,null,10.605,0.249,31.329,37.644,null,null,null,null,null,null,null,null,null,NGNALWDRPKNJGR,null,TRND,PDCvQErOFklqtZVzZV,null,null,null,null,CL,null,null,null,null,145645-62-1,null,null,null,0,4,0,null,null,173033,0 0 0 0,1,1,2025-06-17 16:13:51,null,null,null,null,null,null,null,364800583,activity,null,HTS,null,6.074,10.605,9.913,0.249,null,null,null,null,null,null,null,null,null,null,null,null,null,null,null,null,null,null,null,null,null,278941397
TRND-Glioblastoma_LOPAC_U251-primary_screen2,NCGC00271490-08,activity,null,4,0,-7.101,O=C1N(C[C@H]2CCCC3=CC=CC1=C23)[C@@H]4CN5CCC4CC5,null,null,null,null,null,SML1195,SIGMA,2021_LOPAC_01,null,null,Palonosetron hydrochloride,null,4,null,null,null,7.043,0,null,null,null,null,null,null,null,null,null,0,null,null,-0.058,-7.101,-9.824,null,null,null,null,null,null,null,null,null,null,CPZBLNMUGSZIPR,null,TRND,VQYIoGVNRHEeSWuyzi,null,null,null,null,CL,null,null,null,null,135729-62-3,null,null,null,0,4,null,null,null,173033,null,1,1,2025-06-17 16:13:51,null,null,null,null,null,null,null,364798087,activity,null,HTS,null,-1.958,-0.883,-0.058,-7.101,null,null,null,null,null,null,null,null,null,null,null,null,null,null,null,null,null,null,null,null,null,278941398
TRND-Glioblastoma_LOPAC_U251-primary_screen2,NCGC00015442-32,activity,7.943282,-2.2,-61.711,-49.402,FC1=CNC(=O)NC1=O,null,null,null,null,null,F6627,SIGMA,2021_LOPAC_01,-5.1,null,5-Fluorouracil,null,-2.2,null,null,null,56.405,-53.711,1.885,0.045,0.999,null,null,null,null,null,null,8,null,null,7.003,-49.402,-14.784,-12.586,null,null,null,null,null,null,null,null,null,GHASVSINZRGABV,null,TRND,LplKTwPqCHnfzSGnFj,null,Dihydropyrimidine Dehydrogenase inhibitor,null,null,null,null,null,null,null,51-21-8,DPYD,null,null,0,4,0,null,null,173033,0 0 0 0,1,1,2025-06-17 16:13:51,null,null,null,null,null,null,null,364799083,activity,null,HTS,31.560670000000002,6.719,7.003,-17.666,-49.402,null,null,null,null,null,null,null,null,null,null,null,null,null,null,null,null,null,null,null,null,null,278941399
TRND-Glioblastoma_LOPAC_U251-primary_screen2,NCGC00095118-21,activity,null,4,0,1.051,C[S+]([O-])(=O)C1=CC=C(C=C1)C2=C(C(=O)OC2)C3=CC=CC=C3,null,null,null,null,null,SML0613,SIGMA,2021_LOPAC_01,null,null,Rofecoxib,null,4,null,null,null,5.77,0,null,null,null,null,null,null,null,null,null,0,null,null,4.487,-1.284,11.947,null,null,null,null,null,null,null,null,null,null,RZJQGNCSTQAWON,null,TRND,FfgqpHwgKigeSRsJrN,null,null,null,null,null,null,null,null,null,162011-90-7,null,null,null,0,4,null,null,null,173033,null,1,1,2025-06-17 16:13:51,null,null,null,null,null,null,null,364795823,activity,null,HTS,null,4.487,-0.227,-1.284,1.051,null,null,null,null,null,null,null,null,null,null,null,null,null,null,null,null,null,null,null,null,null,278941400
TRND-Glioblastoma_LOPAC_U251-primary_screen2,NCGC00013226-33,activity,17.782794,-3,-106.446,-94.711,CN1CCN(CCCN2C3=C(SC4=C2C=C(C=C4)C(F)(F)F)C=CC=C3)CC1,null,null,null,null,null,T8516,SIGMA,2021_LOPAC_01,-4.75,null,Trifluoperazine dichloride,null,-3,null,null,null,103.136,-99.446,4.955,0.038,0.999,null,null,null,null,null,null,7,null,null,8.425,-94.711,-25.889,-21.245,null,null,null,null,null,null,null,null,null,ZEWQUBUPAILYHI,null,TRND,jzPsIYwmECfPxOnYZk,null,Dopamine Receptor D2 antagonist,null,null,CL,null,null,null,null,440-17-5,DRD2,null,null,0,4,0,null,null,173033,0 0 0 0,1,1,2025-06-17 16:13:51,null,null,null,null,null,null,null,364797911,activity,null,HTS,17.822799,4.864,8.425,6.456,-94.711,null,null,null,null,null,null,null,null,null,null,null,null,null,null,null,null,null,null,null,null,null,278941401
TRND-Glioblastoma_LOPAC_U251-primary_screen2,NCGC00263539-17,activity,null,4,-10.735,-4.779,ClC1=CC2=C(CC(=O)N2)C=C1CCN3CCN(CC3)C4=NSC5=CC=CC=C45,null,null,null,null,null,Z2777,SIGMA,2021_LOPAC_01,null,null,Ziprasidone hydrochloride monohydrate,null,4,null,null,null,11.065,-6.735,4.955,0.486,0.821,null,null,null,null,null,null,4,null,null,6.286,-4.779,14.938,14.261,null,null,null,null,null,null,null,null,null,MVWVFYHBGMAFLY,null,TRND,uKaiQOBjoVWSbldmrY,null,null,null,null,CL,null,null,null,null,146939-27-7,null,null,null,0,4,0,null,null,173033,0 0 0 0,1,1,2025-06-17 16:13:51,null,null,null,null,null,null,null,364799547,activity,null,HTS,null,4.378,1.296,6.286,-4.779,null,null,null,null,null,null,null,null,null,null,null,null,null,null,null,null,null,null,null,null,null,278941402
TRND-Glioblastoma_LOPAC_U251-primary_screen2,NCGC00162132-08,activity,null,4,0,-1.896,COC(=O)[C@@H](N)CC1=CC(O)=C(O)C=C1,null,null,null,null,null,D1507,SIGMA,2021_LOPAC_01,null,null,"L-3,4-Dihydroxyphenylalanine methyl ester hydrochloride",null,4,null,null,null,6.415,0,null,null,null,null,null,null,null,null,null,0,null,null,2.31,-4.105,-10.588,null,null,null,null,null,null,null,null,null,null,XBBDACCLCFWBSI,null,TRND,eNBApxjVFnzlogoApi,null,null,null,null,CL,null,null,null,null,1421-65-4,null,null,null,0,4,null,null,null,173033,null,1,1,2025-06-17 16:13:51,null,null,null,null,null,null,null,364797487,activity,null,HTS,null,-3.003,2.31,-4.105,-1.896,null,null,null,null,null,null,null,null,null,null,null,null,null,null,null,null,null,null,null,null,null,278941403
TRND-Glioblastoma_LOPAC_U251-primary_screen2,NCGC00179384-11,activity,null,4,-9.049,-4.207,CN1CCN(CC1)C(c2ccccc2)c3ccc(Cl)cc3,null,null,null,null,null,SML1473,SIGMA,2021_LOPAC_01,null,null,Chlorcyclizine,null,4,null,null,null,10.986,-4.549,4.095,0.447,0.854,null,null,null,null,null,null,4.5,null,null,6.779,-4.207,21.192,16.428,null,null,null,null,null,null,null,null,null,WFNAKBGANONZEQ,null,TRND,BGogujDWXzklbVhuqV,null,null,null,null,null,null,null,null,null,14362-31-3,null,null,null,0,4,0,null,null,173033,0 0 0 0,1,1,2025-06-17 16:13:51,null,null,null,null,null,null,null,364798159,activity,null,HTS,null,6.779,2.358,4.209,-4.207,null,null,null,null,null,null,null,null,null,null,null,null,null,null,null,null,null,null,null,null,null,278941404
TRND-Glioblastoma_LOPAC_U251-primary_screen2,NCGC00186047-15,activity,null,4,0,10.765,OC1=CC=C2C=CC=CC2=C1SSC3=C4C=CC=CC4=CC=C3O,null,null,null,null,null,I2285,SIGMA,2021_LOPAC_01,null,null,IPA-3,null,4,null,null,null,9.93,0,null,null,null,null,null,null,null,null,null,0,null,null,10.765,0.835,29.016,null,null,null,null,null,null,null,null,null,null,RFAXLXKIAKIUDT,null,TRND,ONheldpsYMNxUEUjMh,null,Serine/threonine-protein kinase PAK 1 inhibitor,null,null,null,null,null,null,null,42521-82-4,PAK1,null,null,0,4,null,null,null,173033,null,1,1,2025-06-17 16:13:51,null,null,null,null,null,null,null,364800467,activity,null,HTS,null,6.671,0.835,6.092,10.765,null,null,null,null,null,null,null,null,null,null,null,null,null,null,null,null,null,null,null,null,null,278941405
TRND-Glioblastoma_LOPAC_U251-primary_screen2,NCGC00015580-29,activity,null,4,-20.819,-14.433,CN1CCC(CC1)=C2C3=C(SC=C3)C(=O)CC4=C2C=CC=C4,null,null,null,null,null,K2628,SIGMA,2021_LOPAC_01,null,null,Ketotifen fumarate,null,4,null,null,null,22.886,-15.319,2.253,0.315,0.933,null,null,null,null,null,null,5.5,null,null,8.454,-14.433,3.392,9.169,null,null,null,null,null,null,null,null,null,ZCVMWBYGMWKGHF,null,TRND,bJdCTxXxctgGjAWAdy,null,Histamine H1 Receptor antagonist,null,null,FUMARIC_ACID,null,null,null,null,[NO STEREO] 34580-14-8,HRH1,null,null,0,4,0,null,null,173033,0 0 0 0,1,1,2025-06-17 16:13:51,null,null,null,null,null,null,null,364799559,activity,null,HTS,null,2.666,8.454,-3.327,-14.433,null,null,null,null,null,null,null,null,null,null,null,null,null,null,null,null,null,null,null,null,null,278941406
TRND-Glioblastoma_LOPAC_U251-primary_screen2,NCGC00015801-23,activity,null,4,13,0.395,CN1C=NC2=C1C(=O)N(CCCCC(C)=O)C(=O)N2C,null,null,null,null,null,P1784,SIGMA,2021_LOPAC_01,null,null,Pentoxifylline,null,4,null,null,null,13.668,11.5,4.955,1,0.828,null,null,null,null,null,null,-1.5,null,null,14.063,0.395,23.383,25.034,null,null,null,null,null,null,null,null,null,BYPFEZZEUUWMEJ,null,TRND,MdCrXLmUMofNiJSjkE,null,null,null,null,null,null,null,null,null,1677687,null,null,null,0,4,1,null,null,173033,0 0 0 1,1,1,2025-06-17 16:13:51,null,null,null,null,null,null,null,364799247,activity,null,HTS,null,1.07,14.063,8.642,0.395,null,null,null,null,null,null,null,null,null,null,null,null,null,null,null,null,null,null,null,null,null,278941407
TRND-Glioblastoma_LOPAC_U251-primary_screen2,NCGC00162110-23,activity,null,4,0,4.517,[H][C@](CCN(C)C)(C1=CC=C(Cl)C=C1)C2=NC=CC=C2,null,null,null,null,null,C4915,SIGMA,2021_LOPAC_01,null,null,(+)-Chlorpheniramine maleate,null,4,null,null,null,6.118,0,null,null,null,null,null,null,null,null,null,0,null,null,10.635,4.517,32.775,null,null,null,null,null,null,null,null,null,null,SOYKEARSMXGVTM,null,TRND,kvoTOjUenGPSuOtCBX,null,null,null,null,MALEATE,null,null,null,null,2438-32-6,null,null,null,0,4,null,null,null,173033,null,1,1,2025-06-17 16:13:51,null,null,null,null,null,null,null,364797139,activity,null,HTS,null,6.4,7.446,10.635,4.517,null,null,null,null,null,null,null,null,null,null,null,null,null,null,null,null,null,null,null,null,null,278941408
TRND-Glioblastoma_LOPAC_U251-primary_screen2,NCGC00015758-10,activity,null,4,0,4.864,C[N+](C)(C)CC#CCN1CCCC1=O,null,null,null,null,null,O100,SIGMA,2021_LOPAC_01,null,null,Oxotremorine methiodide,null,4,null,null,null,5.217,0,null,null,null,null,null,null,null,null,null,0,null,null,9.566,4.349,38.544,null,null,null,null,null,null,null,null,null,null,CANZROMYQDHYHR,null,TRND,SUkMZthQYOHvAXKZMv,null,null,null,null,CL,null,null,null,null,null,null,null,null,0,4,null,null,null,173033,null,1,1,2025-06-17 16:13:51,null,null,null,null,null,null,null,364800495,activity,null,HTS,null,9.566,4.349,9.152,4.864,null,null,null,null,null,null,null,null,null,null,null,null,null,null,null,null,null,null,null,null,null,278941409
TRND-Glioblastoma_LOPAC_U251-primary_screen2,NCGC00015819-30,activity,null,4,-9.793,-6.314,CCCNCC(O)COC1=C(C=CC=C1)C(=O)CCC2=CC=CC=C2,null,null,null,null,null,P4670,SIGMA,2021_LOPAC_01,null,null,Propafenone hydrochloride,null,4,null,null,null,10.289,-6.793,4.955,0.17,0.982,null,null,null,null,null,null,3,null,null,3.795,-6.494,0.898,2.335,null,null,null,null,null,null,null,null,null,JWHAUXFOSRPERK,null,TRND,nXaeyBmuPuGggzIcIx,null,Potassium Channel Subfamily K Member 3 Blocker,null,null,CL,null,null,null,null,34183-22-7,KCNK3,null,null,0,4,0,null,null,173033,0 0 0 0,1,1,2025-06-17 16:13:51,null,null,null,null,null,null,null,364798019,activity,null,HTS,null,2.201,3.795,-6.494,-6.314,null,null,null,null,null,null,null,null,null,null,null,null,null,null,null,null,null,null,null,null,null,278941410
TRND-Glioblastoma_LOPAC_U251-primary_screen2,NCGC00015231-08,activity,null,4,0,1.005,COC(=O)C(N)CC1=CC=C(Cl)C=C1,null,null,null,null,null,C3635,SIGMA,2021_LOPAC_01,null,null,DL-p-Chlorophenylalanine methyl ester hydrochloride,null,4,null,null,null,7.243,0,null,null,null,null,null,null,null,null,null,0,null,null,8.248,1.005,26.986,null,null,null,null,null,null,null,null,null,null,FBHPVOLRIXZZMD,null,TRND,SlQTcAKcLChvEhGxtE,null,null,null,null,CL,null,null,null,null,14173-40-1,null,null,null,0,4,null,null,null,173033,null,1,1,2025-06-17 16:13:51,null,null,null,null,null,null,null,364800447,activity,null,HTS,null,6.666,3.133,8.248,1.005,null,null,null,null,null,null,null,null,null,null,null,null,null,null,null,null,null,null,null,null,null,278941411
TRND-Glioblastoma_LOPAC_U251-primary_screen2,NCGC00162383-13,activity,null,4,9.5,4.696,[H][C@@]1(C[C@](C)(N)[C@H](O)[C@H](C)O1)O[C@@H]2[C@@H](O)[C@H](O)[C@@H](CO)O[C@H]2OC3=C4OC5=C(Cl)C=C(C=C5)[C@@H](O)[C@]6([H])NC(=O)[C@]([H])(NC(=O)[C@]7([H])NC(=O)[C@H](CC(N)=O)NC(=O)[C@H](NC(=O)[C@@H](CC(C)C)NC)[C@H](O)C8=CC=C(OC3=CC7=C4)C(Cl)=C8)C9=CC=C(O)C(=C9)C%10=C(C=C(O)C=C%10O)[C@]([H])(NC6=O)C(O)=O,null,null,null,null,null,V8138,SIGMA,2021_LOPAC_01,null,null,Vancomycin hydrochloride from Streptomyces orientalis,null,4,null,null,null,10.287,8.5,4.955,1,0.584,null,null,null,null,null,null,-1,null,null,11.977,1.69,19.412,21.53,null,null,null,null,null,null,null,null,null,MYPYJXKWCTUITO,null,TRND,vnIpMbbVNbfZbIfRut,null,Anti-bacterial,null,null,CL,null,null,null,null,1404-93-9,mtgA,null,null,0,4,1,null,null,173033,0 0 0 1,1,1,2025-06-17 16:13:51,null,null,null,null,null,null,null,364799907,activity,null,HTS,null,1.69,11.977,5.185,4.696,null,null,null,null,null,null,null,null,null,null,null,null,null,null,null,null,null,null,null,null,null,278941412
TRND-Glioblastoma_LOPAC_U251-primary_screen2,NCGC00162324-08,activity,null,4,14.243,12.755,C[C@@H](NCCC1=CC=C(O)C=C1)[C@@H](O)C2=CC=C(O)C=C2,null,null,null,null,null,R0758,SIGMA,2021_LOPAC_01,null,null,Ritodrine hydrochloride,null,4,null,null,null,16.708,14,4.955,0.574,0.72,null,null,null,null,null,null,-0.243,null,null,12.755,-3.952,17.586,5.841,null,null,null,null,null,null,null,null,null,IOVGROKTTNBUGK,null,TRND,NlRZJlNpWdbWVDoWCy,null,null,null,null,CL,null,null,null,null,23239-51-2,null,null,null,0,4,0,null,null,173033,0 0 0 0,1,1,2025-06-17 16:13:51,null,null,null,null,null,null,null,364795815,activity,null,HTS,null,5.395,-1.899,-3.952,12.755,null,null,null,null,null,null,null,null,null,null,null,null,null,null,null,null,null,null,null,null,null,278941413
TRND-Glioblastoma_LOPAC_U251-primary_screen2,NCGC00015045-19,activity,null,4,0,4.18,CC(C[N+](C)(C)C)OC(C)=O,null,null,null,null,null,A2251,SIGMA,2021_LOPAC_01,null,null,Acetyl-beta-methylcholine chloride,null,4,null,null,null,6.561,0,null,null,null,null,null,null,null,null,null,0,null,null,7.248,0.687,11.351,null,null,null,null,null,null,null,null,null,null,NZWOPGCLSHLLPA,null,TRND,WdyLxAvxJSgqbmcNzF,null,null,null,null,CL,null,null,null,null,62-51-1,null,null,null,0,4,null,null,null,173033,null,1,1,2025-06-17 16:13:51,null,null,null,null,null,null,null,364796827,activity,null,HTS,null,0.687,7.248,3.122,4.18,null,null,null,null,null,null,null,null,null,null,null,null,null,null,null,null,null,null,null,null,null,278941414
TRND-Glioblastoma_LOPAC_U251-primary_screen2,NCGC00186014-13,activity,null,4,0,2.9,CC1=C(CCN2CCC(CC2)C3=NOC4=C3C=CC(F)=C4)/C(=O)N5CCCC(O)\C5=N\1,null,null,null,null,null,P0099,SIGMA,2021_LOPAC_01,null,null,Paliperidone,null,4,null,null,null,7.386,0,null,null,null,null,null,null,null,null,null,0,null,null,2.9,-4.486,3.254,null,null,null,null,null,null,null,null,null,null,PMXMIIMHBWHSKN,null,TRND,MzbitIDvURfHqjOBmQ,null,null,null,null,null,null,null,null,null,144598-75-4,null,null,null,0,4,null,null,null,173033,null,1,1,2025-06-17 16:13:51,null,null,null,null,null,null,null,364795831,activity,null,HTS,null,2.256,-1.995,-4.486,2.9,null,null,null,null,null,null,null,null,null,null,null,null,null,null,null,null,null,null,null,null,null,278941415
TRND-Glioblastoma_LOPAC_U251-primary_screen2,NCGC00013459-13,activity,null,4,0,9.757,NCCSSCCN,null,null,null,null,null,C7255,SIGMA,2021_LOPAC_01,null,null,Cystamine dihydrochloride,null,4,null,null,null,9.716,0,null,null,null,null,null,null,null,null,null,0,null,null,9.757,0.041,12.982,null,null,null,null,null,null,null,null,null,null,APQPRKLAWCIJEK,null,TRND,fKkkmWlwWbeOunuUNj,null,null,null,null,CL,null,null,null,null,51-85-4,null,null,null,0,4,null,null,null,173033,null,1,1,2025-06-17 16:13:51,null,null,null,null,null,null,null,364799103,activity,null,HTS,null,0.041,4.038,7.032,9.757,null,null,null,null,null,null,null,null,null,null,null,null,null,null,null,null,null,null,null,null,null,278941416
TRND-Glioblastoma_LOPAC_U251-primary_screen2,NCGC00162252-06,activity,null,4,-17.069,2.141,CC1=C(O)C(C=O)=C(COP([O-])([O-])=O)C(=N1)\N=N\C2=CC=C(C=C2)C([O-])=O,null,null,null,null,null,M7684,SIGMA,2021_LOPAC_01,null,null,MRS 2159,null,4,null,null,null,16.668,-12.569,4.955,1,0.967,null,null,null,null,null,null,4.5,null,null,6.194,-10.474,-0.062,1.647,null,null,null,null,null,null,null,null,null,NPBWMMRUXMTIRC,null,TRND,jMKaLNWpfyxsHesTVY,null,null,null,null,SODIUM,null,null,null,null,null,null,null,null,0,4,1,null,null,173033,0 0 0 1,1,1,2025-06-17 16:13:51,null,null,null,null,null,null,null,364798991,activity,null,HTS,null,3.041,6.194,-10.474,2.141,null,null,null,null,null,null,null,null,null,null,null,null,null,null,null,null,null,null,null,null,null,278941417
TRND-Glioblastoma_LOPAC_U251-primary_screen2,NCGC00015726-17,activity,null,4,0,-0.107,O=C(CCNNC(=O)C1=CC=NC=C1)NCC2=CC=CC=C2,null,null,null,null,null,N1392,SIGMA,2021_LOPAC_01,null,null,Nialamide,null,4,null,null,null,6.562,0,null,null,null,null,null,null,null,null,null,0,null,null,4.509,-2.053,12.646,null,null,null,null,null,null,null,null,null,null,NOIIUHRQUVNIDD,null,TRND,WAxitmPLOXnBgRvOWL,null,null,null,null,null,null,null,null,null,51-12-7,null,null,null,0,4,null,null,null,173033,null,1,1,2025-06-17 16:13:51,null,null,null,null,null,null,null,364799863,activity,null,HTS,null,4.509,2.326,-2.053,-0.107,null,null,null,null,null,null,null,null,null,null,null,null,null,null,null,null,null,null,null,null,null,278941418
TRND-Glioblastoma_LOPAC_U251-primary_screen2,NCGC00162357-04,activity,null,4,-11.5,9.446,[H][C@@]1(CNC2=C(N1)C(=O)NC(N)=N2)C(O)C(C)O,null,null,null,null,null,T4425,SIGMA,2021_LOPAC_01,null,null,"(6R)-5,6,7,8-Tetrahydro-L-biopterin hydrochloride",null,4,null,null,null,13.273,-1,4.955,1,0.657,null,null,null,null,null,null,10.5,null,null,14.427,1.154,29.753,36.811,null,null,null,null,null,null,null,null,null,FNKQXYHWGSIFBK,null,TRND,atfekjuqkKBXNlFhxM,null,null,null,null,CL,null,null,null,null,null,null,null,null,0,4,1,null,null,173033,0 0 0 1,1,1,2025-06-17 16:13:51,null,null,null,null,null,null,null,364798619,activity,null,HTS,null,6.579,14.427,1.154,9.446,null,null,null,null,null,null,null,null,null,null,null,null,null,null,null,null,null,null,null,null,null,278941419
TRND-Glioblastoma_LOPAC_U251-primary_screen2,NCGC00187909-14,activity,null,4,0,-6.521,CCCCCCCCCCCCCCCCCCOP([O-])(=O)OC1CC[N+](C)(C)CC1,null,null,null,null,null,SML0612,SIGMA,2021_LOPAC_01,null,null,Perifosine,null,4,null,null,null,9.958,0,null,null,null,null,null,null,null,null,null,0,null,null,3.438,-6.521,-5.032,null,null,null,null,null,null,null,null,null,null,SZFPYBIJACMNJV,null,TRND,dhwWcvueJlyacBtEgo,null,AKT serine/threonine kinase inhibitor,null,null,null,null,null,null,null,157716-52-4,AKT1,null,null,0,4,null,null,null,173033,null,1,1,2025-06-17 16:13:51,null,null,null,null,null,null,null,364796635,activity,null,HTS,null,-1.07,-1.488,3.438,-6.521,null,null,null,null,null,null,null,null,null,null,null,null,null,null,null,null,null,null,null,null,null,278941420
TRND-Glioblastoma_LOPAC_U251-primary_screen2,NCGC00015822-27,activity,null,4,-12.098,-0.082,COC1=CC=C(CN(CCN(C)C)C2=CC=CC=N2)C=C1,null,null,null,null,null,P5514,SIGMA,2021_LOPAC_01,null,null,Pyrilamine maleate,null,4,null,null,null,11.837,-0.098,2.473,0.039,0.999,null,null,null,null,null,null,12,null,null,11.755,-0.082,40.954,41.777,null,null,null,null,null,null,null,null,null,YECBIJXISLIIDS,null,TRND,PRtqUMFtUmCmcEZjSI,null,null,null,null,MALEATE,null,null,null,null,59-33-6,null,null,null,0,4,0,null,null,173033,0 0 0 0,1,1,2025-06-17 16:13:51,null,null,null,null,null,null,null,364796115,activity,null,HTS,null,11.755,10.506,1.479,-0.082,null,null,null,null,null,null,null,null,null,null,null,null,null,null,null,null,null,null,null,null,null,278941421
TRND-Glioblastoma_LOPAC_U251-primary_screen2,NCGC00507712-02,activity,null,4,-20.356,-17.38,COC1=CC=C(\C=C\C(=O)NC2=CC=C(C=C2)C(F)(F)F)C=C1OC,null,null,null,null,null,SML1626,SIGMA,2021_LOPAC_01,null,null,TFCA,null,4,null,null,null,19.757,-18.356,4.095,0.03,0.999,null,null,null,null,null,null,2,null,null,2.377,-17.38,-0.74,-1.215,null,null,null,null,null,null,null,null,null,KFWWXJZNIMFFRO,null,TRND,WTNevBOyqIuhckBWNF,null,null,null,null,null,null,null,null,null,null,null,null,null,0,4,0,null,null,173033,0 0 0 0,1,1,2025-06-17 16:13:51,null,null,null,null,null,null,null,364797731,activity,null,HTS,null,2.074,2.377,1.4,-17.38,null,null,null,null,null,null,null,null,null,null,null,null,null,null,null,null,null,null,null,null,null,278941422
TRND-Glioblastoma_LOPAC_U251-primary_screen2,NCGC00015095-33,activity,null,4,-14.821,-14.434,CN(C)CCC=C1C2=C(CCC3=C1C=CC=C3)C=CC=C2,null,null,null,null,null,A8404,SIGMA,2021_LOPAC_01,null,null,Amitriptyline hydrochloride,null,4,null,null,null,14.817,-14.821,2.253,0.096,0.994,null,null,null,null,null,null,0,null,null,0.383,-14.434,-12.81,-11.871,null,null,null,null,null,null,null,null,null,KRMDCWKBEZIMAB,null,TRND,XlfbnRWAIJyXMgUxoB,null,null,null,null,CL,null,null,null,null,549-18-8,null,null,null,0,4,0,null,null,173033,0 0 0 0,1,1,2025-06-17 16:13:51,null,null,null,null,null,null,null,364797427,activity,null,HTS,null,-0.539,0.383,-5.714,-14.434,null,null,null,null,null,null,null,null,null,null,null,null,null,null,null,null,null,null,null,null,null,278941423
TRND-Glioblastoma_LOPAC_U251-primary_screen2,NCGC00015466-28,activity,null,4,-12.259,-0.633,NCC1(CC(O)=O)CCCCC1,null,null,null,null,null,G154,SIGMA,2021_LOPAC_01,null,null,Gabapentin,null,4,null,null,null,14.862,-2.259,4.955,0.587,0.703,null,null,null,null,null,null,10,null,null,14.229,-0.633,32.511,41.315,null,null,null,null,null,null,null,null,null,UGJMXCAKCUNAIE,null,TRND,LfmzTBBiWKjomJmYxV,null,Voltage-dependent calcium channel subunit alpha-2/delta-1 ligand,null,null,null,null,null,null,null,60142-96-3,CACNA2D1,null,null,0,4,0,null,null,173033,0 0 0 0,1,1,2025-06-17 16:13:51,null,null,null,null,null,null,null,364797111,activity,null,HTS,null,5.71,14.229,10.085,-0.633,null,null,null,null,null,null,null,null,null,null,null,null,null,null,null,null,null,null,null,null,null,278941424
TRND-Glioblastoma_LOPAC_U251-primary_screen2,NCGC00015831-18,activity,null,4,0,-0.648,CN(C)CCC(C1=CC=CC=C1)C2=NC=CC=C2,null,null,null,null,null,P6902,SIGMA,2021_LOPAC_01,null,null,Pheniramine maleate,null,4,null,null,null,8.369,0,null,null,null,null,null,null,null,null,null,0,null,null,7.721,-0.648,20.473,null,null,null,null,null,null,null,null,null,null,IJHNSHDBIRRJRN,null,TRND,HzPEHWWDplnkLCbTuI,null,null,null,null,MALEATE,null,null,null,null,132-20-7,null,null,null,0,4,null,null,null,173033,null,1,1,2025-06-17 16:13:51,null,null,null,null,null,null,null,364797087,activity,null,HTS,null,4.538,4.036,7.721,-0.648,null,null,null,null,null,null,null,null,null,null,null,null,null,null,null,null,null,null,null,null,null,278941425
TRND-Glioblastoma_LOPAC_U251-primary_screen2,NCGC00015385-30,activity,null,4,13.373,-5.383,OCCN(CCO)C1=NC2=C(N=C(N=C2C(=N1)N3CCCCC3)N(CCO)CCO)N4CCCCC4,null,null,null,null,null,D9766,SIGMA,2021_LOPAC_01,null,null,Dipyridamole,null,4,null,null,null,13.15,6,4.955,1,0.999,null,null,null,null,null,null,-7.373,null,null,5.756,-7.394,-9.934,-9.428,null,null,null,null,null,null,null,null,null,IZEKFCXSFNUWAM,null,TRND,qlRvqadWHTeLuxDXeJ,null,null,null,null,null,null,null,null,null,58-32-2,null,null,null,0,4,1,null,null,173033,0 0 0 1,1,1,2025-06-17 16:13:51,null,null,null,null,null,null,null,364799379,activity,null,HTS,null,-7.394,5.06,5.756,-5.383,null,null,null,null,null,null,null,null,null,null,null,null,null,null,null,null,null,null,null,null,null,278941426
TRND-Glioblastoma_LOPAC_U251-primary_screen2,NCGC00185990-21,activity,null,4,-13.303,-0.316,OC(=O)C1CCN2C1=CC=C2C(=O)C3=CC=CC=C3,null,null,null,null,null,K1136,SIGMA,2021_LOPAC_01,null,null,Ketorolac tris salt,null,4,null,null,null,14.623,-1.303,4.955,0.197,0.975,null,null,null,null,null,null,12,null,null,11.87,-2.752,31.73,32.563,null,null,null,null,null,null,null,null,null,OZWKMVRBQXNZKK,null,TRND,fXuhBAJOQuYsWqOoaF,null,null,null,null,TROMETHAMINE,null,null,null,null,null,null,null,null,0,4,0,null,null,173033,0 0 0 0,1,1,2025-06-17 16:13:51,null,null,null,null,null,null,null,364797643,activity,null,HTS,null,11.87,1.257,-2.752,-0.316,null,null,null,null,null,null,null,null,null,null,null,null,null,null,null,null,null,null,null,null,null,278941427
TRND-Glioblastoma_LOPAC_U251-primary_screen2,NCGC00023217-21,activity,null,4,10,0.942,CC1=CC=C(Cl)C(NC2=CC=CC=C2C([O-])=O)=C1Cl,null,null,null,null,null,M4531,SIGMA,2021_LOPAC_01,null,null,Meclofenamic acid sodium,null,4,null,null,null,10.423,9,4.955,1,0.802,null,null,null,null,null,null,-1,null,null,11.357,0.934,18.716,19.98,null,null,null,null,null,null,null,null,null,SBDNJUWAMKYJOX,null,TRND,hdmlcfIdWOqIitHOBF,null,null,null,null,SODIUM,null,null,null,null,6385-02-0,null,null,null,0,4,1,null,null,173033,0 0 0 1,1,1,2025-06-17 16:13:51,null,null,null,null,null,null,null,364795747,activity,null,HTS,null,0.934,11.357,6.685,0.942,null,null,null,null,null,null,null,null,null,null,null,null,null,null,null,null,null,null,null,null,null,278941428
TRND-Glioblastoma_LOPAC_U251-primary_screen2,NCGC00159456-36,activity,19.952623,-3,-83.669,-72.842,CN1CCN(CC2=CC=C(C=C2)C(=O)NC3=CC=C(C)C(NC4=NC=CC(=N4)C5=CC=CN=C5)=C3)CC1,null,null,null,null,null,SML1027,SIGMA,2021_LOPAC_01,-4.7,null,Imatinib mesylate,null,-3,null,null,null,81.92,-78.669,4.955,0.123,0.991,null,null,null,null,null,null,5,null,null,9.079,-72.842,-27.077,-17.523,null,null,null,null,null,null,null,null,null,KTUFNOKKBVMGRW,null,TRND,TNBMZejgjeCAqtxDEX,null,Bcr-Abl Kinase inhibitor,null,null,SULFONICACID_V1,null,null,null,null,220127-57-1,ABL1,null,null,0,4,0,null,null,173033,0 0 0 0,1,1,2025-06-17 16:13:51,null,null,null,null,null,null,null,364800571,activity,null,HTS,22.322902,0.255,5.95,9.079,-72.842,null,null,null,null,null,null,null,null,null,null,null,null,null,null,null,null,null,null,null,null,null,278941939
TRND-Glioblastoma_LOPAC_U251-primary_screen2,NCGC00162225-24,activity,null,4,12.399,8.906,[H][C@@]1(CN2CCSC2=N1)C3=CC=CC=C3,null,null,null,null,null,L9756,SIGMA,2021_LOPAC_01,null,null,(-)-Tetramisole hydrochloride,null,4,null,null,null,15.072,11.5,4.955,0.639,0.618,null,null,null,null,null,null,-0.899,null,null,8.906,-6.166,9.372,1.014,null,null,null,null,null,null,null,null,null,HLFSDGLLUJUHTE,null,TRND,UsIcwHdnKVkKmjhfcS,null,null,null,null,CL,null,null,null,null,16595-80-5,null,null,null,0,4,0,null,null,173033,0 0 0 0,1,1,2025-06-17 16:13:51,null,null,null,null,null,null,null,364798343,activity,null,HTS,null,3.281,-0.149,-6.166,8.906,null,null,null,null,null,null,null,null,null,null,null,null,null,null,null,null,null,null,null,null,null,278941940
TRND-Glioblastoma_LOPAC_U251-primary_screen2,NCGC00094112-17,activity,5.011872,-2.3,-117.335,-93.57,O\N=C1C2=CC=CC=C2NC\1=C3\C(=O)NC4=CC(Br)=CC=C34,null,null,null,null,null,B1686,SIGMA,2021_LOPAC_01,-5.3,null,BIO,null,-2.1,null,null,null,118.435,-93.335,2.406,0.134,0.989,null,null,null,null,null,null,24,null,null,24.865,-93.57,-24.715,-6.384,null,null,null,null,null,null,null,null,null,DDLZLOKCJHBUHD,null,TRND,NYsZQbrEFEoJiodDum,null,Arachidonate 5-Lipoxygenase inhibitor,null,null,null,null,null,null,null,null,ALOX5,null,null,0,4,0,null,null,173033,0 0 0 0,1,1,2025-06-17 16:13:51,null,null,null,null,null,null,null,364798879,activity,null,HTS,5.318892,15.567,24.865,-51.628,-93.57,null,null,null,null,null,null,null,null,null,null,null,null,null,null,null,null,null,null,null,null,null,278941941
TRND-Glioblastoma_LOPAC_U251-primary_screen2,NCGC00345496-14,activity,null,4,-23.412,-14.927,NC1=NC2=C(NC=N2)C(OCC3=CC(Br)=CS3)=N1,null,null,null,null,null,SML0586,SIGMA,2021_LOPAC_01,null,null,Lomeguatrib,null,4,null,null,null,23.54,-15.912,1.967,0.204,0.973,null,null,null,null,null,null,7.5,null,null,8.613,-14.927,9.478,13.892,null,null,null,null,null,null,null,null,null,JUJPKFNFCWJBCX,null,TRND,RmnbCJblrruROliZhF,null,Methylated-DNA--protein-cysteine methyltransferase inhibitor,null,null,null,null,null,null,null,192441-08-0,MGMT,null,null,0,4,0,null,null,173033,0 0 0 0,1,1,2025-06-17 16:13:51,null,null,null,null,null,null,null,364799435,activity,null,HTS,null,5.354,8.613,-5.081,-14.927,null,null,null,null,null,null,null,null,null,null,null,null,null,null,null,null,null,null,null,null,null,278941942
TRND-Glioblastoma_LOPAC_U251-primary_screen2,NCGC00024996-37,activity,null,4,-21.907,-21.172,[H][C@@]12[C@H](O)[C@H](OC(C)=O)[C@@]3(C)O[C@](C)(CC(=O)[C@]3(O)[C@@]1(C)[C@@H](O)CCC2(C)C)C=C,null,null,null,null,null,F6886,SIGMA,2021_LOPAC_01,null,null,Forskolin,null,4,null,null,null,24.381,-17.907,2.353,0.312,0.935,null,null,null,null,null,null,4,null,null,3.209,-21.172,-19.966,-20.595,null,null,null,null,null,null,null,null,null,OHCQJHSOBUTRHG,null,TRND,VGABVEGWSTGOPHiZlY,null,null,null,null,null,null,null,null,null,66575-29-9,null,null,null,0,4,0,null,null,173033,0 0 0 0,1,1,2025-06-17 16:13:51,null,null,null,null,null,null,null,364795903,activity,null,HTS,null,3.209,-10.86,-14.52,-21.172,null,null,null,null,null,null,null,null,null,null,null,null,null,null,null,null,null,null,null,null,null,278941943
TRND-Glioblastoma_LOPAC_U251-primary_screen2,NCGC00016033-12,activity,null,4,-17.852,-5.121,OC(=O)CNC(=O)C(CS)CC1=CC=CC=C1,null,null,null,null,null,T6031,SIGMA,2021_LOPAC_01,null,null,DL-Thiorphan,null,4,null,null,null,18.857,-5.852,4.955,0.113,0.992,null,null,null,null,null,null,12,null,null,12.314,-6.543,32.64,34.397,null,null,null,null,null,null,null,null,null,LJJKNPQAGWVLDQ,null,TRND,cRVByBGLqANIGcTztE,null,null,null,null,null,null,null,null,null,76721-89-6,null,null,null,0,4,0,null,null,173033,0 0 0 0,1,1,2025-06-17 16:13:51,null,null,null,null,null,null,null,364796735,activity,null,HTS,null,11.279,12.314,-6.543,-5.121,null,null,null,null,null,null,null,null,null,null,null,null,null,null,null,null,null,null,null,null,null,278941944
TRND-Glioblastoma_LOPAC_U251-primary_screen2,NCGC00015697-26,activity,null,4,0,2.87,OC1=CC2=C(C(O)=C1)C(=O)C(O)=C(O2)C3=CC(O)=C(O)C(O)=C3,null,null,null,null,null,M6760,SIGMA,2021_LOPAC_01,null,null,Myricetin,null,4,null,null,null,7.652,0,null,null,null,null,null,null,null,null,null,0,null,null,4.143,-3.509,9.868,null,null,null,null,null,null,null,null,null,null,IKMDFBPHZNJCSN,null,TRND,hzDImwapkaZRXqUKzM,null,Androgen Receptor antagonist,null,null,null,null,null,null,null,529-44-2,AR,null,null,0,4,null,null,null,173033,null,1,1,2025-06-17 16:13:51,null,null,null,null,null,null,null,364796435,activity,null,HTS,null,2.852,-3.509,4.143,2.87,null,null,null,null,null,null,null,null,null,null,null,null,null,null,null,null,null,null,null,null,null,278941945
TRND-Glioblastoma_LOPAC_U251-primary_screen2,NCGC00166210-14,activity,null,4,-13.625,-8.854,[H][C@]1(CO)O[C@@]([H])(O[C@]2([H])[C@@]([H])(O)[C@]([H])(N)C[C@]([H])(N)[C@@]2([H])O[C@@]3([H])O[C@]([H])(CO)[C@@]([H])(O)[C@]([H])(O)[C@@]3([H])N)[C@]([H])(O)[C@]1([H])O[C@@]4([H])O[C@@]([H])(CN)[C@@]([H])(O)[C@]([H])(O)[C@@]4([H])N,null,null,null,null,null,P9297,SIGMA,2021_LOPAC_01,null,null,Paromomycin sulfate,null,4,null,null,null,11.326,-11.625,1.449,0.106,0.993,null,null,null,null,null,null,2,null,null,2.472,-8.854,1.758,0.433,null,null,null,null,null,null,null,null,null,UOZODPSAJZTQNH,null,TRND,ZnWqeyMrxVGOZycGxR,null,null,null,null,SULFURIC_ACID,null,null,null,null,null,null,null,null,0,4,0,null,null,173033,0 0 0 0,1,1,2025-06-17 16:13:51,null,null,null,null,null,null,null,364796351,activity,null,HTS,null,2.472,1.041,-1.681,-8.854,null,null,null,null,null,null,null,null,null,null,null,null,null,null,null,null,null,null,null,null,null,278941946
TRND-Glioblastoma_LOPAC_U251-primary_screen2,NCGC00015380-27,activity,null,4,17.054,1.898,CC1=NC2=C(C=C(Cl)C=C2)[S+]([O-])(=O)N1,null,null,null,null,null,D9035,SIGMA,2021_LOPAC_01,null,null,Diazoxide,null,4,null,null,null,16.747,11.5,4.955,1,1,null,null,null,null,null,null,-5.554,null,null,11.285,-5.461,4.468,4.445,null,null,null,null,null,null,null,null,null,NAIUXJBXAKAEAX,null,TRND,CHdtmugxAPCFJnIeyT,null,null,null,null,null,null,null,null,null,364-98-7,null,null,null,0,4,1,null,null,173033,0 0 0 1,1,1,2025-06-17 16:13:51,null,null,null,null,null,null,null,364795543,activity,null,HTS,null,-5.461,8.3,11.285,1.898,null,null,null,null,null,null,null,null,null,null,null,null,null,null,null,null,null,null,null,null,null,278941947
TRND-Glioblastoma_LOPAC_U251-primary_screen2,NCGC00162368-10,activity,null,4,0,8.223,[H][C@@]12CC[C@H](C(=O)CN3CCN(CC3)C4=NC(=NC(=C4)N5CCCC5)N6CCCC6)[C@@]1(C)CC=C7[C@@]2([H])CCC8=CC(=O)C=C[C@]78C,null,null,null,null,null,U5882,SIGMA,2021_LOPAC_01,null,null,U-74389G maleate,null,4,null,null,null,7.295,0,null,null,null,null,null,null,null,null,null,0,null,null,12.342,5.046,31.037,null,null,null,null,null,null,null,null,null,null,LBGLGTAQLROFTM,null,TRND,fnagSjThsJbmAFkoXM,null,null,null,null,MALEATE,null,null,null,null,null,null,null,null,0,4,null,null,null,173033,null,1,1,2025-06-17 16:13:51,null,null,null,null,null,null,null,364796679,activity,null,HTS,null,5.046,5.837,12.342,8.223,null,null,null,null,null,null,null,null,null,null,null,null,null,null,null,null,null,null,null,null,null,278941948
TRND-Glioblastoma_LOPAC_U251-primary_screen2,NCGC00167472-17,activity,null,4,-8.916,-13.18,CC(C)C1=CC=C2OC3=NC(N)=C(C=C3C(=O)C2=C1)C(O)=O,null,null,null,null,null,SML0517,SIGMA,2021_LOPAC_01,null,null,Amlexanox,null,4,null,null,null,10.764,-13.316,3.132,0.429,0.868,null,null,null,null,null,null,-4.4,null,null,-2.416,-13.18,-33.516,-29.344,null,null,null,null,null,null,null,null,null,SGRYPYWGNKJSDL,null,TRND,SuovxuPedOzVLadanc,null,Mediator Release inhibitor,null,null,null,null,null,null,null,68302-57-8,IL4,null,null,0,4,0,null,null,173033,0 0 0 0,1,1,2025-06-17 16:13:51,null,null,null,null,null,null,null,364799359,activity,null,HTS,null,-6.463,-2.416,-9.956,-13.18,null,null,null,null,null,null,null,null,null,null,null,null,null,null,null,null,null,null,null,null,null,278941949
TRND-Glioblastoma_LOPAC_U251-primary_screen2,NCGC00649368-02,activity,null,4,-14.784,8.244,CCC(=O)[N-]S(=O)(=O)C1=CC=C(C=C1)C2=C(C)ON=C2C3=CC=CC=C3,null,null,null,null,null,SML2217,SIGMA,2021_LOPAC_01,null,null,Parecoxib sodium,null,4,null,null,null,15.385,1.716,4.955,1,0.803,null,null,null,null,null,null,16.5,null,null,13.481,-1.904,42.129,41.047,null,null,null,null,null,null,null,null,null,TZRHLKRLEZJVIJ,null,TRND,YqdSzYoGqNPQhcritR,null,null,null,null,SODIUM,null,null,null,null,[NO STEREO] 198470-84-7,null,null,null,0,4,1,null,null,173033,0 0 0 1,1,1,2025-06-17 16:13:51,null,null,null,null,null,null,null,364795639,activity,null,HTS,null,13.481,-1.904,4.936,8.244,null,null,null,null,null,null,null,null,null,null,null,null,null,null,null,null,null,null,null,null,null,278941950
TRND-Glioblastoma_LOPAC_U251-primary_screen2,NCGC00017030-22,activity,null,4,15.41,14.829,[H][C@@]12C[C@@H](O)[C@@]3([H])[C@@]4(C)CC[C@@H](O)[C@@H](C)[C@]4([H])CC[C@]3(C)C1(C)C[C@H](OC(C)=O)\C2=C(/CCC=C(C)C)C([O-])=O,null,null,null,null,null,F0881,SIGMA,2021_LOPAC_01,null,null,Fusidic acid sodium,null,4,null,null,null,16.004,16.5,4.955,0.375,0.903,null,null,null,null,null,null,1.09,null,null,14.829,-1.175,17.167,12.257,null,null,null,null,null,null,null,null,null,IECPWNUMDGFDKC,null,TRND,RPOWIBgquHDkYUIlbu,null,null,null,null,SODIUM,null,null,null,null,751-94-0,null,null,null,0,4,0,null,null,173033,0 0 0 0,1,1,2025-06-17 16:13:51,null,null,null,null,null,null,null,364799051,activity,null,HTS,null,2.8,3.465,-1.175,14.829,null,null,null,null,null,null,null,null,null,null,null,null,null,null,null,null,null,null,null,null,null,278941951
TRND-Glioblastoma_LOPAC_U251-primary_screen2,NCGC00024877-12,activity,null,4,0,2.602,[H][C@@]1(CN(C)CCC2=C1C=C(O)C(Cl)=C2)C3=CC=CC=C3,null,null,null,null,null,D054,SIGMA,2021_LOPAC_01,null,null,R(+)-SCH-23390 hydrochloride,null,4,null,null,null,1.538,0,null,null,null,null,null,null,null,null,null,0,null,null,4.141,2.602,15.842,null,null,null,null,null,null,null,null,null,null,GOTMKOSCLKVOGG,null,TRND,efcOAQjWjhjSeCifjS,null,null,null,null,CL,null,null,null,null,125941-87-9,null,null,null,0,4,null,null,null,173033,null,1,1,2025-06-17 16:13:51,null,null,null,null,null,null,null,364798771,activity,null,HTS,null,3.322,3.377,4.141,2.602,null,null,null,null,null,null,null,null,null,null,null,null,null,null,null,null,null,null,null,null,null,278941952
TRND-Glioblastoma_LOPAC_U251-primary_screen2,NCGC00167455-05,activity,null,4,0,1.308,[H][C@@](C)(CSC(=O)C1=CC=CC=C1)C(=O)N2C[C@]([H])(C[C@@]2([H])C(O)=O)SC3=CC=CC=C3,null,null,null,null,null,Z1252,SIGMA,2021_LOPAC_01,null,null,Zofenopril calcium,null,4,null,null,null,8.63,0,null,null,null,null,null,null,null,null,null,0,null,null,6.843,-1.787,18.651,null,null,null,null,null,null,null,null,null,null,IAIDUHCBNLFXEF,null,TRND,rkxfEfEojRiASrdDkN,null,null,null,null,CALCIUM,null,null,null,null,81872-10-8,null,null,null,0,4,null,null,null,173033,null,1,1,2025-06-17 16:13:51,null,null,null,null,null,null,null,364798047,activity,null,HTS,null,5.199,-1.787,6.843,1.308,null,null,null,null,null,null,null,null,null,null,null,null,null,null,null,null,null,null,null,null,null,278941953
TRND-Glioblastoma_LOPAC_U251-primary_screen2,NCGC00024717-13,activity,null,4,-7.5,10.099,COC(=O)[C@@H](N)CCCNC(=N)N[N+]([O-])=O,null,null,null,null,null,N5751,SIGMA,2021_LOPAC_01,null,null,NG-Nitro-L-arginine methyl ester hydrochloride,null,4,null,null,null,10.045,2.5,4.955,1,0.44,null,null,null,null,null,null,10,null,null,14.058,4.014,31.542,38.819,null,null,null,null,null,null,null,null,null,KCWZGJVSDFYRIX,null,TRND,cHjQHkjnFvbGLxJQqR,null,Nitric Oxide Synthase inhibitor,null,null,CL,null,null,null,null,null,NOS1,null,null,0,4,1,null,null,173033,0 0 0 1,1,1,2025-06-17 16:13:51,null,null,null,null,null,null,null,364798631,activity,null,HTS,null,6.054,14.058,4.014,10.099,null,null,null,null,null,null,null,null,null,null,null,null,null,null,null,null,null,null,null,null,null,278941954
TRND-Glioblastoma_LOPAC_U251-primary_screen2,NCGC00496834-03,activity,null,4,0,-24.724,C[C@H]1CN(C[C@@H](C)N1)C2=NC=C(C(C)=C2)C3=CC=C(C=C3)C4=NC5=C(C=CN5C)C(=O)N4,null,null,null,null,null,SML2150,SIGMA,2021_LOPAC_01,null,null,AZ6102,null,4,null,null,null,7.737,0,null,null,null,null,null,null,null,null,null,0,null,null,-18.424,-26.161,-104.955,null,null,null,null,null,null,null,null,null,null,WCPTUQOMNJBIET,null,TRND,JbdXiFvHLgxGlibylU,null,null,null,null,null,null,null,null,null,null,null,null,null,0,4,null,null,null,173033,null,1,1,2025-06-17 16:13:51,null,null,null,null,null,null,null,364798967,activity,null,HTS,null,-21.906,-26.161,-18.424,-24.724,null,null,null,null,null,null,null,null,null,null,null,null,null,null,null,null,null,null,null,null,null,278941955
TRND-Glioblastoma_LOPAC_U251-primary_screen2,NCGC00015856-19,activity,null,4,0,1.549,CN1CCN(CCCN2C3=C(SC4=C2C=C(Cl)C=C4)C=CC=C3)CC1,null,null,null,null,null,P9178,SIGMA,2021_LOPAC_01,null,null,Prochlorperazine dimaleate,null,4,null,null,null,4.017,0,null,null,null,null,null,null,null,null,null,0,null,null,5.566,1.549,22.348,null,null,null,null,null,null,null,null,null,null,WIKYUJGCLQQFNW,null,TRND,flFuaAqYlwAGWuKKUc,null,null,null,null,MALEATE,null,null,null,null,null,null,null,null,0,4,null,null,null,173033,null,1,1,2025-06-17 16:13:51,null,null,null,null,null,null,null,364800171,activity,null,HTS,null,5.566,3.281,5.427,1.549,null,null,null,null,null,null,null,null,null,null,null,null,null,null,null,null,null,null,null,null,null,278941956
TRND-Glioblastoma_LOPAC_U251-primary_screen2,NCGC00510345-02,activity,null,4,0,5.898,CN1CCN(CC1)C(=O)C2=CC=C(C=C2)N3N=C(C=C3C4=CC(=CC(=C4)C(C)(C)C)C(C)(C)C)C5=CC=C(C=C5)C(O)=O,null,null,null,null,null,SML2183,SIGMA,2021_LOPAC_01,null,null,LY2955303,null,4,null,null,null,7.028,0,null,null,null,null,null,null,null,null,null,0,null,null,5.898,-1.13,16.393,null,null,null,null,null,null,null,null,null,null,YVXYHNKIOFSFMZ,null,TRND,KyxtoOdWFlBWviLZMI,null,null,null,null,null,null,null,null,null,null,null,null,null,0,4,null,null,null,173033,null,1,1,2025-06-17 16:13:51,null,null,null,null,null,null,null,364798647,activity,null,HTS,null,4.611,1.84,-1.13,5.898,null,null,null,null,null,null,null,null,null,null,null,null,null,null,null,null,null,null,null,null,null,278941957
TRND-Glioblastoma_LOPAC_U251-primary_screen2,NCGC00015612-17,activity,null,4,0,0.983,CC[N+](CC)(CC)CC(=O)NC1=C(C)C=CC=C1C,null,null,null,null,null,L5783,SIGMA,2021_LOPAC_01,null,null,Lidocaine N-ethyl bromide quaternary salt,null,4,null,null,null,4.052,0,null,null,null,null,null,null,null,null,null,0,null,null,4.568,0.515,7.109,null,null,null,null,null,null,null,null,null,null,PYEBKOFMWAMBFV,null,TRND,jDnUMPapIQcKyNSMgD,null,null,null,null,BR,null,null,null,null,null,null,null,null,0,4,null,null,null,173033,null,1,1,2025-06-17 16:13:51,null,null,null,null,null,null,null,364797691,activity,null,HTS,null,0.515,4.568,2.817,0.983,null,null,null,null,null,null,null,null,null,null,null,null,null,null,null,null,null,null,null,null,null,278941958
TRND-Glioblastoma_LOPAC_U251-primary_screen2,NCGC00025177-23,activity,null,4,11.437,5.406,CC1=CC=C(C=C1NC(=O)C2=CC=CC(NC(=O)NC3=CC=CC(=C3)C(=O)NC4=C(C)C=CC(=C4)C(=O)NC5=CC=C(C6=C5C(=CC(=C6)S([O-])(=O)=O)S([O-])(=O)=O)S([O-])(=O)=O)=C2)C(=O)NC7=C8C(=CC(=CC8=C(C=C7)S([O-])(=O)=O)S([O-])(=O)=O)S([O-])(=O)=O,null,null,null,null,null,S2671,SIGMA,2021_LOPAC_01,null,null,Suramin sodium salt,null,4,null,null,null,12.437,5.5,4.504,0.227,0.967,null,null,null,null,null,null,-5.937,null,null,5.406,-7.031,-18.199,-21.228,null,null,null,null,null,null,null,null,null,FIAFUQMPZJWCLV,null,TRND,pVKdtIwKNptpEJlWpY,null,null,null,null,SODIUM,null,null,null,null,[NO STEREO] 145-63-1,null,null,null,0,4,0,null,null,173033,0 0 0 0,1,1,2025-06-17 16:13:51,null,null,null,null,null,null,null,364799819,activity,null,HTS,null,-4.56,-7.031,-4.965,5.406,null,null,null,null,null,null,null,null,null,null,null,null,null,null,null,null,null,null,null,null,null,278941959
TRND-Glioblastoma_LOPAC_U251-primary_screen2,NCGC00159454-11,activity,null,4,0,-3.964,OC(=O)COC1=CC=C(C(=O)C2=CC=CS2)C(Cl)=C1Cl,null,null,null,null,null,SML0505,SIGMA,2021_LOPAC_01,null,null,Tienilic acid,null,4,null,null,null,6.969,0,null,null,null,null,null,null,null,null,null,0,null,null,3.005,-3.964,2.837,null,null,null,null,null,null,null,null,null,null,AGHANLSBXUWXTB,null,TRND,hXWTAVRVExuWrWahyl,null,null,null,null,null,null,null,null,null,40180-04-9,null,null,null,0,4,null,null,null,173033,null,1,1,2025-06-17 16:13:51,null,null,null,null,null,null,null,364796267,activity,null,HTS,null,0.675,3.005,1.355,-3.964,null,null,null,null,null,null,null,null,null,null,null,null,null,null,null,null,null,null,null,null,null,278941960
TRND-Glioblastoma_LOPAC_U251-primary_screen2,NCGC00690005-01,activity,2.238721,-1.1,-97.127,-94.306,CCCCCCNC1=NC(NC2CCN(C)CC2)=C3C=C(OC)C(OC)=CC3=N1,null,null,null,null,null,SML2174,SIGMA,2021_LOPAC_01,-5.65,null,MS012,null,-1.1,null,null,null,95.158,-95.627,3.065,0.036,0.999,null,null,null,null,null,null,1.5,null,null,0.852,-94.306,-122.609,-121.441,null,null,null,null,null,null,null,null,null,ZYNUWSFRZCRKSN,null,TRND,tzEqVgDEmQVfLJcuoH,null,null,null,null,null,null,null,null,null,null,null,null,null,0,4,0,null,null,173033,0 0 0 0,1,1,2025-06-17 16:13:51,null,null,null,null,null,null,null,364797259,activity,null,HTS,2.306578,0.852,-13.726,-94.103,-94.306,null,null,null,null,null,null,null,null,null,null,null,null,null,null,null,null,null,null,null,null,null,278941961
TRND-Glioblastoma_LOPAC_U251-primary_screen2,NCGC00263554-09,activity,null,4,0,3.819,OC(=O)C1=CC=C(C=C1)C2=CC=C(O2)\C=C3/SC(=S)N(CC4=CC=CC=C4)C3=O,null,null,null,null,null,SML0886,SIGMA,2021_LOPAC_01,null,null,Leukadherin-1,null,4,null,null,null,1.674,0,null,null,null,null,null,null,null,null,null,0,null,null,3.819,2.145,14.069,null,null,null,null,null,null,null,null,null,null,AEZGRQSLKVNPCI,null,TRND,hIppXenwVFihSPMZNg,null,Marcrophase-1 antigen (CD11b/CD18) allosteric agonist,null,null,null,null,null,null,null,null,ITGAM,null,null,0,4,null,null,null,173033,null,1,1,2025-06-17 16:13:51,null,null,null,null,null,null,null,364795779,activity,null,HTS,null,2.999,3.203,2.145,3.819,null,null,null,null,null,null,null,null,null,null,null,null,null,null,null,null,null,null,null,null,null,278941962
TRND-Glioblastoma_LOPAC_U251-primary_screen2,NCGC00388284-14,activity,10,-3,-57.072,-54.449,[H][C@]12OCC[C@@]1([H])[C@H](CO2)OC(=O)N[C@@H](CC3=CC=CC=C3)[C@H](O)CN(CC(C)C)[S+]([O-])(=O)C4=CC=C(N)C=C4,null,null,null,null,null,SML0937,SIGMA,2021_LOPAC_01,-5,null,Darunavir,null,-3,null,null,null,62.135,-55.072,4.045,0.223,0.968,null,null,null,null,null,null,2,null,null,7.685,-54.449,-40.068,-26.881,null,null,null,null,null,null,null,null,null,MZWRXITVDVSVFP,null,TRND,hJqwOIKojGzYmHwGZX,null,null,null,null,null,null,null,null,null,206361-99-1,null,null,null,0,4,0,null,null,173033,0 0 0 0,1,1,2025-06-17 16:13:51,null,null,null,null,null,null,null,364795503,activity,null,HTS,17.606914,-4.294,7.685,-7.005,-54.449,null,null,null,null,null,null,null,null,null,null,null,null,null,null,null,null,null,null,null,null,null,278941963
TRND-Glioblastoma_LOPAC_U251-primary_screen2,NCGC00022269-07,activity,null,4,0,-3.108,N[C@@H](CC1=CC=C(O)C(I)=C1)C(O)=O,null,null,null,null,null,I8250,SIGMA,2021_LOPAC_01,null,null,3-Iodo-L-tyrosine,null,4,null,null,null,9.348,0,null,null,null,null,null,null,null,null,null,0,null,null,2.509,-6.839,-4.021,null,null,null,null,null,null,null,null,null,null,UQTZMGFTRHFAAM,null,TRND,XYbdcGgQHTxrNxpBWl,null,null,null,null,null,null,null,null,null,70-78-0,null,null,null,0,4,null,null,null,173033,null,1,1,2025-06-17 16:13:51,null,null,null,null,null,null,null,364797595,activity,null,HTS,null,0.231,2.509,-6.839,-3.108,null,null,null,null,null,null,null,null,null,null,null,null,null,null,null,null,null,null,null,null,null,278941964
TRND-Glioblastoma_LOPAC_U251-primary_screen2,NCGC00402238-07,activity,null,4,-7.707,-3.506,CC1=CC(C(=O)CN2C=C(C=CC2=O)C#N)=C(C)N1CC3=CC=CC=C3,null,null,null,null,null,SML1014,SIGMA,2021_LOPAC_01,null,null,CYM-5520,null,4,null,null,null,10.34,-3.707,3.247,0.593,0.697,null,null,null,null,null,null,4,null,null,6.834,-3.506,7.525,13.676,null,null,null,null,null,null,null,null,null,FMYGNANMYYHBSU,null,TRND,xKwETfYVKDvhjUkTqE,null,null,null,null,null,null,null,null,null,null,null,null,null,0,4,0,null,null,173033,0 0 0 0,1,1,2025-06-17 16:13:51,null,null,null,null,null,null,null,364796719,activity,null,HTS,null,1.057,6.834,2.372,-3.506,null,null,null,null,null,null,null,null,null,null,null,null,null,null,null,null,null,null,null,null,null,278941965
TRND-Glioblastoma_LOPAC_U251-primary_screen2,NCGC00015677-06,activity,null,4,-10.025,6.056,CN1C=NC(CCN)=C1,null,null,null,null,null,M4910,SIGMA,2021_LOPAC_01,null,null,1-Methylhistamine dihydrochloride,null,4,null,null,null,11.515,-2.025,4.955,1,0.599,null,null,null,null,null,null,8,null,null,11.493,-0.021,19.301,26.671,null,null,null,null,null,null,null,null,null,FHQDWPCFSJMNCT,null,TRND,fRtqZlQpSzuUzqeGKx,null,null,null,null,CL,null,null,null,null,null,null,null,null,0,4,1,null,null,173033,0 0 0 1,1,1,2025-06-17 16:13:51,null,null,null,null,null,null,null,364797667,activity,null,HTS,null,4.07,11.493,-0.021,6.056,null,null,null,null,null,null,null,null,null,null,null,null,null,null,null,null,null,null,null,null,null,278941966
TRND-Glioblastoma_LOPAC_U251-primary_screen2,NCGC00015001-07,activity,null,4,0,0.507,CCCN1C2=C(NC(=N2)C3=CC=C(C=C3)[S+](O)([O-])=O)C(=O)N(CCC)C1=O,null,null,null,null,null,A022,SIGMA,2021_LOPAC_01,null,null,"1,3-Dipropyl-8-p-sulfophenylxanthine",null,4,null,null,null,4.934,0,null,null,null,null,null,null,null,null,null,0,null,null,0.507,-4.427,-15.259,null,null,null,null,null,null,null,null,null,null,KQWKGQDIIBLWGB,null,TRND,RmfYGqLoVJzDRwvwZJ,null,null,null,null,null,null,null,null,null,null,null,null,null,0,4,null,null,null,173033,null,1,1,2025-06-17 16:13:51,null,null,null,null,null,null,null,364799391,activity,null,HTS,null,-4.427,-1.1,-3.532,0.507,null,null,null,null,null,null,null,null,null,null,null,null,null,null,null,null,null,null,null,null,null,278941967
TRND-Glioblastoma_LOPAC_U251-primary_screen2,NCGC00015309-09,activity,null,4,10.524,7.039,OC1=CC(=CC(=C1O)[N+]([O-])=O)[N+]([O-])=O,null,null,null,null,null,D131,SIGMA,2021_LOPAC_01,null,null,"3,5-Dinitrocatechol",null,4,null,null,null,10.81,7.5,1.967,0.28,0.949,null,null,null,null,null,null,-3.024,null,null,7.039,-3.77,-1.486,-4.614,null,null,null,null,null,null,null,null,null,VDCDWNDTNSWDFJ,null,TRND,kQRAyBuNewCaKWmbdu,null,null,null,null,null,null,null,null,null,7659-29-2,null,null,null,0,4,0,null,null,173033,0 0 0 0,1,1,2025-06-17 16:13:51,null,null,null,null,null,null,null,364800067,activity,null,HTS,null,-1.574,-3.77,2.598,7.039,null,null,null,null,null,null,null,null,null,null,null,null,null,null,null,null,null,null,null,null,null,278941968
TRND-Glioblastoma_LOPAC_U251-primary_screen2,NCGC00015528-06,activity,null,4,-9.616,-3.846,NNC(=O)C1=CC=C(O)C=C1,null,null,null,null,null,H9882,SIGMA,2021_LOPAC_01,null,null,4-Hydroxybenzhydrazide,null,4,null,null,null,10.289,-4.616,2.406,0.208,0.973,null,null,null,null,null,null,5,null,null,4.776,-5.513,7.289,7.631,null,null,null,null,null,null,null,null,null,ZMZGIVVRBMFZSG,null,TRND,YUGMiSgzQgAUclShxY,null,null,null,null,null,null,null,null,null,null,null,null,null,0,4,0,null,null,173033,0 0 0 0,1,1,2025-06-17 16:13:51,null,null,null,null,null,null,null,364795927,activity,null,HTS,null,4.776,-0.125,-5.513,-3.846,null,null,null,null,null,null,null,null,null,null,null,null,null,null,null,null,null,null,null,null,null,278941969
TRND-Glioblastoma_LOPAC_U251-primary_screen2,NCGC00016935-23,activity,null,4,12.477,-2.288,C[C@]12N[C@H](CC3=C1C=CC=C3)C4=C2C=CC=C4,null,null,null,null,null,M107,SIGMA,2021_LOPAC_01,null,null,(+)-MK-801 hydrogen maleate,null,4,null,null,null,14.562,8,4.955,1,0.565,null,null,null,null,null,null,-4.477,null,null,5.414,-9.147,2.083,-7.445,null,null,null,null,null,null,null,null,null,LBOJYSIDWZQNJS,null,TRND,bVMNihDanuVCHuhifI,null,null,null,null,MALEATE,null,null,null,null,77086-22-7,null,null,null,0,4,1,null,null,173033,0 0 0 1,1,1,2025-06-17 16:13:51,null,null,null,null,null,null,null,364800455,activity,null,HTS,null,0.664,-9.147,5.414,-2.288,null,null,null,null,null,null,null,null,null,null,null,null,null,null,null,null,null,null,null,null,null,278941970
TRND-Glioblastoma_LOPAC_U251-primary_screen2,NCGC00167729-10,activity,null,4,12.5,-1.608,OC(=O)CN1C(=CC2=CC=CC=C12)C(=O)NC3=NC(=CS3)C4=CC=CC=C4Cl,null,null,null,null,null,SML0179,SIGMA,2021_LOPAC_01,null,null,SR 27897 hydrate,null,4,null,null,null,15.203,11.5,4.955,1,0.877,null,null,null,null,null,null,-1,null,null,13.595,-1.608,29.181,29.813,null,null,null,null,null,null,null,null,null,ILNRQFBVVQUOLP,null,TRND,ibFuzfbJTdCvaxUvIZ,null,null,null,null,H2O,null,null,null,null,136381-85-6,null,null,null,0,4,1,null,null,173033,0 0 0 1,1,1,2025-06-17 16:13:51,null,null,null,null,null,null,null,364797191,activity,null,HTS,null,2.79,13.595,9.745,-1.608,null,null,null,null,null,null,null,null,null,null,null,null,null,null,null,null,null,null,null,null,null,278941971
TRND-Glioblastoma_LOPAC_U251-primary_screen2,NCGC00015288-19,activity,null,4,0,11.061,N[S+]([O-])(=O)C1=C(Cl)C=C2NC(N[S+]([O-])(=O)C2=C1)C3CC4CC3C=C4,null,null,null,null,null,C9847,SIGMA,2021_LOPAC_01,null,null,Cyclothiazide,null,4,null,null,null,1.175,0,null,null,null,null,null,null,null,null,null,0,null,null,11.354,10.179,49.9,null,null,null,null,null,null,null,null,null,null,OZXVMXGVVQEPJA,null,TRND,XFoQrgYJYkmJhckPCy,null,null,null,null,null,null,null,null,null,2259-96-3,null,null,null,0,4,null,null,null,173033,null,1,1,2025-06-17 16:13:51,null,null,null,null,null,null,null,364795647,activity,null,HTS,null,10.179,11.354,11.301,11.061,null,null,null,null,null,null,null,null,null,null,null,null,null,null,null,null,null,null,null,null,null,278941972
TRND-Glioblastoma_LOPAC_U251-primary_screen2,NCGC00167848-11,activity,4.466836,-2.1,-98.909,-95.29,[O-][N+](=O)C1=CC2=C(C=C[S+]2([O-])=O)C=C1,null,null,null,null,null,S7947,SIGMA,2021_LOPAC_01,-5.35,null,Stattic,null,-2.1,null,null,null,99.08,-94.909,2.72,0.018,1,null,null,null,null,null,null,4,null,null,3.79,-95.29,-87.442,-87.349,null,null,null,null,null,null,null,null,null,ZRRGOUHITGRLBA,null,TRND,sKSPzaKaScdBSOhMmP,null,null,null,null,null,null,null,null,null,null,null,null,null,0,4,0,null,null,173033,0 0 0 0,1,1,2025-06-17 16:13:51,null,null,null,null,null,null,null,364795767,activity,null,HTS,4.646701,3.79,0.766,-69.215,-95.29,null,null,null,null,null,null,null,null,null,null,null,null,null,null,null,null,null,null,null,null,null,278941429
TRND-Glioblastoma_LOPAC_U251-primary_screen2,NCGC00386282-12,activity,null,4,-10.008,-7.09,CCCC(C)NC(=O)C1=CC=C(Cl)C(Cl)=C1,null,null,null,null,null,SML0518,SIGMA,2021_LOPAC_01,null,null,NSC405020,null,4,null,null,null,11.448,-8.508,4.504,0.564,0.735,null,null,null,null,null,null,1.5,null,null,4.358,-7.09,8.686,2.511,null,null,null,null,null,null,null,null,null,ARDYECYBETXQFD,null,TRND,DcJPibliRumhYKjNsI,null,null,null,null,null,null,null,null,null,null,null,null,null,0,4,0,null,null,173033,0 0 0 0,1,1,2025-06-17 16:13:51,null,null,null,null,null,null,null,364798543,activity,null,HTS,null,4.358,-1.927,2.384,-7.09,null,null,null,null,null,null,null,null,null,null,null,null,null,null,null,null,null,null,null,null,null,278941430
TRND-Glioblastoma_LOPAC_U251-primary_screen2,NCGC00181016-21,activity,null,4,0,3.18,CC1=C(C=C2C(=C1)C(C)(C)CCC2(C)C)C(=C)C3=CC=C(C=C3)C(O)=O,null,null,null,null,null,SML0282,SIGMA,2021_LOPAC_01,null,null,Bexarotene,null,4,null,null,null,3.711,0,null,null,null,null,null,null,null,null,null,0,null,null,3.18,-0.531,7.011,null,null,null,null,null,null,null,null,null,null,NAVMQTYZDKMPEU,null,TRND,tIxpPCXDxVQaYtABqM,null,Retinoic Acid Receptor RXR-alpha agonist,null,null,null,null,null,null,null,153559-49-0,RXRA,null,null,0,4,null,null,null,173033,null,1,1,2025-06-17 16:13:51,null,null,null,null,null,null,null,364797855,activity,null,HTS,null,1.849,-0.531,0.828,3.18,null,null,null,null,null,null,null,null,null,null,null,null,null,null,null,null,null,null,null,null,null,278941431
TRND-Glioblastoma_LOPAC_U251-primary_screen2,NCGC00015748-37,activity,12.589254,-3,-67.921,-48.684,COC(=O)C1=C(C)NC(C)=C(C1C2=C(C=CC=C2)[N+]([O-])=O)C(=O)OC,null,null,null,null,null,N7634,SIGMA,2021_LOPAC_01,-4.9,null,Nifedipine,null,-3,null,null,null,60.074,-58.421,1.858,0.08,0.996,null,null,null,null,null,null,9.5,null,null,11.39,-48.684,5.827,1.942,null,null,null,null,null,null,null,null,null,HYIMSNHJOBLJNT,null,TRND,pmhPDpPLSVngVoLDnB,null,null,null,null,null,null,null,null,null,21829-25-4,null,null,null,0,4,0,null,null,173033,0 0 0 0,1,1,2025-06-17 16:13:51,null,null,null,null,null,null,null,364796731,activity,null,HTS,32.83751,11.39,6.226,-6.492,-48.684,null,null,null,null,null,null,null,null,null,null,null,null,null,null,null,null,null,null,null,null,null,278941432
TRND-Glioblastoma_LOPAC_U251-primary_screen2,NCGC00015823-32,activity,null,4,-10.363,-1.553,CN1C(C(=O)NC2=CC=CC=N2)=C(O)C3=C(C=CC=C3)[S+]1([O-])=O,null,null,null,null,null,P5654,SIGMA,2021_LOPAC_01,null,null,Piroxicam,null,4,null,null,null,10.275,-0.363,4.955,0.217,0.97,null,null,null,null,null,null,10,null,null,8.722,-1.553,23.263,23.58,null,null,null,null,null,null,null,null,null,IAPMPNKHZPZVQU,null,TRND,NnRGHTkhLwfnKjLxMw,null,null,null,null,null,null,null,null,null,36322-90-4,null,null,null,0,4,0,null,null,173033,0 0 0 0,1,1,2025-06-17 16:13:51,null,null,null,null,null,null,null,364796755,activity,null,HTS,null,8.722,-0.558,0.377,-1.553,null,null,null,null,null,null,null,null,null,null,null,null,null,null,null,null,null,null,null,null,null,278941433
TRND-Glioblastoma_LOPAC_U251-primary_screen2,NCGC00015287-21,activity,null,4,13.731,13.585,N[C@@H](CCONC(N)=N)C(O)=O,null,null,null,null,null,C9758,SIGMA,2021_LOPAC_01,null,null,L-Canavanine sulfate,null,4,null,null,null,14.194,13.5,4.504,0.059,0.998,null,null,null,null,null,null,-0.231,null,null,13.585,-0.609,6.151,6.921,null,null,null,null,null,null,null,null,null,FSBIGDSBMBYOPN,null,TRND,RIOmRxyfmuYJwilSBl,null,null,null,null,SULFURIC_ACID,null,null,null,null,2219-31-0,null,null,null,0,4,0,null,null,173033,0 0 0 0,1,1,2025-06-17 16:13:51,null,null,null,null,null,null,null,364800431,activity,null,HTS,null,-0.609,0.101,0.901,13.585,null,null,null,null,null,null,null,null,null,null,null,null,null,null,null,null,null,null,null,null,null,278941434
TRND-Glioblastoma_LOPAC_U251-primary_screen2,NCGC00162085-11,activity,19.952623,-3,-42.197,-39.534,[H][C@@]12C[C@@](O)(CCN1C[C@@]3([H])C4=C(CCC5=C3C2=CC=C5)C=CC=C4)C(C)(C)C,null,null,null,null,null,D033,SIGMA,2021_LOPAC_01,-4.7,null,(+)-Butaclamol hydrochloride,null,-3,null,null,null,42.32,-42.697,4.955,0.269,0.953,null,null,null,null,null,null,-0.5,null,null,2.786,-39.534,-16.816,-23.036,null,null,null,null,null,null,null,null,null,ZZJYIKPMDIWRSN,null,TRND,lXGQCeNIHZwLDfqdpK,null,null,null,null,CL,null,null,null,null,[NO STEREO] 36504-94-6,null,null,null,0,4,0,null,null,173033,0 0 0 0,1,1,2025-06-17 16:13:51,null,null,null,null,null,null,null,364800023,activity,null,HTS,null,2.378,-6.557,2.786,-39.534,null,null,null,null,null,null,null,null,null,null,null,null,null,null,null,null,null,null,null,null,null,278941435
TRND-Glioblastoma_LOPAC_U251-primary_screen2,NCGC00162106-18,activity,null,4,-20.668,1.143,[H][C@]12SCC(C[N+]3=CC=C(C=C3)C(N)=O)=C(N1C(=O)[C@H]2NC(=O)[C@@H](C4=CC=CC=C4)S([O-])(=O)=O)C([O-])=O,null,null,null,null,null,C8145,SIGMA,2021_LOPAC_01,null,null,Cefsulodin sodium salt hydrate,null,4,null,null,null,19.534,-9.668,2.048,1,0.999,null,null,null,null,null,null,11,null,null,10.644,-8.89,20.26,19.72,null,null,null,null,null,null,null,null,null,SYLKGLMBLAAGSC,null,TRND,JqnyQAYQeQgQnrBRyT,null,null,null,null,SODIUM,null,null,null,null,52152-93-9,null,null,null,0,4,1,null,null,173033,0 0 0 1,1,1,2025-06-17 16:13:51,null,null,null,null,null,null,null,364796579,activity,null,HTS,null,10.644,2.304,-8.89,1.143,null,null,null,null,null,null,null,null,null,null,null,null,null,null,null,null,null,null,null,null,null,278941436
TRND-Glioblastoma_LOPAC_U251-primary_screen2,NCGC00015468-08,activity,null,4,-17.617,-4.264,CN(C)C1=NC=C2N=CN=C(NC3=CC4=C(C=C3)N(CC5=CC=CC=C5)N=C4)C2=C1,null,null,null,null,null,G0668,SIGMA,2021_LOPAC_01,null,null,GW2974,null,4,null,null,null,15.3,-7.117,1.222,0.163,0.983,null,null,null,null,null,null,10.5,null,null,11.036,-4.264,36.829,35.601,null,null,null,null,null,null,null,null,null,DYYZXRCFCVDSKD,null,TRND,NKoHcWyneMDNzvNiZD,null,null,null,null,null,null,null,null,null,null,null,null,null,0,4,0,null,null,173033,0 0 0 0,1,1,2025-06-17 16:13:51,null,null,null,null,null,null,null,364797215,activity,null,HTS,null,11.036,7.948,4.132,-4.264,null,null,null,null,null,null,null,null,null,null,null,null,null,null,null,null,null,null,null,null,null,278941437
TRND-Glioblastoma_LOPAC_U251-primary_screen2,NCGC00025271-16,activity,19.952623,-3,-103.41,-94.824,CC(C)(C)C1=CC=C(C=C1)[S+]([O-])(=O)\C=C\C#N,null,null,null,null,null,B5681,SIGMA,2021_LOPAC_01,-4.7,null,Bay 11-7085,null,-3,null,null,null,96.75,-102.41,4.955,0.037,0.999,null,null,null,null,null,null,1,null,null,1.926,-94.824,-50.545,-45.996,null,null,null,null,null,null,null,null,null,VHKZGNPOHPFPER,null,TRND,LHyapSgXfvJZZxfZxn,null,null,null,null,null,null,null,null,null,null,null,null,null,0,4,0,null,null,173033,0 0 0 0,1,1,2025-06-17 16:13:51,null,null,null,null,null,null,null,364797115,activity,null,HTS,19.763986,-0.993,1.017,1.926,-94.824,null,null,null,null,null,null,null,null,null,null,null,null,null,null,null,null,null,null,null,null,null,278941438
TRND-Glioblastoma_LOPAC_U251-primary_screen2,NCGC00686675-02,activity,null,4,0,3.842,[O-][S+](=O)(N1CCC(CC1)C(=O)NCC2=CC=C(F)C=C2)C3=CC(Cl)=CC(Cl)=C3,null,null,null,null,null,SML2214,SIGMA,2021_LOPAC_01,null,null,BI01383298,null,4,null,null,null,6.297,0,null,null,null,null,null,null,null,null,null,0,null,null,3.842,-2.456,1.321,null,null,null,null,null,null,null,null,null,null,GBCUMZFCIPACCY,null,TRND,yFVXcPJvXcJPUMNFgf,null,null,null,null,null,null,null,null,null,null,null,null,null,0,4,null,null,null,173033,null,1,1,2025-06-17 16:13:51,null,null,null,null,null,null,null,364798707,activity,null,HTS,null,0.103,-2.456,1.046,3.842,null,null,null,null,null,null,null,null,null,null,null,null,null,null,null,null,null,null,null,null,null,278941439
TRND-Glioblastoma_LOPAC_U251-primary_screen2,NCGC00015906-10,activity,null,4,-11.156,1.486,COC1=C(C=CC=C1)N2CCNCC2,null,null,null,null,null,S008,SIGMA,2021_LOPAC_01,null,null,1-(2-Methoxyphenyl)piperazine hydrochloride,null,4,null,null,null,12.934,-10.656,4.955,1,0.778,null,null,null,null,null,null,0.5,null,null,3.637,-9.296,-15.678,-10.394,null,null,null,null,null,null,null,null,null,VNZLQLYBRIOLFZ,null,TRND,kEhNGqAPEUXrYcHMfV,null,null,null,null,CL,null,null,null,null,5464-78-8,null,null,null,0,4,1,null,null,173033,0 0 0 1,1,1,2025-06-17 16:13:51,null,null,null,null,null,null,null,364795983,activity,null,HTS,null,-2.462,3.637,-9.296,1.486,null,null,null,null,null,null,null,null,null,null,null,null,null,null,null,null,null,null,null,null,null,278941440
TRND-Glioblastoma_LOPAC_U251-primary_screen2,NCGC00024622-11,activity,null,4,-9.145,-0.121,[O-][N+](=O)C1=CC=C(C=C1)C2=CC=C(O2)\C=N\N3CC(=O)[N-]C3=O,null,null,null,null,null,D9175,SIGMA,2021_LOPAC_01,null,null,Dantrolene sodium,null,4,null,null,null,12.803,-0.145,2.406,0.591,0.698,null,null,null,null,null,null,9,null,null,12.682,-0.121,27.267,33.999,null,null,null,null,null,null,null,null,null,OZOMQRBLCMDCEG,null,TRND,WUeHOGkFcGwDRiPNor,null,null,null,null,SODIUM,null,null,null,null,14663-23-1,null,null,null,0,4,0,null,null,173033,0 0 0 0,1,1,2025-06-17 16:13:51,null,null,null,null,null,null,null,364796823,activity,null,HTS,null,5.678,12.682,3.875,-0.121,null,null,null,null,null,null,null,null,null,null,null,null,null,null,null,null,null,null,null,null,null,278941441
TRND-Glioblastoma_LOPAC_U251-primary_screen2,NCGC00015735-26,activity,1,-1.4,-76.496,-49.589,OC1=C(C=C(Cl)C=C1)C(=O)NC2=C(Cl)C=C(C=C2)[N+]([O-])=O,null,null,null,null,null,N3510,SIGMA,2021_LOPAC_01,-6,null,Niclosamide,null,-1.3,null,null,null,94.66,-68.496,4.504,0.454,0.847,null,null,null,null,null,null,8,null,null,7.515,-87.145,-102.31,-98.525,null,null,null,null,null,null,null,null,null,RJMUSRYZPJIFPJ,null,TRND,GtPqBDPYIMgDFhiGvl,null,ATP synthase inhibitor,null,null,null,null,null,null,null,50-65-7,ATP5F1A,null,null,0,4,0,null,null,173033,0 0 0 0,1,1,2025-06-17 16:13:51,null,null,null,null,null,null,null,364799879,activity,null,HTS,1.247039,7.515,-51.739,-87.145,-49.589,null,null,null,null,null,null,null,null,null,null,null,null,null,null,null,null,null,null,null,null,null,278941442
TRND-Glioblastoma_LOPAC_U251-primary_screen2,NCGC00016055-29,activity,null,4,-17.614,-0.929,COC1=CC(CC2=C(N)N=C(N)N=C2)=CC(OC)=C1OC,null,null,null,null,null,T7883,SIGMA,2021_LOPAC_01,null,null,Trimethoprim,null,4,null,null,null,16.675,-1.114,1.539,0.024,1,null,null,null,null,null,null,16.5,null,null,15.746,-0.929,51.88,52.434,null,null,null,null,null,null,null,null,null,IEDVJHCEMCRBQM,null,TRND,QlDZRuMQCmnxoFccRW,null,null,null,null,null,null,null,null,null,738-70-5,null,null,null,0,4,0,null,null,173033,0 0 0 0,1,1,2025-06-17 16:13:51,null,null,null,null,null,null,null,364800611,activity,null,HTS,null,15.746,10.93,1.476,-0.929,null,null,null,null,null,null,null,null,null,null,null,null,null,null,null,null,null,null,null,null,null,278941443
TRND-Glioblastoma_LOPAC_U251-primary_screen2,NCGC00079175-08,activity,null,4,0,-3.734,BrC1=CC=C2N=CN=C(NCC=C)C2=C1,null,null,null,null,null,S8197,SIGMA,2021_LOPAC_01,null,null,SMER28,null,4,null,null,null,8.384,0,null,null,null,null,null,null,null,null,null,0,null,null,4.65,-3.734,11.196,null,null,null,null,null,null,null,null,null,null,BCPOLXUSCUFDGE,null,TRND,PJIjKUzwHaPwNinBtu,null,null,null,null,null,null,null,null,null,null,null,null,null,0,4,null,null,null,173033,null,1,1,2025-06-17 16:13:51,null,null,null,null,null,null,null,364798971,activity,null,HTS,null,4.65,-2.178,2.539,-3.734,null,null,null,null,null,null,null,null,null,null,null,null,null,null,null,null,null,null,null,null,null,278941444
TRND-Glioblastoma_LOPAC_U251-primary_screen2,NCGC00016192-05,activity,null,4,0,4.326,CCCC(CCC)C([O-])=O,null,null,null,null,null,P4543,SIGMA,2021_LOPAC_01,null,null,Valproic acid sodium,null,4,null,null,null,3.033,0,null,null,null,null,null,null,null,null,null,0,null,null,4.326,1.294,10.142,null,null,null,null,null,null,null,null,null,null,NIJJYAXOARWZEE,null,TRND,AReUmnVfhsluzvDyRY,null,null,null,null,SODIUM,null,null,null,null,[NO STEREO] 1069-66-5,null,null,null,0,4,null,null,null,173033,null,1,1,2025-06-17 16:13:51,null,null,null,null,null,null,null,364796099,activity,null,HTS,null,2.152,1.294,1.418,4.326,null,null,null,null,null,null,null,null,null,null,null,null,null,null,null,null,null,null,null,null,null,278941445
TRND-Glioblastoma_LOPAC_U251-primary_screen2,NCGC00015988-15,activity,null,4,-16.029,1.149,S=C(NC1CCCCC1)N2CCC(CC2)C3=CNC=N3,null,null,null,null,null,T123,SIGMA,2021_LOPAC_01,null,null,Thioperamide maleate,null,4,null,null,null,15.422,-11.029,4.955,1,0.982,null,null,null,null,null,null,5,null,null,6.231,-9.191,4.4,5.184,null,null,null,null,null,null,null,null,null,QKDDJDBFONZGBW,null,TRND,qbheYTciryEVkNBfuI,null,null,null,null,MALEATE,null,null,null,null,null,null,null,null,0,4,1,null,null,173033,0 0 0 1,1,1,2025-06-17 16:13:51,null,null,null,null,null,null,null,364796663,activity,null,HTS,null,4.074,6.231,-9.191,1.149,null,null,null,null,null,null,null,null,null,null,null,null,null,null,null,null,null,null,null,null,null,278941446
TRND-Glioblastoma_LOPAC_U251-primary_screen2,NCGC00165795-05,activity,null,4,0,8.071,ClC1=CC=C(C=C1)N2CCN(CC3=NN4C=CC=CC4=C3)CC2,null,null,null,null,null,F4429,SIGMA,2021_LOPAC_01,null,null,FAUC 213,null,4,null,null,null,7.317,0,null,null,null,null,null,null,null,null,null,0,null,null,9.805,2.488,20.161,null,null,null,null,null,null,null,null,null,null,DTRXURJDKOYCCD,null,TRND,fpKsZGTEXSipSiXBCV,null,null,null,null,null,null,null,null,null,337972-47-1,null,null,null,0,4,null,null,null,173033,null,1,1,2025-06-17 16:13:51,null,null,null,null,null,null,null,364797295,activity,null,HTS,null,2.64,9.805,2.488,8.071,null,null,null,null,null,null,null,null,null,null,null,null,null,null,null,null,null,null,null,null,null,278941447
TRND-Glioblastoma_LOPAC_U251-primary_screen2,NCGC00022304-27,activity,null,4,-15.5,7.379,CC(=O)N[C@@H](CS)C(O)=O,null,null,null,null,null,A7250,SIGMA,2021_LOPAC_01,null,null,N-Acetyl-L-Cysteine,null,4,null,null,null,14.113,6.5,4.955,0.25,0.96,null,null,null,null,null,null,22,null,null,18.999,4.886,65.388,65.126,null,null,null,null,null,null,null,null,null,PWKSKIMOESPYIA,null,TRND,FujJYIucoLzShfVkfy,null,NF-kappaB (NFKB) Activation inhibitor,null,null,null,null,null,null,null,616-91-1,NFKB1,null,null,0,4,0,null,null,173033,0 0 0 0,1,1,2025-06-17 16:13:51,null,null,null,null,null,null,null,364795651,activity,null,HTS,null,18.999,4.886,7.679,7.379,null,null,null,null,null,null,null,null,null,null,null,null,null,null,null,null,null,null,null,null,null,278941448
TRND-Glioblastoma_LOPAC_U251-primary_screen2,NCGC00015389-18,activity,null,4,0,5.755,CC(C)C1=CC=CC(C(C)C)=C1O,null,null,null,null,null,D126608,SIGMA,2021_LOPAC_01,null,null,Propofol,null,4,null,null,null,6.635,0,null,null,null,null,null,null,null,null,null,0,null,null,5.755,-0.88,1.347,null,null,null,null,null,null,null,null,null,null,OLBCVFGFOZPWHH,null,TRND,hKjQhpiwUOhJPRgtGx,null,Transient receptor potential cation channel subfamily V member 1 agonist,null,null,null,null,null,null,null,2078-54-8,TRPV1,null,null,0,4,null,null,null,173033,null,1,1,2025-06-17 16:13:51,null,null,null,null,null,null,null,364797511,activity,null,HTS,null,-0.88,0.1,0.992,5.755,null,null,null,null,null,null,null,null,null,null,null,null,null,null,null,null,null,null,null,null,null,278941449
TRND-Glioblastoma_LOPAC_U251-primary_screen2,NCGC00185850-24,activity,3.981072,-1.3,-97.352,-96.315,COC1=C(OC)C=C2C(NC3CCN(CC4=CC=CC=C4)CC3)=NC(=NC2=C1)N5CCCN(C)CC5,null,null,null,null,null,B9311,SIGMA,2021_LOPAC_01,-5.4,null,BIx 01294 trihydrochloride hydrate,null,-1.1,null,null,null,100.786,-95.352,4.955,0.059,0.998,null,null,null,null,null,null,2,null,null,4.471,-96.315,-111.572,-105.253,null,null,null,null,null,null,null,null,null,OSXFATOLZGZLSK,null,TRND,FyKRWoocezLbhWRFeB,null,DNA Methyltransferase (DNMT) inhibitor,null,null,CL,null,null,null,null,null,DNMT1,null,null,0,4,0,null,null,173033,0 0 0 0,1,1,2025-06-17 16:13:51,null,null,null,null,null,null,null,364796079,activity,null,HTS,4.06025,-1.013,4.471,-87.593,-96.315,null,null,null,null,null,null,null,null,null,null,null,null,null,null,null,null,null,null,null,null,null,278941450
TRND-Glioblastoma_LOPAC_U251-primary_screen2,NCGC00024667-34,activity,null,4,-13.465,-2.471,C[C@](N)(CC1=CC(O)=C(O)C=C1)C(O)=O,null,null,null,null,null,M129,SIGMA,2021_LOPAC_01,null,null,L-alpha-Methyl DOPA,null,4,null,null,null,12.525,-3.965,4.955,0.098,0.994,null,null,null,null,null,null,9.5,null,null,10.054,-2.471,37.647,38.407,null,null,null,null,null,null,null,null,null,CJCSPKMFHVPWAR,null,TRND,HRhsIHcujKRUVPOkwX,null,Aromatic-L-amino-acid decarboxylase inhibitor,null,null,null,null,null,null,null,555-30-6,DDC,null,null,0,4,0,null,null,173033,0 0 0 0,1,1,2025-06-17 16:13:51,null,null,null,null,null,null,null,364799191,activity,null,HTS,null,9.218,9.065,10.054,-2.471,null,null,null,null,null,null,null,null,null,null,null,null,null,null,null,null,null,null,null,null,null,278941451
TRND-Glioblastoma_LOPAC_U251-primary_screen2,NCGC00185994-13,activity,null,4,0,-5.35,CCC1=CC=C(\C=C2\SC(=S)NC2=O)C=C1,null,null,null,null,null,F3680,SIGMA,2021_LOPAC_01,null,null,10058-F4,null,4,null,null,null,8.148,0,null,null,null,null,null,null,null,null,null,0,null,null,2.798,-5.35,0.381,null,null,null,null,null,null,null,null,null,null,SVXDHPADAXBMFB,null,TRND,wsVOYycVvKxsUXYTbT,null,Myc proto-oncogene protein inhibitor,null,null,null,null,null,null,null,null,MYC,null,null,0,4,null,null,null,173033,null,1,1,2025-06-17 16:13:51,null,null,null,null,null,null,null,364798123,activity,null,HTS,null,0.767,-1.278,2.798,-5.35,null,null,null,null,null,null,null,null,null,null,null,null,null,null,null,null,null,null,null,null,null,278941452
TRND-Glioblastoma_LOPAC_U251-primary_screen2,NCGC00163151-08,activity,null,4,11,12.738,CC(CC1=CC=C(OCC(O)=O)C=C1)NCC(O)C2=CC(Cl)=CC=C2,null,null,null,null,null,B169,SIGMA,2021_LOPAC_01,null,null,BRL 37344 sodium,null,4,null,null,null,11.033,15,4.955,0.476,0.83,null,null,null,null,null,null,4,null,null,12.738,1.705,28.61,23.443,null,null,null,null,null,null,null,null,null,ZGGNJJJYUVRADP,null,TRND,RKpmQYgXjVCvOTmEUG,null,null,null,null,SODIUM,null,null,null,null,127299-93-8 (anhydrous),null,null,null,0,4,0,null,null,173033,0 0 0 0,1,1,2025-06-17 16:13:51,null,null,null,null,null,null,null,364797819,activity,null,HTS,null,6.235,4.891,1.705,12.738,null,null,null,null,null,null,null,null,null,null,null,null,null,null,null,null,null,null,null,null,null,278941453
TRND-Glioblastoma_LOPAC_U251-primary_screen2,NCGC00015304-11,activity,null,4,-10.884,-5.32,C[N+]1(C)CCC(CC1)OC(=O)C(C2=CC=CC=C2)C3=CC=CC=C3,null,null,null,null,null,SML0255,SIGMA,2021_LOPAC_01,null,null,4-DAMP,null,4,null,null,null,10.896,-5.384,2.248,0.032,0.999,null,null,null,null,null,null,5.5,null,null,5.576,-5.32,12.394,12.156,null,null,null,null,null,null,null,null,null,HYJRTXSYDAFGJK,null,TRND,gqPvONAfTWLElXeeyb,null,null,null,null,I,null,null,null,null,null,null,null,null,0,4,0,null,null,173033,0 0 0 0,1,1,2025-06-17 16:13:51,null,null,null,null,null,null,null,364797271,activity,null,HTS,null,5.576,3.607,-4.012,-5.32,null,null,null,null,null,null,null,null,null,null,null,null,null,null,null,null,null,null,null,null,null,278941454
TRND-Glioblastoma_LOPAC_U251-primary_screen2,NCGC00370685-07,activity,10,-2.3,-88.121,-81.247,CC(C)C[C@H](C(O)=O)C1=CC(=CC(=C1)C2=CC=C(C=C2)C(F)(F)F)C3=CC=C(C=C3)C(F)(F)F,null,null,null,null,null,SML0683,SIGMA,2021_LOPAC_01,-5,null,JNJ-40418677,null,-2.1,null,null,null,88.613,-83.621,2.902,0.071,0.997,null,null,null,null,null,null,4.5,null,null,7.366,-81.247,-32.163,-38.529,null,null,null,null,null,null,null,null,null,RQOWDDLKGBMJFX,null,TRND,UMsUnMKpBwOAStKrJY,null,null,null,null,null,null,null,null,null,1146594-87-7,null,null,null,0,4,0,null,null,173033,0 0 0 0,1,1,2025-06-17 16:13:51,null,null,null,null,null,null,null,364798043,activity,null,HTS,11.465314,7.366,1.578,-15.727,-81.247,null,null,null,null,null,null,null,null,null,null,null,null,null,null,null,null,null,null,null,null,null,278941455
TRND-Glioblastoma_LOPAC_U251-primary_screen2,NCGC00015063-10,activity,null,4,0,-1.645,NC(CP(O)(O)=O)C(O)=O,null,null,null,null,null,A4910,SIGMA,2021_LOPAC_01,null,null,(±)-2-Amino-3-phosphonopropionic acid,null,4,null,null,null,6.918,0,null,null,null,null,null,null,null,null,null,0,null,null,5.272,-1.645,3.699,null,null,null,null,null,null,null,null,null,null,LBTABPSJONFLPO,null,TRND,ePBPZokqXLlWQagzgw,null,null,null,null,null,null,null,null,null,null,null,null,null,0,4,null,null,null,173033,null,1,1,2025-06-17 16:13:51,null,null,null,null,null,null,null,364799415,activity,null,HTS,null,-0.272,5.272,2.338,-1.645,null,null,null,null,null,null,null,null,null,null,null,null,null,null,null,null,null,null,null,null,null,278941456
TRND-Glioblastoma_LOPAC_U251-primary_screen2,NCGC00357427-12,activity,2.238721,-1.2,-68.654,-60.661,NCCOC1=CC(=NC(=C1)C(=O)NC2=NC3=CC=CC=C3C(OCCN)=C2)C(=O)NC4=NC5=CC=CC=C5C(OCCN)=C4,null,null,null,null,null,SML0678,SIGMA,2021_LOPAC_01,-5.65,null,Pyridostatin trifluoroacetate salt,null,-1.2,null,null,null,68.306,-60.654,3.572,0.011,1,null,null,null,null,null,null,8,null,null,7.645,-60.661,-52.693,-52.11,null,null,null,null,null,null,null,null,null,VGHSATQVJCTKEF,null,TRND,zeRdiwxvwshnVgSLQP,null,G-quadraplex binding ligand,null,null,TFA,null,null,null,null,null,H2AX,null,null,0,4,0,null,null,173033,0 0 0 0,1,1,2025-06-17 16:13:51,null,null,null,null,null,null,null,364796415,activity,null,HTS,3.451159,7.645,-0.821,-59.268,-60.661,null,null,null,null,null,null,null,null,null,null,null,null,null,null,null,null,null,null,null,null,null,278941457
TRND-Glioblastoma_LOPAC_U251-primary_screen2,NCGC00016954-21,activity,1.122018,-1.4,-20.498,-2.915,CCCN1CCC[C@@H]2CC3=NNC=C3C[C@@H]12,null,null,null,null,null,Q102,SIGMA,2021_LOPAC_01,-5.95,null,(-)-Quinpirole hydrochloride,null,4,null,null,null,17.757,-2.998,1.288,0.021,1,null,null,null,null,null,null,17.5,null,null,14.842,-2.915,43.091,42.886,null,null,null,null,null,null,null,null,null,FTSUPYGMFAPCFZ,null,TRND,ryWdWkVdVpvfHhJMXl,null,null,null,null,CL,null,null,null,null,85798-08-9,null,null,null,0,4,0,null,null,173033,0 0 0 0,1,1,2025-06-17 16:13:51,null,null,null,null,null,null,null,364797071,activity,null,HTS,null,14.842,6.101,-1.186,-2.915,null,null,null,null,null,null,null,null,null,null,null,null,null,null,null,null,null,null,null,null,null,278941458
TRND-Glioblastoma_LOPAC_U251-primary_screen2,NCGC00162270-06,activity,null,4,-12.346,-3.205,OC[C@H]1O[C@H]([C@H](O)C1O)N2C=NC3=C2N=CN=C3SCC4=CC=C(C=C4)[N+]([O-])=O,null,null,null,null,null,N2255,SIGMA,2021_LOPAC_01,null,null,S-(4-Nitrobenzyl)-6-thioinosine,null,4,null,null,null,14.309,-3.346,2.406,0.384,0.897,null,null,null,null,null,null,9,null,null,11.104,-3.205,26.511,31.781,null,null,null,null,null,null,null,null,null,DYCJFJRCWPVDHY,null,TRND,FZhMuIzWgBfoehKNFJ,null,Kynurenine Aminotransferase II (KAT II) inhibitor,null,null,null,null,null,null,null,null,AADAT,null,null,0,4,0,null,null,173033,0 0 0 0,1,1,2025-06-17 16:13:51,null,null,null,null,null,null,null,364797963,activity,null,HTS,null,6.569,11.104,3.153,-3.205,null,null,null,null,null,null,null,null,null,null,null,null,null,null,null,null,null,null,null,null,null,278941459
TRND-Glioblastoma_LOPAC_U251-primary_screen2,NCGC00015713-27,activity,null,4,-10,4.622,CCOC(=O)C1=C(C)NC(C)=C(C1C2=CC=CC(=C2)[N+]([O-])=O)C(=O)OC,null,null,null,null,null,N144,SIGMA,2021_LOPAC_01,null,null,Nitrendipine,null,4,null,null,null,10.262,2,1.885,0.5,0.808,null,null,null,null,null,null,12,null,null,10.491,0.229,34.634,34.03,null,null,null,null,null,null,null,null,null,PVHUJELLJLJGLN,null,TRND,MyjnyRRQtXiJJRODnv,null,null,null,null,null,null,null,null,null,39562-70-4,null,null,null,0,4,0,null,null,173033,0 0 0 0,1,1,2025-06-17 16:13:51,null,null,null,null,null,null,null,364796131,activity,null,HTS,null,10.491,4.191,0.229,4.622,null,null,null,null,null,null,null,null,null,null,null,null,null,null,null,null,null,null,null,null,null,278941460
TRND-Glioblastoma_LOPAC_U251-primary_screen2,NCGC00016002-07,activity,null,4,0,-6.626,CC(C)NP(=O)(NC(C)C)OP(=O)(NC(C)C)NC(C)C,null,null,null,null,null,T1505,SIGMA,2021_LOPAC_01,null,null,Tetraisopropyl pyrophosphoramide,null,4,null,null,null,8.727,0,null,null,null,null,null,null,null,null,null,0,null,null,2.102,-6.626,-5.317,null,null,null,null,null,null,null,null,null,null,IOIMDJXKIMCMIG,null,TRND,EkrUbPAZNSXaOSVRNc,null,null,null,null,null,null,null,null,null,null,null,null,null,0,4,null,null,null,173033,null,1,1,2025-06-17 16:13:51,null,null,null,null,null,null,null,364799851,activity,null,HTS,null,-0.389,2.102,-3.178,-6.626,null,null,null,null,null,null,null,null,null,null,null,null,null,null,null,null,null,null,null,null,null,278941461
TRND-Glioblastoma_LOPAC_U251-primary_screen2,NCGC00015485-10,activity,null,4,0,3.812,C[N+]1(C)CCOC(O)(C1)C2=CC=C(C=C2)C3=CC=C(C=C3)C4(O)C[N+](C)(C)CCO4,null,null,null,null,null,H108,SIGMA,2021_LOPAC_01,null,null,Hemicholinium-3,null,4,null,null,null,8.646,0,null,null,null,null,null,null,null,null,null,0,null,null,7.848,-0.798,18.357,null,null,null,null,null,null,null,null,null,null,JIWUESGGKYLPPG,null,TRND,qArZPeTYfVKnStNcxq,null,null,null,null,BR,null,null,null,null,null,null,null,null,0,4,null,null,null,173033,null,1,1,2025-06-17 16:13:51,null,null,null,null,null,null,null,364796567,activity,null,HTS,null,4.118,7.848,-0.798,3.812,null,null,null,null,null,null,null,null,null,null,null,null,null,null,null,null,null,null,null,null,null,278941462
TRND-Glioblastoma_LOPAC_U251-primary_screen2,NCGC00165952-09,activity,null,4,-9.93,-2.858,COC1=C(OCC2=C(C=C(C=C2)C(F)(F)F)C(F)(F)F)C=CC(\C=C(/C#N)C(=O)NC3=NN=C(S3)C(F)(F)F)=C1,null,null,null,null,null,x4753,SIGMA,2021_LOPAC_01,null,null,xCT790,null,4,null,null,null,11.03,-2.93,3.99,0.277,0.95,null,null,null,null,null,null,7,null,null,8.171,-2.858,28.796,26.562,null,null,null,null,null,null,null,null,null,HQFNFOOGGLSBBT,null,TRND,NMEiIKLqJmfnTKtegh,null,Estrogen-Related Receptor alpha Inverse agonist,null,null,null,null,null,null,null,null,ESRRA,null,null,0,4,0,null,null,173033,0 0 0 0,1,1,2025-06-17 16:13:51,null,null,null,null,null,null,null,364799843,activity,null,HTS,null,8.171,5.547,5.356,-2.858,null,null,null,null,null,null,null,null,null,null,null,null,null,null,null,null,null,null,null,null,null,278941973
TRND-Glioblastoma_LOPAC_U251-primary_screen2,NCGC00015508-26,activity,null,4,0,4.554,N[S+]([O-])(=O)C1=C(Cl)C=C2NCN[S+]([O-])(=O)C2=C1,null,null,null,null,null,H4759,SIGMA,2021_LOPAC_01,null,null,Hydrochlorothiazide,null,4,null,null,null,5.219,0,null,null,null,null,null,null,null,null,null,0,null,null,7.871,2.653,30.447,null,null,null,null,null,null,null,null,null,null,MEPMRFDKQYMUPK,null,TRND,jrdjWcOEPyxRjXAczl,null,Solute carrier family 12 member 3 inhibitor,null,null,null,null,null,null,null,58-93-5,SLC12A3,null,null,0,4,null,null,null,173033,null,1,1,2025-06-17 16:13:51,null,null,null,null,null,null,null,364799059,activity,null,HTS,null,7.871,2.653,6.228,4.554,null,null,null,null,null,null,null,null,null,null,null,null,null,null,null,null,null,null,null,null,null,278941974
TRND-Glioblastoma_LOPAC_U251-primary_screen2,NCGC00016083-43,activity,null,4,0,1.379,COC1=C(OC)C=C(CCN(C)CCCC(C#N)(C(C)C)C2=CC(OC)=C(OC)C=C2)C=C1,null,null,null,null,null,V4629,SIGMA,2021_LOPAC_01,null,null,(±)-Verapamil hydrochloride,null,4,null,null,null,7.213,0,null,null,null,null,null,null,null,null,null,0,null,null,8.592,1.379,24.766,null,null,null,null,null,null,null,null,null,null,SGTNSNPWRIOYBX,null,TRND,xhpTmnXUkxWqxQqJeO,null,Calcium Channel inhibitor,null,null,CL,null,null,null,null,152-11-4,CACNA1C,null,null,0,4,null,null,null,173033,null,1,1,2025-06-17 16:13:51,null,null,null,null,null,null,null,364797991,activity,null,HTS,null,5.046,8.592,5.765,1.379,null,null,null,null,null,null,null,null,null,null,null,null,null,null,null,null,null,null,null,null,null,278941975
TRND-Glioblastoma_LOPAC_U251-primary_screen2,NCGC00186010-11,activity,null,4,-14.866,-10.305,[H][C@]12C\C=C(CO)/[C@@]1([H])[C@H](O)O\C=C2\C(=O)OC,null,null,null,null,null,G4796,SIGMA,2021_LOPAC_01,null,null,Genipin,null,4,null,null,null,19.028,-10.366,3.677,0.508,0.798,null,null,null,null,null,null,4.5,null,null,8.723,-10.305,2.022,11.503,null,null,null,null,null,null,null,null,null,AZKVWQKMDGGDSV,null,TRND,ktOKvCWuOdGYCHgPSa,null,null,null,null,null,null,null,null,null,6902-77-8,null,null,null,0,4,0,null,null,173033,0 0 0 0,1,1,2025-06-17 16:13:51,null,null,null,null,null,null,null,364797807,activity,null,HTS,null,0.081,8.723,1.6,-10.305,null,null,null,null,null,null,null,null,null,null,null,null,null,null,null,null,null,null,null,null,null,278941976
TRND-Glioblastoma_LOPAC_U251-primary_screen2,NCGC00690021-01,activity,null,4,0,1.426,NC\C=C(\F)COC1=CC=C(C=C1)C(=O)NC2CCCCC2,null,null,null,null,null,SML2253,SIGMA,2021_LOPAC_01,null,null,PxS-4681A hydrochloride,null,4,null,null,null,4.1,0,null,null,null,null,null,null,null,null,null,0,null,null,4.692,0.592,16.312,null,null,null,null,null,null,null,null,null,null,XVWFLTZRHVOLDH,null,TRND,OmCjhQvknyohcCsqzb,null,null,null,null,CL,null,null,null,null,null,null,null,null,0,4,null,null,null,173033,null,1,1,2025-06-17 16:13:51,null,null,null,null,null,null,null,364798427,activity,null,HTS,null,4.692,0.592,3.045,1.426,null,null,null,null,null,null,null,null,null,null,null,null,null,null,null,null,null,null,null,null,null,278941977
TRND-Glioblastoma_LOPAC_U251-primary_screen2,NCGC00015252-30,activity,null,4,-19.292,-11.91,CN1CCC(CC1)=C2C3=C(C=CC=C3)C=CC4=C2C=CC=C4,null,null,null,null,null,C6022,SIGMA,2021_LOPAC_01,null,null,Cyproheptadine hydrochloride,null,4,null,null,null,25.037,-11.792,4.955,0.482,0.823,null,null,null,null,null,null,7.5,null,null,13.127,-11.91,13.09,23.527,null,null,null,null,null,null,null,null,null,JJCFRYNCJDLXIK,null,TRND,zAmHrhPkjrWNjBwHPs,null,5-HT2B Receptor antagonist,null,null,CL,null,null,null,null,969-33-5,HTR2B,null,null,0,4,0,null,null,173033,0 0 0 0,1,1,2025-06-17 16:13:51,null,null,null,null,null,null,null,364795891,activity,null,HTS,null,2.334,13.127,5.294,-11.91,null,null,null,null,null,null,null,null,null,null,null,null,null,null,null,null,null,null,null,null,null,278941978
TRND-Glioblastoma_LOPAC_U251-primary_screen2,NCGC00388431-06,activity,null,4,-34.178,-28.481,CC(C)=CCC1=CC2=C(OC(=O)C3=C2OC4=C3C=CC(O)=C4)C=C1O,null,null,null,null,null,SML0932,SIGMA,2021_LOPAC_01,null,null,Psoralidin,null,4,null,null,null,39.122,-28.678,4.095,0.305,0.938,null,null,null,null,null,null,5.5,null,null,10.641,-28.481,-5.374,5.541,null,null,null,null,null,null,null,null,null,YABIJLLNNFURIJ,null,TRND,tuHjbVIvrbBNFUaDcf,null,null,null,null,null,null,null,null,null,18642-23-4,null,null,null,0,4,0,null,null,173033,0 0 0 0,1,1,2025-06-17 16:13:51,null,null,null,null,null,null,null,364798243,activity,null,HTS,null,0.256,10.641,2.077,-28.481,null,null,null,null,null,null,null,null,null,null,null,null,null,null,null,null,null,null,null,null,null,278941979
TRND-Glioblastoma_LOPAC_U251-primary_screen2,NCGC00014993-16,activity,null,4,-8.617,0.678,OC(=O)CCCCCCCC(O)=O,null,null,null,null,null,246379,SIGMA,2021_LOPAC_01,null,null,Azelaic acid,null,4,null,null,null,12.586,-0.117,4.955,0.529,0.777,null,null,null,null,null,null,8.5,null,null,11.655,-0.931,23.008,29.45,null,null,null,null,null,null,null,null,null,BDJRBEYXGGNYIS,null,TRND,XPXPFlmLSLhIgkslPJ,null,null,null,null,null,null,null,null,null,123-99-9,null,null,null,0,4,0,null,null,173033,0 0 0 0,1,1,2025-06-17 16:13:51,null,null,null,null,null,null,null,364798839,activity,null,HTS,null,5.462,11.655,-0.931,0.678,null,null,null,null,null,null,null,null,null,null,null,null,null,null,null,null,null,null,null,null,null,278941980
TRND-Glioblastoma_LOPAC_U251-primary_screen2,NCGC00014361-10,activity,null,4,0,2.37,OC(=O)CP(O)(O)=O,null,null,null,null,null,P6909,SIGMA,2021_LOPAC_01,null,null,Phosphonoacetic acid,null,4,null,null,null,8.026,0,null,null,null,null,null,null,null,null,null,0,null,null,6.066,-1.96,18.238,null,null,null,null,null,null,null,null,null,null,XUYJLQHKOGNDPB,null,TRND,txatdkVBmZpUUsXMDb,null,null,null,null,null,null,null,null,null,4408-78-0,null,null,null,0,4,null,null,null,173033,null,1,1,2025-06-17 16:13:51,null,null,null,null,null,null,null,364797727,activity,null,HTS,null,6.066,-1.96,2.183,2.37,null,null,null,null,null,null,null,null,null,null,null,null,null,null,null,null,null,null,null,null,null,278941981
TRND-Glioblastoma_LOPAC_U251-primary_screen2,NCGC00015177-17,activity,null,4,-9.008,-5.424,CCCN1C2=C(NC(=N2)C3CCCC3)C(=O)N(CCC)C1=O,null,null,null,null,null,C101,SIGMA,2021_LOPAC_01,null,null,"8-Cyclopentyl-1,3-dipropylxanthine",null,4,null,null,null,10.436,-5.508,4.504,0.312,0.936,null,null,null,null,null,null,3.5,null,null,5.013,-5.424,3.997,6.759,null,null,null,null,null,null,null,null,null,FFBDFADSZUINTG,null,TRND,hVYPHumAfpFNeIxKkV,null,null,null,null,null,null,null,null,null,102146-07-6,null,null,null,0,4,0,null,null,173033,0 0 0 0,1,1,2025-06-17 16:13:51,null,null,null,null,null,null,null,364799483,activity,null,HTS,null,2.049,5.013,-3.346,-5.424,null,null,null,null,null,null,null,null,null,null,null,null,null,null,null,null,null,null,null,null,null,278941982
TRND-Glioblastoma_LOPAC_U251-primary_screen2,NCGC00179542-13,activity,null,4,0,2.992,CCN[C@H]1CN(CCCOC)[S+]([O-])(=O)C2=C1C=C(S2)[S+](N)([O-])=O,null,null,null,null,null,SML0216,SIGMA,2021_LOPAC_01,null,null,BRinzolamide,null,4,null,null,null,6.4,0,null,null,null,null,null,null,null,null,null,0,null,null,6.796,0.396,21.672,null,null,null,null,null,null,null,null,null,null,NLJDKPNKFMIOON,null,TRND,qKpnEwawktNmGaZORP,null,null,null,null,null,null,null,null,null,138890-62-7,null,null,null,0,4,null,null,null,173033,null,1,1,2025-06-17 16:13:51,null,null,null,null,null,null,null,364796631,activity,null,HTS,null,6.796,1.379,0.396,2.992,null,null,null,null,null,null,null,null,null,null,null,null,null,null,null,null,null,null,null,null,null,278941983
TRND-Glioblastoma_LOPAC_U251-primary_screen2,NCGC00168775-08,activity,null,4,-22.578,-10.898,NC(=O)C([C@@H]1CCN(CCC2=CC3=C(OCC3)C=C2)C1)(C4=CC=CC=C4)C5=CC=CC=C5,null,null,null,null,null,SML1102,SIGMA,2021_LOPAC_01,null,null,Darifenacin hydrobromide,null,4,null,null,null,18.289,-15.078,1.171,0.04,0.999,null,null,null,null,null,null,7.5,null,null,7.39,-10.898,17.001,16.344,null,null,null,null,null,null,null,null,null,HXGBXQDTNZMWGS,null,TRND,LgxSoSgGgIUeRFeKYS,null,null,null,null,BR,null,null,null,null,null,null,null,null,0,4,0,null,null,173033,0 0 0 0,1,1,2025-06-17 16:13:51,null,null,null,null,null,null,null,364795755,activity,null,HTS,null,7.39,4.999,-1.82,-10.898,null,null,null,null,null,null,null,null,null,null,null,null,null,null,null,null,null,null,null,null,null,278941984
TRND-Glioblastoma_LOPAC_U251-primary_screen2,NCGC00015482-20,activity,null,4,0,3.511,CC[N+](CC)(CC)CCOC1=CC=CC(OCC[N+](CC)(CC)CC)=C1OCC[N+](CC)(CC)CC,null,null,null,null,null,G8134,SIGMA,2021_LOPAC_01,null,null,Gallamine triethiodide,null,4,null,null,null,5.677,0,null,null,null,null,null,null,null,null,null,0,null,null,4.114,-1.563,13.49,null,null,null,null,null,null,null,null,null,null,OZLPUNFFCJDMJD,null,TRND,LCOAfHTfqrLiPYHRAf,null,Muscarinic acetylcholine receptor M2 antagonist,null,null,I,null,null,null,null,null,CHRM2,null,null,0,4,null,null,null,173033,null,1,1,2025-06-17 16:13:51,null,null,null,null,null,null,null,364799787,activity,null,HTS,null,3.554,4.114,-1.563,3.511,null,null,null,null,null,null,null,null,null,null,null,null,null,null,null,null,null,null,null,null,null,278941985
TRND-Glioblastoma_LOPAC_U251-primary_screen2,NCGC00507715-02,activity,null,4,0,1.765,CC1NC2=CC(Cl)=C(C=C2C(=O)N1C3=C(C)C=CC=C3)[S+]([O-])ON,null,null,null,null,null,M116,SIGMA,2021_LOPAC_01,null,null,Metolazone,null,4,null,null,null,3.348,0,null,null,null,null,null,null,null,null,null,0,null,null,4.531,1.183,9.297,null,null,null,null,null,null,null,null,null,null,RECBNDOXLFOHMR,null,TRND,sGXDcqcIZChxJhkgrm,null,null,null,null,null,null,null,null,null,null,null,null,null,0,4,null,null,null,173033,null,1,1,2025-06-17 16:13:51,null,null,null,null,null,null,null,364797915,activity,null,HTS,null,1.183,2.746,4.531,1.765,null,null,null,null,null,null,null,null,null,null,null,null,null,null,null,null,null,null,null,null,null,278941986
TRND-Glioblastoma_LOPAC_U251-primary_screen2,NCGC00016311-40,activity,null,4,13.61,3.257,CC1=CC=C(C=C1)N(CC2=NCCN2)C3=CC=CC(O)=C3,null,null,null,null,null,P7561,SIGMA,2021_LOPAC_01,null,null,Phentolamine mesylate,null,4,null,null,null,13.753,5,4.095,0.271,0.952,null,null,null,null,null,null,-8.61,null,null,6.578,-7.175,-10.201,-10.289,null,null,null,null,null,null,null,null,null,MRBDMNSDAVCSSF,null,TRND,GsWZlpJdtCaocdyOQW,null,Alpha-1A Adrenergic Receptor antagonist,null,null,null,null,null,null,null,73-05-2,ADRA1A,null,null,0,4,0,null,null,173033,0 0 0 0,1,1,2025-06-17 16:13:51,null,null,null,null,null,null,null,364796943,activity,null,HTS,null,-7.175,4.864,6.578,3.257,null,null,null,null,null,null,null,null,null,null,null,null,null,null,null,null,null,null,null,null,null,278941987
TRND-Glioblastoma_LOPAC_U251-primary_screen2,NCGC00162176-10,activity,null,4,-11.469,5.133,[O-]C(=O)C1=CC2=CC(CC3=CC=CN=C3)=CC=C2O1,null,null,null,null,null,F3764,SIGMA,2021_LOPAC_01,null,null,Furegrelate sodium,null,4,null,null,null,10.812,-2.969,2.588,1,1,null,null,null,null,null,null,8.5,null,null,8.338,-2.474,24.003,23.983,null,null,null,null,null,null,null,null,null,VHWFITPGPFLBGT,null,TRND,nKiozUSzMxOSPkBMak,null,null,null,null,SODIUM,null,null,null,null,85666-17-7,null,null,null,0,4,1,null,null,173033,0 0 0 1,1,1,2025-06-17 16:13:51,null,null,null,null,null,null,null,364797791,activity,null,HTS,null,8.338,5.571,-2.474,5.133,null,null,null,null,null,null,null,null,null,null,null,null,null,null,null,null,null,null,null,null,null,278941988
TRND-Glioblastoma_LOPAC_U251-primary_screen2,NCGC00386221-07,activity,null,4,-10.574,-7.145,CC1=CC=C(C=C1)N2SC(=O)N(CC3=CC=C(F)C=C3)C2=O,null,null,null,null,null,SML0908,SIGMA,2021_LOPAC_01,null,null,CCG-50014    ,null,4,null,null,null,10.725,-7.574,2.638,0.096,0.994,null,null,null,null,null,null,3,null,null,3.58,-7.145,8.625,7.313,null,null,null,null,null,null,null,null,null,QUIIIYITNGOFEI,null,TRND,gKYgAsJoWTsmnqdRPk,null,null,null,null,null,null,null,null,null,883050-24-6,null,null,null,0,4,0,null,null,173033,0 0 0 0,1,1,2025-06-17 16:13:51,null,null,null,null,null,null,null,364796259,activity,null,HTS,null,3.58,2.771,0.73,-7.145,null,null,null,null,null,null,null,null,null,null,null,null,null,null,null,null,null,null,null,null,null,278941989
TRND-Glioblastoma_LOPAC_U251-primary_screen2,NCGC00015661-17,activity,null,4,13.587,10.442,CCOC(=O)[N-]C1=C[N+](=NO1)N2CCOCC2,null,null,null,null,null,M2901,SIGMA,2021_LOPAC_01,null,null,Molsidomine,null,4,null,null,null,15.348,9.5,4.955,0.623,0.646,null,null,null,null,null,null,-4.087,null,null,13.609,-1.739,12.846,14.326,null,null,null,null,null,null,null,null,null,XLFWDASMENKTKL,null,TRND,CgPzevpCKatnXTYTmw,null,null,null,null,null,null,null,null,null,25717-80-0,null,null,null,0,4,0,null,null,173033,0 0 0 0,1,1,2025-06-17 16:13:51,null,null,null,null,null,null,null,364795715,activity,null,HTS,null,-1.739,13.609,3.822,10.442,null,null,null,null,null,null,null,null,null,null,null,null,null,null,null,null,null,null,null,null,null,278941990
TRND-Glioblastoma_LOPAC_U251-primary_screen2,NCGC00015260-30,activity,null,4,0,6.045,N[C@@H](C(=O)N[C@H]1[C@H]2SCC(Cl)=C(N2C1=O)C(O)=O)C3=CC=CC=C3,null,null,null,null,null,C6895,SIGMA,2021_LOPAC_01,null,null,Cefaclor,null,4,null,null,null,6.099,0,null,null,null,null,null,null,null,null,null,0,null,null,7.506,1.408,13.672,null,null,null,null,null,null,null,null,null,null,QYIYFLOTGYLRGG,null,TRND,WTCloNsjTCiaPMFpZO,null,null,null,null,null,null,null,null,null,53994-73-3,null,null,null,0,4,null,null,null,173033,null,1,1,2025-06-17 16:13:51,null,null,null,null,null,null,null,364796547,activity,null,HTS,null,1.408,7.506,1.919,6.045,null,null,null,null,null,null,null,null,null,null,null,null,null,null,null,null,null,null,null,null,null,278941991
TRND-Glioblastoma_LOPAC_U251-primary_screen2,NCGC00024714-19,activity,null,4,0,4.528,CC1=CC=C(C=C1)C(=C/CN2CCCC2)\C3=CC=CC=N3,null,null,null,null,null,T6764,SIGMA,2021_LOPAC_01,null,null,Triprolidine hydrochloride,null,4,null,null,null,3.631,0,null,null,null,null,null,null,null,null,null,0,null,null,4.528,0.897,16.801,null,null,null,null,null,null,null,null,null,null,CBEQULMOCCWAQT,null,TRND,XFsLKkbrLYPeSLmlyO,null,null,null,null,CL,null,null,null,null,550-70-9,null,null,null,0,4,null,null,null,173033,null,1,1,2025-06-17 16:13:51,null,null,null,null,null,null,null,364796111,activity,null,HTS,null,4.232,2.934,0.897,4.528,null,null,null,null,null,null,null,null,null,null,null,null,null,null,null,null,null,null,null,null,null,278941992
TRND-Glioblastoma_LOPAC_U251-primary_screen2,NCGC00015148-14,activity,null,4,-14.806,-9.838,CCCC[S+]([O-])(=N)CCC(N)C(O)=O,null,null,null,null,null,B2640,SIGMA,2021_LOPAC_01,null,null,"DL-Buthionine-[S,R]-sulfoximine",null,4,null,null,null,18.468,-12.806,4.955,0.669,0.557,null,null,null,null,null,null,2,null,null,8.63,-9.838,2.656,3.144,null,null,null,null,null,null,null,null,null,WDFRNLYXRQXXFS,null,TRND,qgvRjyyhcJnDBNojxN,null,Glutamate-Cysteine Ligase catalytic subunit inhibitor,null,null,null,null,null,null,null,5072-26-4,GCLC,null,null,0,4,0,null,null,173033,0 0 0 0,1,1,2025-06-17 16:13:51,null,null,null,null,null,null,null,364800439,activity,null,HTS,null,1.737,-4.331,8.63,-9.838,null,null,null,null,null,null,null,null,null,null,null,null,null,null,null,null,null,null,null,null,null,278941993
TRND-Glioblastoma_LOPAC_U251-primary_screen2,NCGC00371406-04,activity,null,4,11.505,10.946,NCC[S+](O)[O-],null,null,null,null,null,H1384,SIGMA,2021_LOPAC_01,null,null,Hypotaurine,null,4,null,null,null,13.034,13,4.955,0.609,0.671,null,null,null,null,null,null,1.495,null,null,10.946,-2.088,4.515,11.884,null,null,null,null,null,null,null,null,null,VVIUBCNYACGLLV,null,TRND,PzcjrmAuhLUnfvCyIx,null,null,null,null,null,null,null,null,null,300-84-5,null,null,null,0,4,0,null,null,173033,0 0 0 0,1,1,2025-06-17 16:13:51,null,null,null,null,null,null,null,364796487,activity,null,HTS,null,-2.088,5.936,0.582,10.946,null,null,null,null,null,null,null,null,null,null,null,null,null,null,null,null,null,null,null,null,null,278941994
TRND-Glioblastoma_LOPAC_U251-primary_screen2,NCGC00016850-26,activity,null,4,-15.271,0.794,CC(C)(OC1=CC=C(CCNC(=O)C2=CC=C(Cl)C=C2)C=C1)C(O)=O,null,null,null,null,null,B7273,SIGMA,2021_LOPAC_01,null,null,Bezafibrate,null,4,null,null,null,18.033,-2.771,2.406,0.449,0.851,null,null,null,null,null,null,12.5,null,null,11.974,-6.059,32.656,33.544,null,null,null,null,null,null,null,null,null,IIBYAHWJQTYFKB,null,TRND,vjdLsXKoBupxdrqgIM,null,null,null,null,null,null,null,null,null,41859-67-0,null,null,null,0,4,0,null,null,173033,0 0 0 0,1,1,2025-06-17 16:13:51,null,null,null,null,null,null,null,364796591,activity,null,HTS,null,11.974,4.647,-6.059,0.794,null,null,null,null,null,null,null,null,null,null,null,null,null,null,null,null,null,null,null,null,null,278941995
TRND-Glioblastoma_LOPAC_U251-primary_screen2,NCGC00167767-15,activity,3.548134,-1.3,-98.563,-95.872,O=C(N1CCC(CC1)N2CCCC2)C3=CC=C(NC4=NC=CC(=N4)C5=CC6=C(S5)C=CC=C6)C=C3,null,null,null,null,null,SML1138,SIGMA,2021_LOPAC_01,-5.45,null,IKK-16 dihydrochloride,null,-1.1,null,null,null,101.928,-96.063,4.955,0.078,0.996,null,null,null,null,null,null,2.5,null,null,6.057,-95.872,-115.038,-106.626,null,null,null,null,null,null,null,null,null,BWZJBXAPRCVCKQ,null,TRND,zOImHBCfCiTPbrjLtW,null,inhibitor of nuclear factor kappa B kinase subunit beta inhibitor,null,null,CL,null,null,null,null,null,IKBKB,null,null,0,4,0,null,null,173033,0 0 0 0,1,1,2025-06-17 16:13:51,null,null,null,null,null,null,null,364796867,activity,null,HTS,3.607346,-1.529,6.057,-92.42,-95.872,null,null,null,null,null,null,null,null,null,null,null,null,null,null,null,null,null,null,null,null,null,278941996
TRND-Glioblastoma_LOPAC_U251-primary_screen2,NCGC00015024-09,activity,null,4,0,1.604,NC1(CCC2=C1C=CC(=C2)C(O)=O)C(O)=O,null,null,null,null,null,A254,SIGMA,2021_LOPAC_01,null,null,AIDA,null,4,null,null,null,6.709,0,null,null,null,null,null,null,null,null,null,0,null,null,7.548,0.838,11.426,null,null,null,null,null,null,null,null,null,null,LSTPKMWNRWCNLS,null,TRND,GECyBSuUOdMjjzqZhI,null,null,null,null,null,null,null,null,null,null,null,null,null,0,4,null,null,null,173033,null,1,1,2025-06-17 16:13:51,null,null,null,null,null,null,null,364797539,activity,null,HTS,null,0.838,7.548,4.264,1.604,null,null,null,null,null,null,null,null,null,null,null,null,null,null,null,null,null,null,null,null,null,278941997
TRND-Glioblastoma_LOPAC_U251-primary_screen2,NCGC00690010-01,activity,null,4,-24.439,-16.616,COC1=CC(O)=CC(CCC2=CC=C(OC)C(O)=C2)=C1,null,null,null,null,null,SML2036,SIGMA,2021_LOPAC_01,null,null,Gigantol,null,4,null,null,null,27.697,-16.939,3.065,0.324,0.929,null,null,null,null,null,null,7.5,null,null,11.081,-16.616,9.305,17.585,null,null,null,null,null,null,null,null,null,SDXKZPQOVUDXIY,null,TRND,uMBEbitJUZFujGBDQp,null,null,null,null,null,null,null,null,null,null,null,null,null,0,4,0,null,null,173033,0 0 0 0,1,1,2025-06-17 16:13:51,null,null,null,null,null,null,null,364798903,activity,null,HTS,null,3.529,11.081,0.721,-16.616,null,null,null,null,null,null,null,null,null,null,null,null,null,null,null,null,null,null,null,null,null,278941998
TRND-Glioblastoma_LOPAC_U251-primary_screen2,NCGC00090504-27,activity,null,4,-26.411,-24.509,OC1=CC=C(\C=C\C(=O)C2=C(O)C=C(O)C=C2)C=C1,null,null,null,null,null,I3766,SIGMA,2021_LOPAC_01,null,null,Isoliquiritigenin,null,4,null,null,null,25.393,-26.411,4.955,0.089,0.995,null,null,null,null,null,null,0,null,null,0.884,-24.509,-13.961,-12.948,null,null,null,null,null,null,null,null,null,DXDRHHKMWQZJHT,null,TRND,fiVNxQwRwsIVTMahfc,null,NMDA Receptor antagonist,null,null,null,null,null,null,null,961-29-5,GRIN1,null,null,0,4,0,null,null,173033,0 0 0 0,1,1,2025-06-17 16:13:51,null,null,null,null,null,null,null,364798359,activity,null,HTS,null,-0.35,-1.033,0.884,-24.509,null,null,null,null,null,null,null,null,null,null,null,null,null,null,null,null,null,null,null,null,null,278941999
TRND-Glioblastoma_LOPAC_U251-primary_screen2,NCGC00015846-29,activity,null,4,0,-7.311,CCCCC1C(=O)N(N(C1=O)C2=CC=CC=C2)C3=CC=CC=C3,null,null,null,null,null,P8386,SIGMA,2021_LOPAC_01,null,null,Phenylbutazone,null,4,null,null,null,8.668,0,null,null,null,null,null,null,null,null,null,0,null,null,1.357,-7.311,-4.296,null,null,null,null,null,null,null,null,null,null,VYMDGNCVAMGZFE,null,TRND,uiXLghgZfkQCIFtSNv,null,null,null,null,null,null,null,null,null,50-33-9,null,null,null,0,4,null,null,null,173033,null,1,1,2025-06-17 16:13:51,null,null,null,null,null,null,null,364797599,activity,null,HTS,null,1.357,-0.716,-5.319,-7.311,null,null,null,null,null,null,null,null,null,null,null,null,null,null,null,null,null,null,null,null,null,278942000
TRND-Glioblastoma_LOPAC_U251-primary_screen2,NCGC00024846-19,activity,null,4,-23.832,-15.277,NC(=N)N\N=C\C1=C(Cl)C=CC=C1Cl,null,null,null,null,null,G110,SIGMA,2021_LOPAC_01,null,null,Guanabenz acetate,null,4,null,null,null,19.789,-17.332,0.8,0.27,0.953,null,null,null,null,null,null,6.5,null,null,4.512,-15.277,-1.606,-3.219,null,null,null,null,null,null,null,null,null,WDZVGELJXXEGPV,null,TRND,cAtAWvlbKvQPInqupg,null,null,null,null,null,null,null,null,null,23256-50-0,null,null,null,0,4,0,null,null,173033,0 0 0 0,1,1,2025-06-17 16:13:51,null,null,null,null,null,null,null,364798531,activity,null,HTS,null,4.512,-2.56,-6.159,-15.277,null,null,null,null,null,null,null,null,null,null,null,null,null,null,null,null,null,null,null,null,null,278942001
TRND-Glioblastoma_LOPAC_U251-primary_screen2,NCGC00015629-10,activity,null,4,-9.977,-8.731,CC(N)CC1=CNC2=C1C=C(O)C=C2,null,null,null,null,null,M110,SIGMA,2021_LOPAC_01,null,null,alpha-Methyl-5-hydroxytryptamine maleate,null,4,null,null,null,10.76,-9.977,4.955,0.48,0.826,null,null,null,null,null,null,0,null,null,2.029,-8.731,-10.531,-4.619,null,null,null,null,null,null,null,null,null,LYPCGXKCQDYTFV,null,TRND,LkBytJLIqOBPDdhjET,null,null,null,null,MALEATE,null,null,null,null,null,null,null,null,0,4,0,null,null,173033,0 0 0 0,1,1,2025-06-17 16:13:51,null,null,null,null,null,null,null,364797275,activity,null,HTS,null,-2.745,0.37,2.029,-8.731,null,null,null,null,null,null,null,null,null,null,null,null,null,null,null,null,null,null,null,null,null,278942002
TRND-Glioblastoma_LOPAC_U251-primary_screen2,NCGC00014670-30,activity,null,4,-16.383,-10.319,ClC1=CC2=C(C=C1)N(C3CCN(CCCN4C(=O)NC5=C4C=CC=C5)CC3)C(=O)N2,null,null,null,null,null,D122,SIGMA,2021_LOPAC_01,null,null,Domperidone,null,4,null,null,null,19.956,-10.383,2.253,0.439,0.859,null,null,null,null,null,null,6,null,null,9.637,-10.319,5.933,13.324,null,null,null,null,null,null,null,null,null,FGXWKSZFVQUSTL,null,TRND,rcAeQDHVcYZbMSVgfm,null,Dopamine Receptor D2 antagonist,null,null,null,null,null,null,null,57808-66-9,DRD2,null,null,0,4,0,null,null,173033,0 0 0 0,1,1,2025-06-17 16:13:51,null,null,null,null,null,null,null,364796871,activity,null,HTS,null,2.373,9.637,-2.806,-10.319,null,null,null,null,null,null,null,null,null,null,null,null,null,null,null,null,null,null,null,null,null,278942003
TRND-Glioblastoma_LOPAC_U251-primary_screen2,NCGC00016009-25,activity,null,4,9.143,9.443,CC1=CC=C(C=C1)[S+]([O-])(=O)NC(=O)NN2CCCCCC2,null,null,null,null,null,T2408,SIGMA,2021_LOPAC_01,null,null,Tolazamide,null,4,null,null,null,10.812,10.5,4.955,0.684,0.524,null,null,null,null,null,null,1.357,null,null,9.443,-1.369,22.688,10.608,null,null,null,null,null,null,null,null,null,GPYYDSQFDXSIGJ,null,TRND,YLhNsBYdhBeaRgNzZa,null,null,null,null,null,null,null,null,null,1156-19-0,null,null,null,0,4,0,null,null,173033,0 0 0 0,1,1,2025-06-17 16:13:51,null,null,null,null,null,null,null,364800507,activity,null,HTS,null,6.897,-0.655,-1.369,9.443,null,null,null,null,null,null,null,null,null,null,null,null,null,null,null,null,null,null,null,null,null,278942004
TRND-Glioblastoma_LOPAC_U251-primary_screen2,NCGC00095899-18,activity,null,4,0,1.743,CN(C)CCC1=CNC2=CC=C(CN3C=NC=N3)C=C12,null,null,null,null,null,SML0247,SIGMA,2021_LOPAC_01,null,null,Rizatriptan benzoate salt,null,4,null,null,null,7.615,0,null,null,null,null,null,null,null,null,null,0,null,null,6.819,-0.796,21.024,null,null,null,null,null,null,null,null,null,null,ULFRLSNUDGIQQP,null,TRND,HWScWawNAgcVvDGHjU,null,null,null,null,BENZOIC_ACID,null,null,null,null,144034-80-0,null,null,null,0,4,null,null,null,173033,null,1,1,2025-06-17 16:13:51,null,null,null,null,null,null,null,364796939,activity,null,HTS,null,6.819,-0.796,2.486,1.743,null,null,null,null,null,null,null,null,null,null,null,null,null,null,null,null,null,null,null,null,null,278942005
TRND-Glioblastoma_LOPAC_U251-primary_screen2,NCGC00015514-17,activity,null,4,0,-1.906,CC1=NC=CC2=C1NC3=C2C=CC=C3,null,null,null,null,null,H7258,SIGMA,2021_LOPAC_01,null,null,Harmane,null,4,null,null,null,9.408,0,null,null,null,null,null,null,null,null,null,0,null,null,6.316,-3.091,14.47,null,null,null,null,null,null,null,null,null,null,PSFDQSOCUJVVGF,null,TRND,oyPqfstruuxGfIrODh,null,null,null,null,null,null,null,null,null,486-84-0,null,null,null,0,4,null,null,null,173033,null,1,1,2025-06-17 16:13:51,null,null,null,null,null,null,null,364798435,activity,null,HTS,null,6.316,0.15,-3.091,-1.906,null,null,null,null,null,null,null,null,null,null,null,null,null,null,null,null,null,null,null,null,null,278942006
TRND-Glioblastoma_LOPAC_U251-primary_screen2,NCGC00015940-10,activity,14.125375,-3,-66.538,-57.928,CN1CCC2=C(C=C(O)C(O)=C2Cl)C(C1)C3=CC(C)=CC=C3,null,null,null,null,null,S2816,SIGMA,2021_LOPAC_01,-4.85,null,SKF 83959 hydrobromide,null,-3,null,null,null,65.558,-60.038,4.095,0.034,0.999,null,null,null,null,null,null,6.5,null,null,7.63,-57.928,-7.127,-5.483,null,null,null,null,null,null,null,null,null,JXMYTVOBSFOHAF,null,TRND,MJvyjEmfYTeHdNTFNr,null,null,null,null,BR,null,null,null,null,67287-95-0,null,null,null,0,4,0,null,null,173033,0 0 0 0,1,1,2025-06-17 16:13:51,null,null,null,null,null,null,null,364797031,activity,null,HTS,20.907029,5.597,7.63,3.517,-57.928,null,null,null,null,null,null,null,null,null,null,null,null,null,null,null,null,null,null,null,null,null,278941463
TRND-Glioblastoma_LOPAC_U251-primary_screen2,NCGC00015312-09,activity,null,4,16.508,6.93,CN1C=NC2=C1C(=O)N(CC#C)C(=O)N2C,null,null,null,null,null,D134,SIGMA,2021_LOPAC_01,null,null,"3,7-Dimethyl-1-propargylxanthine",null,4,null,null,null,17.77,2.5,4.955,0.595,0.69,null,null,null,null,null,null,-14.008,null,null,6.93,-10.84,-26.193,-25.083,null,null,null,null,null,null,null,null,null,IORPOFJLSIHJOG,null,TRND,JhlmkFPwiAxtzVtwEh,null,null,null,null,null,null,null,null,null,14114-46-6,null,null,null,0,4,0,null,null,173033,0 0 0 0,1,1,2025-06-17 16:13:51,null,null,null,null,null,null,null,364796887,activity,null,HTS,null,-10.84,4.008,-3.654,6.93,null,null,null,null,null,null,null,null,null,null,null,null,null,null,null,null,null,null,null,null,null,278941464
TRND-Glioblastoma_LOPAC_U251-primary_screen2,NCGC00015537-07,activity,null,4,0,9.105,OC1=CC=CC2=C(O)N=CC=C12,null,null,null,null,null,I138,SIGMA,2021_LOPAC_01,null,null,"1,5-Isoquinolinediol",null,4,null,null,null,7.904,0,null,null,null,null,null,null,null,null,null,0,null,null,9.105,1.201,17.675,null,null,null,null,null,null,null,null,null,null,LFUJIPVWTMGYDG,null,TRND,nlMiUPJzjJXEVQnXbA,null,null,null,null,null,null,null,null,null,null,null,null,null,0,4,null,null,null,173033,null,1,1,2025-06-17 16:13:51,null,null,null,null,null,null,null,364796347,activity,null,HTS,null,1.201,7.229,6.439,9.105,null,null,null,null,null,null,null,null,null,null,null,null,null,null,null,null,null,null,null,null,null,278941465
TRND-Glioblastoma_LOPAC_U251-primary_screen2,NCGC00167487-24,activity,null,4,10.828,1.862,C[C@](O)(C[S+]([O-])(=O)C1=CC=C(F)C=C1)C(=O)NC2=CC=C(C#N)C(=C2)C(F)(F)F,null,null,null,null,null,B9061,SIGMA,2021_LOPAC_01,null,null,Bicalutamide (CDx),null,4,null,null,null,13.518,4,4.955,0.634,0.628,null,null,null,null,null,null,-6.828,null,null,8.662,-4.856,-5.633,-5.362,null,null,null,null,null,null,null,null,null,CMPOAZJLBGOPQD,null,TRND,hOsofBmuijrtWFQQEe,null,Androgen Receptor antagonist,null,null,null,null,null,null,null,[NO STEREO] 90357-06-5,AR,null,null,0,4,0,null,null,173033,0 0 0 0,1,1,2025-06-17 16:13:51,null,null,null,null,null,null,null,364799563,activity,null,HTS,null,-4.856,8.662,1.162,1.862,null,null,null,null,null,null,null,null,null,null,null,null,null,null,null,null,null,null,null,null,null,278941466
TRND-Glioblastoma_LOPAC_U251-primary_screen2,NCGC00015382-10,activity,null,4,-28.765,-23.554,CCN1C(=O)NC2=CC(Cl)=C(Cl)C=C12,null,null,null,null,null,D9190,SIGMA,2021_LOPAC_01,null,null,DCEBIO,null,4,null,null,null,24.509,-26.265,0.964,0.078,0.996,null,null,null,null,null,null,2.5,null,null,0.955,-23.554,-22.907,-23.166,null,null,null,null,null,null,null,null,null,LKHRMULASXZCLG,null,TRND,oMqjNYgnWZFvCiwRbg,null,null,null,null,null,null,null,null,null,null,null,null,null,0,4,0,null,null,173033,0 0 0 0,1,1,2025-06-17 16:13:51,null,null,null,null,null,null,null,364797463,activity,null,HTS,null,0.955,-4.72,-14.124,-23.554,null,null,null,null,null,null,null,null,null,null,null,null,null,null,null,null,null,null,null,null,null,278941467
TRND-Glioblastoma_LOPAC_U251-primary_screen2,NCGC00016069-25,activity,null,4,-11.67,-0.142,BrC1=C2N=CC=NC2=CC=C1NC3=NCCN3,null,null,null,null,null,U104,SIGMA,2021_LOPAC_01,null,null,"UK 14,304",null,4,null,null,null,17.476,-0.17,4.955,0.641,0.613,null,null,null,null,null,null,11.5,null,null,17.335,-0.142,28.93,41.325,null,null,null,null,null,null,null,null,null,XYLJNLCSTIOKRM,null,TRND,gzctkmCFvySOiyntrC,null,null,null,null,null,null,null,null,null,59803-98-4,null,null,null,0,4,0,null,null,173033,0 0 0 0,1,1,2025-06-17 16:13:51,null,null,null,null,null,null,null,364796695,activity,null,HTS,null,5.511,17.335,2.283,-0.142,null,null,null,null,null,null,null,null,null,null,null,null,null,null,null,null,null,null,null,null,null,278941468
TRND-Glioblastoma_LOPAC_U251-primary_screen2,NCGC00095123-18,activity,null,4,0,2.424,CCOC1=NC2=CC=CC(C(=O)OC(C)OC(=O)OC3CCCCC3)=C2N1CC4=CC=C(C=C4)C5=CC=CC=C5C6=NN=NN6,null,null,null,null,null,SML0245,SIGMA,2021_LOPAC_01,null,null,Candesartan cilexetil,null,4,null,null,null,1.834,0,null,null,null,null,null,null,null,null,null,0,null,null,4.258,2.424,17.396,null,null,null,null,null,null,null,null,null,null,GHOSNRCGJFBJIB,null,TRND,YUBeCgudpviuykQVoK,null,null,null,null,null,null,null,null,null,145040-37-5,null,null,null,0,4,null,null,null,173033,null,1,1,2025-06-17 16:13:51,null,null,null,null,null,null,null,364799627,activity,null,HTS,null,4.021,2.843,4.258,2.424,null,null,null,null,null,null,null,null,null,null,null,null,null,null,null,null,null,null,null,null,null,278941469
TRND-Glioblastoma_LOPAC_U251-primary_screen2,NCGC00092369-07,activity,12.589254,-2.4,-66.332,-45.328,CC(C)(C)C1=CC=C(C=C1)\C=C\C(=O)NC2=CC=C3OCCOC3=C2,null,null,null,null,null,A2731,SIGMA,2021_LOPAC_01,-4.9,null,AMG 9810,null,-2.2,null,null,null,53.782,-59.832,1.288,0.126,0.99,null,null,null,null,null,null,6.5,null,null,8.454,-45.328,-9.702,-14.491,null,null,null,null,null,null,null,null,null,GZTFUVZVLYUPRG,null,TRND,BdWdTGlpSFmfukAwtu,null,null,null,null,null,null,null,null,null,545395-94-6,null,null,null,0,4,0,null,null,173033,0 0 0 0,1,1,2025-06-17 16:13:51,null,null,null,null,null,null,null,364796727,activity,null,HTS,33.3,8.454,-0.178,-13.172,-45.328,null,null,null,null,null,null,null,null,null,null,null,null,null,null,null,null,null,null,null,null,null,278941470
TRND-Glioblastoma_LOPAC_U251-primary_screen2,NCGC00015619-27,activity,null,4,-19.457,-20.797,CCOC(=O)N1CCC(CC1)=C2C3=C(CCC4=C2N=CC=C4)C=C(Cl)C=C3,null,null,null,null,null,L9664,SIGMA,2021_LOPAC_01,null,null,Loratadine,null,4,null,null,null,24.205,-21.957,2.333,0.543,0.759,null,null,null,null,null,null,-2.5,null,null,3.408,-20.797,-37.433,-25.335,null,null,null,null,null,null,null,null,null,JCCNYMKQOSZNPW,null,TRND,FCiZvdzXjOHSjYtZkG,null,null,null,null,null,null,null,null,null,79794-75-5,null,null,null,0,4,0,null,null,173033,0 0 0 0,1,1,2025-06-17 16:13:51,null,null,null,null,null,null,null,364797707,activity,null,HTS,null,-8.297,3.408,-8.374,-20.797,null,null,null,null,null,null,null,null,null,null,null,null,null,null,null,null,null,null,null,null,null,278941471
TRND-Glioblastoma_LOPAC_U251-primary_screen2,NCGC00015836-26,activity,null,4,14.275,0.904,CN1CCN(CC(=O)N2C3=C(C=CC=C3)C(=O)NC4=C2N=CC=C4)CC1,null,null,null,null,null,P7412,SIGMA,2021_LOPAC_01,null,null,Pirenzepine dihydrochloride,null,4,null,null,null,15.944,3,4.955,0.529,0.776,null,null,null,null,null,null,-11.275,null,null,7.382,-8.562,-17.656,-17.752,null,null,null,null,null,null,null,null,null,RMHMFHUVIITRHF,null,TRND,AYJOBNhCAWaMaFofTg,null,null,null,null,CL,null,null,null,null,null,null,null,null,0,4,0,null,null,173033,0 0 0 0,1,1,2025-06-17 16:13:51,null,null,null,null,null,null,null,364795663,activity,null,HTS,null,-8.562,7.382,0.676,0.904,null,null,null,null,null,null,null,null,null,null,null,null,null,null,null,null,null,null,null,null,null,278941472
TRND-Glioblastoma_LOPAC_U251-primary_screen2,NCGC00018193-24,activity,null,4,0,-5.987,COCCCC\C(C1=CC=C(C=C1)C(F)(F)F)=N/OCCN,null,null,null,null,null,F2802,SIGMA,2021_LOPAC_01,null,null,Fluvoxamine maleate,null,4,null,null,null,6.384,0,null,null,null,null,null,null,null,null,null,0,null,null,0.396,-5.987,-12.027,null,null,null,null,null,null,null,null,null,null,CJOFXWAVKWHTFT,null,TRND,kIXDXDErOeaTSHEBpa,null,null,null,null,MALEATE,null,null,null,null,61718-82-9,null,null,null,0,4,null,null,null,173033,null,1,1,2025-06-17 16:13:51,null,null,null,null,null,null,null,364796511,activity,null,HTS,null,-2.488,-3.222,0.396,-5.987,null,null,null,null,null,null,null,null,null,null,null,null,null,null,null,null,null,null,null,null,null,278941473
TRND-Glioblastoma_LOPAC_U251-primary_screen2,NCGC00162150-18,activity,11.220185,-3,-36.378,-36.735,[H]\C(COC(=O)C1=C(C)NC(C)=C(C1C2=CC(=CC=C2)[N+]([O-])=O)C(=O)OCCOC)=C(\[H])C3=CC=CC=C3,null,null,null,null,null,C1493,SIGMA,2021_LOPAC_01,-4.95,null,Cilnidipine,null,-3,null,null,null,38.119,-37.378,4.095,0.139,0.988,null,null,null,null,null,null,-1,null,null,1.384,-36.735,-30.979,-26.309,null,null,null,null,null,null,null,null,null,KJEBULYHNRNJTE,null,TRND,MUxdjmgrwieMxkCeXx,null,null,null,null,null,null,null,null,null,132203-70-4,null,null,null,0,4,0,null,null,173033,0 0 0 0,1,1,2025-06-17 16:13:51,null,null,null,null,null,null,null,364796791,activity,null,HTS,null,-3.304,1.384,-4.957,-36.735,null,null,null,null,null,null,null,null,null,null,null,null,null,null,null,null,null,null,null,null,null,278941474
TRND-Glioblastoma_LOPAC_U251-primary_screen2,NCGC00186024-16,activity,null,4,0,-8.786,CC1=NC(=CC=C1)C2=C(N=C(N2)C(C)(C)C)C3=CC=C4N=CC=NC4=C3,null,null,null,null,null,S8822,SIGMA,2021_LOPAC_01,null,null,SB-525334,null,4,null,null,null,9.527,0,null,null,null,null,null,null,null,null,null,0,null,null,0.741,-8.786,-13.749,null,null,null,null,null,null,null,null,null,null,DKPQHFZUICCZHF,null,TRND,URimPEbxiSUmARuWBM,null,TGF-beta receptor type-1 inhibitor,null,null,null,null,null,null,null,null,TGFBR1,null,null,0,4,null,null,null,173033,null,1,1,2025-06-17 16:13:51,null,null,null,null,null,null,null,364800167,activity,null,HTS,null,-2.842,-2.521,0.741,-8.786,null,null,null,null,null,null,null,null,null,null,null,null,null,null,null,null,null,null,null,null,null,278941475
TRND-Glioblastoma_LOPAC_U251-primary_screen2,NCGC00179503-13,activity,11.220185,-2.3,-97.109,-97.453,CCN(CC)CCOc1ccc(cc1)C(=C(\Cl)c2ccccc2)\c3ccccc3,null,null,null,null,null,SML0719,SIGMA,2021_LOPAC_01,-4.95,null,Enclomiphene hydrochloride,null,-2.1,null,null,null,95.747,-101.156,2.952,0.064,0.997,null,null,null,null,null,null,-4.047,null,null,-1.706,-97.453,-75.68,-80.251,null,null,null,null,null,null,null,null,null,GKIRPKYJQBWNGO,null,TRND,QprCSTQVoSxQxbhpDK,null,null,null,null,CL,null,null,null,null,7599-79-3,null,null,null,0,4,0,null,null,173033,0 0 0 0,1,1,2025-06-17 16:13:51,null,null,null,null,null,null,null,364800031,activity,null,HTS,11.133646,-1.706,-7.315,-20.885,-97.453,null,null,null,null,null,null,null,null,null,null,null,null,null,null,null,null,null,null,null,null,null,278941476
TRND-Glioblastoma_LOPAC_U251-primary_screen2,NCGC00096070-12,activity,null,4,0,6.104,CC(C)=CCC\C(C)=C\COC1=CC2=C(C=CC(=O)O2)C=C1,null,null,null,null,null,A9861,SIGMA,2021_LOPAC_01,null,null,Auraptene,null,4,null,null,null,9.288,0,null,null,null,null,null,null,null,null,null,0,null,null,11.179,1.891,31.355,null,null,null,null,null,null,null,null,null,null,RSDDHGSKLOSQFK,null,TRND,DjMzPgTONndQyGuGNc,null,null,null,null,null,null,null,null,null,495-02-3,null,null,null,0,4,null,null,null,173033,null,1,1,2025-06-17 16:13:51,null,null,null,null,null,null,null,364800211,activity,null,HTS,null,6.851,11.179,1.891,6.104,null,null,null,null,null,null,null,null,null,null,null,null,null,null,null,null,null,null,null,null,null,278941477
TRND-Glioblastoma_LOPAC_U251-primary_screen2,NCGC00507731-02,activity,null,4,0,1.831,[H]C12CN(CC1([H])C3CCC2O3)C(=O)C4=CC=C(Br)C=C4,null,null,null,null,null,SML0226,SIGMA,2021_LOPAC_01,null,null,Pseudocantharidin C,null,4,null,null,null,7.804,0,null,null,null,null,null,null,null,null,null,0,null,null,5.334,-2.47,-2.417,null,null,null,null,null,null,null,null,null,null,XCBSDRWUWCALRI,null,TRND,oHtqPOjziXLljmLiBG,null,null,null,null,null,null,null,null,null,null,null,null,null,0,4,null,null,null,173033,null,1,1,2025-06-17 16:13:51,null,null,null,null,null,null,null,364798635,activity,null,HTS,null,-2.47,5.334,-0.36,1.831,null,null,null,null,null,null,null,null,null,null,null,null,null,null,null,null,null,null,null,null,null,278941478
TRND-Glioblastoma_LOPAC_U251-primary_screen2,NCGC00093949-09,activity,null,4,-14.015,-4.367,[H][C@@]12CC[C@](O)(C(C)=O)[C@@]1(C)CC[C@@]3([H])[C@@]2([H])CCC4=CC(=O)CC[C@]34C,null,null,null,null,null,H5752,SIGMA,2021_LOPAC_01,null,null,17alpha-hydroxyprogesterone,null,4,null,null,null,14.524,-5.015,4.095,0.09,0.995,null,null,null,null,null,null,9,null,null,9.094,-5.429,18.102,17.482,null,null,null,null,null,null,null,null,null,DBPWSSGDRRHUNT,null,TRND,CZPkrsysedrxezwZYq,null,null,null,null,null,null,null,null,null,68-96-2,null,null,null,0,4,0,null,null,173033,0 0 0 0,1,1,2025-06-17 16:13:51,null,null,null,null,null,null,null,364795879,activity,null,HTS,null,9.094,-1.493,-5.429,-4.367,null,null,null,null,null,null,null,null,null,null,null,null,null,null,null,null,null,null,null,null,null,278941479
TRND-Glioblastoma_LOPAC_U251-primary_screen2,NCGC00018248-29,activity,null,4,0,8.476,CN1C(C(=O)NC2=NC=C(C)S2)=C(O)C3=CC=CC=C3[S+]1([O-])=O,null,null,null,null,null,M3935,SIGMA,2021_LOPAC_01,null,null,Meloxicam sodium,null,4,null,null,null,5.676,0,null,null,null,null,null,null,null,null,null,0,null,null,10.808,5.132,43.887,null,null,null,null,null,null,null,null,null,null,JJMWPUUMNOUPNB,null,TRND,IocIuKjnQHjguhKjDi,null,Cyclooxygenase 2(COX2) inhibitor,null,null,SODIUM,null,null,null,null,71125-38-7,PTGS2,null,null,0,4,null,null,null,173033,null,1,1,2025-06-17 16:13:51,null,null,null,null,null,null,null,364798287,activity,null,HTS,null,10.808,8.368,5.132,8.476,null,null,null,null,null,null,null,null,null,null,null,null,null,null,null,null,null,null,null,null,null,278941480
TRND-Glioblastoma_LOPAC_U251-primary_screen2,NCGC00024956-20,activity,19.952623,-3,-50.802,-41.847,COC1=CC2=NC=NC(NC3=CC=CC(Br)=C3)=C2C=C1OC,null,null,null,null,null,SML0564,SIGMA,2021_LOPAC_01,-4.7,null,PD153035 hydrochloride,null,-3,null,null,null,54.153,-44.802,4.955,0.253,0.958,null,null,null,null,null,null,6,null,null,12.305,-41.847,-1.173,3.289,null,null,null,null,null,null,null,null,null,LSPANGZZENHZNJ,null,TRND,zStjUhwsiqYoeFRoAo,null,Epidermal Growth Factor Receptor inhibitor,null,null,CL,null,null,null,null,183322-45-4,EGFR,null,null,0,4,0,null,null,173033,0 0 0 0,1,1,2025-06-17 16:13:51,null,null,null,null,null,null,null,364799063,activity,null,HTS,null,4.204,0.793,12.305,-41.847,null,null,null,null,null,null,null,null,null,null,null,null,null,null,null,null,null,null,null,null,null,278941481
TRND-Glioblastoma_LOPAC_U251-primary_screen2,NCGC00015184-10,activity,null,4,-9.822,-6.102,CC(C)(C)NCC(O)COC1=CC=CC2=C1NC(=O)N2,null,null,null,null,null,C125,SIGMA,2021_LOPAC_01,null,null,(±)-CGP-12177A hydrochloride,null,4,null,null,null,11.739,-6.322,4.504,0.404,0.885,null,null,null,null,null,null,3.5,null,null,5.637,-6.102,6.778,10.975,null,null,null,null,null,null,null,null,null,UMQUQWCJKFOUGV,null,TRND,HMUuJvHvtfSBszCTPy,null,null,null,null,CL,null,null,null,null,null,null,null,null,0,4,0,null,null,173033,0 0 0 0,1,1,2025-06-17 16:13:51,null,null,null,null,null,null,null,364798699,activity,null,HTS,null,1.425,5.637,2.989,-6.102,null,null,null,null,null,null,null,null,null,null,null,null,null,null,null,null,null,null,null,null,null,278941482
TRND-Glioblastoma_LOPAC_U251-primary_screen2,NCGC00168784-25,activity,1,5,-9.245,-76.139,NC1=NC(=O)N(C=C1)[C@@H]2O[C@H](CO)[C@@H](O)C2(F)F,null,null,null,null,null,G6423,SIGMA,2021_LOPAC_01,-6,null,Gemcitabine hydrochloride,null,-1.3,null,null,null,11.871,-78.769,4.955,0.503,0.804,null,null,null,null,null,null,-69.524,null,null,-69.603,-81.474,-343.949,-343.249,null,null,null,null,null,null,null,null,null,SDUQYLNIPVEERB,null,TRND,jTdyzxxqXipPIcKkBV,null,DNA Polymerase inhibitor,null,null,CL,null,null,null,null,122111-03-9,POLA1,null,null,0,4,0,null,null,173033,0 0 0 0,1,1,2025-06-17 16:13:51,null,null,null,null,null,null,null,364797787,activity,null,HTS,null,-69.603,-76.97,-81.474,-76.139,null,null,null,null,null,null,null,null,null,null,null,null,null,null,null,null,null,null,null,null,null,278941483
TRND-Glioblastoma_LOPAC_U251-primary_screen2,NCGC00015456-13,activity,null,4,-10.5,7.584,OC(=O)C1=CCNCC1,null,null,null,null,null,G002,SIGMA,2021_LOPAC_01,null,null,Isoguvacine hydrochloride,null,4,null,null,null,10.935,5,4.955,0.449,0.852,null,null,null,null,null,null,15.5,null,null,14.158,3.224,48.2,49.116,null,null,null,null,null,null,null,null,null,KRVDMABBKYMBHG,null,TRND,OpBQWQFvpJZJsLPDPB,null,null,null,null,CL,null,null,null,null,null,null,null,null,0,4,0,null,null,173033,0 0 0 0,1,1,2025-06-17 16:13:51,null,null,null,null,null,null,null,364795975,activity,null,HTS,null,14.158,3.224,3.815,7.584,null,null,null,null,null,null,null,null,null,null,null,null,null,null,null,null,null,null,null,null,null,278941484
TRND-Glioblastoma_LOPAC_U251-primary_screen2,NCGC00159452-06,activity,null,4,0,8.418,FC1=CC=C2OCC[C@]3(NC(=O)NC3=O)C2=C1,null,null,null,null,null,S7701,SIGMA,2021_LOPAC_01,null,null,Sorbinil,null,4,null,null,null,11.64,0,null,null,null,null,null,null,null,null,null,0,null,null,15.324,3.685,29.079,null,null,null,null,null,null,null,null,null,null,LXANPKRCLVQAOG,null,TRND,IRWCWFskxHVMpJOxVi,null,null,null,null,null,null,null,null,null,68367-52-2,null,null,null,0,4,null,null,null,173033,null,1,1,2025-06-17 16:13:51,null,null,null,null,null,null,null,364797147,activity,null,HTS,null,4.096,15.324,3.685,8.418,null,null,null,null,null,null,null,null,null,null,null,null,null,null,null,null,null,null,null,null,null,278941485
TRND-Glioblastoma_LOPAC_U251-primary_screen2,NCGC00015815-12,activity,null,4,-13.052,-7.126,CCCCCCCCCCCCCCCC(=O)OC(CC(O)=O)C[N+](C)(C)C,null,null,null,null,null,P4509,SIGMA,2021_LOPAC_01,null,null,Palmitoyl-DL-Carnitine chloride,null,4,null,null,null,12.932,-8.552,4.955,0.274,0.951,null,null,null,null,null,null,4.5,null,null,5.806,-7.126,14.005,15.103,null,null,null,null,null,null,null,null,null,XOMRRQXKHMYMOC,null,TRND,WrkhuPphAnhIzraBct,null,null,null,null,CL,null,null,null,null,[NO STEREO] 18877-64-0,null,null,null,0,4,0,null,null,173033,0 0 0 0,1,1,2025-06-17 16:13:51,null,null,null,null,null,null,null,364799919,activity,null,HTS,null,4.248,2.723,5.806,-7.126,null,null,null,null,null,null,null,null,null,null,null,null,null,null,null,null,null,null,null,null,null,278941486
TRND-Glioblastoma_LOPAC_U251-primary_screen2,NCGC00186041-10,activity,null,4,0,1.073,CN1N=C(C(=O)NC2CC3CCCC(C2)N3C)C4=C1C=CC=C4,null,null,null,null,null,G3796,SIGMA,2021_LOPAC_01,null,null,Granisetron hydrochloride,null,4,null,null,null,4.917,0,null,null,null,null,null,null,null,null,null,0,null,null,5.99,1.073,21.134,null,null,null,null,null,null,null,null,null,null,MFWNKCLOYSRHCJ,null,TRND,ovyHIkwHQcuXSUrHCP,null,null,null,null,CL,null,null,null,null,[NO STEREO] 107007-99-8,null,null,null,0,4,null,null,null,173033,null,1,1,2025-06-17 16:13:51,null,null,null,null,null,null,null,364799195,activity,null,HTS,null,4.89,4.024,5.99,1.073,null,null,null,null,null,null,null,null,null,null,null,null,null,null,null,null,null,null,null,null,null,278941487
TRND-Glioblastoma_LOPAC_U251-primary_screen2,NCGC00015631-10,activity,null,4,0,4.777,CC(N)(CC1=CC(O)=C(O)C=C1)C(O)=O,null,null,null,null,null,M7277,SIGMA,2021_LOPAC_01,null,null,"(±)-3-(3,4-dihydroxyphenyl)-2-methyl-DL-alanine",null,4,null,null,null,8.12,0,null,null,null,null,null,null,null,null,null,0,null,null,7.147,-0.972,25.742,null,null,null,null,null,null,null,null,null,null,CJCSPKMFHVPWAR,null,TRND,HRhsIHcujKRUVPOkwX,null,null,null,null,null,null,null,null,null,55-40-3,null,null,null,0,4,null,null,null,173033,null,1,1,2025-06-17 16:13:51,null,null,null,null,null,null,null,364798351,activity,null,HTS,null,7.147,-0.972,5.828,4.777,null,null,null,null,null,null,null,null,null,null,null,null,null,null,null,null,null,null,null,null,null,278941488
TRND-Glioblastoma_LOPAC_U251-primary_screen2,NCGC00379237-05,activity,null,4,-17.214,-11.845,COC1=CC=C(OC2=C(Cl)C=NN(C3C4=CC=CC=C4C5=C3C=CC=C5)C2=O)C=C1,null,null,null,null,null,SML1067,SIGMA,2021_LOPAC_01,null,null,CYM50769,null,4,null,null,null,16.298,-13.714,2.094,0.166,0.983,null,null,null,null,null,null,3.5,null,null,4.453,-11.845,6.855,5.052,null,null,null,null,null,null,null,null,null,QHVSQUYCVUHYKT,null,TRND,gYIDWpCrEJzxLecPYC,null,null,null,null,null,null,null,null,null,null,null,null,null,0,4,0,null,null,173033,0 0 0 0,1,1,2025-06-17 16:13:51,null,null,null,null,null,null,null,364799475,activity,null,HTS,null,4.453,2.005,-0.969,-11.845,null,null,null,null,null,null,null,null,null,null,null,null,null,null,null,null,null,null,null,null,null,278941489
TRND-Glioblastoma_LOPAC_U251-primary_screen2,NCGC00015416-07,activity,null,4,0,-2.172,OC(=O)CN(CCOCCOCCN(CC(O)=O)CC(O)=O)CC(O)=O,null,null,null,null,null,E4378,SIGMA,2021_LOPAC_01,null,null,EGTA,null,4,null,null,null,9.216,0,null,null,null,null,null,null,null,null,null,0,null,null,2.078,-7.138,-3.593,null,null,null,null,null,null,null,null,null,null,DEFVIWRASFVYLL,null,TRND,cMKZMIXmgyBXfFBQUQ,null,null,null,null,null,null,null,null,null,67-42-5,null,null,null,0,4,null,null,null,173033,null,1,1,2025-06-17 16:13:51,null,null,null,null,null,null,null,364797743,activity,null,HTS,null,0.392,2.078,-7.138,-2.172,null,null,null,null,null,null,null,null,null,null,null,null,null,null,null,null,null,null,null,null,null,278941490
TRND-Glioblastoma_LOPAC_U251-primary_screen2,NCGC00015163-23,activity,null,4,-12.522,-9.185,NC(CO)C(=O)NNCC1=C(O)C(O)=C(O)C=C1,null,null,null,null,null,B7283,SIGMA,2021_LOPAC_01,null,null,Benserazide hydrochloride,null,4,null,null,null,13.883,-13.022,4.955,0.695,0.496,null,null,null,null,null,null,-0.5,null,null,4.698,-9.185,-4.043,-6.935,null,null,null,null,null,null,null,null,null,BNQDCRGUHNALGH,null,TRND,budqniXDGZyiXnRQHp,null,Aromatic-L-amino-acid decarboxylase inhibitor,null,null,HCL,null,null,null,null,14919-77-8,DDC,null,null,0,4,0,null,null,173033,0 0 0 0,1,1,2025-06-17 16:13:51,null,null,null,null,null,null,null,364800311,activity,null,HTS,null,0.662,-6.208,4.698,-9.185,null,null,null,null,null,null,null,null,null,null,null,null,null,null,null,null,null,null,null,null,null,278941491
TRND-Glioblastoma_LOPAC_U251-primary_screen2,NCGC00389085-06,activity,null,4,11.115,10.396,CC1=CC(C)=C(C(C)=C1)[S+]([O-])(=O)N(CCC2=CC=CC(Br)=C2)CC3=CC=C(C=C3)C4=CC=CC(=C4)[S+](C)([O-])=O,null,null,null,null,null,SML1517,SIGMA,2021_LOPAC_01,null,null,SR9243,null,4,null,null,null,12.158,11,2.253,0.306,0.938,null,null,null,null,null,null,-0.115,null,null,10.396,-1.762,10.502,8.364,null,null,null,null,null,null,null,null,null,FYQFEJFTCLKXTQ,null,TRND,zBcQFusMXKsjoxXhKa,null,LiverX Receptor (LXR) Inverse agonist,null,null,null,null,null,null,null,null,NR1H3,null,null,0,4,0,null,null,173033,0 0 0 0,1,1,2025-06-17 16:13:51,null,null,null,null,null,null,null,364800195,activity,null,HTS,null,1.173,-1.762,4.31,10.396,null,null,null,null,null,null,null,null,null,null,null,null,null,null,null,null,null,null,null,null,null,278941492
TRND-Glioblastoma_LOPAC_U251-primary_screen2,NCGC00015391-12,activity,null,4,0,2.078,CNC(=O)C1=CC2=C(NC3=C2C=CC=C3)C=N1,null,null,null,null,null,E006,SIGMA,2021_LOPAC_01,null,null,N-Methyl-beta-carboline-3-carboxamide,null,4,null,null,null,9.736,0,null,null,null,null,null,null,null,null,null,0,null,null,8.95,-0.786,24.879,null,null,null,null,null,null,null,null,null,null,QMCOPDWHWYSJSA,null,TRND,airYMyhfnVKgiSYKjW,null,null,null,null,null,null,null,null,null,78538-74-6,null,null,null,0,4,null,null,null,173033,null,1,1,2025-06-17 16:13:51,null,null,null,null,null,null,null,364799035,activity,null,HTS,null,8.95,-0.786,-0.718,2.078,null,null,null,null,null,null,null,null,null,null,null,null,null,null,null,null,null,null,null,null,null,278941493
TRND-Glioblastoma_LOPAC_U251-primary_screen2,NCGC00379145-13,activity,1.122018,-1.4,-27.521,-28.955,COC1=CC=C(C=C1)C4(CNC(=O)C2=CC=C(NC(=O)C3=CC=CO3)C=C2)CCOCC4,null,null,null,null,null,SML0630,SIGMA,2021_LOPAC_01,-5.95,null,JW55,null,-1.4,null,null,null,30.095,-31.528,3.512,0.196,0.975,null,null,null,null,null,null,-4.008,null,null,-3.756,-33.851,-64.943,-65.403,null,null,null,null,null,null,null,null,null,ZJZWZIXSGNFWQQ,null,TRND,qjPOQGLgKkfdDLOXqd,null,null,null,null,null,null,null,null,null,null,null,null,null,0,4,0,null,null,173033,0 0 0 0,1,1,2025-06-17 16:13:51,null,null,null,null,null,null,null,364798687,activity,null,HTS,null,-3.756,-22.359,-33.851,-28.955,null,null,null,null,null,null,null,null,null,null,null,null,null,null,null,null,null,null,null,null,null,278941494
TRND-Glioblastoma_LOPAC_U251-primary_screen2,NCGC00015756-15,activity,8.912509,-2.4,-31.312,-30.677,O=C1OC(=O)C2C3CCC(O3)C12,null,null,null,null,null,N8784,SIGMA,2021_LOPAC_01,-5.05,null,Norcantharidin,null,-2.4,null,null,null,37.62,-31.812,2.406,0.45,0.85,null,null,null,null,null,null,-0.5,null,null,6.943,-30.677,-39.719,-25.667,null,null,null,null,null,null,null,null,null,JAABVEXCGCXWRR,null,TRND,hdBfTrVAnPUbzAfBZb,null,null,null,null,null,null,null,null,null,null,null,null,null,0,4,0,null,null,173033,0 0 0 0,1,1,2025-06-17 16:13:51,null,null,null,null,null,null,null,364797387,activity,null,HTS,null,-7.437,6.943,-11.161,-30.677,null,null,null,null,null,null,null,null,null,null,null,null,null,null,null,null,null,null,null,null,null,278941495
TRND-Glioblastoma_LOPAC_U251-primary_screen2,NCGC00162305-07,activity,null,4,0,-1.627,NC1=CC=C(C=C1)C2=NC3=CC=CC=C3C=C2,null,null,null,null,null,B4311,SIGMA,2021_LOPAC_01,null,null,BF-170 hydrochloride,null,4,null,null,null,8.383,0,null,null,null,null,null,null,null,null,null,0,null,null,6.756,-1.627,5.502,null,null,null,null,null,null,null,null,null,null,PWLMSCCFNGGPGM,null,TRND,nOlZXDenVHpOQyXLEB,null,null,null,null,CL,null,null,null,null,null,null,null,null,0,4,null,null,null,173033,null,1,1,2025-06-17 16:13:51,null,null,null,null,null,null,null,364796383,activity,null,HTS,null,0.718,6.756,-0.507,-1.627,null,null,null,null,null,null,null,null,null,null,null,null,null,null,null,null,null,null,null,null,null,278941496
TRND-Glioblastoma_LOPAC_U251-primary_screen2,NCGC00015917-15,activity,10,-3,-48.24,-38.716,CN1C=CC2=CC3=C(CCN3C(=O)NC4=CC=CN=C4)C=C12,null,null,null,null,null,S180,SIGMA,2021_LOPAC_01,-5,null,SB 206553 hydrochloride,null,-3,null,null,null,54.378,-39.24,3.627,0.288,0.945,null,null,null,null,null,null,9,null,null,15.662,-38.716,-3.438,10.916,null,null,null,null,null,null,null,null,null,QJQORSLQNXDVGE,null,TRND,OcvhRvVMuPDfjmEGkS,null,null,null,null,CL,null,null,null,null,null,null,null,null,0,4,0,null,null,173033,0 0 0 0,1,1,2025-06-17 16:13:51,null,null,null,null,null,null,null,364798555,activity,null,HTS,null,2.343,15.662,-0.761,-38.716,null,null,null,null,null,null,null,null,null,null,null,null,null,null,null,null,null,null,null,null,null,278942007
TRND-Glioblastoma_LOPAC_U251-primary_screen2,NCGC00162250-05,activity,null,4,0,13.193,CSC(=N)NCCC[C@H](N)C(O)=O,null,null,null,null,null,M5171,SIGMA,2021_LOPAC_01,null,null,S-Methyl-L-thiocitrulline acetate,null,4,null,null,null,6.503,0,null,null,null,null,null,null,null,null,null,0,null,null,13.193,6.689,39.166,null,null,null,null,null,null,null,null,null,null,NGVMVBQRKZPFLB,null,TRND,rJngPLuSOQrRpyoiwO,null,null,null,null,ACETIC-ACID,null,null,null,null,null,null,null,null,0,4,null,null,null,173033,null,1,1,2025-06-17 16:13:51,null,null,null,null,null,null,null,364798943,activity,null,HTS,null,6.689,8.099,11.45,13.193,null,null,null,null,null,null,null,null,null,null,null,null,null,null,null,null,null,null,null,null,null,278942008
TRND-Glioblastoma_LOPAC_U251-primary_screen2,NCGC00093706-08,activity,null,4,-15.671,2.989,[H][C@]12SCC(C)=C(N1C(=O)[C@H]2NC(=O)C(N)C3=CC=CC=C3)C(O)=O,null,null,null,null,null,C4895,SIGMA,2021_LOPAC_01,null,null,Cephalexin hydrate,null,4,null,null,null,12.163,-10.671,1.644,1,1,null,null,null,null,null,null,5,null,null,4.521,-7.642,4.215,3.225,null,null,null,null,null,null,null,null,null,ZAIPMKNFIOOWCQ,null,TRND,WTCloNpktLHQTHeoau,null,null,null,null,null,null,null,null,null,[NO STEREO] 15686-71-2,null,null,null,0,4,1,null,null,173033,0 0 0 1,1,1,2025-06-17 16:13:51,null,null,null,null,null,null,null,364795859,activity,null,HTS,null,4.521,1.475,-7.642,2.989,null,null,null,null,null,null,null,null,null,null,null,null,null,null,null,null,null,null,null,null,null,278942009
TRND-Glioblastoma_LOPAC_U251-primary_screen2,NCGC00690003-01,activity,null,4,-18.966,-15.805,CC1=CC(NC(=O)CN(C2=CC(=CC=C2C)[N+]([O-])=O)[S+](C)([O-])=O)=CC(C)=C1,null,null,null,null,null,SML2151,SIGMA,2021_LOPAC_01,null,null,MBx2546,null,4,null,null,null,21.513,-16.966,2.638,0.379,0.9,null,null,null,null,null,null,2,null,null,5.708,-15.805,5.368,-2.77,null,null,null,null,null,null,null,null,null,LJBRLEOUAJOWAT,null,TRND,OLcfXCykHCFuQzJqaM,null,null,null,null,null,null,null,null,null,null,null,null,null,0,4,0,null,null,173033,0 0 0 0,1,1,2025-06-17 16:13:51,null,null,null,null,null,null,null,364798863,activity,null,HTS,null,5.708,-1.341,-1.757,-15.805,null,null,null,null,null,null,null,null,null,null,null,null,null,null,null,null,null,null,null,null,null,278942010
TRND-Glioblastoma_LOPAC_U251-primary_screen2,NCGC00164613-14,activity,null,4,0,1.606,CC(=C/C1=CC=CC=C1)\C=C2/SC(=S)N(CC(O)=O)C2=O,null,null,null,null,null,SML0527,SIGMA,2021_LOPAC_01,null,null,Epalrestat,null,4,null,null,null,5.27,0,null,null,null,null,null,null,null,null,null,0,null,null,5.752,0.482,16.776,null,null,null,null,null,null,null,null,null,null,CHNUOJQWGUIOLD,null,TRND,NfLqPltqQFLfmVIQIp,null,Aldose Reductase inhibitor,null,null,null,null,null,null,null,82159-09-9,AKR1B1,null,null,0,4,null,null,null,173033,null,1,1,2025-06-17 16:13:51,null,null,null,null,null,null,null,364800411,activity,null,HTS,null,4.171,5.752,0.482,1.606,null,null,null,null,null,null,null,null,null,null,null,null,null,null,null,null,null,null,null,null,null,278942011
TRND-Glioblastoma_LOPAC_U251-primary_screen2,NCGC00015124-15,activity,null,4,0,-2.406,COC(=O)C1=C(C)NC(C)=C(C1C2=C(C=CC=C2)C(F)(F)F)[N+]([O-])=O,null,null,null,null,null,B112,SIGMA,2021_LOPAC_01,null,null,(±)-Bay K 8644,null,4,null,null,null,9.907,0,null,null,null,null,null,null,null,null,null,0,null,null,7.502,-2.406,1.728,null,null,null,null,null,null,null,null,null,null,ZFLWDHHVRRZMEI,null,TRND,qaFDoBwQrWZnUIsrvI,null,null,null,null,null,null,null,null,null,null,null,null,null,0,4,null,null,null,173033,null,1,1,2025-06-17 16:13:51,null,null,null,null,null,null,null,364797163,activity,null,HTS,null,-1.441,7.502,2.502,-2.406,null,null,null,null,null,null,null,null,null,null,null,null,null,null,null,null,null,null,null,null,null,278942012
TRND-Glioblastoma_LOPAC_U251-primary_screen2,NCGC00023230-35,activity,null,4,0,-2.931,COC1=CC=C2[C@H](OC(=O)C2=C1OC)[C@@H]3N(C)CCC4=CC5=C(OCO5)C(OC)=C34,null,null,null,null,null,N9007,SIGMA,2021_LOPAC_01,null,null,Noscapine hydrchloride,null,4,null,null,null,3.779,0,null,null,null,null,null,null,null,null,null,0,null,null,0.849,-2.931,-2.055,null,null,null,null,null,null,null,null,null,null,AKNNEGZIBPJZJG,null,TRND,McQyDBQRVwUlhwYdQA,null,Tubulin polymerization inhibitor,null,null,CL,null,null,null,null,128-62-1|6035-40-1,TUBB,null,null,0,4,null,null,null,173033,null,1,1,2025-06-17 16:13:51,null,null,null,null,null,null,null,364798027,activity,null,HTS,null,-0.108,-1.156,0.849,-2.931,null,null,null,null,null,null,null,null,null,null,null,null,null,null,null,null,null,null,null,null,null,278942013
TRND-Glioblastoma_LOPAC_U251-primary_screen2,NCGC00015716-18,activity,null,4,0,6.459,CC(CCC1=CC=CC=C1)NC(C)C(O)C2=CC=C(O)C=C2,null,null,null,null,null,N153,SIGMA,2021_LOPAC_01,null,null,Nylidrin hydrochloride,null,4,null,null,null,8.812,0,null,null,null,null,null,null,null,null,null,0,null,null,6.459,-2.353,14.864,null,null,null,null,null,null,null,null,null,null,PTGXAUBQBSGPKF,null,TRND,CKQxdSQnyjKdKIltDN,null,null,null,null,CL,null,null,null,null,849-55-8,null,null,null,0,4,null,null,null,173033,null,1,1,2025-06-17 16:13:51,null,null,null,null,null,null,null,364798051,activity,null,HTS,null,4.796,-2.353,-0.282,6.459,null,null,null,null,null,null,null,null,null,null,null,null,null,null,null,null,null,null,null,null,null,278942014
TRND-Glioblastoma_LOPAC_U251-primary_screen2,NCGC00094150-06,activity,null,4,11.659,-2.01,N[C@@H](CCC(=O)N[C@H](CSN=O)C(=O)NCC(O)=O)C(O)=O,null,null,null,null,null,N4148,SIGMA,2021_LOPAC_01,null,null,S-Nitrosoglutathione,null,4,null,null,null,13.806,6,4.955,1,0.588,null,null,null,null,null,null,-5.659,null,null,10.34,-3.466,-0.784,2.181,null,null,null,null,null,null,null,null,null,HYHSBSXUHZOYLX,null,TRND,TcjKSvMSjVYuAHLksH,null,null,null,null,null,null,null,null,null,null,null,null,null,0,4,1,null,null,173033,0 0 0 1,1,1,2025-06-17 16:13:51,null,null,null,null,null,null,null,364796699,activity,null,HTS,null,-3.466,10.34,1.313,-2.01,null,null,null,null,null,null,null,null,null,null,null,null,null,null,null,null,null,null,null,null,null,278942015
TRND-Glioblastoma_LOPAC_U251-primary_screen2,NCGC00024944-11,activity,null,4,15.344,-5.123,CN1C=C(N=C1C2=CC=C(OCC(O)CNCCOC3=CC(C(N)=O)=C(O)C=C3)C=C2)C(F)(F)F,null,null,null,null,null,C231,SIGMA,2021_LOPAC_01,null,null,CGP 20712A methanesulfonate,null,4,null,null,null,15.434,5.5,4.955,1,0.845,null,null,null,null,null,null,-9.844,null,null,8.481,-6.954,-10.48,-8.391,null,null,null,null,null,null,null,null,null,GKJZEKSHCJELPL,null,TRND,FPnrsJKvMOEOOvOgEB,null,null,null,null,null,null,null,null,null,null,null,null,null,0,4,1,null,null,173033,0 0 0 1,1,1,2025-06-17 16:13:51,null,null,null,null,null,null,null,364798095,activity,null,HTS,null,-6.954,8.481,2.36,-5.123,null,null,null,null,null,null,null,null,null,null,null,null,null,null,null,null,null,null,null,null,null,278942016
TRND-Glioblastoma_LOPAC_U251-primary_screen2,NCGC00016066-24,activity,null,4,13.998,4.355,COC1=C(C=CC=C1)N2CCN(CCCNC3=CC(=O)N(C)C(=O)N3C)CC2,null,null,null,null,null,U100,SIGMA,2021_LOPAC_01,null,null,Urapidil hydrochloride,null,4,null,null,null,13.014,4,4.955,0.393,0.891,null,null,null,null,null,null,-9.998,null,null,5.932,-7.082,-12.284,-12.435,null,null,null,null,null,null,null,null,null,ICMGLRUYEQNHPF,null,TRND,wPtOZtHaEADXCXqigK,null,null,null,null,CL,null,null,null,null,64887-14-5,null,null,null,0,4,0,null,null,173033,0 0 0 0,1,1,2025-06-17 16:13:51,null,null,null,null,null,null,null,364799875,activity,null,HTS,null,-7.082,5.932,1.336,4.355,null,null,null,null,null,null,null,null,null,null,null,null,null,null,null,null,null,null,null,null,null,278942017
TRND-Glioblastoma_LOPAC_U251-primary_screen2,NCGC00015056-09,activity,null,4,0,1.144,NN1N=NC2=C1C=CC=C2,null,null,null,null,null,A3940,SIGMA,2021_LOPAC_01,null,null,1-Aminobenzotriazole,null,4,null,null,null,8.854,0,null,null,null,null,null,null,null,null,null,0,null,null,9.998,1.144,17.046,null,null,null,null,null,null,null,null,null,null,JCXKHYLLVKZPKE,null,TRND,COKljGIodeWnSbSSps,null,null,null,null,null,null,null,null,null,null,null,null,null,0,4,null,null,null,173033,null,1,1,2025-06-17 16:13:51,null,null,null,null,null,null,null,364798759,activity,null,HTS,null,1.704,9.998,6.76,1.144,null,null,null,null,null,null,null,null,null,null,null,null,null,null,null,null,null,null,null,null,null,278942018
TRND-Glioblastoma_LOPAC_U251-primary_screen2,NCGC00015360-15,activity,null,4,0,2.891,OC(=O)CN(CCN(CC(O)=O)CC(O)=O)CCN(CC(O)=O)CC(O)=O,null,null,null,null,null,D6518,SIGMA,2021_LOPAC_01,null,null,Diethylenetriaminepentaacetic acid,null,4,null,null,null,10.713,0,null,null,null,null,null,null,null,null,null,0,null,null,9.182,-1.531,31.174,null,null,null,null,null,null,null,null,null,null,QPCDCPDFJACHGM,null,TRND,UzhGfrvqdjkKXTJbAP,null,null,null,null,null,null,null,null,null,67-43-6,null,null,null,0,4,null,null,null,173033,null,1,1,2025-06-17 16:13:51,null,null,null,null,null,null,null,364797575,activity,null,HTS,null,9.182,-1.531,7.496,2.891,null,null,null,null,null,null,null,null,null,null,null,null,null,null,null,null,null,null,null,null,null,278942019
TRND-Glioblastoma_LOPAC_U251-primary_screen2,NCGC00167732-05,activity,null,4,0,6.235,COC1=CC=CC(OC)=C1C2=CC(=NN2C3=C(C=C(C=C3)C(=O)N(C)CCCN(C)C)C(C)C)C(=O)NC4(C5CC6CC(C5)CC4C6)C(O)=O,null,null,null,null,null,SML0015,SIGMA,2021_LOPAC_01,null,null,SR 142948A,null,4,null,null,null,9.017,0,null,null,null,null,null,null,null,null,null,0,null,null,6.235,-2.782,11.277,null,null,null,null,null,null,null,null,null,null,LWULHXVBLMWCHO,null,TRND,oIszkdnwIfaWtBEPhX,null,null,null,null,CL,null,null,null,null,null,null,null,null,0,4,null,null,null,173033,null,1,1,2025-06-17 16:13:51,null,null,null,null,null,null,null,364799731,activity,null,HTS,null,2.187,-2.782,5.539,6.235,null,null,null,null,null,null,null,null,null,null,null,null,null,null,null,null,null,null,null,null,null,278942020
TRND-Glioblastoma_LOPAC_U251-primary_screen2,NCGC00346461-08,activity,12.589254,-2.3,-90.367,-94.584,NC1=NC=NC2=C1C(=CN2[C@@H]3C[C@H](CN4CCC4)C3)C5=CC(OCC6=CC=CC=C6)=CC=C5,null,null,null,null,null,SML1973,SIGMA,2021_LOPAC_01,-4.9,null,NVP-AEW541,null,-2.1,null,null,null,85.26,-105.556,2.044,0.164,0.983,null,null,null,null,null,null,-15.188,null,null,-9.323,-94.584,-114.823,-127.43,null,null,null,null,null,null,null,null,null,AECDBHGVIIRMOI,null,TRND,rZmWUuhHAmRLxLFiEy,null,Insulin-like growth factor 1 receptor inhibitor,null,null,null,null,null,null,null,[NO STEREO] 475488-34-7,IGF1R,null,null,0,4,0,null,null,173033,0 0 0 0,1,1,2025-06-17 16:13:51,null,null,null,null,null,null,null,364797739,activity,null,HTS,11.956697,-9.323,-22.194,-33.918,-94.584,null,null,null,null,null,null,null,null,null,null,null,null,null,null,null,null,null,null,null,null,null,278942021
TRND-Glioblastoma_LOPAC_U251-primary_screen2,NCGC00015238-26,activity,null,4,10.382,5.954,ClC1=CC2=C(OC(=O)N2)C=C1,null,null,null,null,null,C4397,SIGMA,2021_LOPAC_01,null,null,Chlorzoxazone,null,4,null,null,null,12.522,8,4.955,0.633,0.629,null,null,null,null,null,null,-2.382,null,null,5.954,-6.569,-5.894,-6.809,null,null,null,null,null,null,null,null,null,TZFWDZFKRBELIQ,null,TRND,sySaBGnzuTofFtPAyW,null,null,null,null,null,null,null,null,null,95-25-0,null,null,null,0,4,0,null,null,173033,0 0 0 0,1,1,2025-06-17 16:13:51,null,null,null,null,null,null,null,364796483,activity,null,HTS,null,-1.921,1.288,-6.569,5.954,null,null,null,null,null,null,null,null,null,null,null,null,null,null,null,null,null,null,null,null,null,278942022
TRND-Glioblastoma_LOPAC_U251-primary_screen2,NCGC00015245-24,activity,null,4,0,3.055,CC(C[N+](C)(C)C)OC(N)=O,null,null,null,null,null,C5259,SIGMA,2021_LOPAC_01,null,null,Bethanechol chloride,null,4,null,null,null,3.411,0,null,null,null,null,null,null,null,null,null,0,null,null,3.29,-0.121,11.59,null,null,null,null,null,null,null,null,null,null,NZUPCNDJBJXXRF,null,TRND,WdyLxAygPZtwpaCzFP,null,null,null,null,CL,null,null,null,null,590-63-6,null,null,null,0,4,null,null,null,173033,null,1,1,2025-06-17 16:13:51,null,null,null,null,null,null,null,364799695,activity,null,HTS,null,3.29,1.341,-0.121,3.055,null,null,null,null,null,null,null,null,null,null,null,null,null,null,null,null,null,null,null,null,null,278942023
TRND-Glioblastoma_LOPAC_U251-primary_screen2,NCGC00487324-03,activity,null,4,-25.431,-19.109,CC1=NN=C2CN=C(C3=C(SC=C3)N12)C4=CC=CC=C4,null,null,null,null,null,SML0639,SIGMA,2021_LOPAC_01,null,null,Ro 11-1464,null,4,null,null,null,29.662,-19.931,3.297,0.375,0.902,null,null,null,null,null,null,5.5,null,null,10.553,-19.109,21.025,10.107,null,null,null,null,null,null,null,null,null,SIRFTOWPWPCSOP,null,TRND,HGOQVMzWFdutqEqrSo,null,null,null,null,null,null,null,null,null,null,null,null,null,0,4,0,null,null,173033,0 0 0 0,1,1,2025-06-17 16:13:51,null,null,null,null,null,null,null,364797183,activity,null,HTS,null,10.553,0.935,1.616,-19.109,null,null,null,null,null,null,null,null,null,null,null,null,null,null,null,null,null,null,null,null,null,278942024
TRND-Glioblastoma_LOPAC_U251-primary_screen2,NCGC00022472-18,activity,null,4,0,-0.718,C[C@]12C[C@H](O)[C@H]3[C@@H](CCC4=CC(=O)CC[C@]34C)[C@@H]1CC[C@@H]2C(=O)CO,null,null,null,null,null,C2505,SIGMA,2021_LOPAC_01,null,null,Corticosterone,null,4,null,null,null,4.742,0,null,null,null,null,null,null,null,null,null,0,null,null,3.086,-1.656,-1.556,null,null,null,null,null,null,null,null,null,null,OMFXVFTZEKFJBZ,null,TRND,OdJcdvcMwQOWJnXEhX,null,null,null,null,null,null,null,null,null,50-22-6,null,null,null,0,4,null,null,null,173033,null,1,1,2025-06-17 16:13:51,null,null,null,null,null,null,null,364799143,activity,null,HTS,null,-1.656,3.086,1.805,-0.718,null,null,null,null,null,null,null,null,null,null,null,null,null,null,null,null,null,null,null,null,null,278942025
TRND-Glioblastoma_LOPAC_U251-primary_screen2,NCGC00181123-05,activity,null,4,-10.708,-7.673,[H]\C(=C(\[H])C1=C([H])C(OC([H])([H])[H])=C(OC([H])([H])[H])C(OC([H])([H])[H])=C1[H])C(=O)N2C([H])([H])C([H])([H])N(C([H])([H])C(=O)N3C([H])([H])C([H])([H])C([H])([H])C3([H])[H])C([H])([H])C2([H])[H],null,null,null,null,null,SML1498,SIGMA,2021_LOPAC_01,null,null,Cinepazide maleate,null,4,null,null,null,12.885,-7.708,4.955,0.354,0.915,null,null,null,null,null,null,3,null,null,5.212,-7.673,4.619,7.964,null,null,null,null,null,null,null,null,null,RCUDFXMNPQNBDU,null,TRND,aUQWLDBUFQwIzIgMBN,null,null,null,null,MALEATE,null,null,null,null,null,null,null,null,0,4,0,null,null,173033,0 0 0 0,1,1,2025-06-17 16:13:51,null,null,null,null,null,null,null,364799711,activity,null,HTS,null,1.262,5.212,2.155,-7.673,null,null,null,null,null,null,null,null,null,null,null,null,null,null,null,null,null,null,null,null,null,278942026
TRND-Glioblastoma_LOPAC_U251-primary_screen2,NCGC00162114-09,activity,null,4,14.198,2.064,NC1=C2N=CN(C3CCCC3)C2=NC=N1,null,null,null,null,null,C4479,SIGMA,2021_LOPAC_01,null,null,9-cyclopentyladenine,null,4,null,null,null,14.12,12.5,4.955,1,0.917,null,null,null,null,null,null,-1.698,null,null,10.621,-3.498,12.345,8.241,null,null,null,null,null,null,null,null,null,KTJWHJNBTXITCB,null,TRND,KeNCFmPjIDGfoTXxSQ,null,null,null,null,SULFONICACID_V1,null,null,null,null,null,null,null,null,0,4,1,null,null,173033,0 0 0 1,1,1,2025-06-17 16:13:51,null,null,null,null,null,null,null,364797763,activity,null,HTS,null,0.641,-3.498,10.621,2.064,null,null,null,null,null,null,null,null,null,null,null,null,null,null,null,null,null,null,null,null,null,278942027
TRND-Glioblastoma_LOPAC_U251-primary_screen2,NCGC00015678-16,activity,null,4,0,5.429,CC(C)C1=CC(OC(C)=O)=C(C)C=C1OCCN(C)C,null,null,null,null,null,M5154,SIGMA,2021_LOPAC_01,null,null,Moxisylyte hydrochloride,null,4,null,null,null,8.991,0,null,null,null,null,null,null,null,null,null,0,null,null,5.429,-3.561,-6.037,null,null,null,null,null,null,null,null,null,null,VRYMTAVOXVTQEF,null,TRND,lBXfJWGieWCwEdBbaE,null,null,null,null,CL,null,null,null,null,964-52-3,null,null,null,0,4,null,null,null,173033,null,1,1,2025-06-17 16:13:51,null,null,null,null,null,null,null,364798303,activity,null,HTS,null,-3.561,0.392,1.027,5.429,null,null,null,null,null,null,null,null,null,null,null,null,null,null,null,null,null,null,null,null,null,278942028
TRND-Glioblastoma_LOPAC_U251-primary_screen2,NCGC00015397-16,activity,null,4,0,6.556,CCN(CC)C(=O)C1=CC(OC)=C(O)C=C1,null,null,null,null,null,E0137,SIGMA,2021_LOPAC_01,null,null,Vanillic acid diethylamide,null,4,null,null,null,4.236,0,null,null,null,null,null,null,null,null,null,0,null,null,7.23,2.994,19.65,null,null,null,null,null,null,null,null,null,null,BQJODPIMMWWMFC,null,TRND,wjOoCoVcgHUuMNyYbB,null,null,null,null,null,null,null,null,null,304-84-7,null,null,null,0,4,null,null,null,173033,null,1,1,2025-06-17 16:13:51,null,null,null,null,null,null,null,364798819,activity,null,HTS,null,2.994,7.23,4.065,6.556,null,null,null,null,null,null,null,null,null,null,null,null,null,null,null,null,null,null,null,null,null,278942029
TRND-Glioblastoma_LOPAC_U251-primary_screen2,NCGC00387485-04,activity,null,4,-18.266,-18.139,OC1=CC=C(C=C1O)C(=O)CSC#N,null,null,null,null,null,SML1073,SIGMA,2021_LOPAC_01,null,null,BIx,null,4,null,null,null,21.661,-18.766,3.192,0.434,0.863,null,null,null,null,null,null,-0.5,null,null,3.522,-18.139,-23.077,-14.522,null,null,null,null,null,null,null,null,null,SVFLBLCWKKQKDW,null,TRND,NCTgitwtkwmCUHmJiv,null,null,null,null,null,null,null,null,null,null,null,null,null,0,4,0,null,null,173033,0 0 0 0,1,1,2025-06-17 16:13:51,null,null,null,null,null,null,null,364796955,activity,null,HTS,null,-4.598,3.522,-4.636,-18.139,null,null,null,null,null,null,null,null,null,null,null,null,null,null,null,null,null,null,null,null,null,278942030
TRND-Glioblastoma_LOPAC_U251-primary_screen2,NCGC00015233-11,activity,4.466836,-2.1,-99.876,-95.045,ClC1=CC=C(C=C1)C(C2=CC=C(Cl)C=C2)[N+]3=CN(CC(OCC4=C(Cl)C=C(Cl)C=C4)C5=C(Cl)C=C(Cl)C=C5)C=C3,null,null,null,null,null,C3930,SIGMA,2021_LOPAC_01,-5.35,null,Calmidazolium chloride,null,-2.1,null,null,null,98.165,-96.376,2.188,0.005,1,null,null,null,null,null,null,3.5,null,null,3.12,-95.045,-90.409,-89.928,null,null,null,null,null,null,null,null,null,CTKNMSVWMRRCPW,null,TRND,iXjLxPGExZeFxILbYP,null,Calcium/calmodulin-dependent protein kinase kinase 2 inhibitor,null,null,CL,null,null,null,null,57265-65-3,CAMKK2,null,null,0,4,0,null,null,173033,0 0 0 0,1,1,2025-06-17 16:13:51,null,null,null,null,null,null,null,364797747,activity,null,HTS,4.62315,3.12,-2.986,-67.236,-95.045,null,null,null,null,null,null,null,null,null,null,null,null,null,null,null,null,null,null,null,null,null,278942031
TRND-Glioblastoma_LOPAC_U251-primary_screen2,NCGC00017332-09,activity,null,4,0,5.046,[H][C@]1(OC(=O)C2=C1C=CC(OC)=C2OC)[C@@]3([H])N(C)CCC4=CC5=C(OCO5)C=C34,null,null,null,null,null,H8645,SIGMA,2021_LOPAC_01,null,null,(+)-Hydrastine,null,4,null,null,null,3.974,0,null,null,null,null,null,null,null,null,null,0,null,null,5.046,1.072,9.947,null,null,null,null,null,null,null,null,null,null,JZUTXVTYJDCMDU,null,TRND,FGvvMrZyEMIPFCkATx,null,null,null,null,null,null,null,null,null,[NO STEREO] 118-08-1,null,null,null,0,4,null,null,null,173033,null,1,1,2025-06-17 16:13:51,null,null,null,null,null,null,null,364798451,activity,null,HTS,null,1.928,1.711,1.072,5.046,null,null,null,null,null,null,null,null,null,null,null,null,null,null,null,null,null,null,null,null,null,278942032
TRND-Glioblastoma_LOPAC_U251-primary_screen2,NCGC00162223-05,activity,null,4,0,-2.113,OCC1O[C@H](S[Au])C(O)[C@@H](O)[C@@H]1O,null,null,null,null,null,A0606,SIGMA,2021_LOPAC_01,null,null,Aurothioglucose,null,4,null,null,null,6.475,0,null,null,null,null,null,null,null,null,null,0,null,null,1.166,-5.309,-7.34,null,null,null,null,null,null,null,null,null,null,XHVAWZZCDCWGBK,null,TRND,cDbEVlLiHsFQAnHwPd,null,null,null,null,H2O,null,null,null,null,[NO STEREO] 12192-57-3,null,null,null,0,4,null,null,null,173033,null,1,1,2025-06-17 16:13:51,null,null,null,null,null,null,null,364798263,activity,null,HTS,null,-1.201,1.166,-5.309,-2.113,null,null,null,null,null,null,null,null,null,null,null,null,null,null,null,null,null,null,null,null,null,278942033
TRND-Glioblastoma_LOPAC_U251-primary_screen2,NCGC00601914-02,activity,null,4,12.627,1.71,CCC1=CC=C(OCC(=O)NC2=CC=C(F)C(=C2)[N+]([O-])=O)C=C1,null,null,null,null,null,SML2087,SIGMA,2021_LOPAC_01,null,null,SJ000291942,null,4,null,null,null,15.803,5,4.955,0.639,0.618,null,null,null,null,null,null,-7.627,null,null,10.697,-5.106,-3.848,-4.677,null,null,null,null,null,null,null,null,null,YSZJLXPXVFGTNK,null,TRND,ANSnQqqnPoOlxNIbdo,null,null,null,null,null,null,null,null,null,null,null,null,null,0,4,0,null,null,173033,0 0 0 0,1,1,2025-06-17 16:13:51,null,null,null,null,null,null,null,364800399,activity,null,HTS,null,-5.106,10.697,2.784,1.71,null,null,null,null,null,null,null,null,null,null,null,null,null,null,null,null,null,null,null,null,null,278942034
TRND-Glioblastoma_LOPAC_U251-primary_screen2,NCGC00186001-10,activity,null,4,0,-2.452,OC1=CC=C2C=CC=CC2=C1C\C3=C(\NC(=S)NC3=O)C4=CC=CC=C4,null,null,null,null,null,C0494,SIGMA,2021_LOPAC_01,null,null,Cambinol,null,4,null,null,null,9.331,0,null,null,null,null,null,null,null,null,null,0,null,null,6.879,-2.452,22.793,null,null,null,null,null,null,null,null,null,null,RVNSQVIUFZVNAU,null,TRND,XavtVQJoPbtBBYdcvO,null,null,null,null,null,null,null,null,null,null,null,null,null,0,4,null,null,null,173033,null,1,1,2025-06-17 16:13:51,null,null,null,null,null,null,null,364798827,activity,null,HTS,null,6.879,5.058,2.084,-2.452,null,null,null,null,null,null,null,null,null,null,null,null,null,null,null,null,null,null,null,null,null,278942035
TRND-Glioblastoma_LOPAC_U251-primary_screen2,NCGC00015688-22,activity,null,4,-9.967,-6.639,[O-][N+](=O)C1=CC(C(=O)NC2=CC=CC=C2)=C(Cl)C=C1,null,null,null,null,null,M6191,SIGMA,2021_LOPAC_01,null,null,GW9662,null,4,null,null,null,10.41,-7.967,4.955,0.496,0.811,null,null,null,null,null,null,2,null,null,3.771,-6.639,7.321,4.784,null,null,null,null,null,null,null,null,null,DNTSIBUQMRRYIU,null,TRND,eNpYRpYDWnzWAowmXu,null,null,null,null,null,null,null,null,null,null,null,null,null,0,4,0,null,null,173033,0 0 0 0,1,1,2025-06-17 16:13:51,null,null,null,null,null,null,null,364800239,activity,null,HTS,null,3.181,-0.935,3.771,-6.639,null,null,null,null,null,null,null,null,null,null,null,null,null,null,null,null,null,null,null,null,null,278942036
TRND-Glioblastoma_LOPAC_U251-primary_screen2,NCGC00487353-03,activity,null,4,-11.5,7.04,CC1(C)OC(=O)C(=C1C2=CC=C(C=C2)[S+](C)([O-])=O)C3=CC=CC(F)=C3,null,null,null,null,null,SML0994,SIGMA,2021_LOPAC_01,null,null,DFU    ,null,4,null,null,null,10.166,-2,4.955,1,0.985,null,null,null,null,null,null,9.5,null,null,10.361,0.195,32.763,32.113,null,null,null,null,null,null,null,null,null,NXERGIJHYVUXHM,null,TRND,SoErFLgnEcbTtJGXzr,null,null,null,null,null,null,null,null,null,null,null,null,null,0,4,1,null,null,173033,0 0 0 1,1,1,2025-06-17 16:13:51,null,null,null,null,null,null,null,364795679,activity,null,HTS,null,9.111,10.361,0.195,7.04,null,null,null,null,null,null,null,null,null,null,null,null,null,null,null,null,null,null,null,null,null,278942037
TRND-Glioblastoma_LOPAC_U251-primary_screen2,NCGC00185999-05,activity,null,4,0,-0.68,CN1C(=O)\C(=C/C(C)=O)C2=CC=CC=C12,null,null,null,null,null,S3322,SIGMA,2021_LOPAC_01,null,null,Supercinnamaldehyde,null,4,null,null,null,5.002,0,null,null,null,null,null,null,null,null,null,0,null,null,3.783,-1.219,4.921,null,null,null,null,null,null,null,null,null,null,CZKBLHCEDVWPRN,null,TRND,kctTkcGbNMnBvQSGLh,null,null,null,null,null,null,null,null,null,null,null,null,null,0,4,null,null,null,173033,null,1,1,2025-06-17 16:13:51,null,null,null,null,null,null,null,364800375,activity,null,HTS,null,1.257,3.783,-1.219,-0.68,null,null,null,null,null,null,null,null,null,null,null,null,null,null,null,null,null,null,null,null,null,278942038
TRND-Glioblastoma_LOPAC_U251-primary_screen2,NCGC00264107-03,activity,null,4,0,-6.039,ON(CCCP(O)(O)=O)C=O,null,null,null,null,null,F8682,SIGMA,2021_LOPAC_01,null,null,Fosmidomycin sodium salt hydrate,null,4,null,null,null,8.419,0,null,null,null,null,null,null,null,null,null,0,null,null,2.379,-6.039,3.593,null,null,null,null,null,null,null,null,null,null,GJXWDTUCERCKIX,null,TRND,QipUBdpBMwVtYVSctx,null,null,null,null,SODIUM,null,null,null,null,66508-53-0,null,null,null,0,4,null,null,null,173033,null,1,1,2025-06-17 16:13:51,null,null,null,null,null,null,null,364796315,activity,null,HTS,null,2.379,-1.697,1.931,-6.039,null,null,null,null,null,null,null,null,null,null,null,null,null,null,null,null,null,null,null,null,null,278942039
TRND-Glioblastoma_LOPAC_U251-primary_screen2,NCGC00015040-09,activity,null,4,-14.115,-1.763,OC(=O)C1=CC(C=CC1=O)=C(C2=CC(C(O)=O)=C(O)C=C2)C3=CC(C(O)=O)=C(O)C=C3,null,null,null,null,null,A1895,SIGMA,2021_LOPAC_01,null,null,Aurintricarboxylic acid,null,4,null,null,null,19.852,-2.115,2.72,0.634,0.626,null,null,null,null,null,null,12,null,null,18.089,-1.763,32.302,45.251,null,null,null,null,null,null,null,null,null,GIXWDMTZECRIJT,null,TRND,kqYeFgkIoqxsAoWZpL,null,null,null,null,null,null,null,null,null,null,null,null,null,0,4,0,null,null,173033,0 0 0 0,1,1,2025-06-17 16:13:51,null,null,null,null,null,null,null,364798727,activity,null,HTS,null,5.913,18.089,5.974,-1.763,null,null,null,null,null,null,null,null,null,null,null,null,null,null,null,null,null,null,null,null,null,278942040
TRND-Glioblastoma_LOPAC_U251-primary_screen2,NCGC00015216-24,activity,null,4,0,1.46,CCCNC(=O)N[S+]([O-])(=O)C1=CC=C(Cl)C=C1,null,null,null,null,null,C1290,SIGMA,2021_LOPAC_01,null,null,Chlorpropamide,null,4,null,null,null,6.434,0,null,null,null,null,null,null,null,null,null,0,null,null,6.536,0.102,7.124,null,null,null,null,null,null,null,null,null,null,AXDFBAZVLINUSR,null,TRND,gIoyBKAOcljhNcpTQn,null,null,null,null,null,null,null,null,null,94-20-2,null,null,null,0,4,null,null,null,173033,null,1,1,2025-06-17 16:13:51,null,null,null,null,null,null,null,364799767,activity,null,HTS,null,0.102,6.536,2.154,1.46,null,null,null,null,null,null,null,null,null,null,null,null,null,null,null,null,null,null,null,null,null,278941497
TRND-Glioblastoma_LOPAC_U251-primary_screen2,NCGC00015781-09,activity,null,4,-11,1.761,NCC(CP(O)(O)=O)C1=CC=C(Cl)C=C1,null,null,null,null,null,P118,SIGMA,2021_LOPAC_01,null,null,Phaclofen,null,4,null,null,null,11.773,1.5,4.095,0.098,0.994,null,null,null,null,null,null,12.5,null,null,12.632,0.859,38.851,38.609,null,null,null,null,null,null,null,null,null,VSGNGLJPOGUDON,null,TRND,YsEFUJvcXzJIQlKykh,null,null,null,null,null,null,null,null,null,null,null,null,null,0,4,0,null,null,173033,0 0 0 0,1,1,2025-06-17 16:13:51,null,null,null,null,null,null,null,364795743,activity,null,HTS,null,12.632,3.245,0.859,1.761,null,null,null,null,null,null,null,null,null,null,null,null,null,null,null,null,null,null,null,null,null,278941498
TRND-Glioblastoma_LOPAC_U251-primary_screen2,NCGC00024976-12,activity,null,4,-11.406,-2.421,CCNC(=O)[C@H]1O[C@H](C(O)[C@@H]1O)N2C=NC3=C2N=C(NCCC4=CC=C(CCC(O)=O)C=C4)N=C3N,null,null,null,null,null,C141,SIGMA,2021_LOPAC_01,null,null,CGS-21680 hydrochloride,null,4,null,null,null,12.608,-0.906,4.095,0.317,0.933,null,null,null,null,null,null,10.5,null,null,10.187,-2.421,27.912,27.899,null,null,null,null,null,null,null,null,null,PAOANWZGLPPROA,null,TRND,IkjIbamMWclmWucwMl,null,Adenosine Receptor A2A agonist,null,null,CL,null,null,null,null,null,ADORA2A,null,null,0,4,0,null,null,173033,0 0 0 0,1,1,2025-06-17 16:13:51,null,null,null,null,null,null,null,364795519,activity,null,HTS,null,10.187,0.276,1.032,-2.421,null,null,null,null,null,null,null,null,null,null,null,null,null,null,null,null,null,null,null,null,null,278941499
TRND-Glioblastoma_LOPAC_U251-primary_screen2,NCGC00160529-16,activity,null,4,0,4.659,ClC1=C(NC2=NCCN2)C3=NSN=C3C=C1,null,null,null,null,null,T6950,SIGMA,2021_LOPAC_01,null,null,Tizanidine hydrochloride,null,4,null,null,null,6.044,0,null,null,null,null,null,null,null,null,null,0,null,null,4.659,-1.385,4.676,null,null,null,null,null,null,null,null,null,null,XFYDIVBRZNQMJC,null,TRND,GvhJmUHFuRxCMgJHYN,null,Alpha-2 Adrenergic Receptor agonist,null,null,CL,null,null,null,null,51322-75-9,ADRA2A,null,null,0,4,null,null,null,173033,null,1,1,2025-06-17 16:13:51,null,null,null,null,null,null,null,364800179,activity,null,HTS,null,1.231,-0.317,-1.385,4.659,null,null,null,null,null,null,null,null,null,null,null,null,null,null,null,null,null,null,null,null,null,278941500
TRND-Glioblastoma_LOPAC_U251-primary_screen2,NCGC00016665-17,activity,null,4,0,-3.846,CC(C)NC[C@H](O)C1=CC(O)=C(O)C=C1,null,null,null,null,null,I6504,SIGMA,2021_LOPAC_01,null,null,(-)-Isoproterenol hydrochloride,null,4,null,null,null,2.761,0,null,null,null,null,null,null,null,null,null,0,null,null,-1.637,-4.397,-12.231,null,null,null,null,null,null,null,null,null,null,JWZZKOKVBUJMES,null,TRND,fIShMDsaOPqsJiejpI,null,null,null,null,CL,null,null,null,null,5984-95-2,null,null,null,0,4,null,null,null,173033,null,1,1,2025-06-17 16:13:51,null,null,null,null,null,null,null,364797579,activity,null,HTS,null,-2.158,-1.637,-4.397,-3.846,null,null,null,null,null,null,null,null,null,null,null,null,null,null,null,null,null,null,null,null,null,278941501
TRND-Glioblastoma_LOPAC_U251-primary_screen2,NCGC00015659-24,activity,null,4,0,2.824,CC(N)COC1=C(C)C=CC=C1C,null,null,null,null,null,M2727,SIGMA,2021_LOPAC_01,null,null,Mexiletene hydrochloride,null,4,null,null,null,6.626,0,null,null,null,null,null,null,null,null,null,0,null,null,5.432,-1.194,3.816,null,null,null,null,null,null,null,null,null,null,VLPIATFUUWWMKC,null,TRND,BogrDUVpvRzqUneTRS,null,null,null,null,CL,null,null,null,null,1267397,null,null,null,0,4,null,null,null,173033,null,1,1,2025-06-17 16:13:51,null,null,null,null,null,null,null,364799535,activity,null,HTS,null,-1.194,5.432,2.645,2.824,null,null,null,null,null,null,null,null,null,null,null,null,null,null,null,null,null,null,null,null,null,278941502
TRND-Glioblastoma_LOPAC_U251-primary_screen2,NCGC00093631-05,activity,null,4,0,10.155,N[C@@H](CC=C)C(O)=O,null,null,null,null,null,A7762,SIGMA,2021_LOPAC_01,null,null,L-allylglycine,null,4,null,null,null,6.679,0,null,null,null,null,null,null,null,null,null,0,null,null,10.155,3.476,26.105,null,null,null,null,null,null,null,null,null,null,WNNNWFKQCKFSDK,null,TRND,PhuyXYiQgkHpWRvjmG,null,null,null,null,null,null,null,null,null,null,null,null,null,0,4,null,null,null,173033,null,1,1,2025-06-17 16:13:51,null,null,null,null,null,null,null,364799487,activity,null,HTS,null,5.373,4.903,3.476,10.155,null,null,null,null,null,null,null,null,null,null,null,null,null,null,null,null,null,null,null,null,null,278941503
TRND-Glioblastoma_LOPAC_U251-primary_screen2,NCGC00162206-08,activity,null,4,0,1.504,CCCCCC(O)CCCC([O-])=O,null,null,null,null,null,H135,SIGMA,2021_LOPAC_01,null,null,5-hydroxydecanoic acid sodium,null,4,null,null,null,3.08,0,null,null,null,null,null,null,null,null,null,0,null,null,3.001,-0.079,10.509,null,null,null,null,null,null,null,null,null,null,LMHJFKYQYDSOQO,null,TRND,xuqUItBlDetgliQhZN,null,null,null,null,SODIUM,null,null,null,null,null,null,null,null,0,4,null,null,null,173033,null,1,1,2025-06-17 16:13:51,null,null,null,null,null,null,null,364799763,activity,null,HTS,null,2.766,3.001,-0.079,1.504,null,null,null,null,null,null,null,null,null,null,null,null,null,null,null,null,null,null,null,null,null,278941504
TRND-Glioblastoma_LOPAC_U251-primary_screen2,NCGC00015989-31,activity,null,4,0,1.932,O=C1N(C2CCC(=O)NC2=O)C(=O)C3=C1C=CC=C3,null,null,null,null,null,T144,SIGMA,2021_LOPAC_01,null,null,(±)-Thalidomide,null,4,null,null,null,6.893,0,null,null,null,null,null,null,null,null,null,0,null,null,8.825,1.932,19.242,null,null,null,null,null,null,null,null,null,null,UEJJHQNACJXSKW,null,TRND,RWbAhstmsMCmbSHMJF,null,Cereblon inhibitor,null,null,null,null,null,null,null,50-35-1,CRBN,null,null,0,4,null,null,null,173033,null,1,1,2025-06-17 16:13:51,null,null,null,null,null,null,null,364797303,activity,null,HTS,null,2.22,8.436,8.825,1.932,null,null,null,null,null,null,null,null,null,null,null,null,null,null,null,null,null,null,null,null,null,278941505
TRND-Glioblastoma_LOPAC_U251-primary_screen2,NCGC00507736-02,activity,null,4,0,3.847,CC1(C)SCCN(C1C(=O)NO)[S+]([O-])(=O)C2=CC=C(OCC#CCO)C=C2,null,null,null,null,null,SML1543,SIGMA,2021_LOPAC_01,null,null,Apratastat ,null,4,null,null,null,9.404,0,null,null,null,null,null,null,null,null,null,0,null,null,3.847,-5.557,-7.254,null,null,null,null,null,null,null,null,null,null,BZHWKODEVHFEOJ,null,TRND,VNvzBHICqwSORvjUDj,null,null,null,null,null,null,null,null,null,[NO STEREO] 287405-51-0,null,null,null,0,4,null,null,null,173033,null,1,1,2025-06-17 16:13:51,null,null,null,null,null,null,null,364799947,activity,null,HTS,null,-1.882,-0.238,-5.557,3.847,null,null,null,null,null,null,null,null,null,null,null,null,null,null,null,null,null,null,null,null,null,278941506
TRND-Glioblastoma_LOPAC_U251-primary_screen2,NCGC00015463-10,activity,null,4,28.683,-14.877,CC1=NN=C(C2=CC=C(N)C=C2)C3=CC4=C(OCO4)C=C3C1,null,null,null,null,null,G119,SIGMA,2021_LOPAC_01,null,null,GYKI 52466 hydrochloride,null,4,null,null,null,38.445,27,4.955,1,0.802,null,null,null,null,null,null,-1.683,null,null,23.569,-14.877,37.994,24.859,null,null,null,null,null,null,null,null,null,LFBZZHVSGAHQPP,null,TRND,jyEnTtlayOBYedtUIq,null,null,null,null,CL,null,null,null,null,null,null,null,null,0,4,1,null,null,173033,0 0 0 1,1,1,2025-06-17 16:13:51,null,null,null,null,null,null,null,364800451,activity,null,HTS,null,5.529,-8.902,23.569,-14.877,null,null,null,null,null,null,null,null,null,null,null,null,null,null,null,null,null,null,null,null,null,278941507
TRND-Glioblastoma_LOPAC_U251-primary_screen2,NCGC00015043-15,activity,null,4,0,5.709,NCCCC(O)=O,null,null,null,null,null,A2129,SIGMA,2021_LOPAC_01,null,null,GABA,null,4,null,null,null,5.739,0,null,null,null,null,null,null,null,null,null,0,null,null,5.709,-0.03,11.889,null,null,null,null,null,null,null,null,null,null,BTCSSZJGUNDROE,null,TRND,JFUjYtXEdjwFwZejst,null,null,null,null,null,null,null,null,null,56-12-2,null,null,null,0,4,null,null,null,173033,null,1,1,2025-06-17 16:13:51,null,null,null,null,null,null,null,364795547,activity,null,HTS,null,2.328,3.504,-0.03,5.709,null,null,null,null,null,null,null,null,null,null,null,null,null,null,null,null,null,null,null,null,null,278941508
TRND-Glioblastoma_LOPAC_U251-primary_screen2,NCGC00181785-16,activity,19.952623,-3,-81.567,-80.209,C[C@@H](O[C@H]1OCCN(CC2=NC(=O)NN2)[C@H]1C3=CC=C(F)C=C3)C4=CC(=CC(=C4)C(F)(F)F)C(F)(F)F,null,null,null,null,null,SML2215,SIGMA,2021_LOPAC_01,-4.7,null,Aprepitant,null,-3,null,null,null,78.494,-86.125,4.955,0.116,0.992,null,null,null,null,null,null,-4.558,null,null,-1.715,-80.209,-71.085,-61.405,null,null,null,null,null,null,null,null,null,ATALOFNDEOCMKK,null,TRND,qQqNdtKNFqagUDmJSt,null,Tachykinin receptor 1 antagonist,null,null,null,null,null,null,null,170729-80-3,TACR1,null,null,0,4,0,null,null,173033,0 0 0 0,1,1,2025-06-17 16:13:51,null,null,null,null,null,null,null,364800035,activity,null,HTS,21.305351,-9.305,-2.717,-1.715,-80.209,null,null,null,null,null,null,null,null,null,null,null,null,null,null,null,null,null,null,null,null,null,278941509
TRND-Glioblastoma_LOPAC_U251-primary_screen2,NCGC00025167-19,activity,null,4,12.5,2.774,COC1=CC=C(C[C@H](C)NC[C@@H](O)C2=CC(NC=O)=C(O)C=C2)C=C1,null,null,null,null,null,F9552,SIGMA,2021_LOPAC_01,null,null,Formoterol,null,4,null,null,null,14.375,6.5,4.955,0.586,0.705,null,null,null,null,null,null,-6,null,null,10.625,-3.75,2.33,2.655,null,null,null,null,null,null,null,null,null,BPZSYCZIITTYBL,null,TRND,bBalukhrhOchGoSwiI,null,null,null,null,FUMARIC_ACID,null,null,null,null,[NO STEREO] 183814-30-4,null,null,null,0,4,0,null,null,173033,0 0 0 0,1,1,2025-06-17 16:13:51,null,null,null,null,null,null,null,364796559,activity,null,HTS,null,-3.75,10.625,5.511,2.774,null,null,null,null,null,null,null,null,null,null,null,null,null,null,null,null,null,null,null,null,null,278941510
TRND-Glioblastoma_LOPAC_U251-primary_screen2,NCGC00015155-25,activity,null,4,0,-3.937,CC(C)COCC(CN(CC1=CC=CC=C1)C2=CC=CC=C2)N3CCCC3,null,null,null,null,null,B5016,SIGMA,2021_LOPAC_01,null,null,Bepridil hydrochloride,null,4,null,null,null,7.738,0,null,null,null,null,null,null,null,null,null,0,null,null,3.801,-3.937,-11.035,null,null,null,null,null,null,null,null,null,null,UIEATEWHFDRYRU,null,TRND,oryaKSNHyDKXXkTyZw,null,Voltage-dependent P/Q-type calcium channel subunit alpha-1A Blocker,null,null,CL,null,null,null,null,68099-86-5,CACNA1A,null,null,0,4,null,null,null,173033,null,1,1,2025-06-17 16:13:51,null,null,null,null,null,null,null,364799655,activity,null,HTS,null,-3.734,3.801,-1.801,-3.937,null,null,null,null,null,null,null,null,null,null,null,null,null,null,null,null,null,null,null,null,null,278941511
TRND-Glioblastoma_LOPAC_U251-primary_screen2,NCGC00689997-01,activity,null,4,0,1.689,C[C@H]1CC(=O)NC2=CC(=CC=C2N1C(=O)N3CC4CC4C3)C(=O)NCCC5CC5,null,null,null,null,null,SML2325,SIGMA,2021_LOPAC_01,null,null,BAY-6035,null,4,null,null,null,8.002,0,null,null,null,null,null,null,null,null,null,0,null,null,9.692,1.689,22.771,null,null,null,null,null,null,null,null,null,null,CKFRXCBNKKOFGO,null,TRND,wWHfmkyMBtVPbwGwDQ,null,null,null,null,null,null,null,null,null,null,null,null,null,0,4,null,null,null,173033,null,1,1,2025-06-17 16:13:51,null,null,null,null,null,null,null,364800339,activity,null,HTS,null,3.576,7.417,9.692,1.689,null,null,null,null,null,null,null,null,null,null,null,null,null,null,null,null,null,null,null,null,null,278941512
TRND-Glioblastoma_LOPAC_U251-primary_screen2,NCGC00015494-13,activity,null,4,0,6.424,CCCN(CCC)C1CCC2=C(C1)C=C(O)C=C2,null,null,null,null,null,H8653,SIGMA,2021_LOPAC_01,null,null,(±)-7-Hydroxy-DPAT hydrobromide,null,4,null,null,null,6.138,0,null,null,null,null,null,null,null,null,null,0,null,null,8.826,2.688,19.666,null,null,null,null,null,null,null,null,null,null,BLYMJBIZMIGWFK,null,TRND,sRBVlfdwsqTKhFOLgU,null,null,null,null,BR,null,null,null,null,null,null,null,null,0,4,null,null,null,173033,null,1,1,2025-06-17 16:13:51,null,null,null,null,null,null,null,364799091,activity,null,HTS,null,2.688,3.804,8.826,6.424,null,null,null,null,null,null,null,null,null,null,null,null,null,null,null,null,null,null,null,null,null,278941513
TRND-Glioblastoma_LOPAC_U251-primary_screen2,NCGC00388122-02,activity,null,4,-23.216,-22.263,COC1=C(OC)C=C(CC2=NN3C(=NC(C)=C3C(=O)N2)[C@@H](CCCC4=CC=CC=C4)[C@@H](C)O)C=C1,null,null,null,null,null,SML2311,SIGMA,2021_LOPAC_01,null,null,BAY 60-7550,null,4,null,null,null,24.004,-22.716,3.247,0.103,0.993,null,null,null,null,null,null,0.5,null,null,1.741,-22.263,-10.399,-13.074,null,null,null,null,null,null,null,null,null,MYTWFJKBZGMYCS,null,TRND,xqpCOeGvkZwtrlOfKf,null,null,null,null,null,null,null,null,null,439083-90-6,null,null,null,0,4,0,null,null,173033,0 0 0 0,1,1,2025-06-17 16:13:51,null,null,null,null,null,null,null,364795915,activity,null,HTS,null,1.741,-0.408,-4.636,-22.263,null,null,null,null,null,null,null,null,null,null,null,null,null,null,null,null,null,null,null,null,null,278941514
TRND-Glioblastoma_LOPAC_U251-primary_screen2,NCGC00027930-18,activity,null,4,0,7.616,ClC1=CC=C(C=C1)C(=O)NCCN2CCOCC2,null,null,null,null,null,M3071,SIGMA,2021_LOPAC_01,null,null,Moclobemide,null,4,null,null,null,8.48,0,null,null,null,null,null,null,null,null,null,0,null,null,12.636,4.156,33.425,null,null,null,null,null,null,null,null,null,null,YHXISWVBGDMDLQ,null,TRND,CBMIVoVKIHoakFlHUt,null,null,null,null,null,null,null,null,null,71320-77-9,null,null,null,0,4,null,null,null,173033,null,1,1,2025-06-17 16:13:51,null,null,null,null,null,null,null,364797291,activity,null,HTS,null,6.372,12.636,4.156,7.616,null,null,null,null,null,null,null,null,null,null,null,null,null,null,null,null,null,null,null,null,null,278941515
TRND-Glioblastoma_LOPAC_U251-primary_screen2,NCGC00015860-21,activity,null,4,-12.57,-0.826,CCCNC(C)C(=O)NC1=C(C)C=CC=C1,null,null,null,null,null,P9547,SIGMA,2021_LOPAC_01,null,null,Prilocaine hydrochloride,null,4,null,null,null,12.48,-11.07,4.955,1,0.871,null,null,null,null,null,null,1.5,null,null,3.672,-8.808,-10.602,-6.645,null,null,null,null,null,null,null,null,null,MVFGUOIZUNYYSO,null,TRND,bqXmJOPlAjtOnDGsbV,null,null,null,null,CL,null,null,null,null,1786-81-8,null,null,null,0,4,1,null,null,173033,0 0 0 1,1,1,2025-06-17 16:13:51,null,null,null,null,null,null,null,364798267,activity,null,HTS,null,-0.857,3.672,-8.808,-0.826,null,null,null,null,null,null,null,null,null,null,null,null,null,null,null,null,null,null,null,null,null,278941516
TRND-Glioblastoma_LOPAC_U251-primary_screen2,NCGC00162271-12,activity,null,4,-12,1.368,CCN1C=C(C([O-])=O)C(=O)C2=CC=C(C)N=C12,null,null,null,null,null,N4382,SIGMA,2021_LOPAC_01,null,null,Nalidixic acid sodium,null,4,null,null,null,12.854,3,4.095,0.283,0.948,null,null,null,null,null,null,15,null,null,14.222,1.368,45.668,45.202,null,null,null,null,null,null,null,null,null,MHWLWQUZZRMNGJ,null,TRND,EHyXSJvnAsSQUALxCq,null,null,null,null,SODIUM,null,null,null,null,538497,null,null,null,0,4,0,null,null,173033,0 0 0 0,1,1,2025-06-17 16:13:51,null,null,null,null,null,null,null,364797979,activity,null,HTS,null,14.222,3.24,4.598,1.368,null,null,null,null,null,null,null,null,null,null,null,null,null,null,null,null,null,null,null,null,null,278941517
TRND-Glioblastoma_LOPAC_U251-primary_screen2,NCGC00386697-06,activity,0.251189,5,-49.542,-65.417,COC1=CC(=CC=C1)C2=CC(NCC3=CC=C4OCOC4=C3)=NC(N)=N2,null,null,null,null,null,SML0698,SIGMA,2021_LOPAC_01,-6.6,null,CID 11210285 hydrochloride,null,-1.2,null,null,null,23.696,-66.075,0.7,0.124,0.99,null,null,null,null,null,null,-16.533,null,null,-41.721,-65.417,-230.664,-230.994,null,null,null,null,null,null,null,null,null,FABQUVYDAXWUQP,null,TRND,AoPafKpcHqicbeQAKM,null,null,null,null,CL,null,null,null,null,null,null,null,null,0,4,0,null,null,173033,0 0 0 0,1,1,2025-06-17 16:13:51,null,null,null,null,null,null,null,364796083,activity,null,HTS,null,-41.721,-54.922,-60.219,-65.417,null,null,null,null,null,null,null,null,null,null,null,null,null,null,null,null,null,null,null,null,null,278941518
TRND-Glioblastoma_LOPAC_U251-primary_screen2,NCGC00015527-06,activity,null,4,-9.5,0.407,NO,null,null,null,null,null,H9876,SIGMA,2021_LOPAC_01,null,null,Hydroxylamine hydrochloride,null,4,null,null,null,15.405,0.5,4.504,0.684,0.523,null,null,null,null,null,null,10,null,null,15.812,0.407,30.514,41.45,null,null,null,null,null,null,null,null,null,AVXURJPOCDRRFD,null,TRND,esIwsYHVPtpwcXdQOK,null,null,null,null,CL,null,null,null,null,null,null,null,null,0,4,0,null,null,173033,0 0 0 0,1,1,2025-06-17 16:13:51,null,null,null,null,null,null,null,364800387,activity,null,HTS,null,4.645,15.812,9.097,0.407,null,null,null,null,null,null,null,null,null,null,null,null,null,null,null,null,null,null,null,null,null,278941519
TRND-Glioblastoma_LOPAC_U251-primary_screen2,NCGC00024485-12,activity,null,4,-13.616,-5.723,NC\C=C\C(O)=O,null,null,null,null,null,T1694,SIGMA,2021_LOPAC_01,null,null,(E)-4-amino-2-butenoic acid,null,4,null,null,null,14.784,-6.116,4.955,0.194,0.976,null,null,null,null,null,null,7.5,null,null,8.854,-5.93,16.032,18.89,null,null,null,null,null,null,null,null,null,FMKJUUQOYOHLTF,null,TRND,JFUjYtETHjryGfhCKf,null,null,null,null,null,null,null,null,null,null,null,null,null,0,4,0,null,null,173033,0 0 0 0,1,1,2025-06-17 16:13:51,null,null,null,null,null,null,null,364797311,activity,null,HTS,null,6.126,8.854,-5.93,-5.723,null,null,null,null,null,null,null,null,null,null,null,null,null,null,null,null,null,null,null,null,null,278941520
TRND-Glioblastoma_LOPAC_U251-primary_screen2,NCGC00015028-14,activity,null,4,12.123,-2.705,NC(=N)NCCCCNC(N)=N,null,null,null,null,null,A0384,SIGMA,2021_LOPAC_01,null,null,Arcaine sulfate,null,4,null,null,null,11.848,-2,4.955,0.549,0.754,null,null,null,null,null,null,-14.123,null,null,1.328,-10.52,-32.872,-32.894,null,null,null,null,null,null,null,null,null,HGMDNMBBCKDWTQ,null,TRND,EcRBgRGCkcGQpVCGJy,null,null,null,null,SULFURIC_ACID,null,null,null,null,null,null,null,null,0,4,0,null,null,173033,0 0 0 0,1,1,2025-06-17 16:13:51,null,null,null,null,null,null,null,364799335,activity,null,HTS,null,-10.52,1.328,-4.554,-2.705,null,null,null,null,null,null,null,null,null,null,null,null,null,null,null,null,null,null,null,null,null,278941521
TRND-Glioblastoma_LOPAC_U251-primary_screen2,NCGC00507753-02,activity,null,4,0,3.849,O=C(N[C@H]1CC2CCN(C2)C1)C3=CNC4=C(SC=C4)C3=O,null,null,null,null,null,SmL1038,SIGMA,2021_LOPAC_01,null,null,MKC-733,null,4,null,null,null,5.712,0,null,null,null,null,null,null,null,null,null,0,null,null,9.561,3.849,30.641,null,null,null,null,null,null,null,null,null,null,XRLQZRQVIYPVAZ,null,TRND,RAwlLDZvoXKMUJOaLK,null,null,null,null,CL,null,null,null,null,null,null,null,null,0,4,null,null,null,173033,null,1,1,2025-06-17 16:13:51,null,null,null,null,null,null,null,364797559,activity,null,HTS,null,6.657,9.561,4.951,3.849,null,null,null,null,null,null,null,null,null,null,null,null,null,null,null,null,null,null,null,null,null,278941522
TRND-Glioblastoma_LOPAC_U251-primary_screen2,NCGC00025303-12,activity,null,4,-13.458,-3.715,CCN1CCC[C@H]1CNC(=O)C2=C(O)C(Cl)=CC(Cl)=C2OC,null,null,null,null,null,R121,SIGMA,2021_LOPAC_01,null,null,S(+)-Raclopride L-tartrate,null,4,null,null,null,18.549,-3.958,3.512,0.617,0.655,null,null,null,null,null,null,9.5,null,null,14.834,-3.715,23.227,35.124,null,null,null,null,null,null,null,null,null,WAOQONBSWFLFPE,null,TRND,potsUCgFHtvrXSnAwy,null,null,null,null,TARTRATE,null,null,null,null,84225-95-6,null,null,null,0,4,0,null,null,173033,0 0 0 0,1,1,2025-06-17 16:13:51,null,null,null,null,null,null,null,364798259,activity,null,HTS,null,3.856,14.834,5.879,-3.715,null,null,null,null,null,null,null,null,null,null,null,null,null,null,null,null,null,null,null,null,null,278941523
TRND-Glioblastoma_LOPAC_U251-primary_screen2,NCGC00386725-09,activity,10,-3,-102.164,-92.425,CCCCOC1=CC=C(CC\C=C2/SC(=O)N(CCN)C2=O)C=C1,null,null,null,null,null,SML1003,SIGMA,2021_LOPAC_01,-5,null,K145 hydrochloride,null,-3,null,null,null,101.963,-93.164,3.99,0.009,1,null,null,null,null,null,null,9,null,null,9.538,-92.425,-21.574,-22.844,null,null,null,null,null,null,null,null,null,MPZXLTZVPUSTFY,null,TRND,ASxsNfqARJBbJZWyFw,null,null,null,null,CL,null,null,null,null,null,null,null,null,0,4,0,null,null,173033,0 0 0 0,1,1,2025-06-17 16:13:51,null,null,null,null,null,null,null,364797015,activity,null,HTS,10.375323,9.538,8.734,-7.95,-92.425,null,null,null,null,null,null,null,null,null,null,null,null,null,null,null,null,null,null,null,null,null,278941524
TRND-Glioblastoma_LOPAC_U251-primary_screen2,NCGC00016065-24,activity,null,4,-9.5,13.419,CCN(CC1=CC=NC=C1)C(=O)C(CO)C2=CC=CC=C2,null,null,null,null,null,T9778,SIGMA,2021_LOPAC_01,null,null,Tropicamide,null,4,null,null,null,12.591,-1,4.955,1,0.795,null,null,null,null,null,null,8.5,null,null,13.419,0.828,26.537,29.592,null,null,null,null,null,null,null,null,null,BGDKAVGWHJFAGW,null,TRND,FeBXJmzirfmQUskVJh,null,null,null,null,null,null,null,null,null,1508-75-4,null,null,null,0,4,1,null,null,173033,0 0 0 1,1,1,2025-06-17 16:13:51,null,null,null,null,null,null,null,364797287,activity,null,HTS,null,6.412,11.06,0.828,13.419,null,null,null,null,null,null,null,null,null,null,null,null,null,null,null,null,null,null,null,null,null,278941525
TRND-Glioblastoma_LOPAC_U251-primary_screen2,NCGC00390240-08,activity,10,-3,-61.224,-59.845,C[C@@H](O[C@H]1OCCN(CC2=NC(=O)N(N2)P(O)(O)=O)[C@H]1C3=CC=C(F)C=C3)C4=CC(=CC(=C4)C(F)(F)F)C(F)(F)F,null,null,null,null,null,SML2228,SIGMA,2021_LOPAC_01,-5,null,Fosaprepitant dimeglumine,null,-3,null,null,null,61.494,-60.224,4.045,0.038,0.999,null,null,null,null,null,null,1,null,null,1.648,-59.845,-37.416,-34.219,null,null,null,null,null,null,null,null,null,BARDROPHSZEBKC,null,TRND,jDGLhdinSHkErcaVpR,null,null,null,null,MEGLUMINE,null,null,null,null,172673-20-0,null,null,null,0,4,0,null,null,173033,0 0 0 0,1,1,2025-06-17 16:13:51,null,null,null,null,null,null,null,364798515,activity,null,HTS,14.805497,-0.321,1.648,-8.891,-59.845,null,null,null,null,null,null,null,null,null,null,null,null,null,null,null,null,null,null,null,null,null,278941526
TRND-Glioblastoma_LOPAC_U251-primary_screen2,NCGC00015773-14,activity,null,4,12,11.715,O=C1CCCN1CC#CCN2CCCC2,null,null,null,null,null,O9126,SIGMA,2021_LOPAC_01,null,null,Oxotremorine sesquifumarate salt,null,4,null,null,null,10.123,10,4.955,0.467,0.838,null,null,null,null,null,null,-2,null,null,11.715,1.592,22.973,23.733,null,null,null,null,null,null,null,null,null,RSDOPYMFZBJHRL,null,TRND,ZnGUqMqFHezSuZLkOs,null,null,null,null,FUMARIC_ACID,null,null,null,null,null,null,null,null,0,4,0,null,null,173033,0 0 0 0,1,1,2025-06-17 16:13:51,null,null,null,null,null,null,null,364797939,activity,null,HTS,null,1.592,10.357,7.377,11.715,null,null,null,null,null,null,null,null,null,null,null,null,null,null,null,null,null,null,null,null,null,278941527
TRND-Glioblastoma_LOPAC_U251-primary_screen2,NCGC00263210-08,activity,null,4,19.5,-4.134,CCOC1=CC(=CC(OCC)=C1OCC)C(=O)NC2=CC(C3=NC4=C(N3)C=CC=C4)=C(Cl)C=C2,null,null,null,null,null,SML0644,SIGMA,2021_LOPAC_01,null,null,SANT-2,null,4,null,null,null,23.234,20,1.862,1,1,null,null,null,null,null,null,0.5,null,null,19.1,-4.134,34.945,35.647,null,null,null,null,null,null,null,null,null,VQOJFGFKIVFMDH,null,TRND,ZgfPifiVEgRGIVjdsi,null,Smoothened Receptor antagonist,null,null,null,null,null,null,null,null,SMO,null,null,0,4,1,null,null,173033,0 0 0 1,1,1,2025-06-17 16:13:51,null,null,null,null,null,null,null,364798935,activity,null,HTS,null,1.455,10.748,19.1,-4.134,null,null,null,null,null,null,null,null,null,null,null,null,null,null,null,null,null,null,null,null,null,278941528
TRND-Glioblastoma_LOPAC_U251-primary_screen2,NCGC00162351-05,activity,15.848932,-3,-99.247,-92.616,[H][C@](O)(CN[C@@]1([H])CCC2=C(C1)C=CC=C2)COC3=CC=CC=C3CC,null,null,null,null,null,S8688,SIGMA,2021_LOPAC_01,-4.8,null,SR 59230A oxalate,null,-3,null,null,null,94.847,-97.247,4.095,0.011,1,null,null,null,null,null,null,2,null,null,2.231,-92.616,-42.143,-42.346,null,null,null,null,null,null,null,null,null,ZDWNVUUXKGJQMT,null,TRND,OIKQRWDfAwXLXSFDlK,null,null,null,null,OXALIC_ACID,null,null,null,null,null,null,null,null,0,4,0,null,null,173033,0 0 0 0,1,1,2025-06-17 16:13:51,null,null,null,null,null,null,null,364796767,activity,null,HTS,16.069629,2.231,1.354,-0.847,-92.616,null,null,null,null,null,null,null,null,null,null,null,null,null,null,null,null,null,null,null,null,null,278941529
TRND-Glioblastoma_LOPAC_U251-primary_screen2,NCGC00093936-16,activity,null,4,0,-0.367,[H][C@](N)(CCC(N)=O)C(O)=O,null,null,null,null,null,G3126,SIGMA,2021_LOPAC_01,null,null,L-Glutamine,null,4,null,null,null,9.774,0,null,null,null,null,null,null,null,null,null,0,null,null,9.407,-0.367,11.178,null,null,null,null,null,null,null,null,null,null,ZDXPYRJPNDTMRX,null,TRND,NDJzcJaglduXebcuVY,null,null,null,null,null,null,null,null,null,56-85-9,null,null,null,0,4,null,null,null,173033,null,1,1,2025-06-17 16:13:51,null,null,null,null,null,null,null,364799771,activity,null,HTS,null,-0.022,6.947,9.407,-0.367,null,null,null,null,null,null,null,null,null,null,null,null,null,null,null,null,null,null,null,null,null,278941530
TRND-Glioblastoma_LOPAC_U251-primary_screen2,NCGC00487358-03,activity,null,4,0,8.694,CC(C)N1CCC(CC1)N(C(=O)CC2=CC=CC=C2)C3=CC=C(Cl)C=C3,null,null,null,null,null,SML1025,SIGMA,2021_LOPAC_01,null,null,Lorcainide hydrochloride,null,4,null,null,null,9.214,0,null,null,null,null,null,null,null,null,null,0,null,null,8.694,-0.52,21.354,null,null,null,null,null,null,null,null,null,null,XHOJAWVAWFHGHL,null,TRND,wGtfsDozkXQEsBZemG,null,null,null,null,CL,null,null,null,null,59729-31-6,null,null,null,0,4,null,null,null,173033,null,1,1,2025-06-17 16:13:51,null,null,null,null,null,null,null,364800483,activity,null,HTS,null,4.602,-0.52,6.256,8.694,null,null,null,null,null,null,null,null,null,null,null,null,null,null,null,null,null,null,null,null,null,278942041
TRND-Glioblastoma_LOPAC_U251-primary_screen2,NCGC00024915-08,activity,null,4,0,2.254,[H][C@]1(CC(O)=O)CNC(C)(C)CO1,null,null,null,null,null,SML1040,SIGMA,2021_LOPAC_01,null,null,SCH-50911,null,4,null,null,null,7.567,0,null,null,null,null,null,null,null,null,null,0,null,null,3.311,-4.256,0.64,null,null,null,null,null,null,null,null,null,null,SEYCKMQSPUVYEF,null,TRND,eorGIYtkojIJFmBWgE,null,null,null,null,CL,null,null,null,null,733717-87-8,null,null,null,0,4,null,null,null,173033,null,1,1,2025-06-17 16:13:51,null,null,null,null,null,null,null,364798731,activity,null,HTS,null,0.041,-4.256,3.311,2.254,null,null,null,null,null,null,null,null,null,null,null,null,null,null,null,null,null,null,null,null,null,278942042
TRND-Glioblastoma_LOPAC_U251-primary_screen2,NCGC00186028-15,activity,null,4,0,3.503,CC[C@H](N1CCCC1=O)C(N)=O,null,null,null,null,null,L8668,SIGMA,2021_LOPAC_01,null,null,Levetiracetam,null,4,null,null,null,5.442,0,null,null,null,null,null,null,null,null,null,0,null,null,5.676,0.235,8.726,null,null,null,null,null,null,null,null,null,null,HPHUVLMMVZITSG,null,TRND,FWONkyBTuHAkPXJwye,null,Voltage-dependent N-type calcium channel subunit alpha-1B Blocker,null,null,null,null,null,null,null,102767-28-2,CACNA1B,null,null,0,4,null,null,null,173033,null,1,1,2025-06-17 16:13:51,null,null,null,null,null,null,null,364797947,activity,null,HTS,null,0.992,0.235,5.676,3.503,null,null,null,null,null,null,null,null,null,null,null,null,null,null,null,null,null,null,null,null,null,278942043
TRND-Glioblastoma_LOPAC_U251-primary_screen2,NCGC00016034-14,activity,null,4,14.604,-0.258,CC(C)(C)NCC(O)C1=C(Cl)C=CC=C1,null,null,null,null,null,T6050,SIGMA,2021_LOPAC_01,null,null,Tulobuterol hydrochloride,null,4,null,null,null,12.645,11,1.692,1,1,null,null,null,null,null,null,-3.604,null,null,9.642,-3.003,4.954,5.364,null,null,null,null,null,null,null,null,null,YREYLAVBNPACJM,null,TRND,rGwpRKnzSxoMvmRjPQ,null,null,null,null,CL,null,null,null,null,56776-01-3,null,null,null,0,4,1,null,null,173033,0 0 0 1,1,1,2025-06-17 16:13:51,null,null,null,null,null,null,null,364797375,activity,null,HTS,null,-3.003,2.113,9.642,-0.258,null,null,null,null,null,null,null,null,null,null,null,null,null,null,null,null,null,null,null,null,null,278942044
TRND-Glioblastoma_LOPAC_U251-primary_screen2,NCGC00162333-08,activity,null,4,0,2.053,[NH3+][Ru]([NH3+])([NH3+])([NH3+])([NH3+])O[Ru]([NH3+])([NH3+])([NH3+])([NH3+])O[Ru]([NH3+])([NH3+])([NH3+])([NH3+])[NH3+],null,null,null,null,null,R2751,SIGMA,2021_LOPAC_01,null,null,Ruthenium red,null,4,null,null,null,3.857,0,null,null,null,null,null,null,null,null,null,0,null,null,4.813,0.955,9.442,null,null,null,null,null,null,null,null,null,null,ALIWVTYFCPRTIG,null,TRND,WTEbXxrAefnoCNeWKw,null,null,null,null,CL,null,null,null,null,11103-72-3,null,null,null,0,4,null,null,null,173033,null,1,1,2025-06-17 16:13:51,null,null,null,null,null,null,null,364797735,activity,null,HTS,null,0.955,3.357,4.813,2.053,null,null,null,null,null,null,null,null,null,null,null,null,null,null,null,null,null,null,null,null,null,278942045
TRND-Glioblastoma_LOPAC_U251-primary_screen2,NCGC00022848-36,activity,null,4,0,9.8,C[C@]12C[C@H](O)[C@H]3[C@@H](CCC4=CC(=O)CC[C@]34C)[C@@H]1CC[C@]2(O)C(=O)CO,null,null,null,null,null,H4001,SIGMA,2021_LOPAC_01,null,null,Hydrocortisone,null,4,null,null,null,9.798,0,null,null,null,null,null,null,null,null,null,0,null,null,10.976,1.178,21.519,null,null,null,null,null,null,null,null,null,null,JYGXADMDTFJGBT,null,TRND,zxQNaHqZxjNOoyrByY,null,Glucocorticoid Receptor agonist,null,null,null,null,null,null,null,50-23-7,NR3C1,null,null,0,4,null,null,null,173033,null,1,1,2025-06-17 16:13:51,null,null,null,null,null,null,null,364797783,activity,null,HTS,null,1.178,7.76,10.976,9.8,null,null,null,null,null,null,null,null,null,null,null,null,null,null,null,null,null,null,null,null,null,278942046
TRND-Glioblastoma_LOPAC_U251-primary_screen2,NCGC00015451-21,activity,null,4,-11.5,1.217,CCOC(=O)NC1=CC=C(NCC2=CC=C(F)C=C2)N=C1N,null,null,null,null,null,F8927,SIGMA,2021_LOPAC_01,null,null,Flupirtine maleate salt,null,4,null,null,null,13.84,-1,4.955,0.602,0.681,null,null,null,null,null,null,10.5,null,null,15.057,1.217,44.03,44.481,null,null,null,null,null,null,null,null,null,JUUFBMODXQKSTD,null,TRND,ciOEGlyHatotVeRSFE,null,NMDA Receptor antagonist,null,null,MALEIC_ACID,null,null,null,null,75507-68-5,GRIN1,null,null,0,4,0,null,null,173033,0 0 0 0,1,1,2025-06-17 16:13:51,null,null,null,null,null,null,null,364799739,activity,null,HTS,null,10.036,7.167,15.057,1.217,null,null,null,null,null,null,null,null,null,null,null,null,null,null,null,null,null,null,null,null,null,278942047
TRND-Glioblastoma_LOPAC_U251-primary_screen2,NCGC00017358-24,activity,0.891251,-1.4,-45.119,-60.37,[H][C@@]12COC3=C(C=C(OC)C(OC)=C3)[C@]1([H])C(=O)C4=C(O2)C5=C(O[C@H](C5)C(C)=C)C=C4,null,null,null,null,null,R8875,SIGMA,2021_LOPAC_01,-6.05,null,Rotenone,null,-1.2,null,null,null,47.803,-57.699,4.504,0.129,0.99,null,null,null,null,null,null,-12.58,null,null,-12.567,-60.37,-141.123,-141.997,null,null,null,null,null,null,null,null,null,JUVIOZPCNVVQFO,null,TRND,MWNvwiRUwzNOpGeSRO,null,NADH-Ubiquinone Oxidoreductase (Complex I) inhibitor,null,null,null,null,null,null,null,83-79-4,NDUFS7,null,null,0,4,0,null,null,173033,0 0 0 0,1,1,2025-06-17 16:13:51,null,null,null,null,null,null,null,364800147,activity,null,HTS,1.350148,-12.567,-51.667,-54.922,-60.37,null,null,null,null,null,null,null,null,null,null,null,null,null,null,null,null,null,null,null,null,null,278942048
TRND-Glioblastoma_LOPAC_U251-primary_screen2,NCGC00093358-16,activity,null,4,-11.338,8.408,CO\N=C(/C(=O)N[C@H]1[C@H]2SCC(COC(C)=O)=C(N2C1=O)C([O-])=O)C3=CSC(N)=N3,null,null,null,null,null,C7912,SIGMA,2021_LOPAC_01,null,null,Cefotaxime sodium,null,4,null,null,null,12.683,-3.838,4.955,1,0.67,null,null,null,null,null,null,7.5,null,null,11.152,-1.531,16.487,22.892,null,null,null,null,null,null,null,null,null,GPRBEKHLDVQUJE,null,TRND,jyrjKMiyLXomJdlHyo,null,null,null,null,SODIUM,null,null,null,null,64485-93-4,null,null,null,0,4,1,null,null,173033,0 0 0 1,1,1,2025-06-17 16:13:51,null,null,null,null,null,null,null,364797843,activity,null,HTS,null,3.809,11.152,-1.531,8.408,null,null,null,null,null,null,null,null,null,null,null,null,null,null,null,null,null,null,null,null,null,278942049
TRND-Glioblastoma_LOPAC_U251-primary_screen2,NCGC00093674-12,activity,null,4,-12.5,5.211,[H][C@]1(N)CONC1=O,null,null,null,null,null,C1159,SIGMA,2021_LOPAC_01,null,null,L-Cycloserine,null,4,null,null,null,13.503,2,3.627,0.401,0.886,null,null,null,null,null,null,14.5,null,null,14.317,0.814,45.578,44.606,null,null,null,null,null,null,null,null,null,DYDCUQKUCUHJBH,null,TRND,QbtynhyCrROjxdGLbT,null,null,null,null,null,null,null,null,null,68-41-7,null,null,null,0,4,0,null,null,173033,0 0 0 0,1,1,2025-06-17 16:13:51,null,null,null,null,null,null,null,364797851,activity,null,HTS,null,14.317,3.63,0.814,5.211,null,null,null,null,null,null,null,null,null,null,null,null,null,null,null,null,null,null,null,null,null,278942050
TRND-Glioblastoma_LOPAC_U251-primary_screen2,NCGC00162242-08,activity,null,4,-16.643,-15.171,NC1=NC=NC2=C1N=CN2[C@@H]3O[C@H](COP(O)(=O)CP(O)(=O)OP([O-])([O-])=O)C(O)[C@H]3O,null,null,null,null,null,M6517,SIGMA,2021_LOPAC_01,null,null,"alpha,beta-Methylene adenosine 5 -triphosphate dilithium",null,4,null,null,null,14.703,-15.206,1.1,0.1,0.994,null,null,null,null,null,null,1.437,null,null,-0.469,-15.171,-22.958,-23.578,null,null,null,null,null,null,null,null,null,CAWZRIXWFRFUQB,null,TRND,pVsJnoLViZRhlogvdv,null,null,null,null,LITHIUM,null,null,null,null,null,null,null,null,0,4,0,null,null,173033,0 0 0 0,1,1,2025-06-17 16:13:51,null,null,null,null,null,null,null,364797699,activity,null,HTS,null,-0.469,-7.188,-12.382,-15.171,null,null,null,null,null,null,null,null,null,null,null,null,null,null,null,null,null,null,null,null,null,278942051
TRND-Glioblastoma_LOPAC_U251-primary_screen2,NCGC00015772-23,activity,null,4,0,3.161,CC1COC2=C3N1C=C(C(O)=O)C(=O)C3=CC(F)=C2N4CCN(C)CC4,null,null,null,null,null,O8757,SIGMA,2021_LOPAC_01,null,null,Ofloxacin,null,4,null,null,null,8.694,0,null,null,null,null,null,null,null,null,null,0,null,null,11.855,3.161,46.766,null,null,null,null,null,null,null,null,null,null,GSDSWSVVBLHKDQ,null,TRND,LXtTKChYnJceSXAQFn,null,null,null,null,null,null,null,null,null,82419-36-1,null,null,null,0,4,null,null,null,173033,null,1,1,2025-06-17 16:13:51,null,null,null,null,null,null,null,364797299,activity,null,HTS,null,11.855,9.107,8.351,3.161,null,null,null,null,null,null,null,null,null,null,null,null,null,null,null,null,null,null,null,null,null,278942052
TRND-Glioblastoma_LOPAC_U251-primary_screen2,NCGC00015146-27,activity,null,4,-8.538,2.67,CN(C)CCC(C1=CC=C(Br)C=C1)C2=CC=CC=N2,null,null,null,null,null,B2390,SIGMA,2021_LOPAC_01,null,null,(±)-BRompheniramine maleate,null,4,null,null,null,13.936,-0.538,4.955,0.611,0.667,null,null,null,null,null,null,8,null,null,10.571,-3.365,21.188,27.075,null,null,null,null,null,null,null,null,null,ZDIGNSYAACHWNL,null,TRND,kvoTOjkosTrSNbdMKm,null,null,null,null,MALEATE,null,null,null,null,980-71-2,null,null,null,0,4,0,null,null,173033,0 0 0 0,1,1,2025-06-17 16:13:51,null,null,null,null,null,null,null,364798519,activity,null,HTS,null,5.315,10.571,-3.365,2.67,null,null,null,null,null,null,null,null,null,null,null,null,null,null,null,null,null,null,null,null,null,278942053
TRND-Glioblastoma_LOPAC_U251-primary_screen2,NCGC00015950-17,activity,null,4,-13.11,1.986,OC1=C(Cl)C=C(NC2=C(C(=O)NC2=O)C3=C(C=CC=C3)[N+]([O-])=O)C=C1,null,null,null,null,null,S3567,SIGMA,2021_LOPAC_01,null,null,SB 415286,null,4,null,null,null,13.579,-0.11,4.955,0.419,0.874,null,null,null,null,null,null,13,null,null,10.571,-3.008,28.274,28.733,null,null,null,null,null,null,null,null,null,PQCXVIPXISBFPN,null,TRND,ZteeWdDsYeDxqihTCF,null,Glycogen Synthase Kinase 3 (GSK-3) inhibitor,null,null,null,null,null,null,null,null,GSK3B,null,null,0,4,0,null,null,173033,0 0 0 0,1,1,2025-06-17 16:13:51,null,null,null,null,null,null,null,364795967,activity,null,HTS,null,10.571,-3.008,-0.004,1.986,null,null,null,null,null,null,null,null,null,null,null,null,null,null,null,null,null,null,null,null,null,278942054
TRND-Glioblastoma_LOPAC_U251-primary_screen2,NCGC00015838-09,activity,null,4,0,-1.857,CCC(=O)C1=CC2=C(SC3=C(C=CC=C3)N2CCCN(C)C)C=C1,null,null,null,null,null,P7780,SIGMA,2021_LOPAC_01,null,null,Propionylpromazine hydrochloride,null,4,null,null,null,8.393,0,null,null,null,null,null,null,null,null,null,0,null,null,5.413,-2.98,-7.348,null,null,null,null,null,null,null,null,null,null,ZQTVCQIJTREKSP,null,TRND,tQGplGGvHjTQkakSei,null,null,null,null,HCL,null,null,null,null,7681-67-6,null,null,null,0,4,null,null,null,173033,null,1,1,2025-06-17 16:13:51,null,null,null,null,null,null,null,364797583,activity,null,HTS,null,-2.98,5.413,-2.693,-1.857,null,null,null,null,null,null,null,null,null,null,null,null,null,null,null,null,null,null,null,null,null,278942055
TRND-Glioblastoma_LOPAC_U251-primary_screen2,NCGC00487315-03,activity,10,-3,-63.713,-56.327,CN(C)C1=CC=C(NCC2=NC=CC=C2)C=C1,null,null,null,null,null,SML0134,SIGMA,2021_LOPAC_01,-5,null,L2-b,null,-3,null,null,null,64.117,-56.713,4.449,0.031,0.999,null,null,null,null,null,null,7,null,null,7.791,-56.327,-8.658,-6.758,null,null,null,null,null,null,null,null,null,RIKLBFYMQFBFJF,null,TRND,zswKOiIukcDMnTxAuK,null,null,null,null,null,null,null,null,null,null,null,null,null,0,4,0,null,null,173033,0 0 0 0,1,1,2025-06-17 16:13:51,null,null,null,null,null,null,null,364797959,activity,null,HTS,15.703518,6.266,7.791,-2.69,-56.327,null,null,null,null,null,null,null,null,null,null,null,null,null,null,null,null,null,null,null,null,null,278942056
TRND-Glioblastoma_LOPAC_U251-primary_screen2,NCGC00183829-03,activity,null,4,-5.91,-0.759,OC(CC1=CN=C2C=CC=CN12)(P(O)(O)=O)P(O)(O)=O,null,null,null,null,null,SML2159,SIGMA,2021_LOPAC_01,null,null,Minodronic acid monohydrate,null,4,null,null,null,10.524,-0.91,4.504,0.742,0.363,null,null,null,null,null,null,5,null,null,9.765,-0.759,10.646,20.048,null,null,null,null,null,null,null,null,null,VMMKGHQPQIEGSQ,null,TRND,iWdIiVuCdSuKFEyvWw,null,null,null,null,H2O,null,null,null,null,180064-38-4,null,null,null,0,4,0,null,null,173033,0 0 0 0,1,1,2025-06-17 16:13:51,null,null,null,null,null,null,null,364796651,activity,null,HTS,null,0.388,9.765,4.496,-0.759,null,null,null,null,null,null,null,null,null,null,null,null,null,null,null,null,null,null,null,null,null,278942057
TRND-Glioblastoma_LOPAC_U251-primary_screen2,NCGC00025286-09,activity,null,4,0,4.805,CN(C)C\C=C(\C1=CC=C(Br)C=C1)C2=CC=CN=C2,null,null,null,null,null,Z101,SIGMA,2021_LOPAC_01,null,null,Zimelidine dihydrochloride,null,4,null,null,null,9.257,0,null,null,null,null,null,null,null,null,null,0,null,null,12.816,3.559,26.004,null,null,null,null,null,null,null,null,null,null,OYPPVKRFBIWMSX,null,TRND,kvoTOjPyUFdqTgEpQY,null,null,null,null,CL,null,null,null,null,null,null,null,null,0,4,null,null,null,173033,null,1,1,2025-06-17 16:13:51,null,null,null,null,null,null,null,364800595,activity,null,HTS,null,3.559,6.639,12.816,4.805,null,null,null,null,null,null,null,null,null,null,null,null,null,null,null,null,null,null,null,null,null,278942058
TRND-Glioblastoma_LOPAC_U251-primary_screen2,NCGC00015411-20,activity,4.466836,-2.4,-95.759,-79.407,CC1=C2NC3=C(C=CC=C3)C2=C(C)C4=CN=CC=C14,null,null,null,null,null,E3380,SIGMA,2021_LOPAC_01,-5.35,null,Ellipticine,null,-2.2,null,null,null,87.535,-85.759,1.134,0.092,0.995,null,null,null,null,null,null,10,null,null,8.129,-79.407,-60.018,-63.611,null,null,null,null,null,null,null,null,null,CTSPAMFJBXKSOY,null,TRND,NUlEbMLzHWKhYTKaeW,null,null,null,null,null,null,null,null,null,519-23-3,null,null,null,0,4,0,null,null,173033,0 0 0 0,1,1,2025-06-17 16:13:51,null,null,null,null,null,null,null,364799163,activity,null,HTS,6.002999,8.129,-12.14,-46.26,-79.407,null,null,null,null,null,null,null,null,null,null,null,null,null,null,null,null,null,null,null,null,null,278942059
TRND-Glioblastoma_LOPAC_U251-primary_screen2,NCGC00246387-10,activity,null,4,-31.199,-27.666,CCOC(=O)C1=C(CSC2=CC=CC=C2)N(C)C3=CC(Br)=C(O)C(CN(C)C)=C13,null,null,null,null,null,SML0860,SIGMA,2021_LOPAC_01,null,null,Arbidol hydrochloride,null,4,null,null,null,28.797,-31.199,4.955,0.122,0.991,null,null,null,null,null,null,0,null,null,1.131,-27.666,-13.576,-14.443,null,null,null,null,null,null,null,null,null,KCFYEAOKVJSACF,null,TRND,bgbLcoGDQEoKAaxikf,null,null,null,null,CL,null,null,null,null,131707-25-0,null,null,null,0,4,0,null,null,173033,0 0 0 0,1,1,2025-06-17 16:13:51,null,null,null,null,null,null,null,364799447,activity,null,HTS,null,0.535,-1.873,1.131,-27.666,null,null,null,null,null,null,null,null,null,null,null,null,null,null,null,null,null,null,null,null,null,278942060
TRND-Glioblastoma_LOPAC_U251-primary_screen2,NCGC00015048-06,activity,null,4,0,12.536,NCCC#N,null,null,null,null,null,A3134,SIGMA,2021_LOPAC_01,null,null,3-Aminopropionitrile fumarate,null,4,null,null,null,5.515,0,null,null,null,null,null,null,null,null,null,0,null,null,12.536,7.021,39.941,null,null,null,null,null,null,null,null,null,null,AGSPXMVUFBBBMO,null,TRND,zwJkrLmaFAxywZykGZ,null,null,null,null,FUMARIC_ACID,null,null,null,null,151-18-8,null,null,null,0,4,null,null,null,173033,null,1,1,2025-06-17 16:13:51,null,null,null,null,null,null,null,364798743,activity,null,HTS,null,7.021,9.433,10.401,12.536,null,null,null,null,null,null,null,null,null,null,null,null,null,null,null,null,null,null,null,null,null,278942061
TRND-Glioblastoma_LOPAC_U251-primary_screen2,NCGC00015487-18,activity,22.387211,-3,-32.853,-31.127,CC1CNCCN1[S+]([O-])(=O)C2=C3C=CN=CC3=CC=C2,null,null,null,null,null,I7016,SIGMA,2021_LOPAC_01,-4.65,null,1-(5-Isoquinolinylsulfonyl)-2-methylpiperazine dihydrochloride,null,-3,null,null,null,31.885,-35.353,4.955,0.226,0.967,null,null,null,null,null,null,-2.5,null,null,0.758,-31.127,-26.926,-26.956,null,null,null,null,null,null,null,null,null,BDVFVCGFMNCYPV,null,TRND,gvDsUiZfbXYcsalXGy,null,null,null,null,CL,null,null,null,null,null,null,null,null,0,4,0,null,null,173033,0 0 0 0,1,1,2025-06-17 16:13:51,null,null,null,null,null,null,null,364798219,activity,null,HTS,null,-2.585,-5.608,0.758,-31.127,null,null,null,null,null,null,null,null,null,null,null,null,null,null,null,null,null,null,null,null,null,278942062
TRND-Glioblastoma_LOPAC_U251-primary_screen2,NCGC00015058-05,activity,null,4,0,4.109,NOCC(O)=O,null,null,null,null,null,A4508,SIGMA,2021_LOPAC_01,null,null,O-(Carboxymethyl)hydroxylamine hemihydrochloride,null,4,null,null,null,6.257,0,null,null,null,null,null,null,null,null,null,0,null,null,4.109,-2.148,8.324,null,null,null,null,null,null,null,null,null,null,NQRKYASMKDDGHT,null,TRND,PzcjrmRPIbHiZTWJTp,null,null,null,null,CL,null,null,null,null,645-88-5,null,null,null,0,4,null,null,null,173033,null,1,1,2025-06-17 16:13:51,null,null,null,null,null,null,null,364795579,activity,null,HTS,null,2.578,0.732,-2.148,4.109,null,null,null,null,null,null,null,null,null,null,null,null,null,null,null,null,null,null,null,null,null,278942063
TRND-Glioblastoma_LOPAC_U251-primary_screen2,NCGC00093872-06,activity,null,4,12.5,4.48,CCCC[C@]1(CC2=CC(OCC(O)=O)=C(Cl)C(Cl)=C2C1=O)C3CCCC3,null,null,null,null,null,D129,SIGMA,2021_LOPAC_01,null,null,R(+)-Butylindazone,null,4,null,null,null,14.549,10.5,4.955,1,0.483,null,null,null,null,null,null,-2,null,null,16.164,1.616,22.212,25.114,null,null,null,null,null,null,null,null,null,YAWWQIFONIPBKT,null,TRND,SsRrtXSFRjUFpouMSE,null,null,null,null,null,null,null,null,null,null,null,null,null,0,4,1,null,null,173033,0 0 0 1,1,1,2025-06-17 16:13:51,null,null,null,null,null,null,null,364798787,activity,null,HTS,null,1.616,16.164,5.251,4.48,null,null,null,null,null,null,null,null,null,null,null,null,null,null,null,null,null,null,null,null,null,278942064
TRND-Glioblastoma_LOPAC_U251-primary_screen2,NCGC00162149-15,activity,null,4,-9.201,-3.501,[H][C@]12C[C@@]3([H])[C@H](N(C)C)C(O)=C(C(N)=O)C(=O)[C@@]3(O)C(O)=C1C(=O)C4=C(O)C=CC(Cl)=C4[C@H]2O,null,null,null,null,null,D6140,SIGMA,2021_LOPAC_01,null,null,Demeclocycline hydrochloride,null,4,null,null,null,10.256,-6.201,4.955,0.739,0.372,null,null,null,null,null,null,3,null,null,6.755,-3.501,15.616,10.727,null,null,null,null,null,null,null,null,null,FMTDIUIBLCQGJB,null,TRND,DZPknRLlsrSMXCRckA,null,null,null,null,CL,null,null,null,null,[NO STEREO] 64-73-3,null,null,null,0,4,0,null,null,173033,0 0 0 0,1,1,2025-06-17 16:13:51,null,null,null,null,null,null,null,364796935,activity,null,HTS,null,5.345,-3.005,6.755,-3.501,null,null,null,null,null,null,null,null,null,null,null,null,null,null,null,null,null,null,null,null,null,278942065
TRND-Glioblastoma_LOPAC_U251-primary_screen2,NCGC00095133-17,activity,null,4,0,-1.686,CC(=O)OCC(CCN1C=NC2=CN=C(N)N=C12)COC(C)=O,null,null,null,null,null,F7932,SIGMA,2021_LOPAC_01,null,null,Famciclovir,null,4,null,null,null,5.668,0,null,null,null,null,null,null,null,null,null,0,null,null,2.226,-3.442,2.415,null,null,null,null,null,null,null,null,null,null,GGXKWVWZWMLJEH,null,TRND,wTnARUHImCpkahqQTQ,null,null,null,null,null,null,null,null,null,104227-87-4,null,null,null,0,4,null,null,null,173033,null,1,1,2025-06-17 16:13:51,null,null,null,null,null,null,null,364800159,activity,null,HTS,null,2.226,-3.442,-0.673,-1.686,null,null,null,null,null,null,null,null,null,null,null,null,null,null,null,null,null,null,null,null,null,278942066
TRND-Glioblastoma_LOPAC_U251-primary_screen2,NCGC00390646-03,activity,10,-3,-48.719,-40.982,C[C@@H](C1=NC(=CS1)C2=CC=C(C=C2)C#N)[C@](O)(CN3C=NC=N3)C4=CC(F)=CC=C4F,null,null,null,null,null,SML2357,SIGMA,2021_LOPAC_01,-5,null,Isavuconazole,null,-3,null,null,null,48.034,-42.219,3.247,0.032,0.999,null,null,null,null,null,null,6.5,null,null,7.052,-40.982,-3.232,-1.823,null,null,null,null,null,null,null,null,null,DDFOUSQFMYRUQK,null,TRND,KZLMxuoQTqNWDXCNCf,null,null,null,null,null,null,null,null,null,241479-67-4,null,null,null,0,4,0,null,null,173033,0 0 0 0,1,1,2025-06-17 16:13:51,null,null,null,null,null,null,null,364796507,activity,null,HTS,null,5.822,7.052,-3.965,-40.982,null,null,null,null,null,null,null,null,null,null,null,null,null,null,null,null,null,null,null,null,null,278942067
TRND-Glioblastoma_LOPAC_U251-primary_screen2,NCGC00016013-17,activity,null,4,-10.745,-1.084,CC(CN(C)C)CN1C2=C(CCC3=C1C=CC=C3)C=CC=C2,null,null,null,null,null,T3146,SIGMA,2021_LOPAC_01,null,null,Trimipramine maleate,null,4,null,null,null,11.1,-1.245,3.132,0.065,0.997,null,null,null,null,null,null,9.5,null,null,9.646,-1.454,30.156,29.946,null,null,null,null,null,null,null,null,null,ZSCDBOWYZJWBIY,null,TRND,XnYIXNOWNFnEDHpuob,null,null,null,null,MALEATE,null,null,null,null,521-78-8|138283-60-0|138283-61-1,null,null,null,0,4,0,null,null,173033,0 0 0 0,1,1,2025-06-17 16:13:51,null,null,null,null,null,null,null,364797967,activity,null,HTS,null,9.646,7.115,-1.454,-1.084,null,null,null,null,null,null,null,null,null,null,null,null,null,null,null,null,null,null,null,null,null,278942068
TRND-Glioblastoma_LOPAC_U251-primary_screen2,NCGC00167836-05,activity,14.125375,-3,-60.367,-52.954,OC1=CC=C2NC3=CC(=C4C(=O)NC(=O)C4=C3C2=C1)C5=CC=CC=C5,null,null,null,null,null,PZ0111,SIGMA,2021_LOPAC_01,-4.85,null,PD-407824,null,-3,null,null,null,60.439,-54.867,4.095,0.079,0.996,null,null,null,null,null,null,5.5,null,null,7.485,-52.954,-2.887,-6.841,null,null,null,null,null,null,null,null,null,IAUZTOZLTFSMIE,null,TRND,LZleRdrLaCBNJHFpno,null,null,null,null,null,null,null,null,null,null,null,null,null,0,4,0,null,null,173033,0 0 0 0,1,1,2025-06-17 16:13:51,null,null,null,null,null,null,null,364796059,activity,null,HTS,24.949027,7.485,3.132,2.845,-52.954,null,null,null,null,null,null,null,null,null,null,null,null,null,null,null,null,null,null,null,null,null,278942069
TRND-Glioblastoma_LOPAC_U251-primary_screen2,NCGC00181048-08,activity,null,4,0,1.266,O=C(O[C@H]1C[C@H]2C[C@H]3C[C@@H](C1)N2CC3=O)C4=CNC5=CC=CC=C45,null,null,null,null,null,D9571,SIGMA,2021_LOPAC_01,null,null,DOLASETRON MESYLATE HYDRATE,null,4,null,null,null,8.068,0,null,null,null,null,null,null,null,null,null,0,null,null,3.498,-4.57,-9.61,null,null,null,null,null,null,null,null,null,null,UKTAZPQNNNJVKR,null,TRND,lXYnxEItSQENSrMmQS,null,null,null,null,SULFONICACID_V1,null,null,null,434295427,GRT01142,null,null,null,0,4,null,null,null,173033,null,1,1,2025-06-17 16:13:51,null,null,null,null,null,null,null,364797263,activity,null,HTS,null,-4.57,3.498,-0.054,1.266,null,null,null,null,null,null,null,null,null,null,null,null,null,null,null,null,null,null,null,null,null,278942070
TRND-Glioblastoma_LOPAC_U251-primary_screen2,NCGC00386387-04,activity,null,4,0,3.883,CC(C)(C)C1=CC=C(CN2CCN(CC2)C(C3=CC=CC=C3)C4=CC=C(Cl)C=C4)C=C1,null,null,null,null,null,SML1591,SIGMA,2021_LOPAC_01,null,null,Buclizine dihydrochloride,null,4,null,null,null,6.963,0,null,null,null,null,null,null,null,null,null,0,null,null,4.173,-2.79,-1.967,null,null,null,null,null,null,null,null,null,null,MOYGZHXDRJNJEP,null,TRND,fWdMXrZAHpbXupESgB,null,null,null,null,CL,null,null,null,null,null,null,null,null,0,4,null,null,null,173033,null,1,1,2025-06-17 16:13:51,null,null,null,null,null,null,null,364797619,activity,null,HTS,null,-2.79,1.167,4.173,3.883,null,null,null,null,null,null,null,null,null,null,null,null,null,null,null,null,null,null,null,null,null,278942071
TRND-Glioblastoma_LOPAC_U251-primary_screen2,NCGC00015922-06,activity,null,4,0,8.079,CN1CCC2=C1C=CC(NC(=O)NC3=CC=CN=C3)=C2,null,null,null,null,null,S0568,SIGMA,2021_LOPAC_01,null,null,SB 200646 hydrochloride,null,4,null,null,null,3.121,0,null,null,null,null,null,null,null,null,null,0,null,null,8.079,4.958,26.354,null,null,null,null,null,null,null,null,null,null,AVGWYMLCNKIXFE,null,TRND,NqSgBbNBNqVgpMOjkC,null,null,null,null,null,null,null,null,null,null,null,null,null,0,4,null,null,null,173033,null,1,1,2025-06-17 16:13:51,null,null,null,null,null,null,null,364799423,activity,null,HTS,null,5.214,5.966,4.958,8.079,null,null,null,null,null,null,null,null,null,null,null,null,null,null,null,null,null,null,null,null,null,278942072
TRND-Glioblastoma_LOPAC_U251-primary_screen2,NCGC00015304-12,activity,null,4,0,10.252,C[N+]1(C)CCC(CC1)OC(=O)C(C2=CC=CC=C2)C3=CC=CC=C3,null,null,null,null,null,D104,SIGMA,2021_LOPAC_01,null,null,4-DAMP methiodide,null,4,null,null,null,3.506,0,null,null,null,null,null,null,null,null,null,0,null,null,10.252,6.746,38.351,null,null,null,null,null,null,null,null,null,null,HYJRTXSYDAFGJK,null,TRND,gqPvONAfTWLElXeeyb,null,null,null,null,I,null,null,null,null,null,null,null,null,0,4,null,null,null,173033,null,1,1,2025-06-17 16:13:51,null,null,null,null,null,null,null,364795591,activity,null,HTS,null,7.712,9.79,6.746,10.252,null,null,null,null,null,null,null,null,null,null,null,null,null,null,null,null,null,null,null,null,null,278942073
TRND-Glioblastoma_LOPAC_U251-primary_screen2,NCGC00094391-06,activity,null,4,0,0.286,C[C@H](O)C(=O)C1=NC2=C(NC1)N=C(N)NC2=O,null,null,null,null,null,S154,SIGMA,2021_LOPAC_01,null,null,Sepiapterin,null,4,null,null,null,7.817,0,null,null,null,null,null,null,null,null,null,0,null,null,5.949,-1.868,-0.459,null,null,null,null,null,null,null,null,null,null,VPVOXUSPXFPWBN,null,TRND,atfekjAMhUKFLwmILm,null,null,null,null,null,null,null,null,null,17094-01-8,null,null,null,0,4,null,null,null,173033,null,1,1,2025-06-17 16:13:51,null,null,null,null,null,null,null,364795999,activity,null,HTS,null,-1.868,0.594,5.949,0.286,null,null,null,null,null,null,null,null,null,null,null,null,null,null,null,null,null,null,null,null,null,278942074
TRND-Glioblastoma_LOPAC_U251-primary_screen2,NCGC00015591-14,activity,12.589254,-3,-97.618,-90.312,OC1(CCN(CC2=CNC3=C2C=CC=C3)CC1)C4=CC=C(Cl)C=C4,null,null,null,null,null,L135,SIGMA,2021_LOPAC_01,-4.9,null,"L-741,626",null,-3,null,null,null,98.758,-92.118,4.095,0.06,0.998,null,null,null,null,null,null,5.5,null,null,8.446,-90.312,-34.148,-29.255,null,null,null,null,null,null,null,null,null,LLBLNMUONVVVPG,null,TRND,gfahQyhByVmiWAYLrX,null,null,null,null,null,null,null,null,null,81226-60-0,null,null,null,0,4,0,null,null,173033,0 0 0 0,1,1,2025-06-17 16:13:51,null,null,null,null,null,null,null,364796947,activity,null,HTS,13.127819,3.002,8.446,-1.294,-90.312,null,null,null,null,null,null,null,null,null,null,null,null,null,null,null,null,null,null,null,null,null,278941531
TRND-Glioblastoma_LOPAC_U251-primary_screen2,NCGC00021125-13,activity,null,4,-10.903,0.982,OC(=O)CC1=CC=CC=C1NC2=C(Cl)C=CC=C2Cl,null,null,null,null,null,D6899,SIGMA,2021_LOPAC_01,null,null,Diclofenac sodium,null,4,null,null,null,13.626,-1.903,3.99,0.492,0.815,null,null,null,null,null,null,9,null,null,8.707,-4.919,21.853,23.014,null,null,null,null,null,null,null,null,null,DCOPUUMXTXDBNB,null,TRND,gfAlgULifUQxvuUGFZ,null,null,null,null,SODIUM,null,null,null,null,[NO STEREO] 15307-79-6,null,null,null,0,4,0,null,null,173033,0 0 0 0,1,1,2025-06-17 16:13:51,null,null,null,null,null,null,null,364798215,activity,null,HTS,null,8.707,0.88,-4.919,0.982,null,null,null,null,null,null,null,null,null,null,null,null,null,null,null,null,null,null,null,null,null,278941532
TRND-Glioblastoma_LOPAC_U251-primary_screen2,NCGC00160384-06,activity,null,4,0,2.253,CC1=C(NC2=C(C=CC=N2)C(O)=O)C=CC=C1Cl,null,null,null,null,null,SML0530,SIGMA,2021_LOPAC_01,null,null,Clonixin,null,4,null,null,null,3.399,0,null,null,null,null,null,null,null,null,null,0,null,null,4.977,1.578,11.078,null,null,null,null,null,null,null,null,null,null,CLOMYZFHNHFSIQ,null,TRND,cblMeXIjdwfGYlQXBc,null,null,null,null,null,null,null,null,null,17737-65-4,null,null,null,0,4,null,null,null,173033,null,1,1,2025-06-17 16:13:51,null,null,null,null,null,null,null,364800327,activity,null,HTS,null,1.578,2.913,4.977,2.253,null,null,null,null,null,null,null,null,null,null,null,null,null,null,null,null,null,null,null,null,null,278941533
TRND-Glioblastoma_LOPAC_U251-primary_screen2,NCGC00507747-02,activity,null,4,-40.16,-21.8,COC1=CC=C(C=C1)C2=CN=C(NC(=O)[C@H]3CCCCN3[S+]([O-])(=O)C4=CC=C(C)C=C4)S2,null,null,null,null,null,SML0524,SIGMA,2021_LOPAC_01,null,null,ML277,null,4,null,null,null,29.142,-28.16,0.6,0.316,0.933,null,null,null,null,null,null,12,null,null,7.342,-21.8,-1.569,-6.52,null,null,null,null,null,null,null,null,null,AZIIWVQSTHMERE,null,TRND,cGwRsvMwMRiSVspwjl,null,null,null,null,null,null,null,null,null,null,null,null,null,0,4,0,null,null,173033,0 0 0 0,1,1,2025-06-17 16:13:51,null,null,null,null,null,null,null,364798511,activity,null,HTS,null,7.342,-5.845,-9.151,-21.8,null,null,null,null,null,null,null,null,null,null,null,null,null,null,null,null,null,null,null,null,null,278941534
TRND-Glioblastoma_LOPAC_U251-primary_screen2,NCGC00016861-14,activity,null,4,0,8.577,CC(C)CC1=CC=C(C=C1)[C@H](C)C(O)=O,null,null,null,null,null,I106,SIGMA,2021_LOPAC_01,null,null,S(+)-Ibuprofen,null,4,null,null,null,11.553,0,null,null,null,null,null,null,null,null,null,0,null,null,8.577,-2.976,25.71,null,null,null,null,null,null,null,null,null,null,HEFNNWSXXWATRW,null,TRND,ZKcNDUDwDJWqHPmEAh,null,null,null,null,null,null,null,null,null,51146-56-6,null,null,null,0,4,null,null,null,173033,null,1,1,2025-06-17 16:13:51,null,null,null,null,null,null,null,364796331,activity,null,HTS,null,6.719,6.637,-2.976,8.577,null,null,null,null,null,null,null,null,null,null,null,null,null,null,null,null,null,null,null,null,null,278941535
TRND-Glioblastoma_LOPAC_U251-primary_screen2,NCGC00094082-20,activity,1.258925,-1.4,-67.712,-51.336,[H][C@@]12CC[C@H](O)[C@@]1(C)CC[C@]3([H])C4=CC(OC)=C(O)C=C4CC[C@@]23[H],null,null,null,null,null,M6383,SIGMA,2021_LOPAC_01,-5.9,null,2-methoxyestradiol,null,-1.2,null,null,null,68.146,-54.712,2.406,0.107,0.993,null,null,null,null,null,null,13,null,null,11.534,-56.612,-50.543,-50.62,null,null,null,null,null,null,null,null,null,CQOQDQWUFQDJMK,null,TRND,yXuxQHMORuxLfpouKF,null,Hypoxia-inducible factor 1-alpha inhibitor,null,null,null,null,null,null,null,362-07-2,HIF1A,null,null,0,4,0,null,null,173033,0 0 0 0,1,1,2025-06-17 16:13:51,null,null,null,null,null,null,null,364796419,activity,null,HTS,3.359454,11.534,-22.865,-56.612,-51.336,null,null,null,null,null,null,null,null,null,null,null,null,null,null,null,null,null,null,null,null,null,278941536
TRND-Glioblastoma_LOPAC_U251-primary_screen2,NCGC00378575-05,activity,null,4,-37.965,-17.054,OC(COC1=C2C=CC=NC2=CC=C1)CN3CCN(CC3)C(=O)C(C4=CC=CC=C4)C5=CC=CC=C5,null,null,null,null,null,SML0938,SIGMA,2021_LOPAC_01,null,null,Dofequidar fumarate,null,4,null,null,null,30.528,-22.465,0.8,0.233,0.965,null,null,null,null,null,null,15.5,null,null,13.474,-17.054,29.813,27.746,null,null,null,null,null,null,null,null,null,KLWUUPVJTLHYIM,null,TRND,HXBhCgEcOsRYjwGCbe,null,Multidrug resistance protein 1 inhibitor,null,null,FUMARIC_ACID,null,null,null,null,null,ABCB1,null,null,0,4,0,null,null,173033,0 0 0 0,1,1,2025-06-17 16:13:51,null,null,null,null,null,null,null,364796135,activity,null,HTS,null,13.474,4.101,-2.117,-17.054,null,null,null,null,null,null,null,null,null,null,null,null,null,null,null,null,null,null,null,null,null,278941537
TRND-Glioblastoma_LOPAC_U251-primary_screen2,NCGC00263479-08,activity,null,4,0,-0.398,[H][C@@]12CC[C@@]3(CCC(=O)O3)[C@@]1(C)CC[C@@]4([H])[C@@]2([H])\C=C/C5=C/C(=O)CC[C@]45C,null,null,null,null,null,SML1497,SIGMA,2021_LOPAC_01,null,null,Canrenone,null,4,null,null,null,8.517,0,null,null,null,null,null,null,null,null,null,0,null,null,8.119,-0.398,7.128,null,null,null,null,null,null,null,null,null,null,UJVLDDZCTMKXJK,null,TRND,TDULsyWbcjfvQRSomG,null,null,null,null,null,null,null,null,null,976-71-6,null,null,null,0,4,null,null,null,173033,null,1,1,2025-06-17 16:13:51,null,null,null,null,null,null,null,364798463,activity,null,HTS,null,0.091,8.119,2.016,-0.398,null,null,null,null,null,null,null,null,null,null,null,null,null,null,null,null,null,null,null,null,null,278941538
TRND-Glioblastoma_LOPAC_U251-primary_screen2,NCGC00015039-10,activity,null,4,-5.215,-1.785,CC(=O)NCCC1=CNC2=C1C=C(O)C=C2,null,null,null,null,null,A1824,SIGMA,2021_LOPAC_01,null,null,N-Acetyl-5-hydroxytryptamine,null,4,null,null,null,10.582,-2.715,4.955,0.722,0.426,null,null,null,null,null,null,2.5,null,null,7.069,-3.512,-2.769,5.484,null,null,null,null,null,null,null,null,null,MVAWJSIDNICKHF,null,TRND,cRianqeAvmVvytKuVL,null,null,null,null,null,null,null,null,null,1210-83-9,null,null,null,0,4,0,null,null,173033,0 0 0 0,1,1,2025-06-17 16:13:51,null,null,null,null,null,null,null,364798091,activity,null,HTS,null,-1.554,7.069,-3.512,-1.785,null,null,null,null,null,null,null,null,null,null,null,null,null,null,null,null,null,null,null,null,null,278941539
TRND-Glioblastoma_LOPAC_U251-primary_screen2,NCGC00024257-21,activity,null,4,0,1.837,CNC[C@H](O)C1=CC=CC(O)=C1,null,null,null,null,null,P6126,SIGMA,2021_LOPAC_01,null,null,Phenylephrine hydrochloride,null,4,null,null,null,3.493,0,null,null,null,null,null,null,null,null,null,0,null,null,2.47,-1.023,1.3,null,null,null,null,null,null,null,null,null,null,SONNWYBIRXJNDC,null,TRND,OuFUxgMHexcxeLWPOM,null,Alpha-1A Adrenergic Receptor ligand,null,null,CL,null,null,null,null,61-76-7,ADRA1A,null,null,0,4,null,null,null,173033,null,1,1,2025-06-17 16:13:51,null,null,null,null,null,null,null,364798035,activity,null,HTS,null,-1.023,2.07,2.47,1.837,null,null,null,null,null,null,null,null,null,null,null,null,null,null,null,null,null,null,null,null,null,278941540
TRND-Glioblastoma_LOPAC_U251-primary_screen2,NCGC00690004-01,activity,null,4,0,10.162,CC1=CC=C(C=C1)C(=O)NC2=CC(C(O)=O)=C(N=C2)N3CCC(CC3)(N4CCCCC4)C(N)=O,null,null,null,null,null,SML2190,SIGMA,2021_LOPAC_01,null,null,BRD5529,null,4,null,null,null,8.843,0,null,null,null,null,null,null,null,null,null,0,null,null,10.162,1.319,27.641,null,null,null,null,null,null,null,null,null,null,ZXWHESBABUHJBE,null,TRND,TQXYiLCvlkDtYdhxcd,null,null,null,null,null,null,null,null,null,null,null,null,null,0,4,null,null,null,173033,null,1,1,2025-06-17 16:13:51,null,null,null,null,null,null,null,364795587,activity,null,HTS,null,5.597,1.319,8.358,10.162,null,null,null,null,null,null,null,null,null,null,null,null,null,null,null,null,null,null,null,null,null,278941541
TRND-Glioblastoma_LOPAC_U251-primary_screen2,NCGC00015205-16,activity,null,4,0,1.548,CCC(C)N(C)C(=O)C1=NC(=C2C=CC=CC2=C1)C3=C(Cl)C=CC=C3,null,null,null,null,null,C0424,SIGMA,2021_LOPAC_01,null,null,PK 11195,null,4,null,null,null,7.154,0,null,null,null,null,null,null,null,null,null,0,null,null,8.702,1.548,24.444,null,null,null,null,null,null,null,null,null,null,RAVIZVQZGXBOQO,null,TRND,MZcHjUwSxkLoTXtqhN,null,Translocator protein (TSPO) inhibitor,null,null,null,null,null,null,null,85532-75-8,TSPO,null,null,0,4,null,null,null,173033,null,1,1,2025-06-17 16:13:51,null,null,null,null,null,null,null,364797835,activity,null,HTS,null,5.506,8.702,3.244,1.548,null,null,null,null,null,null,null,null,null,null,null,null,null,null,null,null,null,null,null,null,null,278941542
TRND-Glioblastoma_LOPAC_U251-primary_screen2,NCGC00015747-25,activity,null,4,-26.314,-16.929,COC(=O)C1=C(C)NC(C)=C(C1C2=CC=CC(=C2)[N+]([O-])=O)C(=O)OCCN(C)CC3=CC=CC=C3,null,null,null,null,null,N7510,SIGMA,2021_LOPAC_01,null,null,Nicardipine hydrochloride,null,4,null,null,null,25.151,-18.814,1.885,0.138,0.988,null,null,null,null,null,null,7.5,null,null,8.222,-16.929,10.933,13.846,null,null,null,null,null,null,null,null,null,ZBBHBTPTTSWHBA,null,TRND,iaUIarONiAbubLRimR,null,null,null,null,CL,null,null,null,null,54527-84-3,null,null,null,0,4,0,null,null,173033,0 0 0 0,1,1,2025-06-17 16:13:51,null,null,null,null,null,null,null,364796091,activity,null,HTS,null,6.025,8.222,-3.766,-16.929,null,null,null,null,null,null,null,null,null,null,null,null,null,null,null,null,null,null,null,null,null,278941543
TRND-Glioblastoma_LOPAC_U251-primary_screen2,NCGC00370721-10,activity,19.952623,-3,-105.061,-93.575,CC1=CC2=C(C=C1C)N(CC(=O)C3=CC(=C(O)C(=C3)C(C)(C)C)C(C)(C)C)C(NCCCO)=N2,null,null,null,null,null,SML0634,SIGMA,2021_LOPAC_01,-4.7,null,CID2858522,null,-3,null,null,null,101.233,-101.061,4.955,0.115,0.992,null,null,null,null,null,null,4,null,null,7.658,-93.575,-29.564,-32.709,null,null,null,null,null,null,null,null,null,CYCGGKILBWERDJ,null,TRND,OAGzVcVwJlAkLgrVYc,null,null,null,null,null,null,null,null,null,null,null,null,null,0,4,0,null,null,173033,0 0 0 0,1,1,2025-06-17 16:13:51,null,null,null,null,null,null,null,364800427,activity,null,HTS,19.868264,5.713,-2.266,7.658,-93.575,null,null,null,null,null,null,null,null,null,null,null,null,null,null,null,null,null,null,null,null,null,278941544
TRND-Glioblastoma_LOPAC_U251-primary_screen2,NCGC00024476-22,activity,null,4,-8.348,-0.706,CN[C@H](CC(O)=O)C(O)=O,null,null,null,null,null,M3262,SIGMA,2021_LOPAC_01,null,null,N-Methyl-D-aspartic acid,null,4,null,null,null,11.248,-2.348,4.955,0.687,0.52,null,null,null,null,null,null,6,null,null,10.542,-0.706,18.968,24.668,null,null,null,null,null,null,null,null,null,HOKKHZGPKSLGJE,null,TRND,FujJYIUxklTLCHkLio,null,null,null,null,null,null,null,null,null,6384-92-5,null,null,null,0,4,0,null,null,173033,0 0 0 0,1,1,2025-06-17 16:13:51,null,null,null,null,null,null,null,364798911,activity,null,HTS,null,3.279,4.102,10.542,-0.706,null,null,null,null,null,null,null,null,null,null,null,null,null,null,null,null,null,null,null,null,null,278941545
TRND-Glioblastoma_LOPAC_U251-primary_screen2,NCGC00263570-08,activity,null,4,-11.088,4.924,CC(C)(C)C(=O)OC1=CC=C(C=C1)[S+]([O-])(=O)NC2=CC=CC=C2C(=O)NCC(O)=O,null,null,null,null,null,S7198,SIGMA,2021_LOPAC_01,null,null,Sivelestat sodium salt hydrate,null,4,null,null,null,10.064,-1.588,1.967,1,1,null,null,null,null,null,null,9.5,null,null,9.157,-0.907,28.155,28.095,null,null,null,null,null,null,null,null,null,JIODRNUYULYNKE,null,TRND,XCpUbPtBCHMUlSQqWV,null,Neutrophil Elastase inhibitor,null,null,SODIUM,null,null,null,null,null,ELANE,null,null,0,4,1,null,null,173033,0 0 0 1,1,1,2025-06-17 16:13:51,null,null,null,null,null,null,null,364796667,activity,null,HTS,null,9.157,5.514,-0.907,4.924,null,null,null,null,null,null,null,null,null,null,null,null,null,null,null,null,null,null,null,null,null,278941546
TRND-Glioblastoma_LOPAC_U251-primary_screen2,NCGC00384174-16,activity,null,4,0,10.176,ClC1=CC=C(OCC(=O)N[C@H]2CC[C@@H](CC2)NC(=O)COC3=CC=C(Cl)C=C3)C=C1,null,null,null,null,null,SML0843,SIGMA,2021_LOPAC_01,null,null,ISRIB,null,4,null,null,null,8.171,0,null,null,null,null,null,null,null,null,null,0,null,null,10.176,2.005,21.913,null,null,null,null,null,null,null,null,null,null,HJGMCDHQPXTGAV,null,TRND,iZDwnLuRVLATLfkAxa,null,null,null,null,null,null,null,null,null,null,null,null,null,0,4,null,null,null,173033,null,1,1,2025-06-17 16:13:51,null,null,null,null,null,null,null,364797211,activity,null,HTS,null,2.005,8.214,7.523,10.176,null,null,null,null,null,null,null,null,null,null,null,null,null,null,null,null,null,null,null,null,null,278941547
TRND-Glioblastoma_LOPAC_U251-primary_screen2,NCGC00015418-17,activity,null,4,0,7.56,CCC1(C)CC(=O)NC1=O,null,null,null,null,null,E7138,SIGMA,2021_LOPAC_01,null,null,Ethosuximide,null,4,null,null,null,9.599,0,null,null,null,null,null,null,null,null,null,0,null,null,8.411,-1.188,6.185,null,null,null,null,null,null,null,null,null,null,HAPOVYFOVVWLRS,null,TRND,gRtYEwDKboRXtTPRKg,null,Voltage-dependent T-type calcium channel subunit alpha-1G inhibitor,null,null,null,null,null,null,null,77-67-8,CACNA1G,null,null,0,4,null,null,null,173033,null,1,1,2025-06-17 16:13:51,null,null,null,null,null,null,null,364799019,activity,null,HTS,null,-1.188,-0.535,8.411,7.56,null,null,null,null,null,null,null,null,null,null,null,null,null,null,null,null,null,null,null,null,null,278941548
TRND-Glioblastoma_LOPAC_U251-primary_screen2,NCGC00015082-20,activity,null,4,0,-4.758,NNC(N)=N,null,null,null,null,null,A8835,SIGMA,2021_LOPAC_01,null,null,Aminoguanidine hydrochloride,null,4,null,null,null,6.497,0,null,null,null,null,null,null,null,null,null,0,null,null,1.739,-4.758,-5.975,null,null,null,null,null,null,null,null,null,null,HAMNKKUPIHEESI,null,TRND,fNlKcirKdSMvCUwRga,null,"Nitric Oxide Synthase, inducible inhibitor",null,null,CL,null,null,null,null,79-17-4,NOS2,null,null,0,4,null,null,null,173033,null,1,1,2025-06-17 16:13:51,null,null,null,null,null,null,null,364796803,activity,null,HTS,null,-1.885,1.739,0.777,-4.758,null,null,null,null,null,null,null,null,null,null,null,null,null,null,null,null,null,null,null,null,null,278941549
TRND-Glioblastoma_LOPAC_U251-primary_screen2,NCGC00162329-08,activity,null,4,-32.547,-26.289,NC1=C(C=C(NC2=CC(=C(NC3=NC(NC4=CC=C(C=C4)S([O-])(=O)=O)=NC(Cl)=N3)C=C2)S([O-])(=O)=O)C5=C1C(=O)C6=CC=CC=C6C5=O)S([O-])(=O)=O,null,null,null,null,null,R115,SIGMA,2021_LOPAC_01,null,null,Reactive Blue 2,null,4,null,null,null,34.07,-28.047,2.333,0.221,0.969,null,null,null,null,null,null,4.5,null,null,7.781,-26.289,-8.241,-3.172,null,null,null,null,null,null,null,null,null,IYZXGLGVLYBKAI,null,TRND,slwHGSzJEaKQHIOBCZ,null,null,null,null,SODIUM,null,null,null,null,null,null,null,null,0,4,0,null,null,173033,0 0 0 0,1,1,2025-06-17 16:13:51,null,null,null,null,null,null,null,364796343,activity,null,HTS,null,1.853,7.781,-7.151,-26.289,null,null,null,null,null,null,null,null,null,null,null,null,null,null,null,null,null,null,null,null,null,278941550
TRND-Glioblastoma_LOPAC_U251-primary_screen2,NCGC00015208-30,activity,null,4,-8.79,2.864,CN1C=NC2=C1C(=O)N(C)C(=O)N2C,null,null,null,null,null,C0750,SIGMA,2021_LOPAC_01,null,null,Caffeine,null,4,null,null,null,11.032,1.21,4.955,0.622,0.651,null,null,null,null,null,null,10,null,null,8.29,-2.742,24.686,25.297,null,null,null,null,null,null,null,null,null,RYYVLZVUVIJVGH,null,TRND,JlmuQsRiefTRshclpR,null,null,null,null,null,null,null,null,null,58-08-2,null,null,null,0,4,0,null,null,173033,0 0 0 0,1,1,2025-06-17 16:13:51,null,null,null,null,null,null,null,364799751,activity,null,HTS,null,8.29,-2.742,2.987,2.864,null,null,null,null,null,null,null,null,null,null,null,null,null,null,null,null,null,null,null,null,null,278941551
TRND-Glioblastoma_LOPAC_U251-primary_screen2,NCGC00024986-10,activity,null,4,-17.176,-0.147,CCCN(CCC)[C@@H]1CCC2=C(C1)C(O)=CC=C2,null,null,null,null,null,H140,SIGMA,2021_LOPAC_01,null,null,R-(+)-8-Hydroxy-DPAT hydrobromide,null,4,null,null,null,12.93,-2.176,0.5,0.584,0.708,null,null,null,null,null,null,15,null,null,12.783,-0.147,44.68,41.014,null,null,null,null,null,null,null,null,null,ASXGJMSKWNBENU,null,TRND,wKGnadBRxcxghyFqli,null,null,null,null,BR,null,null,null,null,78095-19-9,null,null,null,0,4,0,null,null,173033,0 0 0 0,1,1,2025-06-17 16:13:51,null,null,null,null,null,null,null,364800403,activity,null,HTS,null,12.783,5.265,8.012,-0.147,null,null,null,null,null,null,null,null,null,null,null,null,null,null,null,null,null,null,null,null,null,278941552
TRND-Glioblastoma_LOPAC_U251-primary_screen2,NCGC00015108-13,activity,null,4,-28.605,-17.171,NC(N)=NC(=O)C1=NC(Cl)=C(N=C1N)N2CCCCCC2,null,null,null,null,null,A9561,SIGMA,2021_LOPAC_01,null,null,"5-(N,N-hexamethylene)amiloride",null,4,null,null,null,22.401,-23.605,1.222,0.056,0.998,null,null,null,null,null,null,5,null,null,5.23,-17.171,4.722,3.749,null,null,null,null,null,null,null,null,null,RQQJJXVETXFINY,null,TRND,dmnFWruhAqQwdQHAuq,null,null,null,null,null,null,null,null,null,null,null,null,null,0,4,0,null,null,173033,0 0 0 0,1,1,2025-06-17 16:13:51,null,null,null,null,null,null,null,364796819,activity,null,HTS,null,5.23,2.756,-3.85,-17.171,null,null,null,null,null,null,null,null,null,null,null,null,null,null,null,null,null,null,null,null,null,278941553
TRND-Glioblastoma_LOPAC_U251-primary_screen2,NCGC00273564-05,activity,null,4,0,4.464,N\C1=N\C(=O)\C(Br)=C(/N1)C2=CC=CC=C2,null,null,null,null,null,SML0218,SIGMA,2021_LOPAC_01,null,null,BRopirimine,null,4,null,null,null,9.399,0,null,null,null,null,null,null,null,null,null,0,null,null,7.125,-2.274,18.178,null,null,null,null,null,null,null,null,null,null,CIUUIPMOFZIWIZ,null,TRND,gXiYHIKaiRMoDkMTuS,null,null,null,null,null,null,null,null,null,56741-95-8,null,null,null,0,4,null,null,null,173033,null,1,1,2025-06-17 16:13:51,null,null,null,null,null,null,null,364799331,activity,null,HTS,null,4.482,-2.274,7.125,4.464,null,null,null,null,null,null,null,null,null,null,null,null,null,null,null,null,null,null,null,null,null,278941554
TRND-Glioblastoma_LOPAC_U251-primary_screen2,NCGC00016023-27,activity,null,4,0,-0.806,CN1C=NC2=C1C(=O)NC(=O)N2C,null,null,null,null,null,T4500,SIGMA,2021_LOPAC_01,null,null,Theobromine,null,4,null,null,null,4.208,0,null,null,null,null,null,null,null,null,null,0,null,null,3.402,-0.806,0.38,null,null,null,null,null,null,null,null,null,null,YAPQBXQYLJRXSA,null,TRND,dbDuxSEUEpcCqWhzdN,null,null,null,null,null,null,null,null,null,83-67-0,null,null,null,0,4,null,null,null,173033,null,1,1,2025-06-17 16:13:51,null,null,null,null,null,null,null,364799899,activity,null,HTS,null,-0.539,3.402,-0.112,-0.806,null,null,null,null,null,null,null,null,null,null,null,null,null,null,null,null,null,null,null,null,null,278941555
TRND-Glioblastoma_LOPAC_U251-primary_screen2,NCGC00024584-31,activity,null,4,-20.723,-18.519,[H][C@@]12CCCN1C(=O)[C@H](CC(C)C)N3C(=O)[C@](NC(=O)[C@H]4CN(C)[C@]5([H])CC6=C(Br)NC7=CC=CC(=C67)C5=C4)(O[C@@]23O)C(C)C,null,null,null,null,null,B2134,SIGMA,2021_LOPAC_01,null,null,(+)-BRomocriptine methanesulfonate,null,4,null,null,null,22.536,-19.223,3.297,0.232,0.965,null,null,null,null,null,null,1.5,null,null,4.017,-18.519,-0.066,-5.775,null,null,null,null,null,null,null,null,null,OZVBMTJYIDMWIL,null,TRND,sWvxANSBiuCANKnIYL,null,null,null,null,SULFONICACID_V1,null,null,null,null,22260-51-1,null,null,null,0,4,0,null,null,173033,0 0 0 0,1,1,2025-06-17 16:13:51,null,null,null,null,null,null,null,364796603,activity,null,HTS,null,4.017,-0.483,-1.632,-18.519,null,null,null,null,null,null,null,null,null,null,null,null,null,null,null,null,null,null,null,null,null,278941556
TRND-Glioblastoma_LOPAC_U251-primary_screen2,NCGC00167505-09,activity,null,4,-10.955,-11.213,[H][C@@]12CCCN1C(=O)[C@]([H])(CC3=CNC4=CC=CC=C34)NC(=O)[C@]([H])(CC(O)=O)NC(=O)CNC(=O)[C@]([H])(CCCCNC(N)=N)NC(=O)CCSSC[C@]([H])(NC2=O)C(N)=O,null,null,null,null,null,SML1042,SIGMA,2021_LOPAC_01,null,null,Eptifibatide acetate,null,4,null,null,null,15.062,-11.455,3.929,0.598,0.687,null,null,null,null,null,null,-0.5,null,null,3.849,-11.213,-17.98,-9.357,null,null,null,null,null,null,null,null,null,CZKPOZZJODAYPZ,null,TRND,jwrmcThWsbLKIsyEfH,null,null,null,null,null,null,null,null,null,188627-80-7,null,null,null,0,4,0,null,null,173033,0 0 0 0,1,1,2025-06-17 16:13:51,null,null,null,null,null,null,null,364796155,activity,null,HTS,null,-4.703,3.849,-2.466,-11.213,null,null,null,null,null,null,null,null,null,null,null,null,null,null,null,null,null,null,null,null,null,278941557
TRND-Glioblastoma_LOPAC_U251-primary_screen2,NCGC00167958-10,activity,null,4,0,2.771,[H][C@](C)(O)[C@@]1([H])C(=O)N2C(C(O)=O)=C(C[C@]12[H])SCCNC=N,null,null,null,null,null,I0160,SIGMA,2021_LOPAC_01,null,null,Imipenem monohydrate,null,4,null,null,null,5.411,0,null,null,null,null,null,null,null,null,null,0,null,null,2.771,-2.64,-4.509,null,null,null,null,null,null,null,null,null,null,ZSKVGTPCRGIANV,null,TRND,lbnPiwZKdbLfunxFzR,null,null,null,null,H2O,null,null,null,null,64221-86-9,null,null,null,0,4,null,null,null,173033,null,1,1,2025-06-17 16:13:51,null,null,null,null,null,null,null,364797859,activity,null,HTS,null,-2.64,0.843,1.102,2.771,null,null,null,null,null,null,null,null,null,null,null,null,null,null,null,null,null,null,null,null,null,278941558
TRND-Glioblastoma_LOPAC_U251-primary_screen2,NCGC00370715-07,activity,null,4,0,4.032,O=C(N1CCN(CC1)C2=CC(=NC3=CC(=NN23)C4=CC=CC=C4)C5=CC=CO5)C6=COC=C6,null,null,null,null,null,SML0997,SIGMA,2021_LOPAC_01,null,null,ML 230,null,4,null,null,null,6.075,0,null,null,null,null,null,null,null,null,null,0,null,null,9.899,3.824,36.056,null,null,null,null,null,null,null,null,null,null,LRPGMVPQQLBMNE,null,TRND,bRQFVKjvVlPyRQTeNo,null,null,null,null,null,null,null,null,null,null,null,null,null,0,4,null,null,null,173033,null,1,1,2025-06-17 16:13:51,null,null,null,null,null,null,null,364798315,activity,null,HTS,null,9.899,3.824,5.425,4.032,null,null,null,null,null,null,null,null,null,null,null,null,null,null,null,null,null,null,null,null,null,278941559
TRND-Glioblastoma_LOPAC_U251-primary_screen2,NCGC00024489-09,activity,null,4,12.185,1.042,N[C@@H](CN1OC(=O)NC1=O)C(O)=O,null,null,null,null,null,Q2128,SIGMA,2021_LOPAC_01,null,null,(+)-Quisqualic acid,null,4,null,null,null,11.822,2,4.955,0.379,0.901,null,null,null,null,null,null,-10.185,null,null,4.168,-7.654,-17.364,-17.788,null,null,null,null,null,null,null,null,null,ASNFTDCKZKHJSW,null,TRND,mfdlWhlYHNCPORAAlV,null,null,null,null,null,null,null,null,null,52809-07-1,null,null,null,0,4,0,null,null,173033,0 0 0 0,1,1,2025-06-17 16:13:51,null,null,null,null,null,null,null,364800251,activity,null,HTS,null,-7.654,4.168,0.597,1.042,null,null,null,null,null,null,null,null,null,null,null,null,null,null,null,null,null,null,null,null,null,278941560
TRND-Glioblastoma_LOPAC_U251-primary_screen2,NCGC00015672-26,activity,null,4,0,12.279,OC1=CC(O)=C(C=C1)C2=C(O)C(=O)C3=C(O2)C=C(O)C=C3O,null,null,null,null,null,M4008,SIGMA,2021_LOPAC_01,null,null,Morin,null,4,null,null,null,10.994,0,null,null,null,null,null,null,null,null,null,0,null,null,12.279,1.286,22.261,null,null,null,null,null,null,null,null,null,null,YXOLAZRVSSWPPT,null,TRND,iyihQemwPKdvxcFxTp,null,DNA-3-Methyladenine Glycosylase inhibitor,null,null,H2O,null,null,null,null,480-16-0,MPG,null,null,0,4,null,null,null,173033,null,1,1,2025-06-17 16:13:51,null,null,null,null,null,null,null,364798927,activity,null,HTS,null,3.308,8.196,1.286,12.279,null,null,null,null,null,null,null,null,null,null,null,null,null,null,null,null,null,null,null,null,null,278941561
TRND-Glioblastoma_LOPAC_U251-primary_screen2,NCGC00186020-03,activity,null,4,-26.527,-15.855,COC1=CC=C2C3CC[C@]4(C)[C@H](CCC4C3CCC2=C1)NCCCCCCN5C(=O)CCC5=O,null,null,null,null,null,U6881,SIGMA,2021_LOPAC_01,null,null,U-73343,null,4,null,null,null,32.12,-17.027,2.253,0.502,0.804,null,null,null,null,null,null,9.5,null,null,16.265,-15.855,5.495,20.564,null,null,null,null,null,null,null,null,null,CJHWFIUASFBCKN,null,TRND,xlBaxAQfeAcvcJHmTI,null,null,null,null,null,null,null,null,null,null,null,null,null,0,4,0,null,null,173033,0 0 0 0,1,1,2025-06-17 16:13:51,null,null,null,null,null,null,null,364796379,activity,null,HTS,null,2.395,16.265,-5.982,-15.855,null,null,null,null,null,null,null,null,null,null,null,null,null,null,null,null,null,null,null,null,null,278941562
TRND-Glioblastoma_LOPAC_U251-primary_screen2,NCGC00015676-10,activity,null,4,-10.603,0.716,CC(N)(C(O)=O)C1=CC=C(C=C1)C(O)=O,null,null,null,null,null,M4796,SIGMA,2021_LOPAC_01,null,null,(±)-alpha-Methyl-4-carboxyphenylglycine,null,4,null,null,null,11.625,-0.103,4.955,0.191,0.977,null,null,null,null,null,null,10.5,null,null,10.289,-1.336,33.958,34.939,null,null,null,null,null,null,null,null,null,DNCAZYRLRMTVSF,null,TRND,wfIIHINueHBxtwknxO,null,null,null,null,null,null,null,null,null,146669-29-6,null,null,null,0,4,0,null,null,173033,0 0 0 0,1,1,2025-06-17 16:13:51,null,null,null,null,null,null,null,364797027,activity,null,HTS,null,10.289,8.529,-1.336,0.716,null,null,null,null,null,null,null,null,null,null,null,null,null,null,null,null,null,null,null,null,null,278941563
TRND-Glioblastoma_LOPAC_U251-primary_screen2,NCGC00485411-03,activity,398.107171,5,-11.108,-58.136,COC1=C(OC)C(OC)=C2C(CC[C@H](NC(C)=O)C3=CC(=O)C(SC)=CC=C23)=C1,null,null,null,null,null,SML0954,SIGMA,2021_LOPAC_01,-3.4,null,Thiocolchicine,null,-2.2,null,null,null,0.923,-68.815,0.5,1,0.985,null,null,null,null,null,null,-57.707,null,null,-58.089,-59.012,-274.171,-274.566,null,null,null,null,null,null,null,null,null,CMEGANPVAXDBPL,null,TRND,IxWCMwrPcdYoNcFjDQ,null,null,null,null,null,null,null,null,null,2730-71-4,null,null,null,0,4,1,null,null,173033,0 0 0 1,1,1,2025-06-17 16:13:51,null,null,null,null,null,null,null,364800183,activity,null,HTS,null,-58.089,-58.205,-59.012,-58.136,null,null,null,null,null,null,null,null,null,null,null,null,null,null,null,null,null,null,null,null,null,278941564
TRND-Glioblastoma_LOPAC_U251-primary_screen2,NCGC00013520-07,activity,null,4,13,16.131,OC(=O)CC[C@H](N1C(=O)C2=C(C=CC=C2)C1=O)C(O)=O,null,null,null,null,null,P1801,SIGMA,2021_LOPAC_01,null,null,"L-Glutamic acid, N-phthaloyl-",null,4,null,null,null,13.716,17,4.955,0.234,0.965,null,null,null,null,null,null,4,null,null,16.131,2.415,27.571,25.169,null,null,null,null,null,null,null,null,null,FEFFSKLJNYRHQN,null,TRND,gNTWEOsxhJuebAxCyH,null,null,null,null,null,null,null,null,null,340-90-9,null,null,null,0,4,0,null,null,173033,0 0 0 0,1,1,2025-06-17 16:13:51,null,null,null,null,null,null,null,364800527,activity,null,HTS,null,5.255,2.415,4.031,16.131,null,null,null,null,null,null,null,null,null,null,null,null,null,null,null,null,null,null,null,null,null,278942075
TRND-Glioblastoma_LOPAC_U251-primary_screen2,NCGC00017364-23,activity,null,4,-11.766,4.672,OC(=O)\C=C\C1=CC(O)=C(O)C=C1,null,null,null,null,null,C0625,SIGMA,2021_LOPAC_01,null,null,Caffeic Acid,null,4,null,null,null,12.582,-3.766,4.955,1,0.774,null,null,null,null,null,null,8,null,null,11.11,-1.472,20.129,24.774,null,null,null,null,null,null,null,null,null,QAIPRVGONGVQAS,null,TRND,oMAXIgoFasZlWKCfKL,null,null,null,null,null,null,null,null,null,331-39-5,null,null,null,0,4,1,null,null,173033,0 0 0 1,1,1,2025-06-17 16:13:51,null,null,null,null,null,null,null,364798471,activity,null,HTS,null,5.105,11.11,-1.472,4.672,null,null,null,null,null,null,null,null,null,null,null,null,null,null,null,null,null,null,null,null,null,278942076
TRND-Glioblastoma_LOPAC_U251-primary_screen2,NCGC00015219-15,activity,null,4,-16.618,0.768,C[N+](C)(C)CCO,null,null,null,null,null,C1754,SIGMA,2021_LOPAC_01,null,null,Choline bromide,null,4,null,null,null,17.803,-1.618,1.967,0.319,0.932,null,null,null,null,null,null,15,null,null,14.371,-3.431,43.448,43.53,null,null,null,null,null,null,null,null,null,OEYIOHPDSNJKLS,null,TRND,VWXreUQkYcubIeFcjS,null,null,null,null,BR,null,null,null,null,10019,null,null,null,0,4,0,null,null,173033,0 0 0 0,1,1,2025-06-17 16:13:51,null,null,null,null,null,null,null,364796587,activity,null,HTS,null,14.371,7.957,-3.431,0.768,null,null,null,null,null,null,null,null,null,null,null,null,null,null,null,null,null,null,null,null,null,278942077
TRND-Glioblastoma_LOPAC_U251-primary_screen2,NCGC00015159-26,activity,null,4,0,1.583,CC(C)NCC(O)COC1=CC=C(CCOCC2CC2)C=C1,null,null,null,null,null,B5683,SIGMA,2021_LOPAC_01,null,null,Betaxolol hydrochloride,null,4,null,null,null,4.127,0,null,null,null,null,null,null,null,null,null,0,null,null,5.71,1.583,21.127,null,null,null,null,null,null,null,null,null,null,NWIUTZDMDHAVTP,null,TRND,iNhpKGxfJkuOhHQJLp,null,Beta-1 Adrenergic Receptor antagonist,null,null,CL,null,null,null,null,63659-19-8,ADRB1,null,null,0,4,null,null,null,173033,null,1,1,2025-06-17 16:13:51,null,null,null,null,null,null,null,364797755,activity,null,HTS,null,4.453,5.646,5.71,1.583,null,null,null,null,null,null,null,null,null,null,null,null,null,null,null,null,null,null,null,null,null,278942078
TRND-Glioblastoma_LOPAC_U251-primary_screen2,NCGC00690008-01,activity,null,4,0,-2.709,CNC(=O)NC1=CC(OC2=CC(OC)=CN=C2)=C(C=N1)[C@H]3CCCOC3,null,null,null,null,null,SML1946,SIGMA,2021_LOPAC_01,null,null,AM-9074,null,4,null,null,null,7.366,0,null,null,null,null,null,null,null,null,null,0,null,null,-0.023,-7.388,-8.712,null,null,null,null,null,null,null,null,null,null,APSOPISMEDAYTH,null,TRND,ZOVXRDAaGZhqxmCulj,null,null,null,null,null,null,null,null,null,null,null,null,null,0,4,null,null,null,173033,null,1,1,2025-06-17 16:13:51,null,null,null,null,null,null,null,364798115,activity,null,HTS,null,-0.76,-7.388,-0.023,-2.709,null,null,null,null,null,null,null,null,null,null,null,null,null,null,null,null,null,null,null,null,null,278942079
TRND-Glioblastoma_LOPAC_U251-primary_screen2,NCGC00093739-25,activity,null,4,0,-0.434,[H][C@]1(CCC(=O)N1C)C2=CN=CC=C2,null,null,null,null,null,C5923,SIGMA,2021_LOPAC_01,null,null,(-)-Cotinine,null,4,null,null,null,7.627,0,null,null,null,null,null,null,null,null,null,0,null,null,6.678,-0.948,9.267,null,null,null,null,null,null,null,null,null,null,UIKROCXWUNQSPJ,null,TRND,XHYPyAzZpaMtjVBfLD,null,null,null,null,null,null,null,null,null,486-56-6,null,null,null,0,4,null,null,null,173033,null,1,1,2025-06-17 16:13:51,null,null,null,null,null,null,null,364798431,activity,null,HTS,null,1.979,6.678,-0.948,-0.434,null,null,null,null,null,null,null,null,null,null,null,null,null,null,null,null,null,null,null,null,null,278942080
TRND-Glioblastoma_LOPAC_U251-primary_screen2,NCGC00390702-04,activity,null,4,0,8.934,C[C@@H](N1CCC(=C)CC1)[C@](O)(CN2C=NC=N2)C3=CC=C(F)C=C3F,null,null,null,null,null,SML1244,SIGMA,2021_LOPAC_01,null,null,Efinaconazole ,null,4,null,null,null,6.253,0,null,null,null,null,null,null,null,null,null,0,null,null,8.934,2.681,19.19,null,null,null,null,null,null,null,null,null,null,NFEZZTICAUWDHU,null,TRND,iQhAZcCFlwgQxsnKcD,null,null,null,null,null,null,null,null,null,164650-44-6,null,null,null,0,4,null,null,null,173033,null,1,1,2025-06-17 16:13:51,null,null,null,null,null,null,null,364797847,activity,null,HTS,null,2.681,6.424,3.667,8.934,null,null,null,null,null,null,null,null,null,null,null,null,null,null,null,null,null,null,null,null,null,278942081
TRND-Glioblastoma_LOPAC_U251-primary_screen2,NCGC00015214-13,activity,null,4,0,-5.051,[O-][S+](=O)(N1CCCNCC1)C2=CC=CC3=C(Cl)C=CC=C23,null,null,null,null,null,C1172,SIGMA,2021_LOPAC_01,null,null,ML-9,null,4,null,null,null,7.024,0,null,null,null,null,null,null,null,null,null,0,null,null,0.919,-6.105,-19.376,null,null,null,null,null,null,null,null,null,null,OZSMSRIUUDGTEP,null,TRND,syWeVJpRYLZrLxeLuo,null,null,null,null,CL,null,null,null,null,105637-50-1,null,null,null,0,4,null,null,null,173033,null,1,1,2025-06-17 16:13:51,null,null,null,null,null,null,null,364798487,activity,null,HTS,null,-6.105,0.919,-0.603,-5.051,null,null,null,null,null,null,null,null,null,null,null,null,null,null,null,null,null,null,null,null,null,278942082
TRND-Glioblastoma_LOPAC_U251-primary_screen2,NCGC00015047-07,activity,null,4,-14.098,-5.498,CCN(C(C)C)C1=C(Cl)N=C(C(=O)N=C(N)N)C(N)=N1,null,null,null,null,null,A3085,SIGMA,2021_LOPAC_01,null,null,5-(N-Ethyl-N-isopropyl)amiloride,null,4,null,null,null,13.048,-6.098,1.416,0.035,0.999,null,null,null,null,null,null,8,null,null,7.55,-5.498,20.027,20.54,null,null,null,null,null,null,null,null,null,QDERNBXNXJCIQK,null,TRND,aoWznwDHwbVHtAElrX,null,null,null,null,null,null,null,null,null,1154-25-2,null,null,null,0,4,0,null,null,173033,0 0 0 0,1,1,2025-06-17 16:13:51,null,null,null,null,null,null,null,364798107,activity,null,HTS,null,7.55,5.06,-2.248,-5.498,null,null,null,null,null,null,null,null,null,null,null,null,null,null,null,null,null,null,null,null,null,278942083
TRND-Glioblastoma_LOPAC_U251-primary_screen2,NCGC00346945-09,activity,1.995262,-1.2,-48.136,-38.997,COC1=CC=C(C=C1OC)C2=CC3=NC=CN3C(NC4=NC=CC=C4C(N)=O)=N2,null,null,null,null,null,B9685,SIGMA,2021_LOPAC_01,-5.7,null,BAY 61-3606 hydrochloride hydrate,null,-1.2,null,null,null,43.522,-40.636,1.344,0.023,1,null,null,null,null,null,null,7.5,null,null,4.525,-38.997,-38.131,-38.338,null,null,null,null,null,null,null,null,null,JWQOJVOKBAAAAR,null,TRND,GmxuTjgJnjDxOJkNju,null,Tyrosine-protein kinase SYK inhibitor,null,null,CL,null,null,null,null,732983-37-8,SYK,null,null,0,4,0,null,null,173033,0 0 0 0,1,1,2025-06-17 16:13:51,null,null,null,null,null,null,null,364798651,activity,null,HTS,null,4.525,-10.251,-32.926,-38.997,null,null,null,null,null,null,null,null,null,null,null,null,null,null,null,null,null,null,null,null,null,278942084
TRND-Glioblastoma_LOPAC_U251-primary_screen2,NCGC00507717-03,activity,1.412538,-1.4,-22.281,-11.484,CC(=O)NC1=CC=C(C=C1)C(=O)NC2=CC=C(F)C=C2N,null,null,null,null,null,SML1639,SIGMA,2021_LOPAC_01,-5.85,null,BRD3308,null,4,null,null,null,19.739,-11.781,1.272,0.024,1,null,null,null,null,null,null,10.5,null,null,8.255,-11.484,10.146,10.029,null,null,null,null,null,null,null,null,null,RRJDFENBXIEAPD,null,TRND,eZOfovALGICIJfWGrf,null,null,null,null,null,null,null,null,null,null,null,null,null,0,4,0,null,null,173033,0 0 0 0,1,1,2025-06-17 16:13:51,null,null,null,null,null,null,null,364798615,activity,null,HTS,null,8.255,-0.406,-9.213,-11.484,null,null,null,null,null,null,null,null,null,null,null,null,null,null,null,null,null,null,null,null,null,278942085
TRND-Glioblastoma_LOPAC_U251-primary_screen2,NCGC00015854-20,activity,null,4,8.795,8.402,CC(C)[N+](C)(CCOC(=O)C1C2=C(OC3=C1C=CC=C3)C=CC=C2)C(C)C,null,null,null,null,null,P8891,SIGMA,2021_LOPAC_01,null,null,Propantheline bromide,null,4,null,null,null,10.5,6.5,4.955,0.691,0.508,null,null,null,null,null,null,-2.295,null,null,9.837,-0.663,10.546,10.92,null,null,null,null,null,null,null,null,null,VVWYOYDLCMFIEM,null,TRND,VGDlgaEOeRqfnSqqSy,null,null,null,null,BR,null,null,null,null,50-34-0,null,null,null,0,4,0,null,null,173033,0 0 0 0,1,1,2025-06-17 16:13:51,null,null,null,null,null,null,null,364798891,activity,null,HTS,null,-0.663,9.837,1.565,8.402,null,null,null,null,null,null,null,null,null,null,null,null,null,null,null,null,null,null,null,null,null,278942086
TRND-Glioblastoma_LOPAC_U251-primary_screen2,NCGC00015571-16,activity,null,4,9.585,-1.151,OC1=C(C=CC=C1)N2CC=C(NC2=O)C3=CC=CC(=C3)[N+]([O-])=O,null,null,null,null,null,I9532,SIGMA,2021_LOPAC_01,null,null,Icilin,null,4,null,null,null,13.02,7.5,4.955,1,0.509,null,null,null,null,null,null,-2.085,null,null,11.869,-1.151,11.996,13.858,null,null,null,null,null,null,null,null,null,RCEFMOGVOYEGJN,null,TRND,tWieBMPmqSgdsPrmur,null,null,null,null,null,null,null,null,null,36945-98-9,null,null,null,0,4,1,null,null,173033,0 0 0 1,1,1,2025-06-17 16:13:51,null,null,null,null,null,null,null,364796855,activity,null,HTS,null,-0.07,11.869,3.181,-1.151,null,null,null,null,null,null,null,null,null,null,null,null,null,null,null,null,null,null,null,null,null,278942087
TRND-Glioblastoma_LOPAC_U251-primary_screen2,NCGC00015125-07,activity,null,4,0,8.806,C[N+](C)(C)CCOC(=O)CBr,null,null,null,null,null,B121,SIGMA,2021_LOPAC_01,null,null,BRomoacetylcholine bromide,null,4,null,null,null,11.639,0,null,null,null,null,null,null,null,null,null,0,null,null,8.806,-2.833,25.814,null,null,null,null,null,null,null,null,null,null,BPLURRWZRNOJMR,null,TRND,QipUBdzZXGiLYtscTj,null,null,null,null,BR,null,null,null,null,null,null,null,null,0,4,null,null,null,173033,null,1,1,2025-06-17 16:13:51,null,null,null,null,null,null,null,364797803,activity,null,HTS,null,6.819,6.071,-2.833,8.806,null,null,null,null,null,null,null,null,null,null,null,null,null,null,null,null,null,null,null,null,null,278942088
TRND-Glioblastoma_LOPAC_U251-primary_screen2,NCGC00347676-05,activity,null,4,0,7.601,COC1=CC2=C(C(OC)=C1OC)C3=C(OC)C4=C(OCO4)C=C3C[C@H](C)[C@@](C)(O)C2,null,null,null,null,null,SML1251,SIGMA,2021_LOPAC_01,null,null,Iofetamine hydrochloride,null,4,null,null,null,8.794,0,null,null,null,null,null,null,null,null,null,0,null,null,7.601,-1.193,2.305,null,null,null,null,null,null,null,null,null,null,ZWRRJEICIPUPHZ,null,TRND,OuDeHJGRtAeXpoKQBT,null,null,null,null,null,null,null,null,null,58546-54-6,null,null,null,0,4,null,null,null,173033,null,1,1,2025-06-17 16:13:51,null,null,null,null,null,null,null,364798887,activity,null,HTS,null,-1.193,2.469,-0.152,7.601,null,null,null,null,null,null,null,null,null,null,null,null,null,null,null,null,null,null,null,null,null,278942089
TRND-Glioblastoma_LOPAC_U251-primary_screen2,NCGC00186037-15,activity,null,4,0,3.72,CCCCCN(C)CCC(O)(P(O)(O)=O)P(O)([O-])=O,null,null,null,null,null,I5784,SIGMA,2021_LOPAC_01,null,null,Ibandronate sodium,null,4,null,null,null,8.637,0,null,null,null,null,null,null,null,null,null,0,null,null,4.884,-3.753,2.232,null,null,null,null,null,null,null,null,null,null,MPBVHIBUJCELCL,null,TRND,PKwqICqKnaWDmkKRsx,null,Farnesyl Pyrophosphate Synthase inhibitor,null,null,SODIUM,null,null,null,null,138844-81-2,FDPS,null,null,0,4,null,null,null,173033,null,1,1,2025-06-17 16:13:51,null,null,null,null,null,null,null,364799523,activity,null,HTS,null,-0.185,4.884,-3.753,3.72,null,null,null,null,null,null,null,null,null,null,null,null,null,null,null,null,null,null,null,null,null,278942090
TRND-Glioblastoma_LOPAC_U251-primary_screen2,NCGC00023037-23,activity,null,4,0,10.791,CC(=O)O[C@H]1[C@H](C[C@H]2[C@@H]3CC[C@H]4C[C@H](OC(C)=O)[C@H](C[C@]4(C)[C@H]3CC[C@]12C)[N+]5(C)CCCCC5)[N+]6(C)CCCCC6,null,null,null,null,null,P1918,SIGMA,2021_LOPAC_01,null,null,Pancuronium bromide,null,4,null,null,null,8.821,0,null,null,null,null,null,null,null,null,null,0,null,null,10.791,1.971,38.632,null,null,null,null,null,null,null,null,null,null,GVEAYVLWDAFXET,null,TRND,YCYaDyOhTvsSCLwOGp,null,null,null,null,BR,null,null,null,null,null,null,null,null,0,4,null,null,null,173033,null,1,1,2025-06-17 16:13:51,null,null,null,null,null,null,null,364796067,activity,null,HTS,null,8.896,9.864,1.971,10.791,null,null,null,null,null,null,null,null,null,null,null,null,null,null,null,null,null,null,null,null,null,278942091
TRND-Glioblastoma_LOPAC_U251-primary_screen2,NCGC00015764-06,activity,null,4,0,-1.901,CCCCCCC\C=C/CCCCCCCCC(O)=O,null,null,null,null,null,O1008,SIGMA,2021_LOPAC_01,null,null,Oleic Acid,null,4,null,null,null,8.91,0,null,null,null,null,null,null,null,null,null,0,null,null,7.008,-1.901,8.675,null,null,null,null,null,null,null,null,null,null,QXJSBBXBKPUZAA,null,TRND,hfrukhXDjWyeRyqzph,null,null,null,null,null,null,null,null,null,[NO STEREO] 5684-82-2,null,null,null,0,4,null,null,null,173033,null,1,1,2025-06-17 16:13:51,null,null,null,null,null,null,null,364796643,activity,null,HTS,null,0.806,3.631,7.008,-1.901,null,null,null,null,null,null,null,null,null,null,null,null,null,null,null,null,null,null,null,null,null,278942092
TRND-Glioblastoma_LOPAC_U251-primary_screen2,NCGC00163392-14,activity,null,4,0,3.666,NC(=O)C1=C(N)C=C(S1)C2=CSC=C2,null,null,null,null,null,SML0557,SIGMA,2021_LOPAC_01,null,null,SC-514,null,4,null,null,null,6.302,0,null,null,null,null,null,null,null,null,null,0,null,null,8.843,2.541,18.314,null,null,null,null,null,null,null,null,null,null,BMUACLADCKCNKZ,null,TRND,YVMmjVJrJkxvMKJurV,null,null,null,null,null,null,null,null,null,null,null,null,null,0,4,null,null,null,173033,null,1,1,2025-06-17 16:13:51,null,null,null,null,null,null,null,364798575,activity,null,HTS,null,2.541,8.843,4.511,3.666,null,null,null,null,null,null,null,null,null,null,null,null,null,null,null,null,null,null,null,null,null,278942093
TRND-Glioblastoma_LOPAC_U251-primary_screen2,NCGC00015012-12,activity,null,4,0,3.63,CC(N)C(=O)OC(C)(C)CC1=CC=C(Cl)C=C1,null,null,null,null,null,A164,SIGMA,2021_LOPAC_01,null,null,Alaproclate hydrochloride,null,4,null,null,null,9.258,0,null,null,null,null,null,null,null,null,null,0,null,null,6.993,-2.265,2.12,null,null,null,null,null,null,null,null,null,null,FZSPJBYOKQPKCD,null,TRND,rdcYtazREOowjncXbu,null,null,null,null,CL,null,null,null,null,60719-83-7,null,null,null,0,4,null,null,null,173033,null,1,1,2025-06-17 16:13:51,null,null,null,null,null,null,null,364798147,activity,null,HTS,null,-2.265,6.993,2.305,3.63,null,null,null,null,null,null,null,null,null,null,null,null,null,null,null,null,null,null,null,null,null,278942094
TRND-Glioblastoma_LOPAC_U251-primary_screen2,NCGC00067366-02,activity,null,4,0,-3.831,C(NC1=NC2=CC=CC=C2N1CC3=CC=CC=C3)C4=CC=CO4,null,null,null,null,null,SML2244,SIGMA,2021_LOPAC_01,null,null,AC1903,null,4,null,null,null,4.96,0,null,null,null,null,null,null,null,null,null,0,null,null,-3.831,-8.791,-32.724,null,null,null,null,null,null,null,null,null,null,OECUWHDVQIITIS,null,TRND,MQTqbiKgsxEcSVNwIb,null,null,null,null,null,null,null,null,null,null,null,null,null,0,4,null,null,null,173033,null,1,1,2025-06-17 16:13:51,null,null,null,null,null,null,null,364798355,activity,null,HTS,null,-8.791,-4.102,-4.929,-3.831,null,null,null,null,null,null,null,null,null,null,null,null,null,null,null,null,null,null,null,null,null,278942095
TRND-Glioblastoma_LOPAC_U251-primary_screen2,NCGC00015073-16,activity,null,4,10.17,9.4,NCCCNCCSP(O)(O)=O,null,null,null,null,null,A5922,SIGMA,2021_LOPAC_01,null,null,Amifostine,null,4,null,null,null,13.291,10.5,4.955,0.634,0.628,null,null,null,null,null,null,0.33,null,null,9.4,-3.892,15.254,6.259,null,null,null,null,null,null,null,null,null,JKOQGQFVAUAYPM,null,TRND,myJTGnIpEObAqhXFNs,null,null,null,null,H2O,null,null,null,null,20537-88-6,null,null,null,0,4,0,null,null,173033,0 0 0 0,1,1,2025-06-17 16:13:51,null,null,null,null,null,null,null,364796891,activity,null,HTS,null,4.752,-0.22,-3.892,9.4,null,null,null,null,null,null,null,null,null,null,null,null,null,null,null,null,null,null,null,null,null,278942096
TRND-Glioblastoma_LOPAC_U251-primary_screen2,NCGC00015033-08,activity,null,4,0,5.158,NC1=CC(Cl)=C(N=C2NCCN2)C(Cl)=C1,null,null,null,null,null,A0779,SIGMA,2021_LOPAC_01,null,null,p-Aminoclonidine hydrochloride,null,4,null,null,null,9.851,0,null,null,null,null,null,null,null,null,null,0,null,null,5.158,-4.692,-12.639,null,null,null,null,null,null,null,null,null,null,IEJXVRYNEISIKR,null,TRND,PLMiJuYJGzyMWFJFoB,null,Alpha-2A Adrenergic Receptor agonist,null,null,CL,null,null,null,null,73218-79-8,ADRA2A,null,null,0,4,null,null,null,173033,null,1,1,2025-06-17 16:13:51,null,null,null,null,null,null,null,364797435,activity,null,HTS,null,-4.692,0.863,-4.193,5.158,null,null,null,null,null,null,null,null,null,null,null,null,null,null,null,null,null,null,null,null,null,278942097
TRND-Glioblastoma_LOPAC_U251-primary_screen2,NCGC00186022-06,activity,null,4,-23.404,-19.503,CC1=NN(C(C)=C1)C2=NC(NC3CCCCC3)=CC(C)=N2,null,null,null,null,null,C5493,SIGMA,2021_LOPAC_01,null,null,CyPPA,null,4,null,null,null,23.45,-19.404,2.72,0.058,0.998,null,null,null,null,null,null,4,null,null,3.947,-19.503,-6.795,-5.103,null,null,null,null,null,null,null,null,null,USEMRPYUFJNFQN,null,TRND,iTmeAPFgogcFTPGrON,null,null,null,null,null,null,null,null,null,null,null,null,null,0,4,0,null,null,173033,0 0 0 0,1,1,2025-06-17 16:13:51,null,null,null,null,null,null,null,364799575,activity,null,HTS,null,3.316,3.947,-12.158,-19.503,null,null,null,null,null,null,null,null,null,null,null,null,null,null,null,null,null,null,null,null,null,278942098
TRND-Glioblastoma_LOPAC_U251-primary_screen2,NCGC00015251-29,activity,7.079458,-2.4,-62.834,-57.071,ClC1=C(C=CC=C1)C(N2C=CN=C2)(C3=CC=CC=C3)C4=CC=CC=C4,null,null,null,null,null,C6019,SIGMA,2021_LOPAC_01,-5.15,null,Clotrimazole,null,-2.2,null,null,null,57.291,-61.834,1.885,0.093,0.995,null,null,null,null,null,null,1,null,null,0.22,-57.071,-53.48,-49.539,null,null,null,null,null,null,null,null,null,VNFPBHJOKIVQEB,null,TRND,XDjLvKxNgIKqprLNbU,null,Anti-fungal,null,null,null,null,null,null,null,23593-75-1,ERG11,null,null,0,4,0,null,null,173033,0 0 0 0,1,1,2025-06-17 16:13:51,null,null,null,null,null,null,null,364800351,activity,null,HTS,15.205004,-1.484,0.22,-27.904,-57.071,null,null,null,null,null,null,null,null,null,null,null,null,null,null,null,null,null,null,null,null,null,278942099
TRND-Glioblastoma_LOPAC_U251-primary_screen2,NCGC00015257-24,activity,null,4,0,8.194,CCOC(=O)C(C)(C)OC1=CC=C(Cl)C=C1,null,null,null,null,null,C6643,SIGMA,2021_LOPAC_01,null,null,Clofibrate,null,4,null,null,null,3.937,0,null,null,null,null,null,null,null,null,null,0,null,null,8.194,4.257,27.448,null,null,null,null,null,null,null,null,null,null,KNHUKKLJHYUCFP,null,TRND,pOaacZwJfUmKPIrkts,null,Peroxisome proliferator-activated receptor alpha agonist,null,null,null,null,null,null,null,637-07-0,PPARA,null,null,0,4,null,null,null,173033,null,1,1,2025-06-17 16:13:51,null,null,null,null,null,null,null,364799727,activity,null,HTS,null,5.778,5.91,4.257,8.194,null,null,null,null,null,null,null,null,null,null,null,null,null,null,null,null,null,null,null,null,null,278942100
TRND-Glioblastoma_LOPAC_U251-primary_screen2,NCGC00402286-06,activity,11.220185,-3,-79.219,-79.14,OB(O)C1=CC=C(COC2=CC=C(\C=C3/SC(=O)N(CC4=CC=C(F)C=C4)C3=O)C=C2)C=C1,null,null,null,null,null,SML0914,SIGMA,2021_LOPAC_01,-4.95,null,HA155,null,-3,null,null,null,81.063,-79.719,4.504,0.064,0.998,null,null,null,null,null,null,-0.5,null,null,1.924,-79.14,-53.143,-48.545,null,null,null,null,null,null,null,null,null,BRWUZCBSWABPMR,null,TRND,ZOaqCqKhSwKJbMLaRw,null,null,null,null,null,null,null,null,null,null,null,null,null,0,4,0,null,null,173033,0 0 0 0,1,1,2025-06-17 16:13:51,null,null,null,null,null,null,null,364797267,activity,null,HTS,12.5938,-2.766,1.924,-7.449,-79.14,null,null,null,null,null,null,null,null,null,null,null,null,null,null,null,null,null,null,null,null,null,278942101
TRND-Glioblastoma_LOPAC_U251-primary_screen2,NCGC00015300-21,activity,10,-2.4,-78.244,-76.53,FC1=CC=C(C=C1)C(OCCN2CCN(CCCC3=CC=CC=C3)CC2)C4=CC=C(F)C=C4,null,null,null,null,null,D052,SIGMA,2021_LOPAC_01,-5,null,GBR-12909 dihydrochloride,null,-2.2,null,null,null,82.032,-77.244,3.99,0.12,0.991,null,null,null,null,null,null,1,null,null,5.502,-76.53,-35.643,-45.186,null,null,null,null,null,null,null,null,null,NAUWTFJOPJWYOT,null,TRND,usAwGxojofaqXiWvTl,null,Sodium-dependent Dopamine Transporter inhibitor,null,null,CL,null,null,null,null,null,SLC6A3,null,null,0,4,0,null,null,173033,0 0 0 0,1,1,2025-06-17 16:13:51,null,null,null,null,null,null,null,364798135,activity,null,HTS,11.643672,5.502,-3.15,-12.126,-76.53,null,null,null,null,null,null,null,null,null,null,null,null,null,null,null,null,null,null,null,null,null,278942102
TRND-Glioblastoma_LOPAC_U251-primary_screen2,NCGC00015885-11,activity,null,4,0,9.852,CNC1=NC(NC)=NC(N[S+]([O-])(=O)C2=CC=C(N)C=C2)=C1,null,null,null,null,null,R140,SIGMA,2021_LOPAC_01,null,null,Ro 04-6790 dihydrochloride,null,4,null,null,null,14.2,0,null,null,null,null,null,null,null,null,null,0,null,null,13.736,-0.464,37.437,null,null,null,null,null,null,null,null,null,null,KVLSWQCZJGDIPQ,null,TRND,afXTsNHkGEveyjFtOj,null,null,null,null,CL,null,null,null,null,null,null,null,null,0,4,null,null,null,173033,null,1,1,2025-06-17 16:13:51,null,null,null,null,null,null,null,364795719,activity,null,HTS,null,8.279,-0.464,13.736,9.852,null,null,null,null,null,null,null,null,null,null,null,null,null,null,null,null,null,null,null,null,null,278942103
TRND-Glioblastoma_LOPAC_U251-primary_screen2,NCGC00015513-31,activity,null,4,23.14,13.216,NCCC1=CNC=N1,null,null,null,null,null,H7250,SIGMA,2021_LOPAC_01,null,null,Histamine dihydrochloride,null,4,null,null,null,17.083,16.5,0.6,0.504,0.802,null,null,null,null,null,null,-6.64,null,null,13.216,-3.867,2.791,6.362,null,null,null,null,null,null,null,null,null,NTYJJOPFIAHURM,null,TRND,UneZvMaVJQeGGYyFgB,null,Histamine H1 Receptor agonist,null,null,CL,null,null,null,null,55-36-7,HRH1,null,null,0,4,0,null,null,173033,0 0 0 0,1,1,2025-06-17 16:13:51,null,null,null,null,null,null,null,364797799,activity,null,HTS,null,-3.867,5.528,3.876,13.216,null,null,null,null,null,null,null,null,null,null,null,null,null,null,null,null,null,null,null,null,null,278942104
TRND-Glioblastoma_LOPAC_U251-primary_screen2,NCGC00346575-09,activity,null,4,11.151,-0.25,CN1C(CNC2=CC=C(C=C2)C(N)=N)=NC3=CC(=CC=C13)C(=O)N(CCC(O)=O)C4=NC=CC=C4,null,null,null,null,null,SML2370,SIGMA,2021_LOPAC_01,null,null,Dabigatran,null,4,null,null,null,14.059,7,4.955,1,0.47,null,null,null,null,null,null,-4.151,null,null,12.267,-1.792,5.482,8.014,null,null,null,null,null,null,null,null,null,YBSJFWOBGCMAKL,null,TRND,pkcCMGGUhcQyWYoZOY,null,Thrombin inhibitor,null,null,null,null,null,null,null,211914-51-1,F2,null,null,0,4,1,null,null,173033,0 0 0 1,1,1,2025-06-17 16:13:51,null,null,null,null,null,null,null,364797471,activity,null,HTS,null,-1.792,12.267,1.538,-0.25,null,null,null,null,null,null,null,null,null,null,null,null,null,null,null,null,null,null,null,null,null,278942105
TRND-Glioblastoma_LOPAC_U251-primary_screen2,NCGC00015730-29,activity,null,4,0,4.266,CN(C)C(=O)OC1=CC(=CC=C1)[N+](C)(C)C,null,null,null,null,null,N2001,SIGMA,2021_LOPAC_01,null,null,Neostigmine bromide,null,4,null,null,null,4.529,0,null,null,null,null,null,null,null,null,null,0,null,null,4.721,0.191,9.62,null,null,null,null,null,null,null,null,null,null,ALWKGYPQUAPLQC,null,TRND,mxTPaKJmhceANnjgDE,null,null,null,null,BR,null,null,null,null,114-80-7,null,null,null,0,4,null,null,null,173033,null,1,1,2025-06-17 16:13:51,null,null,null,null,null,null,null,364796683,activity,null,HTS,null,1.422,4.721,0.191,4.266,null,null,null,null,null,null,null,null,null,null,null,null,null,null,null,null,null,null,null,null,null,278942106
TRND-Glioblastoma_LOPAC_U251-primary_screen2,NCGC00014996-06,activity,null,4,0,-4.588,COC1=CC2=C(NC3=C2CCNC3)C=C1,null,null,null,null,null,291552,SIGMA,2021_LOPAC_01,null,null,"6-Methoxy-1,2,3,4-tetrahydro-9H-pyrido[3,4b] indole",null,4,null,null,null,4.729,0,null,null,null,null,null,null,null,null,null,0,null,null,-4.588,-9.316,-29.621,null,null,null,null,null,null,null,null,null,null,QYMDEOQLJUUNOF,null,TRND,UpEwKOcNHMUVMieZLy,null,null,null,null,null,null,null,null,null,null,null,null,null,0,4,null,null,null,173033,null,1,1,2025-06-17 16:13:51,null,null,null,null,null,null,null,364795499,activity,null,HTS,null,-6.144,-5.213,-9.316,-4.588,null,null,null,null,null,null,null,null,null,null,null,null,null,null,null,null,null,null,null,null,null,278942107
TRND-Glioblastoma_LOPAC_U251-primary_screen2,NCGC00016047-16,activity,null,4,24.5,12.272,FC(F)(F)C1=C(C=CC=C1)N2C=CN=C2,null,null,null,null,null,T7313,SIGMA,2021_LOPAC_01,null,null,1-[2-(Trifluoromethyl)phenyl]imidazole,null,4,null,null,null,20.937,28.5,3.929,1,0.994,null,null,null,null,null,null,4,null,null,24.172,3.235,45.385,46.012,null,null,null,null,null,null,null,null,null,WZBWBNCQUTXYEL,null,TRND,ZKQVfArgEOVfYRHIjB,null,null,null,null,null,null,null,null,null,null,null,null,null,0,4,1,null,null,173033,0 0 0 1,1,1,2025-06-17 16:13:51,null,null,null,null,null,null,null,364800587,activity,null,HTS,null,4.869,3.235,24.172,12.272,null,null,null,null,null,null,null,null,null,null,null,null,null,null,null,null,null,null,null,null,null,278942108
TRND-Glioblastoma_LOPAC_U251-primary_screen2,NCGC00015291-10,activity,null,4,0,5.137,NC1CCC2=CC(O)=C(O)C=C2C1,null,null,null,null,null,D002,SIGMA,2021_LOPAC_01,null,null,"6,7-ADTN hydrobromide",null,4,null,null,null,7.377,0,null,null,null,null,null,null,null,null,null,0,null,null,5.137,-2.24,2.142,null,null,null,null,null,null,null,null,null,null,ASXGAOFCKGHGMF,null,TRND,hRDNlWvnYVZUdAnvXw,null,null,null,null,BR,null,null,null,null,13575-86-5,null,null,null,0,4,null,null,null,173033,null,1,1,2025-06-17 16:13:51,null,null,null,null,null,null,null,364796199,activity,null,HTS,null,-2.24,4.695,3.4,5.137,null,null,null,null,null,null,null,null,null,null,null,null,null,null,null,null,null,null,null,null,null,278941565
TRND-Glioblastoma_LOPAC_U251-primary_screen2,NCGC00015436-22,activity,19.952623,-3,-107.548,-95.878,OCCN1CCN(CCCN2C3=C(SC4=C2C=C(C=C4)C(F)(F)F)C=CC=C3)CC1,null,null,null,null,null,F4765,SIGMA,2021_LOPAC_01,-4.7,null,Fluphenazine dihydrochloride,null,-3,null,null,null,102.659,-103.548,4.955,0.089,0.995,null,null,null,null,null,null,4,null,null,6.781,-95.878,-45.986,-33.928,null,null,null,null,null,null,null,null,null,PLDUPXSUYLZYBN,null,TRND,SMGNnJOZUuVqkXezcX,null,Dopamine Receptor D2 antagonist,null,null,CL,null,null,null,null,null,DRD2,null,null,0,4,0,null,null,173033,0 0 0 0,1,1,2025-06-17 16:13:51,null,null,null,null,null,null,null,364800347,activity,null,HTS,19.678477,-1.104,3.917,6.781,-95.878,null,null,null,null,null,null,null,null,null,null,null,null,null,null,null,null,null,null,null,null,null,278941566
TRND-Glioblastoma_LOPAC_U251-primary_screen2,NCGC00015439-23,activity,null,4,-9,5.345,CCOC(=O)C1=C2CN(C)C(=O)C3=C(C=CC(F)=C3)N2C=N1,null,null,null,null,null,F6300,SIGMA,2021_LOPAC_01,null,null,Flumazenil,null,4,null,null,null,13.287,0.5,4.955,1,0.347,null,null,null,null,null,null,9.5,null,null,15.594,2.307,24.228,34.836,null,null,null,null,null,null,null,null,null,OFBIFZUFASYYRE,null,TRND,LCXRgHRNdEboVkSFEa,null,Gamma-aminobutyric acid receptor subunit alpha-1 modulator,null,null,null,null,null,null,null,78755-81-4,GABRA1,null,null,0,4,1,null,null,173033,0 0 0 1,1,1,2025-06-17 16:13:51,null,null,null,null,null,null,null,364797167,activity,null,HTS,null,3.785,15.594,2.307,5.345,null,null,null,null,null,null,null,null,null,null,null,null,null,null,null,null,null,null,null,null,null,278941567
TRND-Glioblastoma_LOPAC_U251-primary_screen2,NCGC00186005-04,activity,null,4,-13.454,5.537,C[N+](C)(C)CCOP([O-])(=O)OP([O-])(=O)OC[C@H]1O[C@H]([C@H](O)C1O)N2\C=C/C(N)=N\C2=O,null,null,null,null,null,C0256,SIGMA,2021_LOPAC_01,null,null,Cytidine 5 -diphosphocholine sodium salt hydrate,null,4,null,null,null,10.463,-6.454,1.344,1,0.999,null,null,null,null,null,null,7,null,null,5.918,-4.545,11.579,10.445,null,null,null,null,null,null,null,null,null,RZZPDXZPRHQOCG,null,TRND,yICGyPvtGgPlJtEVji,null,null,null,null,SODIUM,null,null,null,null,33818-15-4,null,null,null,0,4,1,null,null,173033,0 0 0 1,1,1,2025-06-17 16:13:51,null,null,null,null,null,null,null,364797447,activity,null,HTS,null,5.918,1.035,-4.545,5.537,null,null,null,null,null,null,null,null,null,null,null,null,null,null,null,null,null,null,null,null,null,278941568
TRND-Glioblastoma_LOPAC_U251-primary_screen2,NCGC00015686-15,activity,null,4,-9.5,5.725,COC1=CC(=CC(OC)=C1OC)C(CCCN(C)CCC2=CC(OC)=C(OC)C=C2)(C#N)C(C)C,null,null,null,null,null,M5644,SIGMA,2021_LOPAC_01,null,null,(±)-Methoxyverapamil hydrochloride,null,4,null,null,null,11.501,-0.5,4.955,1,0.564,null,null,null,null,null,null,9,null,null,13.015,1.514,25.446,31.942,null,null,null,null,null,null,null,null,null,XQLWNAFCTODIRK,null,TRND,JGLJVszVCHDYzTABbi,null,null,null,null,CL,null,null,null,null,16662-46-7,null,null,null,0,4,1,null,null,173033,0 0 0 1,1,1,2025-06-17 16:13:51,null,null,null,null,null,null,null,364798959,activity,null,HTS,null,5.224,13.015,1.514,5.725,null,null,null,null,null,null,null,null,null,null,null,null,null,null,null,null,null,null,null,null,null,278941569
TRND-Glioblastoma_LOPAC_U251-primary_screen2,NCGC00015503-10,activity,null,4,0,5.025,NC(CC1=C(O)C=C(O)C(O)=C1)C(O)=O,null,null,null,null,null,H2380,SIGMA,2021_LOPAC_01,null,null,6-Hydroxy-DL-DOPA,null,4,null,null,null,5.193,0,null,null,null,null,null,null,null,null,null,0,null,null,5.025,-0.167,13.184,null,null,null,null,null,null,null,null,null,null,YLKRUSPZOTYMAT,null,TRND,STmEuAicvETAqfluka,null,null,null,null,null,null,null,null,null,21373-30-8,null,null,null,0,4,null,null,null,173033,null,1,1,2025-06-17 16:13:51,null,null,null,null,null,null,null,364800323,activity,null,HTS,null,2.713,4.479,-0.167,5.025,null,null,null,null,null,null,null,null,null,null,null,null,null,null,null,null,null,null,null,null,null,278941570
TRND-Glioblastoma_LOPAC_U251-primary_screen2,NCGC00015348-09,activity,null,4,0,-1.339,COC1=C(OC)C(=O)C2=C(C=CC=C2)C1=O,null,null,null,null,null,D5439,SIGMA,2021_LOPAC_01,null,null,"2,3-Dimethoxy-1,4-naphthoquinone",null,4,null,null,null,8.105,0,null,null,null,null,null,null,null,null,null,0,null,null,2.316,-5.789,-15.07,null,null,null,null,null,null,null,null,null,null,ZEGDFCCYTFPECB,null,TRND,DuauPOuDvwAfGMkKew,null,null,null,null,null,null,null,null,null,null,null,null,null,0,4,null,null,null,173033,null,1,1,2025-06-17 16:13:51,null,null,null,null,null,null,null,364800091,activity,null,HTS,null,-5.789,2.316,0.116,-1.339,null,null,null,null,null,null,null,null,null,null,null,null,null,null,null,null,null,null,null,null,null,278941571
TRND-Glioblastoma_LOPAC_U251-primary_screen2,NCGC00163388-05,activity,19.952623,-3,-49.976,-45.811,CC(C)C1=CC(\C=C(/C#N)C(=O)NCCCC2=CC=CC=C2)=CC(C(C)C)=C1O,null,null,null,null,null,SML1193,SIGMA,2021_LOPAC_01,-4.7,null,SU1498,null,-3,null,null,null,48.642,-49.476,4.955,0.106,0.993,null,null,null,null,null,null,0.5,null,null,2.831,-45.811,-17.226,-22.151,null,null,null,null,null,null,null,null,null,JANPYFTYAGTSIN,null,TRND,oEisPKdENkAYUgUvCg,null,null,null,null,null,null,null,null,null,null,null,null,null,0,4,0,null,null,173033,0 0 0 0,1,1,2025-06-17 16:13:51,null,null,null,null,null,null,null,364797775,activity,null,HTS,null,2.831,-1.937,0.504,-45.811,null,null,null,null,null,null,null,null,null,null,null,null,null,null,null,null,null,null,null,null,null,278941572
TRND-Glioblastoma_LOPAC_U251-primary_screen2,NCGC00015727-21,activity,null,4,17.063,11.297,CN1CC(C2=CC=CC=C2)C3=CC=CC(N)=C3C1,null,null,null,null,null,N1530,SIGMA,2021_LOPAC_01,null,null,Nomifensine maleate,null,4,null,null,null,12.183,15,0.7,0.194,0.976,null,null,null,null,null,null,-2.063,null,null,11.297,-0.886,9.076,10.01,null,null,null,null,null,null,null,null,null,XXPANQJNYNUNES,null,TRND,PcyAjrIWFEsAaiMxLY,null,null,null,null,MALEATE,null,null,null,null,32795-47-4,null,null,null,0,4,0,null,null,173033,0 0 0 0,1,1,2025-06-17 16:13:51,null,null,null,null,null,null,null,364800503,activity,null,HTS,null,-0.886,2.666,5.338,11.297,null,null,null,null,null,null,null,null,null,null,null,null,null,null,null,null,null,null,null,null,null,278941573
TRND-Glioblastoma_LOPAC_U251-primary_screen2,NCGC00179608-42,activity,null,4,11.781,7.613,CN1[C@H]2CC[C@@H]1CC(C2)OC(=O)[C@H](CO)C3=CC=CC=C3,null,null,null,null,null,H9002,SIGMA,2021_LOPAC_01,null,null,L-Hyoscyamine,null,4,null,null,null,12.431,6.5,2.952,0.194,0.976,null,null,null,null,null,null,-5.281,null,null,7.613,-4.818,-2.776,-3.201,null,null,null,null,null,null,null,null,null,RKUNBYITZUJHSG,null,TRND,diNNPWhRvLyAaKSpQI,null,null,null,null,null,null,null,null,null,101-31-5,null,null,null,0,4,0,null,null,173033,0 0 0 0,1,1,2025-06-17 16:13:51,null,null,null,null,null,null,null,364795911,activity,null,HTS,null,-4.818,3.896,5.534,7.613,null,null,null,null,null,null,null,null,null,null,null,null,null,null,null,null,null,null,null,null,null,278941574
TRND-Glioblastoma_LOPAC_U251-primary_screen2,NCGC00015448-12,activity,null,4,0,-4.827,CC(C)=CCC\C(C)=C\CC\C(C)=C\CSC1=C(C=CC=C1)C(O)=O,null,null,null,null,null,SML1166,SIGMA,2021_LOPAC_01,null,null,Salirasib,null,4,null,null,null,15.036,0,null,null,null,null,null,null,null,null,null,0,null,null,2.21,-12.826,-4.757,null,null,null,null,null,null,null,null,null,null,WUILNKCFCLNXOK,null,TRND,pIMWybzUvyFSHiJtYN,null,mTOR Complex 1 (mTORC1) inhibitor,null,null,null,null,null,null,null,162520-00-5,MTOR,null,null,0,4,null,null,null,173033,null,1,1,2025-06-17 16:13:51,null,null,null,null,null,null,null,364798075,activity,null,HTS,null,1.873,-12.826,2.21,-4.827,null,null,null,null,null,null,null,null,null,null,null,null,null,null,null,null,null,null,null,null,null,278941575
TRND-Glioblastoma_LOPAC_U251-primary_screen2,NCGC00185997-13,activity,null,4,11.612,11.767,OC1=CC(F)=CC=C1C2=CC=C(O2)\C=C3/SC(=O)NC3=O,null,null,null,null,null,A8981,SIGMA,2021_LOPAC_01,null,null,AS-252424,null,4,null,null,null,11.86,13,4.955,0.51,0.797,null,null,null,null,null,null,1.388,null,null,11.767,-0.093,13.796,11.899,null,null,null,null,null,null,null,null,null,OYYVWNDMOQPMGE,null,TRND,MqjhTaFIpuDFDPNwRA,null,Phosphatidylinositol 3-Kinase gamma isoform inhibitor,null,null,null,null,null,null,null,900515-16-4,PIK3CG,null,null,0,4,0,null,null,173033,0 0 0 0,1,1,2025-06-17 16:13:51,null,null,null,null,null,null,null,364800063,activity,null,HTS,null,1.445,5.246,-0.093,11.767,null,null,null,null,null,null,null,null,null,null,null,null,null,null,null,null,null,null,null,null,null,278941576
TRND-Glioblastoma_LOPAC_U251-primary_screen2,NCGC00015703-16,activity,null,4,-10.314,2.859,CNC1(C)C2CCC(C2)C1(C)C,null,null,null,null,null,M9020,SIGMA,2021_LOPAC_01,null,null,Mecamylamine hydrochloride,null,4,null,null,null,12.981,0.186,2.253,0.504,0.803,null,null,null,null,null,null,10.5,null,null,10.22,-2.761,31.977,32.906,null,null,null,null,null,null,null,null,null,IMYZQPCYWPFTAG,null,TRND,jsMCWFjPAIYwbzscmN,null,null,null,null,CL,null,null,null,null,826-39-1,null,null,null,0,4,0,null,null,173033,0 0 0 0,1,1,2025-06-17 16:13:51,null,null,null,null,null,null,null,364798679,activity,null,HTS,null,10.22,5.787,-2.761,2.859,null,null,null,null,null,null,null,null,null,null,null,null,null,null,null,null,null,null,null,null,null,278941577
TRND-Glioblastoma_LOPAC_U251-primary_screen2,NCGC00014352-17,activity,null,4,-32.091,-24.242,CN(C)C1=C(CN2CCCN(CC3=C(C=CC=C3)N(C)C)C2C4=CC=NC=C4)C=CC=C1,null,null,null,null,null,G9048,SIGMA,2021_LOPAC_01,null,null,GANT61,null,4,null,null,null,35.242,-25.091,2.72,0.283,0.947,null,null,null,null,null,null,7,null,null,10.999,-24.242,0.017,9.333,null,null,null,null,null,null,null,null,null,KVQOGDQTWWCZFX,null,TRND,GTMZwrSsTDCEHgCfKd,null,Sonic Hedgehog protein inhibitor,null,null,null,null,null,null,null,null,SHH,null,null,0,4,0,null,null,173033,0 0 0 0,1,1,2025-06-17 16:13:51,null,null,null,null,null,null,null,364797663,activity,null,HTS,null,2.763,10.999,-3.708,-24.242,null,null,null,null,null,null,null,null,null,null,null,null,null,null,null,null,null,null,null,null,null,278941578
TRND-Glioblastoma_LOPAC_U251-primary_screen2,NCGC00025270-09,activity,null,4,0,1.766,NC1=NC(NC2=CC=CC=C2)=NC3=C1N=CN3[C@@H]4O[C@H](CO)[C@@H](O)C4O,null,null,null,null,null,P101,SIGMA,2021_LOPAC_01,null,null,2-Phenylaminoadenosine,null,4,null,null,null,5.845,0,null,null,null,null,null,null,null,null,null,0,null,null,1.766,-4.079,-2.706,null,null,null,null,null,null,null,null,null,null,SCNILGOVBBRMBK,null,TRND,SROYvjyHrGeDSiBdNF,null,null,null,null,null,null,null,null,null,53296-10-9,null,null,null,0,4,null,null,null,173033,null,1,1,2025-06-17 16:13:51,null,null,null,null,null,null,null,364796367,activity,null,HTS,null,0.66,-4.079,-3.738,1.766,null,null,null,null,null,null,null,null,null,null,null,null,null,null,null,null,null,null,null,null,null,278941579
TRND-Glioblastoma_LOPAC_U251-primary_screen2,NCGC00015420-24,activity,null,4,0,-9.974,CC1=CC2=C(C(O)=C1)C(=O)C3=C(C=C(O)C=C3O)C2=O,null,null,null,null,null,E7881,SIGMA,2021_LOPAC_01,null,null,Emodin,null,4,null,null,null,5.866,0,null,null,null,null,null,null,null,null,null,0,null,null,-4.108,-9.974,-23.317,null,null,null,null,null,null,null,null,null,null,RHMXXJGYXNZAPX,null,TRND,EPkLxALTINtcnJTRtk,null,Bifunctional epoxide hydrolase 2 inhibitor,null,null,null,null,null,null,null,518-82-1,EPHX2,null,null,0,4,null,null,null,173033,null,1,1,2025-06-17 16:13:51,null,null,null,null,null,null,null,364800299,activity,null,HTS,null,-4.172,-4.108,-5.182,-9.974,null,null,null,null,null,null,null,null,null,null,null,null,null,null,null,null,null,null,null,null,null,278941580
TRND-Glioblastoma_LOPAC_U251-primary_screen2,NCGC00016012-22,activity,3.548134,-1.3,-92.585,-84.906,CN(C)CCCN1C2=C(SC3=C1C=C(C=C3)C(F)(F)F)C=CC=C2,null,null,null,null,null,T2896,SIGMA,2021_LOPAC_01,-5.45,null,Triflupromazine hydrochloride,null,-1.1,null,null,null,100.714,-85.585,4.955,0.184,0.978,null,null,null,null,null,null,7,null,null,15.808,-84.906,-98.027,-78.301,null,null,null,null,null,null,null,null,null,XSCGXQMFQXDFCW,null,TRND,FTKmuFloWoyCZtjDqo,null,null,null,null,CL,null,null,null,null,1098-60-8,null,null,null,0,4,0,null,null,173033,0 0 0 0,1,1,2025-06-17 16:13:51,null,null,null,null,null,null,null,364797327,activity,null,HTS,3.800224,-2.38,15.808,-82.703,-84.906,null,null,null,null,null,null,null,null,null,null,null,null,null,null,null,null,null,null,null,null,null,278941581
TRND-Glioblastoma_LOPAC_U251-primary_screen2,NCGC00015837-11,activity,null,4,9.97,8.149,NCCCCN,null,null,null,null,null,P7505,SIGMA,2021_LOPAC_01,null,null,Putrescine dihydrochloride,null,4,null,null,null,13.541,10,4.955,0.693,0.503,null,null,null,null,null,null,0.03,null,null,8.149,-5.392,4.261,4.351,null,null,null,null,null,null,null,null,null,KIDHWZJUCRJVML,null,TRND,bJtbaXqbINEdZxQWQh,null,null,null,null,CL,null,null,null,null,null,null,null,null,0,4,0,null,null,173033,0 0 0 0,1,1,2025-06-17 16:13:51,null,null,null,null,null,null,null,364796303,activity,null,HTS,null,0.153,4.754,-5.392,8.149,null,null,null,null,null,null,null,null,null,null,null,null,null,null,null,null,null,null,null,null,null,278941582
TRND-Glioblastoma_LOPAC_U251-primary_screen2,NCGC00389632-08,activity,null,4,7,7.909,ClC1=C(CN2CCCC2=N)NC(=O)NC1=O,null,null,null,null,null,SML1552,SIGMA,2021_LOPAC_01,null,null,Tipiracil hydrochloride ,null,4,null,null,null,11.076,10,4.955,0.55,0.753,null,null,null,null,null,null,3,null,null,12.49,1.414,26.744,22.72,null,null,null,null,null,null,null,null,null,QQHMKNYGKVVGCZ,null,TRND,duUJtBMgAhocBkPmPp,null,Thymidine Phosphorylase inhibitor,null,null,CL,null,null,null,null,183204-72-0,TYMP,null,null,0,4,0,null,null,173033,0 0 0 0,1,1,2025-06-17 16:13:51,null,null,null,null,null,null,null,364800499,activity,null,HTS,null,4.635,1.414,12.49,7.909,null,null,null,null,null,null,null,null,null,null,null,null,null,null,null,null,null,null,null,null,null,278941583
TRND-Glioblastoma_LOPAC_U251-primary_screen2,NCGC00016270-23,activity,null,4,0,3.593,N[C@@H](CC1=CC(O)=C(O)C=C1)C(O)=O,null,null,null,null,null,D9628,SIGMA,2021_LOPAC_01,null,null,"L-3,4-Dihydroxyphenylalanine",null,4,null,null,null,9.726,0,null,null,null,null,null,null,null,null,null,0,null,null,13.319,3.593,32.247,null,null,null,null,null,null,null,null,null,null,WTDRDQBEARUVNC,null,TRND,XYbdcGHPpNZjgSGtzY,null,Dopamine Receptor D1 agonist,null,null,null,null,null,null,null,59-92-7,DRD1,null,null,0,4,null,null,null,173033,null,1,1,2025-06-17 16:13:51,null,null,null,null,null,null,null,364798739,activity,null,HTS,null,5.228,13.319,9.354,3.593,null,null,null,null,null,null,null,null,null,null,null,null,null,null,null,null,null,null,null,null,null,278941584
TRND-Glioblastoma_LOPAC_U251-primary_screen2,NCGC00093356-34,activity,3.981072,-2.2,-77.519,-69.528,NC1=NC(=O)N(C=C1)[C@@H]2O[C@H](CO)[C@@H](O)[C@@H]2O,null,null,null,null,null,C6645,SIGMA,2021_LOPAC_01,-5.4,null,Cytosine-1-beta-D-arabinofuranoside hydrochloride,null,-2.2,null,null,null,67.659,-76.262,1.134,0.012,1,null,null,null,null,null,null,1.257,null,null,-1.869,-69.528,-86.921,-88.02,null,null,null,null,null,null,null,null,null,UHDGCWIWMRVCDJ,null,TRND,cUvHQHzIhXrPPYtIze,null,DNA-Directed DNA Polymerase inhibitor,null,null,CL,null,null,null,null,69-74-9,POLB,null,null,0,4,0,null,null,173033,0 0 0 0,1,1,2025-06-17 16:13:51,null,null,null,null,null,null,null,364800367,activity,null,HTS,7.023799,-1.869,-15.961,-48.663,-69.528,null,null,null,null,null,null,null,null,null,null,null,null,null,null,null,null,null,null,null,null,null,278941585
TRND-Glioblastoma_LOPAC_U251-primary_screen2,NCGC00015115-05,activity,null,4,-12,6.538,C(N(CC1=CC=CC=C1)C2=CC=CC=C2)C3=NC=CN3,null,null,null,null,null,A9899,SIGMA,2021_LOPAC_01,null,null,Antozoline hydrochloride,null,4,null,null,null,13.306,4,2.406,0.429,0.868,null,null,null,null,null,null,16,null,null,14.98,1.674,50.905,51.778,null,null,null,null,null,null,null,null,null,MKIKWCVTTNYSRM,null,TRND,NQmgnTJjpCzktJllYK,null,null,null,null,CL,null,null,null,null,null,null,null,null,0,4,0,null,null,173033,0 0 0 0,1,1,2025-06-17 16:13:51,null,null,null,null,null,null,null,364796835,activity,null,HTS,null,14.98,6.759,1.674,6.538,null,null,null,null,null,null,null,null,null,null,null,null,null,null,null,null,null,null,null,null,null,278941586
TRND-Glioblastoma_LOPAC_U251-primary_screen2,NCGC00370730-14,activity,null,4,-9.534,1.574,COC1=CC=C(C=C1OC)[S+]([O-])(=O)NC2=NC(=CS2)C3=CC(=CC=C3)[N+]([O-])=O,null,null,null,null,null,SML0233,SIGMA,2021_LOPAC_01,null,null,Ro 61-8048,null,4,null,null,null,12.649,-1.534,4.504,0.539,0.766,null,null,null,null,null,null,8,null,null,8.037,-4.612,20.297,20.627,null,null,null,null,null,null,null,null,null,ODEDHOPDGJIEGV,null,TRND,OzqXfEylLNSlfdnDte,null,null,null,null,null,null,null,null,null,null,null,null,null,0,4,0,null,null,173033,0 0 0 0,1,1,2025-06-17 16:13:51,null,null,null,null,null,null,null,364797683,activity,null,HTS,null,8.037,0.558,-4.612,1.574,null,null,null,null,null,null,null,null,null,null,null,null,null,null,null,null,null,null,null,null,null,278941587
TRND-Glioblastoma_LOPAC_U251-primary_screen2,NCGC00386726-03,activity,12.589254,-2.4,-16.014,-24.105,CC1=CC=CC(=N1)C2=C(N=C(CC3=CC(=CC=C3)C(N)=O)N2)C4=CC=C5N=CC=NC5=C4,null,null,null,null,null,SML1403,SIGMA,2021_LOPAC_01,-4.9,null,IN-1130,null,4,null,null,null,15.845,-24.426,4.095,0.036,0.999,null,null,null,null,null,null,-8.413,null,null,-8.261,-24.105,-48.453,-48.57,null,null,null,null,null,null,null,null,null,RYKSGWSKILPDDY,null,TRND,ehqufPYbItAtYAIYQG,null,ALK4 inhibitor,null,null,null,null,null,null,null,868612-83-3,ACVR1B,null,null,0,4,0,null,null,173033,0 0 0 0,1,1,2025-06-17 16:13:51,null,null,null,null,null,null,null,364798847,activity,null,HTS,null,-8.261,-8.727,-9.664,-24.105,null,null,null,null,null,null,null,null,null,null,null,null,null,null,null,null,null,null,null,null,null,278941588
TRND-Glioblastoma_LOPAC_U251-primary_screen2,NCGC00162133-05,activity,null,4,0,8.802,OC[C@H]1NC[C@@H](O)[C@@H]1O,null,null,null,null,null,D1542,SIGMA,2021_LOPAC_01,null,null,"1,4-Dideoxy-1,4-imino-D-arabinitol",null,4,null,null,null,9.264,0,null,null,null,null,null,null,null,null,null,0,null,null,8.802,-0.462,4.799,null,null,null,null,null,null,null,null,null,null,OQEBIHBLFRADNM,null,TRND,YJvbVOnmrNaZsdKsoh,null,null,null,null,CL,null,null,null,null,null,null,null,null,0,4,null,null,null,173033,null,1,1,2025-06-17 16:13:51,null,null,null,null,null,null,null,364798127,activity,null,HTS,null,-0.462,0.443,1.636,8.802,null,null,null,null,null,null,null,null,null,null,null,null,null,null,null,null,null,null,null,null,null,278941589
TRND-Glioblastoma_LOPAC_U251-primary_screen2,NCGC00024832-06,activity,null,4,-8.233,-1.315,CC(=O)N[C@@H](CC1=CNC2=C1C=CC=C2)C(=O)OCC3=CC(=CC(=C3)C(F)(F)F)C(F)(F)F,null,null,null,null,null,A5330,SIGMA,2021_LOPAC_01,null,null,"L-732,138",null,4,null,null,null,12.266,-2.733,4.955,0.591,0.698,null,null,null,null,null,null,5.5,null,null,8.739,-3.528,8.574,15.956,null,null,null,null,null,null,null,null,null,BYYQYXVAWXAYQC,null,TRND,nbOZJAvOqjgOEYrYdU,null,null,null,null,null,null,null,null,null,null,null,null,null,0,4,0,null,null,173033,0 0 0 0,1,1,2025-06-17 16:13:51,null,null,null,null,null,null,null,364796875,activity,null,HTS,null,2.027,8.739,-3.528,-1.315,null,null,null,null,null,null,null,null,null,null,null,null,null,null,null,null,null,null,null,null,null,278941590
TRND-Glioblastoma_LOPAC_U251-primary_screen2,NCGC00015465-11,activity,null,4,-11.558,3.065,COC(=O)N1CCN(C(CN2CCCC2)C1)C(=O)CC3=CC(Cl)=C(Cl)C=C3,null,null,null,null,null,G133,SIGMA,2021_LOPAC_01,null,null,GR-89696 fumarate,null,4,null,null,null,11.172,-6.558,4.955,1,0.974,null,null,null,null,null,null,5,null,null,6.124,-5.048,9.876,10.292,null,null,null,null,null,null,null,null,null,HJUAKZYKCANOOZ,null,TRND,SHUFRFimUzLgWzBzyv,null,null,null,null,FUMARIC_ACID,null,null,null,null,null,null,null,null,0,4,1,null,null,173033,0 0 0 1,1,1,2025-06-17 16:13:51,null,null,null,null,null,null,null,364796471,activity,null,HTS,null,4.245,6.124,-5.048,3.065,null,null,null,null,null,null,null,null,null,null,null,null,null,null,null,null,null,null,null,null,null,278941591
TRND-Glioblastoma_LOPAC_U251-primary_screen2,NCGC00165775-11,activity,null,4,0,-1.73,O=C(C1CC1)C2=CC=C(OCCCC3=CNC=N3)C=C2,null,null,null,null,null,H3132,SIGMA,2021_LOPAC_01,null,null,Ciproxifan hydrochloride,null,4,null,null,null,6.626,0,null,null,null,null,null,null,null,null,null,0,null,null,4.895,-1.73,15.309,null,null,null,null,null,null,null,null,null,null,ACQBHJXEAYTHCY,null,TRND,PinsqlkxdBVTHUtGQy,null,null,null,null,CL,null,null,null,null,null,null,null,null,0,4,null,null,null,173033,null,1,1,2025-06-17 16:13:51,null,null,null,null,null,null,null,364796503,activity,null,HTS,null,4.895,4.891,-1.121,-1.73,null,null,null,null,null,null,null,null,null,null,null,null,null,null,null,null,null,null,null,null,null,278941592
TRND-Glioblastoma_LOPAC_U251-primary_screen2,NCGC00160391-14,activity,1.995262,-1.3,-100.899,-94.999,CCP(CC)(CC)=[Au]S[C@@H]1O[C@H](COC(C)=O)[C@@H](OC(C)=O)[C@H](OC(C)=O)[C@H]1OC(C)=O,null,null,null,null,null,A6733,SIGMA,2021_LOPAC_01,-5.7,null,Auranofin,null,-1.1,null,null,null,102.101,-96.899,2.406,0.073,0.997,null,null,null,null,null,null,4,null,null,7.102,-94.999,-112.079,-122.572,null,null,null,null,null,null,null,null,null,AUJRCFUBUPVWSZ,null,TRND,YerqWJpPCqMBfbNOrT,null,Thioredoxin Reductase inhibitor,null,null,null,null,null,null,null,[NO STEREO] 34031-32-8,TXNRD1,null,null,0,4,0,null,null,173033,0 0 0 0,1,1,2025-06-17 16:13:51,null,null,null,null,null,null,null,364795735,activity,null,HTS,2.049056,7.102,-22.762,-94.297,-94.999,null,null,null,null,null,null,null,null,null,null,null,null,null,null,null,null,null,null,null,null,null,278941593
TRND-Glioblastoma_LOPAC_U251-primary_screen2,NCGC00015548-09,activity,null,4,-12.538,7.478,NC(=O)CI,null,null,null,null,null,I1149,SIGMA,2021_LOPAC_01,null,null,Iodoacetamide,null,4,null,null,null,11.893,-3.038,3.627,1,1,null,null,null,null,null,null,9.5,null,null,9.361,-2.531,28.72,28.725,null,null,null,null,null,null,null,null,null,PGLTVOMIXTUURA,null,TRND,fNlKciVySoaqpbcmjr,null,null,null,null,null,null,null,null,null,144-48-9,null,null,null,0,4,1,null,null,173033,0 0 0 1,1,1,2025-06-17 16:13:51,null,null,null,null,null,null,null,364795959,activity,null,HTS,null,9.361,8.359,-2.531,7.478,null,null,null,null,null,null,null,null,null,null,null,null,null,null,null,null,null,null,null,null,null,278941594
TRND-Glioblastoma_LOPAC_U251-primary_screen2,NCGC00346491-13,activity,null,4,0,3.261,CCC1=C(C(=O)C(N)=O)C2=C(C=CC=C2OCC(O)=O)N1CC3=CC=CC=C3,null,null,null,null,null,SML1100,SIGMA,2021_LOPAC_01,null,null,Varespladib,null,4,null,null,null,5.175,0,null,null,null,null,null,null,null,null,null,0,null,null,6.665,1.49,12.807,null,null,null,null,null,null,null,null,null,null,BHLXTPHDSZUFHR,null,TRND,vBZzgVDgNJFTwdPDNU,null,Secretory Phospholipase A2 (sPLA2) inhibitor,null,null,null,null,null,null,null,172732-68-2,PLA2G2A,null,null,0,4,null,null,null,173033,null,1,1,2025-06-17 16:13:51,null,null,null,null,null,null,null,364795667,activity,null,HTS,null,1.49,3.287,6.665,3.261,null,null,null,null,null,null,null,null,null,null,null,null,null,null,null,null,null,null,null,null,null,278941595
TRND-Glioblastoma_LOPAC_U251-primary_screen2,NCGC00016888-08,activity,19.952623,-3,-100.195,-92.31,CNCC[C@H](OC1=CC=C(C=C1)C(F)(F)F)C2=CC=CC=C2,null,null,null,null,null,F1553,SIGMA,2021_LOPAC_01,-4.7,null,S-(+)-Fluoxetine hydrochloride,null,-3,null,null,null,92.708,-99.695,4.955,0.011,1,null,null,null,null,null,null,0.5,null,null,0.398,-92.31,-48.331,-46.77,null,null,null,null,null,null,null,null,null,RTHCYVBBDHJXIQ,null,TRND,CITvcWKcZDwqUeVXWH,null,null,null,null,CL,null,null,null,null,114247-06-2,null,null,null,0,4,0,null,null,173033,0 0 0 0,1,1,2025-06-17 16:13:51,null,null,null,null,null,null,null,364800331,activity,null,HTS,19.977295,-0.121,0.398,0.362,-92.31,null,null,null,null,null,null,null,null,null,null,null,null,null,null,null,null,null,null,null,null,null,278941596
TRND-Glioblastoma_LOPAC_U251-primary_screen2,NCGC00015830-14,activity,2.511886,-1.4,-22.82,-6.933,NNCCC1=CC=CC=C1,null,null,null,null,null,P6777,SIGMA,2021_LOPAC_01,-5.6,null,Phenelzine sulfate,null,4,null,null,null,20.471,-7.82,1.222,0.018,1,null,null,null,null,null,null,15,null,null,13.538,-6.933,37.794,37.866,null,null,null,null,null,null,null,null,null,RMUCZJUITONUFY,null,TRND,HnjLfdWDnlyNXIrygV,null,Amine oxidase A inhibitor,null,null,SULFURIC_ACID,null,null,null,null,156-51-4,MAOA,null,null,0,4,0,null,null,173033,0 0 0 0,1,1,2025-06-17 16:13:51,null,null,null,null,null,null,null,364796447,activity,null,HTS,null,13.538,7.838,-2.299,-6.933,null,null,null,null,null,null,null,null,null,null,null,null,null,null,null,null,null,null,null,null,null,278941597
TRND-Glioblastoma_LOPAC_U251-primary_screen2,NCGC00093741-05,activity,null,4,8.183,8.512,[H][C@]12SCC(C)=C(N1C(=O)[C@H]2NC(=O)C(N)C3=CCC=CC3)C(O)=O,null,null,null,null,null,C8395,SIGMA,2021_LOPAC_01,null,null,Cephradine,null,4,null,null,null,11.164,9.5,4.955,0.674,0.549,null,null,null,null,null,null,1.317,null,null,8.512,-2.652,18.262,9.979,null,null,null,null,null,null,null,null,null,RDLPVSKMFDYCOR,null,TRND,WTCloNBkmABTJQenmV,null,null,null,null,null,null,null,null,null,[NO STEREO] 38821-53-3,null,null,null,0,4,0,null,null,173033,0 0 0 0,1,1,2025-06-17 16:13:51,null,null,null,null,null,null,null,364798495,activity,null,HTS,null,5.555,-2.652,0.32,8.512,null,null,null,null,null,null,null,null,null,null,null,null,null,null,null,null,null,null,null,null,null,278941598
TRND-Glioblastoma_LOPAC_U251-primary_screen2,NCGC00015005-10,activity,null,4,26.868,9.708,CN1C2CCC1CC(C2)OC(C3=CC=CC=C3)C4=C(N)C=CC=C4,null,null,null,null,null,A138,SIGMA,2021_LOPAC_01,null,null,Aminobenztropine,null,4,null,null,null,20.431,10,1.134,0.065,0.997,null,null,null,null,null,null,-16.868,null,null,9.708,-10.723,-19.227,-19.258,null,null,null,null,null,null,null,null,null,KZFDKINRISJFCO,null,TRND,KFAYxWJsBnEDcSBMUB,null,null,null,null,null,null,null,null,null,null,null,null,null,0,4,0,null,null,173033,0 0 0 0,1,1,2025-06-17 16:13:51,null,null,null,null,null,null,null,364798131,activity,null,HTS,null,-10.723,0.703,7.06,9.708,null,null,null,null,null,null,null,null,null,null,null,null,null,null,null,null,null,null,null,null,null,278942109
TRND-Glioblastoma_LOPAC_U251-primary_screen2,NCGC00015339-17,activity,1.995262,-1.3,-91.289,-85.077,CC1=CC(N)=C2C=CC=CC2=[N+]1CCCCCCCCCC[N+]3=C4C=CC=CC4=C(N)C=C3C,null,null,null,null,null,D3768,SIGMA,2021_LOPAC_01,-5.7,null,Dequalinium chloride hydrate,null,-1.1,null,null,null,88.613,-87.289,1.826,0.061,0.998,null,null,null,null,null,null,4,null,null,3.536,-85.077,-109.481,-113.276,null,null,null,null,null,null,null,null,null,PCSWXVJAIHCTMO,null,TRND,PuPAdbSzqvoCWAeNHU,null,null,null,null,CL,null,null,null,null,null,null,null,null,0,4,0,null,null,173033,0 0 0 0,1,1,2025-06-17 16:13:51,null,null,null,null,null,null,null,364796239,activity,null,HTS,2.342849,3.536,-27.922,-78.735,-85.077,null,null,null,null,null,null,null,null,null,null,null,null,null,null,null,null,null,null,null,null,null,278942110
TRND-Glioblastoma_LOPAC_U251-primary_screen2,NCGC00159337-16,activity,null,4,0,6.196,FC(F)(F)[C@]1(OC(=O)NC2=CC=C(Cl)C=C12)C#CC3CC3,null,null,null,null,null,SML0536,SIGMA,2021_LOPAC_01,null,null,Efavirenz,null,4,null,null,null,6.792,0,null,null,null,null,null,null,null,null,null,0,null,null,6.196,-0.597,3.728,null,null,null,null,null,null,null,null,null,null,XPOQHMRABVBWPR,null,TRND,PdJetoKBUwfpbWVuUl,null,null,null,null,null,null,null,null,null,154598-52-4,null,null,null,0,4,null,null,null,173033,null,1,1,2025-06-17 16:13:51,null,null,null,null,null,null,null,364799407,activity,null,HTS,null,-0.261,-0.597,2.305,6.196,null,null,null,null,null,null,null,null,null,null,null,null,null,null,null,null,null,null,null,null,null,278942111
TRND-Glioblastoma_LOPAC_U251-primary_screen2,NCGC00086529-03,activity,null,4,0,-2.672,CC1CCC2=NC(N)=C(C#N)C(C3=CC=CN=C3)=C2C1,null,null,null,null,null,SML2208,SIGMA,2021_LOPAC_01,null,null,BRD6989,null,4,null,null,null,4.535,0,null,null,null,null,null,null,null,null,null,0,null,null,0.271,-4.264,-5.963,null,null,null,null,null,null,null,null,null,null,QSYBDNXNOJIKML,null,TRND,QLOHnjEVPJFCocSYeP,null,null,null,null,null,null,null,null,null,null,null,null,null,0,4,null,null,null,173033,null,1,1,2025-06-17 16:13:51,null,null,null,null,null,null,null,364796899,activity,null,HTS,null,0.271,-4.264,-3.332,-2.672,null,null,null,null,null,null,null,null,null,null,null,null,null,null,null,null,null,null,null,null,null,278942112
TRND-Glioblastoma_LOPAC_U251-primary_screen2,NCGC00016101-24,activity,null,4,-10.006,-3.459,CC1=CC(=CC(C)=C1CC2=NCCN2)C(C)(C)C,null,null,null,null,null,x6000,SIGMA,2021_LOPAC_01,null,null,xylometazoline hydrochloride,null,4,null,null,null,10.005,-10.306,3.627,1,1,null,null,null,null,null,null,-0.3,null,null,-0.25,-10.255,-18.639,-19.049,null,null,null,null,null,null,null,null,null,HUCJFAOMUPXHDK,null,TRND,DMSItNgJsstpKYjCLY,null,Alpha-2A Adrenergic Receptor agonist,null,null,CL,null,null,null,null,1218-35-5,ADRA2A,null,null,0,4,1,null,null,173033,0 0 0 1,1,1,2025-06-17 16:13:51,null,null,null,null,null,null,null,364799939,activity,null,HTS,null,-0.25,-7.701,-10.255,-3.459,null,null,null,null,null,null,null,null,null,null,null,null,null,null,null,null,null,null,null,null,null,278942113
TRND-Glioblastoma_LOPAC_U251-primary_screen2,NCGC00164557-15,activity,null,4,0,4.277,CCCCC1=NC=C(\C=C(/CC2=CC=CS2)C(O)=O)N1CC3=CC=C(C=C3)C(O)=O,null,null,null,null,null,E2535,SIGMA,2021_LOPAC_01,null,null,Eprosartan mesylate,null,4,null,null,null,8.627,0,null,null,null,null,null,null,null,null,null,0,null,null,9.918,1.291,32.382,null,null,null,null,null,null,null,null,null,null,OROAFUQRIXKEMV,null,TRND,dOfzwHNplYBFVjexNc,null,null,null,null,SULFONICACID_V1,null,null,null,null,144143-96-4,null,null,null,0,4,null,null,null,173033,null,1,1,2025-06-17 16:13:51,null,null,null,null,null,null,null,364796075,activity,null,HTS,null,9.918,1.291,2.44,4.277,null,null,null,null,null,null,null,null,null,null,null,null,null,null,null,null,null,null,null,null,null,278942114
TRND-Glioblastoma_LOPAC_U251-primary_screen2,NCGC00689999-01,activity,11.220185,-2.4,-23.86,-22.383,CC(C)C(=O)NC1=NNC2=C1C=CC(=C2)C3=CC(N[S+]([O-])(=O)C4CC4)=CC=C3,null,null,null,null,null,SML2220,SIGMA,2021_LOPAC_01,-4.95,null,SGC-AAK1-1N,null,4,null,null,null,24.205,-22.36,4.504,0.048,0.999,null,null,null,null,null,null,1.5,null,null,1.822,-22.383,-8.403,-6.865,null,null,null,null,null,null,null,null,null,CUOKPJUCXLNBQI,null,TRND,BAEoCFzGjeVmrvnLNq,null,null,null,null,null,null,null,null,null,null,null,null,null,0,4,0,null,null,173033,0 0 0 0,1,1,2025-06-17 16:13:51,null,null,null,null,null,null,null,364799675,activity,null,HTS,null,0.864,1.822,-0.439,-22.383,null,null,null,null,null,null,null,null,null,null,null,null,null,null,null,null,null,null,null,null,null,278942115
TRND-Glioblastoma_LOPAC_U251-primary_screen2,NCGC00015708-30,activity,19.952623,-3,-99.614,-90.383,CNCCCC12CCC(C3=CC=CC=C13)C4=C2C=CC=C4,null,null,null,null,null,M9651,SIGMA,2021_LOPAC_01,-4.7,null,Maprotiline hydrochloride,null,-3,null,null,null,93.381,-97.614,4.955,0.05,0.998,null,null,null,null,null,null,2,null,null,2.998,-90.383,-37.581,-39.436,null,null,null,null,null,null,null,null,null,QSLMDECMDJKHMQ,null,TRND,GmXogZJNgIehcZbxRp,null,Sodium-dependent Noradrenaline Transporter inhibitor,null,null,CL,null,null,null,null,10347-81-6,SLC6A2,null,null,0,4,0,null,null,173033,0 0 0 0,1,1,2025-06-17 16:13:51,null,null,null,null,null,null,null,364796619,activity,null,HTS,20.150517,2.998,-0.613,2.918,-90.383,null,null,null,null,null,null,null,null,null,null,null,null,null,null,null,null,null,null,null,null,null,278942116
TRND-Glioblastoma_LOPAC_U251-primary_screen2,NCGC00015984-12,activity,null,4,0,9.889,CN1C2CCC1CC(C2)OC(=O)C3=CNC4=C3C=CC=C4,null,null,null,null,null,T104,SIGMA,2021_LOPAC_01,null,null,3-Tropanyl-indole-3-carboxylate hydrochloride,null,4,null,null,null,9.89,0,null,null,null,null,null,null,null,null,null,0,null,null,10.012,0.122,29.696,null,null,null,null,null,null,null,null,null,null,ZNRGQMMCGHDTEI,null,TRND,RAwzuQBLlkYmjvjgMd,null,null,null,null,CL,null,null,null,null,[NO STEREO] 105826-92-4,null,null,null,0,4,null,null,null,173033,null,1,1,2025-06-17 16:13:51,null,null,null,null,null,null,null,364799203,activity,null,HTS,null,6.274,0.122,10.012,9.889,null,null,null,null,null,null,null,null,null,null,null,null,null,null,null,null,null,null,null,null,null,278942117
TRND-Glioblastoma_LOPAC_U251-primary_screen2,NCGC00015207-27,activity,null,4,11.144,0.784,O=C1CCC2=C(N1)C=CC(OCCCCC3=NN=NN3C4CCCCC4)=C2,null,null,null,null,null,C0737,SIGMA,2021_LOPAC_01,null,null,Cilostazol,null,4,null,null,null,14.914,3,4.955,0.675,0.544,null,null,null,null,null,null,-8.144,null,null,8.96,-5.954,-10.139,-10.767,null,null,null,null,null,null,null,null,null,RRGUKTPIGVIEKM,null,TRND,bsNGlTdqIMCNgZfetY,null,Phosphodiesterase 3A inhibitor,null,null,null,null,null,null,null,73963-72-1,PDE3A,null,null,0,4,0,null,null,173033,0 0 0 0,1,1,2025-06-17 16:13:51,null,null,null,null,null,null,null,364799111,activity,null,HTS,null,-5.954,8.96,-0.415,0.784,null,null,null,null,null,null,null,null,null,null,null,null,null,null,null,null,null,null,null,null,null,278942118
TRND-Glioblastoma_LOPAC_U251-primary_screen2,NCGC00016043-18,activity,null,4,-14.739,-7.285,OC1=C(O)C=C(C=C(C#N)C#N)C=C1,null,null,null,null,null,T7165,SIGMA,2021_LOPAC_01,null,null,Tyrphostin 23,null,4,null,null,null,16.752,-8.739,3.512,0.232,0.966,null,null,null,null,null,null,6,null,null,6.136,-10.616,6.331,6.514,null,null,null,null,null,null,null,null,null,VTJXFTPMFYAJJU,null,TRND,TSIJelOVLCxtoJDLOf,null,null,null,null,null,null,null,null,null,118409-57-7,null,null,null,0,4,0,null,null,173033,0 0 0 0,1,1,2025-06-17 16:13:51,null,null,null,null,null,null,null,364798031,activity,null,HTS,null,6.136,0.795,-10.616,-7.285,null,null,null,null,null,null,null,null,null,null,null,null,null,null,null,null,null,null,null,null,null,278942119
TRND-Glioblastoma_LOPAC_U251-primary_screen2,NCGC00159406-23,activity,null,4,-7.709,-0.591,[H][C@](O)(CN)C1=CC=C(O)C(O)=C1,null,null,null,null,null,A9512,SIGMA,2021_LOPAC_01,null,null,L(-)-Norepinephrine bitartrate,null,4,null,null,null,12.61,-0.709,4.955,0.709,0.462,null,null,null,null,null,null,7,null,null,12.019,-0.591,13.573,24.495,null,null,null,null,null,null,null,null,null,SFLSHLFXELFNJZ,null,TRND,UXGDzntYuolcgmiiHG,null,Alpha-1A Adrenergic Receptor agonist,null,null,SUCCINICACIDOH,null,null,null,null,108341-18-0,ADRA1A,null,null,0,4,0,null,null,173033,0 0 0 0,1,1,2025-06-17 16:13:51,null,null,null,null,null,null,null,364796179,activity,null,HTS,null,1.702,12.019,1.09,-0.591,null,null,null,null,null,null,null,null,null,null,null,null,null,null,null,null,null,null,null,null,null,278942120
TRND-Glioblastoma_LOPAC_U251-primary_screen2,NCGC00162189-07,activity,null,4,-11.904,-0.68,[H][C@](N)(CC1=CNC=N1)C(O)=O,null,null,null,null,null,H8125,SIGMA,2021_LOPAC_01,null,null,L-Histidine hydrochloride,null,4,null,null,null,10.784,0.096,4.955,0.556,0.745,null,null,null,null,null,null,12,null,null,8.364,-2.42,23.533,23.522,null,null,null,null,null,null,null,null,null,HNDVDQJCIGZPNO,null,TRND,ifORsdPHMlLCOcERNv,null,null,null,null,CL,null,null,null,null,645-35-2,null,null,null,0,4,0,null,null,173033,0 0 0 0,1,1,2025-06-17 16:13:51,null,null,null,null,null,null,null,364795895,activity,null,HTS,null,8.364,-2.42,3.389,-0.68,null,null,null,null,null,null,null,null,null,null,null,null,null,null,null,null,null,null,null,null,null,278942121
TRND-Glioblastoma_LOPAC_U251-primary_screen2,NCGC00021318-20,activity,null,4,-9.775,-3.562,CCCC1O[C@@H]2C[C@H]3[C@@H]4CCC5=CC(=O)C=C[C@]5(C)[C@H]4[C@@H](O)C[C@]3(C)[C@@]2(O1)C(=O)CO,null,null,null,null,null,B7777,SIGMA,2021_LOPAC_01,null,null,Budesonide,null,4,null,null,null,12.117,-3.775,2.333,0.515,0.793,null,null,null,null,null,null,6,null,null,8.555,-3.562,13.815,19.861,null,null,null,null,null,null,null,null,null,VOVIALXJUBGFJZ,null,TRND,mxuNwdwVOhgRDVCcfU,null,null,null,null,null,null,null,null,null,51333-22-3,null,null,null,0,4,0,null,null,173033,0 0 0 0,1,1,2025-06-17 16:13:51,null,null,null,null,null,null,null,364796491,activity,null,HTS,null,3.135,8.555,1.442,-3.562,null,null,null,null,null,null,null,null,null,null,null,null,null,null,null,null,null,null,null,null,null,278942122
TRND-Glioblastoma_LOPAC_U251-primary_screen2,NCGC00018117-48,activity,null,4,0,-2.041,CN1C2=C(NC=N2)C(=O)N(C)C1=O,null,null,null,null,null,A1755,SIGMA,2021_LOPAC_01,null,null,Aminophylline ethylenediamine,null,4,null,null,null,9.71,0,null,null,null,null,null,null,null,null,null,0,null,null,7.668,-2.041,25.178,null,null,null,null,null,null,null,null,null,null,ZFXYFBGIUFBOJW,null,TRND,rjLBhBvErNyKcpHKNB,null,Adenosine Receptor A1 antagonist,null,null,ETHANEDIAMINE,null,null,null,null,58-55-9,ADORA1,null,null,0,4,null,null,null,173033,null,1,1,2025-06-17 16:13:51,null,null,null,null,null,null,null,364796171,activity,null,HTS,null,6.508,4.045,7.668,-2.041,null,null,null,null,null,null,null,null,null,null,null,null,null,null,null,null,null,null,null,null,null,278942123
TRND-Glioblastoma_LOPAC_U251-primary_screen2,NCGC00015336-08,activity,null,4,0,4.252,CC(=O)C(C)=O,null,null,null,null,null,D3634,SIGMA,2021_LOPAC_01,null,null,"2,3-Butanedione",null,4,null,null,null,5.548,0,null,null,null,null,null,null,null,null,null,0,null,null,4.252,-1.296,2.513,null,null,null,null,null,null,null,null,null,null,QSJXEFYPDANLFS,null,TRND,exRBVwuhyhUyDyORng,null,null,null,null,null,null,null,null,null,431-03-8,null,null,null,0,4,null,null,null,173033,null,1,1,2025-06-17 16:13:51,null,null,null,null,null,null,null,364799419,activity,null,HTS,null,0.157,-1.296,1.069,4.252,null,null,null,null,null,null,null,null,null,null,null,null,null,null,null,null,null,null,null,null,null,278942124
TRND-Glioblastoma_LOPAC_U251-primary_screen2,NCGC00015415-07,activity,null,4,16.842,-1.284,CCN1C(=O)C=CC1=O,null,null,null,null,null,E3876,SIGMA,2021_LOPAC_01,null,null,N-Ethylmaleimide,null,4,null,null,null,19.625,10.5,4.955,1,0.768,null,null,null,null,null,null,-6.342,null,null,8.507,-11.118,-2.041,-10.562,null,null,null,null,null,null,null,null,null,HDFGOPSGAURCEO,null,TRND,LSIDZAXseoXKKtVJqN,null,null,null,null,null,null,null,null,null,128-53-0,null,null,null,0,4,1,null,null,173033,0 0 0 1,1,1,2025-06-17 16:13:51,null,null,null,null,null,null,null,364796463,activity,null,HTS,null,-1.691,-11.118,8.507,-1.284,null,null,null,null,null,null,null,null,null,null,null,null,null,null,null,null,null,null,null,null,null,278942125
TRND-Glioblastoma_LOPAC_U251-primary_screen2,NCGC00024512-14,activity,null,4,-18.157,3.053,N[C@@H](COP(O)(O)=O)C(O)=O,null,null,null,null,null,P0878,SIGMA,2021_LOPAC_01,null,null,O-Phospho-L-serine,null,4,null,null,null,22.434,-14.157,4.955,1,0.515,null,null,null,null,null,null,4,null,null,11.886,-10.547,-16.328,-0.984,null,null,null,null,null,null,null,null,null,BZQFBWGGLXLEPQ,null,TRND,aGfpgYkMKaseEOaixH,null,null,null,null,null,null,null,null,null,407-41-0,null,null,null,0,4,1,null,null,173033,0 0 0 1,1,1,2025-06-17 16:13:51,null,null,null,null,null,null,null,364796051,activity,null,HTS,null,-4.221,11.886,-10.547,3.053,null,null,null,null,null,null,null,null,null,null,null,null,null,null,null,null,null,null,null,null,null,278942126
TRND-Glioblastoma_LOPAC_U251-primary_screen2,NCGC00487398-04,activity,11.220185,-3,-47.357,-39.548,CN(C1CCN(C[C@H](O)COC2=CC(F)=C(F)C=C2)CC1)C3=NC4=C(S3)C=CC=C4,null,null,null,null,null,SML0824,SIGMA,2021_LOPAC_01,-4.95,null,Lubeluzole dihydrochloride,null,-3,null,null,null,52.005,-39.857,4.095,0.222,0.968,null,null,null,null,null,null,7.5,null,null,12.457,-39.548,17.152,7.11,null,null,null,null,null,null,null,null,null,OZFSWVOEXHGDES,null,TRND,tXBCZiXElfNOBaOFtF,null,null,null,null,CL,null,null,null,null,144665-07-6,null,null,null,0,4,0,null,null,173033,0 0 0 0,1,1,2025-06-17 16:13:51,null,null,null,null,null,null,null,364799883,activity,null,HTS,null,12.457,2.37,2.453,-39.548,null,null,null,null,null,null,null,null,null,null,null,null,null,null,null,null,null,null,null,null,null,278942127
TRND-Glioblastoma_LOPAC_U251-primary_screen2,NCGC00345495-10,activity,null,4,-20.251,-17.709,CC1=NN=C2[C@@H](CC(=O)OC(C)(C)C)\N=C(/C3=C(SC(C)=C3C)N12)C4=CC=C(Cl)C=C4,null,null,null,null,null,SML1525,SIGMA,2021_LOPAC_01,null,null,(-)-JQ1 ,null,4,null,null,null,24.174,-17.751,3.929,0.404,0.884,null,null,null,null,null,null,2.5,null,null,6.466,-17.709,-11.832,-2.281,null,null,null,null,null,null,null,null,null,DNVXATUJJDPFDM,null,TRND,LXlkTsrxHlFXOygJun,null,null,null,null,null,null,null,null,null,1268524-70-4,null,null,null,0,4,0,null,null,173033,0 0 0 0,1,1,2025-06-17 16:13:51,null,null,null,null,null,null,null,364796407,activity,null,HTS,null,-1.931,6.466,-2.407,-17.709,null,null,null,null,null,null,null,null,null,null,null,null,null,null,null,null,null,null,null,null,null,278942128
TRND-Glioblastoma_LOPAC_U251-primary_screen2,NCGC00015142-08,activity,null,4,0,-6.607,NC(=O)C1=CC=CC=C1,null,null,null,null,null,B2009,SIGMA,2021_LOPAC_01,null,null,Benzamide,null,4,null,null,null,9.419,0,null,null,null,null,null,null,null,null,null,0,null,null,2.812,-6.607,1.923,null,null,null,null,null,null,null,null,null,null,KXDAEFPNCMNJSK,null,TRND,OpBQWQzmtrFQmCccaY,null,null,null,null,null,null,null,null,null,55-21-0,null,null,null,0,4,null,null,null,173033,null,1,1,2025-06-17 16:13:51,null,null,null,null,null,null,null,364800111,activity,null,HTS,null,0.998,0.946,2.812,-6.607,null,null,null,null,null,null,null,null,null,null,null,null,null,null,null,null,null,null,null,null,null,278942129
TRND-Glioblastoma_LOPAC_U251-primary_screen2,NCGC00016049-20,activity,null,4,-10.542,-2.951,CCCCNC1=CC=C(C=C1)C(=O)OCCN(C)C,null,null,null,null,null,T7508,SIGMA,2021_LOPAC_01,null,null,Tetracaine hydrochloride,null,4,null,null,null,10.315,-3.542,1.967,0.121,0.991,null,null,null,null,null,null,7,null,null,7.364,-2.951,23.646,23.822,null,null,null,null,null,null,null,null,null,GKCBAIGFKIBETG,null,TRND,MXMsmdgEXWSRCItSbR,null,null,null,null,CL,null,null,null,null,136-47-0,null,null,null,0,4,0,null,null,173033,0 0 0 0,1,1,2025-06-17 16:13:51,null,null,null,null,null,null,null,364796775,activity,null,HTS,null,6.721,7.364,2,-2.951,null,null,null,null,null,null,null,null,null,null,null,null,null,null,null,null,null,null,null,null,null,278942130
TRND-Glioblastoma_LOPAC_U251-primary_screen2,NCGC00168469-04,activity,null,4,0,-5.532,[H][C@@]12C[C@@]3(O)[C@H](OC(=O)C4=CC=CC=C4)[C@]1([H])[C@@](OC(C)=O)(C5[C@H](OC)C6C27[C@@H](C[C@@H](O)[C@@]6(COC)CN(CC)[C@]57[H])OC)[C@@H](O)[C@@H]3OC,null,null,null,null,null,A8001,SIGMA,2021_LOPAC_01,null,null,Aconitine,null,4,null,null,null,8.074,0,null,null,null,null,null,null,null,null,null,0,null,null,2.542,-5.532,2.826,null,null,null,null,null,null,null,null,null,null,XFSBVAOIAHNAPC,null,TRND,vkfYubGltZnkECNgms,null,null,null,null,null,null,null,null,null,[NO STEREO] 302-27-2,null,null,null,0,4,null,null,null,173033,null,1,1,2025-06-17 16:13:51,null,null,null,null,null,null,null,364798155,activity,null,HTS,null,0.828,2.373,2.542,-5.532,null,null,null,null,null,null,null,null,null,null,null,null,null,null,null,null,null,null,null,null,null,278942131
TRND-Glioblastoma_LOPAC_U251-primary_screen2,NCGC00015243-24,activity,null,4,16.5,0.93,ClC1=CC=C(CN2C(CN3CCCC3)=NC4=C2C=CC=C4)C=C1,null,null,null,null,null,SML1447,SIGMA,2021_LOPAC_01,null,null,Clemizole hydrochloride,null,4,null,null,null,17.499,14.5,4.955,1,0.786,null,null,null,null,null,null,-2,null,null,18.429,0.93,29.015,31.322,null,null,null,null,null,null,null,null,null,CJXAEXPPLWQRFR,null,TRND,czckYpniTNGlTQJhxu,null,Histamine H1 Receptor antagonist,null,null,CL,null,null,null,null,1163-36-6,HRH1,null,null,0,4,1,null,null,173033,0 0 0 1,1,1,2025-06-17 16:13:51,null,null,null,null,null,null,null,364798783,activity,null,HTS,null,1.203,18.429,10.448,0.93,null,null,null,null,null,null,null,null,null,null,null,null,null,null,null,null,null,null,null,null,null,278942132
TRND-Glioblastoma_LOPAC_U251-primary_screen2,NCGC00015388-06,activity,null,4,12.463,9.111,NCCCCCCCCCCN,null,null,null,null,null,D14204,SIGMA,2021_LOPAC_01,null,null,"1,10-Diaminodecane",null,4,null,null,null,14.277,11.5,2.72,0.369,0.906,null,null,null,null,null,null,-0.963,null,null,13.475,-0.802,16.221,15.83,null,null,null,null,null,null,null,null,null,YQLZOAVZWJBZSY,null,TRND,TlYyeYAlKxMqHEineU,null,null,null,null,null,null,null,null,null,646-25-3,null,null,null,0,4,0,null,null,173033,0 0 0 0,1,1,2025-06-17 16:13:51,null,null,null,null,null,null,null,364798803,activity,null,HTS,null,-0.802,6.06,13.475,9.111,null,null,null,null,null,null,null,null,null,null,null,null,null,null,null,null,null,null,null,null,null,278942133
TRND-Glioblastoma_LOPAC_U251-primary_screen2,NCGC00186017-07,activity,10,-2.2,-81.723,-69.769,OC1=CC=C(CCNC2=CC=C(NCCC3=CC=C(O)C=C3)C4=C2C(=O)C5=CC=CC=C5C4=O)C=C1,null,null,null,null,null,J4829,SIGMA,2021_LOPAC_01,-5,null,JFD00244,null,-2.2,null,null,null,74.305,-77.223,1.928,0.009,1,null,null,null,null,null,null,4.5,null,null,4.536,-69.769,-36.813,-37.276,null,null,null,null,null,null,null,null,null,UUJHFIBEJJLZBF,null,TRND,yIkEJqzfeLNTQFIMlx,null,null,null,null,null,null,null,null,null,null,null,null,null,0,4,0,null,null,173033,0 0 0 0,1,1,2025-06-17 16:13:51,null,null,null,null,null,null,null,364799171,activity,null,HTS,13.706633,4.536,3.189,-21.383,-69.769,null,null,null,null,null,null,null,null,null,null,null,null,null,null,null,null,null,null,null,null,null,278942134
TRND-Glioblastoma_LOPAC_U251-primary_screen2,NCGC00507758-02,activity,null,4,-17.628,-14.273,COC1=CC2=C(C=C1)C3C(=N2)[S+](CC4=C(C)C(OC)=C(C)C=N4)[O-][Mg]35[O-][S+](CC6=C(C)C(OC)=C(C)C=N6)C7=NC8=C(C=CC(OC)=C8)N57,null,null,null,null,null,E7906,SIGMA,2021_LOPAC_01,null,null,Esomeprazole magnesium dihydrate,null,4,null,null,null,16.903,-15.128,2.253,0.05,0.998,null,null,null,null,null,null,2.5,null,null,2.629,-14.273,-1.881,-1.472,null,null,null,null,null,null,null,null,null,MEJVBZKBQJMUAG,null,TRND,oairDJwIuLlKeFldjS,null,null,null,null,H2O,null,null,null,null,null,null,null,null,0,4,0,null,null,173033,0 0 0 0,1,1,2025-06-17 16:13:51,null,null,null,null,null,null,null,364799723,activity,null,HTS,null,2.193,2.629,-3.292,-14.273,null,null,null,null,null,null,null,null,null,null,null,null,null,null,null,null,null,null,null,null,null,278942135
TRND-Glioblastoma_LOPAC_U251-primary_screen2,NCGC00015971-10,activity,null,4,15.676,6.801,C[N+](C)(C)CCOC(=O)CCC(=O)OCC[N+](C)(C)C,null,null,null,null,null,S8251,SIGMA,2021_LOPAC_01,null,null,Succinylcholine chloride,null,4,null,null,null,12.782,10,1.222,0.14,0.988,null,null,null,null,null,null,-5.676,null,null,6.801,-5.98,-16.059,-15.16,null,null,null,null,null,null,null,null,null,AXOIZCJOOAYSMI,null,TRND,cetfUEKklVyvjeJKyY,null,null,null,null,CL,null,null,null,null,null,null,null,null,0,4,0,null,null,173033,0 0 0 0,1,1,2025-06-17 16:13:51,null,null,null,null,null,null,null,364797719,activity,null,HTS,null,-5.98,-3.719,-0.627,6.801,null,null,null,null,null,null,null,null,null,null,null,null,null,null,null,null,null,null,null,null,null,278942136
TRND-Glioblastoma_LOPAC_U251-primary_screen2,NCGC00091544-29,activity,null,4,-21.569,-14.224,C[C@]12CC[C@H]3[C@@H](CCC4=C3C=CC(O)=C4)[C@@H]1CC[C@@H]2O,null,null,null,null,null,E8875,SIGMA,2021_LOPAC_01,null,null,beta-Estradiol,null,4,null,null,null,27.002,-14.569,3.065,0.5,0.805,null,null,null,null,null,null,7,null,null,12.778,-14.224,3.515,16.06,null,null,null,null,null,null,null,null,null,VOXZDWNPVJITMN,null,TRND,ZdKidDslAwsKKCZYnD,null,Estrogen Receptor agonist,null,null,null,null,null,null,null,50-28-2,ESR1,null,null,0,4,0,null,null,173033,0 0 0 0,1,1,2025-06-17 16:13:51,null,null,null,null,null,null,null,364797119,activity,null,HTS,null,0.911,12.778,-0.664,-14.224,null,null,null,null,null,null,null,null,null,null,null,null,null,null,null,null,null,null,null,null,null,278942137
TRND-Glioblastoma_LOPAC_U251-primary_screen2,NCGC00015560-20,activity,null,4,-32.643,-15.536,C1CN=C(N1)C2COC3=C(O2)C=CC=C3,null,null,null,null,null,I6138,SIGMA,2021_LOPAC_01,null,null,Idazoxan hydrochloride,null,4,null,null,null,23.664,-20.643,0.7,0.094,0.995,null,null,null,null,null,null,12,null,null,8.128,-15.536,8.715,5.979,null,null,null,null,null,null,null,null,null,HPMRFMKYPGXPEP,null,TRND,WYTmCSjGsgrIgluwDa,null,null,null,null,CL,null,null,null,null,79944-56-2,null,null,null,0,4,0,null,null,173033,0 0 0 0,1,1,2025-06-17 16:13:51,null,null,null,null,null,null,null,364796299,activity,null,HTS,null,8.128,-0.109,-8.006,-15.536,null,null,null,null,null,null,null,null,null,null,null,null,null,null,null,null,null,null,null,null,null,278942138
TRND-Glioblastoma_LOPAC_U251-primary_screen2,NCGC00094495-06,activity,null,4,0,2.416,OC(=O)\C=C\C1=CNC=N1,null,null,null,null,null,U7500,SIGMA,2021_LOPAC_01,null,null,4-Imidazoleacrylic acid,null,4,null,null,null,3.895,0,null,null,null,null,null,null,null,null,null,0,null,null,3.878,-0.018,6.538,null,null,null,null,null,null,null,null,null,null,LOIYMIARKYCTBW,null,TRND,BWcogfyEpIrhLpnyfD,null,null,null,null,null,null,null,null,null,3465-72-3,null,null,null,0,4,null,null,null,173033,null,1,1,2025-06-17 16:13:51,null,null,null,null,null,null,null,364799235,activity,null,HTS,null,-0.018,3.727,3.878,2.416,null,null,null,null,null,null,null,null,null,null,null,null,null,null,null,null,null,null,null,null,null,278942139
TRND-Glioblastoma_LOPAC_U251-primary_screen2,NCGC00015565-15,activity,null,4,0,1.324,CC(C)NNC(=O)C1=CC=NC=C1,null,null,null,null,null,I7627,SIGMA,2021_LOPAC_01,null,null,Iproniazid phosphate,null,4,null,null,null,6.995,0,null,null,null,null,null,null,null,null,null,0,null,null,6.128,-0.867,3.632,null,null,null,null,null,null,null,null,null,null,NYMGNSNKLVNMIA,null,TRND,HgjxJVhucNMbrQWDTg,null,null,null,null,PHOSPHORIC_ACID,null,null,null,null,305-33-9,null,null,null,0,4,null,null,null,173033,null,1,1,2025-06-17 16:13:51,null,null,null,null,null,null,null,364795675,activity,null,HTS,null,-0.867,1.512,6.128,1.324,null,null,null,null,null,null,null,null,null,null,null,null,null,null,null,null,null,null,null,null,null,278942140
TRND-Glioblastoma_LOPAC_U251-primary_screen2,NCGC00370895-04,activity,22.387211,-3,-33.128,-30.609,NCCC1=CNC2=CC=C(OCC(=O)N3CCN(CC3)C4=CC=C(C=C4)C#N)C=C12,null,null,null,null,null,D9071,SIGMA,2021_LOPAC_01,-4.65,null,Donitriptan monohydrochloride,null,-3,null,null,null,29.273,-34.731,4.955,0.025,1,null,null,null,null,null,null,-1.603,null,null,-1.336,-30.609,-22.409,-22.869,null,null,null,null,null,null,null,null,null,SOHCKWZVTCTQBG,null,TRND,ImHodEjxIyDQgBdjvL,null,null,null,null,CL,null,null,null,null,170911-68-9,null,null,null,0,4,0,null,null,173033,0 0 0 0,1,1,2025-06-17 16:13:51,null,null,null,null,null,null,null,364799363,activity,null,HTS,null,-1.457,-1.918,-1.336,-30.609,null,null,null,null,null,null,null,null,null,null,null,null,null,null,null,null,null,null,null,null,null,278942141
TRND-Glioblastoma_LOPAC_U251-primary_screen2,NCGC00507750-02,activity,null,4,13.68,5.15,COC1=C(O)C=CC(C[C@H](C)[C@@H](C)CC2=CC=C3OCOC3=C2)=C1,null,null,null,null,null,SML1519,SIGMA,2021_LOPAC_01,null,null,Macelignan,null,4,null,null,null,13.217,3,4.955,0.503,0.804,null,null,null,null,null,null,-10.68,null,null,5.15,-8.067,-17.215,-16.425,null,null,null,null,null,null,null,null,null,QDDILOVMGWUNGD,null,TRND,uRgUmLizfAhsyLdLaU,null,null,null,null,null,null,null,null,null,[NO STEREO] 107534-93-0,null,null,null,0,4,0,null,null,173033,0 0 0 0,1,1,2025-06-17 16:13:51,null,null,null,null,null,null,null,364796895,activity,null,HTS,null,-8.067,4.448,-0.922,5.15,null,null,null,null,null,null,null,null,null,null,null,null,null,null,null,null,null,null,null,null,null,278942142
TRND-Glioblastoma_LOPAC_U251-primary_screen2,NCGC00015237-20,activity,null,4,-13.448,0.488,C[N+](C)(C)CCOC(N)=O,null,null,null,null,null,C4382,SIGMA,2021_LOPAC_01,null,null,Carbachol,null,4,null,null,null,16.025,-2.448,4.955,0.376,0.902,null,null,null,null,null,null,11,null,null,11.068,-4.956,32.579,32.441,null,null,null,null,null,null,null,null,null,VPJXQGSRWJZDOB,null,TRND,hgqJIxsfnhqPEOSkLV,null,null,null,null,CL,null,null,null,null,51-83-2,null,null,null,0,4,0,null,null,173033,0 0 0 0,1,1,2025-06-17 16:13:51,null,null,null,null,null,null,null,364795843,activity,null,HTS,null,11.068,7.257,-4.956,0.488,null,null,null,null,null,null,null,null,null,null,null,null,null,null,null,null,null,null,null,null,null,278941075
TRND-Glioblastoma_LOPAC_U251-primary_screen2,NCGC00015059-07,activity,null,4,-20.715,-5.596,CN(C)C1=C(Cl)N=C(C(=O)N=C(N)N)C(N)=N1,null,null,null,null,null,A4562,SIGMA,2021_LOPAC_01,null,null,"5-(N,N-Dimethyl)amiloride hydrochloride",null,4,null,null,null,14.587,-8.715,0.5,0.57,0.727,null,null,null,null,null,null,12,null,null,8.991,-5.596,24.072,19.748,null,null,null,null,null,null,null,null,null,RXMUPNVSYKGKMY,null,TRND,YCuDryQBCHFfRiKrdg,null,null,null,null,CL,null,null,null,null,2235-97-4,null,null,null,0,4,0,null,null,173033,0 0 0 0,1,1,2025-06-17 16:13:51,null,null,null,null,null,null,null,364796219,activity,null,HTS,null,8.991,0.028,2.92,-5.596,null,null,null,null,null,null,null,null,null,null,null,null,null,null,null,null,null,null,null,null,null,278941076
TRND-Glioblastoma_LOPAC_U251-primary_screen2,NCGC00016740-39,activity,19.952623,-3,-86.313,-79.456,COC1=CC2=NC(=NC(N)=C2C=C1OC)N3CCN(CC3)C(=O)C4=CC=CO4,null,null,null,null,null,P7791,SIGMA,2021_LOPAC_01,-4.7,null,Prazosin hydrochloride,null,-3,null,null,null,82.098,-85.813,4.955,0.072,0.997,null,null,null,null,null,null,0.5,null,null,2.642,-79.456,-39.343,-39.964,null,null,null,null,null,null,null,null,null,IENZQIKPVFGBNW,null,TRND,yPNlQLUwPglrcCiCgN,null,null,null,null,CL,null,null,null,null,19237-84-4,null,null,null,0,4,0,null,null,173033,0 0 0 0,1,1,2025-06-17 16:13:51,null,null,null,null,null,null,null,364798223,activity,null,HTS,21.342756,0.839,-2.506,2.642,-79.456,null,null,null,null,null,null,null,null,null,null,null,null,null,null,null,null,null,null,null,null,null,278941077
TRND-Glioblastoma_LOPAC_U251-primary_screen2,NCGC00015699-06,activity,null,4,0,-3.309,CN1CCC2(CCN3CCC4=C(OC5=C4C=CC=C5)C3C2)N(C)C1=O,null,null,null,null,null,M7065,SIGMA,2021_LOPAC_01,null,null,MK-912,null,4,null,null,null,6.827,0,null,null,null,null,null,null,null,null,null,0,null,null,2.334,-4.493,-13.476,null,null,null,null,null,null,null,null,null,null,JRDUBBHIPPPSLP,null,TRND,mLEUkhzZfjAHLNfRJQ,null,null,null,null,CL,null,null,null,null,[NO STEREO] 119942-70-0,null,null,null,0,4,null,null,null,173033,null,1,1,2025-06-17 16:13:51,null,null,null,null,null,null,null,364797715,activity,null,HTS,null,-4.493,-1.289,2.334,-3.309,null,null,null,null,null,null,null,null,null,null,null,null,null,null,null,null,null,null,null,null,null,278941078
TRND-Glioblastoma_LOPAC_U251-primary_screen2,NCGC00371013-04,activity,null,4,0,10.741,CCOC(=O)COC1=CC=C2CC[C@@H](CC2=C1)NC[C@H](O)C3=CC(Cl)=CC=C3,null,null,null,null,null,SML1070,SIGMA,2021_LOPAC_01,null,null,SR-58611A,null,4,null,null,null,6.448,0,null,null,null,null,null,null,null,null,null,0,null,null,10.741,4.293,28.652,null,null,null,null,null,null,null,null,null,null,RDJQCOBTKKAQAH,null,TRND,zgYdytvQweQUqcBlwe,null,null,null,null,CL,null,null,null,null,121524-09-2,null,null,null,0,4,null,null,null,173033,null,1,1,2025-06-17 16:13:51,null,null,null,null,null,null,null,364797255,activity,null,HTS,null,4.293,7.462,8.407,10.741,null,null,null,null,null,null,null,null,null,null,null,null,null,null,null,null,null,null,null,null,null,278941079
TRND-Glioblastoma_LOPAC_U251-primary_screen2,NCGC00015909-17,activity,null,4,0,4.383,COC1=CC=C(C=C1)C2=NN(CCCC(O)=O)[C+](N)C=C2,null,null,null,null,null,S106,SIGMA,2021_LOPAC_01,null,null,SR-95531,null,4,null,null,null,8.137,0,null,null,null,null,null,null,null,null,null,0,null,null,4.383,-3.754,8.782,null,null,null,null,null,null,null,null,null,null,ACVGNKYJVGNLIL,null,TRND,OmDOZlZATuwaLcDtsv,null,null,null,null,BR,null,null,null,null,104104-50-9,null,null,null,0,4,null,null,null,173033,null,1,1,2025-06-17 16:13:51,null,null,null,null,null,null,null,364797903,activity,null,HTS,null,3.015,1.056,-3.754,4.383,null,null,null,null,null,null,null,null,null,null,null,null,null,null,null,null,null,null,null,null,null,278941080
TRND-Glioblastoma_LOPAC_U251-primary_screen2,NCGC00263221-10,activity,null,4,-12,10.033,CCOC(=O)[C@@H](N)CCC(=O)N[C@@H](CSCC1=CC=CC=C1)C(=O)N[C@@H](C(=O)OCC)C2=CC=CC=C2,null,null,null,null,null,SML1081,SIGMA,2021_LOPAC_01,null,null,Ezatiostat,null,4,null,null,null,11.138,1,3.929,1,1,null,null,null,null,null,null,13,null,null,13.083,1.946,47.584,46.861,null,null,null,null,null,null,null,null,null,GWEJFLVSOGNLSS,null,TRND,IsYlxXLsPOViPRDOBj,null,Glutathione-S-transferase P inhibitor,null,null,null,null,null,null,null,168682-53-9,GSTP1,null,null,0,4,1,null,null,173033,0 0 0 1,1,1,2025-06-17 16:13:51,null,null,null,null,null,null,null,364795595,activity,null,HTS,null,13.083,12.726,1.946,10.033,null,null,null,null,null,null,null,null,null,null,null,null,null,null,null,null,null,null,null,null,null,278941081
TRND-Glioblastoma_LOPAC_U251-primary_screen2,NCGC00016042-13,activity,null,4,-9.369,-3.641,COC1=CC=C(C=C(C#N)C#N)C=C1,null,null,null,null,null,T7040,SIGMA,2021_LOPAC_01,null,null,Tyrphostin 1,null,4,null,null,null,11.768,-5.369,4.955,0.664,0.571,null,null,null,null,null,null,4,null,null,8.127,-3.641,6.459,14.838,null,null,null,null,null,null,null,null,null,UOHFCPXBKJPCAD,null,TRND,xMktTuIBPyFpUzarnl,null,null,null,null,null,null,null,null,null,null,null,null,null,0,4,0,null,null,173033,0 0 0 0,1,1,2025-06-17 16:13:51,null,null,null,null,null,null,null,364797391,activity,null,HTS,null,-0.223,8.127,4.736,-3.641,null,null,null,null,null,null,null,null,null,null,null,null,null,null,null,null,null,null,null,null,null,278941082
TRND-Glioblastoma_LOPAC_U251-primary_screen2,NCGC00015283-11,activity,10,-2.4,-57.582,-56.212,OC1=C(O)C=CC=C1,null,null,null,null,null,C9510,SIGMA,2021_LOPAC_01,-5,null,Pyrocatechol,null,-2.2,null,null,null,61.605,-57.082,3.627,0.176,0.98,null,null,null,null,null,null,0.5,null,null,5.392,-56.212,-24.751,-35.101,null,null,null,null,null,null,null,null,null,YCIMNLLNPGFGHC,null,TRND,aLALYlvrATeCqVHtVj,null,null,null,null,null,null,null,null,null,120-80-9,null,null,null,0,4,0,null,null,173033,0 0 0 0,1,1,2025-06-17 16:13:51,null,null,null,null,null,null,null,364797875,activity,null,HTS,17.140128,5.392,-4.028,-10.513,-56.212,null,null,null,null,null,null,null,null,null,null,null,null,null,null,null,null,null,null,null,null,null,278941083
TRND-Glioblastoma_LOPAC_U251-primary_screen2,NCGC00015562-42,activity,null,4,0,0.129,COC1=CC2=C(C=C1)N(C(=O)C3=CC=C(Cl)C=C3)C(C)=C2CC(O)=O,null,null,null,null,null,I7378,SIGMA,2021_LOPAC_01,null,null,Indomethacin,null,4,null,null,null,2.978,0,null,null,null,null,null,null,null,null,null,0,null,null,2.433,-0.545,6.691,null,null,null,null,null,null,null,null,null,null,CGIGDMFJXJATDK,null,TRND,NWgEoYDdenVKuYMgUV,null,null,null,null,null,null,null,null,null,53-86-1,null,null,null,0,4,null,null,null,173033,null,1,1,2025-06-17 16:13:51,null,null,null,null,null,null,null,364798855,activity,null,HTS,null,1.911,2.433,-0.545,0.129,null,null,null,null,null,null,null,null,null,null,null,null,null,null,null,null,null,null,null,null,null,278941084
TRND-Glioblastoma_LOPAC_U251-primary_screen2,NCGC00014995-16,activity,null,4,0,1.31,OC(=O)C1=CC2=C(N1)C=CC(F)=C2,null,null,null,null,null,265128,SIGMA,2021_LOPAC_01,null,null,5-Fluoroindole-2-carboxylic acid,null,4,null,null,null,6.574,0,null,null,null,null,null,null,null,null,null,0,null,null,6.57,-0.004,20.827,null,null,null,null,null,null,null,null,null,null,WTXBRZCVLDTWLP,null,TRND,WKFBSNwXGIFpPnYPzk,null,null,null,null,null,null,null,null,null,null,null,null,null,0,4,null,null,null,173033,null,1,1,2025-06-17 16:13:51,null,null,null,null,null,null,null,364800119,activity,null,HTS,null,6.57,-0.004,2.731,1.31,null,null,null,null,null,null,null,null,null,null,null,null,null,null,null,null,null,null,null,null,null,278941085
TRND-Glioblastoma_LOPAC_U251-primary_screen2,NCGC00015065-10,activity,null,4,0,4.961,NC(CCCP(O)(O)=O)C(O)=O,null,null,null,null,null,A5282,SIGMA,2021_LOPAC_01,null,null,(±)-2-Amino-5-phosphonopentanoic acid,null,4,null,null,null,7.02,0,null,null,null,null,null,null,null,null,null,0,null,null,8.481,1.461,31.902,null,null,null,null,null,null,null,null,null,null,VOROEQBFPPIACJ,null,TRND,fVOEOsOZJPhjwLUaXI,null,null,null,null,null,null,null,null,null,76326-31-3,null,null,null,0,4,null,null,null,173033,null,1,1,2025-06-17 16:13:51,null,null,null,null,null,null,null,364796235,activity,null,HTS,null,8.481,6.779,1.461,4.961,null,null,null,null,null,null,null,null,null,null,null,null,null,null,null,null,null,null,null,null,null,278941086
TRND-Glioblastoma_LOPAC_U251-primary_screen2,NCGC00015437-32,activity,null,4,0,1.408,CC(C)OC(=O)C(C)(C)OC1=CC=C(C=C1)C(=O)C2=CC=C(Cl)C=C2,null,null,null,null,null,F6020,SIGMA,2021_LOPAC_01,null,null,Fenofibrate,null,4,null,null,null,2.308,0,null,null,null,null,null,null,null,null,null,0,null,null,3.716,1.408,13.903,null,null,null,null,null,null,null,null,null,null,YMTINGFKWWXKFG,null,TRND,cqMoWNQGwNcAKNlsjJ,null,Peroxisome proliferator-activated receptor alpha agonist,null,null,null,null,null,null,null,49562-28-9,PPARA,null,null,0,4,null,null,null,173033,null,1,1,2025-06-17 16:13:51,null,null,null,null,null,null,null,364795887,activity,null,HTS,null,3.716,1.716,2.362,1.408,null,null,null,null,null,null,null,null,null,null,null,null,null,null,null,null,null,null,null,null,null,278941087
TRND-Glioblastoma_LOPAC_U251-primary_screen2,NCGC00015438-19,activity,null,4,0,5.863,O=C1NCC2(CCN(CCC3=CC=CC=C3)CC2)O1,null,null,null,null,null,F6145,SIGMA,2021_LOPAC_01,null,null,Fenspiride hydrochloride,null,4,null,null,null,8.66,0,null,null,null,null,null,null,null,null,null,0,null,null,5.863,-2.796,9.798,null,null,null,null,null,null,null,null,null,null,FVNFBBAOMBJTST,null,TRND,FhkwvXzxRkRpNAWTDj,null,null,null,null,CL,null,null,null,null,1151830,null,null,null,0,4,null,null,null,173033,null,1,1,2025-06-17 16:13:51,null,null,null,null,null,null,null,364796527,activity,null,HTS,null,2.404,-2.796,2.857,5.863,null,null,null,null,null,null,null,null,null,null,null,null,null,null,null,null,null,null,null,null,null,278941088
TRND-Glioblastoma_LOPAC_U251-primary_screen2,NCGC00015193-14,activity,null,4,0,3.184,NC1=NC2=C(C=C(Cl)C=C2)C3=NC(=NN13)C4=CC=CO4,null,null,null,null,null,C199,SIGMA,2021_LOPAC_01,null,null,CGS-15943,null,4,null,null,null,3.61,0,null,null,null,null,null,null,null,null,null,0,null,null,4.551,0.941,10.207,null,null,null,null,null,null,null,null,null,null,MSJODEOZODDVGW,null,TRND,oyhENrCxPZNseaYQAX,null,null,null,null,null,null,null,null,null,null,null,null,null,0,4,null,null,null,173033,null,1,1,2025-06-17 16:13:51,null,null,null,null,null,null,null,364795535,activity,null,HTS,null,0.941,3.921,4.551,3.184,null,null,null,null,null,null,null,null,null,null,null,null,null,null,null,null,null,null,null,null,null,278941599
TRND-Glioblastoma_LOPAC_U251-primary_screen2,NCGC00015648-08,activity,null,4,0,4.954,CNCCC1=CNC2=C1C=C(O)C=C2,null,null,null,null,null,M1514,SIGMA,2021_LOPAC_01,null,null,N-omega-Methyl-5-hydroxytryptamine oxalate salt,null,4,null,null,null,5.605,0,null,null,null,null,null,null,null,null,null,0,null,null,4.954,-0.651,6.753,null,null,null,null,null,null,null,null,null,null,ASUSBMNYRHGZIG,null,TRND,TxeOBgktlSsGbGoIrW,null,null,null,null,OXALIC_ACID,null,null,null,null,null,null,null,null,0,4,null,null,null,173033,null,1,1,2025-06-17 16:13:51,null,null,null,null,null,null,null,364796963,activity,null,HTS,null,0.432,-0.651,4.868,4.954,null,null,null,null,null,null,null,null,null,null,null,null,null,null,null,null,null,null,null,null,null,278941600
TRND-Glioblastoma_LOPAC_U251-primary_screen2,NCGC00015188-12,activity,null,4,0,0.312,NC(=N)NC(=N)NC1=CC=CC(Cl)=C1,null,null,null,null,null,C144,SIGMA,2021_LOPAC_01,null,null,1-(m-Chlorophenyl)-biguanide hydrochloride,null,4,null,null,null,5.455,0,null,null,null,null,null,null,null,null,null,0,null,null,5.768,0.312,16.258,null,null,null,null,null,null,null,null,null,null,DIHXJZHAIHGSAW,null,TRND,FsdKIpFsPRQiGAFVTc,null,null,null,null,CL,null,null,null,null,null,null,null,null,0,4,null,null,null,173033,null,1,1,2025-06-17 16:13:51,null,null,null,null,null,null,null,364796799,activity,null,HTS,null,3.087,5.001,5.768,0.312,null,null,null,null,null,null,null,null,null,null,null,null,null,null,null,null,null,null,null,null,null,278941601
TRND-Glioblastoma_LOPAC_U251-primary_screen2,NCGC00016508-19,activity,null,4,0,4.276,CN1N=C(S\C1=N\C(C)=O)[S+](N)([O-])=O,null,null,null,null,null,SML0720,SIGMA,2021_LOPAC_01,null,null,Methazolamide,null,4,null,null,null,5.357,0,null,null,null,null,null,null,null,null,null,0,null,null,7.554,2.197,18.642,null,null,null,null,null,null,null,null,null,null,FQMSRRCSEOMGHZ,null,TRND,PLrhPMdqlmsOwLbpcO,null,null,null,null,null,null,null,null,null,1164547-86-7,null,null,null,0,4,null,null,null,173033,null,1,1,2025-06-17 16:13:51,null,null,null,null,null,null,null,364799555,activity,null,HTS,null,3.451,2.197,7.554,4.276,null,null,null,null,null,null,null,null,null,null,null,null,null,null,null,null,null,null,null,null,null,278941602
TRND-Glioblastoma_LOPAC_U251-primary_screen2,NCGC00015768-10,activity,null,4,0,1.296,NC(=O)CN1CC(O)CC1=O,null,null,null,null,null,O3011,SIGMA,2021_LOPAC_01,null,null,Oxiracetam,null,4,null,null,null,9.554,0,null,null,null,null,null,null,null,null,null,0,null,null,10.85,1.296,30.032,null,null,null,null,null,null,null,null,null,null,IHLAQQPQKRMGSS,null,TRND,lWpZQglqRuPMwhLIWc,null,null,null,null,null,null,null,null,null,62613-82-5,null,null,null,0,4,null,null,null,173033,null,1,1,2025-06-17 16:13:51,null,null,null,null,null,null,null,364799199,activity,null,HTS,null,6.022,7.227,10.85,1.296,null,null,null,null,null,null,null,null,null,null,null,null,null,null,null,null,null,null,null,null,null,278941603
TRND-Glioblastoma_LOPAC_U251-primary_screen2,NCGC00094157-05,activity,4.466836,-3,-103.67,2.12,CC1(C)CCC(CC1)NC(=O)[C@@H](N)CCC(O)=O,null,null,null,null,null,N2034,SIGMA,2021_LOPAC_01,-5.35,null,CR 2249,null,-3,null,null,null,95.853,-97.17,4.955,1,0.992,null,null,null,null,null,null,6.5,null,null,10.616,-85.237,-92.229,-87.883,null,null,null,null,null,null,null,null,null,VCRGLZYPNNAVRP,null,TRND,rZqPuTDnSaocBdQDef,null,null,null,null,null,null,null,null,null,163000-63-3,null,null,null,0,4,1,null,null,173033,0 0 0 1,1,1,2025-06-17 16:13:51,null,null,null,null,null,null,null,364797323,activity,null,HTS,4.519665,1.718,10.616,-85.237,2.12,null,null,null,null,null,null,null,null,null,null,null,null,null,null,null,null,null,null,null,null,null,278941604
TRND-Glioblastoma_LOPAC_U251-primary_screen2,NCGC00370993-02,activity,null,4,-19.857,7.772,CN1N=CC2=C1NC3=C(C=CC=C3)N(C2)C(=O)C4=CC=C(CNC(=O)N5CCN(CC6=CC(O)=CC(O)=C6)CC5)C(C)=C4,null,null,null,null,null,SML2223,SIGMA,2021_LOPAC_01,null,null,WAY-267464 dihydrochloride,null,4,null,null,null,17.465,-3.357,4.955,1,0.97,null,null,null,null,null,null,16.5,null,null,12.584,-4.881,29.451,28.529,null,null,null,null,null,null,null,null,null,HWPGRFRXZNLZEX,null,TRND,MenLgarTRsOhRTOQXD,null,null,null,null,null,null,null,null,null,null,null,null,null,0,4,1,null,null,173033,0 0 0 1,1,1,2025-06-17 16:13:51,null,null,null,null,null,null,null,364797895,activity,null,HTS,null,12.584,-4.881,-1.682,7.772,null,null,null,null,null,null,null,null,null,null,null,null,null,null,null,null,null,null,null,null,null,278941605
TRND-Glioblastoma_LOPAC_U251-primary_screen2,NCGC00344588-18,activity,1.778279,-2.4,-70.172,-61.677,COC1=CC2=C(C=C1C3=C(C)ON=C3C)N=CC4=C2N([C@H](C)C5=CC=CC=N5)C(=O)N4,null,null,null,null,null,SML0666,SIGMA,2021_LOPAC_01,-5.75,null,GSK1210151A,null,-2.2,null,null,null,57.726,-66.914,0.9,0.165,0.983,null,null,null,null,null,null,3.259,null,null,-3.951,-61.677,-97.948,-107.982,null,null,null,null,null,null,null,null,null,VUVUVNZRUGEAHB,null,TRND,vFjNnhSAqZnJoTWxHO,null,Bromodomain-Containing Protein 2 (Brd2) inhibitor,null,null,null,null,null,null,null,null,BRD2,null,null,0,4,0,null,null,173033,0 0 0 0,1,1,2025-06-17 16:13:51,null,null,null,null,null,null,null,364795935,activity,null,HTS,5.92972,-3.951,-30.451,-47.591,-61.677,null,null,null,null,null,null,null,null,null,null,null,null,null,null,null,null,null,null,null,null,null,278941606
TRND-Glioblastoma_LOPAC_U251-primary_screen2,NCGC00015204-19,activity,null,4,-17.09,-6.325,ClCCNC(=O)N(CCCl)N=O,null,null,null,null,null,C0400,SIGMA,2021_LOPAC_01,null,null,Carmustine,null,4,null,null,null,18.603,-1.59,4.955,0.671,0.55,null,null,null,null,null,null,15.5,null,null,12.278,-6.325,32.133,30.659,null,null,null,null,null,null,null,null,null,DLGOEMSEDOSKAD,null,TRND,tbJyrpOojxcVawgRJK,null,DNA Alkylating Drug,null,null,null,null,null,null,null,154-93-8,H2AX,null,null,0,4,0,null,null,173033,0 0 0 0,1,1,2025-06-17 16:13:51,null,null,null,null,null,null,null,364797195,activity,null,HTS,null,12.278,-5.349,7.325,-6.325,null,null,null,null,null,null,null,null,null,null,null,null,null,null,null,null,null,null,null,null,null,278941607
TRND-Glioblastoma_LOPAC_U251-primary_screen2,NCGC00186004-04,activity,null,4,0,1.523,COC1=CC=C(CCN2N=NN=C2C3(CC3)C4=CC=C(C)C=C4)C=C1,null,null,null,null,null,M7945,SIGMA,2021_LOPAC_01,null,null,Mephetyl tetrazole,null,4,null,null,null,6.266,0,null,null,null,null,null,null,null,null,null,0,null,null,6.148,-0.117,7.231,null,null,null,null,null,null,null,null,null,null,VREPWWBWXVLSEF,null,TRND,SCLkpKLuhowDnLrzgZ,null,null,null,null,null,null,null,null,null,null,null,null,null,0,4,null,null,null,173033,null,1,1,2025-06-17 16:13:51,null,null,null,null,null,null,null,364796215,activity,null,HTS,null,-0.117,6.148,3.518,1.523,null,null,null,null,null,null,null,null,null,null,null,null,null,null,null,null,null,null,null,null,null,278941608
TRND-Glioblastoma_LOPAC_U251-primary_screen2,NCGC00162295-06,activity,null,4,-10.834,-2.362,C[C@H](CC1=CC=CC=C1)NC2=NC=NC3=C2N=CN3[C@@H]4O[C@H](CO)C(O)[C@H]4O,null,null,null,null,null,P4532,SIGMA,2021_LOPAC_01,null,null,R(-)-N6-(2-Phenylisopropyl)adenosine,null,4,null,null,null,13.323,-2.334,4.449,0.443,0.857,null,null,null,null,null,null,8.5,null,null,10.961,-2.362,37.665,32.624,null,null,null,null,null,null,null,null,null,RIRGCFBBHQEQQH,null,TRND,jNygCZThGJtjqZwHgQ,null,null,null,null,null,null,null,null,null,null,null,null,null,0,4,0,null,null,173033,0 0 0 0,1,1,2025-06-17 16:13:51,null,null,null,null,null,null,null,364800559,activity,null,HTS,null,10.961,5.815,6.326,-2.362,null,null,null,null,null,null,null,null,null,null,null,null,null,null,null,null,null,null,null,null,null,278941609
TRND-Glioblastoma_LOPAC_U251-primary_screen2,NCGC00016015-20,activity,null,4,0,0.773,C\C(=C/C1=CC=C(C=C1)C(O)=O)C2=CC3=C(C=C2)C(C)(C)CCC3(C)C,null,null,null,null,null,T3757,SIGMA,2021_LOPAC_01,null,null,TTNPB,null,4,null,null,null,4.493,0,null,null,null,null,null,null,null,null,null,0,null,null,1.397,-3.097,0.223,null,null,null,null,null,null,null,null,null,null,FOIVPCKZDPCJJY,null,TRND,xInIGAkoniJFsoRjRP,null,null,null,null,null,null,null,null,null,71441-28-6,null,null,null,0,4,null,null,null,173033,null,1,1,2025-06-17 16:13:51,null,null,null,null,null,null,null,364799243,activity,null,HTS,null,1.397,-3.097,-2.71,0.773,null,null,null,null,null,null,null,null,null,null,null,null,null,null,null,null,null,null,null,null,null,278941610
TRND-Glioblastoma_LOPAC_U251-primary_screen2,NCGC00015089-36,activity,null,4,-9.996,3.142,NC(=N)NC(=O)C1=NC(Cl)=C(N)N=C1N,null,null,null,null,null,A7410,SIGMA,2021_LOPAC_01,null,null,Amiloride hydrochloride,null,4,null,null,null,12.719,-4.496,4.955,1,0.488,null,null,null,null,null,null,5.5,null,null,10.223,-2.496,6.093,14.956,null,null,null,null,null,null,null,null,null,XSDQTOBWRPYKKA,null,TRND,aRfGtowzbIzUhaQduc,null,Epithelial Sodium Channels (ENaC) Blocker,null,null,CL,null,null,null,null,2016-88-8,SCNN1A,null,null,0,4,1,null,null,173033,0 0 0 1,1,1,2025-06-17 16:13:51,null,null,null,null,null,null,null,364797571,activity,null,HTS,null,0.723,10.223,-2.496,3.142,null,null,null,null,null,null,null,null,null,null,null,null,null,null,null,null,null,null,null,null,null,278941611
TRND-Glioblastoma_LOPAC_U251-primary_screen2,NCGC00024499-14,activity,null,4,10.642,11.13,N[C@@H](CC(O)=O)C(O)=O,null,null,null,null,null,A9256,SIGMA,2021_LOPAC_01,null,null,L-Aspartic acid,null,4,null,null,null,12.082,11.5,4.504,0.325,0.93,null,null,null,null,null,null,0.858,null,null,11.13,-0.952,12.975,9.583,null,null,null,null,null,null,null,null,null,CKLJMWTZIZZHCS,null,TRND,RXPupIHSYkLWSsCeBd,null,null,null,null,null,null,null,null,null,56-84-8,null,null,null,0,4,0,null,null,173033,0 0 0 0,1,1,2025-06-17 16:13:51,null,null,null,null,null,null,null,364798719,activity,null,HTS,null,2.508,-0.952,1.184,11.13,null,null,null,null,null,null,null,null,null,null,null,null,null,null,null,null,null,null,null,null,null,278941612
TRND-Glioblastoma_LOPAC_U251-primary_screen2,NCGC00015643-26,activity,null,4,-8.556,-1.762,CCN(CC)CCNC(=O)C1=CC(Cl)=C(N)C=C1OC,null,null,null,null,null,M0763,SIGMA,2021_LOPAC_01,null,null,Metoclopramide hydrochloride,null,4,null,null,null,12.248,-3.056,4.955,0.551,0.752,null,null,null,null,null,null,5.5,null,null,8.451,-3.797,8.805,15.427,null,null,null,null,null,null,null,null,null,TTWJBBZEZQICBI,null,TRND,VzeljSKqSToEZPvrCy,null,null,null,null,CL,null,null,null,null,7232-21-5,null,null,null,0,4,0,null,null,173033,0 0 0 0,1,1,2025-06-17 16:13:51,null,null,null,null,null,null,null,364798227,activity,null,HTS,null,2.335,8.451,-3.797,-1.762,null,null,null,null,null,null,null,null,null,null,null,null,null,null,null,null,null,null,null,null,null,278941613
TRND-Glioblastoma_LOPAC_U251-primary_screen2,NCGC00015383-18,activity,null,4,0,8.403,OC[C@H]1NC[C@@H](O)[C@@H](O)[C@@H]1O,null,null,null,null,null,D9305,SIGMA,2021_LOPAC_01,null,null,1-Deoxynojirimycin hydrochloride,null,4,null,null,null,9.945,0,null,null,null,null,null,null,null,null,null,0,null,null,8.403,-1.542,12.516,null,null,null,null,null,null,null,null,null,null,LXBIFEVIBLOUGU,null,TRND,FJEUNveDLHgJPXNCuF,null,null,null,null,CL,null,null,null,null,73285-50-4,null,null,null,0,4,null,null,null,173033,null,1,1,2025-06-17 16:13:51,null,null,null,null,null,null,null,364798103,activity,null,HTS,null,2.394,-1.542,3.619,8.403,null,null,null,null,null,null,null,null,null,null,null,null,null,null,null,null,null,null,null,null,null,278941614
TRND-Glioblastoma_LOPAC_U251-primary_screen2,NCGC00015264-30,activity,19.952623,-3,-42.308,-36.859,CN(C)CCCN1C2=C(CCC3=C1C=C(Cl)C=C3)C=CC=C2,null,null,null,null,null,C7291,SIGMA,2021_LOPAC_01,-4.7,null,Clomipramine hydrochloride,null,-3,null,null,null,41.853,-39.808,4.955,0.158,0.984,null,null,null,null,null,null,2.5,null,null,4.993,-36.859,-15.561,-8.994,null,null,null,null,null,null,null,null,null,GDLIGKIOYRNHDA,null,TRND,sZhGnhiQJvYgtflFdc,null,Sodium-dependent Serotonin Transporter inhibitor,null,null,CL,null,null,null,null,17321-77-6,SLC6A4,null,null,0,4,0,null,null,173033,0 0 0 0,1,1,2025-06-17 16:13:51,null,null,null,null,null,null,null,364799743,activity,null,HTS,null,-0.743,3.413,4.993,-36.859,null,null,null,null,null,null,null,null,null,null,null,null,null,null,null,null,null,null,null,null,null,278941615
TRND-Glioblastoma_LOPAC_U251-primary_screen2,NCGC00188864-11,activity,null,4,-14.695,-10.162,COC1=CC(=CC=C1OCCCN2CCC(CC2)C3=NOC4=C3C=CC(F)=C4)C(C)=O,null,null,null,null,null,SML1528,SIGMA,2021_LOPAC_01,null,null,Iloperidone,null,4,null,null,null,18.221,-11.195,4.955,0.509,0.797,null,null,null,null,null,null,3.5,null,null,8.059,-10.162,3.759,9.242,null,null,null,null,null,null,null,null,null,XMXHEBAFVSFQEX,null,TRND,dAioFuuVUcisZBqQir,null,null,null,null,null,null,null,null,null,133454-47-4,null,null,null,0,4,0,null,null,173033,0 0 0 0,1,1,2025-06-17 16:13:51,null,null,null,null,null,null,null,364799459,activity,null,HTS,null,1.048,0.799,8.059,-10.162,null,null,null,null,null,null,null,null,null,null,null,null,null,null,null,null,null,null,null,null,null,278941616
TRND-Glioblastoma_LOPAC_U251-primary_screen2,NCGC00024813-21,activity,null,4,8.698,-1.804,[H][C@](O)(CNC(C)C)COC1=CC=CC2=CC=CC=C12,null,null,null,null,null,P8688,SIGMA,2021_LOPAC_01,null,null,(S)-Propranolol hydrochloride,null,4,null,null,null,11.685,0,4.955,0.733,0.392,null,null,null,null,null,null,-8.698,null,null,5.687,-5.998,-15.877,-16.856,null,null,null,null,null,null,null,null,null,AQHHHDLHHXJYJD,null,TRND,gkStVHQtOGuEkKBqDA,null,null,null,null,CL,null,null,null,null,13071-11-9,null,null,null,0,4,0,null,null,173033,0 0 0 0,1,1,2025-06-17 16:13:51,null,null,null,null,null,null,null,364799515,activity,null,HTS,null,-5.998,5.687,-3.227,-1.804,null,null,null,null,null,null,null,null,null,null,null,null,null,null,null,null,null,null,null,null,null,278941617
TRND-Glioblastoma_LOPAC_U251-primary_screen2,NCGC00015889-27,activity,10,-2.4,-35.934,-26.612,OC1=CC=C(C=C1)C2=C(C(=O)C3=CC=C(OCCN4CCCCC4)C=C3)C5=C(S2)C=C(O)C=C5,null,null,null,null,null,R1402,SIGMA,2021_LOPAC_01,-5,null,Raloxifene hydrochloride,null,4,null,null,null,35.448,-27.434,3.247,0.021,1,null,null,null,null,null,null,8.5,null,null,8.836,-26.612,17.327,16.069,null,null,null,null,null,null,null,null,null,GZUITABIAKMVPG,null,TRND,dCSgDeErRrTUkKoOTL,null,Selective Estrogen Receptor modulator (SERM),null,null,HCL,null,null,null,null,82640-04-8,ESR1,null,null,0,4,0,null,null,173033,0 0 0 0,1,1,2025-06-17 16:13:51,null,null,null,null,null,null,null,364796455,activity,null,HTS,null,8.836,8.516,1.204,-26.612,null,null,null,null,null,null,null,null,null,null,null,null,null,null,null,null,null,null,null,null,null,278941618
TRND-Glioblastoma_LOPAC_U251-primary_screen2,NCGC00015594-11,activity,null,4,0,6.321,CC(C(O)=O)C1=CC=C(CC2CCCC2=O)C=C1,null,null,null,null,null,L0664,SIGMA,2021_LOPAC_01,null,null,loxoprofen,null,4,null,null,null,8.659,0,null,null,null,null,null,null,null,null,null,0,null,null,13.307,4.648,31.632,null,null,null,null,null,null,null,null,null,null,YMBXTVYHTMGZDW,null,TRND,qRgWRuqtRKjkNLJhyK,null,null,null,null,null,null,null,null,null,68767-14-6,null,null,null,0,4,null,null,null,173033,null,1,1,2025-06-17 16:13:51,null,null,null,null,null,null,null,364797659,activity,null,HTS,null,4.648,8.738,13.307,6.321,null,null,null,null,null,null,null,null,null,null,null,null,null,null,null,null,null,null,null,null,null,278941619
TRND-Glioblastoma_LOPAC_U251-primary_screen2,NCGC00016112-06,activity,null,4,-7.415,-1.595,NCC(O)C1=CC(O)=C(O)C=C1,null,null,null,null,null,A0937,SIGMA,2021_LOPAC_01,null,null,(±)-Norepinephrine (+)bitartrate,null,4,null,null,null,10.142,-2.915,4.955,0.692,0.508,null,null,null,null,null,null,4.5,null,null,8.546,-1.595,15.423,18.013,null,null,null,null,null,null,null,null,null,SFLSHLFXELFNJZ,null,TRND,UXGDzntYuolcxIikLw,null,null,null,null,TARTRATE,null,null,null,null,[NO STEREO] 51-40-1,null,null,null,0,4,0,null,null,173033,0 0 0 0,1,1,2025-06-17 16:13:51,null,null,null,null,null,null,null,364798711,activity,null,HTS,null,3.349,1.419,8.546,-1.595,null,null,null,null,null,null,null,null,null,null,null,null,null,null,null,null,null,null,null,null,null,278941620
TRND-Glioblastoma_LOPAC_U251-primary_screen2,NCGC00016759-40,activity,null,4,0,-1.122,COC1=CC2=CC=C(C=C2C=C1)[C@H](C)C(O)=O,null,null,null,null,null,M1275,SIGMA,2021_LOPAC_01,null,null,(-)-Naproxen sodium,null,4,null,null,null,8.037,0,null,null,null,null,null,null,null,null,null,0,null,null,3.334,-4.704,-1.971,null,null,null,null,null,null,null,null,null,null,CMWTZPSULFXXJA,null,TRND,gPwelLIKApznBImqdp,null,Cyclooxygenase 2(COX2) inhibitor,null,null,SODIUM,null,null,null,null,[NO STEREO] 26159-34-2,PTGS2,null,null,0,4,null,null,null,173033,null,1,1,2025-06-17 16:13:51,null,null,null,null,null,null,null,364800143,activity,null,HTS,null,-0.153,-4.704,3.334,-1.122,null,null,null,null,null,null,null,null,null,null,null,null,null,null,null,null,null,null,null,null,null,278941621
TRND-Glioblastoma_LOPAC_U251-primary_screen2,NCGC00016007-15,activity,7.943282,-2.3,-89.334,-80.027,CC(C)(C)C1=CC(=CC(=C1O)C(C)(C)C)\C=C(/C#N)C(N)=S,null,null,null,null,null,T2067,SIGMA,2021_LOPAC_01,-5.1,null,Tyrphostin AG 879,null,-2.1,null,null,null,88.261,-83.334,2.253,0.091,0.995,null,null,null,null,null,null,6,null,null,8.233,-80.027,-49.852,-43.359,null,null,null,null,null,null,null,null,null,XRZYELWZLNAXGE,null,TRND,lhGlDOqSVcEGLTctZI,null,null,null,null,null,null,null,null,null,null,null,null,null,0,4,0,null,null,173033,0 0 0 0,1,1,2025-06-17 16:13:51,null,null,null,null,null,null,null,364799227,activity,null,HTS,9.509646,2.683,8.233,-30.004,-80.027,null,null,null,null,null,null,null,null,null,null,null,null,null,null,null,null,null,null,null,null,null,278941622
TRND-Glioblastoma_LOPAC_U251-primary_screen2,NCGC00015701-08,activity,null,4,10.5,10.779,CC(N)(CC1=CC=C(O)C=C1)C(O)=O,null,null,null,null,null,120693,SIGMA,2021_LOPAC_01,null,null,DL-alpha-Methyl-p-tyrosine,null,4,null,null,null,10.496,16.5,4.955,1,0.62,null,null,null,null,null,null,6,null,null,14.567,4.072,49.029,39.632,null,null,null,null,null,null,null,null,null,NHTGHBARYWONDQ,null,TRND,rGPLYmGLOIqEREwTfJ,null,null,null,null,null,null,null,null,null,658-48-0,null,null,null,0,4,1,null,null,173033,0 0 0 1,1,1,2025-06-17 16:13:51,null,null,null,null,null,null,null,364795643,activity,null,HTS,null,10.212,4.072,14.567,10.779,null,null,null,null,null,null,null,null,null,null,null,null,null,null,null,null,null,null,null,null,null,278941623
TRND-Glioblastoma_LOPAC_U251-primary_screen2,NCGC00015910-10,activity,10,-3,-62.366,-61.724,OC1=CC2=C(CCNCC2C3=CC=CC=C3)C(Cl)=C1O,null,null,null,null,null,S143,SIGMA,2021_LOPAC_01,-5,null,(±)-6-Chloro-PB hydrobromide,null,-3,null,null,null,63.919,-61.866,4.504,0.053,0.998,null,null,null,null,null,null,0.5,null,null,2.194,-61.724,-38.851,-36.355,null,null,null,null,null,null,null,null,null,GHWJEDJMOVUXEC,null,TRND,aHYnYLxSDgQXsZqWmX,null,null,null,null,BR,null,null,null,null,null,null,null,null,0,4,0,null,null,173033,0 0 0 0,1,1,2025-06-17 16:13:51,null,null,null,null,null,null,null,364798539,activity,null,HTS,13.761913,-0.838,2.194,-8.025,-61.724,null,null,null,null,null,null,null,null,null,null,null,null,null,null,null,null,null,null,null,null,null,278941624
TRND-Glioblastoma_LOPAC_U251-primary_screen2,NCGC00015573-09,activity,null,4,8.717,6.108,OC(=O)C1CCNCC1,null,null,null,null,null,I18008,SIGMA,2021_LOPAC_01,null,null,Isonipecotic acid,null,4,null,null,null,10.124,5,4.955,0.65,0.6,null,null,null,null,null,null,-3.717,null,null,8.276,-1.847,4.795,4.047,null,null,null,null,null,null,null,null,null,SRJOCJYGOFTFLH,null,TRND,OpBQWQqJLtCEPnFDKN,null,null,null,null,null,null,null,null,null,498-94-2,null,null,null,0,4,0,null,null,173033,0 0 0 0,1,1,2025-06-17 16:13:51,null,null,null,null,null,null,null,364799543,activity,null,HTS,null,-1.847,8.276,1.326,6.108,null,null,null,null,null,null,null,null,null,null,null,null,null,null,null,null,null,null,null,null,null,278941625
TRND-Glioblastoma_LOPAC_U251-primary_screen2,NCGC00025206-07,activity,null,4,-15.356,-1.498,NC[C@@H]1O[C@@H](CC2=C1C=CC(O)=C2O)C3=CC=CC=C3,null,null,null,null,null,A8852,SIGMA,2021_LOPAC_01,null,null,A-68930 hydrochloride,null,4,null,null,null,15.651,0.144,4.955,0.539,0.764,null,null,null,null,null,null,15.5,null,null,12.437,-3.213,34.845,34.937,null,null,null,null,null,null,null,null,null,SUHGRZPINGKYNV,null,TRND,ctFDxOcoqzmgOejXNY,null,null,null,null,CL,null,null,null,null,null,null,null,null,0,4,0,null,null,173033,0 0 0 0,1,1,2025-06-17 16:13:51,null,null,null,null,null,null,null,364797943,activity,null,HTS,null,12.437,-3.213,4.807,-1.498,null,null,null,null,null,null,null,null,null,null,null,null,null,null,null,null,null,null,null,null,null,278941626
TRND-Glioblastoma_LOPAC_U251-primary_screen2,NCGC00091250-26,activity,null,4,-13.435,-14.112,CO[C@H]1[C@@H](C[C@@H]2CN3CCC4=C(NC5=CC(OC)=CC=C45)[C@H]3C[C@@H]2[C@@H]1C(=O)OC)OC(=O)C6=CC(OC)=C(OC)C(OC)=C6,null,null,null,null,null,R0875,SIGMA,2021_LOPAC_01,null,null,Reserpine,null,4,null,null,null,15.914,-14.435,2.72,0.41,0.88,null,null,null,null,null,null,-1,null,null,1.802,-14.112,-19.809,-13.887,null,null,null,null,null,null,null,null,null,QEVHRUUCFGRFIF,null,TRND,NLXmFnRVAJNgrotvQb,null,Synaptic vesicular amine transporter inhibitor,null,null,null,null,null,null,null,50-55-5,SLC18A2,null,null,0,4,0,null,null,173033,0 0 0 0,1,1,2025-06-17 16:13:51,null,null,null,null,null,null,null,364799991,activity,null,HTS,null,-3.745,1.802,-4.658,-14.112,null,null,null,null,null,null,null,null,null,null,null,null,null,null,null,null,null,null,null,null,null,278941627
TRND-Glioblastoma_LOPAC_U251-primary_screen2,NCGC00095109-22,activity,null,4,-14.722,0.655,COC1=CC=C(C=C1)C(CN(C)C)C2(O)CCCCC2,null,null,null,null,null,V7264,SIGMA,2021_LOPAC_01,null,null,Venlafaxine hydrochloride,null,4,null,null,null,17.702,-10.722,4.955,1,0.633,null,null,null,null,null,null,4,null,null,9.6,-8.101,-6.561,2.759,null,null,null,null,null,null,null,null,null,PNVNVHUZROJLTJ,null,TRND,uZbsfsyHZCuRlbvzrp,null,null,null,null,CL,null,null,null,null,93413-69-5,null,null,null,0,4,1,null,null,173033,0 0 0 1,1,1,2025-06-17 16:13:51,null,null,null,null,null,null,null,364798183,activity,null,HTS,null,-1.205,9.6,-8.101,0.655,null,null,null,null,null,null,null,null,null,null,null,null,null,null,null,null,null,null,null,null,null,278941628
TRND-Glioblastoma_LOPAC_U251-primary_screen2,NCGC00015547-06,activity,null,4,11.051,12.181,O=C1CCC(=NN1)C2=CC=C(C=C2)N3C=CN=C3,null,null,null,null,null,I0782,SIGMA,2021_LOPAC_01,null,null,Imazodan,null,4,null,null,null,14.306,7.5,4.955,0.673,0.549,null,null,null,null,null,null,-3.551,null,null,12.181,-2.126,7.414,8.277,null,null,null,null,null,null,null,null,null,VXMYWVMXSWJFCV,null,TRND,HuEZTUdtsKCoeQulXm,null,null,null,null,null,null,null,null,null,84243-58-3,null,null,null,0,4,0,null,null,173033,0 0 0 0,1,1,2025-06-17 16:13:51,null,null,null,null,null,null,null,364800419,activity,null,HTS,null,-2.126,8.197,1.69,12.181,null,null,null,null,null,null,null,null,null,null,null,null,null,null,null,null,null,null,null,null,null,278941629
TRND-Glioblastoma_LOPAC_U251-primary_screen2,NCGC00015857-20,activity,null,4,14.174,11.884,C(N1CCN(CC1)C2=NC=CC=N2)C3=CC4=C(OCO4)C=C3,null,null,null,null,null,P9233,SIGMA,2021_LOPAC_01,null,null,Piribedil maleate,null,4,null,null,null,15.359,13.5,2.406,0.272,0.952,null,null,null,null,null,null,-0.674,null,null,15.214,-0.145,21.196,20.217,null,null,null,null,null,null,null,null,null,OQDPVLVUJFGPGQ,null,TRND,tcSPEiiFHMdCvjeYpU,null,null,null,null,MALEATE,null,null,null,null,null,null,null,null,0,4,0,null,null,173033,0 0 0 0,1,1,2025-06-17 16:13:51,null,null,null,null,null,null,null,364795711,activity,null,HTS,null,-0.145,6.742,15.214,11.884,null,null,null,null,null,null,null,null,null,null,null,null,null,null,null,null,null,null,null,null,null,278941630
TRND-Glioblastoma_LOPAC_U251-primary_screen2,NCGC00015122-28,activity,null,4,0,1.572,CC(NC(C)(C)C)C(=O)C1=CC=CC(Cl)=C1,null,null,null,null,null,B102,SIGMA,2021_LOPAC_01,null,null,Bupropion hydrochloride,null,4,null,null,null,6.628,0,null,null,null,null,null,null,null,null,null,0,null,null,8.2,1.572,25.655,null,null,null,null,null,null,null,null,null,null,SNPPWIUOZRMYNY,null,TRND,VSqhrLIzJThSHzxteK,null,Sodium-dependent Dopamine Transporter inhibitor,null,null,CL,null,null,null,null,31677-93-7,SLC6A3,null,null,0,4,null,null,null,173033,null,1,1,2025-06-17 16:13:51,null,null,null,null,null,null,null,364795883,activity,null,HTS,null,5.52,8.2,5.406,1.572,null,null,null,null,null,null,null,null,null,null,null,null,null,null,null,null,null,null,null,null,null,278941631
TRND-Glioblastoma_LOPAC_U251-primary_screen2,NCGC00015754-23,activity,null,4,0,0.926,CC1(C)NC(=O)N(C1=O)C2=CC(=C(C=C2)[N+]([O-])=O)C(F)(F)F,null,null,null,null,null,N8534,SIGMA,2021_LOPAC_01,null,null,Nilutamide,null,4,null,null,null,6.026,0,null,null,null,null,null,null,null,null,null,0,null,null,6.952,0.926,24.689,null,null,null,null,null,null,null,null,null,null,XWXYUMMDTVBTOU,null,TRND,wXJqUfaXntiDyOxrTg,null,Androgen Receptor antagonist,null,null,null,null,null,null,null,63612-50-0,AR,null,null,0,4,null,null,null,173033,null,1,1,2025-06-17 16:13:51,null,null,null,null,null,null,null,364800567,activity,null,HTS,null,6.952,5.797,1.228,0.926,null,null,null,null,null,null,null,null,null,null,null,null,null,null,null,null,null,null,null,null,null,278941632
TRND-Glioblastoma_LOPAC_U251-primary_screen2,NCGC00507723-03,activity,null,4,-13,2.554,[H][C@@]1([C@@H](O)C[C@@]2(C)[C@]3([H])C[C@H](O)[C@]4([H])[C@]5(C[C@@]35CC[C@]12C)CC[C@H](O)C4(C)C)[C@]6(C)CC[C@H](O6)C(C)(C)O,null,null,null,null,null,SML1448,SIGMA,2021_LOPAC_01,null,null,Cycloastragenol ,null,4,null,null,null,12.869,3,4.955,0.076,0.996,null,null,null,null,null,null,16,null,null,15.423,2.554,48.746,48.721,null,null,null,null,null,null,null,null,null,WENNXORDXYGDTP,null,TRND,EeHaTAYVeRWAutueSs,null,null,null,null,null,null,null,null,null,[NO STEREO] 78574-94-4,null,null,null,0,4,0,null,null,173033,0 0 0 0,1,1,2025-06-17 16:13:51,null,null,null,null,null,null,null,364798939,activity,null,HTS,null,15.423,3.123,3.461,2.554,null,null,null,null,null,null,null,null,null,null,null,null,null,null,null,null,null,null,null,null,null,278942143
TRND-Glioblastoma_LOPAC_U251-primary_screen2,NCGC00162344-05,activity,null,4,9.834,4.978,[H][C@](CO)(C(=O)OC1CC2C3OC3C(C1)[N+]2(C)CCCC)C4=CC=CC=C4,null,null,null,null,null,S7882,SIGMA,2021_LOPAC_01,null,null,(-)-Scopolamine N-butyl bromide,null,4,null,null,null,14.423,6,4.955,0.675,0.546,null,null,null,null,null,null,-3.834,null,null,4.978,-9.445,-5.228,-13.465,null,null,null,null,null,null,null,null,null,YBCNXCRZPWQOBR,null,TRND,xcwlKdmEADFxSlwSBp,null,Muscarinic acetylcholine receptor antagonist,null,null,BR,null,null,null,null,[NO STEREO] 149-64-4,CHRM1,null,null,0,4,0,null,null,173033,0 0 0 0,1,1,2025-06-17 16:13:51,null,null,null,null,null,null,null,364799619,activity,null,HTS,null,0.159,-2.407,-9.445,4.978,null,null,null,null,null,null,null,null,null,null,null,null,null,null,null,null,null,null,null,null,null,278942144
TRND-Glioblastoma_LOPAC_U251-primary_screen2,NCGC00015605-27,activity,null,4,0,2.173,NC1=NC(N)=C(N=N1)C2=CC=CC(Cl)=C2Cl,null,null,null,null,null,L3791,SIGMA,2021_LOPAC_01,null,null,Lamotrigine,null,4,null,null,null,6.191,0,null,null,null,null,null,null,null,null,null,0,null,null,6.856,0.665,14.033,null,null,null,null,null,null,null,null,null,null,PYZRQGJRPPTADH,null,TRND,HdCoNVkyEfHdfvUegb,null,Sodium channel protein type 1 subunit alpha Blocker,null,null,null,null,null,null,null,84057-84-1,SCN1A,null,null,0,4,null,null,null,173033,null,1,1,2025-06-17 16:13:51,null,null,null,null,null,null,null,364798311,activity,null,HTS,null,2.751,6.856,0.665,2.173,null,null,null,null,null,null,null,null,null,null,null,null,null,null,null,null,null,null,null,null,null,278942145
TRND-Glioblastoma_LOPAC_U251-primary_screen2,NCGC00387205-04,activity,null,4,10.464,-3.932,OC(=O)\C=C/C(=O)NC1=CC=C(OC2=CC(OC3=CC=C(NC(=O)\C=C/C(O)=O)C=C3)=CC=C2)C=C1,null,null,null,null,null,SML0989,SIGMA,2021_LOPAC_01,null,null,H2L5186303,null,4,null,null,null,10.221,5.5,4.955,1,0.986,null,null,null,null,null,null,-4.964,null,null,6.289,-3.932,0.258,0.311,null,null,null,null,null,null,null,null,null,HZFPOTBCYPWQSH,null,TRND,RidPfbpxAOFkpVcqKn,null,null,null,null,null,null,null,null,null,null,null,null,null,0,4,1,null,null,173033,0 0 0 1,1,1,2025-06-17 16:13:51,null,null,null,null,null,null,null,364797039,activity,null,HTS,null,-3.72,6.289,5.051,-3.932,null,null,null,null,null,null,null,null,null,null,null,null,null,null,null,null,null,null,null,null,null,278942146
TRND-Glioblastoma_LOPAC_U251-primary_screen2,NCGC00507733-02,activity,null,4,0,6.579,N[Pt](N)(Cl)[N+]1=CC=CC=C1,null,null,null,null,null,C0996,SIGMA,2021_LOPAC_01,null,null,cDPCP  ,null,4,null,null,null,7.776,0,null,null,null,null,null,null,null,null,null,0,null,null,11.175,3.4,26.027,null,null,null,null,null,null,null,null,null,null,XEKDMTHECBYQQM,null,TRND,qpuOnbfuLpyrDqsZIa,null,null,null,null,CL,null,null,null,null,106343-54-8,null,null,null,0,4,null,null,null,173033,null,1,1,2025-06-17 16:13:51,null,null,null,null,null,null,null,364799259,activity,null,HTS,null,4.46,3.4,11.175,6.579,null,null,null,null,null,null,null,null,null,null,null,null,null,null,null,null,null,null,null,null,null,278942147
TRND-Glioblastoma_LOPAC_U251-primary_screen2,NCGC00015829-22,activity,null,4,-17.211,-3.092,CN(C)CCCN1C2=C(SC3=C1C=CC=C3)C=CC=C2,null,null,null,null,null,P6656,SIGMA,2021_LOPAC_01,null,null,Promazine hydrochloride,null,4,null,null,null,19.452,-4.711,4.955,0.449,0.852,null,null,null,null,null,null,12.5,null,null,16.36,-3.092,42.04,50.77,null,null,null,null,null,null,null,null,null,ZGUGWUXLJSTTMA,null,TRND,pmlvpdTRKfoHMcZkKk,null,null,null,null,CL,null,null,null,null,53-60-1,null,null,null,0,4,0,null,null,173033,0 0 0 0,1,1,2025-06-17 16:13:51,null,null,null,null,null,null,null,364795807,activity,null,HTS,null,8.503,12.347,16.36,-3.092,null,null,null,null,null,null,null,null,null,null,null,null,null,null,null,null,null,null,null,null,null,278942148
TRND-Glioblastoma_LOPAC_U251-primary_screen2,NCGC00162105-04,activity,null,4,-12.015,-0.012,OC[C@H]1O[C@@H]([C@H](O)[C@@H]1O)N2C=NC3=C(N[C@H]4CCC[C@@H]4O)N=CN=C23,null,null,null,null,null,G5794,SIGMA,2021_LOPAC_01,null,null,GR 79236x,null,4,null,null,null,11.68,-1.515,1.449,0.258,0.957,null,null,null,null,null,null,10.5,null,null,11.668,-0.012,42.96,40.358,null,null,null,null,null,null,null,null,null,GYWXTRVEUURNEW,null,TRND,riecOxsBMCkAHTkKNV,null,null,null,null,null,null,null,null,null,[NO STEREO] 124555-18-6,null,null,null,0,4,0,null,null,173033,0 0 0 0,1,1,2025-06-17 16:13:51,null,null,null,null,null,null,null,364796531,activity,null,HTS,null,11.668,8.651,6.493,-0.012,null,null,null,null,null,null,null,null,null,null,null,null,null,null,null,null,null,null,null,null,null,278942149
TRND-Glioblastoma_LOPAC_U251-primary_screen2,NCGC00092363-13,activity,19.952623,-3,-48.881,-41.556,[O-][N+](=O)C1=CC(C(=O)NC2=CC=NC=C2)=C(Cl)C=C1,null,null,null,null,null,T8703,SIGMA,2021_LOPAC_01,-4.7,null,T0070907,null,-3,null,null,null,48.688,-44.881,4.955,0.164,0.983,null,null,null,null,null,null,4,null,null,7.132,-41.556,-13.424,-5.167,null,null,null,null,null,null,null,null,null,FRPJSHKMZHWJBE,null,TRND,eNpYRpdztiAOatkIJc,null,null,null,null,null,null,null,null,null,null,null,null,null,0,4,0,null,null,173033,0 0 0 0,1,1,2025-06-17 16:13:51,null,null,null,null,null,null,null,364798663,activity,null,HTS,null,0.113,4.467,7.132,-41.556,null,null,null,null,null,null,null,null,null,null,null,null,null,null,null,null,null,null,null,null,null,278942150
TRND-Glioblastoma_LOPAC_U251-primary_screen2,NCGC00018158-24,activity,null,4,-16.367,-5.306,COC1=C(OC)C=C2C(N)=NC(=NC2=C1)N3CCN(CC3)C(=O)C4COC5=C(O4)C=CC=C5,null,null,null,null,null,D9815,SIGMA,2021_LOPAC_01,null,null,Doxazosin mesylate,null,4,null,null,null,16.455,-5.367,3.065,0.058,0.998,null,null,null,null,null,null,11,null,null,11.149,-5.306,34.014,33.968,null,null,null,null,null,null,null,null,null,RUZYUOTYCVRMRZ,null,TRND,shfPqdlIulrWZahPOj,null,null,null,null,SULFONICACID_V1,null,null,null,null,77883-43-3,null,null,null,0,4,0,null,null,173033,0 0 0 0,1,1,2025-06-17 16:13:51,null,null,null,null,null,null,null,364800019,activity,null,HTS,null,10.792,11.149,-1.341,-5.306,null,null,null,null,null,null,null,null,null,null,null,null,null,null,null,null,null,null,null,null,null,278942151
TRND-Glioblastoma_LOPAC_U251-primary_screen2,NCGC00015912-14,activity,null,4,7.576,2.788,NC1=NC=NC2=C1N=CN2C3CCCO3,null,null,null,null,null,S153,SIGMA,2021_LOPAC_01,null,null,SQ 22536,null,4,null,null,null,10.567,4,4.955,0.501,0.807,null,null,null,null,null,null,-3.576,null,null,5.086,-5.48,-2.173,-7.581,null,null,null,null,null,null,null,null,null,UKHMZCMKHPHFOT,null,TRND,KeNCFmEovjClrtdJtO,null,null,null,null,null,null,null,null,null,null,null,null,null,0,4,0,null,null,173033,0 0 0 0,1,1,2025-06-17 16:13:51,null,null,null,null,null,null,null,364800459,activity,null,HTS,null,-1.213,-5.48,5.086,2.788,null,null,null,null,null,null,null,null,null,null,null,null,null,null,null,null,null,null,null,null,null,278942152
TRND-Glioblastoma_LOPAC_U251-primary_screen2,NCGC00371032-05,activity,null,4,11,13.563,FC(F)(F)C1=CC(=CC(NC(=O)NC2=C(C=C(Br)C=C2Br)C3=NN=NN3)=C1)C(F)(F)F,null,null,null,null,null,N2540,SIGMA,2021_LOPAC_01,null,null,NS5806,null,4,null,null,null,11.148,15,4.955,0.363,0.91,null,null,null,null,null,null,4,null,null,13.563,2.415,26.672,23.888,null,null,null,null,null,null,null,null,null,UZWJWROOLOOCPQ,null,TRND,ATyTzbSjIHUWeVAkSu,null,null,null,null,null,null,null,null,null,null,null,null,null,0,4,0,null,null,173033,0 0 0 0,1,1,2025-06-17 16:13:51,null,null,null,null,null,null,null,364799147,activity,null,HTS,null,5.01,5.651,2.415,13.563,null,null,null,null,null,null,null,null,null,null,null,null,null,null,null,null,null,null,null,null,null,278942153
TRND-Glioblastoma_LOPAC_U251-primary_screen2,NCGC00015680-36,activity,null,4,0,3.866,COC1=CC2=C(NC=C2CCNC(C)=O)C=C1,null,null,null,null,null,M5250,SIGMA,2021_LOPAC_01,null,null,Melatonin,null,4,null,null,null,1.315,0,null,null,null,null,null,null,null,null,null,0,null,null,4.912,3.596,18.842,null,null,null,null,null,null,null,null,null,null,DRLFMBDRBRZALE,null,TRND,jYyiclEiGiZXyEajHT,null,Melatonin receptor type 1A agonist,null,null,null,null,null,null,null,73-31-4,MTNR1A,null,null,0,4,null,null,null,173033,null,1,1,2025-06-17 16:13:51,null,null,null,null,null,null,null,364799583,activity,null,HTS,null,3.596,4.858,4.912,3.866,null,null,null,null,null,null,null,null,null,null,null,null,null,null,null,null,null,null,null,null,null,278942154
TRND-Glioblastoma_LOPAC_U251-primary_screen2,NCGC00015534-12,activity,null,4,11.372,6.259,CN(C(CN1CCCC1)C2=CC(OCC(O)=O)=CC=C2)C(=O)CC3=CC(Cl)=C(Cl)C=C3,null,null,null,null,null,I122,SIGMA,2021_LOPAC_01,null,null,"ICI 204,448 hydrochloride",null,4,null,null,null,12.785,9,4.955,0.428,0.868,null,null,null,null,null,null,-2.372,null,null,11.225,-1.56,13.138,12.982,null,null,null,null,null,null,null,null,null,JKYJSFISYHSNOE,null,TRND,TPahEUmaJvNBYALtKf,null,null,null,null,CL,null,null,null,null,null,null,null,null,0,4,0,null,null,173033,0 0 0 0,1,1,2025-06-17 16:13:51,null,null,null,null,null,null,null,364799527,activity,null,HTS,null,-1.56,9.055,11.225,6.259,null,null,null,null,null,null,null,null,null,null,null,null,null,null,null,null,null,null,null,null,null,278942155
TRND-Glioblastoma_LOPAC_U251-primary_screen2,NCGC00015427-14,activity,null,4,0,3.763,COC(=O)C1=C(C)NC(C)=C1C(=O)C2=C(CC3=CC=CC=C3)C=CC=C2,null,null,null,null,null,F131,SIGMA,2021_LOPAC_01,null,null,FPL 64176,null,4,null,null,null,3.268,0,null,null,null,null,null,null,null,null,null,0,null,null,4.47,1.203,17.383,null,null,null,null,null,null,null,null,null,null,MDMWHKZANMNXTF,null,TRND,lbydoeIOPblwwBvhdZ,null,null,null,null,null,null,null,null,null,120934-96-5,null,null,null,0,4,null,null,null,173033,null,1,1,2025-06-17 16:13:51,null,null,null,null,null,null,null,364799755,activity,null,HTS,null,4.47,3.087,1.203,3.763,null,null,null,null,null,null,null,null,null,null,null,null,null,null,null,null,null,null,null,null,null,278942156
TRND-Glioblastoma_LOPAC_U251-primary_screen2,NCGC00507724-03,activity,null,4,-12.522,0.855,C[N+]1=CC(=CC=C1)C(N)=O,null,null,null,null,null,SML0704,SIGMA,2021_LOPAC_01,null,null,1-Methylnicotinamide chloride,null,4,null,null,null,15.076,-2.022,2.333,0.434,0.863,null,null,null,null,null,null,10.5,null,null,10.475,-4.602,29.605,29.465,null,null,null,null,null,null,null,null,null,LDHMAVIPBRSVRG,null,TRND,vAmEnoYgtSmdxciPlR,null,null,null,null,CL,null,null,null,null,1005-24-9,null,null,null,0,4,0,null,null,173033,0 0 0 0,1,1,2025-06-17 16:13:51,null,null,null,null,null,null,null,364795775,activity,null,HTS,null,10.475,4.729,-4.602,0.855,null,null,null,null,null,null,null,null,null,null,null,null,null,null,null,null,null,null,null,null,null,278942157
TRND-Glioblastoma_LOPAC_U251-primary_screen2,NCGC00015842-19,activity,19.952623,-2.3,-88.182,-95.862,[H][C@]12[C@]3([H])C=C(CO)C[C@]4(O)C(=O)C(C)=C[C@@]4([H])[C@@]3(O)[C@H](C)[C@@H](OC(=O)CCCCCCCCCCCCC)[C@@]1(OC(C)=O)C2(C)C,null,null,null,null,null,P8139,SIGMA,2021_LOPAC_01,-4.7,null,Phorbol 12-myristate 13-acetate,null,-2.1,null,null,null,84.03,-102.38,4.955,0.057,0.998,null,null,null,null,null,null,-14.198,null,null,-11.832,-95.862,-104.79,-109.946,null,null,null,null,null,null,null,null,null,PHEDXBVPIONUQT,null,TRND,njHlMRhMNgbWgoeNOi,null,Protein kinase C activator,null,null,null,null,null,null,null,16561-29-8,PRKCA,null,null,0,4,0,null,null,173033,0 0 0 0,1,1,2025-06-17 16:13:51,null,null,null,null,null,null,null,364800139,activity,null,HTS,19.766226,-11.832,-16.29,-14.555,-95.862,null,null,null,null,null,null,null,null,null,null,null,null,null,null,null,null,null,null,null,null,null,278942158
TRND-Glioblastoma_LOPAC_U251-primary_screen2,NCGC00016103-22,activity,11.220185,-3,-60.291,-52.886,OCC1=CC=C(O1)C2=NN(CC3=CC=CC=C3)C4=C2C=CC=C4,null,null,null,null,null,Y102,SIGMA,2021_LOPAC_01,-4.95,null,YC-1,null,-3,null,null,null,61.124,-53.291,4.504,0.051,0.998,null,null,null,null,null,null,7,null,null,8.237,-52.886,-0.152,-2.265,null,null,null,null,null,null,null,null,null,OQQVFCKUDYMWGV,null,TRND,GRWiyawzeqAdUveJtd,null,Hypoxia-inducible factor 1-alpha inhibitor,null,null,null,null,null,null,null,170632-47-0,HIF1A,null,null,0,4,0,null,null,173033,0 0 0 0,1,1,2025-06-17 16:13:51,null,null,null,null,null,null,null,364797399,activity,null,HTS,20.527732,8.237,5.405,1.447,-52.886,null,null,null,null,null,null,null,null,null,null,null,null,null,null,null,null,null,null,null,null,null,278942159
TRND-Glioblastoma_LOPAC_U251-primary_screen2,NCGC00015553-06,activity,null,4,0,3.917,FC1=CC=C(CN(C2=NCCN2)C3=C(Cl)C=CC=C3Cl)C=C1,null,null,null,null,null,I2279,SIGMA,2021_LOPAC_01,null,null,IMID-4F hydrochloride,null,4,null,null,null,7.77,0,null,null,null,null,null,null,null,null,null,0,null,null,8.858,1.089,24.769,null,null,null,null,null,null,null,null,null,null,QONNLUMTBIZJFP,null,TRND,MQKyrUgyuSbNKpoWbo,null,null,null,null,CL,null,null,null,null,null,null,null,null,0,4,null,null,null,173033,null,1,1,2025-06-17 16:13:51,null,null,null,null,null,null,null,364799795,activity,null,HTS,null,5.678,8.858,1.089,3.917,null,null,null,null,null,null,null,null,null,null,null,null,null,null,null,null,null,null,null,null,null,278942160
TRND-Glioblastoma_LOPAC_U251-primary_screen2,NCGC00690011-01,activity,null,4,0,4.421,FC1=CC(F)=C(NC(=S)NCCCN2C=CN=C2)C=C1,null,null,null,null,null,SML2138,SIGMA,2021_LOPAC_01,null,null,IR415,null,4,null,null,null,5.976,0,null,null,null,null,null,null,null,null,null,0,null,null,8.76,2.784,18.254,null,null,null,null,null,null,null,null,null,null,KRSBPLFMLHNMPU,null,TRND,JlCHbwmjbrDnaEhabh,null,null,null,null,null,null,null,null,null,null,null,null,null,0,4,null,null,null,173033,null,1,1,2025-06-17 16:13:51,null,null,null,null,null,null,null,364795871,activity,null,HTS,null,2.784,2.973,8.76,4.421,null,null,null,null,null,null,null,null,null,null,null,null,null,null,null,null,null,null,null,null,null,278942161
TRND-Glioblastoma_LOPAC_U251-primary_screen2,NCGC00094226-24,activity,null,4,-29.73,-22.692,OC1=CC(\C=C\C2=CC(O)=C(O)C=C2)=CC(O)=C1,null,null,null,null,null,P0453,SIGMA,2021_LOPAC_01,null,null,Piceatannol,null,4,null,null,null,30.685,-24.23,1.967,0.258,0.957,null,null,null,null,null,null,5.5,null,null,7.993,-22.692,-6.796,0.261,null,null,null,null,null,null,null,null,null,CDRPUGZCRXZLFL,null,TRND,whHDfmCaZezJVsdVIV,null,null,null,null,null,null,null,null,null,10083-24-6,null,null,null,0,4,0,null,null,173033,0 0 0 0,1,1,2025-06-17 16:13:51,null,null,null,null,null,null,null,364797955,activity,null,HTS,null,2.246,7.993,-9.56,-22.692,null,null,null,null,null,null,null,null,null,null,null,null,null,null,null,null,null,null,null,null,null,278942162
TRND-Glioblastoma_LOPAC_U251-primary_screen2,NCGC00015489-10,activity,null,4,-18.213,-11.427,CN1C2CCC1CC(C2)OC(=O)C(O)C3=CC=CC=C3,null,null,null,null,null,H0126,SIGMA,2021_LOPAC_01,null,null,DL-Homatropine hydrobromide,null,4,null,null,null,19.292,-12.213,2.406,0.214,0.971,null,null,null,null,null,null,6,null,null,7.864,-11.427,11.981,14.631,null,null,null,null,null,null,null,null,null,ZTVIKZXZYLEVOL,null,TRND,QyvYOYjHZmQyrEbjZD,null,null,null,null,BR,null,null,null,null,[NO STEREO] 51-56-9,null,null,null,0,4,0,null,null,173033,0 0 0 0,1,1,2025-06-17 16:13:51,null,null,null,null,null,null,null,364797751,activity,null,HTS,null,4.605,7.864,-0.409,-11.427,null,null,null,null,null,null,null,null,null,null,null,null,null,null,null,null,null,null,null,null,null,278942163
TRND-Glioblastoma_LOPAC_U251-primary_screen2,NCGC00687539-02,activity,null,4,-24.524,-17.103,CCCCN(CC1=CC=CC=C1)C(=O)C2=CC=C(C=C2)[S+]([O-])(=O)NC3=CC=CC=C3,null,null,null,null,null,SML2275,SIGMA,2021_LOPAC_01,null,null,TH-257,null,4,null,null,null,25.284,-20.024,4.955,0.456,0.846,null,null,null,null,null,null,4.5,null,null,8.181,-17.103,15.714,9.792,null,null,null,null,null,null,null,null,null,BJDRHYMQSZDNJY,null,TRND,yjgKXHQMAphefhQaVh,null,LIM domain kinase 2 inhibitor,null,null,null,null,null,null,null,null,LIMK2,null,null,0,4,0,null,null,173033,0 0 0 0,1,1,2025-06-17 16:13:51,null,null,null,null,null,null,null,364795687,activity,null,HTS,null,7.34,-1.982,8.181,-17.103,null,null,null,null,null,null,null,null,null,null,null,null,null,null,null,null,null,null,null,null,null,278942164
TRND-Glioblastoma_LOPAC_U251-primary_screen2,NCGC00507756-02,activity,10,-3,-63.897,-59.12,COC(=O)C1=C(C)NC(C)=C([C@H]1C2=CC(=CC=C2)[N+]([O-])=O)C(=O)O[C@H]3CCCN(CC4=CC=CC=C4)C3,null,null,null,null,null,B6813,SIGMA,2021_LOPAC_01,-5,null,Benidipine hydrochloride,null,-3,null,null,null,66.286,-59.397,4.955,0.094,0.994,null,null,null,null,null,null,4.5,null,null,7.166,-59.12,-12.224,-17.655,null,null,null,null,null,null,null,null,null,QZVNQOLPLYWLHQ,null,TRND,UApsJbroIcVJnNbSkX,null,null,null,null,CL,null,null,null,null,[NO STEREO] 91599-74-5,null,null,null,0,4,0,null,null,173033,0 0 0 0,1,1,2025-06-17 16:13:51,null,null,null,null,null,null,null,364800083,activity,null,HTS,14.012695,7.166,1.563,-3.04,-59.12,null,null,null,null,null,null,null,null,null,null,null,null,null,null,null,null,null,null,null,null,null,278942165
TRND-Glioblastoma_LOPAC_U251-primary_screen2,NCGC00262927-04,activity,null,4,0,-0.275,CC1=CC=CC=C1N2CCN(CCC3=NN=C4CCCCN34)CC2,null,null,null,null,null,SML1610,SIGMA,2021_LOPAC_01,null,null,Dapiprazole hydrochloride,null,4,null,null,null,7.374,0,null,null,null,null,null,null,null,null,null,0,null,null,5.048,-2.326,9.706,null,null,null,null,null,null,null,null,null,null,RFWZESUMWJKKRN,null,TRND,YtXxDfCplLQCeQbSNf,null,null,null,null,CL,null,null,null,null,72822-13-0,null,null,null,0,4,null,null,null,173033,null,1,1,2025-06-17 16:13:51,null,null,null,null,null,null,null,364800191,activity,null,HTS,null,2.863,-2.326,5.048,-0.275,null,null,null,null,null,null,null,null,null,null,null,null,null,null,null,null,null,null,null,null,null,278942166
TRND-Glioblastoma_LOPAC_U251-primary_screen2,NCGC00015725-30,activity,null,4,-12.839,-0.433,C[S+]([O-])(=O)NC1=C(OC2=CC=CC=C2)C=C(C=C1)[N+]([O-])=O,null,null,null,null,null,N1016,SIGMA,2021_LOPAC_01,null,null,Nimesulide,null,4,null,null,null,11.553,-0.839,4.955,0.174,0.981,null,null,null,null,null,null,12,null,null,9.604,-1.949,24.765,24.704,null,null,null,null,null,null,null,null,null,PMOPRBJLSQDYMY,null,TRND,IJMaNmHBilCsaETkuJ,null,Cyclooxygenase 2(COX2) inhibitor,null,null,null,null,null,null,null,51803-78-2,PTGS2,null,null,0,4,0,null,null,173033,0 0 0 0,1,1,2025-06-17 16:13:51,null,null,null,null,null,null,null,364799223,activity,null,HTS,null,9.604,-1.949,-0.428,-0.433,null,null,null,null,null,null,null,null,null,null,null,null,null,null,null,null,null,null,null,null,null,278942167
TRND-Glioblastoma_LOPAC_U251-primary_screen2,NCGC00507773-02,activity,null,4,0,3.504,C[C@@H](O)[C@H](NC(C)=O)C(=O)N[C@@H](CC(O)=O)C(=O)N[C@@H](CCCNC(=N)CF)C(N)=O,null,null,null,null,null,SML1539,SIGMA,2021_LOPAC_01,null,null,TDFA trifluoroacetate salt ,null,4,null,null,null,6.78,0,null,null,null,null,null,null,null,null,null,0,null,null,3.858,-2.922,-0.887,null,null,null,null,null,null,null,null,null,null,SOZMHIJABUOUSN,null,TRND,oyvkmGTyPGTWXUPgKh,null,null,null,null,TFA,null,null,null,null,null,null,null,null,0,4,null,null,null,173033,null,1,1,2025-06-17 16:13:51,null,null,null,null,null,null,null,364798023,activity,null,HTS,null,-2.922,3.839,3.858,3.504,null,null,null,null,null,null,null,null,null,null,null,null,null,null,null,null,null,null,null,null,null,278942168
TRND-Glioblastoma_LOPAC_U251-primary_screen2,NCGC00023212-33,activity,null,4,13.259,3.956,CC1=CN([C@@H]2O[C@H](CO)C=C2)C(=O)NC1=O,null,null,null,null,null,D1413,SIGMA,2021_LOPAC_01,null,null,"2 ,3 -didehydro-3 -deoxythymidine",null,4,null,null,null,14.991,5.5,4.955,0.53,0.775,null,null,null,null,null,null,-7.759,null,null,9.776,-5.216,-3.3,-3.737,null,null,null,null,null,null,null,null,null,XNKLLVCARDGLGL,null,TRND,dqlKCaGRGCchwEGyWD,null,null,null,null,null,null,null,null,null,3056-17-5,null,null,null,0,4,0,null,null,173033,0 0 0 0,1,1,2025-06-17 16:13:51,null,null,null,null,null,null,null,364796207,activity,null,HTS,null,-5.216,9.776,3.237,3.956,null,null,null,null,null,null,null,null,null,null,null,null,null,null,null,null,null,null,null,null,null,278942169
TRND-Glioblastoma_LOPAC_U251-primary_screen2,NCGC00015582-21,activity,null,4,-38.201,-25.03,BrC1=CC2=C(NC3=C2CC(=O)NC4=C3C=CC=C4)C=C1,null,null,null,null,null,K3888,SIGMA,2021_LOPAC_01,null,null,Kenpaullone,null,4,null,null,null,42.233,-23.701,3.065,0.174,0.981,null,null,null,null,null,null,14.5,null,null,17.203,-25.03,23.506,31.039,null,null,null,null,null,null,null,null,null,QQUXFYAWXPMDOE,null,TRND,oTXqVLlQczvTYuHyNv,null,null,null,null,null,null,null,null,null,null,null,null,null,0,4,0,null,null,173033,0 0 0 0,1,1,2025-06-17 16:13:51,null,null,null,null,null,null,null,364795739,activity,null,HTS,null,11.497,17.203,-10.387,-25.03,null,null,null,null,null,null,null,null,null,null,null,null,null,null,null,null,null,null,null,null,null,278942170
TRND-Glioblastoma_LOPAC_U251-primary_screen2,NCGC00182073-08,activity,null,4,0,11.056,CCCC1=C2N(CC)C(=CC(=O)C2=CC3=C1OC(=CC3=O)C(O)=O)C(O)=O,null,null,null,null,null,SML0841,SIGMA,2021_LOPAC_01,null,null,Nedocromil,null,4,null,null,null,5.888,0,null,null,null,null,null,null,null,null,null,0,null,null,11.056,5.168,31.523,null,null,null,null,null,null,null,null,null,null,RQTOOFIXOKYGAN,null,TRND,dUNgOsJMLXhdcUFhHt,null,null,null,null,null,null,null,null,null,69049-73-6,null,null,null,0,4,null,null,null,173033,null,1,1,2025-06-17 16:13:51,null,null,null,null,null,null,null,364797999,activity,null,HTS,null,5.168,9.171,7.095,11.056,null,null,null,null,null,null,null,null,null,null,null,null,null,null,null,null,null,null,null,null,null,278942171
TRND-Glioblastoma_LOPAC_U251-primary_screen2,NCGC00025018-32,activity,null,4,0,2.758,[H][C@@]12CC[C@H](O)[C@H](C(=O)OC)[C@@]1([H])C[C@]3([H])N(CCC4=C3NC5=C4C=CC=C5)C2,null,null,null,null,null,Y3125,SIGMA,2021_LOPAC_01,null,null,Yohimbine hydrochloride,null,4,null,null,null,6.059,0,null,null,null,null,null,null,null,null,null,0,null,null,6.548,0.489,21.862,null,null,null,null,null,null,null,null,null,null,BLGXFZZNTVWLAY,null,TRND,xTMzynqiAWyGuEuRkG,null,Alpha-2 Adrenergic Receptor antagonist,null,null,CL,null,null,null,null,65-19-0,ADRA2A,null,null,0,4,null,null,null,173033,null,1,1,2025-06-17 16:13:51,null,null,null,null,null,null,null,364796119,activity,null,HTS,null,6.548,2.718,0.489,2.758,null,null,null,null,null,null,null,null,null,null,null,null,null,null,null,null,null,null,null,null,null,278942172
TRND-Glioblastoma_LOPAC_U251-primary_screen2,NCGC00179504-36,activity,1.258925,-1.2,-83.83,-78.546,COc1cc(cc(OC)c1O)[C@H]2[C@@H]3[C@H](COC3=O)[C@H](O[C@@H]4O[C@@H]5CO[C@@H](C)O[C@H]5[C@H](O)[C@H]4O)c6cc7OCOc7cc26,null,null,null,null,null,E1383,SIGMA,2021_LOPAC_01,-5.9,null,Etoposide,null,-1.2,null,null,null,82.825,-78.33,2.406,0.035,0.999,null,null,null,null,null,null,5.5,null,null,4.278,-78.546,-111.044,-112.452,null,null,null,null,null,null,null,null,null,VJJPUSNTGOMMGY,null,TRND,wKpfyEsjUzvPrWPvPM,null,DNA Topoisomerase II inhibitor,null,null,null,null,null,null,null,null,TOP2A,null,null,0,4,0,null,null,173033,0 0 0 0,1,1,2025-06-17 16:13:51,null,null,null,null,null,null,null,364796279,activity,null,HTS,1.594151,4.278,-40.674,-76.081,-78.546,null,null,null,null,null,null,null,null,null,null,null,null,null,null,null,null,null,null,null,null,null,278942173
TRND-Glioblastoma_LOPAC_U251-primary_screen2,NCGC00015664-08,activity,null,4,16.193,7.824,CSC(N)=N,null,null,null,null,null,M3127,SIGMA,2021_LOPAC_01,null,null,S-Methylisothiourea hemisulfate,null,4,null,null,null,14.885,7.5,4.955,0.258,0.957,null,null,null,null,null,null,-8.693,null,null,9.308,-5.577,-0.73,-0.886,null,null,null,null,null,null,null,null,null,SDDKIZNHOCEXTF,null,TRND,fNlKciyBgrqCfzGvTp,null,null,null,null,SULFURIC_ACID,null,null,null,null,2986-19-8,null,null,null,0,4,0,null,null,173033,0 0 0 0,1,1,2025-06-17 16:13:51,null,null,null,null,null,null,null,364797635,activity,null,HTS,null,-5.577,9.308,5.907,7.824,null,null,null,null,null,null,null,null,null,null,null,null,null,null,null,null,null,null,null,null,null,278942174
TRND-Glioblastoma_LOPAC_U251-primary_screen2,NCGC00165752-07,activity,null,4,0,4.294,CC(=O)O[C@H]1CC2=C(C=CC=C2)N(C(N)=O)C3=C1C=CC=C3,null,null,null,null,null,B5435,SIGMA,2021_LOPAC_01,null,null,BIA 2-093,null,4,null,null,null,6.649,0,null,null,null,null,null,null,null,null,null,0,null,null,4.628,-2.021,-1.452,null,null,null,null,null,null,null,null,null,null,QIALRBLEEWJACW,null,TRND,jbSsHUjTnVwUNaZwsS,null,null,null,null,null,null,null,null,null,236395-14-5,null,null,null,0,4,null,null,null,173033,null,1,1,2025-06-17 16:13:51,null,null,null,null,null,null,null,364799507,activity,null,HTS,null,-2.021,4.628,-1.907,4.294,null,null,null,null,null,null,null,null,null,null,null,null,null,null,null,null,null,null,null,null,null,278942175
TRND-Glioblastoma_LOPAC_U251-primary_screen2,NCGC00371041-05,activity,null,4,-24.539,-21.699,C(CN1CCOCC1)OC2=CC=C(C=C2)C3=CN4N=CC(=C4N=C3)C5=CC=CC=C5,null,null,null,null,null,D8696,SIGMA,2021_LOPAC_01,null,null,DMH4 ,null,4,null,null,null,24.15,-23.039,2.406,0.106,0.993,null,null,null,null,null,null,1.5,null,null,2.451,-21.699,-12.318,-10.021,null,null,null,null,null,null,null,null,null,SKZQZGSPYYHTQG,null,TRND,VHgYAHXITTsnunRJhJ,null,null,null,null,null,null,null,null,null,null,null,null,null,0,4,0,null,null,173033,0 0 0 0,1,1,2025-06-17 16:13:51,null,null,null,null,null,null,null,364799071,activity,null,HTS,null,0.419,2.451,-5.414,-21.699,null,null,null,null,null,null,null,null,null,null,null,null,null,null,null,null,null,null,null,null,null,278942176
TRND-Glioblastoma_LOPAC_U251-primary_screen2,NCGC00016984-11,activity,null,4,0,-4.024,CCC(=O)OCC(=O)[C@@]1(OC(=O)CC)[C@H](C)C[C@@H]2[C@@H]3[C@H](Cl)CC4=CC(=O)C=C[C@@]4(C)[C@H]3[C@@H](O)C[C@@]12C,null,null,null,null,null,SML1480,SIGMA,2021_LOPAC_01,null,null,Alclometasone dipropionate,null,4,null,null,null,5.028,0,null,null,null,null,null,null,null,null,null,0,null,null,1.004,-4.024,-9.354,null,null,null,null,null,null,null,null,null,null,DJHCCTTVDRAMEH,null,TRND,jwRyDLtZMPcCyYMzbU,null,null,null,null,null,null,null,null,null,[NO STEREO] 66734-13-2,null,null,null,0,4,null,null,null,173033,null,1,1,2025-06-17 16:13:51,null,null,null,null,null,null,null,364799511,activity,null,HTS,null,-2.595,-1.056,1.004,-4.024,null,null,null,null,null,null,null,null,null,null,null,null,null,null,null,null,null,null,null,null,null,278941089
TRND-Glioblastoma_LOPAC_U251-primary_screen2,NCGC00090726-32,activity,null,4,0,3.035,NC(=O)C1=NN(C=N1)[C@@H]2O[C@H](CO)[C@@H](O)[C@H]2O,null,null,null,null,null,R9644,SIGMA,2021_LOPAC_01,null,null,Ribavirin,null,4,null,null,null,3.485,0,null,null,null,null,null,null,null,null,null,0,null,null,3.513,0.028,11.805,null,null,null,null,null,null,null,null,null,null,IWUCXVSUMQZMFG,null,TRND,ZbTPVEYwgPfVzuIrmq,null,Inosine 5'-Monophosphate Dehydrogenase inhibitor,null,null,null,null,null,null,null,36791-04-5,IMPDH2,null,null,0,4,null,null,null,173033,null,1,1,2025-06-17 16:13:51,null,null,null,null,null,null,null,364796967,activity,null,HTS,null,2.787,3.513,0.028,3.035,null,null,null,null,null,null,null,null,null,null,null,null,null,null,null,null,null,null,null,null,null,278941090
TRND-Glioblastoma_LOPAC_U251-primary_screen2,NCGC00179034-30,activity,4.466836,-1.2,-56.884,-58.891,NC(=N)c1ccc(OCCCCCOc2ccc(cc2)C(N)=N)cc1,null,null,null,null,null,P0547,SIGMA,2021_LOPAC_01,-5.35,null,Pentamidine isethionate,null,-1.2,null,null,null,56.625,-59.102,3.065,0.012,1,null,null,null,null,null,null,-2.218,null,null,-2.265,-58.891,-71.72,-72.012,null,null,null,null,null,null,null,null,null,XDRYMKDFEDOLFX,null,TRND,rhpqoyEAsANQTgScel,null,Protein Tyrosine Phosphatase Type IVA inhibitor,null,null,ISETHIONATE,null,null,null,null,null,PTP4A3,null,null,0,4,0,null,null,173033,0 0 0 0,1,1,2025-06-17 16:13:51,null,null,null,null,null,null,null,364798591,activity,null,HTS,7.786608,-2.265,-3.093,-46.21,-58.891,null,null,null,null,null,null,null,null,null,null,null,null,null,null,null,null,null,null,null,null,null,278941091
TRND-Glioblastoma_LOPAC_U251-primary_screen2,NCGC00346647-16,activity,11.220185,-2.3,-75.426,-90.6,CNC(=O)C1=C(F)C=CC=C1NC2=C3C=CNC3=NC(NC4=C(OC)C=C5CCN(C(=O)CN(C)C)C5=C4)=N2,null,null,null,null,null,SML0995,SIGMA,2021_LOPAC_01,-4.95,null,GSK1838705A,null,-2.1,null,null,null,80.232,-91.868,3.627,0.174,0.981,null,null,null,null,null,null,-16.442,null,null,-10.368,-90.6,-110.482,-123.124,null,null,null,null,null,null,null,null,null,HZTYDQRUAWIZRE,null,TRND,ruVsadMOmKcVneJjFk,null,Insulin-like growth factor 1 receptor inhibitor,null,null,null,null,null,null,null,null,IGF1R,null,null,0,4,0,null,null,173033,0 0 0 0,1,1,2025-06-17 16:13:51,null,null,null,null,null,null,null,364795671,activity,null,HTS,11.782904,-10.368,-22.604,-26.15,-90.6,null,null,null,null,null,null,null,null,null,null,null,null,null,null,null,null,null,null,null,null,null,278941092
TRND-Glioblastoma_LOPAC_U251-primary_screen2,NCGC00093700-09,activity,14.125375,-2.4,-63.01,-51.198,O=C1NC(=O)C2=C1C=C(NC3=CC=CC=C3)C(NC4=CC=CC=C4)=C2,null,null,null,null,null,D3943,SIGMA,2021_LOPAC_01,-4.85,null,DAPH,null,-2.2,null,null,null,55.224,-64.51,1.416,0.287,0.946,null,null,null,null,null,null,-1.5,null,null,4.026,-51.198,-34.634,-46.033,null,null,null,null,null,null,null,null,null,AAALVYBICLMAMA,null,TRND,lmSvEMErSEzAuiKhYg,null,null,null,null,null,null,null,null,null,145915-58-8,null,null,null,0,4,0,null,null,173033,0 0 0 0,1,1,2025-06-17 16:13:51,null,null,null,null,null,null,null,364800359,activity,null,HTS,33.3,4.026,-10.885,-16.142,-51.198,null,null,null,null,null,null,null,null,null,null,null,null,null,null,null,null,null,null,null,null,null,278941093
TRND-Glioblastoma_LOPAC_U251-primary_screen2,NCGC00015673-30,activity,null,4,0,4.086,NC1=NC(=CC(N)=[N+]1[O-])N2CCCCC2,null,null,null,null,null,M4145,SIGMA,2021_LOPAC_01,null,null,Minoxidil,null,4,null,null,null,4.59,0,null,null,null,null,null,null,null,null,null,0,null,null,4.728,0.138,9.011,null,null,null,null,null,null,null,null,null,null,ZFMITUMMTDLWHR,null,TRND,DJSALAUIcUMXxQgijm,null,null,null,null,null,null,null,null,null,38304-91-5,null,null,null,0,4,null,null,null,173033,null,1,1,2025-06-17 16:13:51,null,null,null,null,null,null,null,364799567,activity,null,HTS,null,0.138,4.541,4.728,4.086,null,null,null,null,null,null,null,null,null,null,null,null,null,null,null,null,null,null,null,null,null,278941094
TRND-Glioblastoma_LOPAC_U251-primary_screen2,NCGC00015243-25,activity,null,4,15.538,2.401,ClC1=CC=C(CN2C(CN3CCCC3)=NC4=C2C=CC=C4)C=C1,null,null,null,null,null,C5040,SIGMA,2021_LOPAC_01,null,null,Clemizole hydrochloride,null,4,null,null,null,11.697,14,1.858,1,1,null,null,null,null,null,null,-1.538,null,null,10.415,-1.282,9.602,10.972,null,null,null,null,null,null,null,null,null,CJXAEXPPLWQRFR,null,TRND,czckYpniTNGlTQJhxu,null,Histamine H1 Receptor antagonist,null,null,CL,null,null,null,null,1163-36-6,HRH1,null,null,0,4,1,null,null,173033,0 0 0 1,1,1,2025-06-17 16:13:51,null,null,null,null,null,null,null,364798415,activity,null,HTS,null,-1.282,0.574,10.415,2.401,null,null,null,null,null,null,null,null,null,null,null,null,null,null,null,null,null,null,null,null,null,278941095
TRND-Glioblastoma_LOPAC_U251-primary_screen2,NCGC00159521-19,activity,null,4,13.729,4.143,OC(CN1C=CN=C1)(P(O)(O)=O)P(O)(O)=O,null,null,null,null,null,SML0223,SIGMA,2021_LOPAC_01,null,null,Zoledronic acid monohydrate,null,4,null,null,null,18.152,15.5,4.955,1,0.529,null,null,null,null,null,null,1.771,null,null,13.794,-4.358,37.247,24.005,null,null,null,null,null,null,null,null,null,XRASPMIURGNCCH,null,TRND,wklUbQUbooMhBYhCtK,null,Farnesyl Pyrophosphate Synthase inhibitor,null,null,H2O,null,null,null,null,118072-93-8,FDPS,null,null,0,4,1,null,null,173033,0 0 0 1,1,1,2025-06-17 16:13:51,null,null,null,null,null,null,null,364796355,activity,null,HTS,null,8.43,-4.358,13.794,4.143,null,null,null,null,null,null,null,null,null,null,null,null,null,null,null,null,null,null,null,null,null,278941096
TRND-Glioblastoma_LOPAC_U251-primary_screen2,NCGC00162117-06,activity,null,4,13.45,12.971,[H][C@]12SCC(COC(C)=O)=C(N1C(=O)[C@H]2NC(=O)CCC[C@@H](N)C([O-])=O)C([O-])=O,null,null,null,null,null,C3270,SIGMA,2021_LOPAC_01,null,null,Cephalosporin C zinc salt,null,4,null,null,null,15.012,14.5,4.955,0.404,0.884,null,null,null,null,null,null,1.05,null,null,12.971,-2.041,15.233,11.162,null,null,null,null,null,null,null,null,null,HOKIDJSKDBPKTQ,null,TRND,unlQsNLqYTehcSMZzf,null,null,null,null,null,null,null,null,null,null,null,null,null,0,4,0,null,null,173033,0 0 0 0,1,1,2025-06-17 16:13:51,null,null,null,null,null,null,null,364798527,activity,null,HTS,null,3.238,1.225,-2.041,12.971,null,null,null,null,null,null,null,null,null,null,null,null,null,null,null,null,null,null,null,null,null,278941097
TRND-Glioblastoma_LOPAC_U251-primary_screen2,NCGC00025226-11,activity,null,4,0,-2.21,C[C@@H](CN1CCC(CC2=CC=CC=C2)CC1)[C@@H](O)C3=CC=C(O)C=C3,null,null,null,null,null,R7150,SIGMA,2021_LOPAC_01,null,null,Ro 25-6981 hydrochloride,null,4,null,null,null,7.503,0,null,null,null,null,null,null,null,null,null,0,null,null,4.224,-3.28,3.435,null,null,null,null,null,null,null,null,null,null,WVZSEUPGUDIELE,null,TRND,KQSaUiSuNhQpmgNlJq,null,null,null,null,CL,null,null,null,null,null,null,null,null,0,4,null,null,null,173033,null,1,1,2025-06-17 16:13:51,null,null,null,null,null,null,null,364798231,activity,null,HTS,null,1.419,4.224,-3.28,-2.21,null,null,null,null,null,null,null,null,null,null,null,null,null,null,null,null,null,null,null,null,null,278941098
TRND-Glioblastoma_LOPAC_U251-primary_screen2,NCGC00015849-08,activity,2.511886,-1.4,-79.118,-74.408,[S-]C(=S)N1CCCC1,null,null,null,null,null,P8765,SIGMA,2021_LOPAC_01,-5.6,null,Ammonium pyrrolidinedithiocarbamate,null,-1.1,null,null,null,81.194,-78.33,4.955,0.1,0.994,null,null,null,null,null,null,0.788,null,null,-0.593,-81.787,-98.458,-95.055,null,null,null,null,null,null,null,null,null,VSWDORGPIHIGNW,null,TRND,uFQOpjEJWBXrBLaBeO,null,null,null,null,AMMONIA,null,null,null,null,null,null,null,null,0,4,0,null,null,173033,0 0 0 0,1,1,2025-06-17 16:13:51,null,null,null,null,null,null,null,364800155,activity,null,HTS,2.817037,-0.625,-0.593,-81.787,-74.408,null,null,null,null,null,null,null,null,null,null,null,null,null,null,null,null,null,null,null,null,null,278941099
TRND-Glioblastoma_LOPAC_U251-primary_screen2,NCGC00015223-27,activity,null,4,0,5.199,[NH3+][Pt-6]1([NH3+])OC(=O)C2(CCC2)C(=O)O1,null,null,null,null,null,C2538,SIGMA,2021_LOPAC_01,null,null,Carboplatin,null,4,null,null,null,7.863,0,null,null,null,null,null,null,null,null,null,0,null,null,5.199,-2.664,-3.585,null,null,null,null,null,null,null,null,null,null,HFPXBDLIWMCECV,null,TRND,gmHRAUkCvjSqwBIEHn,null,DNA Alkylating Drug,null,null,AMMONIA,null,null,null,null,null,H2AX,null,null,0,4,null,null,null,173033,null,1,1,2025-06-17 16:13:51,null,null,null,null,null,null,null,364799783,activity,null,HTS,null,-2.664,3.55,-2.011,5.199,null,null,null,null,null,null,null,null,null,null,null,null,null,null,null,null,null,null,null,null,null,278941100
TRND-Glioblastoma_LOPAC_U251-primary_screen2,NCGC00015496-31,activity,null,4,9,7.646,C[N+](C)(C)CCCCCC[N+](C)(C)C,null,null,null,null,null,H2138,SIGMA,2021_LOPAC_01,null,null,Hexamethonium dichloride,null,4,null,null,null,10.133,9,4.955,0.285,0.947,null,null,null,null,null,null,0,null,null,10.422,0.289,12.681,11.753,null,null,null,null,null,null,null,null,null,VZJFGSRCJCXDSG,null,TRND,IEIKsBFlepEURKyTuy,null,null,null,null,CL,null,null,null,null,null,null,null,null,0,4,0,null,null,173033,0 0 0 0,1,1,2025-06-17 16:13:51,null,null,null,null,null,null,null,364799043,activity,null,HTS,null,0.289,0.816,10.422,7.646,null,null,null,null,null,null,null,null,null,null,null,null,null,null,null,null,null,null,null,null,null,278941101
TRND-Glioblastoma_LOPAC_U251-primary_screen2,NCGC00379073-09,activity,null,4,0,-2.694,CC1=NC(C(=O)N2CCC[C@H]2CC3=NN=C(O3)C4=CC=CC=C4)=C(S1)C5=C(F)C=CC=C5,null,null,null,null,null,SML0912,SIGMA,2021_LOPAC_01,null,null,SB 674042,null,4,null,null,null,7.321,0,null,null,null,null,null,null,null,null,null,0,null,null,4.627,-2.694,4.247,null,null,null,null,null,null,null,null,null,null,HYBZWVLPALMACV,null,TRND,UGQRMeYJfoZIKexdae,null,null,null,null,null,null,null,null,null,null,null,null,null,0,4,null,null,null,173033,null,1,1,2025-06-17 16:13:51,null,null,null,null,null,null,null,364795787,activity,null,HTS,null,0.844,4.627,0.125,-2.694,null,null,null,null,null,null,null,null,null,null,null,null,null,null,null,null,null,null,null,null,null,278941102
TRND-Glioblastoma_LOPAC_U251-primary_screen2,NCGC00167490-08,activity,null,4,-24.997,-17.498,CCCCN(CCCC)CC(O)C1=C2C3=CC=C(Cl)C=C3\C(=C\C4=CC=C(Cl)C=C4)C2=CC(Cl)=C1,null,null,null,null,null,L5420,SIGMA,2021_LOPAC_01,null,null,Lumefantrine,null,4,null,null,null,20.503,-22.497,1.449,0.066,0.997,null,null,null,null,null,null,2.5,null,null,3.006,-17.498,-3.45,-4.701,null,null,null,null,null,null,null,null,null,DYLGFOYVTXJFJP,null,TRND,uocHjRGDEzLozdwVfb,null,Anti-malarial,null,null,null,null,null,null,null,82186-77-4,pfmdr1,null,null,0,4,0,null,null,173033,0 0 0 0,1,1,2025-06-17 16:13:51,null,null,null,null,null,null,null,364797235,activity,null,HTS,null,3.006,1.014,-4.721,-17.498,null,null,null,null,null,null,null,null,null,null,null,null,null,null,null,null,null,null,null,null,null,278941103
TRND-Glioblastoma_LOPAC_U251-primary_screen2,NCGC00015236-10,activity,null,4,-10.943,-7.035,CCC1=CC=CC(=C1)N(C)C(=N)NC2=C3C=CC=CC3=CC=C2,null,null,null,null,null,C4238,SIGMA,2021_LOPAC_01,null,null,CNS-1102,null,4,null,null,null,11.076,-8.443,4.955,0.376,0.903,null,null,null,null,null,null,2.5,null,null,4.04,-7.035,7.254,6.682,null,null,null,null,null,null,null,null,null,BFNCJMURTMZBTE,null,TRND,XGoAGvLBHXSmPlxLcE,null,null,null,null,HCL,null,null,null,null,137160-11-3,null,null,null,0,4,0,null,null,173033,0 0 0 0,1,1,2025-06-17 16:13:51,null,null,null,null,null,null,null,364800303,activity,null,HTS,null,2.846,0.328,4.04,-7.035,null,null,null,null,null,null,null,null,null,null,null,null,null,null,null,null,null,null,null,null,null,278941104
TRND-Glioblastoma_LOPAC_U251-primary_screen2,NCGC00185774-10,activity,null,4,0,8.468,OC(=O)CSCC(=O)NC1CCSC1=O,null,null,null,null,null,SML1529,SIGMA,2021_LOPAC_01,null,null,Erdosteine,null,4,null,null,null,7.154,0,null,null,null,null,null,null,null,null,null,0,null,null,8.468,1.314,15.738,null,null,null,null,null,null,null,null,null,null,QGFORSXNKQLDNO,null,TRND,MZiNsCCuYVTgNTVhuM,null,Mucolytic Agent,null,null,null,null,null,null,null,84611-23-4,CAT,null,null,0,4,null,null,null,173033,null,1,1,2025-06-17 16:13:51,null,null,null,null,null,null,null,364797975,activity,null,HTS,null,1.314,6.148,4.781,8.468,null,null,null,null,null,null,null,null,null,null,null,null,null,null,null,null,null,null,null,null,null,278941105
TRND-Glioblastoma_LOPAC_U251-primary_screen2,NCGC00015762-19,activity,null,4,0,-5.141,CCN1C=C(C(O)=O)C(=O)C2=C1C=C3OCOC3=C2,null,null,null,null,null,O0877,SIGMA,2021_LOPAC_01,null,null,Oxolinic acid,null,4,null,null,null,8.203,0,null,null,null,null,null,null,null,null,null,0,null,null,3.062,-5.141,2.127,null,null,null,null,null,null,null,null,null,null,KYGZCKSPAKDVKC,null,TRND,YMGxejTDpHZgqprWZh,null,null,null,null,null,null,null,null,null,14698-29-4,null,null,null,0,4,null,null,null,173033,null,1,1,2025-06-17 16:13:51,null,null,null,null,null,null,null,364800463,activity,null,HTS,null,1.048,3.062,-0.312,-5.141,null,null,null,null,null,null,null,null,null,null,null,null,null,null,null,null,null,null,null,null,null,278941106
TRND-Glioblastoma_LOPAC_U251-primary_screen2,NCGC00015685-06,activity,null,4,-9.313,-3.594,CC(C)(CCP(O)(O)=O)C(O)=O,null,null,null,null,null,M5560,SIGMA,2021_LOPAC_01,null,null,(S)-MAP4 hydrochloride,null,4,null,null,null,10.682,-6.313,4.955,0.73,0.401,null,null,null,null,null,null,3,null,null,7.088,-3.594,-0.702,10.686,null,null,null,null,null,null,null,null,null,SCXPEAQTFILILV,null,TRND,gKANfNbsDlajYmXiUF,null,null,null,null,CL,null,null,null,null,null,null,null,null,0,4,0,null,null,173033,0 0 0 0,1,1,2025-06-17 16:13:51,null,null,null,null,null,null,null,364798319,activity,null,HTS,null,-2.61,4.972,7.088,-3.594,null,null,null,null,null,null,null,null,null,null,null,null,null,null,null,null,null,null,null,null,null,278941107
TRND-Glioblastoma_LOPAC_U251-primary_screen2,NCGC00015799-17,activity,4.466836,-3,-83.685,-9.937,CCCC(C(=O)OCCN(CC)CC)(C1=CC=CC=C1)C2=CC=CC=C2,null,null,null,null,null,P1061,SIGMA,2021_LOPAC_01,-5.35,null,SKF-525A hydrochloride,null,-3,null,null,null,77.375,-75.685,4.955,1,0.994,null,null,null,null,null,null,8,null,null,10.984,-66.391,-61.288,-58.005,null,null,null,null,null,null,null,null,null,SNTQPLDRUZOSDP,null,TRND,qVEtADMDygnJIvRHco,null,null,null,null,CL,null,null,null,null,62-68-0,null,null,null,0,4,1,null,null,173033,0 0 0 1,1,1,2025-06-17 16:13:51,null,null,null,null,null,null,null,364797331,activity,null,HTS,5.109561,4.455,10.984,-66.391,-9.937,null,null,null,null,null,null,null,null,null,null,null,null,null,null,null,null,null,null,null,null,null,278941108
TRND-Glioblastoma_LOPAC_U251-primary_screen2,NCGC00485144-04,activity,8.912509,-2.3,-106.616,-96.192,COC(=O)C1=C(C)NC(C)=C(C1C2=CC=CC(NC(=O)NCCCN3CCC(CC3)C4=CC(OC)=CC=C4)=C2)C(=O)OC,null,null,null,null,null,B5063,SIGMA,2021_LOPAC_01,-5.05,null,BMS-193885,null,-2.1,null,null,null,112.712,-98.116,3.065,0.173,0.981,null,null,null,null,null,null,8.5,null,null,16.52,-96.192,-54.254,-37.088,null,null,null,null,null,null,null,null,null,WMYSXJSJXZFODY,null,TRND,JTrpzgqxIxBGyfVRJH,null,null,null,null,null,null,null,null,null,186185-03-5,null,null,null,0,4,0,null,null,173033,0 0 0 0,1,1,2025-06-17 16:13:51,null,null,null,null,null,null,null,364798923,activity,null,HTS,9.024885,0.052,16.52,-21.987,-96.192,null,null,null,null,null,null,null,null,null,null,null,null,null,null,null,null,null,null,null,null,null,278941109
TRND-Glioblastoma_LOPAC_U251-primary_screen2,NCGC00016024-16,activity,null,4,13.5,1.497,O[C@@H]1[C@H](OC2=C(C1=O)C(O)=CC(O)=C2)C3=CC(O)=C(O)C=C3,null,null,null,null,null,T4512,SIGMA,2021_LOPAC_01,null,null,(±)-Taxifolin,null,4,null,null,null,15.185,18.5,4.955,1,0.729,null,null,null,null,null,null,5,null,null,16.682,1.497,48.989,38.916,null,null,null,null,null,null,null,null,null,CXQWRCVTCMQVQX,null,TRND,fsuiXTXTaMQxditJcY,null,NF-kappaB (NFKB) modulator,null,null,H2O,null,null,null,null,480-18-2,NFKB1,null,null,0,4,1,null,null,173033,0 0 0 1,1,1,2025-06-17 16:13:51,null,null,null,null,null,null,null,364800539,activity,null,HTS,null,9.616,2.675,16.682,1.497,null,null,null,null,null,null,null,null,null,null,null,null,null,null,null,null,null,null,null,null,null,278941110
TRND-Glioblastoma_LOPAC_U251-primary_screen2,NCGC00093851-15,activity,null,4,-13.593,-3.858,CCCCCCCCCCCCCCCCCCOC[C@H](COP([O-])(=O)OCC[N+](C)(C)C)OC,null,null,null,null,null,E1779,SIGMA,2021_LOPAC_01,null,null,ET-18-OCH3,null,4,null,null,null,15.275,-6.093,4.955,0.282,0.948,null,null,null,null,null,null,7.5,null,null,7.282,-7.994,16.768,17.491,null,null,null,null,null,null,null,null,null,MHFRGQHAERHWKZ,null,TRND,MDbIZSvQSJlRcHYuYh,null,null,null,null,null,null,null,null,null,[NO STEREO] 70641-51-9,null,null,null,0,4,0,null,null,173033,0 0 0 0,1,1,2025-06-17 16:13:51,null,null,null,null,null,null,null,364796919,activity,null,HTS,null,7.282,5.979,-7.994,-3.858,null,null,null,null,null,null,null,null,null,null,null,null,null,null,null,null,null,null,null,null,null,278941111
TRND-Glioblastoma_LOPAC_U251-primary_screen2,NCGC00482656-02,activity,null,4,-13.084,-10.07,COC1=C(OC)C2=C3[C@@H](CC4=CC=CC=C24)N(C)CCC3=C1,null,null,null,null,null,SML2230,SIGMA,2021_LOPAC_01,null,null,Nuciferine,null,4,null,null,null,13.621,-11.584,4.955,0.301,0.94,null,null,null,null,null,null,1.5,null,null,3.55,-10.07,-1.125,0.991,null,null,null,null,null,null,null,null,null,ORJVQPIHKOARKV,null,TRND,FXubkEPNTbSTxUrLnC,null,null,null,null,null,null,null,null,null,475-83-2,null,null,null,0,4,0,null,null,173033,0 0 0 0,1,1,2025-06-17 16:13:51,null,null,null,null,null,null,null,364797611,activity,null,HTS,null,0.491,0.461,3.55,-10.07,null,null,null,null,null,null,null,null,null,null,null,null,null,null,null,null,null,null,null,null,null,278941112
TRND-Glioblastoma_LOPAC_U251-primary_screen2,NCGC00025046-10,activity,null,4,8.781,5.684,CC1=NC(\C=C\C2=CC=CC=C2)=CC=C1,null,null,null,null,null,S9311,SIGMA,2021_LOPAC_01,null,null,SIB 1893,null,4,null,null,null,10.286,7.5,4.955,0.335,0.925,null,null,null,null,null,null,-1.281,null,null,8.801,-1.484,5.397,5.906,null,null,null,null,null,null,null,null,null,SISOFUCTXZKSOQ,null,TRND,MPWEfJWkAgRQIOyDeN,null,null,null,null,null,null,null,null,null,null,null,null,null,0,4,0,null,null,173033,0 0 0 0,1,1,2025-06-17 16:13:51,null,null,null,null,null,null,null,364799323,activity,null,HTS,null,-1.484,0.535,8.801,5.684,null,null,null,null,null,null,null,null,null,null,null,null,null,null,null,null,null,null,null,null,null,278941113
TRND-Glioblastoma_LOPAC_U251-primary_screen2,NCGC00263099-09,activity,2.511886,-1.4,-37.515,-31.565,COC1=C(OC)C=C2C(=C1)N=CN=C2N3N=C(N=C3N)C4=NC=CC=C4,null,null,null,null,null,SML1115,SIGMA,2021_LOPAC_01,-5.6,null,CP466722,null,-1.4,null,null,null,47.221,-40.102,4.955,0.389,0.894,null,null,null,null,null,null,-2.587,null,null,-1.323,-48.544,-64.735,-58.984,null,null,null,null,null,null,null,null,null,ILBRKJBKDGCSCB,null,TRND,VqhtkNJYouwFrgAfrg,null,ATM Kinase inhibitor,null,null,null,null,null,null,null,null,ATM,null,null,0,4,0,null,null,173033,0 0 0 0,1,1,2025-06-17 16:13:51,null,null,null,null,null,null,null,364797367,activity,null,HTS,null,-4.782,-1.323,-48.544,-31.565,null,null,null,null,null,null,null,null,null,null,null,null,null,null,null,null,null,null,null,null,null,278941114
TRND-Glioblastoma_LOPAC_U251-primary_screen2,NCGC00025308-06,activity,null,4,-12.024,-9.603,CCN1C(=O)N=C(C2=CC(Cl)=CC=C2)C3=C1N=C(CC)C=C3,null,null,null,null,null,Y4877,SIGMA,2021_LOPAC_01,null,null,YM 976,null,4,null,null,null,11.695,-10.024,1.753,0.027,1,null,null,null,null,null,null,2,null,null,2.091,-9.603,-2.548,-2.881,null,null,null,null,null,null,null,null,null,MNHXYNNKDDXKNP,null,TRND,sxFxjHYimOTKDxsneb,null,null,null,null,null,null,null,null,null,null,null,null,null,0,4,0,null,null,173033,0 0 0 0,1,1,2025-06-17 16:13:51,null,null,null,null,null,null,null,364796203,activity,null,HTS,null,2.091,0.82,-5.542,-9.603,null,null,null,null,null,null,null,null,null,null,null,null,null,null,null,null,null,null,null,null,null,278941115
TRND-Glioblastoma_LOPAC_U251-primary_screen2,NCGC00378809-02,activity,10,-3,-64.302,-56.844,CCCCN1C(CN(CC2=CC=C3OCOC3=C2)CC4=CC5=C(OCO5)C=C4)=C(N=C1C6=CC=CC=C6)C7=CC=CC=C7,null,null,null,null,null,SML2278,SIGMA,2021_LOPAC_01,-5,null,NDT9513727,null,-3,null,null,null,67.137,-57.302,4.449,0.109,0.993,null,null,null,null,null,null,7,null,null,10.293,-56.844,-13.243,-7.124,null,null,null,null,null,null,null,null,null,ITACCRHKSPSKKL,null,TRND,ibkbofYPSiEsrxQDPr,null,null,null,null,null,null,null,null,null,null,null,null,null,0,4,0,null,null,173033,0 0 0 0,1,1,2025-06-17 16:13:51,null,null,null,null,null,null,null,364799075,activity,null,HTS,15.409289,3.82,10.293,-1.654,-56.844,null,null,null,null,null,null,null,null,null,null,null,null,null,null,null,null,null,null,null,null,null,278941116
TRND-Glioblastoma_LOPAC_U251-primary_screen2,NCGC00015694-14,activity,null,4,0,-1.42,COC1=CC2=C(NC=C2CCN)C=C1,null,null,null,null,null,M6628,SIGMA,2021_LOPAC_01,null,null,O-Methylserotonin hydrochloride,null,4,null,null,null,5.936,0,null,null,null,null,null,null,null,null,null,0,null,null,4.516,-1.42,8.212,null,null,null,null,null,null,null,null,null,null,JTEJPPKMYBDEMY,null,TRND,HjXJEfMwHpLrbpYSOg,null,null,null,null,CL,null,null,null,null,66-83-1,null,null,null,0,4,null,null,null,173033,null,1,1,2025-06-17 16:13:51,null,null,null,null,null,null,null,364799615,activity,null,HTS,null,1.818,4.516,1.081,-1.42,null,null,null,null,null,null,null,null,null,null,null,null,null,null,null,null,null,null,null,null,null,278941117
TRND-Glioblastoma_LOPAC_U251-primary_screen2,NCGC00094201-07,activity,7.943282,-2.4,-48.724,-30.603,C[C@@H](CC1=CC(O)=C(O)C=C1)[C@H](C)CC2=CC=C(O)C(O)=C2,null,null,null,null,null,N5023,SIGMA,2021_LOPAC_01,-5.1,null,Nordihydroguaiaretic acid from Larrea divaricata (creosote bush),null,-2.2,null,null,null,37.628,-40.724,0.8,0.247,0.96,null,null,null,null,null,null,8,null,null,7.025,-30.603,-7.828,-12.672,null,null,null,null,null,null,null,null,null,HCZKYJDFEPMADG,null,TRND,gdFdZwSMRrSLkvqbRt,null,Insulin-like growth factor 1 receptor inhibitor,null,null,null,null,null,null,null,27686-84-6,IGF1R,null,null,0,4,0,null,null,173033,0 0 0 0,1,1,2025-06-17 16:13:51,null,null,null,null,null,null,null,364800535,activity,null,HTS,null,7.025,-4.773,-11.297,-30.603,null,null,null,null,null,null,null,null,null,null,null,null,null,null,null,null,null,null,null,null,null,278941118
TRND-Glioblastoma_LOPAC_U251-primary_screen2,NCGC00690020-01,activity,null,4,10,4.444,NC(=O)C1=CC=C(OCCCN2C[C@@H]3CCC[C@@H]3C2)C=C1,null,null,null,null,null,SML2177,SIGMA,2021_LOPAC_01,null,null,S 38093-2,null,4,null,null,null,10.739,9,4.955,1,0.59,null,null,null,null,null,null,-1,null,null,12.704,1.965,21.293,22.911,null,null,null,null,null,null,null,null,null,MRNMYWNBLVJWKG,null,TRND,znHXkomeJDsioLjEur,null,null,null,null,CL,null,null,null,null,1403835-46-0,null,null,null,0,4,1,null,null,173033,0 0 0 1,1,1,2025-06-17 16:13:51,null,null,null,null,null,null,null,364798567,activity,null,HTS,null,1.965,12.704,5.683,4.444,null,null,null,null,null,null,null,null,null,null,null,null,null,null,null,null,null,null,null,null,null,278941119
TRND-Glioblastoma_LOPAC_U251-primary_screen2,NCGC00015704-19,activity,null,4,0,8.831,CN(C)CCN(CC1=CC=CS1)C2=CC=CC=N2,null,null,null,null,null,M9125,SIGMA,2021_LOPAC_01,null,null,Methapyrilene hydrochloride,null,4,null,null,null,8.314,0,null,null,null,null,null,null,null,null,null,0,null,null,8.831,0.517,16.968,null,null,null,null,null,null,null,null,null,null,HNJJXZKZRAWDPF,null,TRND,GSrKwrGAGkENchIHbW,null,null,null,null,CL,null,null,null,null,135-23-9,null,null,null,0,4,null,null,null,173033,null,1,1,2025-06-17 16:13:51,null,null,null,null,null,null,null,364799319,activity,null,HTS,null,3.373,0.517,3.725,8.831,null,null,null,null,null,null,null,null,null,null,null,null,null,null,null,null,null,null,null,null,null,278941120
TRND-Glioblastoma_LOPAC_U251-primary_screen2,NCGC00015477-09,activity,null,4,-17.066,-12.555,CN1C=C(C(=O)OCC2CCN(CCN[S+](C)([O-])=O)CC2)C3=C1C=CC=C3,null,null,null,null,null,G5918,SIGMA,2021_LOPAC_01,null,null,GR 113808,null,4,null,null,null,18.111,-13.566,4.955,0.349,0.917,null,null,null,null,null,null,3.5,null,null,5.556,-12.555,0.52,8.08,null,null,null,null,null,null,null,null,null,IZNTVHGHVCNTRD,null,TRND,TgvXRpYPtbJszmlgRg,null,null,null,null,null,null,null,null,null,144625-51-4,null,null,null,0,4,0,null,null,173033,0 0 0 0,1,1,2025-06-17 16:13:51,null,null,null,null,null,null,null,364798383,activity,null,HTS,null,0.06,4.39,5.556,-12.555,null,null,null,null,null,null,null,null,null,null,null,null,null,null,null,null,null,null,null,null,null,278941121
TRND-Glioblastoma_LOPAC_U251-primary_screen2,NCGC00387092-05,activity,11.220185,-3,-38.075,-31.313,CCN(CC)CC1=CC=C(C=C1)C(=O)N(CCC2=CC=CC=C2OC)[C@@H]3CCNC3,null,null,null,null,null,SML0667,SIGMA,2021_LOPAC_01,-4.95,null,PF-429242 dihydrochloride,null,-3,null,null,null,38.178,-31.575,4.504,0.029,0.999,null,null,null,null,null,null,6.5,null,null,6.865,-31.313,8.956,8.34,null,null,null,null,null,null,null,null,null,XKPJTOHUPQWSOJ,null,TRND,LymvbYitVxVqPDKqTm,null,null,null,null,CL,null,null,null,null,null,null,null,null,0,4,0,null,null,173033,0 0 0 0,1,1,2025-06-17 16:13:51,null,null,null,null,null,null,null,364795699,activity,null,HTS,null,6.865,5.872,3.233,-31.313,null,null,null,null,null,null,null,null,null,null,null,null,null,null,null,null,null,null,null,null,null,278941122
TRND-Glioblastoma_LOPAC_U251-primary_screen2,NCGC00013043-15,activity,4.466836,-1.1,-86.776,-81.737,C1=CC2=CC=C3C=CC=NC3=C2N=C1,null,null,null,null,null,P9375,SIGMA,2021_LOPAC_01,-5.35,null,"1,10-Phenanthroline monohydrate",null,-1.1,null,null,null,86.073,-82.776,3.929,0.032,0.999,null,null,null,null,null,null,4,null,null,4.335,-81.737,-80.047,-77.602,null,null,null,null,null,null,null,null,null,DGEZNRSVGBDHLK,null,TRND,fsUEOQeJdBcbMbMTHA,null,null,null,null,H2O,null,null,null,null,66-71-7,null,null,null,0,4,0,null,null,173033,0 0 0 0,1,1,2025-06-17 16:13:51,null,null,null,null,null,null,null,364796991,activity,null,HTS,4.973652,2.849,4.335,-68.661,-81.737,null,null,null,null,null,null,null,null,null,null,null,null,null,null,null,null,null,null,null,null,null,278941633
TRND-Glioblastoma_LOPAC_U251-primary_screen2,NCGC00015693-31,activity,0.079433,5,-100.632,-96.591,OCCNCCNC1=CC=C(NCCNCCO)C2=C1C(=O)C3=C(C2=O)C(O)=CC=C3O,null,null,null,null,null,M6545,SIGMA,2021_LOPAC_01,-7.1,null,Mitoxantrone,null,-2.1,null,null,null,23.278,-118.227,0.2,0.337,0.923,null,null,null,null,null,null,-17.595,null,null,-73.313,-96.591,-373.046,-374.533,null,null,null,null,null,null,null,null,null,KKZJGLLVHKMTCM,null,TRND,uzMeEvvOeMGvMSjLxH,null,DNA Topoisomerase II inhibitor,null,null,HCL,null,null,null,null,70476-82-3,TOP2A,null,null,0,4,0,null,null,173033,0 0 0 0,1,1,2025-06-17 16:13:51,null,null,null,null,null,null,null,364798975,activity,null,HTS,null,-73.313,-84.424,-85.54,-96.591,null,null,null,null,null,null,null,null,null,null,null,null,null,null,null,null,null,null,null,null,null,278941634
TRND-Glioblastoma_LOPAC_U251-primary_screen2,NCGC00015844-13,activity,null,4,-7,4.604,CC1=C2NC(C=C3N=C(C=C4NC(=CC5=NC(=C2)C(C=C)=C5C)C(C=C)=C4C)C(C)=C3CCC([O-])=O)=C1CCC([O-])=O,null,null,null,null,null,P8293,SIGMA,2021_LOPAC_01,null,null,Protoporphyrin Ix disodium,null,4,null,null,null,10.045,4.5,4.504,0.635,0.628,null,null,null,null,null,null,11.5,null,null,14.649,4.604,39.256,46.51,null,null,null,null,null,null,null,null,null,KSFOVUSSGSKXFI,null,TRND,QbKJoiDfObhCmTvxUe,null,null,null,null,null,null,null,null,null,[NO STEREO] 553-12-8,null,null,null,0,4,0,null,null,173033,0 0 0 0,1,1,2025-06-17 16:13:51,null,null,null,null,null,null,null,364796319,activity,null,HTS,null,8.026,14.649,6.186,4.604,null,null,null,null,null,null,null,null,null,null,null,null,null,null,null,null,null,null,null,null,null,278941635
TRND-Glioblastoma_LOPAC_U251-primary_screen2,NCGC00024504-21,activity,null,4,0,-1.665,CC(=C)[C@H]1CN[C@@H]([C@H]1CC(O)=O)C(O)=O,null,null,null,null,null,K0250,SIGMA,2021_LOPAC_01,null,null,Kainic acid,null,4,null,null,null,9.703,0,null,null,null,null,null,null,null,null,null,0,null,null,7.39,-2.314,-2.811,null,null,null,null,null,null,null,null,null,null,VLSMHEGGTFMBBZ,null,TRND,hUnByoMpDivMaLuTXb,null,null,null,null,H2O,null,null,null,null,487-79-6,null,null,null,0,4,null,null,null,173033,null,1,1,2025-06-17 16:13:51,null,null,null,null,null,null,null,364796363,activity,null,HTS,null,-1.976,7.39,-2.314,-1.665,null,null,null,null,null,null,null,null,null,null,null,null,null,null,null,null,null,null,null,null,null,278941636
TRND-Glioblastoma_LOPAC_U251-primary_screen2,NCGC00015542-20,activity,null,4,0,0.123,CC(C)C(=O)C1=C2C=CC=CN2N=C1C(C)C,null,null,null,null,null,I0157,SIGMA,2021_LOPAC_01,null,null,Ibudilast,null,4,null,null,null,8.415,0,null,null,null,null,null,null,null,null,null,0,null,null,8.537,0.123,29.701,null,null,null,null,null,null,null,null,null,null,ZJVFLBOZORBYFE,null,TRND,GWGIEVoTnGieHEbRdk,null,null,null,null,null,null,null,null,null,50847-11-5,null,null,null,0,4,null,null,null,173033,null,1,1,2025-06-17 16:13:51,null,null,null,null,null,null,null,364797863,activity,null,HTS,null,8.537,5.932,2.572,0.123,null,null,null,null,null,null,null,null,null,null,null,null,null,null,null,null,null,null,null,null,null,278941637
TRND-Glioblastoma_LOPAC_U251-primary_screen2,NCGC00015410-17,activity,null,4,0,0.393,CCC1(CC2=C(O1)C=CC=C2)C3=NCCN3,null,null,null,null,null,E3263,SIGMA,2021_LOPAC_01,null,null,Efaroxan hydrochloride,null,4,null,null,null,9.839,0,null,null,null,null,null,null,null,null,null,0,null,null,10.232,0.393,33.037,null,null,null,null,null,null,null,null,null,null,RATZLMXRALDSJW,null,TRND,ONWpHWxsBJpIXvLcxD,null,null,null,null,CL,null,null,null,null,null,null,null,null,0,4,null,null,null,173033,null,1,1,2025-06-17 16:13:51,null,null,null,null,null,null,null,364798523,activity,null,HTS,null,10.232,3.384,2.959,0.393,null,null,null,null,null,null,null,null,null,null,null,null,null,null,null,null,null,null,null,null,null,278941638
TRND-Glioblastoma_LOPAC_U251-primary_screen2,NCGC00015652-08,activity,null,4,-11.192,-11.827,CCCOC(=O)C1=C(N=C(CC)C(C(=O)SCC)=C1CCC)C2=CC=CC=C2,null,null,null,null,null,M1809,SIGMA,2021_LOPAC_01,null,null,MRS 1523,null,4,null,null,null,12.263,-13.192,4.955,0.61,0.668,null,null,null,null,null,null,-2,null,null,0.436,-11.827,-9.798,-14.579,null,null,null,null,null,null,null,null,null,UUSHFEVEROROSP,null,TRND,INMcBfCzvGoJCNxIaV,null,null,null,null,null,null,null,null,null,null,null,null,null,0,4,0,null,null,173033,0 0 0 0,1,1,2025-06-17 16:13:51,null,null,null,null,null,null,null,364799519,activity,null,HTS,null,0.436,-6.985,0.128,-11.827,null,null,null,null,null,null,null,null,null,null,null,null,null,null,null,null,null,null,null,null,null,278941639
TRND-Glioblastoma_LOPAC_U251-primary_screen2,NCGC00015669-14,activity,null,4,0,-3.257,CN(CCCOC1=C(Cl)C=C(Cl)C=C1)CC#C,null,null,null,null,null,M3778,SIGMA,2021_LOPAC_01,null,null,Clorgyline hydrochloride,null,4,null,null,null,7.153,0,null,null,null,null,null,null,null,null,null,0,null,null,3.896,-3.257,10.792,null,null,null,null,null,null,null,null,null,null,BTFHLQRNAMSNLC,null,TRND,rsSNSXWlQtRnYoeroy,null,null,null,null,CL,null,null,null,null,17780-75-5,null,null,null,0,4,null,null,null,173033,null,1,1,2025-06-17 16:13:51,null,null,null,null,null,null,null,364797011,activity,null,HTS,null,3.896,2.796,-0.377,-3.257,null,null,null,null,null,null,null,null,null,null,null,null,null,null,null,null,null,null,null,null,null,278941640
TRND-Glioblastoma_LOPAC_U251-primary_screen2,NCGC00018185-30,activity,null,4,0,-2.607,COC1=CC=C(\C=C\C(=O)NC2=CC=CC=C2C(O)=O)C=C1OC,null,null,null,null,null,T0318,SIGMA,2021_LOPAC_01,null,null,Tranilast,null,4,null,null,null,7.214,0,null,null,null,null,null,null,null,null,null,0,null,null,4.607,-2.607,13.765,null,null,null,null,null,null,null,null,null,null,NZHGWWWHIYHZNX,null,TRND,yeQgSvznaYRkOtXEkU,null,Interleukin-10 Production Enhancer,null,null,null,null,null,null,null,53902-12-8,IL10,null,null,0,4,null,null,null,173033,null,1,1,2025-06-17 16:13:51,null,null,null,null,null,null,null,364800475,activity,null,HTS,null,4.607,3.249,0.112,-2.607,null,null,null,null,null,null,null,null,null,null,null,null,null,null,null,null,null,null,null,null,null,278941641
TRND-Glioblastoma_LOPAC_U251-primary_screen2,NCGC00016073-11,activity,null,4,0,8.692,CCCN(CCC)C1CC2=CC(OC)=C(OC)C=C2C1,null,null,null,null,null,U116,SIGMA,2021_LOPAC_01,null,null,U-99194A maleate,null,4,null,null,null,9.314,0,null,null,null,null,null,null,null,null,null,0,null,null,10.762,1.449,22.573,null,null,null,null,null,null,null,null,null,null,UOLJKAPABHXFRE,null,TRND,dLeZEZJTlsImRLMVGf,null,null,null,null,MALEATE,null,null,null,null,null,null,null,null,0,4,null,null,null,173033,null,1,1,2025-06-17 16:13:51,null,null,null,null,null,null,null,364796071,activity,null,HTS,null,3.413,10.762,1.449,8.692,null,null,null,null,null,null,null,null,null,null,null,null,null,null,null,null,null,null,null,null,null,278941642
TRND-Glioblastoma_LOPAC_U251-primary_screen2,NCGC00015923-10,activity,null,4,0,-6.544,CN1C=CC2=C1C=CC(NC(=O)NC3=CC(C)=NS3)=C2,null,null,null,null,null,S0693,SIGMA,2021_LOPAC_01,null,null,SB 204741,null,4,null,null,null,9.789,0,null,null,null,null,null,null,null,null,null,0,null,null,3.245,-6.544,5.281,null,null,null,null,null,null,null,null,null,null,USFUFHFQWXDVMH,null,TRND,ABadeRQgffjWhlPRXO,null,null,null,null,null,null,null,null,null,null,null,null,null,0,4,null,null,null,173033,null,1,1,2025-06-17 16:13:51,null,null,null,null,null,null,null,364796515,activity,null,HTS,null,3.245,-1.363,0.954,-6.544,null,null,null,null,null,null,null,null,null,null,null,null,null,null,null,null,null,null,null,null,null,278941643
TRND-Glioblastoma_LOPAC_U251-primary_screen2,NCGC00016010-19,activity,null,4,0,10.27,CC(C)(C)NCC(O)C1=CC(O)=CC(O)=C1,null,null,null,null,null,T2528,SIGMA,2021_LOPAC_01,null,null,Terbutaline hemisulfate,null,4,null,null,null,7.004,0,null,null,null,null,null,null,null,null,null,0,null,null,10.678,3.674,32.057,null,null,null,null,null,null,null,null,null,null,XWTYSIMOBUGWOL,null,TRND,eNggOlPRHcjTKkxMaV,null,null,null,null,H-SULFATE,null,null,null,null,23031-25-6,null,null,null,0,4,null,null,null,173033,null,1,1,2025-06-17 16:13:51,null,null,null,null,null,null,null,364796047,activity,null,HTS,null,5.99,3.674,10.678,10.27,null,null,null,null,null,null,null,null,null,null,null,null,null,null,null,null,null,null,null,null,null,278941644
TRND-Glioblastoma_LOPAC_U251-primary_screen2,NCGC00015851-18,activity,19.952623,-3,-97.606,-85.746,CNCCCC1C2=C(C=CC=C2)C=CC3=C1C=CC=C3,null,null,null,null,null,P8813,SIGMA,2021_LOPAC_01,-4.7,null,Protriptyline hydrochloride,null,-3,null,null,null,93.122,-92.606,4.955,0.091,0.995,null,null,null,null,null,null,5,null,null,7.376,-85.746,-34.105,-24.355,null,null,null,null,null,null,null,null,null,BWPIARFWQZKAIA,null,TRND,jRktSCvaWieDTrCEbk,null,null,null,null,CL,null,null,null,null,1225-55-4,null,null,null,0,4,0,null,null,173033,0 0 0 0,1,1,2025-06-17 16:13:51,null,null,null,null,null,null,null,364796335,activity,null,HTS,20.607541,0.422,6.643,7.376,-85.746,null,null,null,null,null,null,null,null,null,null,null,null,null,null,null,null,null,null,null,null,null,278941645
TRND-Glioblastoma_LOPAC_U251-primary_screen2,NCGC00095217-13,activity,19.952623,-3,-62.063,-57.929,OC1=CC=C2C(=O)C=C(OC2=C1O)C3=CC=CC=C3,null,null,null,null,null,D5446,SIGMA,2021_LOPAC_01,-4.7,null,"7,8-Dihydroxyflavone hydrate",null,-3,null,null,null,60.163,-62.563,4.955,0.117,0.991,null,null,null,null,null,null,-0.5,null,null,2.234,-57.929,-40.052,-32.775,null,null,null,null,null,null,null,null,null,COCYGNDCWFKTMF,null,TRND,ioNurjoEmdrSofylaQ,null,null,null,null,null,null,null,null,null,null,null,null,null,0,4,0,null,null,173033,0 0 0 0,1,1,2025-06-17 16:13:51,null,null,null,null,null,null,null,364797639,activity,null,HTS,26.367312,-4.082,2.234,0.238,-57.929,null,null,null,null,null,null,null,null,null,null,null,null,null,null,null,null,null,null,null,null,null,278941646
TRND-Glioblastoma_LOPAC_U251-primary_screen2,NCGC00093828-15,activity,null,4,0,9.922,[O-][N+](=O)C1=CC=C(C=C1)C2=NC(=C(N2)C3=CC=NC=C3)C4=CC=C(F)C=C4,null,null,null,null,null,P9248,SIGMA,2021_LOPAC_01,null,null,PD 169316,null,4,null,null,null,6.465,0,null,null,null,null,null,null,null,null,null,0,null,null,16.388,9.922,67.593,null,null,null,null,null,null,null,null,null,null,BGIYKDUASORTBB,null,TRND,bswNRrzEywXjPfFbOB,null,Mitogen-Activated Protein Kinase p38 inhibitor,null,null,null,null,null,null,null,152121-53-4,MAPK14,null,null,0,4,null,null,null,173033,null,1,1,2025-06-17 16:13:51,null,null,null,null,null,null,null,364795655,activity,null,HTS,null,16.388,13.088,11.085,9.922,null,null,null,null,null,null,null,null,null,null,null,null,null,null,null,null,null,null,null,null,null,278941647
TRND-Glioblastoma_LOPAC_U251-primary_screen2,NCGC00162100-08,activity,null,4,0,1.363,CN(C)CC[C@@H](C1=CC=C(Br)C=C1)C2=CC=CC=N2,null,null,null,null,null,B5275,SIGMA,2021_LOPAC_01,null,null,(+)-BRompheniramine maleate,null,4,null,null,null,9.578,0,null,null,null,null,null,null,null,null,null,0,null,null,1.363,-8.215,-14.063,null,null,null,null,null,null,null,null,null,null,ZDIGNSYAACHWNL,null,TRND,kvoTOjkosTrSwEhQXU,null,null,null,null,MALEATE,null,null,null,null,179403,null,null,null,0,4,null,null,null,173033,null,1,1,2025-06-17 16:13:51,null,null,null,null,null,null,null,364800295,activity,null,HTS,null,-3.171,-8.215,-0.34,1.363,null,null,null,null,null,null,null,null,null,null,null,null,null,null,null,null,null,null,null,null,null,278941648
TRND-Glioblastoma_LOPAC_U251-primary_screen2,NCGC00024928-52,activity,12.589254,-3,-100.988,-95.649,CC\C(C1=CC=CC=C1)=C(/C2=CC=CC=C2)C3=CC=C(OCCN(C)C)C=C3,null,null,null,null,null,T9262,SIGMA,2021_LOPAC_01,-4.9,null,Tamoxifen citrate,null,-3,null,null,null,102.113,-96.988,4.504,0.046,0.999,null,null,null,null,null,null,4,null,null,6.464,-95.649,-40.637,-37.46,null,null,null,null,null,null,null,null,null,NKANXQFJJICGDU,null,TRND,kCkWkFeXIlyUQEjUcn,null,Selective Estrogen Receptor modulator (SERM),null,null,TRICARBOACID,null,null,null,null,54965-24-1,ESR1,null,null,0,4,0,null,null,173033,0 0 0 0,1,1,2025-06-17 16:13:51,null,null,null,null,null,null,null,364796007,activity,null,HTS,12.764088,2.207,6.464,-1.426,-95.649,null,null,null,null,null,null,null,null,null,null,null,null,null,null,null,null,null,null,null,null,null,278941649
TRND-Glioblastoma_LOPAC_U251-primary_screen2,NCGC00481105-03,activity,null,4,0,6.134,CC(=O)C1=C(C)N(C(=O)N[C@@H]1C2=CN=C(C=C2)C#N)C3=CC=CC(=C3)C(F)(F)F,null,null,null,null,null,SML1563,SIGMA,2021_LOPAC_01,null,null,BAY-678 ,null,4,null,null,null,4.784,0,null,null,null,null,null,null,null,null,null,0,null,null,8.237,3.453,23.145,null,null,null,null,null,null,null,null,null,null,PGIVGIFOWOVINL,null,TRND,iNigHxhpEgVOMNxoqG,null,Neutrophil Elastase inhibitor,null,null,null,null,null,null,null,null,ELANE,null,null,0,4,null,null,null,173033,null,1,1,2025-06-17 16:13:51,null,null,null,null,null,null,null,364799139,activity,null,HTS,null,3.453,8.237,6.55,6.134,null,null,null,null,null,null,null,null,null,null,null,null,null,null,null,null,null,null,null,null,null,278941650
TRND-Glioblastoma_LOPAC_U251-primary_screen2,NCGC00015379-10,activity,null,4,10.219,9.97,NC(=O)COC1=C(F)C=C(SCCN[S+]([O-])(=O)C2=CC=CC=C2)C=C1F,null,null,null,null,null,D8941,SIGMA,2021_LOPAC_01,null,null,"2,6-Difluoro-4-[2-(phenylsulfonylamino)ethylthio]phenoxyacetamide",null,4,null,null,null,10.569,10,4.955,0.109,0.993,null,null,null,null,null,null,-0.219,null,null,9.97,-0.599,4.178,4.824,null,null,null,null,null,null,null,null,null,WLZUCAKZZVXXEB,null,TRND,iEJrfOZoFEsxZBcudm,null,null,null,null,null,null,null,null,null,null,null,null,null,0,4,0,null,null,173033,0 0 0 0,1,1,2025-06-17 16:13:51,null,null,null,null,null,null,null,364800271,activity,null,HTS,null,-0.599,0.41,0.446,9.97,null,null,null,null,null,null,null,null,null,null,null,null,null,null,null,null,null,null,null,null,null,278941651
TRND-Glioblastoma_LOPAC_U251-primary_screen2,NCGC00094374-16,activity,11.220185,-3,-39.524,-31.687,CC[C@H](CO)NC1=NC(NCC2=CC=CC=C2)=C3N=CN(C(C)C)C3=N1,null,null,null,null,null,R7772,SIGMA,2021_LOPAC_01,-4.95,null,Roscovitine,null,-3,null,null,null,37.838,-34.024,2.638,0.035,0.999,null,null,null,null,null,null,5.5,null,null,6.151,-31.687,1.983,0.486,null,null,null,null,null,null,null,null,null,BTIHMVBBUGXLCJ,null,TRND,EgNLJLCwUeSienCGhf,null,Cyclin-Dependent Kinase 9 inhibitor,null,null,null,null,null,null,null,186692-46-6,CDK9,null,null,0,4,0,null,null,173033,0 0 0 0,1,1,2025-06-17 16:13:51,null,null,null,null,null,null,null,364795875,activity,null,HTS,null,6.151,4.895,-2.646,-31.687,null,null,null,null,null,null,null,null,null,null,null,null,null,null,null,null,null,null,null,null,null,278941652
TRND-Glioblastoma_LOPAC_U251-primary_screen2,NCGC00015027-06,activity,null,4,0,-5.375,CC(C)(C)C1=C(CC([NH3+])C([O-])=O)C(O)=NO1,null,null,null,null,null,A263,SIGMA,2021_LOPAC_01,null,null,ATPA,null,4,null,null,null,8.127,0,null,null,null,null,null,null,null,null,null,0,null,null,2.752,-5.375,4.182,null,null,null,null,null,null,null,null,null,null,PIXJURSCCVBKRF,null,TRND,UGwifnQDkwFTSbnaIZ,null,null,null,null,null,null,null,null,null,null,null,null,null,0,4,null,null,null,173033,null,1,1,2025-06-17 16:13:51,null,null,null,null,null,null,null,364798815,activity,null,HTS,null,2.537,2.752,-2.798,-5.375,null,null,null,null,null,null,null,null,null,null,null,null,null,null,null,null,null,null,null,null,null,278941653
TRND-Glioblastoma_LOPAC_U251-primary_screen2,NCGC00590154-02,activity,19.952623,-3,-39.496,-37.497,OC(=O)CCC1=CC=C(N1C2=CC=CC=C2C(F)(F)F)C3=CC=C(Br)C=C3,null,null,null,null,null,SML2186,SIGMA,2021_LOPAC_01,-4.7,null,Poloppin,null,-3,null,null,null,38.102,-40.496,4.955,0.101,0.994,null,null,null,null,null,null,-1,null,null,0.605,-37.497,-23.226,-24.061,null,null,null,null,null,null,null,null,null,OCUKOJUZSNFVFQ,null,TRND,SJWxZKqtPiVrrbIWzw,null,null,null,null,null,null,null,null,null,null,null,null,null,0,4,0,null,null,173033,0 0 0 0,1,1,2025-06-17 16:13:51,null,null,null,null,null,null,null,364795555,activity,null,HTS,null,-0.724,-2.76,0.605,-37.497,null,null,null,null,null,null,null,null,null,null,null,null,null,null,null,null,null,null,null,null,null,278941654
TRND-Glioblastoma_LOPAC_U251-primary_screen2,NCGC00015084-08,activity,null,4,0,4.516,NC(=N)C1=CC=C(N)C=C1,null,null,null,null,null,A7148,SIGMA,2021_LOPAC_01,null,null,4-Aminobenzamidine dihydrochloride,null,4,null,null,null,5.582,0,null,null,null,null,null,null,null,null,null,0,null,null,4.516,-1.065,0.965,null,null,null,null,null,null,null,null,null,null,WPANETAWYGDRLL,null,TRND,dReEGvIiFCmxSdykvj,null,null,null,null,CL,null,null,null,null,null,null,null,null,0,4,null,null,null,173033,null,1,1,2025-06-17 16:13:51,null,null,null,null,null,null,null,364799463,activity,null,HTS,null,-1.065,2.635,-0.422,4.516,null,null,null,null,null,null,null,null,null,null,null,null,null,null,null,null,null,null,null,null,null,278941655
TRND-Glioblastoma_LOPAC_U251-primary_screen2,NCGC00178854-19,activity,null,4,0,-2.251,CN(C)[C@H]1[C@@H]2C[C@@H]3Cc4c(ccc(O)c4C(=O)C3=C(O)[C@]2(O)C(=O)C(C(N)=O)=C1O)N(C)C,null,null,null,null,null,M9511,SIGMA,2021_LOPAC_01,null,null,Minocycline hydrochloride,null,4,null,null,null,2.891,0,null,null,null,null,null,null,null,null,null,0,null,null,0.64,-2.251,-0.767,null,null,null,null,null,null,null,null,null,null,DYKFCLLONBREIL,null,TRND,kVDQfyOeDHLisdmFjF,null,null,null,null,CL,null,null,null,null,null,null,null,null,0,4,null,null,null,173033,null,1,1,2025-06-17 16:13:51,null,null,null,null,null,null,null,364795979,activity,null,HTS,null,0.64,-0.595,-1.352,-2.251,null,null,null,null,null,null,null,null,null,null,null,null,null,null,null,null,null,null,null,null,null,278941656
TRND-Glioblastoma_LOPAC_U251-primary_screen2,NCGC00016102-11,activity,null,4,-18.15,11.651,COC1=C(OC)C=C(CCN(C)CCC2=CC(OC)=C(OC)C=C2)C=C1,null,null,null,null,null,Y101,SIGMA,2021_LOPAC_01,null,null,YS-035 hydrochloride,null,4,null,null,null,23.027,-13.65,4.955,1,0.938,null,null,null,null,null,null,4.5,null,null,11.651,-11.375,-2.931,0.412,null,null,null,null,null,null,null,null,null,OXZMQFKVNVQMLI,null,TRND,maEOjFhCLoAtmXSjEX,null,null,null,null,CL,null,null,null,null,null,null,null,null,0,4,1,null,null,173033,0 0 0 1,1,1,2025-06-17 16:13:51,null,null,null,null,null,null,null,364796759,activity,null,HTS,null,2.226,6.907,-11.375,11.651,null,null,null,null,null,null,null,null,null,null,null,null,null,null,null,null,null,null,null,null,null,278941657
TRND-Glioblastoma_LOPAC_U251-primary_screen2,NCGC00014483-26,activity,19.952623,-3,-48.056,-36.695,CNCCC=C1C2=C(CCC3=C1C=CC=C3)C=CC=C2,null,null,null,null,null,N7261,SIGMA,2021_LOPAC_01,-4.7,null,Nortriptyline hydrochloride,null,-3,null,null,null,49.561,-40.056,4.955,0.245,0.961,null,null,null,null,null,null,8,null,null,12.866,-36.695,23.614,14.033,null,null,null,null,null,null,null,null,null,PHVGLTMQBUFIQQ,null,TRND,jRktSCBasJVqBfsLoq,null,null,null,null,CL,null,null,null,null,894-71-3,null,null,null,0,4,0,null,null,173033,0 0 0 0,1,1,2025-06-17 16:13:51,null,null,null,null,null,null,null,364799911,activity,null,HTS,null,12.866,2.014,8.281,-36.695,null,null,null,null,null,null,null,null,null,null,null,null,null,null,null,null,null,null,null,null,null,278941658
TRND-Glioblastoma_LOPAC_U251-primary_screen2,NCGC00015564-07,activity,null,4,-11.761,-5.634,NC1=NC2=C(N=CC(=O)N2)C(=O)N1,null,null,null,null,null,I7388,SIGMA,2021_LOPAC_01,null,null,Isoxanthopterin,null,4,null,null,null,14.574,-7.761,4.955,0.613,0.663,null,null,null,null,null,null,4,null,null,8.94,-5.634,12.578,13.828,null,null,null,null,null,null,null,null,null,GLKCOBIIZKYKFN,null,TRND,iFKYjhQvyDuNrkQmey,null,null,null,null,null,null,null,null,null,null,null,null,null,0,4,0,null,null,173033,0 0 0 0,1,1,2025-06-17 16:13:51,null,null,null,null,null,null,null,364800135,activity,null,HTS,null,3.216,0.518,8.94,-5.634,null,null,null,null,null,null,null,null,null,null,null,null,null,null,null,null,null,null,null,null,null,278941659
TRND-Glioblastoma_LOPAC_U251-primary_screen2,NCGC00025229-14,activity,null,4,0,0.294,CC1CCN(CC[C@H]2CCCN2[S+]([O-])(=O)C3=CC=CC(O)=C3)CC1,null,null,null,null,null,S7389,SIGMA,2021_LOPAC_01,null,null,SB 269970 hydrochloride,null,4,null,null,null,3.173,0,null,null,null,null,null,null,null,null,null,0,null,null,3.467,0.294,12.351,null,null,null,null,null,null,null,null,null,null,ADASQKFWVCVYSW,null,TRND,ZCMZembWBqUIATWkLJ,null,null,null,null,CL,null,null,null,null,null,null,null,null,0,4,null,null,null,173033,null,1,1,2025-06-17 16:13:51,null,null,null,null,null,null,null,364796423,activity,null,HTS,null,3.168,3.467,1.405,0.294,null,null,null,null,null,null,null,null,null,null,null,null,null,null,null,null,null,null,null,null,null,278941660
TRND-Glioblastoma_LOPAC_U251-primary_screen2,NCGC00689831-01,activity,null,4,0,-2.263,[O-]S(=N)(=O)CC1=NOC2=CC=CC=C12,null,null,null,null,null,Z2001,SIGMA,2021_LOPAC_01,null,null,Zonisamide sodium,null,4,null,null,null,7.282,0,null,null,null,null,null,null,null,null,null,0,null,null,-2.263,-9.546,-25.86,null,null,null,null,null,null,null,null,null,null,UBQNRHZMVUUOMG,null,TRND,wVsdkwMJjDROBGJryG,null,null,null,null,null,null,null,null,null,null,null,null,null,0,4,null,null,null,173033,null,1,1,2025-06-17 16:13:51,null,null,null,null,null,null,null,364798675,activity,null,HTS,null,-5.237,-4.955,-9.546,-2.263,null,null,null,null,null,null,null,null,null,null,null,null,null,null,null,null,null,null,null,null,null,278941661
TRND-Glioblastoma_LOPAC_U251-primary_screen2,NCGC00163700-23,activity,0.019953,5,-29.928,-62.381,CC[C@]1(O)C[C@H]2CN(CCC3=C([NH]C4=C3C=CC=C4)[C@@](C2)(C(=O)OC)C5=CC6=C(C=C5OC)N(C=O)[C@H]7[C@](O)([C@H](OC(C)=O)[C@]8(CC)\C=C/CN9CC[C@]67[C@H]89)C(=O)OC)C1,null,null,null,null,null,V8879,SIGMA,2021_LOPAC_01,-7.7,null,Vincristine sulfate,null,-1.2,null,null,null,3.69,-71.858,0.1,0.282,0.954,null,null,null,null,null,null,-41.929,null,null,-58.691,-62.381,-280.282,-280.611,null,null,null,null,null,null,null,null,null,OGWKCGZFUXNPDA,null,TRND,nSTRTkRYRcuFXUouZr,null,Tubulin polymerization inhibitor,null,null,SULFURIC_ACID,null,null,null,null,[NO STEREO] 57-22-7,TUBB,null,null,0,4,0,null,null,173033,0 0 0 0,1,1,2025-06-17 16:13:51,null,null,null,null,null,null,null,364796087,activity,null,HTS,null,-58.691,-60.344,-60.693,-62.381,null,null,null,null,null,null,null,null,null,null,null,null,null,null,null,null,null,null,null,null,null,278941662
TRND-Glioblastoma_LOPAC_U251-primary_screen2,NCGC00094916-11,activity,null,4,-12.404,2.094,CC(C(O)=O)C1=CC=C(C=C1)C(=O)C2=CC=CS2,null,null,null,null,null,SML1495,SIGMA,2021_LOPAC_01,null,null,null,null,4,null,null,null,12.149,-4.904,4.504,1,0.999,null,null,null,null,null,null,7.5,null,null,7.229,-4.92,11.906,12.457,null,null,null,null,null,null,null,null,null,MDKGKXOCJGEUJW,null,TRND,qmhsGROtvpqKHAEspS,null,null,null,null,null,null,null,null,null,40828-46-4,null,null,null,0,4,1,null,null,173033,0 0 0 1,1,1,2025-06-17 16:13:51,null,null,null,null,null,null,null,364798979,activity,null,HTS,null,7.229,-3.048,-4.92,2.094,null,null,null,null,null,null,null,null,null,null,null,null,null,null,null,null,null,null,null,null,null,278941663
TRND-Glioblastoma_LOPAC_U251-primary_screen2,NCGC00016087-23,activity,null,4,0,12.132,NC(CCC(O)=O)C=C,null,null,null,null,null,V8261,SIGMA,2021_LOPAC_01,null,null,(±)-gamma-Vinyl GABA,null,4,null,null,null,8.207,0,null,null,null,null,null,null,null,null,null,0,null,null,12.132,3.925,29.403,null,null,null,null,null,null,null,null,null,null,PJDFLNIOAUIZSL,null,TRND,GsWziEUhQIPnQkJhkl,null,null,null,null,null,null,null,null,null,68506-86-5,null,null,null,0,4,null,null,null,173033,null,1,1,2025-06-17 16:13:51,null,null,null,null,null,null,null,364800547,activity,null,HTS,null,3.925,7.173,10.182,12.132,null,null,null,null,null,null,null,null,null,null,null,null,null,null,null,null,null,null,null,null,null,278941664
TRND-Glioblastoma_LOPAC_U251-primary_screen2,NCGC00090705-29,activity,null,4,-10.023,-5.436,NC1=NC(=O)N(C=C1)[C@H]2CC[C@@H](CO)O2,null,null,null,null,null,D5782,SIGMA,2021_LOPAC_01,null,null,"2 ,3 -dideoxycytidine",null,4,null,null,null,10.442,-7.523,4.955,0.543,0.762,null,null,null,null,null,null,2.5,null,null,5.007,-5.436,13.048,7.514,null,null,null,null,null,null,null,null,null,WREGKURFCTUGRC,null,TRND,qjKTHMVzHSqofrAzsP,null,null,null,null,null,null,null,null,null,7481-89-2,null,null,null,0,4,0,null,null,173033,0 0 0 0,1,1,2025-06-17 16:13:51,null,null,null,null,null,null,null,364797551,activity,null,HTS,null,5.007,-0.429,3.304,-5.436,null,null,null,null,null,null,null,null,null,null,null,null,null,null,null,null,null,null,null,null,null,278941665
TRND-Glioblastoma_LOPAC_U251-primary_screen2,NCGC00094213-05,activity,null,4,-8.877,3.01,[H][C@@]12CCC3C4CC[C@H](C(=O)CO)[C@@]4(C)CCC3[C@@]1(C)CC[C@@H](O)C2,null,null,null,null,null,P2016,SIGMA,2021_LOPAC_01,null,null,"3-alpha,21-Dihydroxy-5-alpha-pregnan-20-one",null,4,null,null,null,15.275,-0.377,4.955,0.634,0.627,null,null,null,null,null,null,8.5,null,null,11.627,-3.648,21.675,29.006,null,null,null,null,null,null,null,null,null,CYKYBWRSLLXBOW,null,TRND,JNlbXjalQArsJtBQFX,null,null,null,null,null,null,null,null,null,[NO STEREO] 567-03-3,null,null,null,0,4,0,null,null,173033,0 0 0 0,1,1,2025-06-17 16:13:51,null,null,null,null,null,null,null,364796707,activity,null,HTS,null,5.231,11.627,-3.648,3.01,null,null,null,null,null,null,null,null,null,null,null,null,null,null,null,null,null,null,null,null,null,278941666
TRND-Glioblastoma_LOPAC_U251-primary_screen2,NCGC00507760-02,activity,null,4,0,-0.755,CCCCCOC(=O)NC1=NC(=O)N(C=C1F)[C@@H]2O[C@H](C)C(O)[C@H]2O,null,null,null,null,null,SML0653,SIGMA,2021_LOPAC_01,null,null,Capecitabine,null,4,null,null,null,6.797,0,null,null,null,null,null,null,null,null,null,0,null,null,6.041,-0.755,21.508,null,null,null,null,null,null,null,null,null,null,GAGWJHPBXLXJQN,null,TRND,rsUprRotsfXxYcjUWy,null,null,null,null,null,null,null,null,null,[NO STEREO] 154361-50-9,null,null,null,0,4,null,null,null,173033,null,1,1,2025-06-17 16:13:51,null,null,null,null,null,null,null,364796411,activity,null,HTS,null,5.305,4.233,6.041,-0.755,null,null,null,null,null,null,null,null,null,null,null,null,null,null,null,null,null,null,null,null,null,278942177
TRND-Glioblastoma_LOPAC_U251-primary_screen2,NCGC00015191-24,activity,null,4,-16.362,-9.052,CN1C(C2=CC=C(Cl)C=C2)[S+]([O-])(=O)CCC1=O,null,null,null,null,null,C192,SIGMA,2021_LOPAC_01,null,null,Chlormezanone,null,4,null,null,null,12.42,-12.362,0.931,0.037,0.999,null,null,null,null,null,null,4,null,null,3.368,-9.052,2.97,3.06,null,null,null,null,null,null,null,null,null,WEQAYVWKMWHEJO,null,TRND,UnfDSsDjSgEmUrOulv,null,Gamma-aminobutyric acid receptor subunit alpha-1 modulator,null,null,null,null,null,null,null,80-77-3,GABRA1,null,null,0,4,0,null,null,173033,0 0 0 0,1,1,2025-06-17 16:13:51,null,null,null,null,null,null,null,364799355,activity,null,HTS,null,3.368,1.144,-3.457,-9.052,null,null,null,null,null,null,null,null,null,null,null,null,null,null,null,null,null,null,null,null,null,278942178
TRND-Glioblastoma_LOPAC_U251-primary_screen2,NCGC00499183-02,activity,1.778279,-2.4,-83.707,-79.578,CN1C2=C(SC=C2)C(=O)N(C)C3=CN=C(NC4=CC=C(C=C4)[S+](N)([O-])=O)N=C13,null,null,null,null,null,SML2233,SIGMA,2021_LOPAC_01,-5.75,null,xMU-MP-1 hydrochloride,null,-2.2,null,null,null,76.61,-81.269,1,0.21,0.972,null,null,null,null,null,null,2.438,null,null,-2.968,-79.578,-118.331,-131.885,null,null,null,null,null,null,null,null,null,SSSPGXNPWSVCTL,null,TRND,BvDtkQwQXOVTBbPJar,null,Serine/threonine-protein kinase 4 inhibitor,null,null,null,null,null,null,null,null,STK4,null,null,0,4,0,null,null,173033,0 0 0 0,1,1,2025-06-17 16:13:51,null,null,null,null,null,null,null,364797627,activity,null,HTS,2.843557,-2.968,-38.84,-58.801,-79.578,null,null,null,null,null,null,null,null,null,null,null,null,null,null,null,null,null,null,null,null,null,278942179
TRND-Glioblastoma_LOPAC_U251-primary_screen2,NCGC00015399-29,activity,null,4,0,10.538,CCC1=CC=CC2=C1NC3=C2CCOC3(CC)CC(O)=O,null,null,null,null,null,E0516,SIGMA,2021_LOPAC_01,null,null,Etodolac,null,4,null,null,null,9,0,null,null,null,null,null,null,null,null,null,0,null,null,10.538,1.538,27.809,null,null,null,null,null,null,null,null,null,null,NNYBQONXHNTVIJ,null,TRND,haiayBmJNJvdvInHnX,null,Prostaglandin G/h Synthase 2 inhibitor,null,null,null,null,null,null,null,41340-25-4,PTGS2,null,null,0,4,null,null,null,173033,null,1,1,2025-06-17 16:13:51,null,null,null,null,null,null,null,364800099,activity,null,HTS,null,6.357,1.538,5.083,10.538,null,null,null,null,null,null,null,null,null,null,null,null,null,null,null,null,null,null,null,null,null,278942180
TRND-Glioblastoma_LOPAC_U251-primary_screen2,NCGC00015349-13,activity,null,4,-14.97,-8.308,OC1=C(O)C2=C(C=CC(=O)O2)C=C1,null,null,null,null,null,D5564,SIGMA,2021_LOPAC_01,null,null,Daphnetin,null,4,null,null,null,22.763,-7.97,4.955,0.636,0.622,null,null,null,null,null,null,7,null,null,14.455,-8.308,2.387,17.692,null,null,null,null,null,null,null,null,null,ATEFPOUAMCWAQS,null,TRND,bWswtBAxYTqYnSDkPM,null,null,null,null,null,null,null,null,null,486-35-1,null,null,null,0,4,0,null,null,173033,0 0 0 0,1,1,2025-06-17 16:13:51,null,null,null,null,null,null,null,364795631,activity,null,HTS,null,-0.328,14.455,-3.486,-8.308,null,null,null,null,null,null,null,null,null,null,null,null,null,null,null,null,null,null,null,null,null,278942181
TRND-Glioblastoma_LOPAC_U251-primary_screen2,NCGC00015139-11,activity,null,4,0,-2.674,O=C1C=CC(=O)C=C1,null,null,null,null,null,B1266,SIGMA,2021_LOPAC_01,null,null,p-Benzoquinone,null,4,null,null,null,9.494,0,null,null,null,null,null,null,null,null,null,0,null,null,6.821,-2.674,22.461,null,null,null,null,null,null,null,null,null,null,AZQWKYJCGOJGHM,null,TRND,RpYLaSWPfoltOnLmug,null,null,null,null,null,null,null,null,null,106-51-4,null,null,null,0,4,null,null,null,173033,null,1,1,2025-06-17 16:13:51,null,null,null,null,null,null,null,364797555,activity,null,HTS,null,6.821,5.125,1.94,-2.674,null,null,null,null,null,null,null,null,null,null,null,null,null,null,null,null,null,null,null,null,null,278942182
TRND-Glioblastoma_LOPAC_U251-primary_screen2,NCGC00015554-16,activity,1.412538,-1.2,-37.967,-9.972,[O-][S+](=O)(N1CCCNCC1)C2=CC=CC3=C(I)C=CC=C23,null,null,null,null,null,I2764,SIGMA,2021_LOPAC_01,-5.85,null,ML-7,null,4,null,null,null,29.679,-11.967,0.964,0.019,1,null,null,null,null,null,null,26,null,null,19.706,-9.972,51.072,50.937,null,null,null,null,null,null,null,null,null,GEHJIACZUFWBTK,null,TRND,syWeVJozTqfMRdswmR,null,"Myosin Light Chain Kinase, smooth muscle inhibitor",null,null,CL,null,null,null,null,null,MYLK,null,null,0,4,0,null,null,173033,0 0 0 0,1,1,2025-06-17 16:13:51,null,null,null,null,null,null,null,364795803,activity,null,HTS,null,19.706,7.362,-5.033,-9.972,null,null,null,null,null,null,null,null,null,null,null,null,null,null,null,null,null,null,null,null,null,278942183
TRND-Glioblastoma_LOPAC_U251-primary_screen2,NCGC00162255-06,activity,10,-3,-35.949,-33.727,CC1=CC=CC=C1\C=C\C2=NCCN2,null,null,null,null,null,M5685,SIGMA,2021_LOPAC_01,-5,null,Metrazoline oxalate,null,-3,null,null,null,36.116,-33.949,4.955,0.018,1,null,null,null,null,null,null,2,null,null,2.388,-33.727,-12.247,-12.432,null,null,null,null,null,null,null,null,null,GFIPROCAVXFHHK,null,TRND,dhyvjpmgIgCjetGSjS,null,null,null,null,OXALIC_ACID,null,null,null,null,null,null,null,null,0,4,0,null,null,173033,0 0 0 0,1,1,2025-06-17 16:13:51,null,null,null,null,null,null,null,364799599,activity,null,HTS,null,1.971,2.388,-2.368,-33.727,null,null,null,null,null,null,null,null,null,null,null,null,null,null,null,null,null,null,null,null,null,278942184
TRND-Glioblastoma_LOPAC_U251-primary_screen2,NCGC00015827-18,activity,null,4,23.872,2.754,C1CCN2N=NN=C2CC1,null,null,null,null,null,P6500,SIGMA,2021_LOPAC_01,null,null,Pentylenetetrazole,null,4,null,null,null,23.009,16.5,2.588,1,1,null,null,null,null,null,null,-7.372,null,null,16.449,-6.56,8.256,7.868,null,null,null,null,null,null,null,null,null,CWRVKFFCRWGWCS,null,TRND,RXBaAfSAsogNDgWKXi,null,null,null,null,null,null,null,null,null,54-95-5,null,null,null,0,4,1,null,null,173033,0 0 0 1,1,1,2025-06-17 16:13:51,null,null,null,null,null,null,null,364799311,activity,null,HTS,null,-6.56,9.031,16.449,2.754,null,null,null,null,null,null,null,null,null,null,null,null,null,null,null,null,null,null,null,null,null,278942185
TRND-Glioblastoma_LOPAC_U251-primary_screen2,NCGC00015061-32,activity,null,4,14.731,8.171,NC1=NC2=C(N=CN2COCCO)C(=O)N1,null,null,null,null,null,A4669,SIGMA,2021_LOPAC_01,null,null,Acyclovir,null,4,null,null,null,18.355,8,4.955,0.655,0.586,null,null,null,null,null,null,-6.731,null,null,14.412,-3.942,4.775,4.726,null,null,null,null,null,null,null,null,null,MKUXAQIIEYXACX,null,TRND,yZxdrldrdnMxOxhUlP,null,null,null,null,null,null,null,null,null,59277-89-3,null,null,null,0,4,0,null,null,173033,0 0 0 0,1,1,2025-06-17 16:13:51,null,null,null,null,null,null,null,364797499,activity,null,HTS,null,-3.942,14.412,1.929,8.171,null,null,null,null,null,null,null,null,null,null,null,null,null,null,null,null,null,null,null,null,null,278942186
TRND-Glioblastoma_LOPAC_U251-primary_screen2,NCGC00094144-12,activity,null,4,0,0.336,C[C@](N)(CC1=CC=C(O)C=C1)C(O)=O,null,null,null,null,null,M8131,SIGMA,2021_LOPAC_01,null,null,L-alpha-Methyl-p-tyrosine,null,4,null,null,null,4.086,0,null,null,null,null,null,null,null,null,null,0,null,null,1.299,-2.787,-6.003,null,null,null,null,null,null,null,null,null,null,NHTGHBARYWONDQ,null,TRND,rGPLYmGLOIqExwWVAq,null,null,null,null,null,null,null,null,null,672-87-7,null,null,null,0,4,null,null,null,173033,null,1,1,2025-06-17 16:13:51,null,null,null,null,null,null,null,364796763,activity,null,HTS,null,-2.787,0.925,1.299,0.336,null,null,null,null,null,null,null,null,null,null,null,null,null,null,null,null,null,null,null,null,null,278942187
TRND-Glioblastoma_LOPAC_U251-primary_screen2,NCGC00690012-01,activity,null,4,0,9.974,FC1=CC=C(C=C1)C2=CC=C(NC3=NC(Cl)=NC(Cl)=N3)C=C2,null,null,null,null,null,SML2180,SIGMA,2021_LOPAC_01,null,null,KEA1-97,null,4,null,null,null,5.913,0,null,null,null,null,null,null,null,null,null,0,null,null,9.974,4.061,27.801,null,null,null,null,null,null,null,null,null,null,DUROVTLUQOYUPH,null,TRND,lCQVeqKilrbRPbpEJo,null,null,null,null,null,null,null,null,null,null,null,null,null,0,4,null,null,null,173033,null,1,1,2025-06-17 16:13:51,null,null,null,null,null,null,null,364796043,activity,null,HTS,null,5.616,4.061,5.912,9.974,null,null,null,null,null,null,null,null,null,null,null,null,null,null,null,null,null,null,null,null,null,278942188
TRND-Glioblastoma_LOPAC_U251-primary_screen2,NCGC00092384-09,activity,null,4,0,0.918,CN1CC(=O)N=C1NC(=O)NC2=CC(Cl)=CC=C2,null,null,null,null,null,F0430,SIGMA,2021_LOPAC_01,null,null,Fenobam,null,4,null,null,null,2.254,0,null,null,null,null,null,null,null,null,null,0,null,null,3.172,0.918,13.099,null,null,null,null,null,null,null,null,null,null,DWPQODZAOSWNHB,null,TRND,XRLIxshERzFedTNxHU,null,Glutamate receptor metabotropic 5 antagonist,null,null,null,null,null,null,null,57653-26-6,GRM5,null,null,0,4,null,null,null,173033,null,1,1,2025-06-17 16:13:51,null,null,null,null,null,null,null,364798535,activity,null,HTS,null,3.172,2.412,3.045,0.918,null,null,null,null,null,null,null,null,null,null,null,null,null,null,null,null,null,null,null,null,null,278942189
TRND-Glioblastoma_LOPAC_U251-primary_screen2,NCGC00017352-42,activity,1,-1.4,-22.599,-4.666,OC1=CC=C(\C=C\C2=CC(O)=CC(O)=C2)C=C1,null,null,null,null,null,R5010,SIGMA,2021_LOPAC_01,-6,null,Resveratrol,null,4,null,null,null,20.499,-4.599,1.714,0.015,1,null,null,null,null,null,null,18,null,null,15.833,-4.666,41.792,41.818,null,null,null,null,null,null,null,null,null,LUKBXSAWLPMMSZ,null,TRND,qUtWZvtohsfQbqGGit,null,NF-kappaB (NFKB) modulator,null,null,null,null,null,null,null,501-36-0,NFKB1,null,null,0,4,0,null,null,173033,0 0 0 0,1,1,2025-06-17 16:13:51,null,null,null,null,null,null,null,364800291,activity,null,HTS,null,15.833,4.097,-3.657,-4.666,null,null,null,null,null,null,null,null,null,null,null,null,null,null,null,null,null,null,null,null,null,278942190
TRND-Glioblastoma_LOPAC_U251-primary_screen2,NCGC00485098-03,activity,null,4,-13.701,-6.001,[H][C@](CO)(C(=O)O[C@@]1([H])C[C@@]2([H])C[C@]([H])(O)[C@@]([H])(C1)N2C)C3=CC=CC=C3,null,null,null,null,null,SML0252,SIGMA,2021_LOPAC_01,null,null,(+/-)-Anisodamine,null,4,null,null,null,18.902,-6.201,4.955,0.587,0.702,null,null,null,null,null,null,7.5,null,null,12.901,-6.001,9.712,21.329,null,null,null,null,null,null,null,null,null,WTQYWNWRJNXDEG,null,TRND,VxokVWPZsHDnUNLfoj,null,null,null,null,null,null,null,null,null,55869-99-3,null,null,null,0,4,0,null,null,173033,0 0 0 0,1,1,2025-06-17 16:13:51,null,null,null,null,null,null,null,364799443,activity,null,HTS,null,1.957,12.901,-2.261,-6.001,null,null,null,null,null,null,null,null,null,null,null,null,null,null,null,null,null,null,null,null,null,278942191
TRND-Glioblastoma_LOPAC_U251-primary_screen2,NCGC00025223-11,activity,11.220185,-3,-100.433,-94.675,CN[C@@H]1C[C@H](C2=CC=CC=C12)C3=CC(Cl)=C(Cl)C=C3,null,null,null,null,null,I119,SIGMA,2021_LOPAC_01,-4.95,null,Indatraline hydrochloride,null,-3,null,null,null,106.566,-95.433,4.504,0.14,0.988,null,null,null,null,null,null,5,null,null,11.891,-94.675,-48.059,-35.071,null,null,null,null,null,null,null,null,null,SVFXPTLYMIXFRX,null,TRND,OLNoiAZQNRoNSXhXqX,null,null,null,null,CL,null,null,null,null,null,null,null,null,0,4,0,null,null,173033,0 0 0 0,1,1,2025-06-17 16:13:51,null,null,null,null,null,null,null,364798251,activity,null,HTS,11.461355,-1.383,11.891,-3.949,-94.675,null,null,null,null,null,null,null,null,null,null,null,null,null,null,null,null,null,null,null,null,null,278942192
TRND-Glioblastoma_LOPAC_U251-primary_screen2,NCGC00167765-08,activity,22.387211,-3,-35.735,-31.446,CSC1=C(C=CC=C1)N2CCN(CCCCCC(=O)NC3CCCC4=CC=CC=C34)CC2,null,null,null,null,null,L9793,SIGMA,2021_LOPAC_01,-4.65,null,LP44,null,-3,null,null,null,32.944,-35.735,4.955,0.095,0.994,null,null,null,null,null,null,0,null,null,1.498,-31.446,-17.421,-16.543,null,null,null,null,null,null,null,null,null,JNBBJUHCODFLEG,null,TRND,GTCqcDxfJpzIiQcOhW,null,null,null,null,CL,null,null,null,null,null,null,null,null,0,4,0,null,null,173033,0 0 0 0,1,1,2025-06-17 16:13:51,null,null,null,null,null,null,null,364798607,activity,null,HTS,null,-0.386,-1.239,1.498,-31.446,null,null,null,null,null,null,null,null,null,null,null,null,null,null,null,null,null,null,null,null,null,278942193
TRND-Glioblastoma_LOPAC_U251-primary_screen2,NCGC00370742-07,activity,null,4,0,-6.505,FC1=C(COC2=CC=C3C=C(CC4SC(=O)NC4=O)C=CC3=C2)C=CC=C1,null,null,null,null,null,SML0896,SIGMA,2021_LOPAC_01,null,null,MCC-555 ,null,4,null,null,null,8.222,0,null,null,null,null,null,null,null,null,null,0,null,null,1.717,-6.505,-20.656,null,null,null,null,null,null,null,null,null,null,PKWDZWYVIHVNKS,null,TRND,TCDMdGNRKGOgWEaEiV,null,null,null,null,null,null,null,null,null,161600-01-7,null,null,null,0,4,null,null,null,173033,null,1,1,2025-06-17 16:13:51,null,null,null,null,null,null,null,364800007,activity,null,HTS,null,-6.272,-1.474,1.717,-6.505,null,null,null,null,null,null,null,null,null,null,null,null,null,null,null,null,null,null,null,null,null,278942194
TRND-Glioblastoma_LOPAC_U251-primary_screen2,NCGC00015160-10,activity,null,4,-10.005,1.745,NC(=N)C1=CC=CC=C1,null,null,null,null,null,B6506,SIGMA,2021_LOPAC_01,null,null,Benzamidine hydrochloride,null,4,null,null,null,11.556,0.495,3.627,0.308,0.937,null,null,null,null,null,null,10.5,null,null,10.302,-1.254,30.27,31.076,null,null,null,null,null,null,null,null,null,PXXJHWLDUBFPOL,null,TRND,OpBQWQhpuGunIjwwWj,null,null,null,null,CL,null,null,null,null,1670-14-0,null,null,null,0,4,0,null,null,173033,0 0 0 0,1,1,2025-06-17 16:13:51,null,null,null,null,null,null,null,364798391,activity,null,HTS,null,10.302,2.348,-1.254,1.745,null,null,null,null,null,null,null,null,null,null,null,null,null,null,null,null,null,null,null,null,null,278942195
TRND-Glioblastoma_LOPAC_U251-primary_screen2,NCGC00015907-09,activity,14.125375,-2.4,-45.636,-38.863,NC1=CC=C(CCN2CCN(CC2)C3=CC=CC(=C3)C(F)(F)F)C=C1,null,null,null,null,null,S009,SIGMA,2021_LOPAC_01,-4.85,null,PAPP,null,-2.2,null,null,null,42.143,-46.636,1.644,0.258,0.956,null,null,null,null,null,null,-1,null,null,3.279,-38.863,-23.488,-32.008,null,null,null,null,null,null,null,null,null,GAAKALASJNGQKD,null,TRND,ZlplUfuXUEclpzcWoN,null,null,null,null,null,null,null,null,null,1814-64-8,null,null,null,0,4,0,null,null,173033,0 0 0 0,1,1,2025-06-17 16:13:51,null,null,null,null,null,null,null,364796623,activity,null,HTS,null,3.279,-6.621,-10.77,-38.863,null,null,null,null,null,null,null,null,null,null,null,null,null,null,null,null,null,null,null,null,null,278942196
TRND-Glioblastoma_LOPAC_U251-primary_screen2,NCGC00018117-49,activity,null,4,-15.845,-0.704,CN1C2=C(NC=N2)C(=O)N(C)C1=O,null,null,null,null,null,T1633,SIGMA,2021_LOPAC_01,null,null,Theophylline,null,4,null,null,null,12.89,-2.845,0.8,0.209,0.972,null,null,null,null,null,null,13,null,null,12.186,-0.704,42.872,41.398,null,null,null,null,null,null,null,null,null,ZFXYFBGIUFBOJW,null,TRND,rjLBhBvErNyKcpHKNB,null,Adenosine Receptor A1 antagonist,null,null,null,null,null,null,null,null,ADORA1,null,null,0,4,0,null,null,173033,0 0 0 0,1,1,2025-06-17 16:13:51,null,null,null,null,null,null,null,364796671,activity,null,HTS,null,12.186,8.23,5.251,-0.704,null,null,null,null,null,null,null,null,null,null,null,null,null,null,null,null,null,null,null,null,null,278942197
TRND-Glioblastoma_LOPAC_U251-primary_screen2,NCGC00015802-35,activity,11.220185,-3,-98.256,-95.42,FC1=CC=C(C=C1)C(CCCN2CCC(CC2)N3C(=O)NC4=C3C=CC=C4)C5=CC=C(F)C=C5,null,null,null,null,null,P1793,SIGMA,2021_LOPAC_01,-4.95,null,Pimozide,null,-3,null,null,null,97.29,-96.756,4.095,0.008,1,null,null,null,null,null,null,1.5,null,null,1.87,-95.42,-51.488,-51.32,null,null,null,null,null,null,null,null,null,YVUQSNJEYSNKRX,null,TRND,gzNqoOfyPblEhmThfm,null,null,null,null,null,null,null,null,null,2062-78-4,null,null,null,0,4,0,null,null,173033,0 0 0 0,1,1,2025-06-17 16:13:51,null,null,null,null,null,null,null,364799887,activity,null,HTS,11.40552,1.256,1.87,-8.751,-95.42,null,null,null,null,null,null,null,null,null,null,null,null,null,null,null,null,null,null,null,null,null,278942198
TRND-Glioblastoma_LOPAC_U251-primary_screen2,NCGC00015211-09,activity,null,4,0,5.036,CC(C)(C)C1=CC(CC(C)(C)C=O)=CC(=C1O)C(C)(C)C,null,null,null,null,null,C0987,SIGMA,2021_LOPAC_01,null,null,CGP-13501,null,4,null,null,null,4.406,0,null,null,null,null,null,null,null,null,null,0,null,null,7.557,3.151,21.479,null,null,null,null,null,null,null,null,null,null,XGWATTXMMMANFJ,null,TRND,DeXPorPUwOgExRaErd,null,null,null,null,null,null,null,null,null,null,null,null,null,0,4,null,null,null,173033,null,1,1,2025-06-17 16:13:51,null,null,null,null,null,null,null,364796571,activity,null,HTS,null,3.151,7.557,6.872,5.036,null,null,null,null,null,null,null,null,null,null,null,null,null,null,null,null,null,null,null,null,null,278942199
TRND-Glioblastoma_LOPAC_U251-primary_screen2,NCGC00162169-05,activity,null,4,0,-3.814,[H][C@@]2(CNC(=O)C1=C(O)C(CC)=CC(Cl)=C1OC)CCN(CC)C2,null,null,null,null,null,E101,SIGMA,2021_LOPAC_01,null,null,S-(-)-Eticlopride hydrochloride,null,4,null,null,null,8.292,0,null,null,null,null,null,null,null,null,null,0,null,null,4.479,-3.814,11.704,null,null,null,null,null,null,null,null,null,null,RKXSQHTWNMDLJM,null,TRND,VqbwCiyWbIxSlsnGgk,null,null,null,null,CL,null,null,null,null,null,null,null,null,0,4,null,null,null,173033,null,1,1,2025-06-17 16:13:51,null,null,null,null,null,null,null,364795855,activity,null,HTS,null,2.784,4.479,4.081,-3.814,null,null,null,null,null,null,null,null,null,null,null,null,null,null,null,null,null,null,null,null,null,278942200
TRND-Glioblastoma_LOPAC_U251-primary_screen2,NCGC00015305-07,activity,null,4,0,1.634,CCCN1C2=C(N(C)C=N2)C(=O)N(CCC)C1=O,null,null,null,null,null,D108,SIGMA,2021_LOPAC_01,null,null,"1,3-Dipropyl-7-methylxanthine",null,4,null,null,null,9.476,0,null,null,null,null,null,null,null,null,null,0,null,null,11.025,1.549,40.208,null,null,null,null,null,null,null,null,null,null,QVAYTZAGDQIWMB,null,TRND,TMfYeLdSNlQlvwiHeC,null,null,null,null,null,null,null,null,null,null,null,null,null,0,4,null,null,null,173033,null,1,1,2025-06-17 16:13:51,null,null,null,null,null,null,null,364796231,activity,null,HTS,null,11.025,10.973,1.549,1.634,null,null,null,null,null,null,null,null,null,null,null,null,null,null,null,null,null,null,null,null,null,278942201
TRND-Glioblastoma_LOPAC_U251-primary_screen2,NCGC00164561-12,activity,null,4,0,3.59,[H][C@@](O)(CO)[C@@]([H])(O)[C@]1([H])OC(=C[C@]([H])(NC(N)=N)[C@@]1([H])NC(C)=O)C(O)=O,null,null,null,null,null,SML0492,SIGMA,2021_LOPAC_01,null,null,Zanamivir,null,4,null,null,null,1.683,0,null,null,null,null,null,null,null,null,null,0,null,null,5.07,3.387,20.151,null,null,null,null,null,null,null,null,null,null,ARAIBEBZBOPLMB,null,TRND,gKBHndOQmfARInabGP,null,null,null,null,null,null,null,null,null,139110-80-8,null,null,null,0,4,null,null,null,173033,null,1,1,2025-06-17 16:13:51,null,null,null,null,null,null,null,364795963,activity,null,HTS,null,4.45,3.387,5.07,3.59,null,null,null,null,null,null,null,null,null,null,null,null,null,null,null,null,null,null,null,null,null,278942202
TRND-Glioblastoma_LOPAC_U251-primary_screen2,NCGC00015616-07,activity,null,4,-19.281,-10.234,C(N1CCC2(CCCC3=C2C=CC=C3)CC1)C4=CC=CC=C4,null,null,null,null,null,L8539,SIGMA,2021_LOPAC_01,null,null,"L-687,384 hydrochloride",null,4,null,null,null,15.077,-14.281,0.81,0.28,0.949,null,null,null,null,null,null,5,null,null,4.843,-10.234,6.101,3.726,null,null,null,null,null,null,null,null,null,MLDCBJPLHBPJET,null,TRND,HbHPDHJQLhbQnuRWzv,null,null,null,null,CL,null,null,null,null,null,null,null,null,0,4,0,null,null,173033,0 0 0 0,1,1,2025-06-17 16:13:51,null,null,null,null,null,null,null,364800247,activity,null,HTS,null,4.843,-0.301,-2.502,-10.234,null,null,null,null,null,null,null,null,null,null,null,null,null,null,null,null,null,null,null,null,null,278942203
TRND-Glioblastoma_LOPAC_U251-primary_screen2,NCGC00015865-13,activity,null,4,-13.571,7.394,OC(=O)C1=C(N=CC=C1)C(O)=O,null,null,null,null,null,P63204,SIGMA,2021_LOPAC_01,null,null,Quinolinic acid,null,4,null,null,null,16.203,-10.571,2.952,1,0.999,null,null,null,null,null,null,3,null,null,7.394,-8.81,-0.217,-1.758,null,null,null,null,null,null,null,null,null,GJAWHXHKYYXBSV,null,TRND,RIqVIDsRqakmACKnGJ,null,null,null,null,null,null,null,null,null,89-00-9,null,null,null,0,4,1,null,null,173033,0 0 0 1,1,1,2025-06-17 16:13:51,null,null,null,null,null,null,null,364797055,activity,null,HTS,null,3.248,2.234,-8.81,7.394,null,null,null,null,null,null,null,null,null,null,null,null,null,null,null,null,null,null,null,null,null,278942204
TRND-Glioblastoma_LOPAC_U251-primary_screen2,NCGC00015381-07,activity,null,4,0,-5.604,OC(=O)CC1=CC(O)=C(O)C=C1,null,null,null,null,null,D9128,SIGMA,2021_LOPAC_01,null,null,"3,4-Dihydroxyphenylacetic acid",null,4,null,null,null,8.507,0,null,null,null,null,null,null,null,null,null,0,null,null,2.903,-5.604,4.792,null,null,null,null,null,null,null,null,null,null,CFFZDZCDUFSOFZ,null,TRND,aOScWryFjJkuNKUNFf,null,null,null,null,null,null,null,null,null,102-32-9,null,null,null,0,4,null,null,null,173033,null,1,1,2025-06-17 16:13:51,null,null,null,null,null,null,null,364796183,activity,null,HTS,null,2.903,-1.844,1.39,-5.604,null,null,null,null,null,null,null,null,null,null,null,null,null,null,null,null,null,null,null,null,null,278942205
TRND-Glioblastoma_LOPAC_U251-primary_screen2,NCGC00162286-04,activity,null,4,17.931,16.978,NC(=O)C1=CN(C=CC1)C2OC(COP([O-])(=O)OP([O-])(=O)OC[C@H]3O[C@H]([C@H](OP([O-])([O-])=O)C3O)N4C=NC5=C4N=CN=C5N)C(O)C2O,null,null,null,null,null,N7505,SIGMA,2021_LOPAC_01,null,null,NADPH tetrasodium,null,4,null,null,null,20.254,17,4.504,0.266,0.954,null,null,null,null,null,null,-0.931,null,null,16.978,-3.275,21.545,15.875,null,null,null,null,null,null,null,null,null,ACFIXJIJDZMPPO,null,TRND,sFyAbSdrJGclBQCBLE,null,null,null,null,SODIUM,null,null,null,null,null,null,null,null,0,4,0,null,null,173033,0 0 0 0,1,1,2025-06-17 16:13:51,null,null,null,null,null,null,null,364800551,activity,null,HTS,null,1.773,-3.275,14.285,16.978,null,null,null,null,null,null,null,null,null,null,null,null,null,null,null,null,null,null,null,null,null,278942206
TRND-Glioblastoma_LOPAC_U251-primary_screen2,NCGC00025073-10,activity,11.220185,-3,-86.309,-76.148,NC(=N)SCCC1=CC=C(OCC2=CC=C(C=C2)[N+]([O-])=O)C=C1,null,null,null,null,null,K4144,SIGMA,2021_LOPAC_01,-4.95,null,KB-R7493,null,-3,null,null,null,88.314,-77.309,4.095,0.084,0.996,null,null,null,null,null,null,9,null,null,12.166,-76.148,-16.099,-8.981,null,null,null,null,null,null,null,null,null,UMJUNUMSJDTYTM,null,TRND,zcUtZdFZrgxtrTsKDs,null,null,null,null,SULFONICACID_V1,null,null,null,null,null,null,null,null,0,4,0,null,null,173033,0 0 0 0,1,1,2025-06-17 16:13:51,null,null,null,null,null,null,null,364797343,activity,null,HTS,13.006031,5.496,12.166,0.252,-76.148,null,null,null,null,null,null,null,null,null,null,null,null,null,null,null,null,null,null,null,null,null,278942207
TRND-Glioblastoma_LOPAC_U251-primary_screen2,NCGC00015021-07,activity,null,4,0,7.471,O=C1NC(=O)C2=C(N1)N=C3C=CC=CC3=N2,null,null,null,null,null,A242,SIGMA,2021_LOPAC_01,null,null,Alloxazine,null,4,null,null,null,5.735,0,null,null,null,null,null,null,null,null,null,0,null,null,10.261,4.526,27.558,null,null,null,null,null,null,null,null,null,null,HAUGRYOERYOXHX,null,TRND,CBynwuxmOALyFxGypN,null,null,null,null,null,null,null,null,null,null,null,null,null,0,4,null,null,null,173033,null,1,1,2025-06-17 16:13:51,null,null,null,null,null,null,null,364800079,activity,null,HTS,null,4.526,5.571,10.261,7.471,null,null,null,null,null,null,null,null,null,null,null,null,null,null,null,null,null,null,null,null,null,278942208
TRND-Glioblastoma_LOPAC_U251-primary_screen2,NCGC00025228-20,activity,null,4,-18.164,-6.393,CC(=O)C1=C(O)C(CC2=C(O)C(C(=O)\C=C\C3=CC=CC=C3)=C4OC(C)(C)C=CC4=C2O)=C(O)C(C)=C1O,null,null,null,null,null,R5648,SIGMA,2021_LOPAC_01,null,null,Rottlerin,null,4,null,null,null,20.029,-4.164,4.955,0.702,0.475,null,null,null,null,null,null,14,null,null,8.642,-11.387,16.096,15.636,null,null,null,null,null,null,null,null,null,DEZFNHCVIZBHBI,null,TRND,xHvvraKCvGryQwiWnp,null,null,null,null,null,null,null,null,null,82-08-6,null,null,null,0,4,0,null,null,173033,0 0 0 0,1,1,2025-06-17 16:13:51,null,null,null,null,null,null,null,364796311,activity,null,HTS,null,8.642,-11.387,4.904,-6.393,null,null,null,null,null,null,null,null,null,null,null,null,null,null,null,null,null,null,null,null,null,278942209
TRND-Glioblastoma_LOPAC_U251-primary_screen2,NCGC00015755-14,activity,null,4,0,2.85,CC1=NC(N)=C(CNC(=O)N(CCCl)N=O)C=N1,null,null,null,null,null,N8659,SIGMA,2021_LOPAC_01,null,null,Nimustine hydrochloride,null,4,null,null,null,3.757,0,null,null,null,null,null,null,null,null,null,0,null,null,3.143,-0.614,3.788,null,null,null,null,null,null,null,null,null,null,VFEDRRNHLBGPNN,null,TRND,GvNydEyVXSNKmofDAw,null,null,null,null,CL,null,null,null,null,42471-28-3,null,null,null,0,4,null,null,null,173033,null,1,1,2025-06-17 16:13:51,null,null,null,null,null,null,null,364796747,activity,null,HTS,null,-0.614,2.571,3.143,2.85,null,null,null,null,null,null,null,null,null,null,null,null,null,null,null,null,null,null,null,null,null,278942210
TRND-Glioblastoma_LOPAC_U251-primary_screen2,NCGC00186040-03,activity,null,4,12,0.53,N[C@@H]([C@H](CC1=CC=CC=C1)C(O)=O)C(O)=O,null,null,null,null,null,B6436,SIGMA,2021_LOPAC_01,null,null,L-Beta-threo-benzyl-aspartate,null,4,null,null,null,15.798,10.5,4.955,1,0.446,null,null,null,null,null,null,-1.5,null,null,16.328,0.53,23.137,26.083,null,null,null,null,null,null,null,null,null,KMVYGTIPJNGNRD,null,TRND,UDYnewxDEtNmJQSHvr,null,null,null,null,AMMONIA,null,null,null,null,null,null,null,null,0,4,1,null,null,173033,0 0 0 1,1,1,2025-06-17 16:13:51,null,null,null,null,null,null,null,364799179,activity,null,HTS,null,1.991,16.328,5.064,0.53,null,null,null,null,null,null,null,null,null,null,null,null,null,null,null,null,null,null,null,null,null,278941123
TRND-Glioblastoma_LOPAC_U251-primary_screen2,NCGC00024780-11,activity,null,4,0,8.366,CNC(=N)NCCC[C@H](N)C(O)=O,null,null,null,null,null,M7033,SIGMA,2021_LOPAC_01,null,null,NG-Monomethyl-L-arginine acetate,null,4,null,null,null,9.039,0,null,null,null,null,null,null,null,null,null,0,null,null,9.781,0.741,31.993,null,null,null,null,null,null,null,null,null,null,NTNWOCRCBQPEKQ,null,TRND,rJngPLGiYjIvFAMDuj,null,null,null,null,ACETIC-ACID,null,null,null,null,null,null,null,null,0,4,null,null,null,173033,null,1,1,2025-06-17 16:13:51,null,null,null,null,null,null,null,364797075,activity,null,HTS,null,7.294,9.781,0.741,8.366,null,null,null,null,null,null,null,null,null,null,null,null,null,null,null,null,null,null,null,null,null,278941124
TRND-Glioblastoma_LOPAC_U251-primary_screen2,NCGC00690009-01,activity,19.952623,5,87.103,11.091,CO[C@H]1CC[C@@H](O[C@H]2C[C@@H](O[C@]3(O[C@H](C[C@@H]3C)[C@H]4O[C@@](O)(CO)[C@H](C)C[C@@H]4C)[C@@H]2C)[C@]5(C)CC[C@]6(C[C@H](O)[C@@H](C)[C@H](O6)[C@@H](C)\C=C(/C)C(=O)[C@H](C)C[C@H](C)C(O)=O)O5)O[C@@H]1C,null,null,null,null,null,SML2251,SIGMA,2021_LOPAC_01,-4.7,null,Nanchangmycin,null,4,null,null,null,104.774,15.716,4.955,0.443,0.855,null,null,null,null,null,null,-71.387,null,null,11.091,-93.683,-255.166,-292.743,null,null,null,null,null,null,null,null,null,FELYAZAWTURXNF,null,TRND,BzqShWRHivMNpioVKA,null,null,null,null,null,null,null,null,null,null,null,null,null,0,4,0,null,null,173033,0 0 0 0,1,1,2025-06-17 16:13:51,null,null,null,null,null,null,null,364800511,activity,null,HTS,null,-53.787,-66.134,-93.683,11.091,null,null,null,null,null,null,null,null,null,null,null,null,null,null,null,null,null,null,null,null,null,278941125
TRND-Glioblastoma_LOPAC_U251-primary_screen2,NCGC00159330-11,activity,null,4,-8.837,-6.6,CN1C2=C(N(CC3OCCO3)C=N2)C(=O)N(C)C1=O,null,null,null,null,null,SML1522,SIGMA,2021_LOPAC_01,null,null,Doxofylline,null,4,null,null,null,13.637,-8.337,4.955,0.596,0.69,null,null,null,null,null,null,0.5,null,null,3.773,-9.864,-16.87,-8.409,null,null,null,null,null,null,null,null,null,HWXIGFIVGWUZAO,null,TRND,oLqHCDTNFOawFdtdkx,null,Adenosine Receptor A1 antagonist,null,null,null,null,null,null,null,69975-86-6,ADORA1,null,null,0,4,0,null,null,173033,0 0 0 0,1,1,2025-06-17 16:13:51,null,null,null,null,null,null,null,364799347,activity,null,HTS,null,-3.293,3.773,-9.864,-6.6,null,null,null,null,null,null,null,null,null,null,null,null,null,null,null,null,null,null,null,null,null,278941126
TRND-Glioblastoma_LOPAC_U251-primary_screen2,NCGC00386242-05,activity,1.584893,-1.4,-44.977,-49.259,CC(C)[C@@H]1N(C)C(=O)[C@@H](CC2=CC=CC=C2)NC(=O)[C@H](CC(O)=O)NC(=O)CNC(=O)[C@H](CCCNC(N)=N)NC1=O,null,null,null,null,null,SML1594,SIGMA,2021_LOPAC_01,-5.8,null,Cilengitide trifluoroacetic acid salt,null,-1.2,null,null,null,41.194,-50.656,1.826,0.069,0.997,null,null,null,null,null,null,-5.678,null,null,-8.065,-49.259,-99.912,-97.43,null,null,null,null,null,null,null,null,null,AMLYAMJWYAIXIA,null,TRND,OVjanevTLQftNOfqci,null,null,null,null,null,null,null,null,null,188968-51-6,null,null,null,0,4,0,null,null,173033,0 0 0 0,1,1,2025-06-17 16:13:51,null,null,null,null,null,null,null,364799779,activity,null,HTS,17.003057,-8.065,-25.15,-48.705,-49.259,null,null,null,null,null,null,null,null,null,null,null,null,null,null,null,null,null,null,null,null,null,278941127
TRND-Glioblastoma_LOPAC_U251-primary_screen2,NCGC00015692-19,activity,null,4,0,0.199,COC1=CC(C(O)C(C)N)=C(OC)C=C1,null,null,null,null,null,M6524,SIGMA,2021_LOPAC_01,null,null,Methoxamine hydrochloride,null,4,null,null,null,7.027,0,null,null,null,null,null,null,null,null,null,0,null,null,7.226,0.199,25.784,null,null,null,null,null,null,null,null,null,null,WJAJPNHVVFWKKL,null,TRND,THupDaKBhDWSXJGsLv,null,null,null,null,CL,null,null,null,null,[NO STEREO] 61-16-5,null,null,null,0,4,null,null,null,173033,null,1,1,2025-06-17 16:13:51,null,null,null,null,null,null,null,364798335,activity,null,HTS,null,6.25,4.695,7.226,0.199,null,null,null,null,null,null,null,null,null,null,null,null,null,null,null,null,null,null,null,null,null,278941128
TRND-Glioblastoma_LOPAC_U251-primary_screen2,NCGC00015353-06,activity,null,4,10.826,-1.372,FC1=CC=C(C=C1)C(C2=CC=C(F)C=C2)=C3CCN(CCN4C(=O)C5C=CC=CC5=NC4=S)CC3,null,null,null,null,null,D5794,SIGMA,2021_LOPAC_01,null,null,Diacylglycerol Kinase Inhibitor II,null,4,null,null,null,13.411,3.5,4.955,1,0.546,null,null,null,null,null,null,-7.326,null,null,8.139,-5.272,-10.36,-7.708,null,null,null,null,null,null,null,null,null,ITBAGYWFZWAHMB,null,TRND,CXKcRESDAjpUfXdhxi,null,null,null,null,null,null,null,null,null,null,null,null,null,0,4,1,null,null,173033,0 0 0 1,1,1,2025-06-17 16:13:51,null,null,null,null,null,null,null,364798191,activity,null,HTS,null,-5.272,8.139,-1.157,-1.372,null,null,null,null,null,null,null,null,null,null,null,null,null,null,null,null,null,null,null,null,null,278941129
TRND-Glioblastoma_LOPAC_U251-primary_screen2,NCGC00013724-25,activity,null,4,0,7.44,[H][C@](CO)(C(=O)OC1CC2C3OC3C(C1)[N+]2(C)C)C4=CC=CC=C4,null,null,null,null,null,S2250,SIGMA,2021_LOPAC_01,null,null,(-)-Scopolamine methyl nitrate,null,4,null,null,null,7.25,0,null,null,null,null,null,null,null,null,null,0,null,null,7.44,0.189,9.82,null,null,null,null,null,null,null,null,null,null,LZCOQTDXKCNBEE,null,TRND,GaNnplnWSKdBTtaEIp,null,null,null,null,NITRIC_ACID,null,null,null,null,[NO STEREO] 6106-46-3,null,null,null,0,4,null,null,null,173033,null,1,1,2025-06-17 16:13:51,null,null,null,null,null,null,null,364799571,activity,null,HTS,null,0.189,2.153,5.547,7.44,null,null,null,null,null,null,null,null,null,null,null,null,null,null,null,null,null,null,null,null,null,278941130
TRND-Glioblastoma_LOPAC_U251-primary_screen2,NCGC00021222-08,activity,null,4,12.5,12.182,C[C@]12CC[C@H]3[C@@H](CCC4=CC(=O)CC[C@]34C)[C@@H]1CC[C@]2(O)C(=O)CO,null,null,null,null,null,R0500,SIGMA,2021_LOPAC_01,null,null,Cortexolone,null,4,null,null,null,12,12.5,1.928,0.039,0.999,null,null,null,null,null,null,0,null,null,12.182,0.182,13.914,13.339,null,null,null,null,null,null,null,null,null,WHBHBVVOGNECLV,null,TRND,DcMcGhtnKvcAWeLyli,null,null,null,null,null,null,null,null,null,152-58-9,null,null,null,0,4,0,null,null,173033,0 0 0 0,1,1,2025-06-17 16:13:51,null,null,null,null,null,null,null,364800267,activity,null,HTS,null,0.182,1.224,8.796,12.182,null,null,null,null,null,null,null,null,null,null,null,null,null,null,null,null,null,null,null,null,null,278941131
TRND-Glioblastoma_LOPAC_U251-primary_screen2,NCGC00166414-25,activity,null,4,0,4.551,NC1=NC(=O)C2=C(NC=C2CCC3=CC=C(C=C3)C(=O)N[C@@H](CCC(O)=O)C(O)=O)N1,null,null,null,null,null,SML1490,SIGMA,2021_LOPAC_01,null,null,Pemetrexed disodium heptahydrate ,null,4,null,null,null,9.557,0,null,null,null,null,null,null,null,null,null,0,null,null,12.193,2.637,25.99,null,null,null,null,null,null,null,null,null,null,WBXPDJSOTKVWSJ,null,TRND,GCJUBlEOyaTRvAtUMC,null,Thymidylate Synthase inhibitor,null,null,SODIUM,null,null,null,null,null,TYMS,null,null,0,4,null,null,null,173033,null,1,1,2025-06-17 16:13:51,null,null,null,null,null,null,null,364799231,activity,null,HTS,null,4.768,12.193,2.637,4.551,null,null,null,null,null,null,null,null,null,null,null,null,null,null,null,null,null,null,null,null,null,278941132
TRND-Glioblastoma_LOPAC_U251-primary_screen2,NCGC00016092-16,activity,null,4,15.28,0.477,COC1=C(C=CC=C1)N2CCN(CCN(C(=O)C3CCCCC3)C4=CC=CC=N4)CC2,null,null,null,null,null,W108,SIGMA,2021_LOPAC_01,null,null,WAY-100635 maleate,null,4,null,null,null,12.683,8.5,1.449,1,1,null,null,null,null,null,null,-6.78,null,null,7.45,-5.233,-4.232,-3.247,null,null,null,null,null,null,null,null,null,SBPRIAGPYFYCRT,null,TRND,HeKHQIPcoAvQMghpWq,null,null,null,null,MALEATE,null,null,null,null,null,null,null,null,0,4,1,null,null,173033,0 0 0 1,1,1,2025-06-17 16:13:51,null,null,null,null,null,null,null,364797383,activity,null,HTS,null,-5.233,1.667,7.45,0.477,null,null,null,null,null,null,null,null,null,null,null,null,null,null,null,null,null,null,null,null,null,278941133
TRND-Glioblastoma_LOPAC_U251-primary_screen2,NCGC00015234-36,activity,null,4,0,4.441,NC(=O)N1C2=C(C=CC=C2)C=CC3=C1C=CC=C3,null,null,null,null,null,C4024,SIGMA,2021_LOPAC_01,null,null,Carbamazepine,null,4,null,null,null,7.435,0,null,null,null,null,null,null,null,null,null,0,null,null,4.797,-2.638,4.42,null,null,null,null,null,null,null,null,null,null,FFGPTBGBLSHEPO,null,TRND,FwlkbEzbTtOvRhbXwq,null,null,null,null,null,null,null,null,null,298-46-4,null,null,null,0,4,null,null,null,173033,null,1,1,2025-06-17 16:13:51,null,null,null,null,null,null,null,364799023,activity,null,HTS,null,0.207,-2.638,4.797,4.441,null,null,null,null,null,null,null,null,null,null,null,null,null,null,null,null,null,null,null,null,null,278941134
TRND-Glioblastoma_LOPAC_U251-primary_screen2,NCGC00023643-23,activity,null,4,0,-1.857,C[C@]12CC[C@H]3[C@@H](CCC4=CC(O)=CC=C34)[C@@H]1CCC2=O,null,null,null,null,null,E9750,SIGMA,2021_LOPAC_01,null,null,Estrone,null,4,null,null,null,8.247,0,null,null,null,null,null,null,null,null,null,0,null,null,6.39,-1.857,7.014,null,null,null,null,null,null,null,null,null,null,DNXHEGUUPJUMQT,null,TRND,ZdKidDsmAoqdDPuSpI,null,null,null,null,null,null,null,null,null,53-16-7|19973-76-3,null,null,null,0,4,null,null,null,173033,null,1,1,2025-06-17 16:13:51,null,null,null,null,null,null,null,364797759,activity,null,HTS,null,-0.151,6.39,5.641,-1.857,null,null,null,null,null,null,null,null,null,null,null,null,null,null,null,null,null,null,null,null,null,278941135
TRND-Glioblastoma_LOPAC_U251-primary_screen2,NCGC00015323-25,activity,null,4,13.642,0.551,C[N+](C)(C)CCCCCCCCCC[N+](C)(C)C,null,null,null,null,null,D1260,SIGMA,2021_LOPAC_01,null,null,Decamethonium dibromide,null,4,null,null,null,16.883,7.5,4.955,1,0.564,null,null,null,null,null,null,-6.142,null,null,13.431,-3.451,2.323,4.806,null,null,null,null,null,null,null,null,null,MTCUAOILFDZKCO,null,TRND,dzLyeceMigWPoCsLIl,null,null,null,null,BR,null,null,null,null,null,null,null,null,0,4,1,null,null,173033,0 0 0 1,1,1,2025-06-17 16:13:51,null,null,null,null,null,null,null,364799387,activity,null,HTS,null,-3.451,13.431,2.054,0.551,null,null,null,null,null,null,null,null,null,null,null,null,null,null,null,null,null,null,null,null,null,278941136
TRND-Glioblastoma_LOPAC_U251-primary_screen2,NCGC00022185-22,activity,8.912509,-2.4,-39.458,-27.465,CC(=O)[C@H]1CC[C@H]2[C@@H]3CCC4=CC(=O)CC[C@]4(C)[C@H]3CC[C@]12C,null,null,null,null,null,P0130,SIGMA,2021_LOPAC_01,-5.05,null,Progesterone,null,4,null,null,null,36.602,-30.458,1.967,0.013,1,null,null,null,null,null,null,9,null,null,9.138,-27.465,12.9,12.277,null,null,null,null,null,null,null,null,null,RJKFOVLPORLFTN,null,TRND,oPLeFVbJVJMrTNKScf,null,null,null,null,null,null,null,null,null,57-83-0,null,null,null,0,4,0,null,null,173033,0 0 0 0,1,1,2025-06-17 16:13:51,null,null,null,null,null,null,null,364796675,activity,null,HTS,null,9.138,8.1,-5.264,-27.465,null,null,null,null,null,null,null,null,null,null,null,null,null,null,null,null,null,null,null,null,null,278941137
TRND-Glioblastoma_LOPAC_U251-primary_screen2,NCGC00017366-17,activity,null,4,-14.798,1.382,[H][C@@]12CC3=CNC4=C3C(=CC=C4)[C@@]1([H])C[C@@H](CSC)CN2CCC,null,null,null,null,null,P8828,SIGMA,2021_LOPAC_01,null,null,Pergolide methanesulfonate,null,4,null,null,null,14.817,1.202,4.955,0.277,0.95,null,null,null,null,null,null,16,null,null,14.152,-0.665,41.586,41.756,null,null,null,null,null,null,null,null,null,YEHCICAEULNIGD,null,TRND,RQICglYWeRpCVMtpwO,null,null,null,null,null,null,null,null,null,66104-22-1,null,null,null,0,4,0,null,null,173033,0 0 0 0,1,1,2025-06-17 16:13:51,null,null,null,null,null,null,null,364796975,activity,null,HTS,null,14.152,-0.665,2.933,1.382,null,null,null,null,null,null,null,null,null,null,null,null,null,null,null,null,null,null,null,null,null,278941138
TRND-Glioblastoma_LOPAC_U251-primary_screen2,NCGC00015874-22,activity,2.818383,-1.1,-98.977,-94.857,CCN(CC)CCCC(C)NC1=C2C=C(OC)C=CC2=NC3=C1C=CC(Cl)=C3,null,null,null,null,null,Q3251,SIGMA,2021_LOPAC_01,-5.55,null,Quinacrine dihydrochloride,null,-1.1,null,null,null,99.513,-94.477,3.99,0.007,1,null,null,null,null,null,null,4.5,null,null,4.656,-94.857,-101.247,-101.255,null,null,null,null,null,null,null,null,null,GPKJTRJOBQGKQK,null,TRND,hlCwqRUZasqwkdZvHa,null,null,null,null,CL,null,null,null,null,null,null,null,null,0,4,0,null,null,173033,0 0 0 0,1,1,2025-06-17 16:13:51,null,null,null,null,null,null,null,364795791,activity,null,HTS,2.902285,4.656,-0.433,-91.525,-94.857,null,null,null,null,null,null,null,null,null,null,null,null,null,null,null,null,null,null,null,null,null,278941139
TRND-Glioblastoma_LOPAC_U251-primary_screen2,NCGC00015563-27,activity,null,4,0,-5.153,CN(C)CCCN1C2=C(CCC3=C1C=CC=C3)C=CC=C2,null,null,null,null,null,I7379,SIGMA,2021_LOPAC_01,null,null,Imipramine hydrochloride,null,4,null,null,null,5.729,0,null,null,null,null,null,null,null,null,null,0,null,null,0.576,-5.153,-8.489,null,null,null,null,null,null,null,null,null,null,BCGWQEUPMDMJNV,null,TRND,XlfbnRbDLlpuOewyqL,null,null,null,null,CL,null,null,null,null,113-52-0,null,null,null,0,4,null,null,null,173033,null,1,1,2025-06-17 16:13:51,null,null,null,null,null,null,null,364799495,activity,null,HTS,null,-1.971,-1.02,0.576,-5.153,null,null,null,null,null,null,null,null,null,null,null,null,null,null,null,null,null,null,null,null,null,278941140
TRND-Glioblastoma_LOPAC_U251-primary_screen2,NCGC00015810-30,activity,null,4,-20.547,-10.456,COC1=CC2=CC=NC(CC3=CC(OC)=C(OC)C=C3)=C2C=C1OC,null,null,null,null,null,P3510,SIGMA,2021_LOPAC_01,null,null,Papaverine hydrochloride,null,4,null,null,null,15.114,-13.547,0.6,0.489,0.818,null,null,null,null,null,null,7,null,null,4.659,-10.456,3.054,-0.461,null,null,null,null,null,null,null,null,null,XQYZDYMELSJDRZ,null,TRND,GtNeOsljrAbIwBeAwI,null,null,null,null,CL,null,null,null,null,61-25-6,null,null,null,0,4,0,null,null,173033,0 0 0 0,1,1,2025-06-17 16:13:51,null,null,null,null,null,null,null,364800543,activity,null,HTS,null,4.659,-3.708,-2.556,-10.456,null,null,null,null,null,null,null,null,null,null,null,null,null,null,null,null,null,null,null,null,null,278941141
TRND-Glioblastoma_LOPAC_U251-primary_screen2,NCGC00370774-08,activity,null,4,-22.149,-8.041,CC[C@H](NC(=O)C1=C(O)C(=NC2=CC=CC=C12)C3=CC=CC=C3)C4=CC=CC=C4,null,null,null,null,null,SML1165,SIGMA,2021_LOPAC_01,null,null,Talnetant,null,4,null,null,null,19.08,-10.649,1.1,0.058,0.998,null,null,null,null,null,null,11.5,null,null,11.039,-8.041,31.15,30.658,null,null,null,null,null,null,null,null,null,BIAVGWDGIJKWRM,null,TRND,ZorrRCdBkuNhPTcSvu,null,null,null,null,null,null,null,null,null,174636-32-9,null,null,null,0,4,0,null,null,173033,0 0 0 0,1,1,2025-06-17 16:13:51,null,null,null,null,null,null,null,364796555,activity,null,HTS,null,11.039,7.19,-0.404,-8.041,null,null,null,null,null,null,null,null,null,null,null,null,null,null,null,null,null,null,null,null,null,278941142
TRND-Glioblastoma_LOPAC_U251-primary_screen2,NCGC00015559-23,activity,null,4,0,-1.707,CC(C)CN1C2=C(N=CN2)C(=O)N(C)C1=O,null,null,null,null,null,I5879,SIGMA,2021_LOPAC_01,null,null,3-Isobutyl-1-methylxanthine,null,4,null,null,null,7.598,0,null,null,null,null,null,null,null,null,null,0,null,null,5.512,-2.086,-3.541,null,null,null,null,null,null,null,null,null,null,APIXJSLKIYYUKG,null,TRND,MCLFPvFeWznubaMfFP,null,null,null,null,null,null,null,null,null,28822-58-4,null,null,null,0,4,null,null,null,173033,null,1,1,2025-06-17 16:13:51,null,null,null,null,null,null,null,364795659,activity,null,HTS,null,-2.086,-1.015,5.512,-1.707,null,null,null,null,null,null,null,null,null,null,null,null,null,null,null,null,null,null,null,null,null,278941143
TRND-Glioblastoma_LOPAC_U251-primary_screen2,NCGC00016138-05,activity,null,4,0,9.282,[NH3+]C(=N)N1CCC2=C(C1)C=CC=C2,null,null,null,null,null,D1306,SIGMA,2021_LOPAC_01,null,null,Debrisoquin sulfate,null,4,null,null,null,4.212,0,null,null,null,null,null,null,null,null,null,0,null,null,9.282,5.07,34.946,null,null,null,null,null,null,null,null,null,null,JWPGJSVJDAJRLW,null,TRND,feFyhyXxOsDjQFJXBt,null,null,null,null,SULFURIC_ACID,null,null,null,null,null,null,null,null,0,4,null,null,null,173033,null,1,1,2025-06-17 16:13:51,null,null,null,null,null,null,null,364795567,activity,null,HTS,null,7.431,8.442,5.07,9.282,null,null,null,null,null,null,null,null,null,null,null,null,null,null,null,null,null,null,null,null,null,278941144
TRND-Glioblastoma_LOPAC_U251-primary_screen2,NCGC00015737-09,activity,null,4,-5.166,2.756,CCCN(CC1CC1)C2=NC(C)=NC(NC3=C(Cl)C=C(Cl)C=C3Cl)=C2Cl,null,null,null,null,null,N3911,SIGMA,2021_LOPAC_01,null,null,NBI 27914,null,4,null,null,null,10.125,1.334,4.955,0.694,0.504,null,null,null,null,null,null,6.5,null,null,9.987,-0.138,17.339,24.254,null,null,null,null,null,null,null,null,null,KNADXBVKFAUMCR,null,TRND,OqLvywbdDGfSCdoBjE,null,null,null,null,null,null,null,null,null,null,null,null,null,0,4,0,null,null,173033,0 0 0 0,1,1,2025-06-17 16:13:51,null,null,null,null,null,null,null,364796479,activity,null,HTS,null,3.246,9.987,-0.138,2.756,null,null,null,null,null,null,null,null,null,null,null,null,null,null,null,null,null,null,null,null,null,278941145
TRND-Glioblastoma_LOPAC_U251-primary_screen2,NCGC00371133-11,activity,null,4,0,-3.475,CN(C)C(=O)NC1=CC=CC(=C1)C2=CC=C(C=C2)N(C)C,null,null,null,null,null,SML1075,SIGMA,2021_LOPAC_01,null,null,Atglistatin,null,4,null,null,null,7.557,0,null,null,null,null,null,null,null,null,null,0,null,null,4.082,-3.475,11.318,null,null,null,null,null,null,null,null,null,null,AWOPBSAJHCUSAS,null,TRND,OlwNDyJyOujXjhiOCZ,null,null,null,null,null,null,null,null,null,null,null,null,null,0,4,null,null,null,173033,null,1,1,2025-06-17 16:13:51,null,null,null,null,null,null,null,364797395,activity,null,HTS,null,4.082,2.54,0.059,-3.475,null,null,null,null,null,null,null,null,null,null,null,null,null,null,null,null,null,null,null,null,null,278941146
TRND-Glioblastoma_LOPAC_U251-primary_screen2,NCGC00015761-13,activity,null,4,-9.629,1.862,CCCCCCCC\C=C/CCCCCCCC(=O)NCCO,null,null,null,null,null,O0383,SIGMA,2021_LOPAC_01,null,null,N-Oleoylethanolamine,null,4,null,null,null,10.463,-4.129,4.955,1,0.697,null,null,null,null,null,null,5.5,null,null,3.689,-6.774,4.293,2.081,null,null,null,null,null,null,null,null,null,BOWVQLFMWHZBEF,null,TRND,tcpVRUViymKYtGDbEx,null,null,null,null,null,null,null,null,null,111-58-0,null,null,null,0,4,1,null,null,173033,0 0 0 1,1,1,2025-06-17 16:13:51,null,null,null,null,null,null,null,364799823,activity,null,HTS,null,3.689,-6.774,-0.988,1.862,null,null,null,null,null,null,null,null,null,null,null,null,null,null,null,null,null,null,null,null,null,278941147
TRND-Glioblastoma_LOPAC_U251-primary_screen2,NCGC00015455-25,activity,null,4,-28.182,-25.151,CCOC(=O)C1=C(C)NC(C)=C(C1C2=CC=CC(Cl)=C2Cl)C(=O)OC,null,null,null,null,null,F9677,SIGMA,2021_LOPAC_01,null,null,Felodipine,null,4,null,null,null,28.737,-25.182,4.504,0.066,0.997,null,null,null,null,null,null,3,null,null,3.585,-25.151,-2.4,-3.393,null,null,null,null,null,null,null,null,null,RZTAMFZIAATZDJ,null,TRND,zqCEchJXbvduoyMrma,null,null,null,null,null,null,null,null,null,72509-76-3,null,null,null,0,4,0,null,null,173033,0 0 0 0,1,1,2025-06-17 16:13:51,null,null,null,null,null,null,null,364797199,activity,null,HTS,null,3.585,1.957,-0.709,-25.151,null,null,null,null,null,null,null,null,null,null,null,null,null,null,null,null,null,null,null,null,null,278941148
TRND-Glioblastoma_LOPAC_U251-primary_screen2,NCGC00253763-04,activity,null,4,0,5.947,CC1=C(CCC(=O)C2=CC=C(CC3SC(=O)NC3=O)C=C2)N=C(O1)C4=CC=CC=C4,null,null,null,null,null,SML0977,SIGMA,2021_LOPAC_01,null,null,Darglitazone sodium salt,null,4,null,null,null,3.693,0,null,null,null,null,null,null,null,null,null,0,null,null,9.64,5.947,42.015,null,null,null,null,null,null,null,null,null,null,QQKNSPHAFATFNQ,null,TRND,EmCdqGWIdLVpNvGQkT,null,null,null,null,SODIUM,null,null,null,null,141200-24-0,null,null,null,0,4,null,null,null,173033,null,1,1,2025-06-17 16:13:51,null,null,null,null,null,null,null,364800563,activity,null,HTS,null,9.64,8.727,8.633,5.947,null,null,null,null,null,null,null,null,null,null,null,null,null,null,null,null,null,null,null,null,null,278941149
TRND-Glioblastoma_LOPAC_U251-primary_screen2,NCGC00015209-34,activity,null,4,0,5.36,ClCCN(CCCl)P1(=O)NCCCO1,null,null,null,null,null,C0768,SIGMA,2021_LOPAC_01,null,null,Cyclophosphamide monohydrate,null,4,null,null,null,8.555,0,null,null,null,null,null,null,null,null,null,0,null,null,7.102,-1.453,21.154,null,null,null,null,null,null,null,null,null,null,CMSMOCZEIVJLDB,null,TRND,raLwqUtYyGVMzJuvRx,null,DNA Alkylating Drug,null,null,H2O,null,null,null,null,50-18-0,H2AX,null,null,0,4,null,null,null,173033,null,1,1,2025-06-17 16:13:51,null,null,null,null,null,null,null,364800391,activity,null,HTS,null,7.102,-0.51,-1.453,5.36,null,null,null,null,null,null,null,null,null,null,null,null,null,null,null,null,null,null,null,null,null,278941150
TRND-Glioblastoma_LOPAC_U251-primary_screen2,NCGC00402309-06,activity,null,4,-10.579,-6.453,OC1=C(C=CC=C1)C2=NNC(=C2)C3=C(F)C=CC=C3,null,null,null,null,null,SML0894,SIGMA,2021_LOPAC_01,null,null,VU0420373,null,4,null,null,null,10.518,-6.579,4.955,0.045,0.999,null,null,null,null,null,null,4,null,null,3.786,-6.732,4.987,5.591,null,null,null,null,null,null,null,null,null,SJPGLKXXUIEFLO,null,TRND,exSwUHfNsKquyIiimw,null,null,null,null,null,null,null,null,null,null,null,null,null,0,4,0,null,null,173033,0 0 0 0,1,1,2025-06-17 16:13:51,null,null,null,null,null,null,null,364796211,activity,null,HTS,null,3.786,3.692,-6.732,-6.453,null,null,null,null,null,null,null,null,null,null,null,null,null,null,null,null,null,null,null,null,null,278941151
TRND-Glioblastoma_LOPAC_U251-primary_screen2,NCGC00015256-34,activity,null,4,-15.26,15.398,CCN(CC)CCCC(C)NC1=CC=NC2=C1C=CC(Cl)=C2,null,null,null,null,null,C6628,SigmaAldrich,2021_LOPAC_01,null,null,null,null,4,null,null,null,16.031,-0.76,4.504,1,1,null,null,null,null,null,null,14.5,null,null,15.398,-0.634,38.159,38.274,null,null,null,null,null,null,null,null,null,WHTVZRBIWZFKQO,null,TRND,qvrgSgYSRGQXmovLuj,null,Anti-malarial,null,null,PHOSPHORIC_ACID,null,null,null,null,null,TLR9,null,null,0,4,1,null,null,173033,0 0 0 1,1,1,2025-06-17 16:13:51,null,null,null,null,null,null,null,364799087,activity,null,HTS,null,14.092,-0.248,-0.634,15.398,null,null,null,null,null,null,null,null,null,null,null,null,null,null,null,null,null,null,null,null,null,278941152
TRND-Glioblastoma_LOPAC_U251-primary_screen2,NCGC00015645-14,activity,null,4,-14.228,3.597,COC1=C(O)C=CC(CNC(=O)CCCCCCC(C)C)=C1,null,null,null,null,null,M1022,SIGMA,2021_LOPAC_01,null,null,Dihydrocapsaicin,null,4,null,null,null,16.319,-9.728,4.955,1,0.695,null,null,null,null,null,null,4.5,null,null,9.046,-7.273,-2.536,5.646,null,null,null,null,null,null,null,null,null,XJQPQKLURWNAAH,null,TRND,gkHnSYMRABRHcpJuoP,null,null,null,null,null,null,null,null,null,19408-84-5,null,null,null,0,4,1,null,null,173033,0 0 0 1,1,1,2025-06-17 16:13:51,null,null,null,null,null,null,null,364799503,activity,null,HTS,null,0.019,9.046,-7.273,3.597,null,null,null,null,null,null,null,null,null,null,null,null,null,null,null,null,null,null,null,null,null,278941153
TRND-Glioblastoma_LOPAC_U251-primary_screen2,NCGC00014989-13,activity,null,4,0,9.153,OC(=O)C1=C(NC2=CC=CC=C2)C=CC=C1,null,null,null,null,null,144509,SIGMA,2021_LOPAC_01,null,null,N-Phenylanthranilic acid,null,4,null,null,null,7.68,0,null,null,null,null,null,null,null,null,null,0,null,null,9.153,1.473,29.98,null,null,null,null,null,null,null,null,null,null,ZWJINEZUASEZBH,null,TRND,hrUZbIvdEcTdbwROEs,null,null,null,null,null,null,null,null,null,91-40-7,null,null,null,0,4,null,null,null,173033,null,1,1,2025-06-17 16:13:51,null,null,null,null,null,null,null,364796283,activity,null,HTS,null,7.11,6.306,1.473,9.153,null,null,null,null,null,null,null,null,null,null,null,null,null,null,null,null,null,null,null,null,null,278941154
TRND-Glioblastoma_LOPAC_U251-primary_screen2,NCGC00390788-08,activity,null,4,-12.328,-2.773,NC1=[N+]([O-])C2=CC=CC=C2[N+]([O-])=N1,null,null,null,null,null,SML0552,SIGMA,2021_LOPAC_01,null,null,Tirapazamine,null,4,null,null,null,12.312,-0.328,4.955,0.483,0.823,null,null,null,null,null,null,12,null,null,9.539,-2.773,25.917,25.964,null,null,null,null,null,null,null,null,null,ORYDPOVDJJZGHQ,null,TRND,BHxKDtKSedTswlgPFs,null,DNA Damaging Drug,null,null,null,null,null,null,null,27314-97-2,H2AX,null,null,0,4,0,null,null,173033,0 0 0 0,1,1,2025-06-17 16:13:51,null,null,null,null,null,null,null,364796611,activity,null,HTS,null,9.539,-1.412,2.703,-2.773,null,null,null,null,null,null,null,null,null,null,null,null,null,null,null,null,null,null,null,null,null,278941155
TRND-Glioblastoma_LOPAC_U251-primary_screen2,NCGC00091439-11,activity,null,4,0,8.556,CN\C(NCCSCC1=C(C)NC=N1)=N/C#N,null,null,null,null,null,C4522,SIGMA,2021_LOPAC_01,null,null,Cimetidine,null,4,null,null,null,8.149,0,null,null,null,null,null,null,null,null,null,0,null,null,8.834,0.685,16.574,null,null,null,null,null,null,null,null,null,null,AQIXAKUUQRKLND,null,TRND,UYnjIeQjghmXQuJFil,null,null,null,null,null,null,null,null,null,51481-61-9,null,null,null,0,4,null,null,null,173033,null,1,1,2025-06-17 16:13:51,null,null,null,null,null,null,null,364799039,activity,null,HTS,null,1.954,8.834,0.685,8.556,null,null,null,null,null,null,null,null,null,null,null,null,null,null,null,null,null,null,null,null,null,278941156
TRND-Glioblastoma_LOPAC_U251-primary_screen2,NCGC00015273-35,activity,12.589254,-3,-69.471,-69.473,CN(C)CCCN1C2=C(SC3=C1C=C(Cl)C=C3)C=CC=C2,null,null,null,null,null,C8138,SIGMA,2021_LOPAC_01,-4.9,null,Chlorpromazine hydrochloride,null,-3,null,null,null,68.866,-70.199,4.955,0.013,1,null,null,null,null,null,null,-0.728,null,null,-0.607,-69.473,-43.037,-41.649,null,null,null,null,null,null,null,null,null,ZPEIMTDSQAKGNT,null,TRND,qGTzKMrusZjEacttJa,null,null,null,null,CL,null,null,null,null,69-09-0,null,null,null,0,4,0,null,null,173033,0 0 0 0,1,1,2025-06-17 16:13:51,null,null,null,null,null,null,null,364795939,activity,null,HTS,15.116295,-1.303,-0.607,-3.542,-69.473,null,null,null,null,null,null,null,null,null,null,null,null,null,null,null,null,null,null,null,null,null,278941667
TRND-Glioblastoma_LOPAC_U251-primary_screen2,NCGC00015060-30,activity,2.238721,-1.1,-79.565,-85.396,CN1C=NC(=C1SC2=C3NC=NC3=NC=N2)[N+]([O-])=O,null,null,null,null,null,A4638,SIGMA,2021_LOPAC_01,-5.65,null,Azathioprine,null,-1.1,null,null,null,77.467,-86.079,1.788,0.01,1,null,null,null,null,null,null,-6.515,null,null,-7.929,-85.396,-140.657,-141.364,null,null,null,null,null,null,null,null,null,LMEKQMALGUDUQG,null,TRND,KGivICRqPrYrLFDzOK,null,hypoxanthine-guanine phosphoribosyltransferase (HGPRTase) inhibitor,null,null,null,null,null,null,null,446-86-6,HPRT1,null,null,0,4,0,null,null,173033,0 0 0 0,1,1,2025-06-17 16:13:51,null,null,null,null,null,null,null,364796859,activity,null,HTS,2.686796,-7.929,-29.381,-76.12,-85.396,null,null,null,null,null,null,null,null,null,null,null,null,null,null,null,null,null,null,null,null,null,278941668
TRND-Glioblastoma_LOPAC_U251-primary_screen2,NCGC00386309-08,activity,12.589254,-3,-97.265,-96.339,CCC(=O)NC1=CC=CC(OC2=NC(NC3=C(OC)C=C(C=C3)N4CCN(C)CC4)=NC=C2Cl)=C1,null,null,null,null,null,SML1445,SIGMA,2021_LOPAC_01,-4.9,null,WZ4003,null,-3,null,null,null,96.723,-98.265,4.095,0.033,0.999,null,null,null,null,null,null,-1,null,null,0.384,-96.339,-57.132,-59.599,null,null,null,null,null,null,null,null,null,SDGJBAUIGHSMRI,null,TRND,jXpIBdBKEiwTvftuKX,null,NUAK family SNF1-like kinase 1 inhibitor,null,null,null,null,null,null,null,null,NUAK1,null,null,0,4,0,null,null,173033,0 0 0 0,1,1,2025-06-17 16:13:51,null,null,null,null,null,null,null,364799999,activity,null,HTS,12.698276,0.384,-2.438,-8.366,-96.339,null,null,null,null,null,null,null,null,null,null,null,null,null,null,null,null,null,null,null,null,null,278941669
TRND-Glioblastoma_LOPAC_U251-primary_screen2,NCGC00095165-18,activity,7.079458,-2.4,-32.481,-31.796,CCCCCCNC(=O)N1C=C(F)C(=O)NC1=O,null,null,null,null,null,C1494,SIGMA,2021_LOPAC_01,-5.15,null,Carmofur,null,-2.2,null,null,null,30.817,-34.156,1.826,0.154,0.985,null,null,null,null,null,null,-1.675,null,null,-0.979,-31.796,-39.851,-35.981,null,null,null,null,null,null,null,null,null,AOCCBINRVIKJHY,null,TRND,KdrhBCVdbfpdpiXnNx,null,Thymidylate Synthase inhibitor,null,null,null,null,null,null,null,61422-45-5,TYMS,null,null,0,4,0,null,null,173033,0 0 0 0,1,1,2025-06-17 16:13:51,null,null,null,null,null,null,null,364797703,activity,null,HTS,null,-3.756,-0.979,-17.199,-31.796,null,null,null,null,null,null,null,null,null,null,null,null,null,null,null,null,null,null,null,null,null,278941670
TRND-Glioblastoma_LOPAC_U251-primary_screen2,NCGC00186002-03,activity,null,4,0,-6.721,C[C@](CC1=CC=C(O)C(O)=C1)(NN)C(O)=O,null,null,null,null,null,C1335,SIGMA,2021_LOPAC_01,null,null,S-(-)-Carbidopa,null,4,null,null,null,11.291,0,null,null,null,null,null,null,null,null,null,0,null,null,-1.881,-13.172,-48.787,null,null,null,null,null,null,null,null,null,null,TZFNLOMSOLWIDK,null,TRND,JmlFwGaIVRytVdWOTi,null,null,null,null,null,null,null,null,null,28860-95-9,null,null,null,0,4,null,null,null,173033,null,1,1,2025-06-17 16:13:51,null,null,null,null,null,null,null,364799339,activity,null,HTS,null,-13.172,-1.881,-10.558,-6.721,null,null,null,null,null,null,null,null,null,null,null,null,null,null,null,null,null,null,null,null,null,278941671
TRND-Glioblastoma_LOPAC_U251-primary_screen2,NCGC00015428-36,activity,12.589254,-3,-104.547,-94.654,CNCCC(OC1=CC=C(C=C1)C(F)(F)F)C2=CC=CC=C2,null,null,null,null,null,F132,SIGMA,2021_LOPAC_01,-4.9,null,Fluoxetine hydrochloride,null,-3,null,null,null,103.354,-96.547,4.095,0.015,1,null,null,null,null,null,null,8,null,null,8.7,-94.654,-22.976,-21.419,null,null,null,null,null,null,null,null,null,RTHCYVBBDHJXIQ,null,TRND,CITvcWKcZDwqPRkQWy,null,null,null,null,CL,null,null,null,null,56296-78-7,null,null,null,0,4,0,null,null,173033,0 0 0 0,1,1,2025-06-17 16:13:51,null,null,null,null,null,null,null,364800395,activity,null,HTS,12.81116,7.248,8.7,0.841,-94.654,null,null,null,null,null,null,null,null,null,null,null,null,null,null,null,null,null,null,null,null,null,278941672
TRND-Glioblastoma_LOPAC_U251-primary_screen2,NCGC00093926-19,activity,null,4,-20.699,-5.999,C[C@H]1O[C@H]([C@H](O)[C@@H]1O)N2C=C(F)C(=O)NC2=O,null,null,null,null,null,F8791,SIGMA,2021_LOPAC_01,null,null,5-fluoro-5 -deoxyuridine,null,4,null,null,null,19.565,-8.699,1.858,0.191,0.977,null,null,null,null,null,null,12,null,null,13.565,-5.999,46.61,43.375,null,null,null,null,null,null,null,null,null,ZWAOHEXOSAUJHY,null,TRND,MIJKmTwFQsFvNJHKSj,null,Thymidylate Synthase inhibitor,null,null,null,null,null,null,null,436349,TYMS,null,null,0,4,0,null,null,173033,0 0 0 0,1,1,2025-06-17 16:13:51,null,null,null,null,null,null,null,364799099,activity,null,HTS,null,13.565,10.104,7.231,-5.999,null,null,null,null,null,null,null,null,null,null,null,null,null,null,null,null,null,null,null,null,null,278941673
TRND-Glioblastoma_LOPAC_U251-primary_screen2,NCGC00093546-05,activity,null,4,0,2.4,[H][C@]1(CCN1)C(O)=O,null,null,null,null,null,A0760,SIGMA,2021_LOPAC_01,null,null,L-azetidine-2-carboxylic acid,null,4,null,null,null,5.062,0,null,null,null,null,null,null,null,null,null,0,null,null,4.307,-0.756,13.487,null,null,null,null,null,null,null,null,null,null,IADUEWIQBXOCDZ,null,TRND,FUMQkwgZxQYfQDfobu,null,null,null,null,null,null,null,null,null,2133-34-8,null,null,null,0,4,null,null,null,173033,null,1,1,2025-06-17 16:13:51,null,null,null,null,null,null,null,364796795,activity,null,HTS,null,3.511,4.307,-0.756,2.4,null,null,null,null,null,null,null,null,null,null,null,null,null,null,null,null,null,null,null,null,null,278941674
TRND-Glioblastoma_LOPAC_U251-primary_screen2,NCGC00186043-03,activity,4.466836,-3,-94.779,-1.181,O=C1\C(CC\C1=C/C2=CSC=C2)=C\C3=CC=CS3,null,null,null,null,null,C9369,SIGMA,2021_LOPAC_01,-5.35,null,CCT007093,null,-3,null,null,null,85.467,-92.779,4.955,1,0.998,null,null,null,null,null,null,2,null,null,4.081,-81.386,-97.948,-98.872,null,null,null,null,null,null,null,null,null,VUWTUVROCROVLD,null,TRND,LKwZlexbmoypfXNqkL,null,null,null,null,null,null,null,null,null,null,null,null,null,0,4,1,null,null,173033,0 0 0 1,1,1,2025-06-17 16:13:51,null,null,null,null,null,null,null,364797319,activity,null,HTS,4.609676,-0.398,4.081,-81.386,-1.181,null,null,null,null,null,null,null,null,null,null,null,null,null,null,null,null,null,null,null,null,null,278941675
TRND-Glioblastoma_LOPAC_U251-primary_screen2,NCGC00024868-22,activity,null,4,0,4.611,CC(C)NCC(O)COC1=CC=C(COCCOC(C)C)C=C1,null,null,null,null,null,B2185,SIGMA,2021_LOPAC_01,null,null,Bisoprolol hemifumarate salt,null,4,null,null,null,11.358,0,null,null,null,null,null,null,null,null,null,0,null,null,12.896,1.538,16.865,null,null,null,null,null,null,null,null,null,null,VHYCDWMUTMEGQY,null,TRND,ReOlrwuNYiZAYSclsM,null,null,null,null,FUMARIC_ACID,null,null,null,null,66722-44-9,null,null,null,0,4,null,null,null,173033,null,1,1,2025-06-17 16:13:51,null,null,null,null,null,null,null,364800607,activity,null,HTS,null,1.538,12.896,1.659,4.611,null,null,null,null,null,null,null,null,null,null,null,null,null,null,null,null,null,null,null,null,null,278941676
TRND-Glioblastoma_LOPAC_U251-primary_screen2,NCGC00386567-05,activity,null,4,-8.926,-6.188,FC(F)(F)C1=CC(=CC=C1)N2CCN(CCN3C(=O)NC4=CC=CC=C34)CC2,null,null,null,null,null,SML0797,SIGMA,2021_LOPAC_01,null,null,Flibanserin,null,4,null,null,null,10.026,-8.926,4.955,0.655,0.591,null,null,null,null,null,null,0,null,null,3.838,-6.188,-8.155,-3.269,null,null,null,null,null,null,null,null,null,PPRRDFIXUUSXRA,null,TRND,xEBrmeyKnNsGjPJtrv,null,5-HT1A Receptor agonist,null,null,null,null,null,null,null,167933-07-5,HTR1A,null,null,0,4,0,null,null,173033,0 0 0 0,1,1,2025-06-17 16:13:51,null,null,null,null,null,null,null,364795607,activity,null,HTS,null,-2.57,-0.65,3.838,-6.188,null,null,null,null,null,null,null,null,null,null,null,null,null,null,null,null,null,null,null,null,null,278941677
TRND-Glioblastoma_LOPAC_U251-primary_screen2,NCGC00094227-09,activity,null,4,11.188,8.991,[H][C@@]12C[C@@]3(O)C4[C@@H](C(OC4=O)[C@H]5OC(=O)[C@]1(O2)[C@@]35C)C(C)=C.[H][C@@]67C[C@@]8(O)[C@@H]9[C@@H](C(OC9=O)[C@H]%10OC(=O)[C@]6(O7)[C@@]8%10C)C(C)(C)O,null,null,null,null,null,P1675,SIGMA,2021_LOPAC_01,null,null,Picrotoxin,null,4,null,null,null,13.731,10,4.955,0.528,0.777,null,null,null,null,null,null,-1.188,null,null,8.991,-4.74,0.399,-0.404,null,null,null,null,null,null,null,null,null,RYEFFICCPKWYML,null,TRND,FgkhvQAHQxPXZomvqa,null,null,null,null,null,null,null,null,null,124-87-8,null,null,null,0,4,0,null,null,173033,0 0 0 0,1,1,2025-06-17 16:13:51,null,null,null,null,null,null,null,364797971,activity,null,HTS,null,-0.844,1.905,-4.74,8.991,null,null,null,null,null,null,null,null,null,null,null,null,null,null,null,null,null,null,null,null,null,278941678
TRND-Glioblastoma_LOPAC_U251-primary_screen2,NCGC00093684-26,activity,null,4,0,3.854,C[C@H]1CC2[C@@H]3CCC4=CC(=O)C=C[C@]4(C)[C@@]3(F)[C@@H](O)C[C@]2(C)[C@@]1(O)C(=O)CO,null,null,null,null,null,B7005,SIGMA,2021_LOPAC_01,null,null,Betamethasone,null,4,null,null,null,6.77,0,null,null,null,null,null,null,null,null,null,0,null,null,3.854,-2.916,-1.602,null,null,null,null,null,null,null,null,null,null,UREBDLICKHMUKA,null,TRND,dGBTFTuJmyZWwJeDUq,null,null,null,null,null,null,null,null,null,[NO STEREO] 50-02-2|[NO STEREO] 378-44-9,null,null,null,0,4,null,null,null,173033,null,1,1,2025-06-17 16:13:51,null,null,null,null,null,null,null,364799031,activity,null,HTS,null,-1.355,3.11,-2.916,3.854,null,null,null,null,null,null,null,null,null,null,null,null,null,null,null,null,null,null,null,null,null,278941679
TRND-Glioblastoma_LOPAC_U251-primary_screen2,NCGC00167531-18,activity,null,4,0,2.364,[H][C@@](C)(N(C)C)C1=CC=CC(OC(=O)N(C)CC)=C1,null,null,null,null,null,SML0881,SIGMA,2021_LOPAC_01,null,null,Rivastigmine tartrate,null,4,null,null,null,6.361,0,null,null,null,null,null,null,null,null,null,0,null,null,8.725,2.364,30.42,null,null,null,null,null,null,null,null,null,null,XSVMFMHYUFZWBK,null,TRND,lRavIVCMCflOaXSzCp,null,null,null,null,TARTRATE,null,null,null,null,null,null,null,null,0,4,null,null,null,173033,null,1,1,2025-06-17 16:13:51,null,null,null,null,null,null,null,364798139,activity,null,HTS,null,7.287,8.725,4.086,2.364,null,null,null,null,null,null,null,null,null,null,null,null,null,null,null,null,null,null,null,null,null,278941680
TRND-Glioblastoma_LOPAC_U251-primary_screen2,NCGC00015834-29,activity,null,4,15.436,8.037,CCC1(C(=O)NCNC1=O)C2=CC=CC=C2,null,null,null,null,null,P7295,SIGMA,2021_LOPAC_01,null,null,Primidone,null,4,null,null,null,15.81,6.5,4.955,0.548,0.753,null,null,null,null,null,null,-8.936,null,null,10.029,-5.78,-3.607,-3.897,null,null,null,null,null,null,null,null,null,DQMZLTXERSFNPB,null,TRND,vsEsCTlTkOvHfsBjsB,null,Gamma-aminobutyric acid receptor subunit alpha-1 modulator,null,null,null,null,null,null,null,125-33-7,GABRA1,null,null,0,4,0,null,null,173033,0 0 0 0,1,1,2025-06-17 16:13:51,null,null,null,null,null,null,null,364799643,activity,null,HTS,null,-5.78,10.029,1.718,8.037,null,null,null,null,null,null,null,null,null,null,null,null,null,null,null,null,null,null,null,null,null,278941681
TRND-Glioblastoma_LOPAC_U251-primary_screen2,NCGC00164575-08,activity,null,4,-15.412,-2.843,CC[C@H]1OC(=O)[C@H](C)C(=O)[C@H](C)[C@@H](O[C@H]2O[C@H](C)C[C@@H]([C@H]2O)N(C)C)[C@@](C)(C[C@@H](C)C(=O)[C@H](C)[C@H]3N(CCCCN4C=NC(=C4)C5=CN=CC=C5)C(=O)O[C@]13C)OC,null,null,null,null,null,SML2162,SIGMA,2021_LOPAC_01,null,null,Telithromycin,null,4,null,null,null,18.406,-2.912,4.955,0.366,0.908,null,null,null,null,null,null,12.5,null,null,15.562,-2.843,33.575,41.131,null,null,null,null,null,null,null,null,null,LJVAJPDWBABPEJ,null,TRND,ZhmDoMlPFtdhecsLmp,null,null,null,null,null,null,null,null,null,191114-48-4,null,null,null,0,4,0,null,null,173033,0 0 0 0,1,1,2025-06-17 16:13:51,null,null,null,null,null,null,null,364796327,activity,null,HTS,null,9.082,15.562,-1.444,-2.843,null,null,null,null,null,null,null,null,null,null,null,null,null,null,null,null,null,null,null,null,null,278941682
TRND-Glioblastoma_LOPAC_U251-primary_screen2,NCGC00015490-07,activity,19.952623,-3,-34.321,-33.631,O[Si](CCCN1CCCCC1)(C2CCCCC2)C3=CC=C(F)C=C3,null,null,null,null,null,H127,SIGMA,2021_LOPAC_01,-4.7,null,"Hexahydro-sila-difenidol hydrochloride, p-fluoro analog",null,-3,null,null,null,38.582,-36.321,4.955,0.455,0.846,null,null,null,null,null,null,-2,null,null,4.951,-33.631,-44.53,-26.223,null,null,null,null,null,null,null,null,null,ZNSZQJHTFRQUPD,null,TRND,TpoGlydctSTPcfmYLO,null,null,null,null,CL,null,null,null,null,null,null,null,null,0,4,0,null,null,173033,0 0 0 0,1,1,2025-06-17 16:13:51,null,null,null,null,null,null,null,364798483,activity,null,HTS,null,-11.077,4.951,0.617,-33.631,null,null,null,null,null,null,null,null,null,null,null,null,null,null,null,null,null,null,null,null,null,278941683
TRND-Glioblastoma_LOPAC_U251-primary_screen2,NCGC00346571-09,activity,3.162278,-1.2,-45.693,-96.55,CC(C)[C@@H](N(CCCN)C(=O)C1=CC=C(C)C=C1)C2=C(CC3=CC=CC=C3)/C(=O)C4=C(O\2)C=C(Cl)C=C4,null,null,null,null,null,SML1121,SIGMA,2021_LOPAC_01,-5.5,null,SB743921 hydrochloride,null,-1.1,null,null,null,45.114,-96.743,3.929,0.028,1,null,null,null,null,null,null,-51.05,null,null,-51.435,-96.55,-295.922,-295.273,null,null,null,null,null,null,null,null,null,PGXYIBJJCLWJST,null,TRND,QYLncgPZrMRkSPEGQM,null,Kinesin-Like Protein KIF11 inhibitor,null,null,CL,null,null,null,null,null,KIF11,null,null,0,4,0,null,null,173033,0 0 0 0,1,1,2025-06-17 16:13:51,null,null,null,null,null,null,null,364798883,activity,null,HTS,3.216959,-51.435,-51.709,-94.797,-96.55,null,null,null,null,null,null,null,null,null,null,null,null,null,null,null,null,null,null,null,null,null,278941684
TRND-Glioblastoma_LOPAC_U251-primary_screen2,NCGC00507719-02,activity,null,4,-13.194,-8.911,NC1=C(SC2=NC3=C(CCC3)C=C12)C(=O)NC4=C(Br)C=C(F)C=C4F,null,null,null,null,null,SML1640,SIGMA,2021_LOPAC_01,null,null,DC_AC50,null,4,null,null,null,16.961,-8.694,4.955,0.496,0.81,null,null,null,null,null,null,4.5,null,null,8.05,-8.911,3.915,12.446,null,null,null,null,null,null,null,null,null,DFNOJNBNTVQPCA,null,TRND,fsFNPhwRXKLYKDTRQb,null,null,null,null,null,null,null,null,null,null,null,null,null,0,4,0,null,null,173033,0 0 0 0,1,1,2025-06-17 16:13:51,null,null,null,null,null,null,null,364799895,activity,null,HTS,null,0.541,8.05,2.106,-8.911,null,null,null,null,null,null,null,null,null,null,null,null,null,null,null,null,null,null,null,null,null,278941685
TRND-Glioblastoma_LOPAC_U251-primary_screen2,NCGC00016306-21,activity,null,4,-13.195,-3.929,N[C@@H]1CONC1=O,null,null,null,null,null,C3909,SIGMA,2021_LOPAC_01,null,null,D-Cycloserine,null,4,null,null,null,16.29,-1.695,4.955,0.693,0.499,null,null,null,null,null,null,11.5,null,null,9.044,-7.246,21.92,21.475,null,null,null,null,null,null,null,null,null,DYDCUQKUCUHJBH,null,TRND,QbtynhyCrROjFUSXfT,null,Anti-tuberculosis,null,null,null,null,null,null,null,68-41-7,ddlA,null,null,0,4,0,null,null,173033,0 0 0 0,1,1,2025-06-17 16:13:51,null,null,null,null,null,null,null,364796467,activity,null,HTS,null,9.044,-7.246,5.648,-3.929,null,null,null,null,null,null,null,null,null,null,null,null,null,null,null,null,null,null,null,null,null,278941686
TRND-Glioblastoma_LOPAC_U251-primary_screen2,NCGC00094132-10,activity,null,4,0,9.285,C[S+]([O-])(=N)CC[C@H](N)C(O)=O,null,null,null,null,null,M5379,SIGMA,2021_LOPAC_01,null,null,L-Methionine sulfoximine,null,4,null,null,null,5.611,0,null,null,null,null,null,null,null,null,null,0,null,null,14.269,8.658,47.462,null,null,null,null,null,null,null,null,null,null,QLMUQBNMEHYOAX,null,TRND,aGfpgYLMOuOeXMgMcx,null,null,null,null,null,null,null,null,null,15985-39-4,null,null,null,0,4,null,null,null,173033,null,1,1,2025-06-17 16:13:51,null,null,null,null,null,null,null,364800223,activity,null,HTS,null,8.658,14.269,12.272,9.285,null,null,null,null,null,null,null,null,null,null,null,null,null,null,null,null,null,null,null,null,null,278941687
TRND-Glioblastoma_LOPAC_U251-primary_screen2,NCGC00162096-08,activity,19.952623,-3,-50.382,-39.188,[H][C@@]1(CN(CC=C)CCC2=C1C=C(O)C(O)=C2Br)C3=CC=CC=C3,null,null,null,null,null,B135,SIGMA,2021_LOPAC_01,-4.7,null,R(+)-6-BRomo-APB hydrobromide,null,-3,null,null,null,52.886,-42.882,4.955,0.276,0.95,null,null,null,null,null,null,7.5,null,null,13.698,-39.188,23.56,10.543,null,null,null,null,null,null,null,null,null,KKZGFVAZUKHFAC,null,TRND,EqGAZjkXuQSERsQbZj,null,null,null,null,BR,null,null,null,null,null,null,null,null,0,4,0,null,null,173033,0 0 0 0,1,1,2025-06-17 16:13:51,null,null,null,null,null,null,null,364799079,activity,null,HTS,null,13.698,0.632,8.157,-39.188,null,null,null,null,null,null,null,null,null,null,null,null,null,null,null,null,null,null,null,null,null,278941688
TRND-Glioblastoma_LOPAC_U251-primary_screen2,NCGC00015862-21,activity,null,4,0,-5.218,CN(C)C(=O)OC1=CC=C[N+](C)=C1,null,null,null,null,null,P9797,SIGMA,2021_LOPAC_01,null,null,Pyridostigmine bromide,null,4,null,null,null,6.291,0,null,null,null,null,null,null,null,null,null,0,null,null,1.074,-5.218,-12.12,null,null,null,null,null,null,null,null,null,null,RVOLLAQWKVFTGE,null,TRND,RsYQIUmOtcNfJjyeCb,null,null,null,null,BR,null,null,null,null,101-26-8,null,null,null,0,4,null,null,null,173033,null,1,1,2025-06-17 16:13:51,null,null,null,null,null,null,null,364800187,activity,null,HTS,null,-3.38,-1.07,1.074,-5.218,null,null,null,null,null,null,null,null,null,null,null,null,null,null,null,null,null,null,null,null,null,278941689
TRND-Glioblastoma_LOPAC_U251-primary_screen2,NCGC00179344-08,activity,null,4,0,4.478,CC(C)(C)C(=O)OCOC(=O)[C@@H]1N2[C@H](SC1(C)C)[C@H](\N=C\N3CCCCCC3)C2=O,null,null,null,null,null,SML0817,SIGMA,2021_LOPAC_01,null,null,Pivmecillinam,null,4,null,null,null,7.997,0,null,null,null,null,null,null,null,null,null,0,null,null,5.124,-2.873,15.49,null,null,null,null,null,null,null,null,null,null,NPGNOVNWUSPMDP,null,TRND,ZlaHEedkWdEnRsfUEe,null,null,null,null,null,null,null,null,null,[NO STEREO] 32887-03-9,null,null,null,0,4,null,null,null,173033,null,1,1,2025-06-17 16:13:51,null,null,null,null,null,null,null,364800555,activity,null,HTS,null,5.124,-2.873,1.322,4.478,null,null,null,null,null,null,null,null,null,null,null,null,null,null,null,null,null,null,null,null,null,278941690
TRND-Glioblastoma_LOPAC_U251-primary_screen2,NCGC00162311-14,activity,null,4,-22.908,-23.673,NC1=NC(N)=C(N=C1Cl)C(=O)NC(=N)NC2=CC=CC=C2,null,null,null,null,null,P203,SIGMA,2021_LOPAC_01,null,null,Phenamil methanesulfonate,null,4,null,null,null,27.247,-23.908,3.627,0.399,0.887,null,null,null,null,null,null,-1,null,null,3.574,-23.673,-29.138,-18.629,null,null,null,null,null,null,null,null,null,NIOHELZQFBGCEO,null,TRND,QCbIBRfcbKywntbYaf,null,null,null,null,null,null,null,null,null,null,null,null,null,0,4,0,null,null,173033,0 0 0 0,1,1,2025-06-17 16:13:51,null,null,null,null,null,null,null,364797679,activity,null,HTS,null,-5.896,3.574,-4.042,-23.673,null,null,null,null,null,null,null,null,null,null,null,null,null,null,null,null,null,null,null,null,null,278941691
TRND-Glioblastoma_LOPAC_U251-primary_screen2,NCGC00015299-13,activity,null,4,14.5,3.523,OC1=C(O)C=C2C(CNCCC2=C1)C3=CC=CC=C3,null,null,null,null,null,D047,SIGMA,2021_LOPAC_01,null,null,(±)-SKF-38393 hydrochloride,null,4,null,null,null,14.129,14.5,4.504,1,1,null,null,null,null,null,null,0,null,null,14.445,0.316,28.356,28.373,null,null,null,null,null,null,null,null,null,JUDKOGFHZYMDMF,null,TRND,YKLLqMVzMFdZpJwyQX,null,null,null,null,CL,null,null,null,null,null,null,null,null,0,4,1,null,null,173033,0 0 0 1,1,1,2025-06-17 16:13:51,null,null,null,null,null,null,null,364797495,activity,null,HTS,null,0.316,14,14.445,3.523,null,null,null,null,null,null,null,null,null,null,null,null,null,null,null,null,null,null,null,null,null,278941692
TRND-Glioblastoma_LOPAC_U251-primary_screen2,NCGC00093593-05,activity,null,4,-19,12.143,N[C@@H](CCCC(O)=O)C(O)=O,null,null,null,null,null,A7275,SIGMA,2021_LOPAC_01,null,null,L-2-aminoadipic acid,null,4,null,null,null,18.608,-0.5,4.045,1,1,null,null,null,null,null,null,18.5,null,null,18.191,-0.417,52.782,53.318,null,null,null,null,null,null,null,null,null,OYIFNHCXNCRBQI,null,TRND,QcYJcWhcDVQdTdtTrH,null,null,null,null,null,null,null,null,null,1118-90-7,null,null,null,0,4,1,null,null,173033,0 0 0 1,1,1,2025-06-17 16:13:51,null,null,null,null,null,null,null,364796291,activity,null,HTS,null,18.191,4.022,-0.417,12.143,null,null,null,null,null,null,null,null,null,null,null,null,null,null,null,null,null,null,null,null,null,278941693
TRND-Glioblastoma_LOPAC_U251-primary_screen2,NCGC00013495-24,activity,null,4,-19.882,-12.402,[H][C@]12CC[C@]([H])(C[C@@]([H])(C1)OC(C3=CC=CC=C3)C4=CC=CC=C4)N2C,null,null,null,null,null,B8262,SIGMA,2021_LOPAC_01,null,null,Benztropine mesylate,null,4,null,null,null,22.2,-12.882,2.406,0.325,0.929,null,null,null,null,null,null,7,null,null,9.798,-12.402,10.667,17.05,null,null,null,null,null,null,null,null,null,GIJXKZJWITVLHI,null,TRND,WLNzDCOGhsPUTVubHV,null,null,null,null,SULFONICACID_V1,null,null,null,null,132-17-2,null,null,null,0,4,0,null,null,173033,0 0 0 0,1,1,2025-06-17 16:13:51,null,null,null,null,null,null,null,364797771,activity,null,HTS,null,3.904,9.798,-0.707,-12.402,null,null,null,null,null,null,null,null,null,null,null,null,null,null,null,null,null,null,null,null,null,278941694
TRND-Glioblastoma_LOPAC_U251-primary_screen2,NCGC00379159-07,activity,17.782794,-3,-98.202,-86.761,O=C(NC1=CC2=C(C#N)C3=NC4=CC=CC=C4N=C3N2C=C1)C5=CC=CS5,null,null,null,null,null,SML0796,SIGMA,2021_LOPAC_01,-4.75,null,HI-TOPK-032,null,-3,null,null,null,92.382,-93.702,4.095,0.026,1,null,null,null,null,null,null,4.5,null,null,5.621,-86.761,-30.287,-28.022,null,null,null,null,null,null,null,null,null,BCSBXWKRZUPFHW,null,TRND,AtEFDINpGctfopmLlw,null,null,null,null,null,null,null,null,null,null,null,null,null,0,4,0,null,null,173033,0 0 0 0,1,1,2025-06-17 16:13:51,null,null,null,null,null,null,null,364798423,activity,null,HTS,18.377205,3.352,5.621,2.992,-86.761,null,null,null,null,null,null,null,null,null,null,null,null,null,null,null,null,null,null,null,null,null,278941695
TRND-Glioblastoma_LOPAC_U251-primary_screen2,NCGC00344531-05,activity,null,4,0,8.668,N[C@@H]([C@H](O)C1=CC=C(O)C(O)=C1)C(O)=O,null,null,null,null,null,D9446,SIGMA,2021_LOPAC_01,null,null,L-DOPS,null,4,null,null,null,8.781,0,null,null,null,null,null,null,null,null,null,0,null,null,9.868,1.087,18.364,null,null,null,null,null,null,null,null,null,null,QXWYKJLNLSIPIN,null,TRND,AfkSZXWfjbaZdCpKCt,null,null,null,null,null,null,null,null,null,23651-95-8,null,null,null,0,4,null,null,null,173033,null,1,1,2025-06-17 16:13:51,null,null,null,null,null,null,null,364797651,activity,null,HTS,null,1.087,9.868,5.568,8.668,null,null,null,null,null,null,null,null,null,null,null,null,null,null,null,null,null,null,null,null,null,278941696
TRND-Glioblastoma_LOPAC_U251-primary_screen2,NCGC00015495-07,activity,null,4,-9.38,-5.734,COC1=CC2=C(NC=C2CCNC(C)=O)C=C1O,null,null,null,null,null,H0627,SIGMA,2021_LOPAC_01,null,null,6-Hydroxymelatonin,null,4,null,null,null,10.899,-6.88,4.955,0.668,0.561,null,null,null,null,null,null,2.5,null,null,5.165,-5.734,10.638,7.405,null,null,null,null,null,null,null,null,null,OMYMRCXOJJZYKE,null,TRND,HNnWqgeUBxjQizMTBr,null,null,null,null,null,null,null,null,null,2208-41-5,null,null,null,0,4,0,null,null,173033,0 0 0 0,1,1,2025-06-17 16:13:51,null,null,null,null,null,null,null,364799027,activity,null,HTS,null,4.305,-2.73,5.165,-5.734,null,null,null,null,null,null,null,null,null,null,null,null,null,null,null,null,null,null,null,null,null,278941697
TRND-Glioblastoma_LOPAC_U251-primary_screen2,NCGC00015750-16,activity,null,4,0,5.132,[O-][N+](=O)C1=C2NN=CC2=CC=C1,null,null,null,null,null,N7778,SIGMA,2021_LOPAC_01,null,null,7-Nitroindazole,null,4,null,null,null,4.82,0,null,null,null,null,null,null,null,null,null,0,null,null,5.401,0.581,19.055,null,null,null,null,null,null,null,null,null,null,PQCAUHUKTBHUSA,null,TRND,VKVKTRQchtScHlDpPR,null,null,null,null,null,null,null,null,null,2942-42-9,null,null,null,0,4,null,null,null,173033,null,1,1,2025-06-17 16:13:51,null,null,null,null,null,null,null,364798011,activity,null,HTS,null,4.388,5.401,0.581,5.132,null,null,null,null,null,null,null,null,null,null,null,null,null,null,null,null,null,null,null,null,null,278941698
TRND-Glioblastoma_LOPAC_U251-primary_screen2,NCGC00015178-11,activity,null,4,15.5,16.772,CN1C2=C(NC(=N2)C3CCCC3)C(=O)N(C)C1=O,null,null,null,null,null,C102,SIGMA,2021_LOPAC_01,null,null,"8-Cyclopentyl-1,3-dimethylxanthine",null,4,null,null,null,15.445,18.5,4.955,0.257,0.957,null,null,null,null,null,null,3,null,null,16.772,1.327,19.286,21.272,null,null,null,null,null,null,null,null,null,SCVHFRLUNIOSGI,null,TRND,roiYiHuzNehPBFjEny,null,null,null,null,null,null,null,null,null,null,null,null,null,0,4,0,null,null,173033,0 0 0 0,1,1,2025-06-17 16:13:51,null,null,null,null,null,null,null,364800123,activity,null,HTS,null,2.241,4.752,1.327,16.772,null,null,null,null,null,null,null,null,null,null,null,null,null,null,null,null,null,null,null,null,null,278941699
TRND-Glioblastoma_LOPAC_U251-primary_screen2,NCGC00015714-29,activity,null,4,-7.033,-2.845,COCCOC(=O)C1=C(C)NC(C)=C(C1C2=CC=CC(=C2)[N+]([O-])=O)C(=O)OC(C)C,null,null,null,null,null,N149,SIGMA,2021_LOPAC_01,null,null,Nimodipine,null,4,null,null,null,11.1,-5.533,4.955,0.569,0.73,null,null,null,null,null,null,1.5,null,null,3.156,-7.944,-4.251,-1.615,null,null,null,null,null,null,null,null,null,UIAGMCDKSXEBJQ,null,TRND,owPBFDvGkBKkGZLUKb,null,null,null,null,null,null,null,null,null,66085-59-4,null,null,null,0,4,0,null,null,173033,0 0 0 0,1,1,2025-06-17 16:13:51,null,null,null,null,null,null,null,364796771,activity,null,HTS,null,0.214,3.156,-7.944,-2.845,null,null,null,null,null,null,null,null,null,null,null,null,null,null,null,null,null,null,null,null,null,278941700
TRND-Glioblastoma_LOPAC_U251-primary_screen2,NCGC00015083-12,activity,null,4,0,2.094,NCCCCNC(N)=N,null,null,null,null,null,A7127,SIGMA,2021_LOPAC_01,null,null,Agmatine sulfate,null,4,null,null,null,8.563,0,null,null,null,null,null,null,null,null,null,0,null,null,10.182,1.619,15.032,null,null,null,null,null,null,null,null,null,null,QYPPJABKJHAVHS,null,TRND,NGHJVQJxHGaKNuCMxV,null,null,null,null,SULFURIC_ACID,null,null,null,null,2482-00-0,null,null,null,0,4,null,null,null,173033,null,1,1,2025-06-17 16:13:51,null,null,null,null,null,null,null,364798823,activity,null,HTS,null,2.046,1.619,10.182,2.094,null,null,null,null,null,null,null,null,null,null,null,null,null,null,null,null,null,null,null,null,null,278942211
TRND-Glioblastoma_LOPAC_U251-primary_screen2,NCGC00167492-12,activity,11.220185,-3,-61.57,-62.342,COC(=O)C1=C(C)NC(C)=C(C1C2=CC(=CC=C2)[N+]([O-])=O)C(=O)OC(C)(C)CN(C)CCC(C3=CC=CC=C3)C4=CC=CC=C4,null,null,null,null,null,L6668,SIGMA,2021_LOPAC_01,-4.95,null,Lercanidipine hydrochloride hemihydrate,null,-3,null,null,null,63.117,-63.07,4.095,0.088,0.995,null,null,null,null,null,null,-1.5,null,null,0.775,-62.342,-49.265,-43.624,null,null,null,null,null,null,null,null,null,ZDXUKAKRHYTAKV,null,TRND,OhuWfHkJlvaoNysHrU,null,null,null,null,CL,null,null,null,null,132866-11-6,null,null,null,0,4,0,null,null,173033,0 0 0 0,1,1,2025-06-17 16:13:51,null,null,null,null,null,null,null,364799375,activity,null,HTS,15.570118,-4.177,0.775,-7.782,-62.342,null,null,null,null,null,null,null,null,null,null,null,null,null,null,null,null,null,null,null,null,null,278942212
TRND-Glioblastoma_LOPAC_U251-primary_screen2,NCGC00087387-12,activity,10,-3,-49.698,-44.034,CC1=CC(Cl)=CC=C1OCCCC(=O)NO,null,null,null,null,null,D6321,SIGMA,2021_LOPAC_01,-5,null,Droxinostat,null,-3,null,null,null,47.945,-46.198,2.638,0.042,0.999,null,null,null,null,null,null,3.5,null,null,3.912,-44.034,-17.063,-17.695,null,null,null,null,null,null,null,null,null,JHSXDAWGLCZYSM,null,TRND,OuKuXwygBFClBhPjcW,null,"Histone deacetylase 6, class IIB inhibitor",null,null,null,null,null,null,null,null,HDAC6,null,null,0,4,0,null,null,173033,0 0 0 0,1,1,2025-06-17 16:13:51,null,null,null,null,null,null,null,364800415,activity,null,HTS,null,3.912,2.108,-8.928,-44.034,null,null,null,null,null,null,null,null,null,null,null,null,null,null,null,null,null,null,null,null,null,278942213
TRND-Glioblastoma_LOPAC_U251-primary_screen2,NCGC00162278-07,activity,null,4,-11.067,-0.655,C[C@@H]1O[C@H](C[N+](C)(C)C)C[C@H]1O,null,null,null,null,null,M104,SIGMA,2021_LOPAC_01,null,null,(±)-Muscarine chloride,null,4,null,null,null,13.668,-2.067,4.955,0.287,0.946,null,null,null,null,null,null,9,null,null,9.862,-3.806,26.928,28.658,null,null,null,null,null,null,null,null,null,UQOFGTXDASPNLL,null,TRND,UKLKXdKjYWtJQDetIt,null,null,null,null,CL,null,null,null,null,2303-35-7,null,null,null,0,4,0,null,null,173033,0 0 0 0,1,1,2025-06-17 16:13:51,null,null,null,null,null,null,null,364799175,activity,null,HTS,null,8.303,9.862,-3.806,-0.655,null,null,null,null,null,null,null,null,null,null,null,null,null,null,null,null,null,null,null,null,null,278942214
TRND-Glioblastoma_LOPAC_U251-primary_screen2,NCGC00015270-06,activity,null,4,19.718,6.027,OC(=O)C1=CC(=O)C=C(N1)C(O)=O,null,null,null,null,null,C8011,SIGMA,2021_LOPAC_01,null,null,Chelidamic acid,null,4,null,null,null,20.284,20.5,4.955,1,0.836,null,null,null,null,null,null,0.782,null,null,16.769,-3.515,31.189,25.155,null,null,null,null,null,null,null,null,null,XTLJJHGQACAZMS,null,TRND,ShwfCpcrITsrUgCOKl,null,null,null,null,H2O,null,null,null,null,null,null,null,null,0,4,1,null,null,173033,0 0 0 1,1,1,2025-06-17 16:13:51,null,null,null,null,null,null,null,364799119,activity,null,HTS,null,4.722,-3.515,16.769,6.027,null,null,null,null,null,null,null,null,null,null,null,null,null,null,null,null,null,null,null,null,null,278942215
TRND-Glioblastoma_LOPAC_U251-primary_screen2,NCGC00015724-30,activity,null,4,14.413,-3.893,OC(=O)C1=C(NC2=CC=CC(=C2)C(F)(F)F)N=CC=C1,null,null,null,null,null,N0630,SIGMA,2021_LOPAC_01,null,null,Niflumic acid,null,4,null,null,null,19.72,11,4.955,1,0.47,null,null,null,null,null,null,-3.413,null,null,8.543,-11.177,13.219,-0.335,null,null,null,null,null,null,null,null,null,JZFPYUNJRRFVQU,null,TRND,WqlpwGEiEHfnKjgusY,null,null,null,null,null,null,null,null,null,4394-00-7,null,null,null,0,4,1,null,null,173033,0 0 0 1,1,1,2025-06-17 16:13:51,null,null,null,null,null,null,null,364798583,activity,null,HTS,null,3.807,-11.177,8.543,-3.893,null,null,null,null,null,null,null,null,null,null,null,null,null,null,null,null,null,null,null,null,null,278942216
TRND-Glioblastoma_LOPAC_U251-primary_screen2,NCGC00015840-19,activity,null,4,-10.414,-3.813,OC1=CC=C(CCC(=O)C2=C(O)C=C(O)C=C2O)C=C1,null,null,null,null,null,P7912,SIGMA,2021_LOPAC_01,null,null,Phloretin,null,4,null,null,null,10.784,-2.414,4.955,0.575,0.722,null,null,null,null,null,null,8,null,null,5.856,-4.928,11.576,11.892,null,null,null,null,null,null,null,null,null,VGEREEWJJVICBM,null,TRND,mHUgJphvBDPMubtoIP,null,Vascular cell adhesion protein 1 Expression inhibitor,null,null,null,null,null,null,null,60-82-2,VCAM1,null,null,0,4,0,null,null,173033,0 0 0 0,1,1,2025-06-17 16:13:51,null,null,null,null,null,null,null,364798859,activity,null,HTS,null,5.856,-4.928,1.105,-3.813,null,null,null,null,null,null,null,null,null,null,null,null,null,null,null,null,null,null,null,null,null,278942217
TRND-Glioblastoma_LOPAC_U251-primary_screen2,NCGC00015110-23,activity,null,4,0,0.312,CCC1(CCC(=O)NC1=O)C2=CC=C(N)C=C2,null,null,null,null,null,A9657,SIGMA,2021_LOPAC_01,null,null,(±)-p-Aminoglutethimide,null,4,null,null,null,3.988,0,null,null,null,null,null,null,null,null,null,0,null,null,3.921,-0.067,3.812,null,null,null,null,null,null,null,null,null,null,ROBVIMPUHSLWNV,null,TRND,zxvAjEtzosTlUJNfNT,null,Aromatase inhibitor,null,null,null,null,null,null,null,125-84-8,CYP19A1,null,null,0,4,null,null,null,173033,null,1,1,2025-06-17 16:13:51,null,null,null,null,null,null,null,364798099,activity,null,HTS,null,-0.067,3.921,1.564,0.312,null,null,null,null,null,null,null,null,null,null,null,null,null,null,null,null,null,null,null,null,null,278942218
TRND-Glioblastoma_LOPAC_U251-primary_screen2,NCGC00015993-07,activity,null,4,18.681,14.907,CP([O-])(=O)C1=CC[NH2+]CC1,null,null,null,null,null,T200,SIGMA,2021_LOPAC_01,null,null,TPMPA,null,4,null,null,null,20.058,17,4.955,0.464,0.839,null,null,null,null,null,null,-1.681,null,null,14.907,-5.151,11.135,0.75,null,null,null,null,null,null,null,null,null,MFUKVPOVVKKLRQ,null,TRND,nFXRCoayexdnNtheJZ,null,null,null,null,H2O,null,null,null,null,182485-36-5,null,null,null,0,4,0,null,null,173033,0 0 0 0,1,1,2025-06-17 16:13:51,null,null,null,null,null,null,null,364799859,activity,null,HTS,null,3.317,-3.298,-5.151,14.907,null,null,null,null,null,null,null,null,null,null,null,null,null,null,null,null,null,null,null,null,null,278942219
TRND-Glioblastoma_LOPAC_U251-primary_screen2,NCGC00379182-04,activity,null,4,0,-0.17,CC1=CC(CN)=CC(C)=C1NC(=O)C2=CC=C(O2)C3=C(Cl)C=CC(Cl)=C3,null,null,null,null,null,SML1066,SIGMA,2021_LOPAC_01,null,null,CYM50358,null,4,null,null,null,2.147,0,null,null,null,null,null,null,null,null,null,0,null,null,0.532,-1.615,0.337,null,null,null,null,null,null,null,null,null,null,QWJOPXDAQCDRRM,null,TRND,JagfnJBoAEcgqsUdNL,null,null,null,null,null,null,null,null,null,null,null,null,null,0,4,null,null,null,173033,null,1,1,2025-06-17 16:13:51,null,null,null,null,null,null,null,364795575,activity,null,HTS,null,0.532,0.115,-1.615,-0.17,null,null,null,null,null,null,null,null,null,null,null,null,null,null,null,null,null,null,null,null,null,278942220
TRND-Glioblastoma_LOPAC_U251-primary_screen2,NCGC00015269-12,activity,null,4,0,-4.551,CN(C1CCCCC1)C(=O)CCCOC2=CC3=C(NC(=O)C=C3)C=C2,null,null,null,null,null,C7971,SIGMA,2021_LOPAC_01,null,null,Cilostamide,null,4,null,null,null,8.243,0,null,null,null,null,null,null,null,null,null,0,null,null,3.692,-4.551,6.185,null,null,null,null,null,null,null,null,null,null,UIAYVIIHMORPSJ,null,TRND,RxdwXcuXPBZdZygaRe,null,null,null,null,null,null,null,null,null,68550-75-4,null,null,null,0,4,null,null,null,173033,null,1,1,2025-06-17 16:13:51,null,null,null,null,null,null,null,364798479,activity,null,HTS,null,2.349,3.692,-0.745,-4.551,null,null,null,null,null,null,null,null,null,null,null,null,null,null,null,null,null,null,null,null,null,278942221
TRND-Glioblastoma_LOPAC_U251-primary_screen2,NCGC00024948-07,activity,null,4,-9.016,-5.013,CCOC(=O)C12CC1\C(=N/O)C3=C(O2)C=CC=C3,null,null,null,null,null,SML1124,SIGMA,2021_LOPAC_01,null,null,CPCCOEt,null,4,null,null,null,15.367,-5.016,4.955,0.704,0.473,null,null,null,null,null,null,4,null,null,10.354,-5.013,-3.862,8.974,null,null,null,null,null,null,null,null,null,FXCTZFMSAHZQTR,null,TRND,WbLOALOQxVAlVntTbv,null,null,null,null,null,null,null,null,null,null,null,null,null,0,4,0,null,null,173033,0 0 0 0,1,1,2025-06-17 16:13:51,null,null,null,null,null,null,null,364798655,activity,null,HTS,null,-2.192,10.354,-3.4,-5.013,null,null,null,null,null,null,null,null,null,null,null,null,null,null,null,null,null,null,null,null,null,278942222
TRND-Glioblastoma_LOPAC_U251-primary_screen2,NCGC00025179-31,activity,19.952623,-3,-51.442,-42.104,[H][C@@]12CC[C@@](O)(C#CC)[C@@]1(C)C[C@H](C3=CC=C(C=C3)N(C)C)C4=C5CCC(=O)C=C5CC[C@@]24[H],null,null,null,null,null,M8046,SIGMA,2021_LOPAC_01,-4.7,null,Mifepristone,null,-3,null,null,null,50.824,-45.442,4.955,0.127,0.99,null,null,null,null,null,null,6,null,null,8.72,-42.104,-2.75,2.975,null,null,null,null,null,null,null,null,null,VKHAHZOOUSRJNA,null,TRND,TZNDImHXWhyEXqlxAt,null,Progesterone Receptor antagonist,null,null,null,null,null,null,null,84371-65-3,PGR,null,null,0,4,0,null,null,173033,0 0 0 0,1,1,2025-06-17 16:13:51,null,null,null,null,null,null,null,364796123,activity,null,HTS,null,3.11,6.661,8.72,-42.104,null,null,null,null,null,null,null,null,null,null,null,null,null,null,null,null,null,null,null,null,null,278942223
TRND-Glioblastoma_LOPAC_U251-primary_screen2,NCGC00690006-01,activity,null,4,15.06,-6.942,CCN(C)C(=O)C2(CCOC1=CC=CC=C1)CCN(CC3=CC(Cl)=C(O)C=C3)CC2,null,null,null,null,null,SML2164,SIGMA,2021_LOPAC_01,null,null,Bepristat 1a,null,4,null,null,null,15.137,9,1.594,1,1,null,null,null,null,null,null,-6.06,null,null,8.194,-6.942,-1.026,-0.823,null,null,null,null,null,null,null,null,null,AYJKPBTXOIHUFT,null,TRND,EjUePGygCTAoUgchCS,null,null,null,null,null,null,null,null,null,null,null,null,null,0,4,1,null,null,173033,0 0 0 1,1,1,2025-06-17 16:13:51,null,null,null,null,null,null,null,364797587,activity,null,HTS,null,-4.633,2.568,8.194,-6.942,null,null,null,null,null,null,null,null,null,null,null,null,null,null,null,null,null,null,null,null,null,278942224
TRND-Glioblastoma_LOPAC_U251-primary_screen2,NCGC00015151-06,activity,null,4,0,0.041,C[N+](C)(C)CC=O,null,null,null,null,null,B3650,SIGMA,2021_LOPAC_01,null,null,Betaine aldehyde chloride,null,4,null,null,null,5.084,0,null,null,null,null,null,null,null,null,null,0,null,null,5.125,0.041,8.337,null,null,null,null,null,null,null,null,null,null,SXKNCCSPZDCRFD,null,TRND,VWXreUYpBEKapUnOSl,null,null,null,null,CL,null,null,null,null,null,null,null,null,0,4,null,null,null,173033,null,1,1,2025-06-17 16:13:51,null,null,null,null,null,null,null,364797099,activity,null,HTS,null,1.039,5.125,2.646,0.041,null,null,null,null,null,null,null,null,null,null,null,null,null,null,null,null,null,null,null,null,null,278942225
TRND-Glioblastoma_LOPAC_U251-primary_screen2,NCGC00015766-27,activity,null,4,9.5,5.249,CC1=CC(=C(O)C(C)=C1CC2=NCCN2)C(C)(C)C,null,null,null,null,null,O2378,SIGMA,2021_LOPAC_01,null,null,Oxymetazoline hydrochloride,null,4,null,null,null,12.965,7.5,4.955,0.73,0.398,null,null,null,null,null,null,-2,null,null,13.772,0.807,17.55,16.831,null,null,null,null,null,null,null,null,null,WYWIFABBXFUGLM,null,TRND,bCsKQvBsIloCwrUjpJ,null,Alpha-1A Adrenergic Receptor agonist,null,null,CL,null,null,null,null,151615,ADRA1A,null,null,0,4,0,null,null,173033,0 0 0 0,1,1,2025-06-17 16:13:51,null,null,null,null,null,null,null,364797283,activity,null,HTS,null,0.807,13.772,4.186,5.249,null,null,null,null,null,null,null,null,null,null,null,null,null,null,null,null,null,null,null,null,null,278942226
TRND-Glioblastoma_LOPAC_U251-primary_screen2,NCGC00093933-05,activity,null,4,0,0.871,N[C@@H](CC1=CC=C(F)C=C1)C(O)=O,null,null,null,null,null,F4646,SIGMA,2021_LOPAC_01,null,null,p-Fluoro-L-phenylalanine,null,4,null,null,null,8.648,0,null,null,null,null,null,null,null,null,null,0,null,null,8.28,-0.368,27.662,null,null,null,null,null,null,null,null,null,null,XWHHYOYVRVGJJY,null,TRND,nxAjpLLTQEjMUuHXWM,null,null,null,null,null,null,null,null,null,1132-68-9,null,null,null,0,4,null,null,null,173033,null,1,1,2025-06-17 16:13:51,null,null,null,null,null,null,null,364799707,activity,null,HTS,null,8.28,6.417,-0.368,0.871,null,null,null,null,null,null,null,null,null,null,null,null,null,null,null,null,null,null,null,null,null,278942227
TRND-Glioblastoma_LOPAC_U251-primary_screen2,NCGC00387496-04,activity,null,4,-10.548,-10.456,CC1=CC(C)=NC(SCC(=O)NC2=NC=C(CC3=CC=CC4=C3C=CC=C4)S2)=N1,null,null,null,null,null,SML1514,SIGMA,2021_LOPAC_01,null,null,SirReal2,null,4,null,null,null,11.319,-10.548,4.955,0.206,0.973,null,null,null,null,null,null,0,null,null,0.863,-10.456,-8.697,-6.041,null,null,null,null,null,null,null,null,null,MENNDDDTIIZDDN,null,TRND,rtCwWuaAjsNmfKQkdB,null,null,null,null,null,null,null,null,null,null,null,null,null,0,4,0,null,null,173033,0 0 0 0,1,1,2025-06-17 16:13:51,null,null,null,null,null,null,null,364798807,activity,null,HTS,null,-1.182,0.863,-0.747,-10.456,null,null,null,null,null,null,null,null,null,null,null,null,null,null,null,null,null,null,null,null,null,278942228
TRND-Glioblastoma_LOPAC_U251-primary_screen2,NCGC00015868-08,activity,null,4,0,2.868,[O-][N+](=O)C1=CC=C2N=C(C=CC2=C1)N3CCNCC3,null,null,null,null,null,Q109,SIGMA,2021_LOPAC_01,null,null,"Quipazine, 6-nitro-, maleate",null,4,null,null,null,6.843,0,null,null,null,null,null,null,null,null,null,0,null,null,2.868,-3.976,-9.076,null,null,null,null,null,null,null,null,null,null,GGDBEAVVGFNWIA,null,TRND,SBwljlOJGqrIcMxCmQ,null,null,null,null,MALEATE,null,null,null,null,129047-05-8,null,null,null,0,4,null,null,null,173033,null,1,1,2025-06-17 16:13:51,null,null,null,null,null,null,null,364798347,activity,null,HTS,null,-3.976,-1.483,2.124,2.868,null,null,null,null,null,null,null,null,null,null,null,null,null,null,null,null,null,null,null,null,null,278942229
TRND-Glioblastoma_LOPAC_U251-primary_screen2,NCGC00015771-29,activity,null,4,8.188,8.867,CN(C)CCOC(C1=CC=CC=C1)C2=C(C)C=CC=C2,null,null,null,null,null,O3752,SIGMA,2021_LOPAC_01,null,null,Orphenadrine hydrochloride,null,4,null,null,null,11.523,10,4.955,0.663,0.572,null,null,null,null,null,null,1.812,null,null,8.867,-2.656,16.058,12.307,null,null,null,null,null,null,null,null,null,QVYRGXJJSLMXQH,null,TRND,WdEDysuYReZQRFJhmw,null,null,null,null,CL,null,null,null,null,341-69-5,null,null,null,0,4,0,null,null,173033,0 0 0 0,1,1,2025-06-17 16:13:51,null,null,null,null,null,null,null,364796019,activity,null,HTS,null,3.743,4.105,-2.656,8.867,null,null,null,null,null,null,null,null,null,null,null,null,null,null,null,null,null,null,null,null,null,278942230
TRND-Glioblastoma_LOPAC_U251-primary_screen2,NCGC00387064-06,activity,null,4,0,5.363,CCCCCCCCCCCC(=O)C1=C(O)C(C(=O)CCCCCCCCCCC)=C(O)C(C2CC(OC3=C2C=CC(O)=C3)C4=CC=C(O)C=C4)=C1O,null,null,null,null,null,SML1226,SIGMA,2021_LOPAC_01,null,null,YM-26734,null,4,null,null,null,5.97,0,null,null,null,null,null,null,null,null,null,0,null,null,5.363,-0.608,14.944,null,null,null,null,null,null,null,null,null,null,CEJAYJCUSZHYDS,null,TRND,nHYEDsjwKTXDuQVUno,null,null,null,null,null,null,null,null,null,null,null,null,null,0,4,null,null,null,173033,null,1,1,2025-06-17 16:13:51,null,null,null,null,null,null,null,364796371,activity,null,HTS,null,3.239,5.094,-0.608,5.363,null,null,null,null,null,null,null,null,null,null,null,null,null,null,null,null,null,null,null,null,null,278942231
TRND-Glioblastoma_LOPAC_U251-primary_screen2,NCGC00017400-24,activity,null,4,0,3.316,[H][C@@]12CCCN1C(=O)[C@]([H])(CC3=CC=CC=C3)N4C(=O)[C@](C)(NC(=O)[C@@]5([H])CN(C)[C@]6([H])CC7=CNC8=CC=CC(=C78)[C@@]6([H])C5)O[C@@]24O,null,null,null,null,null,D2763,SIGMA,2021_LOPAC_01,null,null,Dihydroergotamine methanesulfonate,null,4,null,null,null,9.641,0,null,null,null,null,null,null,null,null,null,0,null,null,7.667,-1.974,22.635,null,null,null,null,null,null,null,null,null,null,LUZRJRNZXALNLM,null,TRND,btphlFxXuDSKMyVLIq,null,null,null,null,SULFONICACID_V1,null,null,null,null,6190-39-2,null,null,null,0,4,null,null,null,173033,null,1,1,2025-06-17 16:13:51,null,null,null,null,null,null,null,364797503,activity,null,HTS,null,7.667,1.424,-1.974,3.316,null,null,null,null,null,null,null,null,null,null,null,null,null,null,null,null,null,null,null,null,null,278942232
TRND-Glioblastoma_LOPAC_U251-primary_screen2,NCGC00093543-05,activity,null,4,-11.939,-7.449,C[C@H](CCC(=O)NCC[S+](O)([O-])=O)C1CCC2C3[C@H](O)CC4C[C@H](O)CCC4(C)C3C[C@H](O)C12C,null,null,null,null,null,T9034,SIGMA,2021_LOPAC_01,null,null,Sodium Taurocholate hydrate,null,4,null,null,null,11.657,-7.939,4.095,0.057,0.998,null,null,null,null,null,null,4,null,null,4.208,-7.449,12.87,12.572,null,null,null,null,null,null,null,null,null,NPEDSWAUKPNTNM,null,TRND,ytciyJEHdLiPIdDNOB,null,null,null,null,SODIUM,null,null,null,null,[NO STEREO] 81-24-3,null,null,null,0,4,0,null,null,173033,0 0 0 0,1,1,2025-06-17 16:13:51,null,null,null,null,null,null,null,364796251,activity,null,HTS,null,4.208,3.621,3.687,-7.449,null,null,null,null,null,null,null,null,null,null,null,null,null,null,null,null,null,null,null,null,null,278942233
TRND-Glioblastoma_LOPAC_U251-primary_screen2,NCGC00015462-24,activity,null,4,-10.875,4.071,CC1=NC=C(N=C1)C(=O)NCCC2=CC=C(C=C2)[S+]([O-])(=O)NC(=O)NC3CCCCC3,null,null,null,null,null,G117,SIGMA,2021_LOPAC_01,null,null,Glipizide,null,4,null,null,null,10.381,-2.875,2.588,1,1,null,null,null,null,null,null,8,null,null,7.569,-2.812,17.584,17.427,null,null,null,null,null,null,null,null,null,MKGWVFBAAZYWCF,null,TRND,WLSuDysNeFkGBVuKXs,null,K(ATP) Channel activator,null,null,null,null,null,null,null,29094-61-9,KCNJ8,null,null,0,4,1,null,null,173033,0 0 0 1,1,1,2025-06-17 16:13:51,null,null,null,null,null,null,null,364799811,activity,null,HTS,null,7.569,0.035,-2.812,4.071,null,null,null,null,null,null,null,null,null,null,null,null,null,null,null,null,null,null,null,null,null,278942234
TRND-Glioblastoma_LOPAC_U251-primary_screen2,NCGC00021146-29,activity,null,4,-20.26,-13.966,FC1=CC=C(C=C1)C(=O)C2CCN(CCN3C(=O)NC4=C(C=CC=C4)C3=O)CC2,null,null,null,null,null,S006,SIGMA,2021_LOPAC_01,null,null,Ketanserin tartrate,null,4,null,null,null,23.241,-16.26,4.955,0.495,0.811,null,null,null,null,null,null,4,null,null,9.275,-13.966,-1.731,9.417,null,null,null,null,null,null,null,null,null,FPCCSQOGAWCVBH,null,TRND,BIUbzwZjNEJyzVxnUi,null,null,null,null,TARTRATE,null,null,null,null,[NO STEREO] 83846-83-7,null,null,null,0,4,0,null,null,173033,0 0 0 0,1,1,2025-06-17 16:13:51,null,null,null,null,null,null,null,364800603,activity,null,HTS,null,-1.11,3.158,9.275,-13.966,null,null,null,null,null,null,null,null,null,null,null,null,null,null,null,null,null,null,null,null,null,278942235
TRND-Glioblastoma_LOPAC_U251-primary_screen2,NCGC00015277-22,activity,null,4,0,4.186,CCN1N=C(C(O)=O)C(=O)C2=C1C=C3OCOC3=C2,null,null,null,null,null,C8645,SIGMA,2021_LOPAC_01,null,null,Cinoxacin,null,4,null,null,null,3.903,0,null,null,null,null,null,null,null,null,null,0,null,null,4.186,0.283,3.817,null,null,null,null,null,null,null,null,null,null,VDUWPHTZYNWKRN,null,TRND,YMGxejQApBhpmbEokQ,null,null,null,null,null,null,null,null,null,28657-80-9,null,null,null,0,4,null,null,null,173033,null,1,1,2025-06-17 16:13:51,null,null,null,null,null,null,null,364799775,activity,null,HTS,null,0.321,0.756,0.283,4.186,null,null,null,null,null,null,null,null,null,null,null,null,null,null,null,null,null,null,null,null,null,278942236
TRND-Glioblastoma_LOPAC_U251-primary_screen2,NCGC00025188-11,activity,null,4,0,7.575,CC(N\C(NC1=CC=NC=C1)=N/C#N)C(C)(C)C,null,null,null,null,null,P154,SIGMA,2021_LOPAC_01,null,null,Pinacidil,null,4,null,null,null,5.642,0,null,null,null,null,null,null,null,null,null,0,null,null,8.728,3.085,21.421,null,null,null,null,null,null,null,null,null,null,IVVNZDGDKPTYHK,null,TRND,ilFMcSZNBuksugVaGP,null,null,null,null,H2O,null,null,null,null,60560-33-0,null,null,null,0,4,null,null,null,173033,null,1,1,2025-06-17 16:13:51,null,null,null,null,null,null,null,364800219,activity,null,HTS,null,3.085,8.728,3.972,7.575,null,null,null,null,null,null,null,null,null,null,null,null,null,null,null,null,null,null,null,null,null,278942237
TRND-Glioblastoma_LOPAC_U251-primary_screen2,NCGC00016056-07,activity,null,4,0,4.162,CNCCC(OC1=C(C)C=CC=C1)C2=CC=CC=C2,null,null,null,null,null,T7947,SIGMA,2021_LOPAC_01,null,null,Tomoxetine,null,4,null,null,null,7.583,0,null,null,null,null,null,null,null,null,null,0,null,null,4.512,-3.072,-3.763,null,null,null,null,null,null,null,null,null,null,VHGCDTVCOLNTBX,null,TRND,roLUwmCMvGjiKnHnMp,null,null,null,null,CL,null,null,null,null,[NO STEREO] 83015-26-3,null,null,null,0,4,null,null,null,173033,null,1,1,2025-06-17 16:13:51,null,null,null,null,null,null,null,364795991,activity,null,HTS,null,-3.072,-0.832,4.512,4.162,null,null,null,null,null,null,null,null,null,null,null,null,null,null,null,null,null,null,null,null,null,278942238
TRND-Glioblastoma_LOPAC_U251-primary_screen2,NCGC00015369-09,activity,null,4,0,-3.522,ClC1=C(Cl)C2=C(C=CC=C2)C(=O)O1,null,null,null,null,null,D7910,SIGMA,2021_LOPAC_01,null,null,"3,4-Dichloroisocoumarin",null,4,null,null,null,9.888,0,null,null,null,null,null,null,null,null,null,0,null,null,6.367,-3.522,-4.936,null,null,null,null,null,null,null,null,null,null,SUGXUUGGLDCZKB,null,TRND,BHxKDtdrWnAlMYAYrE,null,null,null,null,null,null,null,null,null,null,null,null,null,0,4,null,null,null,173033,null,1,1,2025-06-17 16:13:51,null,null,null,null,null,null,null,364798071,activity,null,HTS,null,-2.127,-2.339,6.367,-3.522,null,null,null,null,null,null,null,null,null,null,null,null,null,null,null,null,null,null,null,null,null,278942239
TRND-Glioblastoma_LOPAC_U251-primary_screen2,NCGC00015296-08,activity,null,4,0,-1.942,CCCN(CCC)CCC1=CC(O)=C(O)C=C1,null,null,null,null,null,D031,SIGMA,2021_LOPAC_01,null,null,Dipropyldopamine hydrobromide,null,4,null,null,null,9.771,0,null,null,null,null,null,null,null,null,null,0,null,null,6.94,-2.831,19.509,null,null,null,null,null,null,null,null,null,null,LMYSNFBROWBKMB,null,TRND,nvpaVSEZHKmrAMdaHD,null,null,null,null,BR,null,null,null,null,null,null,null,null,0,4,null,null,null,173033,null,1,1,2025-06-17 16:13:51,null,null,null,null,null,null,null,364799395,activity,null,HTS,null,6.363,6.94,-2.831,-1.942,null,null,null,null,null,null,null,null,null,null,null,null,null,null,null,null,null,null,null,null,null,278942240
TRND-Glioblastoma_LOPAC_U251-primary_screen2,NCGC00507729-02,activity,null,4,-12.037,-2.184,CCOC(=O)C1=CN=C(C=C1)C#CC2=CC3=C(SCC(C)(C)C3)C=C2,null,null,null,null,null,T7080,SIGMA,2021_LOPAC_01,null,null,Tazarotene,null,4,null,null,null,13.474,-4.537,2.333,0.375,0.903,null,null,null,null,null,null,7.5,null,null,7.193,-6.281,16.499,16.913,null,null,null,null,null,null,null,null,null,BNQWPOPTPDVAGV,null,TRND,xWvJPLtzAULXsJCAIm,null,null,null,null,null,null,null,null,null,null,null,null,null,0,4,0,null,null,173033,0 0 0 0,1,1,2025-06-17 16:13:51,null,null,null,null,null,null,null,364800243,activity,null,HTS,null,7.193,2.972,-6.281,-2.184,null,null,null,null,null,null,null,null,null,null,null,null,null,null,null,null,null,null,null,null,null,278942241
TRND-Glioblastoma_LOPAC_U251-primary_screen2,NCGC00242479-06,activity,null,4,0,1.271,COC1=C(N[S+]([O-])(=O)C2=C(N=CC=C2)C3=CC=C(C=C3)C4=NN=CO4)N=CC(C)=N1,null,null,null,null,null,SML1550,SIGMA,2021_LOPAC_01,null,null,Zibotentan,null,4,null,null,null,5.294,0,null,null,null,null,null,null,null,null,null,0,null,null,1.271,-4.022,-3.214,null,null,null,null,null,null,null,null,null,null,SOMYEPUSNJJLPY,null,TRND,taqbpjcLdDUhVocCWC,null,Endothelin-1 Receptor antagonist,null,null,null,null,null,null,null,186497-07-4,EDNRA,null,null,0,4,null,null,null,173033,null,1,1,2025-06-17 16:13:51,null,null,null,null,null,null,null,364798595,activity,null,HTS,null,-0.561,0.695,-4.022,1.271,null,null,null,null,null,null,null,null,null,null,null,null,null,null,null,null,null,null,null,null,null,278942242
TRND-Glioblastoma_LOPAC_U251-primary_screen2,NCGC00162143-12,activity,null,4,0,-1.444,OP([O-])(=O)C(Cl)(Cl)P(O)([O-])=O,null,null,null,null,null,D4434,SIGMA,2021_LOPAC_01,null,null,Clodronic acid,null,4,null,null,null,9.773,0,null,null,null,null,null,null,null,null,null,0,null,null,7.888,-1.885,14.601,null,null,null,null,null,null,null,null,null,null,ACSIXWWBWUQEHA,null,TRND,DaQkEUuNHMcAuLQpSU,null,null,null,null,SODIUM,null,null,null,null,null,null,null,null,0,4,null,null,null,173033,null,1,1,2025-06-17 16:13:51,null,null,null,null,null,null,null,364800075,activity,null,HTS,null,4.022,-1.885,7.888,-1.444,null,null,null,null,null,null,null,null,null,null,null,null,null,null,null,null,null,null,null,null,null,278942243
TRND-Glioblastoma_LOPAC_U251-primary_screen2,NCGC00015457-12,activity,null,4,17.884,15.382,OC(=O)C1=CCCNC1,null,null,null,null,null,G007,SIGMA,2021_LOPAC_01,null,null,Guvacine hydrochloride,null,4,null,null,null,20.285,17.5,4.955,0.518,0.787,null,null,null,null,null,null,-0.384,null,null,15.382,-4.903,17.658,6.475,null,null,null,null,null,null,null,null,null,QTDZOWFRBNTPQR,null,TRND,OpBQWQZBsFwhMsuHQt,null,null,null,null,CL,null,null,null,null,null,null,null,null,0,4,0,null,null,173033,0 0 0 0,1,1,2025-06-17 16:13:51,null,null,null,null,null,null,null,364796615,activity,null,HTS,null,5.005,-1.272,-4.903,15.382,null,null,null,null,null,null,null,null,null,null,null,null,null,null,null,null,null,null,null,null,null,278942244
TRND-Glioblastoma_LOPAC_U251-primary_screen2,NCGC00164591-18,activity,null,4,-11.488,-7.49,[H][C@@]1(C)CC[C@@]2([H])[C@@]([H])(C)[C@@]([H])(OC)O[C@]3([H])O[C@@]4(C)CC[C@]1([H])[C@@]23OO4,null,null,null,null,null,A9361,SIGMA,2021_LOPAC_01,null,null,Artemether,null,4,null,null,null,10.481,-7.988,1.248,0.015,1,null,null,null,null,null,null,3.5,null,null,2.99,-7.49,1.433,1.518,null,null,null,null,null,null,null,null,null,SXYIRMFQILZOAM,null,TRND,nYHgBDCYkRolVLThQj,null,Anti-malarial,null,null,null,null,null,null,null,71963-77-4,EXP-1,null,null,0,4,0,null,null,173033,0 0 0 0,1,1,2025-06-17 16:13:51,null,null,null,null,null,null,null,364799135,activity,null,HTS,null,2.99,0.539,-4.726,-7.49,null,null,null,null,null,null,null,null,null,null,null,null,null,null,null,null,null,null,null,null,null,278941157
TRND-Glioblastoma_LOPAC_U251-primary_screen2,NCGC00093644-13,activity,1,-1.3,-52.27,-82.738,COC1=C(NC2=C3C=CC=CC3=NC4=C2C=CC=C4)C=CC(N[S+](C)([O-])=O)=C1,null,null,null,null,null,A9809,SIGMA,2021_LOPAC_01,-6,null,Amsacrine hydrochloride,null,-1.1,null,null,null,54.332,-80.357,4.095,0.109,0.993,null,null,null,null,null,null,-28.087,null,null,-28.406,-82.738,-224.434,-224.504,null,null,null,null,null,null,null,null,null,KNMOYMMIMPXERW,null,TRND,dhQRIcmyIgWTIRMtaQ,null,DNA Intercalating Drug,null,null,HCL,null,null,null,null,GRT00154,H2AX,null,null,0,4,0,null,null,173033,0 0 0 0,1,1,2025-06-17 16:13:51,null,null,null,null,null,null,null,364800015,activity,null,HTS,1.129591,-28.406,-68.457,-77.606,-82.738,null,null,null,null,null,null,null,null,null,null,null,null,null,null,null,null,null,null,null,null,null,278941158
TRND-Glioblastoma_LOPAC_U251-primary_screen2,NCGC00159322-22,activity,4.466836,-2.4,-76.323,-68.62,[H][C@]1(CO)O[C@@]2([H])N3C=CC(=N)N=C3O[C@@]2([H])[C@]1([H])O,null,null,null,null,null,A8598,SIGMA,2021_LOPAC_01,-5.35,null,Ancitabine hydrochloride,null,-2.2,null,null,null,68.381,-74.11,1.134,0.057,0.998,null,null,null,null,null,null,2.214,null,null,-0.239,-68.62,-76.982,-77.751,null,null,null,null,null,null,null,null,null,BBDAGFIXKZCXAH,null,TRND,EuHTCXHIJfEaPVCOqS,null,DNA-Directed DNA Polymerase inhibitor,null,null,CL,null,null,null,null,10212-25-6,POLB,null,null,0,4,0,null,null,173033,0 0 0 0,1,1,2025-06-17 16:13:51,null,null,null,null,null,null,null,364799343,activity,null,HTS,8.498105,-0.239,-14.312,-43.251,-68.62,null,null,null,null,null,null,null,null,null,null,null,null,null,null,null,null,null,null,null,null,null,278941159
TRND-Glioblastoma_LOPAC_U251-primary_screen2,NCGC00165725-05,activity,null,4,-12.766,10.92,CN1CCC[C@H]1C2=CC(C)=NO2,null,null,null,null,null,A6476,SIGMA,2021_LOPAC_01,null,null,ABT-418 hydrochloride,null,4,null,null,null,15.308,-2.766,4.955,1,0.936,null,null,null,null,null,null,10,null,null,10.92,-4.388,16.303,15.485,null,null,null,null,null,null,null,null,null,ILLGYRJAYAAAEW,null,TRND,UBmOsxYVPzQljZfHAI,null,null,null,null,CL,null,null,null,null,null,null,null,null,0,4,1,null,null,173033,0 0 0 1,1,1,2025-06-17 16:13:51,null,null,null,null,null,null,null,364800127,activity,null,HTS,null,7.541,-4.388,-1.271,10.92,null,null,null,null,null,null,null,null,null,null,null,null,null,null,null,null,null,null,null,null,null,278941160
TRND-Glioblastoma_LOPAC_U251-primary_screen2,NCGC00162266-06,activity,null,4,0,0.98,OC1C(CC([O-])=O)CCCC2=C1C=CC=C2,null,null,null,null,null,N4159,SIGMA,2021_LOPAC_01,null,null,NCS-382,null,4,null,null,null,8.376,0,null,null,null,null,null,null,null,null,null,0,null,null,8.363,-0.013,25.399,null,null,null,null,null,null,null,null,null,null,LVMKJEGBKLMTAR,null,TRND,aVWmOdAIbnqiRQGiHx,null,null,null,null,SODIUM,null,null,null,null,null,null,null,null,0,4,null,null,null,173033,null,1,1,2025-06-17 16:13:51,null,null,null,null,null,null,null,364797339,activity,null,HTS,null,8.363,2.411,-0.013,0.98,null,null,null,null,null,null,null,null,null,null,null,null,null,null,null,null,null,null,null,null,null,278941161
TRND-Glioblastoma_LOPAC_U251-primary_screen2,NCGC00015884-21,activity,null,4,-11.855,-4.045,C1CC1C(NC2=NCCO2)C3CC3,null,null,null,null,null,R134,SIGMA,2021_LOPAC_01,null,null,Rilmenidine hemifumarate,null,4,null,null,null,16.476,-3.855,4.955,0.56,0.738,null,null,null,null,null,null,8,null,null,12.431,-4.045,14.994,24.678,null,null,null,null,null,null,null,null,null,CQXADFVORZEARL,null,TRND,WCxPbRRJsNQDvLvumF,null,Imidazoline I1 (Nischarin) Receptor agonist,null,null,FUMARIC_ACID,null,null,null,null,54187-04-1,NISCH,null,null,0,4,0,null,null,173033,0 0 0 0,1,1,2025-06-17 16:13:51,null,null,null,null,null,null,null,364799539,activity,null,HTS,null,3.371,12.431,-1.318,-4.045,null,null,null,null,null,null,null,null,null,null,null,null,null,null,null,null,null,null,null,null,null,278941162
TRND-Glioblastoma_LOPAC_U251-primary_screen2,NCGC00094456-05,activity,null,4,-16.65,-5.543,[H][C@@]12CC[C@@](O)(C#N)[C@@]1(C)CCC3C2CCC4=CC5=NC6=NC7=CC=CC=C7N6C=C5C[C@]34C,null,null,null,null,null,W104,SIGMA,2021_LOPAC_01,null,null,"WIN 62,577",null,4,null,null,null,22.254,-9.15,4.955,0.682,0.527,null,null,null,null,null,null,7.5,null,null,4.213,-18.042,-6.519,-5.847,null,null,null,null,null,null,null,null,null,CURMZJGVCAQSTD,null,TRND,WYXTbSQWCwesTMbcIT,null,null,null,null,null,null,null,null,null,null,null,null,null,0,4,0,null,null,173033,0 0 0 0,1,1,2025-06-17 16:13:51,null,null,null,null,null,null,null,364796103,activity,null,HTS,null,4.213,-18.042,-3.844,-5.543,null,null,null,null,null,null,null,null,null,null,null,null,null,null,null,null,null,null,null,null,null,278941163
TRND-Glioblastoma_LOPAC_U251-primary_screen2,NCGC00115449-05,activity,1.778279,-2.4,-60.876,-38.055,COC1=CC=C(C=C1)N2C(SCC3=NC(=NO3)C4=CC=C(C)C=C4)=NN=C2C5=CC=NC=C5,null,null,null,null,null,SML0227,SIGMA,2021_LOPAC_01,-5.75,null,JW74,null,-2.2,null,null,null,52.099,-40.876,1.1,0.06,0.998,null,null,null,null,null,null,20,null,null,14.044,-38.055,-5.625,-7.873,null,null,null,null,null,null,null,null,null,KRIKILRRJCIWNB,null,TRND,RaklNdpWpjHsjtPnSw,null,null,null,null,null,null,null,null,null,null,null,null,null,0,4,0,null,null,173033,0 0 0 0,1,1,2025-06-17 16:13:51,null,null,null,null,null,null,null,364800599,activity,null,HTS,null,14.044,-6.885,-28.289,-38.055,null,null,null,null,null,null,null,null,null,null,null,null,null,null,null,null,null,null,null,null,null,278941164
TRND-Glioblastoma_LOPAC_U251-primary_screen2,NCGC00015453-23,activity,null,4,-11.344,-2.736,CC(C)(C(O)=O)C1=CC=C(C=C1)C(O)CCCN2CCC(CC2)C(O)(C3=CC=CC=C3)C4=CC=CC=C4,null,null,null,null,null,F9427,SIGMA,2021_LOPAC_01,null,null,Fexofenadine hydrochloride,null,4,null,null,null,17.072,-9.844,4.955,1,0.339,null,null,null,null,null,null,1.5,null,null,9.286,-7.787,-19.676,-5.309,null,null,null,null,null,null,null,null,null,RWTNPBWLLIMQHL,null,TRND,CEPpIeOgVgcFwebCDE,null,null,null,null,CL,null,null,null,null,83799-24-0,null,null,null,0,4,1,null,null,173033,0 0 0 1,1,1,2025-06-17 16:13:51,null,null,null,null,null,null,null,364795919,activity,null,HTS,null,-5.991,9.286,-7.787,-2.736,null,null,null,null,null,null,null,null,null,null,null,null,null,null,null,null,null,null,null,null,null,278941165
TRND-Glioblastoma_LOPAC_U251-primary_screen2,NCGC00015746-07,activity,null,4,-14.209,-7.257,COC1=C(O)C=CC(=C1)C(O)CN,null,null,null,null,null,N7127,SIGMA,2021_LOPAC_01,null,null,(±)-Normetanephrine hydrochloride,null,4,null,null,null,14.948,-8.209,4.955,0.248,0.96,null,null,null,null,null,null,6,null,null,7.691,-7.257,18.142,21.228,null,null,null,null,null,null,null,null,null,YNYAYWLBAHXHLL,null,TRND,jrxwAlFYqmtDyOSAsv,null,null,null,null,CL,null,null,null,null,1011-74-1,null,null,null,0,4,0,null,null,173033,0 0 0 0,1,1,2025-06-17 16:13:51,null,null,null,null,null,null,null,364799271,activity,null,HTS,null,4.439,6.094,7.691,-7.257,null,null,null,null,null,null,null,null,null,null,null,null,null,null,null,null,null,null,null,null,null,278941166
TRND-Glioblastoma_LOPAC_U251-primary_screen2,NCGC00015156-30,activity,null,4,0,5.849,NCC(CC(O)=O)C1=CC=C(Cl)C=C1,null,null,null,null,null,B5399,SIGMA,2021_LOPAC_01,null,null,(±)-Baclofen,null,4,null,null,null,4.511,0,null,null,null,null,null,null,null,null,null,0,null,null,5.849,1.339,10.701,null,null,null,null,null,null,null,null,null,null,KPYSYYIEGFHWSV,null,TRND,yhSXeGxjggqDJucxNR,null,null,null,null,null,null,null,null,null,1134-47-0,null,null,null,0,4,null,null,null,173033,null,1,1,2025-06-17 16:13:51,null,null,null,null,null,null,null,364795835,activity,null,HTS,null,1.497,3.628,1.339,5.849,null,null,null,null,null,null,null,null,null,null,null,null,null,null,null,null,null,null,null,null,null,278941167
TRND-Glioblastoma_LOPAC_U251-primary_screen2,NCGC00388616-06,activity,null,4,-24.657,-20.964,COC1=CC=C(C=C1)[S+]([O-])(=O)N(CC(C)C)CC(=O)NO,null,null,null,null,null,SML0584,SIGMA,2021_LOPAC_01,null,null,NNGH,null,4,null,null,null,26.249,-21.157,3.929,0.147,0.987,null,null,null,null,null,null,3.5,null,null,5.285,-20.964,-2.534,0.675,null,null,null,null,null,null,null,null,null,NGSKQMXKZRYJNK,null,TRND,OiuGwEUwcQvfIhMTPD,null,null,null,null,null,null,null,null,null,null,null,null,null,0,4,0,null,null,173033,0 0 0 0,1,1,2025-06-17 16:13:51,null,null,null,null,null,null,null,364795551,activity,null,HTS,null,1.96,5.285,-0.923,-20.964,null,null,null,null,null,null,null,null,null,null,null,null,null,null,null,null,null,null,null,null,null,278941168
TRND-Glioblastoma_LOPAC_U251-primary_screen2,NCGC00016798-23,activity,null,4,-15.773,8.48,CC(C)(C)NC[C@H](O)COC1=NSN=C1N2CCOCC2,null,null,null,null,null,T6394,SIGMA,2021_LOPAC_01,null,null,S(-)-Timolol maleate,null,4,null,null,null,16.207,-7.773,3.247,1,1,null,null,null,null,null,null,8,null,null,8.48,-7.728,9.844,9.805,null,null,null,null,null,null,null,null,null,BLJRIMJGRPQVNF,null,TRND,WkosDLStGHFPJlcNBx,null,null,null,null,MALEATE,null,null,null,null,26921-17-5,null,null,null,0,4,1,null,null,173033,0 0 0 1,1,1,2025-06-17 16:13:51,null,null,null,null,null,null,null,364799931,activity,null,HTS,null,7.762,-3.19,-7.728,8.48,null,null,null,null,null,null,null,null,null,null,null,null,null,null,null,null,null,null,null,null,null,278941169
TRND-Glioblastoma_LOPAC_U251-primary_screen2,NCGC00015502-07,activity,null,4,0,6.713,OCC1=CNC=N1,null,null,null,null,null,H1877,SIGMA,2021_LOPAC_01,null,null,4-Imidazolemethanol hydrochloride,null,4,null,null,null,9.098,0,null,null,null,null,null,null,null,null,null,0,null,null,11.368,2.27,22.443,null,null,null,null,null,null,null,null,null,null,QDYTUZCWBJRHKK,null,TRND,OdIVIbUARKuCxBbnNx,null,null,null,null,CL,null,null,null,null,null,null,null,null,0,4,null,null,null,173033,null,1,1,2025-06-17 16:13:51,null,null,null,null,null,null,null,364798403,activity,null,HTS,null,3.381,11.368,2.27,6.713,null,null,null,null,null,null,null,null,null,null,null,null,null,null,null,null,null,null,null,null,null,278941170
TRND-Glioblastoma_LOPAC_U251-primary_screen2,NCGC00015267-27,activity,null,4,-18.868,0.291,CN(C)CCCC1(OCC2=C1C=CC(=C2)C#N)C3=CC=C(F)C=C3,null,null,null,null,null,C7861,SIGMA,2021_LOPAC_01,null,null,Citalopram hydrobromide,null,4,null,null,null,25.701,-5.868,4.955,0.5,0.805,null,null,null,null,null,null,13,null,null,14.144,-11.557,32.616,37.534,null,null,null,null,null,null,null,null,null,WSEQXVZVJXJVFP,null,TRND,suEzbiNWSbLVSMuGXE,null,null,null,null,BR,null,null,null,null,59729-32-7,null,null,null,0,4,0,null,null,173033,0 0 0 0,1,1,2025-06-17 16:13:51,null,null,null,null,null,null,null,364796563,activity,null,HTS,null,11.048,14.144,-11.557,0.291,null,null,null,null,null,null,null,null,null,null,null,null,null,null,null,null,null,null,null,null,null,278941171
TRND-Glioblastoma_LOPAC_U251-primary_screen2,NCGC00017280-43,activity,null,4,-10.452,-4.543,CC(\C=C\C1=C(C)CCCC1(C)C)=C/C=C/C(C)=C/C(O)=O,null,null,null,null,null,R2625,SIGMA,2021_LOPAC_01,null,null,Retinoic acid,null,4,null,null,null,13.557,-6.452,4.955,0.703,0.476,null,null,null,null,null,null,4,null,null,9.013,-4.543,17.72,14.381,null,null,null,null,null,null,null,null,null,SHGAZHPCJJPHSC,null,TRND,CJLGDYfDODgqfrttzC,null,Nuclear Receptor ROR-beta ligand,null,null,null,null,null,null,null,302-79-4,RORB,null,null,0,4,0,null,null,173033,0 0 0 0,1,1,2025-06-17 16:13:51,null,null,null,null,null,null,null,364797095,activity,null,HTS,null,5.477,-1.995,9.013,-4.543,null,null,null,null,null,null,null,null,null,null,null,null,null,null,null,null,null,null,null,null,null,278941172
TRND-Glioblastoma_LOPAC_U251-primary_screen2,NCGC00015180-12,activity,null,4,-13.042,-13.368,CN1CCN(CC1)C2=NC3=C(C=CC(=C3)C(F)(F)F)N4C=CC=C24,null,null,null,null,null,C106,SIGMA,2021_LOPAC_01,null,null,CGS-12066A maleate,null,4,null,null,null,19.087,-13.542,2.72,0.639,0.617,null,null,null,null,null,null,-0.5,null,null,5.719,-13.368,-23.443,-11.924,null,null,null,null,null,null,null,null,null,LXFHSCDLMBZYKY,null,TRND,TCKpLftLjNxoXMaZWe,null,null,null,null,MALEATE,null,null,null,null,null,null,null,null,0,4,0,null,null,173033,0 0 0 0,1,1,2025-06-17 16:13:51,null,null,null,null,null,null,null,364796143,activity,null,HTS,null,-6.143,5.719,-4.811,-13.368,null,null,null,null,null,null,null,null,null,null,null,null,null,null,null,null,null,null,null,null,null,278941173
TRND-Glioblastoma_LOPAC_U251-primary_screen2,NCGC00094381-23,activity,null,4,12.521,2.009,CC1=CC(C)=C(N1)\C=C2/C(=O)NC3=CC=CC=C23,null,null,null,null,null,S8442,SIGMA,2021_LOPAC_01,null,null,SU 5416,null,4,null,null,null,11.458,10,2.188,1,1,null,null,null,null,null,null,-2.521,null,null,8.94,-2.518,4.377,5.187,null,null,null,null,null,null,null,null,null,WUWDLXZGHZSWQZ,null,TRND,bfDymomjYYItuaMNGv,null,Vascular Endothelial Growth Factor Receptor 2 (VEGFR-2) inhibitor,null,null,null,null,null,null,null,194413-58-6,KDR,null,null,0,4,1,null,null,173033,0 0 0 1,1,1,2025-06-17 16:13:51,null,null,null,null,null,null,null,364799635,activity,null,HTS,null,-2.518,0.591,8.94,2.009,null,null,null,null,null,null,null,null,null,null,null,null,null,null,null,null,null,null,null,null,null,278941174
TRND-Glioblastoma_LOPAC_U251-primary_screen2,NCGC00378941-06,activity,null,4,0,8.257,OC(=O)CCCCN(CCC1=C(OCC2=CC=C(CCC3=CC=CC=C3)C=C2)C=CC=C1)CC4=CC=C(C=C4)C(O)=O,null,null,null,null,null,SML1532,SIGMA,2021_LOPAC_01,null,null,Cinaciguat hydrochloride,null,4,null,null,null,6.732,0,null,null,null,null,null,null,null,null,null,0,null,null,8.257,1.524,17.41,null,null,null,null,null,null,null,null,null,null,WPYWMXNXEZFMAK,null,TRND,KZigUXNBWzWiadnsHX,null,Soluble Guanylate Cyclase (sGC) activator,null,null,CL,null,null,null,null,329773-35-5,GUCY1A2,null,null,0,4,null,null,null,173033,null,1,1,2025-06-17 16:13:51,null,null,null,null,null,null,null,364799491,activity,null,HTS,null,3.269,1.524,4.194,8.257,null,null,null,null,null,null,null,null,null,null,null,null,null,null,null,null,null,null,null,null,null,278941175
TRND-Glioblastoma_LOPAC_U251-primary_screen2,NCGC00016880-14,activity,null,4,18.589,0.117,CC(C)NC[C@H](O)COC1=CC=C(CC(N)=O)C=C1,null,null,null,null,null,A143,SIGMA,2021_LOPAC_01,null,null,S(-)-Atenolol,null,4,null,null,null,15.644,9.5,1.644,1,1,null,null,null,null,null,null,-9.089,null,null,8.904,-6.741,-5.638,-5.611,null,null,null,null,null,null,null,null,null,METKIMKYRPQLGS,null,TRND,cRBYOjgucPRNlIsYQX,null,null,null,null,null,null,null,null,null,93379-54-5,null,null,null,0,4,1,null,null,173033,0 0 0 1,1,1,2025-06-17 16:13:51,null,null,null,null,null,null,null,364800047,activity,null,HTS,null,-6.741,3.094,8.904,0.117,null,null,null,null,null,null,null,null,null,null,null,null,null,null,null,null,null,null,null,null,null,278941176
TRND-Glioblastoma_LOPAC_U251-primary_screen2,NCGC00507761-02,activity,null,4,-10.222,-6.851,[O-][S+](=O)(NC1=NC(=O)C(S1)=CC2=CC=C(Br)C=C2)C3=CC=CC4=CC=CC=C34,null,null,null,null,null,SML1169,SIGMA,2021_LOPAC_01,null,null,Pitstop 2,null,4,null,null,null,10.255,-7.222,2.847,0.075,0.997,null,null,null,null,null,null,3,null,null,3.404,-6.851,6.971,7.154,null,null,null,null,null,null,null,null,null,VFEMJZDNQUNKQN,null,TRND,pXfksxOqgfBsSJjqVc,null,null,null,null,null,null,null,null,null,null,null,null,null,0,4,0,null,null,173033,0 0 0 0,1,1,2025-06-17 16:13:51,null,null,null,null,null,null,null,364798235,activity,null,HTS,null,2.844,3.404,0.432,-6.851,null,null,null,null,null,null,null,null,null,null,null,null,null,null,null,null,null,null,null,null,null,278941177
TRND-Glioblastoma_LOPAC_U251-primary_screen2,NCGC00186023-03,activity,null,4,0,-5.087,[H][C@@]12CC[C@@]3(C[C@]1(CC3=C)CC[C@]4([H])[C@@](C)(CCC[C@@]24C)C(=O)OC5OC(CO)C(O)C(O)C5O)OC6OC(CO)C(O)C(O)C6OC7OC(CO)C(O)C(O)C7O,null,null,null,null,null,S3572,SIGMA,2021_LOPAC_01,null,null,Stevioside,null,4,null,null,null,8.619,0,null,null,null,null,null,null,null,null,null,0,null,null,3.426,-5.194,-12.885,null,null,null,null,null,null,null,null,null,null,UEDUENGHJMELGK,null,TRND,LJHjmPyxkXYCMBKtPn,null,null,null,null,H2O,null,null,null,null,[NO STEREO] 57817-89-7,null,null,null,0,4,null,null,null,173033,null,1,1,2025-06-17 16:13:51,null,null,null,null,null,null,null,364800151,activity,null,HTS,null,-5.194,3.426,2.587,-5.087,null,null,null,null,null,null,null,null,null,null,null,null,null,null,null,null,null,null,null,null,null,278941178
TRND-Glioblastoma_LOPAC_U251-primary_screen2,NCGC00096028-16,activity,3.981072,-1.1,-89.977,-85.283,COC1=CC(\C=C\C(=O)N2CCC=CC2=O)=CC(OC)=C1OC,null,null,null,null,null,SML0221,SIGMA,2021_LOPAC_01,-5.4,null,Piperlongumine,null,-1.1,null,null,null,89.345,-86.477,2.248,0.024,1,null,null,null,null,null,null,3.5,null,null,4.062,-85.283,-82.613,-83.863,null,null,null,null,null,null,null,null,null,VABYUUZNAVQNPG,null,TRND,eYQPqMwHETQJaSxjxs,null,null,null,null,null,null,null,null,null,20069-09-4,null,null,null,0,4,0,null,null,173033,0 0 0 0,1,1,2025-06-17 16:13:51,null,null,null,null,null,null,null,364796027,activity,null,HTS,4.580578,4.062,-4.107,-66.044,-85.283,null,null,null,null,null,null,null,null,null,null,null,null,null,null,null,null,null,null,null,null,null,278941179
TRND-Glioblastoma_LOPAC_U251-primary_screen2,NCGC00025102-10,activity,12.589254,-2.2,-74.432,-59.11,CC(\C=C\C1=CC(OC2=CC=C(F)C=C2)=CC=C1)N(O)C(N)=O,null,null,null,null,null,B4558,SIGMA,2021_LOPAC_01,-4.9,null,BWB70C,null,-2.2,null,null,null,63.388,-70.932,1.644,0.043,0.999,null,null,null,null,null,null,3.5,null,null,4.278,-59.11,-30.113,-31.282,null,null,null,null,null,null,null,null,null,UAIYNMRLUHHRMF,null,TRND,DWHIsEmCrYILfBeMmV,null,null,null,null,null,null,null,null,null,null,null,null,null,0,4,0,null,null,173033,0 0 0 0,1,1,2025-06-17 16:13:51,null,null,null,null,null,null,null,364798375,activity,null,HTS,21.383933,4.278,0.451,-16.056,-59.11,null,null,null,null,null,null,null,null,null,null,null,null,null,null,null,null,null,null,null,null,null,278941180
TRND-Glioblastoma_LOPAC_U251-primary_screen2,NCGC00013495-25,activity,null,4,-12.853,-6.961,[H][C@]12CC[C@]([H])(C[C@@]([H])(C1)OC(C3=CC=CC=C3)C4=CC=CC=C4)N2C,null,null,null,null,null,SML0837,SIGMA,2021_LOPAC_01,null,null,Benztropine mesylate ,null,4,null,null,null,13.129,-8.353,4.955,0.357,0.913,null,null,null,null,null,null,4.5,null,null,6.168,-6.961,9.61,15.195,null,null,null,null,null,null,null,null,null,GIJXKZJWITVLHI,null,TRND,WLNzDCOGhsPUTVubHV,null,null,null,null,METHANESULFONIC-ACID,null,null,null,null,132-17-2,null,null,null,0,4,0,null,null,173033,0 0 0 0,1,1,2025-06-17 16:13:51,null,null,null,null,null,null,null,364798843,activity,null,HTS,null,2.02,4.794,6.168,-6.961,null,null,null,null,null,null,null,null,null,null,null,null,null,null,null,null,null,null,null,null,null,278941181
TRND-Glioblastoma_LOPAC_U251-primary_screen2,NCGC00015818-30,activity,null,4,-18.633,-6.778,O=C(C1CCCCC1)N2CC3N(CCC4=C3C=CC=C4)C(=O)C2,null,null,null,null,null,P4668,SIGMA,2021_LOPAC_01,null,null,Praziquantel,null,4,null,null,null,16.878,-10.133,1.222,0.309,0.936,null,null,null,null,null,null,8.5,null,null,10.1,-6.778,30.217,26.256,null,null,null,null,null,null,null,null,null,FSVJFNAIGNNGKK,null,TRND,NQGkYTCKyZPnAEnZiw,null,Anti-helmenthic,null,null,null,null,null,null,null,55268-74-1,cavB,null,null,0,4,0,null,null,173033,0 0 0 0,1,1,2025-06-17 16:13:51,null,null,null,null,null,null,null,364797379,activity,null,HTS,null,10.1,5.027,3.199,-6.778,null,null,null,null,null,null,null,null,null,null,null,null,null,null,null,null,null,null,null,null,null,278941182
TRND-Glioblastoma_LOPAC_U251-primary_screen2,NCGC00162084-15,activity,null,4,-17.023,-9.186,NC1=NC=NC2=C1N=C(Br)N2C3OC4CO[P@]([O-])(=O)O[C@@H]4C3O,null,null,null,null,null,B7880,SIGMA,2021_LOPAC_01,null,null,8-BRomo-cAMP sodium,null,4,null,null,null,18.581,-9.523,4.449,0.214,0.971,null,null,null,null,null,null,7.5,null,null,9.395,-9.186,13.466,16.966,null,null,null,null,null,null,null,null,null,DVKQVRZMKBDMDH,null,TRND,swchOpOdGTuJtCcVRW,null,null,null,null,SODIUM,null,null,null,null,null,null,null,null,0,4,0,null,null,173033,0 0 0 0,1,1,2025-06-17 16:13:51,null,null,null,null,null,null,null,364797131,activity,null,HTS,null,5.722,9.395,-5.937,-9.186,null,null,null,null,null,null,null,null,null,null,null,null,null,null,null,null,null,null,null,null,null,278941183
TRND-Glioblastoma_LOPAC_U251-primary_screen2,NCGC00094344-05,activity,null,4,-33.255,-29.379,COC1=CC=C(NC(=O)\C=C\C2=CC=C(Cl)C=C2)C=C1,null,null,null,null,null,S0441,SIGMA,2021_LOPAC_01,null,null,SB-366791,null,4,null,null,null,35.584,-29.755,3.99,0.158,0.984,null,null,null,null,null,null,3.5,null,null,6.205,-29.379,-8.728,-4.755,null,null,null,null,null,null,null,null,null,LYIXDMRSDTZYCF,null,TRND,wCMmAsqpetvqXWqFtj,null,null,null,null,null,null,null,null,null,null,null,null,null,0,4,0,null,null,173033,0 0 0 0,1,1,2025-06-17 16:13:51,null,null,null,null,null,null,null,364796999,activity,null,HTS,null,1.343,6.205,-1.927,-29.379,null,null,null,null,null,null,null,null,null,null,null,null,null,null,null,null,null,null,null,null,null,278941184
TRND-Glioblastoma_LOPAC_U251-primary_screen2,NCGC00179528-08,activity,null,4,0,-0.449,N[C@@H](CN/1\C=C/C(=O)/C(=C1)O)C(O)=O,null,null,null,null,null,M0253,SIGMA,2021_LOPAC_01,null,null,L-Mimosine from Koa hoale seeds,null,4,null,null,null,7.892,0,null,null,null,null,null,null,null,null,null,0,null,null,4.267,-3.624,-6.995,null,null,null,null,null,null,null,null,null,null,WZNJWVWKTVETCG,null,TRND,XYbdcGBDVLJjuLnoOF,null,null,null,null,null,null,null,null,null,500-44-7,null,null,null,0,4,null,null,null,173033,null,1,1,2025-06-17 16:13:51,null,null,null,null,null,null,null,364798007,activity,null,HTS,null,-2.598,-3.624,4.267,-0.449,null,null,null,null,null,null,null,null,null,null,null,null,null,null,null,null,null,null,null,null,null,278941185
TRND-Glioblastoma_LOPAC_U251-primary_screen2,NCGC00025064-18,activity,1.412538,-1.1,-82.237,-82.841,[H][C@@]1(O[C@@]2(CC[C@@H](C)[C@@H](CC3=NC4=C(O3)C=CC(NC)=C4C(O)=O)O2)[C@H](C)C[C@H]1C)[C@H](C)C(=O)C5=CC=CN5,null,null,null,null,null,C7522,SIGMA,2021_LOPAC_01,-5.85,null,Calcimycin,null,-1.1,null,null,null,78.899,-83.969,2.253,0.033,0.999,null,null,null,null,null,null,-1.731,null,null,-3.943,-82.841,-140.039,-139.167,null,null,null,null,null,null,null,null,null,HIYAVKIYRIFSCZ,null,TRND,vELzEVKAwDUEQpvsJF,null,null,null,null,null,null,null,null,null,52665-69-7,null,null,null,0,4,0,null,null,173033,0 0 0 0,1,1,2025-06-17 16:13:51,null,null,null,null,null,null,null,364800383,activity,null,HTS,1.676994,-3.943,-39.578,-82.785,-82.841,null,null,null,null,null,null,null,null,null,null,null,null,null,null,null,null,null,null,null,null,null,278941186
TRND-Glioblastoma_LOPAC_U251-primary_screen2,NCGC00015186-09,activity,19.952623,-3,-54.018,-59.197,OC1=CC2=C(CCN(CC=C)CC2C3=CC=CC=C3)C(Cl)=C1O,null,null,null,null,null,C130,SIGMA,2021_LOPAC_01,-4.7,null,(±)-Chloro-APB hydrobromide,null,-3,null,null,null,52.185,-62.933,4.955,0.116,0.992,null,null,null,null,null,null,-8.915,null,null,-7.013,-59.197,-67.474,-68.374,null,null,null,null,null,null,null,null,null,HJWHHQIVUHOBQN,null,TRND,EqGAZjfxRbnPWOrVWe,null,null,null,null,BR,null,null,null,null,null,null,null,null,0,4,0,null,null,173033,0 0 0 0,1,1,2025-06-17 16:13:51,null,null,null,null,null,null,null,364799979,activity,null,HTS,26.21327,-8.261,-12.198,-7.013,-59.197,null,null,null,null,null,null,null,null,null,null,null,null,null,null,null,null,null,null,null,null,null,278941187
TRND-Glioblastoma_LOPAC_U251-primary_screen2,NCGC00381714-12,activity,null,4,0,2.488,C[S+]([O-])C1=CC=C(\C=C2\C(C)=C(CC(O)=O)C3=CC(F)=CC=C23)C=C1,null,null,null,null,null,S8139,SIGMA,2021_LOPAC_01,null,null,Sulindac,null,4,null,null,null,3.747,0,null,null,null,null,null,null,null,null,null,0,null,null,5.938,2.191,16.081,null,null,null,null,null,null,null,null,null,null,MLKXDPUZXIRXEP,null,TRND,uTbIVrZPszZSTBUcdW,null,null,null,null,null,null,null,null,null,38194-50-2,null,null,null,0,4,null,null,null,173033,null,1,1,2025-06-17 16:13:51,null,null,null,null,null,null,null,364797079,activity,null,HTS,null,3.276,5.938,2.191,2.488,null,null,null,null,null,null,null,null,null,null,null,null,null,null,null,null,null,null,null,null,null,278941188
TRND-Glioblastoma_LOPAC_U251-primary_screen2,NCGC00025029-23,activity,null,4,-15.5,2.091,N\C(SC1=CC=CC=C1N)=C(C#N)/C(C#N)=C(\N)SC2=CC=CC=C2N,null,null,null,null,null,U120,SIGMA,2021_LOPAC_01,null,null,U0126,null,4,null,null,null,11.382,2.5,0.9,0.273,0.952,null,null,null,null,null,null,18,null,null,13.474,2.091,47.047,46.233,null,null,null,null,null,null,null,null,null,DVEXZJFMOKTQEZ,null,TRND,dSlPBsAIOizCgroVkl,null,null,null,null,ETHANOL_V2,null,null,null,null,218601-62-8,null,null,null,0,4,0,null,null,173033,0 0 0 0,1,1,2025-06-17 16:13:51,null,null,null,null,null,null,null,364796711,activity,null,HTS,null,13.474,6.803,5.437,2.091,null,null,null,null,null,null,null,null,null,null,null,null,null,null,null,null,null,null,null,null,null,278941189
TRND-Glioblastoma_LOPAC_U251-primary_screen2,NCGC00013841-25,activity,null,4,-15.188,-16.034,CN(C)CCC=C1C2=C(C=CC=C2)C=CC3=C1C=CC=C3,null,null,null,null,null,C4542,SIGMA,2021_LOPAC_01,null,null,Cyclobenzaprine hydrochloride,null,4,null,null,null,15.156,-17.741,4.955,0.348,0.917,null,null,null,null,null,null,-2.553,null,null,-0.878,-16.034,-15.711,-19.029,null,null,null,null,null,null,null,null,null,JURKNVYFZMSNLP,null,TRND,XlfbnRCVLdokpgDUKn,null,null,null,null,CL,null,null,null,null,6202-23-9,null,null,null,0,4,0,null,null,173033,0 0 0 0,1,1,2025-06-17 16:13:51,null,null,null,null,null,null,null,364799679,activity,null,HTS,null,-1.072,-5.285,-0.878,-16.034,null,null,null,null,null,null,null,null,null,null,null,null,null,null,null,null,null,null,null,null,null,278941190
TRND-Glioblastoma_LOPAC_U251-primary_screen2,NCGC00015075-26,activity,null,4,0,5.794,COC(=O)C1=CCCN(C)C1,null,null,null,null,null,A6134,SIGMA,2021_LOPAC_01,null,null,Arecoline hydrobromide,null,4,null,null,null,7.364,0,null,null,null,null,null,null,null,null,null,0,null,null,6.487,-0.877,24.161,null,null,null,null,null,null,null,null,null,null,HJJPJSXJAXAIPN,null,TRND,wQJXbkTLWXwtoBOoPC,null,null,null,null,BR,null,null,null,null,300-08-3,null,null,null,0,4,null,null,null,173033,null,1,1,2025-06-17 16:13:51,null,null,null,null,null,null,null,364798171,activity,null,HTS,null,6.196,6.487,-0.877,5.794,null,null,null,null,null,null,null,null,null,null,null,null,null,null,null,null,null,null,null,null,null,278941701
TRND-Glioblastoma_LOPAC_U251-primary_screen2,NCGC00095152-22,activity,null,4,-13.325,-3.604,COC1=CC2=C(C=C1OC)C(N)=NC(=N2)N(C)CCCNC(=O)C3CCCO3,null,null,null,null,null,A0232,SIGMA,2021_LOPAC_01,null,null,Alfuzosin hydrochloride,null,4,null,null,null,18.065,-4.325,2.406,0.618,0.655,null,null,null,null,null,null,9,null,null,14.461,-3.604,20.494,30.947,null,null,null,null,null,null,null,null,null,WNMJYKCGWZFFKR,null,TRND,QUvxSuYtbiupuTGXgV,null,null,null,null,CL,null,null,null,null,81403-80-7,null,null,null,0,4,0,null,null,173033,0 0 0 0,1,1,2025-06-17 16:13:51,null,null,null,null,null,null,null,364799687,activity,null,HTS,null,3.878,14.461,2.176,-3.604,null,null,null,null,null,null,null,null,null,null,null,null,null,null,null,null,null,null,null,null,null,278941702
TRND-Glioblastoma_LOPAC_U251-primary_screen2,NCGC00025000-30,activity,null,4,-24.706,-21.005,CC(=O)N1CCN(CC1)C2=CC=C(OC[C@H]3CO[C@@](CN4C=CN=C4)(O3)C5=CC=C(Cl)C=C5Cl)C=C2,null,null,null,null,null,K1003,SIGMA,2021_LOPAC_01,null,null,Ketoconazole,null,4,null,null,null,24.197,-22.206,2.588,0.076,0.996,null,null,null,null,null,null,2.5,null,null,3.192,-21.005,-6.699,-5.271,null,null,null,null,null,null,null,null,null,XMAYWYJOQHXEEK,null,TRND,parkUjFyaagShOVPDH,null,Anti-fungal,null,null,null,null,null,null,null,65277-42-1,ERG11,null,null,0,4,0,null,null,173033,0 0 0 0,1,1,2025-06-17 16:13:51,null,null,null,null,null,null,null,364797003,activity,null,HTS,null,1.717,3.192,-3.792,-21.005,null,null,null,null,null,null,null,null,null,null,null,null,null,null,null,null,null,null,null,null,null,278941703
TRND-Glioblastoma_LOPAC_U251-primary_screen2,NCGC00162308-06,activity,null,4,16.414,9.634,[H][C@@]1(CCCN(CCC)C1)C2=CC=CC(O)=C2,null,null,null,null,null,P102,SIGMA,2021_LOPAC_01,null,null,R(+)-3PPP hydrochloride,null,4,null,null,null,11.645,12,0.6,0.383,0.899,null,null,null,null,null,null,-4.414,null,null,9.634,-2.012,4.755,5.903,null,null,null,null,null,null,null,null,null,HTSNFXAICLXZMA,null,TRND,JknsAYOoTjbdbxWSqj,null,null,null,null,CL,null,null,null,null,88768-67-6,null,null,null,0,4,0,null,null,173033,0 0 0 0,1,1,2025-06-17 16:13:51,null,null,null,null,null,null,null,364797007,activity,null,HTS,null,-2.012,3.535,4.009,9.634,null,null,null,null,null,null,null,null,null,null,null,null,null,null,null,null,null,null,null,null,null,278941704
TRND-Glioblastoma_LOPAC_U251-primary_screen2,NCGC00689833-01,activity,null,4,0,10.829,C[C@@H]1CCN(C(C1)C(O)=O)C(=O)[C@@H](CCCN=C(N)N)N[S+]([O-])(=O)C2=C3NC[C@H](C)CC3=CC=C2,null,null,null,null,null,A0487,SIGMA,2021_LOPAC_01,null,null,Argatroban monohydrate ,null,4,null,null,null,9.049,0,null,null,null,null,null,null,null,null,null,0,null,null,10.829,1.781,17.91,null,null,null,null,null,null,null,null,null,null,CNTULEDKWPCJCH,null,TRND,BzxYTNNdnwyKNrAqiI,null,null,null,null,H2O,null,null,null,null,141396-28-3,null,null,null,0,4,null,null,null,173033,null,1,1,2025-06-17 16:13:51,null,null,null,null,null,null,null,364799151,activity,null,HTS,null,1.781,6.905,3.504,10.829,null,null,null,null,null,null,null,null,null,null,null,null,null,null,null,null,null,null,null,null,null,278941705
TRND-Glioblastoma_LOPAC_U251-primary_screen2,NCGC00402281-07,activity,null,4,0,3.046,CC(C)(CN1C(=O)C(Cl)=C(Cl)C1=O)CN2C(=O)C(Cl)=C(Cl)C2=O,null,null,null,null,null,SML1005,SIGMA,2021_LOPAC_01,null,null,NSC 617145,null,4,null,null,null,7.18,0,null,null,null,null,null,null,null,null,null,0,null,null,3.046,-4.134,-7.501,null,null,null,null,null,null,null,null,null,null,PCOXPBOKDABARQ,null,TRND,QUqongZtjxtfnqiMkd,null,null,null,null,null,null,null,null,null,null,null,null,null,0,4,null,null,null,173033,null,1,1,2025-06-17 16:13:51,null,null,null,null,null,null,null,364799735,activity,null,HTS,null,-4.134,2.741,0.648,3.046,null,null,null,null,null,null,null,null,null,null,null,null,null,null,null,null,null,null,null,null,null,278941706
TRND-Glioblastoma_LOPAC_U251-primary_screen2,NCGC00378815-05,activity,null,4,13.947,-1.434,[O-][N+](=O)C1=CC=C(CNC2=C3N=CNC3=NC(NCC4=CC=CC(=C4)C(F)(F)F)=N2)C=C1,null,null,null,null,null,T3955,SIGMA,2021_LOPAC_01,null,null,TNP,null,4,null,null,null,13.706,1,4.955,0.387,0.895,null,null,null,null,null,null,-12.947,null,null,3.333,-10.373,-26.263,-26.419,null,null,null,null,null,null,null,null,null,DDSBPUYZPWNNGH,null,TRND,IFeQgQOfNIqixCxOWL,null,null,null,null,null,null,null,null,null,null,null,null,null,0,4,0,null,null,173033,0 0 0 0,1,1,2025-06-17 16:13:51,null,null,null,null,null,null,null,364799431,activity,null,HTS,null,-10.373,3.333,1.355,-1.434,null,null,null,null,null,null,null,null,null,null,null,null,null,null,null,null,null,null,null,null,null,278941707
TRND-Glioblastoma_LOPAC_U251-primary_screen2,NCGC00690013-01,activity,null,4,-20.325,-18.187,N[C@@H](CC(=O)N1CCN(CC1)C(C2=CC=C(F)C=C2)C3=CC=C(F)C=C3)C(=O)N4CC5=C(C4)C=CC=C5,null,null,null,null,null,SML2247,SIGMA,2021_LOPAC_01,null,null,1G244,null,4,null,null,null,19.729,-19.325,2.638,0.092,0.995,null,null,null,null,null,null,1,null,null,1.542,-18.187,-7.587,-8.341,null,null,null,null,null,null,null,null,null,ZKIQFLSGMMYCGS,null,TRND,zFtfDECYwFPIKrVpRa,null,null,null,null,null,null,null,null,null,null,null,null,null,0,4,0,null,null,173033,0 0 0 0,1,1,2025-06-17 16:13:51,null,null,null,null,null,null,null,364799759,activity,null,HTS,null,1.542,-0.066,-3.23,-18.187,null,null,null,null,null,null,null,null,null,null,null,null,null,null,null,null,null,null,null,null,null,278941708
TRND-Glioblastoma_LOPAC_U251-primary_screen2,NCGC00015356-10,activity,null,4,0,8.778,C[N+]1(C)CCN(CC1)C2=CC=CC=C2,null,null,null,null,null,D5891,SIGMA,2021_LOPAC_01,null,null,"1,1-Dimethyl-4-phenyl-piperazinium iodide",null,4,null,null,null,9.068,0,null,null,null,null,null,null,null,null,null,0,null,null,8.778,-0.29,13.83,null,null,null,null,null,null,null,null,null,null,MKGIQRNAGSSHRV,null,TRND,kjGdFfaqswrKTcSzdS,null,null,null,null,I,null,null,null,null,54-77-3,null,null,null,0,4,null,null,null,173033,null,1,1,2025-06-17 16:13:51,null,null,null,null,null,null,null,364800107,activity,null,HTS,null,2.098,-0.29,5.141,8.778,null,null,null,null,null,null,null,null,null,null,null,null,null,null,null,null,null,null,null,null,null,278941709
TRND-Glioblastoma_LOPAC_U251-primary_screen2,NCGC00016067-08,activity,null,4,12.39,5.923,COC1=C(C=CC=C1)N2CCN(CCCNC3=C(C)C(=O)N(C)C(=O)N3C)CC2,null,null,null,null,null,U101,SIGMA,2021_LOPAC_01,null,null,"Urapidil, 5-Methyl-",null,4,null,null,null,11.401,6,4.955,0.238,0.964,null,null,null,null,null,null,-6.39,null,null,7.325,-4.075,0.383,0.55,null,null,null,null,null,null,null,null,null,HIHZDNKKIUQQSC,null,TRND,HmDlHtBNIchusvkkzy,null,null,null,null,CL,null,null,null,null,34661-85-3,null,null,null,0,4,0,null,null,173033,0 0 0 0,1,1,2025-06-17 16:13:51,null,null,null,null,null,null,null,364800515,activity,null,HTS,null,-4.075,7.325,4.948,5.923,null,null,null,null,null,null,null,null,null,null,null,null,null,null,null,null,null,null,null,null,null,278941710
TRND-Glioblastoma_LOPAC_U251-primary_screen2,NCGC00690000-01,activity,null,4,-17.861,-10.718,CC(C)C1=C(C)N(C)N(C1=O)C2=CC=C(C=C2)[S+]([O-])(=O)NCCOC3=CC=CC=C3,null,null,null,null,null,SML2226,SIGMA,2021_LOPAC_01,null,null,BC-LI-0186,null,4,null,null,null,17.607,-10.861,2.248,0.01,1,null,null,null,null,null,null,7,null,null,6.889,-10.718,9.659,9.562,null,null,null,null,null,null,null,null,null,SKJNWISGYCICSD,null,TRND,baUbSqRMUALPLWoOWC,null,Leucyl-tRNA synthetase-RagD Interaction inhibitor,null,null,null,null,null,null,null,null,LARS1,null,null,0,4,0,null,null,173033,0 0 0 0,1,1,2025-06-17 16:13:51,null,null,null,null,null,null,null,364799715,activity,null,HTS,null,6.889,3.523,-8.991,-10.718,null,null,null,null,null,null,null,null,null,null,null,null,null,null,null,null,null,null,null,null,null,278941711
TRND-Glioblastoma_LOPAC_U251-primary_screen2,NCGC00015807-07,activity,null,4,13.677,9.015,CN1C2=C(NC(=N2)C3=CC=CC=C3)C(=O)N(C)C1=O,null,null,null,null,null,P2278,SIGMA,2021_LOPAC_01,null,null,"1,3-Dimethyl-8-phenylxanthine",null,4,null,null,null,14.936,10.5,4.955,0.22,0.969,null,null,null,null,null,null,-3.177,null,null,11.872,-3.064,10.68,10.323,null,null,null,null,null,null,null,null,null,PJFMAVHETLRJHJ,null,TRND,ROJjpJZPTRkLZkRaqN,null,null,null,null,null,null,null,null,null,961-45-5,null,null,null,0,4,0,null,null,173033,0 0 0 0,1,1,2025-06-17 16:13:51,null,null,null,null,null,null,null,364797987,activity,null,HTS,null,-3.064,8.789,11.872,9.015,null,null,null,null,null,null,null,null,null,null,null,null,null,null,null,null,null,null,null,null,null,278941712
TRND-Glioblastoma_LOPAC_U251-primary_screen2,NCGC00015821-23,activity,null,4,0,4.675,NC(=O)CN1CCCC1=O,null,null,null,null,null,P5295,SIGMA,2021_LOPAC_01,null,null,Piracetam,null,4,null,null,null,3.782,0,null,null,null,null,null,null,null,null,null,0,null,null,4.734,0.952,17.516,null,null,null,null,null,null,null,null,null,null,GMZVRMREEHBGGF,null,TRND,gzLClrbltmhGHWstLN,null,null,null,null,null,null,null,null,null,7491-74-9,null,null,null,0,4,null,null,null,173033,null,1,1,2025-06-17 16:13:51,null,null,null,null,null,null,null,364799935,activity,null,HTS,null,4.734,1.795,0.952,4.675,null,null,null,null,null,null,null,null,null,null,null,null,null,null,null,null,null,null,null,null,null,278941713
TRND-Glioblastoma_LOPAC_U251-primary_screen2,NCGC00248115-05,activity,5.623413,-2.2,-59.84,-55.725,CC(C)C1=CC=CC(C(C)C)=C1N2C(=O)C3=C(C=C(O)C=C3)C2=O,null,null,null,null,null,H9415,SIGMA,2021_LOPAC_01,-5.25,null,5HPP-33,null,-2.2,null,null,null,58.556,-56.84,2.72,0.034,0.999,null,null,null,null,null,null,3,null,null,2.83,-55.725,-44.067,-43.661,null,null,null,null,null,null,null,null,null,LAKWINYVWJPHQW,null,TRND,sQqJcQhrehpHBEkeGZ,null,null,null,null,null,null,null,null,null,null,null,null,null,0,4,0,null,null,173033,0 0 0 0,1,1,2025-06-17 16:13:51,null,null,null,null,null,null,null,364798579,activity,null,HTS,11.684096,2.83,2.41,-34.766,-55.725,null,null,null,null,null,null,null,null,null,null,null,null,null,null,null,null,null,null,null,null,null,278941714
TRND-Glioblastoma_LOPAC_U251-primary_screen2,NCGC00091032-22,activity,null,4,-10.266,-9.388,[H][C@@]12CC[C@](OC(C)=O)(C(C)=O)[C@@]1(C)CC[C@@]3([H])[C@@]2([H])C=C(Cl)C4=CC(=O)[C@@H]5C[C@@H]5[C@]34C,null,null,null,null,null,C3412,SIGMA,2021_LOPAC_01,null,null,Cyproterone acetate,null,4,null,null,null,11.294,-9.766,4.504,0.321,0.931,null,null,null,null,null,null,0.5,null,null,1.905,-9.388,-0.397,-3.006,null,null,null,null,null,null,null,null,null,UWFYSQMTEOIJJG,null,TRND,zFSYcxAkyzxBqBZBUO,null,Androgen Receptor antagonist,null,null,null,null,null,null,null,427-51-0,AR,null,null,0,4,0,null,null,173033,0 0 0 0,1,1,2025-06-17 16:13:51,null,null,null,null,null,null,null,364799807,activity,null,HTS,null,1.905,-1.3,0.227,-9.388,null,null,null,null,null,null,null,null,null,null,null,null,null,null,null,null,null,null,null,null,null,278941715
TRND-Glioblastoma_LOPAC_U251-primary_screen2,NCGC00015608-30,activity,14.125375,-3,-97.619,-93.254,CN(C)C(=O)C(CCN1CCC(O)(CC1)C2=CC=C(Cl)C=C2)(C3=CC=CC=C3)C4=CC=CC=C4,null,null,null,null,null,L4762,SIGMA,2021_LOPAC_01,-4.85,null,Loperamide hydrochloride,null,-3,null,null,null,96.968,-95.119,4.504,0.03,0.999,null,null,null,null,null,null,2.5,null,null,3.715,-93.254,-43.996,-40.763,null,null,null,null,null,null,null,null,null,RDOIQAHITMMDAJ,null,TRND,hBtxmwOvJTohApsbNv,null,Mu-opiod receptor agonist,null,null,CL,null,null,null,null,34552-83-5,OP4M1,null,null,0,4,0,null,null,173033,0 0 0 0,1,1,2025-06-17 16:13:51,null,null,null,null,null,null,null,364799591,activity,null,HTS,14.451219,1.045,3.715,-0.67,-93.254,null,null,null,null,null,null,null,null,null,null,null,null,null,null,null,null,null,null,null,null,null,278941716
TRND-Glioblastoma_LOPAC_U251-primary_screen2,NCGC00015948-25,activity,7.943282,-2.4,-31.24,-28.533,[H][C@@]12CC[C@@]3(CCC(=O)O3)[C@@]1(C)CC[C@@]4([H])[C@@]2([H])[C@@]([H])(CC5=CC(=O)CC[C@]45C)SC(C)=O,null,null,null,null,null,S3378,SIGMA,2021_LOPAC_01,-5.1,null,Spironolactone,null,4,null,null,null,29.547,-29.74,2.253,0.035,0.999,null,null,null,null,null,null,1.5,null,null,1.014,-28.533,-19.529,-17.973,null,null,null,null,null,null,null,null,null,LXMSZDCAJNLERA,null,TRND,yTaDqvGWmbVBfKqeUO,null,null,null,null,null,null,null,null,null,[NO STEREO] 52-01-7,null,null,null,0,4,0,null,null,173033,0 0 0 0,1,1,2025-06-17 16:13:51,null,null,null,null,null,null,null,364797047,activity,null,HTS,null,0.857,1.014,-10.89,-28.533,null,null,null,null,null,null,null,null,null,null,null,null,null,null,null,null,null,null,null,null,null,278941717
TRND-Glioblastoma_LOPAC_U251-primary_screen2,NCGC00186021-03,activity,null,4,14.7,9.352,NC(=N)C1=CC=C(C[S+]([O-])(F)=O)C=C1,null,null,null,null,null,A6664,SIGMA,2021_LOPAC_01,null,null,4-Amidinophenylmethanesulfonyl fluoride hydrochloride,null,4,null,null,null,15.13,9.5,3.929,0.053,0.998,null,null,null,null,null,null,-5.2,null,null,9.963,-5.167,1.596,1.538,null,null,null,null,null,null,null,null,null,ABWNNKAYIRRMIV,null,TRND,EIsqAbsXIPZXVbPkiH,null,null,null,null,CL,null,null,null,null,null,null,null,null,0,4,0,null,null,173033,0 0 0 0,1,1,2025-06-17 16:13:51,null,null,null,null,null,null,null,364798327,activity,null,HTS,null,-5.167,5.798,9.963,9.352,null,null,null,null,null,null,null,null,null,null,null,null,null,null,null,null,null,null,null,null,null,278941718
TRND-Glioblastoma_LOPAC_U251-primary_screen2,NCGC00021580-28,activity,null,4,12.097,8.852,C[C@]12C[C@H](O)[C@@]3(F)[C@@H](CCC4=CC(=O)C=C[C@]34C)[C@@H]1C[C@@H](O)[C@]2(O)C(=O)CO,null,null,null,null,null,T6376,SIGMA,2021_LOPAC_01,null,null,Triamcinolone,null,4,null,null,null,13.933,5.5,4.955,0.525,0.781,null,null,null,null,null,null,-6.597,null,null,8.852,-5.081,-3.906,-3.674,null,null,null,null,null,null,null,null,null,GFNANZIMVAIWHM,null,TRND,dGBTFTQtwvmDGLqiDS,null,null,null,null,null,null,null,null,null,124-94-7,null,null,null,0,4,0,null,null,173033,0 0 0 0,1,1,2025-06-17 16:13:51,null,null,null,null,null,null,null,364799291,activity,null,HTS,null,-5.081,6.001,1.928,8.852,null,null,null,null,null,null,null,null,null,null,null,null,null,null,null,null,null,null,null,null,null,278941719
TRND-Glioblastoma_LOPAC_U251-primary_screen2,NCGC00015798-29,activity,null,4,0,1.001,CC(C)NCC(O)COC1=C2C=CC=CC2=CC=C1,null,null,null,null,null,P0884,SIGMA,2021_LOPAC_01,null,null,(±)-Propranolol hydrochloride,null,4,null,null,null,8.314,0,null,null,null,null,null,null,null,null,null,0,null,null,9.315,1.001,34.253,null,null,null,null,null,null,null,null,null,null,AQHHHDLHHXJYJD,null,TRND,gkStVHQtOGuEdOfsjk,null,null,null,null,CL,null,null,null,null,318-98-9,null,null,null,0,4,null,null,null,173033,null,1,1,2025-06-17 16:13:51,null,null,null,null,null,null,null,364796691,activity,null,HTS,null,7.761,8.118,9.315,1.001,null,null,null,null,null,null,null,null,null,null,null,null,null,null,null,null,null,null,null,null,null,278941720
TRND-Glioblastoma_LOPAC_U251-primary_screen2,NCGC00246951-08,activity,null,4,0,6.493,O\C1=C\C2=C(/OC1=O)C3=C(C=C(O)C(O)=C3O)C(=O)O2,null,null,null,null,null,SML0776,SIGMA,2021_LOPAC_01,null,null,Galloflavin potassium,null,4,null,null,null,7.135,0,null,null,null,null,null,null,null,null,null,0,null,null,11.301,4.167,43.932,null,null,null,null,null,null,null,null,null,null,VYKVZHXHVUVABA,null,TRND,BUHVNwmrCnrAjdycvY,null,null,null,null,null,null,null,null,null,null,null,null,null,0,4,null,null,null,173033,null,1,1,2025-06-17 16:13:51,null,null,null,null,null,null,null,364798627,activity,null,HTS,null,11.301,4.167,8.93,6.493,null,null,null,null,null,null,null,null,null,null,null,null,null,null,null,null,null,null,null,null,null,278941721
TRND-Glioblastoma_LOPAC_U251-primary_screen2,NCGC00025212-33,activity,2.818383,-1.1,-99.703,-95.368,C[C@]12[C@@H]3CC[C@@H](O3)[C@@]1(C)C(=O)OC2=O,null,null,null,null,null,C7632,SIGMA,2021_LOPAC_01,-5.55,null,Cantharidin,null,-1.1,null,null,null,97.9,-96.703,2.248,0.021,1,null,null,null,null,null,null,3,null,null,2.532,-95.368,-111.586,-111.295,null,null,null,null,null,null,null,null,null,DHZBEENLJMYSHQ,null,TRND,OSstLqmyOyGadGVFia,null,Protein Phosphatase 2A inhibitor,null,null,null,null,null,null,null,56-25-7,PPP2CA,null,null,0,4,0,null,null,173033,0 0 0 0,1,1,2025-06-17 16:13:51,null,null,null,null,null,null,null,364795923,activity,null,HTS,2.905214,2.532,-12.731,-85.204,-95.368,null,null,null,null,null,null,null,null,null,null,null,null,null,null,null,null,null,null,null,null,null,278941722
TRND-Glioblastoma_LOPAC_U251-primary_screen2,NCGC00487269-04,activity,19.952623,-3,-104.295,-95.181,OC1=CC=C2[C@H]([C@H](CCC2=C1)C3=CC=CC=C3)C4=CC=C(OCCN5CCCC5)C=C4,null,null,null,null,null,SML1026,SIGMA,2021_LOPAC_01,-4.7,null,Lasofoxifene tartrate,null,-3,null,null,null,99.029,-102.795,4.955,0.089,0.995,null,null,null,null,null,null,1.5,null,null,3.849,-95.181,-53.539,-44.081,null,null,null,null,null,null,null,null,null,GXESHMAMLJKROZ,null,TRND,EslLpQyzSNrCCoSoJx,null,null,null,null,TARTRATE,null,null,null,null,[NO STEREO] 190791-29-8,null,null,null,0,4,0,null,null,173033,0 0 0 0,1,1,2025-06-17 16:13:51,null,null,null,null,null,null,null,364798239,activity,null,HTS,19.7348,-3.163,3.849,3.694,-95.181,null,null,null,null,null,null,null,null,null,null,null,null,null,null,null,null,null,null,null,null,null,278941723
TRND-Glioblastoma_LOPAC_U251-primary_screen2,NCGC00346548-11,activity,null,4,0,-1.863,CCCNC(=O)NC1=CC=C(OC2=NC=NC3=CC(OC)=C(OC)C=C23)C=C1Cl,null,null,null,null,null,SML0957,SIGMA,2021_LOPAC_01,null,null,KRN633    ,null,4,null,null,null,4.249,0,null,null,null,null,null,null,null,null,null,0,null,null,2.319,-1.93,3.256,null,null,null,null,null,null,null,null,null,null,VPBYZLCHOKSGRX,null,TRND,oKLSLnYdXaUvpnNjzt,null,Vascular Endothelial Growth Factor Receptor 2 (VEGFR-2) inhibitor,null,null,null,null,null,null,null,null,KDR,null,null,0,4,null,null,null,173033,null,1,1,2025-06-17 16:13:51,null,null,null,null,null,null,null,364796959,activity,null,HTS,null,1.429,2.319,-1.93,-1.863,null,null,null,null,null,null,null,null,null,null,null,null,null,null,null,null,null,null,null,null,null,278941724
TRND-Glioblastoma_LOPAC_U251-primary_screen2,NCGC00015811-06,activity,null,4,-17.812,-10.26,S=C(NC1=NC=CS1)NC2=CC=CC=C2,null,null,null,null,null,P4015,SIGMA,2021_LOPAC_01,null,null,1-Phenyl-3-(2-thiazolyl)-2-thiourea,null,4,null,null,null,22.191,-10.312,4.955,0.438,0.86,null,null,null,null,null,null,7.5,null,null,11.931,-10.26,7.475,17.155,null,null,null,null,null,null,null,null,null,GCZZOZBWAZHCAN,null,TRND,MehbPiwFvXujTKFFnx,null,null,null,null,null,null,null,null,null,null,null,null,null,0,4,0,null,null,173033,0 0 0 0,1,1,2025-06-17 16:13:51,null,null,null,null,null,null,null,364796723,activity,null,HTS,null,2.995,11.931,-5.405,-10.26,null,null,null,null,null,null,null,null,null,null,null,null,null,null,null,null,null,null,null,null,null,278941725
TRND-Glioblastoma_LOPAC_U251-primary_screen2,NCGC00015550-18,activity,null,4,-10.563,-3.386,CC(C)[N+]1(C)C2CCC1CC(C2)C(=O)OC(CO)C3=CC=CC=C3,null,null,null,null,null,I1637,SIGMA,2021_LOPAC_01,null,null,Ipratropium bromide,null,4,null,null,null,12.37,-3.563,2.333,0.423,0.872,null,null,null,null,null,null,7,null,null,8.984,-3.386,18.318,23.311,null,null,null,null,null,null,null,null,null,JQWQIOQHLSYJGI,null,TRND,qESyWCGHQCImYmMFIU,null,null,null,null,BR,null,null,null,null,null,null,null,null,0,4,0,null,null,173033,0 0 0 0,1,1,2025-06-17 16:13:51,null,null,null,null,null,null,null,364797239,activity,null,HTS,null,4.637,8.984,1.361,-3.386,null,null,null,null,null,null,null,null,null,null,null,null,null,null,null,null,null,null,null,null,null,278941726
TRND-Glioblastoma_LOPAC_U251-primary_screen2,NCGC00017331-20,activity,null,4,13,8.989,O[C@H]1CC2=C(O[C@@H]1C3=CC(O)=C(O)C=C3)C=C(O)C=C2O,null,null,null,null,null,C1251,SIGMA,2021_LOPAC_01,null,null,(+)-Catechin Hydrate,null,4,null,null,null,12.221,16,4.449,1,0.604,null,null,null,null,null,null,3,null,null,13.225,1.004,39.415,28.054,null,null,null,null,null,null,null,null,null,PFTAWBLQPZVEMU,null,TRND,EaGRIWmRVYuNFylWYj,null,null,null,null,H2O,null,null,null,null,7295-85-4|154-23-4,null,null,null,0,4,1,null,null,173033,0 0 0 1,1,1,2025-06-17 16:13:51,null,null,null,null,null,null,null,364799127,activity,null,HTS,null,8.112,1.004,13.225,8.989,null,null,null,null,null,null,null,null,null,null,null,null,null,null,null,null,null,null,null,null,null,278941727
TRND-Glioblastoma_LOPAC_U251-primary_screen2,NCGC00015588-10,activity,null,4,0,3.664,ClC1=CC=C(C=C1)N2CCN(CC3=CNC4=C3C=CC=N4)CC2,null,null,null,null,null,L131,SIGMA,2021_LOPAC_01,null,null,"L-745,870 hydrochloride",null,4,null,null,null,3.629,0,null,null,null,null,null,null,null,null,null,0,null,null,3.664,0.035,8.957,null,null,null,null,null,null,null,null,null,null,OGJGQVFWEPNYSB,null,TRND,iRlnrpfjEHFQejqtym,null,null,null,null,CL,null,null,null,null,null,null,null,null,0,4,null,null,null,173033,null,1,1,2025-06-17 16:13:51,null,null,null,null,null,null,null,364800287,activity,null,HTS,null,2.227,0.035,1.18,3.664,null,null,null,null,null,null,null,null,null,null,null,null,null,null,null,null,null,null,null,null,null,278941728
TRND-Glioblastoma_LOPAC_U251-primary_screen2,NCGC00016064-22,activity,4.466836,-3,-111.048,5.274,CC(C)(C)C1=CC=C(C=C1)C(O)CCCN2CCC(CC2)C(O)(C3=CC=CC=C3)C4=CC=CC=C4,null,null,null,null,null,T9652,SIGMA,2021_LOPAC_01,-5.35,null,Terfenadine,null,-3,null,null,null,100.213,-107.048,4.955,1,0.998,null,null,null,null,null,null,4,null,null,6.311,-93.902,-105.822,-108.059,null,null,null,null,null,null,null,null,null,GUGOEEXESWIERI,null,TRND,uCTRBtbIkFxjQyQhrx,null,null,null,null,null,null,null,null,null,50679-08-8,null,null,null,0,4,1,null,null,173033,0 0 0 1,1,1,2025-06-17 16:13:51,null,null,null,null,null,null,null,364796647,activity,null,HTS,4.349522,1.728,6.311,-93.902,5.274,null,null,null,null,null,null,null,null,null,null,null,null,null,null,null,null,null,null,null,null,null,278941729
TRND-Glioblastoma_LOPAC_U251-primary_screen2,NCGC00507728-02,activity,null,4,-27.523,-11.686,CN(C)C1=CC=C(\C=C\C2=CC(\C=C\C3=CC=C(C=C3)N(C)C)=[O][B](F)(F)O2)C=C1,null,null,null,null,null,SML0842,SIGMA,2021_LOPAC_01,null,null,CRANAD 2,null,4,null,null,null,22.099,-18.023,1.344,0.118,0.991,null,null,null,null,null,null,9.5,null,null,10.413,-11.686,29.686,27.361,null,null,null,null,null,null,null,null,null,PVXQJYXODFZTBR,null,TRND,nIVKwWfbiudXxNuiWR,null,null,null,null,null,null,null,null,null,null,null,null,null,0,4,0,null,null,173033,0 0 0 0,1,1,2025-06-17 16:13:51,null,null,null,null,null,null,null,364796439,activity,null,HTS,null,10.413,7.334,2.582,-11.686,null,null,null,null,null,null,null,null,null,null,null,null,null,null,null,null,null,null,null,null,null,278941730
TRND-Glioblastoma_LOPAC_U251-primary_screen2,NCGC00015030-07,activity,null,4,0,1.312,CC(N)=O,null,null,null,null,null,A0500,SIGMA,2021_LOPAC_01,null,null,Acetamide,null,4,null,null,null,2.616,0,null,null,null,null,null,null,null,null,null,0,null,null,2.902,0.286,4.708,null,null,null,null,null,null,null,null,null,null,DLFVBJFMPXGRIB,null,TRND,RVAZGLehdWvnBIOuRK,null,null,null,null,null,null,null,null,null,60-35-5,null,null,null,0,4,null,null,null,173033,null,1,1,2025-06-17 16:13:51,null,null,null,null,null,null,null,364795515,activity,null,HTS,null,0.286,2.902,1.711,1.312,null,null,null,null,null,null,null,null,null,null,null,null,null,null,null,null,null,null,null,null,null,278941731
TRND-Glioblastoma_LOPAC_U251-primary_screen2,NCGC00015877-16,activity,null,4,-23.124,-22.603,CC1=C(CCN2CCC(CC2)=C(C3=CC=C(F)C=C3)C4=CC=C(F)C=C4)C(=O)N5C=CSC5=N1,null,null,null,null,null,R103,SIGMA,2021_LOPAC_01,null,null,Ritanserin,null,4,null,null,null,26.007,-25.124,4.955,0.423,0.87,null,null,null,null,null,null,-2,null,null,3.404,-22.603,-27.136,-20.103,null,null,null,null,null,null,null,null,null,JUQLTPCYUFPYKE,null,TRND,ShCpAJcJqsTKwIkJWE,null,null,null,null,null,null,null,null,null,87051-43-2,null,null,null,0,4,0,null,null,173033,0 0 0 0,1,1,2025-06-17 16:13:51,null,null,null,null,null,null,null,364798247,activity,null,HTS,null,-5.201,-4.58,3.404,-22.603,null,null,null,null,null,null,null,null,null,null,null,null,null,null,null,null,null,null,null,null,null,278941732
TRND-Glioblastoma_LOPAC_U251-primary_screen2,NCGC00016003-21,activity,null,4,0,6.607,OC(CCN1CCCCC1)(C2CCCCC2)C3=CC=CC=C3,null,null,null,null,null,T1516,SIGMA,2021_LOPAC_01,null,null,Trihexyphenidyl hydrochloride,null,4,null,null,null,8.332,0,null,null,null,null,null,null,null,null,null,0,null,null,7.842,-0.489,26.046,null,null,null,null,null,null,null,null,null,null,HWHLPVGTWGOCJO,null,TRND,JHwoBgUCPnXLLlfeih,null,null,null,null,CL,null,null,null,null,52-49-3,null,null,null,0,4,null,null,null,173033,null,1,1,2025-06-17 16:13:51,null,null,null,null,null,null,null,364796031,activity,null,HTS,null,7.842,1.646,-0.489,6.607,null,null,null,null,null,null,null,null,null,null,null,null,null,null,null,null,null,null,null,null,null,278941733
TRND-Glioblastoma_LOPAC_U251-primary_screen2,NCGC00507734-02,activity,null,4,10.175,4.424,O[C@H](CC1=CC(O)=C(O)C=C1)C(O)=O,null,null,null,null,null,SML0679,SIGMA,2021_LOPAC_01,null,null,Danshensu sodium salt,null,4,null,null,null,14.153,4.5,2.406,0.618,0.655,null,null,null,null,null,null,-5.675,null,null,4.424,-9.729,-9.529,-18.557,null,null,null,null,null,null,null,null,null,PAFLSMZLRSPALU,null,TRND,XYbdcGvFhUYAIaZkIj,null,null,null,null,SODIUM,null,null,null,null,null,null,null,null,0,4,0,null,null,173033,0 0 0 0,1,1,2025-06-17 16:13:51,null,null,null,null,null,null,null,364799963,activity,null,HTS,null,-1.459,-9.729,-1.441,4.424,null,null,null,null,null,null,null,null,null,null,null,null,null,null,null,null,null,null,null,null,null,278941734
TRND-Glioblastoma_LOPAC_U251-primary_screen2,NCGC00092364-15,activity,null,4,-14.183,9.24,ClC1=CC=C(C=C1)C(=O)N[C@H]2CN3CCC2CC3,null,null,null,null,null,P6499,SIGMA,2021_LOPAC_01,null,null,PNU-282987,null,4,null,null,null,12.378,-2.683,1.885,1,0.999,null,null,null,null,null,null,11.5,null,null,10.975,-1.402,33.249,32.747,null,null,null,null,null,null,null,null,null,WECKJONDRAUFDD,null,TRND,SqauiWmWNiziuWwkQN,null,Neuronal acetylcholine receptor subunit alpha-7 agonist,null,null,CL,null,null,null,null,711085-63-1,CHRNA7,null,null,0,4,1,null,null,173033,0 0 0 1,1,1,2025-06-17 16:13:51,null,null,null,null,null,null,null,364799295,activity,null,HTS,null,10.975,6.452,-1.402,9.24,null,null,null,null,null,null,null,null,null,null,null,null,null,null,null,null,null,null,null,null,null,278942245
TRND-Glioblastoma_LOPAC_U251-primary_screen2,NCGC00507714-02,activity,3.162278,-3,-62.993,9.836,CC\C(=N/NC(=O)C1=CC=NC(NCCCN2CCOCC2)=C1)C3=CC=C(Cl)C=C3O,null,null,null,null,null,SML0962,SIGMA,2021_LOPAC_01,-5.5,null,M-110,null,-3,null,null,null,52.973,-50.493,2.248,1,1,null,null,null,null,null,null,12.5,null,null,12.393,-40.58,-11.983,-17.499,null,null,null,null,null,null,null,null,null,FXXCNYVQIONABS,null,TRND,ZQKkiIvKGpipvyjVKM,null,null,null,null,null,null,null,null,null,null,null,null,null,0,4,1,null,null,173033,0 0 0 1,1,1,2025-06-17 16:13:51,null,null,null,null,null,null,null,364797403,activity,null,HTS,24.6736,12.393,4.771,-40.58,9.836,null,null,null,null,null,null,null,null,null,null,null,null,null,null,null,null,null,null,null,null,null,278942246
TRND-Glioblastoma_LOPAC_U251-primary_screen2,NCGC00014925-29,activity,0.281838,5,-17.049,-83.663,CC[C@@]1(O)C(=O)OCC2=C1C=C3N(CC4=CC5=C(C=CC(O)=C5CN(C)C)N=C34)C2=O,null,null,null,null,null,T2705,SIGMA,2021_LOPAC_01,-6.55,null,Topotecan hydrochloride hydrate,null,-1.3,null,null,null,12.541,-86.556,2.406,0.549,0.754,null,null,null,null,null,null,-69.507,null,null,-77.506,-90.047,-382.211,-381.245,null,null,null,null,null,null,null,null,null,UCFGDBYHRUNTLO,null,TRND,thUwepgPlWGOEvATRH,null,DNA Topoisomerase I inhibitor,null,null,null,null,null,null,null,119413-54-6,TOP1,null,null,0,4,0,null,null,173033,0 0 0 0,1,1,2025-06-17 16:13:51,null,null,null,null,null,null,null,364797315,activity,null,HTS,null,-77.506,-86.103,-90.047,-83.663,null,null,null,null,null,null,null,null,null,null,null,null,null,null,null,null,null,null,null,null,null,278942247
TRND-Glioblastoma_LOPAC_U251-primary_screen2,NCGC00015715-19,activity,null,4,-16.742,-0.618,CNCCC(OC1=C(OC)C=CC=C1)C2=CC=CC=C2,null,null,null,null,null,N151,SIGMA,2021_LOPAC_01,null,null,Nisoxetine hydrochloride,null,4,null,null,null,13.08,-0.742,1.01,0.089,0.995,null,null,null,null,null,null,16,null,null,12.462,-0.618,39.41,38.625,null,null,null,null,null,null,null,null,null,ITJNARMNRKSWTA,null,TRND,mFVomSZYpGIVeHcSVl,null,null,null,null,CL,null,null,null,null,57754-86-6,null,null,null,0,4,0,null,null,173033,0 0 0 0,1,1,2025-06-17 16:13:51,null,null,null,null,null,null,null,364797411,activity,null,HTS,null,12.462,5.685,1.684,-0.618,null,null,null,null,null,null,null,null,null,null,null,null,null,null,null,null,null,null,null,null,null,278942248
TRND-Glioblastoma_LOPAC_U251-primary_screen2,NCGC00015365-33,activity,null,4,0,-6.514,OC1=CC=C(C=C1)C2=COC3=C(C=CC(O)=C3)C2=O,null,null,null,null,null,D7802,SIGMA,2021_LOPAC_01,null,null,Daidzein,null,4,null,null,null,8.984,0,null,null,null,null,null,null,null,null,null,0,null,null,2.47,-6.514,0.977,null,null,null,null,null,null,null,null,null,null,ZQSIJRDFPHDXIC,null,TRND,bLwindJOkQIBnYRqyp,null,Estrogen Receptor beta agonist,null,null,null,null,null,null,null,486-66-8,ESR2,null,null,0,4,null,null,null,173033,null,1,1,2025-06-17 16:13:51,null,null,null,null,null,null,null,364796151,activity,null,HTS,null,2.47,-2.683,-0.826,-6.514,null,null,null,null,null,null,null,null,null,null,null,null,null,null,null,null,null,null,null,null,null,278942249
TRND-Glioblastoma_LOPAC_U251-primary_screen2,NCGC00168110-17,activity,8.912509,-2.2,-58.657,-77.841,CN1CCN(CC1)C2=CC(NC3=CC(C)=NN3)=NC(SC4=CC=C(NC(=O)C5CC5)C=C4)=N2,null,null,null,null,null,SML2158,SIGMA,2021_LOPAC_01,-5.05,null,Vx-680,null,-2.2,null,null,null,54.715,-81.41,2.048,0.012,1,null,null,null,null,null,null,-22.752,null,null,-23.127,-77.841,-152.512,-151.339,null,null,null,null,null,null,null,null,null,GCIKSSRWRFVXBI,null,TRND,hUKwQyQHhWLElqSySv,null,Aurora kinase B inhibitor,null,null,null,null,null,null,null,639089-54-6,AURKB,null,null,0,4,0,null,null,173033,0 0 0 0,1,1,2025-06-17 16:13:51,null,null,null,null,null,null,null,364800175,activity,null,HTS,11.183948000000001,-23.127,-23.943,-43.872,-77.841,null,null,null,null,null,null,null,null,null,null,null,null,null,null,null,null,null,null,null,null,null,278942250
TRND-Glioblastoma_LOPAC_U251-primary_screen2,NCGC00024900-16,activity,null,4,10.677,9.86,C[C@@]12N[C@@H](CC3=C1C=CC=C3)C4=C2C=CC=C4,null,null,null,null,null,M108,SIGMA,2021_LOPAC_01,null,null,(-)-MK-801 hydrogen maleate,null,4,null,null,null,15.424,11,4.955,0.666,0.563,null,null,null,null,null,null,0.323,null,null,9.86,-5.564,7.89,6.461,null,null,null,null,null,null,null,null,null,LBOJYSIDWZQNJS,null,TRND,bVMNihDanuVCiyGdPR,null,null,null,null,MALEATE,null,null,null,null,77086-19-2,null,null,null,0,4,0,null,null,173033,0 0 0 0,1,1,2025-06-17 16:13:51,null,null,null,null,null,null,null,364795995,activity,null,HTS,null,1.175,4.776,-5.564,9.86,null,null,null,null,null,null,null,null,null,null,null,null,null,null,null,null,null,null,null,null,null,278942251
TRND-Glioblastoma_LOPAC_U251-primary_screen2,NCGC00162092-05,activity,null,4,0,0.361,CC1=C(N)C=CC(CN2C=NC3=C2C[C@H](N(C3)C(=O)C(C4=CC=CC=C4)C5=CC=CC=C5)C(O)=O)=C1,null,null,null,null,null,P5749,SIGMA,2021_LOPAC_01,null,null,S-(+)-PD 123177 trifluoroacetate salt hydrate,null,4,null,null,null,9.55,0,null,null,null,null,null,null,null,null,null,0,null,null,7.473,-2.077,3.035,null,null,null,null,null,null,null,null,null,null,KLVDUSUYBDMJKR,null,TRND,jZCHiazTcvSGJmypGi,null,null,null,null,H2O,null,null,null,null,null,null,null,null,0,4,null,null,null,173033,null,1,1,2025-06-17 16:13:51,null,null,null,null,null,null,null,364798503,activity,null,HTS,null,-2.077,7.473,4.844,0.361,null,null,null,null,null,null,null,null,null,null,null,null,null,null,null,null,null,null,null,null,null,278942252
TRND-Glioblastoma_LOPAC_U251-primary_screen2,NCGC00685448-02,activity,null,4,0,2.414,CC1=CN=C(CNCC2(F)CCN(CC2)C(=O)C3=CC=C(F)C(Cl)=C3)C=C1,null,null,null,null,null,SML2324,SIGMA,2021_LOPAC_01,null,null,NLx-112 hydrochloride,null,4,null,null,null,9.153,0,null,null,null,null,null,null,null,null,null,0,null,null,6.41,-2.743,-1.589,null,null,null,null,null,null,null,null,null,null,PKZXLMVXBZICTF,null,TRND,cZNIqfLEFjrYrzqDMR,null,5-HT1A Receptor agonist,null,null,CL,null,null,null,null,208110-64-9,HTR1A,null,null,0,4,null,null,null,173033,null,1,1,2025-06-17 16:13:51,null,null,null,null,null,null,null,364800043,activity,null,HTS,null,-2.743,0.391,6.41,2.414,null,null,null,null,null,null,null,null,null,null,null,null,null,null,null,null,null,null,null,null,null,278942253
TRND-Glioblastoma_LOPAC_U251-primary_screen2,NCGC00024853-15,activity,null,4,-12.962,11.526,[H][C@@]2(CNC(=O)C1=C(OC)C=CC(=C1)[S+](N)([O-])=O)CCCN2CC,null,null,null,null,null,S7771,SIGMA,2021_LOPAC_01,null,null,(-)-Sulpiride,null,4,null,null,null,16.494,-6.462,1.858,1,0.999,null,null,null,null,null,null,6.5,null,null,11.526,-4.968,12.806,12.591,null,null,null,null,null,null,null,null,null,LZSXQDDPWUOGTJ,null,TRND,cCiXecKJAJIoXMFXsn,null,null,null,null,null,null,null,null,null,23672-07-3,null,null,null,0,4,1,null,null,173033,0 0 0 1,1,1,2025-06-17 16:13:51,null,null,null,null,null,null,null,364798339,activity,null,HTS,null,6.101,2.806,-4.968,11.526,null,null,null,null,null,null,null,null,null,null,null,null,null,null,null,null,null,null,null,null,null,278942254
TRND-Glioblastoma_LOPAC_U251-primary_screen2,NCGC00015925-18,activity,null,4,0,-4.895,NC1=CC=C(C=C1)[S+]([O-])(=O)NC2=CC=NN2C3=CC=CC=C3,null,null,null,null,null,S0758,SIGMA,2021_LOPAC_01,null,null,Sulfaphenazole,null,4,null,null,null,8.978,0,null,null,null,null,null,null,null,null,null,0,null,null,4.083,-4.895,4.629,null,null,null,null,null,null,null,null,null,null,MAJMNCJQOUUIHD,null,TRND,dIHqtHvatMpJNKBrUo,null,null,null,null,null,null,null,null,null,526-08-9,null,null,null,0,4,null,null,null,173033,null,1,1,2025-06-17 16:13:51,null,null,null,null,null,null,null,364798915,activity,null,HTS,null,4.083,-3.186,-2.72,-4.895,null,null,null,null,null,null,null,null,null,null,null,null,null,null,null,null,null,null,null,null,null,278942255
TRND-Glioblastoma_LOPAC_U251-primary_screen2,NCGC00015962-28,activity,null,4,-28.342,-14.452,OC1=CC=C(C=C1)C2=NC(=C(N2)C3=CC=C(F)C=C3)C4=CC=NC=C4,null,null,null,null,null,S7067,SIGMA,2021_LOPAC_01,null,null,SB 202190,null,4,null,null,null,29.465,-17.342,4.955,0.336,0.923,null,null,null,null,null,null,11,null,null,15.013,-14.452,39.38,38.568,null,null,null,null,null,null,null,null,null,QHKYPYXTTXKZST,null,TRND,QiSKNdWQYmaXPBMtLd,null,Mitogen-Activated protein kinase 8 (JNK) inhibitor,null,null,null,null,null,null,null,152121-30-7,MAPK8,null,null,0,4,0,null,null,173033,0 0 0 0,1,1,2025-06-17 16:13:51,null,null,null,null,null,null,null,364796475,activity,null,HTS,null,11.58,6.213,15.013,-14.452,null,null,null,null,null,null,null,null,null,null,null,null,null,null,null,null,null,null,null,null,null,278942256
TRND-Glioblastoma_LOPAC_U251-primary_screen2,NCGC00507742-03,activity,8.912509,-2.4,-41.234,-35.405,O=C(N1C=C(N=N1)C2=CC=C(C=C2)C3=CC=CC(=C3)C(=O)N4CCCCC4)N5CCCCC5C6=CC=CC=C6,null,null,null,null,null,SML1249,SIGMA,2021_LOPAC_01,-5.05,null,KT185,null,-2.2,null,null,null,38.885,-38.734,1.885,0.101,0.994,null,null,null,null,null,null,2.5,null,null,3.48,-35.405,-21.51,-19.765,null,null,null,null,null,null,null,null,null,SGQNTNACVSWXMA,null,TRND,uGUjqVIpMhKlLvdVwM,null,Monoacylglycerol Lipase ABHD6 inhibitor,null,null,null,null,null,null,null,null,ABHD6,null,null,0,4,0,null,null,173033,0 0 0 0,1,1,2025-06-17 16:13:51,null,null,null,null,null,null,null,364796163,activity,null,HTS,null,1.498,3.48,-13.567,-35.405,null,null,null,null,null,null,null,null,null,null,null,null,null,null,null,null,null,null,null,null,null,278942257
TRND-Glioblastoma_LOPAC_U251-primary_screen2,NCGC00162111-08,activity,null,4,0,8.133,CO\N=C(/C(=O)N[C@H]1C2SCC(CSC3=NC(=O)C([O-])=NN3C)=C(N2C1=O)C([O-])=O)C4=CSC(N)=N4,null,null,null,null,null,C5793,SIGMA,2021_LOPAC_01,null,null,Ceftriaxone sodium,null,4,null,null,null,6.189,0,null,null,null,null,null,null,null,null,null,0,null,null,8.133,1.944,16.793,null,null,null,null,null,null,null,null,null,null,VAAUVRVFOQPIGI,null,TRND,DWygAifcyEmRZsItnj,null,null,null,null,SODIUM,null,null,null,null,null,null,null,null,0,4,null,null,null,173033,null,1,1,2025-06-17 16:13:51,null,null,null,null,null,null,null,364797155,activity,null,HTS,null,1.944,4.752,5.436,8.133,null,null,null,null,null,null,null,null,null,null,null,null,null,null,null,null,null,null,null,null,null,278942258
TRND-Glioblastoma_LOPAC_U251-primary_screen2,NCGC00021147-27,activity,null,4,0,-5.386,CN(C)CCOC(C)(C1=CC=CC=C1)C2=CC=CC=N2,null,null,null,null,null,D3775,SIGMA,2021_LOPAC_01,null,null,Doxylamine succinate,null,4,null,null,null,8.569,0,null,null,null,null,null,null,null,null,null,0,null,null,3.183,-5.386,7.694,null,null,null,null,null,null,null,null,null,null,HCFDWZZGGLSKEP,null,TRND,JHbilBDLuOuyqdEAtj,null,null,null,null,SUCCINICACID,null,null,null,null,562-10-7,null,null,null,0,4,null,null,null,173033,null,1,1,2025-06-17 16:13:51,null,null,null,null,null,null,null,364796879,activity,null,HTS,null,3.183,2.158,0.263,-5.386,null,null,null,null,null,null,null,null,null,null,null,null,null,null,null,null,null,null,null,null,null,278942259
TRND-Glioblastoma_LOPAC_U251-primary_screen2,NCGC00015351-07,activity,null,4,0,-4.877,CC1(C)CCC=[N+]1[O-],null,null,null,null,null,D5766,SIGMA,2021_LOPAC_01,null,null,"5,5-Dimethyl-1-pyrroline-N-oxide",null,4,null,null,null,4.889,0,null,null,null,null,null,null,null,null,null,0,null,null,0.012,-4.877,-7.991,null,null,null,null,null,null,null,null,null,null,VCUVETGKTILCLC,null,TRND,ukJPsYJAHprkuIqUkd,null,null,null,null,null,null,null,null,null,3317-61-1,null,null,null,0,4,null,null,null,173033,null,1,1,2025-06-17 16:13:51,null,null,null,null,null,null,null,364796911,activity,null,HTS,null,-1.235,-2.873,0.012,-4.877,null,null,null,null,null,null,null,null,null,null,null,null,null,null,null,null,null,null,null,null,null,278942260
TRND-Glioblastoma_LOPAC_U251-primary_screen2,NCGC00162232-13,activity,null,4,0,9.226,CCCCCN(CCCCC)C(=O)C(CCC([O-])=O)NC(=O)C1=CC(Cl)=C(Cl)C=C1,null,null,null,null,null,L109,SIGMA,2021_LOPAC_01,null,null,Lorglumide sodium,null,4,null,null,null,17.255,0,null,null,null,null,null,null,null,null,null,0,null,null,14.388,-2.867,50.494,null,null,null,null,null,null,null,null,null,null,IEKOTSCYBBDIJC,null,TRND,KGFKmFLqBzjMUASNCt,null,null,null,null,SODIUM,null,null,null,null,null,null,null,null,0,4,null,null,null,173033,null,1,1,2025-06-17 16:13:51,null,null,null,null,null,null,null,364796451,activity,null,HTS,null,14.388,-2.867,11.039,9.226,null,null,null,null,null,null,null,null,null,null,null,null,null,null,null,null,null,null,null,null,null,278942261
TRND-Glioblastoma_LOPAC_U251-primary_screen2,NCGC00094265-07,activity,null,4,0,11.397,OC(=O)[C@@H]1CCCN[C@@H]1C(O)=O,null,null,null,null,null,P8782,SIGMA,2021_LOPAC_01,null,null,"(±)-cis-Piperidine-2,3-dicarboxylic acid",null,4,null,null,null,9.618,0,null,null,null,null,null,null,null,null,null,0,null,null,12.545,2.927,26.054,null,null,null,null,null,null,null,null,null,null,PTLWNCBCBZZBJI,null,TRND,RIqVIDZfNdcMOePGyO,null,null,null,null,null,null,null,null,null,null,null,null,null,0,4,null,null,null,173033,null,1,1,2025-06-17 16:13:51,null,null,null,null,null,null,null,364795695,activity,null,HTS,null,3.331,2.927,12.545,11.397,null,null,null,null,null,null,null,null,null,null,null,null,null,null,null,null,null,null,null,null,null,278942262
TRND-Glioblastoma_LOPAC_U251-primary_screen2,NCGC00379308-02,activity,11.220185,-3,-75.42,-63.527,CC(NC1=C2C=CC=CC2=NC(=N1)N3CCNCC3)C4=CC=CC=C4,null,null,null,null,null,SML2256,SIGMA,2021_LOPAC_01,-4.95,null,D3-ßArr,null,-3,null,null,null,74.695,-64.42,4.095,0.022,1,null,null,null,null,null,null,11,null,null,11.169,-63.527,6.879,6.885,null,null,null,null,null,null,null,null,null,LOGWGZNWEWFTJV,null,TRND,iOWvlIfukeNpaugbEb,null,null,null,null,null,null,null,null,null,null,null,null,null,0,4,0,null,null,173033,0 0 0 0,1,1,2025-06-17 16:13:51,null,null,null,null,null,null,null,364796443,activity,null,HTS,15.200879,11.169,9.986,3.289,-63.527,null,null,null,null,null,null,null,null,null,null,null,null,null,null,null,null,null,null,null,null,null,278942263
TRND-Glioblastoma_LOPAC_U251-primary_screen2,NCGC00015000-09,activity,null,4,0,-2.388,CN1C2=C(NC(=N2)C3=CC=C(C=C3)[S+](O)([O-])=O)C(=O)N(C)C1=O,null,null,null,null,null,A013,SIGMA,2021_LOPAC_01,null,null,8-(p-Sulfophenyl)theophylline,null,4,null,null,null,7.649,0,null,null,null,null,null,null,null,null,null,0,null,null,5.261,-2.388,4.273,null,null,null,null,null,null,null,null,null,null,VWZSKJSRNJOWFW,null,TRND,wHaVfEmTQRBIhVcbCf,null,null,null,null,H2O,null,null,null,null,null,null,null,null,0,4,null,null,null,173033,null,1,1,2025-06-17 16:13:51,null,null,null,null,null,null,null,364798751,activity,null,HTS,null,0.763,5.261,-0.379,-2.388,null,null,null,null,null,null,null,null,null,null,null,null,null,null,null,null,null,null,null,null,null,278942264
TRND-Glioblastoma_LOPAC_U251-primary_screen2,NCGC00025077-05,activity,null,4,0,0.712,C[C@H](NC[C@H](O)CP(O)(=O)CC1=CC=CC=C1)C2=CC=C(Cl)C(Cl)=C2,null,null,null,null,null,SML0594,SIGMA,2021_LOPAC_01,null,null,CGP 55845 hydrochloride,null,4,null,null,null,7.605,0,null,null,null,null,null,null,null,null,null,0,null,null,3.685,-3.92,-7.774,null,null,null,null,null,null,null,null,null,null,ZODSPDOOCZZEIM,null,TRND,jcCITFQIAxXFfQABdE,null,null,null,null,CL,null,null,null,null,null,null,null,null,0,4,null,null,null,173033,null,1,1,2025-06-17 16:13:51,null,null,null,null,null,null,null,364798119,activity,null,HTS,null,-3.92,3.685,0.223,0.712,null,null,null,null,null,null,null,null,null,null,null,null,null,null,null,null,null,null,null,null,null,278942265
TRND-Glioblastoma_LOPAC_U251-primary_screen2,NCGC00025327-09,activity,null,4,-21.295,-16.079,CC1=NC2=C(O1)C=C(NC(=O)NC3=CC=NC4=C3N=CC=C4)C=C2,null,null,null,null,null,SML1530,SIGMA,2021_LOPAC_01,null,null,SB-334867,null,4,null,null,null,23.367,-16.795,2.72,0.292,0.944,null,null,null,null,null,null,4.5,null,null,7.288,-16.079,-0.56,5.511,null,null,null,null,null,null,null,null,null,AKMNUCBQGHFICM,null,TRND,ItcRqxrZmVgRiVpDJO,null,null,null,null,null,null,null,null,null,null,null,null,null,0,4,0,null,null,173033,0 0 0 0,1,1,2025-06-17 16:13:51,null,null,null,null,null,null,null,364798811,activity,null,HTS,null,1.623,7.288,-2.438,-16.079,null,null,null,null,null,null,null,null,null,null,null,null,null,null,null,null,null,null,null,null,null,278942266
TRND-Glioblastoma_LOPAC_U251-primary_screen2,NCGC00093535-08,activity,8.912509,-2.2,-70.427,-57.482,CCCCC[C@H](CC(=O)NO)C(=O)N[C@@H](C(C)C)C(=O)N1CCC[C@H]1CO,null,null,null,null,null,A6671,SIGMA,2021_LOPAC_01,-5.05,null,Actinonin,null,-2.2,null,null,null,66.057,-61.927,2.048,0.046,0.999,null,null,null,null,null,null,8.5,null,null,8.575,-57.482,-15.755,-13.401,null,null,null,null,null,null,null,null,null,XJLATMLVMSFZBN,null,TRND,yPEOBDnkroaPYOGMph,null,null,null,null,null,null,null,null,null,13434-13-4,null,null,null,0,4,0,null,null,173033,0 0 0 0,1,1,2025-06-17 16:13:51,null,null,null,null,null,null,null,364795627,activity,null,HTS,17.944865,7.37,8.575,-17.134,-57.482,null,null,null,null,null,null,null,null,null,null,null,null,null,null,null,null,null,null,null,null,null,278942267
TRND-Glioblastoma_LOPAC_U251-primary_screen2,NCGC00163544-12,activity,null,4,0,5.479,CC(C)C[C@H](NC(=O)[C@H]1O[C@@H]1C(O)=O)C(=O)NCCCCNC(N)=N,null,null,null,null,null,E3132,SIGMA,2021_LOPAC_01,null,null,E-64,null,4,null,null,null,8.721,0,null,null,null,null,null,null,null,null,null,0,null,null,5.479,-3.242,-4.079,null,null,null,null,null,null,null,null,null,null,LTLYEAJONXGNFG,null,TRND,sBHdtRktyXSNautToB,null,null,null,null,null,null,null,null,null,[NO STEREO] 66701-25-5,null,null,null,0,4,null,null,null,173033,null,1,1,2025-06-17 16:13:51,null,null,null,null,null,null,null,364800115,activity,null,HTS,null,-2.05,-3.242,1.423,5.479,null,null,null,null,null,null,null,null,null,null,null,null,null,null,null,null,null,null,null,null,null,278942268
TRND-Glioblastoma_LOPAC_U251-primary_screen2,NCGC00420698-05,activity,null,4,-25.751,-29.792,O=C(CC1=CC=CC=C1)NC2=NN=C(CCSCCC3=NN=C(NC(=O)CC4=CC=CC=C4)S3)S2,null,null,null,null,null,SML0601,SIGMA,2021_LOPAC_01,null,null,BPTES,null,4,null,null,null,31.888,-23.251,4.095,0.462,0.84,null,null,null,null,null,null,2.5,null,null,2.095,-29.792,-34.684,-35.371,null,null,null,null,null,null,null,null,null,MDJIPXYRSZHCFS,null,TRND,kTffcagdZagbDESDVD,null,Glutaminase inhibitor,null,null,null,null,null,null,null,null,GLS,null,null,0,4,0,null,null,173033,0 0 0 0,1,1,2025-06-17 16:13:51,null,null,null,null,null,null,null,364798851,activity,null,HTS,null,2.095,-18.695,-16.837,-29.792,null,null,null,null,null,null,null,null,null,null,null,null,null,null,null,null,null,null,null,null,null,278942269
TRND-Glioblastoma_LOPAC_U251-primary_screen2,NCGC00016072-07,activity,null,4,0,10.763,CC(C)OC1=C(N=CC=C1)N(C)C2CCN(CC3=CC=CC=C3)CC2,null,null,null,null,null,U115,SIGMA,2021_LOPAC_01,null,null,U-101958 maleate,null,4,null,null,null,9.736,0,null,null,null,null,null,null,null,null,null,0,null,null,10.763,1.026,31.205,null,null,null,null,null,null,null,null,null,null,WFLHEXUTTRRXFJ,null,TRND,mhHnfenMQdBtLESfds,null,null,null,null,MALEATE,null,null,null,null,null,null,null,null,0,4,null,null,null,173033,null,1,1,2025-06-17 16:13:51,null,null,null,null,null,null,null,364800531,activity,null,HTS,null,6.268,1.026,10.632,10.763,null,null,null,null,null,null,null,null,null,null,null,null,null,null,null,null,null,null,null,null,null,278942270
TRND-Glioblastoma_LOPAC_U251-primary_screen2,NCGC00015019-06,activity,null,4,0,6.152,NC(CCC(O)=O)C#C,null,null,null,null,null,A230,SIGMA,2021_LOPAC_01,null,null,gamma-Acetylinic GABA,null,4,null,null,null,8.289,0,null,null,null,null,null,null,null,null,null,0,null,null,6.152,-2.137,-0.777,null,null,null,null,null,null,null,null,null,null,BJNIHWSOVCDBHS,null,TRND,GsWziEBNcHYWMxiqPY,null,null,null,null,null,null,null,null,null,57659-38-8,null,null,null,0,4,null,null,null,173033,null,1,1,2025-06-17 16:13:51,null,null,null,null,null,null,null,364798799,activity,null,HTS,null,-2.137,-0.338,3.085,6.152,null,null,null,null,null,null,null,null,null,null,null,null,null,null,null,null,null,null,null,null,null,278942271
TRND-Glioblastoma_LOPAC_U251-primary_screen2,NCGC00015441-16,activity,null,4,-10.929,6.308,CCCCC1=CC=C(N=C1)C(O)=O,null,null,null,null,null,F6513,SIGMA,2021_LOPAC_01,null,null,Fusaric acid,null,4,null,null,null,14.613,-4.429,4.955,1,0.457,null,null,null,null,null,null,6.5,null,null,12.172,-2.441,7.858,18.637,null,null,null,null,null,null,null,null,null,DGMPVYSXXIOGJY,null,TRND,NgyHVPdAgMCPCRdiUg,null,null,null,null,null,null,null,null,null,536-69-6,null,null,null,0,4,1,null,null,173033,0 0 0 1,1,1,2025-06-17 16:13:51,null,null,null,null,null,null,null,364798443,activity,null,HTS,null,0.844,12.172,-2.441,6.308,null,null,null,null,null,null,null,null,null,null,null,null,null,null,null,null,null,null,null,null,null,278942272
TRND-Glioblastoma_LOPAC_U251-primary_screen2,NCGC00506850-02,activity,null,4,14.711,9.118,[O-][N+](=O)C1=CC=C(C=C1)C2=CC(=O)N3N=C(CC4=CC=CC=C4)C(=C3N2)C5=CC=C(Cl)C=C5,null,null,null,null,null,SML2238,SIGMA,2021_LOPAC_01,null,null,NAV-2729,null,4,null,null,null,13.461,8.5,4.955,0.181,0.979,null,null,null,null,null,null,-6.211,null,null,9.118,-4.343,3.992,4.045,null,null,null,null,null,null,null,null,null,GUUWHOSUKOCRHG,null,TRND,GnlVZoLIQTwdVtlhxi,null,null,null,null,null,null,null,null,null,null,null,null,null,0,4,0,null,null,173033,0 0 0 0,1,1,2025-06-17 16:13:51,null,null,null,null,null,null,null,364799263,activity,null,HTS,null,-4.343,8.983,7.111,9.118,null,null,null,null,null,null,null,null,null,null,null,null,null,null,null,null,null,null,null,null,null,278942273
TRND-Glioblastoma_LOPAC_U251-primary_screen2,NCGC00015029-11,activity,null,4,0,-4.641,NC1(CC1)C(O)=O,null,null,null,null,null,A0430,SIGMA,2021_LOPAC_01,null,null,1-Aminocyclopropanecarboxylic acid hydrochloride,null,4,null,null,null,3.443,0,null,null,null,null,null,null,null,null,null,0,null,null,-4.641,-8.084,-25.88,null,null,null,null,null,null,null,null,null,null,PAJPWUMXBYXFCZ,null,TRND,VQxhtvJBWiWhUVNTpk,null,null,null,null,CL,null,null,null,null,null,null,null,null,0,4,null,null,null,173033,null,1,1,2025-06-17 16:13:51,null,null,null,null,null,null,null,364799975,activity,null,HTS,null,-4.947,-8.084,-5.808,-4.641,null,null,null,null,null,null,null,null,null,null,null,null,null,null,null,null,null,null,null,null,null,278942274
TRND-Glioblastoma_LOPAC_U251-primary_screen2,NCGC00095209-14,activity,null,4,-25.639,-9.282,CC(C)=CCOC1=C2OC(=O)C=CC2=CC3=C1OC=C3,null,null,null,null,null,I6659,SIGMA,2021_LOPAC_01,null,null,Imperatorin,null,4,null,null,null,26.082,-7.139,2.353,0.183,0.979,null,null,null,null,null,null,18.5,null,null,16.8,-9.282,38.313,38.851,null,null,null,null,null,null,null,null,null,OLOOJGVNMBJLLR,null,TRND,xAHmVdzCTdSxpqjJNL,null,null,null,null,null,null,null,null,null,482-44-0,null,null,null,0,4,0,null,null,173033,0 0 0 0,1,1,2025-06-17 16:13:51,null,null,null,null,null,null,null,364796167,activity,null,HTS,null,16.8,0.103,-5.01,-9.282,null,null,null,null,null,null,null,null,null,null,null,null,null,null,null,null,null,null,null,null,null,278942275
TRND-Glioblastoma_LOPAC_U251-primary_screen2,NCGC00015544-08,activity,null,4,0,0.471,OC(=O)CC1=CNC=N1,null,null,null,null,null,I0375,SIGMA,2021_LOPAC_01,null,null,Imidazole-4-acetic acid hydrochloride,null,4,null,null,null,6.33,0,null,null,null,null,null,null,null,null,null,0,null,null,6.801,0.471,17.986,null,null,null,null,null,null,null,null,null,null,PRJKNHOMHKJCEJ,null,TRND,LmhngkeHTUBeZkRXwS,null,null,null,null,CL,null,null,null,null,3251-69-2,null,null,null,0,4,null,null,null,173033,null,1,1,2025-06-17 16:13:51,null,null,null,null,null,null,null,364798499,activity,null,HTS,null,4.263,1.648,6.801,0.471,null,null,null,null,null,null,null,null,null,null,null,null,null,null,null,null,null,null,null,null,null,278942276
TRND-Glioblastoma_LOPAC_U251-primary_screen2,NCGC00162323-05,activity,null,4,-9.316,2.89,CCCCCCCCCC(=O)NC(CN1CCOCC1)[C@H](O)C2=CC=CC=C2,null,null,null,null,null,P7340,SIGMA,2021_LOPAC_01,null,null,(±)-threo-1-Phenyl-2-decanoylamino-3-morpholino-1-propanol hydrochloride,null,4,null,null,null,11.038,-4.316,4.955,1,0.587,null,null,null,null,null,null,5,null,null,3.275,-7.763,3.03,0.505,null,null,null,null,null,null,null,null,null,UYNCFCUHRNOSCN,null,TRND,ThXPcfBFgWJHHUffNR,null,null,null,null,CL,null,null,null,null,null,null,null,null,0,4,1,null,null,173033,0 0 0 1,1,1,2025-06-17 16:13:51,null,null,null,null,null,null,null,364800283,activity,null,HTS,null,3.275,-7.763,-0.518,2.89,null,null,null,null,null,null,null,null,null,null,null,null,null,null,null,null,null,null,null,null,null,278942277
TRND-Glioblastoma_LOPAC_U251-primary_screen2,NCGC00015897-25,activity,null,4,0,-4.012,COC1=C(OCC(O)CN2CCN(CC(=O)NC3=C(C)C=CC=C3C)CC2)C=CC=C1,null,null,null,null,null,R6152,SIGMA,2021_LOPAC_01,null,null,Ranolazine dihydrochloride,null,4,null,null,null,1.402,0,null,null,null,null,null,null,null,null,null,0,null,null,-3.287,-4.689,-20.535,null,null,null,null,null,null,null,null,null,null,XKLMZUWKNUAPSZ,null,TRND,lfpAnBDFlNCHPMqKEd,null,Sodium channel protein type 5 subunit alpha Blocker,null,null,CL,null,null,null,null,null,SCN5A,null,null,0,4,null,null,null,173033,null,1,1,2025-06-17 16:13:51,null,null,null,null,null,null,null,364796951,activity,null,HTS,null,-4.689,-4.455,-3.287,-4.012,null,null,null,null,null,null,null,null,null,null,null,null,null,null,null,null,null,null,null,null,null,278942278
TRND-Glioblastoma_LOPAC_U251-primary_screen2,NCGC00167832-23,activity,10,-3,-101.039,-92.796,COC1=C(OCCNCC(O)COC2=CC=CC3=C2C4=CC=CC=C4N3)C=CC=C1,null,null,null,null,null,C3993,SIGMA,2021_LOPAC_01,-5,null,Carvedilol,null,-3,null,null,null,106.011,-93.539,3.99,0.115,0.992,null,null,null,null,null,null,7.5,null,null,13.214,-92.796,-17.08,-29.175,null,null,null,null,null,null,null,null,null,OGHNVEJMJSYVRP,null,TRND,WVjajbrvfrSotZJyHC,null,null,null,null,null,null,null,null,null,72956-09-3,null,null,null,0,4,0,null,null,173033,0 0 0 0,1,1,2025-06-17 16:13:51,null,null,null,null,null,null,null,364796863,activity,null,HTS,10.35289,13.214,2.429,-9.535,-92.796,null,null,null,null,null,null,null,null,null,null,null,null,null,null,null,null,null,null,null,null,null,278941191
TRND-Glioblastoma_LOPAC_U251-primary_screen2,NCGC00390732-05,activity,null,4,0,6.334,CN1CCC(CC1)=C2C3=NC=C(C=O)N3CCC4=CC=CC=C24,null,null,null,null,null,SML1590,SIGMA,2021_LOPAC_01,null,null,Alcaftadine,null,4,null,null,null,9.467,0,null,null,null,null,null,null,null,null,null,0,null,null,6.334,-3.133,16.399,null,null,null,null,null,null,null,null,null,null,MWTBKTRZPHJQLH,null,TRND,exXLJIrbjfXDdYhJVX,null,null,null,null,null,null,null,null,null,147084-10-4,null,null,null,0,4,null,null,null,173033,null,1,1,2025-06-17 16:13:51,null,null,null,null,null,null,null,364796971,activity,null,HTS,null,5.004,-3.133,1.961,6.334,null,null,null,null,null,null,null,null,null,null,null,null,null,null,null,null,null,null,null,null,null,278941192
TRND-Glioblastoma_LOPAC_U251-primary_screen2,NCGC00015227-28,activity,null,4,14.5,-3.617,CN(C)CCC(C1=CC=C(Cl)C=C1)C2=CC=CC=N2,null,null,null,null,null,C3025,SIGMA,2021_LOPAC_01,null,null,(±)-Chlorpheniramine maleate,null,4,null,null,null,15.656,15,1.539,1,1,null,null,null,null,null,null,0.5,null,null,12.039,-3.617,19.945,21.287,null,null,null,null,null,null,null,null,null,SOYKEARSMXGVTM,null,TRND,kvoTOjUenGPSUyTyNE,null,null,null,null,MALEATE,null,null,null,null,113-92-8,null,null,null,0,4,1,null,null,173033,0 0 0 1,1,1,2025-06-17 16:13:51,null,null,null,null,null,null,null,364797251,activity,null,HTS,null,0.902,3.855,12.039,-3.617,null,null,null,null,null,null,null,null,null,null,null,null,null,null,null,null,null,null,null,null,null,278941193
TRND-Glioblastoma_LOPAC_U251-primary_screen2,NCGC00186035-11,activity,7.943282,-2.4,-48.684,-45.781,[O-][N+](=O)C1=CC=CC(=C1)C(=O)NC2=NC3=CC=CC=C3N2CCN4CCOCC4,null,null,null,null,null,I5409,SIGMA,2021_LOPAC_01,-5.1,null,IRAK-1/4 Inhibitor I,null,-2.2,null,null,null,50.543,-47.684,2.253,0.207,0.973,null,null,null,null,null,null,1,null,null,4.762,-45.781,-43.559,-34.295,null,null,null,null,null,null,null,null,null,QTCFYQHZJIIHBS,null,TRND,lXFfMNgAjyqlYyweKw,null,Interleukin-1 Receptor-Associated Kinase 1 inhibitor,null,null,null,null,null,null,null,null,IRAK1,null,null,0,4,0,null,null,173033,0 0 0 0,1,1,2025-06-17 16:13:51,null,null,null,null,null,null,null,364795783,activity,null,HTS,null,-3.414,4.762,-19.083,-45.781,null,null,null,null,null,null,null,null,null,null,null,null,null,null,null,null,null,null,null,null,null,278941194
TRND-Glioblastoma_LOPAC_U251-primary_screen2,NCGC00408874-04,activity,null,4,-14.747,-8.539,CCOC(=O)[C@@H](N)CC1=CC=C(O)C(O)=C1,null,null,null,null,null,SML0091,SIGMA,2021_LOPAC_01,null,null,L-Dopa ethyl ester,null,4,null,null,null,17.817,-8.747,4.504,0.426,0.869,null,null,null,null,null,null,6,null,null,9.278,-8.539,26.636,19.979,null,null,null,null,null,null,null,null,null,NULMGOSOSZBEQL,null,TRND,hEsRckuUBcnUqOkYvg,null,null,null,null,null,null,null,null,null,null,null,null,null,0,4,0,null,null,173033,0 0 0 0,1,1,2025-06-17 16:13:51,null,null,null,null,null,null,null,364797143,activity,null,HTS,null,9.278,2.49,5.2,-8.539,null,null,null,null,null,null,null,null,null,null,null,null,null,null,null,null,null,null,null,null,null,278941195
TRND-Glioblastoma_LOPAC_U251-primary_screen2,NCGC00015864-25,activity,null,4,21.5,17.996,CCN(CC)CCOC(=O)C1=CC=C(N)C=C1,null,null,null,null,null,P9879,SIGMA,2021_LOPAC_01,null,null,Procaine hydrochloride,null,4,null,null,null,16.938,23,1.222,0.12,0.991,null,null,null,null,null,null,1.5,null,null,17.996,1.058,20.51,21.888,null,null,null,null,null,null,null,null,null,MFDFERRIHVXMIY,null,TRND,votmJbgqXjRKxDqWdX,null,null,null,null,CL,null,null,null,null,51-05-8,null,null,null,0,4,0,null,null,173033,0 0 0 0,1,1,2025-06-17 16:13:51,null,null,null,null,null,null,null,364795727,activity,null,HTS,null,1.058,3.751,7.855,17.996,null,null,null,null,null,null,null,null,null,null,null,null,null,null,null,null,null,null,null,null,null,278941196
TRND-Glioblastoma_LOPAC_U251-primary_screen2,NCGC00485134-03,activity,10,-3,-60.182,-53.668,COC1=CC=C(CCNCC2=CC=C(OC)C3=C2C=CC=C3)C=C1,null,null,null,null,null,SML1054,SIGMA,2021_LOPAC_01,-5,null,SBI-0087702    ,null,-3,null,null,null,63.237,-53.682,4.504,0.105,0.993,null,null,null,null,null,null,6.5,null,null,9.569,-53.668,-12.473,-6.806,null,null,null,null,null,null,null,null,null,SNBZXHDTILHVJS,null,TRND,xmxFZehPeKmhiOpJYR,null,null,null,null,null,null,null,null,null,null,null,null,null,0,4,0,null,null,173033,0 0 0 0,1,1,2025-06-17 16:13:51,null,null,null,null,null,null,null,364798763,activity,null,HTS,17.844741,3.708,9.569,-1.768,-53.668,null,null,null,null,null,null,null,null,null,null,null,null,null,null,null,null,null,null,null,null,null,278941197
TRND-Glioblastoma_LOPAC_U251-primary_screen2,NCGC00015128-11,activity,null,4,0,10.18,C1CCN(CC1)C2(CCCCC2)C3=CC4=C(S3)C=CC=C4,null,null,null,null,null,B138,SIGMA,2021_LOPAC_01,null,null,BTCP hydrochloride,null,4,null,null,null,8.233,0,null,null,null,null,null,null,null,null,null,0,null,null,10.18,1.947,23.935,null,null,null,null,null,null,null,null,null,null,RGSVXQJPSWZXOP,null,TRND,iqTjqdhrsmJMHhrasr,null,null,null,null,CL,null,null,null,null,null,null,null,null,0,4,null,null,null,173033,null,1,1,2025-06-17 16:13:51,null,null,null,null,null,null,null,364799719,activity,null,HTS,null,5.098,1.947,4.4,10.18,null,null,null,null,null,null,null,null,null,null,null,null,null,null,null,null,null,null,null,null,null,278941198
TRND-Glioblastoma_LOPAC_U251-primary_screen2,NCGC00015430-16,activity,null,4,0,2.673,CC(CC1=CC=C(O)C=C1)NCC(O)C2=CC(O)=CC(O)=C2,null,null,null,null,null,F1016,SIGMA,2021_LOPAC_01,null,null,Fenoterol hydrobromide,null,4,null,null,null,4.397,0,null,null,null,null,null,null,null,null,null,0,null,null,6.739,2.342,25.97,null,null,null,null,null,null,null,null,null,null,LSLYOANBFKQKPT,null,TRND,XJFsEYBemtMYVrmzKW,null,null,null,null,BR,null,null,null,null,[NO STEREO] 1944-12-3,null,null,null,0,4,null,null,null,173033,null,1,1,2025-06-17 16:13:51,null,null,null,null,null,null,null,364799691,activity,null,HTS,null,6.739,2.342,6.043,2.673,null,null,null,null,null,null,null,null,null,null,null,null,null,null,null,null,null,null,null,null,null,278941199
TRND-Glioblastoma_LOPAC_U251-primary_screen2,NCGC00023339-32,activity,null,4,15.404,14.972,CC[C@H]1[C@@H](CC2=CN=CN2C)COC1=O,null,null,null,null,null,P6628,SIGMA,2021_LOPAC_01,null,null,Pilocarpine nitrate,null,4,null,null,null,15.725,16.5,1.885,0.547,0.755,null,null,null,null,null,null,1.096,null,null,14.972,-0.753,28.791,16.195,null,null,null,null,null,null,null,null,null,QCHFTSOMWOSFHM,null,TRND,TgNeogCqjfhooWEULF,null,null,null,null,NITRIC_ACID,null,null,null,null,148-72-1,null,null,null,0,4,0,null,null,173033,0 0 0 0,1,1,2025-06-17 16:13:51,null,null,null,null,null,null,null,364800591,activity,null,HTS,null,6.208,-0.753,6.03,14.972,null,null,null,null,null,null,null,null,null,null,null,null,null,null,null,null,null,null,null,null,null,278941200
TRND-Glioblastoma_LOPAC_U251-primary_screen2,NCGC00507863-05,activity,4.466836,5,54.322,-53.77,COC(=O)[C@H]1CC2=C(NC3=C2C=CC=C3)[C@@H](N1C(=O)CCl)C4=CC=C(C=C4)C(=O)OC,null,null,null,null,null,SML2234,SIGMA,2021_LOPAC_01,-5.35,null,"1S,3R-RSL 3",null,4,null,null,null,74.87,-11.553,4.955,1,0.507,null,null,null,null,null,null,-65.875,null,null,-18.175,-93.044,-195.203,-247.493,null,null,null,null,null,null,null,null,null,TXJZRSRTYPUYRW,null,TRND,GjcitxFzEJufVeLqfw,null,Phospholipid hydroperoxide glutathione peroxidase inhibitor,null,null,null,null,null,null,null,null,GPX4,null,null,0,4,1,null,null,173033,0 0 0 1,1,1,2025-06-17 16:13:51,null,null,null,null,null,null,null,364797067,activity,null,HTS,null,-38.887,-93.044,-18.175,-53.77,null,null,null,null,null,null,null,null,null,null,null,null,null,null,null,null,null,null,null,null,null,278941201
TRND-Glioblastoma_LOPAC_U251-primary_screen2,NCGC00016105-09,activity,null,4,0,1.45,CCCOC1=C(C=CC=C1)C2=NC(=O)C3=C(NN=N3)N2,null,null,null,null,null,Z0878,SIGMA,2021_LOPAC_01,null,null,Zaprinast,null,4,null,null,null,3.893,0,null,null,null,null,null,null,null,null,null,0,null,null,3.888,-0.005,5.145,null,null,null,null,null,null,null,null,null,null,REZGGXNDEMKIQB,null,TRND,kVohSmRqJXptUfDxsa,null,null,null,null,null,null,null,null,null,37762-06-4,null,null,null,0,4,null,null,null,173033,null,1,1,2025-06-17 16:13:51,null,null,null,null,null,null,null,364798039,activity,null,HTS,null,0.601,-0.005,3.888,1.45,null,null,null,null,null,null,null,null,null,null,null,null,null,null,null,null,null,null,null,null,null,278941202
TRND-Glioblastoma_LOPAC_U251-primary_screen2,NCGC00024502-10,activity,null,4,19.833,5.324,N[C@@H](CCC(O)=O)C(O)=O,null,null,null,null,null,G2128,SIGMA,2021_LOPAC_01,null,null,L-Glutamic acid hydrochloride,null,4,null,null,null,22.268,4.5,4.955,0.6,0.681,null,null,null,null,null,null,-15.333,null,null,10.741,-11.527,-23.497,-23.103,null,null,null,null,null,null,null,null,null,WHUUTDBJXJRKMK,null,TRND,NDJzcJKYvQhawROSxD,null,null,null,null,CL,null,null,null,null,56-86-0,null,null,null,0,4,0,null,null,173033,0 0 0 0,1,1,2025-06-17 16:13:51,null,null,null,null,null,null,null,364798491,activity,null,HTS,null,-11.527,10.741,-2.59,5.324,null,null,null,null,null,null,null,null,null,null,null,null,null,null,null,null,null,null,null,null,null,278941203
TRND-Glioblastoma_LOPAC_U251-primary_screen2,NCGC00690007-01,activity,7.079458,-2.2,-67.395,-57.875,CCN(CC)[S+]([O-])(=O)NC1=CC=CC(=C1)C2=CC3=C(C=C2)C(NC(=O)C4CC4)=NN3,null,null,null,null,null,SML2219,SIGMA,2021_LOPAC_01,-5.15,null,SGC-AAK1-1,null,-2.2,null,null,null,61.454,-62.895,1.66,0.031,0.999,null,null,null,null,null,null,4.5,null,null,3.579,-57.875,-38.363,-37.733,null,null,null,null,null,null,null,null,null,UAYVFNYBLOUUAS,null,TRND,bXfQVbgXAWxpJcbQtQ,null,null,null,null,null,null,null,null,null,null,null,null,null,0,4,0,null,null,173033,0 0 0 0,1,1,2025-06-17 16:13:51,null,null,null,null,null,null,null,364797603,activity,null,HTS,16.012497,3.579,1.164,-26.721,-57.875,null,null,null,null,null,null,null,null,null,null,null,null,null,null,null,null,null,null,null,null,null,278941204
TRND-Glioblastoma_LOPAC_U251-primary_screen2,NCGC00381720-15,activity,null,4,-13.739,-1.026,CC1=C(OCC(F)(F)F)C=CN=C1C[S+]([O-])C2=NC3=CC=CC=C3N2,null,null,null,null,null,L8533,SIGMA,2021_LOPAC_01,null,null,null,null,4,null,null,null,13.876,-2.739,1.967,0.262,0.955,null,null,null,null,null,null,11,null,null,10.343,-3.532,29.538,30.32,null,null,null,null,null,null,null,null,null,MJIHNNLFOKEZEW,null,TRND,aYeNxiBSpelkBtfIoc,null,null,null,null,null,null,null,null,null,103577-45-3,null,null,null,0,4,0,null,null,173033,0 0 0 0,1,1,2025-06-17 16:13:51,null,null,null,null,null,null,null,364799607,activity,null,HTS,null,10.343,5.498,-3.532,-1.026,null,null,null,null,null,null,null,null,null,null,null,null,null,null,null,null,null,null,null,null,null,278941205
TRND-Glioblastoma_LOPAC_U251-primary_screen2,NCGC00241970-03,activity,null,4,14.5,19.591,C\C1=C(\C(NC(=O)N1)C2=CC=C(F)C=C2)C(=O)NC3=CC4=CNN=C4C=C3,null,null,null,null,null,SML2296,SIGMA,2021_LOPAC_01,null,null,GSK180736A,null,4,null,null,null,14.358,19.5,4.449,0.028,1,null,null,null,null,null,null,5,null,null,19.591,5.233,49.992,49.277,null,null,null,null,null,null,null,null,null,HEAIGWIZTYAQTC,null,TRND,PeChKvFGgyaZUHpZNe,null,null,null,null,null,null,null,null,null,null,null,null,null,0,4,0,null,null,173033,0 0 0 0,1,1,2025-06-17 16:13:51,null,null,null,null,null,null,null,364799903,activity,null,HTS,null,5.233,16.455,19.552,19.591,null,null,null,null,null,null,null,null,null,null,null,null,null,null,null,null,null,null,null,null,null,278941206
TRND-Glioblastoma_LOPAC_U251-primary_screen2,NCGC00024715-14,activity,null,4,17.091,6.773,N[C@@H](CCCNC(N)=N)C(O)=O,null,null,null,null,null,A5006,SIGMA,2021_LOPAC_01,null,null,L-Arginine,null,4,null,null,null,11.849,10,0.7,0.08,0.996,null,null,null,null,null,null,-7.091,null,null,6.773,-5.076,-10.054,-9.921,null,null,null,null,null,null,null,null,null,ODKSFYDXXFIFQN,null,TRND,RIOmRxpOpQSEMxkLFm,null,null,null,null,null,null,null,null,null,74-79-3,null,null,null,0,4,0,null,null,173033,0 0 0 0,1,1,2025-06-17 16:13:51,null,null,null,null,null,null,null,364800055,activity,null,HTS,null,-5.076,-1.589,2.264,6.773,null,null,null,null,null,null,null,null,null,null,null,null,null,null,null,null,null,null,null,null,null,278941207
TRND-Glioblastoma_LOPAC_U251-primary_screen2,NCGC00015558-33,activity,null,4,-13.234,13.22,CC(C)NCC(O)C1=CC(O)=C(O)C=C1,null,null,null,null,null,I5627,SIGMA,2021_LOPAC_01,null,null,(±)-Isoproterenol hydrochloride,null,4,null,null,null,15.081,1.266,4.955,1,0.783,null,null,null,null,null,null,14.5,null,null,13.22,-1.862,36.962,35.475,null,null,null,null,null,null,null,null,null,JWZZKOKVBUJMES,null,TRND,fIShMDsaOPqsIRqUhG,null,Beta-1 Adrenergic Receptor agonist,null,null,CL,null,null,null,null,51-30-9,ADRB1,null,null,0,4,1,null,null,173033,0 0 0 1,1,1,2025-06-17 16:13:51,null,null,null,null,null,null,null,364800279,activity,null,HTS,null,11.791,-1.862,4.522,13.22,null,null,null,null,null,null,null,null,null,null,null,null,null,null,null,null,null,null,null,null,null,278941208
TRND-Glioblastoma_LOPAC_U251-primary_screen2,NCGC00015691-19,activity,null,4,0,0.915,NCCS,null,null,null,null,null,M6500,SIGMA,2021_LOPAC_01,null,null,Cysteamine hydrochloride,null,4,null,null,null,2.745,0,null,null,null,null,null,null,null,null,null,0,null,null,3.66,0.915,13.894,null,null,null,null,null,null,null,null,null,null,UFULAYFCSOUIOV,null,TRND,OKtxmXMIyZRsPaSeLx,null,null,null,null,CL,null,null,null,null,156-57-0,null,null,null,0,4,null,null,null,173033,null,1,1,2025-06-17 16:13:51,null,null,null,null,null,null,null,364797059,activity,null,HTS,null,3.66,3.413,1.243,0.915,null,null,null,null,null,null,null,null,null,null,null,null,null,null,null,null,null,null,null,null,null,278941209
TRND-Glioblastoma_LOPAC_U251-primary_screen2,NCGC00015595-27,activity,null,4,0,4.163,CC(CCC1=CC=CC=C1)NCC(O)C2=CC(C(N)=O)=C(O)C=C2,null,null,null,null,null,L1011,SIGMA,2021_LOPAC_01,null,null,Labetalol hydrochloride,null,4,null,null,null,8.064,0,null,null,null,null,null,null,null,null,null,0,null,null,12.227,4.163,38.765,null,null,null,null,null,null,null,null,null,null,SGUAFYQXFOLMHL,null,TRND,dNSrDpNnKRswDlVNTi,null,null,null,null,CL,null,null,null,null,32780-64-6,null,null,null,0,4,null,null,null,173033,null,1,1,2025-06-17 16:13:51,null,null,null,null,null,null,null,364798295,activity,null,HTS,null,8.665,12.227,5.697,4.163,null,null,null,null,null,null,null,null,null,null,null,null,null,null,null,null,null,null,null,null,null,278941210
TRND-Glioblastoma_LOPAC_U251-primary_screen2,NCGC00386678-05,activity,null,4,-11.204,-0.587,CCN(CC1=CC=CN=C1)C(=O)CN(C2=CC=C(OC)N=C2)[S+]([O-])(=O)C3=CC=CC=C3C,null,null,null,null,null,SML0864,SIGMA,2021_LOPAC_01,null,null,EMPA,null,4,null,null,null,14.01,-0.704,2.253,0.492,0.815,null,null,null,null,null,null,10.5,null,null,13.423,-0.587,32.392,38.568,null,null,null,null,null,null,null,null,null,KJPHTXTWFHVJIG,null,TRND,UFxEFDvXAMxnxRpwIh,null,null,null,null,null,null,null,null,null,null,null,null,null,0,4,0,null,null,173033,0 0 0 0,1,1,2025-06-17 16:13:51,null,null,null,null,null,null,null,364799283,activity,null,HTS,null,7.531,13.423,3.461,-0.587,null,null,null,null,null,null,null,null,null,null,null,null,null,null,null,null,null,null,null,null,null,278941211
TRND-Glioblastoma_LOPAC_U251-primary_screen2,NCGC00015969-09,activity,12.589254,-3,-52.468,-34.331,CC#CCOC(=O)C1=C(N)C2=C(SC3=C2CCC(O)C3)N=C1C,null,null,null,null,null,S7936,SIGMA,2021_LOPAC_01,-4.9,null,SB 205384,null,-3,null,null,null,45.409,-43.468,1.539,0.113,0.992,null,null,null,null,null,null,9,null,null,11.078,-34.331,12.573,8.217,null,null,null,null,null,null,null,null,null,JDTZAGLGBRRCJT,null,TRND,rbYFaIcmAAlXYRbmzW,null,null,null,null,null,null,null,null,null,null,null,null,null,0,4,0,null,null,173033,0 0 0 0,1,1,2025-06-17 16:13:51,null,null,null,null,null,null,null,364800259,activity,null,HTS,null,11.078,5.275,-5.446,-34.331,null,null,null,null,null,null,null,null,null,null,null,null,null,null,null,null,null,null,null,null,null,278941212
TRND-Glioblastoma_LOPAC_U251-primary_screen2,NCGC00250410-16,activity,null,4,-21.443,-21.894,OC(=O)C1=C(C=C(C=C1)C2=CNC3=NC=C(C=C23)C4=CC=CC=C4)C5CCCC5,null,null,null,null,null,SML0773,SIGMA,2021_LOPAC_01,null,null,GSK-650394  ,null,4,null,null,null,22.452,-23.217,4.955,0.133,0.989,null,null,null,null,null,null,-1.774,null,null,-1.479,-23.931,-37.478,-34.753,null,null,null,null,null,null,null,null,null,WVSBGSNVCDAMCF,null,TRND,hJVmSdvlnjdyEzutCp,null,Serine/threonine-protein kinase Sgk1 inhibitor,null,null,null,null,null,null,null,890842-28-1,SGK1,null,null,0,4,0,null,null,173033,0 0 0 0,1,1,2025-06-17 16:13:51,null,null,null,null,null,null,null,364796139,activity,null,HTS,null,-2.955,-1.479,-23.931,-21.894,null,null,null,null,null,null,null,null,null,null,null,null,null,null,null,null,null,null,null,null,null,278941213
TRND-Glioblastoma_LOPAC_U251-primary_screen2,NCGC00094339-05,activity,null,4,-18.118,-7.598,CCN(CC)C(=O)C1=CC=C(C=C1)[C@@H](N2C[C@H](C)N(CC=C)C[C@H]2C)C3=CC=CC(OC)=C3,null,null,null,null,null,S2812,SIGMA,2021_LOPAC_01,null,null,SNC80,null,4,null,null,null,19.977,-9.118,4.955,0.407,0.882,null,null,null,null,null,null,9,null,null,12.379,-7.598,40.921,33.409,null,null,null,null,null,null,null,null,null,KQWVAUSXZDRQPZ,null,TRND,bLVwcfWnFkcMuCWbNK,null,null,null,null,null,null,null,null,null,null,null,null,null,0,4,0,null,null,173033,0 0 0 0,1,1,2025-06-17 16:13:51,null,null,null,null,null,null,null,364796391,activity,null,HTS,null,12.379,5.06,10.046,-7.598,null,null,null,null,null,null,null,null,null,null,null,null,null,null,null,null,null,null,null,null,null,278941214
TRND-Glioblastoma_LOPAC_U251-primary_screen2,NCGC00093727-17,activity,3.981072,-2.4,-69.93,-61.046,OC1=C(O)C=C(\C=C\C(=O)OCCC2=CC=CC=C2)C=C1,null,null,null,null,null,C8221,SIGMA,2021_LOPAC_01,-5.4,null,Caffeic acid phenethyl ester,null,-2.2,null,null,null,62.554,-65.93,1.064,0.063,0.998,null,null,null,null,null,null,4,null,null,1.507,-61.046,-65.307,-67.459,null,null,null,null,null,null,null,null,null,SWUARLUWKZWEBQ,null,TRND,HiryXPyJMgHYJkMWox,null,null,null,null,null,null,null,null,null,104594-70-9,null,null,null,0,4,0,null,null,173033,0 0 0 0,1,1,2025-06-17 16:13:51,null,null,null,null,null,null,null,364797219,activity,null,HTS,11.663441,1.507,-13.601,-39.889,-61.046,null,null,null,null,null,null,null,null,null,null,null,null,null,null,null,null,null,null,null,null,null,278941215
TRND-Glioblastoma_LOPAC_U251-primary_screen2,NCGC00094453-05,activity,null,4,-10.528,1.753,CN([C@@H]1CC[C@]2(CCCO2)C[C@H]1N3CCCC3)C(=O)CC4=CC=CC=C4,null,null,null,null,null,U103,SIGMA,2021_LOPAC_01,null,null,U-69593,null,4,null,null,null,11.664,0.472,4.955,0.64,0.619,null,null,null,null,null,null,11,null,null,7.89,-3.774,22.356,22.62,null,null,null,null,null,null,null,null,null,PGZRDDYTKFZSFR,null,TRND,ToGJnVJQdtrbbCgfjm,null,null,null,null,null,null,null,null,null,[NO STEREO] 96744-75-1,null,null,null,0,4,0,null,null,173033,0 0 0 0,1,1,2025-06-17 16:13:51,null,null,null,null,null,null,null,364796055,activity,null,HTS,null,7.89,-3.774,3.111,1.753,null,null,null,null,null,null,null,null,null,null,null,null,null,null,null,null,null,null,null,null,null,278941216
TRND-Glioblastoma_LOPAC_U251-primary_screen2,NCGC00015636-08,activity,null,4,0,3.319,[NH-]C1=C[N+](=NO1)N2CCOCC2,null,null,null,null,null,M5793,SIGMA,2021_LOPAC_01,null,null,3-Morpholinosydnonimine hydrochloride,null,4,null,null,null,9.476,0,null,null,null,null,null,null,null,null,null,0,null,null,10.394,0.918,33.443,null,null,null,null,null,null,null,null,null,null,FKDHHVKWGRFRTG,null,TRND,zeuPrNoMFvkoJuNpEs,null,null,null,null,CL,null,null,null,null,null,null,null,null,0,4,null,null,null,173033,null,1,1,2025-06-17 16:13:51,null,null,null,null,null,null,null,364795907,activity,null,HTS,null,8.573,10.394,0.918,3.319,null,null,null,null,null,null,null,null,null,null,null,null,null,null,null,null,null,null,null,null,null,278941217
TRND-Glioblastoma_LOPAC_U251-primary_screen2,NCGC00162214-06,activity,3.981072,-1.3,-99.292,-95.75,CC(C)C1=C2C[C@@](CCN(C)CCCC3=NC4=C(N3)C=CC=C4)(CCC2=CC(F)=C1)OC(=O)C5CC5,null,null,null,null,null,N0287,SIGMA,2021_LOPAC_01,-5.4,null,NNC 55-0396,null,-1.1,null,null,null,103.885,-94.792,4.449,0.089,0.995,null,null,null,null,null,null,4.5,null,null,8.136,-95.75,-104.523,-94.658,null,null,null,null,null,null,null,null,null,SYLIICYFBKGBKE,null,TRND,jnseIhawDoxaVHFmXT,null,null,null,null,CL,null,null,null,null,null,null,null,null,0,4,0,null,null,173033,0 0 0 0,1,1,2025-06-17 16:13:51,null,null,null,null,null,null,null,364796427,activity,null,HTS,4.080714,-0.26,8.136,-84.587,-95.75,null,null,null,null,null,null,null,null,null,null,null,null,null,null,null,null,null,null,null,null,null,278941218
TRND-Glioblastoma_LOPAC_U251-primary_screen2,NCGC00015196-15,activity,null,4,-9.237,-4.364,C(OC1=C(C=CC=C1)C2CC2)C3=NCCN3,null,null,null,null,null,C223,SIGMA,2021_LOPAC_01,null,null,Cirazoline hydrochloride,null,4,null,null,null,12.032,-4.237,4.955,0.514,0.794,null,null,null,null,null,null,5,null,null,7.668,-4.364,11.459,17.886,null,null,null,null,null,null,null,null,null,YAORIDZYZDUZCM,null,TRND,RgUPcCHWjYHRPabUmG,null,null,null,null,CL,null,null,null,null,null,null,null,null,0,4,0,null,null,173033,0 0 0 0,1,1,2025-06-17 16:13:51,null,null,null,null,null,null,null,364797455,activity,null,HTS,null,2.049,7.668,3.873,-4.364,null,null,null,null,null,null,null,null,null,null,null,null,null,null,null,null,null,null,null,null,null,278941219
TRND-Glioblastoma_LOPAC_U251-primary_screen2,NCGC00022653-22,activity,null,4,0,0.847,CC1=NN=C(SCC2=C(N3[C@H](SC2)[C@H](NC(=O)CN4C=NN=N4)C3=O)C([O-])=O)S1,null,null,null,null,null,C5020,SIGMA,2021_LOPAC_01,null,null,Cefazolin sodium,null,4,null,null,null,9.305,0,null,null,null,null,null,null,null,null,null,0,null,null,6.39,-2.915,0.855,null,null,null,null,null,null,null,null,null,null,MLYYVTUWGNIJIB,null,TRND,SHuScirfMFwxCtXWEU,null,null,null,null,SODIUM,null,null,null,null,27164-46-1,null,null,null,0,4,null,null,null,173033,null,1,1,2025-06-17 16:13:51,null,null,null,null,null,null,null,364797779,activity,null,HTS,null,-2.915,6.39,5.766,0.847,null,null,null,null,null,null,null,null,null,null,null,null,null,null,null,null,null,null,null,null,null,278941220
TRND-Glioblastoma_LOPAC_U251-primary_screen2,NCGC00487341-03,activity,null,4,-14.252,-1.918,C[C@H](C#CC1=CC=C(CC2=CC=C(F)C=C2)S1)N(O)C(N)=O,null,null,null,null,null,SML1041,SIGMA,2021_LOPAC_01,null,null,Atreleuton,null,4,null,null,null,11.905,-11.252,2.588,1,1,null,null,null,null,null,null,3,null,null,2.945,-8.96,-1.376,-2.488,null,null,null,null,null,null,null,null,null,MMSNEKOTSJRTRI,null,TRND,PQiUFyOvFsTucRWwMd,null,null,null,null,null,null,null,null,null,154355-76-7,null,null,null,0,4,1,null,null,173033,0 0 0 1,1,1,2025-06-17 16:13:51,null,null,null,null,null,null,null,364796923,activity,null,HTS,null,2.945,2.041,-8.96,-1.918,null,null,null,null,null,null,null,null,null,null,null,null,null,null,null,null,null,null,null,null,null,278941221
TRND-Glioblastoma_LOPAC_U251-primary_screen2,NCGC00162076-05,activity,null,4,0,-0.038,CCN(CC)C1=NC=NC2=C1N=CN2[C@@H]3O[C@H](COP([O-])(=O)OP([O-])(=O)C(Br)(Br)P(O)([O-])=O)[C@@H](O)[C@H]3O,null,null,null,null,null,A265,SIGMA,2021_LOPAC_01,null,null,ARL 67156 trisodium salt,null,4,null,null,null,9.988,0,null,null,null,null,null,null,null,null,null,0,null,null,6.491,-3.496,-3.326,null,null,null,null,null,null,null,null,null,null,ILXFKEOLRYLPJG,null,TRND,rtnLurkGEpekcCYVHx,null,null,null,null,SODIUM,null,null,null,null,null,null,null,null,0,4,null,null,null,173033,null,1,1,2025-06-17 16:13:51,null,null,null,null,null,null,null,364799455,activity,null,HTS,null,-3.496,2.659,6.491,-0.038,null,null,null,null,null,null,null,null,null,null,null,null,null,null,null,null,null,null,null,null,null,278941222
TRND-Glioblastoma_LOPAC_U251-primary_screen2,NCGC00507764-02,activity,null,4,-9.654,-7.211,[H][C@@]12CC[C@H]([C@H](C)CCCC(C)C)[C@@]1(C)CC[C@@]3([H])[C@@]2([H])CC(NCCCNCCCCNCCCN)C4C[C@@H](O)CC[C@]34C,null,null,null,null,null,SML1545,SIGMA,2021_LOPAC_01,null,null,Claramine trifluoroacetate salt ,null,4,null,null,null,14.794,-7.154,4.955,0.641,0.614,null,null,null,null,null,null,2.5,null,null,7.583,-7.211,-8.022,1.945,null,null,null,null,null,null,null,null,null,NRDCWXLXPKROKL,null,TRND,HxLQZSoKsQoSjrPZOF,null,null,null,null,TFA,null,null,null,null,null,null,null,null,0,4,0,null,null,173033,0 0 0 0,1,1,2025-06-17 16:13:51,null,null,null,null,null,null,null,364795943,activity,null,HTS,null,-2.269,7.583,-4.624,-7.211,null,null,null,null,null,null,null,null,null,null,null,null,null,null,null,null,null,null,null,null,null,278941223
TRND-Glioblastoma_LOPAC_U251-primary_screen2,NCGC00253646-12,activity,null,4,0,0.605,COC1=CC2=C(CCNC(C)=O)C=CC=C2C=C1,null,null,null,null,null,A1362,SIGMA,2021_LOPAC_01,null,null,Agomelatine,null,4,null,null,null,8.802,0,null,null,null,null,null,null,null,null,null,0,null,null,0.869,-7.932,-4.402,null,null,null,null,null,null,null,null,null,null,YJYPHIXNFHFHND,null,TRND,rcrfXjIhLFYuOMiFUs,null,5-HT2C Receptor antagonist,null,null,null,null,null,null,null,138112-76-2,HTR2C,null,null,0,4,null,null,null,173033,null,1,1,2025-06-17 16:13:51,null,null,null,null,null,null,null,364795723,activity,null,HTS,null,0.869,-7.932,-2.274,0.605,null,null,null,null,null,null,null,null,null,null,null,null,null,null,null,null,null,null,null,null,null,278941224
TRND-Glioblastoma_LOPAC_U251-primary_screen2,NCGC00522010-02,activity,null,4,-36.642,-20.118,CCCC1=NC2=C(N)N=C3C=CC=CC3=C2S1,null,null,null,null,null,SML2235,SIGMA,2021_LOPAC_01,null,null,CL075,null,4,null,null,null,29.729,-28.142,1.171,0.179,0.98,null,null,null,null,null,null,8.5,null,null,9.61,-20.118,16.844,14.269,null,null,null,null,null,null,null,null,null,NFYMGJSUKCDVJR,null,TRND,UidrqxkVvgPJpXwPxm,null,null,null,null,null,null,null,null,null,null,null,null,null,0,4,0,null,null,173033,0 0 0 0,1,1,2025-06-17 16:13:51,null,null,null,null,null,null,null,364799623,activity,null,HTS,null,9.61,3.542,-2.468,-20.118,null,null,null,null,null,null,null,null,null,null,null,null,null,null,null,null,null,null,null,null,null,278941735
TRND-Glioblastoma_LOPAC_U251-primary_screen2,NCGC00015826-21,activity,null,4,-28.815,-28.491,OCCN1CCN(CCCN2C3=C(SC4=C2C=C(Cl)C=C4)C=CC=C3)CC1,null,null,null,null,null,P6402,SIGMA,2021_LOPAC_01,null,null,Perphenazine,null,4,null,null,null,26.096,-32.189,4.955,0.134,0.989,null,null,null,null,null,null,-3.373,null,null,-2.395,-28.491,-32.917,-29.191,null,null,null,null,null,null,null,null,null,RGCVKNLCSQQDEP,null,TRND,DdUnoavhTrkREemyJP,null,null,null,null,null,null,null,null,null,58-39-9,null,null,null,0,4,0,null,null,173033,0 0 0 0,1,1,2025-06-17 16:13:51,null,null,null,null,null,null,null,364798671,activity,null,HTS,null,-5.233,-2.494,-2.395,-28.491,null,null,null,null,null,null,null,null,null,null,null,null,null,null,null,null,null,null,null,null,null,278941736
TRND-Glioblastoma_LOPAC_U251-primary_screen2,NCGC00093588-07,activity,null,4,0,-0.521,NC1=NC=NC2=C1N=CN2[C@@H]3O[C@@H]4COP(O)(=O)O[C@H]4[C@H]3O,null,null,null,null,null,A9501,SIGMA,2021_LOPAC_01,null,null,"Adenosine 3',5'-cyclic monophosphate",null,4,null,null,null,4.267,0,null,null,null,null,null,null,null,null,null,0,null,null,3.747,-0.521,12.006,null,null,null,null,null,null,null,null,null,null,IVOMOUWHDPKRLL,null,TRND,aWmKpOTDBhTDjAHSxH,null,null,null,null,null,null,null,null,null,60-92-4,null,null,null,0,4,null,null,null,173033,null,1,1,2025-06-17 16:13:51,null,null,null,null,null,null,null,364795539,activity,null,HTS,null,3.576,3.747,-0.375,-0.521,null,null,null,null,null,null,null,null,null,null,null,null,null,null,null,null,null,null,null,null,null,278941737
TRND-Glioblastoma_LOPAC_U251-primary_screen2,NCGC00015011-06,activity,null,4,0,14.359,NC1(CCCCC1)C(O)=O,null,null,null,null,null,A162,SIGMA,2021_LOPAC_01,null,null,1-Amino-1-cyclohexanecarboxylic acid hydrochloride,null,4,null,null,null,10.264,0,null,null,null,null,null,null,null,null,null,0,null,null,14.359,4.095,41.406,null,null,null,null,null,null,null,null,null,null,WOXWUZCRWJWTRT,null,TRND,NqQwknENKdvbFOTfQg,null,null,null,null,CL,null,null,null,null,39692-17-6,null,null,null,0,4,null,null,null,173033,null,1,1,2025-06-17 16:13:51,null,null,null,null,null,null,null,364797507,activity,null,HTS,null,9.046,8.429,4.095,14.359,null,null,null,null,null,null,null,null,null,null,null,null,null,null,null,null,null,null,null,null,null,278941738
TRND-Glioblastoma_LOPAC_U251-primary_screen2,NCGC00015016-09,activity,12.589254,-2.4,-70.803,-54.419,NC\C=C/C(O)=O,null,null,null,null,null,A201,SIGMA,2021_LOPAC_01,-4.9,null,cis-4-Aminocrotonic acid,null,-2.2,null,null,null,61.797,-65.303,1.644,0.083,0.996,null,null,null,null,null,null,5.5,null,null,7.377,-54.419,-16.116,-19.557,null,null,null,null,null,null,null,null,null,FMKJUUQOYOHLTF,null,TRND,JFUjYtETHjrynBTABE,null,null,null,null,null,null,null,null,null,null,null,null,null,0,4,0,null,null,173033,0 0 0 0,1,1,2025-06-17 16:13:51,null,null,null,null,null,null,null,364796883,activity,null,HTS,25.872768,7.377,1.551,-12.964,-54.419,null,null,null,null,null,null,null,null,null,null,null,null,null,null,null,null,null,null,null,null,null,278941739
TRND-Glioblastoma_LOPAC_U251-primary_screen2,NCGC00015261-10,activity,null,4,0,3.544,C[N+](C)(C)CC#CCOC(=O)NC1=CC=CC(Cl)=C1,null,null,null,null,null,C7041,SIGMA,2021_LOPAC_01,null,null,McN-A-343,null,4,null,null,null,8.771,0,null,null,null,null,null,null,null,null,null,0,null,null,6.808,-1.963,23.268,null,null,null,null,null,null,null,null,null,null,DDKOMKXCUXCQBS,null,TRND,ihMIPgvuyNzSEZdYRd,null,null,null,null,CL,null,null,null,null,55-45-8,null,null,null,0,4,null,null,null,173033,null,1,1,2025-06-17 16:13:51,null,null,null,null,null,null,null,364797827,activity,null,HTS,null,6.808,-1.963,5.553,3.544,null,null,null,null,null,null,null,null,null,null,null,null,null,null,null,null,null,null,null,null,null,278941740
TRND-Glioblastoma_LOPAC_U251-primary_screen2,NCGC00015833-26,activity,null,4,0,1.437,NC(=O)C1=CN=CC=N1,null,null,null,null,null,P7136,SIGMA,2021_LOPAC_01,null,null,Pyrazinecarboxamide,null,4,null,null,null,5.295,0,null,null,null,null,null,null,null,null,null,0,null,null,2.17,-3.124,-1.987,null,null,null,null,null,null,null,null,null,null,IPEHBUMCGVEMRF,null,TRND,OpBQWQJuXnpEDSotlf,null,Anti-tuberculosis agent,null,null,null,null,null,null,null,98-96-4,fas,null,null,0,4,null,null,null,173033,null,1,1,2025-06-17 16:13:51,null,null,null,null,null,null,null,364799003,activity,null,HTS,null,-0.748,-3.124,2.17,1.437,null,null,null,null,null,null,null,null,null,null,null,null,null,null,null,null,null,null,null,null,null,278941741
TRND-Glioblastoma_LOPAC_U251-primary_screen2,NCGC00015520-21,activity,null,4,0,2.619,NC(=O)NO,null,null,null,null,null,H8627,SIGMA,2021_LOPAC_01,null,null,Hydroxyurea,null,4,null,null,null,5.374,0,null,null,null,null,null,null,null,null,null,0,null,null,7.993,2.619,28.551,null,null,null,null,null,null,null,null,null,null,VSNHCAURESNICA,null,TRND,fNlKcisVFVDMLZJjtP,null,Ribonucleoside-Diphosphate Reductase inhibitor,null,null,null,null,null,null,null,127-07-1,RRM1,null,null,0,4,null,null,null,173033,null,1,1,2025-06-17 16:13:51,null,null,null,null,null,null,null,364797815,activity,null,HTS,null,7.993,3.36,3.782,2.619,null,null,null,null,null,null,null,null,null,null,null,null,null,null,null,null,null,null,null,null,null,278941742
TRND-Glioblastoma_LOPAC_U251-primary_screen2,NCGC00015609-17,activity,null,4,0,2.218,OC(=O)C1=NN(CC2=C(Cl)C=C(Cl)C=C2)C3=C1C=CC=C3,null,null,null,null,null,L4900,SIGMA,2021_LOPAC_01,null,null,Lonidamine,null,4,null,null,null,5.687,0,null,null,null,null,null,null,null,null,null,0,null,null,6.597,0.91,12.423,null,null,null,null,null,null,null,null,null,null,WDRYRZXSPDWGEB,null,TRND,lByIOUZebKkHqPbAod,null,Mitochondrial pyruvate carrier 1 (MPC1) inhibitor,null,null,null,null,null,null,null,50264-69-2,MPC1,null,null,0,4,null,null,null,173033,null,1,1,2025-06-17 16:13:51,null,null,null,null,null,null,null,364800231,activity,null,HTS,null,0.91,6.597,5.895,2.218,null,null,null,null,null,null,null,null,null,null,null,null,null,null,null,null,null,null,null,null,null,278941743
TRND-Glioblastoma_LOPAC_U251-primary_screen2,NCGC00090770-15,activity,null,4,-18.295,-10.002,OC[C@H]1O[C@H](C[C@@H]1O)N2C=C(Br)C(=O)NC2=O,null,null,null,null,null,B5002,SIGMA,2021_LOPAC_01,null,null,5-BRomo-2 -deoxyuridine,null,4,null,null,null,18.3,-10.795,3.99,0.075,0.997,null,null,null,null,null,null,7.5,null,null,7.221,-11.079,10.753,11.561,null,null,null,null,null,null,null,null,null,WOVKYSAHUYNSMH,null,TRND,trNsfNNfXYcbEfqdsM,null,null,null,null,null,null,null,null,null,59-14-3,null,null,null,0,4,0,null,null,173033,0 0 0 0,1,1,2025-06-17 16:13:51,null,null,null,null,null,null,null,364799015,activity,null,HTS,null,7.221,5.321,-11.079,-10.002,null,null,null,null,null,null,null,null,null,null,null,null,null,null,null,null,null,null,null,null,null,278941744
TRND-Glioblastoma_LOPAC_U251-primary_screen2,NCGC00015529-33,activity,null,4,11.906,11.578,CC(C)CC1=CC=C(C=C1)C(C)C(O)=O,null,null,null,null,null,I4883,SIGMA,2021_LOPAC_01,null,null,(±)-Ibuprofen,null,4,null,null,null,12.333,13,2.253,0.66,0.578,null,null,null,null,null,null,1.094,null,null,11.578,-0.755,26.4,11.951,null,null,null,null,null,null,null,null,null,HEFNNWSXXWATRW,null,TRND,ZKcNDUDwDJWqvibMhg,null,null,null,null,null,null,null,null,null,15687-27-1,null,null,null,0,4,0,null,null,173033,0 0 0 0,1,1,2025-06-17 16:13:51,null,null,null,null,null,null,null,364798999,activity,null,HTS,null,6.707,-0.755,3.187,11.578,null,null,null,null,null,null,null,null,null,null,null,null,null,null,null,null,null,null,null,null,null,278941745
TRND-Glioblastoma_LOPAC_U251-primary_screen2,NCGC00690016-01,activity,0.891251,-1.3,-78.807,-91.626,O=C(NCCC1=NC=CS1)C2=CC3=CC=CC(SSC4=C5N=CC(=CC5=CC=C4)C(=O)NCCC6=NC=CS6)=C3N=C2,null,null,null,null,null,SML1995,SIGMA,2021_LOPAC_01,-6.05,null,Capzimin dimer,null,-1.1,null,null,null,88.662,-81.364,4.504,0.266,0.954,null,null,null,null,null,null,-2.557,null,null,-2.964,-91.626,-155.076,-156.78,null,null,null,null,null,null,null,null,null,RNEOHKZPZKEZCQ,null,TRND,WgciEjOGtaILBZbhWh,null,null,null,null,null,null,null,null,null,null,null,null,null,0,4,0,null,null,173033,0 0 0 0,1,1,2025-06-17 16:13:51,null,null,null,null,null,null,null,364797179,activity,null,HTS,0.988473,-2.964,-69.941,-71.227,-91.626,null,null,null,null,null,null,null,null,null,null,null,null,null,null,null,null,null,null,null,null,null,278941746
TRND-Glioblastoma_LOPAC_U251-primary_screen2,NCGC00018187-15,activity,null,4,-7.013,-0.844,C(\C=C\C1=CC=CC=C1)N2CCN(CC2)C(C3=CC=CC=C3)C4=CC=CC=C4,null,null,null,null,null,C5270,SIGMA,2021_LOPAC_01,null,null,Cinnarizine,null,4,null,null,null,11.375,-1.013,3.065,0.723,0.422,null,null,null,null,null,null,6,null,null,10.53,-0.844,12.817,22.72,null,null,null,null,null,null,null,null,null,DERZBLKQOCDDDZ,null,TRND,fFcVkGklxkxuMlWweG,null,null,null,null,null,null,null,null,null,298-57-7,null,null,null,0,4,0,null,null,173033,0 0 0 0,1,1,2025-06-17 16:13:51,null,null,null,null,null,null,null,364800335,activity,null,HTS,null,1.309,10.53,3.246,-0.844,null,null,null,null,null,null,null,null,null,null,null,null,null,null,null,null,null,null,null,null,null,278941747
TRND-Glioblastoma_LOPAC_U251-primary_screen2,NCGC00023699-15,activity,null,4,0,7.752,CC(=O)OCC1=C(N2[C@H](SC1)[C@H](NC(=O)CC3=CC=CS3)C2=O)C([O-])=O,null,null,null,null,null,C4520,SIGMA,2021_LOPAC_01,null,null,Cephalothin sodium,null,4,null,null,null,7.022,0,null,null,null,null,null,null,null,null,null,0,null,null,7.752,0.73,12.483,null,null,null,null,null,null,null,null,null,null,XIURVHNZVLADCM,null,TRND,gkQsriQArrsjFPVxza,null,null,null,null,SODIUM,null,null,null,null,58-71-9,null,null,null,0,4,null,null,null,173033,null,1,1,2025-06-17 16:13:51,null,null,null,null,null,null,null,364798399,activity,null,HTS,null,0.73,4.183,4.945,7.752,null,null,null,null,null,null,null,null,null,null,null,null,null,null,null,null,null,null,null,null,null,278941748
TRND-Glioblastoma_LOPAC_U251-primary_screen2,NCGC00015358-27,activity,null,4,0,5.986,CC(C)N(CCC(C(N)=O)(C1=CC=CC=C1)C2=CC=CC=N2)C(C)C,null,null,null,null,null,D6035,SIGMA,2021_LOPAC_01,null,null,Disopyramide phosphate,null,4,null,null,null,8.798,0,null,null,null,null,null,null,null,null,null,0,null,null,9.936,1.138,34.61,null,null,null,null,null,null,null,null,null,null,UVTNFZQICZKOEM,null,TRND,oHvBPWhaJdGujEXomQ,null,null,null,null,PHOSPHORIC_ACID,null,null,null,null,22059-60-5,null,null,null,0,4,null,null,null,173033,null,1,1,2025-06-17 16:13:51,null,null,null,null,null,null,null,364796295,activity,null,HTS,null,8.547,1.138,9.936,5.986,null,null,null,null,null,null,null,null,null,null,null,null,null,null,null,null,null,null,null,null,null,278941749
TRND-Glioblastoma_LOPAC_U251-primary_screen2,NCGC00178605-11,activity,null,4,0,-2.323,C[N+](C)(C)CC([O-])=O,null,null,null,null,null,B3501,SIGMA,2021_LOPAC_01,null,null,Betaine hydrochloride,null,4,null,null,null,6.007,0,null,null,null,null,null,null,null,null,null,0,null,null,3.242,-2.765,-3.151,null,null,null,null,null,null,null,null,null,null,KWIUHFFTVRNATP,null,TRND,txatdknPGKIkbtdzvO,null,null,null,null,CL,null,null,null,null,590-46-5,null,null,null,0,4,null,null,null,173033,null,1,1,2025-06-17 16:13:51,null,null,null,null,null,null,null,364796459,activity,null,HTS,null,-0.815,3.242,-2.765,-2.323,null,null,null,null,null,null,null,null,null,null,null,null,null,null,null,null,null,null,null,null,null,278941750
TRND-Glioblastoma_LOPAC_U251-primary_screen2,NCGC00162109-04,activity,null,4,-16.795,-11.496,NC1=NC=NC2=C1N=C(SC3=CC=C(Cl)C=C3)N2[C@H]4OC5CO[P@]([O-])(=O)O[C@@H]5C4O,null,null,null,null,null,C3912,SIGMA,2021_LOPAC_01,null,null,8-(4-Chlorophenylthio)-cAMP sodium,null,4,null,null,null,20.243,-11.795,2.847,0.431,0.865,null,null,null,null,null,null,5,null,null,8.747,-11.496,3.322,11.236,null,null,null,null,null,null,null,null,null,AAZMHPMNAVEBRE,null,TRND,stJgIbIWqrNDXLXHQg,null,null,null,null,SODIUM,null,null,null,null,null,null,null,null,0,4,0,null,null,173033,0 0 0 0,1,1,2025-06-17 16:13:51,null,null,null,null,null,null,null,364797107,activity,null,HTS,null,1.313,8.747,-0.558,-11.496,null,null,null,null,null,null,null,null,null,null,null,null,null,null,null,null,null,null,null,null,null,278941751
TRND-Glioblastoma_LOPAC_U251-primary_screen2,NCGC00021148-31,activity,null,4,-17.243,-7.286,COCCC1=CC=C(OCC(O)CNC(C)C)C=C1,null,null,null,null,null,M5391,SIGMA,2021_LOPAC_01,null,null,(±)-Metoprolol (+)-tartrate,null,4,null,null,null,18.221,-7.743,3.065,0.215,0.971,null,null,null,null,null,null,9.5,null,null,10.935,-7.286,28.096,32.182,null,null,null,null,null,null,null,null,null,IUBSYMUCCVWXPE,null,TRND,IqiHvymfBFfMrgYbkM,null,null,null,null,TARTRATE,null,null,null,null,51384-51-1,null,null,null,0,4,0,null,null,173033,0 0 0 0,1,1,2025-06-17 16:13:51,null,null,null,null,null,null,null,364795763,activity,null,HTS,null,7.689,10.935,4.214,-7.286,null,null,null,null,null,null,null,null,null,null,null,null,null,null,null,null,null,null,null,null,null,278941752
TRND-Glioblastoma_LOPAC_U251-primary_screen2,NCGC00015213-12,activity,null,4,0,7.307,NC1CONC1=O,null,null,null,null,null,C7005,SIGMA,2021_LOPAC_01,null,null,DL-Cycloserine,null,4,null,null,null,4.983,0,null,null,null,null,null,null,null,null,null,0,null,null,7.307,2.324,20.475,null,null,null,null,null,null,null,null,null,null,DYDCUQKUCUHJBH,null,TRND,QbtynhyCrROjrXUZKC,null,null,null,null,null,null,null,null,null,[NO STEREO] 68-41-7|[NO STEREO] 339-72-0,null,null,null,0,4,null,null,null,173033,null,1,1,2025-06-17 16:13:51,null,null,null,null,null,null,null,364797187,activity,null,HTS,null,4.264,2.324,4.543,7.307,null,null,null,null,null,null,null,null,null,null,null,null,null,null,null,null,null,null,null,null,null,278941753
TRND-Glioblastoma_LOPAC_U251-primary_screen2,NCGC00387045-03,activity,null,4,0,4.295,[H][C@](N)(C[S+](O)[O-])C(O)=O,null,null,null,null,null,C4418,SIGMA,2021_LOPAC_01,null,null,L-Cysteinesulfinic Acid,null,4,null,null,null,9.765,0,null,null,null,null,null,null,null,null,null,0,null,null,6.437,-3.328,21.659,null,null,null,null,null,null,null,null,null,null,ADVPTQAUNPRNPO,null,TRND,RXPupIBNFwTJVAlaso,null,null,null,null,null,null,null,null,null,null,null,null,null,0,4,null,null,null,173033,null,1,1,2025-06-17 16:13:51,null,null,null,null,null,null,null,364797123,activity,null,HTS,null,6.437,5.529,-3.328,4.295,null,null,null,null,null,null,null,null,null,null,null,null,null,null,null,null,null,null,null,null,null,278941754
TRND-Glioblastoma_LOPAC_U251-primary_screen2,NCGC00162129-11,activity,null,4,0,-1.359,CC(N)C(=O)NC1=C(C)C=CC=C1C,null,null,null,null,null,T0202,SIGMA,2021_LOPAC_01,null,null,Tocainide hydrochloride,null,4,null,null,null,2.857,0,null,null,null,null,null,null,null,null,null,0,null,null,0.043,-2.813,-2.958,null,null,null,null,null,null,null,null,null,null,BUJAGSGYPOAWEI,null,TRND,ePeJxcGdqcExXVfTgN,null,null,null,null,CL,null,null,null,null,71395-14-7,null,null,null,0,4,null,null,null,173033,null,1,1,2025-06-17 16:13:51,null,null,null,null,null,null,null,364796815,activity,null,HTS,null,0.043,-0.567,-2.813,-1.359,null,null,null,null,null,null,null,null,null,null,null,null,null,null,null,null,null,null,null,null,null,278941755
TRND-Glioblastoma_LOPAC_U251-primary_screen2,NCGC00162334-05,activity,null,4,0,0.554,[H][C@](CO)(C(=O)OC1CC2C3OC3C(C1)N2C)C4=CC=CC=C4,null,null,null,null,null,S1875,SIGMA,2021_LOPAC_01,null,null,(-)-Scopolamine hydrobromide,null,4,null,null,null,9.958,0,null,null,null,null,null,null,null,null,null,0,null,null,10.269,0.311,33.158,null,null,null,null,null,null,null,null,null,null,STECJAGHUSJQJN,null,TRND,LxnFgCNYjqfkmrhodK,null,null,null,null,BR,null,null,null,null,[NO STEREO] 114-49-8,null,null,null,0,4,null,null,null,173033,null,1,1,2025-06-17 16:13:51,null,null,null,null,null,null,null,364797655,activity,null,HTS,null,9.179,10.269,0.311,0.554,null,null,null,null,null,null,null,null,null,null,null,null,null,null,null,null,null,null,null,null,null,278941756
TRND-Glioblastoma_LOPAC_U251-primary_screen2,NCGC00346676-14,activity,1.995262,-1.1,-94.413,-94.933,CN1CCN(CC1)C2=CC=C(C=C2)C3=NC4=C(N5CCN(CC6=NOC(C)=C6)CC5)C(Br)=CN=C4N3,null,null,null,null,null,SML1237,SIGMA,2021_LOPAC_01,-5.7,null,CCT137690,null,-1.1,null,null,null,91.309,-96.262,2.333,0.035,0.999,null,null,null,null,null,null,-1.849,null,null,-3.625,-94.933,-143.252,-141.373,null,null,null,null,null,null,null,null,null,GFLQCBTXTRCREJ,null,TRND,tsMCokTDXdvgUMGeRA,null,Aurora kinase A inhibitor,null,null,null,null,null,null,null,null,AURKA,null,null,0,4,0,null,null,173033,0 0 0 0,1,1,2025-06-17 16:13:51,null,null,null,null,null,null,null,364798611,activity,null,HTS,2.062827,-3.625,-27.066,-92.056,-94.933,null,null,null,null,null,null,null,null,null,null,null,null,null,null,null,null,null,null,null,null,null,278941757
TRND-Glioblastoma_LOPAC_U251-primary_screen2,NCGC00014688-07,activity,null,4,0,4.53,NC(=N)C1=CC=C(C=C1)C2=CC=C(O2)C3=CC=C(C=C3)C(N)=N,null,null,null,null,null,SML1559,SIGMA,2021_LOPAC_01,null,null,Furamidine dihydrochloride,null,4,null,null,null,1.589,0,null,null,null,null,null,null,null,null,null,0,null,null,5.363,3.775,20.21,null,null,null,null,null,null,null,null,null,null,ZJHZBDRZEZEDGB,null,TRND,PeUfLPnbCuiqWlDONm,null,null,null,null,CL,null,null,null,null,null,null,null,null,0,4,null,null,null,173033,null,1,1,2025-06-17 16:13:51,null,null,null,null,null,null,null,364799827,activity,null,HTS,null,3.775,5.154,5.363,4.53,null,null,null,null,null,null,null,null,null,null,null,null,null,null,null,null,null,null,null,null,null,278941758
TRND-Glioblastoma_LOPAC_U251-primary_screen2,NCGC00386747-12,activity,5.011872,-2.4,-64.217,-60.507,CC1=CC=CC=C1CN2C3=NCCN3C4=C(CN(CC5=CC=CC=C5)CC4)C2=O,null,null,null,null,null,SML1068,SIGMA,2021_LOPAC_01,-5.3,null,TIC10 angular,null,-2.2,null,null,null,65.324,-61.217,3.512,0.085,0.996,null,null,null,null,null,null,3,null,null,4.817,-60.507,-58.934,-52.907,null,null,null,null,null,null,null,null,null,VLULRUCCHYVXOH,null,TRND,DcQojDMmQIuDxdbrxU,null,Caseinolytic mitochondrial matrix peptidase inhibitor,null,null,null,null,null,null,null,null,CLPP,null,null,0,4,0,null,null,173033,0 0 0 0,1,1,2025-06-17 16:13:51,null,null,null,null,null,null,null,364798735,activity,null,HTS,7.670701,0.23,4.817,-44.517,-60.507,null,null,null,null,null,null,null,null,null,null,null,null,null,null,null,null,null,null,null,null,null,278941759
TRND-Glioblastoma_LOPAC_U251-primary_screen2,NCGC00015610-31,activity,null,4,-25.225,-25.604,CC1=C(C=NO1)C(=O)NC2=CC=C(C=C2)C(F)(F)F,null,null,null,null,null,L5025,SIGMA,2021_LOPAC_01,null,null,Leflunomide,null,4,null,null,null,29.478,-26.225,2.253,0.411,0.879,null,null,null,null,null,null,-1,null,null,3.874,-25.604,-35.488,-24.903,null,null,null,null,null,null,null,null,null,VHOGYURTWQBHIL,null,TRND,ESHkvQeqyvRLRDUCES,null,Dihydroorotate Dehydrogenase inhibitor,null,null,null,null,null,null,null,75706-12-6,DHODH,null,null,0,4,0,null,null,173033,0 0 0 0,1,1,2025-06-17 16:13:51,null,null,null,null,null,null,null,364795771,activity,null,HTS,null,-6.147,3.874,-10.978,-25.604,null,null,null,null,null,null,null,null,null,null,null,null,null,null,null,null,null,null,null,null,null,278941760
TRND-Glioblastoma_LOPAC_U251-primary_screen2,NCGC00160421-07,activity,null,4,-9.072,-0.396,COC1=C(OC)C=C2C3CC(=O)C(CC(C)C)CN3CCC2=C1,null,null,null,null,null,T2952,SIGMA,2021_LOPAC_01,null,null,Tetrabenazine,null,4,null,null,null,11.402,-2.572,4.955,0.397,0.889,null,null,null,null,null,null,6.5,null,null,7.175,-4.227,17.484,19.368,null,null,null,null,null,null,null,null,null,MKJIEFSOBYUXJB,null,TRND,YVQymwqUIiKeIjhNKy,null,Synaptic vesicular amine transporter inhibitor,null,null,null,null,null,null,null,58-46-8,SLC18A2,null,null,0,4,0,null,null,173033,0 0 0 0,1,1,2025-06-17 16:13:51,null,null,null,null,null,null,null,364798291,activity,null,HTS,null,5.633,7.175,-4.227,-0.396,null,null,null,null,null,null,null,null,null,null,null,null,null,null,null,null,null,null,null,null,null,278941761
TRND-Glioblastoma_LOPAC_U251-primary_screen2,NCGC00015898-32,activity,null,4,0,4.638,COC1=C(OC2CCCC2)C=C(C=C1)C3CNC(=O)C3,null,null,null,null,null,R6520,SIGMA,2021_LOPAC_01,null,null,Rolipram,null,4,null,null,null,7.956,0,null,null,null,null,null,null,null,null,null,0,null,null,4.638,-3.319,-5.669,null,null,null,null,null,null,null,null,null,null,HJORMJIFDVBMOB,null,TRND,gvOdLXDFPSAxfDTTvl,null,Phosphodiesterase 4 inhibitor,null,null,null,null,null,null,null,61413-54-5,PDE4A,null,null,0,4,null,null,null,173033,null,1,1,2025-06-17 16:13:51,null,null,null,null,null,null,null,364797591,activity,null,HTS,null,-3.319,1.785,-0.207,4.638,null,null,null,null,null,null,null,null,null,null,null,null,null,null,null,null,null,null,null,null,null,278941762
TRND-Glioblastoma_LOPAC_U251-primary_screen2,NCGC00168779-10,activity,null,4,14.5,14.79,CC(C)[C@H](N)C(=O)OCC(CO)OCN1C=NC2=C1NC(N)=NC2=O,null,null,null,null,null,SML0191,SIGMA,2021_LOPAC_01,null,null,Valganciclovir hydrochloride hydrate,null,4,null,null,null,14.035,16.5,4.955,0.346,0.919,null,null,null,null,null,null,2,null,null,14.79,0.755,19.301,16.11,null,null,null,null,null,null,null,null,null,WPVFJKSGQUFQAP,null,TRND,sQsKypxdeubZEpnqbg,null,null,null,null,CL,null,null,null,null,175865-69-5 (anhydrous),null,null,null,0,4,0,null,null,173033,0 0 0 0,1,1,2025-06-17 16:13:51,null,null,null,null,null,null,null,364799699,activity,null,HTS,null,2.778,4.706,0.755,14.79,null,null,null,null,null,null,null,null,null,null,null,null,null,null,null,null,null,null,null,null,null,278941763
TRND-Glioblastoma_LOPAC_U251-primary_screen2,NCGC00690002-01,activity,null,4,-31.966,-24.555,CC1=C(F)C=CC=C1[C@H]2COC(N)=N2,null,null,null,null,null,SML2225,SIGMA,2021_LOPAC_01,null,null,RO5263397,null,4,null,null,null,33.262,-26.966,4.955,0.34,0.921,null,null,null,null,null,null,5,null,null,8.707,-24.555,15.583,7.824,null,null,null,null,null,null,null,null,null,IOHOUWIYOVWGHV,null,TRND,JLBxTaMTYekipzUbil,null,null,null,null,null,null,null,null,null,null,null,null,null,0,4,0,null,null,173033,0 0 0 0,1,1,2025-06-17 16:13:51,null,null,null,null,null,null,null,364799683,activity,null,HTS,null,8.707,-1.053,7.242,-24.555,null,null,null,null,null,null,null,null,null,null,null,null,null,null,null,null,null,null,null,null,null,278941764
TRND-Glioblastoma_LOPAC_U251-primary_screen2,NCGC00015281-08,activity,15.848932,-3,-71.554,-62.767,CN1CCCC1CCOC(C)(C2=CC=CC=C2)C3=CC=C(Cl)C=C3,null,null,null,null,null,C8903,SIGMA,2021_LOPAC_01,-4.8,null,Clemastine fumarate,null,-3,null,null,null,69.895,-66.054,4.095,0.058,0.998,null,null,null,null,null,null,5.5,null,null,7.129,-62.767,-8.278,-11.461,null,null,null,null,null,null,null,null,null,YNNUSGIPVFPVBX,null,TRND,EQLticExbyMOMEIZIR,null,null,null,null,FUMARIC_ACID,null,null,null,null,[NO STEREO] 14976-57-9,null,null,null,0,4,0,null,null,173033,0 0 0 0,1,1,2025-06-17 16:13:51,null,null,null,null,null,null,null,364796595,activity,null,HTS,20.916374,7.129,3.396,3.662,-62.767,null,null,null,null,null,null,null,null,null,null,null,null,null,null,null,null,null,null,null,null,null,278941765
TRND-Glioblastoma_LOPAC_U251-primary_screen2,NCGC00015092-18,activity,null,4,0,-0.537,NCCCCCC(O)=O,null,null,null,null,null,A7824,SIGMA,2021_LOPAC_01,null,null,6-Aminohexanoic acid,null,4,null,null,null,6.525,0,null,null,null,null,null,null,null,null,null,0,null,null,5.989,-0.537,8.119,null,null,null,null,null,null,null,null,null,null,SLXKOJJOQWFEFD,null,TRND,NGHJVQSNyzQxjnPjog,null,Plasminogen inhibitor,null,null,null,null,null,null,null,60-32-2,PLAT,null,null,0,4,null,null,null,173033,null,1,1,2025-06-17 16:13:51,null,null,null,null,null,null,null,364795507,activity,null,HTS,null,1.155,5.989,1.444,-0.537,null,null,null,null,null,null,null,null,null,null,null,null,null,null,null,null,null,null,null,null,null,278941766
TRND-Glioblastoma_LOPAC_U251-primary_screen2,NCGC00023339-31,activity,null,4,8.568,5.45,CC[C@H]1[C@@H](CC2=CN=CN2C)COC1=O,null,null,null,null,null,P6503,SIGMA,2021_LOPAC_01,null,null,(+)-Pilocarpine hydrochloride,null,4,null,null,null,13.007,5.5,4.955,0.626,0.642,null,null,null,null,null,null,-3.068,null,null,5.45,-7.557,3.869,-4.629,null,null,null,null,null,null,null,null,null,QCHFTSOMWOSFHM,null,TRND,TgNeogCqjfhooWEULF,null,null,null,null,CL,null,null,null,null,148-72-1,null,null,null,0,4,0,null,null,173033,0 0 0 0,1,1,2025-06-17 16:13:51,null,null,null,null,null,null,null,364799951,activity,null,HTS,null,1.137,-7.557,4.476,5.45,null,null,null,null,null,null,null,null,null,null,null,null,null,null,null,null,null,null,null,null,null,278941767
TRND-Glioblastoma_LOPAC_U251-primary_screen2,NCGC00024379-36,activity,0.794328,5,-57.777,-85.901,CC[C@H]1CN2CCC3=CC(OC)=C(OC)C=C3[C@@H]2C[C@@H]1C[C@H]4NCCC5=CC(OC)=C(OC)C=C45,null,null,null,null,null,E2375,SIGMA,2021_LOPAC_01,-6.1,null,Emetine dihydrochloride hydrate,null,-1.1,null,null,null,20.451,-99.473,0.3,0.195,0.976,null,null,null,null,null,null,-41.697,null,null,-65.45,-85.901,-333.181,-334.196,null,null,null,null,null,null,null,null,null,AUVVAXYIELKVAI,null,TRND,OyDVkxFWIaUNDGrvJx,null,Anti-parasitic,null,null,CL,null,null,null,null,null,null,null,null,0,4,0,null,null,173033,0 0 0 0,1,1,2025-06-17 16:13:51,null,null,null,null,null,null,null,364798835,activity,null,HTS,null,-65.45,-74.269,-77.92,-85.901,null,null,null,null,null,null,null,null,null,null,null,null,null,null,null,null,null,null,null,null,null,278941768
TRND-Glioblastoma_LOPAC_U251-primary_screen2,NCGC00015426-15,activity,null,4,19.15,7.037,CN1C(=O)N(CC2=CC=CO2)C3=C(NC(C)=N3)C1=O,null,null,null,null,null,F124,SIGMA,2021_LOPAC_01,null,null,Furafylline,null,4,null,null,null,21.979,5,4.955,0.716,0.438,null,null,null,null,null,null,-14.15,null,null,13.521,-8.458,-13.898,-13.617,null,null,null,null,null,null,null,null,null,KGQZGCIVHYLPBH,null,TRND,FBTlSlqVXcdwOKLypu,null,null,null,null,null,null,null,null,null,80288-49-9,null,null,null,0,4,0,null,null,173033,0 0 0 0,1,1,2025-06-17 16:13:51,null,null,null,null,null,null,null,364799115,activity,null,HTS,null,-8.458,13.521,-5.11,7.037,null,null,null,null,null,null,null,null,null,null,null,null,null,null,null,null,null,null,null,null,null,278942279
TRND-Glioblastoma_LOPAC_U251-primary_screen2,NCGC00015014-16,activity,null,4,0,3.365,CC(=O)C1=CC=C(C=C1)[S+]([O-])(=O)NC(=O)NC2CCCCC2,null,null,null,null,null,A178,SIGMA,2021_LOPAC_01,null,null,Acetohexamide,null,4,null,null,null,8.939,0,null,null,null,null,null,null,null,null,null,0,null,null,12.304,3.365,27.847,null,null,null,null,null,null,null,null,null,null,ASLKGOHLNRJBMI,null,TRND,HMgLOJCuhdNpTODjSF,null,null,null,null,null,null,null,null,null,968-81-0,null,null,null,0,4,null,null,null,173033,null,1,1,2025-06-17 16:13:51,null,null,null,null,null,null,null,364795603,activity,null,HTS,null,4.51,7.096,12.304,3.365,null,null,null,null,null,null,null,null,null,null,null,null,null,null,null,null,null,null,null,null,null,278942280
TRND-Glioblastoma_LOPAC_U251-primary_screen2,NCGC00476181-02,activity,null,4,0,-2.677,CN1C2CCC1C=C(C2)C3=C(Br)C=CS3,null,null,null,null,null,SML2173,SIGMA,2021_LOPAC_01,null,null,NS3861,null,4,null,null,null,8.247,0,null,null,null,null,null,null,null,null,null,0,null,null,5.57,-2.677,17.946,null,null,null,null,null,null,null,null,null,null,ZJCNRVHZJADROC,null,TRND,riVDuezlYhnPvrEdtj,null,null,null,null,null,null,null,null,null,null,null,null,null,0,4,null,null,null,173033,null,1,1,2025-06-17 16:13:51,null,null,null,null,null,null,null,364798271,activity,null,HTS,null,5.148,5.57,1.678,-2.677,null,null,null,null,null,null,null,null,null,null,null,null,null,null,null,null,null,null,null,null,null,278942281
TRND-Glioblastoma_LOPAC_U251-primary_screen2,NCGC00162267-07,activity,null,4,0,0.75,OC1=CC=C2CC3N(CC=C)CCC45[C@@H](OC1=C24)C(=O)CC[C@@]35O,null,null,null,null,null,N7758,SIGMA,2021_LOPAC_01,null,null,Naloxone hydrochloride,null,4,null,null,null,7.265,0,null,null,null,null,null,null,null,null,null,0,null,null,8.015,0.75,30.261,null,null,null,null,null,null,null,null,null,null,UZHSEJADLWPNLE,null,TRND,VAVXAbSaXeqeTncdqu,null,null,null,null,CL,null,null,null,null,[NO STEREO] 357-08-4,null,null,null,0,4,null,null,null,173033,null,1,1,2025-06-17 16:13:51,null,null,null,null,null,null,null,364797371,activity,null,HTS,null,7.389,5.375,8.015,0.75,null,null,null,null,null,null,null,null,null,null,null,null,null,null,null,null,null,null,null,null,null,278942282
TRND-Glioblastoma_LOPAC_U251-primary_screen2,NCGC00186011-05,activity,null,4,0,-3.374,C1C[C@@H](NC2=NC3=CC=CC=C3N2)C4=C(C1)C=CC=C4,null,null,null,null,null,N2538,SIGMA,2021_LOPAC_01,null,null,NS8593 hydrochloride,null,4,null,null,null,6.788,0,null,null,null,null,null,null,null,null,null,0,null,null,3.414,-3.374,5.051,null,null,null,null,null,null,null,null,null,null,XZIZUQSOFMLIIR,null,TRND,YbroMolmwxUudlKVcI,null,null,null,null,CL,null,null,null,null,null,null,null,null,0,4,null,null,null,173033,null,1,1,2025-06-17 16:13:51,null,null,null,null,null,null,null,364797823,activity,null,HTS,null,0.931,2.652,3.414,-3.374,null,null,null,null,null,null,null,null,null,null,null,null,null,null,null,null,null,null,null,null,null,278942283
TRND-Glioblastoma_LOPAC_U251-primary_screen2,NCGC00015783-14,activity,null,4,11.296,4.954,NC(=N)NC(=N)NC1=CC=CC=C1,null,null,null,null,null,P120,SIGMA,2021_LOPAC_01,null,null,1-Phenylbiguanide,null,4,null,null,null,11.867,4.5,4.955,0.077,0.996,null,null,null,null,null,null,-6.796,null,null,4.954,-6.913,-11.093,-10.632,null,null,null,null,null,null,null,null,null,CUQCMXFWIMOWRP,null,TRND,BVTIxHCPAxinHcJFKa,null,null,null,null,null,null,null,null,null,102-02-3,null,null,null,0,4,0,null,null,173033,0 0 0 0,1,1,2025-06-17 16:13:51,null,null,null,null,null,null,null,364797023,activity,null,HTS,null,-6.913,3.689,4.162,4.954,null,null,null,null,null,null,null,null,null,null,null,null,null,null,null,null,null,null,null,null,null,278942284
TRND-Glioblastoma_LOPAC_U251-primary_screen2,NCGC00015876-18,activity,null,4,0,11.069,CN\C(NCCSCC1=CC=C(CN(C)C)O1)=C/[N+]([O-])=O,null,null,null,null,null,R101,SIGMA,2021_LOPAC_01,null,null,Ranitidine hydrochloride,null,4,null,null,null,9.362,0,null,null,null,null,null,null,null,null,null,0,null,null,11.069,1.707,19.887,null,null,null,null,null,null,null,null,null,null,VMXUWOKSQNHOCA,null,TRND,lkEgcWBflZYHQVTXAj,null,null,null,null,CL,null,null,null,null,[NO STEREO] 66357-59-3,null,null,null,0,4,null,null,null,173033,null,1,1,2025-06-17 16:13:51,null,null,null,null,null,null,null,364797607,activity,null,HTS,null,1.707,3.733,9.611,11.069,null,null,null,null,null,null,null,null,null,null,null,null,null,null,null,null,null,null,null,null,null,278942285
TRND-Glioblastoma_LOPAC_U251-primary_screen2,NCGC00024488-08,activity,null,4,0,1.898,N[C@]1(CC[C@H](C1)C(O)=O)C(O)=O,null,null,null,null,null,A155,SIGMA,2021_LOPAC_01,null,null,trans-(±)-ACPD,null,4,null,null,null,9.587,0,null,null,null,null,null,null,null,null,null,0,null,null,7.847,-1.74,25.589,null,null,null,null,null,null,null,null,null,null,YFYNOWXBIBKGHB,null,TRND,HMbUIJmOoZjXnjILTr,null,null,null,null,H2O,null,null,null,null,null,null,null,null,0,4,null,null,null,173033,null,1,1,2025-06-17 16:13:51,null,null,null,null,null,null,null,364796227,activity,null,HTS,null,7.847,5.768,-1.74,1.898,null,null,null,null,null,null,null,null,null,null,null,null,null,null,null,null,null,null,null,null,null,278942286
TRND-Glioblastoma_LOPAC_U251-primary_screen2,NCGC00093976-24,activity,14.125375,-3,-96.525,-93.161,[H][C@@]1(C[C@@](O)(CC2=C(O)C3=C(C(=O)C4=C(C=CC=C4)C3=O)C(O)=C12)C(C)=O)O[C@H]5C[C@H](N)[C@H](O)[C@H](C)O5,null,null,null,null,null,I1656,SIGMA,2021_LOPAC_01,-4.85,null,Idarubicin,null,-3,null,null,null,94.532,-95.025,4.504,0.679,1,null,null,null,null,null,null,1.5,null,null,1.371,-93.161,-45.287,-44.873,null,null,null,null,null,null,null,null,null,XDXDZDZNSLXDNA,null,TRND,nWkHehvfoRzvlwSmIh,null,DNA Topoisomerase II inhibitor,null,null,null,null,null,null,null,58957-92-9,TOP2A,null,null,0,4,1,null,null,173033,1 0 0 0,1,1,2025-06-17 16:13:51,null,null,null,null,null,null,null,364797879,activity,null,HTS,14.457918,-51.978,1.371,-1.538,-93.161,null,null,null,null,null,null,null,null,null,null,null,null,null,null,null,null,null,null,null,null,null,278942287
TRND-Glioblastoma_LOPAC_U251-primary_screen2,NCGC00015770-11,activity,null,4,17.5,18.779,O=C1ON=C2C=NC3=C(C=CC=C3)N12,null,null,null,null,null,O3636,SIGMA,2021_LOPAC_01,null,null,ODQ,null,4,null,null,null,18.763,19.5,3.627,0.398,0.888,null,null,null,null,null,null,2,null,null,18.779,0.017,16.549,18.962,null,null,null,null,null,null,null,null,null,LZMHWZHOZLVYDL,null,TRND,vsfGONnJmLQqFyTnof,null,null,null,null,null,null,null,null,null,null,null,null,null,0,4,0,null,null,173033,0 0 0 0,1,1,2025-06-17 16:13:51,null,null,null,null,null,null,null,364800479,activity,null,HTS,null,0.017,6.354,3.133,18.779,null,null,null,null,null,null,null,null,null,null,null,null,null,null,null,null,null,null,null,null,null,278942288
TRND-Glioblastoma_LOPAC_U251-primary_screen2,NCGC00386770-03,activity,0.707946,-1.2,-59.06,-62.326,CC1=CC=C(\C=N\NC(=O)C2=NNC3=C2CCCC3)C=C1,null,null,null,null,null,SML1493,SIGMA,2021_LOPAC_01,-6.15,null,Suprafenacine,null,-1.2,null,null,null,59.064,-63.019,4.504,0.024,1,null,null,null,null,null,null,-3.959,null,null,-4.549,-63.613,-131.769,-131.947,null,null,null,null,null,null,null,null,null,WKKLZIQHOXPLLZ,null,TRND,RyejCxXVNxHLRTWNXq,null,null,null,null,null,null,null,null,null,null,null,null,null,0,4,0,null,null,173033,0 0 0 0,1,1,2025-06-17 16:13:51,null,null,null,null,null,null,null,364799855,activity,null,HTS,0.954408,-4.549,-59.952,-63.613,-62.326,null,null,null,null,null,null,null,null,null,null,null,null,null,null,null,null,null,null,null,null,null,278942289
TRND-Glioblastoma_LOPAC_U251-primary_screen2,NCGC00015511-13,activity,null,4,-24.388,-3.33,CCCC1=C(N(N=C1C2=CC=C(O)C=C2)C3=CC=C(O)C=C3)C4=CC=C(O)C=C4,null,null,null,null,null,H6036,SIGMA,2021_LOPAC_01,null,null,"1,3,5-tris(4-hydroxyphenyl)-4-propyl-1H-pyrazole",null,4,null,null,null,23.203,-19.888,4.955,1,0.92,null,null,null,null,null,null,4.5,null,null,7.88,-15.323,-10.064,-5.422,null,null,null,null,null,null,null,null,null,IOTXSIGGFRQYKW,null,TRND,MJdyOrGhJjPIgIOGIY,null,null,null,null,null,null,null,null,null,263717-53-9,null,null,null,0,4,1,null,null,173033,0 0 0 1,1,1,2025-06-17 16:13:51,null,null,null,null,null,null,null,364796519,activity,null,HTS,null,1.153,7.88,-15.323,-3.33,null,null,null,null,null,null,null,null,null,null,null,null,null,null,null,null,null,null,null,null,null,278942290
TRND-Glioblastoma_LOPAC_U251-primary_screen2,NCGC00162385-12,activity,null,4,-12.696,10.503,CC1=C(C=C(C#N)C(=O)N1)C2=CN3C=CN=C3C=C2,null,null,null,null,null,O7389,SIGMA,2021_LOPAC_01,null,null,Olprinone hydrochloride,null,4,null,null,null,12.75,1.304,4.955,1,0.542,null,null,null,null,null,null,14,null,null,10.503,-2.247,34.433,30.732,null,null,null,null,null,null,null,null,null,JPAWFIIYTJQOKW,null,TRND,gdfwqewRPteWzuMRHj,null,null,null,null,HCL,null,null,null,null,119615-63-3,null,null,null,0,4,1,null,null,173033,0 0 0 1,1,1,2025-06-17 16:13:51,null,null,null,null,null,null,null,364799955,activity,null,HTS,null,10.196,-2.247,6.292,10.503,null,null,null,null,null,null,null,null,null,null,null,null,null,null,null,null,null,null,null,null,null,278942291
TRND-Glioblastoma_LOPAC_U251-primary_screen2,NCGC00015982-18,activity,null,4,17.5,19.103,OC1=NOC2=C1CCNC2,null,null,null,null,null,T101,SIGMA,2021_LOPAC_01,null,null,THIP hydrochloride,null,4,null,null,null,18.63,19.5,4.955,0.279,0.949,null,null,null,null,null,null,2,null,null,19.103,0.473,25.729,18.537,null,null,null,null,null,null,null,null,null,ZXRVKCBLGJOCEE,null,TRND,COKljGCRsvbTOkwWhw,null,null,null,null,CL,null,null,null,null,85118-33-8,null,null,null,0,4,0,null,null,173033,0 0 0 0,1,1,2025-06-17 16:13:51,null,null,null,null,null,null,null,364797927,activity,null,HTS,null,4.954,0.473,2.298,19.103,null,null,null,null,null,null,null,null,null,null,null,null,null,null,null,null,null,null,null,null,null,278942292
TRND-Glioblastoma_LOPAC_U251-primary_screen2,NCGC00023997-11,activity,null,4,-11.841,-4.451,C[C@H]1C[C@H]2[C@@H]3CCC4=CC(=O)C=C[C@]4(C)[C@@]3(Cl)[C@@H](O)C[C@]2(C)[C@@]1(O)C(=O)CO,null,null,null,null,null,B0385,SIGMA,2021_LOPAC_01,null,null,Beclomethasone,null,4,null,null,null,12.104,-5.841,4.955,0.367,0.907,null,null,null,null,null,null,6,null,null,7.653,-4.451,17.684,22.712,null,null,null,null,null,null,null,null,null,NBMKJKDGKREAPL,null,TRND,dGBTFTYaJzGbsvsIPN,null,null,null,null,null,null,null,null,null,4419-39-0,null,null,null,0,4,0,null,null,173033,0 0 0 0,1,1,2025-06-17 16:13:51,null,null,null,null,null,null,null,364800095,activity,null,HTS,null,3.679,7.653,6.387,-4.451,null,null,null,null,null,null,null,null,null,null,null,null,null,null,null,null,null,null,null,null,null,278942293
TRND-Glioblastoma_LOPAC_U251-primary_screen2,NCGC00015200-12,activity,null,4,10.427,-1.165,O=C(N1CCCCC1)C2=CC3=C(OCCO3)C=C2,null,null,null,null,null,C271,SIGMA,2021_LOPAC_01,null,null,Cx 546,null,4,null,null,null,10.448,9.5,2.406,1,1,null,null,null,null,null,null,-0.927,null,null,9.283,-1.165,12.476,12.844,null,null,null,null,null,null,null,null,null,LJUNPHMOGNFFOS,null,TRND,bnmUQlZasoOehYXWtp,null,null,null,null,null,null,null,null,null,215923-54-9,null,null,null,0,4,1,null,null,173033,0 0 0 1,1,1,2025-06-17 16:13:51,null,null,null,null,null,null,null,364800011,activity,null,HTS,null,-0.773,4.65,9.283,-1.165,null,null,null,null,null,null,null,null,null,null,null,null,null,null,null,null,null,null,null,null,null,278942294
TRND-Glioblastoma_LOPAC_U251-primary_screen2,NCGC00015471-21,activity,null,4,0,0.462,NC1=NC2=C(N=CN2COC(CO)CO)C(=O)N1,null,null,null,null,null,G2536,SIGMA,2021_LOPAC_01,null,null,Ganciclovir,null,4,null,null,null,5.18,0,null,null,null,null,null,null,null,null,null,0,null,null,5.642,0.462,6.936,null,null,null,null,null,null,null,null,null,null,IRSCQMHQWWYFCW,null,TRND,xuCqaLpMKNbOFtXHRw,null,null,null,null,null,null,null,null,null,82410-32-0,null,null,null,0,4,null,null,null,173033,null,1,1,2025-06-17 16:13:51,null,null,null,null,null,null,null,364799131,activity,null,HTS,null,0.561,5.642,1.706,0.462,null,null,null,null,null,null,null,null,null,null,null,null,null,null,null,null,null,null,null,null,null,278942295
TRND-Glioblastoma_LOPAC_U251-primary_screen2,NCGC00015759-09,activity,12.589254,-3,-41.126,-38.707,CN1CCN(CC1)C2CC3=C(SC4=C2C=C(Cl)C=C4)C=CC=C3,null,null,null,null,null,O111,SIGMA,2021_LOPAC_01,-4.9,null,Octoclothepin maleate salt,null,-3,null,null,null,41.414,-39.126,4.955,0.035,0.999,null,null,null,null,null,null,2,null,null,2.707,-38.707,-11.673,-13.233,null,null,null,null,null,null,null,null,null,XRYLGRGAWQSVQW,null,TRND,mhSFELxIXlBMlaZswN,null,null,null,null,MALEIC_ACID,null,null,null,null,4789-68-8,null,null,null,0,4,0,null,null,173033,0 0 0 0,1,1,2025-06-17 16:13:51,null,null,null,null,null,null,null,364796035,activity,null,HTS,null,2.707,1.36,0.304,-38.707,null,null,null,null,null,null,null,null,null,null,null,null,null,null,null,null,null,null,null,null,null,278942296
TRND-Glioblastoma_LOPAC_U251-primary_screen2,NCGC00015347-10,activity,null,4,9.381,3.445,CN1C=NC2=C1C(=O)N(C)C(=O)N2,null,null,null,null,null,D5385,SIGMA,2021_LOPAC_01,null,null,"1,7-Dimethylxanthine",null,4,null,null,null,10.012,5,2.333,0.318,0.933,null,null,null,null,null,null,-4.381,null,null,5.944,-4.068,-5.889,-6.303,null,null,null,null,null,null,null,null,null,QUNWUDVFRNGTCO,null,TRND,zXFpfIoiEZktzrjTfC,null,null,null,null,null,null,null,null,null,611-59-6,null,null,null,0,4,0,null,null,173033,0 0 0 0,1,1,2025-06-17 16:13:51,null,null,null,null,null,null,null,364799451,activity,null,HTS,null,-4.068,-0.812,5.944,3.445,null,null,null,null,null,null,null,null,null,null,null,null,null,null,null,null,null,null,null,null,null,278942297
TRND-Glioblastoma_LOPAC_U251-primary_screen2,NCGC00386845-04,activity,null,4,-28.807,-12.339,OC(=O)C1=CC(=CC=C1)C2=CC=C(C=C2)C3=CN(N=N3)C(=O)N4CCCCC4CC5=CC=CC=C5,null,null,null,null,null,SML1250,SIGMA,2021_LOPAC_01,null,null,KT203,null,4,null,null,null,22.698,-18.807,0.964,0.212,0.971,null,null,null,null,null,null,10,null,null,10.359,-12.339,25.402,22.452,null,null,null,null,null,null,null,null,null,SSSCOJOXPDDHOO,null,TRND,sSiErWUrJZSyvRYNCG,null,null,null,null,null,null,null,null,null,null,null,null,null,0,4,0,null,null,173033,0 0 0 0,1,1,2025-06-17 16:13:51,null,null,null,null,null,null,null,364795867,activity,null,HTS,null,10.359,4.484,0.011,-12.339,null,null,null,null,null,null,null,null,null,null,null,null,null,null,null,null,null,null,null,null,null,278942298
TRND-Glioblastoma_LOPAC_U251-primary_screen2,NCGC00370696-06,activity,11.220185,-3,-45.531,-38.657,NNC(=O)CSC1=NC2=C(C(=CS2)C3=CC=CC=C3)C(=O)N1C4=CC=CC=C4,null,null,null,null,null,SML0744,SIGMA,2021_LOPAC_01,-4.95,null,LDN-27219,null,-3,null,null,null,47.152,-39.031,4.095,0.087,0.995,null,null,null,null,null,null,6.5,null,null,8.495,-38.657,0.372,3.496,null,null,null,null,null,null,null,null,null,WLBUICQBNZXIDJ,null,TRND,SdxkgbrZYhTYKnmAbr,null,null,null,null,null,null,null,null,null,null,null,null,null,0,4,0,null,null,173033,0 0 0 0,1,1,2025-06-17 16:13:51,null,null,null,null,null,null,null,364799279,activity,null,HTS,null,4.855,8.495,1.837,-38.657,null,null,null,null,null,null,null,null,null,null,null,null,null,null,null,null,null,null,null,null,null,278942299
TRND-Glioblastoma_LOPAC_U251-primary_screen2,NCGC00015943-09,activity,null,4,0,4.822,CC(=O)NNC(=O)N1CC2=C(OC3=C1C=C(Cl)C=C3)C=CC=C2,null,null,null,null,null,S3065,SIGMA,2021_LOPAC_01,null,null,SC 19220,null,4,null,null,null,3.317,0,null,null,null,null,null,null,null,null,null,0,null,null,6.197,2.88,20.262,null,null,null,null,null,null,null,null,null,null,KNURFLJTOUGOOQ,null,TRND,LtxLfTbWLAzSHhxmzw,null,null,null,null,null,null,null,null,null,null,null,null,null,0,4,null,null,null,173033,null,1,1,2025-06-17 16:13:51,null,null,null,null,null,null,null,364798947,activity,null,HTS,null,4.102,6.197,2.88,4.822,null,null,null,null,null,null,null,null,null,null,null,null,null,null,null,null,null,null,null,null,null,278942300
TRND-Glioblastoma_LOPAC_U251-primary_screen2,NCGC00015149-27,activity,null,4,0,5.807,CCCCNC1=CC(=CC(=C1OC2=CC=CC=C2)[S+](N)([O-])=O)C(O)=O,null,null,null,null,null,B3023,SIGMA,2021_LOPAC_01,null,null,Bumetanide,null,4,null,null,null,7.471,0,null,null,null,null,null,null,null,null,null,0,null,null,6.753,-0.718,21.556,null,null,null,null,null,null,null,null,null,null,GXZSSBJRQQVGBT,null,TRND,ZsgktfQjHHiHYRPlCG,null,Solute carrier family 12 member 1 inhibitor,null,null,null,null,null,null,null,28395-03-1,SLC12A1,null,null,0,4,null,null,null,173033,null,1,1,2025-06-17 16:13:51,null,null,null,null,null,null,null,364795819,activity,null,HTS,null,6.753,-0.718,0.377,5.807,null,null,null,null,null,null,null,null,null,null,null,null,null,null,null,null,null,null,null,null,null,278942301
TRND-Glioblastoma_LOPAC_U251-primary_screen2,NCGC00025069-10,activity,null,4,12.297,8.371,[O-]S(=O)(=O)C1=CC(=C2C(NC(=O)C3=CC=CC(NC(=O)NC4=CC=CC(=C4)C(=O)NC5=CC=C(C6=CC(=CC(=C56)S([O-])(=O)=O)S([O-])(=O)=O)S([O-])(=O)=O)=C3)=CC=C(C2=C1)S([O-])(=O)=O)S([O-])(=O)=O,null,null,null,null,null,N8652,SIGMA,2021_LOPAC_01,null,null,NF 023,null,4,null,null,null,14.451,11,4.955,0.661,0.575,null,null,null,null,null,null,-1.297,null,null,8.371,-6.081,10.177,-0.899,null,null,null,null,null,null,null,null,null,JMONOAYAUIIKMS,null,TRND,ApTCcLmGxelGhGaFec,null,null,null,null,SODIUM,null,null,null,null,null,null,null,null,0,4,0,null,null,173033,0 0 0 0,1,1,2025-06-17 16:13:51,null,null,null,null,null,null,null,364796107,activity,null,HTS,null,4.075,-1.832,-6.081,8.371,null,null,null,null,null,null,null,null,null,null,null,null,null,null,null,null,null,null,null,null,null,278942302
TRND-Glioblastoma_LOPAC_U251-primary_screen2,NCGC00024643-25,activity,null,4,-13.284,-12.32,CC(C(O)C1=CC=C(O)C=C1)N2CCC(CC3=CC=CC=C3)CC2,null,null,null,null,null,I2892,SIGMA,2021_LOPAC_01,null,null,Ifenprodil tartrate,null,4,null,null,null,14.428,-12.784,3.297,0.28,0.949,null,null,null,null,null,null,0.5,null,null,2.108,-12.32,-3.094,-6.451,null,null,null,null,null,null,null,null,null,UYNVMODNBIQBMV,null,TRND,qhCGfawBrYbJJQWEBq,null,null,null,null,TARTRATE,null,null,null,null,23210-56-2,null,null,null,0,4,0,null,null,173033,0 0 0 0,1,1,2025-06-17 16:13:51,null,null,null,null,null,null,null,364797083,activity,null,HTS,null,2.108,-1.342,-2.188,-12.32,null,null,null,null,null,null,null,null,null,null,null,null,null,null,null,null,null,null,null,null,null,278942303
TRND-Glioblastoma_LOPAC_U251-primary_screen2,NCGC00263218-15,activity,null,4,0,-6.34,C\C(O)=C(/C#N)C(=O)NC1=CC=C(C=C1)C(F)(F)F,null,null,null,null,null,SML0936,SIGMA,2021_LOPAC_01,null,null,Teriflunomide,null,4,null,null,null,6.073,0,null,null,null,null,null,null,null,null,null,0,null,null,-4.778,-10.851,-27.9,null,null,null,null,null,null,null,null,null,null,UTNUDOFZCWSZMS,null,TRND,WxaLsMfLWkChOQYNlM,null,Dihydroorotate Dehydrogenase inhibitor,null,null,null,null,null,null,null,163451-81-8,DHODH,null,null,0,4,null,null,null,173033,null,1,1,2025-06-17 16:13:51,null,null,null,null,null,null,null,364800355,activity,null,HTS,null,-4.916,-10.851,-4.778,-6.34,null,null,null,null,null,null,null,null,null,null,null,null,null,null,null,null,null,null,null,null,null,278942304
TRND-Glioblastoma_LOPAC_U251-primary_screen2,NCGC00487230-03,activity,null,4,11.917,-2.488,NC1=NC2=C(N=CN2[C@@H]3O[C@H](CO)[C@@H](O)[C@@H]3O)C(=O)N1,null,null,null,null,null,A4233,SIGMA,2021_LOPAC_01,null,null,Ara-G hydrate,null,4,null,null,null,12.609,3.5,4.955,1,0.759,null,null,null,null,null,null,-8.417,null,null,6.428,-6.181,-12.381,-10.141,null,null,null,null,null,null,null,null,null,NYHBQMYGNKIUIF,null,TRND,wmVZrhLgCmvlGXxQWf,null,null,null,null,null,null,null,null,null,[NO STEREO] 118-00-3,null,null,null,0,4,1,null,null,173033,0 0 0 1,1,1,2025-06-17 16:13:51,null,null,null,null,null,null,null,364796743,activity,null,HTS,null,-6.181,6.428,0.228,-2.488,null,null,null,null,null,null,null,null,null,null,null,null,null,null,null,null,null,null,null,null,null,278942305
TRND-Glioblastoma_LOPAC_U251-primary_screen2,NCGC00014998-09,activity,null,4,-10.135,-14.351,CCN(CC)CCCCCCCCOC(=O)C1=CC(OC)=C(OC)C(OC)=C1,null,null,null,null,null,861804,SIGMA,2021_LOPAC_01,null,null,TMB-8 hydrochloride,null,4,null,null,null,10.529,-14.721,2.473,0.174,0.981,null,null,null,null,null,null,-4.586,null,null,-3.822,-14.351,-30.143,-28.575,null,null,null,null,null,null,null,null,null,IBQMHBGFMLHHLE,null,TRND,DwxeOJCOLHXvEbABtG,null,null,null,null,CL,null,null,null,null,null,null,null,null,0,4,0,null,null,173033,0 0 0 0,1,1,2025-06-17 16:13:51,null,null,null,null,null,null,null,364796779,activity,null,HTS,null,-5.303,-3.822,-7.45,-14.351,null,null,null,null,null,null,null,null,null,null,null,null,null,null,null,null,null,null,null,null,null,278942306
TRND-Glioblastoma_LOPAC_U251-primary_screen2,NCGC00015444-20,activity,19.952623,-3,-35.435,-34.283,OC1=CC=C(C=C1)C2CNCCC3=C2C=C(O)C(O)=C3Cl,null,null,null,null,null,F6800,SIGMA,2021_LOPAC_01,-4.7,null,Fenoldopam bromide,null,-3,null,null,null,33.374,-37.025,4.955,0.043,0.999,null,null,null,null,null,null,-1.591,null,null,-0.909,-34.283,-25.136,-24.846,null,null,null,null,null,null,null,null,null,TVURRHSHRRELCG,null,TRND,hmhebQaDmmpPBWvcwa,null,Dopamine Receptor D1 agonist,null,null,BR,null,null,null,null,67287-54-1,DRD1,null,null,0,4,0,null,null,173033,0 0 0 0,1,1,2025-06-17 16:13:51,null,null,null,null,null,null,null,364800363,activity,null,HTS,null,-1.982,-1.401,-0.909,-34.283,null,null,null,null,null,null,null,null,null,null,null,null,null,null,null,null,null,null,null,null,null,278942307
TRND-Glioblastoma_LOPAC_U251-primary_screen2,NCGC00480804-04,activity,null,4,13,4.42,CSC1=C(C)C(SC)=C2C=NC=CN12,null,null,null,null,null,SML0777,SIGMA,2021_LOPAC_01,null,null,Oltipraz metabolite M2,null,4,null,null,null,11.031,18,4.955,1,0.998,null,null,null,null,null,null,5,null,null,15.451,4.42,36.774,37.657,null,null,null,null,null,null,null,null,null,MYLBTCQBKAKUTJ,null,TRND,HiGdvAezxiJBbOrRPg,null,null,null,null,null,null,null,null,null,null,null,null,null,0,4,1,null,null,173033,0 0 0 1,1,1,2025-06-17 16:13:51,null,null,null,null,null,null,null,364798603,activity,null,HTS,null,5.244,4.713,15.451,4.42,null,null,null,null,null,null,null,null,null,null,null,null,null,null,null,null,null,null,null,null,null,278942308
TRND-Glioblastoma_LOPAC_U251-primary_screen2,NCGC00507755-02,activity,null,4,25.29,5.579,CC1=NC=C(O1)C2=CNC3=CC=CC=C23,null,null,null,null,null,SML1592,SIGMA,2021_LOPAC_01,null,null,Pimprinine,null,4,null,null,null,22.671,7,4.955,0.235,0.964,null,null,null,null,null,null,-18.29,null,null,9.513,-13.159,-23.153,-23.533,null,null,null,null,null,null,null,null,null,WZJPGCHCOHYLMB,null,TRND,lSgoUBVnWCRAfTtMZi,null,null,null,null,null,null,null,null,null,null,null,null,null,0,4,0,null,null,173033,0 0 0 0,1,1,2025-06-17 16:13:51,null,null,null,null,null,null,null,364799427,activity,null,HTS,null,-13.159,9.513,5.412,5.579,null,null,null,null,null,null,null,null,null,null,null,null,null,null,null,null,null,null,null,null,null,278942309
TRND-Glioblastoma_LOPAC_U251-primary_screen2,NCGC00015915-10,activity,null,4,-10.966,-4.138,OC1=C(O)C=C2C(CN(CC=C)CCC2=C1)C3=CC=CC=C3,null,null,null,null,null,S168,SIGMA,2021_LOPAC_01,null,null,"(±)-SKF 38393, N-allyl-, hydrobromide",null,4,null,null,null,12.76,-6.466,4.955,0.686,0.519,null,null,null,null,null,null,4.5,null,null,8.622,-4.138,4.385,16.513,null,null,null,null,null,null,null,null,null,QBUVZVXIRYFENV,null,TRND,OyxIucJsgxYAUVXFPi,null,null,null,null,BR,null,null,null,null,null,null,null,null,0,4,0,null,null,173033,0 0 0 0,1,1,2025-06-17 16:13:51,null,null,null,null,null,null,null,364797279,activity,null,HTS,null,-1.142,5.297,8.622,-4.138,null,null,null,null,null,null,null,null,null,null,null,null,null,null,null,null,null,null,null,null,null,278942310
TRND-Glioblastoma_LOPAC_U251-primary_screen2,NCGC00023945-37,activity,null,4,0,2.641,[H][C@@]1(C[C@]([H])(N=[N+]=[N-])[C@@]([H])(CO)O1)N2C=C(C)C(=O)NC2=O,null,null,null,null,null,A2169,SIGMA,2021_LOPAC_01,null,null,3 -Azido-3 -deoxythymidine,null,4,null,null,null,6.964,0,null,null,null,null,null,null,null,null,null,0,null,null,4.978,-1.987,16.695,null,null,null,null,null,null,null,null,null,null,HBOMLICNUCNMMY,null,TRND,KpxSavEcXnjMEPHsVQ,null,null,null,null,null,null,null,null,null,30516-87-1,null,null,null,0,4,null,null,null,173033,null,1,1,2025-06-17 16:13:51,null,null,null,null,null,null,null,364796187,activity,null,HTS,null,4.978,-1.987,4.118,2.641,null,null,null,null,null,null,null,null,null,null,null,null,null,null,null,null,null,null,null,null,null,278942311
TRND-Glioblastoma_LOPAC_U251-primary_screen2,NCGC00015041-10,activity,null,4,0,-4.408,NC(CCP(O)(O)=O)C(O)=O,null,null,null,null,null,A1910,SIGMA,2021_LOPAC_01,null,null,(±)-2-Amino-4-phosphonobutyric acid,null,4,null,null,null,7.348,0,null,null,null,null,null,null,null,null,null,0,null,null,2.94,-4.408,-8.733,null,null,null,null,null,null,null,null,null,null,DDOQBQRIEWHWBT,null,TRND,aGfpgYZJOFdpBgbZXg,null,null,null,null,null,null,null,null,null,null,null,null,null,0,4,null,null,null,173033,null,1,1,2025-06-17 16:13:51,null,null,null,null,null,null,null,364799367,activity,null,HTS,null,-2.371,2.94,-2.705,-4.408,null,null,null,null,null,null,null,null,null,null,null,null,null,null,null,null,null,null,null,null,null,278942312
TRND-Glioblastoma_LOPAC_U251-primary_screen2,NCGC00016094-16,activity,null,4,0,-0.293,COC[C@H]1OC(=O)C2=COC3=C2[C@@]1(C)\C4=C(\C5CCC(=O)[C@@]5(C)C[C@H]4OC(C)=O)C3=O,null,null,null,null,null,W1628,SIGMA,2021_LOPAC_01,null,null,Wortmannin from Penicillium funiculosum,null,4,null,null,null,9.366,0,null,null,null,null,null,null,null,null,null,0,null,null,2.206,-7.16,-5.896,null,null,null,null,null,null,null,null,null,null,QDLHCMPXEPAAMD,null,TRND,XnrCQtCvOzAKouVmip,null,null,null,null,null,null,null,null,null,[NO STEREO] 19545-26-7,null,null,null,0,4,null,null,null,173033,null,1,1,2025-06-17 16:13:51,null,null,null,null,null,null,null,364798643,activity,null,HTS,null,-0.822,-7.16,2.206,-0.293,null,null,null,null,null,null,null,null,null,null,null,null,null,null,null,null,null,null,null,null,null,278941225
TRND-Glioblastoma_LOPAC_U251-primary_screen2,NCGC00689839-01,activity,null,4,-31.67,-23.892,CC(C)C1=C(\C=C\[C@@H](O)C[C@@H](O)CC([O-])=O)C(=NC(=N1)N(C)[S+](C)([O-])=O)C2=CC=C(F)C=C2,null,null,null,null,null,SML1264,SIGMA,2021_LOPAC_01,null,null,Rosuvastatin calcium,null,4,null,null,null,34.487,-26.17,4.955,0.295,0.942,null,null,null,null,null,null,5.5,null,null,10.595,-23.892,4.803,10.318,null,null,null,null,null,null,null,null,null,GECKAXAVGHARCR,null,TRND,gFqFqWHyqeAkrMBUlc,null,null,null,null,CALCIUM,null,null,null,null,null,null,null,null,0,4,0,null,null,173033,0 0 0 0,1,1,2025-06-17 16:13:51,null,null,null,null,null,null,null,364796223,activity,null,HTS,null,2.766,3.259,10.595,-23.892,null,null,null,null,null,null,null,null,null,null,null,null,null,null,null,null,null,null,null,null,null,278941226
TRND-Glioblastoma_LOPAC_U251-primary_screen2,NCGC00024378-21,activity,null,4,9.293,8.402,CN1[C@H](C[C@H](O)C2=CC=CC=C2)CCC[C@@H]1CC(=O)C3=CC=CC=C3,null,null,null,null,null,L4376,SIGMA,2021_LOPAC_01,null,null,alpha-Lobeline hydrochloride,null,4,null,null,null,11.563,9.5,4.955,0.605,0.677,null,null,null,null,null,null,0.207,null,null,8.402,-3.161,6.469,5.274,null,null,null,null,null,null,null,null,null,MXYUKLILVYORSK,null,TRND,dyEXZLhMtHRdcAakZg,null,null,null,null,CL,null,null,null,null,134-63-4,null,null,null,0,4,0,null,null,173033,0 0 0 0,1,1,2025-06-17 16:13:51,null,null,null,null,null,null,null,364798951,activity,null,HTS,null,0.62,3.638,-3.161,8.402,null,null,null,null,null,null,null,null,null,null,null,null,null,null,null,null,null,null,null,null,null,278941227
TRND-Glioblastoma_LOPAC_U251-primary_screen2,NCGC00263865-05,activity,null,4,-11.469,5.99,CCOC(=O)C1=C/[C@]2(CC)CCC[N@]3CCC4=C([C@H]23)N\1C5=CC=CC=C45,null,null,null,null,null,V6383,SIGMA,2021_LOPAC_01,null,null,Vinpocetine,null,4,null,null,null,11.995,1.031,4.955,1,0.751,null,null,null,null,null,null,12.5,null,null,10.354,-1.641,32.9,30.433,null,null,null,null,null,null,null,null,null,DDNCQMVWWZOMLN,null,TRND,XiUEmLUHcFmesXriWr,null,null,null,null,null,null,null,null,null,42971-09-5,null,null,null,0,4,1,null,null,173033,0 0 0 1,1,1,2025-06-17 16:13:51,null,null,null,null,null,null,null,364799267,activity,null,HTS,null,10.354,-1.641,4.337,5.99,null,null,null,null,null,null,null,null,null,null,null,null,null,null,null,null,null,null,null,null,null,278941228
TRND-Glioblastoma_LOPAC_U251-primary_screen2,NCGC00263584-09,activity,null,4,-12.89,4.245,CCCC[S+]([O-])(=O)N[C@@H](CC1=CC=C(OCCCCC2CCNCC2)C=C1)C(O)=O,null,null,null,null,null,SML0246,SIGMA,2021_LOPAC_01,null,null,Tirofiban hydrochloride monohydrate,null,4,null,null,null,11.856,-7.39,2.188,1,1,null,null,null,null,null,null,5.5,null,null,5.281,-6.575,7.85,7.608,null,null,null,null,null,null,null,null,null,SAXGHWXFPOCUQE,null,TRND,eKVxhQkEjpKBjCbDMf,null,null,null,null,CL,null,null,null,null,null,null,null,null,0,4,1,null,null,173033,0 0 0 1,1,1,2025-06-17 16:13:51,null,null,null,null,null,null,null,364799587,activity,null,HTS,null,5.281,1.787,-6.575,4.245,null,null,null,null,null,null,null,null,null,null,null,null,null,null,null,null,null,null,null,null,null,278941229
TRND-Glioblastoma_LOPAC_U251-primary_screen2,NCGC00015519-30,activity,null,4,0,8.314,NCCC1=CC(O)=C(O)C=C1,null,null,null,null,null,H8502,SIGMA,2021_LOPAC_01,null,null,Dopamine hydrochloride,null,4,null,null,null,9.468,0,null,null,null,null,null,null,null,null,null,0,null,null,12.608,3.139,25.005,null,null,null,null,null,null,null,null,null,null,VYFYYTLLBUKUHU,null,TRND,NYoSAKxCgGsUDptToa,null,Dopamine Receptor D2 agonist,null,null,CL,null,null,null,null,62-31-7,DRD2,null,null,0,4,null,null,null,173033,null,1,1,2025-06-17 16:13:51,null,null,null,null,null,null,null,364797175,activity,null,HTS,null,3.139,12.608,4.451,8.314,null,null,null,null,null,null,null,null,null,null,null,null,null,null,null,null,null,null,null,null,null,278941230
TRND-Glioblastoma_LOPAC_U251-primary_screen2,NCGC00015280-13,activity,null,4,-21.554,-19.212,NC1=NC=NC2=C1C(=CN2C3CCCC3)C4=CC=C(OC5=CC=CC=C5)C=C4,null,null,null,null,null,C8863,SIGMA,2021_LOPAC_01,null,null,"7-Cyclopentyl-5-(4-phenoxy)phenyl-7H-pyrrolo[2,3-d]pyrimidin-4-ylamine",null,4,null,null,null,23.7,-20.554,1.885,0.425,0.87,null,null,null,null,null,null,1,null,null,4.488,-19.212,-24.381,-15.004,null,null,null,null,null,null,null,null,null,FMETVQKSDIOGPX,null,TRND,tzcbMDSBKvRXEuoxgs,null,null,null,null,null,null,null,null,null,null,null,null,null,0,4,0,null,null,173033,0 0 0 0,1,1,2025-06-17 16:13:51,null,null,null,null,null,null,null,364798199,activity,null,HTS,null,-3.353,4.488,-11.601,-19.212,null,null,null,null,null,null,null,null,null,null,null,null,null,null,null,null,null,null,null,null,null,278941231
TRND-Glioblastoma_LOPAC_U251-primary_screen2,NCGC00022001-30,activity,3.981072,5,2.026,-58.573,COC1=CC(=CC(OC)=C1OC)[C@H]2[C@@H]3[C@H](COC3=O)[C@@H](O)C4=CC5=C(OCO5)C=C24,null,null,null,null,null,P4405,SIGMA,2021_LOPAC_01,-5.4,null,Podophyllotoxin,null,-1.4,null,null,null,4.561,-58.761,4.955,0.739,0.406,null,null,null,null,null,null,-60.787,null,null,-58.573,-63.134,-279.503,-283.25,null,null,null,null,null,null,null,null,null,YJGVMLPVUAXIQN,null,TRND,UECYEPdyogFxThJUIh,null,Tubulin polymerization inhibitor,null,null,null,null,null,null,null,518-28-5,TUBB,null,null,0,4,0,null,null,173033,0 0 0 0,1,1,2025-06-17 16:13:51,null,null,null,null,null,null,null,364798639,activity,null,HTS,null,-58.903,-63.134,-58.812,-58.573,null,null,null,null,null,null,null,null,null,null,null,null,null,null,null,null,null,null,null,null,null,278941232
TRND-Glioblastoma_LOPAC_U251-primary_screen2,NCGC00015882-29,activity,null,4,-18.082,-11.735,NC1=NC2=C(S1)C=C(OC(F)(F)F)C=C2,null,null,null,null,null,R116,SIGMA,2021_LOPAC_01,null,null,Riluzole,null,4,null,null,null,22.078,-12.082,4.095,0.443,0.856,null,null,null,null,null,null,6,null,null,10.343,-11.735,8.536,17.452,null,null,null,null,null,null,null,null,null,FTALBRSUTCGOEG,null,TRND,xiCxmAVMJQjvjYgqIB,null,Short transient receptor potential channel 5 agonist,null,null,null,null,null,null,null,1744-22-5,TRPC5,null,null,0,4,0,null,null,173033,0 0 0 0,1,1,2025-06-17 16:13:51,null,null,null,null,null,null,null,364796983,activity,null,HTS,null,1.686,10.343,4.002,-11.735,null,null,null,null,null,null,null,null,null,null,null,null,null,null,null,null,null,null,null,null,null,278941233
TRND-Glioblastoma_LOPAC_U251-primary_screen2,NCGC00507726-02,activity,14.125375,-2.3,-83.572,-92.821,OC1=CC(CNC2=CC=C(C=C2)C(=O)OC3C4CC5CC(C4)CC3C5)=C(O)C=C1,null,null,null,null,null,SML1110,SIGMA,2021_LOPAC_01,-4.85,null,Adaphostin,null,-2.1,null,null,null,86.436,-95.234,4.095,0.205,0.973,null,null,null,null,null,null,-11.662,null,null,-6.385,-92.821,-92.192,-100.05,null,null,null,null,null,null,null,null,null,GJJNCSXTCTXLCM,null,TRND,RuoKXRTgVtFkBYkVZa,null,null,null,null,null,null,null,null,null,null,null,null,null,0,4,0,null,null,173033,0 0 0 0,1,1,2025-06-17 16:13:51,null,null,null,null,null,null,null,364799579,activity,null,HTS,14.475176,-6.385,-21.594,-15.139,-92.821,null,null,null,null,null,null,null,null,null,null,null,null,null,null,null,null,null,null,null,null,null,278941234
TRND-Glioblastoma_LOPAC_U251-primary_screen2,NCGC00263190-15,activity,2.511886,-2.2,-37.426,-19.521,O=C1\C=C(/O/C(=C\1)C2=C3SC4=C(SC3=CC=C2)C=CC=C4)N5CCOCC5,null,null,null,null,null,SML1109,SIGMA,2021_LOPAC_01,-5.6,null,KU-55933,null,4,null,null,null,29.551,-22.926,0.9,0.012,1,null,null,null,null,null,null,14.5,null,null,10.029,-19.521,9.784,10.093,null,null,null,null,null,null,null,null,null,XRKYMMUGXMWDAO,null,TRND,xSGNZYPAsmtyuITQIO,null,ATM Kinase inhibitor,null,null,null,null,null,null,null,587871-26-9,ATM,null,null,0,4,0,null,null,173033,0 0 0 0,1,1,2025-06-17 16:13:51,null,null,null,null,null,null,null,364797151,activity,null,HTS,null,10.029,1,-12.135,-19.521,null,null,null,null,null,null,null,null,null,null,null,null,null,null,null,null,null,null,null,null,null,278941235
TRND-Glioblastoma_LOPAC_U251-primary_screen2,NCGC00162179-21,activity,19.952623,-3,-106.564,-94.966,OCCN1CCN(CC\C=C2\C3=CC=CC=C3SC4=C2C=C(C=C4)C(F)(F)F)CC1,null,null,null,null,null,F114,SIGMA,2021_LOPAC_01,-4.7,null,cis-(Z)-Flupenthixol dihydrochloride,null,-3,null,null,null,99.813,-102.564,4.955,0.025,1,null,null,null,null,null,null,4,null,null,4.847,-94.966,-35.227,-33.445,null,null,null,null,null,null,null,null,null,NJMYODHXAKYRHW,null,TRND,SMGNnJGuYXbouzgDCv,null,null,null,null,CL,null,null,null,null,null,null,null,null,0,4,0,null,null,173033,0 0 0 0,1,1,2025-06-17 16:13:51,null,null,null,null,null,null,null,364798475,activity,null,HTS,19.752304,3.004,4.252,4.847,-94.966,null,null,null,null,null,null,null,null,null,null,null,null,null,null,null,null,null,null,null,null,null,278941236
TRND-Glioblastoma_LOPAC_U251-primary_screen2,NCGC00024605-22,activity,null,4,0,2.166,CN([C@H]1CCCC[C@@H]1N2CCCC2)C(=O)CC3=CC(Cl)=C(Cl)C=C3,null,null,null,null,null,U111,SIGMA,2021_LOPAC_01,null,null,"(-)-trans-(1S,2S)-U-50488 hydrochloride",null,4,null,null,null,9.416,0,null,null,null,null,null,null,null,null,null,0,null,null,7.696,-1.72,24.821,null,null,null,null,null,null,null,null,null,null,VQLPLYSROCPWFF,null,TRND,hKIbOFEGSrHbhNkWyD,null,null,null,null,CL,null,null,null,null,null,null,null,null,0,4,null,null,null,173033,null,1,1,2025-06-17 16:13:51,null,null,null,null,null,null,null,364799891,activity,null,HTS,null,7.696,5.046,-1.72,2.166,null,null,null,null,null,null,null,null,null,null,null,null,null,null,null,null,null,null,null,null,null,278941237
TRND-Glioblastoma_LOPAC_U251-primary_screen2,NCGC00162319-09,activity,null,4,0,15.241,[H][C@]12CCCN(CCC)[C@]1([H])CC3=CN=C(N)N=C3C2,null,null,null,null,null,Q110,SIGMA,2021_LOPAC_01,null,null,Quinelorane dihydrochloride,null,4,null,null,null,12.804,0,null,null,null,null,null,null,null,null,null,0,null,null,15.241,2.437,46.351,null,null,null,null,null,null,null,null,null,null,TUFADSGTJUOBEH,null,TRND,DJQEoehxClochFAixq,null,null,null,null,CL,null,null,null,null,null,null,null,null,0,4,null,null,null,173033,null,1,1,2025-06-17 16:13:51,null,null,null,null,null,null,null,364798987,activity,null,HTS,null,10.501,10.723,2.437,15.241,null,null,null,null,null,null,null,null,null,null,null,null,null,null,null,null,null,null,null,null,null,278941238
TRND-Glioblastoma_LOPAC_U251-primary_screen2,NCGC00177980-11,activity,11.220185,-3,-37.742,-41.651,Clc1ccc(CO\N=C(/Cn2ccnc2)c3ccc(Cl)cc3Cl)c(Cl)c1,null,null,null,null,null,SML1474,SIGMA,2021_LOPAC_01,-4.95,null,null,null,-3,null,null,null,37.701,-41.982,4.095,0.028,1,null,null,null,null,null,null,-4.24,null,null,-3.95,-41.651,-41.763,-42.346,null,null,null,null,null,null,null,null,null,QRJJEGAJXVEBNE,null,TRND,APyQqCUiKfydjILlfW,null,null,null,null,NITRIC_ACID,null,null,null,null,64211-46-7,null,null,null,0,4,0,null,null,173033,0 0 0 0,1,1,2025-06-17 16:13:51,null,null,null,null,null,null,null,364797439,activity,null,HTS,null,-3.95,-4.781,-7.956,-41.651,null,null,null,null,null,null,null,null,null,null,null,null,null,null,null,null,null,null,null,null,null,278941239
TRND-Glioblastoma_LOPAC_U251-primary_screen2,NCGC00387105-04,activity,null,4,0,1.499,C[N+]1=C(CC(=O)C2=CC=C(Br)C=C2)C=CC=C1,null,null,null,null,null,SML1111,SIGMA,2021_LOPAC_01,null,null,S 24795,null,4,null,null,null,9.766,0,null,null,null,null,null,null,null,null,null,0,null,null,7.511,-2.255,20.72,null,null,null,null,null,null,null,null,null,null,ABKAHMCVCKGZSX,null,TRND,HZjBwrUnrBPeolrNgj,null,null,null,null,I,null,null,null,null,null,null,null,null,0,4,null,null,null,173033,null,1,1,2025-06-17 16:13:51,null,null,null,null,null,null,null,364797207,activity,null,HTS,null,7.511,0.952,-2.255,1.499,null,null,null,null,null,null,null,null,null,null,null,null,null,null,null,null,null,null,null,null,null,278941240
TRND-Glioblastoma_LOPAC_U251-primary_screen2,NCGC00015446-09,activity,null,4,-8.746,3.531,NC(N)=NC1=NC(CSCC\C(N)=N\[S+](N)([O-])=O)=CS1,null,null,null,null,null,F6889,SIGMA,2021_LOPAC_01,null,null,Famotidine,null,4,null,null,null,14.09,0.754,4.955,0.591,0.697,null,null,null,null,null,null,9.5,null,null,11.802,-2.288,27.045,33.866,null,null,null,null,null,null,null,null,null,VZUQZRYQNIGGIH,null,TRND,tgDmLQCBcFCbeHhIVx,null,null,null,null,null,null,null,null,null,76824-35-6,null,null,null,0,4,0,null,null,173033,0 0 0 0,1,1,2025-06-17 16:13:51,null,null,null,null,null,null,null,364796543,activity,null,HTS,null,6.681,11.802,-2.288,3.531,null,null,null,null,null,null,null,null,null,null,null,null,null,null,null,null,null,null,null,null,null,278941241
TRND-Glioblastoma_LOPAC_U251-primary_screen2,NCGC00015590-11,activity,null,4,0,-3.554,O=C1N(C2=C(C=CC=C2)C1(CC3=CC=NC=C3)CC4=CC=NC=C4)C5=CC=CC=C5,null,null,null,null,null,L134,SIGMA,2021_LOPAC_01,null,null,Linopirdine,null,4,null,null,null,5.811,0,null,null,null,null,null,null,null,null,null,0,null,null,2.256,-3.554,3.484,null,null,null,null,null,null,null,null,null,null,YEJCDKJIEMIWRQ,null,TRND,suLsQVTQFriZiJdcTh,null,Potassium Voltage-Gated Channel Subfamily KQT Member 2 inhibitor,null,null,null,null,null,null,null,105431-72-9,KCNQ2,null,null,0,4,null,null,null,173033,null,1,1,2025-06-17 16:13:51,null,null,null,null,null,null,null,364796307,activity,null,HTS,null,2.09,2.256,-2.894,-3.554,null,null,null,null,null,null,null,null,null,null,null,null,null,null,null,null,null,null,null,null,null,278941242
TRND-Glioblastoma_LOPAC_U251-primary_screen2,NCGC00024471-04,activity,null,4,-14.31,-7.758,N[C@H](CCCP(O)(O)=O)C(O)=O,null,null,null,null,null,A8054,SIGMA,2021_LOPAC_01,null,null,D(-)-2-Amino-5-phosphonopentanoic acid,null,4,null,null,null,10.554,-10.81,0.931,0.023,1,null,null,null,null,null,null,3.5,null,null,2.795,-7.758,2.349,2.684,null,null,null,null,null,null,null,null,null,VOROEQBFPPIACJ,null,TRND,fVOEOsOZJPhjovHZJk,null,null,null,null,null,null,null,null,null,[NO STEREO] 76326-31-3,null,null,null,0,4,0,null,null,173033,0 0 0 0,1,1,2025-06-17 16:13:51,null,null,null,null,null,null,null,364796247,activity,null,HTS,null,2.795,1.211,-3.112,-7.758,null,null,null,null,null,null,null,null,null,null,null,null,null,null,null,null,null,null,null,null,null,278941243
TRND-Glioblastoma_LOPAC_U251-primary_screen2,NCGC00093889-24,activity,null,4,-10.233,-5.194,[H][C@]12N(C)CC[C@@]1(C)C3=C(C=CC(OC(=O)NC)=C3)N2C,null,null,null,null,null,E8375,SIGMA,2021_LOPAC_01,null,null,(-)-Physostigmine,null,4,null,null,null,10.878,-5.233,4.504,0.194,0.976,null,null,null,null,null,null,5,null,null,5.684,-5.194,18.288,17.144,null,null,null,null,null,null,null,null,null,PIJVFDBKTWXHHD,null,TRND,iOmACLvCqxWNGXQSfq,null,null,null,null,null,null,null,null,null,57-47-6,null,null,null,0,4,0,null,null,173033,0 0 0 0,1,1,2025-06-17 16:13:51,null,null,null,null,null,null,null,364795839,activity,null,HTS,null,5.684,3.881,3.621,-5.194,null,null,null,null,null,null,null,null,null,null,null,null,null,null,null,null,null,null,null,null,null,278941244
TRND-Glioblastoma_LOPAC_U251-primary_screen2,NCGC00015656-28,activity,null,4,0,3.774,CN1CCN2C(C1)C3=C(CC4=C2C=CC=C4)C=CC=C3,null,null,null,null,null,M2525,SIGMA,2021_LOPAC_01,null,null,Mianserin hydrochloride,null,4,null,null,null,8.841,0,null,null,null,null,null,null,null,null,null,0,null,null,8.062,-0.779,23.18,null,null,null,null,null,null,null,null,null,null,UEQUQVLFIPOEMF,null,TRND,jGXnuAmslWStPKtmuE,null,null,null,null,CL,null,null,null,null,21535-47-7,null,null,null,0,4,null,null,null,173033,null,1,1,2025-06-17 16:13:51,null,null,null,null,null,null,null,364796979,activity,null,HTS,null,5.804,8.062,-0.779,3.774,null,null,null,null,null,null,null,null,null,null,null,null,null,null,null,null,null,null,null,null,null,278941245
TRND-Glioblastoma_LOPAC_U251-primary_screen2,NCGC00090851-34,activity,3.981072,-2.2,-59.93,-58.732,NC1=NC(=O)N(C=N1)[C@@H]2O[C@H](CO)[C@@H](O)[C@H]2O,null,null,null,null,null,A2385,SIGMA,2021_LOPAC_01,-5.4,null,5-azacytidine,null,-2.2,null,null,null,58.973,-58.93,2.188,0.022,1,null,null,null,null,null,null,1,null,null,0.242,-58.732,-63.47,-62.112,null,null,null,null,null,null,null,null,null,NMUSYJAQQFHJEW,null,TRND,cUvHQHtUusjrxIgoLB,null,DNA Methyltransferase (DNMT) inhibitor,null,null,null,null,null,null,null,320-67-2,DNMT1,null,null,0,4,0,null,null,173033,0 0 0 0,1,1,2025-06-17 16:13:51,null,null,null,null,null,null,null,364797467,activity,null,HTS,8.749206,0.242,-3.697,-43.877,-58.732,null,null,null,null,null,null,null,null,null,null,null,null,null,null,null,null,null,null,null,null,null,278941246
TRND-Glioblastoma_LOPAC_U251-primary_screen2,NCGC00015934-08,activity,null,4,0,5.584,NNC(N)=O,null,null,null,null,null,S2201,SIGMA,2021_LOPAC_01,null,null,Semicarbazide hydrochloride,null,4,null,null,null,3.364,0,null,null,null,null,null,null,null,null,null,0,null,null,5.584,2.22,15.72,null,null,null,null,null,null,null,null,null,null,DUIOPKIIICUYRZ,null,TRND,fNlKciqZykVqKPaViu,null,null,null,null,CL,null,null,null,null,563-41-7,null,null,null,0,4,null,null,null,173033,null,1,1,2025-06-17 16:13:51,null,null,null,null,null,null,null,364798931,activity,null,HTS,null,3.238,2.22,3.212,5.584,null,null,null,null,null,null,null,null,null,null,null,null,null,null,null,null,null,null,null,null,null,278941247
TRND-Glioblastoma_LOPAC_U251-primary_screen2,NCGC00015743-07,activity,null,4,0,7.164,C(C1=NCCN1)C2=CC=C3C=CC=CC3=C2,null,null,null,null,null,N5504,SIGMA,2021_LOPAC_01,null,null,Naphazoline hydrochloride,null,4,null,null,null,4.005,0,null,null,null,null,null,null,null,null,null,0,null,null,11.169,7.164,46.14,null,null,null,null,null,null,null,null,null,null,VIXRKFBKWOHVBR,null,TRND,xPiUAtydfqoPtdbSXf,null,null,null,null,CL,null,null,null,null,null,null,null,null,0,4,null,null,null,173033,null,1,1,2025-06-17 16:13:51,null,null,null,null,null,null,null,364797355,activity,null,HTS,null,10.153,11.169,9.143,7.164,null,null,null,null,null,null,null,null,null,null,null,null,null,null,null,null,null,null,null,null,null,278941248
TRND-Glioblastoma_LOPAC_U251-primary_screen2,NCGC00015181-06,activity,null,4,0,5.837,NCC(O)C1CCCCCCC1,null,null,null,null,null,C108,SIGMA,2021_LOPAC_01,null,null,2-Cyclooctyl-2-hydroxyethylamine hydrochloride,null,4,null,null,null,8.893,0,null,null,null,null,null,null,null,null,null,0,null,null,5.837,-3.056,-3.252,null,null,null,null,null,null,null,null,null,null,NUOYMOJXFODLFN,null,TRND,ruowshDvEPsyGxeFZL,null,null,null,null,CL,null,null,null,null,null,null,null,null,0,4,null,null,null,173033,null,1,1,2025-06-17 16:13:51,null,null,null,null,null,null,null,364796783,activity,null,HTS,null,-3.056,1.029,2.064,5.837,null,null,null,null,null,null,null,null,null,null,null,null,null,null,null,null,null,null,null,null,null,278941249
TRND-Glioblastoma_LOPAC_U251-primary_screen2,NCGC00016000-32,activity,0.446684,-1.4,-62.707,-84.349,CCN(CC)C(=S)SSC(=S)N(CC)CC,null,null,null,null,null,T1132,SIGMA,2021_LOPAC_01,-6.35,null,Tetraethylthiuram disulfide,null,-1.3,null,null,null,85.131,-58.707,4.955,0.682,0.524,null,null,null,null,null,null,4,null,null,0.783,-84.349,-106.568,-114.249,null,null,null,null,null,null,null,null,null,AUZONCFQVSMFAP,null,TRND,wIPVviYAjmkUleJKXF,null,Aldehyde Dehydrogenase-2 inhibitor,null,null,null,null,null,null,null,97-77-8,ALDH2,null,null,0,4,0,null,null,173033,0 0 0 0,1,1,2025-06-17 16:13:51,null,null,null,null,null,null,null,364798571,activity,null,HTS,0.635631,0.783,-72.792,-19.35,-84.349,null,null,null,null,null,null,null,null,null,null,null,null,null,null,null,null,null,null,null,null,null,278941250
TRND-Glioblastoma_LOPAC_U251-primary_screen2,NCGC00015760-31,activity,null,4,15.277,15.473,NCC(O)C1=CC=C(O)C=C1,null,null,null,null,null,O0250,SIGMA,2021_LOPAC_01,null,null,(±)-Octopamine hydrochloride,null,4,null,null,null,16.537,17,4.955,0.374,0.903,null,null,null,null,null,null,1.723,null,null,15.473,-1.064,20.267,15.167,null,null,null,null,null,null,null,null,null,QHGUCRYDKWKLMG,null,TRND,YUGMiSHtesYhTyqozx,null,null,null,null,CL,null,null,null,null,770-05-8,null,null,null,0,4,0,null,null,173033,0 0 0 0,1,1,2025-06-17 16:13:51,null,null,null,null,null,null,null,364799183,activity,null,HTS,null,3.837,3.191,-1.064,15.473,null,null,null,null,null,null,null,null,null,null,null,null,null,null,null,null,null,null,null,null,null,278941251
TRND-Glioblastoma_LOPAC_U251-primary_screen2,NCGC00015319-16,activity,null,4,0,0.456,[O-][N+](=O)C1=C(C=C2NC(=O)C(=O)NC2=C1)[N+]([O-])=O,null,null,null,null,null,D0540,SIGMA,2021_LOPAC_01,null,null,DNQx,null,4,null,null,null,5.11,0,null,null,null,null,null,null,null,null,null,0,null,null,3.7,-1.41,-2.054,null,null,null,null,null,null,null,null,null,null,RWVIMCIPOAXUDG,null,TRND,sDWdvdUVqzfdzVxIWQ,null,null,null,null,null,null,null,null,null,2379-57-9,null,null,null,0,4,null,null,null,173033,null,1,1,2025-06-17 16:13:51,null,null,null,null,null,null,null,364796831,activity,null,HTS,null,-1.403,-1.41,3.7,0.456,null,null,null,null,null,null,null,null,null,null,null,null,null,null,null,null,null,null,null,null,null,278941252
TRND-Glioblastoma_LOPAC_U251-primary_screen2,NCGC00094419-08,activity,null,4,0,-4.172,CC1=CC=C(C=C1)[S+]([O-])(=O)N[C@@H](CC2=CC=CC=C2)C(=O)CCl,null,null,null,null,null,T4376,SIGMA,2021_LOPAC_01,null,null,N-p-Tosyl-L-phenylalanine chloromethyl ketone,null,4,null,null,null,7.301,0,null,null,null,null,null,null,null,null,null,0,null,null,3.129,-4.172,8.824,null,null,null,null,null,null,null,null,null,null,VYGZKBZYCVWKPS,null,TRND,vXLgqhGYWRHkwDCOYf,null,Serine Protease inhibitor,null,null,null,null,null,null,null,null,PRSS1,null,null,0,4,null,null,null,173033,null,1,1,2025-06-17 16:13:51,null,null,null,null,null,null,null,364797983,activity,null,HTS,null,3.129,2.92,0.419,-4.172,null,null,null,null,null,null,null,null,null,null,null,null,null,null,null,null,null,null,null,null,null,278941253
TRND-Glioblastoma_LOPAC_U251-primary_screen2,NCGC00379022-07,activity,null,4,0,3.898,[H][C@@]12CC=C(C3=CN=CC=C3)[C@@]1(C)CC[C@@]4([H])[C@@]2([H])CC=C5C[C@H](CC[C@]45C)OC(C)=O,null,null,null,null,null,SML1527,SIGMA,2021_LOPAC_01,null,null,Abiraterone acetate ,null,4,null,null,null,7.167,0,null,null,null,null,null,null,null,null,null,0,null,null,3.898,-3.269,8.194,null,null,null,null,null,null,null,null,null,null,UVIQSJCZCSLXRZ,null,TRND,jHZEphwZIhijVvdaXG,null,null,null,null,null,null,null,null,null,154229-18-2,null,null,null,0,4,null,null,null,173033,null,1,1,2025-06-17 16:13:51,null,null,null,null,null,null,null,364798587,activity,null,HTS,null,3.462,-3.269,-1.686,3.898,null,null,null,null,null,null,null,null,null,null,null,null,null,null,null,null,null,null,null,null,null,278941254
TRND-Glioblastoma_LOPAC_U251-primary_screen2,NCGC00015599-12,activity,null,4,0,7.843,CCCC1=C(OCCCOC2=CC=C(OCC(O)=O)C=C2)C=CC(C(C)=O)=C1O,null,null,null,null,null,L2167,SIGMA,2021_LOPAC_01,null,null,"L-165,041",null,4,null,null,null,7.32,0,null,null,null,null,null,null,null,null,null,0,null,null,7.843,0.523,30.523,null,null,null,null,null,null,null,null,null,null,HBBVCKCCQCQCTJ,null,TRND,MSpRwhAYwklucjPtJv,null,null,null,null,null,null,null,null,null,null,null,null,null,0,4,null,null,null,173033,null,1,1,2025-06-17 16:13:51,null,null,null,null,null,null,null,364799107,activity,null,HTS,null,7.727,0.523,6.564,7.843,null,null,null,null,null,null,null,null,null,null,null,null,null,null,null,null,null,null,null,null,null,278941255
TRND-Glioblastoma_LOPAC_U251-primary_screen2,NCGC00015217-08,activity,null,4,10,11.722,COC1=CC2=C(C=C1)N(CC3=CC=C(Cl)C=C3)C(C)=C2CC(O)=O,null,null,null,null,null,C1610,SIGMA,2021_LOPAC_01,null,null,1-(4-Chlorobenzyl)-5-methoxy-2-methylindole-3-acetic acid,null,4,null,null,null,10.754,12,3.065,0.266,0.954,null,null,null,null,null,null,2,null,null,11.722,0.968,18.913,15.665,null,null,null,null,null,null,null,null,null,ZCEPWIDYPWMCOY,null,TRND,KJqXqPDOLZUYBOxUzD,null,null,null,null,null,null,null,null,null,null,null,null,null,0,4,0,null,null,173033,0 0 0 0,1,1,2025-06-17 16:13:51,null,null,null,null,null,null,null,364800407,activity,null,HTS,null,3.376,0.968,3.866,11.722,null,null,null,null,null,null,null,null,null,null,null,null,null,null,null,null,null,null,null,null,null,278941256
TRND-Glioblastoma_LOPAC_U251-primary_screen2,NCGC00346525-11,activity,2.238721,-1.1,-97.215,-94.593,CCN1CCN(CC1)C(=O)CC2=CC=C(NC3=NC(NC4=CC=C(C=C4)C(=O)NC5=CC=CC=C5Cl)=C(F)C=N3)C=C2,null,null,null,null,null,SML0882,SIGMA,2021_LOPAC_01,-5.65,null,Aurora-A Inhibitor I,null,-1.1,null,null,null,98.034,-94.215,3.512,0.012,1,null,null,null,null,null,null,3,null,null,3.441,-94.593,-111.897,-113.103,null,null,null,null,null,null,null,null,null,AKSIZPIFQAYJGF,null,TRND,zCpuAlKiTrCvDgnApk,null,Aurora kinase A inhibitor,null,null,null,null,null,null,null,null,AURKA,null,null,0,4,0,null,null,173033,0 0 0 0,1,1,2025-06-17 16:13:51,null,null,null,null,null,null,null,364796851,activity,null,HTS,2.318498,3.441,-10.851,-91.717,-94.593,null,null,null,null,null,null,null,null,null,null,null,null,null,null,null,null,null,null,null,null,null,278941257
TRND-Glioblastoma_LOPAC_U251-primary_screen2,NCGC00015135-14,activity,null,4,26.555,-2.438,CC(N)CC1=CNC2=C1C=C(OCC3=CC=CS3)C=C2,null,null,null,null,null,B175,SIGMA,2021_LOPAC_01,null,null,BW 723C86,null,4,null,null,null,22.604,24,4.955,1,0.991,null,null,null,null,null,null,-2.555,null,null,18.808,-3.796,16.104,16.921,null,null,null,null,null,null,null,null,null,ALFGDCNSEBJYSP,null,TRND,hJwLGphTgfygFnBJYM,null,null,null,null,CL,null,null,null,null,null,null,null,null,0,4,1,null,null,173033,0 0 0 1,1,1,2025-06-17 16:13:51,null,null,null,null,null,null,null,364798367,activity,null,HTS,null,-1.543,-3.796,18.808,-2.438,null,null,null,null,null,null,null,null,null,null,null,null,null,null,null,null,null,null,null,null,null,278941258
TRND-Glioblastoma_LOPAC_U251-primary_screen2,NCGC00186038-13,activity,null,4,10.202,11.522,ClC1=CC=C(Cl)C(=C1)C2=CC=C(O2)\C=C(/C#N)C(=O)NC3=CC=CC4=C3C=CC=N4,null,null,null,null,null,A8231,SIGMA,2021_LOPAC_01,null,null,AGK2,null,4,null,null,null,12.107,9.5,4.095,0.385,0.897,null,null,null,null,null,null,-0.702,null,null,11.522,-0.585,15.211,15.369,null,null,null,null,null,null,null,null,null,SVENPFFEMUOOGK,null,TRND,NdogxWZBCLZOocUyJc,null,null,null,null,null,null,null,null,null,304896-28-4,null,null,null,0,4,0,null,null,173033,0 0 0 0,1,1,2025-06-17 16:13:51,null,null,null,null,null,null,null,364800227,activity,null,HTS,null,-0.585,7.939,7.478,11.522,null,null,null,null,null,null,null,null,null,null,null,null,null,null,null,null,null,null,null,null,null,278941769
TRND-Glioblastoma_LOPAC_U251-primary_screen2,NCGC00015313-11,activity,null,4,15.506,9.647,OC(=O)C1=NC2=CC(Cl)=CC(Cl)=C2C(O)=C1,null,null,null,null,null,D138,SIGMA,2021_LOPAC_01,null,null,"5,7-Dichlorokynurenic acid",null,4,null,null,null,12.151,13,0.81,0.316,0.934,null,null,null,null,null,null,-2.506,null,null,9.647,-2.505,1.453,3.364,null,null,null,null,null,null,null,null,null,BGKFPRIGXAVYNX,null,TRND,oucNMJulXVyPgBQgRB,null,null,null,null,H2O,null,null,null,null,131123-76-7,null,null,null,0,4,0,null,null,173033,0 0 0 0,1,1,2025-06-17 16:13:51,null,null,null,null,null,null,null,364797527,activity,null,HTS,null,-2.505,1.739,3.028,9.647,null,null,null,null,null,null,null,null,null,null,null,null,null,null,null,null,null,null,null,null,null,278941770
TRND-Glioblastoma_LOPAC_U251-primary_screen2,NCGC00015536-10,activity,null,4,0,3.386,NC(=N)SCCC1=CNC=N1,null,null,null,null,null,I135,SIGMA,2021_LOPAC_01,null,null,Imetit dihydrobromide,null,4,null,null,null,0.975,0,null,null,null,null,null,null,null,null,null,0,null,null,4.361,3.386,19.049,null,null,null,null,null,null,null,null,null,null,PEHSVUKQDJULKE,null,TRND,MrsKVBlghuMHaLOPEd,null,null,null,null,BR,null,null,null,null,null,null,null,null,0,4,null,null,null,173033,null,1,1,2025-06-17 16:13:51,null,null,null,null,null,null,null,364795707,activity,null,HTS,null,4.247,4.361,3.481,3.386,null,null,null,null,null,null,null,null,null,null,null,null,null,null,null,null,null,null,null,null,null,278941771
TRND-Glioblastoma_LOPAC_U251-primary_screen2,NCGC00094358-39,activity,null,4,0,5.169,CC(\C=C\C1=C(C)CCCC1(C)C)=C/C=C/C(C)=C\C(O)=O,null,null,null,null,null,R3255,SIGMA,2021_LOPAC_01,null,null,13-cis-retinoic acid,null,4,null,null,null,6.262,0,null,null,null,null,null,null,null,null,null,0,null,null,9.793,3.531,23.358,null,null,null,null,null,null,null,null,null,null,SHGAZHPCJJPHSC,null,TRND,CJLGDYfDODgqkSnhPC,null,Retinoic Acid Receptor beta agonist,null,null,null,null,null,null,null,4759-48-2,RARB,null,null,0,4,null,null,null,173033,null,1,1,2025-06-17 16:13:51,null,null,null,null,null,null,null,364798371,activity,null,HTS,null,3.531,5.714,9.793,5.169,null,null,null,null,null,null,null,null,null,null,null,null,null,null,null,null,null,null,null,null,null,278941772
TRND-Glioblastoma_LOPAC_U251-primary_screen2,NCGC00164593-13,activity,null,4,0,2.053,[H][C@@](C)(N[C@@]([H])(CCC1=CC=CC=C1)C(O)=O)C(=O)N2CCC[C@@]2([H])C(O)=O,null,null,null,null,null,E9658,SIGMA,2021_LOPAC_01,null,null,Enalaprilat dihydrate,null,4,null,null,null,2.133,0,null,null,null,null,null,null,null,null,null,0,null,null,4.186,2.053,13.207,null,null,null,null,null,null,null,null,null,null,LZFZMUMEGBBDTC,null,TRND,vgNNFIvRtTbYmMOlws,null,null,null,null,H2O,null,null,null,null,76420-72-9,null,null,null,0,4,null,null,null,173033,null,1,1,2025-06-17 16:13:51,null,null,null,null,null,null,null,364800203,activity,null,HTS,null,2.659,2.606,4.186,2.053,null,null,null,null,null,null,null,null,null,null,null,null,null,null,null,null,null,null,null,null,null,278941773
TRND-Glioblastoma_LOPAC_U251-primary_screen2,NCGC00015080-20,activity,null,4,-10.616,0.676,C[N+]1(C)C2CCC1CC(C2)OC(=O)C(CO)C3=CC=CC=C3,null,null,null,null,null,A6883,SIGMA,2021_LOPAC_01,null,null,Atropine methyl bromide,null,4,null,null,null,13.467,-2.116,2.333,0.497,0.81,null,null,null,null,null,null,8.5,null,null,8.37,-5.097,22.693,23.092,null,null,null,null,null,null,null,null,null,PIPAJLPNWZMYQA,null,TRND,LBbZclscpRLOnpNowN,null,null,null,null,BR,null,null,null,null,2870-71-5,null,null,null,0,4,0,null,null,173033,0 0 0 0,1,1,2025-06-17 16:13:51,null,null,null,null,null,null,null,364796907,activity,null,HTS,null,8.37,3.825,-5.097,0.676,null,null,null,null,null,null,null,null,null,null,null,null,null,null,null,null,null,null,null,null,null,278941774
TRND-Glioblastoma_LOPAC_U251-primary_screen2,NCGC00015593-06,activity,null,4,-10.087,-5.906,OC1=C(C(=O)NC2=C1C=CC(Cl)=C2)C3=CC=C(OC4=CC=CC=C4)C=C3,null,null,null,null,null,L0258,SIGMA,2021_LOPAC_01,null,null,"L-701,324",null,4,null,null,null,11.512,-9.087,4.955,0.685,0.523,null,null,null,null,null,null,1,null,null,5.606,-5.906,-2.445,1.005,null,null,null,null,null,null,null,null,null,PDJGPBAMXFVBLT,null,TRND,ogeBqNRtGxUBlwUXhJ,null,null,null,null,null,null,null,null,null,null,null,null,null,0,4,0,null,null,173033,0 0 0 0,1,1,2025-06-17 16:13:51,null,null,null,null,null,null,null,364797019,activity,null,HTS,null,-0.665,-2.025,5.606,-5.906,null,null,null,null,null,null,null,null,null,null,null,null,null,null,null,null,null,null,null,null,null,278941775
TRND-Glioblastoma_LOPAC_U251-primary_screen2,NCGC00015144-09,activity,null,4,-18.568,-7.973,NC1=NC(OCC2=CC=CC=C2)=C3N=CNC3=N1,null,null,null,null,null,B2292,SIGMA,2021_LOPAC_01,null,null,O6-benzylguanine,null,4,null,null,null,20.05,-13.568,4.955,0.662,0.57,null,null,null,null,null,null,5,null,null,12.077,-7.973,15.566,16.695,null,null,null,null,null,null,null,null,null,KRWMERLEINMZFT,null,TRND,ebZquqKWSIDIYpPtAG,null,Methylated-DNA--protein-cysteine methyltransferase inhibitor,null,null,null,null,null,null,null,19916-73-5,MGMT,null,null,0,4,0,null,null,173033,0 0 0 0,1,1,2025-06-17 16:13:51,null,null,null,null,null,null,null,364797243,activity,null,HTS,null,4.499,-1.677,12.077,-7.973,null,null,null,null,null,null,null,null,null,null,null,null,null,null,null,null,null,null,null,null,null,278941776
TRND-Glioblastoma_LOPAC_U251-primary_screen2,NCGC00486921-03,activity,null,4,0,-1.819,CC(C)N1CCN(CC1)[S+]([O-])(=O)C2=CC=C(NC(=O)C3=CC=C(C=C3[N+]([O-])=O)C(F)(F)F)C=C2,null,null,null,null,null,SML1547,SIGMA,2021_LOPAC_01,null,null,RN-9893 ,null,4,null,null,null,1.481,0,null,null,null,null,null,null,null,null,null,0,null,null,-1.819,-3.301,-12.754,null,null,null,null,null,null,null,null,null,null,PJAANISMWFBTTF,null,TRND,VJvqwCCcvxnXgIphBb,null,null,null,null,null,null,null,null,null,null,null,null,null,0,4,null,null,null,173033,null,1,1,2025-06-17 16:13:51,null,null,null,null,null,null,null,364798691,activity,null,HTS,null,-2.952,-1.856,-3.301,-1.819,null,null,null,null,null,null,null,null,null,null,null,null,null,null,null,null,null,null,null,null,null,278941777
TRND-Glioblastoma_LOPAC_U251-primary_screen2,NCGC00095462-06,activity,null,4,-24.804,-15.67,OC1=CC=C2C3C4=C(CC3(O)COC2=C1)C=C(O)C(O)=C4,null,null,null,null,null,SML2132,SIGMA,2021_LOPAC_01,null,null,BRazilin,null,4,null,null,null,25.599,-15.804,3.132,0.11,0.992,null,null,null,null,null,null,9,null,null,9.929,-15.67,21.31,24.427,null,null,null,null,null,null,null,null,null,UWHUTZOCTZJUKC,null,TRND,pCXMGebDfRrFNdeDQv,null,null,null,null,null,null,null,null,null,474-07-7,null,null,null,0,4,0,null,null,173033,0 0 0 0,1,1,2025-06-17 16:13:51,null,null,null,null,null,null,null,364796839,activity,null,HTS,null,7.608,9.929,2.138,-15.67,null,null,null,null,null,null,null,null,null,null,null,null,null,null,null,null,null,null,null,null,null,278941778
TRND-Glioblastoma_LOPAC_U251-primary_screen2,NCGC00015326-07,activity,null,4,-13.741,-2.284,FC1=CC=C(C=C1)C(=O)CCCN2CCC(C=C2)N3C(=O)NC4=C3C=CC=C4,null,null,null,null,null,D1414,SIGMA,2021_LOPAC_01,null,null,Droperidol,null,4,null,null,null,16.379,0.759,4.095,0.398,0.888,null,null,null,null,null,null,14.5,null,null,14.095,-2.284,41.347,41.039,null,null,null,null,null,null,null,null,null,NDNUAUXWPVQUQH,null,TRND,TRpAWqhNALVjnekQwX,null,null,null,null,null,null,null,null,null,null,null,null,null,0,4,0,null,null,173033,0 0 0 0,1,1,2025-06-17 16:13:51,null,null,null,null,null,null,null,364796847,activity,null,HTS,null,14.095,1.422,3.487,-2.284,null,null,null,null,null,null,null,null,null,null,null,null,null,null,null,null,null,null,null,null,null,278941779
TRND-Glioblastoma_LOPAC_U251-primary_screen2,NCGC00263216-15,activity,4.466836,-2.3,-88.144,-94.683,NC1=NC=C(C=C1)C2=CC=C3N=CC4=C(N(C(=O)\C=C/4)C5=CC(=CC=C5)C(F)(F)F)C3=C2,null,null,null,null,null,SML1224,SIGMA,2021_LOPAC_01,-5.35,null,Torin2,null,-2.1,null,null,null,43.306,-119.3,0.4,0.249,0.96,null,null,null,null,null,null,-31.156,null,null,-51.377,-94.683,-292.175,-295.039,null,null,null,null,null,null,null,null,null,GUXXEUUYCAYESJ,null,TRND,FIwCyeOLcPwXySgNju,null,mTOR Complex 1 (mTORC1) inhibitor,null,null,null,null,null,null,null,GRT00167,MTOR,null,null,0,4,0,null,null,173033,0 0 0 0,1,1,2025-06-17 16:13:51,null,null,null,null,null,null,null,364795899,activity,null,HTS,1.975081,-51.377,-68.246,-74.548,-94.683,null,null,null,null,null,null,null,null,null,null,null,null,null,null,null,null,null,null,null,null,null,278941780
TRND-Glioblastoma_LOPAC_U251-primary_screen2,NCGC00016634-10,activity,null,4,0,3.13,CN(C)CCCN1C2=C(SC3=C1C=C(C=C3)C(C)=O)C=CC=C2,null,null,null,null,null,A7111,SIGMA,2021_LOPAC_01,null,null,Acepromazine maleate,null,4,null,null,null,6.829,0,null,null,null,null,null,null,null,null,null,0,null,null,5.754,-1.074,2.409,null,null,null,null,null,null,null,null,null,null,NOSIYYJFMPDDSA,null,TRND,FEWGbDwerfyIcwpLfX,null,null,null,null,MALEATE,null,null,null,null,null,null,null,null,0,4,null,null,null,173033,null,1,1,2025-06-17 16:13:51,null,null,null,null,null,null,null,364799923,activity,null,HTS,null,-0.903,5.754,-1.074,3.13,null,null,null,null,null,null,null,null,null,null,null,null,null,null,null,null,null,null,null,null,null,278941781
TRND-Glioblastoma_LOPAC_U251-primary_screen2,NCGC00094047-22,activity,6.309573,-2.1,-109.045,-92.583,[H][C@@](C)(CC)[C@@]1([H])O[C@]2(CC[C@@H]1C)C[C@@H]3C[C@@]([H])(C\C=C(C)\[C@@H](O[C@@]4([H])C[C@H](OC)[C@@H](O[C@@]5([H])C[C@H](OC)[C@@H](O)[C@H](C)O5)[C@H](C)O4)[C@@H](C)\C=C\C=C6/CO[C@]7([H])[C@H](O)C(C)=C[C@@]([H])(C(=O)O3)[C@]67O)O2,null,null,null,null,null,I8898,SIGMA,2021_LOPAC_01,-5.2,null,Ivermectin,null,-2.1,null,null,null,100.31,-100.545,1.627,0.035,0.999,null,null,null,null,null,null,8.5,null,null,7.727,-92.583,-61.552,-61.005,null,null,null,null,null,null,null,null,null,AZSNMRSAGSSBNP,null,TRND,RaeFcWEvDThfzhDaWU,null,null,null,null,null,null,null,null,null,[NO STEREO] 71827-03-7,null,null,null,0,4,0,null,null,173033,0 0 0 0,1,1,2025-06-17 16:13:51,null,null,null,null,null,null,null,364798871,activity,null,HTS,6.267643,7.727,1.194,-50.28,-92.583,null,null,null,null,null,null,null,null,null,null,null,null,null,null,null,null,null,null,null,null,null,278941782
TRND-Glioblastoma_LOPAC_U251-primary_screen2,NCGC00093815-05,activity,12.589254,-3,-42.136,-33.864,OC[C@H]1O[C@H]([C@H](O)[C@@H]1O)C2=NC3=C(N2)C=C(Cl)C(Cl)=C3,null,null,null,null,null,D1916,SIGMA,2021_LOPAC_01,-4.9,null,D-ribofuranosylbenzimidazole,null,-3,null,null,null,36.698,-40.136,1.858,0.066,0.997,null,null,null,null,null,null,2,null,null,2.835,-33.864,-15.568,-17.091,null,null,null,null,null,null,null,null,null,FMYZCZNCRILHGQ,null,TRND,HEJzPJgQEuWXDCIhMq,null,null,null,null,null,null,null,null,null,null,null,null,null,0,4,0,null,null,173033,0 0 0 0,1,1,2025-06-17 16:13:51,null,null,null,null,null,null,null,364799403,activity,null,HTS,null,2.835,0.23,-8.285,-33.864,null,null,null,null,null,null,null,null,null,null,null,null,null,null,null,null,null,null,null,null,null,278941783
TRND-Glioblastoma_LOPAC_U251-primary_screen2,NCGC00015268-15,activity,null,4,18.445,3.986,ClC1=CC=CC(Cl)=C1N=C2NCCN2,null,null,null,null,null,C7897,SIGMA,2021_LOPAC_01,null,null,Clonidine hydrochloride,null,4,null,null,null,23.446,7,4.955,0.643,0.609,null,null,null,null,null,null,-11.445,null,null,15.575,-7.871,-7.526,-8.26,null,null,null,null,null,null,null,null,null,GJSURZIOUXUGAL,null,TRND,rQsoXtiMOgHQgLjiBU,null,null,null,null,CL,null,null,null,null,4205-91-8,null,null,null,0,4,0,null,null,173033,0 0 0 0,1,1,2025-06-17 16:13:51,null,null,null,null,null,null,null,364797203,activity,null,HTS,null,-7.871,15.575,1.912,3.986,null,null,null,null,null,null,null,null,null,null,null,null,null,null,null,null,null,null,null,null,null,278941784
TRND-Glioblastoma_LOPAC_U251-primary_screen2,NCGC00025125-35,activity,0.112202,5,-60.047,-66.315,[H][C@@]1(CCC2=CC(OC)=C(OC)C(OC)=C2C3=CC=C(OC)C(=O)C=C13)NC(C)=O,null,null,null,null,null,C9754,SIGMA,2021_LOPAC_01,-6.95,null,Colchicine,null,-1.4,null,null,null,18.789,-62.078,1.331,0.55,0.751,null,null,null,null,null,null,-2.031,null,null,-47.526,-66.315,-248.98,-250.041,null,null,null,null,null,null,null,null,null,IAKHMKGGTNLKSZ,null,TRND,IxWCMwFIJFnLJPfCyU,null,Tubulin polymerization inhibitor,null,null,null,null,null,null,null,64-86-8,TUBB,null,null,0,4,0,null,null,173033,0 0 0 0,1,1,2025-06-17 16:13:51,null,null,null,null,null,null,null,364799791,activity,null,HTS,null,-47.526,-61.11,-56.518,-66.315,null,null,null,null,null,null,null,null,null,null,null,null,null,null,null,null,null,null,null,null,null,278941785
TRND-Glioblastoma_LOPAC_U251-primary_screen2,NCGC00015958-26,activity,null,4,-12,-7.084,O=C1C2=C3C(NN=C3C4=C1C=CC=C4)=CC=C2,null,null,null,null,null,S5567,SIGMA,2021_LOPAC_01,null,null,SP600125,null,4,null,null,null,14.842,-8.5,4.955,0.694,0.497,null,null,null,null,null,null,3.5,null,null,7.759,-7.084,-4.895,10.891,null,null,null,null,null,null,null,null,null,ACPOUJIDANTYHO,null,TRND,RidAqAyaucUAECpDha,null,Mitogen-Activated protein kinase 8 (JNK) inhibitor,null,null,null,null,null,null,null,129-56-6,MAPK8,null,null,0,4,0,null,null,173033,0 0 0 0,1,1,2025-06-17 16:13:51,null,null,null,null,null,null,null,364800003,activity,null,HTS,null,-4.037,6.59,7.759,-7.084,null,null,null,null,null,null,null,null,null,null,null,null,null,null,null,null,null,null,null,null,null,278941786
TRND-Glioblastoma_LOPAC_U251-primary_screen2,NCGC00015334-17,activity,1,-2.3,-90.85,-83.955,[I+]1C2=C(C=CC=C2)C3=C1C=CC=C3,null,null,null,null,null,D2926,SIGMA,2021_LOPAC_01,-6,null,Diphenyleneiodonium chloride,null,-2.1,null,null,null,64.956,-87.649,0.7,0.275,0.95,null,null,null,null,null,null,3.201,null,null,-18.999,-83.955,-177.02,-185.685,null,null,null,null,null,null,null,null,null,QFXKXRXFBRLLPQ,null,TRND,KOFTZFBgUmsHKiFnKk,null,null,null,null,CL,null,null,null,null,4673-26-1,null,null,null,0,4,0,null,null,173033,0 0 0 0,1,1,2025-06-17 16:13:51,null,null,null,null,null,null,null,364798143,activity,null,HTS,1.499755,-18.999,-52.844,-61.822,-83.955,null,null,null,null,null,null,null,null,null,null,null,null,null,null,null,null,null,null,null,null,null,278941787
TRND-Glioblastoma_LOPAC_U251-primary_screen2,NCGC00015522-09,activity,null,4,8.572,8.723,OC(=O)CC1=CNC2=C1C=C(O)C=C2,null,null,null,null,null,H8876,SIGMA,2021_LOPAC_01,null,null,5-Hydroxyindolacetic acid,null,4,null,null,null,10.033,5.5,4.955,0.73,0.401,null,null,null,null,null,null,-3.072,null,null,8.723,-1.31,6.512,6.719,null,null,null,null,null,null,null,null,null,DUUGKQCEGZLZNO,null,TRND,LkBytJfyAeQIEylVoe,null,null,null,null,null,null,null,null,null,54-16-0,null,null,null,0,4,0,null,null,173033,0 0 0 0,1,1,2025-06-17 16:13:51,null,null,null,null,null,null,null,364800371,activity,null,HTS,null,-1.31,8.406,-0.446,8.723,null,null,null,null,null,null,null,null,null,null,null,null,null,null,null,null,null,null,null,null,null,278941788
TRND-Glioblastoma_LOPAC_U251-primary_screen2,NCGC00024800-11,activity,null,4,-14.537,12.068,N[C@H](C(O)=O)C1=CC(O)=CC(O)=C1,null,null,null,null,null,D3689,SIGMA,2021_LOPAC_01,null,null,"(S)-3,5-Dihydroxyphenylglycine",null,4,null,null,null,13.957,-1.537,2.533,1,1,null,null,null,null,null,null,13,null,null,13.093,-0.864,41.741,40.818,null,null,null,null,null,null,null,null,null,HOOWCUZPEFNHDT,null,TRND,qMRNtyCnuycyykhDmE,null,null,null,null,H2O,null,null,null,null,162870-29-3,null,null,null,0,4,1,null,null,173033,0 0 0 1,1,1,2025-06-17 16:13:51,null,null,null,null,null,null,null,364795599,activity,null,HTS,null,13.093,9.252,-0.864,12.068,null,null,null,null,null,null,null,null,null,null,null,null,null,null,null,null,null,null,null,null,null,278941789
TRND-Glioblastoma_LOPAC_U251-primary_screen2,NCGC00015072-17,activity,null,4,0,6.718,CCN(CC)CCNC(=O)C1=CC=C(NC(C)=O)C=C1,null,null,null,null,null,A5909,SIGMA,2021_LOPAC_01,null,null,N-Acetylprocainamide hydrochloride,null,4,null,null,null,4.393,0,null,null,null,null,null,null,null,null,null,0,null,null,10.034,5.641,40.859,null,null,null,null,null,null,null,null,null,null,KEECCEWTUVWFCV,null,TRND,yYmCNsxiYZQWtqgoWa,null,null,null,null,CL,null,null,null,null,34118-92-8,null,null,null,0,4,null,null,null,173033,null,1,1,2025-06-17 16:13:51,null,null,null,null,null,null,null,364795611,activity,null,HTS,null,10.034,7.923,5.641,6.718,null,null,null,null,null,null,null,null,null,null,null,null,null,null,null,null,null,null,null,null,null,278941790
TRND-Glioblastoma_LOPAC_U251-primary_screen2,NCGC00015682-15,activity,null,4,0,1.352,CC1=CC=CC(=N1)C#CC2=CC=CC=C2,null,null,null,null,null,M5435,SIGMA,2021_LOPAC_01,null,null,6-Methyl-2-(phenylethynyl)pyridine hydrochloride,null,4,null,null,null,5.52,0,null,null,null,null,null,null,null,null,null,0,null,null,5.316,-0.204,16.63,null,null,null,null,null,null,null,null,null,null,NEWKHUASLBMWRE,null,TRND,MPWEfJeHkrhYNmVbAp,null,null,null,null,CL,null,null,null,null,96206-92-7,null,null,null,0,4,null,null,null,173033,null,1,1,2025-06-17 16:13:51,null,null,null,null,null,null,null,364796403,activity,null,HTS,null,5.316,-0.204,1.872,1.352,null,null,null,null,null,null,null,null,null,null,null,null,null,null,null,null,null,null,null,null,null,278941791
TRND-Glioblastoma_LOPAC_U251-primary_screen2,NCGC00164603-13,activity,11.220185,-3,-97.577,-94.751,CC(C)(C)C1=CC=C(C=C1)C(=O)CCCN2CCC(CC2)OC(C3=CC=CC=C3)C4=CC=CC=C4,null,null,null,null,null,E9531,SIGMA,2021_LOPAC_01,-4.95,null,Ebastine,null,-3,null,null,null,98.805,-96.077,4.095,0.054,0.998,null,null,null,null,null,null,1.5,null,null,4.054,-94.751,-45.316,-50.917,null,null,null,null,null,null,null,null,null,MJJALKDDGIKVBE,null,TRND,ibcxDyUjqQCaqibVqQ,null,null,null,null,null,null,null,null,null,90729-43-4,null,null,null,0,4,0,null,null,173033,0 0 0 0,1,1,2025-06-17 16:13:51,null,null,null,null,null,null,null,364798207,activity,null,HTS,11.446303,4.054,-0.788,-8.876,-94.751,null,null,null,null,null,null,null,null,null,null,null,null,null,null,null,null,null,null,null,null,null,278941792
TRND-Glioblastoma_LOPAC_U251-primary_screen2,NCGC00015074-23,activity,null,4,19.898,2.949,CC(=O)NC1=NN=C(S1)[S+](N)([O-])=O,null,null,null,null,null,A6011,SIGMA,2021_LOPAC_01,null,null,Acetazolamide,null,4,null,null,null,25.413,6.5,4.955,0.717,0.434,null,null,null,null,null,null,-13.398,null,null,17.582,-7.832,-8.871,-8.02,null,null,null,null,null,null,null,null,null,YPPLCEXWGIQUEG,null,TRND,kyVksGVcTtwJDuUUmI,null,null,null,null,null,null,null,null,null,59-66-5,null,null,null,0,4,0,null,null,173033,0 0 0 0,1,1,2025-06-17 16:13:51,null,null,null,null,null,null,null,364797531,activity,null,HTS,null,-7.832,17.582,-1.391,2.949,null,null,null,null,null,null,null,null,null,null,null,null,null,null,null,null,null,null,null,null,null,278941793
TRND-Glioblastoma_LOPAC_U251-primary_screen2,NCGC00093704-44,activity,10,-2.4,-73.589,-67.184,CCC1NC(=O)C(C(O)C(C)C\C=C\C)N(C)C(=O)C(C(C)C)N(C)C(=O)C(CC(C)C)N(C)C(=O)C(CC(C)C)N(C)C(=O)C(C)NC(=O)C(C)NC(=O)C(CC(C)C)N(C)C(=O)C(NC(=O)C(CC(C)C)N(C)C(=O)CN(C)C1=O)C(C)C,null,null,null,null,null,C3662,SIGMA,2021_LOPAC_01,-5,null,Cyclosporin A,null,-2.2,null,null,null,73.959,-69.089,2.902,0.087,0.995,null,null,null,null,null,null,4.5,null,null,6.775,-67.184,-35.767,-28.688,null,null,null,null,null,null,null,null,null,PMATZTZNYRCHOR,null,TRND,KUermgEZWJSWNXxVNT,null,Serine/threonine-protein phosphatase 2B inhibitor,null,null,null,null,null,null,null,59865-13-3,PPP3CC,null,null,0,4,0,null,null,173033,0 0 0 0,1,1,2025-06-17 16:13:51,null,null,null,null,null,null,null,364795827,activity,null,HTS,13.934352,1.348,6.775,-12.763,-67.184,null,null,null,null,null,null,null,null,null,null,null,null,null,null,null,null,null,null,null,null,null,278941794
TRND-Glioblastoma_LOPAC_U251-primary_screen2,NCGC00015859-30,activity,null,4,-15.389,-0.609,CCN(CC)CCNC(=O)C1=CC=C(N)C=C1,null,null,null,null,null,P9391,SIGMA,2021_LOPAC_01,null,null,Procainamide hydrochloride,null,4,null,null,null,14.321,-16.889,4.955,1,0.936,null,null,null,null,null,null,-1.5,null,null,0.247,-14.074,-26.771,-23.812,null,null,null,null,null,null,null,null,null,REQCZEXYDRLIBE,null,TRND,votmJbDvpWFMiXeefZ,null,null,null,null,CL,null,null,null,null,614-39-1,null,null,null,0,4,1,null,null,173033,0 0 0 1,1,1,2025-06-17 16:13:51,null,null,null,null,null,null,null,364797631,activity,null,HTS,null,-3.496,0.247,-14.074,-0.609,null,null,null,null,null,null,null,null,null,null,null,null,null,null,null,null,null,null,null,null,null,278941795
TRND-Glioblastoma_LOPAC_U251-primary_screen2,NCGC00021191-17,activity,null,4,0,-0.625,CC(=O)OCC(=O)[C@@]1(O)CC[C@H]2[C@@H]3CCC4=CC(=O)CC[C@]4(C)[C@H]3C(=O)C[C@]12C,null,null,null,null,null,C3130,SIGMA,2021_LOPAC_01,null,null,Cortisone 21-acetate,null,4,null,null,null,4.187,0,null,null,null,null,null,null,null,null,null,0,null,null,3.192,-0.996,3.421,null,null,null,null,null,null,null,null,null,null,ITRJWOMZKQRYTA,null,TRND,hnguJrGEFzSqEISzUh,null,Glucocorticoid Receptor agonist,null,null,null,null,null,null,null,50-04-4,NR3C1,null,null,0,4,null,null,null,173033,null,1,1,2025-06-17 16:13:51,null,null,null,null,null,null,null,364797891,activity,null,HTS,null,0.798,-0.996,3.192,-0.625,null,null,null,null,null,null,null,null,null,null,null,null,null,null,null,null,null,null,null,null,null,278941796
TRND-Glioblastoma_LOPAC_U251-primary_screen2,NCGC00162338-06,activity,null,4,11.5,9.708,CC(C)CC(NP([O-])(=O)O[C@@H]1O[C@@H](C)[C@H](O)[C@@H](O)[C@H]1O)C(=O)NC(CC2=CNC3=C2C=CC=C3)C([O-])=O,null,null,null,null,null,R7385,SIGMA,2021_LOPAC_01,null,null,Phosphoramidon disodium,null,4,null,null,null,13.831,12.5,4.955,0.384,0.897,null,null,null,null,null,null,1,null,null,14.848,1.017,19.979,19.054,null,null,null,null,null,null,null,null,null,ZPHBZEQOLSRPAK,null,TRND,jHMTAfwPlCTEQxevxC,null,null,null,null,SODIUM,null,null,null,null,null,null,null,null,0,4,0,null,null,173033,0 0 0 0,1,1,2025-06-17 16:13:51,null,null,null,null,null,null,null,364798867,activity,null,HTS,null,1.363,1.017,14.848,9.708,null,null,null,null,null,null,null,null,null,null,null,null,null,null,null,null,null,null,null,null,null,278941797
TRND-Glioblastoma_LOPAC_U251-primary_screen2,NCGC00487114-03,activity,null,4,-12.97,11.376,[H][C@@]12CC(=C)[C@](OC(C)=O)(C(C)=O)[C@@]1(C)CC[C@]3([H])[C@@]4([H])CCC(=O)C=C4CC[C@@]23[H],null,null,null,null,null,SML0550,SIGMA,2021_LOPAC_01,null,null,Nestorone,null,4,null,null,null,12.792,1.03,4.955,1,0.872,null,null,null,null,null,null,14,null,null,11.567,-1.225,35.427,33.777,null,null,null,null,null,null,null,null,null,CKFBRGLGTWAVLG,null,TRND,ZPpUBIvMIhflYMBpft,null,null,null,null,null,null,null,null,null,7759-35-5,null,null,null,0,4,1,null,null,173033,0 0 0 1,1,1,2025-06-17 16:13:51,null,null,null,null,null,null,null,364799167,activity,null,HTS,null,11.567,-1.225,3.416,11.376,null,null,null,null,null,null,null,null,null,null,null,null,null,null,null,null,null,null,null,null,null,278941798
TRND-Glioblastoma_LOPAC_U251-primary_screen2,NCGC00186046-04,activity,null,4,19.775,13.688,CCN(CC)CCN1C(=O)\C(CC2=CC=C(OC)C=C2)=N/C3=CC=CC=C13,null,null,null,null,null,C1119,SIGMA,2021_LOPAC_01,null,null,Caroverine hydrochloride,null,4,null,null,null,15.167,18,0.8,0.306,0.938,null,null,null,null,null,null,-1.775,null,null,13.688,-1.479,9.227,11.09,null,null,null,null,null,null,null,null,null,MSPRUJDUTKRMLM,null,TRND,wKudweHyhiVucZkSry,null,NMDA Receptor antagonist,null,null,CL,null,null,null,null,55750-05-5,GRIN1,null,null,0,4,0,null,null,173033,0 0 0 0,1,1,2025-06-17 16:13:51,null,null,null,null,null,null,null,364799315,activity,null,HTS,null,-1.479,3.539,5.237,13.688,null,null,null,null,null,null,null,null,null,null,null,null,null,null,null,null,null,null,null,null,null,278941799
TRND-Glioblastoma_LOPAC_U251-primary_screen2,NCGC00016994-30,activity,10,5,10.739,-88.894,CC[C@@]1(O)C(=O)OCC2=C1C=C3N(CC4=C3N=C5C=CC=CC5=C4)C2=O,null,null,null,null,null,C9911,SIGMA,2021_LOPAC_01,-5,null,(S)-(+)-Camptothecin,null,-2.3,null,null,null,2.718,-78.343,4.449,1,0.435,null,null,null,null,null,null,-89.082,null,null,-87.568,-90.286,-413.964,-411.909,null,null,null,null,null,null,null,null,null,VSJKWCGYPAHWDS,null,TRND,kePgFfHjapKUIhrAEM,null,DNA Topoisomerase I inhibitor,null,null,null,null,null,null,null,2114454,TOP1,null,null,0,4,1,null,null,173033,0 0 0 1,1,1,2025-06-17 16:13:51,null,null,null,null,null,null,null,364796927,activity,null,HTS,null,-87.779,-90.286,-87.568,-88.894,null,null,null,null,null,null,null,null,null,null,null,null,null,null,null,null,null,null,null,null,null,278941800
TRND-Glioblastoma_LOPAC_U251-primary_screen2,NCGC00015572-11,activity,null,4,-16.593,-11.327,NC(=N)NCC1=CC=CC(I)=C1,null,null,null,null,null,I9890,SIGMA,2021_LOPAC_01,null,null,m-Iodobenzylguanidine hemisulfate,null,4,null,null,null,17.375,-12.593,4.955,0.388,0.894,null,null,null,null,null,null,4,null,null,6.047,-11.327,12.471,10.661,null,null,null,null,null,null,null,null,null,PDWUPXJEEYOOTR,null,TRND,WniDsXGPYAiUlfwBiS,null,null,null,null,SULFURIC_ACID,null,null,null,null,80663-95-2,null,null,null,0,4,0,null,null,173033,0 0 0 0,1,1,2025-06-17 16:13:51,null,null,null,null,null,null,null,364795691,activity,null,HTS,null,5.071,0.179,6.047,-11.327,null,null,null,null,null,null,null,null,null,null,null,null,null,null,null,null,null,null,null,null,null,278941801
TRND-Glioblastoma_LOPAC_U251-primary_screen2,NCGC00387412-06,activity,null,4,14.333,6.896,C[C@@H](N)C1CCC(CC1)C(=O)NC2=CC=NC=C2,null,null,null,null,null,Y0503,SIGMA,2021_LOPAC_01,null,null,Y-27632 dihydrochloride,null,4,null,null,null,15.439,8,4.504,0.153,0.985,null,null,null,null,null,null,-6.333,null,null,8.912,-6.527,-4.779,-4.253,null,null,null,null,null,null,null,null,null,IYOZTVGMEWJPKR,null,TRND,YAFATyQDNcOgHclNQg,null,null,null,null,CL,null,null,null,null,null,null,null,null,0,4,0,null,null,173033,0 0 0 0,1,1,2025-06-17 16:13:51,null,null,null,null,null,null,null,364796159,activity,null,HTS,null,-6.527,4.977,8.912,6.896,null,null,null,null,null,null,null,null,null,null,null,null,null,null,null,null,null,null,null,null,null,278941802
TRND-Glioblastoma_LOPAC_U251-primary_screen2,NCGC00015099-22,activity,null,4,0,2.51,CC(C)NCC(O)COC1=C(CC=C)C=CC=C1,null,null,null,null,null,A8676,SIGMA,2021_LOPAC_01,null,null,Alprenolol hydrochloride,null,4,null,null,null,9.504,0,null,null,null,null,null,null,null,null,null,0,null,null,2.51,-6.993,-12.032,null,null,null,null,null,null,null,null,null,null,PAZJSJFMUHDSTF,null,TRND,KFLEqFNHLeoYjcZjKw,null,null,null,null,CL,null,null,null,null,13707-88-5,null,null,null,0,4,null,null,null,173033,null,1,1,2025-06-17 16:13:51,null,null,null,null,null,null,null,364799983,activity,null,HTS,null,-1.954,-6.993,-4.351,2.51,null,null,null,null,null,null,null,null,null,null,null,null,null,null,null,null,null,null,null,null,null,278942313
TRND-Glioblastoma_LOPAC_U251-primary_screen2,NCGC00016665-18,activity,null,4,0,10.647,CC(C)NC[C@H](O)C1=CC(O)=C(O)C=C1,null,null,null,null,null,I2760,SIGMA,2021_LOPAC_01,null,null,R(-)-Isoproterenol (+)-bitartrate,null,4,null,null,null,8.606,0,null,null,null,null,null,null,null,null,null,0,null,null,10.647,2.04,15.084,null,null,null,null,null,null,null,null,null,null,JWZZKOKVBUJMES,null,TRND,fIShMDsaOPqsJiejpI,null,null,null,null,TARTRATE,null,null,null,null,5984-95-2,null,null,null,0,4,null,null,null,173033,null,1,1,2025-06-17 16:13:51,null,null,null,null,null,null,null,364800435,activity,null,HTS,null,2.04,3.162,2.311,10.647,null,null,null,null,null,null,null,null,null,null,null,null,null,null,null,null,null,null,null,null,null,278942314
TRND-Glioblastoma_LOPAC_U251-primary_screen2,NCGC00015376-12,activity,10,-3,-59.292,-51.572,CCCCCCN(CCCCCC)C(=O)CC1=C(NC2=C1C=CC=C2)C3=CC=C(F)C=C3,null,null,null,null,null,D8555,SIGMA,2021_LOPAC_01,-5,null,"N,N-Dihexyl-2-(4-fluorophenyl)indole-3-acetamide",null,-3,null,null,null,58.899,-53.292,2.847,0.048,0.999,null,null,null,null,null,null,6,null,null,7.327,-51.572,-13.711,-12.079,null,null,null,null,null,null,null,null,null,VUWXAQFLTSBUDB,null,TRND,UynWmBlqEFYXwoIuQV,null,null,null,null,null,null,null,null,null,null,null,null,null,0,4,0,null,null,173033,0 0 0 0,1,1,2025-06-17 16:13:51,null,null,null,null,null,null,null,364798723,activity,null,HTS,25.998947,5.115,7.327,-8.461,-51.572,null,null,null,null,null,null,null,null,null,null,null,null,null,null,null,null,null,null,null,null,null,278942315
TRND-Glioblastoma_LOPAC_U251-primary_screen2,NCGC00015955-30,activity,null,4,-11.283,3.548,CC(C)(C)NCC(O)C1=CC(CO)=C(O)C=C1,null,null,null,null,null,S5013,SIGMA,2021_LOPAC_01,null,null,Albuterol hemisulfate,null,4,null,null,null,13.696,-7.783,4.955,1,0.608,null,null,null,null,null,null,3.5,null,null,8.043,-5.653,-3.122,4.155,null,null,null,null,null,null,null,null,null,NDAUXUAQIAJITI,null,TRND,nvgUOVqAlkDmCOWvmT,null,Beta-2 Adrenergic Receptor agonist,null,null,SULFURIC_ACID,null,null,null,null,18559-94-9,ADRB2,null,null,0,4,1,null,null,173033,0 0 0 1,1,1,2025-06-17 16:13:51,null,null,null,null,null,null,null,364798963,activity,null,HTS,null,-0.655,8.043,-5.653,3.548,null,null,null,null,null,null,null,null,null,null,null,null,null,null,null,null,null,null,null,null,null,278942316
TRND-Glioblastoma_LOPAC_U251-primary_screen2,NCGC00015892-14,activity,11.220185,-3,-82.41,-71.418,O=C1N2CCC3=C(NC4=C3C=CC=C4)C2=NC5=CC=CC=C15,null,null,null,null,null,R3277,SIGMA,2021_LOPAC_01,-4.95,null,Rutaecarpine,null,-3,null,null,null,85.823,-72.41,4.095,0.118,0.991,null,null,null,null,null,null,10,null,null,14.405,-71.418,-11.56,-1.966,null,null,null,null,null,null,null,null,null,ACVGWSKVRYFWRP,null,TRND,ArFMxXvPdChItAtBHy,null,null,null,null,null,null,null,null,null,84-26-4,null,null,null,0,4,0,null,null,173033,0 0 0 0,1,1,2025-06-17 16:13:51,null,null,null,null,null,null,null,364799011,activity,null,HTS,13.649352,5.392,14.405,1.36,-71.418,null,null,null,null,null,null,null,null,null,null,null,null,null,null,null,null,null,null,null,null,null,278942317
TRND-Glioblastoma_LOPAC_U251-primary_screen2,NCGC00482986-05,activity,null,4,-12.784,-4.403,COC1=C(O)C=C2[C@@H](CC3=CC(OC4=CC=C(C[C@H]5N(C)CCC6=CC(OC)=C(OC)C=C56)C=C4)=C(O)C=C3)N(C)CCC2=C1,null,null,null,null,null,SML0597,SIGMA,2021_LOPAC_01,null,null,Daurisoline,null,4,null,null,null,13.946,-5.784,4.955,0.397,0.889,null,null,null,null,null,null,7,null,null,9.543,-4.403,25.143,26.975,null,null,null,null,null,null,null,null,null,BURJAQFYNVMZDV,null,TRND,qYLMAZgCEhkHkxXmWA,null,null,null,null,null,null,null,null,null,null,null,null,null,0,4,0,null,null,173033,0 0 0 0,1,1,2025-06-17 16:13:51,null,null,null,null,null,null,null,364798899,activity,null,HTS,null,6.279,4.807,9.543,-4.403,null,null,null,null,null,null,null,null,null,null,null,null,null,null,null,null,null,null,null,null,null,278942318
TRND-Glioblastoma_LOPAC_U251-primary_screen2,NCGC00015498-06,activity,null,4,0,8.883,COC1=C(O)C=CC(=C1)C(O)CO,null,null,null,null,null,H1377,SIGMA,2021_LOPAC_01,null,null,MHPG piperazine,null,4,null,null,null,6.897,0,null,null,null,null,null,null,null,null,null,0,null,null,8.883,1.986,21.483,null,null,null,null,null,null,null,null,null,null,FBWPWWWZWKPJFL,null,TRND,jrxwAlUkRruSsHUmSE,null,null,null,null,PIPERAZINE,null,null,null,null,534-82-7,null,null,null,0,4,null,null,null,173033,null,1,1,2025-06-17 16:13:51,null,null,null,null,null,null,null,364795847,activity,null,HTS,null,3.599,1.986,7.777,8.883,null,null,null,null,null,null,null,null,null,null,null,null,null,null,null,null,null,null,null,null,null,278942319
TRND-Glioblastoma_LOPAC_U251-primary_screen2,NCGC00167781-21,activity,null,4,0,-1.973,OC(=O)COCCN1CCN(CC1)C(C2=CC=CC=C2)C3=CC=C(Cl)C=C3,null,null,null,null,null,C3618,SIGMA,2021_LOPAC_01,null,null,Cetirizine dihydrochloride,null,4,null,null,null,7.869,0,null,null,null,null,null,null,null,null,null,0,null,null,3.8,-4.069,8.404,null,null,null,null,null,null,null,null,null,null,ZKLPARSLTMPFCP,null,TRND,OSLjcttykBKlbgDCkG,null,null,null,null,CL,null,null,null,null,[NO STEREO] 823178-28-5,null,null,null,0,4,null,null,null,173033,null,1,1,2025-06-17 16:13:51,null,null,null,null,null,null,null,364798063,activity,null,HTS,null,3.8,2.492,-4.069,-1.973,null,null,null,null,null,null,null,null,null,null,null,null,null,null,null,null,null,null,null,null,null,278942320
TRND-Glioblastoma_LOPAC_U251-primary_screen2,NCGC00345819-04,activity,null,4,0,5.532,[H][C@@]12[C@@H](O)[C@@H](O)[C@H](O)[C@@]1(C)CC[C@]3([H])C4=C(CC[C@@]23[H])C=C(O)C=C4,null,null,null,null,null,SML1523,SIGMA,2021_LOPAC_01,null,null,Estetrol,null,4,null,null,null,4.265,0,null,null,null,null,null,null,null,null,null,0,null,null,9.797,5.532,40.433,null,null,null,null,null,null,null,null,null,null,AJIPIJNNOJSSQC,null,TRND,FCRDokBGIGXEEtamID,null,Selective Estrogen Receptor modulator (SERM),null,null,null,null,null,null,null,[NO STEREO] 15183-37-6,ESR1,null,null,0,4,null,null,null,173033,null,1,1,2025-06-17 16:13:51,null,null,null,null,null,null,null,364796063,activity,null,HTS,null,9.797,9.123,5.664,5.532,null,null,null,null,null,null,null,null,null,null,null,null,null,null,null,null,null,null,null,null,null,278942321
TRND-Glioblastoma_LOPAC_U251-primary_screen2,NCGC00186032-05,activity,null,4,-12.834,-14.028,O=C(CCCCCN1CCN(CC1)C2=CC=CC=C2C3=CC=CC=C3)NC4CCCC5=CC=CC=C45,null,null,null,null,null,L3169,SIGMA,2021_LOPAC_01,null,null,LP 12 hydrochloride hydrate,null,4,null,null,null,17.944,-14.834,2.72,0.66,0.576,null,null,null,null,null,null,-2,null,null,3.916,-14.028,-30.206,-17.595,null,null,null,null,null,null,null,null,null,NMZIDFFHGCRAJV,null,TRND,KqSCIXeMaMwVYgCwiE,null,null,null,null,CL,null,null,null,null,null,null,null,null,0,4,0,null,null,173033,0 0 0 0,1,1,2025-06-17 16:13:51,null,null,null,null,null,null,null,364797711,activity,null,HTS,null,-8.019,3.916,-4.74,-14.028,null,null,null,null,null,null,null,null,null,null,null,null,null,null,null,null,null,null,null,null,null,278942322
TRND-Glioblastoma_LOPAC_U251-primary_screen2,NCGC00024680-06,activity,null,4,0,3.566,CCCCCCCCCCCCCCCCCCC1=CC=C(C=C1)C(=O)\C=C\C(O)=O,null,null,null,null,null,SML0075,SIGMA,2021_LOPAC_01,null,null,OBAA,null,4,null,null,null,5.994,0,null,null,null,null,null,null,null,null,null,0,null,null,4.374,-1.62,1.203,null,null,null,null,null,null,null,null,null,null,ZBESASFHIWDSCJ,null,TRND,nAWjqRqjBApoWldZJU,null,null,null,null,null,null,null,null,null,null,null,null,null,0,4,null,null,null,173033,null,1,1,2025-06-17 16:13:51,null,null,null,null,null,null,null,364796147,activity,null,HTS,null,-1.62,4.374,1.1,3.566,null,null,null,null,null,null,null,null,null,null,null,null,null,null,null,null,null,null,null,null,null,278942323
TRND-Glioblastoma_LOPAC_U251-primary_screen2,NCGC00162291-06,activity,null,4,14.529,1.518,NC(=O)C([O-])=O,null,null,null,null,null,O2751,SIGMA,2021_LOPAC_01,null,null,Sodium Oxamate,null,4,null,null,null,12.728,9,1.753,1,1,null,null,null,null,null,null,-5.529,null,null,8.537,-4.191,1.39,1.392,null,null,null,null,null,null,null,null,null,SOWBFZRMHSNYGE,null,TRND,exRBVwftYekvPpgQGY,null,null,null,null,SODIUM,null,null,null,null,null,null,null,null,0,4,1,null,null,173033,0 0 0 1,1,1,2025-06-17 16:13:51,null,null,null,null,null,null,null,364797923,activity,null,HTS,null,-4.191,3.668,8.537,1.518,null,null,null,null,null,null,null,null,null,null,null,null,null,null,null,null,null,null,null,null,null,278942324
TRND-Glioblastoma_LOPAC_U251-primary_screen2,NCGC00017257-20,activity,null,4,0,0.143,[H][C@]2(CNC(=O)OCC1=CC=CC=C1)CN(C)[C@]3([H])CC4=CN(C)C5=C4C(=CC=C5)[C@@]3([H])C2,null,null,null,null,null,M3668,SIGMA,2021_LOPAC_01,null,null,Metergoline,null,4,null,null,null,3.496,0,null,null,null,null,null,null,null,null,null,0,null,null,3.639,0.143,13.613,null,null,null,null,null,null,null,null,null,null,WZHJKEUHNJHDLS,null,TRND,OWvQFEkrTAQmYlrmFj,null,null,null,null,null,null,null,null,null,17692-51-2,null,null,null,0,4,null,null,null,173033,null,1,1,2025-06-17 16:13:51,null,null,null,null,null,null,null,364795731,activity,null,HTS,null,3.639,1.887,3.032,0.143,null,null,null,null,null,null,null,null,null,null,null,null,null,null,null,null,null,null,null,null,null,278942325
TRND-Glioblastoma_LOPAC_U251-primary_screen2,NCGC00015710-09,activity,5.623413,-2.4,-23.107,-7.589,OC1=CC=C2CC3N(CC4CC4)CC[C@@]56[C@@H](OC1=C25)C7=C(C[C@@]36O)C8=C(N7)C=CC=C8,null,null,null,null,null,N115,SIGMA,2021_LOPAC_01,-5.25,null,Naltrindole hydrochloride,null,4,null,null,null,20.403,-9.607,1.248,0.03,0.999,null,null,null,null,null,null,13.5,null,null,12.814,-7.589,39.439,39.85,null,null,null,null,null,null,null,null,null,WIYUZYBFCWCCQJ,null,TRND,hyURFjpLlZxULcoOgZ,null,null,null,null,CL,null,null,null,null,null,null,null,null,0,4,0,null,null,173033,0 0 0 0,1,1,2025-06-17 16:13:51,null,null,null,null,null,null,null,364799303,activity,null,HTS,null,12.814,10.355,0.904,-7.589,null,null,null,null,null,null,null,null,null,null,null,null,null,null,null,null,null,null,null,null,null,278942326
TRND-Glioblastoma_LOPAC_U251-primary_screen2,NCGC00015346-06,activity,null,4,-15.841,-12.367,COC1=CC(=CC(OC)=C1OC)C(=O)OCCC[NH+]2CCC[NH+](CCCOC(=O)C3=CC(OC)=C(OC)C(OC)=C3)CC2,null,null,null,null,null,D5294,SIGMA,2021_LOPAC_01,null,null,Dilazep hydrochloride,null,4,null,null,null,19.123,-16.841,4.955,0.686,0.518,null,null,null,null,null,null,-1,null,null,6.756,-12.367,-18.161,-10.5,null,null,null,null,null,null,null,null,null,QVZCXCJXTMIDME,null,TRND,yxCPINBwHFSXDQyNvt,null,null,null,null,CL,null,null,null,null,null,null,null,null,0,4,0,null,null,173033,0 0 0 0,1,1,2025-06-17 16:13:51,null,null,null,null,null,null,null,364798175,activity,null,HTS,null,-4.607,-5.15,6.756,-12.367,null,null,null,null,null,null,null,null,null,null,null,null,null,null,null,null,null,null,null,null,null,278942327
TRND-Glioblastoma_LOPAC_U251-primary_screen2,NCGC00179356-12,activity,11.220185,-3,-67.732,-61.168,ClC1=CC(=C(C=C1)C(C[N]2C=CN=C2)OCC3=CSC4=C3C=CC=C4Cl)Cl,null,null,null,null,null,SML0888,SIGMA,2021_LOPAC_01,-4.95,null,Sertaconazole nitrate ,null,-3,null,null,null,70.563,-61.732,4.504,0.11,0.992,null,null,null,null,null,null,6,null,null,9.395,-61.168,-18.894,-11.303,null,null,null,null,null,null,null,null,null,JLGKQTAYUIMGRK,null,TRND,aSpqUuctGLPmzPMGcO,null,null,null,null,null,null,null,null,null,99592-39-9,null,null,null,0,4,0,null,null,173033,0 0 0 0,1,1,2025-06-17 16:13:51,null,null,null,null,null,null,null,364795619,activity,null,HTS,15.480138,2.442,9.395,-0.117,-61.168,null,null,null,null,null,null,null,null,null,null,null,null,null,null,null,null,null,null,null,null,null,278942328
TRND-Glioblastoma_LOPAC_U251-primary_screen2,NCGC00015407-10,activity,null,4,0,3.467,CCSC(N)=N,null,null,null,null,null,E3149,SIGMA,2021_LOPAC_01,null,null,S-Ethylisothiourea hydrobromide,null,4,null,null,null,6.324,0,null,null,null,null,null,null,null,null,null,0,null,null,9.791,3.467,29.082,null,null,null,null,null,null,null,null,null,null,VFIZBHJTOHUOEK,null,TRND,PzcjrmICKcIPSZWUfU,null,null,null,null,BR,null,null,null,null,null,null,null,null,0,4,null,null,null,173033,null,1,1,2025-06-17 16:13:51,null,null,null,null,null,null,null,364796607,activity,null,HTS,null,5.85,9.791,5.983,3.467,null,null,null,null,null,null,null,null,null,null,null,null,null,null,null,null,null,null,null,null,null,278942329
TRND-Glioblastoma_LOPAC_U251-primary_screen2,NCGC00023673-22,activity,null,4,0,2.443,NC1=NC=NC2=C1N=CN2[C@@H]3O[C@H](CO)[C@@H](O)[C@H]3O,null,null,null,null,null,A9251,SIGMA,2021_LOPAC_01,null,null,Adenosine,null,4,null,null,null,1.407,0,null,null,null,null,null,null,null,null,null,0,null,null,3.129,1.722,12.605,null,null,null,null,null,null,null,null,null,null,OIRDTQYFTABQOQ,null,TRND,yJFfzQrbJBKQinKfcD,null,Adenosine Receptor A1 agonist,null,null,null,null,null,null,null,58-61-7,ADORA1,null,null,0,4,null,null,null,173033,null,1,1,2025-06-17 16:13:51,null,null,null,null,null,null,null,364798083,activity,null,HTS,null,3.129,1.722,2.05,2.443,null,null,null,null,null,null,null,null,null,null,null,null,null,null,null,null,null,null,null,null,null,278942330
TRND-Glioblastoma_LOPAC_U251-primary_screen2,NCGC00015429-26,activity,null,4,0,2.802,NC(=O)OCC(COC(N)=O)C1=CC=CC=C1,null,null,null,null,null,F0778,SIGMA,2021_LOPAC_01,null,null,Felbamate,null,4,null,null,null,5.331,0,null,null,null,null,null,null,null,null,null,0,null,null,7.74,2.41,26.333,null,null,null,null,null,null,null,null,null,null,WKGXYQFOCVYPAC,null,TRND,IikndUVKqcLjpgCODx,null,Gamma-aminobutyric acid receptor subunit alpha-1 modulator,null,null,null,null,null,null,null,25451-15-4,GABRA1,null,null,0,4,null,null,null,173033,null,1,1,2025-06-17 16:13:51,null,null,null,null,null,null,null,364798411,activity,null,HTS,null,6.402,7.74,2.41,2.802,null,null,null,null,null,null,null,null,null,null,null,null,null,null,null,null,null,null,null,null,null,278942331
TRND-Glioblastoma_LOPAC_U251-primary_screen2,NCGC00015493-12,activity,null,4,11.229,7.381,CCCN(CCC)C1CCC2=CC=CC(O)=C2C1,null,null,null,null,null,H8250,SIGMA,2021_LOPAC_01,null,null,(±)-8-Hydroxy-DPAT hydrobromide,null,4,null,null,null,10.756,8.5,4.955,0.311,0.936,null,null,null,null,null,null,-2.729,null,null,10.149,-0.608,14.861,14.888,null,null,null,null,null,null,null,null,null,ASXGJMSKWNBENU,null,TRND,wKGnadBRxcxgXPOIKg,null,null,null,null,BR,null,null,null,null,76135-31-4,null,null,null,0,4,0,null,null,173033,0 0 0 0,1,1,2025-06-17 16:13:51,null,null,null,null,null,null,null,364796535,activity,null,HTS,null,-0.608,10.149,7.973,7.381,null,null,null,null,null,null,null,null,null,null,null,null,null,null,null,null,null,null,null,null,null,278942332
TRND-Glioblastoma_LOPAC_U251-primary_screen2,NCGC00015893-19,activity,null,4,21.5,17.895,CCCN(CCC)CCC1=CC=CC2=C1CC(=O)N2,null,null,null,null,null,R2530,SIGMA,2021_LOPAC_01,null,null,Ropinirole hydrochloride,null,4,null,null,null,17.842,21,1.1,0.019,1,null,null,null,null,null,null,-0.5,null,null,17.895,0.053,18.181,18.122,null,null,null,null,null,null,null,null,null,UHSKFQJFRQCDBE,null,TRND,ytoLZvlUbmQIOIMXZn,null,null,null,null,CL,null,null,null,null,91374-20-8,null,null,null,0,4,0,null,null,173033,0 0 0 0,1,1,2025-06-17 16:13:51,null,null,null,null,null,null,null,364799651,activity,null,HTS,null,0.053,2.478,9.862,17.895,null,null,null,null,null,null,null,null,null,null,null,null,null,null,null,null,null,null,null,null,null,278942333
TRND-Glioblastoma_LOPAC_U251-primary_screen2,NCGC00015145-06,activity,null,4,0,-6.284,CC(=O)NBr,null,null,null,null,null,B2377,SIGMA,2021_LOPAC_01,null,null,N-BRomoacetamide,null,4,null,null,null,9.762,0,null,null,null,null,null,null,null,null,null,0,null,null,3.478,-6.284,4.865,null,null,null,null,null,null,null,null,null,null,VBTQNRFWXBXZQR,null,TRND,fNlKciSQvoUmVNhgCF,null,null,null,null,null,null,null,null,null,79-15-2,null,null,null,0,4,null,null,null,173033,null,1,1,2025-06-17 16:13:51,null,null,null,null,null,null,null,364797883,activity,null,HTS,null,1.254,3.229,3.478,-6.284,null,null,null,null,null,null,null,null,null,null,null,null,null,null,null,null,null,null,null,null,null,278942334
TRND-Glioblastoma_LOPAC_U251-primary_screen2,NCGC00015340-28,activity,null,4,-20.8,-7.334,CNCCCN1C2=C(CCC3=C1C=CC=C3)C=CC=C2,null,null,null,null,null,D3900,SIGMA,2021_LOPAC_01,null,null,Desipramine hydrochloride,null,4,null,null,null,17.643,-9.8,1.1,0.03,0.999,null,null,null,null,null,null,11,null,null,10.309,-7.334,29.02,28.611,null,null,null,null,null,null,null,null,null,HCYAFALTSJYZDH,null,TRND,jRktSCsMdOuiqhBAeR,null,null,null,null,CL,null,null,null,null,58-28-6,null,null,null,0,4,0,null,null,173033,0 0 0 0,1,1,2025-06-17 16:13:51,null,null,null,null,null,null,null,364797519,activity,null,HTS,null,10.309,6.916,-0.812,-7.334,null,null,null,null,null,null,null,null,null,null,null,null,null,null,null,null,null,null,null,null,null,278942335
TRND-Glioblastoma_LOPAC_U251-primary_screen2,NCGC00014994-13,activity,null,4,0,8.941,NCCC1=CNC2=C1C=CC=C2,null,null,null,null,null,246557,SIGMA,2021_LOPAC_01,null,null,Tryptamine hydrochloride,null,4,null,null,null,8.681,0,null,null,null,null,null,null,null,null,null,0,null,null,8.941,0.26,29.536,null,null,null,null,null,null,null,null,null,null,APJYDQYYACXCRM,null,TRND,GiVspjiqgOlwYhvaYf,null,null,null,null,CL,null,null,null,null,343-94-2,null,null,null,0,4,null,null,null,173033,null,1,1,2025-06-17 16:13:51,null,null,null,null,null,null,null,364799479,activity,null,HTS,null,8.216,2.653,0.26,8.941,null,null,null,null,null,null,null,null,null,null,null,null,null,null,null,null,null,null,null,null,null,278942336
TRND-Glioblastoma_LOPAC_U251-primary_screen2,NCGC00015026-43,activity,null,4,-8.121,1.329,CN1C2CCC1CC(C2)OC(=O)C(CO)C3=CC=CC=C3,null,null,null,null,null,A0257,SIGMA,2021_LOPAC_01,null,null,Atropine sulfate,null,4,null,null,null,10.891,-4.621,4.955,1,0.393,null,null,null,null,null,null,3.5,null,null,7.874,-3.017,-1.789,7.6,null,null,null,null,null,null,null,null,null,RKUNBYITZUJHSG,null,TRND,diNNPWhRvLyAqFvpex,null,null,null,null,SULFURIC_ACID,null,null,null,null,5908-99-6,null,null,null,0,4,1,null,null,173033,0 0 0 1,1,1,2025-06-17 16:13:51,null,null,null,null,null,null,null,364798059,activity,null,HTS,null,-1.296,7.874,-3.017,1.329,null,null,null,null,null,null,null,null,null,null,null,null,null,null,null,null,null,null,null,null,null,278942337
TRND-Glioblastoma_LOPAC_U251-primary_screen2,NCGC00161408-09,activity,null,4,-11.559,-1.19,ClC1=CC=C2NC3=NC(=O)CN3CC2=C1Cl,null,null,null,null,null,SML0846,SIGMA,2021_LOPAC_01,null,null,Anagrelide hydrochloride,null,4,null,null,null,10.784,-10.559,4.955,1,0.911,null,null,null,null,null,null,1,null,null,2.402,-8.383,-11.002,-7.893,null,null,null,null,null,null,null,null,null,OTBXOEAOVRKTNQ,null,TRND,ocRYOSoOahDYQVSODU,null,Phosphodiesterase 3A inhibitor,null,null,CL,null,null,null,null,null,PDE3A,null,null,0,4,1,null,null,173033,0 0 0 1,1,1,2025-06-17 16:13:51,null,null,null,null,null,null,null,364800343,activity,null,HTS,null,-0.869,2.402,-8.383,-1.19,null,null,null,null,null,null,null,null,null,null,null,null,null,null,null,null,null,null,null,null,null,278942338
TRND-Glioblastoma_LOPAC_U251-primary_screen2,NCGC00162369-06,activity,null,4,0,4.634,CN([C@@H]1CC[C@]2(CCCO2)C[C@H]1N3CCCC3)C(=O)CC4=CC=C(Cl)C(Cl)=C4,null,null,null,null,null,U105,SIGMA,2021_LOPAC_01,null,null,U-62066,null,4,null,null,null,9.518,0,null,null,null,null,null,null,null,null,null,0,null,null,4.634,-4.884,4.077,null,null,null,null,null,null,null,null,null,null,NYKCGQQJNVPOLU,null,TRND,KmNsgBeGtIhbEDEBEg,null,null,null,null,SULFONICACID_V1,null,null,null,null,[NO STEREO] 87173-97-5,null,null,null,0,4,null,null,null,173033,null,1,1,2025-06-17 16:13:51,null,null,null,null,null,null,null,364797335,activity,null,HTS,null,1.085,2.927,-4.884,4.634,null,null,null,null,null,null,null,null,null,null,null,null,null,null,null,null,null,null,null,null,null,278942339
TRND-Glioblastoma_LOPAC_U251-primary_screen2,NCGC00390662-05,activity,8.912509,-2.4,-27.434,-26.612,FC1=C(C=CN=C1)C(=O)NC2=CC=C(C=C2)N3N=C(C=C3C(F)(F)F)C(F)(F)F,null,null,null,null,null,SML1241,SIGMA,2021_LOPAC_01,-5.05,null,Pyr6,null,4,null,null,null,26.798,-27.434,2.72,0.032,0.999,null,null,null,null,null,null,0,null,null,0.186,-26.612,-20.852,-20.141,null,null,null,null,null,null,null,null,null,XZIQSOZOLJJMFN,null,TRND,DNWMVhRKSGDGrFOYWY,null,null,null,null,null,null,null,null,null,null,null,null,null,0,4,0,null,null,173033,0 0 0 0,1,1,2025-06-17 16:13:51,null,null,null,null,null,null,null,364798195,activity,null,HTS,null,-0.392,0.186,-8.443,-26.612,null,null,null,null,null,null,null,null,null,null,null,null,null,null,null,null,null,null,null,null,null,278942340
TRND-Glioblastoma_LOPAC_U251-primary_screen2,NCGC00015646-12,activity,null,4,-19.08,1.952,CC1=CNN=C1,null,null,null,null,null,M1387,SIGMA,2021_LOPAC_01,null,null,4-Methylpyrazole hydrochloride,null,4,null,null,null,19.077,1.42,4.955,0.393,0.891,null,null,null,null,null,null,20.5,null,null,16.927,-2.15,49.579,49.241,null,null,null,null,null,null,null,null,null,RIKMMFOAQPJVMX,null,TRND,yiSKAUlrCbWpatNCKD,null,Alcohol Dehydrogenase inhibitor,null,null,CL,null,null,null,null,null,ADH1A,null,null,0,4,0,null,null,173033,0 0 0 0,1,1,2025-06-17 16:13:51,null,null,null,null,null,null,null,364795683,activity,null,HTS,null,16.927,-2.15,4.406,1.952,null,null,null,null,null,null,null,null,null,null,null,null,null,null,null,null,null,null,null,null,null,278942341
TRND-Glioblastoma_LOPAC_U251-primary_screen2,NCGC00025170-17,activity,null,4,-29.139,-25.116,CN(C)C1=CC=C(C=C1)\C=C2/C(=O)NC3=CC=CC=C23,null,null,null,null,null,S8567,SIGMA,2021_LOPAC_01,null,null,SU 4312,null,4,null,null,null,31.756,-25.139,4.045,0.197,0.975,null,null,null,null,null,null,4,null,null,6.64,-25.116,5.527,0.274,null,null,null,null,null,null,null,null,null,UAKWLVYMKBWHMX,null,TRND,eyTizmdXdLRFegCJgU,null,null,null,null,null,null,null,null,null,null,null,null,null,0,4,0,null,null,173033,0 0 0 0,1,1,2025-06-17 16:13:51,null,null,null,null,null,null,null,364796127,activity,null,HTS,null,6.64,1.216,-0.784,-25.116,null,null,null,null,null,null,null,null,null,null,null,null,null,null,null,null,null,null,null,null,null,278942342
TRND-Glioblastoma_LOPAC_U251-primary_screen2,NCGC00162365-06,activity,null,4,10,13.148,O[C@H]1[C@@H](O)[C@@H](O[C@@H]1COP([O-])(=O)OP(O)([O-])=O)N2C=CC(=O)NC2=O,null,null,null,null,null,U4125,SIGMA,2021_LOPAC_01,null,null,Uridine 5 -diphosphate sodium,null,4,null,null,null,10.603,15,4.955,0.642,0.614,null,null,null,null,null,null,5,null,null,13.148,2.546,37.053,27.719,null,null,null,null,null,null,null,null,null,XCCTYIAWTASOJW,null,TRND,SWMoXMStajkdYFYvzl,null,null,null,null,SODIUM,null,null,null,null,null,null,null,null,0,4,0,null,null,173033,0 0 0 0,1,1,2025-06-17 16:13:51,null,null,null,null,null,null,null,364796039,activity,null,HTS,null,9.561,2.614,2.546,13.148,null,null,null,null,null,null,null,null,null,null,null,null,null,null,null,null,null,null,null,null,null,278942343
TRND-Glioblastoma_LOPAC_U251-primary_screen2,NCGC00480795-05,activity,null,4,11.513,9.944,CCCCCCCCCCCCCCCC(=O)OCC(COP(O)(=O)OCCNC(=O)[C@H](C)NC(=O)CC[C@@H](NC(=O)[C@H](C)NC(=O)[C@@H](C)O[C@H]1C(O)[C@@H](CO)O[C@@H](O)[C@@H]1NC(C)=O)C(N)=O)OC(=O)CCCCCCCCCCCCCCC,null,null,null,null,null,SML0195,SIGMA,2021_LOPAC_01,null,null,Mifamurtide,null,4,null,null,null,12.872,11,4.955,0.424,0.871,null,null,null,null,null,null,-0.513,null,null,9.944,-2.928,2.843,2.918,null,null,null,null,null,null,null,null,null,JMUHBNWAORSSBD,null,TRND,mlGCQgMYeGAoCthoan,null,null,null,null,null,null,null,null,null,null,null,null,null,0,4,0,null,null,173033,0 0 0 0,1,1,2025-06-17 16:13:51,null,null,null,null,null,null,null,364799639,activity,null,HTS,null,-0.619,1.975,-2.928,9.944,null,null,null,null,null,null,null,null,null,null,null,null,null,null,null,null,null,null,null,null,null,278942344
TRND-Glioblastoma_LOPAC_U251-primary_screen2,NCGC00015162-23,activity,null,4,0,4.303,O=C1CC2(CCCC2)CC(=O)N1CCCCN3CCN(CC3)C4=NC=CC=N4,null,null,null,null,null,B7148,SIGMA,2021_LOPAC_01,null,null,Buspirone hydrochloride,null,4,null,null,null,6.168,0,null,null,null,null,null,null,null,null,null,0,null,null,4.303,-1.865,7.362,null,null,null,null,null,null,null,null,null,null,QWCRAEMEVRGPNT,null,TRND,wixmsjuKTvVSxuRwBE,null,null,null,null,CL,null,null,null,null,33386-08-2,null,null,null,0,4,null,null,null,173033,null,1,1,2025-06-17 16:13:51,null,null,null,null,null,null,null,364799671,activity,null,HTS,null,2.362,-1.865,-0.217,4.303,null,null,null,null,null,null,null,null,null,null,null,null,null,null,null,null,null,null,null,null,null,278942345
TRND-Glioblastoma_LOPAC_U251-primary_screen2,NCGC00094182-05,activity,null,4,0,10.11,CC(=O)N[C@H](C(O)=O)C(C)(C)SN=O,null,null,null,null,null,N3398,SIGMA,2021_LOPAC_01,null,null,S-Nitroso-N-acetylpenicillamine,null,4,null,null,null,13.391,0,null,null,null,null,null,null,null,null,null,0,null,null,10.537,-2.854,36.229,null,null,null,null,null,null,null,null,null,null,ZIIQCSMRQKCOCT,null,TRND,uHKmGiWzuSjqKNluId,null,null,null,null,null,null,null,null,null,null,null,null,null,0,4,null,null,null,173033,null,1,1,2025-06-17 16:13:51,null,null,null,null,null,null,null,364799239,activity,null,HTS,null,9.203,-2.854,10.537,10.11,null,null,null,null,null,null,null,null,null,null,null,null,null,null,null,null,null,null,null,null,null,278942346
