Protocol Name,Sample ID,Sample Data Type,AC50 (uM),CC-v1,Max Resp,CC-v2,Efficacy,Hill Coef,Structure,Supplier ID,Sample Name,Supplier,Library,Metabolic Stability [m],Permeability [1e-6 cm/sec],Solubility [ug/ml],Log AC50 (M),Drug Name,Assay Plate ID,Ligand Efficiency,Alias,LEC,BEI,SEI,Data Range,Inf Activity,PValue,R2,AC50_2 (uM),Log AC50 2,Hill Coef 2,Fraction,Sample ID2,Tox21 ID,Zero Activity,User Flag,Max Read1,Max Data,Min Data,AUC,AUC Fit,Cmpd Plate ID,Comment,Log AC50-,Log AC50+,Inf Activity-,Inf Activity+,Custom 2,Custom 1,NCGC Unique ID,Mapping ID,Drug ID,Assay Name,Hash Key(24),MLSMR Compound Class,Primary MOA,Origin,Solvent,Salt Code,Purity,Purity Rating,MW,PubChem SID,CAS#,Gene Symbol,Gene ID,Tanimoto,Layer Index,Data Points,Mask No,Log Dye Conc,Report Flag,Assay Protocol ID,Mask Flags,Sample Replicate,Plate Replicate,Measure Time,Replicate IDs,Data Mode,Assay Outcome,Phenotype,Activity Score,Confirmation Flag,Control Flag,Conc ID,Experiment Set,Team,Scientist,IC50 (uM),Data0,Data1,Data2,Data3,Data4,Data5,Data6,Data7,Data8,Data9,Data10,Data11,Data12,Data13,Data14,Data15,Data16,Data17,Data18,Data19,Data20,Data21,Data22,Data23,Data24,Sample Data ID
TRND-Glioblastoma_LOPAC_H4-primary_screen2,NCGC00386770-03,activity,0.316228,-1.1,-94.097,-1.1,-93.229,4.955,CC1=CC=C(\C=N\NC(=O)C2=NNC3=C2CCCC3)C=C1,SML1493,Suprafenacine,SIGMA,2021_LOPAC_01,null,null,null,-6.5,null,null,null,null,null,null,null,65.443,-94.241,0.01,1,null,null,null,null,null,null,-1.012,null,null,-29.177,-94.619,-262.524,-262.155,null,null,null,null,null,null,null,null,null,WKKLZIQHOXPLLZ,null,TRND,RyejCxXVNxHLRTWNXq,null,null,null,null,null,null,null,null,null,null,null,null,null,0,4,0,null,null,173031,0 0 0 0,1,1,2025-06-17 15:29:19,null,null,null,null,null,null,null,364789623,activity,null,HTS,0.324135,-29.177,-94.335,-94.619,-94.097,null,null,null,null,null,null,null,null,null,null,null,null,null,null,null,null,null,null,null,null,null,278939731
TRND-Glioblastoma_LOPAC_H4-primary_screen2,NCGC00346676-14,activity,1,-1.1,-95.172,-1.1,-90.859,2.303,CN1CCN(CC1)C2=CC=C(C=C2)C3=NC4=C(N5CCN(CC6=NOC(C)=C6)CC5)C(Br)=CN=C4N3,SML1237,CCT137690,SIGMA,2021_LOPAC_01,null,null,null,-6,null,null,null,null,null,null,null,88.264,-93.65,0.038,0.999,null,null,null,null,null,null,-2.79,null,null,-6.909,-95.172,-176.67,-176.914,null,null,null,null,null,null,null,null,null,GFLQCBTXTRCREJ,null,TRND,tsMCokTDXdvgUMGeRA,null,Aurora kinase A inhibitor,null,null,null,null,null,null,null,null,AURKA,null,null,0,4,0,null,null,173031,0 0 0 0,1,1,2025-06-17 15:29:19,null,null,null,null,null,null,null,364788379,activity,null,HTS,1.060751,-6.909,-62.588,-91.133,-95.172,null,null,null,null,null,null,null,null,null,null,null,null,null,null,null,null,null,null,null,null,null,278939199
TRND-Glioblastoma_LOPAC_H4-primary_screen2,NCGC00690014-01,activity,2.238721,-1.1,-95.369,-1.1,-107.276,2.787,N=C(NC1=CC=C(OCCCCCOC2=CC=C(NC(=N)C3=CC=CC=C3)C=C2)C=C1)C4=CC=CC=C4,SML2185,PA-6,SIGMA,2021_LOPAC_01,null,null,null,-5.65,null,null,null,null,null,null,null,106.433,-97.276,0.042,0.999,null,null,null,null,null,null,10,null,null,11.064,-95.369,-92.758,-95.998,null,null,null,null,null,null,null,null,null,PETGITKEGWIZEL,null,TRND,voLuhPDlCLUHbmUKlC,null,null,null,null,null,null,null,null,null,null,null,null,null,0,4,0,null,null,173031,0 0 0 0,1,1,2025-06-17 15:29:19,null,null,null,null,null,null,null,364789695,activity,null,HTS,2.284174,11.064,-10.232,-94.638,-95.369,null,null,null,null,null,null,null,null,null,null,null,null,null,null,null,null,null,null,null,null,null,278938791
TRND-Glioblastoma_LOPAC_H4-primary_screen2,NCGC00094112-17,activity,2.238721,-1.1,-96.101,-1.1,-99.793,2.121,O\N=C1C2=CC=CC=C2NC\1=C3\C(=O)NC4=CC(Br)=CC=C34,B1686,BIO,SIGMA,2021_LOPAC_01,null,null,null,-5.65,null,null,null,null,null,null,null,97.594,-96.293,0.021,1,null,null,null,null,null,null,3.5,null,null,1.493,-96.101,-121.546,-119.728,null,null,null,null,null,null,null,null,null,DDLZLOKCJHBUHD,null,TRND,NYsZQbrEFEoJiodDum,null,Arachidonate 5-Lipoxygenase inhibitor,null,null,null,null,null,null,null,null,ALOX5,null,null,0,4,0,null,null,173031,0 0 0 0,1,1,2025-06-17 15:29:19,null,null,null,null,null,null,null,364788647,activity,null,HTS,2.321514,1.493,-20.3,-87.207,-96.101,null,null,null,null,null,null,null,null,null,null,null,null,null,null,null,null,null,null,null,null,null,278939383
TRND-Glioblastoma_LOPAC_H4-primary_screen2,NCGC00013043-15,activity,2.238721,-1.1,-89.886,-1.1,-100.066,3.99,C1=CC2=CC=C3C=CC=NC3=C2N=C1,P9375,"1,10-Phenanthroline monohydrate",SIGMA,2021_LOPAC_01,null,null,null,-5.65,null,null,null,null,null,null,null,100.639,-90.066,0.013,1,null,null,null,null,null,null,10,null,null,10.753,-89.886,-79.839,-82.541,null,null,null,null,null,null,null,null,null,DGEZNRSVGBDHLK,null,TRND,fsUEOQeJdBcbMbMTHA,null,null,null,null,H2O,null,null,null,null,66-71-7,null,null,null,0,4,0,null,null,173031,0 0 0 0,1,1,2025-06-17 15:29:19,null,null,null,null,null,null,null,364786759,activity,null,HTS,2.366512,10.753,-0.692,-88.581,-89.886,null,null,null,null,null,null,null,null,null,null,null,null,null,null,null,null,null,null,null,null,null,278939075
TRND-Glioblastoma_LOPAC_H4-primary_screen2,NCGC00167767-15,activity,2.511886,-1.1,-94.629,-1.1,-103.25,4.955,O=C(N1CCC(CC1)N2CCCC2)C3=CC=C(NC4=NC=CC(=N4)C5=CC6=C(S5)C=CC=C6)C=C3,SML1138,IKK-16 dihydrochloride,SIGMA,2021_LOPAC_01,null,null,null,-5.6,null,null,null,null,null,null,null,103.629,-94.25,0.008,1,null,null,null,null,null,null,9,null,null,9,-94.629,-86.343,-86.589,null,null,null,null,null,null,null,null,null,BWZJBXAPRCVCKQ,null,TRND,zOImHBCfCiTPbrjLtW,null,inhibitor of nuclear factor kappa B kinase subunit beta inhibitor,null,null,CL,null,null,null,null,null,IKBKB,null,null,0,4,0,null,null,173031,0 0 0 0,1,1,2025-06-17 15:29:19,null,null,null,null,null,null,null,364786635,activity,null,HTS,2.574586,9,5.17,-93.22,-94.629,null,null,null,null,null,null,null,null,null,null,null,null,null,null,null,null,null,null,null,null,null,278939438
TRND-Glioblastoma_LOPAC_H4-primary_screen2,NCGC00347064-08,activity,2.818383,-1.1,-94.05,-1.1,-100.238,3.99,COC1=C2N=C(N=C(NCC3=CC=CC=C3)C2=CC=C1)N4C(N)=NC5=C4C=CC=C5,SML1071,ML240,SIGMA,2021_LOPAC_01,null,null,null,-5.55,null,null,null,null,null,null,null,99.994,-94.238,0.009,1,null,null,null,null,null,null,6,null,null,5.945,-94.05,-96.286,-95.766,null,null,null,null,null,null,null,null,null,NHAMBLRUUJAFOY,null,TRND,pKfIXSCUwwuamwhzTM,null,Valosin-containing protein (VCP) p97 / Transitional endoplasmic reticulum ATPase inhibitor,null,null,null,null,null,null,null,null,VCP,null,null,0,4,0,null,null,173031,0 0 0 0,1,1,2025-06-17 15:29:19,null,null,null,null,null,null,null,364787699,activity,null,HTS,2.906215,5.945,1.171,-91.751,-94.05,null,null,null,null,null,null,null,null,null,null,null,null,null,null,null,null,null,null,null,null,null,278938808
TRND-Glioblastoma_LOPAC_H4-primary_screen2,NCGC00015411-20,activity,2.818383,-1.1,-94.336,-1.1,-85.999,2.533,CC1=C2NC3=C(C=CC=C3)C2=C(C)C4=CN=CC=C14,E3380,Ellipticine,SIGMA,2021_LOPAC_01,null,null,null,-5.55,null,null,null,null,null,null,null,85.509,-95.09,0.02,1,null,null,null,null,null,null,-9.091,null,null,-8.826,-94.336,-149.577,-150.295,null,null,null,null,null,null,null,null,null,CTSPAMFJBXKSOY,null,TRND,NUlEbMLzHWKhYTKaeW,null,null,null,null,null,null,null,null,null,519-23-3,null,null,null,0,4,0,null,null,173031,0 0 0 0,1,1,2025-06-17 15:29:19,null,null,null,null,null,null,null,364788931,activity,null,HTS,2.935746,-8.826,-20.887,-87.083,-94.336,null,null,null,null,null,null,null,null,null,null,null,null,null,null,null,null,null,null,null,null,null,278939501
TRND-Glioblastoma_LOPAC_H4-primary_screen2,NCGC00025212-33,activity,2.818383,-1.1,-95.483,-1.1,-108.966,1.692,C[C@]12[C@@H]3CC[C@@H](O3)[C@@]1(C)C(=O)OC2=O,C7632,Cantharidin,SIGMA,2021_LOPAC_01,null,null,null,-5.55,null,null,null,null,null,null,null,104.424,-97.966,0.017,1,null,null,null,null,null,null,11,null,null,8.94,-95.483,-88.773,-88.727,null,null,null,null,null,null,null,null,null,DHZBEENLJMYSHQ,null,TRND,OSstLqmyOyGadGVFia,null,Protein Phosphatase 2A inhibitor,null,null,null,null,null,null,null,56-25-7,PPP2CA,null,null,0,4,0,null,null,173031,0 0 0 0,1,1,2025-06-17 15:29:19,null,null,null,null,null,null,null,364785691,activity,null,HTS,2.888398,8.94,-12.558,-78.099,-95.483,null,null,null,null,null,null,null,null,null,null,null,null,null,null,null,null,null,null,null,null,null,278939164
TRND-Glioblastoma_LOPAC_H4-primary_screen2,NCGC00095192-16,activity,3.162278,-1.1,-96.175,-1.1,-106.367,4.449,CCCCCNC(=N)N\N=C\C1=CNC2=C1C=C(OC)C=C2,SML1504,Tegaserod maleate,SIGMA,2021_LOPAC_01,null,null,null,-5.5,null,null,null,null,null,null,null,105.464,-96.367,0.026,1,null,null,null,null,null,null,10,null,null,9.29,-96.175,-85.101,-82.261,null,null,null,null,null,null,null,null,null,IKBKZGMPCYNSLU,null,TRND,AloFaBPDVZcwmUpyRd,null,null,null,null,null,null,null,null,null,145158-71-0,null,null,null,0,4,0,null,null,173031,0 0 0 0,1,1,2025-06-17 15:29:19,null,null,null,null,null,null,null,364786199,activity,null,HTS,3.21635,8.501,9.29,-92.415,-96.175,null,null,null,null,null,null,null,null,null,null,null,null,null,null,null,null,null,null,null,null,null,278938832
TRND-Glioblastoma_LOPAC_H4-primary_screen2,NCGC00185850-24,activity,3.162278,-1.1,-94.269,-1.1,-107.504,4.955,COC1=C(OC)C=C2C(NC3CCN(CC4=CC=CC=C4)CC3)=NC(=NC2=C1)N5CCCN(C)CC5,B9311,BIx 01294 trihydrochloride hydrate,SIGMA,2021_LOPAC_01,null,null,null,-5.5,null,null,null,null,null,null,null,106.944,-96.504,0.046,0.999,null,null,null,null,null,null,11,null,null,11.206,-95.738,-83.294,-79.199,null,null,null,null,null,null,null,null,null,OSXFATOLZGZLSK,null,TRND,FyKRWoocezLbhWRFeB,null,DNA Methyltransferase (DNMT) inhibitor,null,null,CL,null,null,null,null,null,DNMT1,null,null,0,4,0,null,null,173031,0 0 0 0,1,1,2025-06-17 15:29:19,null,null,null,null,null,null,null,364785847,activity,null,HTS,3.208879,9.146,11.206,-95.738,-94.269,null,null,null,null,null,null,null,null,null,null,null,null,null,null,null,null,null,null,null,null,null,278938892
TRND-Glioblastoma_LOPAC_H4-primary_screen2,NCGC00386697-06,activity,0.316228,-1.1,-95.992,-1.2,-60.084,1.967,COC1=CC(=CC=C1)C2=CC(NCC3=CC=C4OCOC4=C3)=NC(N)=N2,SML0698,CID 11210285 hydrochloride,SIGMA,2021_LOPAC_01,null,null,null,-6.5,null,null,null,null,null,null,null,35.35,-95.608,0.027,1,null,null,null,null,null,null,-35.524,null,null,-60.642,-95.992,-349.541,-349.681,null,null,null,null,null,null,null,null,null,FABQUVYDAXWUQP,null,TRND,AoPafKpcHqicbeQAKM,null,null,null,null,CL,null,null,null,null,null,null,null,null,0,4,0,null,null,173031,0 0 0 0,1,1,2025-06-17 15:29:19,null,null,null,null,null,null,null,364785851,activity,null,HTS,0.331357,-60.642,-92.093,-94.997,-95.992,null,null,null,null,null,null,null,null,null,null,null,null,null,null,null,null,null,null,null,null,null,278938960
TRND-Glioblastoma_LOPAC_H4-primary_screen2,NCGC00159322-22,activity,0.891251,-1.1,-86.597,-1.2,-72.393,1.626,[H][C@]1(CO)O[C@@]2([H])N3C=CC(=N)N=C3O[C@@]2([H])[C@]1([H])O,A8598,Ancitabine hydrochloride,SIGMA,2021_LOPAC_01,null,null,null,-6.05,null,null,null,null,null,null,null,63.799,-86.251,0.022,1,null,null,null,null,null,null,-13.858,null,null,-22.798,-86.597,-209.885,-209.898,null,null,null,null,null,null,null,null,null,BBDAGFIXKZCXAH,null,TRND,EuHTCXHIJfEaPVCOqS,null,DNA-Directed DNA Polymerase inhibitor,null,null,CL,null,null,null,null,10212-25-6,POLB,null,null,0,4,0,null,null,173031,0 0 0 0,1,1,2025-06-17 15:29:19,null,null,null,null,null,null,null,364789111,activity,null,HTS,1.086157,-22.798,-61.647,-82.96,-86.597,null,null,null,null,null,null,null,null,null,null,null,null,null,null,null,null,null,null,null,null,null,278938601
TRND-Glioblastoma_LOPAC_H4-primary_screen2,NCGC00017358-24,activity,1,-1.1,-91.603,-1.2,-68.507,3.929,[H][C@@]12COC3=C(C=C(OC)C(OC)=C3)[C@]1([H])C(=O)C4=C(O2)C5=C(O[C@H](C5)C(C)=C)C=C4,R8875,Rotenone,SIGMA,2021_LOPAC_01,null,null,null,-6,null,null,null,null,null,null,null,68.953,-90.687,0.022,1,null,null,null,null,null,null,-22.18,null,null,-22.65,-91.603,-225.817,-225.271,null,null,null,null,null,null,null,null,null,JUVIOZPCNVVQFO,null,TRND,MWNvwiRUwzNOpGeSRO,null,NADH-Ubiquinone Oxidoreductase (Complex I) inhibitor,null,null,null,null,null,null,null,83-79-4,NDUFS7,null,null,0,4,0,null,null,173031,0 0 0 0,1,1,2025-06-17 15:29:19,null,null,null,null,null,null,null,364789915,activity,null,HTS,1.053852,-22.65,-73.917,-90.306,-91.603,null,null,null,null,null,null,null,null,null,null,null,null,null,null,null,null,null,null,null,null,null,278939490
TRND-Glioblastoma_LOPAC_H4-primary_screen2,NCGC00093356-34,activity,1,-1.1,-87.235,-1.2,-63.093,2.121,NC1=NC(=O)N(C=C1)[C@@H]2O[C@H](CO)[C@@H](O)[C@@H]2O,C6645,Cytosine-1-beta-D-arabinofuranoside hydrochloride,SIGMA,2021_LOPAC_01,null,null,null,-6,null,null,null,null,null,null,null,59.471,-87.409,0.009,1,null,null,null,null,null,null,-24.316,null,null,-27.763,-87.235,-228.981,-229.299,null,null,null,null,null,null,null,null,null,UHDGCWIWMRVCDJ,null,TRND,cUvHQHzIhXrPPYtIze,null,DNA-Directed DNA Polymerase inhibitor,null,null,CL,null,null,null,null,69-74-9,POLB,null,null,0,4,0,null,null,173031,0 0 0 0,1,1,2025-06-17 15:29:19,null,null,null,null,null,null,null,364790135,activity,null,HTS,1.14657,-27.763,-65.156,-86.578,-87.235,null,null,null,null,null,null,null,null,null,null,null,null,null,null,null,null,null,null,null,null,null,278939027
TRND-Glioblastoma_LOPAC_H4-primary_screen2,NCGC00690016-01,activity,0.794328,-1.1,-94.122,-1.3,-104.357,4.095,O=C(NCCC1=NC=CS1)C2=CC3=CC=CC(SSC4=C5N=CC(=CC5=CC=C4)C(=O)NCCC6=NC=CS6)=C3N=C2,SML1995,Capzimin dimer,SIGMA,2021_LOPAC_01,null,null,null,-6.1,null,null,null,null,null,null,null,106.945,-90.357,0.084,0.996,null,null,null,null,null,null,14,null,null,12.823,-94.122,-129.394,-130.378,null,null,null,null,null,null,null,null,null,RNEOHKZPZKEZCQ,null,TRND,WgciEjOGtaILBZbhWh,null,null,null,null,null,null,null,null,null,null,null,null,null,0,4,0,null,null,173031,0 0 0 0,1,1,2025-06-17 15:29:19,null,null,null,null,null,null,null,364786947,activity,null,HTS,0.836996,12.823,-79.165,-86.058,-94.122,null,null,null,null,null,null,null,null,null,null,null,null,null,null,null,null,null,null,null,null,null,278939188
TRND-Glioblastoma_LOPAC_H4-primary_screen2,NCGC00015334-17,activity,0.794328,-1.1,-93.852,-1.3,-97.28,0.7,[I+]1C2=C(C=CC=C2)C3=C1C=CC=C3,D2926,Diphenyleneiodonium chloride,SIGMA,2021_LOPAC_01,null,null,null,-6.1,null,null,null,null,null,null,null,62.798,-98.545,0.137,0.988,null,null,null,null,null,null,-1.265,null,null,-31.054,-93.852,-232.466,-235.001,null,null,null,null,null,null,null,null,null,QFXKXRXFBRLLPQ,null,TRND,KOFTZFBgUmsHKiFnKk,null,null,null,null,CL,null,null,null,null,4673-26-1,null,null,null,0,4,0,null,null,173031,0 0 0 0,1,1,2025-06-17 15:29:19,null,null,null,null,null,null,null,364787911,activity,null,HTS,0.828568,-31.054,-61.473,-77.207,-93.852,null,null,null,null,null,null,null,null,null,null,null,null,null,null,null,null,null,null,null,null,null,278939229
TRND-Glioblastoma_LOPAC_H4-primary_screen2,NCGC00094082-20,activity,0.891251,-1.1,-88.582,-1.3,-81.591,2.638,[H][C@@]12CC[C@H](O)[C@@]1(C)CC[C@]3([H])C4=CC(OC)=C(O)C=C4CC[C@@]23[H],M6383,2-methoxyestradiol,SIGMA,2021_LOPAC_01,null,null,null,-6.05,null,null,null,null,null,null,null,82.401,-84.507,0.103,0.993,null,null,null,null,null,null,-2.917,null,null,-6.181,-88.582,-164.063,-164.711,null,null,null,null,null,null,null,null,null,CQOQDQWUFQDJMK,null,TRND,yXuxQHMORuxLfpouKF,null,Hypoxia-inducible factor 1-alpha inhibitor,null,null,null,null,null,null,null,362-07-2,HIF1A,null,null,0,4,0,null,null,173031,0 0 0 0,1,1,2025-06-17 15:29:19,null,null,null,null,null,null,null,364786187,activity,null,HTS,1.025755,-6.181,-62.644,-80.893,-88.582,null,null,null,null,null,null,null,null,null,null,null,null,null,null,null,null,null,null,null,null,null,278938978
TRND-Glioblastoma_LOPAC_H4-primary_screen2,NCGC00482764-04,activity,1,-1.1,-91.672,-1.3,-92.867,1.134,COC1=C(OC)C=C2C(=C1)C=[N+](C)C3=C2C=CC4=CC5=C(OCO5)C=C34,SML0610,Nitidine chloride,SIGMA,2021_LOPAC_01,null,null,null,-6,null,null,null,null,null,null,null,76.724,-91.305,0.085,0.995,null,null,null,null,null,null,1.562,null,null,-14.948,-91.672,-182.67,-183.515,null,null,null,null,null,null,null,null,null,KKMPSGJPCCJYRV,null,TRND,menlbWLxywmAvZLMKW,null,null,null,null,CL,null,null,null,null,null,null,null,null,0,4,0,null,null,173031,0 0 0 0,1,1,2025-06-17 15:29:19,null,null,null,null,null,null,null,364789427,activity,null,HTS,1.183472,-14.948,-54.148,-78.875,-91.672,null,null,null,null,null,null,null,null,null,null,null,null,null,null,null,null,null,null,null,null,null,278939373
TRND-Glioblastoma_LOPAC_H4-primary_screen2,NCGC00015693-31,activity,1.412538,-1.1,-96.254,-1.3,-51.267,1.464,OCCNCCNC1=CC=C(NCCNCCO)C2=C1C(=O)C3=C(C2=O)C(O)=CC=C3O,M6545,Mitoxantrone,SIGMA,2021_LOPAC_01,null,null,null,-5.85,null,null,null,null,null,null,null,44.771,-97.601,0.067,0.997,null,null,null,null,null,null,-46.334,null,null,-51.482,-96.254,-308.95,-305.454,null,null,null,null,null,null,null,null,null,KKZJGLLVHKMTCM,null,TRND,uzMeEvvOeMGvMSjLxH,null,DNA Topoisomerase II inhibitor,null,null,HCL,null,null,null,null,70476-82-3,TOP2A,null,null,0,4,0,null,null,173031,0 0 0 0,1,1,2025-06-17 15:29:19,null,null,null,null,null,null,null,364788743,activity,null,HTS,1.460775,-51.482,-70.997,-94.188,-96.254,null,null,null,null,null,null,null,null,null,null,null,null,null,null,null,null,null,null,null,null,null,278939076
TRND-Glioblastoma_LOPAC_H4-primary_screen2,NCGC00025064-18,activity,1.778279,-1.1,-78.018,-1.3,-68.923,4.955,[H][C@@]1(O[C@@]2(CC[C@@H](C)[C@@H](CC3=NC4=C(O3)C=CC(NC)=C4C(O)=O)O2)[C@H](C)C[C@H]1C)[C@H](C)C(=O)C5=CC=CN5,C7522,Calcimycin,SIGMA,2021_LOPAC_01,null,null,null,-5.75,null,null,null,null,null,null,null,77.339,-85.886,0.216,0.97,null,null,null,null,null,null,-16.962,null,null,-16.219,-93.557,-172.948,-173.313,null,null,null,null,null,null,null,null,null,HIYAVKIYRIFSCZ,null,TRND,vELzEVKAwDUEQpvsJF,null,null,null,null,null,null,null,null,null,52665-69-7,null,null,null,0,4,0,null,null,173031,0 0 0 0,1,1,2025-06-17 15:29:19,null,null,null,null,null,null,null,364790151,activity,null,HTS,1.901394,-16.219,-30.769,-93.557,-78.018,null,null,null,null,null,null,null,null,null,null,null,null,null,null,null,null,null,null,null,null,null,278938628
TRND-Glioblastoma_LOPAC_H4-primary_screen2,NCGC00160391-14,activity,1.995262,-1.1,-93.771,-1.3,-98.521,2.253,CCP(CC)(CC)=[Au]S[C@@H]1O[C@H](COC(C)=O)[C@@H](OC(C)=O)[C@H](OC(C)=O)[C@H]1OC(C)=O,A6733,Auranofin,SIGMA,2021_LOPAC_01,null,null,null,-5.7,null,null,null,null,null,null,null,100.051,-94.521,0.052,0.998,null,null,null,null,null,null,4,null,null,6.279,-93.771,-111.254,-120.158,null,null,null,null,null,null,null,null,null,AUJRCFUBUPVWSZ,null,TRND,YerqWJpPCqMBfbNOrT,null,Thioredoxin Reductase inhibitor,null,null,null,null,null,null,null,[NO STEREO] 34031-32-8,TXNRD1,null,null,0,4,0,null,null,173031,0 0 0 0,1,1,2025-06-17 15:29:19,null,null,null,null,null,null,null,364785503,activity,null,HTS,2.10075,6.279,-24.773,-88.768,-93.771,null,null,null,null,null,null,null,null,null,null,null,null,null,null,null,null,null,null,null,null,null,278939035
TRND-Glioblastoma_LOPAC_H4-primary_screen2,NCGC00346525-11,activity,1.995262,-1.1,-93.417,-1.3,-98.671,1.21,CCN1CCN(CC1)C(=O)CC2=CC=C(NC3=NC(NC4=CC=C(C=C4)C(=O)NC5=CC=CC=C5Cl)=C(F)C=N3)C=C2,SML0882,Aurora-A Inhibitor I,SIGMA,2021_LOPAC_01,null,null,null,-5.7,null,null,null,null,null,null,null,91.238,-95.285,0.072,0.997,null,null,null,null,null,null,3.386,null,null,-2.178,-93.417,-132.434,-138.557,null,null,null,null,null,null,null,null,null,AKSIZPIFQAYJGF,null,TRND,zCpuAlKiTrCvDgnApk,null,Aurora kinase A inhibitor,null,null,null,null,null,null,null,null,AURKA,null,null,0,4,0,null,null,173031,0 0 0 0,1,1,2025-06-17 15:29:19,null,null,null,null,null,null,null,364786619,activity,null,HTS,2.165467,-2.178,-36.038,-74.5,-93.417,null,null,null,null,null,null,null,null,null,null,null,null,null,null,null,null,null,null,null,null,null,278938699
TRND-Glioblastoma_LOPAC_H4-primary_screen2,NCGC00690005-01,activity,2.238721,-1.1,-93.13,-1.3,-93.487,2.72,CCCCCCNC1=NC(NC2CCN(C)CC2)=C3C=C(OC)C(OC)=CC3=N1,SML2174,MS012,SIGMA,2021_LOPAC_01,null,null,null,-5.65,null,null,null,null,null,null,null,91.095,-95.351,0.054,0.998,null,null,null,null,null,null,-1.863,null,null,-2.386,-93.481,-134.48,-133.601,null,null,null,null,null,null,null,null,null,ZYNUWSFRZCRKSN,null,TRND,tzEqVgDEmQVfLJcuoH,null,null,null,null,null,null,null,null,null,null,null,null,null,0,4,0,null,null,173031,0 0 0 0,1,1,2025-06-17 15:29:19,null,null,null,null,null,null,null,364787027,activity,null,HTS,2.320504,-2.386,-19.362,-93.481,-93.13,null,null,null,null,null,null,null,null,null,null,null,null,null,null,null,null,null,null,null,null,null,278939403
TRND-Glioblastoma_LOPAC_H4-primary_screen2,NCGC00016016-30,activity,4.466836,-1.1,-89.201,-1.3,-102.414,3.929,NC1=NC(N)=C2N=C(C3=CC=CC=C3)C(N)=NC2=N1,T4143,Triamterene,SIGMA,2021_LOPAC_01,null,null,null,-5.35,null,null,null,null,null,null,null,104.512,-89.914,0.068,0.997,null,null,null,null,null,null,12.5,null,null,15.311,-89.201,-61.732,-55.033,null,null,null,null,null,null,null,null,null,FNYLWPVRPXGIIP,null,TRND,IzQbkDkLrJNkrGLsbx,null,null,null,null,null,null,null,null,null,396-01-0,null,null,null,0,4,0,null,null,173031,0 0 0 0,1,1,2025-06-17 15:29:19,null,null,null,null,null,null,null,364790291,activity,null,HTS,4.730415,9.234,15.311,-73.17,-89.201,null,null,null,null,null,null,null,null,null,null,null,null,null,null,null,null,null,null,null,null,null,278938732
TRND-Glioblastoma_LOPAC_H4-primary_screen2,NCGC00346461-08,activity,5.011872,-1.1,-93.385,-1.3,-92.012,3.929,NC1=NC=NC2=C1C(=CN2[C@@H]3C[C@H](CN4CCC4)C3)C5=CC(OCC6=CC=CC=C6)=CC=C5,SML1973,NVP-AEW541,SIGMA,2021_LOPAC_01,null,null,null,-5.3,null,null,null,null,null,null,null,98.259,-93.012,0.141,0.988,null,null,null,null,null,null,-1,null,null,4.874,-93.385,-116.147,-101.941,null,null,null,null,null,null,null,null,null,AECDBHGVIIRMOI,null,TRND,rZmWUuhHAmRLxLFiEy,null,Insulin-like growth factor 1 receptor inhibitor,null,null,null,null,null,null,null,[NO STEREO] 475488-34-7,IGF1R,null,null,0,4,0,null,null,173031,0 0 0 0,1,1,2025-06-17 15:29:19,null,null,null,null,null,null,null,364787507,activity,null,HTS,5.207626,-7.642,4.874,-70.434,-93.385,null,null,null,null,null,null,null,null,null,null,null,null,null,null,null,null,null,null,null,null,null,278939463
TRND-Glioblastoma_LOPAC_H4-primary_screen2,NCGC00499183-02,activity,0.891251,-1.1,-86.12,-1.4,-78.745,2.353,CN1C2=C(SC=C2)C(=O)N(C)C3=CN=C(NC4=CC=C(C=C4)[S+](N)([O-])=O)N=C13,SML2233,xMU-MP-1 hydrochloride,SIGMA,2021_LOPAC_01,null,null,null,-6.05,null,null,null,null,null,null,null,82.137,-78.025,0.224,0.968,null,null,null,null,null,null,0.72,null,null,-3.983,-86.12,-143.761,-144.286,null,null,null,null,null,null,null,null,null,SSSPGXNPWSVCTL,null,TRND,BvDtkQwQXOVTBbPJar,null,Serine/threonine-protein kinase 4 inhibitor,null,null,null,null,null,null,null,null,STK4,null,null,0,4,0,null,null,173031,0 0 0 0,1,1,2025-06-17 15:29:19,null,null,null,null,null,null,null,364787395,activity,null,HTS,1.139853,-3.983,-55.239,-69.833,-86.12,null,null,null,null,null,null,null,null,null,null,null,null,null,null,null,null,null,null,null,null,null,278939621
TRND-Glioblastoma_LOPAC_H4-primary_screen2,NCGC00024379-36,activity,0.112202,-1.1,-95.202,5,-50.94,1.21,CC[C@H]1CN2CCC3=CC(OC)=C(OC)C=C3[C@@H]2C[C@@H]1C[C@H]4NCCC5=CC(OC)=C(OC)C=C45,E2375,Emetine dihydrochloride hydrate,SIGMA,2021_LOPAC_01,null,null,null,-6.95,null,null,null,null,null,null,null,13.7,-94.742,0.078,0.996,null,null,null,null,null,null,-43.802,null,null,-81.502,-95.202,-406.38,-406.537,null,null,null,null,null,null,null,null,null,AUVVAXYIELKVAI,null,TRND,OyDVkxFWIaUNDGrvJx,null,Anti-parasitic,null,null,CL,null,null,null,null,null,null,null,null,0,4,0,null,null,173031,0 0 0 0,1,1,2025-06-17 15:29:19,null,null,null,null,null,null,null,364788603,activity,null,HTS,null,-81.502,-92.215,-93.966,-95.202,null,null,null,null,null,null,null,null,null,null,null,null,null,null,null,null,null,null,null,null,null,278939210
TRND-Glioblastoma_LOPAC_H4-primary_screen2,NCGC00025125-35,activity,0.251189,-1.1,-91.573,5,-42.74,2.253,[H][C@@]1(CCC2=CC(OC)=C(OC)C(OC)=C2C3=CC=C(OC)C(=O)C=C13)NC(C)=O,C9754,Colchicine,SIGMA,2021_LOPAC_01,null,null,null,-6.6,null,null,null,null,null,null,null,20.301,-93.052,0.124,0.99,null,null,null,null,null,null,-50.312,null,null,-73.124,-93.425,-381.175,-381.311,null,null,null,null,null,null,null,null,null,IAKHMKGGTNLKSZ,null,TRND,IxWCMwFIJFnLJPfCyU,null,Tubulin polymerization inhibitor,null,null,null,null,null,null,null,64-86-8,TUBB,null,null,0,4,0,null,null,173031,0 0 0 0,1,1,2025-06-17 15:29:19,null,null,null,null,null,null,null,364789559,activity,null,HTS,null,-73.124,-92.689,-93.425,-91.573,null,null,null,null,null,null,null,null,null,null,null,null,null,null,null,null,null,null,null,null,null,278939227
TRND-Glioblastoma_LOPAC_H4-primary_screen2,NCGC00015647-36,activity,0.316228,-1.1,-92.827,5,-7.245,4.045,COC(=O)NC1=NC2=C(N1)C=CC(=C2)C(=O)C3=CC=CS3,M1404,Nocodazole,SIGMA,2021_LOPAC_01,null,null,null,-6.5,null,null,null,null,null,null,null,5.204,-92.393,0.253,0.961,null,null,null,null,null,null,-85.148,null,null,-87.623,-92.827,-420.816,-420.77,null,null,null,null,null,null,null,null,null,KYRVNWMVYQXFEU,null,TRND,xiXnOIfyUIynxhBhYq,null,Tubulin polymerization inhibitor,null,null,null,null,null,null,null,31430-18-9,TUBB,null,null,0,4,0,null,null,173031,0 0 0 0,1,1,2025-06-17 15:29:19,null,null,null,null,null,null,null,364786091,activity,null,HTS,null,-87.623,-92.621,-91.698,-92.827,null,null,null,null,null,null,null,null,null,null,null,null,null,null,null,null,null,null,null,null,null,278938719
TRND-Glioblastoma_LOPAC_H4-primary_screen2,NCGC00163700-23,activity,0.891251,-1.1,-94.102,5,-5.115,4.504,CC[C@]1(O)C[C@H]2CN(CCC3=C([NH]C4=C3C=CC=C4)[C@@](C2)(C(=O)OC)C5=CC6=C(C=C5OC)N(C=O)[C@H]7[C@](O)([C@H](OC(C)=O)[C@]8(CC)\C=C/CN9CC[C@]67[C@H]89)C(=O)OC)C1,V8879,Vincristine sulfate,SIGMA,2021_LOPAC_01,null,null,null,-6.05,null,null,null,null,null,null,null,5.513,-94.159,0.168,0.983,null,null,null,null,null,null,-89.044,null,null,-89.203,-94.716,-428.579,-427.81,null,null,null,null,null,null,null,null,null,OGWKCGZFUXNPDA,null,TRND,nSTRTkRYRcuFXUouZr,null,Tubulin polymerization inhibitor,null,null,SULFURIC_ACID,null,null,null,null,[NO STEREO] 57-22-7,TUBB,null,null,0,4,0,null,null,173031,0 0 0 0,1,1,2025-06-17 15:29:19,null,null,null,null,null,null,null,364785855,activity,null,HTS,null,-89.203,-93.477,-94.716,-94.102,null,null,null,null,null,null,null,null,null,null,null,null,null,null,null,null,null,null,null,null,null,278939104
TRND-Glioblastoma_LOPAC_H4-primary_screen2,NCGC00346571-09,activity,1.122018,-1.1,-95.662,5,-30.494,1.464,CC(C)[C@@H](N(CCCN)C(=O)C1=CC=C(C)C=C1)C2=C(CC3=CC=CC=C3)/C(=O)C4=C(O\2)C=C(Cl)C=C4,SML1121,SB743921 hydrochloride,SIGMA,2021_LOPAC_01,null,null,null,-5.95,null,null,null,null,null,null,null,26.61,-96.427,0.047,0.999,null,null,null,null,null,null,-65.933,null,null,-69.052,-95.662,-366.161,-366.79,null,null,null,null,null,null,null,null,null,PGXYIBJJCLWJST,null,TRND,QYLncgPZrMRkSPEGQM,null,Kinesin-Like Protein KIF11 inhibitor,null,null,CL,null,null,null,null,null,KIF11,null,null,0,4,0,null,null,173031,0 0 0 0,1,1,2025-06-17 15:29:19,null,null,null,null,null,null,null,364788651,activity,null,HTS,null,-69.052,-82.872,-94.853,-95.662,null,null,null,null,null,null,null,null,null,null,null,null,null,null,null,null,null,null,null,null,null,278939126
TRND-Glioblastoma_LOPAC_H4-primary_screen2,NCGC00263216-15,activity,1.412538,-1.1,-94.724,5,-26.815,1.331,NC1=NC=C(C=C1)C2=CC=C3N=CC4=C(N(C(=O)\C=C/4)C5=CC(=CC=C5)C(F)(F)F)C3=C2,SML1224,Torin2,SIGMA,2021_LOPAC_01,null,null,null,-5.85,null,null,null,null,null,null,null,23.482,-95.482,0.038,0.999,null,null,null,null,null,null,-68.668,null,null,-71.243,-94.724,-368.985,-369.501,null,null,null,null,null,null,null,null,null,GUXXEUUYCAYESJ,null,TRND,FIwCyeOLcPwXySgNju,null,mTOR Complex 1 (mTORC1) inhibitor,null,null,null,null,null,null,null,GRT00167,MTOR,null,null,0,4,0,null,null,173031,0 0 0 0,1,1,2025-06-17 15:29:19,null,null,null,null,null,null,null,364785667,activity,null,HTS,null,-71.243,-81.147,-92.624,-94.724,null,null,null,null,null,null,null,null,null,null,null,null,null,null,null,null,null,null,null,null,null,278939222
TRND-Glioblastoma_LOPAC_H4-primary_screen2,NCGC00015382-10,activity,1.258925,-1.2,-75.99,-1.2,-71.486,1.344,CCN1C(=O)NC2=CC(Cl)=C(Cl)C=C12,D9190,DCEBIO,SIGMA,2021_LOPAC_01,null,null,null,-5.9,null,null,null,null,null,null,null,62.954,-76.629,0.014,1,null,null,null,null,null,null,-5.143,null,null,-13.036,-75.99,-154.767,-154.315,null,null,null,null,null,null,null,null,null,LKHRMULASXZCLG,null,TRND,oMqjNYgnWZFvCiwRbg,null,null,null,null,null,null,null,null,null,null,null,null,null,0,4,0,null,null,173031,0 0 0 0,1,1,2025-06-17 15:29:19,null,null,null,null,null,null,null,364787231,activity,null,HTS,2.011598,-13.036,-42.703,-69.788,-75.99,null,null,null,null,null,null,null,null,null,null,null,null,null,null,null,null,null,null,null,null,null,278938909
TRND-Glioblastoma_LOPAC_H4-primary_screen2,NCGC00420698-05,activity,3.162278,-1.2,-39.016,-1.2,-40.298,1.478,O=C(CC1=CC=CC=C1)NC2=NN=C(CCSCCC3=NN=C(NC(=O)CC4=CC=CC=C4)S3)S2,SML0601,BPTES,SIGMA,2021_LOPAC_01,null,null,null,-5.5,null,null,null,null,null,null,null,37.616,-40.478,0.018,1,null,null,null,null,null,null,-0.18,null,null,-1.4,-39.016,-52.019,-51.506,null,null,null,null,null,null,null,null,null,MDJIPXYRSZHCFS,null,TRND,kTffcagdZagbDESDVD,null,Glutaminase inhibitor,null,null,null,null,null,null,null,null,GLS,null,null,0,4,0,null,null,173031,0 0 0 0,1,1,2025-06-17 15:29:19,null,null,null,null,null,null,null,364788619,activity,null,HTS,null,-1.4,-8.808,-30.699,-39.016,null,null,null,null,null,null,null,null,null,null,null,null,null,null,null,null,null,null,null,null,null,278939711
TRND-Glioblastoma_LOPAC_H4-primary_screen2,NCGC00344588-18,activity,0.891251,-1.2,-55.421,-1.4,-51.209,1.858,COC1=CC2=C(C=C1C3=C(C)ON=C3C)N=CC4=C2N([C@H](C)C5=CC=CC=N5)C(=O)N4,SML0666,GSK1210151A,SIGMA,2021_LOPAC_01,null,null,null,-6.05,null,null,null,null,null,null,null,55.009,-47.704,0.339,0.922,null,null,null,null,null,null,3.505,null,null,-0.412,-55.421,-79.355,-83.332,null,null,null,null,null,null,null,null,null,VUVUVNZRUGEAHB,null,TRND,vFjNnhSAqZnJoTWxHO,null,Bromodomain-Containing Protein 2 (Brd2) inhibitor,null,null,null,null,null,null,null,null,BRD2,null,null,0,4,0,null,null,173031,0 0 0 0,1,1,2025-06-17 15:29:19,null,null,null,null,null,null,null,364785703,activity,null,HTS,null,-0.412,-31.603,-38.599,-55.421,null,null,null,null,null,null,null,null,null,null,null,null,null,null,null,null,null,null,null,null,null,278939048
TRND-Glioblastoma_LOPAC_H4-primary_screen2,NCGC00480786-06,activity,1,-1.2,-58.857,-1.4,-43.488,4.955,CC1=C(N=C2C=CC(F)=CC2=C1C(O)=O)C3=CC=C(C=C3)C4=CC=CC=C4F,SML0113,BRequinar sodium salt hydrate,SIGMA,2021_LOPAC_01,null,null,null,-6,null,null,null,null,null,null,null,44.902,-60.046,0.07,0.997,null,null,null,null,null,null,-16.557,null,null,-16.714,-61.616,-156.373,-155.686,null,null,null,null,null,null,null,null,null,PHEZJEYUWHETKO,null,TRND,UgrYHSfuKDkspNFUMn,null,Dihydroorotate Dehydrogenase inhibitor,null,null,SODIUM,null,null,null,null,96187-53-0,DHODH,null,null,0,4,0,null,null,173031,0 0 0 0,1,1,2025-06-17 15:29:19,null,null,null,null,null,null,null,364786683,activity,null,HTS,1.382507,-16.714,-51.459,-61.616,-58.857,null,null,null,null,null,null,null,null,null,null,null,null,null,null,null,null,null,null,null,null,null,278939282
TRND-Glioblastoma_LOPAC_H4-primary_screen2,NCGC00179504-36,activity,1.122018,-1.2,-60.103,-1.4,-42.192,2.72,COc1cc(cc(OC)c1O)[C@H]2[C@@H]3[C@H](COC3=O)[C@H](O[C@@H]4O[C@@H]5CO[C@@H](C)O[C@H]5[C@H](O)[C@H]4O)c6cc7OCOc7cc26,E1383,Etoposide,SIGMA,2021_LOPAC_01,null,null,null,-5.95,null,null,null,null,null,null,null,44.159,-62.687,0.14,0.988,null,null,null,null,null,null,-20.494,null,null,-20.828,-64.988,-167.839,-168.158,null,null,null,null,null,null,null,null,null,VJJPUSNTGOMMGY,null,TRND,wKpfyEsjUzvPrWPvPM,null,DNA Topoisomerase II inhibitor,null,null,null,null,null,null,null,null,TOP2A,null,null,0,4,0,null,null,173031,0 0 0 0,1,1,2025-06-17 15:29:19,null,null,null,null,null,null,null,364786047,activity,null,HTS,1.857644,-20.828,-47.216,-64.988,-60.103,null,null,null,null,null,null,null,null,null,null,null,null,null,null,null,null,null,null,null,null,null,278939615
TRND-Glioblastoma_LOPAC_H4-primary_screen2,NCGC00016000-32,activity,3.548134,-1.2,-79.119,-1.4,-81.695,4.955,CCN(CC)C(=S)SSC(=S)N(CC)CC,T1132,Tetraethylthiuram disulfide,SIGMA,2021_LOPAC_01,null,null,null,-5.45,null,null,null,null,null,null,null,84.178,-80.695,0.11,0.992,null,null,null,null,null,null,1,null,null,5.059,-79.119,-103.313,-93.416,null,null,null,null,null,null,null,null,null,AUZONCFQVSMFAP,null,TRND,wIPVviYAjmkUleJKXF,null,Aldehyde Dehydrogenase-2 inhibitor,null,null,null,null,null,null,null,97-77-8,ALDH2,null,null,0,4,0,null,null,173031,0 0 0 0,1,1,2025-06-17 15:29:19,null,null,null,null,null,null,null,364788339,activity,null,HTS,3.915303,-3.659,5.059,-78.799,-79.119,null,null,null,null,null,null,null,null,null,null,null,null,null,null,null,null,null,null,null,null,null,278938692
TRND-Glioblastoma_LOPAC_H4-primary_screen2,NCGC00093644-13,activity,0.281838,-1.2,-68.798,5,-54.817,1.01,COC1=C(NC2=C3C=CC=CC3=NC4=C2C=CC=C4)C=CC(N[S+](C)([O-])=O)=C1,A9809,Amsacrine hydrochloride,SIGMA,2021_LOPAC_01,null,null,null,-6.55,null,null,null,null,null,null,null,29.937,-67.302,0.22,0.969,null,null,null,null,null,null,-12.485,null,null,-38.861,-68.798,-228.601,-229.757,null,null,null,null,null,null,null,null,null,KNMOYMMIMPXERW,null,TRND,dhQRIcmyIgWTIRMtaQ,null,DNA Intercalating Drug,null,null,HCL,null,null,null,null,GRT00154,H2AX,null,null,0,4,0,null,null,173031,0 0 0 0,1,1,2025-06-17 15:29:19,null,null,null,null,null,null,null,364789783,activity,null,HTS,null,-38.861,-59.044,-61.962,-68.798,null,null,null,null,null,null,null,null,null,null,null,null,null,null,null,null,null,null,null,null,null,278938600
TRND-Glioblastoma_LOPAC_H4-primary_screen2,NCGC00485411-03,activity,0.025119,-1.3,-94.156,5,3.433,0.6,COC1=C(OC)C(OC)=C2C(CC[C@H](NC(C)=O)C3=CC(=O)C(SC)=CC=C23)=C1,SML0954,Thiocolchicine,SIGMA,2021_LOPAC_01,null,null,null,-7.6,null,null,null,null,null,null,null,0.89,-93.819,0.729,0.808,null,null,null,null,null,null,-97.252,null,null,-93.543,-94.433,-442.882,-443.019,null,null,null,null,null,null,null,null,null,CMEGANPVAXDBPL,null,TRND,IxWCMwrPcdYoNcFjDQ,null,null,null,null,null,null,null,null,null,2730-71-4,null,null,null,0,4,0,null,null,173031,0 0 0 0,1,1,2025-06-17 15:29:19,null,null,null,null,null,null,null,364789951,activity,null,HTS,null,-94.433,-94.308,-93.543,-94.156,null,null,null,null,null,null,null,null,null,null,null,null,null,null,null,null,null,null,null,null,null,278939006
TRND-Glioblastoma_LOPAC_H4-primary_screen2,NCGC00014925-29,activity,0.281838,-1.3,-87.23,5,-25.429,4.449,CC[C@@]1(O)C(=O)OCC2=C1C=C3N(CC4=CC5=C(C=CC(O)=C5CN(C)C)N=C34)C2=O,T2705,Topotecan hydrochloride hydrate,SIGMA,2021_LOPAC_01,null,null,null,-6.55,null,null,null,null,null,null,null,20.372,-81.124,0.698,0.486,null,null,null,null,null,null,-55.695,null,null,-66.858,-87.23,-339.993,-341.671,null,null,null,null,null,null,null,null,null,UCFGDBYHRUNTLO,null,TRND,thUwepgPlWGOEvATRH,null,DNA Topoisomerase I inhibitor,null,null,null,null,null,null,null,119413-54-6,TOP1,null,null,0,4,0,null,null,173031,0 0 0 0,1,1,2025-06-17 15:29:19,null,null,null,null,null,null,null,364787083,activity,null,HTS,null,-66.858,-84.574,-70.776,-87.23,null,null,null,null,null,null,null,null,null,null,null,null,null,null,null,null,null,null,null,null,null,278939689
TRND-Glioblastoma_LOPAC_H4-primary_screen2,NCGC00016994-30,activity,4.466836,-1.3,-93.46,5,-14.048,4.955,CC[C@@]1(O)C(=O)OCC2=C1C=C3N(CC4=C3N=C5C=CC=CC5=C4)C2=O,C9911,(S)-(+)-Camptothecin,SIGMA,2021_LOPAC_01,null,null,null,-5.35,null,null,null,null,null,null,null,19.206,-93.652,0.534,0.77,null,null,null,null,null,null,-79.604,null,null,-74.254,-93.46,-400.201,-390.105,null,null,null,null,null,null,null,null,null,VSJKWCGYPAHWDS,null,TRND,kePgFfHjapKUIhrAEM,null,DNA Topoisomerase I inhibitor,null,null,null,null,null,null,null,2114454,TOP1,null,null,0,4,0,null,null,173031,0 0 0 0,1,1,2025-06-17 15:29:19,null,null,null,null,null,null,null,364786695,activity,null,HTS,null,-84.59,-74.254,-92.132,-93.46,null,null,null,null,null,null,null,null,null,null,null,null,null,null,null,null,null,null,null,null,null,278939242
TRND-Glioblastoma_LOPAC_H4-primary_screen2,NCGC00180598-04,activity,1.412538,-1.4,-27.053,-1.4,-37.354,2.406,COC1=C(O)C=C(C=C1)\C2=C\C(=O)C3=C(O2)C=C(OC)C(=C3O)OC,E4660,Eupatorin,SIGMA,2021_LOPAC_01,null,null,null,-5.85,null,null,null,null,null,null,null,38.921,-30.354,0.192,0.976,null,null,null,null,null,null,7,null,null,6.126,-32.795,-27.178,-26.203,null,null,null,null,null,null,null,null,null,KLAOKWJLUQKWIF,null,TRND,HZDhpLwbFZKmqBRots,null,null,null,null,null,null,null,null,null,855-96-9,null,null,null,0,4,0,null,null,173031,0 0 0 0,1,1,2025-06-17 15:29:19,null,null,null,null,null,null,null,364790023,activity,null,HTS,null,6.126,-10.05,-32.795,-27.053,null,null,null,null,null,null,null,null,null,null,null,null,null,null,null,null,null,null,null,null,null,278939284
TRND-Glioblastoma_LOPAC_H4-primary_screen2,NCGC00162380-10,activity,1.584893,-1.4,-28.899,-1.4,-36.025,3.512,NC1=NC=NC2=C1C(NC3=CC=C(F)C=C3)=NN2,C0993,Wiskostatin,SIGMA,2021_LOPAC_01,null,null,null,-5.8,null,null,null,null,null,null,null,39.584,-32.025,0.188,0.978,null,null,null,null,null,null,4,null,null,4.376,-35.209,-32.893,-34.195,null,null,null,null,null,null,null,null,null,UQPMANVRZYYQMD,null,TRND,JufXVhKvgBNtjufFUj,null,null,null,null,null,null,null,null,null,null,null,null,null,0,4,0,null,null,173031,0 0 0 0,1,1,2025-06-17 15:29:19,null,null,null,null,null,null,null,364789019,activity,null,HTS,null,4.376,-7.474,-35.209,-28.899,null,null,null,null,null,null,null,null,null,null,null,null,null,null,null,null,null,null,null,null,null,278939326
TRND-Glioblastoma_LOPAC_H4-primary_screen2,NCGC00263099-09,activity,1.584893,-1.4,-38.097,-1.4,-48.906,2.333,COC1=C(OC)C=C2C(=C1)N=CN=C2N3N=C(N=C3N)C4=NC=CC=C4,SML1115,CP466722,SIGMA,2021_LOPAC_01,null,null,null,-5.8,null,null,null,null,null,null,null,56.585,-47.489,0.399,0.887,null,null,null,null,null,null,1.418,null,null,-0.069,-56.654,-71.074,-67.807,null,null,null,null,null,null,null,null,null,ILBRKJBKDGCSCB,null,TRND,VqhtkNJYouwFrgAfrg,null,ATM Kinase inhibitor,null,null,null,null,null,null,null,null,ATM,null,null,0,4,0,null,null,173031,0 0 0 0,1,1,2025-06-17 15:29:19,null,null,null,null,null,null,null,364787135,activity,null,HTS,null,-0.069,-16.081,-56.654,-38.097,null,null,null,null,null,null,null,null,null,null,null,null,null,null,null,null,null,null,null,null,null,278938556
TRND-Glioblastoma_LOPAC_H4-primary_screen2,NCGC00181016-21,activity,null,1.4,27.005,4,13,2.406,CC1=C(C=C2C(=C1)C(C)(C)CCC2(C)C)C(=C)C3=CC=C(C=C3)C(O)=O,SML0282,Bexarotene,SIGMA,2021_LOPAC_01,null,null,null,null,null,null,null,null,null,null,null,13.951,28.5,0.288,0.945,null,null,null,null,null,null,15.5,null,null,30.24,16.29,97.222,96.15,null,null,null,null,null,null,null,null,null,NAVMQTYZDKMPEU,null,TRND,tIxpPCXDxVQaYtABqM,null,Retinoic Acid Receptor RXR-alpha agonist,null,null,null,null,null,null,null,153559-49-0,RXRA,null,null,0,4,0,null,null,173031,0 0 0 0,1,1,2025-06-17 15:29:19,null,null,null,null,null,null,null,364787623,activity,null,HTS,null,16.29,23.858,30.24,27.005,null,null,null,null,null,null,null,null,null,null,null,null,null,null,null,null,null,null,null,null,null,278938873
TRND-Glioblastoma_LOPAC_H4-primary_screen2,NCGC00161408-09,activity,0.1,-1.4,-54.535,5,-44.769,0.9,ClC1=CC=C2NC3=NC(=O)CN3CC2=C1Cl,SML0846,Anagrelide hydrochloride,SIGMA,2021_LOPAC_01,null,null,null,-7,null,null,null,null,null,null,null,16.058,-51.942,0.513,0.793,null,null,null,null,null,null,-7.173,null,null,-38.477,-54.535,-202.826,-204.147,null,null,null,null,null,null,null,null,null,OTBXOEAOVRKTNQ,null,TRND,ocRYOSoOahDYQVSODU,null,Phosphodiesterase 3A inhibitor,null,null,CL,null,null,null,null,null,PDE3A,null,null,0,4,0,null,null,173031,0 0 0 0,1,1,2025-06-17 15:29:19,null,null,null,null,null,null,null,364790111,activity,null,HTS,null,-38.477,-49.611,-46.772,-54.535,null,null,null,null,null,null,null,null,null,null,null,null,null,null,null,null,null,null,null,null,null,278939780
TRND-Glioblastoma_LOPAC_H4-primary_screen2,NCGC00389591-09,activity,4.466836,-2.1,-96.871,-2.1,-118.039,1.344,CN1C2=CC3=CC=CC=C3C=C2C(=O)N(C)C4=C(C)N=C(NC5=CN(N=C5)C6CCNCC6)N=C14,SML1446,HTH-01-015 ,SIGMA,2021_LOPAC_01,null,null,null,-5.35,null,null,null,null,null,null,null,107.749,-104.039,0.009,1,null,null,null,null,null,null,14,null,null,10.878,-96.871,-66.591,-65.292,null,null,null,null,null,null,null,null,null,CHSDJDLAKKAWCI,null,TRND,aHePrqLrWpNUaQFFqY,null,null,null,null,null,null,null,null,null,null,null,null,null,0,4,0,null,null,173031,0 0 0 0,1,1,2025-06-17 15:29:19,null,null,null,null,null,null,null,364789363,activity,null,HTS,4.215917,10.878,-5.242,-60.337,-96.871,null,null,null,null,null,null,null,null,null,null,null,null,null,null,null,null,null,null,null,null,null,278938798
TRND-Glioblastoma_LOPAC_H4-primary_screen2,NCGC00015339-17,activity,4.466836,-2.1,-91.83,-2.1,-108.32,1.626,CC1=CC(N)=C2C=CC=CC2=[N+]1CCCCCCCCCC[N+]3=C4C=CC=CC4=C(N)C=C3C,D3768,Dequalinium chloride hydrate,SIGMA,2021_LOPAC_01,null,null,null,-5.35,null,null,null,null,null,null,null,103.166,-95.32,0.022,1,null,null,null,null,null,null,13,null,null,11.336,-91.83,-56.733,-55.878,null,null,null,null,null,null,null,null,null,PCSWXVJAIHCTMO,null,TRND,PuPAdbSzqvoCWAeNHU,null,null,null,null,CL,null,null,null,null,null,null,null,null,0,4,0,null,null,173031,0 0 0 0,1,1,2025-06-17 15:29:19,null,null,null,null,null,null,null,364786007,activity,null,HTS,4.74516,11.336,-0.088,-56.995,-91.83,null,null,null,null,null,null,null,null,null,null,null,null,null,null,null,null,null,null,null,null,null,278939552
TRND-Glioblastoma_LOPAC_H4-primary_screen2,NCGC00487318-03,activity,5.011872,-2.1,-91.72,-2.1,-105.004,2.188,[O-][N+](=O)C1=CC=C(O1)C(=O)NCC2=CC=CN=C2,SML0988,CCCI-01,SIGMA,2021_LOPAC_01,null,null,null,-5.3,null,null,null,null,null,null,null,102.451,-93.004,0.022,1,null,null,null,null,null,null,12,null,null,10.731,-91.72,-52.367,-50.077,null,null,null,null,null,null,null,null,null,OBZHOVWNZIVCCZ,null,TRND,zrgzcdExRcGFhQPTfa,null,null,null,null,null,null,null,null,null,null,null,null,null,0,4,0,null,null,173031,0 0 0 0,1,1,2025-06-17 15:29:19,null,null,null,null,null,null,null,364789615,activity,null,HTS,5.369355,10.731,7.23,-55.746,-91.72,null,null,null,null,null,null,null,null,null,null,null,null,null,null,null,null,null,null,null,null,null,278938819
TRND-Glioblastoma_LOPAC_H4-primary_screen2,NCGC00507720-02,activity,7.943282,-2.1,-90.187,-2.1,-106.485,1.714,COC1=CC(=CC=C1NC2=NC=CC(=N2)C3=CC4=C(C=NC=C4)N3C)N5CCN(C)CC5,SML1089,AZ191,SIGMA,2021_LOPAC_01,null,null,null,-5.1,null,null,null,null,null,null,null,97.949,-98.485,0.013,1,null,null,null,null,null,null,8,null,null,7.762,-90.187,-49.249,-49.867,null,null,null,null,null,null,null,null,null,SYGZCLSQGSICDC,null,TRND,dzwbKysrYLHyshxjBd,null,null,null,null,null,null,null,null,null,null,null,null,null,0,4,0,null,null,173031,0 0 0 0,1,1,2025-06-17 15:29:19,null,null,null,null,null,null,null,364786427,activity,null,HTS,8.087233,7.762,3.134,-36.563,-90.187,null,null,null,null,null,null,null,null,null,null,null,null,null,null,null,null,null,null,null,null,null,278938769
TRND-Glioblastoma_LOPAC_H4-primary_screen2,NCGC00690007-01,activity,7.943282,-2.1,-88.628,-2.1,-112.599,1.372,CCN(CC)[S+]([O-])(=O)NC1=CC=CC(=C1)C2=CC3=C(C=C2)C(NC(=O)C4CC4)=NN3,SML2219,SGC-AAK1-1,SIGMA,2021_LOPAC_01,null,null,null,-5.1,null,null,null,null,null,null,null,98.247,-102.099,0.012,1,null,null,null,null,null,null,10.5,null,null,9.62,-88.628,-45.892,-46.44,null,null,null,null,null,null,null,null,null,UAYVFNYBLOUUAS,null,TRND,bXfQVbgXAWxpJcbQtQ,null,null,null,null,null,null,null,null,null,null,null,null,null,0,4,0,null,null,173031,0 0 0 0,1,1,2025-06-17 15:29:19,null,null,null,null,null,null,null,364787371,activity,null,HTS,7.708742,9.62,1.324,-38.499,-88.628,null,null,null,null,null,null,null,null,null,null,null,null,null,null,null,null,null,null,null,null,null,278938646
TRND-Glioblastoma_LOPAC_H4-primary_screen2,NCGC00096028-16,activity,8.912509,-2.1,-89.525,-2.1,-105.91,1.714,COC1=CC(\C=C\C(=O)N2CCC=CC2=O)=CC(OC)=C1OC,SML0221,Piperlongumine,SIGMA,2021_LOPAC_01,null,null,null,-5.05,null,null,null,null,null,null,null,94.92,-99.91,0.01,1,null,null,null,null,null,null,6,null,null,5.395,-89.525,-54.479,-53.689,null,null,null,null,null,null,null,null,null,VABYUUZNAVQNPG,null,TRND,eYQPqMwHETQJaSxjxs,null,null,null,null,null,null,null,null,null,20069-09-4,null,null,null,0,4,0,null,null,173031,0 0 0 0,1,1,2025-06-17 15:29:19,null,null,null,null,null,null,null,364785795,activity,null,HTS,8.921861,5.395,2.317,-34.331,-89.525,null,null,null,null,null,null,null,null,null,null,null,null,null,null,null,null,null,null,null,null,null,278938621
TRND-Glioblastoma_LOPAC_H4-primary_screen2,NCGC00183808-19,activity,10,-2.1,-81.761,-2.1,-110.424,1.248,CN(C)CCCNC(=O)C1=CC=C(C=C1)C2=CC3=CC=CN=C3C(O)=C2,SML0741,ML324,SIGMA,2021_LOPAC_01,null,null,null,-5,null,null,null,null,null,null,null,89.053,-101.924,0.006,1,null,null,null,null,null,null,8.5,null,null,7.292,-81.761,-45.936,-45.648,null,null,null,null,null,null,null,null,null,QDBVSOZTVKXUES,null,TRND,aSFvbJKlVAMbRgKDHF,null,Lysine-Specific Demethylase 4E inhibitor,null,null,null,null,null,null,null,null,KDM4E,null,null,0,4,0,null,null,173031,0 0 0 0,1,1,2025-06-17 15:29:19,null,null,null,null,null,null,null,364786763,activity,null,HTS,9.701809,7.292,0.199,-33.363,-81.761,null,null,null,null,null,null,null,null,null,null,null,null,null,null,null,null,null,null,null,null,null,278938727
TRND-Glioblastoma_LOPAC_H4-primary_screen2,NCGC00390649-04,activity,10,-2.1,-95.527,-2.1,-97.292,4.045,OC1=C(C(OCC2CC2)=CC=C1)C3=CC([C@@H]4CCCNC4)=C5COC(=O)NC5=N3,SML2098,KINK-1 hydrochloride,SIGMA,2021_LOPAC_01,null,null,null,-5,null,null,null,null,null,null,null,98.067,-96.292,0.038,0.999,null,null,null,null,null,null,1,null,null,2.539,-95.527,-53.722,-57.146,null,null,null,null,null,null,null,null,null,IGJVFGZEWDGDOO,null,TRND,KeYtKeQAOjgruBgVtg,null,inhibitor of nuclear factor kappa-B kinase subunit beta inhibitor,null,null,CL,null,null,null,null,null,IKBKB,null,null,0,4,0,null,null,173031,0 0 0 0,1,1,2025-06-17 15:29:19,null,null,null,null,null,null,null,364786039,activity,null,HTS,10.19234,2.539,-0.81,-14.279,-95.527,null,null,null,null,null,null,null,null,null,null,null,null,null,null,null,null,null,null,null,null,null,278939292
TRND-Glioblastoma_LOPAC_H4-primary_screen2,NCGC00181785-16,activity,10,-2.1,-93.905,-2.1,-97.719,3.627,C[C@@H](O[C@H]1OCCN(CC2=NC(=O)NN2)[C@H]1C3=CC=C(F)C=C3)C4=CC(=CC(=C4)C(F)(F)F)C(F)(F)F,SML2215,Aprepitant,SIGMA,2021_LOPAC_01,null,null,null,-5,null,null,null,null,null,null,null,97.097,-95.219,0.013,1,null,null,null,null,null,null,2.5,null,null,3.192,-93.905,-50.306,-51.808,null,null,null,null,null,null,null,null,null,ATALOFNDEOCMKK,null,TRND,qQqNdtKNFqagUDmJSt,null,Tachykinin receptor 1 antagonist,null,null,null,null,null,null,null,170729-80-3,TACR1,null,null,0,4,0,null,null,173031,0 0 0 0,1,1,2025-06-17 15:29:19,null,null,null,null,null,null,null,364789803,activity,null,HTS,10.280933,3.192,2.046,-16.058,-93.905,null,null,null,null,null,null,null,null,null,null,null,null,null,null,null,null,null,null,null,null,null,278938951
TRND-Glioblastoma_LOPAC_H4-primary_screen2,NCGC00386725-09,activity,10,-2.1,-93.621,-2.1,-98.87,4.045,CCCCOC1=CC=C(CC\C=C2/SC(=O)N(CCN)C2=O)C=C1,SML1003,K145 hydrochloride,SIGMA,2021_LOPAC_01,null,null,null,-5,null,null,null,null,null,null,null,98.363,-94.37,0.006,1,null,null,null,null,null,null,4.5,null,null,4.742,-93.621,-41.279,-41.703,null,null,null,null,null,null,null,null,null,MPZXLTZVPUSTFY,null,TRND,ASxsNfqARJBbJZWyFw,null,null,null,null,CL,null,null,null,null,null,null,null,null,0,4,0,null,null,173031,0 0 0 0,1,1,2025-06-17 15:29:19,null,null,null,null,null,null,null,364786783,activity,null,HTS,10.299723,4.742,4.147,-11.613,-93.621,null,null,null,null,null,null,null,null,null,null,null,null,null,null,null,null,null,null,null,null,null,278938966
TRND-Glioblastoma_LOPAC_H4-primary_screen2,NCGC00016634-10,activity,10,-2.1,-93.491,-2.1,-107.909,2.188,CN(C)CCCN1C2=C(SC3=C1C=C(C=C3)C(C)=O)C=CC=C2,A7111,Acepromazine maleate,SIGMA,2021_LOPAC_01,null,null,null,-5,null,null,null,null,null,null,null,100.792,-100.409,0.01,1,null,null,null,null,null,null,7.5,null,null,7.301,-93.491,-40.837,-40.718,null,null,null,null,null,null,null,null,null,NOSIYYJFMPDDSA,null,TRND,FEWGbDwerfyIcwpLfX,null,null,null,null,MALEATE,null,null,null,null,null,null,null,null,0,4,0,null,null,173031,0 0 0 0,1,1,2025-06-17 15:29:19,null,null,null,null,null,null,null,364789691,activity,null,HTS,9.962816,7.301,6.709,-23.796,-93.491,null,null,null,null,null,null,null,null,null,null,null,null,null,null,null,null,null,null,null,null,null,278939223
TRND-Glioblastoma_LOPAC_H4-primary_screen2,NCGC00094047-22,activity,10,-2.1,-93.535,-2.1,-107.211,2.588,[H][C@@](C)(CC)[C@@]1([H])O[C@]2(CC[C@@H]1C)C[C@@H]3C[C@@]([H])(C\C=C(C)\[C@@H](O[C@@]4([H])C[C@H](OC)[C@@H](O[C@@]5([H])C[C@H](OC)[C@@H](O)[C@H](C)O5)[C@H](C)O4)[C@@H](C)\C=C\C=C6/CO[C@]7([H])[C@H](O)C(C)=C[C@@]([H])(C(=O)O3)[C@]67O)O2,I8898,Ivermectin,SIGMA,2021_LOPAC_01,null,null,null,-5,null,null,null,null,null,null,null,102.79,-98.211,0.01,1,null,null,null,null,null,null,9,null,null,9.255,-93.535,-31.102,-31.559,null,null,null,null,null,null,null,null,null,AZSNMRSAGSSBNP,null,TRND,RaeFcWEvDThfzhDaWU,null,null,null,null,null,null,null,null,null,[NO STEREO] 71827-03-7,null,null,null,0,4,0,null,null,173031,0 0 0 0,1,1,2025-06-17 15:29:19,null,null,null,null,null,null,null,364788639,activity,null,HTS,10.141742,9.255,7.831,-18.718,-93.535,null,null,null,null,null,null,null,null,null,null,null,null,null,null,null,null,null,null,null,null,null,278939224
TRND-Glioblastoma_LOPAC_H4-primary_screen2,NCGC00164603-13,activity,10,-2.1,-93.718,-2.1,-99.53,3.572,CC(C)(C)C1=CC=C(C=C1)C(=O)CCCN2CCC(CC2)OC(C3=CC=CC=C3)C4=CC=CC=C4,E9531,Ebastine,SIGMA,2021_LOPAC_01,null,null,null,-5,null,null,null,null,null,null,null,98.583,-95.03,0.009,1,null,null,null,null,null,null,4.5,null,null,4.865,-93.718,-43.175,-43.786,null,null,null,null,null,null,null,null,null,MJJALKDDGIKVBE,null,TRND,ibcxDyUjqQCaqibVqQ,null,null,null,null,null,null,null,null,null,90729-43-4,null,null,null,0,4,0,null,null,173031,0 0 0 0,1,1,2025-06-17 15:29:19,null,null,null,null,null,null,null,364787975,activity,null,HTS,10.297411,4.865,4.287,-14.879,-93.718,null,null,null,null,null,null,null,null,null,null,null,null,null,null,null,null,null,null,null,null,null,278939234
TRND-Glioblastoma_LOPAC_H4-primary_screen2,NCGC00167848-11,activity,11.220185,-2.1,-83.414,-2.1,-105.094,1.753,[O-][N+](=O)C1=CC2=C(C=C[S+]2([O-])=O)C=C1,S7947,Stattic,SIGMA,2021_LOPAC_01,null,null,null,-4.95,null,null,null,null,null,null,null,92.612,-97.094,0.027,1,null,null,null,null,null,null,8,null,null,9.198,-83.414,-30.595,-33.699,null,null,null,null,null,null,null,null,null,ZRRGOUHITGRLBA,null,TRND,sKSPzaKaScdBSOhMmP,null,null,null,null,null,null,null,null,null,null,null,null,null,0,4,0,null,null,173031,0 0 0 0,1,1,2025-06-17 15:29:19,null,null,null,null,null,null,null,364785535,activity,null,HTS,11.610099,9.198,4.875,-22.422,-83.414,null,null,null,null,null,null,null,null,null,null,null,null,null,null,null,null,null,null,null,null,null,278938871
TRND-Glioblastoma_LOPAC_H4-primary_screen2,NCGC00390240-08,activity,11.220185,-2.1,-86.007,-2.1,-91.292,2.952,C[C@@H](O[C@H]1OCCN(CC2=NC(=O)N(N2)P(O)(O)=O)[C@H]1C3=CC=C(F)C=C3)C4=CC(=CC(=C4)C(F)(F)F)C(F)(F)F,SML2228,Fosaprepitant dimeglumine,SIGMA,2021_LOPAC_01,null,null,null,-4.95,null,null,null,null,null,null,null,89.355,-89.792,0.049,0.999,null,null,null,null,null,null,1.5,null,null,3.347,-86.007,-46.975,-50.517,null,null,null,null,null,null,null,null,null,BARDROPHSZEBKC,null,TRND,jDGLhdinSHkErcaVpR,null,null,null,null,MEGLUMINE,null,null,null,null,172673-20-0,null,null,null,0,4,0,null,null,173031,0 0 0 0,1,1,2025-06-17 15:29:19,null,null,null,null,null,null,null,364788283,activity,null,HTS,12.122546,3.347,-0.658,-15.146,-86.007,null,null,null,null,null,null,null,null,null,null,null,null,null,null,null,null,null,null,null,null,null,278938968
TRND-Glioblastoma_LOPAC_H4-primary_screen2,NCGC00015735-26,activity,1.258925,-2.1,-42.717,-2.3,-100.619,2.406,OC1=C(C=C(Cl)C=C1)C(=O)NC2=C(Cl)C=C(C=C2)[N+]([O-])=O,N3510,Niclosamide,SIGMA,2021_LOPAC_01,null,null,null,-5.9,null,null,null,null,null,null,null,96.416,-94.619,1,1,null,null,null,null,null,null,6,null,null,3.653,-92.764,-136.77,-137.8,null,null,null,null,null,null,null,null,null,RJMUSRYZPJIFPJ,null,TRND,GtPqBDPYIMgDFhiGvl,null,ATP synthase inhibitor,null,null,null,null,null,null,null,50-65-7,ATP5F1A,null,null,0,4,1,null,null,173031,0 0 0 1,1,1,2025-06-17 15:29:19,null,null,null,null,null,null,null,364789647,activity,null,HTS,1.319926,3.653,-47.614,-92.764,-42.717,null,null,null,null,null,null,null,null,null,null,null,null,null,null,null,null,null,null,null,null,null,278938884
TRND-Glioblastoma_LOPAC_H4-primary_screen2,NCGC00248115-05,activity,5.011872,-2.1,-91.556,-2.3,-103.739,2.406,CC(C)C1=CC=CC(C(C)C)=C1N2C(=O)C3=C(C=C(O)C=C3)C2=O,H9415,5HPP-33,SIGMA,2021_LOPAC_01,null,null,null,-5.3,null,null,null,null,null,null,null,101.589,-91.739,0.05,0.998,null,null,null,null,null,null,12,null,null,10.033,-91.556,-53.473,-48.964,null,null,null,null,null,null,null,null,null,LAKWINYVWJPHQW,null,TRND,sQqJcQhrehpHBEkeGZ,null,null,null,null,null,null,null,null,null,null,null,null,null,0,4,0,null,null,173031,0 0 0 0,1,1,2025-06-17 15:29:19,null,null,null,null,null,null,null,364788347,activity,null,HTS,5.402481,9.626,10.033,-55.868,-91.556,null,null,null,null,null,null,null,null,null,null,null,null,null,null,null,null,null,null,null,null,null,278939156
TRND-Glioblastoma_LOPAC_H4-primary_screen2,NCGC00384189-12,activity,5.011872,-2.1,-94.158,-2.3,-97.476,3.512,COC1=CC2=NC(=NC(NCCCCCN3CCCC3)=C2C=C1OC)N4CCCC4,SML1465,UNC0379 trifluoroacetate salt,SIGMA,2021_LOPAC_01,null,null,null,-5.3,null,null,null,null,null,null,null,100.722,-95.476,0.109,0.993,null,null,null,null,null,null,2,null,null,6.565,-94.158,-101.696,-92.308,null,null,null,null,null,null,null,null,null,WEXCGGWTIDNVNT,null,TRND,YwcLQnYtjSqxYpuEAb,null,null,null,null,null,null,null,null,null,null,null,null,null,0,4,0,null,null,173031,0 0 0 0,1,1,2025-06-17 15:29:19,null,null,null,null,null,null,null,364789167,activity,null,HTS,5.149072,-2.47,6.565,-71.403,-94.158,null,null,null,null,null,null,null,null,null,null,null,null,null,null,null,null,null,null,null,null,null,278939261
TRND-Glioblastoma_LOPAC_H4-primary_screen2,NCGC00165910-05,activity,7.943282,-2.1,-90.401,-2.3,-119.532,0.9,BrC1=C(Br)C(Br)=C(Br)C2=C1NC=N2,T6951,TBBz,SIGMA,2021_LOPAC_01,null,null,null,-5.1,null,null,null,null,null,null,null,93.818,-115.532,0.102,0.993,null,null,null,null,null,null,4,null,null,3.418,-90.401,-85.605,-97.873,null,null,null,null,null,null,null,null,null,LOEIRDBRYBHAJB,null,TRND,rjLBhBoReKNnqQFwIP,null,null,null,null,null,null,null,null,null,null,null,null,null,0,4,0,null,null,173031,0 0 0 0,1,1,2025-06-17 15:29:19,null,null,null,null,null,null,null,364788599,activity,null,HTS,5.881174,3.418,-18.494,-49.54,-90.401,null,null,null,null,null,null,null,null,null,null,null,null,null,null,null,null,null,null,null,null,null,278938802
TRND-Glioblastoma_LOPAC_H4-primary_screen2,NCGC00015849-08,activity,7.943282,-2.1,-91.305,-2.3,-100.227,2.253,[S-]C(=S)N1CCCC1,P8765,Ammonium pyrrolidinedithiocarbamate,SIGMA,2021_LOPAC_01,null,null,null,-5.1,null,null,null,null,null,null,null,98.196,-94.227,0.07,0.997,null,null,null,null,null,null,6,null,null,6.891,-91.305,-57.989,-52.084,null,null,null,null,null,null,null,null,null,VSWDORGPIHIGNW,null,TRND,uFQOpjEJWBXrBLaBeO,null,null,null,null,AMMONIA,null,null,null,null,null,null,null,null,0,4,0,null,null,173031,0 0 0 0,1,1,2025-06-17 15:29:19,null,null,null,null,null,null,null,364789923,activity,null,HTS,8.387895,2.95,6.891,-32.883,-91.305,null,null,null,null,null,null,null,null,null,null,null,null,null,null,null,null,null,null,null,null,null,278938541
TRND-Glioblastoma_LOPAC_H4-primary_screen2,NCGC00386340-04,activity,10,-2.1,-94.74,-2.3,-103.566,3.572,COC1=CC=CC=C1C2=NC=NC(NC3=CC(C[S+](N)([O-])=O)=CC=C3)=C2,SML2179,LDC000067 hydrochloride,SIGMA,2021_LOPAC_01,null,null,null,-5,null,null,null,null,null,null,null,105.124,-96.066,0.065,0.997,null,null,null,null,null,null,7.5,null,null,10.385,-94.74,-38.794,-32.322,null,null,null,null,null,null,null,null,null,ZUITYGSUWNWGLE,null,TRND,mnsTdvUdBFiMFrRIMi,null,null,null,null,CL,null,null,null,null,null,null,null,null,0,4,0,null,null,173031,0 0 0 0,1,1,2025-06-17 15:29:19,null,null,null,null,null,null,null,364790255,activity,null,HTS,10.232058,4.349,10.385,-11.895,-94.74,null,null,null,null,null,null,null,null,null,null,null,null,null,null,null,null,null,null,null,null,null,278938796
TRND-Glioblastoma_LOPAC_H4-primary_screen2,NCGC00015874-22,activity,10,-2.1,-93.959,-2.3,-137.462,1.01,CCN(CC)CCCC(C)NC1=C2C=C(OC)C=CC2=NC3=C1C=CC(Cl)=C3,Q3251,Quinacrine dihydrochloride,SIGMA,2021_LOPAC_01,null,null,null,-5,null,null,null,null,null,null,null,107.368,-123.462,0.112,0.992,null,null,null,null,null,null,14,null,null,13.409,-93.959,-41.705,-48.964,null,null,null,null,null,null,null,null,null,GPKJTRJOBQGKQK,null,TRND,hlCwqRUZasqwkdZvHa,null,null,null,null,CL,null,null,null,null,null,null,null,null,0,4,0,null,null,173031,0 0 0 0,1,1,2025-06-17 15:29:19,null,null,null,null,null,null,null,364785559,activity,null,HTS,6.832224,13.409,-6.036,-36.191,-93.959,null,null,null,null,null,null,null,null,null,null,null,null,null,null,null,null,null,null,null,null,null,278938581
TRND-Glioblastoma_LOPAC_H4-primary_screen2,NCGC00402286-06,activity,11.220185,-2.1,-89.604,-2.3,-87.321,4.504,OB(O)C1=CC=C(COC2=CC=C(\C=C3/SC(=O)N(CC4=CC=C(F)C=C4)C3=O)C=C2)C=C1,SML0914,HA155,SIGMA,2021_LOPAC_01,null,null,null,-4.95,null,null,null,null,null,null,null,92.833,-90.321,0.145,0.987,null,null,null,null,null,null,-3,null,null,3.229,-89.604,-51.93,-65.017,null,null,null,null,null,null,null,null,null,BRWUZCBSWABPMR,null,TRND,ZOaqCqKhSwKJbMLaRw,null,null,null,null,null,null,null,null,null,null,null,null,null,0,4,0,null,null,173031,0 0 0 0,1,1,2025-06-17 15:29:19,null,null,null,null,null,null,null,364787035,activity,null,HTS,11.76911,3.229,-8.724,-10.998,-89.604,null,null,null,null,null,null,null,null,null,null,null,null,null,null,null,null,null,null,null,null,null,278939543
TRND-Glioblastoma_LOPAC_H4-primary_screen2,NCGC00387092-05,activity,12.589254,-2.1,-90.377,-2.3,-95.789,2.094,CCN(CC)CC1=CC=C(C=C1)C(=O)N(CCC2=CC=CC=C2OC)[C@@H]3CCNC3,SML0667,PF-429242 dihydrochloride,SIGMA,2021_LOPAC_01,null,null,null,-4.9,null,null,null,null,null,null,null,88.616,-101.403,0.109,0.993,null,null,null,null,null,null,-5.613,null,null,-1.761,-90.377,-77.2,-85.613,null,null,null,null,null,null,null,null,null,XKPJTOHUPQWSOJ,null,TRND,LymvbYitVxVqPDKqTm,null,null,null,null,CL,null,null,null,null,null,null,null,null,0,4,0,null,null,173031,0 0 0 0,1,1,2025-06-17 15:29:19,null,null,null,null,null,null,null,364785467,activity,null,HTS,12.423995,-1.761,-10.878,-24.599,-90.377,null,null,null,null,null,null,null,null,null,null,null,null,null,null,null,null,null,null,null,null,null,278938564
TRND-Glioblastoma_LOPAC_H4-primary_screen2,NCGC00093704-44,activity,12.589254,-2.1,-89.271,-2.3,-112.981,1.344,CCC1NC(=O)C(C(O)C(C)C\C=C\C)N(C)C(=O)C(C(C)C)N(C)C(=O)C(CC(C)C)N(C)C(=O)C(CC(C)C)N(C)C(=O)C(C)NC(=O)C(C)NC(=O)C(CC(C)C)N(C)C(=O)C(NC(=O)C(CC(C)C)N(C)C(=O)CN(C)C1=O)C(C)C,C3662,Cyclosporin A,SIGMA,2021_LOPAC_01,null,null,null,-4.9,null,null,null,null,null,null,null,91.418,-112.481,0.06,0.998,null,null,null,null,null,null,0.5,null,null,2.147,-89.271,-68.805,-73.424,null,null,null,null,null,null,null,null,null,PMATZTZNYRCHOR,null,TRND,KUermgEZWJSWNXxVNT,null,Serine/threonine-protein phosphatase 2B inhibitor,null,null,null,null,null,null,null,59865-13-3,PPP3CC,null,null,0,4,0,null,null,173031,0 0 0 0,1,1,2025-06-17 15:29:19,null,null,null,null,null,null,null,364785595,activity,null,HTS,10.665377,2.147,-7.027,-32.781,-89.271,null,null,null,null,null,null,null,null,null,null,null,null,null,null,null,null,null,null,null,null,null,278939236
TRND-Glioblastoma_LOPAC_H4-primary_screen2,NCGC00168110-17,activity,17.782794,-2.1,-95.447,-2.3,-54.081,1.031,CN1CCN(CC1)C2=CC(NC3=CC(C)=NN3)=NC(SC4=CC=C(NC(=O)C5CC5)C=C4)=N2,SML2158,Vx-680,SIGMA,2021_LOPAC_01,null,null,null,-4.75,null,null,null,null,null,null,null,35.901,-113.963,0.079,0.996,null,null,null,null,null,null,-59.882,null,null,-59.546,-95.447,-312.026,-314.525,null,null,null,null,null,null,null,null,null,GCIKSSRWRFVXBI,null,TRND,hUKwQyQHhWLElqSySv,null,Aurora kinase B inhibitor,null,null,null,null,null,null,null,639089-54-6,AURKB,null,null,0,4,0,null,null,173031,0 0 0 0,1,1,2025-06-17 15:29:19,null,null,null,null,null,null,null,364789943,activity,null,HTS,14.004103,-59.546,-64.557,-73.627,-95.447,null,null,null,null,null,null,null,null,null,null,null,null,null,null,null,null,null,null,null,null,null,278939692
TRND-Glioblastoma_LOPAC_H4-primary_screen2,NCGC00168784-25,activity,44.668359,-2.1,-90.887,5,14.685,0.7,NC1=NC(=O)N(C=C1)[C@@H]2O[C@H](CO)[C@@H](O)C2(F)F,G6423,Gemcitabine hydrochloride,SIGMA,2021_LOPAC_01,null,null,null,-4.35,null,null,null,null,null,null,null,3.984,-75.283,1,1,null,null,null,null,null,null,-89.968,null,null,-86.903,-90.887,-417.03,-415.24,null,null,null,null,null,null,null,null,null,SDUQYLNIPVEERB,null,TRND,jTdyzxxqXipPIcKkBV,null,DNA Polymerase inhibitor,null,null,CL,null,null,null,null,122111-03-9,POLA1,null,null,0,4,1,null,null,173031,0 0 0 1,1,1,2025-06-17 15:29:19,null,null,null,null,null,null,null,364787555,activity,null,HTS,null,-89.557,-88.778,-86.903,-90.887,null,null,null,null,null,null,null,null,null,null,null,null,null,null,null,null,null,null,null,null,null,278938925
TRND-Glioblastoma_LOPAC_H4-primary_screen2,NCGC00022001-30,activity,125.892541,-2.1,-93.637,5,-1.219,0.2,COC1=CC(=CC(OC)=C1OC)[C@H]2[C@@H]3[C@H](COC3=O)[C@@H](O)C4=CC5=C(OCO5)C=C24,P4405,Podophyllotoxin,SIGMA,2021_LOPAC_01,null,null,null,-3.9,null,null,null,null,null,null,null,0.183,-94.365,0.432,0.997,null,null,null,null,null,null,-93.145,null,null,-93.454,-93.637,-439.356,-439.278,null,null,null,null,null,null,null,null,null,YJGVMLPVUAXIQN,null,TRND,UECYEPdyogFxThJUIh,null,Tubulin polymerization inhibitor,null,null,null,null,null,null,null,518-28-5,TUBB,null,null,0,4,0,null,null,173031,0 0 0 0,1,1,2025-06-17 15:29:19,null,null,null,null,null,null,null,364788407,activity,null,HTS,null,-93.454,-93.477,-93.604,-93.637,null,null,null,null,null,null,null,null,null,null,null,null,null,null,null,null,null,null,null,null,null,278938674
TRND-Glioblastoma_LOPAC_H4-primary_screen2,NCGC00015769-35,activity,177.827941,-2.1,-93.962,5,-12.153,0.71,C[C@@H]1O[C@@H](O[C@H]2C[C@@H](O)[C@]3(CO)[C@H]4[C@H](O)C[C@]5(C)[C@H](CC[C@]5(O)[C@@H]4CC[C@]3(O)C2)C6=CC(=O)OC6)[C@H](O)[C@H](O)[C@H]1O,O3125,Ouabain,SIGMA,2021_LOPAC_01,null,null,null,-3.75,null,null,null,null,null,null,null,2.628,-103.254,0.144,0.989,null,null,null,null,null,null,-91.101,null,null,-91.334,-93.962,-431.284,-430.91,null,null,null,null,null,null,null,null,null,LPMXVESGRSUGHW,null,TRND,bvKZlhGtslaTCXogxk,null,Na+/K+ ATPase inhibitor,null,null,H2O,null,null,null,null,[NO STEREO] 630-60-4,ATP1A1,null,null,0,4,0,null,null,173031,0 0 0 0,1,1,2025-06-17 15:29:19,null,null,null,null,null,null,null,364789607,activity,null,HTS,null,-91.334,-91.637,-92.07,-93.962,null,null,null,null,null,null,null,null,null,null,null,null,null,null,null,null,null,null,null,null,null,278939376
TRND-Glioblastoma_LOPAC_H4-primary_screen2,NCGC00095165-18,activity,2.818383,-2.2,-57.093,-1.2,-71.511,1.372,CCCCCCNC(=O)N1C=C(F)C(=O)NC1=O,C1494,Carmofur,SIGMA,2021_LOPAC_01,null,null,null,-5.55,null,null,null,null,null,null,null,66.226,-60.011,0.018,1,null,null,null,null,null,null,11.5,null,null,9.133,-57.093,-40.321,-41.264,null,null,null,null,null,null,null,null,null,AOCCBINRVIKJHY,null,TRND,KdrhBCVdbfpdpiXnNx,null,Thymidylate Synthase inhibitor,null,null,null,null,null,null,null,61422-45-5,TYMS,null,null,0,4,0,null,null,173031,0 0 0 0,1,1,2025-06-17 15:29:19,null,null,null,null,null,null,null,364787471,activity,null,HTS,9.099017,9.133,-7.495,-43.497,-57.093,null,null,null,null,null,null,null,null,null,null,null,null,null,null,null,null,null,null,null,null,null,278939112
TRND-Glioblastoma_LOPAC_H4-primary_screen2,NCGC00015442-32,activity,2.511886,-2.2,-60.225,-2.1,-85.012,1.1,FC1=CNC(=O)NC1=O,F6627,5-Fluorouracil,SIGMA,2021_LOPAC_01,null,null,null,-5.6,null,null,null,null,null,null,null,74.824,-65.012,0.034,0.999,null,null,null,null,null,null,20,null,null,14.598,-60.225,-27.679,-30.754,null,null,null,null,null,null,null,null,null,GHASVSINZRGABV,null,TRND,LplKTwPqCHnfzSGnFj,null,Dihydropyrimidine Dehydrogenase inhibitor,null,null,null,null,null,null,null,51-21-8,DPYD,null,null,0,4,0,null,null,173031,0 0 0 0,1,1,2025-06-17 15:29:19,null,null,null,null,null,null,null,364788851,activity,null,HTS,7.49964,14.598,-9.126,-43.122,-60.225,null,null,null,null,null,null,null,null,null,null,null,null,null,null,null,null,null,null,null,null,null,278938841
TRND-Glioblastoma_LOPAC_H4-primary_screen2,NCGC00351483-10,activity,3.548134,-2.2,-74.401,-2.2,-89.317,1.134,CC1=C(F)C(=CC=C1C(=O)N2CCOC3=CC=C(C=C3C2)C4=CC=C(N)N=C4)[S+](C)([O-])=O,SML1239,xL388,SIGMA,2021_LOPAC_01,null,null,null,-5.45,null,null,null,null,null,null,null,78.088,-81.317,0.021,1,null,null,null,null,null,null,8,null,null,3.687,-74.401,-75.769,-75.836,null,null,null,null,null,null,null,null,null,UXJHDYVDPJFVCX,null,TRND,npNQWflquBTrZmcoSX,null,mTOR Complex 1 (mTORC1) inhibitor,null,null,null,null,null,null,null,null,MTOR,null,null,0,4,0,null,null,173031,0 0 0 0,1,1,2025-06-17 15:29:19,null,null,null,null,null,null,null,364788523,activity,null,HTS,5.360051,3.687,-14.16,-52.904,-74.401,null,null,null,null,null,null,null,null,null,null,null,null,null,null,null,null,null,null,null,null,null,278939311
TRND-Glioblastoma_LOPAC_H4-primary_screen2,NCGC00090851-34,activity,3.548134,-2.2,-54.387,-2.2,-61.738,1.344,NC1=NC(=O)N(C=N1)[C@@H]2O[C@H](CO)[C@@H](O)[C@H]2O,A2385,5-azacytidine,SIGMA,2021_LOPAC_01,null,null,null,-5.45,null,null,null,null,null,null,null,57.301,-57.238,0.014,1,null,null,null,null,null,null,4.5,null,null,2.914,-54.387,-53.475,-54.258,null,null,null,null,null,null,null,null,null,NMUSYJAQQFHJEW,null,TRND,cUvHQHtUusjrxIgoLB,null,DNA Methyltransferase (DNMT) inhibitor,null,null,null,null,null,null,null,320-67-2,DNMT1,null,null,0,4,0,null,null,173031,0 0 0 0,1,1,2025-06-17 15:29:19,null,null,null,null,null,null,null,364787235,activity,null,HTS,14.950526,2.914,-8.773,-38.382,-54.387,null,null,null,null,null,null,null,null,null,null,null,null,null,null,null,null,null,null,null,null,null,278938688
TRND-Glioblastoma_LOPAC_H4-primary_screen2,NCGC00022185-22,activity,7.079458,-2.2,-77.447,-2.2,-90.73,1.826,CC(=O)[C@H]1CC[C@H]2[C@@H]3CCC4=CC(=O)CC[C@]4(C)[C@H]3CC[C@]12C,P0130,Progesterone,SIGMA,2021_LOPAC_01,null,null,null,-5.15,null,null,null,null,null,null,null,83.1,-83.73,0.042,0.999,null,null,null,null,null,null,7,null,null,5.653,-77.447,-47.967,-45.626,null,null,null,null,null,null,null,null,null,RJKFOVLPORLFTN,null,TRND,oPLeFVbJVJMrTNKScf,null,null,null,null,null,null,null,null,null,57-83-0,null,null,null,0,4,0,null,null,173031,0 0 0 0,1,1,2025-06-17 15:29:19,null,null,null,null,null,null,null,364786443,activity,null,HTS,8.7821,5.653,4.112,-36.917,-77.447,null,null,null,null,null,null,null,null,null,null,null,null,null,null,null,null,null,null,null,null,null,278938579
TRND-Glioblastoma_LOPAC_H4-primary_screen2,NCGC00386747-12,activity,8.912509,-2.2,-51.97,-2.2,-78.68,1.134,CC1=CC=CC=C1CN2C3=NCCN3C4=C(CN(CC5=CC=CC=C5)CC4)C2=O,SML1068,TIC10 angular,SIGMA,2021_LOPAC_01,null,null,null,-5.05,null,null,null,null,null,null,null,63.157,-66.68,0.021,1,null,null,null,null,null,null,12,null,null,11.186,-51.97,-8.547,-10.136,null,null,null,null,null,null,null,null,null,VLULRUCCHYVXOH,null,TRND,DcQojDMmQIuDxdbrxU,null,Caseinolytic mitochondrial matrix peptidase inhibitor,null,null,null,null,null,null,null,null,CLPP,null,null,0,4,0,null,null,173031,0 0 0 0,1,1,2025-06-17 15:29:19,null,null,null,null,null,null,null,364788503,activity,null,HTS,23.463655,11.186,3.786,-21.332,-51.97,null,null,null,null,null,null,null,null,null,null,null,null,null,null,null,null,null,null,null,null,null,278939201
TRND-Glioblastoma_LOPAC_H4-primary_screen2,NCGC00186017-07,activity,10,-2.2,-74.286,-2.2,-78.553,2.248,OC1=CC=C(CCNC2=CC=C(NCCC3=CC=C(O)C=C3)C4=C2C(=O)C5=CC=CC=C5C4=O)C=C1,J4829,JFD00244,SIGMA,2021_LOPAC_01,null,null,null,-5,null,null,null,null,null,null,null,73.377,-79.143,0.016,1,null,null,null,null,null,null,-0.59,null,null,-0.909,-74.286,-58.199,-57.886,null,null,null,null,null,null,null,null,null,UUJHFIBEJJLZBF,null,TRND,yIkEJqzfeLNTQFIMlx,null,null,null,null,null,null,null,null,null,null,null,null,null,0,4,0,null,null,173031,0 0 0 0,1,1,2025-06-17 15:29:19,null,null,null,null,null,null,null,364788939,activity,null,HTS,12.713882,-0.948,-0.909,-22.71,-74.286,null,null,null,null,null,null,null,null,null,null,null,null,null,null,null,null,null,null,null,null,null,278939576
TRND-Glioblastoma_LOPAC_H4-primary_screen2,NCGC00179034-30,activity,10,-2.2,-75.359,-2.2,-82.41,2.847,NC(=N)c1ccc(OCCCCCOc2ccc(cc2)C(N)=N)cc1,P0547,Pentamidine isethionate,SIGMA,2021_LOPAC_01,null,null,null,-5,null,null,null,null,null,null,null,80.027,-77.91,0.011,1,null,null,null,null,null,null,4.5,null,null,4.667,-75.359,-34.876,-34.829,null,null,null,null,null,null,null,null,null,XDRYMKDFEDOLFX,null,TRND,rhpqoyEAsANQTgScel,null,Protein Tyrosine Phosphatase Type IVA inhibitor,null,null,ISETHIONATE,null,null,null,null,null,PTP4A3,null,null,0,4,0,null,null,173031,0 0 0 0,1,1,2025-06-17 15:29:19,null,null,null,null,null,null,null,364788359,activity,null,HTS,12.272486,4.667,4.069,-15.81,-75.359,null,null,null,null,null,null,null,null,null,null,null,null,null,null,null,null,null,null,null,null,null,278938533
TRND-Glioblastoma_LOPAC_H4-primary_screen2,NCGC00093700-09,activity,10,-2.2,-75.825,-2.2,-77.941,3.572,O=C1NC(=O)C2=C1C=C(NC3=CC=CC=C3)C(NC4=CC=CC=C4)=C2,D3943,DAPH,SIGMA,2021_LOPAC_01,null,null,null,-5,null,null,null,null,null,null,null,77.502,-76.941,0.019,1,null,null,null,null,null,null,1,null,null,1.677,-75.825,-44.883,-46.148,null,null,null,null,null,null,null,null,null,AAALVYBICLMAMA,null,TRND,lmSvEMErSEzAuiKhYg,null,null,null,null,null,null,null,null,null,145915-58-8,null,null,null,0,4,0,null,null,173031,0 0 0 0,1,1,2025-06-17 15:29:19,null,null,null,null,null,null,null,364790127,activity,null,HTS,11.889964,1.677,0.38,-14.216,-75.825,null,null,null,null,null,null,null,null,null,null,null,null,null,null,null,null,null,null,null,null,null,278938535
TRND-Glioblastoma_LOPAC_H4-primary_screen2,NCGC00590154-02,activity,10,-2.2,-59.978,-2.2,-62.875,2.902,OC(=O)CCC1=CC=C(N1C2=CC=CC=C2C(F)(F)F)C3=CC=C(Br)C=C3,SML2186,Poloppin,SIGMA,2021_LOPAC_01,null,null,null,-5,null,null,null,null,null,null,null,61.696,-61.875,0.031,0.999,null,null,null,null,null,null,1,null,null,1.717,-59.978,-39.569,-37.879,null,null,null,null,null,null,null,null,null,OCUKOJUZSNFVFQ,null,TRND,SJWxZKqtPiVrrbIWzw,null,null,null,null,null,null,null,null,null,null,null,null,null,0,4,0,null,null,173031,0 0 0 0,1,1,2025-06-17 15:29:19,null,null,null,null,null,null,null,364785323,activity,null,HTS,16.410399,0.223,1.717,-14.096,-59.978,null,null,null,null,null,null,null,null,null,null,null,null,null,null,null,null,null,null,null,null,null,278939096
TRND-Glioblastoma_LOPAC_H4-primary_screen2,NCGC00091544-29,activity,11.220185,-2.2,-72.72,-2.2,-88.627,1.478,C[C@]12CC[C@H]3[C@@H](CCC4=C3C=CC(O)=C4)[C@@H]1CC[C@@H]2O,E8875,beta-Estradiol,SIGMA,2021_LOPAC_01,null,null,null,-4.95,null,null,null,null,null,null,null,73.781,-87.627,0.01,1,null,null,null,null,null,null,1,null,null,1.061,-72.72,-56.146,-57.263,null,null,null,null,null,null,null,null,null,VOXZDWNPVJITMN,null,TRND,ZdKidDslAwsKKCZYnD,null,Estrogen Receptor agonist,null,null,null,null,null,null,null,50-28-2,ESR1,null,null,0,4,0,null,null,173031,0 0 0 0,1,1,2025-06-17 15:29:19,null,null,null,null,null,null,null,364786887,activity,null,HTS,13.599818,1.061,-2.611,-27.226,-72.72,null,null,null,null,null,null,null,null,null,null,null,null,null,null,null,null,null,null,null,null,null,278939579
TRND-Glioblastoma_LOPAC_H4-primary_screen2,NCGC00250410-16,activity,11.220185,-2.2,-46.711,-2.2,-48.93,2.094,OC(=O)C1=C(C=C(C=C1)C2=CNC3=NC=C(C=C23)C4=CC=CC=C4)C5CCCC5,SML0773,GSK-650394  ,SIGMA,2021_LOPAC_01,null,null,null,-4.95,null,null,null,null,null,null,null,44.361,-51.251,0.017,1,null,null,null,null,null,null,-2.321,null,null,-2.35,-46.711,-43.561,-43.293,null,null,null,null,null,null,null,null,null,WVSBGSNVCDAMCF,null,TRND,hJVmSdvlnjdyEzutCp,null,Serine/threonine-protein kinase Sgk1 inhibitor,null,null,null,null,null,null,null,890842-28-1,SGK1,null,null,0,4,0,null,null,173031,0 0 0 0,1,1,2025-06-17 15:29:19,null,null,null,null,null,null,null,364785907,activity,null,HTS,33.3,-2.35,-2.746,-15.106,-46.711,null,null,null,null,null,null,null,null,null,null,null,null,null,null,null,null,null,null,null,null,null,278938655
TRND-Glioblastoma_LOPAC_H4-primary_screen2,NCGC00015547-06,activity,3.548134,-2.2,-31.441,-2.4,-38.815,0.8,O=C1CCC(=NN1)C2=CC=C(C=C2)N3C=CN=C3,I0782,Imazodan,SIGMA,2021_LOPAC_01,null,null,null,-5.45,null,null,null,null,null,null,null,30.679,-35.73,0.145,0.987,null,null,null,null,null,null,3.085,null,null,-0.762,-31.441,-39.434,-40.488,null,null,null,null,null,null,null,null,null,VXMYWVMXSWJFCV,null,TRND,HuEZTUdtsKCoeQulXm,null,null,null,null,null,null,null,null,null,84243-58-3,null,null,null,0,4,0,null,null,173031,0 0 0 0,1,1,2025-06-17 15:29:19,null,null,null,null,null,null,null,364790187,activity,null,HTS,null,-0.762,-10.393,-19.346,-31.441,null,null,null,null,null,null,null,null,null,null,null,null,null,null,null,null,null,null,null,null,null,278939071
TRND-Glioblastoma_LOPAC_H4-primary_screen2,NCGC00390788-08,activity,3.548134,-2.2,-39.486,-2.4,-76.314,0.7,NC1=[N+]([O-])C2=CC=CC=C2[N+]([O-])=N1,SML0552,Tirapazamine,SIGMA,2021_LOPAC_01,null,null,null,-5.45,null,null,null,null,null,null,null,58.615,-50.314,0.199,0.975,null,null,null,null,null,null,26,null,null,19.129,-39.486,19.019,8.882,null,null,null,null,null,null,null,null,null,ORYDPOVDJJZGHQ,null,TRND,BHxKDtKSedTswlgPFs,null,DNA Damaging Drug,null,null,null,null,null,null,null,27314-97-2,H2AX,null,null,0,4,0,null,null,173031,0 0 0 0,1,1,2025-06-17 15:29:19,null,null,null,null,null,null,null,364786379,activity,null,HTS,33.3,19.129,-2.601,-16.435,-39.486,null,null,null,null,null,null,null,null,null,null,null,null,null,null,null,null,null,null,null,null,null,278938597
TRND-Glioblastoma_LOPAC_H4-primary_screen2,NCGC00015060-30,activity,3.981072,-2.2,-67.598,-2.4,-86.117,0.8,CN1C=NC(=C1SC2=C3NC=NC3=NC=N2)[N+]([O-])=O,A4638,Azathioprine,SIGMA,2021_LOPAC_01,null,null,null,-5.4,null,null,null,null,null,null,null,69.544,-80.117,0.18,0.979,null,null,null,null,null,null,6,null,null,1.946,-67.598,-77.585,-88.674,null,null,null,null,null,null,null,null,null,LMEKQMALGUDUQG,null,TRND,KGivICRqPrYrLFDzOK,null,hypoxanthine-guanine phosphoribosyltransferase (HGPRTase) inhibitor,null,null,null,null,null,null,null,446-86-6,HPRT1,null,null,0,4,0,null,null,173031,0 0 0 0,1,1,2025-06-17 15:29:19,null,null,null,null,null,null,null,364786627,activity,null,HTS,7.50223,1.946,-24.272,-43.601,-67.598,null,null,null,null,null,null,null,null,null,null,null,null,null,null,null,null,null,null,null,null,null,278939110
TRND-Glioblastoma_LOPAC_H4-primary_screen2,NCGC00346945-09,activity,5.011872,-2.2,-38.919,-2.4,-50.661,3.99,COC1=CC=C(C=C1OC)C2=CC3=NC=CN3C(NC4=NC=CC=C4C(N)=O)=N2,B9685,BAY 61-3606 hydrochloride hydrate,SIGMA,2021_LOPAC_01,null,null,null,-5.3,null,null,null,null,null,null,null,55.422,-39.661,0.222,0.968,null,null,null,null,null,null,11,null,null,16.503,-38.919,-13.918,-1.952,null,null,null,null,null,null,null,null,null,JWQOJVOKBAAAAR,null,TRND,GmxuTjgJnjDxOJkNju,null,Tyrosine-protein kinase SYK inhibitor,null,null,CL,null,null,null,null,732983-37-8,SYK,null,null,0,4,0,null,null,173031,0 0 0 0,1,1,2025-06-17 15:29:19,null,null,null,null,null,null,null,364788419,activity,null,HTS,null,5.318,16.503,-28.243,-38.919,null,null,null,null,null,null,null,null,null,null,null,null,null,null,null,null,null,null,null,null,null,278939526
TRND-Glioblastoma_LOPAC_H4-primary_screen2,NCGC00186035-11,activity,6.309573,-2.2,-54.441,-2.4,-68.862,1.826,[O-][N+](=O)C1=CC=CC(=C1)C(=O)NC2=NC3=CC=CC=C3N2CCN4CCOCC4,I5409,IRAK-1/4 Inhibitor I,SIGMA,2021_LOPAC_01,null,null,null,-5.2,null,null,null,null,null,null,null,63.168,-58.862,0.09,0.995,null,null,null,null,null,null,10,null,null,8.727,-54.441,-19.417,-16.091,null,null,null,null,null,null,null,null,null,QTCFYQHZJIIHBS,null,TRND,lXFfMNgAjyqlYyweKw,null,Interleukin-1 Receptor-Associated Kinase 1 inhibitor,null,null,null,null,null,null,null,null,IRAK1,null,null,0,4,0,null,null,173031,0 0 0 0,1,1,2025-06-17 15:29:19,null,null,null,null,null,null,null,364785551,activity,null,HTS,16.270811,8.193,8.727,-28.075,-54.441,null,null,null,null,null,null,null,null,null,null,null,null,null,null,null,null,null,null,null,null,null,278938636
TRND-Glioblastoma_LOPAC_H4-primary_screen2,NCGC00015035-09,activity,8.912509,-2.2,-42.03,-2.4,-44.436,2.406,NC1=C2C=CC=C3C(=O)NC(=O)C(C=C1)=C23,A0966,"4-Amino-1,8-naphthalimide",SIGMA,2021_LOPAC_01,null,null,null,-5.05,null,null,null,null,null,null,null,46.389,-43.936,0.214,0.971,null,null,null,null,null,null,0.5,null,null,4.358,-42.03,-39.613,-30.741,null,null,null,null,null,null,null,null,null,SSMIFVHARFVINF,null,TRND,KtrJSYGsJChbNLEOIm,null,null,null,null,null,null,null,null,null,null,null,null,null,0,4,0,null,null,173031,0 0 0 0,1,1,2025-06-17 15:29:19,null,null,null,null,null,null,null,364789119,activity,null,HTS,null,-3.681,4.358,-14.801,-42.03,null,null,null,null,null,null,null,null,null,null,null,null,null,null,null,null,null,null,null,null,null,278938835
TRND-Glioblastoma_LOPAC_H4-primary_screen2,NCGC00015748-37,activity,8.912509,-2.2,-60.763,-2.4,-73.561,2.253,COC(=O)C1=C(C)NC(C)=C(C1C2=C(C=CC=C2)[N+]([O-])=O)C(=O)OC,N7634,Nifedipine,SIGMA,2021_LOPAC_01,null,null,null,-5.05,null,null,null,null,null,null,null,72.075,-64.561,0.104,0.993,null,null,null,null,null,null,9,null,null,11.312,-60.763,-19.74,-12.875,null,null,null,null,null,null,null,null,null,HYIMSNHJOBLJNT,null,TRND,pmhPDpPLSVngVoLDnB,null,null,null,null,null,null,null,null,null,21829-25-4,null,null,null,0,4,0,null,null,173031,0 0 0 0,1,1,2025-06-17 15:29:19,null,null,null,null,null,null,null,364786499,activity,null,HTS,15.411411,5.926,11.312,-17.375,-60.763,null,null,null,null,null,null,null,null,null,null,null,null,null,null,null,null,null,null,null,null,null,278938874
TRND-Glioblastoma_LOPAC_H4-primary_screen2,NCGC00015889-27,activity,10,-2.2,-57.964,-2.4,-58.579,3.627,OC1=CC=C(C=C1)C2=C(C(=O)C3=CC=C(OCCN4CCCCC4)C=C3)C5=C(S2)C=C(O)C=C5,R1402,Raloxifene hydrochloride,SIGMA,2021_LOPAC_01,null,null,null,-5,null,null,null,null,null,null,null,62.588,-58.579,0.175,0.981,null,null,null,null,null,null,0,null,null,4.624,-57.964,-47.998,-38.099,null,null,null,null,null,null,null,null,null,GZUITABIAKMVPG,null,TRND,dCSgDeErRrTUkKoOTL,null,Selective Estrogen Receptor modulator (SERM),null,null,HCL,null,null,null,null,82640-04-8,ESR1,null,null,0,4,0,null,null,173031,0 0 0 0,1,1,2025-06-17 15:29:19,null,null,null,null,null,null,null,364786223,activity,null,HTS,16.257567,-4.827,4.624,-10.531,-57.964,null,null,null,null,null,null,null,null,null,null,null,null,null,null,null,null,null,null,null,null,null,278939060
TRND-Glioblastoma_LOPAC_H4-primary_screen2,NCGC00015877-16,activity,10,-2.2,-44.437,-2.4,-50.324,2.473,CC1=C(CCN2CCC(CC2)=C(C3=CC=C(F)C=C3)C4=CC=C(F)C=C4)C(=O)N5C=CSC5=N1,R103,Ritanserin,SIGMA,2021_LOPAC_01,null,null,null,-5,null,null,null,null,null,null,null,50.13,-46.824,0.125,0.99,null,null,null,null,null,null,3.5,null,null,5.693,-44.437,-24.896,-18.433,null,null,null,null,null,null,null,null,null,JUQLTPCYUFPYKE,null,TRND,ShCpAJcJqsTKwIkJWE,null,null,null,null,null,null,null,null,null,87051-43-2,null,null,null,0,4,0,null,null,173031,0 0 0 0,1,1,2025-06-17 15:29:19,null,null,null,null,null,null,null,364788015,activity,null,HTS,null,0.617,5.693,-10.334,-44.437,null,null,null,null,null,null,null,null,null,null,null,null,null,null,null,null,null,null,null,null,null,278939174
TRND-Glioblastoma_LOPAC_H4-primary_screen2,NCGC00015626-07,activity,12.589254,-2.2,-50.041,-2.4,-60.551,1.478,COC1=C(CNCCCCCCNCCCCCCCCNCCCCCCNCC2=C(OC)C=CC=C2)C=CC=C1,M105,Methoctramine tetrahydrochloride,SIGMA,2021_LOPAC_01,null,null,null,-4.9,null,null,null,null,null,null,null,50.084,-61.551,0.062,0.998,null,null,null,null,null,null,-1,null,null,0.043,-50.041,-41.524,-44.361,null,null,null,null,null,null,null,null,null,RPMBYDYUVKEZJA,null,TRND,HOpDuRaKaEyjwVAvEM,null,null,null,null,CL,null,null,null,null,null,null,null,null,0,4,0,null,null,173031,0 0 0 0,1,1,2025-06-17 15:29:19,null,null,null,null,null,null,null,364789583,activity,null,HTS,33.3,0.043,-4.443,-17.494,-50.041,null,null,null,null,null,null,null,null,null,null,null,null,null,null,null,null,null,null,null,null,null,278939370
TRND-Glioblastoma_LOPAC_H4-primary_screen2,NCGC00014998-09,activity,12.589254,-2.2,-30.927,-2.4,-43.613,1.134,CCN(CC)CCCCCCCCOC(=O)C1=CC(OC)=C(OC)C(OC)=C1,861804,TMB-8 hydrochloride,SIGMA,2021_LOPAC_01,null,null,null,-4.9,null,null,null,null,null,null,null,33.522,-41.113,0.083,0.996,null,null,null,null,null,null,2.5,null,null,2.595,-30.927,-18.072,-19.17,null,null,null,null,null,null,null,null,null,IBQMHBGFMLHHLE,null,TRND,DwxeOJCOLHXvEbABtG,null,null,null,null,CL,null,null,null,null,null,null,null,null,0,4,0,null,null,173031,0 0 0 0,1,1,2025-06-17 15:29:19,null,null,null,null,null,null,null,364786547,activity,null,HTS,null,2.595,-1.859,-11.034,-30.927,null,null,null,null,null,null,null,null,null,null,null,null,null,null,null,null,null,null,null,null,null,278939748
TRND-Glioblastoma_LOPAC_H4-primary_screen2,NCGC00015376-12,activity,2.511886,-2.3,-47.833,-2.4,-71.402,4.955,CCCCCCN(CCCCCC)C(=O)CC1=C(NC2=C1C=CC=C2)C3=CC=C(F)C=C3,D8555,"N,N-Dihexyl-2-(4-fluorophenyl)indole-3-acetamide",SIGMA,2021_LOPAC_01,null,null,null,-5.6,null,null,null,null,null,null,null,91.247,-67.402,0.438,0.859,null,null,null,null,null,null,4,null,null,4.834,-86.413,-80.762,-70.331,null,null,null,null,null,null,null,null,null,VUWXAQFLTSBUDB,null,TRND,UynWmBlqEFYXwoIuQV,null,null,null,null,null,null,null,null,null,null,null,null,null,0,4,0,null,null,173031,0 0 0 0,1,1,2025-06-17 15:29:19,null,null,null,null,null,null,null,364788491,activity,null,HTS,3.10818,0.517,4.834,-86.413,-47.833,null,null,null,null,null,null,null,null,null,null,null,null,null,null,null,null,null,null,null,null,null,278939757
TRND-Glioblastoma_LOPAC_H4-primary_screen2,NCGC00017254-27,activity,398.107171,-2.3,-94.877,5,-17.892,0.6,C[C@H]1CCC\C=C\[C@@H]2C[C@H](O)C[C@H]2[C@H](O)\C=C\C(=O)O1,B7651,BRefeldin A from Penicillium brefeldianum,SIGMA,2021_LOPAC_01,null,null,null,-3.4,null,null,null,null,null,null,null,3.66,-109.353,0.48,0.846,null,null,null,null,null,null,-91.461,null,null,-91.217,-94.877,-432.568,-433.501,null,null,null,null,null,null,null,null,null,KQNZDYYTLMIZCT,null,TRND,tiyrNHDuVGskpYmtrj,null,null,null,null,null,null,null,null,null,[NO STEREO] 20350-15-6,GBF1,null,null,0,4,0,null,null,173031,0 0 0 0,1,1,2025-06-17 15:29:19,null,null,null,null,null,null,null,364785619,activity,null,HTS,null,-91.217,-92.91,-92.41,-94.877,null,null,null,null,null,null,null,null,null,null,null,null,null,null,null,null,null,null,null,null,null,278939368
TRND-Glioblastoma_LOPAC_H4-primary_screen2,NCGC00388122-02,activity,null,2.4,3.564,4,26.83,4.955,COC1=C(OC)C=C(CC2=NN3C(=NC(C)=C3C(=O)N2)[C@@H](CCCC4=CC=CC=C4)[C@@H](C)O)C=C1,SML2311,BAY 60-7550,SIGMA,2021_LOPAC_01,null,null,null,null,null,null,null,null,null,null,null,30.32,24.83,1,0.589,null,null,null,null,null,null,-2,null,null,33.884,3.564,59.362,64.679,null,null,null,null,null,null,null,null,null,MYTWFJKBZGMYCS,null,TRND,xqpCOeGvkZwtrlOfKf,null,null,null,null,null,null,null,null,null,439083-90-6,null,null,null,0,4,1,null,null,173031,0 0 0 1,1,1,2025-06-17 15:29:19,null,null,null,null,null,null,null,364785683,activity,null,HTS,null,5.929,33.884,15.697,3.564,null,null,null,null,null,null,null,null,null,null,null,null,null,null,null,null,null,null,null,null,null,278938956
TRND-Glioblastoma_LOPAC_H4-primary_screen2,NCGC00015747-25,activity,3.162278,-3,-5.147,-3,-103.544,3.572,COC(=O)C1=C(C)NC(C)=C(C1C2=CC=CC(=C2)[N+]([O-])=O)C(=O)OCCN(C)CC3=CC=CC=C3,N7510,Nicardipine hydrochloride,SIGMA,2021_LOPAC_01,null,null,null,-5.5,null,null,null,null,null,null,null,96.855,-96.544,1,1,null,null,null,null,null,null,7,null,null,6.963,-89.892,-89.195,-92.407,null,null,null,null,null,null,null,null,null,ZBBHBTPTTSWHBA,null,TRND,iaUIarONiAbubLRimR,null,null,null,null,CL,null,null,null,null,54527-84-3,null,null,null,0,4,1,null,null,173031,0 0 0 1,1,1,2025-06-17 15:29:19,null,null,null,null,null,null,null,364785859,activity,null,HTS,3.226326,6.963,2.286,-89.892,-5.147,null,null,null,null,null,null,null,null,null,null,null,null,null,null,null,null,null,null,null,null,null,278938985
TRND-Glioblastoma_LOPAC_H4-primary_screen2,NCGC00507714-02,activity,3.548134,-3,7.921,-3,-49.191,2.588,CC\C(=N/NC(=O)C1=CC=NC(NCCCN2CCOCC2)=C1)C3=CC=C(Cl)C=C3O,SML0962,M-110,SIGMA,2021_LOPAC_01,null,null,null,-5.45,null,null,null,null,null,null,null,42.597,-42.691,1,1,null,null,null,null,null,null,6.5,null,null,7.921,-34.675,-22.94,-26.7,null,null,null,null,null,null,null,null,null,FXXCNYVQIONABS,null,TRND,ZQKkiIvKGpipvyjVKM,null,null,null,null,null,null,null,null,null,null,null,null,null,0,4,1,null,null,173031,0 0 0 1,1,1,2025-06-17 15:29:19,null,null,null,null,null,null,null,364787171,activity,null,HTS,null,6.255,3.117,-34.675,7.921,null,null,null,null,null,null,null,null,null,null,null,null,null,null,null,null,null,null,null,null,null,278939688
TRND-Glioblastoma_LOPAC_H4-primary_screen2,NCGC00016064-22,activity,3.981072,-3,13.291,-3,-109.248,4.955,CC(C)(C)C1=CC=C(C=C1)C(O)CCCN2CCC(CC2)C(O)(C3=CC=CC=C3)C4=CC=CC=C4,T9652,Terfenadine,SIGMA,2021_LOPAC_01,null,null,null,-5.4,null,null,null,null,null,null,null,106.522,-101.248,1,1,null,null,null,null,null,null,8,null,null,13.291,-93.23,-87.747,-91.069,null,null,null,null,null,null,null,null,null,GUGOEEXESWIERI,null,TRND,uCTRBtbIkFxjQyQhrx,null,null,null,null,null,null,null,null,null,50679-08-8,null,null,null,0,4,1,null,null,173031,0 0 0 1,1,1,2025-06-17 15:29:19,null,null,null,null,null,null,null,364786415,activity,null,HTS,3.961313,7.51,8.039,-93.23,13.291,null,null,null,null,null,null,null,null,null,null,null,null,null,null,null,null,null,null,null,null,null,278939171
TRND-Glioblastoma_LOPAC_H4-primary_screen2,NCGC00015424-16,activity,10,-3,-93.958,-3,-105.274,3.627,FC1=CC=C(C=C1)C(CCCN2CCC3(CC2)N(CNC3=O)C4=CC=CC=C4)C5=CC=C(F)C=C5,F100,Fluspirilene,SIGMA,2021_LOPAC_01,null,null,null,-5,null,null,null,null,null,null,null,109.359,-95.274,0.12,0.991,null,null,null,null,null,null,10,null,null,15.401,-93.958,-34.449,-21.479,null,null,null,null,null,null,null,null,null,QOYHHIBFXOOADH,null,TRND,fwkuzCAcbrPdrHeGNJ,null,null,null,null,null,null,null,null,null,1841-19-6,null,null,null,0,4,0,null,null,173031,0 0 0 0,1,1,2025-06-17 15:29:19,null,null,null,null,null,null,null,364787607,activity,null,HTS,10.277541,3.93,15.401,-9.618,-93.958,null,null,null,null,null,null,null,null,null,null,null,null,null,null,null,null,null,null,null,null,null,278939303
TRND-Glioblastoma_LOPAC_H4-primary_screen2,NCGC00387253-06,activity,10,-3,-73.638,-3,-79.947,4.955,COC1=CC=C(C=C1)[S+]([O-])(=O)NC2=C(C)C=C(C)C=C2C,SML1152,GSK137647A,SIGMA,2021_LOPAC_01,null,null,null,-5,null,null,null,null,null,null,null,79.668,-73.947,0.011,1,null,null,null,null,null,null,6,null,null,6.03,-73.638,-21.409,-20.353,null,null,null,null,null,null,null,null,null,VHIZJBNAQSPVME,null,TRND,cIUWIcOeTYZVRPmUSO,null,null,null,null,null,null,null,null,null,null,null,null,null,0,4,0,null,null,173031,0 0 0 0,1,1,2025-06-17 15:29:19,null,null,null,null,null,null,null,364788775,activity,null,HTS,11.601818,5.714,6.03,-3.962,-73.638,null,null,null,null,null,null,null,null,null,null,null,null,null,null,null,null,null,null,null,null,null,278939305
TRND-Glioblastoma_LOPAC_H4-primary_screen2,NCGC00015147-16,activity,10,-3,-59.982,-3,-62.38,4.045,N\C(NCC1=CC=CC=C1)=N/C(=O)C2=NC(Cl)=C(N)N=C2N,B2417,Benzamil hydrochloride,SIGMA,2021_LOPAC_01,null,null,null,-5,null,null,null,null,null,null,null,66.035,-60.38,0.146,0.987,null,null,null,null,null,null,2,null,null,6.052,-59.982,-22.029,-30.255,null,null,null,null,null,null,null,null,null,KXDROGADUISDGY,null,TRND,GpsOmxeBRsWBULSTLN,null,Epithelial Sodium Channels (ENaC) Blocker,null,null,CL,null,null,null,null,161804-20-2,SCNN1A,null,null,0,4,0,null,null,173031,0 0 0 0,1,1,2025-06-17 15:29:19,null,null,null,null,null,null,null,364788927,activity,null,HTS,14.750112,6.052,-2.434,-7.997,-59.982,null,null,null,null,null,null,null,null,null,null,null,null,null,null,null,null,null,null,null,null,null,278939363
TRND-Glioblastoma_LOPAC_H4-primary_screen2,NCGC00345496-14,activity,10,-3,-41.074,-3,-45.824,4.955,NC1=NC2=C(NC=N2)C(OCC3=CC(Br)=CS3)=N1,SML0586,Lomeguatrib,SIGMA,2021_LOPAC_01,null,null,null,-5,null,null,null,null,null,null,null,47.875,-41.324,0.105,0.993,null,null,null,null,null,null,4.5,null,null,6.801,-41.074,-11.244,-6.681,null,null,null,null,null,null,null,null,null,JUJPKFNFCWJBCX,null,TRND,RmnbCJblrruROliZhF,null,Methylated-DNA--protein-cysteine methyltransferase inhibitor,null,null,null,null,null,null,null,192441-08-0,MGMT,null,null,0,4,0,null,null,173031,0 0 0 0,1,1,2025-06-17 15:29:19,null,null,null,null,null,null,null,364789203,activity,null,HTS,null,2.346,6.801,-1.311,-41.074,null,null,null,null,null,null,null,null,null,null,null,null,null,null,null,null,null,null,null,null,null,278939384
TRND-Glioblastoma_LOPAC_H4-primary_screen2,NCGC00370685-07,activity,10,-3,-77.778,-3,-84.666,4.955,CC(C)C[C@H](C(O)=O)C1=CC(=CC(=C1)C2=CC=C(C=C2)C(F)(F)F)C3=CC=C(C=C3)C(F)(F)F,SML0683,JNJ-40418677,SIGMA,2021_LOPAC_01,null,null,null,-5,null,null,null,null,null,null,null,87.411,-78.166,0.081,0.996,null,null,null,null,null,null,6.5,null,null,9.633,-77.778,-14.085,-20.87,null,null,null,null,null,null,null,null,null,RQOWDDLKGBMJFX,null,TRND,UMsUnMKpBwOAStKrJY,null,null,null,null,null,null,null,null,null,1146594-87-7,null,null,null,0,4,0,null,null,173031,0 0 0 0,1,1,2025-06-17 15:29:19,null,null,null,null,null,null,null,364787811,activity,null,HTS,11.22798,9.633,3.28,-3.181,-77.778,null,null,null,null,null,null,null,null,null,null,null,null,null,null,null,null,null,null,null,null,null,278938897
TRND-Glioblastoma_LOPAC_H4-primary_screen2,NCGC00092369-07,activity,10,-3,-48.31,-3,-53.574,4.955,CC(C)(C)C1=CC=C(C=C1)\C=C\C(=O)NC2=CC=C3OCCOC3=C2,A2731,AMG 9810,SIGMA,2021_LOPAC_01,null,null,null,-5,null,null,null,null,null,null,null,56.812,-48.574,0.132,0.989,null,null,null,null,null,null,5,null,null,8.502,-48.31,-1.437,-9.037,null,null,null,null,null,null,null,null,null,GZTFUVZVLYUPRG,null,TRND,BdWdTGlpSFmfukAwtu,null,null,null,null,null,null,null,null,null,545395-94-6,null,null,null,0,4,0,null,null,173031,0 0 0 0,1,1,2025-06-17 15:29:19,null,null,null,null,null,null,null,364786495,activity,null,HTS,null,8.502,1.844,-1.323,-48.31,null,null,null,null,null,null,null,null,null,null,null,null,null,null,null,null,null,null,null,null,null,278938912
TRND-Glioblastoma_LOPAC_H4-primary_screen2,NCGC00179503-13,activity,10,-3,-96.039,-3,-102.731,4.504,CCN(CC)CCOc1ccc(cc1)C(=C(\Cl)c2ccccc2)\c3ccccc3,SML0719,Enclomiphene hydrochloride,SIGMA,2021_LOPAC_01,null,null,null,-5,null,null,null,null,null,null,null,106.882,-96.231,0.097,0.994,null,null,null,null,null,null,6.5,null,null,10.843,-96.039,-43.716,-33.212,null,null,null,null,null,null,null,null,null,GKIRPKYJQBWNGO,null,TRND,QprCSTQVoSxQxbhpDK,null,null,null,null,CL,null,null,null,null,7599-79-3,null,null,null,0,4,0,null,null,173031,0 0 0 0,1,1,2025-06-17 15:29:19,null,null,null,null,null,null,null,364789799,activity,null,HTS,10.175498,1.6,10.843,-7.503,-96.039,null,null,null,null,null,null,null,null,null,null,null,null,null,null,null,null,null,null,null,null,null,278938918
TRND-Glioblastoma_LOPAC_H4-primary_screen2,NCGC00186020-03,activity,10,-3,-63.929,-3,-71.88,3.572,COC1=CC=C2C3CC[C@]4(C)[C@H](CCC4C3CCC2=C1)NCCCCCCN5C(=O)CCC5=O,U6881,U-73343,SIGMA,2021_LOPAC_01,null,null,null,-5,null,null,null,null,null,null,null,71.813,-64.88,0.032,0.999,null,null,null,null,null,null,7,null,null,7.884,-63.929,-12.682,-14,null,null,null,null,null,null,null,null,null,CJHWFIUASFBCKN,null,TRND,xlBaxAQfeAcvcJHmTI,null,null,null,null,null,null,null,null,null,null,null,null,null,0,4,0,null,null,173031,0 0 0 0,1,1,2025-06-17 15:29:19,null,null,null,null,null,null,null,364786147,activity,null,HTS,14.039546,7.884,5.916,-7.276,-63.929,null,null,null,null,null,null,null,null,null,null,null,null,null,null,null,null,null,null,null,null,null,278939004
TRND-Glioblastoma_LOPAC_H4-primary_screen2,NCGC00345495-10,activity,10,-3,-31.022,-3,-39.226,3.627,CC1=NN=C2[C@@H](CC(=O)OC(C)(C)C)\N=C(/C3=C(SC(C)=C3C)N12)C4=CC=C(Cl)C=C4,SML1525,(-)-JQ1 ,SIGMA,2021_LOPAC_01,null,null,null,-5,null,null,null,null,null,null,null,39.947,-31.226,0.051,0.998,null,null,null,null,null,null,8,null,null,8.925,-31.022,14.051,12.079,null,null,null,null,null,null,null,null,null,DNVXATUJJDPFDM,null,TRND,LXlkTsrxHlFXOygJun,null,null,null,null,null,null,null,null,null,1268524-70-4,null,null,null,0,4,0,null,null,173031,0 0 0 0,1,1,2025-06-17 15:29:19,null,null,null,null,null,null,null,364786175,activity,null,HTS,null,8.925,7.124,0.877,-31.022,null,null,null,null,null,null,null,null,null,null,null,null,null,null,null,null,null,null,null,null,null,278939570
TRND-Glioblastoma_LOPAC_H4-primary_screen2,NCGC00094381-23,activity,10,-3,-35.279,-3,-36.718,4.955,CC1=CC(C)=C(N1)\C=C2/C(=O)NC3=CC=CC=C23,S8442,SU 5416,SIGMA,2021_LOPAC_01,null,null,null,-5,null,null,null,null,null,null,null,40.41,-35.218,0.21,0.972,null,null,null,null,null,null,1.5,null,null,5.131,-35.279,-7.888,-15.248,null,null,null,null,null,null,null,null,null,WUWDLXZGHZSWQZ,null,TRND,bfDymomjYYItuaMNGv,null,Vascular Endothelial Growth Factor Receptor 2 (VEGFR-2) inhibitor,null,null,null,null,null,null,null,194413-58-6,KDR,null,null,0,4,0,null,null,173031,0 0 0 0,1,1,2025-06-17 15:29:19,null,null,null,null,null,null,null,364789403,activity,null,HTS,null,5.131,-2.28,-2.843,-35.279,null,null,null,null,null,null,null,null,null,null,null,null,null,null,null,null,null,null,null,null,null,278938616
TRND-Glioblastoma_LOPAC_H4-primary_screen2,NCGC00025102-10,activity,10,-3,-55.948,-3,-62.281,4.045,CC(\C=C\C1=CC(OC2=CC=C(F)C=C2)=CC=C1)N(O)C(N)=O,B4558,BWB70C,SIGMA,2021_LOPAC_01,null,null,null,-5,null,null,null,null,null,null,null,63.997,-56.281,0.066,0.997,null,null,null,null,null,null,6,null,null,8.049,-55.948,-7.032,-11.396,null,null,null,null,null,null,null,null,null,UAIYNMRLUHHRMF,null,TRND,DWHIsEmCrYILfBeMmV,null,null,null,null,null,null,null,null,null,null,null,null,null,0,4,0,null,null,173031,0 0 0 0,1,1,2025-06-17 15:29:19,null,null,null,null,null,null,null,364788143,activity,null,HTS,16.700616,8.049,4.272,-4.21,-55.948,null,null,null,null,null,null,null,null,null,null,null,null,null,null,null,null,null,null,null,null,null,278938622
TRND-Glioblastoma_LOPAC_H4-primary_screen2,NCGC00015948-25,activity,10,-3,-44.415,-3,-49.133,3.627,[H][C@@]12CC[C@@]3(CCC(=O)O3)[C@@]1(C)CC[C@@]4([H])[C@@]2([H])[C@@]([H])(CC5=CC(=O)CC[C@]45C)SC(C)=O,S3378,Spironolactone,SIGMA,2021_LOPAC_01,null,null,null,-5,null,null,null,null,null,null,null,51.038,-45.133,0.111,0.992,null,null,null,null,null,null,4,null,null,6.623,-44.415,-17.646,-13.16,null,null,null,null,null,null,null,null,null,LXMSZDCAJNLERA,null,TRND,yTaDqvGWmbVBfKqeUO,null,null,null,null,null,null,null,null,null,[NO STEREO] 52-01-7,null,null,null,0,4,0,null,null,173031,0 0 0 0,1,1,2025-06-17 15:29:19,null,null,null,null,null,null,null,364786815,activity,null,HTS,null,1.702,6.623,-5.219,-44.415,null,null,null,null,null,null,null,null,null,null,null,null,null,null,null,null,null,null,null,null,null,278939159
TRND-Glioblastoma_LOPAC_H4-primary_screen2,NCGC00015016-09,activity,10,-3,-72.043,-3,-79.129,4.045,NC\C=C/C(O)=O,A201,cis-4-Aminocrotonic acid,SIGMA,2021_LOPAC_01,null,null,null,-5,null,null,null,null,null,null,null,78.615,-72.629,0.018,1,null,null,null,null,null,null,6.5,null,null,6.572,-72.043,-21.458,-19.756,null,null,null,null,null,null,null,null,null,FMKJUUQOYOHLTF,null,TRND,JFUjYtETHjrynBTABE,null,null,null,null,null,null,null,null,null,null,null,null,null,0,4,0,null,null,173031,0 0 0 0,1,1,2025-06-17 15:29:19,null,null,null,null,null,null,null,364786651,activity,null,HTS,12.165145,5.742,6.572,-5.883,-72.043,null,null,null,null,null,null,null,null,null,null,null,null,null,null,null,null,null,null,null,null,null,278939181
TRND-Glioblastoma_LOPAC_H4-primary_screen2,NCGC00093727-17,activity,10,-3,-51.835,-3,-58.092,3.627,OC1=C(O)C=C(\C=C\C(=O)OCCC2=CC=CC=C2)C=C1,C8221,Caffeic acid phenethyl ester,SIGMA,2021_LOPAC_01,null,null,null,-5,null,null,null,null,null,null,null,60.009,-52.592,0.105,0.993,null,null,null,null,null,null,5.5,null,null,8.175,-51.835,-6.069,-11.938,null,null,null,null,null,null,null,null,null,SWUARLUWKZWEBQ,null,TRND,HiryXPyJMgHYJkMWox,null,null,null,null,null,null,null,null,null,104594-70-9,null,null,null,0,4,0,null,null,173031,0 0 0 0,1,1,2025-06-17 15:29:19,null,null,null,null,null,null,null,364786987,activity,null,HTS,22.613707,8.175,2.644,-4.796,-51.835,null,null,null,null,null,null,null,null,null,null,null,null,null,null,null,null,null,null,null,null,null,278938657
TRND-Glioblastoma_LOPAC_H4-primary_screen2,NCGC00025170-17,activity,10,-3,-51.974,-3,-55.251,4.045,CN(C)C1=CC=C(C=C1)\C=C2/C(=O)NC3=CC=CC=C23,S8567,SU 4312,SIGMA,2021_LOPAC_01,null,null,null,-5,null,null,null,null,null,null,null,59.456,-52.251,0.181,0.979,null,null,null,null,null,null,3,null,null,7.481,-51.974,-12.249,-21.024,null,null,null,null,null,null,null,null,null,UAKWLVYMKBWHMX,null,TRND,eyTizmdXdLRFegCJgU,null,null,null,null,null,null,null,null,null,null,null,null,null,0,4,0,null,null,173031,0 0 0 0,1,1,2025-06-17 15:29:19,null,null,null,null,null,null,null,364785895,activity,null,HTS,21.523329,7.481,-1.872,-6.265,-51.974,null,null,null,null,null,null,null,null,null,null,null,null,null,null,null,null,null,null,null,null,null,278939784
TRND-Glioblastoma_LOPAC_H4-primary_screen2,NCGC00690019-01,activity,11.220185,-3,-87.98,-3,-94.211,4.095,COC1=CC2=[N](C=C1)[Au+3]([Cl-])([Cl-])[N]3=C2C=C(OC)C=C3,SML2210,AubipyOMe,SIGMA,2021_LOPAC_01,null,null,null,-4.95,null,null,null,null,null,null,null,101.307,-89.211,0.196,0.976,null,null,null,null,null,null,5,null,null,13.327,-87.98,-15.356,-32.471,null,null,null,null,null,null,null,null,null,JMGTZEXDAANMPY,null,TRND,ochhJdvDcMlASkXXqy,null,null,null,null,HEXAFLUOROPHOSPHATE,null,null,null,null,null,null,null,null,0,4,0,null,null,173031,0 0 0 0,1,1,2025-06-17 15:29:19,null,null,null,null,null,null,null,364785739,activity,null,HTS,11.906321,13.327,-4.075,-4.638,-87.98,null,null,null,null,null,null,null,null,null,null,null,null,null,null,null,null,null,null,null,null,null,278939359
TRND-Glioblastoma_LOPAC_H4-primary_screen2,NCGC00168775-08,activity,11.220185,-3,-31.006,-3,-37.208,3.297,NC(=O)C([C@@H]1CCN(CCC2=CC3=C(OCC3)C=C2)C1)(C4=CC=CC=C4)C5=CC=CC=C5,SML1102,Darifenacin hydrobromide,SIGMA,2021_LOPAC_01,null,null,null,-4.95,null,null,null,null,null,null,null,39.4,-32.208,0.193,0.976,null,null,null,null,null,null,5,null,null,8.394,-31.006,7.88,0.47,null,null,null,null,null,null,null,null,null,HXGBXQDTNZMWGS,null,TRND,LgxSoSgGgIUeRFeKYS,null,null,null,null,BR,null,null,null,null,null,null,null,null,0,4,0,null,null,173031,0 0 0 0,1,1,2025-06-17 15:29:19,null,null,null,null,null,null,null,364785523,activity,null,HTS,null,8.394,1.756,-0.488,-31.006,null,null,null,null,null,null,null,null,null,null,null,null,null,null,null,null,null,null,null,null,null,278939426
TRND-Glioblastoma_LOPAC_H4-primary_screen2,NCGC00357427-12,activity,11.220185,-3,-51.339,-3,-55.527,4.504,NCCOC1=CC(=NC(=C1)C(=O)NC2=NC3=CC=CC=C3C(OCCN)=C2)C(=O)NC4=NC5=CC=CC=C5C(OCCN)=C4,SML0678,Pyridostatin trifluoroacetate salt,SIGMA,2021_LOPAC_01,null,null,null,-4.95,null,null,null,null,null,null,null,59.723,-51.527,0.167,0.982,null,null,null,null,null,null,4,null,null,8.384,-51.339,-4.423,-13.584,null,null,null,null,null,null,null,null,null,VGHSATQVJCTKEF,null,TRND,zeRdiwxvwshnVgSLQP,null,G-quadraplex binding ligand,null,null,TFA,null,null,null,null,null,H2AX,null,null,0,4,0,null,null,173031,0 0 0 0,1,1,2025-06-17 15:29:19,null,null,null,null,null,null,null,364786183,activity,null,HTS,24.343122,8.384,-0.472,-0.531,-51.339,null,null,null,null,null,null,null,null,null,null,null,null,null,null,null,null,null,null,null,null,null,278938899
TRND-Glioblastoma_LOPAC_H4-primary_screen2,NCGC00023230-35,activity,11.220185,-3,-39.318,-3,-48.556,2.638,COC1=CC=C2[C@H](OC(=O)C2=C1OC)[C@@H]3N(C)CCC4=CC5=C(OCO5)C(OC)=C34,N9007,Noscapine hydrchloride,SIGMA,2021_LOPAC_01,null,null,null,-4.95,null,null,null,null,null,null,null,52.515,-42.056,0.303,0.939,null,null,null,null,null,null,6.5,null,null,13.198,-39.318,12.85,-0.609,null,null,null,null,null,null,null,null,null,AKNNEGZIBPJZJG,null,TRND,McQyDBQRVwUlhwYdQA,null,Tubulin polymerization inhibitor,null,null,CL,null,null,null,null,128-62-1|6035-40-1,TUBB,null,null,0,4,0,null,null,173031,0 0 0 0,1,1,2025-06-17 15:29:19,null,null,null,null,null,null,null,364787795,activity,null,HTS,null,13.198,-0.511,-3.932,-39.318,null,null,null,null,null,null,null,null,null,null,null,null,null,null,null,null,null,null,null,null,null,278939455
TRND-Glioblastoma_LOPAC_H4-primary_screen2,NCGC00015838-09,activity,11.220185,-3,-73.578,-3,-69.9,4.955,CCC(=O)C1=CC2=C(SC3=C(C=CC=C3)N2CCCN(C)C)C=C1,P7780,Propionylpromazine hydrochloride,SIGMA,2021_LOPAC_01,null,null,null,-4.95,null,null,null,null,null,null,null,70.679,-73.879,0.033,0.999,null,null,null,null,null,null,-3.979,null,null,-2.899,-73.578,-56.619,-58.731,null,null,null,null,null,null,null,null,null,ZQTVCQIJTREKSP,null,TRND,tQGplGGvHjTQkakSei,null,null,null,null,HCL,null,null,null,null,7681-67-6,null,null,null,0,4,0,null,null,173031,0 0 0 0,1,1,2025-06-17 15:29:19,null,null,null,null,null,null,null,364787351,activity,null,HTS,13.024887,-2.899,-5.007,-9.145,-73.578,null,null,null,null,null,null,null,null,null,null,null,null,null,null,null,null,null,null,null,null,null,278939497
TRND-Glioblastoma_LOPAC_H4-primary_screen2,NCGC00186022-06,activity,11.220185,-3,-56.524,-3,-63.363,4.095,CC1=NN(C(C)=C1)C2=NC(NC3CCCCC3)=CC(C)=N2,C5493,CyPPA,SIGMA,2021_LOPAC_01,null,null,null,-4.95,null,null,null,null,null,null,null,69.308,-57.363,0.232,0.965,null,null,null,null,null,null,6,null,null,12.784,-56.524,-24.654,-9.447,null,null,null,null,null,null,null,null,null,USEMRPYUFJNFQN,null,TRND,iTmeAPFgogcFTPGrON,null,null,null,null,null,null,null,null,null,null,null,null,null,0,4,0,null,null,173031,0 0 0 0,1,1,2025-06-17 15:29:19,null,null,null,null,null,null,null,364789343,activity,null,HTS,17.912399,-1.214,12.784,-0.723,-56.524,null,null,null,null,null,null,null,null,null,null,null,null,null,null,null,null,null,null,null,null,null,278939540
TRND-Glioblastoma_LOPAC_H4-primary_screen2,NCGC00015251-29,activity,11.220185,-3,-31.345,-3,-39.114,1.858,ClC1=C(C=CC=C1)C(N2C=CN=C2)(C3=CC=CC=C3)C4=CC=CC=C4,C6019,Clotrimazole,SIGMA,2021_LOPAC_01,null,null,null,-4.95,null,null,null,null,null,null,null,34.683,-36.114,0.035,0.999,null,null,null,null,null,null,3,null,null,3.338,-31.345,-11.386,-12.212,null,null,null,null,null,null,null,null,null,VNFPBHJOKIVQEB,null,TRND,XDjLvKxNgIKqprLNbU,null,Anti-fungal,null,null,null,null,null,null,null,23593-75-1,ERG11,null,null,0,4,0,null,null,173031,0 0 0 0,1,1,2025-06-17 15:29:19,null,null,null,null,null,null,null,364790119,activity,null,HTS,null,3.338,1.65,-7.614,-31.345,null,null,null,null,null,null,null,null,null,null,null,null,null,null,null,null,null,null,null,null,null,278939541
TRND-Glioblastoma_LOPAC_H4-primary_screen2,NCGC00689999-01,activity,11.220185,-3,-41.748,-3,-43.092,4.095,CC(C)C(=O)NC1=NNC2=C1C=CC(=C2)C3=CC(N[S+]([O-])(=O)C4CC4)=CC=C3,SML2220,SGC-AAK1-1N,SIGMA,2021_LOPAC_01,null,null,null,-4.95,null,null,null,null,null,null,null,45.247,-42.092,0.131,0.989,null,null,null,null,null,null,1,null,null,3.5,-41.748,-16.123,-20.9,null,null,null,null,null,null,null,null,null,CUOKPJUCXLNBQI,null,TRND,BAEoCFzGjeVmrvnLNq,null,null,null,null,null,null,null,null,null,null,null,null,null,0,4,0,null,null,173031,0 0 0 0,1,1,2025-06-17 15:29:19,null,null,null,null,null,null,null,364789443,activity,null,HTS,null,3.5,-1.75,-3.814,-41.748,null,null,null,null,null,null,null,null,null,null,null,null,null,null,null,null,null,null,null,null,null,278939557
TRND-Glioblastoma_LOPAC_H4-primary_screen2,NCGC00162255-06,activity,11.220185,-3,-69.947,-3,-75.739,4.095,CC1=CC=CC=C1\C=C\C2=NCCN2,M5685,Metrazoline oxalate,SIGMA,2021_LOPAC_01,null,null,null,-4.95,null,null,null,null,null,null,null,75.218,-70.739,0.011,1,null,null,null,null,null,null,5,null,null,5.271,-69.947,-21.845,-21.498,null,null,null,null,null,null,null,null,null,GFIPROCAVXFHHK,null,TRND,dhyvjpmgIgCjetGSjS,null,null,null,null,OXALIC_ACID,null,null,null,null,null,null,null,null,0,4,0,null,null,173031,0 0 0 0,1,1,2025-06-17 15:29:19,null,null,null,null,null,null,null,364789367,activity,null,HTS,13.91005,4.721,5.271,-2.66,-69.947,null,null,null,null,null,null,null,null,null,null,null,null,null,null,null,null,null,null,null,null,null,278939626
TRND-Glioblastoma_LOPAC_H4-primary_screen2,NCGC00386309-08,activity,11.220185,-3,-96.053,-3,-98.398,4.095,CCC(=O)NC1=CC=CC(OC2=NC(NC3=C(OC)C=C(C=C3)N4CCN(C)CC4)=NC=C2Cl)=C1,SML1445,WZ4003,SIGMA,2021_LOPAC_01,null,null,null,-4.95,null,null,null,null,null,null,null,98.572,-97.398,0.035,0.999,null,null,null,null,null,null,1,null,null,2.519,-96.053,-50.605,-53.754,null,null,null,null,null,null,null,null,null,SDGJBAUIGHSMRI,null,TRND,jXpIBdBKEiwTvftuKX,null,NUAK family SNF1-like kinase 1 inhibitor,null,null,null,null,null,null,null,null,NUAK1,null,null,0,4,0,null,null,173031,0 0 0 0,1,1,2025-06-17 15:29:19,null,null,null,null,null,null,null,364789767,activity,null,HTS,11.367609,2.519,-0.622,-9.534,-96.053,null,null,null,null,null,null,null,null,null,null,null,null,null,null,null,null,null,null,null,null,null,278939111
TRND-Glioblastoma_LOPAC_H4-primary_screen2,NCGC00167492-12,activity,11.220185,-3,-86.119,-3,-88.808,4.504,COC(=O)C1=C(C)NC(C)=C(C1C2=CC(=CC=C2)[N+]([O-])=O)C(=O)OC(C)(C)CN(C)CCC(C3=CC=CC=C3)C4=CC=CC=C4,L6668,Lercanidipine hydrochloride hemihydrate,SIGMA,2021_LOPAC_01,null,null,null,-4.95,null,null,null,null,null,null,null,92.831,-86.808,0.117,0.991,null,null,null,null,null,null,2,null,null,6.712,-86.119,-53.019,-42.389,null,null,null,null,null,null,null,null,null,ZDXUKAKRHYTAKV,null,TRND,OhuWfHkJlvaoNysHrU,null,null,null,null,CL,null,null,null,null,132866-11-6,null,null,null,0,4,0,null,null,173031,0 0 0 0,1,1,2025-06-17 15:29:19,null,null,null,null,null,null,null,364789143,activity,null,HTS,12.009711,-3.062,6.712,-5.632,-86.119,null,null,null,null,null,null,null,null,null,null,null,null,null,null,null,null,null,null,null,null,null,278939654
TRND-Glioblastoma_LOPAC_H4-primary_screen2,NCGC00087387-12,activity,11.220185,-3,-68.297,-3,-78.859,4.504,CC1=CC(Cl)=CC=C1OCCCC(=O)NO,D6321,Droxinostat,SIGMA,2021_LOPAC_01,null,null,null,-4.95,null,null,null,null,null,null,null,80.352,-68.859,0.053,0.998,null,null,null,null,null,null,10,null,null,12.054,-68.297,5.119,1.004,null,null,null,null,null,null,null,null,null,JHSXDAWGLCZYSM,null,TRND,OuKuXwygBFClBhPjcW,null,"Histone deacetylase 6, class IIB inhibitor",null,null,null,null,null,null,null,null,HDAC6,null,null,0,4,0,null,null,173031,0 0 0 0,1,1,2025-06-17 15:29:19,null,null,null,null,null,null,null,364790183,activity,null,HTS,13.931833,12.054,8.18,2.649,-68.297,null,null,null,null,null,null,null,null,null,null,null,null,null,null,null,null,null,null,null,null,null,278939655
TRND-Glioblastoma_LOPAC_H4-primary_screen2,NCGC00015882-29,activity,11.220185,-3,-37.141,-3,-42.341,4.504,NC1=NC2=C(S1)C=C(OC(F)(F)F)C=C2,R116,Riluzole,SIGMA,2021_LOPAC_01,null,null,null,-4.95,null,null,null,null,null,null,null,42.594,-37.341,0.032,0.999,null,null,null,null,null,null,5,null,null,5.453,-37.141,-0.411,-1.196,null,null,null,null,null,null,null,null,null,FTALBRSUTCGOEG,null,TRND,xiCxmAVMJQjvjYgqIB,null,Short transient receptor potential channel 5 agonist,null,null,null,null,null,null,null,1744-22-5,TRPC5,null,null,0,4,0,null,null,173031,0 0 0 0,1,1,2025-06-17 15:29:19,null,null,null,null,null,null,null,364786751,activity,null,HTS,null,5.453,4.253,1.441,-37.141,null,null,null,null,null,null,null,null,null,null,null,null,null,null,null,null,null,null,null,null,null,278938675
TRND-Glioblastoma_LOPAC_H4-primary_screen2,NCGC00263190-15,activity,11.220185,-3,-36.813,-3,-43.752,4.504,O=C1\C=C(/O/C(=C\1)C2=C3SC4=C(SC3=CC=C2)C=CC=C4)N5CCOCC5,SML1109,KU-55933,SIGMA,2021_LOPAC_01,null,null,null,-4.95,null,null,null,null,null,null,null,48.483,-37.252,0.254,0.958,null,null,null,null,null,null,6.5,null,null,11.67,-36.813,-6.847,5.03,null,null,null,null,null,null,null,null,null,XRKYMMUGXMWDAO,null,TRND,xSGNZYPAsmtyuITQIO,null,ATM Kinase inhibitor,null,null,null,null,null,null,null,587871-26-9,ATM,null,null,0,4,0,null,null,173031,0 0 0 0,1,1,2025-06-17 15:29:19,null,null,null,null,null,null,null,364786919,activity,null,HTS,null,0.92,11.67,2.569,-36.813,null,null,null,null,null,null,null,null,null,null,null,null,null,null,null,null,null,null,null,null,null,278938677
TRND-Glioblastoma_LOPAC_H4-primary_screen2,NCGC00015144-09,activity,11.220185,-3,-36.863,-3,-46.322,2.952,NC1=NC(OCC2=CC=CC=C2)=C3N=CNC3=N1,B2292,O6-benzylguanine,SIGMA,2021_LOPAC_01,null,null,null,-4.95,null,null,null,null,null,null,null,48.278,-38.822,0.193,0.976,null,null,null,null,null,null,7.5,null,null,11.415,-36.863,14.115,6.033,null,null,null,null,null,null,null,null,null,KRWMERLEINMZFT,null,TRND,ebZquqKWSIDIYpPtAG,null,Methylated-DNA--protein-cysteine methyltransferase inhibitor,null,null,null,null,null,null,null,19916-73-5,MGMT,null,null,0,4,0,null,null,173031,0 0 0 0,1,1,2025-06-17 15:29:19,null,null,null,null,null,null,null,364787011,activity,null,HTS,null,11.415,3.287,-0.689,-36.863,null,null,null,null,null,null,null,null,null,null,null,null,null,null,null,null,null,null,null,null,null,278939218
TRND-Glioblastoma_LOPAC_H4-primary_screen2,NCGC00387769-05,activity,12.589254,-3,-65.679,-3,-74.374,4.955,CCNCC1=NC2=C(N1CC(C)(C)O)C3=C(C=CC=C3)N=C2N,SML0877,Gardiquimod,SIGMA,2021_LOPAC_01,null,null,null,-4.9,null,null,null,null,null,null,null,76.233,-66.374,0.073,0.997,null,null,null,null,null,null,8,null,null,10.554,-65.679,-8.475,-3.336,null,null,null,null,null,null,null,null,null,FHJATBIERQTCTN,null,TRND,axNYRcXMWrjcWTHGCs,null,Toll-Like Receptor 7 agonist,null,null,null,null,null,null,null,null,TLR7,null,null,0,4,0,null,null,173031,0 0 0 0,1,1,2025-06-17 15:29:19,null,null,null,null,null,null,null,364785339,activity,null,HTS,15.770449,5.44,10.554,5.119,-65.679,null,null,null,null,null,null,null,null,null,null,null,null,null,null,null,null,null,null,null,null,null,278938741
TRND-Glioblastoma_LOPAC_H4-primary_screen2,NCGC00689998-01,activity,12.589254,-3,-63.995,-3,-65.954,4.504,CC(C)(C)C1=CC=C(C=C1)C(=O)NC2=CC=C(NC3=CC=CC=C3)C=C2,SML2291,S119-8,SIGMA,2021_LOPAC_01,null,null,null,-4.9,null,null,null,null,null,null,null,72.104,-64.954,0.223,0.968,null,null,null,null,null,null,1,null,null,8.109,-63.995,-17.127,-32.041,null,null,null,null,null,null,null,null,null,NEPKMQDGCTXOPG,null,TRND,MLWZMLawgZqSShmHrU,null,null,null,null,null,null,null,null,null,null,null,null,null,0,4,0,null,null,173031,0 0 0 0,1,1,2025-06-17 15:29:19,null,null,null,null,null,null,null,364786699,activity,null,HTS,16.457962,8.109,-6.113,-2.457,-63.995,null,null,null,null,null,null,null,null,null,null,null,null,null,null,null,null,null,null,null,null,null,278939358
TRND-Glioblastoma_LOPAC_H4-primary_screen2,NCGC00263539-17,activity,12.589254,-3,-82.77,-3,-85.358,4.095,ClC1=CC2=C(CC(=O)N2)C=C1CCN3CCN(CC3)C4=NSC5=CC=CC=C45,Z2777,Ziprasidone hydrochloride monohydrate,SIGMA,2021_LOPAC_01,null,null,null,-4.9,null,null,null,null,null,null,null,86.644,-84.358,0.075,0.997,null,null,null,null,null,null,1,null,null,3.875,-82.77,-37.632,-43.48,null,null,null,null,null,null,null,null,null,MVWVFYHBGMAFLY,null,TRND,uKaiQOBjoVWSbldmrY,null,null,null,null,CL,null,null,null,null,146939-27-7,null,null,null,0,4,0,null,null,173031,0 0 0 0,1,1,2025-06-17 15:29:19,null,null,null,null,null,null,null,364789315,activity,null,HTS,13.797229,3.875,-2.07,-4.901,-82.77,null,null,null,null,null,null,null,null,null,null,null,null,null,null,null,null,null,null,null,null,null,278938844
TRND-Glioblastoma_LOPAC_H4-primary_screen2,NCGC00015940-10,activity,12.589254,-3,-63.692,-3,-74.543,4.504,CN1CCC2=C(C=C(O)C(O)=C2Cl)C(C1)C3=CC(C)=CC=C3,S2816,SKF 83959 hydrobromide,SIGMA,2021_LOPAC_01,null,null,null,-4.9,null,null,null,null,null,null,null,77.756,-64.543,0.114,0.992,null,null,null,null,null,null,10,null,null,14.063,-63.692,13.655,5.465,null,null,null,null,null,null,null,null,null,JXMYTVOBSFOHAF,null,TRND,MJvyjEmfYTeHdNTFNr,null,null,null,null,BR,null,null,null,null,67287-95-0,null,null,null,0,4,0,null,null,173031,0 0 0 0,1,1,2025-06-17 15:29:19,null,null,null,null,null,null,null,364786799,activity,null,HTS,16.560063,14.063,6.107,5.493,-63.692,null,null,null,null,null,null,null,null,null,null,null,null,null,null,null,null,null,null,null,null,null,278938905
TRND-Glioblastoma_LOPAC_H4-primary_screen2,NCGC00015619-27,activity,12.589254,-3,-55.186,-3,-60.912,4.955,CCOC(=O)N1CCC(CC1)=C2C3=C(CCC4=C2N=CC=C4)C=C(Cl)C=C3,L9664,Loratadine,SIGMA,2021_LOPAC_01,null,null,null,-4.9,null,null,null,null,null,null,null,62.26,-55.912,0.072,0.997,null,null,null,null,null,null,5,null,null,7.075,-55.186,-5.463,-10.024,null,null,null,null,null,null,null,null,null,JCCNYMKQOSZNPW,null,TRND,FCiZvdzXjOHSjYtZkG,null,null,null,null,null,null,null,null,null,79794-75-5,null,null,null,0,4,0,null,null,173031,0 0 0 0,1,1,2025-06-17 15:29:19,null,null,null,null,null,null,null,364787475,activity,null,HTS,19.370323,7.075,2.937,2.662,-55.186,null,null,null,null,null,null,null,null,null,null,null,null,null,null,null,null,null,null,null,null,null,278938913
TRND-Glioblastoma_LOPAC_H4-primary_screen2,NCGC00690010-01,activity,12.589254,-3,-41.024,-3,-54.229,1.858,COC1=CC(O)=CC(CCC2=CC=C(OC)C(O)=C2)=C1,SML2036,Gigantol,SIGMA,2021_LOPAC_01,null,null,null,-4.9,null,null,null,null,null,null,null,51.111,-48.729,0.22,0.969,null,null,null,null,null,null,5.5,null,null,10.088,-41.024,1.619,-8.246,null,null,null,null,null,null,null,null,null,SDXKZPQOVUDXIY,null,TRND,uMBEbitJUZFujGBDQp,null,null,null,null,null,null,null,null,null,null,null,null,null,0,4,0,null,null,173031,0 0 0 0,1,1,2025-06-17 15:29:19,null,null,null,null,null,null,null,364788671,activity,null,HTS,null,10.088,-0.206,-6.672,-41.024,null,null,null,null,null,null,null,null,null,null,null,null,null,null,null,null,null,null,null,null,null,278939440
TRND-Glioblastoma_LOPAC_H4-primary_screen2,NCGC00015233-11,activity,12.589254,-3,-94.003,-3,-97.383,4.095,ClC1=CC=C(C=C1)C(C2=CC=C(Cl)C=C2)[N+]3=CN(CC(OCC4=C(Cl)C=C(Cl)C=C4)C5=C(Cl)C=C(Cl)C=C5)C=C3,C3930,Calmidazolium chloride,SIGMA,2021_LOPAC_01,null,null,null,-4.9,null,null,null,null,null,null,null,96.447,-95.883,0.017,1,null,null,null,null,null,null,1.5,null,null,2.444,-94.003,-47.734,-47.918,null,null,null,null,null,null,null,null,null,CTKNMSVWMRRCPW,null,TRND,iXjLxPGExZeFxILbYP,null,Calcium/calmodulin-dependent protein kinase kinase 2 inhibitor,null,null,CL,null,null,null,null,57265-65-3,CAMKK2,null,null,0,4,0,null,null,173031,0 0 0 0,1,1,2025-06-17 15:29:19,null,null,null,null,null,null,null,364787515,activity,null,HTS,12.856234,1.425,2.444,-5.691,-94.003,null,null,null,null,null,null,null,null,null,null,null,null,null,null,null,null,null,null,null,null,null,278939473
TRND-Glioblastoma_LOPAC_H4-primary_screen2,NCGC00016007-15,activity,12.589254,-3,-86.538,-3,-94.75,4.504,CC(C)(C)C1=CC(=CC(=C1O)C(C)(C)C)\C=C(/C#N)C(N)=S,T2067,Tyrphostin AG 879,SIGMA,2021_LOPAC_01,null,null,null,-4.9,null,null,null,null,null,null,null,95.263,-87.75,0.037,0.999,null,null,null,null,null,null,7,null,null,8.724,-86.538,-23.089,-19.888,null,null,null,null,null,null,null,null,null,XRZYELWZLNAXGE,null,TRND,lhGlDOqSVcEGLTctZI,null,null,null,null,null,null,null,null,null,null,null,null,null,0,4,0,null,null,173031,0 0 0 0,1,1,2025-06-17 15:29:19,null,null,null,null,null,null,null,364788995,activity,null,HTS,13.399746,5.511,8.724,1.448,-86.538,null,null,null,null,null,null,null,null,null,null,null,null,null,null,null,null,null,null,null,null,null,278939064
TRND-Glioblastoma_LOPAC_H4-primary_screen2,NCGC00379159-07,activity,12.589254,-3,-93.23,-3,-106.976,4.955,O=C(NC1=CC2=C(C#N)C3=NC4=CC=CC=C4N=C3N2C=C1)C5=CC=CS5,SML0796,HI-TOPK-032,SIGMA,2021_LOPAC_01,null,null,null,-4.9,null,null,null,null,null,null,null,111.155,-93.976,0.098,0.994,null,null,null,null,null,null,13,null,null,17.925,-93.23,-8.314,2.219,null,null,null,null,null,null,null,null,null,BCSBXWKRZUPFHW,null,TRND,AtEFDINpGctfopmLlw,null,null,null,null,null,null,null,null,null,null,null,null,null,0,4,0,null,null,173031,0 0 0 0,1,1,2025-06-17 15:29:19,null,null,null,null,null,null,null,364788191,activity,null,HTS,12.919703,8.014,17.925,8.476,-93.23,null,null,null,null,null,null,null,null,null,null,null,null,null,null,null,null,null,null,null,null,null,278939137
TRND-Glioblastoma_LOPAC_H4-primary_screen2,NCGC00013841-25,activity,12.589254,-3,-46.574,-3,-49.094,4.095,CN(C)CCC=C1C2=C(C=CC=C2)C=CC3=C1C=CC=C3,C4542,Cyclobenzaprine hydrochloride,SIGMA,2021_LOPAC_01,null,null,null,-4.9,null,null,null,null,null,null,null,53.01,-47.594,0.204,0.973,null,null,null,null,null,null,1.5,null,null,6.437,-46.574,-9.842,-20.662,null,null,null,null,null,null,null,null,null,JURKNVYFZMSNLP,null,TRND,XlfbnRCVLdokpgDUKn,null,null,null,null,CL,null,null,null,null,6202-23-9,null,null,null,0,4,0,null,null,173031,0 0 0 0,1,1,2025-06-17 15:29:19,null,null,null,null,null,null,null,364789447,activity,null,HTS,null,6.437,-3.103,-1.505,-46.574,null,null,null,null,null,null,null,null,null,null,null,null,null,null,null,null,null,null,null,null,null,278938632
TRND-Glioblastoma_LOPAC_H4-primary_screen2,NCGC00025272-16,activity,12.589254,-3,-92.257,-3,-99.549,4.504,CC1=CC=C(C=C1)[S+]([O-])(=O)\C=C\C#N,B5556,Bay 11-7082,SIGMA,2021_LOPAC_01,null,null,null,-4.9,null,null,null,null,null,null,null,98.498,-93.549,0.008,1,null,null,null,null,null,null,6,null,null,6.241,-92.257,-27.016,-27.26,null,null,null,null,null,null,null,null,null,DOEWDSDBFRHVAP,null,TRND,CTiEfpKxuuvsMxsPVR,null,null,null,null,null,null,null,null,null,19542-67-7,null,null,null,0,4,0,null,null,173031,0 0 0 0,1,1,2025-06-17 15:29:19,null,null,null,null,null,null,null,364788723,activity,null,HTS,12.981327,6.241,5.668,0.289,-92.257,null,null,null,null,null,null,null,null,null,null,null,null,null,null,null,null,null,null,null,null,null,278938710
TRND-Glioblastoma_LOPAC_H4-primary_screen2,NCGC00485206-03,activity,14.125375,-3,-48.546,-3,-55.68,4.504,NC1=NC(=O)C2=C(NC[C@H](CCC3=CC=C(C=C3)C(=O)N[C@@H](CCC(O)=O)C(O)=O)C2)N1,SML0040,Lometrexol hydrate,SIGMA,2021_LOPAC_01,null,null,null,-4.85,null,null,null,null,null,null,null,61.519,-49.68,0.248,0.96,null,null,null,null,null,null,6,null,null,12.972,-48.546,13.016,-1.757,null,null,null,null,null,null,null,null,null,ZUQBAQVRAURMCL,null,TRND,SYLbFbHhQItkrqelXH,null,null,null,null,H2O,null,null,null,null,null,null,null,null,0,4,0,null,null,173031,0 0 0 0,1,1,2025-06-17 15:29:19,null,null,null,null,null,null,null,364786859,activity,null,HTS,null,12.972,-0.537,4.162,-48.546,null,null,null,null,null,null,null,null,null,null,null,null,null,null,null,null,null,null,null,null,null,278938780
TRND-Glioblastoma_LOPAC_H4-primary_screen2,NCGC00015252-30,activity,14.125375,-3,-34.954,-3,-41.096,4.955,CN1CCC(CC1)=C2C3=C(C=CC=C3)C=CC4=C2C=CC=C4,C6022,Cyproheptadine hydrochloride,SIGMA,2021_LOPAC_01,null,null,null,-4.85,null,null,null,null,null,null,null,46.963,-35.596,0.321,0.931,null,null,null,null,null,null,5.5,null,null,12.01,-34.954,17.183,3.863,null,null,null,null,null,null,null,null,null,JJCFRYNCJDLXIK,null,TRND,zAmHrhPkjrWNjBwHPs,null,5-HT2B Receptor antagonist,null,null,CL,null,null,null,null,969-33-5,HTR2B,null,null,0,4,0,null,null,173031,0 0 0 0,1,1,2025-06-17 15:29:19,null,null,null,null,null,null,null,364785659,activity,null,HTS,null,12.01,-1.382,4.569,-34.954,null,null,null,null,null,null,null,null,null,null,null,null,null,null,null,null,null,null,null,null,null,278939420
TRND-Glioblastoma_LOPAC_H4-primary_screen2,NCGC00015829-22,activity,14.125375,-3,-39.234,-3,-45.226,4.095,CN(C)CCCN1C2=C(SC3=C1C=CC=C3)C=CC=C2,P6656,Promazine hydrochloride,SIGMA,2021_LOPAC_01,null,null,null,-4.85,null,null,null,null,null,null,null,44.765,-40.726,0.042,0.999,null,null,null,null,null,null,4.5,null,null,5.531,-39.234,-4.35,-3.342,null,null,null,null,null,null,null,null,null,ZGUGWUXLJSTTMA,null,TRND,pmlvpdTRKfoHMcZkKk,null,null,null,null,CL,null,null,null,null,53-60-1,null,null,null,0,4,0,null,null,173031,0 0 0 0,1,1,2025-06-17 15:29:19,null,null,null,null,null,null,null,364785575,activity,null,HTS,null,3.866,5.531,2.405,-39.234,null,null,null,null,null,null,null,null,null,null,null,null,null,null,null,null,null,null,null,null,null,278939590
TRND-Glioblastoma_LOPAC_H4-primary_screen2,NCGC00485144-04,activity,14.125375,-3,-94.863,-3,-105.398,4.095,COC(=O)C1=C(C)NC(C)=C(C1C2=CC=CC(NC(=O)NCCCN3CCC(CC3)C4=CC(OC)=CC=C4)=C2)C(=O)OC,B5063,BMS-193885,SIGMA,2021_LOPAC_01,null,null,null,-4.85,null,null,null,null,null,null,null,107.307,-97.898,0.102,0.994,null,null,null,null,null,null,7.5,null,null,12.445,-94.863,-11.92,-21.824,null,null,null,null,null,null,null,null,null,WMYSXJSJXZFODY,null,TRND,JTrpzgqxIxBGyfVRJH,null,null,null,null,null,null,null,null,null,186185-03-5,null,null,null,0,4,0,null,null,173031,0 0 0 0,1,1,2025-06-17 15:29:19,null,null,null,null,null,null,null,364788691,activity,null,HTS,14.274303,12.445,2.531,2.35,-94.863,null,null,null,null,null,null,null,null,null,null,null,null,null,null,null,null,null,null,null,null,null,278938551
TRND-Glioblastoma_LOPAC_H4-primary_screen2,NCGC00015910-10,activity,14.125375,-3,-73.226,-3,-77.978,4.504,OC1=CC2=C(CCNCC2C3=CC=CC=C3)C(Cl)=C1O,S143,(±)-6-Chloro-PB hydrobromide,SIGMA,2021_LOPAC_01,null,null,null,-4.85,null,null,null,null,null,null,null,76.951,-74.978,0.022,1,null,null,null,null,null,null,3,null,null,3.724,-73.226,-26.262,-27.848,null,null,null,null,null,null,null,null,null,GHWJEDJMOVUXEC,null,TRND,aHYnYLxSDgQXsZqWmX,null,null,null,null,BR,null,null,null,null,null,null,null,null,0,4,0,null,null,173031,0 0 0 0,1,1,2025-06-17 15:29:19,null,null,null,null,null,null,null,364788307,activity,null,HTS,16.478366,3.724,2.163,0.551,-73.226,null,null,null,null,null,null,null,null,null,null,null,null,null,null,null,null,null,null,null,null,null,278939066
TRND-Glioblastoma_LOPAC_H4-primary_screen2,NCGC00379308-02,activity,14.125375,-3,-92.206,-3,-101.656,4.095,CC(NC1=C2C=CC=CC2=NC(=N1)N3CCNCC3)C4=CC=CC=C4,SML2256,D3-ßArr,SIGMA,2021_LOPAC_01,null,null,null,-4.85,null,null,null,null,null,null,null,101.251,-95.156,0.05,0.998,null,null,null,null,null,null,6.5,null,null,9.045,-92.206,-19.082,-24.497,null,null,null,null,null,null,null,null,null,LOGWGZNWEWFTJV,null,TRND,iOWvlIfukeNpaugbEb,null,null,null,null,null,null,null,null,null,null,null,null,null,0,4,0,null,null,173031,0 0 0 0,1,1,2025-06-17 15:29:19,null,null,null,null,null,null,null,364786211,activity,null,HTS,14.481266,9.045,4.376,1.758,-92.206,null,null,null,null,null,null,null,null,null,null,null,null,null,null,null,null,null,null,null,null,null,278939705
TRND-Glioblastoma_LOPAC_H4-primary_screen2,NCGC00024683-38,activity,14.125375,-3,-34.155,-3,-40.937,4.095,C\C1=C/CC[C@@]2(C)O[C@H]2[C@H]3OC(=O)C(=C)[C@@H]3CC1,P0667,Parthenolide,SIGMA,2021_LOPAC_01,null,null,null,-4.85,null,null,null,null,null,null,null,40.385,-35.437,0.034,0.999,null,null,null,null,null,null,5.5,null,null,6.23,-34.155,5.312,3.68,null,null,null,null,null,null,null,null,null,KTEXNACQROZXEV,null,TRND,uhdIKYmZVtgOvPyrmo,null,NF-kappaB (NFKB) Activation inhibitor,null,null,null,null,null,null,null,[NO STEREO] 20554-84-1,NFKB1,null,null,0,4,0,null,null,173031,0 0 0 0,1,1,2025-06-17 15:29:19,null,null,null,null,null,null,null,364789639,activity,null,HTS,null,6.23,5.007,3.545,-34.155,null,null,null,null,null,null,null,null,null,null,null,null,null,null,null,null,null,null,null,null,null,278938722
TRND-Glioblastoma_LOPAC_H4-primary_screen2,NCGC00161420-15,activity,14.125375,-3,-95.106,-3,-108.649,4.095,COCC(=O)O[C@]3(CCN(C)CCCC1=NC2=C(N1)C=CC=C2)CCC4=C(C=CC(F)=C4)[C@@H]3C(C)C,M5441,Mibefradil dihydrochloride,SIGMA,2021_LOPAC_01,null,null,null,-4.85,null,null,null,null,null,null,null,108.213,-98.149,0.048,0.999,null,null,null,null,null,null,10.5,null,null,13.108,-95.106,-3.99,-9.488,null,null,null,null,null,null,null,null,null,HBNPJJILLOYFJU,null,TRND,UFDfKaVhiePvhHihLB,null,null,null,null,CL,null,null,null,null,null,null,null,null,0,4,0,null,null,173031,0 0 0 0,1,1,2025-06-17 15:29:19,null,null,null,null,null,null,null,364786811,activity,null,HTS,14.2561,13.108,8.357,5.419,-95.106,null,null,null,null,null,null,null,null,null,null,null,null,null,null,null,null,null,null,null,null,null,278939255
TRND-Glioblastoma_LOPAC_H4-primary_screen2,NCGC00024956-20,activity,15.848932,-3,-85.937,-3,-90.703,4.504,COC1=CC2=NC=NC(NC3=CC=CC(Br)=C3)=C2C=C1OC,SML0564,PD153035 hydrochloride,SIGMA,2021_LOPAC_01,null,null,null,-4.8,null,null,null,null,null,null,null,89.053,-89.203,0.039,0.999,null,null,null,null,null,null,1.5,null,null,3.116,-85.937,-43.581,-40.269,null,null,null,null,null,null,null,null,null,LSPANGZZENHZNJ,null,TRND,zStjUhwsiqYoeFRoAo,null,Epidermal Growth Factor Receptor inhibitor,null,null,CL,null,null,null,null,183322-45-4,EGFR,null,null,0,4,0,null,null,173031,0 0 0 0,1,1,2025-06-17 15:29:19,null,null,null,null,null,null,null,364788831,activity,null,HTS,16.72846,-0.114,3.116,-0.382,-85.937,null,null,null,null,null,null,null,null,null,null,null,null,null,null,null,null,null,null,null,null,null,278938923
TRND-Glioblastoma_LOPAC_H4-primary_screen2,NCGC00015300-21,activity,15.848932,-3,-91.432,-3,-99.809,4.955,FC1=CC=C(C=C1)C(OCCN2CCN(CCCC3=CC=CC=C3)CC2)C4=CC=C(F)C=C4,D052,GBR-12909 dihydrochloride,SIGMA,2021_LOPAC_01,null,null,null,-4.8,null,null,null,null,null,null,null,100.541,-93.809,0.083,0.996,null,null,null,null,null,null,6,null,null,9.109,-91.432,-18.609,-23.927,null,null,null,null,null,null,null,null,null,NAUWTFJOPJWYOT,null,TRND,usAwGxojofaqXiWvTl,null,Sodium-dependent Dopamine Transporter inhibitor,null,null,CL,null,null,null,null,null,SLC6A3,null,null,0,4,0,null,null,173031,0 0 0 0,1,1,2025-06-17 15:29:19,null,null,null,null,null,null,null,364787903,activity,null,HTS,16.277439,9.109,1.518,4.455,-91.432,null,null,null,null,null,null,null,null,null,null,null,null,null,null,null,null,null,null,null,null,null,278939544
TRND-Glioblastoma_LOPAC_H4-primary_screen2,NCGC00015842-19,activity,15.848932,-3,-94.802,-3,-104.042,4.095,[H][C@]12[C@]3([H])C=C(CO)C[C@]4(O)C(=O)C(C)=C[C@@]4([H])[C@@]3(O)[C@H](C)[C@@H](OC(=O)CCCCCCCCCCCCC)[C@@]1(OC(C)=O)C2(C)C,P8139,Phorbol 12-myristate 13-acetate,SIGMA,2021_LOPAC_01,null,null,null,-4.8,null,null,null,null,null,null,null,103.125,-99.542,0.077,0.996,null,null,null,null,null,null,4.5,null,null,8.323,-94.802,-24.741,-33.098,null,null,null,null,null,null,null,null,null,PHEDXBVPIONUQT,null,TRND,njHlMRhMNgbWgoeNOi,null,Protein kinase C activator,null,null,null,null,null,null,null,16561-29-8,PRKCA,null,null,0,4,0,null,null,173031,0 0 0 0,1,1,2025-06-17 15:29:19,null,null,null,null,null,null,null,364789907,activity,null,HTS,15.884602,8.323,1.011,1.844,-94.802,null,null,null,null,null,null,null,null,null,null,null,null,null,null,null,null,null,null,null,null,null,278939600
TRND-Glioblastoma_LOPAC_H4-primary_screen2,NCGC00346647-16,activity,15.848932,-3,-69.309,-3,-79.012,4.504,CNC(=O)C1=C(F)C=CC=C1NC2=C3C=CNC3=NC(NC4=C(OC)C=C5CCN(C(=O)CN(C)C)C5=C4)=N2,SML0995,GSK1838705A,SIGMA,2021_LOPAC_01,null,null,null,-4.8,null,null,null,null,null,null,null,77.797,-72.012,0.046,0.999,null,null,null,null,null,null,7,null,null,8.488,-69.309,-5.471,-8.326,null,null,null,null,null,null,null,null,null,HZTYDQRUAWIZRE,null,TRND,ruVsadMOmKcVneJjFk,null,Insulin-like growth factor 1 receptor inhibitor,null,null,null,null,null,null,null,null,IGF1R,null,null,0,4,0,null,null,173031,0 0 0 0,1,1,2025-06-17 15:29:19,null,null,null,null,null,null,null,364785439,activity,null,HTS,19.015274,8.488,5.178,5.417,-69.309,null,null,null,null,null,null,null,null,null,null,null,null,null,null,null,null,null,null,null,null,null,278938534
TRND-Glioblastoma_LOPAC_H4-primary_screen2,NCGC00015273-35,activity,15.848932,-3,-88.624,-3,-97.991,4.504,CN(C)CCCN1C2=C(SC3=C1C=C(Cl)C=C3)C=CC=C2,C8138,Chlorpromazine hydrochloride,SIGMA,2021_LOPAC_01,null,null,null,-4.8,null,null,null,null,null,null,null,97.16,-91.991,0.054,0.998,null,null,null,null,null,null,6,null,null,8.537,-88.624,-17.447,-22.926,null,null,null,null,null,null,null,null,null,ZPEIMTDSQAKGNT,null,TRND,qGTzKMrusZjEacttJa,null,null,null,null,CL,null,null,null,null,69-09-0,null,null,null,0,4,0,null,null,173031,0 0 0 0,1,1,2025-06-17 15:29:19,null,null,null,null,null,null,null,364785707,activity,null,HTS,16.475178,8.537,3.623,4.173,-88.624,null,null,null,null,null,null,null,null,null,null,null,null,null,null,null,null,null,null,null,null,null,278939109
TRND-Glioblastoma_LOPAC_H4-primary_screen2,NCGC00162179-21,activity,15.848932,-3,-94.199,-3,-102.149,4.955,OCCN1CCN(CC\C=C2\C3=CC=CC=C3SC4=C2C=C(C=C4)C(F)(F)F)CC1,F114,cis-(Z)-Flupenthixol dihydrochloride,SIGMA,2021_LOPAC_01,null,null,null,-4.8,null,null,null,null,null,null,null,101.62,-96.649,0.038,0.999,null,null,null,null,null,null,5.5,null,null,7.421,-94.199,-23.496,-27.499,null,null,null,null,null,null,null,null,null,NJMYODHXAKYRHW,null,TRND,SMGNnJGuYXbouzgDCv,null,null,null,null,CL,null,null,null,null,null,null,null,null,0,4,0,null,null,173031,0 0 0 0,1,1,2025-06-17 15:29:19,null,null,null,null,null,null,null,364788243,activity,null,HTS,16.072423,7.421,3.829,3.939,-94.199,null,null,null,null,null,null,null,null,null,null,null,null,null,null,null,null,null,null,null,null,null,278938678
TRND-Glioblastoma_LOPAC_H4-primary_screen2,NCGC00024970-06,activity,17.782794,-3,-30.355,-3,-37.919,4.504,CN(C)CCCC1=C(O)C=CC(=C1)C(=O)NC2=CC=C(C=C2)C3=CC=NC=C3,G0419,GR 55562 dihydrobromide,SIGMA,2021_LOPAC_01,null,null,null,-4.75,null,null,null,null,null,null,null,40.157,-32.419,0.245,0.961,null,null,null,null,null,null,5.5,null,null,9.801,-30.355,-2.855,6.71,null,null,null,null,null,null,null,null,null,ZAGAUUVCYGSPBP,null,TRND,WkOTqSHnuKnsoSXubq,null,null,null,null,BR,null,null,null,null,null,null,null,null,0,4,0,null,null,173031,0 0 0 0,1,1,2025-06-17 15:29:19,null,null,null,null,null,null,null,364788923,activity,null,HTS,null,1.018,9.801,4.901,-30.355,null,null,null,null,null,null,null,null,null,null,null,null,null,null,null,null,null,null,null,null,null,278939372
TRND-Glioblastoma_LOPAC_H4-primary_screen2,NCGC00025271-16,activity,17.782794,-3,-65.139,-3,-74.35,4.504,CC(C)(C)C1=CC=C(C=C1)[S+]([O-])(=O)\C=C\C#N,B5681,Bay 11-7085,SIGMA,2021_LOPAC_01,null,null,null,-4.75,null,null,null,null,null,null,null,71.094,-69.35,0.026,1,null,null,null,null,null,null,5,null,null,5.955,-65.139,-15.506,-14.024,null,null,null,null,null,null,null,null,null,VHKZGNPOHPFPER,null,TRND,LHyapSgXfvJZZxfZxn,null,null,null,null,null,null,null,null,null,null,null,null,null,0,4,0,null,null,173031,0 0 0 0,1,1,2025-06-17 15:29:19,null,null,null,null,null,null,null,364786883,activity,null,HTS,21.954796,4.218,5.955,4.103,-65.139,null,null,null,null,null,null,null,null,null,null,null,null,null,null,null,null,null,null,null,null,null,278938880
TRND-Glioblastoma_LOPAC_H4-primary_screen2,NCGC00015436-22,activity,17.782794,-3,-95.733,-3,-108.02,4.955,OCCN1CCN(CCCN2C3=C(SC4=C2C=C(C=C4)C(F)(F)F)C=CC=C3)CC1,F4765,Fluphenazine dihydrochloride,SIGMA,2021_LOPAC_01,null,null,null,-4.75,null,null,null,null,null,null,null,104.037,-100.52,0.022,1,null,null,null,null,null,null,7.5,null,null,8.303,-95.733,-22.66,-19.696,null,null,null,null,null,null,null,null,null,PLDUPXSUYLZYBN,null,TRND,SMGNnJOZUuVqkXezcX,null,Dopamine Receptor D2 antagonist,null,null,CL,null,null,null,null,null,DRD2,null,null,0,4,0,null,null,173031,0 0 0 0,1,1,2025-06-17 15:29:19,null,null,null,null,null,null,null,364790115,activity,null,HTS,17.74572,6.215,8.303,6.599,-95.733,null,null,null,null,null,null,null,null,null,null,null,null,null,null,null,null,null,null,null,null,null,278939008
TRND-Glioblastoma_LOPAC_H4-primary_screen2,NCGC00015851-18,activity,17.782794,-3,-72.039,-3,-84.802,4.955,CNCCCC1C2=C(C=CC=C2)C=CC3=C1C=CC=C3,P8813,Protriptyline hydrochloride,SIGMA,2021_LOPAC_01,null,null,null,-4.75,null,null,null,null,null,null,null,82.359,-75.802,0.042,0.999,null,null,null,null,null,null,9,null,null,10.319,-72.039,-4.75,-0.839,null,null,null,null,null,null,null,null,null,BWPIARFWQZKAIA,null,TRND,jRktSCvaWieDTrCEbk,null,null,null,null,CL,null,null,null,null,1225-55-4,null,null,null,0,4,0,null,null,173031,0 0 0 0,1,1,2025-06-17 15:29:19,null,null,null,null,null,null,null,364786103,activity,null,HTS,20.322854,7.153,10.319,8.663,-72.039,null,null,null,null,null,null,null,null,null,null,null,null,null,null,null,null,null,null,null,null,null,278939087
TRND-Glioblastoma_LOPAC_H4-primary_screen2,NCGC00507740-02,activity,17.782794,-3,-57.121,-3,-72.587,4.504,CC1=CC=C(C=C1)C(=O)NC2=C(N=C(NC3=CC=CC=C3)S2)C(N)=O,SML1506,KY-05009,SIGMA,2021_LOPAC_01,null,null,null,-4.75,null,null,null,null,null,null,null,69.163,-61.087,0.015,1,null,null,null,null,null,null,11.5,null,null,12.042,-57.121,16.527,17.409,null,null,null,null,null,null,null,null,null,WCEDGRTWDSHZHF,null,TRND,CplEiPIiVkiZMvYVtD,null,null,null,null,null,null,null,null,null,null,null,null,null,0,4,0,null,null,173031,0 0 0 0,1,1,2025-06-17 15:29:19,null,null,null,null,null,null,null,364786611,activity,null,HTS,24.844225,11.117,12.042,10.422,-57.121,null,null,null,null,null,null,null,null,null,null,null,null,null,null,null,null,null,null,null,null,null,278939251
TRND-Glioblastoma_LOPAC_H4-primary_screen2,NCGC00379228-07,activity,19.952623,-3,-93.562,-3,-114.884,4.955,CCC(C)CNCC(=O)N1CCC2=C(C=CS2)C1COC3=CC(C)=CC=C3,SML1000,RU-SKI 43 maleate,SIGMA,2021_LOPAC_01,null,null,null,-4.7,null,null,null,null,null,null,null,113.902,-100.884,0.121,0.991,null,null,null,null,null,null,14,null,null,20.34,-93.562,5.122,9.465,null,null,null,null,null,null,null,null,null,AEENEMOEBJOKGN,null,TRND,SlRqpbaYphbycUoNid,null,null,null,null,MALEATE,null,null,null,null,null,null,null,null,0,4,0,null,null,173031,0 0 0 0,1,1,2025-06-17 15:29:19,null,null,null,null,null,null,null,364789043,activity,null,HTS,19.882176,12.261,8.665,20.34,-93.562,null,null,null,null,null,null,null,null,null,null,null,null,null,null,null,null,null,null,null,null,null,278938728
TRND-Glioblastoma_LOPAC_H4-primary_screen2,NCGC00015959-23,activity,19.952623,-3,-90.424,-3,-96.158,4.955,C[N+]1=C2C3=CC4=C(OCO4)C=C3C=CC2=C5C=CC6=C(OCO6)C5=C1,S5890,Sanguinarine chloride,SIGMA,2021_LOPAC_01,null,null,null,-4.7,null,null,null,null,null,null,null,91.387,-97.658,0.084,0.996,null,null,null,null,null,null,-1.5,null,null,0.962,-90.424,-49.412,-54.189,null,null,null,null,null,null,null,null,null,INVGWHRKADIJHF,null,TRND,SPBIHvxkMLqRuZKjmr,null,null,null,null,CL,null,null,null,null,5578-73-4,null,null,null,0,4,0,null,null,173031,0 0 0 0,1,1,2025-06-17 15:29:19,null,null,null,null,null,null,null,364789371,activity,null,HTS,20.146734,0.962,-5.781,-0.727,-90.424,null,null,null,null,null,null,null,null,null,null,null,null,null,null,null,null,null,null,null,null,null,278938744
TRND-Glioblastoma_LOPAC_H4-primary_screen2,NCGC00024928-51,activity,19.952623,-3,-94.359,-3,-106.907,4.955,CC\C(C1=CC=CC=C1)=C(/C2=CC=CC=C2)C3=CC=C(OCCN(C)C)C=C3,T5648,Tamoxifen,SIGMA,2021_LOPAC_01,null,null,null,-4.7,null,null,null,null,null,null,null,102.606,-101.907,0.073,0.997,null,null,null,null,null,null,5,null,null,8.248,-94.359,-35.693,-28.915,null,null,null,null,null,null,null,null,null,NKANXQFJJICGDU,null,TRND,kCkWkFeXIlyUQEjUcn,null,Selective Estrogen Receptor modulator (SERM),null,null,null,null,null,null,null,54965-24-1,ESR1,null,null,0,4,0,null,null,173031,0 0 0 0,1,1,2025-06-17 15:29:19,null,null,null,null,null,null,null,364786263,activity,null,HTS,19.802436,1.806,4.477,8.248,-94.359,null,null,null,null,null,null,null,null,null,null,null,null,null,null,null,null,null,null,null,null,null,278939275
TRND-Glioblastoma_LOPAC_H4-primary_screen2,NCGC00025265-09,activity,19.952623,-3,-91.182,-3,-102.977,4.955,NC[C@@H]1O[C@@H](CC2=C(O)C(O)=CC=C12)[C@@]34CC5CC(CC(C5)C3)C4,A255,A-77636 hydrochloride,SIGMA,2021_LOPAC_01,null,null,null,-4.7,null,null,null,null,null,null,null,101.055,-98.477,0.124,0.99,null,null,null,null,null,null,4.5,null,null,9.873,-91.182,-29.17,-29.338,null,null,null,null,null,null,null,null,null,QLJOSZATCBCBDR,null,TRND,pdUTunSUPOvkzaBiZf,null,null,null,null,CL,null,null,null,null,null,null,null,null,0,4,0,null,null,173031,0 0 0 0,1,1,2025-06-17 15:29:19,null,null,null,null,null,null,null,364787947,activity,null,HTS,20.077592,4.586,-1.242,9.873,-91.182,null,null,null,null,null,null,null,null,null,null,null,null,null,null,null,null,null,null,null,null,null,278939278
TRND-Glioblastoma_LOPAC_H4-primary_screen2,NCGC00015096-36,activity,19.952623,-3,-92.072,-3,-104.437,4.955,CCCCC1=C(C(=O)C2=CC(I)=C(OCCN(CC)CC)C(I)=C2)C3=C(O1)C=CC=C3,A8423,Amiodarone hydrochloride,SIGMA,2021_LOPAC_01,null,null,null,-4.7,null,null,null,null,null,null,null,103.636,-99.437,0.138,0.988,null,null,null,null,null,null,5,null,null,11.565,-92.072,-29.164,-27.704,null,null,null,null,null,null,null,null,null,IYIKLHRQXLHMJQ,null,TRND,ucpugjvTpRIgRVrlHn,null,Voltage gated potassium channel blocker,null,null,CL,null,null,null,null,19774-82-4,KCNH2,null,null,0,4,0,null,null,173031,0 0 0 0,1,1,2025-06-17 15:29:19,null,null,null,null,null,null,null,364787835,activity,null,HTS,19.998265,4.25,-0.923,11.565,-92.072,null,null,null,null,null,null,null,null,null,null,null,null,null,null,null,null,null,null,null,null,null,278939285
TRND-Glioblastoma_LOPAC_H4-primary_screen2,NCGC00167758-08,activity,19.952623,-3,-32.22,-3,-38.664,4.955,CC1=C(CCN2CCC3(CC2)OC(=O)NC4=C3C=C(C)C=C4)N=C(O1)C5=CC=CC=C5,SML0711,RS504393,SIGMA,2021_LOPAC_01,null,null,null,-4.7,null,null,null,null,null,null,null,36.095,-35.164,0.031,0.999,null,null,null,null,null,null,3.5,null,null,3.874,-32.22,-2.265,-2.508,null,null,null,null,null,null,null,null,null,ODNICNWASXKNNQ,null,TRND,ZOgcIdTwgSJXWqapTW,null,null,null,null,null,null,null,null,null,null,null,null,null,0,4,0,null,null,173031,0 0 0 0,1,1,2025-06-17 15:29:19,null,null,null,null,null,null,null,364789055,activity,null,HTS,null,3.557,2.992,3.874,-32.22,null,null,null,null,null,null,null,null,null,null,null,null,null,null,null,null,null,null,null,null,null,278939291
TRND-Glioblastoma_LOPAC_H4-primary_screen2,NCGC00092386-29,activity,19.952623,-3,-94.398,-3,-113.813,4.955,CN[C@H]1CC[C@@H](C2=CC=C(Cl)C(Cl)=C2)C3=CC=CC=C13,S6319,Sertraline hydrochloride,SIGMA,2021_LOPAC_01,null,null,null,-4.7,null,null,null,null,null,null,null,114.649,-101.813,0.176,0.98,null,null,null,null,null,null,12,null,null,20.251,-94.398,-20.156,0.592,null,null,null,null,null,null,null,null,null,VGKDLMBJGBXTGI,null,TRND,eUhMNmAVmxhEovVuYM,null,Sodium-dependent Serotonin Transporter inhibitor,null,null,CL,null,null,null,null,79559-97-0,SLC6A4,null,null,0,4,0,null,null,173031,0 0 0 0,1,1,2025-06-17 15:29:19,null,null,null,null,null,null,null,364789711,activity,null,HTS,19.809728,2.422,12.284,20.251,-94.398,null,null,null,null,null,null,null,null,null,null,null,null,null,null,null,null,null,null,null,null,null,278938759
TRND-Glioblastoma_LOPAC_H4-primary_screen2,NCGC00015983-08,activity,19.952623,-3,-50.752,-3,-60.312,4.955,OC1(CCN(CCCC(=O)C2=CC=C(F)C=C2)CC1)C3=CC(=CC=C3)C(F)(F)F,T103,Trifluperidol hydrochloride,SIGMA,2021_LOPAC_01,null,null,null,-4.7,null,null,null,null,null,null,null,58.345,-54.812,0.088,0.995,null,null,null,null,null,null,5.5,null,null,7.593,-50.752,-4.534,-3.723,null,null,null,null,null,null,null,null,null,GPMXUUPHFNMNDH,null,TRND,XcOhseWxnBGnzyKbXq,null,null,null,null,HCL,null,null,null,null,2062-77-3,null,null,null,0,4,0,null,null,173031,0 0 0 0,1,1,2025-06-17 15:29:19,null,null,null,null,null,null,null,364788331,activity,null,HTS,32.001985,5.282,3.116,7.593,-50.752,null,null,null,null,null,null,null,null,null,null,null,null,null,null,null,null,null,null,null,null,null,278938762
TRND-Glioblastoma_LOPAC_H4-primary_screen2,NCGC00384183-08,activity,19.952623,-3,-44.633,-3,-54.701,4.955,CCOC(=O)C1=CC=C(C=C1)C2=CC=C(OC(=O)N(C)CC3=CC=CC(=C3)C4=CC=NC=C4)C=C2,SML1179,WWL113,SIGMA,2021_LOPAC_01,null,null,null,-4.7,null,null,null,null,null,null,null,53.581,-48.201,0.106,0.993,null,null,null,null,null,null,6.5,null,null,8.948,-44.633,3.285,3.727,null,null,null,null,null,null,null,null,null,AKIIPHDGVCFVCC,null,TRND,fYbrtrnJyLqNVelNYV,null,null,null,null,null,null,null,null,null,null,null,null,null,0,4,0,null,null,173031,0 0 0 0,1,1,2025-06-17 15:29:19,null,null,null,null,null,null,null,364786291,activity,null,HTS,null,6.375,4.006,8.948,-44.633,null,null,null,null,null,null,null,null,null,null,null,null,null,null,null,null,null,null,null,null,null,278939334
TRND-Glioblastoma_LOPAC_H4-primary_screen2,NCGC00024665-21,activity,19.952623,-3,-95.741,-3,-101.401,4.955,CSC1=CC2=C(SC3=C(CC2N4CCN(C)CC4)C=CC=C3)C=C1,M149,Methiothepin mesylate,SIGMA,2021_LOPAC_01,null,null,null,-4.7,null,null,null,null,null,null,null,100.054,-103.401,0.127,0.99,null,null,null,null,null,null,-2,null,null,4.312,-95.741,-63.269,-59.108,null,null,null,null,null,null,null,null,null,RLJFTICUTYVZDG,null,TRND,HwRJyrVcQeMQpuUzdv,null,null,null,null,SULFONICACID_V1,null,null,null,null,null,null,null,null,0,4,0,null,null,173031,0 0 0 0,1,1,2025-06-17 15:29:19,null,null,null,null,null,null,null,364785779,activity,null,HTS,19.689411,-4.23,-6.03,4.312,-95.741,null,null,null,null,null,null,null,null,null,null,null,null,null,null,null,null,null,null,null,null,null,278938815
TRND-Glioblastoma_LOPAC_H4-primary_screen2,NCGC00015964-27,activity,19.952623,-3,-85.096,-3,-95.403,4.955,FC1=CC=C(C=C1)C(=O)CCCN2CCC3(CC2)N(CNC3=O)C4=CC=CC=C4,S7395,Spiperone hydrochloride,SIGMA,2021_LOPAC_01,null,null,null,-4.7,null,null,null,null,null,null,null,91.231,-91.903,0.063,0.998,null,null,null,null,null,null,3.5,null,null,6.136,-85.096,-34.535,-30.324,null,null,null,null,null,null,null,null,null,DKGZKTPJOSAWFA,null,TRND,gMpQTMKTtrnVsWngiy,null,null,null,null,null,null,null,null,null,null,null,null,null,0,4,0,null,null,173031,0 0 0 0,1,1,2025-06-17 15:29:19,null,null,null,null,null,null,null,364786831,activity,null,HTS,20.676824,1.529,2.383,6.136,-85.096,null,null,null,null,null,null,null,null,null,null,null,null,null,null,null,null,null,null,null,null,null,278938818
TRND-Glioblastoma_LOPAC_H4-primary_screen2,NCGC00016059-31,activity,19.952623,-3,-93.648,-3,-105.64,4.955,CSC1=CC2=C(SC3=C(C=CC=C3)N2CCC4CCCCN4C)C=C1,T9025,Thioridazine hydrochloride,SIGMA,2021_LOPAC_01,null,null,null,-4.7,null,null,null,null,null,null,null,101.577,-101.14,0.083,0.996,null,null,null,null,null,null,4.5,null,null,7.929,-93.648,-39.484,-30.643,null,null,null,null,null,null,null,null,null,KLBQZWRITKRQQV,null,TRND,oxCYAjFnsKbXjGDSmN,null,null,null,null,CL,null,null,null,null,130-61-0,null,null,null,0,4,0,null,null,173031,0 0 0 0,1,1,2025-06-17 15:29:19,null,null,null,null,null,null,null,364788955,activity,null,HTS,19.862049,0.227,7.929,5.113,-93.648,null,null,null,null,null,null,null,null,null,null,null,null,null,null,null,null,null,null,null,null,null,278939367
TRND-Glioblastoma_LOPAC_H4-primary_screen2,NCGC00013226-33,activity,19.952623,-3,-93.258,-3,-102.718,4.955,CN1CCN(CCCN2C3=C(SC4=C2C=C(C=C4)C(F)(F)F)C=CC=C3)CC1,T8516,Trifluoperazine dichloride,SIGMA,2021_LOPAC_01,null,null,null,-4.7,null,null,null,null,null,null,null,98.4,-100.718,0.066,0.997,null,null,null,null,null,null,2,null,null,5.142,-93.258,-34.194,-40.958,null,null,null,null,null,null,null,null,null,ZEWQUBUPAILYHI,null,TRND,jzPsIYwmECfPxOnYZk,null,Dopamine Receptor D2 antagonist,null,null,CL,null,null,null,null,440-17-5,DRD2,null,null,0,4,0,null,null,173031,0 0 0 0,1,1,2025-06-17 15:29:19,null,null,null,null,null,null,null,364787679,activity,null,HTS,19.895288,5.142,-0.943,1.742,-93.258,null,null,null,null,null,null,null,null,null,null,null,null,null,null,null,null,null,null,null,null,null,278938843
TRND-Glioblastoma_LOPAC_H4-primary_screen2,NCGC00159456-36,activity,19.952623,-3,-95.386,-3,-108.517,4.955,CN1CCN(CC2=CC=C(C=C2)C(=O)NC3=CC=C(C)C(NC4=NC=CC(=N4)C5=CC=CN=C5)=C3)CC1,SML1027,Imatinib mesylate,SIGMA,2021_LOPAC_01,null,null,null,-4.7,null,null,null,null,null,null,null,102.785,-103.017,0.068,0.997,null,null,null,null,null,null,5.5,null,null,7.399,-95.386,-23.917,-27.355,null,null,null,null,null,null,null,null,null,KTUFNOKKBVMGRW,null,TRND,TNBMZejgjeCAqtxDEX,null,Bcr-Abl Kinase inhibitor,null,null,SULFONICACID_V1,null,null,null,null,220127-57-1,ABL1,null,null,0,4,0,null,null,173031,0 0 0 0,1,1,2025-06-17 15:29:19,null,null,null,null,null,null,null,364790339,activity,null,HTS,19.718069,7.399,1.52,6.622,-95.386,null,null,null,null,null,null,null,null,null,null,null,null,null,null,null,null,null,null,null,null,null,278939381
TRND-Glioblastoma_LOPAC_H4-primary_screen2,NCGC00162150-18,activity,19.952623,-3,-51.856,-3,-53.004,4.955,[H]\C(COC(=O)C1=C(C)NC(C)=C(C1C2=CC(=CC=C2)[N+]([O-])=O)C(=O)OCCOC)=C(\[H])C3=CC=CC=C3,C1493,Cilnidipine,SIGMA,2021_LOPAC_01,null,null,null,-4.7,null,null,null,null,null,null,null,52.045,-55.504,0.195,0.976,null,null,null,null,null,null,-2.5,null,null,0.189,-51.856,-49.628,-37.732,null,null,null,null,null,null,null,null,null,KJEBULYHNRNJTE,null,TRND,MUxdjmgrwieMxkCeXx,null,null,null,null,null,null,null,null,null,132203-70-4,null,null,null,0,4,0,null,null,173031,0 0 0 0,1,1,2025-06-17 15:29:19,null,null,null,null,null,null,null,364786559,activity,null,HTS,31.145536,-8.065,0.189,-0.17,-51.856,null,null,null,null,null,null,null,null,null,null,null,null,null,null,null,null,null,null,null,null,null,278938916
TRND-Glioblastoma_LOPAC_H4-primary_screen2,NCGC00487315-03,activity,19.952623,-3,-69.271,-3,-86.688,4.955,CN(C)C1=CC=C(NCC2=NC=CC=C2)C=C1,SML0134,L2-b,SIGMA,2021_LOPAC_01,null,null,null,-4.7,null,null,null,null,null,null,null,84.365,-74.688,0.085,0.996,null,null,null,null,null,null,12,null,null,15.095,-69.271,7.241,13.89,null,null,null,null,null,null,null,null,null,RIKLBFYMQFBFJF,null,TRND,zswKOiIukcDMnTxAuK,null,null,null,null,null,null,null,null,null,null,null,null,null,0,4,0,null,null,173031,0 0 0 0,1,1,2025-06-17 15:29:19,null,null,null,null,null,null,null,364787727,activity,null,HTS,23.006698,9.215,10.77,15.095,-69.271,null,null,null,null,null,null,null,null,null,null,null,null,null,null,null,null,null,null,null,null,null,278939498
TRND-Glioblastoma_LOPAC_H4-primary_screen2,NCGC00246387-10,activity,19.952623,-3,-37.555,-3,-44.56,4.955,CCOC(=O)C1=C(CSC2=CC=CC=C2)N(C)C3=CC(Br)=C(O)C(CN(C)C)=C13,SML0860,Arbidol hydrochloride,SIGMA,2021_LOPAC_01,null,null,null,-4.7,null,null,null,null,null,null,null,43.825,-40.56,0.208,0.972,null,null,null,null,null,null,4,null,null,6.27,-37.555,-14.041,-3.049,null,null,null,null,null,null,null,null,null,KCFYEAOKVJSACF,null,TRND,bgbLcoGDQEoKAaxikf,null,null,null,null,CL,null,null,null,null,131707-25-0,null,null,null,0,4,0,null,null,173031,0 0 0 0,1,1,2025-06-17 15:29:19,null,null,null,null,null,null,null,364789215,activity,null,HTS,null,-1.073,6.27,6.148,-37.555,null,null,null,null,null,null,null,null,null,null,null,null,null,null,null,null,null,null,null,null,null,278939502
TRND-Glioblastoma_LOPAC_H4-primary_screen2,NCGC00015591-14,activity,19.952623,-3,-58.081,-3,-63.728,4.955,OC1(CCN(CC2=CNC3=C2C=CC=C3)CC1)C4=CC=C(Cl)C=C4,L135,"L-741,626",SIGMA,2021_LOPAC_01,null,null,null,-4.7,null,null,null,null,null,null,null,64.604,-62.728,0.176,0.98,null,null,null,null,null,null,1,null,null,6.522,-58.081,-29.659,-26.543,null,null,null,null,null,null,null,null,null,LLBLNMUONVVVPG,null,TRND,gfahQyhByVmiWAYLrX,null,null,null,null,null,null,null,null,null,81226-60-0,null,null,null,0,4,0,null,null,173031,0 0 0 0,1,1,2025-06-17 15:29:19,null,null,null,null,null,null,null,364786715,activity,null,HTS,26.298197,-0.567,-3.025,6.522,-58.081,null,null,null,null,null,null,null,null,null,null,null,null,null,null,null,null,null,null,null,null,null,278938973
TRND-Glioblastoma_LOPAC_H4-primary_screen2,NCGC00507747-02,activity,19.952623,-3,-31.705,-3,-34.546,4.955,COC1=CC=C(C=C1)C2=CN=C(NC(=O)[C@H]3CCCCN3[S+]([O-])(=O)C4=CC=C(C)C=C4)S2,SML0524,ML277,SIGMA,2021_LOPAC_01,null,null,null,-4.7,null,null,null,null,null,null,null,35.188,-34.046,0.316,0.933,null,null,null,null,null,null,0.5,null,null,3.483,-31.705,-8.49,-14.586,null,null,null,null,null,null,null,null,null,AZIIWVQSTHMERE,null,TRND,cGwRsvMwMRiSVspwjl,null,null,null,null,null,null,null,null,null,null,null,null,null,0,4,0,null,null,173031,0 0 0 0,1,1,2025-06-17 15:29:19,null,null,null,null,null,null,null,364788279,activity,null,HTS,null,3.479,-5.599,3.483,-31.705,null,null,null,null,null,null,null,null,null,null,null,null,null,null,null,null,null,null,null,null,null,278938976
TRND-Glioblastoma_LOPAC_H4-primary_screen2,NCGC00370721-10,activity,19.952623,-3,-93.616,-3,-112.74,4.955,CC1=CC2=C(C=C1C)N(CC(=O)C3=CC(=C(O)C(=C3)C(C)(C)C)C(C)(C)C)C(NCCCO)=N2,SML0634,CID2858522,SIGMA,2021_LOPAC_01,null,null,null,-4.7,null,null,null,null,null,null,null,115.992,-100.74,0.184,0.979,null,null,null,null,null,null,12,null,null,22.376,-93.616,-11.94,1.118,null,null,null,null,null,null,null,null,null,CYCGGKILBWERDJ,null,TRND,OAGzVcVwJlAkLgrVYc,null,null,null,null,null,null,null,null,null,null,null,null,null,0,4,0,null,null,173031,0 0 0 0,1,1,2025-06-17 15:29:19,null,null,null,null,null,null,null,364790195,activity,null,HTS,19.893573,6.085,6.78,22.376,-93.616,null,null,null,null,null,null,null,null,null,null,null,null,null,null,null,null,null,null,null,null,null,278938986
TRND-Glioblastoma_LOPAC_H4-primary_screen2,NCGC00167836-05,activity,19.952623,-3,-90.153,-3,-93.825,4.955,OC1=CC=C2NC3=CC(=C4C(=O)NC(=O)C4=C3C2=C1)C5=CC=CC=C5,PZ0111,PD-407824,SIGMA,2021_LOPAC_01,null,null,null,-4.7,null,null,null,null,null,null,null,100.194,-96.825,0.4,0.886,null,null,null,null,null,null,-3,null,null,10.04,-90.153,-33.243,-60.093,null,null,null,null,null,null,null,null,null,IAUZTOZLTFSMIE,null,TRND,LZleRdrLaCBNJHFpno,null,null,null,null,null,null,null,null,null,null,null,null,null,0,4,0,null,null,173031,0 0 0 0,1,1,2025-06-17 15:29:19,null,null,null,null,null,null,null,364785827,activity,null,HTS,20.218588,10.04,-24.972,5.343,-90.153,null,null,null,null,null,null,null,null,null,null,null,null,null,null,null,null,null,null,null,null,null,278939511
TRND-Glioblastoma_LOPAC_H4-primary_screen2,NCGC00024584-31,activity,19.952623,-3,-41.563,-3,-57.772,4.955,[H][C@@]12CCCN1C(=O)[C@H](CC(C)C)N3C(=O)[C@](NC(=O)[C@H]4CN(C)[C@]5([H])CC6=C(Br)NC7=CC=CC(=C67)C5=C4)(O[C@@]23O)C(C)C,B2134,(+)-BRomocriptine methanesulfonate,SIGMA,2021_LOPAC_01,null,null,null,-4.7,null,null,null,null,null,null,null,62.062,-45.772,0.288,0.945,null,null,null,null,null,null,12,null,null,20.499,-41.563,22.275,28.066,null,null,null,null,null,null,null,null,null,OZVBMTJYIDMWIL,null,TRND,sWvxANSBiuCANKnIYL,null,null,null,null,SULFONICACID_V1,null,null,null,null,22260-51-1,null,null,null,0,4,0,null,null,173031,0 0 0 0,1,1,2025-06-17 15:29:19,null,null,null,null,null,null,null,364786371,activity,null,HTS,null,9.306,5.67,20.499,-41.563,null,null,null,null,null,null,null,null,null,null,null,null,null,null,null,null,null,null,null,null,null,278938998
TRND-Glioblastoma_LOPAC_H4-primary_screen2,NCGC00014352-17,activity,19.952623,-3,-32.83,-3,-43.754,4.955,CN(C)C1=C(CN2CCCN(CC3=C(C=CC=C3)N(C)C)C2C4=CC=NC=C4)C=CC=C1,G9048,GANT61,SIGMA,2021_LOPAC_01,null,null,null,-4.7,null,null,null,null,null,null,null,42.848,-36.254,0.184,0.979,null,null,null,null,null,null,7.5,null,null,10.018,-32.83,19.534,13.793,null,null,null,null,null,null,null,null,null,KVQOGDQTWWCZFX,null,TRND,GTMZwrSsTDCEHgCfKd,null,Sonic Hedgehog protein inhibitor,null,null,null,null,null,null,null,null,SHH,null,null,0,4,0,null,null,173031,0 0 0 0,1,1,2025-06-17 15:29:19,null,null,null,null,null,null,null,364787431,activity,null,HTS,null,10.018,3.472,9.387,-32.83,null,null,null,null,null,null,null,null,null,null,null,null,null,null,null,null,null,null,null,null,null,278939020
TRND-Glioblastoma_LOPAC_H4-primary_screen2,NCGC00016012-22,activity,19.952623,-3,-91.277,-3,-106.579,4.955,CN(C)CCCN1C2=C(SC3=C1C=C(C=C3)C(F)(F)F)C=CC=C2,T2896,Triflupromazine hydrochloride,SIGMA,2021_LOPAC_01,null,null,null,-4.7,null,null,null,null,null,null,null,102.279,-98.579,0.101,0.994,null,null,null,null,null,null,8,null,null,11.002,-91.277,-27.365,-14.657,null,null,null,null,null,null,null,null,null,XSCGXQMFQXDFCW,null,TRND,FTKmuFloWoyCZtjDqo,null,null,null,null,CL,null,null,null,null,1098-60-8,null,null,null,0,4,0,null,null,173031,0 0 0 0,1,1,2025-06-17 15:29:19,null,null,null,null,null,null,null,364787095,activity,null,HTS,20.069038,2.295,9.38,11.002,-91.277,null,null,null,null,null,null,null,null,null,null,null,null,null,null,null,null,null,null,null,null,null,278939023
TRND-Glioblastoma_LOPAC_H4-primary_screen2,NCGC00015708-30,activity,19.952623,-3,-83.271,-3,-90.933,4.955,CNCCCC12CCC(C3=CC=CC=C13)C4=C2C=CC=C4,M9651,Maprotiline hydrochloride,SIGMA,2021_LOPAC_01,null,null,null,-4.7,null,null,null,null,null,null,null,85.141,-89.933,0.041,0.999,null,null,null,null,null,null,1,null,null,1.87,-83.271,-44.133,-39.88,null,null,null,null,null,null,null,null,null,QSLMDECMDJKHMQ,null,TRND,GmXogZJNgIehcZbxRp,null,Sodium-dependent Noradrenaline Transporter inhibitor,null,null,CL,null,null,null,null,10347-81-6,SLC6A2,null,null,0,4,0,null,null,173031,0 0 0 0,1,1,2025-06-17 15:29:19,null,null,null,null,null,null,null,364786387,activity,null,HTS,20.878828,-0.957,1.416,1.87,-83.271,null,null,null,null,null,null,null,null,null,null,null,null,null,null,null,null,null,null,null,null,null,278939558
TRND-Glioblastoma_LOPAC_H4-primary_screen2,NCGC00487398-04,activity,19.952623,-3,-35.029,-3,-41.332,4.955,CN(C1CCN(C[C@H](O)COC2=CC(F)=C(F)C=C2)CC1)C3=NC4=C(S3)C=CC=C4,SML0824,Lubeluzole dihydrochloride,SIGMA,2021_LOPAC_01,null,null,null,-4.7,null,null,null,null,null,null,null,39.77,-37.832,0.097,0.994,null,null,null,null,null,null,3.5,null,null,4.741,-35.029,-7.343,-3.816,null,null,null,null,null,null,null,null,null,OZFSWVOEXHGDES,null,TRND,tXBCZiXElfNOBaOFtF,null,null,null,null,CL,null,null,null,null,144665-07-6,null,null,null,0,4,0,null,null,173031,0 0 0 0,1,1,2025-06-17 15:29:19,null,null,null,null,null,null,null,364789651,activity,null,HTS,null,1.641,4.741,4.581,-35.029,null,null,null,null,null,null,null,null,null,null,null,null,null,null,null,null,null,null,null,null,null,278939569
TRND-Glioblastoma_LOPAC_H4-primary_screen2,NCGC00016740-39,activity,19.952623,-3,-85.312,-3,-94.137,4.955,COC1=CC2=NC(=NC(N)=C2C=C1OC)N3CCN(CC3)C(=O)C4=CC=CO4,P7791,Prazosin hydrochloride,SIGMA,2021_LOPAC_01,null,null,null,-4.7,null,null,null,null,null,null,null,93.784,-92.137,0.197,0.975,null,null,null,null,null,null,2,null,null,8.472,-85.312,-23.51,-36.752,null,null,null,null,null,null,null,null,null,IENZQIKPVFGBNW,null,TRND,yPNlQLUwPglrcCiCgN,null,null,null,null,CL,null,null,null,null,19237-84-4,null,null,null,0,4,0,null,null,173031,0 0 0 0,1,1,2025-06-17 15:29:19,null,null,null,null,null,null,null,364787991,activity,null,HTS,20.653617,8.472,-7.645,4.532,-85.312,null,null,null,null,null,null,null,null,null,null,null,null,null,null,null,null,null,null,null,null,null,278938519
TRND-Glioblastoma_LOPAC_H4-primary_screen2,NCGC00016888-08,activity,19.952623,-3,-61.718,-3,-73.655,4.955,CNCC[C@H](OC1=CC=C(C=C1)C(F)(F)F)C2=CC=CC=C2,F1553,S-(+)-Fluoxetine hydrochloride,SIGMA,2021_LOPAC_01,null,null,null,-4.7,null,null,null,null,null,null,null,72.349,-66.655,0.106,0.993,null,null,null,null,null,null,7,null,null,10.631,-61.718,-9.309,-3.216,null,null,null,null,null,null,null,null,null,RTHCYVBBDHJXIQ,null,TRND,CITvcWKcZDwqUeVXWH,null,null,null,null,CL,null,null,null,null,114247-06-2,null,null,null,0,4,0,null,null,173031,0 0 0 0,1,1,2025-06-17 15:29:19,null,null,null,null,null,null,null,364790099,activity,null,HTS,24.908817,4.149,5.991,10.631,-61.718,null,null,null,null,null,null,null,null,null,null,null,null,null,null,null,null,null,null,null,null,null,278939038
TRND-Glioblastoma_LOPAC_H4-primary_screen2,NCGC00507756-02,activity,19.952623,-3,-66.306,-3,-70.111,4.955,COC(=O)C1=C(C)NC(C)=C([C@H]1C2=CC(=CC=C2)[N+]([O-])=O)C(=O)O[C@H]3CCCN(CC4=CC=CC=C4)C3,B6813,Benidipine hydrochloride,SIGMA,2021_LOPAC_01,null,null,null,-4.7,null,null,null,null,null,null,null,67.533,-71.611,0.087,0.995,null,null,null,null,null,null,-1.5,null,null,1.227,-66.306,-46.038,-41.419,null,null,null,null,null,null,null,null,null,QZVNQOLPLYWLHQ,null,TRND,UApsJbroIcVJnNbSkX,null,null,null,null,CL,null,null,null,null,[NO STEREO] 91599-74-5,null,null,null,0,4,0,null,null,173031,0 0 0 0,1,1,2025-06-17 15:29:19,null,null,null,null,null,null,null,364789851,activity,null,HTS,23.633282,-3.878,-1.827,1.227,-66.306,null,null,null,null,null,null,null,null,null,null,null,null,null,null,null,null,null,null,null,null,null,278939607
TRND-Glioblastoma_LOPAC_H4-primary_screen2,NCGC00015283-11,activity,19.952623,-3,-61.704,-3,-69.64,4.955,OC1=C(O)C=CC=C1,C9510,Pyrocatechol,SIGMA,2021_LOPAC_01,null,null,null,-4.7,null,null,null,null,null,null,null,68.664,-66.64,0.207,0.973,null,null,null,null,null,null,3,null,null,6.961,-61.704,-11.688,-20.043,null,null,null,null,null,null,null,null,null,YCIMNLLNPGFGHC,null,TRND,aLALYlvrATeCqVHtVj,null,null,null,null,null,null,null,null,null,120-80-9,null,null,null,0,4,0,null,null,173031,0 0 0 0,1,1,2025-06-17 15:29:19,null,null,null,null,null,null,null,364787643,activity,null,HTS,24.913439,6.961,-4.562,6.607,-61.704,null,null,null,null,null,null,null,null,null,null,null,null,null,null,null,null,null,null,null,null,null,278938525
TRND-Glioblastoma_LOPAC_H4-primary_screen2,NCGC00095217-13,activity,19.952623,-3,-35.792,-3,-43.099,4.955,OC1=CC=C2C(=O)C=C(OC2=C1O)C3=CC=CC=C3,D5446,"7,8-Dihydroxyflavone hydrate",SIGMA,2021_LOPAC_01,null,null,null,-4.7,null,null,null,null,null,null,null,43.517,-38.599,0.14,0.988,null,null,null,null,null,null,4.5,null,null,7.725,-35.792,-2.521,0.017,null,null,null,null,null,null,null,null,null,COCYGNDCWFKTMF,null,TRND,ioNurjoEmdrSofylaQ,null,null,null,null,null,null,null,null,null,null,null,null,null,0,4,0,null,null,173031,0 0 0 0,1,1,2025-06-17 15:29:19,null,null,null,null,null,null,null,364787407,activity,null,HTS,null,3.116,3.215,7.725,-35.792,null,null,null,null,null,null,null,null,null,null,null,null,null,null,null,null,null,null,null,null,null,278939088
TRND-Glioblastoma_LOPAC_H4-primary_screen2,NCGC00024928-52,activity,19.952623,-3,-95.006,-3,-107.606,4.955,CC\C(C1=CC=CC=C1)=C(/C2=CC=CC=C2)C3=CC=C(OCCN(C)C)C=C3,T9262,Tamoxifen citrate,SIGMA,2021_LOPAC_01,null,null,null,-4.7,null,null,null,null,null,null,null,105.3,-102.606,0.122,0.991,null,null,null,null,null,null,5,null,null,10.294,-95.006,-42.02,-29.258,null,null,null,null,null,null,null,null,null,NKANXQFJJICGDU,null,TRND,kCkWkFeXIlyUQEjUcn,null,Selective Estrogen Receptor modulator (SERM),null,null,TRICARBOACID,null,null,null,null,54965-24-1,ESR1,null,null,0,4,0,null,null,173031,0 0 0 0,1,1,2025-06-17 15:29:19,null,null,null,null,null,null,null,364785775,activity,null,HTS,19.749062,-1.039,5.162,10.294,-95.006,null,null,null,null,null,null,null,null,null,null,null,null,null,null,null,null,null,null,null,null,null,278939091
TRND-Glioblastoma_LOPAC_H4-primary_screen2,NCGC00025223-11,activity,19.952623,-3,-94.726,-3,-110.805,4.955,CN[C@@H]1C[C@H](C2=CC=CC=C12)C3=CC(Cl)=C(Cl)C=C3,I119,Indatraline hydrochloride,SIGMA,2021_LOPAC_01,null,null,null,-4.7,null,null,null,null,null,null,null,104.968,-102.305,0.072,0.997,null,null,null,null,null,null,8.5,null,null,10.242,-94.726,-11.933,-14.379,null,null,null,null,null,null,null,null,null,SVFXPTLYMIXFRX,null,TRND,OLNoiAZQNRoNSXhXqX,null,null,null,null,CL,null,null,null,null,null,null,null,null,0,4,0,null,null,173031,0 0 0 0,1,1,2025-06-17 15:29:19,null,null,null,null,null,null,null,364788019,activity,null,HTS,19.772006,9.994,4.243,10.242,-94.726,null,null,null,null,null,null,null,null,null,null,null,null,null,null,null,null,null,null,null,null,null,278939634
TRND-Glioblastoma_LOPAC_H4-primary_screen2,NCGC00167765-08,activity,19.952623,-3,-94.892,-3,-111.483,4.955,CSC1=C(C=CC=C1)N2CCN(CCCCCC(=O)NC3CCCC4=CC=CC=C34)CC2,L9793,LP44,SIGMA,2021_LOPAC_01,null,null,null,-4.7,null,null,null,null,null,null,null,111.906,-102.483,0.154,0.985,null,null,null,null,null,null,9,null,null,17.014,-94.892,-26.733,-12.362,null,null,null,null,null,null,null,null,null,JNBBJUHCODFLEG,null,TRND,GTCqcDxfJpzIiQcOhW,null,null,null,null,CL,null,null,null,null,null,null,null,null,0,4,0,null,null,173031,0 0 0 0,1,1,2025-06-17 15:29:19,null,null,null,null,null,null,null,364788375,activity,null,HTS,19.758396,2.275,7.069,17.014,-94.892,null,null,null,null,null,null,null,null,null,null,null,null,null,null,null,null,null,null,null,null,null,278939635
TRND-Glioblastoma_LOPAC_H4-primary_screen2,NCGC00015802-35,activity,19.952623,-3,-94.495,-3,-103.054,4.955,FC1=CC=C(C=C1)C(CCCN2CCC(CC2)N3C(=O)NC4=C3C=CC=C4)C5=CC=C(F)C=C5,P1793,Pimozide,SIGMA,2021_LOPAC_01,null,null,null,-4.7,null,null,null,null,null,null,null,97.99,-102.054,0.101,0.994,null,null,null,null,null,null,1,null,null,3.495,-94.495,-41.057,-45.822,null,null,null,null,null,null,null,null,null,YVUQSNJEYSNKRX,null,TRND,gzNqoOfyPblEhmThfm,null,null,null,null,null,null,null,null,null,2062-78-4,null,null,null,0,4,0,null,null,173031,0 0 0 0,1,1,2025-06-17 15:29:19,null,null,null,null,null,null,null,364789655,activity,null,HTS,19.791146,3.495,-4.571,3.022,-94.495,null,null,null,null,null,null,null,null,null,null,null,null,null,null,null,null,null,null,null,null,null,278939640
TRND-Glioblastoma_LOPAC_H4-primary_screen2,NCGC00162169-05,activity,19.952623,-3,-30.761,-3,-38.913,4.955,[H][C@@]2(CNC(=O)C1=C(O)C(CC)=CC(Cl)=C1OC)CCN(CC)C2,E101,S-(-)-Eticlopride hydrochloride,SIGMA,2021_LOPAC_01,null,null,null,-4.7,null,null,null,null,null,null,null,37.95,-33.413,0.147,0.987,null,null,null,null,null,null,5.5,null,null,7.189,-30.761,8.225,6.768,null,null,null,null,null,null,null,null,null,RKXSQHTWNMDLJM,null,TRND,VqbwCiyWbIxSlsnGgk,null,null,null,null,CL,null,null,null,null,null,null,null,null,0,4,0,null,null,173031,0 0 0 0,1,1,2025-06-17 15:29:19,null,null,null,null,null,null,null,364785623,activity,null,HTS,null,6.355,2.477,7.189,-30.761,null,null,null,null,null,null,null,null,null,null,null,null,null,null,null,null,null,null,null,null,null,278939642
TRND-Glioblastoma_LOPAC_H4-primary_screen2,NCGC00378809-02,activity,19.952623,-3,-47.581,-3,-54.387,4.955,CCCCN1C(CN(CC2=CC=C3OCOC3=C2)CC4=CC5=C(OCO5)C=C4)=C(N=C1C6=CC=CC=C6)C7=CC=CC=C7,SML2278,NDT9513727,SIGMA,2021_LOPAC_01,null,null,null,-4.7,null,null,null,null,null,null,null,54.003,-51.387,0.137,0.988,null,null,null,null,null,null,3,null,null,6.422,-47.581,-14.746,-12.566,null,null,null,null,null,null,null,null,null,ITACCRHKSPSKKL,null,TRND,ibkbofYPSiEsrxQDPr,null,null,null,null,null,null,null,null,null,null,null,null,null,0,4,0,null,null,173031,0 0 0 0,1,1,2025-06-17 15:29:19,null,null,null,null,null,null,null,364788843,activity,null,HTS,33.3,2.061,0.078,6.422,-47.581,null,null,null,null,null,null,null,null,null,null,null,null,null,null,null,null,null,null,null,null,null,278938558
TRND-Glioblastoma_LOPAC_H4-primary_screen2,NCGC00014483-26,activity,19.952623,-3,-58.162,-3,-69.166,4.955,CNCCC=C1C2=C(CCC3=C1C=CC=C3)C=CC=C2,N7261,Nortriptyline hydrochloride,SIGMA,2021_LOPAC_01,null,null,null,-4.7,null,null,null,null,null,null,null,71.283,-62.666,0.19,0.977,null,null,null,null,null,null,6.5,null,null,13.121,-58.162,-9.031,-3.364,null,null,null,null,null,null,null,null,null,PHVGLTMQBUFIQQ,null,TRND,jRktSCBasJVqBfsLoq,null,null,null,null,CL,null,null,null,null,894-71-3,null,null,null,0,4,0,null,null,173031,0 0 0 0,1,1,2025-06-17 15:29:19,null,null,null,null,null,null,null,364789679,activity,null,HTS,26.32401,3.891,2.248,13.121,-58.162,null,null,null,null,null,null,null,null,null,null,null,null,null,null,null,null,null,null,null,null,null,278939100
TRND-Glioblastoma_LOPAC_H4-primary_screen2,NCGC00015428-36,activity,19.952623,-3,-90.436,-3,-99.671,4.955,CNCCC(OC1=CC=C(C=C1)C(F)(F)F)C2=CC=CC=C2,F132,Fluoxetine hydrochloride,SIGMA,2021_LOPAC_01,null,null,null,-4.7,null,null,null,null,null,null,null,97.388,-97.671,0.112,0.992,null,null,null,null,null,null,2,null,null,6.951,-90.436,-48.563,-39.465,null,null,null,null,null,null,null,null,null,RTHCYVBBDHJXIQ,null,TRND,CITvcWKcZDwqPRkQWy,null,null,null,null,CL,null,null,null,null,56296-78-7,null,null,null,0,4,0,null,null,173031,0 0 0 0,1,1,2025-06-17 15:29:19,null,null,null,null,null,null,null,364790163,activity,null,HTS,20.145604,-2.625,2.005,6.951,-90.436,null,null,null,null,null,null,null,null,null,null,null,null,null,null,null,null,null,null,null,null,null,278939114
TRND-Glioblastoma_LOPAC_H4-primary_screen2,NCGC00015490-07,activity,19.952623,-3,-61.386,-3,-68.797,4.955,O[Si](CCCN1CCCCC1)(C2CCCCC2)C3=CC=C(F)C=C3,H127,"Hexahydro-sila-difenidol hydrochloride, p-fluoro analog",SIGMA,2021_LOPAC_01,null,null,null,-4.7,null,null,null,null,null,null,null,67.503,-66.297,0.135,0.989,null,null,null,null,null,null,2.5,null,null,6.117,-61.386,-22.481,-21.98,null,null,null,null,null,null,null,null,null,ZNSZQJHTFRQUPD,null,TRND,TpoGlydctSTPcfmYLO,null,null,null,null,CL,null,null,null,null,null,null,null,null,0,4,0,null,null,173031,0 0 0 0,1,1,2025-06-17 15:29:19,null,null,null,null,null,null,null,364788251,activity,null,HTS,25.018251,2.476,-1.945,6.117,-61.386,null,null,null,null,null,null,null,null,null,null,null,null,null,null,null,null,null,null,null,null,null,278939125
TRND-Glioblastoma_LOPAC_H4-primary_screen2,NCGC00025073-10,activity,19.952623,-3,-93.901,-3,-109.913,4.955,NC(=N)SCCC1=CC=C(OCC2=CC=C(C=C2)[N+]([O-])=O)C=C1,K4144,KB-R7493,SIGMA,2021_LOPAC_01,null,null,null,-4.7,null,null,null,null,null,null,null,106.716,-101.413,0.106,0.993,null,null,null,null,null,null,8.5,null,null,12.815,-93.901,-11.476,-13.942,null,null,null,null,null,null,null,null,null,UMJUNUMSJDTYTM,null,TRND,zcUtZdFZrgxtrTsKDs,null,null,null,null,SULFONICACID_V1,null,null,null,null,null,null,null,null,0,4,0,null,null,173031,0 0 0 0,1,1,2025-06-17 15:29:19,null,null,null,null,null,null,null,364787111,activity,null,HTS,19.840728,9.688,2.918,12.815,-93.901,null,null,null,null,null,null,null,null,null,null,null,null,null,null,null,null,null,null,null,null,null,278939649
TRND-Glioblastoma_LOPAC_H4-primary_screen2,NCGC00025179-31,activity,19.952623,-3,-42.084,-3,-63.391,4.955,[H][C@@]12CC[C@@](O)(C#CC)[C@@]1(C)C[C@H](C3=CC=C(C=C3)N(C)C)C4=C5CCC(=O)C=C5CC[C@@]24[H],M8046,Mifepristone,SIGMA,2021_LOPAC_01,null,null,null,-4.7,null,null,null,null,null,null,null,62.189,-46.891,0.223,0.968,null,null,null,null,null,null,16.5,null,null,20.105,-42.084,53.953,46.456,null,null,null,null,null,null,null,null,null,VKHAHZOOUSRJNA,null,TRND,TZNDImHXWhyEXqlxAt,null,Progesterone Receptor antagonist,null,null,null,null,null,null,null,84371-65-3,PGR,null,null,0,4,0,null,null,173031,0 0 0 0,1,1,2025-06-17 15:29:19,null,null,null,null,null,null,null,364785891,activity,null,HTS,null,20.105,8.945,20.063,-42.084,null,null,null,null,null,null,null,null,null,null,null,null,null,null,null,null,null,null,null,null,null,278939665
TRND-Glioblastoma_LOPAC_H4-primary_screen2,NCGC00013495-24,activity,19.952623,-3,-35.821,-3,-45.643,4.955,[H][C@]12CC[C@]([H])(C[C@@]([H])(C1)OC(C3=CC=CC=C3)C4=CC=CC=C4)N2C,B8262,Benztropine mesylate,SIGMA,2021_LOPAC_01,null,null,null,-4.7,null,null,null,null,null,null,null,46.826,-39.143,0.191,0.977,null,null,null,null,null,null,6.5,null,null,11.005,-35.821,4.3,8.167,null,null,null,null,null,null,null,null,null,GIJXKZJWITVLHI,null,TRND,WLNzDCOGhsPUTVubHV,null,null,null,null,SULFONICACID_V1,null,null,null,null,132-17-2,null,null,null,0,4,0,null,null,173031,0 0 0 0,1,1,2025-06-17 15:29:19,null,null,null,null,null,null,null,364787539,activity,null,HTS,null,4.535,4.078,11.005,-35.821,null,null,null,null,null,null,null,null,null,null,null,null,null,null,null,null,null,null,null,null,null,278939136
TRND-Glioblastoma_LOPAC_H4-primary_screen2,NCGC00015608-30,activity,19.952623,-3,-95.756,-3,-109.416,4.955,CN(C)C(=O)C(CCN1CCC(O)(CC1)C2=CC=C(Cl)C=C2)(C3=CC=CC=C3)C4=CC=CC=C4,L4762,Loperamide hydrochloride,SIGMA,2021_LOPAC_01,null,null,null,-4.7,null,null,null,null,null,null,null,106.641,-103.416,0.159,0.984,null,null,null,null,null,null,6,null,null,10.885,-95.756,-16.609,-25.446,null,null,null,null,null,null,null,null,null,RDOIQAHITMMDAJ,null,TRND,hBtxmwOvJTohApsbNv,null,Mu-opiod receptor agonist,null,null,CL,null,null,null,null,34552-83-5,OP4M1,null,null,0,4,0,null,null,173031,0 0 0 0,1,1,2025-06-17 15:29:19,null,null,null,null,null,null,null,364789359,activity,null,HTS,19.688255,10.885,-3.493,8.525,-95.756,null,null,null,null,null,null,null,null,null,null,null,null,null,null,null,null,null,null,null,null,null,278939158
TRND-Glioblastoma_LOPAC_H4-primary_screen2,NCGC00487269-04,activity,19.952623,-3,-93.356,-3,-105.824,4.955,OC1=CC=C2[C@H]([C@H](CCC2=C1)C3=CC=CC=C3)C4=CC=C(OCCN5CCCC5)C=C4,SML1026,Lasofoxifene tartrate,SIGMA,2021_LOPAC_01,null,null,null,-4.7,null,null,null,null,null,null,null,103.688,-100.824,0.116,0.992,null,null,null,null,null,null,5,null,null,10.332,-93.356,-39.143,-28.384,null,null,null,null,null,null,null,null,null,GXESHMAMLJKROZ,null,TRND,EslLpQyzSNrCCoSoJx,null,null,null,null,TARTRATE,null,null,null,null,[NO STEREO] 190791-29-8,null,null,null,0,4,0,null,null,173031,0 0 0 0,1,1,2025-06-17 15:29:19,null,null,null,null,null,null,null,364788007,activity,null,HTS,19.88688,-0.207,4.695,10.332,-93.356,null,null,null,null,null,null,null,null,null,null,null,null,null,null,null,null,null,null,null,null,null,278939165
TRND-Glioblastoma_LOPAC_H4-primary_screen2,NCGC00015186-09,activity,19.952623,-3,-48.321,-3,-53.187,4.955,OC1=CC2=C(CCN(CC=C)CC2C3=CC=CC=C3)C(Cl)=C1O,C130,(±)-Chloro-APB hydrobromide,SIGMA,2021_LOPAC_01,null,null,null,-4.7,null,null,null,null,null,null,null,52.171,-52.187,0.12,0.991,null,null,null,null,null,null,1,null,null,3.85,-48.321,-25.956,-21.375,null,null,null,null,null,null,null,null,null,HJWHHQIVUHOBQN,null,TRND,EqGAZjfxRbnPWOrVWe,null,null,null,null,BR,null,null,null,null,null,null,null,null,0,4,0,null,null,173031,0 0 0 0,1,1,2025-06-17 15:29:19,null,null,null,null,null,null,null,364789747,activity,null,HTS,33.3,-0.992,-0.704,3.85,-48.321,null,null,null,null,null,null,null,null,null,null,null,null,null,null,null,null,null,null,null,null,null,278938629
TRND-Glioblastoma_LOPAC_H4-primary_screen2,NCGC00167832-23,activity,19.952623,-3,-55.28,-3,-67.702,4.955,COC1=C(OCCNCC(O)COC2=CC=CC3=C2C4=CC=CC=C4N3)C=CC=C1,C3993,Carvedilol,SIGMA,2021_LOPAC_01,null,null,null,-4.7,null,null,null,null,null,null,null,64.934,-59.702,0.085,0.996,null,null,null,null,null,null,8,null,null,9.654,-55.28,7.46,4.402,null,null,null,null,null,null,null,null,null,OGHNVEJMJSYVRP,null,TRND,WVjajbrvfrSotZJyHC,null,null,null,null,null,null,null,null,null,72956-09-3,null,null,null,0,4,0,null,null,173031,0 0 0 0,1,1,2025-06-17 15:29:19,null,null,null,null,null,null,null,364786631,activity,null,HTS,27.778801,9.654,5.016,8.898,-55.28,null,null,null,null,null,null,null,null,null,null,null,null,null,null,null,null,null,null,null,null,null,278938633
TRND-Glioblastoma_LOPAC_H4-primary_screen2,NCGC00093976-24,activity,19.952623,-3,-94.089,-3,-109.616,4.955,[H][C@@]1(C[C@@](O)(CC2=C(O)C3=C(C(=O)C4=C(C=CC=C4)C3=O)C(O)=C12)C(C)=O)O[C@H]5C[C@H](N)[C@H](O)[C@H](C)O5,I1656,Idarubicin,SIGMA,2021_LOPAC_01,null,null,null,-4.7,null,null,null,null,null,null,null,105.327,-101.616,0.615,0.989,null,null,null,null,null,null,8,null,null,11.238,-94.089,-41.27,-16.146,null,null,null,null,null,null,null,null,null,XDXDZDZNSLXDNA,null,TRND,nWkHehvfoRzvlwSmIh,null,DNA Topoisomerase II inhibitor,null,null,null,null,null,null,null,58957-92-9,TOP2A,null,null,0,4,1,null,null,173031,1 0 0 0,1,1,2025-06-17 15:29:19,null,null,null,null,null,null,null,364787647,activity,null,HTS,19.824974,-39.463,0.096,11.238,-94.089,null,null,null,null,null,null,null,null,null,null,null,null,null,null,null,null,null,null,null,null,null,278939729
TRND-Glioblastoma_LOPAC_H4-primary_screen2,NCGC00015759-09,activity,19.952623,-3,-62.81,-3,-68.335,4.955,CN1CCN(CC1)C2CC3=C(SC4=C2C=C(Cl)C=C4)C=CC=C3,O111,Octoclothepin maleate salt,SIGMA,2021_LOPAC_01,null,null,null,-4.7,null,null,null,null,null,null,null,65.266,-67.835,0.112,0.992,null,null,null,null,null,null,0.5,null,null,2.455,-62.81,-27.523,-31.151,null,null,null,null,null,null,null,null,null,XRYLGRGAWQSVQW,null,TRND,mhSFELxIXlBMlaZswN,null,null,null,null,MALEIC_ACID,null,null,null,null,4789-68-8,null,null,null,0,4,0,null,null,173031,0 0 0 0,1,1,2025-06-17 15:29:19,null,null,null,null,null,null,null,364785803,activity,null,HTS,24.567115,2.455,-3.662,1.773,-62.81,null,null,null,null,null,null,null,null,null,null,null,null,null,null,null,null,null,null,null,null,null,278939738
TRND-Glioblastoma_LOPAC_H4-primary_screen2,NCGC00162214-06,activity,19.952623,-3,-94.915,-3,-110.008,4.955,CC(C)C1=C2C[C@@](CCN(C)CCCC3=NC4=C(N3)C=CC=C4)(CCC2=CC(F)=C1)OC(=O)C5CC5,N0287,NNC 55-0396,SIGMA,2021_LOPAC_01,null,null,null,-4.7,null,null,null,null,null,null,null,103.612,-102.508,0.03,0.999,null,null,null,null,null,null,7.5,null,null,8.697,-94.915,-16.561,-18.688,null,null,null,null,null,null,null,null,null,SYLIICYFBKGBKE,null,TRND,jnseIhawDoxaVHFmXT,null,null,null,null,CL,null,null,null,null,null,null,null,null,0,4,0,null,null,173031,0 0 0 0,1,1,2025-06-17 15:29:19,null,null,null,null,null,null,null,364786195,activity,null,HTS,19.756496,8.697,5.891,7.269,-94.915,null,null,null,null,null,null,null,null,null,null,null,null,null,null,null,null,null,null,null,null,null,278938660
TRND-Glioblastoma_LOPAC_H4-primary_screen2,NCGC00507726-02,activity,19.952623,-3,-87.096,-3,-105.063,4.955,OC1=CC(CNC2=CC=C(C=C2)C(=O)OC3C4CC5CC(C4)CC3C5)=C(O)C=C1,SML1110,Adaphostin,SIGMA,2021_LOPAC_01,null,null,null,-4.7,null,null,null,null,null,null,null,100.984,-94.063,0.102,0.994,null,null,null,null,null,null,11,null,null,13.888,-87.096,-11.315,0.183,null,null,null,null,null,null,null,null,null,GJJNCSXTCTXLCM,null,TRND,RuoKXRTgVtFkBYkVZa,null,null,null,null,null,null,null,null,null,null,null,null,null,0,4,0,null,null,173031,0 0 0 0,1,1,2025-06-17 15:29:19,null,null,null,null,null,null,null,364789347,activity,null,HTS,20.468149,5.555,13.888,13.369,-87.096,null,null,null,null,null,null,null,null,null,null,null,null,null,null,null,null,null,null,null,null,null,278938676
TRND-Glioblastoma_LOPAC_H4-primary_screen2,NCGC00015281-08,activity,19.952623,-3,-92.729,-3,-102.648,4.955,CN1CCCC1CCOC(C)(C2=CC=CC=C2)C3=CC=C(Cl)C=C3,C8903,Clemastine fumarate,SIGMA,2021_LOPAC_01,null,null,null,-4.7,null,null,null,null,null,null,null,103.584,-100.148,0.189,0.977,null,null,null,null,null,null,2.5,null,null,10.855,-92.729,-36.272,-38.574,null,null,null,null,null,null,null,null,null,YNNUSGIPVFPVBX,null,TRND,EQLticExbyMOMEIZIR,null,null,null,null,FUMARIC_ACID,null,null,null,null,[NO STEREO] 14976-57-9,null,null,null,0,4,0,null,null,173031,0 0 0 0,1,1,2025-06-17 15:29:19,null,null,null,null,null,null,null,364786363,activity,null,HTS,19.940766,3.389,-6.469,10.855,-92.729,null,null,null,null,null,null,null,null,null,null,null,null,null,null,null,null,null,null,null,null,null,278939207
TRND-Glioblastoma_LOPAC_H4-primary_screen2,NCGC00015958-26,activity,19.952623,-3,-36.986,-3,-51.331,4.955,O=C1C2=C3C(NN=C3C4=C1C=CC=C4)=CC=C2,S5567,SP600125,SIGMA,2021_LOPAC_01,null,null,null,-4.7,null,null,null,null,null,null,null,51.048,-40.831,0.195,0.976,null,null,null,null,null,null,10.5,null,null,14.062,-36.986,13.647,24.175,null,null,null,null,null,null,null,null,null,ACPOUJIDANTYHO,null,TRND,RidAqAyaucUAECpDha,null,Mitogen-Activated protein kinase 8 (JNK) inhibitor,null,null,null,null,null,null,null,129-56-6,MAPK8,null,null,0,4,0,null,null,173031,0 0 0 0,1,1,2025-06-17 15:29:19,null,null,null,null,null,null,null,364789771,activity,null,HTS,null,5.41,11.797,14.062,-36.986,null,null,null,null,null,null,null,null,null,null,null,null,null,null,null,null,null,null,null,null,null,278939228
TRND-Glioblastoma_LOPAC_H4-primary_screen2,NCGC00015444-20,activity,19.952623,-3,-50.519,-3,-59.56,4.955,OC1=CC=C(C=C1)C2CNCCC3=C2C=C(O)C(O)=C3Cl,F6800,Fenoldopam bromide,SIGMA,2021_LOPAC_01,null,null,null,-4.7,null,null,null,null,null,null,null,57.395,-54.56,0.105,0.993,null,null,null,null,null,null,5,null,null,6.876,-50.519,-4.006,-5.704,null,null,null,null,null,null,null,null,null,TVURRHSHRRELCG,null,TRND,hmhebQaDmmpPBWvcwa,null,Dopamine Receptor D1 agonist,null,null,BR,null,null,null,null,67287-54-1,DRD1,null,null,0,4,0,null,null,173031,0 0 0 0,1,1,2025-06-17 15:29:19,null,null,null,null,null,null,null,364790131,activity,null,HTS,32.350927,5.939,1.804,6.876,-50.519,null,null,null,null,null,null,null,null,null,null,null,null,null,null,null,null,null,null,null,null,null,278939749
TRND-Glioblastoma_LOPAC_H4-primary_screen2,NCGC00015892-14,activity,19.952623,-3,-90.103,-3,-100.312,4.955,O=C1N2CCC3=C(NC4=C3C=CC=C4)C2=NC5=CC=CC=C15,R3277,Rutaecarpine,SIGMA,2021_LOPAC_01,null,null,null,-4.7,null,null,null,null,null,null,null,95.465,-97.312,0.088,0.995,null,null,null,null,null,null,3,null,null,5.362,-90.103,-44.35,-35.079,null,null,null,null,null,null,null,null,null,ACVGWSKVRYFWRP,null,TRND,ArFMxXvPdChItAtBHy,null,null,null,null,null,null,null,null,null,84-26-4,null,null,null,0,4,0,null,null,173031,0 0 0 0,1,1,2025-06-17 15:29:19,null,null,null,null,null,null,null,364788779,activity,null,HTS,20.176431,-1.469,4.784,5.362,-90.103,null,null,null,null,null,null,null,null,null,null,null,null,null,null,null,null,null,null,null,null,null,278939759
TRND-Glioblastoma_LOPAC_H4-primary_screen2,NCGC00015710-09,activity,19.952623,-3,-31.638,-3,-38.965,4.955,OC1=CC=C2CC3N(CC4CC4)CC[C@@]56[C@@H](OC1=C25)C7=C(C[C@@]36O)C8=C(N7)C=CC=C8,N115,Naltrindole hydrochloride,SIGMA,2021_LOPAC_01,null,null,null,-4.7,null,null,null,null,null,null,null,39.624,-33.965,0.152,0.985,null,null,null,null,null,null,5,null,null,7.986,-31.638,1.076,4.393,null,null,null,null,null,null,null,null,null,WIYUZYBFCWCCQJ,null,TRND,hyURFjpLlZxULcoOgZ,null,null,null,null,CL,null,null,null,null,null,null,null,null,0,4,0,null,null,173031,0 0 0 0,1,1,2025-06-17 15:29:19,null,null,null,null,null,null,null,364789071,activity,null,HTS,null,3.496,3.464,7.986,-31.638,null,null,null,null,null,null,null,null,null,null,null,null,null,null,null,null,null,null,null,null,null,278939768
TRND-Glioblastoma_LOPAC_H4-primary_screen2,NCGC00179356-12,activity,19.952623,-3,-82.974,-3,-93.112,4.955,ClC1=CC(=C(C=C1)C(C[N]2C=CN=C2)OCC3=CSC4=C3C=CC=C4Cl)Cl,SML0888,Sertaconazole nitrate ,SIGMA,2021_LOPAC_01,null,null,null,-4.7,null,null,null,null,null,null,null,87.494,-89.612,0.041,0.999,null,null,null,null,null,null,3.5,null,null,4.52,-82.974,-29.714,-29.2,null,null,null,null,null,null,null,null,null,JLGKQTAYUIMGRK,null,TRND,aSpqUuctGLPmzPMGcO,null,null,null,null,null,null,null,null,null,99592-39-9,null,null,null,0,4,0,null,null,173031,0 0 0 0,1,1,2025-06-17 15:29:19,null,null,null,null,null,null,null,364785387,activity,null,HTS,20.91285,3.474,1.576,4.52,-82.974,null,null,null,null,null,null,null,null,null,null,null,null,null,null,null,null,null,null,null,null,null,278939770
TRND-Glioblastoma_LOPAC_H4-primary_screen2,NCGC00025355-26,activity,19.952623,-3,-93.929,-3,-109.943,4.955,FC1=CC=C(C=C1)[C@@H]2CCNC[C@H]2COC3=CC=C4OCOC4=C3,P9623,Paroxetine hydrochloride hemihydrate (MW = 374.83),SIGMA,2021_LOPAC_01,null,null,null,-4.7,null,null,null,null,null,null,null,106.611,-101.443,0.083,0.996,null,null,null,null,null,null,8.5,null,null,12.682,-93.929,-17.14,-13.957,null,null,null,null,null,null,null,null,null,AHOUBRCZNHFOSL,null,TRND,WeViKFqrpnmEMlWwEa,null,null,null,null,CL,null,null,null,null,64006-44-6,null,null,null,0,4,0,null,null,173031,0 0 0 0,1,1,2025-06-17 15:29:19,null,null,null,null,null,null,null,364785963,activity,null,HTS,19.838371,7.072,5.356,12.682,-93.929,null,null,null,null,null,null,null,null,null,null,null,null,null,null,null,null,null,null,null,null,null,278939253
TRND-Glioblastoma_LOPAC_H4-primary_screen2,NCGC00015826-21,activity,22.387211,-3,-55.405,-3,-64.161,4.955,OCCN1CCN(CCCN2C3=C(SC4=C2C=C(Cl)C=C4)C=CC=C3)CC1,P6402,Perphenazine,SIGMA,2021_LOPAC_01,null,null,null,-4.65,null,null,null,null,null,null,null,61.293,-63.161,0.189,0.977,null,null,null,null,null,null,1,null,null,5.889,-55.405,-14.917,-25.003,null,null,null,null,null,null,null,null,null,RGCVKNLCSQQDEP,null,TRND,DdUnoavhTrkREemyJP,null,null,null,null,null,null,null,null,null,58-39-9,null,null,null,0,4,0,null,null,173031,0 0 0 0,1,1,2025-06-17 15:29:19,null,null,null,null,null,null,null,364788439,activity,null,HTS,29.308257,5.889,-4.548,1.494,-55.405,null,null,null,null,null,null,null,null,null,null,null,null,null,null,null,null,null,null,null,null,null,278939178
TRND-Glioblastoma_LOPAC_H4-primary_screen2,NCGC00015346-06,activity,22.387211,-3,-32.23,-3,-42.012,4.955,COC1=CC(=CC(OC)=C1OC)C(=O)OCCC[NH+]2CCC[NH+](CCCOC(=O)C3=CC(OC)=C(OC)C(OC)=C3)CC2,D5294,Dilazep hydrochloride,SIGMA,2021_LOPAC_01,null,null,null,-4.65,null,null,null,null,null,null,null,43.276,-36.512,0.28,0.949,null,null,null,null,null,null,5.5,null,null,11.046,-32.23,6.816,6.396,null,null,null,null,null,null,null,null,null,QVZCXCJXTMIDME,null,TRND,yxCPINBwHFSXDQyNvt,null,null,null,null,CL,null,null,null,null,null,null,null,null,0,4,0,null,null,173031,0 0 0 0,1,1,2025-06-17 15:29:19,null,null,null,null,null,null,null,364787943,activity,null,HTS,null,5.673,0.417,11.046,-32.23,null,null,null,null,null,null,null,null,null,null,null,null,null,null,null,null,null,null,null,null,null,278939769
TRND-Glioblastoma_LOPAC_H4-primary_screen2,NCGC00487324-03,activity,1.995262,4,-27.352,-1.2,-43.973,2.048,CC1=NN=C2CN=C(C3=C(SC=C3)N12)C4=CC=CC=C4,SML0639,Ro 11-1464,SIGMA,2021_LOPAC_01,null,null,null,-5.7,null,null,null,null,null,null,null,43.016,-27.473,0.009,1,null,null,null,null,null,null,16.5,null,null,15.664,-27.352,14.251,14.855,null,null,null,null,null,null,null,null,null,SIRFTOWPWPCSOP,null,TRND,HGOQVMzWFdutqEqrSo,null,null,null,null,null,null,null,null,null,null,null,null,null,0,4,0,null,null,173031,0 0 0 0,1,1,2025-06-17 15:29:19,null,null,null,null,null,null,null,364786951,activity,null,HTS,null,15.664,2.968,-24.188,-27.352,null,null,null,null,null,null,null,null,null,null,null,null,null,null,null,null,null,null,null,null,null,278939466
TRND-Glioblastoma_LOPAC_H4-primary_screen2,NCGC00015220-06,activity,1.584893,4,-10.884,-1.4,-25.061,1.788,NC(=O)C1=CC(N2CC2)=C(C=C1[N+]([O-])=O)[N+]([O-])=O,C2235,CB 1954,SIGMA,2021_LOPAC_01,null,null,null,-5.8,null,null,null,null,null,null,null,23.683,-11.061,0.015,1,null,null,null,null,null,null,14,null,null,12.799,-10.884,25.703,26.231,null,null,null,null,null,null,null,null,null,WOCXQMCIOTUMJV,null,TRND,UluGWmDOpVQYGauzXD,null,null,null,null,null,null,null,null,null,21919-05-1,null,null,null,0,4,0,null,null,173031,0 0 0 0,1,1,2025-06-17 15:29:19,null,null,null,null,null,null,null,364787635,activity,null,HTS,null,12.799,3.486,-9.338,-10.884,null,null,null,null,null,null,null,null,null,null,null,null,null,null,null,null,null,null,null,null,null,278938737
TRND-Glioblastoma_LOPAC_H4-primary_screen2,NCGC00386242-05,activity,1.995262,4,-26.284,-1.4,-28.041,2.72,CC(C)[C@@H]1N(C)C(=O)[C@@H](CC2=CC=CC=C2)NC(=O)[C@H](CC(O)=O)NC(=O)CNC(=O)[C@H](CCCNC(N)=N)NC1=O,SML1594,Cilengitide trifluoroacetic acid salt,SIGMA,2021_LOPAC_01,null,null,null,-5.7,null,null,null,null,null,null,null,28.331,-26.041,0.017,1,null,null,null,null,null,null,2,null,null,2.047,-26.284,-29.069,-29.443,null,null,null,null,null,null,null,null,null,AMLYAMJWYAIXIA,null,TRND,OVjanevTLQftNOfqci,null,null,null,null,null,null,null,null,null,188968-51-6,null,null,null,0,4,0,null,null,173031,0 0 0 0,1,1,2025-06-17 15:29:19,null,null,null,null,null,null,null,364789547,activity,null,HTS,null,2.047,-4.876,-25.061,-26.284,null,null,null,null,null,null,null,null,null,null,null,null,null,null,null,null,null,null,null,null,null,278938569
TRND-Glioblastoma_LOPAC_H4-primary_screen2,NCGC00015856-19,activity,22.387211,4,-20.739,-2.4,-29.886,4.955,CN1CCN(CCCN2C3=C(SC4=C2C=C(Cl)C=C4)C=CC=C3)CC1,P9178,Prochlorperazine dimaleate,SIGMA,2021_LOPAC_01,null,null,null,-4.65,null,null,null,null,null,null,null,26.577,-24.386,0.023,1,null,null,null,null,null,null,5.5,null,null,5.839,-20.739,12.424,12.009,null,null,null,null,null,null,null,null,null,WIKYUJGCLQQFNW,null,TRND,flFuaAqYlwAGWuKKUc,null,null,null,null,MALEATE,null,null,null,null,null,null,null,null,0,4,0,null,null,173031,0 0 0 0,1,1,2025-06-17 15:29:19,null,null,null,null,null,null,null,364789939,activity,null,HTS,null,5.507,5.839,5.669,-20.739,null,null,null,null,null,null,null,null,null,null,null,null,null,null,null,null,null,null,null,null,null,278939398
TRND-Glioblastoma_LOPAC_H4-primary_screen2,NCGC00162359-09,activity,null,4,10.07,4,0,null,CC1=CC=C(C=C1)[S+]([O-])(=O)N[C@@H](CCCCN)C(=O)CCl,T7254,Na-p-Tosyl-L-lysine chloromethyl ketone hydrochloride,SIGMA,2021_LOPAC_01,null,null,null,null,null,null,null,null,null,null,null,1.773,0,null,null,null,null,null,null,null,null,0,null,null,10.07,8.297,41.497,null,null,null,null,null,null,null,null,null,null,OSCHUFJXXXIMKM,null,TRND,xMfDdTVyWaqIQtdUOC,null,null,null,null,CL,null,null,null,null,null,null,null,null,0,4,null,null,null,173031,null,1,1,2025-06-17 15:29:19,null,null,null,null,null,null,null,364789075,activity,null,HTS,null,8.761,8.297,8.71,10.07,null,null,null,null,null,null,null,null,null,null,null,null,null,null,null,null,null,null,null,null,null,278938725
TRND-Glioblastoma_LOPAC_H4-primary_screen2,NCGC00015736-10,activity,null,4,5.587,4,0,null,COC1=C(C=CC=C1)N2CCN(CCCCN3C(=O)C4=C(C=CC=C4)C3=O)CC2,N3529,NAN-190 hydrobromide,SIGMA,2021_LOPAC_01,null,null,null,null,null,null,null,null,null,null,null,12.172,0,null,null,null,null,null,null,null,null,0,null,null,11.479,-0.693,9.622,null,null,null,null,null,null,null,null,null,null,SJDOMIRMMUGQQK,null,TRND,IZiQDqhNfhaQqAyjfx,null,null,null,null,BR,null,null,null,null,null,null,null,null,0,4,null,null,null,173031,null,1,1,2025-06-17 15:29:19,null,null,null,null,null,null,null,364790287,activity,null,HTS,null,-0.307,11.479,-0.693,5.587,null,null,null,null,null,null,null,null,null,null,null,null,null,null,null,null,null,null,null,null,null,278938726
TRND-Glioblastoma_LOPAC_H4-primary_screen2,NCGC00351432-13,activity,null,4,-23.451,4,-27.141,4.955,OCCNC(=O)C1=CC=CC(=C1)C2=CC(NC3=CC=C(OC(F)(F)F)C=C3)=NC=N2,SML0511,GNF-5,SIGMA,2021_LOPAC_01,null,null,null,null,null,null,null,null,null,null,null,26.181,-25.641,0.116,0.992,null,null,null,null,null,null,1.5,null,null,2.73,-23.451,-6.767,-6.257,null,null,null,null,null,null,null,null,null,IIQUYGWWHIHOCF,null,TRND,CuYAlyFVGnoKayjZlo,null,null,null,null,null,null,null,null,null,null,null,null,null,0,4,0,null,null,173031,0 0 0 0,1,1,2025-06-17 15:29:19,null,null,null,null,null,null,null,364786579,activity,null,HTS,null,1.295,0.082,2.73,-23.451,null,null,null,null,null,null,null,null,null,null,null,null,null,null,null,null,null,null,null,null,null,278938729
TRND-Glioblastoma_LOPAC_H4-primary_screen2,NCGC00093797-06,activity,null,4,11.302,4,10.857,3.677,[H][C@]1(C)C2CC3=C(C=C(O)C=C3)[C@]1(C)CCN2CC4CC4,C147,(+)-Cyclazocine,SIGMA,2021_LOPAC_01,null,null,null,null,null,null,null,null,null,null,null,11.599,11.5,0.183,0.979,null,null,null,null,null,null,0.643,null,null,11.302,-0.297,7.307,9.246,null,null,null,null,null,null,null,null,null,YQYVFVRQLZMJKJ,null,TRND,cNUYQivumUHIJcuauq,null,null,null,null,null,null,null,null,null,[NO STEREO] 3572-80-3,null,null,null,0,4,0,null,null,173031,0 0 0 0,1,1,2025-06-17 15:29:19,null,null,null,null,null,null,null,364787847,activity,null,HTS,null,-0.297,1.579,1.556,11.302,null,null,null,null,null,null,null,null,null,null,null,null,null,null,null,null,null,null,null,null,null,278938730
TRND-Glioblastoma_LOPAC_H4-primary_screen2,NCGC00402322-06,activity,null,4,-14.194,4,-27.032,1.134,CCN1\C(SC2=C1C=C(O)C=C2)=C\C(C)=O,SML1011,INDY,SIGMA,2021_LOPAC_01,null,null,null,null,null,null,null,null,null,null,null,23.514,-17.032,0.035,0.999,null,null,null,null,null,null,10,null,null,9.32,-14.194,18.198,17.257,null,null,null,null,null,null,null,null,null,GCSZJMUFYOAHFY,null,TRND,uxpqvTEuexNwarCyKA,null,null,null,null,null,null,null,null,null,null,null,null,null,0,4,0,null,null,173031,0 0 0 0,1,1,2025-06-17 15:29:19,null,null,null,null,null,null,null,364788075,activity,null,HTS,null,9.32,4.975,-5.265,-14.194,null,null,null,null,null,null,null,null,null,null,null,null,null,null,null,null,null,null,null,null,null,278938731
TRND-Glioblastoma_LOPAC_H4-primary_screen2,NCGC00162068-12,activity,null,4,11.002,4,0,null,OCCN1CCN(CCCN2C3=C(C=CC=C3)C=CC4=C2C=CC=C4)CC1,O5889,Opipramol dihydrochloride,SIGMA,2021_LOPAC_01,null,null,null,null,null,null,null,null,null,null,null,7.551,0,null,null,null,null,null,null,null,null,0,null,null,11.002,3.451,25.071,null,null,null,null,null,null,null,null,null,null,YNZFUWZUGRBMHL,null,TRND,uEUAngvkNXtVCueOMv,null,null,null,null,CL,null,null,null,null,null,null,null,null,0,4,null,null,null,173031,null,1,1,2025-06-17 15:29:19,null,null,null,null,null,null,null,364787931,activity,null,HTS,null,3.451,7.212,6.679,11.002,null,null,null,null,null,null,null,null,null,null,null,null,null,null,null,null,null,null,null,null,null,278938733
TRND-Glioblastoma_LOPAC_H4-primary_screen2,NCGC00015987-18,activity,null,4,-1.774,4,0,null,CN1CCN(CC(=O)N2C3=C(C)SC=C3C(=O)NC4=C2C=CC=C4)CC1,T122,Telenzepine dihydrochloride,SIGMA,2021_LOPAC_01,null,null,null,null,null,null,null,null,null,null,null,8.097,0,null,null,null,null,null,null,null,null,0,null,null,6.324,-1.774,17.913,null,null,null,null,null,null,null,null,null,null,VSWPGAIWKHPTKX,null,TRND,hqvmukCLMphCCUxfwp,null,null,null,null,HCL,null,null,null,null,GRT01204,null,null,null,0,4,null,null,null,173031,null,1,1,2025-06-17 15:29:19,null,null,null,null,null,null,null,364785791,activity,null,HTS,null,6.324,3.099,-1.243,-1.774,null,null,null,null,null,null,null,null,null,null,null,null,null,null,null,null,null,null,null,null,null,278938734
TRND-Glioblastoma_LOPAC_H4-primary_screen2,NCGC00096077-25,activity,null,4,4.459,4,0,null,CN1CCN(CC1)C2=NC3=CC=CC=C3NC4=C2C=C(C)S4,O1141,Olanzapine ,SIGMA,2021_LOPAC_01,null,null,null,null,null,null,null,null,null,null,null,5.944,0,null,null,null,null,null,null,null,null,0,null,null,9.363,3.42,33.885,null,null,null,null,null,null,null,null,null,null,KVWDHTXUZHCGIO,null,TRND,uCORxJwfBrSXrxkIzx,null,5-HT2A Receptor antagonist,null,null,null,null,null,null,null,GRT01148,HTR2A,null,null,0,4,null,null,null,173031,null,1,1,2025-06-17 15:29:19,null,null,null,null,null,null,null,364787127,activity,null,HTS,null,9.363,3.42,4.529,4.459,null,null,null,null,null,null,null,null,null,null,null,null,null,null,null,null,null,null,null,null,null,278938735
TRND-Glioblastoma_LOPAC_H4-primary_screen2,NCGC00178241-34,activity,null,4,6.326,4,-10.66,4.955,[NH3+][Pt--]([NH3+])(Cl)Cl,P4394,Cisplatin(Cis-Diammineplatinum),SIGMA,2021_LOPAC_01,null,null,null,null,null,null,null,null,null,null,null,10.979,0.34,1,0.767,null,null,null,null,null,null,11,null,null,8.762,-2.217,26.566,25.38,null,null,null,null,null,null,null,null,null,LXZZYRPGZAFOLE,null,TRND,VyPPsctLSVQXfBPRux,null,DNA Alkylating Drug,null,null,null,null,null,null,null,15663-27-1,H2AX,null,null,0,4,1,null,null,173031,0 0 0 1,1,1,2025-06-17 15:29:19,null,null,null,null,null,null,null,364787771,activity,null,HTS,null,8.762,-2.217,3.1,6.326,null,null,null,null,null,null,null,null,null,null,null,null,null,null,null,null,null,null,null,null,null,278938736
TRND-Glioblastoma_LOPAC_H4-primary_screen2,NCGC00686543-02,activity,null,4,2.843,4,0,null,CCOC(=O)C(=C)CC1=C(Cl)C=CC=C1,SML2239,INF39,SIGMA,2021_LOPAC_01,null,null,null,null,null,null,null,null,null,null,null,6.346,0,null,null,null,null,null,null,null,null,0,null,null,7.616,1.269,13.049,null,null,null,null,null,null,null,null,null,null,VTAOWWAFBSFWSG,null,TRND,pPWwCRzJVQHeJHBCjT,null,null,null,null,null,null,null,null,null,null,null,null,null,0,4,null,null,null,173031,null,1,1,2025-06-17 15:29:19,null,null,null,null,null,null,null,364789299,activity,null,HTS,null,1.269,7.616,3.875,2.843,null,null,null,null,null,null,null,null,null,null,null,null,null,null,null,null,null,null,null,null,null,278938738
TRND-Glioblastoma_LOPAC_H4-primary_screen2,NCGC00370786-07,activity,null,4,-4.609,4,-15.53,3.247,COC1=CC=C(OCC2N(CCC3=CC(OC)=C(OC)C=C23)C(=O)C4=CC(Cl)=CC=C4)C=C1,SML0229,CIQ,SIGMA,2021_LOPAC_01,null,null,null,null,null,null,null,null,null,null,null,16.844,-5.03,0.252,0.959,null,null,null,null,null,null,10.5,null,null,12.236,-4.609,42.565,39.022,null,null,null,null,null,null,null,null,null,VYMILMYEENZHAR,null,TRND,wLtwxvaFRPmBycoOfx,null,null,null,null,null,null,null,null,null,null,null,null,null,0,4,0,null,null,173031,0 0 0 0,1,1,2025-06-17 15:29:19,null,null,null,null,null,null,null,364788987,activity,null,HTS,null,12.236,8.591,7.189,-4.609,null,null,null,null,null,null,null,null,null,null,null,null,null,null,null,null,null,null,null,null,null,278938739
TRND-Glioblastoma_LOPAC_H4-primary_screen2,NCGC00016041-06,activity,null,4,5.755,4,-13.193,1.416,NC(=C(C#N)C#N)C(=C\C1=CC=C(O)C=C1)\C#N,T6943,Tyrphostin AG 112,SIGMA,2021_LOPAC_01,null,null,null,null,null,null,null,null,null,null,null,10.864,-2.693,1,1,null,null,null,null,null,null,10.5,null,null,9.453,-1.411,27.416,26.604,null,null,null,null,null,null,null,null,null,DXVJRTIPBNBLLB,null,TRND,qzgaKNegeMNSQnmfFI,null,null,null,null,null,null,null,null,null,null,null,null,null,0,4,1,null,null,173031,0 0 0 1,1,1,2025-06-17 15:29:19,null,null,null,null,null,null,null,364786519,activity,null,HTS,null,9.453,4.164,-1.411,5.755,null,null,null,null,null,null,null,null,null,null,null,null,null,null,null,null,null,null,null,null,null,278938740
TRND-Glioblastoma_LOPAC_H4-primary_screen2,NCGC00015190-16,activity,null,4,2.408,4,0,null,OC1=CC2=C(CN(CCC2)C(=S)NCCC3=CC=C(Cl)C=C3)C=C1O,C191,Capsazepine,SIGMA,2021_LOPAC_01,null,null,null,null,null,null,null,null,null,null,null,6.907,0,null,null,null,null,null,null,null,null,0,null,null,2.408,-4.5,-2.197,null,null,null,null,null,null,null,null,null,null,DRCMAZOSEIMCHM,null,TRND,aHSrVjOxpzbmnGywRK,null,null,null,null,null,null,null,null,null,138977-28-3,null,null,null,0,4,null,null,null,173031,null,1,1,2025-06-17 15:29:19,null,null,null,null,null,null,null,364788483,activity,null,HTS,null,-0.099,-4.5,-0.061,2.408,null,null,null,null,null,null,null,null,null,null,null,null,null,null,null,null,null,null,null,null,null,278938742
TRND-Glioblastoma_LOPAC_H4-primary_screen2,NCGC00015578-25,activity,null,4,1.371,4,0,null,CC(C(O)=O)C1=CC=CC(=C1)C(=O)C2=CC=CC=C2,K1751,Ketoprofen,SIGMA,2021_LOPAC_01,null,null,null,null,null,null,null,null,null,null,null,3.393,0,null,null,null,null,null,null,null,null,0,null,null,1.874,-1.52,4.508,null,null,null,null,null,null,null,null,null,null,DKYWVDODHFEZIM,null,TRND,OshvdUODdQgHnUMCIs,null,Cyclooxygenase 1(COX1) inhibitor,null,null,null,null,null,null,null,22071-15-4,PTGS1,null,null,0,4,null,null,null,173031,null,1,1,2025-06-17 15:29:19,null,null,null,null,null,null,null,364788047,activity,null,HTS,null,1.874,-1.52,-0.501,1.371,null,null,null,null,null,null,null,null,null,null,null,null,null,null,null,null,null,null,null,null,null,278938743
TRND-Glioblastoma_LOPAC_H4-primary_screen2,NCGC00016001-11,activity,null,4,9.31,4,0,null,ClC1=CC(Cl)=C(OC2=CC=C(OC3=C(Cl)C=C(Cl)C=N3)C=C2)N=C1,T1443,TCPOBOP,SIGMA,2021_LOPAC_01,null,null,null,null,null,null,null,null,null,null,null,7.669,0,null,null,null,null,null,null,null,null,0,null,null,9.31,1.641,14.235,null,null,null,null,null,null,null,null,null,null,BAFKRPOFIYPKBQ,null,TRND,gWrpmsIQGZpPOVBVsf,null,null,null,null,null,null,null,null,null,null,null,null,null,0,4,null,null,null,173031,null,1,1,2025-06-17 15:29:19,null,null,null,null,null,null,null,364788979,activity,null,HTS,null,2.015,3.724,1.641,9.31,null,null,null,null,null,null,null,null,null,null,null,null,null,null,null,null,null,null,null,null,null,278938745
TRND-Glioblastoma_LOPAC_H4-primary_screen2,NCGC00167441-13,activity,null,4,-2.171,4,-8.605,2.406,[H][C@@]1(CCC2=C(C1)SC(N)=N2)NCCC,A1237,Pramipexole dihydrochloride,SIGMA,2021_LOPAC_01,null,null,null,null,null,null,null,null,null,null,null,10.619,-2.105,0.444,0.857,null,null,null,null,null,null,6.5,null,null,8.448,-2.171,18.894,23.218,null,null,null,null,null,null,null,null,null,FASDKYOPVNHBLU,null,TRND,WATYIYjJkNwpWyomRn,null,Dopamine Receptor D3 agonist,null,null,CL,null,null,null,null,104632-26-0,DRD3,null,null,0,4,0,null,null,173031,0 0 0 0,1,1,2025-06-17 15:29:19,null,null,null,null,null,null,null,364790003,activity,null,HTS,null,4.488,8.448,2.399,-2.171,null,null,null,null,null,null,null,null,null,null,null,null,null,null,null,null,null,null,null,null,null,278938746
TRND-Glioblastoma_LOPAC_H4-primary_screen2,NCGC00016098-26,activity,null,4,3.575,4,0,null,CC1=CC=CC(C)=C1NC2=NCCCS2,x1251,xylazine hydrochloride,SIGMA,2021_LOPAC_01,null,null,null,null,null,null,null,null,null,null,null,8.088,0,null,null,null,null,null,null,null,null,0,null,null,8.299,0.211,26.852,null,null,null,null,null,null,null,null,null,null,BPICBUSOMSTKRF,null,TRND,GaxktLofbsjTUsMkrf,null,null,null,null,CL,null,null,null,null,23076-35-9,null,null,null,0,4,null,null,null,173031,null,1,1,2025-06-17 15:29:19,null,null,null,null,null,null,null,364788427,activity,null,HTS,null,8.299,0.211,2.566,3.575,null,null,null,null,null,null,null,null,null,null,null,null,null,null,null,null,null,null,null,null,null,278938747
TRND-Glioblastoma_LOPAC_H4-primary_screen2,NCGC00486918-03,activity,null,4,4.474,4,0,null,C[C@H](NC(=O)CNC(=O)C1=CC=CC(Cl)=C1)C2=CC=CC=C2,SML1624,JNJ-63533054,SIGMA,2021_LOPAC_01,null,null,null,null,null,null,null,null,null,null,null,7.943,0,null,null,null,null,null,null,null,null,0,null,null,7.669,-0.274,27.253,null,null,null,null,null,null,null,null,null,null,MWDVCHRYCKXEBY,null,TRND,LtGAXOsbhWsdipmdIe,null,null,null,null,null,null,null,null,null,null,null,null,null,0,4,null,null,null,173031,null,1,1,2025-06-17 15:29:19,null,null,null,null,null,null,null,364788751,activity,null,HTS,null,7.669,-0.274,5.449,4.474,null,null,null,null,null,null,null,null,null,null,null,null,null,null,null,null,null,null,null,null,null,278938748
TRND-Glioblastoma_LOPAC_H4-primary_screen2,NCGC00015467-39,activity,null,4,12.893,4,-27.353,1.558,COC1=C(C=C(Cl)C=C1)C(=O)NCCC2=CC=C(C=C2)[S+]([O-])(=O)NC(=O)NC3CCCCC3,G0639,Glybenclamide,SIGMA,2021_LOPAC_01,null,null,null,null,null,null,null,null,null,null,null,22.586,-10.853,1,1,null,null,null,null,null,null,16.5,null,null,15.208,-7.377,38.054,36.932,null,null,null,null,null,null,null,null,null,LTXYVKMLPDMZDV,null,TRND,JoFOtIcavsYnjqVvZi,null,null,null,null,null,null,null,null,null,10238-21-8,null,null,null,0,4,1,null,null,173031,0 0 0 1,1,1,2025-06-17 15:29:19,null,null,null,null,null,null,null,364786343,activity,null,HTS,null,15.208,6.991,-7.377,12.893,null,null,null,null,null,null,null,null,null,null,null,null,null,null,null,null,null,null,null,null,null,278938749
TRND-Glioblastoma_LOPAC_H4-primary_screen2,NCGC00015500-33,activity,null,4,-22.164,4,-28.097,4.955,OC1(CCN(CCCC(=O)C2=CC=C(F)C=C2)CC1)C3=CC=C(Cl)C=C3,H1512,Haloperidol,SIGMA,2021_LOPAC_01,null,null,null,null,null,null,null,null,null,null,null,33.901,-24.097,0.512,0.793,null,null,null,null,null,null,4,null,null,11.737,-22.164,6.604,5.022,null,null,null,null,null,null,null,null,null,LNEPOXFFQSENCJ,null,TRND,QBQdnmXsafOqlbgtrj,null,null,null,null,null,null,null,null,null,52-86-8,null,null,null,0,4,0,null,null,173031,0 0 0 0,1,1,2025-06-17 15:29:19,null,null,null,null,null,null,null,364786895,activity,null,HTS,null,4.747,-4.472,11.737,-22.164,null,null,null,null,null,null,null,null,null,null,null,null,null,null,null,null,null,null,null,null,null,278938750
TRND-Glioblastoma_LOPAC_H4-primary_screen2,NCGC00015949-20,activity,null,4,-13.542,4,-25.25,4.955,CN1C=C(C2=C1C=CC=C2)C3=C(C(=O)NC3=O)C4=C(Cl)C=C(Cl)C=C4,S3442,SB 216763,SIGMA,2021_LOPAC_01,null,null,null,null,null,null,null,null,null,null,null,28.41,-16.25,0.423,0.87,null,null,null,null,null,null,9,null,null,14.869,-13.542,24.188,30.602,null,null,null,null,null,null,null,null,null,JCSGFHVFHSKIJH,null,TRND,adoMOmFVYYzjMRtJqH,null,null,null,null,null,null,null,null,null,null,null,null,null,0,4,0,null,null,173031,0 0 0 0,1,1,2025-06-17 15:29:19,null,null,null,null,null,null,null,364788983,activity,null,HTS,null,6.157,5.468,14.869,-13.542,null,null,null,null,null,null,null,null,null,null,null,null,null,null,null,null,null,null,null,null,null,278938751
TRND-Glioblastoma_LOPAC_H4-primary_screen2,NCGC00181786-09,activity,null,4,6.825,4,0,null,CN[S+]([O-])(=O)CCC1=CC=C2NC=C(C3CCN(C)CC3)C2=C1,N1415,Naratriptan hydrochloride,SIGMA,2021_LOPAC_01,null,null,null,null,null,null,null,null,null,null,null,8.967,0,null,null,null,null,null,null,null,null,0,null,null,6.825,-2.142,0.222,null,null,null,null,null,null,null,null,null,null,DISCIPFLLHHREU,null,TRND,rWsBPaKLphTsrgYVJM,null,null,null,null,HCL,null,null,null,null,143388-64-1,null,null,null,0,4,null,null,null,173031,null,1,1,2025-06-17 15:29:19,null,null,null,null,null,null,null,364789179,activity,null,HTS,null,-2.142,3.578,0.113,6.825,null,null,null,null,null,null,null,null,null,null,null,null,null,null,null,null,null,null,null,null,null,278938752
TRND-Glioblastoma_LOPAC_H4-primary_screen2,NCGC00015287-20,activity,null,4,3.395,4,0,null,N[C@@H](CCONC(N)=N)C(O)=O,C1625,L-Canavanine,SIGMA,2021_LOPAC_01,null,null,null,null,null,null,null,null,null,null,null,2.363,0,null,null,null,null,null,null,null,null,0,null,null,3.395,1.031,13.198,null,null,null,null,null,null,null,null,null,null,FSBIGDSBMBYOPN,null,TRND,RIOmRxyfmuYJwilSBl,null,null,null,null,null,null,null,null,null,2219-31-0,null,null,null,0,4,null,null,null,173031,null,1,1,2025-06-17 15:29:19,null,null,null,null,null,null,null,364785719,activity,null,HTS,null,3.204,1.031,2.577,3.395,null,null,null,null,null,null,null,null,null,null,null,null,null,null,null,null,null,null,null,null,null,278938753
TRND-Glioblastoma_LOPAC_H4-primary_screen2,NCGC00018239-17,activity,null,4,14.004,4,14.609,4.955,CCC(NC(C)C)C(O)C1=CC=C(O)C(O)=C1,I3639,Isotharine mesylate,SIGMA,2021_LOPAC_01,null,null,null,null,null,null,null,null,null,null,null,14.095,16,0.235,0.965,null,null,null,null,null,null,1.391,null,null,14.004,-0.091,13.359,13.297,null,null,null,null,null,null,null,null,null,HUYWAWARQUIQLE,null,TRND,ZjWFfrDQJIMfMyDdSR,null,null,null,null,SULFONICACID_V1,null,null,null,null,[NO STEREO] 7279-75-6,null,null,null,0,4,0,null,null,173031,0 0 0 0,1,1,2025-06-17 15:29:19,null,null,null,null,null,null,null,364787491,activity,null,HTS,null,1.473,2.822,-0.091,14.004,null,null,null,null,null,null,null,null,null,null,null,null,null,null,null,null,null,null,null,null,null,278938754
TRND-Glioblastoma_LOPAC_H4-primary_screen2,NCGC00024605-21,activity,null,4,-10.795,4,-13.454,4.955,CN([C@H]1CCCC[C@@H]1N2CCCC2)C(=O)CC3=CC(Cl)=C(Cl)C=C3,D8040,(±) trans-U-50488 methanesulfonate,SIGMA,2021_LOPAC_01,null,null,null,null,null,null,null,null,null,null,null,12.865,-12.454,0.172,0.981,null,null,null,null,null,null,1,null,null,2.07,-10.795,-3.075,-1.529,null,null,null,null,null,null,null,null,null,VQLPLYSROCPWFF,null,TRND,hKIbOFEGSrHbhNkWyD,null,null,null,null,SULFONICACID_V1,null,null,null,null,null,null,null,null,0,4,0,null,null,173031,0 0 0 0,1,1,2025-06-17 15:29:19,null,null,null,null,null,null,null,364789755,activity,null,HTS,null,0.292,0.491,2.07,-10.795,null,null,null,null,null,null,null,null,null,null,null,null,null,null,null,null,null,null,null,null,null,278938755
TRND-Glioblastoma_LOPAC_H4-primary_screen2,NCGC00021139-41,activity,null,4,4.909,4,0,null,O=C1NC(=O)C(N1)(C2=CC=CC=C2)C3=CC=CC=C3,D4007,"5,5-Diphenylhydantoin",SIGMA,2021_LOPAC_01,null,null,null,null,null,null,null,null,null,null,null,5.58,0,null,null,null,null,null,null,null,null,0,null,null,7.821,2.241,28.644,null,null,null,null,null,null,null,null,null,null,CXOFVDLJLONNDW,null,TRND,sbTkdISRnDQgnYnuCm,null,null,null,null,null,null,null,null,null,57-41-0,null,null,null,0,4,null,null,null,173031,null,1,1,2025-06-17 15:29:19,null,null,null,null,null,null,null,364788563,activity,null,HTS,null,7.821,3.994,2.241,4.909,null,null,null,null,null,null,null,null,null,null,null,null,null,null,null,null,null,null,null,null,null,278938756
TRND-Glioblastoma_LOPAC_H4-primary_screen2,NCGC00015478-21,activity,null,4,4.276,4,-17.589,3.572,OC1=C(Br)C=C(\C=C2/C(=O)NC3=C2C=C(I)C=C3)C=C1Br,G6416,GW5074,SIGMA,2021_LOPAC_01,null,null,null,null,null,null,null,null,null,null,null,16.737,-6.589,1,1,null,null,null,null,null,null,11,null,null,10.829,-5.908,29.679,29.888,null,null,null,null,null,null,null,null,null,LMXYVLFTZRPNRV,null,TRND,xayRJCQcIEBIchAJRr,null,null,null,null,null,null,null,null,null,null,null,null,null,0,4,1,null,null,173031,0 0 0 1,1,1,2025-06-17 15:29:19,null,null,null,null,null,null,null,364786999,activity,null,HTS,null,10.829,9.82,-5.908,4.276,null,null,null,null,null,null,null,null,null,null,null,null,null,null,null,null,null,null,null,null,null,278938757
TRND-Glioblastoma_LOPAC_H4-primary_screen2,NCGC00167578-10,activity,null,4,4.836,4,0,null,O=C(C[C@H](CC1=CC=CC=C1)C(=O)O[Ca]OC(=O)[C@H](CC(=O)N2C[C@H]3CCCC[C@H]3C2)CC4=CC=CC=C4)N5C[C@H]6CCCC[C@H]6C5,SML0234,Mitiglinide calcium,SIGMA,2021_LOPAC_01,null,null,null,null,null,null,null,null,null,null,null,9.521,0,null,null,null,null,null,null,null,null,0,null,null,10.745,1.224,36.758,null,null,null,null,null,null,null,null,null,null,PMRVFZXOCRHXFE,null,TRND,nZOwyhspqkhMpMwmck,null,Insulin Secretagogue,null,null,null,null,null,null,null,207844-01-7,ABCC8,null,null,0,4,null,null,null,173031,null,1,1,2025-06-17 15:29:19,null,null,null,null,null,null,null,364787131,activity,null,HTS,null,10.745,1.224,5.062,4.836,null,null,null,null,null,null,null,null,null,null,null,null,null,null,null,null,null,null,null,null,null,278938758
TRND-Glioblastoma_LOPAC_H4-primary_screen2,NCGC00015134-15,activity,null,4,10.91,4,0,null,CN1CCC(CC1)C2=CNC3=C2C=C(O)C=C3,B173,BRL 54443 maleate,SIGMA,2021_LOPAC_01,null,null,null,null,null,null,null,null,null,null,null,8.458,0,null,null,null,null,null,null,null,null,0,null,null,10.91,2.452,20.702,null,null,null,null,null,null,null,null,null,null,WKNFADCGOAHBPG,null,TRND,lAfcULYixxQpqeCFbr,null,null,null,null,MALEATE,null,null,null,null,null,null,null,null,0,4,null,null,null,173031,null,1,1,2025-06-17 15:29:19,null,null,null,null,null,null,null,364788223,activity,null,HTS,null,2.452,2.915,8.761,10.91,null,null,null,null,null,null,null,null,null,null,null,null,null,null,null,null,null,null,null,null,null,278939269
TRND-Glioblastoma_LOPAC_H4-primary_screen2,NCGC00024656-10,activity,null,4,8.353,4,0,null,C[C@@H](N)CC1=CNC=N1,H128,"Histamine, R(-)-alpha-methyl-, dihydrochloride",SIGMA,2021_LOPAC_01,null,null,null,null,null,null,null,null,null,null,null,9.305,0,null,null,null,null,null,null,null,null,0,null,null,9.294,-0.012,31.345,null,null,null,null,null,null,null,null,null,null,XNQIOISZPFVUFG,null,TRND,LmhngkzajUZFmgQRbi,null,null,null,null,CL,null,null,null,null,null,null,null,null,0,4,null,null,null,173031,null,1,1,2025-06-17 15:29:19,null,null,null,null,null,null,null,364788891,activity,null,HTS,null,9.294,-0.012,1.672,8.353,null,null,null,null,null,null,null,null,null,null,null,null,null,null,null,null,null,null,null,null,null,278939270
TRND-Glioblastoma_LOPAC_H4-primary_screen2,NCGC00015744-12,activity,null,4,7.265,4,0,null,OC(=O)CC[N+]([O-])=O,N5636,3-Nitropropionic acid,SIGMA,2021_LOPAC_01,null,null,null,null,null,null,null,null,null,null,null,6.094,0,null,null,null,null,null,null,null,null,0,null,null,8.624,2.531,33.936,null,null,null,null,null,null,null,null,null,null,WBLZUCOIBUDNBV,null,TRND,CsgrBbiQgRONjhFBIW,null,null,null,null,null,null,null,null,null,504-88-1,null,null,null,0,4,null,null,null,173031,null,1,1,2025-06-17 15:29:19,null,null,null,null,null,null,null,364787763,activity,null,HTS,null,8.624,2.531,6.313,7.265,null,null,null,null,null,null,null,null,null,null,null,null,null,null,null,null,null,null,null,null,null,278939271
TRND-Glioblastoma_LOPAC_H4-primary_screen2,NCGC00370986-02,activity,null,4,2.525,4,-9.651,2.333,O=C1NC[C@@]2(CN3CCC2CC3)O1,SML2049,AR-R17779 Hydrochloride,SIGMA,2021_LOPAC_01,null,null,null,null,null,null,null,null,null,null,null,10.494,1.349,0.31,0.936,null,null,null,null,null,null,11,null,null,10.368,-0.126,32.962,33.57,null,null,null,null,null,null,null,null,null,TYAGAVRSOFABFO,null,TRND,EIuurFdRCLCjmQXmxK,null,null,null,null,CL,null,null,null,null,null,null,null,null,0,4,0,null,null,173031,0 0 0 0,1,1,2025-06-17 15:29:19,null,null,null,null,null,null,null,364790087,activity,null,HTS,null,10.368,4.221,-0.126,2.525,null,null,null,null,null,null,null,null,null,null,null,null,null,null,null,null,null,null,null,null,null,278939272
TRND-Glioblastoma_LOPAC_H4-primary_screen2,NCGC00015919-25,activity,null,4,10.146,4,-13.5,4.955,CC(C)NCC(O)C1=CC=C(N[S+](C)([O-])=O)C=C1,S0278,(±)-Sotalol hydrochloride,SIGMA,2021_LOPAC_01,null,null,null,null,null,null,null,null,null,null,null,13.099,1.5,1,0.937,null,null,null,null,null,null,15,null,null,13.177,0.079,40.831,39.99,null,null,null,null,null,null,null,null,null,JBELYSFONFSZTR,null,TRND,WtVzQRBojxKFWIsXlv,null,Beta-1 Adrenergic Receptor antagonist,null,null,CL,null,null,null,null,959-24-0,ADRB1,null,null,0,4,1,null,null,173031,0 0 0 1,1,1,2025-06-17 15:29:19,null,null,null,null,null,null,null,364786127,activity,null,HTS,null,13.177,0.079,3.434,10.146,null,null,null,null,null,null,null,null,null,null,null,null,null,null,null,null,null,null,null,null,null,278939273
TRND-Glioblastoma_LOPAC_H4-primary_screen2,NCGC00093774-05,activity,null,4,6.782,4,0,null,OCC1O[C@H](O)C(Cl)C(O)C1O,C203,2-Chloro-2-deoxy-D-glucose,SIGMA,2021_LOPAC_01,null,null,null,null,null,null,null,null,null,null,null,7.566,0,null,null,null,null,null,null,null,null,0,null,null,6.782,-0.784,4.694,null,null,null,null,null,null,null,null,null,null,SNGNCYILSHZBLM,null,TRND,YHQuskRZKnJVDXYDZC,null,null,null,null,null,null,null,null,null,null,null,null,null,0,4,null,null,null,173031,null,1,1,2025-06-17 15:29:19,null,null,null,null,null,null,null,364785943,activity,null,HTS,null,0.26,-0.784,1.364,6.782,null,null,null,null,null,null,null,null,null,null,null,null,null,null,null,null,null,null,null,null,null,278939274
TRND-Glioblastoma_LOPAC_H4-primary_screen2,NCGC00015525-22,activity,null,4,-0.017,4,0,null,NCCC1=CNC2=C1C=C(O)C=C2,H9523,Serotonin hydrochloride,SIGMA,2021_LOPAC_01,null,null,null,null,null,null,null,null,null,null,null,8.285,0,null,null,null,null,null,null,null,null,0,null,null,7.808,-0.477,19.633,null,null,null,null,null,null,null,null,null,null,QZAYGJVTTNCVMB,null,TRND,MKpgnDNniarobvIhpM,null,null,null,null,CL,null,null,null,null,153-98-0,null,null,null,0,4,null,null,null,173031,null,1,1,2025-06-17 15:29:19,null,null,null,null,null,null,null,364788235,activity,null,HTS,null,5.231,-0.477,7.808,-0.017,null,null,null,null,null,null,null,null,null,null,null,null,null,null,null,null,null,null,null,null,null,278939276
TRND-Glioblastoma_LOPAC_H4-primary_screen2,NCGC00013106-08,activity,null,4,-1.476,4,-13.271,1.967,C(C1=CC=CC=C1)[N@+]23CN4CN(CN(C4)C2)C3,SML0892,Roslin 2,SIGMA,2021_LOPAC_01,null,null,null,null,null,null,null,null,null,null,null,12.774,-1.771,0.043,0.999,null,null,null,null,null,null,11.5,null,null,11.299,-1.476,41.451,41.936,null,null,null,null,null,null,null,null,null,ZEBQXLTZNFGHKI,null,TRND,lhlHmsatIVuFYfkpto,null,null,null,null,BR,null,null,null,null,null,null,null,null,0,4,0,null,null,173031,0 0 0 0,1,1,2025-06-17 15:29:19,null,null,null,null,null,null,null,364790347,activity,null,HTS,null,11.299,11.141,4.413,-1.476,null,null,null,null,null,null,null,null,null,null,null,null,null,null,null,null,null,null,null,null,null,278939277
TRND-Glioblastoma_LOPAC_H4-primary_screen2,NCGC00015953-09,activity,null,4,6.416,4,0,null,CC1=C(CC#N)N2C=CC=C(OCC3=CC=CC=C3)C2=N1,S4443,SCH-28080,SIGMA,2021_LOPAC_01,null,null,null,null,null,null,null,null,null,null,null,4.227,0,null,null,null,null,null,null,null,null,0,null,null,8.137,3.909,31.944,null,null,null,null,null,null,null,null,null,null,PYKJFEPAUKAXNN,null,TRND,UEHEIbQYcfHegspRzw,null,null,null,null,null,null,null,null,null,76081-98-6,null,null,null,0,4,null,null,null,173031,null,1,1,2025-06-17 15:29:19,null,null,null,null,null,null,null,364787311,activity,null,HTS,null,8.137,3.909,4.661,6.416,null,null,null,null,null,null,null,null,null,null,null,null,null,null,null,null,null,null,null,null,null,278939279
TRND-Glioblastoma_LOPAC_H4-primary_screen2,NCGC00015767-25,activity,null,4,-2.709,4,0,null,CCN(CC)CC#CCOC(=O)C(O)(C1CCCCC1)C2=CC=CC=C2,O2881,Oxybutynin Chloride,SIGMA,2021_LOPAC_01,null,null,null,null,null,null,null,null,null,null,null,5.753,0,null,null,null,null,null,null,null,null,0,null,null,3.043,-2.709,8.547,null,null,null,null,null,null,null,null,null,null,XIQVNETUBQGFHX,null,TRND,ISiLzPkfdEMvCAwmlf,null,null,null,null,CL,null,null,null,null,1508-65-2,null,null,null,0,4,null,null,null,173031,null,1,1,2025-06-17 15:29:19,null,null,null,null,null,null,null,364788327,activity,null,HTS,null,3.043,-0.808,2.988,-2.709,null,null,null,null,null,null,null,null,null,null,null,null,null,null,null,null,null,null,null,null,null,278939280
TRND-Glioblastoma_LOPAC_H4-primary_screen2,NCGC00015581-18,activity,null,4,8.879,4,14.514,0.8,OC(=O)C1=CC(O)=C2C=CC=CC2=N1,K3375,Kynurenic acid,SIGMA,2021_LOPAC_01,null,null,null,null,null,null,null,null,null,null,null,10.973,10.5,0.027,1,null,null,null,null,null,null,-4.014,null,null,8.879,-2.095,3.992,4.43,null,null,null,null,null,null,null,null,null,HCZHHEIFKROPDY,null,TRND,XVfWPfyDOjkjSXpvXg,null,null,null,null,null,null,null,null,null,492-27-3,null,null,null,0,4,0,null,null,173031,0 0 0 0,1,1,2025-06-17 15:29:19,null,null,null,null,null,null,null,364789967,activity,null,HTS,null,-2.095,1.359,5.988,8.879,null,null,null,null,null,null,null,null,null,null,null,null,null,null,null,null,null,null,null,null,null,278939281
TRND-Glioblastoma_LOPAC_H4-primary_screen2,NCGC00165791-12,activity,null,4,-1.185,4,-21.282,2.253,NC1=NCC2N1C3=C(CC4=C2C=CC=C4)C=CC=C3,E5156,Epinastine hydrochloride,SIGMA,2021_LOPAC_01,null,null,null,null,null,null,null,null,null,null,null,23.341,-3.782,0.289,0.945,null,null,null,null,null,null,17.5,null,null,16.856,-6.485,46.356,46.87,null,null,null,null,null,null,null,null,null,WHWZLSFABNNENI,null,TRND,mWMhIlbmbhsdbuDHoc,null,null,null,null,HCL,null,null,null,null,108929-04-0,null,null,null,0,4,0,null,null,173031,0 0 0 0,1,1,2025-06-17 15:29:19,null,null,null,null,null,null,null,364787015,activity,null,HTS,null,16.856,6.777,-6.485,-1.185,null,null,null,null,null,null,null,null,null,null,null,null,null,null,null,null,null,null,null,null,null,278939283
TRND-Glioblastoma_LOPAC_H4-primary_screen2,NCGC00015501-30,activity,null,4,8.195,4,0,null,NNC1=C2C=CC=CC2=CN=N1,H1753,Hydralazine hydrochloride,SIGMA,2021_LOPAC_01,null,null,null,null,null,null,null,null,null,null,null,2.482,0,null,null,null,null,null,null,null,null,0,null,null,9.138,6.656,39.748,null,null,null,null,null,null,null,null,null,null,RPTUSVTUFVMDQK,null,TRND,oKiKaEvRlYQBDJXeRW,null,Myeloperoxidase inhibitor,null,null,CL,null,null,null,null,304-20-1,MPO,null,null,0,4,null,null,null,173031,null,1,1,2025-06-17 15:29:19,null,null,null,null,null,null,null,364787535,activity,null,HTS,null,9.138,6.656,7.763,8.195,null,null,null,null,null,null,null,null,null,null,null,null,null,null,null,null,null,null,null,null,null,278939286
TRND-Glioblastoma_LOPAC_H4-primary_screen2,NCGC00015417-18,activity,null,4,20.954,4,21.5,1.222,CNCC(O)C1=CC(O)=C(O)C=C1,E4642,(±)-Epinephrine hydrochloride,SIGMA,2021_LOPAC_01,null,null,null,null,null,null,null,null,null,null,null,17.106,26,0.144,0.987,null,null,null,null,null,null,4.5,null,null,20.954,3.848,34.002,35.985,null,null,null,null,null,null,null,null,null,UCTWMZQNUQWSLP,null,TRND,XlLWpCVRFTHgptTZNO,null,null,null,null,CL,null,null,null,null,329-63-5,null,null,null,0,4,0,null,null,173031,0 0 0 0,1,1,2025-06-17 15:29:19,null,null,null,null,null,null,null,364788147,activity,null,HTS,null,3.848,6.876,10.73,20.954,null,null,null,null,null,null,null,null,null,null,null,null,null,null,null,null,null,null,null,null,null,278939287
TRND-Glioblastoma_LOPAC_H4-primary_screen2,NCGC00015480-21,activity,null,4,15.318,4,0,null,CC(C)(SC1=CC=C(CCN(CCCCC2CCCCC2)C(=O)NC3CCCCC3)C=C1)C(O)=O,G6793,GW7647,SIGMA,2021_LOPAC_01,null,null,null,null,null,null,null,null,null,null,null,4.447,0,null,null,null,null,null,null,null,null,0,null,null,15.318,10.871,57.402,null,null,null,null,null,null,null,null,null,null,PKNYXWMTHFMHKD,null,TRND,bDKlQtEvaHVuMEWPaK,null,null,null,null,null,null,null,null,null,null,null,null,null,0,4,null,null,null,173031,null,1,1,2025-06-17 15:29:19,null,null,null,null,null,null,null,364788275,activity,null,HTS,null,10.871,12.229,15.208,15.318,null,null,null,null,null,null,null,null,null,null,null,null,null,null,null,null,null,null,null,null,null,278939288
TRND-Glioblastoma_LOPAC_H4-primary_screen2,NCGC00370908-11,activity,null,4,0.657,4,-19,1.1,CC(C)(C)C1=CC(=C2OC(=O)C(O)(C2=C1)C(F)(F)F)C(C)(C)C,SML0275,rac BHFF,SIGMA,2021_LOPAC_01,null,null,null,null,null,null,null,null,null,null,null,14.61,0.5,0.064,0.997,null,null,null,null,null,null,19.5,null,null,15.267,0.657,49.625,48.999,null,null,null,null,null,null,null,null,null,RVNOANDLZIIFHB,null,TRND,ZReEZJLxyrlrVzKGgi,null,null,null,null,null,null,null,null,null,null,null,null,null,0,4,0,null,null,173031,0 0 0 0,1,1,2025-06-17 15:29:19,null,null,null,null,null,null,null,364787175,activity,null,HTS,null,15.267,7.221,2.667,0.657,null,null,null,null,null,null,null,null,null,null,null,null,null,null,null,null,null,null,null,null,null,278939289
TRND-Glioblastoma_LOPAC_H4-primary_screen2,NCGC00384186-15,activity,null,4,7.565,4,0,null,N#CC1=CC=C(C=C1)C2=CSC(NN=C3CCCC3)=N2,SML1112,Remodelin hydrobromide,SIGMA,2021_LOPAC_01,null,null,null,null,null,null,null,null,null,null,null,11.895,0,null,null,null,null,null,null,null,null,0,null,null,11.248,-0.646,40.442,null,null,null,null,null,null,null,null,null,null,XAEJIFARBQJLML,null,TRND,nNsbedzYERvlYcrCgp,null,null,null,null,BR,null,null,null,null,null,null,null,null,0,4,null,null,null,173031,null,1,1,2025-06-17 15:29:19,null,null,null,null,null,null,null,364787183,activity,null,HTS,null,11.248,-0.646,8.151,7.565,null,null,null,null,null,null,null,null,null,null,null,null,null,null,null,null,null,null,null,null,null,278939290
TRND-Glioblastoma_LOPAC_H4-primary_screen2,NCGC00015004-23,activity,null,4,-0.013,4,0,null,ClC1=CC2=C(OC3=C(C=CC=C3)N=C2N4CCNCC4)C=C1,A129,Amoxapine,SIGMA,2021_LOPAC_01,null,null,null,null,null,null,null,null,null,null,null,8.284,0,null,null,null,null,null,null,null,null,0,null,null,8.271,-0.013,30.325,null,null,null,null,null,null,null,null,null,null,QWGDMFLQWFTERH,null,TRND,ijXbWhodDPGEmbivRp,null,null,null,null,null,null,null,null,null,14028-44-5,null,null,null,0,4,null,null,null,173031,null,1,1,2025-06-17 15:29:19,null,null,null,null,null,null,null,364787259,activity,null,HTS,null,8.271,4.386,6.165,-0.013,null,null,null,null,null,null,null,null,null,null,null,null,null,null,null,null,null,null,null,null,null,278939293
TRND-Glioblastoma_LOPAC_H4-primary_screen2,NCGC00015784-20,activity,null,4,6.158,4,0,null,CC1=C(CCN2CCC(CC2)C(=O)C3=CC=C(F)C=C3)C(=O)N4C=CC=CC4=N1,P126,Pirenperone,SIGMA,2021_LOPAC_01,null,null,null,null,null,null,null,null,null,null,null,7.419,0,null,null,null,null,null,null,null,null,0,null,null,6.345,-1.073,21.501,null,null,null,null,null,null,null,null,null,null,HXCNRYXBZNHDNE,null,TRND,BIUbzwKZXISkJYOXPG,null,null,null,null,null,null,null,null,null,75444-65-4,null,null,null,0,4,null,null,null,173031,null,1,1,2025-06-17 15:29:19,null,null,null,null,null,null,null,364788067,activity,null,HTS,null,6.345,-1.073,2.008,6.158,null,null,null,null,null,null,null,null,null,null,null,null,null,null,null,null,null,null,null,null,null,278939294
TRND-Glioblastoma_LOPAC_H4-primary_screen2,NCGC00014991-10,activity,null,4,7.202,4,0,null,NCCCCC(O)=O,194336,5-Aminovaleric acid hydrochloride,SIGMA,2021_LOPAC_01,null,null,null,null,null,null,null,null,null,null,null,2.342,0,null,null,null,null,null,null,null,null,0,null,null,8.952,6.611,39.063,null,null,null,null,null,null,null,null,null,null,JJMDCOVWQOJGCB,null,TRND,rwYlakewWeCPPVXEZN,null,null,null,null,CL,null,null,null,null,null,null,null,null,0,4,null,null,null,173031,null,1,1,2025-06-17 15:29:19,null,null,null,null,null,null,null,364787331,activity,null,HTS,null,8.952,8.314,6.611,7.202,null,null,null,null,null,null,null,null,null,null,null,null,null,null,null,null,null,null,null,null,null,278939295
TRND-Glioblastoma_LOPAC_H4-primary_screen2,NCGC00015655-16,activity,null,4,0.888,4,0,null,CC(C)NCC(O)C1=CC(O)=CC(O)=C1,M2398,Metaproterenol hemisulfate,SIGMA,2021_LOPAC_01,null,null,null,null,null,null,null,null,null,null,null,10.341,0,null,null,null,null,null,null,null,null,0,null,null,11.229,0.888,27.534,null,null,null,null,null,null,null,null,null,null,LMOINURANNBYCM,null,TRND,VLrwoKfMhzkgdYprRF,null,null,null,null,SULFURIC_ACID,null,null,null,null,586-06-1,null,null,null,0,4,null,null,null,173031,null,1,1,2025-06-17 15:29:19,null,null,null,null,null,null,null,364786107,activity,null,HTS,null,6.573,1.394,11.229,0.888,null,null,null,null,null,null,null,null,null,null,null,null,null,null,null,null,null,null,null,null,null,278939296
TRND-Glioblastoma_LOPAC_H4-primary_screen2,NCGC00162375-07,activity,null,4,6.103,4,0,null,[S-]C(=S)OC1CC2CC1C3CCCC23,T8543,D-609 potassium,SIGMA,2021_LOPAC_01,null,null,null,null,null,null,null,null,null,null,null,6.138,0,null,null,null,null,null,null,null,null,0,null,null,6.145,0.006,12.24,null,null,null,null,null,null,null,null,null,null,PWLXJBSAUKKGCM,null,TRND,mlYanygsoOQqvOSApx,null,null,null,null,null,null,null,null,null,null,null,null,null,0,4,null,null,null,173031,null,1,1,2025-06-17 15:29:19,null,null,null,null,null,null,null,364788315,activity,null,HTS,null,1.706,6.145,0.006,6.103,null,null,null,null,null,null,null,null,null,null,null,null,null,null,null,null,null,null,null,null,null,278939297
TRND-Glioblastoma_LOPAC_H4-primary_screen2,NCGC00162218-14,activity,null,4,0.533,4,0,null,CCC1=C(C)NC2=C1C(=O)C(CN3CCOCC3)CC2,M1818,Molindone hydrochloride,SIGMA,2021_LOPAC_01,null,null,null,null,null,null,null,null,null,null,null,8.043,0,null,null,null,null,null,null,null,null,0,null,null,8.576,0.533,27.031,null,null,null,null,null,null,null,null,null,null,KLPWJLBORRMFGK,null,TRND,EgqhIXWjYOZSbMpebq,null,null,null,null,CL,null,null,null,null,15622-65-8,null,null,null,0,4,null,null,null,173031,null,1,1,2025-06-17 15:29:19,null,null,null,null,null,null,null,364786755,activity,null,HTS,null,8.576,1.85,2.373,0.533,null,null,null,null,null,null,null,null,null,null,null,null,null,null,null,null,null,null,null,null,null,278939298
TRND-Glioblastoma_LOPAC_H4-primary_screen2,NCGC00016018-25,activity,null,4,2.174,4,0,null,C1CN=C(N1)C2CCCC3=C2C=CC=C3,T4264,Tetrahydrozoline hydrochloride,SIGMA,2021_LOPAC_01,null,null,null,null,null,null,null,null,null,null,null,5.046,0,null,null,null,null,null,null,null,null,0,null,null,7.22,2.174,27.668,null,null,null,null,null,null,null,null,null,null,BYJAVTDNIXVSPW,null,TRND,FyCqATJkxIygaAiVBM,null,null,null,null,CL,null,null,null,null,522-48-5,null,null,null,0,4,null,null,null,173031,null,1,1,2025-06-17 15:29:19,null,null,null,null,null,null,null,364786471,activity,null,HTS,null,7.22,5.276,4.007,2.174,null,null,null,null,null,null,null,null,null,null,null,null,null,null,null,null,null,null,null,null,null,278939299
TRND-Glioblastoma_LOPAC_H4-primary_screen2,NCGC00015148-15,activity,null,4,-0.294,4,-13.852,1.1,CCCC[S+]([O-])(=N)CCC(N)C(O)=O,B2515,L-Buthionine-sulfoximine,SIGMA,2021_LOPAC_01,null,null,null,null,null,null,null,null,null,null,null,11.414,1.148,0.701,0.483,null,null,null,null,null,null,15,null,null,11.121,-0.294,35.502,29.849,null,null,null,null,null,null,null,null,null,WDFRNLYXRQXXFS,null,TRND,qgvRjyyhcJnDBNojxN,null,Glutamate-Cysteine Ligase catalytic subunit inhibitor,null,null,null,null,null,null,null,83730-53-4,GCLC,null,null,0,4,0,null,null,173031,0 0 0 0,1,1,2025-06-17 15:29:19,null,null,null,null,null,null,null,364789567,activity,null,HTS,null,11.121,-0.102,6.958,-0.294,null,null,null,null,null,null,null,null,null,null,null,null,null,null,null,null,null,null,null,null,null,278939300
TRND-Glioblastoma_LOPAC_H4-primary_screen2,NCGC00476206-05,activity,null,4,-18.859,4,-22.63,4.955,ClC1=CC=CC(Cl)=C1CSC2=NN=C(S2)C3=NC=CN=C3,SML1558,Yoda1 ,SIGMA,2021_LOPAC_01,null,null,null,null,null,null,null,null,null,null,null,25.062,-16.13,0.26,0.956,null,null,null,null,null,null,6.5,null,null,6.203,-18.859,-12.529,-12.823,null,null,null,null,null,null,null,null,null,BQNXBSYSQXSXPT,null,TRND,BbPRBumTVzmjFSFFgL,null,null,null,null,null,null,null,null,null,null,null,null,null,0,4,0,null,null,173031,0 0 0 0,1,1,2025-06-17 15:29:19,null,null,null,null,null,null,null,364787247,activity,null,HTS,null,6.203,-15.268,-13.099,-18.859,null,null,null,null,null,null,null,null,null,null,null,null,null,null,null,null,null,null,null,null,null,278939301
TRND-Glioblastoma_LOPAC_H4-primary_screen2,NCGC00015667-06,activity,null,4,4.415,4,0,null,COC(=O)C(C)(N)CC1=CC=C(O)C=C1,M3281,alpha-Methyl-DL-tyrosine methyl ester hydrochloride,SIGMA,2021_LOPAC_01,null,null,null,null,null,null,null,null,null,null,null,6.174,0,null,null,null,null,null,null,null,null,0,null,null,6.676,0.502,23.356,null,null,null,null,null,null,null,null,null,null,WYJJUDJUEGRXHZ,null,TRND,vcbpLftqxXWFSaNJbx,null,null,null,null,CL,null,null,null,null,null,null,null,null,0,4,null,null,null,173031,null,1,1,2025-06-17 15:29:19,null,null,null,null,null,null,null,364789319,activity,null,HTS,null,5.772,6.676,0.502,4.415,null,null,null,null,null,null,null,null,null,null,null,null,null,null,null,null,null,null,null,null,null,278939302
TRND-Glioblastoma_LOPAC_H4-primary_screen2,NCGC00094437-09,activity,null,4,3.434,4,-9.343,2.847,[H][C@](N)(CC1=CNC2=C1C=CC=C2)C(O)=O,T0254,L-Tryptophan,SIGMA,2021_LOPAC_01,null,null,null,null,null,null,null,null,null,null,null,10.723,1.657,0.401,0.887,null,null,null,null,null,null,11,null,null,10.437,-0.286,32.62,33.136,null,null,null,null,null,null,null,null,null,QIVBCDIJIAJPQS,null,TRND,FYyzgLoyxMcjQgjubW,null,null,null,null,null,null,null,null,null,73-22-3,null,null,null,0,4,0,null,null,173031,0 0 0 0,1,1,2025-06-17 15:29:19,null,null,null,null,null,null,null,364789603,activity,null,HTS,null,10.437,2.934,-0.286,3.434,null,null,null,null,null,null,null,null,null,null,null,null,null,null,null,null,null,null,null,null,null,278938760
TRND-Glioblastoma_LOPAC_H4-primary_screen2,NCGC00016011-24,activity,null,4,12.42,4,0,null,NCCC1=CC=C(O)C=C1,T2879,4-Hydroxyphenethylamine hydrochloride,SIGMA,2021_LOPAC_01,null,null,null,null,null,null,null,null,null,null,null,8.261,0,null,null,null,null,null,null,null,null,0,null,null,12.42,4.159,28.283,null,null,null,null,null,null,null,null,null,null,DZGWFCGJZKJUFP,null,TRND,skcgWSymKbJTfGRiEf,null,null,null,null,CL,null,null,null,null,60-19-5,null,null,null,0,4,null,null,null,173031,null,1,1,2025-06-17 15:29:19,null,null,null,null,null,null,null,364786455,activity,null,HTS,null,4.159,9.124,5.486,12.42,null,null,null,null,null,null,null,null,null,null,null,null,null,null,null,null,null,null,null,null,null,278938761
TRND-Glioblastoma_LOPAC_H4-primary_screen2,NCGC00015636-09,activity,null,4,7.878,4,0,null,[NH-]C1=C[N+](=NO1)N2CCOCC2,M184,3-Morpholinosydnonimine hydrochloride,SIGMA,2021_LOPAC_01,null,null,null,null,null,null,null,null,null,null,null,5.687,0,null,null,null,null,null,null,null,null,0,null,null,7.878,2.191,18.181,null,null,null,null,null,null,null,null,null,null,FKDHHVKWGRFRTG,null,TRND,zeuPrNoMFvkoJuNpEs,null,null,null,null,CL,null,null,null,null,null,null,null,null,0,4,null,null,null,173031,null,1,1,2025-06-17 15:29:19,null,null,null,null,null,null,null,364788975,activity,null,HTS,null,2.191,5.317,6.067,7.878,null,null,null,null,null,null,null,null,null,null,null,null,null,null,null,null,null,null,null,null,null,278938763
TRND-Glioblastoma_LOPAC_H4-primary_screen2,NCGC00015497-09,activity,null,4,7.322,4,0,null,COC1=C(O)C=CC(CC(O)=O)=C1,H1252,4-Hydroxy-3-methoxyphenylacetic acid,SIGMA,2021_LOPAC_01,null,null,null,null,null,null,null,null,null,null,null,7.237,0,null,null,null,null,null,null,null,null,0,null,null,7.322,0.085,12.299,null,null,null,null,null,null,null,null,null,null,QRMZSPFSDQBLIX,null,TRND,UQJIdZQgeCbabWqqvB,null,null,null,null,null,null,null,null,null,306-08-1,null,null,null,0,4,null,null,null,173031,null,1,1,2025-06-17 15:29:19,null,null,null,null,null,null,null,364790075,activity,null,HTS,null,0.085,5.813,5.937,7.322,null,null,null,null,null,null,null,null,null,null,null,null,null,null,null,null,null,null,null,null,null,278938764
TRND-Glioblastoma_LOPAC_H4-primary_screen2,NCGC00015941-12,activity,null,4,4.114,4,0,null,NCCCNCCCCNCCCN,S2876,Spermine tetrahydrochloride,SIGMA,2021_LOPAC_01,null,null,null,null,null,null,null,null,null,null,null,15.921,0,null,null,null,null,null,null,null,null,0,null,null,12.41,-3.511,40.946,null,null,null,null,null,null,null,null,null,null,PFNFFQXMRSDOHW,null,TRND,NpjaqeQdPJOKCurBfQ,null,null,null,null,CL,null,null,null,null,null,null,null,null,0,4,null,null,null,173031,null,1,1,2025-06-17 15:29:19,null,null,null,null,null,null,null,364787439,activity,null,HTS,null,12.41,-3.511,9.719,4.114,null,null,null,null,null,null,null,null,null,null,null,null,null,null,null,null,null,null,null,null,null,278938765
TRND-Glioblastoma_LOPAC_H4-primary_screen2,NCGC00390660-09,activity,null,4,-2.232,4,-9.178,4.955,COC1=CC(=CC(OC)=C1OC)C2=CC(=CN=C2C)C3=CC=C(C=C3)N4CCNCC4,SML1119,LDN-214117,SIGMA,2021_LOPAC_01,null,null,null,null,null,null,null,null,null,null,null,12.361,-3.178,0.728,0.404,null,null,null,null,null,null,6,null,null,10.13,-2.232,29.744,23.945,null,null,null,null,null,null,null,null,null,BHUXVRVMMYAXKN,null,TRND,uUdyGaWceRnUVEiHdV,null,ALK2 inhibitor,null,null,null,null,null,null,null,null,ACVR1,null,null,0,4,0,null,null,173031,0 0 0 0,1,1,2025-06-17 15:29:19,null,null,null,null,null,null,null,364788051,activity,null,HTS,null,8.859,-1.076,10.13,-2.232,null,null,null,null,null,null,null,null,null,null,null,null,null,null,null,null,null,null,null,null,null,278938766
TRND-Glioblastoma_LOPAC_H4-primary_screen2,NCGC00015956-12,activity,null,4,-15.276,4,-25.831,2.952,CC[C@H](NC(=O)C1=C(C)C(=NC2=CC=CC=C12)C3=CC=CC=C3)C4=CC=CC=C4,S5192,SB 222200,SIGMA,2021_LOPAC_01,null,null,null,null,null,null,null,null,null,null,null,29.706,-16.331,0.37,0.905,null,null,null,null,null,null,9.5,null,null,14.43,-15.276,39.077,28.352,null,null,null,null,null,null,null,null,null,MQNYRKWJSMQECI,null,TRND,ZorrRCQhyEZEIcIVGC,null,null,null,null,null,null,null,null,null,null,null,null,null,0,4,0,null,null,173031,0 0 0 0,1,1,2025-06-17 15:29:19,null,null,null,null,null,null,null,364786043,activity,null,HTS,null,14.43,4.921,5.18,-15.276,null,null,null,null,null,null,null,null,null,null,null,null,null,null,null,null,null,null,null,null,null,278938767
TRND-Glioblastoma_LOPAC_H4-primary_screen2,NCGC00476190-04,activity,null,4,-9.089,4,-15.406,4.955,ClC1=CC=C(OC2=CC=C(NC(=O)C3=CC=CC=N3)C=C2Cl)N=C1,SML1245,ML396,SIGMA,2021_LOPAC_01,null,null,null,null,null,null,null,null,null,null,null,16.481,-10.906,0.396,0.89,null,null,null,null,null,null,4.5,null,null,7.392,-9.089,14.337,14.013,null,null,null,null,null,null,null,null,null,MZRLPXFGQKQHST,null,TRND,mOqslyUZLRLdrXwupS,null,null,null,null,null,null,null,null,null,null,null,null,null,0,4,0,null,null,173031,0 0 0 0,1,1,2025-06-17 15:29:19,null,null,null,null,null,null,null,364787935,activity,null,HTS,null,4.636,1.546,7.392,-9.089,null,null,null,null,null,null,null,null,null,null,null,null,null,null,null,null,null,null,null,null,null,278938768
TRND-Glioblastoma_LOPAC_H4-primary_screen2,NCGC00015054-28,activity,null,4,-8.683,4,-17.92,4.955,NC1=C2CCCCC2=NC3=CC=CC=C13,A3773,"9-Amino-1,2,3,4-tetrahydroacridine hydrochloride",SIGMA,2021_LOPAC_01,null,null,null,null,null,null,null,null,null,null,null,18.302,-9.92,0.207,0.973,null,null,null,null,null,null,8,null,null,9.618,-8.683,25.419,28.807,null,null,null,null,null,null,null,null,null,YLJREFDVOIBQDA,null,TRND,UFaavttNiLPlXWxRtE,null,null,null,null,CL,null,null,null,null,1684-40-8,null,null,null,0,4,0,null,null,173031,0 0 0 0,1,1,2025-06-17 15:29:19,null,null,null,null,null,null,null,364787251,activity,null,HTS,null,6.289,8.308,9.618,-8.683,null,null,null,null,null,null,null,null,null,null,null,null,null,null,null,null,null,null,null,null,null,278938770
TRND-Glioblastoma_LOPAC_H4-primary_screen2,NCGC00165883-12,activity,null,4,0.671,4,0,null,NC(=O)C1=CN(CC2=C(F)C=CC=C2F)N=N1,R8404,Rufinamide,SIGMA,2021_LOPAC_01,null,null,null,null,null,null,null,null,null,null,null,6.54,0,null,null,null,null,null,null,null,null,0,null,null,7.211,0.671,24.491,null,null,null,null,null,null,null,null,null,null,POGQSBRIGCQNEG,null,TRND,YfeabmfDYueGuCTrkC,null,null,null,null,null,null,null,null,null,106308-44-5,null,null,null,0,4,null,null,null,173031,null,1,1,2025-06-17 15:29:19,null,null,null,null,null,null,null,364789975,activity,null,HTS,null,6.024,3.401,7.211,0.671,null,null,null,null,null,null,null,null,null,null,null,null,null,null,null,null,null,null,null,null,null,278938771
TRND-Glioblastoma_LOPAC_H4-primary_screen2,NCGC00015852-08,activity,null,4,-9.331,4,-15.197,4.955,O=C1NC2=C(C=CC=C2)C3=C1C=CC=C3,P8852,6(5H)-Phenanthridinone,SIGMA,2021_LOPAC_01,null,null,null,null,null,null,null,null,null,null,null,15.533,-11.197,0.364,0.909,null,null,null,null,null,null,4,null,null,6.202,-9.331,16.857,11.76,null,null,null,null,null,null,null,null,null,RZFVLEJOHSLEFR,null,TRND,QCWmsNFkExhvtYRGKl,null,null,null,null,null,null,null,null,null,1015-89-0,null,null,null,0,4,0,null,null,173031,0 0 0 0,1,1,2025-06-17 15:29:19,null,null,null,null,null,null,null,364787383,activity,null,HTS,null,6.202,1.27,5.239,-9.331,null,null,null,null,null,null,null,null,null,null,null,null,null,null,null,null,null,null,null,null,null,278938772
TRND-Glioblastoma_LOPAC_H4-primary_screen2,NCGC00016005-09,activity,null,4,9.146,4,0,null,CCCCCCCCCCCCCCSCC(O)=O,T1698,Tetradecylthioacetic acid,SIGMA,2021_LOPAC_01,null,null,null,null,null,null,null,null,null,null,null,9.332,0,null,null,null,null,null,null,null,null,0,null,null,12.689,3.358,26.888,null,null,null,null,null,null,null,null,null,null,IPBCWPPBAWQYOO,null,TRND,cGdhlTBTIpKHEldnDS,null,null,null,null,null,null,null,null,null,2921-20-2,null,null,null,0,4,null,null,null,173031,null,1,1,2025-06-17 15:29:19,null,null,null,null,null,null,null,364787719,activity,null,HTS,null,3.358,5.563,12.689,9.146,null,null,null,null,null,null,null,null,null,null,null,null,null,null,null,null,null,null,null,null,null,278938773
TRND-Glioblastoma_LOPAC_H4-primary_screen2,NCGC00162136-04,activity,null,4,1.717,4,-14,1.21,CC[C@@H](C)[C@H]1CN[C@@H]([C@H]1CC(O)=O)C(O)=O,D1064,Dihydrokainic acid,SIGMA,2021_LOPAC_01,null,null,null,null,null,null,null,null,null,null,null,11.241,3,0.374,0.904,null,null,null,null,null,null,17,null,null,12.958,1.717,44.808,43.339,null,null,null,null,null,null,null,null,null,YRASDMUWFUDPGT,null,TRND,XxoAvBnLoEDZBzqSPa,null,null,null,null,null,null,null,null,null,null,null,null,null,0,4,0,null,null,173031,0 0 0 0,1,1,2025-06-17 15:29:19,null,null,null,null,null,null,null,364788515,activity,null,HTS,null,12.958,5.757,5.608,1.717,null,null,null,null,null,null,null,null,null,null,null,null,null,null,null,null,null,null,null,null,null,278938774
TRND-Glioblastoma_LOPAC_H4-primary_screen2,NCGC00015641-07,activity,null,4,6.939,4,0,null,COC1=C(C=CC=C1)N2CCN(CCN(C(=O)C3=CC=C(F)C=C3)C4=CC=CC=N4)CC2,M226,p-MPPF dihydrochloride,SIGMA,2021_LOPAC_01,null,null,null,null,null,null,null,null,null,null,null,3.707,0,null,null,null,null,null,null,null,null,0,null,null,6.939,3.232,19.598,null,null,null,null,null,null,null,null,null,null,YJZYDPRMWYWYCG,null,TRND,UpGVDibGdidSRaBbcd,null,null,null,null,CL,null,null,null,null,null,null,null,null,0,4,null,null,null,173031,null,1,1,2025-06-17 15:29:19,null,null,null,null,null,null,null,364787075,activity,null,HTS,null,3.39,6.127,3.232,6.939,null,null,null,null,null,null,null,null,null,null,null,null,null,null,null,null,null,null,null,null,null,278938775
TRND-Glioblastoma_LOPAC_H4-primary_screen2,NCGC00015080-21,activity,null,4,6.541,4,11.394,2.333,C[N+]1(C)C2CCC1CC(C2)OC(=O)C(CO)C3=CC=CC=C3,A0382,Atropine methyl nitrate,SIGMA,2021_LOPAC_01,null,null,null,null,null,null,null,null,null,null,null,11.453,6.5,0.044,0.999,null,null,null,null,null,null,-4.894,null,null,6.541,-4.912,-4.922,-4.14,null,null,null,null,null,null,null,null,null,PIPAJLPNWZMYQA,null,TRND,LBbZclscpRLOnpNowN,null,null,null,null,null,null,null,null,null,52-88-0,null,null,null,0,4,0,null,null,173031,0 0 0 0,1,1,2025-06-17 15:29:19,null,null,null,null,null,null,null,364788463,activity,null,HTS,null,-4.912,1.215,6.322,6.541,null,null,null,null,null,null,null,null,null,null,null,null,null,null,null,null,null,null,null,null,null,278938776
TRND-Glioblastoma_LOPAC_H4-primary_screen2,NCGC00015051-07,activity,null,4,4.372,4,0,null,NC1CC(=CC=C1)C(O)=O,A3539,Gabaculine hydrochloride,SIGMA,2021_LOPAC_01,null,null,null,null,null,null,null,null,null,null,null,8.084,0,null,null,null,null,null,null,null,null,0,null,null,6.979,-1.105,22.264,null,null,null,null,null,null,null,null,null,null,KFNRJXCQEJIBER,null,TRND,vAmEnoCLKMERsFMRcV,null,null,null,null,CL,null,null,null,null,null,null,null,null,0,4,null,null,null,173031,null,1,1,2025-06-17 15:29:19,null,null,null,null,null,null,null,364785331,activity,null,HTS,null,6.979,1.961,-1.105,4.372,null,null,null,null,null,null,null,null,null,null,null,null,null,null,null,null,null,null,null,null,null,278938777
TRND-Glioblastoma_LOPAC_H4-primary_screen2,NCGC00015999-31,activity,null,4,8.173,4,0,null,CCCCNC(=O)N[S+]([O-])(=O)C1=CC=C(C)C=C1,T0891,Tolbutamide,SIGMA,2021_LOPAC_01,null,null,null,null,null,null,null,null,null,null,null,7.494,0,null,null,null,null,null,null,null,null,0,null,null,9.411,1.916,34.673,null,null,null,null,null,null,null,null,null,null,NQBWSFQUXTZCFJ,null,TRND,SkenPgFfrjvbPUIotq,null,null,null,null,null,null,null,null,null,64-77-7,null,null,null,0,4,null,null,null,173031,null,1,1,2025-06-17 15:29:19,null,null,null,null,null,null,null,364787703,activity,null,HTS,null,9.411,1.916,4.178,8.173,null,null,null,null,null,null,null,null,null,null,null,null,null,null,null,null,null,null,null,null,null,278938778
TRND-Glioblastoma_LOPAC_H4-primary_screen2,NCGC00093795-08,activity,null,4,17.899,4,15.5,2.72,[H][C@](O)(C(C)N)C1=CC(O)=C(O)C=C1,D5290,(-)-alpha-Methylnorepinephrine,SIGMA,2021_LOPAC_01,null,null,null,null,null,null,null,null,null,null,null,17.01,18.5,0.52,0.785,null,null,null,null,null,null,3,null,null,17.899,0.889,37.363,23.996,null,null,null,null,null,null,null,null,null,GEFQWZLICWMTKF,null,TRND,PwLJeirIVAOlJhEuyE,null,null,null,null,null,null,null,null,null,829-74-3,null,null,null,0,4,0,null,null,173031,0 0 0 0,1,1,2025-06-17 15:29:19,null,null,null,null,null,null,null,364787303,activity,null,HTS,null,8.303,0.889,6.135,17.899,null,null,null,null,null,null,null,null,null,null,null,null,null,null,null,null,null,null,null,null,null,278938779
TRND-Glioblastoma_LOPAC_H4-primary_screen2,NCGC00025087-10,activity,null,4,-1.362,4,-13.134,0.9,[H][C@](C)(O)[C@]([H])(CCCCCC)N1C=NC2=C1N=CN=C2N,E114,erythro-9-(2-Hydroxy-3-nonyl)adenine hydrochloride,SIGMA,2021_LOPAC_01,null,null,null,null,null,null,null,null,null,null,null,10.456,-3.634,0.178,0.98,null,null,null,null,null,null,9.5,null,null,9.094,-1.362,31.745,31.159,null,null,null,null,null,null,null,null,null,IOSAAWHGJUZBOG,null,TRND,xIpKjtymUaSfEgOzQO,null,null,null,null,CL,null,null,null,null,null,null,null,null,0,4,0,null,null,173031,0 0 0 0,1,1,2025-06-17 15:29:19,null,null,null,null,null,null,null,364786903,activity,null,HTS,null,9.094,6.457,3.877,-1.362,null,null,null,null,null,null,null,null,null,null,null,null,null,null,null,null,null,null,null,null,null,278938781
TRND-Glioblastoma_LOPAC_H4-primary_screen2,NCGC00015069-06,activity,null,4,2.971,4,0,null,CC(=O)SCC[N+](C)(C)C,A5626,Acetylthiocholine chloride,SIGMA,2021_LOPAC_01,null,null,null,null,null,null,null,null,null,null,null,7.896,0,null,null,null,null,null,null,null,null,0,null,null,4.72,-3.176,-1.741,null,null,null,null,null,null,null,null,null,null,GFFIJCYHQYHUHB,null,TRND,hgqJIxFShMJiRmwykx,null,null,null,null,CL,null,null,null,null,null,null,null,null,0,4,null,null,null,173031,null,1,1,2025-06-17 15:29:19,null,null,null,null,null,null,null,364788559,activity,null,HTS,null,-3.176,4.72,3.163,2.971,null,null,null,null,null,null,null,null,null,null,null,null,null,null,null,null,null,null,null,null,null,278938782
TRND-Glioblastoma_LOPAC_H4-primary_screen2,NCGC00015242-20,activity,null,4,2.98,4,0,null,N[S+]([O-])(=O)C1=C(Cl)C=C2N=CN[S+]([O-])(=O)C2=C1,C4911,Chlorothiazide,SIGMA,2021_LOPAC_01,null,null,null,null,null,null,null,null,null,null,null,9.573,0,null,null,null,null,null,null,null,null,0,null,null,9.963,0.389,14.4,null,null,null,null,null,null,null,null,null,null,GEAKDLJXQWCJSJ,null,TRND,jrdjWcideVrCETRSpk,null,Solute carrier family 12 member 3 inhibitor,null,null,null,null,null,null,null,58-94-6,SLC12A3,null,null,0,4,null,null,null,173031,null,1,1,2025-06-17 15:29:19,null,null,null,null,null,null,null,364786267,activity,null,HTS,null,2.016,0.389,9.963,2.98,null,null,null,null,null,null,null,null,null,null,null,null,null,null,null,null,null,null,null,null,null,278938783
TRND-Glioblastoma_LOPAC_H4-primary_screen2,NCGC00015166-14,activity,null,4,-20.508,4,-35.11,4.955,CCCCOC1=C(OC)C=CC(CC2CNC(=O)N2)=C1,B8279,Ro 20-1724,SIGMA,2021_LOPAC_01,null,null,null,null,null,null,null,null,null,null,null,34.397,-24.61,0.245,0.961,null,null,null,null,null,null,10.5,null,null,13.889,-20.508,24.824,33.086,null,null,null,null,null,null,null,null,null,PDMUULPVBYQBBK,null,TRND,IQOmPCutpjkEzZHjsb,null,null,null,null,null,null,null,null,null,29925-17-5,null,null,null,0,4,0,null,null,173031,0 0 0 0,1,1,2025-06-17 15:29:19,null,null,null,null,null,null,null,364788175,activity,null,HTS,null,6.453,11.425,13.889,-20.508,null,null,null,null,null,null,null,null,null,null,null,null,null,null,null,null,null,null,null,null,null,278938784
TRND-Glioblastoma_LOPAC_H4-primary_screen2,NCGC00015321-21,activity,null,4,11.101,4,0,null,CC(CCC1=CC=C(O)C=C1)NCCC2=CC(O)=C(O)C=C2,D0676,Dobutamine hydrochloride,SIGMA,2021_LOPAC_01,null,null,null,null,null,null,null,null,null,null,null,7.957,0,null,null,null,null,null,null,null,null,0,null,null,11.101,3.144,28.819,null,null,null,null,null,null,null,null,null,null,JRWZLRBJNMZMFE,null,TRND,TIbQjXQhjYiTHhIzsh,null,null,null,null,CL,null,null,null,null,49745-95-1,null,null,null,0,4,null,null,null,173031,null,1,1,2025-06-17 15:29:19,null,null,null,null,null,null,null,364787879,activity,null,HTS,null,5.034,3.144,9.745,11.101,null,null,null,null,null,null,null,null,null,null,null,null,null,null,null,null,null,null,null,null,null,278938785
TRND-Glioblastoma_LOPAC_H4-primary_screen2,NCGC00093771-10,activity,null,4,7.701,4,0,null,OC[C@H]1O[C@H]([C@H](O)[C@@H]1O)N2C=NC3=C2N=CN=C3NC4CCCCC4,C9901,N6-Cyclohexyladenosine,SIGMA,2021_LOPAC_01,null,null,null,null,null,null,null,null,null,null,null,2.998,0,null,null,null,null,null,null,null,null,0,null,null,8.259,5.261,36.256,null,null,null,null,null,null,null,null,null,null,SZBULDQSDUXAPJ,null,TRND,wUSdxVoApmydTLuYgy,null,null,null,null,null,null,null,null,null,null,null,null,null,0,4,null,null,null,173031,null,1,1,2025-06-17 15:29:19,null,null,null,null,null,null,null,364786055,activity,null,HTS,null,8.259,5.261,8.025,7.701,null,null,null,null,null,null,null,null,null,null,null,null,null,null,null,null,null,null,null,null,null,278938786
TRND-Glioblastoma_LOPAC_H4-primary_screen2,NCGC00015924-27,activity,null,4,3.536,4,0,null,CNCC(O)C1=CC=C(O)C=C1,S0752,(±)-Synephrine,SIGMA,2021_LOPAC_01,null,null,null,null,null,null,null,null,null,null,null,4.63,0,null,null,null,null,null,null,null,null,0,null,null,4.679,0.048,16.196,null,null,null,null,null,null,null,null,null,null,YRCWQPVGYLYSOX,null,TRND,nipzFJYhuApoguOGwS,null,null,null,null,null,null,null,null,null,94-07-5,null,null,null,0,4,null,null,null,173031,null,1,1,2025-06-17 15:29:19,null,null,null,null,null,null,null,364788043,activity,null,HTS,null,4.679,1.887,0.048,3.536,null,null,null,null,null,null,null,null,null,null,null,null,null,null,null,null,null,null,null,null,null,278938787
TRND-Glioblastoma_LOPAC_H4-primary_screen2,NCGC00015996-20,activity,null,4,5.179,4,0,null,CCN(CC)CCNC(=O)C1=C(OC)C=CC(=C1)[S+](C)([O-])=O,T0410,Tiapride hydrochloride,SIGMA,2021_LOPAC_01,null,null,null,null,null,null,null,null,null,null,null,4.975,0,null,null,null,null,null,null,null,null,0,null,null,9.669,4.694,36.169,null,null,null,null,null,null,null,null,null,null,AKZVTKXPYIXQSF,null,TRND,GEhCXRrCbmHcwuHSgZ,null,null,null,null,CL,null,null,null,null,51012-33-0,null,null,null,0,4,null,null,null,173031,null,1,1,2025-06-17 15:29:19,null,null,null,null,null,null,null,364785783,activity,null,HTS,null,9.669,4.694,4.766,5.179,null,null,null,null,null,null,null,null,null,null,null,null,null,null,null,null,null,null,null,null,null,278938788
TRND-Glioblastoma_LOPAC_H4-primary_screen2,NCGC00015720-13,activity,null,4,1.603,4,0,null,OC1=C(C=C(C=C1)C(F)(F)F)N2C(=O)NC3=C2C=CC(=C3)C(F)(F)F,N170,NS-1619,SIGMA,2021_LOPAC_01,null,null,null,null,null,null,null,null,null,null,null,4.474,0,null,null,null,null,null,null,null,null,0,null,null,3.982,-0.492,6.426,null,null,null,null,null,null,null,null,null,null,YLFMCMWKHSDUCT,null,TRND,BMRFXhblTboptrGuaD,null,null,null,null,null,null,null,null,null,null,null,null,null,0,4,null,null,null,173031,null,1,1,2025-06-17 15:29:19,null,null,null,null,null,null,null,364786395,activity,null,HTS,null,1.132,-0.492,3.982,1.603,null,null,null,null,null,null,null,null,null,null,null,null,null,null,null,null,null,null,null,null,null,278938789
TRND-Glioblastoma_LOPAC_H4-primary_screen2,NCGC00015318-11,activity,null,4,4.812,4,0,null,COC1=CC=CC(OC)=C1OCCNCC2COC3=C(O2)C=CC=C3,D0411,WB-4101 hydrochloride,SIGMA,2021_LOPAC_01,null,null,null,null,null,null,null,null,null,null,null,2.063,0,null,null,null,null,null,null,null,null,0,null,null,5.733,3.67,24.511,null,null,null,null,null,null,null,null,null,null,GYSZUJHYXCZAKI,null,TRND,vMsmqOxDvHEqHFEdcf,null,null,null,null,CL,null,null,null,null,null,null,null,null,0,4,null,null,null,173031,null,1,1,2025-06-17 15:29:19,null,null,null,null,null,null,null,364785959,activity,null,HTS,null,5.733,5.016,3.67,4.812,null,null,null,null,null,null,null,null,null,null,null,null,null,null,null,null,null,null,null,null,null,278938790
TRND-Glioblastoma_LOPAC_H4-primary_screen2,NCGC00185998-05,activity,null,4,2.793,4,0,null,NC(=O)C1=[N+]([O-])C2=CC(=CC(=C2S1)[N+]([O-])=O)C#N,B6311,BTO-1,SIGMA,2021_LOPAC_01,null,null,null,null,null,null,null,null,null,null,null,5.279,0,null,null,null,null,null,null,null,null,0,null,null,8.072,2.793,21.478,null,null,null,null,null,null,null,null,null,null,FKRBAXZAJBBIAJ,null,TRND,lkHUZhruqZblmEJWTR,null,null,null,null,null,null,null,null,null,null,null,null,null,0,4,null,null,null,173031,null,1,1,2025-06-17 15:29:19,null,null,null,null,null,null,null,364786995,activity,null,HTS,null,3.696,5.876,8.072,2.793,null,null,null,null,null,null,null,null,null,null,null,null,null,null,null,null,null,null,null,null,null,278938792
TRND-Glioblastoma_LOPAC_H4-primary_screen2,NCGC00015607-08,activity,null,4,9.802,4,11.843,4.504,[Li]Cl,L4408,Lithium salts (lithium chloride),SigmaAldrich,2021_LOPAC_01,null,null,null,null,null,null,null,null,null,null,null,11.338,11.5,0.3,0.941,null,null,null,null,null,null,-0.343,null,null,9.802,-1.536,7.861,3.756,null,null,null,null,null,null,null,null,null,KWGKDLIKAYFUFQ,null,TRND,esIwsYcujhGvRSRSGK,null,null,null,null,null,null,null,null,null,7447-41-8,null,null,null,0,4,0,null,null,173031,0 0 0 0,1,1,2025-06-17 15:29:19,null,null,null,null,null,null,null,364788187,activity,null,HTS,null,1.477,-1.536,-0.451,9.802,null,null,null,null,null,null,null,null,null,null,null,null,null,null,null,null,null,null,null,null,null,278939304
TRND-Glioblastoma_LOPAC_H4-primary_screen2,NCGC00015848-25,activity,null,4,-1.78,4,0,null,N[C@@H]1C[C@H]1C2=CC=CC=C2,P8511,Tranylcypromine hydrochloride,SIGMA,2021_LOPAC_01,null,null,null,null,null,null,null,null,null,null,null,7.622,0,null,null,null,null,null,null,null,null,0,null,null,5.842,-1.78,17.066,null,null,null,null,null,null,null,null,null,null,AELCINSCMGFISI,null,TRND,jNbWByoUJqmSNoKEKr,null,Amine oxidase A inhibitor,null,null,CL,null,null,null,null,[NO STEREO] 54779-58-7,MAOA,null,null,0,4,null,null,null,173031,null,1,1,2025-06-17 15:29:19,null,null,null,null,null,null,null,364788643,activity,null,HTS,null,4.602,5.842,1.642,-1.78,null,null,null,null,null,null,null,null,null,null,null,null,null,null,null,null,null,null,null,null,null,278939306
TRND-Glioblastoma_LOPAC_H4-primary_screen2,NCGC00015937-12,activity,null,4,1.858,4,9.655,4.955,NCCCCNCCCN,S2501,Spermidine trihydrochloride,SIGMA,2021_LOPAC_01,null,null,null,null,null,null,null,null,null,null,null,11.882,8.5,1,0.606,null,null,null,null,null,null,-1.155,null,null,6.753,-5.129,11.473,5.089,null,null,null,null,null,null,null,null,null,ATHGHQPFGPMSJY,null,TRND,lbwYGmyhpnMvmcrsVf,null,Autophagy Regulator,null,null,CL,null,null,null,null,null,ATG4A,null,null,0,4,1,null,null,173031,0 0 0 1,1,1,2025-06-17 15:29:19,null,null,null,null,null,null,null,364785519,activity,null,HTS,null,2.445,-5.129,6.753,1.858,null,null,null,null,null,null,null,null,null,null,null,null,null,null,null,null,null,null,null,null,null,278939307
TRND-Glioblastoma_LOPAC_H4-primary_screen2,NCGC00015620-18,activity,null,4,12.258,4,0,null,C1CN2CC(N=C2S1)C3=CC=CC=C3,T1512,Tetramisole hydrochloride,SIGMA,2021_LOPAC_01,null,null,null,null,null,null,null,null,null,null,null,9.328,0,null,null,null,null,null,null,null,null,0,null,null,12.258,2.93,27.836,null,null,null,null,null,null,null,null,null,null,HLFSDGLLUJUHTE,null,TRND,UsIcwHdnKVkKKdwPnH,null,null,null,null,CL,null,null,null,null,5086-74-8,null,null,null,0,4,null,null,null,173031,null,1,1,2025-06-17 15:29:19,null,null,null,null,null,null,null,364790259,activity,null,HTS,null,5.108,7.395,2.93,12.258,null,null,null,null,null,null,null,null,null,null,null,null,null,null,null,null,null,null,null,null,null,278939308
TRND-Glioblastoma_LOPAC_H4-primary_screen2,NCGC00186015-07,activity,null,4,10.204,4,-19.013,4.955,[O-][N+](=O)\C=C\C1=CC2=C(OCO2)C=C1,M7445,MNS,SIGMA,2021_LOPAC_01,null,null,null,null,null,null,null,null,null,null,null,19.706,1.487,1,0.691,null,null,null,null,null,null,20.5,null,null,16.779,-2.928,54.153,49.407,null,null,null,null,null,null,null,null,null,KFLWBZPSJQPRDD,null,TRND,MSdGBPtpdXNADqEmwo,null,null,null,null,null,null,null,null,null,null,null,null,null,0,4,1,null,null,173031,0 0 0 1,1,1,2025-06-17 15:29:19,null,null,null,null,null,null,null,364787599,activity,null,HTS,null,16.779,-2.928,7.866,10.204,null,null,null,null,null,null,null,null,null,null,null,null,null,null,null,null,null,null,null,null,null,278939309
TRND-Glioblastoma_LOPAC_H4-primary_screen2,NCGC00274083-05,activity,null,4,5.356,4,0,null,CCCCCN(CCCOC)C(=O)C(CCC(O)=O)NC(=O)C1=CC(Cl)=C(Cl)C=C1,SML0130,Loxiglumide,SIGMA,2021_LOPAC_01,null,null,null,null,null,null,null,null,null,null,null,4.641,0,null,null,null,null,null,null,null,null,0,null,null,9.452,4.811,37.776,null,null,null,null,null,null,null,null,null,null,QNQZBKQEIFTHFZ,null,TRND,KGFKmFfPgJNgwNVIgS,null,null,null,null,null,null,null,null,null,107097-80-3,null,null,null,0,4,null,null,null,173031,null,1,1,2025-06-17 15:29:19,null,null,null,null,null,null,null,364786367,activity,null,HTS,null,9.452,4.811,7.677,5.356,null,null,null,null,null,null,null,null,null,null,null,null,null,null,null,null,null,null,null,null,null,278939310
TRND-Glioblastoma_LOPAC_H4-primary_screen2,NCGC00015316-18,activity,null,4,-11.618,4,-26.012,4.955,NCCCC(N)(C(F)F)C(O)=O,D193,DL-alpha-Difluoromethylornithine hydrochloride,SIGMA,2021_LOPAC_01,null,null,null,null,null,null,null,null,null,null,null,28.513,-14.512,0.212,0.971,null,null,null,null,null,null,11.5,null,null,11.42,-17.093,16.499,16.807,null,null,null,null,null,null,null,null,null,VLCYCQAOQCDTCN,null,TRND,LkqBsKPBfwxGnktVkf,null,Ornithine Decarboxylase inhibitor,null,null,CL,null,null,null,null,68278-23-9,ODC1,null,null,0,4,0,null,null,173031,0 0 0 0,1,1,2025-06-17 15:29:19,null,null,null,null,null,null,null,364786671,activity,null,HTS,null,11.42,4.105,-17.093,-11.618,null,null,null,null,null,null,null,null,null,null,null,null,null,null,null,null,null,null,null,null,null,278939312
TRND-Glioblastoma_LOPAC_H4-primary_screen2,NCGC00015492-08,activity,null,4,6.846,4,0,null,COC1=C(O)C=CC(=C1)C(O)C(O)=O,H0131,(±)-Vanillylmandelic acid,SIGMA,2021_LOPAC_01,null,null,null,null,null,null,null,null,null,null,null,5.258,0,null,null,null,null,null,null,null,null,0,null,null,6.846,1.588,24.624,null,null,null,null,null,null,null,null,null,null,CGQCWMIAEPEHNQ,null,TRND,xmTBtjLTMenJdXhFSB,null,null,null,null,null,null,null,null,null,55-10-7,null,null,null,0,4,null,null,null,173031,null,1,1,2025-06-17 15:29:19,null,null,null,null,null,null,null,364788155,activity,null,HTS,null,5.58,6.337,1.588,6.846,null,null,null,null,null,null,null,null,null,null,null,null,null,null,null,null,null,null,null,null,null,278939313
TRND-Glioblastoma_LOPAC_H4-primary_screen2,NCGC00163250-06,activity,null,4,5.546,4,0,null,[H][C@]12N(C)CC[C@@]1(C)C3=CC(OC(=O)NC4=CC=CC=C4)=CC=C3N2C,P0111,Phenserine,SIGMA,2021_LOPAC_01,null,null,null,null,null,null,null,null,null,null,null,4.784,0,null,null,null,null,null,null,null,null,0,null,null,8.795,4.011,25.743,null,null,null,null,null,null,null,null,null,null,PBHFNBQPZCRWQP,null,TRND,WlmmYGnKdUYvtyPbOi,null,null,null,null,null,null,null,null,null,159652-53-6|101246-66-6,null,null,null,0,4,null,null,null,173031,null,1,1,2025-06-17 15:29:19,null,null,null,null,null,null,null,364788163,activity,null,HTS,null,4.011,7.935,8.795,5.546,null,null,null,null,null,null,null,null,null,null,null,null,null,null,null,null,null,null,null,null,null,278939314
TRND-Glioblastoma_LOPAC_H4-primary_screen2,NCGC00346651-10,activity,null,4,4.316,4,0,null,NC\C1=C\NC(=S)N1[C@H]2CCC3=C(F)C=C(F)C=C3C2,SML0940,Nepicastat hydrochloride,SIGMA,2021_LOPAC_01,null,null,null,null,null,null,null,null,null,null,null,3.271,0,null,null,null,null,null,null,null,null,0,null,null,7.463,4.192,30.264,null,null,null,null,null,null,null,null,null,null,YZZVIKDAOTXDEB,null,TRND,uwQUBYNhtRNbmZXgli,null,Dopamine beta-hydroxylase inhibitor,null,null,CL,null,null,null,null,170151-24-3,DBH,null,null,0,4,null,null,null,173031,null,1,1,2025-06-17 15:29:19,null,null,null,null,null,null,null,364789235,activity,null,HTS,null,7.463,6.227,4.192,4.316,null,null,null,null,null,null,null,null,null,null,null,null,null,null,null,null,null,null,null,null,null,278939315
TRND-Glioblastoma_LOPAC_H4-primary_screen2,NCGC00015358-26,activity,null,4,-0.208,4,0,null,CC(C)N(CCC(C(N)=O)(C1=CC=CC=C1)C2=CC=CC=N2)C(C)C,D7644,Disopyramide,SIGMA,2021_LOPAC_01,null,null,null,null,null,null,null,null,null,null,null,4.619,0,null,null,null,null,null,null,null,null,0,null,null,-0.208,-4.827,-9.852,null,null,null,null,null,null,null,null,null,null,UVTNFZQICZKOEM,null,TRND,oHvBPWhaJdGujEXomQ,null,null,null,null,null,null,null,null,null,22059-60-5,null,null,null,0,4,null,null,null,173031,null,1,1,2025-06-17 15:29:19,null,null,null,null,null,null,null,364785279,activity,null,HTS,null,-1.352,-3.742,-4.827,-0.208,null,null,null,null,null,null,null,null,null,null,null,null,null,null,null,null,null,null,null,null,null,278939316
TRND-Glioblastoma_LOPAC_H4-primary_screen2,NCGC00015131-10,activity,null,4,12.23,4,0,null,CCN1CCC2=C(CC1)N=C(N)O2,B161,B-HT 933 dihydrochloride,SIGMA,2021_LOPAC_01,null,null,null,null,null,null,null,null,null,null,null,10.892,0,null,null,null,null,null,null,null,null,0,null,null,12.23,1.338,31.671,null,null,null,null,null,null,null,null,null,null,ZNXAJGZPUQOEDZ,null,TRND,xltwCSxtPofcsfUKWF,null,null,null,null,CL,null,null,null,null,null,null,null,null,0,4,null,null,null,173031,null,1,1,2025-06-17 15:29:19,null,null,null,null,null,null,null,364786307,activity,null,HTS,null,6.374,9.47,1.338,12.23,null,null,null,null,null,null,null,null,null,null,null,null,null,null,null,null,null,null,null,null,null,278939317
TRND-Glioblastoma_LOPAC_H4-primary_screen2,NCGC00370906-05,activity,null,4,3.403,4,0,null,CC1(C)CC=C(C2=CN=C3C=CC=CC3=C2)C4=C1C=CC(=C4)C(=O)NC5=CC=C(C=C5)C(O)=O,SML1084,BMS-195614 ,SIGMA,2021_LOPAC_01,null,null,null,null,null,null,null,null,null,null,null,7.332,0,null,null,null,null,null,null,null,null,0,null,null,10.063,2.731,18.348,null,null,null,null,null,null,null,null,null,null,WGLMBRZXZDAQHP,null,TRND,UkxKqnpvmBHYhzBvhT,null,null,null,null,null,null,null,null,null,null,null,null,null,0,4,null,null,null,173031,null,1,1,2025-06-17 15:29:19,null,null,null,null,null,null,null,364789239,activity,null,HTS,null,2.731,10.063,2.786,3.403,null,null,null,null,null,null,null,null,null,null,null,null,null,null,null,null,null,null,null,null,null,278939318
TRND-Glioblastoma_LOPAC_H4-primary_screen2,NCGC00021394-09,activity,null,4,8.312,4,12.114,2.533,CCCC(CCC)C(=O)OC1C[C@@H]2CC[C@H](C1)[N+]2(C)C,A5181,Anisotropine methyl bromide,SIGMA,2021_LOPAC_01,null,null,null,null,null,null,null,null,null,null,null,11.74,8.5,0.038,0.999,null,null,null,null,null,null,-3.614,null,null,8.312,-3.428,-2.689,-2.89,null,null,null,null,null,null,null,null,null,XGGHHHBGPSNXFE,null,TRND,xtcknNtIDzBUFjsZhn,null,null,null,null,BR,null,null,null,null,[NO STEREO] 80-50-2,null,null,null,0,4,0,null,null,173031,0 0 0 0,1,1,2025-06-17 15:29:19,null,null,null,null,null,null,null,364785391,activity,null,HTS,null,-3.428,-2.901,6.41,8.312,null,null,null,null,null,null,null,null,null,null,null,null,null,null,null,null,null,null,null,null,null,278939319
TRND-Glioblastoma_LOPAC_H4-primary_screen2,NCGC00023654-28,activity,null,4,0.159,4,0,null,C[C@H](CS)C(=O)N1CCC[C@H]1C(O)=O,C4042,Captopril,SIGMA,2021_LOPAC_01,null,null,null,null,null,null,null,null,null,null,null,4.296,0,null,null,null,null,null,null,null,null,0,null,null,1.882,-2.414,3.23,null,null,null,null,null,null,null,null,null,null,FAKRSMQSSFJEIM,null,TRND,KcuzsleLlqOLbtLFTf,null,null,null,null,null,null,null,null,null,62571-86-2,null,null,null,0,4,null,null,null,173031,null,1,1,2025-06-17 15:29:19,null,null,null,null,null,null,null,364789431,activity,null,HTS,null,1.882,-0.557,-2.414,0.159,null,null,null,null,null,null,null,null,null,null,null,null,null,null,null,null,null,null,null,null,null,278939320
TRND-Glioblastoma_LOPAC_H4-primary_screen2,NCGC00185996-04,activity,null,4,1.584,4,17.393,4.955,CN1CC(C2=C(C1)SC=C2)C3=CC=C(O)C(O)=C3,S3316,SKF-89145 hydrobromide,SIGMA,2021_LOPAC_01,null,null,null,null,null,null,null,null,null,null,null,19.595,15.5,1,0.808,null,null,null,null,null,null,-1.893,null,null,13.434,-6.16,18.869,10.975,null,null,null,null,null,null,null,null,null,SYHALWYYSDMSLE,null,TRND,iUcckODSErpQHaAJwM,null,null,null,null,BR,null,null,null,null,null,null,null,null,0,4,1,null,null,173031,0 0 0 1,1,1,2025-06-17 15:29:19,null,null,null,null,null,null,null,364786011,activity,null,HTS,null,2.421,-6.16,13.434,1.584,null,null,null,null,null,null,null,null,null,null,null,null,null,null,null,null,null,null,null,null,null,278939321
TRND-Glioblastoma_LOPAC_H4-primary_screen2,NCGC00015049-30,activity,null,4,-11.348,4,-13.118,4.955,OC1=CC=C(C=C1)C2=CC(=O)C3=C(O2)C=C(O)C=C3O,A3145,Apigenin,SIGMA,2021_LOPAC_01,null,null,null,null,null,null,null,null,null,null,null,14.022,-12.118,0.347,0.918,null,null,null,null,null,null,1,null,null,2.674,-11.348,-6.836,-1.732,null,null,null,null,null,null,null,null,null,KZNIFHPLKGYRTM,null,TRND,xcumTgOwTXcMdVUiIS,null,Ornithine Decarboxylase inhibitor,null,null,null,null,null,null,null,520-36-5,ODC1,null,null,0,4,0,null,null,173031,0 0 0 0,1,1,2025-06-17 15:29:19,null,null,null,null,null,null,null,364789151,activity,null,HTS,null,-1.499,2.033,2.674,-11.348,null,null,null,null,null,null,null,null,null,null,null,null,null,null,null,null,null,null,null,null,null,278939322
TRND-Glioblastoma_LOPAC_H4-primary_screen2,NCGC00024716-10,activity,null,4,1.674,4,0,null,N[C@@H](CCCNC(=N)N[N+]([O-])=O)C(O)=O,N5501,NG-Nitro-L-arginine,SIGMA,2021_LOPAC_01,null,null,null,null,null,null,null,null,null,null,null,11.93,0,null,null,null,null,null,null,null,null,0,null,null,10.45,-1.48,33.319,null,null,null,null,null,null,null,null,null,null,MRAUNPAHJZDYCK,null,TRND,vpCzBLcaBMlgbDLbnq,null,null,null,null,null,null,null,null,null,2149-70-4,null,null,null,0,4,null,null,null,173031,null,1,1,2025-06-17 15:29:19,null,null,null,null,null,null,null,364786483,activity,null,HTS,null,10.45,-1.48,6.396,1.674,null,null,null,null,null,null,null,null,null,null,null,null,null,null,null,null,null,null,null,null,null,278939323
TRND-Glioblastoma_LOPAC_H4-primary_screen2,NCGC00178860-13,activity,null,4,-4.997,4,-10.496,2.406,CCN(CC)C(C)CN1c2ccccc2Sc3ccccc13,E5406,Ethopropazine hydrochloride,SIGMA,2021_LOPAC_01,null,null,null,null,null,null,null,null,null,null,null,14.776,-5.496,0.634,0.627,null,null,null,null,null,null,5,null,null,9.779,-4.997,6.736,15.131,null,null,null,null,null,null,null,null,null,CDOZDBSBBXSXLB,null,TRND,IvtJudEFuNgGRNhjpR,null,null,null,null,CL,null,null,null,null,1094-08-2,null,null,null,0,4,0,null,null,173031,0 0 0 0,1,1,2025-06-17 15:29:19,null,null,null,null,null,null,null,364790239,activity,null,HTS,null,0.766,9.779,0.577,-4.997,null,null,null,null,null,null,null,null,null,null,null,null,null,null,null,null,null,null,null,null,null,278939324
TRND-Glioblastoma_LOPAC_H4-primary_screen2,NCGC00487158-03,activity,null,4,1.984,4,0,null,CCOC(=O)CN1C(=O)C2=CC=C3C(=O)N(CC(=O)OCC)C(=O)C4=C3C2=C(C=C4)C1=O,B7688,Tyrphostin AG 538,SIGMA,2021_LOPAC_01,null,null,null,null,null,null,null,null,null,null,null,8.536,0,null,null,null,null,null,null,null,null,0,null,null,4.424,-4.112,-4.783,null,null,null,null,null,null,null,null,null,null,WNKQGFNIIHNGQM,null,TRND,JyqFbUZGUDwjwCRBse,null,null,null,null,null,null,null,null,null,null,null,null,null,0,4,null,null,null,173031,null,1,1,2025-06-17 15:29:19,null,null,null,null,null,null,null,364789739,activity,null,HTS,null,-2.177,4.424,-4.112,1.984,null,null,null,null,null,null,null,null,null,null,null,null,null,null,null,null,null,null,null,null,null,278939325
TRND-Glioblastoma_LOPAC_H4-primary_screen2,NCGC00142615-29,activity,null,4,7.456,4,0,null,CNC[C@H](O)C1=CC=C(O)C(O)=C1,E4375,(-)-Epinephrine bitartrate,SIGMA,2021_LOPAC_01,null,null,null,null,null,null,null,null,null,null,null,8.811,0,null,null,null,null,null,null,null,null,0,null,null,7.456,-1.354,2.057,null,null,null,null,null,null,null,null,null,null,UCTWMZQNUQWSLP,null,TRND,XlLWpCVRFTHgeLAqFq,null,Alpha-1A Adrenergic Receptor agonist,null,null,TARTRATE,null,null,null,null,51-43-4,ADRA1A,null,null,0,4,null,null,null,173031,null,1,1,2025-06-17 15:29:19,null,null,null,null,null,null,null,364786871,activity,null,HTS,null,-1.354,1.039,1.673,7.456,null,null,null,null,null,null,null,null,null,null,null,null,null,null,null,null,null,null,null,null,null,278939327
TRND-Glioblastoma_LOPAC_H4-primary_screen2,NCGC00015951-14,activity,null,4,1.932,4,0,null,C\N=C1\SN(C(=N1)C2=CC=CC=C2)C3=CC=CC=C3,S4063,SCH-202676 hydrobromide,SIGMA,2021_LOPAC_01,null,null,null,null,null,null,null,null,null,null,null,1.532,0,null,null,null,null,null,null,null,null,0,null,null,2.37,0.838,6.423,null,null,null,null,null,null,null,null,null,null,FFUBTEITUNMMOK,null,TRND,ySNvAiShicauPJVJbq,null,null,null,null,BR,null,null,null,null,null,null,null,null,0,4,null,null,null,173031,null,1,1,2025-06-17 15:29:19,null,null,null,null,null,null,null,364787455,activity,null,HTS,null,0.838,2.37,2.036,1.932,null,null,null,null,null,null,null,null,null,null,null,null,null,null,null,null,null,null,null,null,null,278939328
TRND-Glioblastoma_LOPAC_H4-primary_screen2,NCGC00024486-09,activity,null,4,4.744,4,0,null,N[C@@H]([C@H](O)C(O)=O)C(O)=O,H2775,DL-threo-beta-hydroxyaspartic acid,SIGMA,2021_LOPAC_01,null,null,null,null,null,null,null,null,null,null,null,8.76,0,null,null,null,null,null,null,null,null,0,null,null,9.333,0.574,33.635,null,null,null,null,null,null,null,null,null,null,YYLQUHNPNCGKJQ,null,TRND,pcdSiftHgIuqupxOeW,null,null,null,null,null,null,null,null,null,7298-99-9,null,null,null,0,4,null,null,null,173031,null,1,1,2025-06-17 15:29:19,null,null,null,null,null,null,null,364785631,activity,null,HTS,null,9.333,0.574,6.919,4.744,null,null,null,null,null,null,null,null,null,null,null,null,null,null,null,null,null,null,null,null,null,278939329
TRND-Glioblastoma_LOPAC_H4-primary_screen2,NCGC00095191-18,activity,null,4,1.694,4,0,null,CCOC(=O)C1=C[C@@H](OC(CC)CC)[C@H](NC(C)=O)[C@@H](N)C1,SML1606,Oseltamivir phosphate,SIGMA,2021_LOPAC_01,null,null,null,null,null,null,null,null,null,null,null,1.308,0,null,null,null,null,null,null,null,null,0,null,null,1.694,0.386,5.255,null,null,null,null,null,null,null,null,null,null,VSZGPKBBMSAYNT,null,TRND,bdergbrkyiTvfYNHhq,null,null,null,null,PHOSPHORIC_ACID,null,null,null,null,null,null,null,null,0,4,null,null,null,173031,null,1,1,2025-06-17 15:29:19,null,null,null,null,null,null,null,364789399,activity,null,HTS,null,1.284,0.762,0.386,1.694,null,null,null,null,null,null,null,null,null,null,null,null,null,null,null,null,null,null,null,null,null,278939330
TRND-Glioblastoma_LOPAC_H4-primary_screen2,NCGC00015067-28,activity,null,4,8.947,4,0,null,CC(=O)OC1=C(C=CC=C1)C(O)=O,A5376,Acetylsalicylic acid,SIGMA,2021_LOPAC_01,null,null,null,null,null,null,null,null,null,null,null,7.84,0,null,null,null,null,null,null,null,null,0,null,null,10.804,2.964,31.514,null,null,null,null,null,null,null,null,null,null,BSYNRYMUTXBXSQ,null,TRND,PtUciJEeBoelWkcMGZ,null,null,null,null,null,null,null,null,null,50-78-2,null,null,null,0,4,null,null,null,173031,null,1,1,2025-06-17 15:29:19,null,null,null,null,null,null,null,364787283,activity,null,HTS,null,6.192,2.964,10.804,8.947,null,null,null,null,null,null,null,null,null,null,null,null,null,null,null,null,null,null,null,null,null,278939331
TRND-Glioblastoma_LOPAC_H4-primary_screen2,NCGC00015817-31,activity,null,4,4.107,4,-12.036,4.955,CC(CN1C2=C(SC3=C1C=CC=C3)C=CC=C2)N(C)C,P4651,Promethazine hydrochloride,SIGMA,2021_LOPAC_01,null,null,null,null,null,null,null,null,null,null,null,10.387,1.964,1,0.664,null,null,null,null,null,null,14,null,null,10.357,-0.03,35.797,32.555,null,null,null,null,null,null,null,null,null,PWWVAXIEGOYWEE,null,TRND,QvUmDEYMiAfBZsvANX,null,null,null,null,CL,null,null,null,null,58-33-3,null,null,null,0,4,1,null,null,173031,0 0 0 1,1,1,2025-06-17 15:29:19,null,null,null,null,null,null,null,364786507,activity,null,HTS,null,10.357,-0.03,5.775,4.107,null,null,null,null,null,null,null,null,null,null,null,null,null,null,null,null,null,null,null,null,null,278939332
TRND-Glioblastoma_LOPAC_H4-primary_screen2,NCGC00161602-26,activity,null,4,-1.772,4,0,null,[H][C@@]12[C@@H](C)C3=CC=CC(O)=C3C(=O)C1=C(O)[C@]4(O)C(=O)C(C(N)=O)=C(O)[C@@H](N(C)C)[C@]4([H])[C@H]2O,D9891,Doxycycline hydrochloride,SIGMA,2021_LOPAC_01,null,null,null,null,null,null,null,null,null,null,null,8.286,0,null,null,null,null,null,null,null,null,0,null,null,6.514,-1.772,17.702,null,null,null,null,null,null,null,null,null,null,JBIWCJUYHHGXTC,null,TRND,kIMZJIthEKyANltJkV,null,Antibiotic,null,null,HYCLATE,null,null,null,null,24390-14-5,mir-96,null,null,0,4,null,null,null,173031,null,1,1,2025-06-17 15:29:19,null,null,null,null,null,null,null,364785327,activity,null,HTS,null,6.514,1.235,-0.437,-1.772,null,null,null,null,null,null,null,null,null,null,null,null,null,null,null,null,null,null,null,null,null,278939333
TRND-Glioblastoma_LOPAC_H4-primary_screen2,NCGC00162358-16,activity,null,4,-26.069,4,-31.782,3.297,N[S+]([O-])(=O)C#CC1=CC=CC=C1,P0122,Pifithrin-mu,SIGMA,2021_LOPAC_01,null,null,null,null,null,null,null,null,null,null,null,31.981,-26.782,0.059,0.998,null,null,null,null,null,null,5,null,null,5.912,-26.069,5.667,3.828,null,null,null,null,null,null,null,null,null,ZROKVBGRTWQREO,null,TRND,TQczFTpoKWpjgSdDRy,null,null,null,null,null,null,null,null,null,null,null,null,null,0,4,0,null,null,173031,0 0 0 0,1,1,2025-06-17 15:29:19,null,null,null,null,null,null,null,364788435,activity,null,HTS,null,5.912,4.222,0.018,-26.069,null,null,null,null,null,null,null,null,null,null,null,null,null,null,null,null,null,null,null,null,null,278939335
TRND-Glioblastoma_LOPAC_H4-primary_screen2,NCGC00016431-12,activity,null,4,2.988,4,0,null,CC(=O)OC1=C(C=CC(=C1)C(F)(F)F)C(O)=O,T6580,Triflusal,SIGMA,2021_LOPAC_01,null,null,null,null,null,null,null,null,null,null,null,8.5,0,null,null,null,null,null,null,null,null,0,null,null,11.488,2.988,26.246,null,null,null,null,null,null,null,null,null,null,RMWVZGDJPAKBDE,null,TRND,DwMMueUZrFPUTdPoLe,null,null,null,null,null,null,null,null,null,322-79-2,null,null,null,0,4,null,null,null,173031,null,1,1,2025-06-17 15:29:19,null,null,null,null,null,null,null,364788675,activity,null,HTS,null,4.376,11.488,6.441,2.988,null,null,null,null,null,null,null,null,null,null,null,null,null,null,null,null,null,null,null,null,null,278939336
TRND-Glioblastoma_LOPAC_H4-primary_screen2,NCGC00510315-04,activity,null,4,2.685,4,0,null,OC(=O)C1=CN(C2CC2)C3=C(C#N)C(N4C[C@@H]5NCCO[C@H]5C4)=C(F)C=C3C1=O,SML2134,Finafloxacin,SIGMA,2021_LOPAC_01,null,null,null,null,null,null,null,null,null,null,null,5.407,0,null,null,null,null,null,null,null,null,0,null,null,8.092,2.685,29.909,null,null,null,null,null,null,null,null,null,null,FYMHQCNFKNMJAV,null,TRND,WxJKwaSPwPJwVIPXGV,null,null,null,null,null,null,null,null,null,209342-40-5,null,null,null,0,4,null,null,null,173031,null,1,1,2025-06-17 15:29:19,null,null,null,null,null,null,null,364787655,activity,null,HTS,null,7.478,8.092,2.987,2.685,null,null,null,null,null,null,null,null,null,null,null,null,null,null,null,null,null,null,null,null,null,278938793
TRND-Glioblastoma_LOPAC_H4-primary_screen2,NCGC00016051-06,activity,null,4,12.074,4,0,null,N\C(C=C(C#N)C#N)=C(/C#N)C1=CC(O)=C(O)C(O)=C1,T7665,Tyrphostin 51,SIGMA,2021_LOPAC_01,null,null,null,null,null,null,null,null,null,null,null,7.555,0,null,null,null,null,null,null,null,null,0,null,null,13.501,5.946,53.449,null,null,null,null,null,null,null,null,null,null,AURCEVGZZLSFSU,null,TRND,OHQFgtCjrkTJJxCubt,null,null,null,null,null,null,null,null,null,null,null,null,null,0,4,null,null,null,173031,null,1,1,2025-06-17 15:29:19,null,null,null,null,null,null,null,364787823,activity,null,HTS,null,13.501,5.946,7.833,12.074,null,null,null,null,null,null,null,null,null,null,null,null,null,null,null,null,null,null,null,null,null,278938794
TRND-Glioblastoma_LOPAC_H4-primary_screen2,NCGC00016008-08,activity,null,4,1.585,4,0,null,CC[N+](CC)(CC)CC,T2265,Tetraethylammonium chloride,SIGMA,2021_LOPAC_01,null,null,null,null,null,null,null,null,null,null,null,5.927,0,null,null,null,null,null,null,null,null,0,null,null,5.01,-0.916,2.173,null,null,null,null,null,null,null,null,null,null,CBXCPBUEXACCNR,null,TRND,UkCbusRoSxleSUGyGu,null,null,null,null,CL,null,null,null,null,56-34-8,null,null,null,0,4,null,null,null,173031,null,1,1,2025-06-17 15:29:19,null,null,null,null,null,null,null,364789635,activity,null,HTS,null,-0.916,0.542,5.01,1.585,null,null,null,null,null,null,null,null,null,null,null,null,null,null,null,null,null,null,null,null,null,278938795
TRND-Glioblastoma_LOPAC_H4-primary_screen2,NCGC00015120-07,activity,null,4,4.859,4,0,null,COC1=CC=CC(OC)=C1OCCNCC2CSC3=C(O2)C=CC=C3,B016,Benoxathian hydrochloride,SIGMA,2021_LOPAC_01,null,null,null,null,null,null,null,null,null,null,null,4.623,0,null,null,null,null,null,null,null,null,0,null,null,9.482,4.859,38.509,null,null,null,null,null,null,null,null,null,null,QAUVAHYHKLRJCQ,null,TRND,vMsmqOAhYhmifAuxAG,null,null,null,null,CL,null,null,null,null,null,null,null,null,0,4,null,null,null,173031,null,1,1,2025-06-17 15:29:19,null,null,null,null,null,null,null,364789471,activity,null,HTS,null,9.482,7.003,6.786,4.859,null,null,null,null,null,null,null,null,null,null,null,null,null,null,null,null,null,null,null,null,null,278938797
TRND-Glioblastoma_LOPAC_H4-primary_screen2,NCGC00015841-22,activity,null,4,2.303,4,0,null,CN(CC#C)CC1=CC=CC=C1,P8013,Pargyline hydrochloride,SIGMA,2021_LOPAC_01,null,null,null,null,null,null,null,null,null,null,null,9.687,0,null,null,null,null,null,null,null,null,0,null,null,6.445,-3.242,0.143,null,null,null,null,null,null,null,null,null,null,DPWPWRLQFGFJFI,null,TRND,UfYeiXdHJzDIHYMwIr,null,null,null,null,CL,null,null,null,null,306-07-0,null,null,null,0,4,null,null,null,173031,null,1,1,2025-06-17 15:29:19,null,null,null,null,null,null,null,364789267,activity,null,HTS,null,-1.191,6.445,-3.242,2.303,null,null,null,null,null,null,null,null,null,null,null,null,null,null,null,null,null,null,null,null,null,278938799
TRND-Glioblastoma_LOPAC_H4-primary_screen2,NCGC00185778-08,activity,null,4,-0.273,4,-9.047,4.955,[O-][N+](=O)C1=CC(=CC=C1C(=O)C2C(=O)CCCC2=O)C(F)(F)F,SML0269,Nitisinone,SIGMA,2021_LOPAC_01,null,null,null,null,null,null,null,null,null,null,null,10.353,-1.547,0.254,0.959,null,null,null,null,null,null,7.5,null,null,7.813,-2.539,23.01,24.098,null,null,null,null,null,null,null,null,null,OUBCNLGXQFSTLU,null,TRND,oJVgiluNkiHyipbluy,null,4-Hydroxyphenylpyruvate Dioxygenase inhibitor,null,null,null,null,null,null,null,104206-65-7,HPD,null,null,0,4,0,null,null,173031,0 0 0 0,1,1,2025-06-17 15:29:19,null,null,null,null,null,null,null,364789415,activity,null,HTS,null,7.016,7.813,-2.539,-0.273,null,null,null,null,null,null,null,null,null,null,null,null,null,null,null,null,null,null,null,null,null,278938800
TRND-Glioblastoma_LOPAC_H4-primary_screen2,NCGC00507757-02,activity,null,4,3.951,4,0,null,N[S+]([O-])OC1=C(Cl)C=C(NCC2=CC=CO2)C(=C1)C(O)=O,F4381,Furosemide,SIGMA,2021_LOPAC_01,null,null,null,null,null,null,null,null,null,null,null,1.624,0,null,null,null,null,null,null,null,null,0,null,null,5.555,3.931,23.193,null,null,null,null,null,null,null,null,null,null,PJALBCRHHXTHAF,null,TRND,aMyDUgfdsxmJeqPnSF,null,null,null,null,null,null,null,null,null,null,null,null,null,0,4,null,null,null,173031,null,1,1,2025-06-17 15:29:19,null,null,null,null,null,null,null,364788835,activity,null,HTS,null,5.555,3.931,4.224,3.951,null,null,null,null,null,null,null,null,null,null,null,null,null,null,null,null,null,null,null,null,null,278938801
TRND-Glioblastoma_LOPAC_H4-primary_screen2,NCGC00484058-04,activity,null,4,-16.24,4,-19.488,4.955,CCCC(=O)NCCC1=CSC(=N1)C2=CC=C(Cl)C=C2,SML1560,Azoramide,SIGMA,2021_LOPAC_01,null,null,null,null,null,null,null,null,null,null,null,21.019,-18.488,0.374,0.903,null,null,null,null,null,null,1,null,null,4.779,-16.24,-6.563,-4.323,null,null,null,null,null,null,null,null,null,VYBFWKKCWTXCQX,null,TRND,BRnWnqFXyvGKWrxVRQ,null,null,null,null,null,null,null,null,null,null,null,null,null,0,4,0,null,null,173031,0 0 0 0,1,1,2025-06-17 15:29:19,null,null,null,null,null,null,null,364785295,activity,null,HTS,null,-0.024,-1.86,4.779,-16.24,null,null,null,null,null,null,null,null,null,null,null,null,null,null,null,null,null,null,null,null,null,278938803
TRND-Glioblastoma_LOPAC_H4-primary_screen2,NCGC00024691-08,activity,null,4,1.433,4,0,null,CC1=C(O)C(C=O)=C(COP([O-])([O-])=O)C(=N1)\N=N\C2=C(C=C(C=C2)S([O-])(=O)=O)S([O-])(=O)=O,P178,PPADS,SIGMA,2021_LOPAC_01,null,null,null,null,null,null,null,null,null,null,null,5.575,0,null,null,null,null,null,null,null,null,0,null,null,7.007,1.433,14.148,null,null,null,null,null,null,null,null,null,null,PNFZSRRRZNXSMF,null,TRND,SIrAgsPzvqURgZfxCR,null,null,null,null,SODIUM,null,null,null,null,null,null,null,null,0,4,null,null,null,173031,null,1,1,2025-06-17 15:29:19,null,null,null,null,null,null,null,364786167,activity,null,HTS,null,2.527,7.007,2.125,1.433,null,null,null,null,null,null,null,null,null,null,null,null,null,null,null,null,null,null,null,null,null,278938804
TRND-Glioblastoma_LOPAC_H4-primary_screen2,NCGC00370844-04,activity,null,4,10.32,4,0,null,COC1=C(CN[C@H]2CCCN[C@H]2C3=CC=CC=C3)C=CC=C1,SML0752,(+)-CP-99994 dihydrochloride,SIGMA,2021_LOPAC_01,null,null,null,null,null,null,null,null,null,null,null,6.904,0,null,null,null,null,null,null,null,null,0,null,null,10.32,3.416,42.894,null,null,null,null,null,null,null,null,null,null,DTQNEFOKTXXQKV,null,TRND,mNSIUEohnoHTIkXQeJ,null,null,null,null,CL,null,null,null,null,null,null,null,null,0,4,null,null,null,173031,null,1,1,2025-06-17 15:29:19,null,null,null,null,null,null,null,364786143,activity,null,HTS,null,10.282,9.366,3.416,10.32,null,null,null,null,null,null,null,null,null,null,null,null,null,null,null,null,null,null,null,null,null,278938805
TRND-Glioblastoma_LOPAC_H4-primary_screen2,NCGC00402264-05,activity,null,4,5.662,4,0,null,CC1=CC=C(S1)[S+]([O-])(=O)NC2=C(C=CC=C2)N3CCCCC3,SML1509,MK6-83,SIGMA,2021_LOPAC_01,null,null,null,null,null,null,null,null,null,null,null,4.435,0,null,null,null,null,null,null,null,null,0,null,null,7.886,3.451,32.538,null,null,null,null,null,null,null,null,null,null,CFKJIIXWLNTOPK,null,TRND,LGxJokXdtMCKatriDj,null,null,null,null,null,null,null,null,null,null,null,null,null,0,4,null,null,null,173031,null,1,1,2025-06-17 15:29:19,null,null,null,null,null,null,null,364788207,activity,null,HTS,null,7.796,3.451,7.886,5.662,null,null,null,null,null,null,null,null,null,null,null,null,null,null,null,null,null,null,null,null,null,278938806
TRND-Glioblastoma_LOPAC_H4-primary_screen2,NCGC00379202-11,activity,null,4,6.464,4,0,null,O=C(NC1=C(C=CC=C1)C(=O)NC2CCCCNC2=O)C3=CC4=C(S3)C=CC=C4,SML0209,ANA-12,SIGMA,2021_LOPAC_01,null,null,null,null,null,null,null,null,null,null,null,7.071,0,null,null,null,null,null,null,null,null,0,null,null,9.624,2.553,37.549,null,null,null,null,null,null,null,null,null,null,TUSCYCAIGRVBMD,null,TRND,APVKmqHfirXyAMoZUX,null,null,null,null,null,null,null,null,null,null,null,null,null,0,4,null,null,null,173031,null,1,1,2025-06-17 15:29:19,null,null,null,null,null,null,null,364788763,activity,null,HTS,null,9.624,8.093,2.553,6.464,null,null,null,null,null,null,null,null,null,null,null,null,null,null,null,null,null,null,null,null,null,278938807
TRND-Glioblastoma_LOPAC_H4-primary_screen2,NCGC00015057-11,activity,null,4,-21.661,4,-30.493,4.955,CN1CCC2=C3C1CC4=C(C3=CC=C2)C(O)=C(O)C=C4,A4393,Apomorphine hydrochloride hemihydrate,SIGMA,2021_LOPAC_01,null,null,null,null,null,null,null,null,null,null,null,28.291,-25.493,0.106,0.993,null,null,null,null,null,null,5,null,null,6.63,-21.661,8.177,9.379,null,null,null,null,null,null,null,null,null,VMWNQDUVQKEIOC,null,TRND,QLVmScYLEFmNifIcRQ,null,null,null,null,HCL,null,null,null,null,[NO STEREO] 314-19-2,null,null,null,0,4,0,null,null,173031,0 0 0 0,1,1,2025-06-17 15:29:19,null,null,null,null,null,null,null,364789807,activity,null,HTS,null,4.269,4.407,6.63,-21.661,null,null,null,null,null,null,null,null,null,null,null,null,null,null,null,null,null,null,null,null,null,278938809
TRND-Glioblastoma_LOPAC_H4-primary_screen2,NCGC00091231-31,activity,null,4,6.357,4,15.5,1.753,[H][C@@]1(C[C@@H]2CCN1C[C@@H]2C=C)[C@@H](O)C3=C4C=C(OC)C=CC4=NC=C3,Q0875,Quinidine sulfate,SIGMA,2021_LOPAC_01,null,null,null,null,null,null,null,null,null,null,null,11.483,16.5,1,1,null,null,null,null,null,null,1,null,null,12.596,1.114,20.864,22.936,null,null,null,null,null,null,null,null,null,LOUPRKONTZGTKE,null,TRND,EqEdHgnMQfKPzBKlAD,null,null,null,null,SULFURIC_ACID,null,null,null,null,6591-63-5,null,null,null,0,4,1,null,null,173031,0 0 0 1,1,1,2025-06-17 15:29:19,null,null,null,null,null,null,null,364788099,activity,null,HTS,null,1.114,3.353,12.596,6.357,null,null,null,null,null,null,null,null,null,null,null,null,null,null,null,null,null,null,null,null,null,278938810
TRND-Glioblastoma_LOPAC_H4-primary_screen2,NCGC00690015-01,activity,null,4,-2.827,4,-9.892,4.955,[O-][S+](=O)(N1CCCN(CC1)C(=O)CCCC[C@@H]2CCSS2)C3=CC=CC4=C3C=CN=C4,SML2199,L-F001,SIGMA,2021_LOPAC_01,null,null,null,null,null,null,null,null,null,null,null,10.588,-3.892,0.505,0.803,null,null,null,null,null,null,6,null,null,7.761,-2.827,17.666,23.614,null,null,null,null,null,null,null,null,null,NWTRUKNNHUXONB,null,TRND,iKWrDeqzAPJnQcwUDH,null,null,null,null,null,null,null,null,null,null,null,null,null,0,4,0,null,null,173031,0 0 0 0,1,1,2025-06-17 15:29:19,null,null,null,null,null,null,null,364789207,activity,null,HTS,null,3.005,7.761,7.708,-2.827,null,null,null,null,null,null,null,null,null,null,null,null,null,null,null,null,null,null,null,null,null,278938811
TRND-Glioblastoma_LOPAC_H4-primary_screen2,NCGC00024887-08,activity,null,4,10.389,4,0,null,CC(=O)C(\C)=N\O,B0753,"2,3-Butanedione monoxime",SIGMA,2021_LOPAC_01,null,null,null,null,null,null,null,null,null,null,null,4.067,0,null,null,null,null,null,null,null,null,0,null,null,10.389,6.323,34.052,null,null,null,null,null,null,null,null,null,null,FSEUPUDHEBLWJY,null,TRND,gznPBdWTxrhHOLiFpR,null,null,null,null,null,null,null,null,null,[NO STEREO] 57-71-6,null,null,null,0,4,null,null,null,173031,null,1,1,2025-06-17 15:29:19,null,null,null,null,null,null,null,364785403,activity,null,HTS,null,6.496,8.788,6.323,10.389,null,null,null,null,null,null,null,null,null,null,null,null,null,null,null,null,null,null,null,null,null,278938812
TRND-Glioblastoma_LOPAC_H4-primary_screen2,NCGC00015980-07,activity,null,4,7.159,4,8.94,4.955,CCCCCCCCCC[Si](C)(C)CCC(=O)NC(CC1=CC=C(C)C=C1)C2=CC=CC=C2,S9318,Sandoz 58-035,SIGMA,2021_LOPAC_01,null,null,null,null,null,null,null,null,null,null,null,11.276,9,0.719,0.434,null,null,null,null,null,null,0.06,null,null,7.159,-4.117,15.522,4.058,null,null,null,null,null,null,null,null,null,NBYATBIMYLFITE,null,TRND,WAbsvmpGpDuGyRmxNC,null,null,null,null,null,null,null,null,null,null,null,null,null,0,4,0,null,null,173031,0 0 0 0,1,1,2025-06-17 15:29:19,null,null,null,null,null,null,null,364788543,activity,null,HTS,null,5.655,-4.117,-1.513,7.159,null,null,null,null,null,null,null,null,null,null,null,null,null,null,null,null,null,null,null,null,null,278938813
TRND-Glioblastoma_LOPAC_H4-primary_screen2,NCGC00015605-28,activity,null,4,3.968,4,5.626,4.955,NC1=NC(N)=C(N=N1)C2=CC=CC(Cl)=C2Cl,SML1082,Lamotrigine isethionate,SIGMA,2021_LOPAC_01,null,null,null,null,null,null,null,null,null,null,null,11.461,6,0.68,0.536,null,null,null,null,null,null,0.374,null,null,8.44,-3.022,15.074,8.607,null,null,null,null,null,null,null,null,null,PYZRQGJRPPTADH,null,TRND,HdCoNVkyEfHdfvUegb,null,Sodium channel protein type 1 subunit alpha Blocker,null,null,ISETHIONATE,null,null,null,null,84057-84-1,SCN1A,null,null,0,4,0,null,null,173031,0 0 0 0,1,1,2025-06-17 15:29:19,null,null,null,null,null,null,null,364785771,activity,null,HTS,null,3.315,-3.022,8.44,3.968,null,null,null,null,null,null,null,null,null,null,null,null,null,null,null,null,null,null,null,null,null,278938814
TRND-Glioblastoma_LOPAC_H4-primary_screen2,NCGC00015718-28,activity,null,4,13.524,4,-11.736,4.955,COC1=C(C=CC=C1)N2CCN(CC(O)COC3=C4C=CC=CC4=CC=C3)CC2,N158,Naftopidil dihydrochloride,SIGMA,2021_LOPAC_01,null,null,null,null,null,null,null,null,null,null,null,15.804,0.264,1,0.816,null,null,null,null,null,null,12,null,null,13.524,-2.28,29.475,27.424,null,null,null,null,null,null,null,null,null,HRRBJVNMSRJFHQ,null,TRND,RTODPbQDUeBKrJMXfy,null,Alpha-1D Adrenergic Receptor antagonist,null,null,CL,null,null,null,null,null,ADRA1D,null,null,0,4,1,null,null,173031,0 0 0 1,1,1,2025-06-17 15:29:19,null,null,null,null,null,null,null,364789735,activity,null,HTS,null,9.885,-2.28,2.969,13.524,null,null,null,null,null,null,null,null,null,null,null,null,null,null,null,null,null,null,null,null,null,278938816
TRND-Glioblastoma_LOPAC_H4-primary_screen2,NCGC00037468-04,activity,null,4,5.59,4,-16.916,4.955,NC1=NC(=CC2=C(C#N)C(=NC(N)=C12)N3CCCC3)N4CCCC4,SML1518,SID 3712249 ,SIGMA,2021_LOPAC_01,null,null,null,null,null,null,null,null,null,null,null,15.748,-8.416,1,0.986,null,null,null,null,null,null,8.5,null,null,9.568,-6.18,20.228,20.618,null,null,null,null,null,null,null,null,null,SSWVPYMSHHEYAB,null,TRND,NsaCRyMFNXbSRHfAyj,null,null,null,null,null,null,null,null,null,null,null,null,null,0,4,1,null,null,173031,0 0 0 1,1,1,2025-06-17 15:29:19,null,null,null,null,null,null,null,364787119,activity,null,HTS,null,7.607,9.568,-6.18,5.59,null,null,null,null,null,null,null,null,null,null,null,null,null,null,null,null,null,null,null,null,null,278938817
TRND-Glioblastoma_LOPAC_H4-primary_screen2,NCGC00015523-22,activity,null,4,0.302,4,21.466,4.955,OC1=CC=C(O)C=C1,H9003,Hydroquinone,SIGMA,2021_LOPAC_01,null,null,null,null,null,null,null,null,null,null,null,20.916,16,1,0.879,null,null,null,null,null,null,-5.466,null,null,19.694,-1.222,25.486,27.29,null,null,null,null,null,null,null,null,null,QIGBRXMKCJKVMJ,null,TRND,RpYLaSAUsLDTstUVsq,null,null,null,null,null,null,null,null,null,123-31-9,null,null,null,0,4,1,null,null,173031,0 0 0 1,1,1,2025-06-17 15:29:19,null,null,null,null,null,null,null,364786319,activity,null,HTS,null,-1.222,19.694,12.338,0.302,null,null,null,null,null,null,null,null,null,null,null,null,null,null,null,null,null,null,null,null,null,278938820
TRND-Glioblastoma_LOPAC_H4-primary_screen2,NCGC00094396-08,activity,null,4,7.138,4,0,null,OC(=O)CCCC[C@@H]1CCSS1,T5625,(±)-alpha-Lipoic Acid,SIGMA,2021_LOPAC_01,null,null,null,null,null,null,null,null,null,null,null,6.927,0,null,null,null,null,null,null,null,null,0,null,null,12.324,5.397,48.454,null,null,null,null,null,null,null,null,null,null,AGBQKNBQESQNJD,null,TRND,ixaXUGOUVNVdKtSUJq,null,null,null,null,null,null,null,null,null,1077-28-7,null,null,null,0,4,null,null,null,173031,null,1,1,2025-06-17 15:29:19,null,null,null,null,null,null,null,364785863,activity,null,HTS,null,12.324,5.397,9.625,7.138,null,null,null,null,null,null,null,null,null,null,null,null,null,null,null,null,null,null,null,null,null,278938821
TRND-Glioblastoma_LOPAC_H4-primary_screen2,NCGC00015870-53,activity,null,4,-2.139,4,-15.067,4.955,OC1=CC2=C(C(O)=C1)C(=O)C(O)=C(O2)C3=CC(O)=C(O)C=C3,Q0125,Quercetin dihydrate,SIGMA,2021_LOPAC_01,null,null,null,null,null,null,null,null,null,null,null,14.031,-0.067,0.536,0.768,null,null,null,null,null,null,15,null,null,11.892,-2.139,33.738,33.302,null,null,null,null,null,null,null,null,null,REFJWTPEDVJJIY,null,TRND,fsuiXTIeEXUIvlYaGP,null,Catechol-O-Methyltransferase inhibitor,null,null,null,null,null,null,null,117-39-5,COMT,null,null,0,4,0,null,null,173031,0 0 0 0,1,1,2025-06-17 15:29:19,null,null,null,null,null,null,null,364787463,activity,null,HTS,null,11.892,-2.06,4.719,-2.139,null,null,null,null,null,null,null,null,null,null,null,null,null,null,null,null,null,null,null,null,null,278938822
TRND-Glioblastoma_LOPAC_H4-primary_screen2,NCGC00015094-24,activity,null,4,-0.242,4,0,null,OC1=C2C=NNC2=NC=N1,A8003,Allopurinol,SIGMA,2021_LOPAC_01,null,null,null,null,null,null,null,null,null,null,null,6.529,0,null,null,null,null,null,null,null,null,0,null,null,6.287,-0.242,21.942,null,null,null,null,null,null,null,null,null,null,OFCNXPDARWKPPY,null,TRND,HbdCqMQNAvrGQrmCZE,null,Xanthine Dehydrogenase/Oxidase inhibitor,null,null,null,null,null,null,null,315-30-0,XDH,null,null,0,4,null,null,null,173031,null,1,1,2025-06-17 15:29:19,null,null,null,null,null,null,null,364786555,activity,null,HTS,null,6.134,6.287,0.933,-0.242,null,null,null,null,null,null,null,null,null,null,null,null,null,null,null,null,null,null,null,null,null,278938823
TRND-Glioblastoma_LOPAC_H4-primary_screen2,NCGC00024027-17,activity,null,4,11.344,4,12.381,4.955,CC[C@@H](CO)NC(=O)[C@H]1CN(C)[C@@H]2CC3=CN(C)C4=CC=CC(=C34)C2=C1,M137,Methysergide maleate,SIGMA,2021_LOPAC_01,null,null,null,null,null,null,null,null,null,null,null,12.911,13,0.364,0.909,null,null,null,null,null,null,0.619,null,null,11.344,-1.567,12.181,8.641,null,null,null,null,null,null,null,null,null,KPJZHOPZRAFDTN,null,TRND,SXHykFFOljPSQWpLnE,null,null,null,null,MALEATE,null,null,null,null,129-49-7,null,null,null,0,4,0,null,null,173031,0 0 0 0,1,1,2025-06-17 15:29:19,null,null,null,null,null,null,null,364789599,activity,null,HTS,null,2.238,1.581,-1.567,11.344,null,null,null,null,null,null,null,null,null,null,null,null,null,null,null,null,null,null,null,null,null,278938824
TRND-Glioblastoma_LOPAC_H4-primary_screen2,NCGC00015806-18,activity,null,4,5.174,4,0,null,CC1=CN(C(=O)C=C1)C2=CC=CC=C2,P2116,Pirfenidone,SIGMA,2021_LOPAC_01,null,null,null,null,null,null,null,null,null,null,null,9.714,0,null,null,null,null,null,null,null,null,0,null,null,14.888,5.174,40.529,null,null,null,null,null,null,null,null,null,null,ISWRGOKTTBVCFA,null,TRND,rWsArMVLayGUPaFdZq,null,TGF-beta receptor type-1 inhibitor,null,null,null,null,null,null,null,53179-13-8,TGFBR1,null,null,0,4,null,null,null,173031,null,1,1,2025-06-17 15:29:19,null,null,null,null,null,null,null,364787115,activity,null,HTS,null,6.881,14.888,11.881,5.174,null,null,null,null,null,null,null,null,null,null,null,null,null,null,null,null,null,null,null,null,null,278938825
TRND-Glioblastoma_LOPAC_H4-primary_screen2,NCGC00015279-21,activity,null,4,12.603,4,0,null,CN(C)CCOC(=O)COC1=CC=C(Cl)C=C1,C8773,Centrophenoxine hydrochloride,SIGMA,2021_LOPAC_01,null,null,null,null,null,null,null,null,null,null,null,6.764,0,null,null,null,null,null,null,null,null,0,null,null,12.603,5.839,45.559,null,null,null,null,null,null,null,null,null,null,XZTYGFHCIAKPGJ,null,TRND,sygQvGrjrNrwdxQaMX,null,null,null,null,CL,null,null,null,null,3685-84-5,null,null,null,0,4,null,null,null,173031,null,1,1,2025-06-17 15:29:19,null,null,null,null,null,null,null,364785723,activity,null,HTS,null,10.822,5.839,6.894,12.603,null,null,null,null,null,null,null,null,null,null,null,null,null,null,null,null,null,null,null,null,null,278938826
TRND-Glioblastoma_LOPAC_H4-primary_screen2,NCGC00015916-10,activity,null,4,6.159,4,8.46,3.132,CCN(CC)CCOC(=O)C1=CC(Cl)=C(N)C=C1OC,S174,"SDZ-205,557 hydrochloride",SIGMA,2021_LOPAC_01,null,null,null,null,null,null,null,null,null,null,null,10.089,8,0.414,0.879,null,null,null,null,null,null,-0.46,null,null,9.706,-0.383,12.529,12.164,null,null,null,null,null,null,null,null,null,FFNWMBDISAYHDC,null,TRND,VzeljScsARfwbDaJgZ,null,null,null,null,CL,null,null,null,null,null,null,null,null,0,4,0,null,null,173031,0 0 0 0,1,1,2025-06-17 15:29:19,null,null,null,null,null,null,null,364787687,activity,null,HTS,null,-0.383,5.105,9.706,6.159,null,null,null,null,null,null,null,null,null,null,null,null,null,null,null,null,null,null,null,null,null,278939337
TRND-Glioblastoma_LOPAC_H4-primary_screen2,NCGC00025079-10,activity,null,4,3.027,4,7.119,4.955,N[C@@H](CC1=CC(=CC(CP(O)(O)=O)=C1)C2=CC=CC=C2Cl)C(O)=O,SML0598,SDZ 220-581 hydrochloride,SIGMA,2021_LOPAC_01,null,null,null,null,null,null,null,null,null,null,null,11.604,5.5,0.587,0.705,null,null,null,null,null,null,-1.619,null,null,8.171,-3.433,5.754,1.16,null,null,null,null,null,null,null,null,null,VBRJFXSFCYEZMQ,null,TRND,qSRlPvaVoovcCZmIFK,null,null,null,null,CL,null,null,null,null,null,null,null,null,0,4,0,null,null,173031,0 0 0 0,1,1,2025-06-17 15:29:19,null,null,null,null,null,null,null,364785755,activity,null,HTS,null,0.305,-3.433,8.171,3.027,null,null,null,null,null,null,null,null,null,null,null,null,null,null,null,null,null,null,null,null,null,278939338
TRND-Glioblastoma_LOPAC_H4-primary_screen2,NCGC00024491-13,activity,null,4,-5.829,4,-8.995,4.955,[O-][N+](=O)C1=C(C=C2NC(=O)C(=O)NC2=C1)C#N,C239,CNQx disodium,SIGMA,2021_LOPAC_01,null,null,null,null,null,null,null,null,null,null,null,11.545,-6.995,0.68,0.534,null,null,null,null,null,null,2,null,null,5.716,-5.829,-5.136,5.234,null,null,null,null,null,null,null,null,null,RPXVIAFEQBNEAX,null,TRND,xXAWBwBAXsqUlCQyYy,null,null,null,null,SODIUM,null,null,null,null,115066-14-3,null,null,null,0,4,0,null,null,173031,0 0 0 0,1,1,2025-06-17 15:29:19,null,null,null,null,null,null,null,364789139,activity,null,HTS,null,-3.028,5.716,3.343,-5.829,null,null,null,null,null,null,null,null,null,null,null,null,null,null,null,null,null,null,null,null,null,278939339
TRND-Glioblastoma_LOPAC_H4-primary_screen2,NCGC00487314-03,activity,null,4,11.049,4,13.668,1,CC1=CC(NC2=CC=CC=C2C(O)=O)=CC=C1,SML0658,3-MFA,SIGMA,2021_LOPAC_01,null,null,null,null,null,null,null,null,null,null,null,11.606,15,0.674,0.549,null,null,null,null,null,null,1.332,null,null,11.049,-0.557,26.201,14.776,null,null,null,null,null,null,null,null,null,JODCQKTVDXZQEP,null,TRND,sTdCZoHCUAKszZuWRn,null,null,null,null,null,null,null,null,null,null,null,null,null,0,4,0,null,null,173031,0 0 0 0,1,1,2025-06-17 15:29:19,null,null,null,null,null,null,null,364788663,activity,null,HTS,null,6.288,-0.557,4.762,11.049,null,null,null,null,null,null,null,null,null,null,null,null,null,null,null,null,null,null,null,null,null,278939340
TRND-Glioblastoma_LOPAC_H4-primary_screen2,NCGC00162299-05,activity,null,4,1.091,4,12,3.929,CC(=O)[C@H]1CCC2C3CC=C4C[C@H](CC[C@]4(C)C3CC[C@]12C)OS([O-])(=O)=O,P162,Pregnenolone sulfate sodium,SIGMA,2021_LOPAC_01,null,null,null,null,null,null,null,null,null,null,null,11.948,16,1,0.701,null,null,null,null,null,null,4,null,null,13.039,1.091,39.286,31.478,null,null,null,null,null,null,null,null,null,DIJBBUIOWGGQOP,null,TRND,luqnRujitewQvCNTEX,null,null,null,null,SODIUM,null,null,null,null,null,null,null,null,0,4,1,null,null,173031,0 0 0 1,1,1,2025-06-17 15:29:19,null,null,null,null,null,null,null,364785527,activity,null,HTS,null,7.799,2.388,13.039,1.091,null,null,null,null,null,null,null,null,null,null,null,null,null,null,null,null,null,null,null,null,null,278939341
TRND-Glioblastoma_LOPAC_H4-primary_screen2,NCGC00178711-09,activity,null,4,-11.859,4,-19.731,3.677,CO\N=C\1CN(CC1CN)C2=C(F)C=C3C(=O)C(=C/N(C4CC4)C3=N2)\C(O)=O,SML1625,Gemifloxacin mesylate,SIGMA,2021_LOPAC_01,null,null,null,null,null,null,null,null,null,null,null,19.606,-12.231,0.02,1,null,null,null,null,null,null,7.5,null,null,7.747,-11.859,23.924,23.275,null,null,null,null,null,null,null,null,null,ZRCVYEYHRGVLOC,null,TRND,yQqGyxviGEJKnpUcUQ,null,null,null,null,SULFONICACID_V1,null,null,null,null,210353-53-0,null,null,null,0,4,0,null,null,173031,0 0 0 0,1,1,2025-06-17 15:29:19,null,null,null,null,null,null,null,364786163,activity,null,HTS,null,7.747,7.474,4.913,-11.859,null,null,null,null,null,null,null,null,null,null,null,null,null,null,null,null,null,null,null,null,null,278939342
TRND-Glioblastoma_LOPAC_H4-primary_screen2,NCGC00023016-13,activity,null,4,9.764,4,0,null,CO[C@]1(NC(=O)CSCC#N)[C@H]2SCC(CSC3=NN=NN3C)=C(N2C1=O)C([O-])=O,C6048,Cefmetazole sodium,SIGMA,2021_LOPAC_01,null,null,null,null,null,null,null,null,null,null,null,5.778,0,null,null,null,null,null,null,null,null,0,null,null,9.893,4.115,39.873,null,null,null,null,null,null,null,null,null,null,SNBUBQHDYVFSQF,null,TRND,CXevQWrXmBwBdXQUtv,null,null,null,null,SODIUM,null,null,null,null,56796-39-5,null,null,null,0,4,null,null,null,173031,null,1,1,2025-06-17 15:29:19,null,null,null,null,null,null,null,364786939,activity,null,HTS,null,9.893,6.308,4.115,9.764,null,null,null,null,null,null,null,null,null,null,null,null,null,null,null,null,null,null,null,null,null,278939343
TRND-Glioblastoma_LOPAC_H4-primary_screen2,NCGC00024309-32,activity,null,4,4.089,4,0,null,COC1=CC=C(C=C1)[C@@H]2SC3=CC=CC=C3N(CCN(C)C)C(=O)[C@@H]2OC(C)=O,D2521,Diltiazem hydrochloride,SIGMA,2021_LOPAC_01,null,null,null,null,null,null,null,null,null,null,null,5.331,0,null,null,null,null,null,null,null,null,0,null,null,9.42,4.089,38.076,null,null,null,null,null,null,null,null,null,null,HSUGRBWQSSZJOP,null,TRND,vrtScaCGbjqjCHsHaZ,null,L-Type Calcium Channel Blocker,null,null,CL,null,null,null,null,33286-22-5,CACNA1S,null,null,0,4,null,null,null,173031,null,1,1,2025-06-17 15:29:19,null,null,null,null,null,null,null,364785351,activity,null,HTS,null,9.42,6.445,7.552,4.089,null,null,null,null,null,null,null,null,null,null,null,null,null,null,null,null,null,null,null,null,null,278939344
TRND-Glioblastoma_LOPAC_H4-primary_screen2,NCGC00015254-36,activity,null,4,4.974,4,0,null,CN1CCN(CC1)C2=NC3=C(NC4=C2C=CC=C4)C=CC(Cl)=C3,C6305,Clozapine,SIGMA,2021_LOPAC_01,null,null,null,null,null,null,null,null,null,null,null,4.82,0,null,null,null,null,null,null,null,null,0,null,null,4.974,0.154,10.866,null,null,null,null,null,null,null,null,null,null,QZUDBNBUXVUHMW,null,TRND,KqFYoadKgTmhYnSKIe,null,null,null,null,null,null,null,null,null,5786-21-0,null,null,null,0,4,null,null,null,173031,null,1,1,2025-06-17 15:29:19,null,null,null,null,null,null,null,364787579,activity,null,HTS,null,1.83,0.154,4.383,4.974,null,null,null,null,null,null,null,null,null,null,null,null,null,null,null,null,null,null,null,null,null,278939345
TRND-Glioblastoma_LOPAC_H4-primary_screen2,NCGC00162185-06,activity,null,4,-0.459,4,0,null,CN1CC[C@]2(C)C1N(C)C3=C2C=C(O)C=C3,E100,(-)-Eseroline fumarate,SIGMA,2021_LOPAC_01,null,null,null,null,null,null,null,null,null,null,null,9.871,0,null,null,null,null,null,null,null,null,0,null,null,9.412,-0.459,18.155,null,null,null,null,null,null,null,null,null,null,HKGWQUVGHPDEBZ,null,TRND,ADaNYCoCbVoaYFRMeH,null,null,null,null,FUMARIC_ACID,null,null,null,null,null,null,null,null,0,4,null,null,null,173031,null,1,1,2025-06-17 15:29:19,null,null,null,null,null,null,null,364790083,activity,null,HTS,null,2.9,5.39,9.412,-0.459,null,null,null,null,null,null,null,null,null,null,null,null,null,null,null,null,null,null,null,null,null,278939346
TRND-Glioblastoma_LOPAC_H4-primary_screen2,NCGC00370854-04,activity,null,4,15.909,4,12.5,1.627,COC1=C(C=C(Br)C=C1)[S+]([O-])(=O)NC(=O)\C=C\C2=CC=CC=C2CC3=CC4=CC=CC=C4C=C3,L4545,L-798106,SIGMA,2021_LOPAC_01,null,null,null,null,null,null,null,null,null,null,null,12.104,17,0.224,0.968,null,null,null,null,null,null,4.5,null,null,15.909,3.805,33.476,31.479,null,null,null,null,null,null,null,null,null,QEDHZDKARXPSKM,null,TRND,WHvUybxApGqovTVtPv,null,null,null,null,null,null,null,null,null,null,null,null,null,0,4,0,null,null,173031,0 0 0 0,1,1,2025-06-17 15:29:19,null,null,null,null,null,null,null,364787563,activity,null,HTS,null,5.525,3.805,10.184,15.909,null,null,null,null,null,null,null,null,null,null,null,null,null,null,null,null,null,null,null,null,null,278939347
TRND-Glioblastoma_LOPAC_H4-primary_screen2,NCGC00182704-10,activity,null,4,10.638,4,0,null,ClC1=CC(Cl)=C(C=C1)[C@@H]2CS\C(S2)=C(\C#N)N3C=CN=C3,SML1595,Luliconazole,SIGMA,2021_LOPAC_01,null,null,null,null,null,null,null,null,null,null,null,7.248,0,null,null,null,null,null,null,null,null,0,null,null,12.633,5.385,41.733,null,null,null,null,null,null,null,null,null,null,YTAOBBFIOAEMLL,null,TRND,qSXJTVfVmvsaMNFxpc,null,null,null,null,null,null,null,null,null,187164-19-8,null,null,null,0,4,null,null,null,173031,null,1,1,2025-06-17 15:29:19,null,null,null,null,null,null,null,364788687,activity,null,HTS,null,8.485,12.633,5.385,10.638,null,null,null,null,null,null,null,null,null,null,null,null,null,null,null,null,null,null,null,null,null,278939348
TRND-Glioblastoma_LOPAC_H4-primary_screen2,NCGC00015997-21,activity,null,4,-0.35,4,-13.599,3.99,NCC[S+](O)([O-])=O,T0625,Taurine,SIGMA,2021_LOPAC_01,null,null,null,null,null,null,null,null,null,null,null,17.269,-3.599,0.454,0.847,null,null,null,null,null,null,10,null,null,10.103,-7.166,22.765,22.946,null,null,null,null,null,null,null,null,null,HYLQXTLZCLYTGA,null,TRND,VWXreUIxWZhEtYFjlD,null,Antioxidant,null,null,null,null,null,null,null,107-35-7,CAT,null,null,0,4,0,null,null,173031,0 0 0 0,1,1,2025-06-17 15:29:19,null,null,null,null,null,null,null,364786423,activity,null,HTS,null,10.103,-0.112,-7.166,-0.35,null,null,null,null,null,null,null,null,null,null,null,null,null,null,null,null,null,null,null,null,null,278939349
TRND-Glioblastoma_LOPAC_H4-primary_screen2,NCGC00015036-34,activity,null,4,5.503,4,0,null,NC12CC3CC(CC(C3)C1)C2,A1260,Amantadine hydrochloride,SIGMA,2021_LOPAC_01,null,null,null,null,null,null,null,null,null,null,null,6.121,0,null,null,null,null,null,null,null,null,0,null,null,5.503,-0.618,6.379,null,null,null,null,null,null,null,null,null,null,DKNWSYNQZKUICI,null,TRND,jrTYTfrcVeoHZNAseZ,null,Dopamine Receptor D3 agonist,null,null,CL,null,null,null,null,665-66-7,DRD3,null,null,0,4,null,null,null,173031,null,1,1,2025-06-17 15:29:19,null,null,null,null,null,null,null,364785299,activity,null,HTS,null,-0.618,3.581,3.859,5.503,null,null,null,null,null,null,null,null,null,null,null,null,null,null,null,null,null,null,null,null,null,278939350
TRND-Glioblastoma_LOPAC_H4-primary_screen2,NCGC00242054-19,activity,null,4,-3.908,4,-17.689,0.7,CC1=NC(=CC=C1)C2=NNC=C2C3=NC4=C(C=C3)N=CC=C4,R0158,RepSox,SIGMA,2021_LOPAC_01,null,null,null,null,null,null,null,null,null,null,null,13.403,-4.689,0.321,0.931,null,null,null,null,null,null,13,null,null,9.495,-3.908,26.948,24.514,null,null,null,null,null,null,null,null,null,LBPKYPYHDKKRFS,null,TRND,GyrusXTMsyMEQFCMNn,null,TGF-beta receptor type-1 inhibitor,null,null,null,null,null,null,null,null,TGFBR1,null,null,0,4,0,null,null,173031,0 0 0 0,1,1,2025-06-17 15:29:19,null,null,null,null,null,null,null,364789571,activity,null,HTS,null,9.495,2.604,1.188,-3.908,null,null,null,null,null,null,null,null,null,null,null,null,null,null,null,null,null,null,null,null,null,278939351
TRND-Glioblastoma_LOPAC_H4-primary_screen2,NCGC00015966-17,activity,null,4,13.836,4,0,null,CCN1CCCC1CNC(=O)C2=C(OC)C=CC(=C2)[S+](N)([O-])=O,S8010,(±)-Sulpiride,SIGMA,2021_LOPAC_01,null,null,null,null,null,null,null,null,null,null,null,10.884,0,null,null,null,null,null,null,null,null,0,null,null,13.836,2.952,49.023,null,null,null,null,null,null,null,null,null,null,LZSXQDDPWUOGTJ,null,TRND,cCiXecKJAJIojgUTUc,null,null,null,null,null,null,null,null,null,15676-16-1,null,null,null,0,4,null,null,null,173031,null,1,1,2025-06-17 15:29:19,null,null,null,null,null,null,null,364785567,activity,null,HTS,null,12.893,2.952,5.586,13.836,null,null,null,null,null,null,null,null,null,null,null,null,null,null,null,null,null,null,null,null,null,278939352
TRND-Glioblastoma_LOPAC_H4-primary_screen2,NCGC00162310-05,activity,null,4,7.333,4,0,null,[H][C@]1(CCCN(CCC)C1)C2=CC=CC(O)=C2,P103,S(-)-3PPP hydrochloride,SIGMA,2021_LOPAC_01,null,null,null,null,null,null,null,null,null,null,null,3.013,0,null,null,null,null,null,null,null,null,0,null,null,7.459,4.447,31.775,null,null,null,null,null,null,null,null,null,null,HTSNFXAICLXZMA,null,TRND,JknsAYOoTjbdbxWSqj,null,null,null,null,CL,null,null,null,null,89874-80-6,null,null,null,0,4,null,null,null,173031,null,1,1,2025-06-17 15:29:19,null,null,null,null,null,null,null,364787415,activity,null,HTS,null,7.459,5.881,4.447,7.333,null,null,null,null,null,null,null,null,null,null,null,null,null,null,null,null,null,null,null,null,null,278939353
TRND-Glioblastoma_LOPAC_H4-primary_screen2,NCGC00014992-15,activity,null,4,3.208,4,0,null,OC(=O)C1CCCNC1,211672,(±)-Nipecotic acid,SIGMA,2021_LOPAC_01,null,null,null,null,null,null,null,null,null,null,null,5.412,0,null,null,null,null,null,null,null,null,0,null,null,8.144,2.732,31.643,null,null,null,null,null,null,null,null,null,null,XJLSEXAGTJCILF,null,TRND,OpBQWQpaTdaQxEvyWc,null,null,null,null,null,null,null,null,null,498-95-3,null,null,null,0,4,null,null,null,173031,null,1,1,2025-06-17 15:29:19,null,null,null,null,null,null,null,364787971,activity,null,HTS,null,8.144,7.793,2.732,3.208,null,null,null,null,null,null,null,null,null,null,null,null,null,null,null,null,null,null,null,null,null,278939354
TRND-Glioblastoma_LOPAC_H4-primary_screen2,NCGC00015675-25,activity,null,4,9.665,4,-13.5,4.955,CC1=C(C=C(C#N)C(=O)N1)C2=CC=NC=C2,M4659,Milrinone,SIGMA,2021_LOPAC_01,null,null,null,null,null,null,null,null,null,null,null,11.109,7,0.451,0.851,null,null,null,null,null,null,20.5,null,null,16.285,5.175,57.999,59.056,null,null,null,null,null,null,null,null,null,PZRHRDRVRGEVNW,null,TRND,gPtkghynqWAXfmaYHp,null,null,null,null,null,null,null,null,null,78415-72-2,null,null,null,0,4,0,null,null,173031,0 0 0 0,1,1,2025-06-17 15:29:19,null,null,null,null,null,null,null,364786155,activity,null,HTS,null,16.285,5.175,5.875,9.665,null,null,null,null,null,null,null,null,null,null,null,null,null,null,null,null,null,null,null,null,null,278939355
TRND-Glioblastoma_LOPAC_H4-primary_screen2,NCGC00015479-40,activity,null,4,-14.213,4,-23.056,0.9,OC1=CC=C(C=C1)C2=COC3=C(C(O)=CC(O)=C3)C2=O,G6649,Genistein,SIGMA,2021_LOPAC_01,null,null,null,null,null,null,null,null,null,null,null,18.279,-19.056,0.283,0.947,null,null,null,null,null,null,4,null,null,4.065,-14.213,0.142,-1.485,null,null,null,null,null,null,null,null,null,TZBJGXHYKVUXJN,null,TRND,ViUQTykxoqrSXarqIZ,null,Short transient receptor potential channel 5 agonist,null,null,null,null,null,null,null,446-72-0,TRPC5,null,null,0,4,0,null,null,173031,0 0 0 0,1,1,2025-06-17 15:29:19,null,null,null,null,null,null,null,364787639,activity,null,HTS,null,4.065,-1.427,-3.82,-14.213,null,null,null,null,null,null,null,null,null,null,null,null,null,null,null,null,null,null,null,null,null,278939356
TRND-Glioblastoma_LOPAC_H4-primary_screen2,NCGC00015368-23,activity,null,4,4.122,4,0,null,CCN(CC)CCOC(=O)C1(CCCCC1)C2CCCCC2,D7909,Dicyclomine hydrochloride,SIGMA,2021_LOPAC_01,null,null,null,null,null,null,null,null,null,null,null,5.443,0,null,null,null,null,null,null,null,null,0,null,null,4.122,-1.321,6.979,null,null,null,null,null,null,null,null,null,null,CURUTKGFNZGFSE,null,TRND,chUobSGXunkHSRFgrM,null,null,null,null,CL,null,null,null,null,67-92-5,null,null,null,0,4,null,null,null,173031,null,1,1,2025-06-17 15:29:19,null,null,null,null,null,null,null,364787199,activity,null,HTS,null,1.52,2.173,-1.321,4.122,null,null,null,null,null,null,null,null,null,null,null,null,null,null,null,null,null,null,null,null,null,278939357
TRND-Glioblastoma_LOPAC_H4-primary_screen2,NCGC00186049-04,activity,null,4,7.99,4,0,null,CCN(CC)CCNC(=O)C1=CC=C(N[S+](C)([O-])=O)C=C1,S0323,Sematilide monohydrochloride monohydrate,SIGMA,2021_LOPAC_01,null,null,null,null,null,null,null,null,null,null,null,6.856,0,null,null,null,null,null,null,null,null,0,null,null,11.688,4.832,40.968,null,null,null,null,null,null,null,null,null,null,COBKWOCHIWQZMC,null,TRND,TGYgwLoUBVGfLdimRp,null,null,null,null,CL,null,null,null,null,101526-62-9,null,null,null,0,4,null,null,null,173031,null,1,1,2025-06-17 15:29:19,null,null,null,null,null,null,null,364786351,activity,null,HTS,null,9.088,11.688,4.832,7.99,null,null,null,null,null,null,null,null,null,null,null,null,null,null,null,null,null,null,null,null,null,278939360
TRND-Glioblastoma_LOPAC_H4-primary_screen2,NCGC00015623-19,activity,null,4,3.005,4,0,null,CCCN(CCC)C(=O)C(CCC(O)=O)NC(=O)C1=CC=CC=C1,M001,Proglumide,SIGMA,2021_LOPAC_01,null,null,null,null,null,null,null,null,null,null,null,7.194,0,null,null,null,null,null,null,null,null,0,null,null,6.609,-0.585,19.253,null,null,null,null,null,null,null,null,null,null,DGMKFQYCZXERLX,null,TRND,nboMhiIAQtcABZRYHF,null,Cholecystokinin B Receptor antagonist,null,null,null,null,null,null,null,6620-60-6,CCKBR,null,null,0,4,null,null,null,173031,null,1,1,2025-06-17 15:29:19,null,null,null,null,null,null,null,364787667,activity,null,HTS,null,4.85,-0.585,6.609,3.005,null,null,null,null,null,null,null,null,null,null,null,null,null,null,null,null,null,null,null,null,null,278939361
TRND-Glioblastoma_LOPAC_H4-primary_screen2,NCGC00021145-29,activity,null,4,-6.548,4,-12.858,3.99,CN1CCN(CC1)C2=NC3=C(OC4=C2C=C(Cl)C=C4)C=CC=C3,L106,Loxapine succinate,SIGMA,2021_LOPAC_01,null,null,null,null,null,null,null,null,null,null,null,13.785,-6.858,0.197,0.976,null,null,null,null,null,null,6,null,null,7.236,-6.548,17.918,19.996,null,null,null,null,null,null,null,null,null,XJGVXQDUIWGIRW,null,TRND,mhSFELnUmOinTsyHyV,null,null,null,null,SUCCINICACID,null,null,null,null,27833-64-3,null,null,null,0,4,0,null,null,173031,0 0 0 0,1,1,2025-06-17 15:29:19,null,null,null,null,null,null,null,364790031,activity,null,HTS,null,4.916,7.236,3.803,-6.548,null,null,null,null,null,null,null,null,null,null,null,null,null,null,null,null,null,null,null,null,null,278939362
TRND-Glioblastoma_LOPAC_H4-primary_screen2,NCGC00263115-11,activity,null,4,-13.503,4,-14.703,3.192,CC(C)(N)C(=O)N[C@H](COCC1=CC=CC=C1)C(=O)N2CCC3(CN(C4=C3C=CC=C4)[S+](C)([O-])=O)CC2,SML0993,MK-677,SIGMA,2021_LOPAC_01,null,null,null,null,null,null,null,null,null,null,null,16.106,-13.703,0.2,0.975,null,null,null,null,null,null,1,null,null,2.603,-13.503,-7.004,-5.099,null,null,null,null,null,null,null,null,null,PQNWMTXPSNLKMV,null,TRND,pXJdFZHFDpPniaxwyc,null,Growth Hormone Secretagogue,null,null,SULFONICACID_V1,null,null,null,null,159752-10-0,GH1,null,null,0,4,0,null,null,173031,0 0 0 0,1,1,2025-06-17 15:29:19,null,null,null,null,null,null,null,364789931,activity,null,HTS,null,-0.091,2.603,-2.104,-13.503,null,null,null,null,null,null,null,null,null,null,null,null,null,null,null,null,null,null,null,null,null,278939364
TRND-Glioblastoma_LOPAC_H4-primary_screen2,NCGC00015255-15,activity,null,4,1.914,4,-11.508,4.955,NC(CC1=CC=C(Cl)C=C1)C(O)=O,C6506,(±)-p-Chlorophenylalanine,SIGMA,2021_LOPAC_01,null,null,null,null,null,null,null,null,null,null,null,10.839,-0.508,0.412,0.88,null,null,null,null,null,null,11,null,null,8.749,-2.09,23.052,23.29,null,null,null,null,null,null,null,null,null,NIGWMJHCCYYCSF,null,TRND,nxAjpLDphmqpNxbMaW,null,null,null,null,null,null,null,null,null,7424-00-2,null,null,null,0,4,0,null,null,173031,0 0 0 0,1,1,2025-06-17 15:29:19,null,null,null,null,null,null,null,364788215,activity,null,HTS,null,8.749,-2.09,-1.106,1.914,null,null,null,null,null,null,null,null,null,null,null,null,null,null,null,null,null,null,null,null,null,278939365
TRND-Glioblastoma_LOPAC_H4-primary_screen2,NCGC00601952-20,activity,null,4,13.365,4,20,4.955,N[C@@H](CC1=CNC2=CC=C(O)C=C12)C(O)=O,H9772,5-Hydroxy-L-tryptophan,SIGMA,2021_LOPAC_01,null,null,null,null,null,null,null,null,null,null,null,25.971,17.5,0.733,0.385,null,null,null,null,null,null,-2.5,null,null,29.545,3.574,44.085,43.472,null,null,null,null,null,null,null,null,null,LDCYZAJDBXYCGN,null,TRND,ScYbQEQhnfTfIAjQft,null,null,null,null,null,null,null,null,null,56-69-9,null,null,null,0,4,0,null,null,173031,0 0 0 0,1,1,2025-06-17 15:29:19,null,null,null,null,null,null,null,364789515,activity,null,HTS,null,3.574,29.545,9.284,13.365,null,null,null,null,null,null,null,null,null,null,null,null,null,null,null,null,null,null,null,null,null,278939366
TRND-Glioblastoma_LOPAC_H4-primary_screen2,NCGC00015335-35,activity,null,4,9.32,4,0,null,CN(C)CCOC(C1=CC=CC=C1)C2=CC=CC=C2,D3630,Diphenhydramine hydrochloride,SIGMA,2021_LOPAC_01,null,null,null,null,null,null,null,null,null,null,null,43.565,0,null,null,null,null,null,null,null,null,0,null,null,12.56,-31.005,25.778,null,null,null,null,null,null,null,null,null,null,ZZVUWRFHKOJYTH,null,TRND,WopWClbYbErncEfcoX,null,null,null,null,CL,null,null,null,null,147-24-0,null,null,null,0,4,null,null,null,173031,null,1,1,2025-06-17 15:29:19,null,null,null,null,null,null,null,364788547,activity,null,HTS,null,12.166,-31.005,12.56,9.32,null,null,null,null,null,null,null,null,null,null,null,null,null,null,null,null,null,null,null,null,null,278939369
TRND-Glioblastoma_LOPAC_H4-primary_screen2,NCGC00015017-07,activity,null,4,12.928,4,0,null,NC1=CC=C(CCNC2=NC=NC3=C2N=CN3C4OC(CO)C(O)C4O)C=C1,A202,N6-2-(4-Aminophenyl)ethyladenosine,SIGMA,2021_LOPAC_01,null,null,null,null,null,null,null,null,null,null,null,9.522,0,null,null,null,null,null,null,null,null,0,null,null,12.928,3.405,51.264,null,null,null,null,null,null,null,null,null,null,XTPOZVLRZZIEBW,null,TRND,xelMAYyJADFrPtiXMG,null,null,null,null,null,null,null,null,null,null,null,null,null,0,4,null,null,null,173031,null,1,1,2025-06-17 15:29:19,null,null,null,null,null,null,null,364787291,activity,null,HTS,null,12.906,8.973,3.405,12.928,null,null,null,null,null,null,null,null,null,null,null,null,null,null,null,null,null,null,null,null,null,278938827
TRND-Glioblastoma_LOPAC_H4-primary_screen2,NCGC00015097-14,activity,null,4,0.724,4,0,null,NCCC1=CC=C(C=C1)[S+]([O-])(F)=O,A8456,4-(2-Aminoethyl)benzenesulfonyl fluoride hydrochloride,SIGMA,2021_LOPAC_01,null,null,null,null,null,null,null,null,null,null,null,6.142,0,null,null,null,null,null,null,null,null,0,null,null,6.866,0.724,9.205,null,null,null,null,null,null,null,null,null,null,MGSKVZWGBWPBTF,null,TRND,dhZShEAoKTUHaorYeC,null,null,null,null,CL,null,null,null,null,null,null,null,null,0,4,null,null,null,173031,null,1,1,2025-06-17 15:29:19,null,null,null,null,null,null,null,364788471,activity,null,HTS,null,1.245,6.866,0.817,0.724,null,null,null,null,null,null,null,null,null,null,null,null,null,null,null,null,null,null,null,null,null,278938828
TRND-Glioblastoma_LOPAC_H4-primary_screen2,NCGC00013724-24,activity,null,4,4.093,4,0,null,[H][C@](CO)(C(=O)OC1CC2C3OC3C(C1)[N+]2(C)C)C4=CC=CC=C4,S8502,(-)-Scopolamine methyl bromide,SIGMA,2021_LOPAC_01,null,null,null,null,null,null,null,null,null,null,null,7.726,0,null,null,null,null,null,null,null,null,0,null,null,8.792,1.065,28.704,null,null,null,null,null,null,null,null,null,null,LZCOQTDXKCNBEE,null,TRND,GaNnplnWSKdBTtaEIp,null,null,null,null,BR,null,null,null,null,[NO STEREO] 6106-46-3,null,null,null,0,4,null,null,null,173031,null,1,1,2025-06-17 15:29:19,null,null,null,null,null,null,null,364790043,activity,null,HTS,null,8.792,1.065,2.014,4.093,null,null,null,null,null,null,null,null,null,null,null,null,null,null,null,null,null,null,null,null,null,278938829
TRND-Glioblastoma_LOPAC_H4-primary_screen2,NCGC00015658-12,activity,null,4,8.628,4,0,null,COCC1=NC2=C(N1)N(CC(C)C)C(=O)N(C)C2=O,M2547,8-Methoxymethyl-3-isobutyl-1-methylxanthine,SIGMA,2021_LOPAC_01,null,null,null,null,null,null,null,null,null,null,null,8.086,0,null,null,null,null,null,null,null,null,0,null,null,8.628,0.542,17.693,null,null,null,null,null,null,null,null,null,null,NBLBCGUCPBXKOV,null,TRND,acaWrjJmnzsygxLozB,null,null,null,null,null,null,null,null,null,null,null,null,null,0,4,null,null,null,173031,null,1,1,2025-06-17 15:29:19,null,null,null,null,null,null,null,364788023,activity,null,HTS,null,3.604,3.975,0.542,8.628,null,null,null,null,null,null,null,null,null,null,null,null,null,null,null,null,null,null,null,null,null,278938830
TRND-Glioblastoma_LOPAC_H4-primary_screen2,NCGC00015603-20,activity,null,4,10.636,4,0,null,CCN1C=C(C(O)=O)C(=O)C2=C1C(F)=C(N3CCNC(C)C3)C(F)=C2,L2906,Lomefloxacin hydrochloride,SIGMA,2021_LOPAC_01,null,null,null,null,null,null,null,null,null,null,null,8.543,0,null,null,null,null,null,null,null,null,0,null,null,10.636,2.093,33.932,null,null,null,null,null,null,null,null,null,null,ZEKZLJVOYLTDKK,null,TRND,ZQshBMWyJibOAjDfXS,null,null,null,null,CL,null,null,null,null,98079-52-8,null,null,null,0,4,null,null,null,173031,null,1,1,2025-06-17 15:29:19,null,null,null,null,null,null,null,364787443,activity,null,HTS,null,7.985,2.093,6.745,10.636,null,null,null,null,null,null,null,null,null,null,null,null,null,null,null,null,null,null,null,null,null,278938831
TRND-Glioblastoma_LOPAC_H4-primary_screen2,NCGC00162079-05,activity,null,4,6.429,4,0,null,CN(C)CC\C=C1\C2=C(SC3=C1C=CC(Cl)=C3)C=CC=C2,C1671,Chlorprothixene hydrochloride,SIGMA,2021_LOPAC_01,null,null,null,null,null,null,null,null,null,null,null,8.575,0,null,null,null,null,null,null,null,null,0,null,null,8.23,-0.344,28.443,null,null,null,null,null,null,null,null,null,null,MDESCHUXWOWHQJ,null,TRND,MkvjfeTDAWqFpXlGOc,null,null,null,null,CL,null,null,null,null,null,null,null,null,0,4,null,null,null,173031,null,1,1,2025-06-17 15:29:19,null,null,null,null,null,null,null,364785715,activity,null,HTS,null,8.23,-0.344,3.522,6.429,null,null,null,null,null,null,null,null,null,null,null,null,null,null,null,null,null,null,null,null,null,278938833
TRND-Glioblastoma_LOPAC_H4-primary_screen2,NCGC00370733-08,activity,null,4,11.724,4,0,null,CC1=CC=C(S1)C2NC3=C(C=CC=C3)C(=O)N2C4=CC=CC=C4,SML1085,Retro-2,SIGMA,2021_LOPAC_01,null,null,null,null,null,null,null,null,null,null,null,7.903,0,null,null,null,null,null,null,null,null,0,null,null,11.724,3.821,24.567,null,null,null,null,null,null,null,null,null,null,BOAPXDSRULBILC,null,TRND,cZDfnlXFMreCHtSwoq,null,null,null,null,null,null,null,null,null,null,null,null,null,0,4,null,null,null,173031,null,1,1,2025-06-17 15:29:19,null,null,null,null,null,null,null,364786575,activity,null,HTS,null,3.821,5.756,5.4,11.724,null,null,null,null,null,null,null,null,null,null,null,null,null,null,null,null,null,null,null,null,null,278938834
TRND-Glioblastoma_LOPAC_H4-primary_screen2,NCGC00386134-23,activity,null,4,9.47,4,0,null,[H][C@@]12CC[C@H](O)[C@@]1(C)CC[C@]3([H])C4=C(C[C@@H](CCCCCCCCC[S+]([O-])CCCC(F)(F)C(F)(F)F)[C@@]23[H])C=C(O)C=C4,I4409,Fulvestrant,SIGMA,2021_LOPAC_01,null,null,null,null,null,null,null,null,null,null,null,8.49,0,null,null,null,null,null,null,null,null,0,null,null,9.47,0.979,13.2,null,null,null,null,null,null,null,null,null,null,VWUXBMIQPBEWFH,null,TRND,xHjvdEBhehLibMlNDA,null,Estrogen Receptor antagonist,null,null,null,null,null,null,null,129453-61-8,ESR1,null,null,0,4,null,null,null,173031,null,1,1,2025-06-17 15:29:19,null,null,null,null,null,null,null,364787227,activity,null,HTS,null,1.168,0.979,6.141,9.47,null,null,null,null,null,null,null,null,null,null,null,null,null,null,null,null,null,null,null,null,null,278938836
TRND-Glioblastoma_LOPAC_H4-primary_screen2,NCGC00021540-13,activity,null,4,-5.199,4,-12.739,4.955,NC1=NC(Cl)=NC2=C1N=CN2[C@@H]3O[C@H](CO)[C@@H](O)[C@H]3O,C5134,2-Chloroadenosine,SIGMA,2021_LOPAC_01,null,null,null,null,null,null,null,null,null,null,null,16.719,-6.239,0.613,0.662,null,null,null,null,null,null,6.5,null,null,11.52,-5.199,23.89,24.298,null,null,null,null,null,null,null,null,null,BIXYYZIIJIXVFW,null,TRND,wmVZrhpehtvPdtaYIt,null,null,null,null,null,null,null,null,null,146-77-0,null,null,null,0,4,0,null,null,173031,0 0 0 0,1,1,2025-06-17 15:29:19,null,null,null,null,null,null,null,364788823,activity,null,HTS,null,6.34,1.394,11.52,-5.199,null,null,null,null,null,null,null,null,null,null,null,null,null,null,null,null,null,null,null,null,null,278938837
TRND-Glioblastoma_LOPAC_H4-primary_screen2,NCGC00015085-06,activity,null,4,0.743,4,0,null,NCCCP(O)(O)=O,A7162,3-Aminopropylphosphonic acid,SIGMA,2021_LOPAC_01,null,null,null,null,null,null,null,null,null,null,null,7.006,0,null,null,null,null,null,null,null,null,0,null,null,7.749,0.743,19,null,null,null,null,null,null,null,null,null,null,GSZQTIFGANBTNF,null,TRND,cYjHWqDTAhIMKIHkDx,null,null,null,null,null,null,null,null,null,13138-33-5,null,null,null,0,4,null,null,null,173031,null,1,1,2025-06-17 15:29:19,null,null,null,null,null,null,null,364789871,activity,null,HTS,null,3.492,5.01,7.749,0.743,null,null,null,null,null,null,null,null,null,null,null,null,null,null,null,null,null,null,null,null,null,278938838
TRND-Glioblastoma_LOPAC_H4-primary_screen2,NCGC00015712-10,activity,null,4,2.61,4,0,null,OC(=O)C1=CCCN(CCON=C(C2=CC=CC=C2)C3=CC=CC=C3)C1,N142,NO-711 hydrochloride,SIGMA,2021_LOPAC_01,null,null,null,null,null,null,null,null,null,null,null,9.778,0,null,null,null,null,null,null,null,null,0,null,null,10.094,0.316,35.022,null,null,null,null,null,null,null,null,null,null,NGNALWDRPKNJGR,null,TRND,PDCvQErOFklqtZVzZV,null,null,null,null,CL,null,null,null,null,145645-62-1,null,null,null,0,4,null,null,null,173031,null,1,1,2025-06-17 15:29:19,null,null,null,null,null,null,null,364790351,activity,null,HTS,null,10.094,0.316,7.747,2.61,null,null,null,null,null,null,null,null,null,null,null,null,null,null,null,null,null,null,null,null,null,278938839
TRND-Glioblastoma_LOPAC_H4-primary_screen2,NCGC00271490-08,activity,null,4,-14.626,4,-28.052,0.81,O=C1N(C[C@H]2CCCC3=CC=CC1=C23)[C@@H]4CN5CCC4CC5,SML1195,Palonosetron hydrochloride,SIGMA,2021_LOPAC_01,null,null,null,null,null,null,null,null,null,null,null,20.092,-21.552,0.069,0.997,null,null,null,null,null,null,6.5,null,null,5.466,-14.626,4.41,3.158,null,null,null,null,null,null,null,null,null,CPZBLNMUGSZIPR,null,TRND,VQYIoGVNRHEeSWuyzi,null,null,null,null,CL,null,null,null,null,135729-62-3,null,null,null,0,4,0,null,null,173031,0 0 0 0,1,1,2025-06-17 15:29:19,null,null,null,null,null,null,null,364787855,activity,null,HTS,null,5.466,1.105,-5.496,-14.626,null,null,null,null,null,null,null,null,null,null,null,null,null,null,null,null,null,null,null,null,null,278938840
TRND-Glioblastoma_LOPAC_H4-primary_screen2,NCGC00095118-21,activity,null,4,-2.931,4,0,null,C[S+]([O-])(=O)C1=CC=C(C=C1)C2=C(C(=O)OC2)C3=CC=CC=C3,SML0613,Rofecoxib,SIGMA,2021_LOPAC_01,null,null,null,null,null,null,null,null,null,null,null,4.527,0,null,null,null,null,null,null,null,null,0,null,null,-1.538,-6.065,-12.329,null,null,null,null,null,null,null,null,null,null,RZJQGNCSTQAWON,null,TRND,FfgqpHwgKigeSRsJrN,null,null,null,null,null,null,null,null,null,162011-90-7,null,null,null,0,4,null,null,null,173031,null,1,1,2025-06-17 15:29:19,null,null,null,null,null,null,null,364785591,activity,null,HTS,null,-1.538,-3.262,-6.065,-2.931,null,null,null,null,null,null,null,null,null,null,null,null,null,null,null,null,null,null,null,null,null,278938842
TRND-Glioblastoma_LOPAC_H4-primary_screen2,NCGC00162132-08,activity,null,4,11.396,4,0,null,COC(=O)[C@@H](N)CC1=CC(O)=C(O)C=C1,D1507,"L-3,4-Dihydroxyphenylalanine methyl ester hydrochloride",SIGMA,2021_LOPAC_01,null,null,null,null,null,null,null,null,null,null,null,5.647,0,null,null,null,null,null,null,null,null,0,null,null,11.396,5.748,32.404,null,null,null,null,null,null,null,null,null,null,XBBDACCLCFWBSI,null,TRND,eNBApxjVFnzlogoApi,null,null,null,null,CL,null,null,null,null,1421-65-4,null,null,null,0,4,null,null,null,173031,null,1,1,2025-06-17 15:29:19,null,null,null,null,null,null,null,364787255,activity,null,HTS,null,6.358,5.748,6.796,11.396,null,null,null,null,null,null,null,null,null,null,null,null,null,null,null,null,null,null,null,null,null,278938845
TRND-Glioblastoma_LOPAC_H4-primary_screen2,NCGC00179384-11,activity,null,4,-4.024,4,-13.328,4.504,CN1CCN(CC1)C(c2ccccc2)c3ccc(Cl)cc3,SML1473,Chlorcyclizine,SIGMA,2021_LOPAC_01,null,null,null,null,null,null,null,null,null,null,null,14.479,-4.328,0.221,0.969,null,null,null,null,null,null,9,null,null,10.456,-4.024,37.303,34.019,null,null,null,null,null,null,null,null,null,WFNAKBGANONZEQ,null,TRND,BGogujDWXzklbVhuqV,null,null,null,null,null,null,null,null,null,14362-31-3,null,null,null,0,4,0,null,null,173031,0 0 0 0,1,1,2025-06-17 15:29:19,null,null,null,null,null,null,null,364787927,activity,null,HTS,null,10.456,7.707,7.174,-4.024,null,null,null,null,null,null,null,null,null,null,null,null,null,null,null,null,null,null,null,null,null,278938846
TRND-Glioblastoma_LOPAC_H4-primary_screen2,NCGC00186047-15,activity,null,4,7.915,4,0,null,OC1=CC=C2C=CC=CC2=C1SSC3=C4C=CC=CC4=CC=C3O,I2285,IPA-3,SIGMA,2021_LOPAC_01,null,null,null,null,null,null,null,null,null,null,null,8.518,0,null,null,null,null,null,null,null,null,0,null,null,7.915,-0.602,8.984,null,null,null,null,null,null,null,null,null,null,RFAXLXKIAKIUDT,null,TRND,ONheldpsYMNxUEUjMh,null,Serine/threonine-protein kinase PAK 1 inhibitor,null,null,null,null,null,null,null,42521-82-4,PAK1,null,null,0,4,null,null,null,173031,null,1,1,2025-06-17 15:29:19,null,null,null,null,null,null,null,364790235,activity,null,HTS,null,-0.602,7.064,2.23,7.915,null,null,null,null,null,null,null,null,null,null,null,null,null,null,null,null,null,null,null,null,null,278938847
TRND-Glioblastoma_LOPAC_H4-primary_screen2,NCGC00015580-29,activity,null,4,-4.351,4,-12.222,4.955,CN1CCC(CC1)=C2C3=C(SC=C3)C(=O)CC4=C2C=CC=C4,K2628,Ketotifen fumarate,SIGMA,2021_LOPAC_01,null,null,null,null,null,null,null,null,null,null,null,14.917,-5.722,0.608,0.671,null,null,null,null,null,null,6.5,null,null,10.566,-4.351,33.157,24.886,null,null,null,null,null,null,null,null,null,ZCVMWBYGMWKGHF,null,TRND,bJdCTxXxctgGjAWAdy,null,Histamine H1 Receptor antagonist,null,null,FUMARIC_ACID,null,null,null,null,[NO STEREO] 34580-14-8,HRH1,null,null,0,4,0,null,null,173031,0 0 0 0,1,1,2025-06-17 15:29:19,null,null,null,null,null,null,null,364789327,activity,null,HTS,null,10.566,1.398,7.357,-4.351,null,null,null,null,null,null,null,null,null,null,null,null,null,null,null,null,null,null,null,null,null,278938848
TRND-Glioblastoma_LOPAC_H4-primary_screen2,NCGC00015801-23,activity,null,4,6.484,4,0,null,CN1C=NC2=C1C(=O)N(CCCCC(C)=O)C(=O)N2C,P1784,Pentoxifylline,SIGMA,2021_LOPAC_01,null,null,null,null,null,null,null,null,null,null,null,7.593,0,null,null,null,null,null,null,null,null,0,null,null,10.643,3.051,38.882,null,null,null,null,null,null,null,null,null,null,BYPFEZZEUUWMEJ,null,TRND,MdCrXLmUMofNiJSjkE,null,null,null,null,null,null,null,null,null,1677687,null,null,null,0,4,null,null,null,173031,null,1,1,2025-06-17 15:29:19,null,null,null,null,null,null,null,364789015,activity,null,HTS,null,10.643,5.442,3.051,6.484,null,null,null,null,null,null,null,null,null,null,null,null,null,null,null,null,null,null,null,null,null,278938849
TRND-Glioblastoma_LOPAC_H4-primary_screen2,NCGC00162110-23,activity,null,4,9.167,4,14.911,2.902,[H][C@](CCN(C)C)(C1=CC=C(Cl)C=C1)C2=NC=CC=C2,C4915,(+)-Chlorpheniramine maleate,SIGMA,2021_LOPAC_01,null,null,null,null,null,null,null,null,null,null,null,14.927,9,0.071,0.997,null,null,null,null,null,null,-5.911,null,null,9.167,-5.759,-2.133,-1.425,null,null,null,null,null,null,null,null,null,SOYKEARSMXGVTM,null,TRND,kvoTOjUenGPSuOtCBX,null,null,null,null,MALEATE,null,null,null,null,2438-32-6,null,null,null,0,4,0,null,null,173031,0 0 0 0,1,1,2025-06-17 15:29:19,null,null,null,null,null,null,null,364786907,activity,null,HTS,null,-5.759,4.589,8.328,9.167,null,null,null,null,null,null,null,null,null,null,null,null,null,null,null,null,null,null,null,null,null,278938850
TRND-Glioblastoma_LOPAC_H4-primary_screen2,NCGC00015758-10,activity,null,4,11.839,4,8,4.955,C[N+](C)(C)CC#CCN1CCCC1=O,O100,Oxotremorine methiodide,SIGMA,2021_LOPAC_01,null,null,null,null,null,null,null,null,null,null,null,10.292,13,0.394,0.892,null,null,null,null,null,null,5,null,null,14.206,3.914,37.261,33.35,null,null,null,null,null,null,null,null,null,CANZROMYQDHYHR,null,TRND,SUkMZthQYOHvAXKZMv,null,null,null,null,CL,null,null,null,null,null,null,null,null,0,4,0,null,null,173031,0 0 0 0,1,1,2025-06-17 15:29:19,null,null,null,null,null,null,null,364790263,activity,null,HTS,null,6.619,3.914,14.206,11.839,null,null,null,null,null,null,null,null,null,null,null,null,null,null,null,null,null,null,null,null,null,278938851
TRND-Glioblastoma_LOPAC_H4-primary_screen2,NCGC00015819-30,activity,null,4,-3.156,4,12.5,4.955,CCCNCC(O)COC1=C(C=CC=C1)C(=O)CCC2=CC=CC=C2,P4670,Propafenone hydrochloride,SIGMA,2021_LOPAC_01,null,null,null,null,null,null,null,null,null,null,null,14.91,14,1,0.942,null,null,null,null,null,null,1.5,null,null,11.755,-3.156,22.778,20.666,null,null,null,null,null,null,null,null,null,JWHAUXFOSRPERK,null,TRND,nXaeyBmuPuGggzIcIx,null,Potassium Channel Subfamily K Member 3 Blocker,null,null,CL,null,null,null,null,34183-22-7,KCNK3,null,null,0,4,1,null,null,173031,0 0 0 1,1,1,2025-06-17 15:29:19,null,null,null,null,null,null,null,364787787,activity,null,HTS,null,2.999,0.081,11.755,-3.156,null,null,null,null,null,null,null,null,null,null,null,null,null,null,null,null,null,null,null,null,null,278938852
TRND-Glioblastoma_LOPAC_H4-primary_screen2,NCGC00015231-08,activity,null,4,6.958,4,0,null,COC(=O)C(N)CC1=CC=C(Cl)C=C1,C3635,DL-p-Chlorophenylalanine methyl ester hydrochloride,SIGMA,2021_LOPAC_01,null,null,null,null,null,null,null,null,null,null,null,8.726,0,null,null,null,null,null,null,null,null,0,null,null,14.592,5.866,52.654,null,null,null,null,null,null,null,null,null,null,FBHPVOLRIXZZMD,null,TRND,SlQTcAKcLChvEhGxtE,null,null,null,null,CL,null,null,null,null,14173-40-1,null,null,null,0,4,null,null,null,173031,null,1,1,2025-06-17 15:29:19,null,null,null,null,null,null,null,364790215,activity,null,HTS,null,14.592,6.292,5.866,6.958,null,null,null,null,null,null,null,null,null,null,null,null,null,null,null,null,null,null,null,null,null,278938853
TRND-Glioblastoma_LOPAC_H4-primary_screen2,NCGC00162383-13,activity,null,4,8.614,4,8.737,1.885,[H][C@@]1(C[C@](C)(N)[C@H](O)[C@H](C)O1)O[C@@H]2[C@@H](O)[C@H](O)[C@@H](CO)O[C@H]2OC3=C4OC5=C(Cl)C=C(C=C5)[C@@H](O)[C@]6([H])NC(=O)[C@]([H])(NC(=O)[C@]7([H])NC(=O)[C@H](CC(N)=O)NC(=O)[C@H](NC(=O)[C@@H](CC(C)C)NC)[C@H](O)C8=CC=C(OC3=CC7=C4)C(Cl)=C8)C9=CC=C(O)C(=C9)C%10=C(C=C(O)C=C%10O)[C@]([H])(NC6=O)C(O)=O,V8138,Vancomycin hydrochloride from Streptomyces orientalis,SIGMA,2021_LOPAC_01,null,null,null,null,null,null,null,null,null,null,null,10.895,9.5,0.613,0.665,null,null,null,null,null,null,0.763,null,null,8.614,-2.281,16.753,10.261,null,null,null,null,null,null,null,null,null,MYPYJXKWCTUITO,null,TRND,vnIpMbbVNbfZbIfRut,null,Anti-bacterial,null,null,CL,null,null,null,null,1404-93-9,mtgA,null,null,0,4,0,null,null,173031,0 0 0 0,1,1,2025-06-17 15:29:19,null,null,null,null,null,null,null,364789675,activity,null,HTS,null,3.871,-2.281,4.399,8.614,null,null,null,null,null,null,null,null,null,null,null,null,null,null,null,null,null,null,null,null,null,278938854
TRND-Glioblastoma_LOPAC_H4-primary_screen2,NCGC00162324-08,activity,null,4,8.437,4,21.803,0.6,C[C@@H](NCCC1=CC=C(O)C=C1)[C@@H](O)C2=CC=C(O)C=C2,R0758,Ritodrine hydrochloride,SIGMA,2021_LOPAC_01,null,null,null,null,null,null,null,null,null,null,null,15.773,11,0.434,0.864,null,null,null,null,null,null,-10.803,null,null,8.437,-7.335,-14.984,-12.822,null,null,null,null,null,null,null,null,null,IOVGROKTTNBUGK,null,TRND,NlRZJlNpWdbWVDoWCy,null,null,null,null,CL,null,null,null,null,23239-51-2,null,null,null,0,4,0,null,null,173031,0 0 0 0,1,1,2025-06-17 15:29:19,null,null,null,null,null,null,null,364785583,activity,null,HTS,null,-7.335,0.78,0.562,8.437,null,null,null,null,null,null,null,null,null,null,null,null,null,null,null,null,null,null,null,null,null,278938855
TRND-Glioblastoma_LOPAC_H4-primary_screen2,NCGC00015045-19,activity,null,4,7.898,4,-21.025,1.928,CC(C[N+](C)(C)C)OC(C)=O,A2251,Acetyl-beta-methylcholine chloride,SIGMA,2021_LOPAC_01,null,null,null,null,null,null,null,null,null,null,null,18.9,-10.025,1,1,null,null,null,null,null,null,11,null,null,9.713,-9.187,14.973,14.421,null,null,null,null,null,null,null,null,null,NZWOPGCLSHLLPA,null,TRND,WdyLxAvxJSgqbmcNzF,null,null,null,null,CL,null,null,null,null,62-51-1,null,null,null,0,4,1,null,null,173031,0 0 0 1,1,1,2025-06-17 15:29:19,null,null,null,null,null,null,null,364786595,activity,null,HTS,null,9.713,-1.041,-9.187,7.898,null,null,null,null,null,null,null,null,null,null,null,null,null,null,null,null,null,null,null,null,null,278938856
TRND-Glioblastoma_LOPAC_H4-primary_screen2,NCGC00186014-13,activity,null,4,0.731,4,0,null,CC1=C(CCN2CCC(CC2)C3=NOC4=C3C=CC(F)=C4)/C(=O)N5CCCC(O)\C5=N\1,P0099,Paliperidone,SIGMA,2021_LOPAC_01,null,null,null,null,null,null,null,null,null,null,null,8.011,0,null,null,null,null,null,null,null,null,0,null,null,0.731,-7.28,-15.566,null,null,null,null,null,null,null,null,null,null,PMXMIIMHBWHSKN,null,TRND,MzbitIDvURfHqjOBmQ,null,null,null,null,null,null,null,null,null,144598-75-4,null,null,null,0,4,null,null,null,173031,null,1,1,2025-06-17 15:29:19,null,null,null,null,null,null,null,364785599,activity,null,HTS,null,-3.608,-7.28,-1.214,0.731,null,null,null,null,null,null,null,null,null,null,null,null,null,null,null,null,null,null,null,null,null,278938857
TRND-Glioblastoma_LOPAC_H4-primary_screen2,NCGC00013459-13,activity,null,4,10.84,4,0,null,NCCSSCCN,C7255,Cystamine dihydrochloride,SIGMA,2021_LOPAC_01,null,null,null,null,null,null,null,null,null,null,null,9.142,0,null,null,null,null,null,null,null,null,0,null,null,11.352,2.21,23.286,null,null,null,null,null,null,null,null,null,null,APQPRKLAWCIJEK,null,TRND,fKkkmWlwWbeOunuUNj,null,null,null,null,CL,null,null,null,null,51-85-4,null,null,null,0,4,null,null,null,173031,null,1,1,2025-06-17 15:29:19,null,null,null,null,null,null,null,364788871,activity,null,HTS,null,2.21,5.033,11.352,10.84,null,null,null,null,null,null,null,null,null,null,null,null,null,null,null,null,null,null,null,null,null,278938858
TRND-Glioblastoma_LOPAC_H4-primary_screen2,NCGC00162252-06,activity,null,4,-6.222,4,-11.466,4.095,CC1=C(O)C(C=O)=C(COP([O-])([O-])=O)C(=N1)\N=N\C2=CC=C(C=C2)C([O-])=O,M7684,MRS 2159,SIGMA,2021_LOPAC_01,null,null,null,null,null,null,null,null,null,null,null,11.046,-7.466,0.199,0.975,null,null,null,null,null,null,4,null,null,4.824,-6.222,14.821,13.338,null,null,null,null,null,null,null,null,null,NPBWMMRUXMTIRC,null,TRND,jMKaLNWpfyxsHesTVY,null,null,null,null,SODIUM,null,null,null,null,null,null,null,null,0,4,0,null,null,173031,0 0 0 0,1,1,2025-06-17 15:29:19,null,null,null,null,null,null,null,364788759,activity,null,HTS,null,4.824,2.865,3.863,-6.222,null,null,null,null,null,null,null,null,null,null,null,null,null,null,null,null,null,null,null,null,null,278938859
TRND-Glioblastoma_LOPAC_H4-primary_screen2,NCGC00015726-17,activity,null,4,2.823,4,0,null,O=C(CCNNC(=O)C1=CC=NC=C1)NCC2=CC=CC=C2,N1392,Nialamide,SIGMA,2021_LOPAC_01,null,null,null,null,null,null,null,null,null,null,null,2.269,0,null,null,null,null,null,null,null,null,0,null,null,4.349,2.08,11.773,null,null,null,null,null,null,null,null,null,null,NOIIUHRQUVNIDD,null,TRND,WAxitmPLOXnBgRvOWL,null,null,null,null,null,null,null,null,null,51-12-7,null,null,null,0,4,null,null,null,173031,null,1,1,2025-06-17 15:29:19,null,null,null,null,null,null,null,364789631,activity,null,HTS,null,2.08,2.111,4.349,2.823,null,null,null,null,null,null,null,null,null,null,null,null,null,null,null,null,null,null,null,null,null,278938860
TRND-Glioblastoma_LOPAC_H4-primary_screen2,NCGC00163153-05,activity,null,4,6.309,4,0,null,COCCNC(=O)COC1=CC=C(OCCNC[C@H](O)COC2=CC=CC=C2)C=C1,Z4902,ZD 7114 hydrochloride,SIGMA,2021_LOPAC_01,null,null,null,null,null,null,null,null,null,null,null,3.259,0,null,null,null,null,null,null,null,null,0,null,null,8.378,5.119,32.598,null,null,null,null,null,null,null,null,null,null,RVMBDLSFFNKKLG,null,TRND,yqLbpSrldzongeAiDZ,null,null,null,null,CL,null,null,null,null,null,null,null,null,0,4,null,null,null,173031,null,1,1,2025-06-17 15:29:19,null,null,null,null,null,null,null,364786927,activity,null,HTS,null,7.152,8.378,5.119,6.309,null,null,null,null,null,null,null,null,null,null,null,null,null,null,null,null,null,null,null,null,null,278939371
TRND-Glioblastoma_LOPAC_H4-primary_screen2,NCGC00023939-17,activity,null,4,14.601,4,16.5,0.5,C[C@]12CC(=O)[C@H]3[C@@H](CCC4=CC(=O)CC[C@]34C)[C@@H]1CC[C@]2(O)C(=O)CO,C2755,Cortisone,SIGMA,2021_LOPAC_01,null,null,null,null,null,null,null,null,null,null,null,10.62,19,0.569,0.73,null,null,null,null,null,null,2.5,null,null,14.601,3.981,30.808,32.785,null,null,null,null,null,null,null,null,null,MFYSYFVPBJMHGN,null,TRND,zxQNaHFPIjqWxUqBeQ,null,null,null,null,null,null,null,null,null,53-06-5,null,null,null,0,4,0,null,null,173031,0 0 0 0,1,1,2025-06-17 15:29:19,null,null,null,null,null,null,null,364790191,activity,null,HTS,null,3.981,9.75,7.54,14.601,null,null,null,null,null,null,null,null,null,null,null,null,null,null,null,null,null,null,null,null,null,278939374
TRND-Glioblastoma_LOPAC_H4-primary_screen2,NCGC00015007-28,activity,null,4,2.527,4,0,null,CC(C)NCC(O)COC1=CC=C(CC(N)=O)C=C1,A7655,(±)-Atenolol,SIGMA,2021_LOPAC_01,null,null,null,null,null,null,null,null,null,null,null,7.831,0,null,null,null,null,null,null,null,null,0,null,null,7.004,-0.828,24.721,null,null,null,null,null,null,null,null,null,null,METKIMKYRPQLGS,null,TRND,cRBYOjgucPRNBWNiLD,null,null,null,null,null,null,null,null,null,29122-68-7,null,null,null,0,4,null,null,null,173031,null,1,1,2025-06-17 15:29:19,null,null,null,null,null,null,null,364787979,activity,null,HTS,null,7.004,-0.828,6.484,2.527,null,null,null,null,null,null,null,null,null,null,null,null,null,null,null,null,null,null,null,null,null,278939375
TRND-Glioblastoma_LOPAC_H4-primary_screen2,NCGC00024961-18,activity,null,4,10.578,4,0,null,N[S+]([O-])(=O)C1=CC=CC2=C1C(=CC3=C2N=C([O-])C([O-])=N3)[N+]([O-])=O,N183,NBQx disodium,SIGMA,2021_LOPAC_01,null,null,null,null,null,null,null,null,null,null,null,9.687,0,null,null,null,null,null,null,null,null,0,null,null,11.706,2.02,24.317,null,null,null,null,null,null,null,null,null,null,JZOPETSAENPCAE,null,TRND,taSeyETnObqIjesKrS,null,null,null,null,SODIUM,null,null,null,null,null,null,null,null,0,4,null,null,null,173031,null,1,1,2025-06-17 15:29:19,null,null,null,null,null,null,null,364787675,activity,null,HTS,null,3.3,2.02,11.706,10.578,null,null,null,null,null,null,null,null,null,null,null,null,null,null,null,null,null,null,null,null,null,278939377
TRND-Glioblastoma_LOPAC_H4-primary_screen2,NCGC00021139-40,activity,null,4,0.858,4,0,null,O=C1NC(=O)C(N1)(C2=CC=CC=C2)C3=CC=CC=C3,D4505,Phenytoin sodium,SIGMA,2021_LOPAC_01,null,null,null,null,null,null,null,null,null,null,null,9.683,0,null,null,null,null,null,null,null,null,0,null,null,10.541,0.858,36.971,null,null,null,null,null,null,null,null,null,null,CXOFVDLJLONNDW,null,TRND,sbTkdISRnDQgnYnuCm,null,null,null,null,null,null,null,null,null,57-41-0,null,null,null,0,4,null,null,null,173031,null,1,1,2025-06-17 15:29:19,null,null,null,null,null,null,null,364785383,activity,null,HTS,null,10.541,1.939,8.453,0.858,null,null,null,null,null,null,null,null,null,null,null,null,null,null,null,null,null,null,null,null,null,278939378
TRND-Glioblastoma_LOPAC_H4-primary_screen2,NCGC00015808-11,activity,null,4,-0.818,4,0,null,O=C(OCCN1CCOCC1)C2(CCCCC2)C3=CC=CC=C3,P2607,PRE-084,SIGMA,2021_LOPAC_01,null,null,null,null,null,null,null,null,null,null,null,5.747,0,null,null,null,null,null,null,null,null,0,null,null,4.929,-0.818,15.572,null,null,null,null,null,null,null,null,null,null,RQHKZUBCUZVZEF,null,TRND,ljBMEkOMiFbBUeLAnS,null,null,null,null,CL,null,null,null,null,null,null,null,null,0,4,null,null,null,173031,null,1,1,2025-06-17 15:29:19,null,null,null,null,null,null,null,364788391,activity,null,HTS,null,4.929,0.341,2.983,-0.818,null,null,null,null,null,null,null,null,null,null,null,null,null,null,null,null,null,null,null,null,null,278939379
TRND-Glioblastoma_LOPAC_H4-primary_screen2,NCGC00094363-12,activity,null,4,6.23,4,0,null,[H][C@@](N)(CO)C(O)=O,S4250,D-Serine,SIGMA,2021_LOPAC_01,null,null,null,null,null,null,null,null,null,null,null,4.817,0,null,null,null,null,null,null,null,null,0,null,null,8.047,3.229,23.118,null,null,null,null,null,null,null,null,null,null,MTCFGRXMJLQNBG,null,TRND,gznPBdpyfGKFWqEZCk,null,null,null,null,null,null,null,null,null,312-84-5,null,null,null,0,4,null,null,null,173031,null,1,1,2025-06-17 15:29:19,null,null,null,null,null,null,null,364788091,activity,null,HTS,null,4.309,3.229,8.047,6.23,null,null,null,null,null,null,null,null,null,null,null,null,null,null,null,null,null,null,null,null,null,278939380
TRND-Glioblastoma_LOPAC_H4-primary_screen2,NCGC00162225-24,activity,null,4,7.377,4,0,null,[H][C@@]1(CN2CCSC2=N1)C3=CC=CC=C3,L9756,(-)-Tetramisole hydrochloride,SIGMA,2021_LOPAC_01,null,null,null,null,null,null,null,null,null,null,null,4.637,0,null,null,null,null,null,null,null,null,0,null,null,8.613,3.977,25.246,null,null,null,null,null,null,null,null,null,null,HLFSDGLLUJUHTE,null,TRND,UsIcwHdnKVkKmjhfcS,null,null,null,null,CL,null,null,null,null,16595-80-5,null,null,null,0,4,null,null,null,173031,null,1,1,2025-06-17 15:29:19,null,null,null,null,null,null,null,364788111,activity,null,HTS,null,3.977,8.613,6.167,7.377,null,null,null,null,null,null,null,null,null,null,null,null,null,null,null,null,null,null,null,null,null,278939382
TRND-Glioblastoma_LOPAC_H4-primary_screen2,NCGC00024996-37,activity,null,4,5.018,4,10.279,4.955,[H][C@@]12[C@H](O)[C@H](OC(C)=O)[C@@]3(C)O[C@](C)(CC(=O)[C@]3(O)[C@@]1(C)[C@@H](O)CCC2(C)C)C=C,F6886,Forskolin,SIGMA,2021_LOPAC_01,null,null,null,null,null,null,null,null,null,null,null,12.012,12,1,0.616,null,null,null,null,null,null,1.721,null,null,10.112,-1.9,26.767,19.283,null,null,null,null,null,null,null,null,null,OHCQJHSOBUTRHG,null,TRND,VGABVEGWSTGOPHiZlY,null,null,null,null,null,null,null,null,null,66575-29-9,null,null,null,0,4,1,null,null,173031,0 0 0 1,1,1,2025-06-17 15:29:19,null,null,null,null,null,null,null,364785671,activity,null,HTS,null,5.66,-1.9,10.112,5.018,null,null,null,null,null,null,null,null,null,null,null,null,null,null,null,null,null,null,null,null,null,278939385
TRND-Glioblastoma_LOPAC_H4-primary_screen2,NCGC00016033-12,activity,null,4,6.063,4,0,null,OC(=O)CNC(=O)C(CS)CC1=CC=CC=C1,T6031,DL-Thiorphan,SIGMA,2021_LOPAC_01,null,null,null,null,null,null,null,null,null,null,null,7.982,0,null,null,null,null,null,null,null,null,0,null,null,8.655,0.672,21.26,null,null,null,null,null,null,null,null,null,null,LJJKNPQAGWVLDQ,null,TRND,cRVByBGLqANIGcTztE,null,null,null,null,null,null,null,null,null,76721-89-6,null,null,null,0,4,null,null,null,173031,null,1,1,2025-06-17 15:29:19,null,null,null,null,null,null,null,364786503,activity,null,HTS,null,4.164,8.655,0.672,6.063,null,null,null,null,null,null,null,null,null,null,null,null,null,null,null,null,null,null,null,null,null,278939386
TRND-Glioblastoma_LOPAC_H4-primary_screen2,NCGC00015697-26,activity,null,4,3.234,4,0,null,OC1=CC2=C(C(O)=C1)C(=O)C(O)=C(O2)C3=CC(O)=C(O)C(O)=C3,M6760,Myricetin,SIGMA,2021_LOPAC_01,null,null,null,null,null,null,null,null,null,null,null,7.296,0,null,null,null,null,null,null,null,null,0,null,null,10.53,3.234,35.92,null,null,null,null,null,null,null,null,null,null,IKMDFBPHZNJCSN,null,TRND,hzDImwapkaZRXqUKzM,null,Androgen Receptor antagonist,null,null,null,null,null,null,null,529-44-2,AR,null,null,0,4,null,null,null,173031,null,1,1,2025-06-17 15:29:19,null,null,null,null,null,null,null,364786203,activity,null,HTS,null,10.53,3.856,3.295,3.234,null,null,null,null,null,null,null,null,null,null,null,null,null,null,null,null,null,null,null,null,null,278939387
TRND-Glioblastoma_LOPAC_H4-primary_screen2,NCGC00166210-14,activity,null,4,4.785,4,0,null,[H][C@]1(CO)O[C@@]([H])(O[C@]2([H])[C@@]([H])(O)[C@]([H])(N)C[C@]([H])(N)[C@@]2([H])O[C@@]3([H])O[C@]([H])(CO)[C@@]([H])(O)[C@]([H])(O)[C@@]3([H])N)[C@]([H])(O)[C@]1([H])O[C@@]4([H])O[C@@]([H])(CN)[C@@]([H])(O)[C@]([H])(O)[C@@]4([H])N,P9297,Paromomycin sulfate,SIGMA,2021_LOPAC_01,null,null,null,null,null,null,null,null,null,null,null,9.408,0,null,null,null,null,null,null,null,null,0,null,null,4.785,-4.623,-5.029,null,null,null,null,null,null,null,null,null,null,UOZODPSAJZTQNH,null,TRND,ZnWqeyMrxVGOZycGxR,null,null,null,null,SULFURIC_ACID,null,null,null,null,null,null,null,null,0,4,null,null,null,173031,null,1,1,2025-06-17 15:29:19,null,null,null,null,null,null,null,364786119,activity,null,HTS,null,-1.589,0.138,-4.623,4.785,null,null,null,null,null,null,null,null,null,null,null,null,null,null,null,null,null,null,null,null,null,278939388
TRND-Glioblastoma_LOPAC_H4-primary_screen2,NCGC00015380-27,activity,null,4,-2.51,4,0,null,CC1=NC2=C(C=C(Cl)C=C2)[S+]([O-])(=O)N1,D9035,Diazoxide,SIGMA,2021_LOPAC_01,null,null,null,null,null,null,null,null,null,null,null,7.152,0,null,null,null,null,null,null,null,null,0,null,null,4.643,-2.51,2.307,null,null,null,null,null,null,null,null,null,null,NAIUXJBXAKAEAX,null,TRND,CHdtmugxAPCFJnIeyT,null,null,null,null,null,null,null,null,null,364-98-7,null,null,null,0,4,null,null,null,173031,null,1,1,2025-06-17 15:29:19,null,null,null,null,null,null,null,364785311,activity,null,HTS,null,-0.376,2.037,4.643,-2.51,null,null,null,null,null,null,null,null,null,null,null,null,null,null,null,null,null,null,null,null,null,278939389
TRND-Glioblastoma_LOPAC_H4-primary_screen2,NCGC00162368-10,activity,null,4,12.51,4,15.273,4.955,[H][C@@]12CC[C@H](C(=O)CN3CCN(CC3)C4=NC(=NC(=C4)N5CCCC5)N6CCCC6)[C@@]1(C)CC=C7[C@@]2([H])CCC8=CC(=O)C=C[C@]78C,U5882,U-74389G maleate,SIGMA,2021_LOPAC_01,null,null,null,null,null,null,null,null,null,null,null,16.904,13.5,0.415,0.876,null,null,null,null,null,null,-1.773,null,null,12.51,-4.394,7.091,-0.843,null,null,null,null,null,null,null,null,null,LBGLGTAQLROFTM,null,TRND,fnagSjThsJbmAFkoXM,null,null,null,null,MALEATE,null,null,null,null,null,null,null,null,0,4,0,null,null,173031,0 0 0 0,1,1,2025-06-17 15:29:19,null,null,null,null,null,null,null,364786447,activity,null,HTS,null,1.912,-2.459,-4.394,12.51,null,null,null,null,null,null,null,null,null,null,null,null,null,null,null,null,null,null,null,null,null,278939390
TRND-Glioblastoma_LOPAC_H4-primary_screen2,NCGC00167472-17,activity,null,4,-8.847,4,-14.116,2.333,CC(C)C1=CC=C2OC3=NC(N)=C(C=C3C(=O)C2=C1)C(O)=O,SML0517,Amlexanox,SIGMA,2021_LOPAC_01,null,null,null,null,null,null,null,null,null,null,null,18.069,-9.616,0.587,0.702,null,null,null,null,null,null,4.5,null,null,9.222,-8.847,-0.797,9.87,null,null,null,null,null,null,null,null,null,SGRYPYWGNKJSDL,null,TRND,SuovxuPedOzVLadanc,null,Mediator Release inhibitor,null,null,null,null,null,null,null,68302-57-8,IL4,null,null,0,4,0,null,null,173031,0 0 0 0,1,1,2025-06-17 15:29:19,null,null,null,null,null,null,null,364789127,activity,null,HTS,null,-0.497,9.222,-1.734,-8.847,null,null,null,null,null,null,null,null,null,null,null,null,null,null,null,null,null,null,null,null,null,278939391
TRND-Glioblastoma_LOPAC_H4-primary_screen2,NCGC00649368-02,activity,null,4,6.976,4,12.274,4.955,CCC(=O)[N-]S(=O)(=O)C1=CC=C(C=C1)C2=C(C)ON=C2C3=CC=CC=C3,SML2217,Parecoxib sodium,SIGMA,2021_LOPAC_01,null,null,null,null,null,null,null,null,null,null,null,13.821,8.5,0.244,0.962,null,null,null,null,null,null,-3.774,null,null,10.26,-3.561,-1.458,-2.412,null,null,null,null,null,null,null,null,null,TZRHLKRLEZJVIJ,null,TRND,YqdSzYoGqNPQhcritR,null,null,null,null,SODIUM,null,null,null,null,[NO STEREO] 198470-84-7,null,null,null,0,4,0,null,null,173031,0 0 0 0,1,1,2025-06-17 15:29:19,null,null,null,null,null,null,null,364785407,activity,null,HTS,null,-3.535,-3.561,10.26,6.976,null,null,null,null,null,null,null,null,null,null,null,null,null,null,null,null,null,null,null,null,null,278939392
TRND-Glioblastoma_LOPAC_H4-primary_screen2,NCGC00017030-22,activity,null,4,3.832,4,0,null,[H][C@@]12C[C@@H](O)[C@@]3([H])[C@@]4(C)CC[C@@H](O)[C@@H](C)[C@]4([H])CC[C@]3(C)C1(C)C[C@H](OC(C)=O)\C2=C(/CCC=C(C)C)C([O-])=O,F0881,Fusidic acid sodium,SIGMA,2021_LOPAC_01,null,null,null,null,null,null,null,null,null,null,null,6.857,0,null,null,null,null,null,null,null,null,0,null,null,6.915,0.058,9.186,null,null,null,null,null,null,null,null,null,null,IECPWNUMDGFDKC,null,TRND,RPOWIBgquHDkYUIlbu,null,null,null,null,SODIUM,null,null,null,null,751-94-0,null,null,null,0,4,null,null,null,173031,null,1,1,2025-06-17 15:29:19,null,null,null,null,null,null,null,364788819,activity,null,HTS,null,0.058,6.915,3.115,3.832,null,null,null,null,null,null,null,null,null,null,null,null,null,null,null,null,null,null,null,null,null,278939393
TRND-Glioblastoma_LOPAC_H4-primary_screen2,NCGC00024877-12,activity,null,4,0.9,4,0,null,[H][C@@]1(CN(C)CCC2=C1C=C(O)C(Cl)=C2)C3=CC=CC=C3,D054,R(+)-SCH-23390 hydrochloride,SIGMA,2021_LOPAC_01,null,null,null,null,null,null,null,null,null,null,null,2.582,0,null,null,null,null,null,null,null,null,0,null,null,2.944,0.361,5.439,null,null,null,null,null,null,null,null,null,null,GOTMKOSCLKVOGG,null,TRND,efcOAQjWjhjSeCifjS,null,null,null,null,CL,null,null,null,null,125941-87-9,null,null,null,0,4,null,null,null,173031,null,1,1,2025-06-17 15:29:19,null,null,null,null,null,null,null,364788539,activity,null,HTS,null,0.361,2.725,2.944,0.9,null,null,null,null,null,null,null,null,null,null,null,null,null,null,null,null,null,null,null,null,null,278939394
TRND-Glioblastoma_LOPAC_H4-primary_screen2,NCGC00167455-05,activity,null,4,5.677,4,0,null,[H][C@@](C)(CSC(=O)C1=CC=CC=C1)C(=O)N2C[C@]([H])(C[C@@]2([H])C(O)=O)SC3=CC=CC=C3,Z1252,Zofenopril calcium,SIGMA,2021_LOPAC_01,null,null,null,null,null,null,null,null,null,null,null,3.403,0,null,null,null,null,null,null,null,null,0,null,null,8.67,5.267,34.463,null,null,null,null,null,null,null,null,null,null,IAIDUHCBNLFXEF,null,TRND,rkxfEfEojRiASrdDkN,null,null,null,null,CALCIUM,null,null,null,null,81872-10-8,null,null,null,0,4,null,null,null,173031,null,1,1,2025-06-17 15:29:19,null,null,null,null,null,null,null,364787815,activity,null,HTS,null,8.67,5.267,5.344,5.677,null,null,null,null,null,null,null,null,null,null,null,null,null,null,null,null,null,null,null,null,null,278939395
TRND-Glioblastoma_LOPAC_H4-primary_screen2,NCGC00024717-13,activity,null,4,4.583,4,0,null,COC(=O)[C@@H](N)CCCNC(=N)N[N+]([O-])=O,N5751,NG-Nitro-L-arginine methyl ester hydrochloride,SIGMA,2021_LOPAC_01,null,null,null,null,null,null,null,null,null,null,null,9.605,0,null,null,null,null,null,null,null,null,0,null,null,5.538,-4.067,-4.682,null,null,null,null,null,null,null,null,null,null,KCWZGJVSDFYRIX,null,TRND,cHjQHkjnFvbGLxJQqR,null,Nitric Oxide Synthase inhibitor,null,null,CL,null,null,null,null,null,NOS1,null,null,0,4,null,null,null,173031,null,1,1,2025-06-17 15:29:19,null,null,null,null,null,null,null,364788399,activity,null,HTS,null,-4.067,0.461,5.538,4.583,null,null,null,null,null,null,null,null,null,null,null,null,null,null,null,null,null,null,null,null,null,278939396
TRND-Glioblastoma_LOPAC_H4-primary_screen2,NCGC00496834-03,activity,null,4,-7.615,4,-11.637,2.333,C[C@H]1CN(C[C@@H](C)N1)C2=NC=C(C(C)=C2)C3=CC=C(C=C3)C4=NC5=C(C=CN5C)C(=O)N4,SML2150,AZ6102,SIGMA,2021_LOPAC_01,null,null,null,null,null,null,null,null,null,null,null,14.952,-8.137,0.578,0.716,null,null,null,null,null,null,3.5,null,null,7.338,-7.615,-2.02,6.526,null,null,null,null,null,null,null,null,null,WCPTUQOMNJBIET,null,TRND,JbdXiFvHLgxGlibylU,null,null,null,null,null,null,null,null,null,null,null,null,null,0,4,0,null,null,173031,0 0 0 0,1,1,2025-06-17 15:29:19,null,null,null,null,null,null,null,364788735,activity,null,HTS,null,-0.526,7.338,-2.41,-7.615,null,null,null,null,null,null,null,null,null,null,null,null,null,null,null,null,null,null,null,null,null,278939397
TRND-Glioblastoma_LOPAC_H4-primary_screen2,NCGC00510345-02,activity,null,4,8.38,4,0,null,CN1CCN(CC1)C(=O)C2=CC=C(C=C2)N3N=C(C=C3C4=CC(=CC(=C4)C(C)(C)C)C(C)(C)C)C5=CC=C(C=C5)C(O)=O,SML2183,LY2955303,SIGMA,2021_LOPAC_01,null,null,null,null,null,null,null,null,null,null,null,8.6,0,null,null,null,null,null,null,null,null,0,null,null,11.283,2.683,36.899,null,null,null,null,null,null,null,null,null,null,YVXYHNKIOFSFMZ,null,TRND,KyxtoOdWFlBWviLZMI,null,null,null,null,null,null,null,null,null,null,null,null,null,0,4,null,null,null,173031,null,1,1,2025-06-17 15:29:19,null,null,null,null,null,null,null,364788415,activity,null,HTS,null,8.19,2.683,11.283,8.38,null,null,null,null,null,null,null,null,null,null,null,null,null,null,null,null,null,null,null,null,null,278939399
TRND-Glioblastoma_LOPAC_H4-primary_screen2,NCGC00015612-17,activity,null,4,6.408,4,0,null,CC[N+](CC)(CC)CC(=O)NC1=C(C)C=CC=C1C,L5783,Lidocaine N-ethyl bromide quaternary salt,SIGMA,2021_LOPAC_01,null,null,null,null,null,null,null,null,null,null,null,5.382,0,null,null,null,null,null,null,null,null,0,null,null,6.839,1.458,25.921,null,null,null,null,null,null,null,null,null,null,PYEBKOFMWAMBFV,null,TRND,jDnUMPapIQcKyNSMgD,null,null,null,null,BR,null,null,null,null,null,null,null,null,0,4,null,null,null,173031,null,1,1,2025-06-17 15:29:19,null,null,null,null,null,null,null,364787459,activity,null,HTS,null,6.839,1.458,3.651,6.408,null,null,null,null,null,null,null,null,null,null,null,null,null,null,null,null,null,null,null,null,null,278939400
TRND-Glioblastoma_LOPAC_H4-primary_screen2,NCGC00025177-23,activity,null,4,0.625,4,0,null,CC1=CC=C(C=C1NC(=O)C2=CC=CC(NC(=O)NC3=CC=CC(=C3)C(=O)NC4=C(C)C=CC(=C4)C(=O)NC5=CC=C(C6=C5C(=CC(=C6)S([O-])(=O)=O)S([O-])(=O)=O)S([O-])(=O)=O)=C2)C(=O)NC7=C8C(=CC(=CC8=C(C=C7)S([O-])(=O)=O)S([O-])(=O)=O)S([O-])(=O)=O,S2671,Suramin sodium salt,SIGMA,2021_LOPAC_01,null,null,null,null,null,null,null,null,null,null,null,10.506,0,null,null,null,null,null,null,null,null,0,null,null,2.491,-8.015,1.252,null,null,null,null,null,null,null,null,null,null,FIAFUQMPZJWCLV,null,TRND,pVKdtIwKNptpEJlWpY,null,null,null,null,SODIUM,null,null,null,null,[NO STEREO] 145-63-1,null,null,null,0,4,null,null,null,173031,null,1,1,2025-06-17 15:29:19,null,null,null,null,null,null,null,364789587,activity,null,HTS,null,1.723,-8.015,2.491,0.625,null,null,null,null,null,null,null,null,null,null,null,null,null,null,null,null,null,null,null,null,null,278939401
TRND-Glioblastoma_LOPAC_H4-primary_screen2,NCGC00159454-11,activity,null,4,-1.96,4,-12.352,1.171,OC(=O)COC1=CC=C(C(=O)C2=CC=CS2)C(Cl)=C1Cl,SML0505,Tienilic acid,SIGMA,2021_LOPAC_01,null,null,null,null,null,null,null,null,null,null,null,10.771,-2.352,0.043,0.999,null,null,null,null,null,null,10,null,null,8.811,-1.96,26.416,26.629,null,null,null,null,null,null,null,null,null,AGHANLSBXUWXTB,null,TRND,hXWTAVRVExuWrWahyl,null,null,null,null,null,null,null,null,null,40180-04-9,null,null,null,0,4,0,null,null,173031,0 0 0 0,1,1,2025-06-17 15:29:19,null,null,null,null,null,null,null,364786035,activity,null,HTS,null,8.811,4.712,-0.428,-1.96,null,null,null,null,null,null,null,null,null,null,null,null,null,null,null,null,null,null,null,null,null,278939402
TRND-Glioblastoma_LOPAC_H4-primary_screen2,NCGC00263554-09,activity,null,4,-0.223,4,-17.768,1.464,OC(=O)C1=CC=C(C=C1)C2=CC=C(O2)\C=C3/SC(=S)N(CC4=CC=CC=C4)C3=O,SML0886,Leukadherin-1,SIGMA,2021_LOPAC_01,null,null,null,null,null,null,null,null,null,null,null,16.218,-0.768,0.038,0.999,null,null,null,null,null,null,17,null,null,15.994,-0.223,52.38,52.012,null,null,null,null,null,null,null,null,null,AEZGRQSLKVNPCI,null,TRND,hIppXenwVFihSPMZNg,null,Marcrophase-1 antigen (CD11b/CD18) allosteric agonist,null,null,null,null,null,null,null,null,ITGAM,null,null,0,4,0,null,null,173031,0 0 0 0,1,1,2025-06-17 15:29:19,null,null,null,null,null,null,null,364785547,activity,null,HTS,null,15.994,10.206,1.399,-0.223,null,null,null,null,null,null,null,null,null,null,null,null,null,null,null,null,null,null,null,null,null,278939404
TRND-Glioblastoma_LOPAC_H4-primary_screen2,NCGC00162357-04,activity,null,4,2.483,4,0,null,[H][C@@]1(CNC2=C(N1)C(=O)NC(N)=N2)C(O)C(C)O,T4425,"(6R)-5,6,7,8-Tetrahydro-L-biopterin hydrochloride",SIGMA,2021_LOPAC_01,null,null,null,null,null,null,null,null,null,null,null,7.111,0,null,null,null,null,null,null,null,null,0,null,null,7.755,0.644,12.852,null,null,null,null,null,null,null,null,null,null,FNKQXYHWGSIFBK,null,TRND,atfekjuqkKBXNlFhxM,null,null,null,null,CL,null,null,null,null,null,null,null,null,0,4,null,null,null,173031,null,1,1,2025-06-17 15:29:19,null,null,null,null,null,null,null,364788387,activity,null,HTS,null,0.644,6.205,7.755,2.483,null,null,null,null,null,null,null,null,null,null,null,null,null,null,null,null,null,null,null,null,null,278938861
TRND-Glioblastoma_LOPAC_H4-primary_screen2,NCGC00187909-14,activity,null,4,-20.804,4,-33.465,1.01,CCCCCCCCCCCCCCCCCCOP([O-])(=O)OC1CC[N+](C)(C)CC1,SML0612,Perifosine,SIGMA,2021_LOPAC_01,null,null,null,null,null,null,null,null,null,null,null,25.267,-28.965,0.113,0.992,null,null,null,null,null,null,4.5,null,null,4.463,-20.804,-3.556,-5.258,null,null,null,null,null,null,null,null,null,SZFPYBIJACMNJV,null,TRND,dhwWcvueJlyacBtEgo,null,AKT serine/threonine kinase inhibitor,null,null,null,null,null,null,null,157716-52-4,AKT1,null,null,0,4,0,null,null,173031,0 0 0 0,1,1,2025-06-17 15:29:19,null,null,null,null,null,null,null,364786403,activity,null,HTS,null,4.463,-0.174,-6.983,-20.804,null,null,null,null,null,null,null,null,null,null,null,null,null,null,null,null,null,null,null,null,null,278938862
TRND-Glioblastoma_LOPAC_H4-primary_screen2,NCGC00015822-27,activity,null,4,2.335,4,0,null,COC1=CC=C(CN(CCN(C)C)C2=CC=CC=N2)C=C1,P5514,Pyrilamine maleate,SIGMA,2021_LOPAC_01,null,null,null,null,null,null,null,null,null,null,null,9.903,0,null,null,null,null,null,null,null,null,0,null,null,12.238,2.335,41.171,null,null,null,null,null,null,null,null,null,null,YECBIJXISLIIDS,null,TRND,PRtqUMFtUmCmcEZjSI,null,null,null,null,MALEATE,null,null,null,null,59-33-6,null,null,null,0,4,null,null,null,173031,null,1,1,2025-06-17 15:29:19,null,null,null,null,null,null,null,364785883,activity,null,HTS,null,12.238,4.641,3.915,2.335,null,null,null,null,null,null,null,null,null,null,null,null,null,null,null,null,null,null,null,null,null,278938863
TRND-Glioblastoma_LOPAC_H4-primary_screen2,NCGC00507712-02,activity,null,4,-20.23,4,-25.504,1.21,COC1=CC=C(\C=C\C(=O)NC2=CC=C(C=C2)C(F)(F)F)C=C1OC,SML1626,TFCA,SIGMA,2021_LOPAC_01,null,null,null,null,null,null,null,null,null,null,null,20.004,-28.276,0.525,0.78,null,null,null,null,null,null,-2.771,null,null,-0.226,-20.23,-20.507,-25.551,null,null,null,null,null,null,null,null,null,KFWWXJZNIMFFRO,null,TRND,WTNevBOyqIuhckBWNF,null,null,null,null,null,null,null,null,null,null,null,null,null,0,4,0,null,null,173031,0 0 0 0,1,1,2025-06-17 15:29:19,null,null,null,null,null,null,null,364787499,activity,null,HTS,null,-0.226,-8.948,-4.279,-20.23,null,null,null,null,null,null,null,null,null,null,null,null,null,null,null,null,null,null,null,null,null,278938864
TRND-Glioblastoma_LOPAC_H4-primary_screen2,NCGC00015095-33,activity,null,4,-23.374,4,-26.549,3.065,CN(C)CCC=C1C2=C(CCC3=C1C=CC=C3)C=CC=C2,A8404,Amitriptyline hydrochloride,SIGMA,2021_LOPAC_01,null,null,null,null,null,null,null,null,null,null,null,26.43,-24.049,0.065,0.997,null,null,null,null,null,null,2.5,null,null,3.056,-23.374,-9.242,-7.434,null,null,null,null,null,null,null,null,null,KRMDCWKBEZIMAB,null,TRND,XlfbnRWAIJyXMgUxoB,null,null,null,null,CL,null,null,null,null,549-18-8,null,null,null,0,4,0,null,null,173031,0 0 0 0,1,1,2025-06-17 15:29:19,null,null,null,null,null,null,null,364787195,activity,null,HTS,null,1.652,3.056,-5.253,-23.374,null,null,null,null,null,null,null,null,null,null,null,null,null,null,null,null,null,null,null,null,null,278938865
TRND-Glioblastoma_LOPAC_H4-primary_screen2,NCGC00015466-28,activity,null,4,-0.694,4,0,null,NCC1(CC(O)=O)CCCCC1,G154,Gabapentin,SIGMA,2021_LOPAC_01,null,null,null,null,null,null,null,null,null,null,null,8.899,0,null,null,null,null,null,null,null,null,0,null,null,6.717,-2.182,-0.204,null,null,null,null,null,null,null,null,null,null,UGJMXCAKCUNAIE,null,TRND,LfmzTBBiWKjomJmYxV,null,Voltage-dependent calcium channel subunit alpha-2/delta-1 ligand,null,null,null,null,null,null,null,60142-96-3,CACNA2D1,null,null,0,4,null,null,null,173031,null,1,1,2025-06-17 15:29:19,null,null,null,null,null,null,null,364786879,activity,null,HTS,null,-2.182,2.174,6.717,-0.694,null,null,null,null,null,null,null,null,null,null,null,null,null,null,null,null,null,null,null,null,null,278938866
TRND-Glioblastoma_LOPAC_H4-primary_screen2,NCGC00015831-18,activity,null,4,-0.554,4,0,null,CN(C)CCC(C1=CC=CC=C1)C2=NC=CC=C2,P6902,Pheniramine maleate,SIGMA,2021_LOPAC_01,null,null,null,null,null,null,null,null,null,null,null,9.355,0,null,null,null,null,null,null,null,null,0,null,null,8.801,-0.554,27.507,null,null,null,null,null,null,null,null,null,null,IJHNSHDBIRRJRN,null,TRND,HzPEHWWDplnkLCbTuI,null,null,null,null,MALEATE,null,null,null,null,132-20-7,null,null,null,0,4,null,null,null,173031,null,1,1,2025-06-17 15:29:19,null,null,null,null,null,null,null,364786855,activity,null,HTS,null,8.801,1.839,2.988,-0.554,null,null,null,null,null,null,null,null,null,null,null,null,null,null,null,null,null,null,null,null,null,278938867
TRND-Glioblastoma_LOPAC_H4-primary_screen2,NCGC00015385-30,activity,null,4,-0.134,4,0,null,OCCN(CCO)C1=NC2=C(N=C(N=C2C(=N1)N3CCCCC3)N(CCO)CCO)N4CCCCC4,D9766,Dipyridamole,SIGMA,2021_LOPAC_01,null,null,null,null,null,null,null,null,null,null,null,6.209,0,null,null,null,null,null,null,null,null,0,null,null,6.075,-0.134,6.738,null,null,null,null,null,null,null,null,null,null,IZEKFCXSFNUWAM,null,TRND,qlRvqadWHTeLuxDXeJ,null,null,null,null,null,null,null,null,null,58-32-2,null,null,null,0,4,null,null,null,173031,null,1,1,2025-06-17 15:29:19,null,null,null,null,null,null,null,364789147,activity,null,HTS,null,0.647,6.075,1.098,-0.134,null,null,null,null,null,null,null,null,null,null,null,null,null,null,null,null,null,null,null,null,null,278938868
TRND-Glioblastoma_LOPAC_H4-primary_screen2,NCGC00185990-21,activity,null,4,8.055,4,0,null,OC(=O)C1CCN2C1=CC=C2C(=O)C3=CC=CC=C3,K1136,Ketorolac tris salt,SIGMA,2021_LOPAC_01,null,null,null,null,null,null,null,null,null,null,null,8.712,0,null,null,null,null,null,null,null,null,0,null,null,8.055,-0.657,22.507,null,null,null,null,null,null,null,null,null,null,OZWKMVRBQXNZKK,null,TRND,fXuhBAJOQuYsWqOoaF,null,null,null,null,TROMETHAMINE,null,null,null,null,null,null,null,null,0,4,null,null,null,173031,null,1,1,2025-06-17 15:29:19,null,null,null,null,null,null,null,364787411,activity,null,HTS,null,5.608,-0.657,4.531,8.055,null,null,null,null,null,null,null,null,null,null,null,null,null,null,null,null,null,null,null,null,null,278938869
TRND-Glioblastoma_LOPAC_H4-primary_screen2,NCGC00023217-21,activity,null,4,8.09,4,0,null,CC1=CC=C(Cl)C(NC2=CC=CC=C2C([O-])=O)=C1Cl,M4531,Meclofenamic acid sodium,SIGMA,2021_LOPAC_01,null,null,null,null,null,null,null,null,null,null,null,7.666,0,null,null,null,null,null,null,null,null,0,null,null,8.09,0.424,25.82,null,null,null,null,null,null,null,null,null,null,SBDNJUWAMKYJOX,null,TRND,hdmlcfIdWOqIitHOBF,null,null,null,null,SODIUM,null,null,null,null,6385-02-0,null,null,null,0,4,null,null,null,173031,null,1,1,2025-06-17 15:29:19,null,null,null,null,null,null,null,364785515,activity,null,HTS,null,6.169,0.424,5.936,8.09,null,null,null,null,null,null,null,null,null,null,null,null,null,null,null,null,null,null,null,null,null,278938870
TRND-Glioblastoma_LOPAC_H4-primary_screen2,NCGC00386282-12,activity,null,4,3.199,4,0,null,CCCC(C)NC(=O)C1=CC=C(Cl)C(Cl)=C1,SML0518,NSC405020,SIGMA,2021_LOPAC_01,null,null,null,null,null,null,null,null,null,null,null,8.059,0,null,null,null,null,null,null,null,null,0,null,null,11.258,3.199,23.856,null,null,null,null,null,null,null,null,null,null,ARDYECYBETXQFD,null,TRND,DcJPibliRumhYKjNsI,null,null,null,null,null,null,null,null,null,null,null,null,null,0,4,null,null,null,173031,null,1,1,2025-06-17 15:29:19,null,null,null,null,null,null,null,364788311,activity,null,HTS,null,3.972,11.258,4.695,3.199,null,null,null,null,null,null,null,null,null,null,null,null,null,null,null,null,null,null,null,null,null,278938872
TRND-Glioblastoma_LOPAC_H4-primary_screen2,NCGC00015823-32,activity,null,4,-1.595,4,0,null,CN1C(C(=O)NC2=CC=CC=N2)=C(O)C3=C(C=CC=C3)[S+]1([O-])=O,P5654,Piroxicam,SIGMA,2021_LOPAC_01,null,null,null,null,null,null,null,null,null,null,null,3.808,0,null,null,null,null,null,null,null,null,0,null,null,2.214,-1.595,6.741,null,null,null,null,null,null,null,null,null,null,IAPMPNKHZPZVQU,null,TRND,NnRGHTkhLwfnKjLxMw,null,null,null,null,null,null,null,null,null,36322-90-4,null,null,null,0,4,null,null,null,173031,null,1,1,2025-06-17 15:29:19,null,null,null,null,null,null,null,364786523,activity,null,HTS,null,2.214,0.537,1.515,-1.595,null,null,null,null,null,null,null,null,null,null,null,null,null,null,null,null,null,null,null,null,null,278938875
TRND-Glioblastoma_LOPAC_H4-primary_screen2,NCGC00015287-21,activity,null,4,4.187,4,0,null,N[C@@H](CCONC(N)=N)C(O)=O,C9758,L-Canavanine sulfate,SIGMA,2021_LOPAC_01,null,null,null,null,null,null,null,null,null,null,null,6.401,0,null,null,null,null,null,null,null,null,0,null,null,5.91,-0.491,21.542,null,null,null,null,null,null,null,null,null,null,FSBIGDSBMBYOPN,null,TRND,RIOmRxyfmuYJwilSBl,null,null,null,null,SULFURIC_ACID,null,null,null,null,2219-31-0,null,null,null,0,4,null,null,null,173031,null,1,1,2025-06-17 15:29:19,null,null,null,null,null,null,null,364790199,activity,null,HTS,null,5.91,-0.491,4.695,4.187,null,null,null,null,null,null,null,null,null,null,null,null,null,null,null,null,null,null,null,null,null,278938876
TRND-Glioblastoma_LOPAC_H4-primary_screen2,NCGC00162085-11,activity,null,4,-6.775,4,0,null,[H][C@@]12C[C@@](O)(CCN1C[C@@]3([H])C4=C(CCC5=C3C2=CC=C5)C=CC=C4)C(C)(C)C,D033,(+)-Butaclamol hydrochloride,SIGMA,2021_LOPAC_01,null,null,null,null,null,null,null,null,null,null,null,9.002,0,null,null,null,null,null,null,null,null,0,null,null,2.227,-6.775,4.193,null,null,null,null,null,null,null,null,null,null,ZZJYIKPMDIWRSN,null,TRND,lXGQCeNIHZwLDfqdpK,null,null,null,null,CL,null,null,null,null,[NO STEREO] 36504-94-6,null,null,null,0,4,null,null,null,173031,null,1,1,2025-06-17 15:29:19,null,null,null,null,null,null,null,364789791,activity,null,HTS,null,2.227,1.127,1.125,-6.775,null,null,null,null,null,null,null,null,null,null,null,null,null,null,null,null,null,null,null,null,null,278938877
TRND-Glioblastoma_LOPAC_H4-primary_screen2,NCGC00162106-18,activity,null,4,5.915,4,0,null,[H][C@]12SCC(C[N+]3=CC=C(C=C3)C(N)=O)=C(N1C(=O)[C@H]2NC(=O)[C@@H](C4=CC=CC=C4)S([O-])(=O)=O)C([O-])=O,C8145,Cefsulodin sodium salt hydrate,SIGMA,2021_LOPAC_01,null,null,null,null,null,null,null,null,null,null,null,9.342,0,null,null,null,null,null,null,null,null,0,null,null,8.79,-0.552,30.672,null,null,null,null,null,null,null,null,null,null,SYLKGLMBLAAGSC,null,TRND,JqnyQAYQeQgQnrBRyT,null,null,null,null,SODIUM,null,null,null,null,52152-93-9,null,null,null,0,4,null,null,null,173031,null,1,1,2025-06-17 15:29:19,null,null,null,null,null,null,null,364786347,activity,null,HTS,null,8.79,-0.552,5.083,5.915,null,null,null,null,null,null,null,null,null,null,null,null,null,null,null,null,null,null,null,null,null,278938878
TRND-Glioblastoma_LOPAC_H4-primary_screen2,NCGC00015468-08,activity,null,4,8.283,4,-10.491,4.955,CN(C)C1=NC=C2N=CN=C(NC3=CC4=C(C=C3)N(CC5=CC=CC=C5)N=C4)C2=C1,G0668,GW2974,SIGMA,2021_LOPAC_01,null,null,null,null,null,null,null,null,null,null,null,10.119,1.509,1,0.686,null,null,null,null,null,null,12,null,null,8.876,-1.243,29.257,27.421,null,null,null,null,null,null,null,null,null,DYYZXRCFCVDSKD,null,TRND,NKoHcWyneMDNzvNiZD,null,null,null,null,null,null,null,null,null,null,null,null,null,0,4,1,null,null,173031,0 0 0 1,1,1,2025-06-17 15:29:19,null,null,null,null,null,null,null,364786983,activity,null,HTS,null,8.876,-1.243,4.485,8.283,null,null,null,null,null,null,null,null,null,null,null,null,null,null,null,null,null,null,null,null,null,278938879
TRND-Glioblastoma_LOPAC_H4-primary_screen2,NCGC00686675-02,activity,null,4,10.426,4,12.898,1.449,[O-][S+](=O)(N1CCC(CC1)C(=O)NCC2=CC=C(F)C=C2)C3=CC(Cl)=CC(Cl)=C3,SML2214,BI01383298,SIGMA,2021_LOPAC_01,null,null,null,null,null,null,null,null,null,null,null,11.591,10,0.177,0.98,null,null,null,null,null,null,-2.898,null,null,10.426,-1.165,11.422,11.627,null,null,null,null,null,null,null,null,null,GBCUMZFCIPACCY,null,TRND,yFVXcPJvXcJPUMNFgf,null,null,null,null,null,null,null,null,null,null,null,null,null,0,4,0,null,null,173031,0 0 0 0,1,1,2025-06-17 15:29:19,null,null,null,null,null,null,null,364788475,activity,null,HTS,null,-1.165,5.004,8.119,10.426,null,null,null,null,null,null,null,null,null,null,null,null,null,null,null,null,null,null,null,null,null,278938881
TRND-Glioblastoma_LOPAC_H4-primary_screen2,NCGC00015906-10,activity,null,4,0.034,4,0,null,COC1=C(C=CC=C1)N2CCNCC2,S008,1-(2-Methoxyphenyl)piperazine hydrochloride,SIGMA,2021_LOPAC_01,null,null,null,null,null,null,null,null,null,null,null,15.427,0,null,null,null,null,null,null,null,null,0,null,null,12.588,-2.839,-0.849,null,null,null,null,null,null,null,null,null,null,VNZLQLYBRIOLFZ,null,TRND,kEhNGqAPEUXrYcHMfV,null,null,null,null,CL,null,null,null,null,5464-78-8,null,null,null,0,4,null,null,null,173031,null,1,1,2025-06-17 15:29:19,null,null,null,null,null,null,null,364785751,activity,null,HTS,null,-2.839,12.588,-2.552,0.034,null,null,null,null,null,null,null,null,null,null,null,null,null,null,null,null,null,null,null,null,null,278938882
TRND-Glioblastoma_LOPAC_H4-primary_screen2,NCGC00024622-11,activity,null,4,10.454,4,13.112,4.955,[O-][N+](=O)C1=CC=C(C=C1)C2=CC=C(O2)\C=N\N3CC(=O)[N-]C3=O,D9175,Dantrolene sodium,SIGMA,2021_LOPAC_01,null,null,null,null,null,null,null,null,null,null,null,13.464,12,0.41,0.88,null,null,null,null,null,null,-1.112,null,null,10.454,-3.01,-2.688,0.843,null,null,null,null,null,null,null,null,null,OZOMQRBLCMDCEG,null,TRND,WUeHOGkFcGwDRiPNor,null,null,null,null,SODIUM,null,null,null,null,14663-23-1,null,null,null,0,4,0,null,null,173031,0 0 0 0,1,1,2025-06-17 15:29:19,null,null,null,null,null,null,null,364786591,activity,null,HTS,null,-3.01,1.94,-1.694,10.454,null,null,null,null,null,null,null,null,null,null,null,null,null,null,null,null,null,null,null,null,null,278938883
TRND-Glioblastoma_LOPAC_H4-primary_screen2,NCGC00016055-29,activity,null,4,2.254,4,-15.5,1.464,COC1=CC(CC2=C(N)N=C(N)N=C2)=CC(OC)=C1OC,T7883,Trimethoprim,SIGMA,2021_LOPAC_01,null,null,null,null,null,null,null,null,null,null,null,12.624,3.5,0.262,0.955,null,null,null,null,null,null,19,null,null,14.878,2.254,50.366,49.572,null,null,null,null,null,null,null,null,null,IEDVJHCEMCRBQM,null,TRND,QlDZRuMQCmnxoFccRW,null,null,null,null,null,null,null,null,null,738-70-5,null,null,null,0,4,0,null,null,173031,0 0 0 0,1,1,2025-06-17 15:29:19,null,null,null,null,null,null,null,364790379,activity,null,HTS,null,14.878,6.019,5.271,2.254,null,null,null,null,null,null,null,null,null,null,null,null,null,null,null,null,null,null,null,null,null,278938885
TRND-Glioblastoma_LOPAC_H4-primary_screen2,NCGC00079175-08,activity,null,4,-23.272,4,-24.426,4.504,BrC1=CC=C2N=CN=C(NCC=C)C2=C1,S8197,SMER28,SIGMA,2021_LOPAC_01,null,null,null,null,null,null,null,null,null,null,null,25.617,-23.426,0.115,0.992,null,null,null,null,null,null,1,null,null,2.345,-23.272,-12.316,-9.545,null,null,null,null,null,null,null,null,null,BCPOLXUSCUFDGE,null,TRND,PJIjKUzwHaPwNinBtu,null,null,null,null,null,null,null,null,null,null,null,null,null,0,4,0,null,null,173031,0 0 0 0,1,1,2025-06-17 15:29:19,null,null,null,null,null,null,null,364788739,activity,null,HTS,null,-0.292,2.345,-1.304,-23.272,null,null,null,null,null,null,null,null,null,null,null,null,null,null,null,null,null,null,null,null,null,278938886
TRND-Glioblastoma_LOPAC_H4-primary_screen2,NCGC00016192-05,activity,null,4,9.455,4,0,null,CCCC(CCC)C([O-])=O,P4543,Valproic acid sodium,SIGMA,2021_LOPAC_01,null,null,null,null,null,null,null,null,null,null,null,7.016,0,null,null,null,null,null,null,null,null,0,null,null,9.455,2.439,30.603,null,null,null,null,null,null,null,null,null,null,NIJJYAXOARWZEE,null,TRND,AReUmnVfhsluzvDyRY,null,null,null,null,SODIUM,null,null,null,null,[NO STEREO] 1069-66-5,null,null,null,0,4,null,null,null,173031,null,1,1,2025-06-17 15:29:19,null,null,null,null,null,null,null,364785867,activity,null,HTS,null,7.95,2.439,2.667,9.455,null,null,null,null,null,null,null,null,null,null,null,null,null,null,null,null,null,null,null,null,null,278938887
TRND-Glioblastoma_LOPAC_H4-primary_screen2,NCGC00015988-15,activity,null,4,7.93,4,10.349,3.297,S=C(NC1CCCCC1)N2CCC(CC2)C3=CNC=N3,T123,Thioperamide maleate,SIGMA,2021_LOPAC_01,null,null,null,null,null,null,null,null,null,null,null,11.791,9.5,0.318,0.933,null,null,null,null,null,null,-0.849,null,null,11.084,-0.707,14.434,14.24,null,null,null,null,null,null,null,null,null,QKDDJDBFONZGBW,null,TRND,qbheYTciryEVkNBfuI,null,null,null,null,MALEATE,null,null,null,null,null,null,null,null,0,4,0,null,null,173031,0 0 0 0,1,1,2025-06-17 15:29:19,null,null,null,null,null,null,null,364786431,activity,null,HTS,null,-0.707,6.407,11.084,7.93,null,null,null,null,null,null,null,null,null,null,null,null,null,null,null,null,null,null,null,null,null,278938888
TRND-Glioblastoma_LOPAC_H4-primary_screen2,NCGC00165795-05,activity,null,4,17.215,4,14.5,3.192,ClC1=CC=C(C=C1)N2CCN(CC3=NN4C=CC=CC4=C3)CC2,F4429,FAUC 213,SIGMA,2021_LOPAC_01,null,null,null,null,null,null,null,null,null,null,null,15.194,18,0.251,0.959,null,null,null,null,null,null,3.5,null,null,17.215,2.021,28.86,24.929,null,null,null,null,null,null,null,null,null,DTRXURJDKOYCCD,null,TRND,fpKsZGTEXSipSiXBCV,null,null,null,null,null,null,null,null,null,337972-47-1,null,null,null,0,4,0,null,null,173031,0 0 0 0,1,1,2025-06-17 15:29:19,null,null,null,null,null,null,null,364787063,activity,null,HTS,null,5.31,2.021,5.235,17.215,null,null,null,null,null,null,null,null,null,null,null,null,null,null,null,null,null,null,null,null,null,278938889
TRND-Glioblastoma_LOPAC_H4-primary_screen2,NCGC00022304-27,activity,null,4,9.776,4,14.589,4.955,CC(=O)N[C@@H](CS)C(O)=O,A7250,N-Acetyl-L-Cysteine,SIGMA,2021_LOPAC_01,null,null,null,null,null,null,null,null,null,null,null,19.017,12.5,0.725,0.41,null,null,null,null,null,null,-2.089,null,null,9.776,-9.241,-10.519,-3.653,null,null,null,null,null,null,null,null,null,PWKSKIMOESPYIA,null,TRND,FujJYIucoLzShfVkfy,null,NF-kappaB (NFKB) Activation inhibitor,null,null,null,null,null,null,null,616-91-1,NFKB1,null,null,0,4,0,null,null,173031,0 0 0 0,1,1,2025-06-17 15:29:19,null,null,null,null,null,null,null,364785419,activity,null,HTS,null,-5.252,7.698,-9.241,9.776,null,null,null,null,null,null,null,null,null,null,null,null,null,null,null,null,null,null,null,null,null,278938890
TRND-Glioblastoma_LOPAC_H4-primary_screen2,NCGC00015389-18,activity,null,4,13.953,4,18,0.5,CC(C)C1=CC=CC(C(C)C)=C1O,D126608,Propofol,SIGMA,2021_LOPAC_01,null,null,null,null,null,null,null,null,null,null,null,12.512,17,0.586,0.706,null,null,null,null,null,null,-1,null,null,13.953,1.441,21.148,23.403,null,null,null,null,null,null,null,null,null,OLBCVFGFOZPWHH,null,TRND,hKjQhpiwUOhJPRgtGx,null,Transient receptor potential cation channel subfamily V member 1 agonist,null,null,null,null,null,null,null,2078-54-8,TRPV1,null,null,0,4,0,null,null,173031,0 0 0 0,1,1,2025-06-17 15:29:19,null,null,null,null,null,null,null,364787279,activity,null,HTS,null,1.441,8.429,5.613,13.953,null,null,null,null,null,null,null,null,null,null,null,null,null,null,null,null,null,null,null,null,null,278938891
TRND-Glioblastoma_LOPAC_H4-primary_screen2,NCGC00024667-34,activity,null,4,10.518,4,0,null,C[C@](N)(CC1=CC(O)=C(O)C=C1)C(O)=O,M129,L-alpha-Methyl DOPA,SIGMA,2021_LOPAC_01,null,null,null,null,null,null,null,null,null,null,null,6.169,0,null,null,null,null,null,null,null,null,0,null,null,11.872,5.703,40.138,null,null,null,null,null,null,null,null,null,null,CJCSPKMFHVPWAR,null,TRND,HRhsIHcujKRUVPOkwX,null,Aromatic-L-amino-acid decarboxylase inhibitor,null,null,null,null,null,null,null,555-30-6,DDC,null,null,0,4,null,null,null,173031,null,1,1,2025-06-17 15:29:19,null,null,null,null,null,null,null,364788959,activity,null,HTS,null,8.045,11.872,5.703,10.518,null,null,null,null,null,null,null,null,null,null,null,null,null,null,null,null,null,null,null,null,null,278938893
TRND-Glioblastoma_LOPAC_H4-primary_screen2,NCGC00185994-13,activity,null,4,12.682,4,14.5,0.7,CCC1=CC=C(\C=C2\SC(=S)NC2=O)C=C1,F3680,10058-F4,SIGMA,2021_LOPAC_01,null,null,null,null,null,null,null,null,null,null,null,10.19,12.5,0.435,0.864,null,null,null,null,null,null,-2,null,null,12.682,2.492,25.556,26.885,null,null,null,null,null,null,null,null,null,SVXDHPADAXBMFB,null,TRND,wsVOYycVvKxsUXYTbT,null,Myc proto-oncogene protein inhibitor,null,null,null,null,null,null,null,null,MYC,null,null,0,4,0,null,null,173031,0 0 0 0,1,1,2025-06-17 15:29:19,null,null,null,null,null,null,null,364787891,activity,null,HTS,null,2.492,8.744,8.387,12.682,null,null,null,null,null,null,null,null,null,null,null,null,null,null,null,null,null,null,null,null,null,278938894
TRND-Glioblastoma_LOPAC_H4-primary_screen2,NCGC00388284-14,activity,null,4,-4.538,4,0,null,[H][C@]12OCC[C@@]1([H])[C@H](CO2)OC(=O)N[C@@H](CC3=CC=CC=C3)[C@H](O)CN(CC(C)C)[S+]([O-])(=O)C4=CC=C(N)C=C4,SML0937,Darunavir,SIGMA,2021_LOPAC_01,null,null,null,null,null,null,null,null,null,null,null,6.716,0,null,null,null,null,null,null,null,null,0,null,null,2.178,-4.538,-7.547,null,null,null,null,null,null,null,null,null,null,MZWRXITVDVSVFP,null,TRND,hJqwOIKojGzYmHwGZX,null,null,null,null,null,null,null,null,null,206361-99-1,null,null,null,0,4,null,null,null,173031,null,1,1,2025-06-17 15:29:19,null,null,null,null,null,null,null,364785271,activity,null,HTS,null,-2.209,2.178,-0.791,-4.538,null,null,null,null,null,null,null,null,null,null,null,null,null,null,null,null,null,null,null,null,null,278939405
TRND-Glioblastoma_LOPAC_H4-primary_screen2,NCGC00022269-07,activity,null,4,6.926,4,0,null,N[C@@H](CC1=CC=C(O)C(I)=C1)C(O)=O,I8250,3-Iodo-L-tyrosine,SIGMA,2021_LOPAC_01,null,null,null,null,null,null,null,null,null,null,null,4.329,0,null,null,null,null,null,null,null,null,0,null,null,6.926,2.597,26.994,null,null,null,null,null,null,null,null,null,null,UQTZMGFTRHFAAM,null,TRND,XYbdcGgQHTxrNxpBWl,null,null,null,null,null,null,null,null,null,70-78-0,null,null,null,0,4,null,null,null,173031,null,1,1,2025-06-17 15:29:19,null,null,null,null,null,null,null,364787363,activity,null,HTS,null,6.22,6.116,2.597,6.926,null,null,null,null,null,null,null,null,null,null,null,null,null,null,null,null,null,null,null,null,null,278939406
TRND-Glioblastoma_LOPAC_H4-primary_screen2,NCGC00402238-07,activity,null,4,-5.54,4,-16.147,0.7,CC1=CC(C(=O)CN2C=C(C=CC2=O)C#N)=C(C)N1CC3=CC=CC=C3,SML1014,CYM-5520,SIGMA,2021_LOPAC_01,null,null,null,null,null,null,null,null,null,null,null,12.288,-7.147,0.248,0.961,null,null,null,null,null,null,9,null,null,6.748,-5.54,15.566,13.288,null,null,null,null,null,null,null,null,null,FMYGNANMYYHBSU,null,TRND,xKwETfYVKDvhjUkTqE,null,null,null,null,null,null,null,null,null,null,null,null,null,0,4,0,null,null,173031,0 0 0 0,1,1,2025-06-17 15:29:19,null,null,null,null,null,null,null,364786487,activity,null,HTS,null,6.748,0.967,-1.323,-5.54,null,null,null,null,null,null,null,null,null,null,null,null,null,null,null,null,null,null,null,null,null,278939407
TRND-Glioblastoma_LOPAC_H4-primary_screen2,NCGC00015677-06,activity,null,4,9.409,4,-11.5,4.955,CN1C=NC(CCN)=C1,M4910,1-Methylhistamine dihydrochloride,SIGMA,2021_LOPAC_01,null,null,null,null,null,null,null,null,null,null,null,10.307,5,1,0.748,null,null,null,null,null,null,16.5,null,null,12.866,2.559,46.993,45.782,null,null,null,null,null,null,null,null,null,FHQDWPCFSJMNCT,null,TRND,fRtqZlQpSzuUzqeGKx,null,null,null,null,CL,null,null,null,null,null,null,null,null,0,4,1,null,null,173031,0 0 0 1,1,1,2025-06-17 15:29:19,null,null,null,null,null,null,null,364787435,activity,null,HTS,null,12.866,2.559,7.754,9.409,null,null,null,null,null,null,null,null,null,null,null,null,null,null,null,null,null,null,null,null,null,278939408
TRND-Glioblastoma_LOPAC_H4-primary_screen2,NCGC00015001-07,activity,null,4,0.118,4,0,null,CCCN1C2=C(NC(=N2)C3=CC=C(C=C3)[S+](O)([O-])=O)C(=O)N(CCC)C1=O,A022,"1,3-Dipropyl-8-p-sulfophenylxanthine",SIGMA,2021_LOPAC_01,null,null,null,null,null,null,null,null,null,null,null,2.155,0,null,null,null,null,null,null,null,null,0,null,null,2.273,0.118,5.038,null,null,null,null,null,null,null,null,null,null,KQWKGQDIIBLWGB,null,TRND,RmfYGqLoVJzDRwvwZJ,null,null,null,null,null,null,null,null,null,null,null,null,null,0,4,null,null,null,173031,null,1,1,2025-06-17 15:29:19,null,null,null,null,null,null,null,364789159,activity,null,HTS,null,0.965,2.273,1.015,0.118,null,null,null,null,null,null,null,null,null,null,null,null,null,null,null,null,null,null,null,null,null,278939409
TRND-Glioblastoma_LOPAC_H4-primary_screen2,NCGC00015309-09,activity,null,4,7.17,4,0,null,OC1=CC(=CC(=C1O)[N+]([O-])=O)[N+]([O-])=O,D131,"3,5-Dinitrocatechol",SIGMA,2021_LOPAC_01,null,null,null,null,null,null,null,null,null,null,null,6.798,0,null,null,null,null,null,null,null,null,0,null,null,7.17,0.372,8.388,null,null,null,null,null,null,null,null,null,null,VDCDWNDTNSWDFJ,null,TRND,kQRAyBuNewCaKWmbdu,null,null,null,null,null,null,null,null,null,7659-29-2,null,null,null,0,4,null,null,null,173031,null,1,1,2025-06-17 15:29:19,null,null,null,null,null,null,null,364789835,activity,null,HTS,null,0.372,1.083,4.046,7.17,null,null,null,null,null,null,null,null,null,null,null,null,null,null,null,null,null,null,null,null,null,278939410
TRND-Glioblastoma_LOPAC_H4-primary_screen2,NCGC00015528-06,activity,null,4,-1.777,4,0,null,NNC(=O)C1=CC=C(O)C=C1,H9882,4-Hydroxybenzhydrazide,SIGMA,2021_LOPAC_01,null,null,null,null,null,null,null,null,null,null,null,5.646,0,null,null,null,null,null,null,null,null,0,null,null,3.868,-1.777,11.953,null,null,null,null,null,null,null,null,null,null,ZMZGIVVRBMFZSG,null,TRND,YUGMiSgzQgAUclShxY,null,null,null,null,null,null,null,null,null,null,null,null,null,0,4,null,null,null,173031,null,1,1,2025-06-17 15:29:19,null,null,null,null,null,null,null,364785695,activity,null,HTS,null,2.858,3.219,3.868,-1.777,null,null,null,null,null,null,null,null,null,null,null,null,null,null,null,null,null,null,null,null,null,278939411
TRND-Glioblastoma_LOPAC_H4-primary_screen2,NCGC00016935-23,activity,null,4,1.166,4,0,null,C[C@]12N[C@H](CC3=C1C=CC=C3)C4=C2C=CC=C4,M107,(+)-MK-801 hydrogen maleate,SIGMA,2021_LOPAC_01,null,null,null,null,null,null,null,null,null,null,null,6.232,0,null,null,null,null,null,null,null,null,0,null,null,4.463,-1.769,1.531,null,null,null,null,null,null,null,null,null,null,LBOJYSIDWZQNJS,null,TRND,bVMNihDanuVCHuhifI,null,null,null,null,MALEATE,null,null,null,null,77086-22-7,null,null,null,0,4,null,null,null,173031,null,1,1,2025-06-17 15:29:19,null,null,null,null,null,null,null,364790223,activity,null,HTS,null,-0.347,4.463,-1.769,1.166,null,null,null,null,null,null,null,null,null,null,null,null,null,null,null,null,null,null,null,null,null,278939412
TRND-Glioblastoma_LOPAC_H4-primary_screen2,NCGC00167729-10,activity,null,4,-6.981,4,-11.877,4.955,OC(=O)CN1C(=CC2=CC=CC=C12)C(=O)NC3=NC(=CS3)C4=CC=CC=C4Cl,SML0179,SR 27897 hydrate,SIGMA,2021_LOPAC_01,null,null,null,null,null,null,null,null,null,null,null,15.69,-7.877,0.591,0.697,null,null,null,null,null,null,4,null,null,8.709,-6.981,23.18,12.973,null,null,null,null,null,null,null,null,null,ILNRQFBVVQUOLP,null,TRND,ibFuzfbJTdCvaxUvIZ,null,null,null,null,H2O,null,null,null,null,136381-85-6,null,null,null,0,4,0,null,null,173031,0 0 0 0,1,1,2025-06-17 15:29:19,null,null,null,null,null,null,null,364786959,activity,null,HTS,null,8.709,-0.343,4.178,-6.981,null,null,null,null,null,null,null,null,null,null,null,null,null,null,null,null,null,null,null,null,null,278939413
TRND-Glioblastoma_LOPAC_H4-primary_screen2,NCGC00015288-19,activity,null,4,6.068,4,12.307,4.095,N[S+]([O-])(=O)C1=C(Cl)C=C2NC(N[S+]([O-])(=O)C2=C1)C3CC4CC3C=C4,C9847,Cyclothiazide,SIGMA,2021_LOPAC_01,null,null,null,null,null,null,null,null,null,null,null,15.073,2.5,0.509,0.798,null,null,null,null,null,null,-9.807,null,null,6.068,-9.006,-20.942,-20.154,null,null,null,null,null,null,null,null,null,OZXVMXGVVQEPJA,null,TRND,XFoQrgYJYkmJhckPCy,null,null,null,null,null,null,null,null,null,2259-96-3,null,null,null,0,4,0,null,null,173031,0 0 0 0,1,1,2025-06-17 15:29:19,null,null,null,null,null,null,null,364785415,activity,null,HTS,null,-9.006,2.254,-1.02,6.068,null,null,null,null,null,null,null,null,null,null,null,null,null,null,null,null,null,null,null,null,null,278939414
TRND-Glioblastoma_LOPAC_H4-primary_screen2,NCGC00165952-09,activity,null,4,9.272,4,0,null,COC1=C(OCC2=C(C=C(C=C2)C(F)(F)F)C(F)(F)F)C=CC(\C=C(/C#N)C(=O)NC3=NN=C(S3)C(F)(F)F)=C1,x4753,xCT790,SIGMA,2021_LOPAC_01,null,null,null,null,null,null,null,null,null,null,null,5.264,0,null,null,null,null,null,null,null,null,0,null,null,9.827,4.564,28.713,null,null,null,null,null,null,null,null,null,null,HQFNFOOGGLSBBT,null,TRND,NMEiIKLqJmfnTKtegh,null,Estrogen-Related Receptor alpha Inverse agonist,null,null,null,null,null,null,null,null,ESRRA,null,null,0,4,null,null,null,173031,null,1,1,2025-06-17 15:29:19,null,null,null,null,null,null,null,364789611,activity,null,HTS,null,4.965,4.564,9.827,9.272,null,null,null,null,null,null,null,null,null,null,null,null,null,null,null,null,null,null,null,null,null,278939415
TRND-Glioblastoma_LOPAC_H4-primary_screen2,NCGC00015508-26,activity,null,4,10.156,4,0,null,N[S+]([O-])(=O)C1=C(Cl)C=C2NCN[S+]([O-])(=O)C2=C1,H4759,Hydrochlorothiazide,SIGMA,2021_LOPAC_01,null,null,null,null,null,null,null,null,null,null,null,8.175,0,null,null,null,null,null,null,null,null,0,null,null,10.156,1.981,19.527,null,null,null,null,null,null,null,null,null,null,MEPMRFDKQYMUPK,null,TRND,jrdjWcOEPyxRjXAczl,null,Solute carrier family 12 member 3 inhibitor,null,null,null,null,null,null,null,58-93-5,SLC12A3,null,null,0,4,null,null,null,173031,null,1,1,2025-06-17 15:29:19,null,null,null,null,null,null,null,364788827,activity,null,HTS,null,1.981,4.988,7.445,10.156,null,null,null,null,null,null,null,null,null,null,null,null,null,null,null,null,null,null,null,null,null,278939416
TRND-Glioblastoma_LOPAC_H4-primary_screen2,NCGC00016083-43,activity,null,4,4.883,4,0,null,COC1=C(OC)C=C(CCN(C)CCCC(C#N)(C(C)C)C2=CC(OC)=C(OC)C=C2)C=C1,V4629,(±)-Verapamil hydrochloride,SIGMA,2021_LOPAC_01,null,null,null,null,null,null,null,null,null,null,null,4.256,0,null,null,null,null,null,null,null,null,0,null,null,5.693,1.437,21.467,null,null,null,null,null,null,null,null,null,null,SGTNSNPWRIOYBX,null,TRND,xhpTmnXUkxWqxQqJeO,null,Calcium Channel inhibitor,null,null,CL,null,null,null,null,152-11-4,CACNA1C,null,null,0,4,null,null,null,173031,null,1,1,2025-06-17 15:29:19,null,null,null,null,null,null,null,364787759,activity,null,HTS,null,5.693,1.437,3,4.883,null,null,null,null,null,null,null,null,null,null,null,null,null,null,null,null,null,null,null,null,null,278939417
TRND-Glioblastoma_LOPAC_H4-primary_screen2,NCGC00186010-11,activity,null,4,-11.003,4,-17.204,4.955,[H][C@]12C\C=C(CO)/[C@@]1([H])[C@H](O)O\C=C2\C(=O)OC,G4796,Genipin,SIGMA,2021_LOPAC_01,null,null,null,null,null,null,null,null,null,null,null,16.593,-11.704,0.073,0.997,null,null,null,null,null,null,5.5,null,null,5.589,-11.003,16.814,17.095,null,null,null,null,null,null,null,null,null,AZKVWQKMDGGDSV,null,TRND,ktOKvCWuOdGYCHgPSa,null,null,null,null,null,null,null,null,null,6902-77-8,null,null,null,0,4,0,null,null,173031,0 0 0 0,1,1,2025-06-17 15:29:19,null,null,null,null,null,null,null,364787575,activity,null,HTS,null,5.589,4.695,5.442,-11.003,null,null,null,null,null,null,null,null,null,null,null,null,null,null,null,null,null,null,null,null,null,278939418
TRND-Glioblastoma_LOPAC_H4-primary_screen2,NCGC00690021-01,activity,null,4,10.095,4,0,null,NC\C=C(\F)COC1=CC=C(C=C1)C(=O)NC2CCCCC2,SML2253,PxS-4681A hydrochloride,SIGMA,2021_LOPAC_01,null,null,null,null,null,null,null,null,null,null,null,5.625,0,null,null,null,null,null,null,null,null,0,null,null,10.095,4.47,29.494,null,null,null,null,null,null,null,null,null,null,XVWFLTZRHVOLDH,null,TRND,OmCjhQvknyohcCsqzb,null,null,null,null,CL,null,null,null,null,null,null,null,null,0,4,null,null,null,173031,null,1,1,2025-06-17 15:29:19,null,null,null,null,null,null,null,364788195,activity,null,HTS,null,5.55,8.1,4.47,10.095,null,null,null,null,null,null,null,null,null,null,null,null,null,null,null,null,null,null,null,null,null,278939419
TRND-Glioblastoma_LOPAC_H4-primary_screen2,NCGC00388431-06,activity,null,4,2.621,4,0,null,CC(C)=CCC1=CC2=C(OC(=O)C3=C2OC4=C3C=CC(O)=C4)C=C1O,SML0932,Psoralidin,SIGMA,2021_LOPAC_01,null,null,null,null,null,null,null,null,null,null,null,9.379,0,null,null,null,null,null,null,null,null,0,null,null,12,2.621,24.267,null,null,null,null,null,null,null,null,null,null,YABIJLLNNFURIJ,null,TRND,tuHjbVIvrbBNFUaDcf,null,null,null,null,null,null,null,null,null,18642-23-4,null,null,null,0,4,null,null,null,173031,null,1,1,2025-06-17 15:29:19,null,null,null,null,null,null,null,364788011,activity,null,HTS,null,4.197,4.078,12,2.621,null,null,null,null,null,null,null,null,null,null,null,null,null,null,null,null,null,null,null,null,null,278939421
TRND-Glioblastoma_LOPAC_H4-primary_screen2,NCGC00014993-16,activity,null,4,8.648,4,0,null,OC(=O)CCCCCCCC(O)=O,246379,Azelaic acid,SIGMA,2021_LOPAC_01,null,null,null,null,null,null,null,null,null,null,null,8.763,0,null,null,null,null,null,null,null,null,0,null,null,8.648,-0.115,19.199,null,null,null,null,null,null,null,null,null,null,BDJRBEYXGGNYIS,null,TRND,XPXPFlmLSLhIgkslPJ,null,null,null,null,null,null,null,null,null,123-99-9,null,null,null,0,4,null,null,null,173031,null,1,1,2025-06-17 15:29:19,null,null,null,null,null,null,null,364788607,activity,null,HTS,null,4.715,-0.115,2.358,8.648,null,null,null,null,null,null,null,null,null,null,null,null,null,null,null,null,null,null,null,null,null,278939422
TRND-Glioblastoma_LOPAC_H4-primary_screen2,NCGC00014361-10,activity,null,4,4.223,4,-14.369,4.955,OC(=O)CP(O)(O)=O,P6909,Phosphonoacetic acid,SIGMA,2021_LOPAC_01,null,null,null,null,null,null,null,null,null,null,null,16.729,1.631,0.621,0.65,null,null,null,null,null,null,16,null,null,13.089,-3.64,39.839,39.724,null,null,null,null,null,null,null,null,null,XUYJLQHKOGNDPB,null,TRND,txatdkVBmZpUUsXMDb,null,null,null,null,null,null,null,null,null,4408-78-0,null,null,null,0,4,0,null,null,173031,0 0 0 0,1,1,2025-06-17 15:29:19,null,null,null,null,null,null,null,364787495,activity,null,HTS,null,13.089,-3.64,5.489,4.223,null,null,null,null,null,null,null,null,null,null,null,null,null,null,null,null,null,null,null,null,null,278939423
TRND-Glioblastoma_LOPAC_H4-primary_screen2,NCGC00015177-17,activity,null,4,-4.288,4,0,null,CCCN1C2=C(NC(=N2)C3CCCC3)C(=O)N(CCC)C1=O,C101,"8-Cyclopentyl-1,3-dipropylxanthine",SIGMA,2021_LOPAC_01,null,null,null,null,null,null,null,null,null,null,null,6.665,0,null,null,null,null,null,null,null,null,0,null,null,2.377,-4.288,1.756,null,null,null,null,null,null,null,null,null,null,FFBDFADSZUINTG,null,TRND,hVYPHumAfpFNeIxKkV,null,null,null,null,null,null,null,null,null,102146-07-6,null,null,null,0,4,null,null,null,173031,null,1,1,2025-06-17 15:29:19,null,null,null,null,null,null,null,364789251,activity,null,HTS,null,2.377,-3.906,0.205,-4.288,null,null,null,null,null,null,null,null,null,null,null,null,null,null,null,null,null,null,null,null,null,278939424
TRND-Glioblastoma_LOPAC_H4-primary_screen2,NCGC00179542-13,activity,null,4,4.326,4,-9.159,4.955,CCN[C@H]1CN(CCCOC)[S+]([O-])(=O)C2=C1C=C(S2)[S+](N)([O-])=O,SML0216,BRinzolamide,SIGMA,2021_LOPAC_01,null,null,null,null,null,null,null,null,null,null,null,10.096,1.341,1,0.841,null,null,null,null,null,null,10.5,null,null,9.547,-0.549,30.401,28.651,null,null,null,null,null,null,null,null,null,NLJDKPNKFMIOON,null,TRND,qKpnEwawktNmGaZORP,null,null,null,null,null,null,null,null,null,138890-62-7,null,null,null,0,4,1,null,null,173031,0 0 0 1,1,1,2025-06-17 15:29:19,null,null,null,null,null,null,null,364786399,activity,null,HTS,null,9.547,-0.549,3.502,4.326,null,null,null,null,null,null,null,null,null,null,null,null,null,null,null,null,null,null,null,null,null,278939425
TRND-Glioblastoma_LOPAC_H4-primary_screen2,NCGC00015482-20,activity,null,4,0.393,4,0,null,CC[N+](CC)(CC)CCOC1=CC=CC(OCC[N+](CC)(CC)CC)=C1OCC[N+](CC)(CC)CC,G8134,Gallamine triethiodide,SIGMA,2021_LOPAC_01,null,null,null,null,null,null,null,null,null,null,null,6.668,0,null,null,null,null,null,null,null,null,0,null,null,2.99,-3.679,-8.566,null,null,null,null,null,null,null,null,null,null,OZLPUNFFCJDMJD,null,TRND,LCOAfHTfqrLiPYHRAf,null,Muscarinic acetylcholine receptor M2 antagonist,null,null,I,null,null,null,null,null,CHRM2,null,null,0,4,null,null,null,173031,null,1,1,2025-06-17 15:29:19,null,null,null,null,null,null,null,364789555,activity,null,HTS,null,-3.679,-0.936,2.99,0.393,null,null,null,null,null,null,null,null,null,null,null,null,null,null,null,null,null,null,null,null,null,278939427
TRND-Glioblastoma_LOPAC_H4-primary_screen2,NCGC00507715-02,activity,null,4,7.853,4,0,null,CC1NC2=CC(Cl)=C(C=C2C(=O)N1C3=C(C)C=CC=C3)[S+]([O-])ON,M116,Metolazone,SIGMA,2021_LOPAC_01,null,null,null,null,null,null,null,null,null,null,null,5.73,0,null,null,null,null,null,null,null,null,0,null,null,7.853,2.123,24.268,null,null,null,null,null,null,null,null,null,null,RECBNDOXLFOHMR,null,TRND,sGXDcqcIZChxJhkgrm,null,null,null,null,null,null,null,null,null,null,null,null,null,0,4,null,null,null,173031,null,1,1,2025-06-17 15:29:19,null,null,null,null,null,null,null,364787683,activity,null,HTS,null,5.725,3.959,2.123,7.853,null,null,null,null,null,null,null,null,null,null,null,null,null,null,null,null,null,null,null,null,null,278939428
TRND-Glioblastoma_LOPAC_H4-primary_screen2,NCGC00016311-40,activity,null,4,-6.79,4,0,null,CC1=CC=C(C=C1)N(CC2=NCCN2)C3=CC=CC(O)=C3,P7561,Phentolamine mesylate,SIGMA,2021_LOPAC_01,null,null,null,null,null,null,null,null,null,null,null,9.825,0,null,null,null,null,null,null,null,null,0,null,null,3.035,-6.79,-6.912,null,null,null,null,null,null,null,null,null,null,MRBDMNSDAVCSSF,null,TRND,GsWZlpJdtCaocdyOQW,null,Alpha-1A Adrenergic Receptor antagonist,null,null,null,null,null,null,null,73-05-2,ADRA1A,null,null,0,4,null,null,null,173031,null,1,1,2025-06-17 15:29:19,null,null,null,null,null,null,null,364786711,activity,null,HTS,null,-1.22,3.035,-2.968,-6.79,null,null,null,null,null,null,null,null,null,null,null,null,null,null,null,null,null,null,null,null,null,278939429
TRND-Glioblastoma_LOPAC_H4-primary_screen2,NCGC00162176-10,activity,null,4,7.478,4,8.036,4.955,[O-]C(=O)C1=CC2=CC(CC3=CC=CN=C3)=CC=C2O1,F3764,Furegrelate sodium,SIGMA,2021_LOPAC_01,null,null,null,null,null,null,null,null,null,null,null,12.091,7.5,0.637,0.623,null,null,null,null,null,null,-0.536,null,null,7.478,-4.613,15.908,6.662,null,null,null,null,null,null,null,null,null,VHWFITPGPFLBGT,null,TRND,nKiozUSzMxOSPkBMak,null,null,null,null,SODIUM,null,null,null,null,85666-17-7,null,null,null,0,4,0,null,null,173031,0 0 0 0,1,1,2025-06-17 15:29:19,null,null,null,null,null,null,null,364787559,activity,null,HTS,null,3.757,-4.613,6.827,7.478,null,null,null,null,null,null,null,null,null,null,null,null,null,null,null,null,null,null,null,null,null,278939430
TRND-Glioblastoma_LOPAC_H4-primary_screen2,NCGC00386221-07,activity,null,4,1.651,4,0,null,CC1=CC=C(C=C1)N2SC(=O)N(CC3=CC=C(F)C=C3)C2=O,SML0908,CCG-50014    ,SIGMA,2021_LOPAC_01,null,null,null,null,null,null,null,null,null,null,null,9.679,0,null,null,null,null,null,null,null,null,0,null,null,10.906,1.227,37.434,null,null,null,null,null,null,null,null,null,null,QUIIIYITNGOFEI,null,TRND,gKYgAsJoWTsmnqdRPk,null,null,null,null,null,null,null,null,null,883050-24-6,null,null,null,0,4,null,null,null,173031,null,1,1,2025-06-17 15:29:19,null,null,null,null,null,null,null,364786027,activity,null,HTS,null,10.906,1.227,7.783,1.651,null,null,null,null,null,null,null,null,null,null,null,null,null,null,null,null,null,null,null,null,null,278939431
TRND-Glioblastoma_LOPAC_H4-primary_screen2,NCGC00015661-17,activity,null,4,4.965,4,-12.833,4.955,CCOC(=O)[N-]C1=C[N+](=NO1)N2CCOCC2,M2901,Molsidomine,SIGMA,2021_LOPAC_01,null,null,null,null,null,null,null,null,null,null,null,14.486,1.167,1,0.468,null,null,null,null,null,null,14,null,null,10.041,-4.444,32.889,30.354,null,null,null,null,null,null,null,null,null,XLFWDASMENKTKL,null,TRND,CgPzevpCKatnXTYTmw,null,null,null,null,null,null,null,null,null,25717-80-0,null,null,null,0,4,1,null,null,173031,0 0 0 1,1,1,2025-06-17 15:29:19,null,null,null,null,null,null,null,364785483,activity,null,HTS,null,10.041,-4.444,6.636,4.965,null,null,null,null,null,null,null,null,null,null,null,null,null,null,null,null,null,null,null,null,null,278939432
TRND-Glioblastoma_LOPAC_H4-primary_screen2,NCGC00015260-30,activity,null,4,8.497,4,0,null,N[C@@H](C(=O)N[C@H]1[C@H]2SCC(Cl)=C(N2C1=O)C(O)=O)C3=CC=CC=C3,C6895,Cefaclor,SIGMA,2021_LOPAC_01,null,null,null,null,null,null,null,null,null,null,null,5.469,0,null,null,null,null,null,null,null,null,0,null,null,13.966,8.497,48.015,null,null,null,null,null,null,null,null,null,null,QYIYFLOTGYLRGG,null,TRND,WTCloNsjTCiaPMFpZO,null,null,null,null,null,null,null,null,null,53994-73-3,null,null,null,0,4,null,null,null,173031,null,1,1,2025-06-17 15:29:19,null,null,null,null,null,null,null,364786315,activity,null,HTS,null,10.02,8.55,13.966,8.497,null,null,null,null,null,null,null,null,null,null,null,null,null,null,null,null,null,null,null,null,null,278939433
TRND-Glioblastoma_LOPAC_H4-primary_screen2,NCGC00024714-19,activity,null,4,2.875,4,0,null,CC1=CC=C(C=C1)C(=C/CN2CCCC2)\C3=CC=CC=N3,T6764,Triprolidine hydrochloride,SIGMA,2021_LOPAC_01,null,null,null,null,null,null,null,null,null,null,null,8.732,0,null,null,null,null,null,null,null,null,0,null,null,11.607,2.875,40.704,null,null,null,null,null,null,null,null,null,null,CBEQULMOCCWAQT,null,TRND,XFsLKkbrLYPeSLmlyO,null,null,null,null,CL,null,null,null,null,550-70-9,null,null,null,0,4,null,null,null,173031,null,1,1,2025-06-17 15:29:19,null,null,null,null,null,null,null,364785879,activity,null,HTS,null,11.607,5.721,4.266,2.875,null,null,null,null,null,null,null,null,null,null,null,null,null,null,null,null,null,null,null,null,null,278939434
TRND-Glioblastoma_LOPAC_H4-primary_screen2,NCGC00015148-14,activity,null,4,3.09,4,0,null,CCCC[S+]([O-])(=N)CCC(N)C(O)=O,B2640,"DL-Buthionine-[S,R]-sulfoximine",SIGMA,2021_LOPAC_01,null,null,null,null,null,null,null,null,null,null,null,5.993,0,null,null,null,null,null,null,null,null,0,null,null,8.053,2.061,30.205,null,null,null,null,null,null,null,null,null,null,WDFRNLYXRQXXFS,null,TRND,qgvRjyyhcJnDBNojxN,null,Glutamate-Cysteine Ligase catalytic subunit inhibitor,null,null,null,null,null,null,null,5072-26-4,GCLC,null,null,0,4,null,null,null,173031,null,1,1,2025-06-17 15:29:19,null,null,null,null,null,null,null,364790207,activity,null,HTS,null,8.053,6.855,2.061,3.09,null,null,null,null,null,null,null,null,null,null,null,null,null,null,null,null,null,null,null,null,null,278939435
TRND-Glioblastoma_LOPAC_H4-primary_screen2,NCGC00371406-04,activity,null,4,0.579,4,0,null,NCC[S+](O)[O-],H1384,Hypotaurine,SIGMA,2021_LOPAC_01,null,null,null,null,null,null,null,null,null,null,null,5.721,0,null,null,null,null,null,null,null,null,0,null,null,6.3,0.579,15.617,null,null,null,null,null,null,null,null,null,null,VVIUBCNYACGLLV,null,TRND,PzcjrmAuhLUnfvCyIx,null,null,null,null,null,null,null,null,null,300-84-5,null,null,null,0,4,null,null,null,173031,null,1,1,2025-06-17 15:29:19,null,null,null,null,null,null,null,364786255,activity,null,HTS,null,2.855,6.3,4.271,0.579,null,null,null,null,null,null,null,null,null,null,null,null,null,null,null,null,null,null,null,null,null,278939436
TRND-Glioblastoma_LOPAC_H4-primary_screen2,NCGC00016850-26,activity,null,4,7.719,4,-14.534,2.406,CC(C)(OC1=CC=C(CCNC(=O)C2=CC=C(Cl)C=C2)C=C1)C(O)=O,B7273,Bezafibrate,SIGMA,2021_LOPAC_01,null,null,null,null,null,null,null,null,null,null,null,13.792,-6.034,1,1,null,null,null,null,null,null,8.5,null,null,8.346,-5.445,19.197,18.76,null,null,null,null,null,null,null,null,null,IIBYAHWJQTYFKB,null,TRND,vjdLsXKoBupxdrqgIM,null,null,null,null,null,null,null,null,null,41859-67-0,null,null,null,0,4,1,null,null,173031,0 0 0 1,1,1,2025-06-17 15:29:19,null,null,null,null,null,null,null,364786359,activity,null,HTS,null,8.346,3.871,-5.445,7.719,null,null,null,null,null,null,null,null,null,null,null,null,null,null,null,null,null,null,null,null,null,278939437
TRND-Glioblastoma_LOPAC_H4-primary_screen2,NCGC00163151-08,activity,null,4,6.744,4,0,null,CC(CC1=CC=C(OCC(O)=O)C=C1)NCC(O)C2=CC(Cl)=CC=C2,B169,BRL 37344 sodium,SIGMA,2021_LOPAC_01,null,null,null,null,null,null,null,null,null,null,null,1.8,0,null,null,null,null,null,null,null,null,0,null,null,6.804,5.003,29.489,null,null,null,null,null,null,null,null,null,null,ZGGNJJJYUVRADP,null,TRND,RKpmQYgXjVCvOTmEUG,null,null,null,null,SODIUM,null,null,null,null,127299-93-8 (anhydrous),null,null,null,0,4,null,null,null,173031,null,1,1,2025-06-17 15:29:19,null,null,null,null,null,null,null,364787587,activity,null,HTS,null,6.804,5.003,5.1,6.744,null,null,null,null,null,null,null,null,null,null,null,null,null,null,null,null,null,null,null,null,null,278938895
TRND-Glioblastoma_LOPAC_H4-primary_screen2,NCGC00015304-11,activity,null,4,5.408,4,8.211,3.132,C[N+]1(C)CCC(CC1)OC(=O)C(C2=CC=CC=C2)C3=CC=CC=C3,SML0255,4-DAMP,SIGMA,2021_LOPAC_01,null,null,null,null,null,null,null,null,null,null,null,11.417,5.5,0.587,0.704,null,null,null,null,null,null,-2.711,null,null,5.408,-6.009,-1.285,-7.249,null,null,null,null,null,null,null,null,null,HYJRTXSYDAFGJK,null,TRND,gqPvONAfTWLElXeeyb,null,null,null,null,I,null,null,null,null,null,null,null,null,0,4,0,null,null,173031,0 0 0 0,1,1,2025-06-17 15:29:19,null,null,null,null,null,null,null,364787039,activity,null,HTS,null,0.255,-6.009,-0.911,5.408,null,null,null,null,null,null,null,null,null,null,null,null,null,null,null,null,null,null,null,null,null,278938896
TRND-Glioblastoma_LOPAC_H4-primary_screen2,NCGC00015063-10,activity,null,4,-1.166,4,0,null,NC(CP(O)(O)=O)C(O)=O,A4910,(±)-2-Amino-3-phosphonopropionic acid,SIGMA,2021_LOPAC_01,null,null,null,null,null,null,null,null,null,null,null,5.52,0,null,null,null,null,null,null,null,null,0,null,null,4.28,-1.24,5.297,null,null,null,null,null,null,null,null,null,null,LBTABPSJONFLPO,null,TRND,ePBPZokqXLlWQagzgw,null,null,null,null,null,null,null,null,null,null,null,null,null,0,4,null,null,null,173031,null,1,1,2025-06-17 15:29:19,null,null,null,null,null,null,null,364789183,activity,null,HTS,null,1.364,4.28,-1.24,-1.166,null,null,null,null,null,null,null,null,null,null,null,null,null,null,null,null,null,null,null,null,null,278938898
TRND-Glioblastoma_LOPAC_H4-primary_screen2,NCGC00016954-21,activity,null,4,3.375,4,-11.983,2.353,CCCN1CCC[C@@H]2CC3=NNC=C3C[C@@H]12,Q102,(-)-Quinpirole hydrochloride,SIGMA,2021_LOPAC_01,null,null,null,null,null,null,null,null,null,null,null,10.087,-5.983,1,1,null,null,null,null,null,null,6,null,null,5.934,-4.153,14.68,13.709,null,null,null,null,null,null,null,null,null,FTSUPYGMFAPCFZ,null,TRND,ryWdWkVdVpvfHhJMXl,null,null,null,null,CL,null,null,null,null,85798-08-9,null,null,null,0,4,1,null,null,173031,0 0 0 1,1,1,2025-06-17 15:29:19,null,null,null,null,null,null,null,364786839,activity,null,HTS,null,5.934,4.721,-4.153,3.375,null,null,null,null,null,null,null,null,null,null,null,null,null,null,null,null,null,null,null,null,null,278938900
TRND-Glioblastoma_LOPAC_H4-primary_screen2,NCGC00162270-06,activity,null,4,13.275,4,0,null,OC[C@H]1O[C@H]([C@H](O)C1O)N2C=NC3=C2N=CN=C3SCC4=CC=C(C=C4)[N+]([O-])=O,N2255,S-(4-Nitrobenzyl)-6-thioinosine,SIGMA,2021_LOPAC_01,null,null,null,null,null,null,null,null,null,null,null,7.509,0,null,null,null,null,null,null,null,null,0,null,null,13.275,5.766,37.449,null,null,null,null,null,null,null,null,null,null,DYCJFJRCWPVDHY,null,TRND,FZhMuIzWgBfoehKNFJ,null,Kynurenine Aminotransferase II (KAT II) inhibitor,null,null,null,null,null,null,null,null,AADAT,null,null,0,4,null,null,null,173031,null,1,1,2025-06-17 15:29:19,null,null,null,null,null,null,null,364787731,activity,null,HTS,null,6.436,5.766,12.272,13.275,null,null,null,null,null,null,null,null,null,null,null,null,null,null,null,null,null,null,null,null,null,278938901
TRND-Glioblastoma_LOPAC_H4-primary_screen2,NCGC00015713-27,activity,null,4,-5.989,4,-29.187,0.7,CCOC(=O)C1=C(C)NC(C)=C(C1C2=CC=CC(=C2)[N+]([O-])=O)C(=O)OC,N144,Nitrendipine,SIGMA,2021_LOPAC_01,null,null,null,null,null,null,null,null,null,null,null,22.752,-11.187,0.435,0.862,null,null,null,null,null,null,18,null,null,16.763,-5.989,53.578,50.876,null,null,null,null,null,null,null,null,null,PVHUJELLJLJGLN,null,TRND,MyjnyRRQtXiJJRODnv,null,null,null,null,null,null,null,null,null,39562-70-4,null,null,null,0,4,0,null,null,173031,0 0 0 0,1,1,2025-06-17 15:29:19,null,null,null,null,null,null,null,364785899,activity,null,HTS,null,16.763,7.142,7.46,-5.989,null,null,null,null,null,null,null,null,null,null,null,null,null,null,null,null,null,null,null,null,null,278938902
TRND-Glioblastoma_LOPAC_H4-primary_screen2,NCGC00016002-07,activity,null,4,-1.06,4,0,null,CC(C)NP(=O)(NC(C)C)OP(=O)(NC(C)C)NC(C)C,T1505,Tetraisopropyl pyrophosphoramide,SIGMA,2021_LOPAC_01,null,null,null,null,null,null,null,null,null,null,null,4.475,0,null,null,null,null,null,null,null,null,0,null,null,1.623,-2.852,-7.993,null,null,null,null,null,null,null,null,null,null,IOIMDJXKIMCMIG,null,TRND,EkrUbPAZNSXaOSVRNc,null,null,null,null,null,null,null,null,null,null,null,null,null,0,4,null,null,null,173031,null,1,1,2025-06-17 15:29:19,null,null,null,null,null,null,null,364789619,activity,null,HTS,null,-2.852,1.623,-0.935,-1.06,null,null,null,null,null,null,null,null,null,null,null,null,null,null,null,null,null,null,null,null,null,278938903
TRND-Glioblastoma_LOPAC_H4-primary_screen2,NCGC00015485-10,activity,null,4,7.74,4,0,null,C[N+]1(C)CCOC(O)(C1)C2=CC=C(C=C2)C3=CC=C(C=C3)C4(O)C[N+](C)(C)CCO4,H108,Hemicholinium-3,SIGMA,2021_LOPAC_01,null,null,null,null,null,null,null,null,null,null,null,13.278,0,null,null,null,null,null,null,null,null,0,null,null,9.071,-4.207,31.538,null,null,null,null,null,null,null,null,null,null,JIWUESGGKYLPPG,null,TRND,qArZPeTYfVKnStNcxq,null,null,null,null,BR,null,null,null,null,null,null,null,null,0,4,null,null,null,173031,null,1,1,2025-06-17 15:29:19,null,null,null,null,null,null,null,364786335,activity,null,HTS,null,9.071,-4.207,7.486,7.74,null,null,null,null,null,null,null,null,null,null,null,null,null,null,null,null,null,null,null,null,null,278938904
TRND-Glioblastoma_LOPAC_H4-primary_screen2,NCGC00015312-09,activity,null,4,1.491,4,0,null,CN1C=NC2=C1C(=O)N(CC#C)C(=O)N2C,D134,"3,7-Dimethyl-1-propargylxanthine",SIGMA,2021_LOPAC_01,null,null,null,null,null,null,null,null,null,null,null,8.13,0,null,null,null,null,null,null,null,null,0,null,null,6.871,-1.259,19.5,null,null,null,null,null,null,null,null,null,null,IORPOFJLSIHJOG,null,TRND,JhlmkFPwiAxtzVtwEh,null,null,null,null,null,null,null,null,null,14114-46-6,null,null,null,0,4,null,null,null,173031,null,1,1,2025-06-17 15:29:19,null,null,null,null,null,null,null,364786655,activity,null,HTS,null,6.871,0.755,-1.259,1.491,null,null,null,null,null,null,null,null,null,null,null,null,null,null,null,null,null,null,null,null,null,278938906
TRND-Glioblastoma_LOPAC_H4-primary_screen2,NCGC00015537-07,activity,null,4,9.213,4,0,null,OC1=CC=CC2=C(O)N=CC=C12,I138,"1,5-Isoquinolinediol",SIGMA,2021_LOPAC_01,null,null,null,null,null,null,null,null,null,null,null,10.996,0,null,null,null,null,null,null,null,null,0,null,null,9.213,-1.782,32.285,null,null,null,null,null,null,null,null,null,null,LFUJIPVWTMGYDG,null,TRND,nlMiUPJzjJXEVQnXbA,null,null,null,null,null,null,null,null,null,null,null,null,null,0,4,null,null,null,173031,null,1,1,2025-06-17 15:29:19,null,null,null,null,null,null,null,364786115,activity,null,HTS,null,8.168,-1.782,8.606,9.213,null,null,null,null,null,null,null,null,null,null,null,null,null,null,null,null,null,null,null,null,null,278938907
TRND-Glioblastoma_LOPAC_H4-primary_screen2,NCGC00167487-24,activity,null,4,0.483,4,-7.397,4.955,C[C@](O)(C[S+]([O-])(=O)C1=CC=C(F)C=C1)C(=O)NC2=CC=C(C#N)C(=C2)C(F)(F)F,B9061,Bicalutamide (CDx),SIGMA,2021_LOPAC_01,null,null,null,null,null,null,null,null,null,null,null,12.192,-1.397,0.621,0.65,null,null,null,null,null,null,6,null,null,9.361,-2.831,12.656,19.188,null,null,null,null,null,null,null,null,null,CMPOAZJLBGOPQD,null,TRND,hOsofBmuijrtWFQQEe,null,Androgen Receptor antagonist,null,null,null,null,null,null,null,[NO STEREO] 90357-06-5,AR,null,null,0,4,0,null,null,173031,0 0 0 0,1,1,2025-06-17 15:29:19,null,null,null,null,null,null,null,364789331,activity,null,HTS,null,2.825,9.361,-2.831,0.483,null,null,null,null,null,null,null,null,null,null,null,null,null,null,null,null,null,null,null,null,null,278938908
TRND-Glioblastoma_LOPAC_H4-primary_screen2,NCGC00016069-25,activity,null,4,10.558,4,0,null,BrC1=C2N=CC=NC2=CC=C1NC3=NCCN3,U104,"UK 14,304",SIGMA,2021_LOPAC_01,null,null,null,null,null,null,null,null,null,null,null,7.295,0,null,null,null,null,null,null,null,null,0,null,null,10.558,3.264,32.946,null,null,null,null,null,null,null,null,null,null,XYLJNLCSTIOKRM,null,TRND,gzctkmCFvySOiyntrC,null,null,null,null,null,null,null,null,null,59803-98-4,null,null,null,0,4,null,null,null,173031,null,1,1,2025-06-17 15:29:19,null,null,null,null,null,null,null,364786463,activity,null,HTS,null,7.869,4.689,3.264,10.558,null,null,null,null,null,null,null,null,null,null,null,null,null,null,null,null,null,null,null,null,null,278938910
TRND-Glioblastoma_LOPAC_H4-primary_screen2,NCGC00095123-18,activity,null,4,4.23,4,6.881,4.955,CCOC1=NC2=CC=CC(C(=O)OC(C)OC(=O)OC3CCCCC3)=C2N1CC4=CC=C(C=C4)C5=CC=CC=C5C6=NN=NN6,SML0245,Candesartan cilexetil,SIGMA,2021_LOPAC_01,null,null,null,null,null,null,null,null,null,null,null,12.764,5,0.715,0.443,null,null,null,null,null,null,-1.881,null,null,5.78,-6.984,11.065,-0.574,null,null,null,null,null,null,null,null,null,GHOSNRCGJFBJIB,null,TRND,YUBeCgudpviuykQVoK,null,null,null,null,null,null,null,null,null,145040-37-5,null,null,null,0,4,0,null,null,173031,0 0 0 0,1,1,2025-06-17 15:29:19,null,null,null,null,null,null,null,364789395,activity,null,HTS,null,3.488,-6.984,5.78,4.23,null,null,null,null,null,null,null,null,null,null,null,null,null,null,null,null,null,null,null,null,null,278938911
TRND-Glioblastoma_LOPAC_H4-primary_screen2,NCGC00015836-26,activity,null,4,-1.573,4,0,null,CN1CCN(CC(=O)N2C3=C(C=CC=C3)C(=O)NC4=C2N=CC=C4)CC1,P7412,Pirenzepine dihydrochloride,SIGMA,2021_LOPAC_01,null,null,null,null,null,null,null,null,null,null,null,9.681,0,null,null,null,null,null,null,null,null,0,null,null,1.32,-8.361,-2.107,null,null,null,null,null,null,null,null,null,null,RMHMFHUVIITRHF,null,TRND,AYJOBNhCAWaMaFofTg,null,null,null,null,CL,null,null,null,null,null,null,null,null,0,4,null,null,null,173031,null,1,1,2025-06-17 15:29:19,null,null,null,null,null,null,null,364785431,activity,null,HTS,null,1.32,-8.361,1.287,-1.573,null,null,null,null,null,null,null,null,null,null,null,null,null,null,null,null,null,null,null,null,null,278938914
TRND-Glioblastoma_LOPAC_H4-primary_screen2,NCGC00018193-24,activity,null,4,-2.61,4,-9.632,4.955,COCCCC\C(C1=CC=C(C=C1)C(F)(F)F)=N/OCCN,F2802,Fluvoxamine maleate,SIGMA,2021_LOPAC_01,null,null,null,null,null,null,null,null,null,null,null,10.722,0.368,0.627,0.642,null,null,null,null,null,null,10,null,null,8.112,-2.61,23.97,23.22,null,null,null,null,null,null,null,null,null,CJOFXWAVKWHTFT,null,TRND,kIXDXDErOeaTSHEBpa,null,null,null,null,MALEATE,null,null,null,null,61718-82-9,null,null,null,0,4,0,null,null,173031,0 0 0 0,1,1,2025-06-17 15:29:19,null,null,null,null,null,null,null,364786279,activity,null,HTS,null,8.112,-0.277,4.322,-2.61,null,null,null,null,null,null,null,null,null,null,null,null,null,null,null,null,null,null,null,null,null,278938915
TRND-Glioblastoma_LOPAC_H4-primary_screen2,NCGC00186024-16,activity,null,4,-21.018,4,-26.221,4.504,CC1=NC(=CC=C1)C2=C(N=C(N2)C(C)(C)C)C3=CC=C4N=CC=NC4=C3,S8822,SB-525334,SIGMA,2021_LOPAC_01,null,null,null,null,null,null,null,null,null,null,null,26.854,-21.221,0.083,0.996,null,null,null,null,null,null,5,null,null,5.836,-21.018,4.682,7.222,null,null,null,null,null,null,null,null,null,DKPQHFZUICCZHF,null,TRND,URimPEbxiSUmARuWBM,null,TGF-beta receptor type-1 inhibitor,null,null,null,null,null,null,null,null,TGFBR1,null,null,0,4,0,null,null,173031,0 0 0 0,1,1,2025-06-17 15:29:19,null,null,null,null,null,null,null,364789935,activity,null,HTS,null,3.88,5.836,1.263,-21.018,null,null,null,null,null,null,null,null,null,null,null,null,null,null,null,null,null,null,null,null,null,278938917
TRND-Glioblastoma_LOPAC_H4-primary_screen2,NCGC00096070-12,activity,null,4,12.112,4,0,null,CC(C)=CCC\C(C)=C\COC1=CC2=C(C=CC(=O)O2)C=C1,A9861,Auraptene,SIGMA,2021_LOPAC_01,null,null,null,null,null,null,null,null,null,null,null,8.496,0,null,null,null,null,null,null,null,null,0,null,null,12.112,3.616,25.374,null,null,null,null,null,null,null,null,null,null,RSDDHGSKLOSQFK,null,TRND,DjMzPgTONndQyGuGNc,null,null,null,null,null,null,null,null,null,495-02-3,null,null,null,0,4,null,null,null,173031,null,1,1,2025-06-17 15:29:19,null,null,null,null,null,null,null,364789979,activity,null,HTS,null,3.616,5.169,7.665,12.112,null,null,null,null,null,null,null,null,null,null,null,null,null,null,null,null,null,null,null,null,null,278938919
TRND-Glioblastoma_LOPAC_H4-primary_screen2,NCGC00507731-02,activity,null,4,2.491,4,0,null,[H]C12CN(CC1([H])C3CCC2O3)C(=O)C4=CC=C(Br)C=C4,SML0226,Pseudocantharidin C,SIGMA,2021_LOPAC_01,null,null,null,null,null,null,null,null,null,null,null,6.176,0,null,null,null,null,null,null,null,null,0,null,null,4.301,-1.875,11.497,null,null,null,null,null,null,null,null,null,null,XCBSDRWUWCALRI,null,TRND,oHtqPOjziXLljmLiBG,null,null,null,null,null,null,null,null,null,null,null,null,null,0,4,null,null,null,173031,null,1,1,2025-06-17 15:29:19,null,null,null,null,null,null,null,364788403,activity,null,HTS,null,4.301,-0.626,-1.875,2.491,null,null,null,null,null,null,null,null,null,null,null,null,null,null,null,null,null,null,null,null,null,278938920
TRND-Glioblastoma_LOPAC_H4-primary_screen2,NCGC00093949-09,activity,null,4,2.437,4,-12.037,4.955,[H][C@@]12CC[C@](O)(C(C)=O)[C@@]1(C)CC[C@@]3([H])[C@@]2([H])CCC4=CC(=O)CC[C@]34C,H5752,17alpha-hydroxyprogesterone,SIGMA,2021_LOPAC_01,null,null,null,null,null,null,null,null,null,null,null,14.013,1.963,0.685,0.521,null,null,null,null,null,null,14,null,null,10.648,-3.364,33.264,32.551,null,null,null,null,null,null,null,null,null,DBPWSSGDRRHUNT,null,TRND,CZPkrsysedrxezwZYq,null,null,null,null,null,null,null,null,null,68-96-2,null,null,null,0,4,0,null,null,173031,0 0 0 0,1,1,2025-06-17 15:29:19,null,null,null,null,null,null,null,364785647,activity,null,HTS,null,10.648,-3.364,6.839,2.437,null,null,null,null,null,null,null,null,null,null,null,null,null,null,null,null,null,null,null,null,null,278938921
TRND-Glioblastoma_LOPAC_H4-primary_screen2,NCGC00018248-29,activity,null,4,6.771,4,0,null,CN1C(C(=O)NC2=NC=C(C)S2)=C(O)C3=CC=CC=C3[S+]1([O-])=O,M3935,Meloxicam sodium,SIGMA,2021_LOPAC_01,null,null,null,null,null,null,null,null,null,null,null,5.861,0,null,null,null,null,null,null,null,null,0,null,null,6.771,0.91,18.348,null,null,null,null,null,null,null,null,null,null,JJMWPUUMNOUPNB,null,TRND,IocIuKjnQHjguhKjDi,null,Cyclooxygenase 2(COX2) inhibitor,null,null,SODIUM,null,null,null,null,71125-38-7,PTGS2,null,null,0,4,null,null,null,173031,null,1,1,2025-06-17 15:29:19,null,null,null,null,null,null,null,364788055,activity,null,HTS,null,4.208,3.539,0.91,6.771,null,null,null,null,null,null,null,null,null,null,null,null,null,null,null,null,null,null,null,null,null,278938922
TRND-Glioblastoma_LOPAC_H4-primary_screen2,NCGC00015184-10,activity,null,4,5.257,4,0,null,CC(C)(C)NCC(O)COC1=CC=CC2=C1NC(=O)N2,C125,(±)-CGP-12177A hydrochloride,SIGMA,2021_LOPAC_01,null,null,null,null,null,null,null,null,null,null,null,9.696,0,null,null,null,null,null,null,null,null,0,null,null,10.73,1.033,18.121,null,null,null,null,null,null,null,null,null,null,UMQUQWCJKFOUGV,null,TRND,HMUuJvHvtfSBszCTPy,null,null,null,null,CL,null,null,null,null,null,null,null,null,0,4,null,null,null,173031,null,1,1,2025-06-17 15:29:19,null,null,null,null,null,null,null,364788467,activity,null,HTS,null,2.57,1.033,10.73,5.257,null,null,null,null,null,null,null,null,null,null,null,null,null,null,null,null,null,null,null,null,null,278938924
TRND-Glioblastoma_LOPAC_H4-primary_screen2,NCGC00015456-13,activity,null,4,-1.766,4,0,null,OC(=O)C1=CCNCC1,G002,Isoguvacine hydrochloride,SIGMA,2021_LOPAC_01,null,null,null,null,null,null,null,null,null,null,null,3.785,0,null,null,null,null,null,null,null,null,0,null,null,-1.269,-5.054,-18.39,null,null,null,null,null,null,null,null,null,null,KRVDMABBKYMBHG,null,TRND,OpBQWQFvpJZJsLPDPB,null,null,null,null,CL,null,null,null,null,null,null,null,null,0,4,null,null,null,173031,null,1,1,2025-06-17 15:29:19,null,null,null,null,null,null,null,364785743,activity,null,HTS,null,-4.7,-5.054,-1.269,-1.766,null,null,null,null,null,null,null,null,null,null,null,null,null,null,null,null,null,null,null,null,null,278938926
TRND-Glioblastoma_LOPAC_H4-primary_screen2,NCGC00159452-06,activity,null,4,7.815,4,-14.5,1.134,FC1=CC=C2OCC[C@]3(NC(=O)NC3=O)C2=C1,S7701,Sorbinil,SIGMA,2021_LOPAC_01,null,null,null,null,null,null,null,null,null,null,null,10.415,0,1,1,null,null,null,null,null,null,14.5,null,null,12.158,1.743,40.445,39.562,null,null,null,null,null,null,null,null,null,LXANPKRCLVQAOG,null,TRND,IRWCWFskxHVMpJOxVi,null,null,null,null,null,null,null,null,null,68367-52-2,null,null,null,0,4,1,null,null,173031,0 0 0 1,1,1,2025-06-17 15:29:19,null,null,null,null,null,null,null,364786915,activity,null,HTS,null,12.158,6.539,1.743,7.815,null,null,null,null,null,null,null,null,null,null,null,null,null,null,null,null,null,null,null,null,null,278938927
TRND-Glioblastoma_LOPAC_H4-primary_screen2,NCGC00015815-12,activity,null,4,-8.999,4,-14.799,4.095,CCCCCCCCCCCCCCCC(=O)OC(CC(O)=O)C[N+](C)(C)C,P4509,Palmitoyl-DL-Carnitine chloride,SIGMA,2021_LOPAC_01,null,null,null,null,null,null,null,null,null,null,null,16.692,-9.299,0.298,0.941,null,null,null,null,null,null,5.5,null,null,7.692,-8.999,21.73,17.053,null,null,null,null,null,null,null,null,null,XOMRRQXKHMYMOC,null,TRND,WrkhuPphAnhIzraBct,null,null,null,null,CL,null,null,null,null,[NO STEREO] 18877-64-0,null,null,null,0,4,0,null,null,173031,0 0 0 0,1,1,2025-06-17 15:29:19,null,null,null,null,null,null,null,364789687,activity,null,HTS,null,7.692,3.366,3.949,-8.999,null,null,null,null,null,null,null,null,null,null,null,null,null,null,null,null,null,null,null,null,null,278938928
TRND-Glioblastoma_LOPAC_H4-primary_screen2,NCGC00015024-09,activity,null,4,8.353,4,0,null,NC1(CCC2=C1C=CC(=C2)C(O)=O)C(O)=O,A254,AIDA,SIGMA,2021_LOPAC_01,null,null,null,null,null,null,null,null,null,null,null,4.366,0,null,null,null,null,null,null,null,null,0,null,null,8.353,3.987,33.606,null,null,null,null,null,null,null,null,null,null,LSTPKMWNRWCNLS,null,TRND,GECyBSuUOdMjjzqZhI,null,null,null,null,null,null,null,null,null,null,null,null,null,0,4,null,null,null,173031,null,1,1,2025-06-17 15:29:19,null,null,null,null,null,null,null,364787307,activity,null,HTS,null,8.276,4.949,3.987,8.353,null,null,null,null,null,null,null,null,null,null,null,null,null,null,null,null,null,null,null,null,null,278939439
TRND-Glioblastoma_LOPAC_H4-primary_screen2,NCGC00090504-27,activity,null,4,-22.117,4,-24.041,4.504,OC1=CC=C(\C=C\C(=O)C2=C(O)C=C(O)C=C2)C=C1,I3766,Isoliquiritigenin,SIGMA,2021_LOPAC_01,null,null,null,null,null,null,null,null,null,null,null,27.589,-23.541,0.395,0.89,null,null,null,null,null,null,0.5,null,null,5.472,-22.117,-19.51,-9.782,null,null,null,null,null,null,null,null,null,DXDRHHKMWQZJHT,null,TRND,fiVNxQwRwsIVTMahfc,null,NMDA Receptor antagonist,null,null,null,null,null,null,null,961-29-5,GRIN1,null,null,0,4,0,null,null,173031,0 0 0 0,1,1,2025-06-17 15:29:19,null,null,null,null,null,null,null,364788127,activity,null,HTS,null,-4.268,5.472,0.196,-22.117,null,null,null,null,null,null,null,null,null,null,null,null,null,null,null,null,null,null,null,null,null,278939441
TRND-Glioblastoma_LOPAC_H4-primary_screen2,NCGC00015846-29,activity,null,4,1.245,4,0,null,CCCCC1C(=O)N(N(C1=O)C2=CC=CC=C2)C3=CC=CC=C3,P8386,Phenylbutazone,SIGMA,2021_LOPAC_01,null,null,null,null,null,null,null,null,null,null,null,8.732,0,null,null,null,null,null,null,null,null,0,null,null,7.534,-1.198,6.404,null,null,null,null,null,null,null,null,null,null,VYMDGNCVAMGZFE,null,TRND,uiXLghgZfkQCIFtSNv,null,null,null,null,null,null,null,null,null,50-33-9,null,null,null,0,4,null,null,null,173031,null,1,1,2025-06-17 15:29:19,null,null,null,null,null,null,null,364787367,activity,null,HTS,null,-1.198,5.444,7.534,1.245,null,null,null,null,null,null,null,null,null,null,null,null,null,null,null,null,null,null,null,null,null,278939442
TRND-Glioblastoma_LOPAC_H4-primary_screen2,NCGC00024846-19,activity,null,4,-4.694,4,0,null,NC(=N)N\N=C\C1=C(Cl)C=CC=C1Cl,G110,Guanabenz acetate,SIGMA,2021_LOPAC_01,null,null,null,null,null,null,null,null,null,null,null,7.587,0,null,null,null,null,null,null,null,null,0,null,null,2.894,-4.694,5.358,null,null,null,null,null,null,null,null,null,null,WDZVGELJXXEGPV,null,TRND,cAtAWvlbKvQPInqupg,null,null,null,null,null,null,null,null,null,23256-50-0,null,null,null,0,4,null,null,null,173031,null,1,1,2025-06-17 15:29:19,null,null,null,null,null,null,null,364788299,activity,null,HTS,null,1.561,2.894,2.103,-4.694,null,null,null,null,null,null,null,null,null,null,null,null,null,null,null,null,null,null,null,null,null,278939443
TRND-Glioblastoma_LOPAC_H4-primary_screen2,NCGC00015629-10,activity,null,4,7.795,4,0,null,CC(N)CC1=CNC2=C1C=C(O)C=C2,M110,alpha-Methyl-5-hydroxytryptamine maleate,SIGMA,2021_LOPAC_01,null,null,null,null,null,null,null,null,null,null,null,8.767,0,null,null,null,null,null,null,null,null,0,null,null,9.935,1.168,22.728,null,null,null,null,null,null,null,null,null,null,LYPCGXKCQDYTFV,null,TRND,LkBytJLIqOBPDdhjET,null,null,null,null,MALEATE,null,null,null,null,null,null,null,null,0,4,null,null,null,173031,null,1,1,2025-06-17 15:29:19,null,null,null,null,null,null,null,364787043,activity,null,HTS,null,3.916,1.168,9.935,7.795,null,null,null,null,null,null,null,null,null,null,null,null,null,null,null,null,null,null,null,null,null,278939444
TRND-Glioblastoma_LOPAC_H4-primary_screen2,NCGC00014670-30,activity,null,4,-17.918,4,-27.502,4.955,ClC1=CC2=C(C=C1)N(C3CCN(CCCN4C(=O)NC5=C4C=CC=C5)CC3)C(=O)N2,D122,Domperidone,SIGMA,2021_LOPAC_01,null,null,null,null,null,null,null,null,null,null,null,26.981,-21.502,0.242,0.962,null,null,null,null,null,null,6,null,null,9.062,-17.918,10.79,15.462,null,null,null,null,null,null,null,null,null,FGXWKSZFVQUSTL,null,TRND,rcAeQDHVcYZbMSVgfm,null,Dopamine Receptor D2 antagonist,null,null,null,null,null,null,null,57808-66-9,DRD2,null,null,0,4,0,null,null,173031,0 0 0 0,1,1,2025-06-17 15:29:19,null,null,null,null,null,null,null,364786639,activity,null,HTS,null,3.871,4.479,9.062,-17.918,null,null,null,null,null,null,null,null,null,null,null,null,null,null,null,null,null,null,null,null,null,278939445
TRND-Glioblastoma_LOPAC_H4-primary_screen2,NCGC00016009-25,activity,null,4,-2.251,4,0,null,CC1=CC=C(C=C1)[S+]([O-])(=O)NC(=O)NN2CCCCCC2,T2408,Tolazamide,SIGMA,2021_LOPAC_01,null,null,null,null,null,null,null,null,null,null,null,7.952,0,null,null,null,null,null,null,null,null,0,null,null,5.701,-2.251,0.56,null,null,null,null,null,null,null,null,null,null,GPYYDSQFDXSIGJ,null,TRND,YLhNsBYdhBeaRgNzZa,null,null,null,null,null,null,null,null,null,1156-19-0,null,null,null,0,4,null,null,null,173031,null,1,1,2025-06-17 15:29:19,null,null,null,null,null,null,null,364790275,activity,null,HTS,null,-0.972,5.701,0.654,-2.251,null,null,null,null,null,null,null,null,null,null,null,null,null,null,null,null,null,null,null,null,null,278939446
TRND-Glioblastoma_LOPAC_H4-primary_screen2,NCGC00095899-18,activity,null,4,0.322,4,0,null,CN(C)CCC1=CNC2=CC=C(CN3C=NC=N3)C=C12,SML0247,Rizatriptan benzoate salt,SIGMA,2021_LOPAC_01,null,null,null,null,null,null,null,null,null,null,null,4.425,0,null,null,null,null,null,null,null,null,0,null,null,0.322,-4.103,-9.977,null,null,null,null,null,null,null,null,null,null,ULFRLSNUDGIQQP,null,TRND,HWScWawNAgcVvDGHjU,null,null,null,null,BENZOIC_ACID,null,null,null,null,144034-80-0,null,null,null,0,4,null,null,null,173031,null,1,1,2025-06-17 15:29:19,null,null,null,null,null,null,null,364786707,activity,null,HTS,null,-2.321,-4.103,-1.2,0.322,null,null,null,null,null,null,null,null,null,null,null,null,null,null,null,null,null,null,null,null,null,278939447
TRND-Glioblastoma_LOPAC_H4-primary_screen2,NCGC00015514-17,activity,null,4,-13.342,4,-19.511,2.638,CC1=NC=CC2=C1NC3=C2C=CC=C3,H7258,Harmane,SIGMA,2021_LOPAC_01,null,null,null,null,null,null,null,null,null,null,null,18.87,-14.511,0.065,0.997,null,null,null,null,null,null,5,null,null,5.528,-13.342,11.981,10.977,null,null,null,null,null,null,null,null,null,PSFDQSOCUJVVGF,null,TRND,oyPqfstruuxGfIrODh,null,null,null,null,null,null,null,null,null,486-84-0,null,null,null,0,4,0,null,null,173031,0 0 0 0,1,1,2025-06-17 15:29:19,null,null,null,null,null,null,null,364788203,activity,null,HTS,null,5.528,4.452,0.777,-13.342,null,null,null,null,null,null,null,null,null,null,null,null,null,null,null,null,null,null,null,null,null,278939448
TRND-Glioblastoma_LOPAC_H4-primary_screen2,NCGC00015917-15,activity,null,4,-29.815,4,-32.278,4.504,CN1C=CC2=CC3=C(CCN3C(=O)NC4=CC=CN=C4)C=C12,S180,SB 206553 hydrochloride,SIGMA,2021_LOPAC_01,null,null,null,null,null,null,null,null,null,null,null,35.181,-29.778,0.17,0.982,null,null,null,null,null,null,2.5,null,null,5.366,-29.815,-12.864,-8.284,null,null,null,null,null,null,null,null,null,QJQORSLQNXDVGE,null,TRND,OcvhRvVMuPDfjmEGkS,null,null,null,null,CL,null,null,null,null,null,null,null,null,0,4,0,null,null,173031,0 0 0 0,1,1,2025-06-17 15:29:19,null,null,null,null,null,null,null,364788323,activity,null,HTS,null,0.175,5.366,-2.04,-29.815,null,null,null,null,null,null,null,null,null,null,null,null,null,null,null,null,null,null,null,null,null,278939449
TRND-Glioblastoma_LOPAC_H4-primary_screen2,NCGC00162250-05,activity,null,4,2.554,4,11.975,4.955,CSC(=N)NCCC[C@H](N)C(O)=O,M5171,S-Methyl-L-thiocitrulline acetate,SIGMA,2021_LOPAC_01,null,null,null,null,null,null,null,null,null,null,null,11.625,12,1,0.856,null,null,null,null,null,null,0.025,null,null,9.563,-2.062,16.933,13.163,null,null,null,null,null,null,null,null,null,NGVMVBQRKZPFLB,null,TRND,rJngPLuSOQrRpyoiwO,null,null,null,null,ACETIC-ACID,null,null,null,null,null,null,null,null,0,4,1,null,null,173031,0 0 0 1,1,1,2025-06-17 15:29:19,null,null,null,null,null,null,null,364788711,activity,null,HTS,null,2.4,-2.062,9.563,2.554,null,null,null,null,null,null,null,null,null,null,null,null,null,null,null,null,null,null,null,null,null,278939450
TRND-Glioblastoma_LOPAC_H4-primary_screen2,NCGC00093706-08,activity,null,4,-2.498,4,-12.831,4.955,[H][C@]12SCC(C)=C(N1C(=O)[C@H]2NC(=O)C(N)C3=CC=CC=C3)C(O)=O,C4895,Cephalexin hydrate,SIGMA,2021_LOPAC_01,null,null,null,null,null,null,null,null,null,null,null,11.396,-1.831,0.325,0.93,null,null,null,null,null,null,11,null,null,8.62,-2.776,20.899,20.023,null,null,null,null,null,null,null,null,null,ZAIPMKNFIOOWCQ,null,TRND,WTCloNpktLHQTHeoau,null,null,null,null,null,null,null,null,null,[NO STEREO] 15686-71-2,null,null,null,0,4,0,null,null,173031,0 0 0 0,1,1,2025-06-17 15:29:19,null,null,null,null,null,null,null,364785627,activity,null,HTS,null,8.62,-2.776,0.329,-2.498,null,null,null,null,null,null,null,null,null,null,null,null,null,null,null,null,null,null,null,null,null,278939451
TRND-Glioblastoma_LOPAC_H4-primary_screen2,NCGC00690003-01,activity,null,4,-11.536,4,-22.344,4.955,CC1=CC(NC(=O)CN(C2=CC(=CC=C2C)[N+]([O-])=O)[S+](C)([O-])=O)=CC(C)=C1,SML2151,MBx2546,SIGMA,2021_LOPAC_01,null,null,null,null,null,null,null,null,null,null,null,20.668,-15.844,0.433,0.864,null,null,null,null,null,null,6.5,null,null,9.132,-11.536,10.1,21.105,null,null,null,null,null,null,null,null,null,LJBRLEOUAJOWAT,null,TRND,OLcfXCykHCFuQzJqaM,null,null,null,null,null,null,null,null,null,null,null,null,null,0,4,0,null,null,173031,0 0 0 0,1,1,2025-06-17 15:29:19,null,null,null,null,null,null,null,364788631,activity,null,HTS,null,1.354,9.132,8.617,-11.536,null,null,null,null,null,null,null,null,null,null,null,null,null,null,null,null,null,null,null,null,null,278939452
TRND-Glioblastoma_LOPAC_H4-primary_screen2,NCGC00164613-14,activity,null,4,14.291,4,14.5,1.344,CC(=C/C1=CC=CC=C1)\C=C2/SC(=S)N(CC(O)=O)C2=O,SML0527,Epalrestat,SIGMA,2021_LOPAC_01,null,null,null,null,null,null,null,null,null,null,null,13.118,15.5,0.012,1,null,null,null,null,null,null,1,null,null,14.291,1.173,19.114,19.265,null,null,null,null,null,null,null,null,null,CHNUOJQWGUIOLD,null,TRND,NfLqPltqQFLfmVIQIp,null,Aldose Reductase inhibitor,null,null,null,null,null,null,null,82159-09-9,AKR1B1,null,null,0,4,0,null,null,173031,0 0 0 0,1,1,2025-06-17 15:29:19,null,null,null,null,null,null,null,364790179,activity,null,HTS,null,1.173,2.888,9.051,14.291,null,null,null,null,null,null,null,null,null,null,null,null,null,null,null,null,null,null,null,null,null,278939453
TRND-Glioblastoma_LOPAC_H4-primary_screen2,NCGC00015124-15,activity,null,4,2.194,4,0,null,COC(=O)C1=C(C)NC(C)=C(C1C2=C(C=CC=C2)C(F)(F)F)[N+]([O-])=O,B112,(±)-Bay K 8644,SIGMA,2021_LOPAC_01,null,null,null,null,null,null,null,null,null,null,null,7.713,0,null,null,null,null,null,null,null,null,0,null,null,9.907,2.194,39.575,null,null,null,null,null,null,null,null,null,null,ZFLWDHHVRRZMEI,null,TRND,qaFDoBwQrWZnUIsrvI,null,null,null,null,null,null,null,null,null,null,null,null,null,0,4,null,null,null,173031,null,1,1,2025-06-17 15:29:19,null,null,null,null,null,null,null,364786931,activity,null,HTS,null,9.907,7.566,8.066,2.194,null,null,null,null,null,null,null,null,null,null,null,null,null,null,null,null,null,null,null,null,null,278939454
TRND-Glioblastoma_LOPAC_H4-primary_screen2,NCGC00015716-18,activity,null,4,3.294,4,0,null,CC(CCC1=CC=CC=C1)NC(C)C(O)C2=CC=C(O)C=C2,N153,Nylidrin hydrochloride,SIGMA,2021_LOPAC_01,null,null,null,null,null,null,null,null,null,null,null,8.476,0,null,null,null,null,null,null,null,null,0,null,null,11.771,3.294,43.548,null,null,null,null,null,null,null,null,null,null,PTGXAUBQBSGPKF,null,TRND,CKQxdSQnyjKdKIltDN,null,null,null,null,CL,null,null,null,null,849-55-8,null,null,null,0,4,null,null,null,173031,null,1,1,2025-06-17 15:29:19,null,null,null,null,null,null,null,364787819,activity,null,HTS,null,11.771,5.9,7.19,3.294,null,null,null,null,null,null,null,null,null,null,null,null,null,null,null,null,null,null,null,null,null,278939456
TRND-Glioblastoma_LOPAC_H4-primary_screen2,NCGC00094150-06,activity,null,4,3.585,4,0,null,N[C@@H](CCC(=O)N[C@H](CSN=O)C(=O)NCC(O)=O)C(O)=O,N4148,S-Nitrosoglutathione,SIGMA,2021_LOPAC_01,null,null,null,null,null,null,null,null,null,null,null,9.653,0,null,null,null,null,null,null,null,null,0,null,null,10.63,0.977,20.083,null,null,null,null,null,null,null,null,null,null,HYHSBSXUHZOYLX,null,TRND,TcjKSvMSjVYuAHLksH,null,null,null,null,null,null,null,null,null,null,null,null,null,0,4,null,null,null,173031,null,1,1,2025-06-17 15:29:19,null,null,null,null,null,null,null,364786467,activity,null,HTS,null,3.633,0.977,10.63,3.585,null,null,null,null,null,null,null,null,null,null,null,null,null,null,null,null,null,null,null,null,null,278939457
TRND-Glioblastoma_LOPAC_H4-primary_screen2,NCGC00024944-11,activity,null,4,8.917,4,0,null,CN1C=C(N=C1C2=CC=C(OCC(O)CNCCOC3=CC(C(N)=O)=C(O)C=C3)C=C2)C(F)(F)F,C231,CGP 20712A methanesulfonate,SIGMA,2021_LOPAC_01,null,null,null,null,null,null,null,null,null,null,null,8.828,0,null,null,null,null,null,null,null,null,0,null,null,9.977,1.149,26.217,null,null,null,null,null,null,null,null,null,null,GKJZEKSHCJELPL,null,TRND,FPnrsJKvMOEOOvOgEB,null,null,null,null,null,null,null,null,null,null,null,null,null,0,4,null,null,null,173031,null,1,1,2025-06-17 15:29:19,null,null,null,null,null,null,null,364787863,activity,null,HTS,null,4.955,1.149,9.977,8.917,null,null,null,null,null,null,null,null,null,null,null,null,null,null,null,null,null,null,null,null,null,278939458
TRND-Glioblastoma_LOPAC_H4-primary_screen2,NCGC00016066-24,activity,null,4,-1.019,4,0,null,COC1=C(C=CC=C1)N2CCN(CCCNC3=CC(=O)N(C)C(=O)N3C)CC2,U100,Urapidil hydrochloride,SIGMA,2021_LOPAC_01,null,null,null,null,null,null,null,null,null,null,null,3.365,0,null,null,null,null,null,null,null,null,0,null,null,2.346,-1.019,6.559,null,null,null,null,null,null,null,null,null,null,ICMGLRUYEQNHPF,null,TRND,wPtOZtHaEADXCXqigK,null,null,null,null,CL,null,null,null,null,64887-14-5,null,null,null,0,4,null,null,null,173031,null,1,1,2025-06-17 15:29:19,null,null,null,null,null,null,null,364789643,activity,null,HTS,null,2.346,-0.67,1.504,-1.019,null,null,null,null,null,null,null,null,null,null,null,null,null,null,null,null,null,null,null,null,null,278939459
TRND-Glioblastoma_LOPAC_H4-primary_screen2,NCGC00015056-09,activity,null,4,1.172,4,0,null,NN1N=NC2=C1C=CC=C2,A3940,1-Aminobenzotriazole,SIGMA,2021_LOPAC_01,null,null,null,null,null,null,null,null,null,null,null,2.842,0,null,null,null,null,null,null,null,null,0,null,null,4.015,1.172,10.936,null,null,null,null,null,null,null,null,null,null,JCXKHYLLVKZPKE,null,TRND,COKljGIodeWnSbSSps,null,null,null,null,null,null,null,null,null,null,null,null,null,0,4,null,null,null,173031,null,1,1,2025-06-17 15:29:19,null,null,null,null,null,null,null,364788527,activity,null,HTS,null,2.368,1.347,4.015,1.172,null,null,null,null,null,null,null,null,null,null,null,null,null,null,null,null,null,null,null,null,null,278939460
TRND-Glioblastoma_LOPAC_H4-primary_screen2,NCGC00015360-15,activity,null,4,5.591,4,5.719,4.955,OC(=O)CN(CCN(CC(O)=O)CC(O)=O)CCN(CC(O)=O)CC(O)=O,D6518,Diethylenetriaminepentaacetic acid,SIGMA,2021_LOPAC_01,null,null,null,null,null,null,null,null,null,null,null,10.207,7.5,0.641,0.618,null,null,null,null,null,null,1.781,null,null,9.191,-1.016,20.192,15.332,null,null,null,null,null,null,null,null,null,QPCDCPDFJACHGM,null,TRND,UzhGfrvqdjkKXTJbAP,null,null,null,null,null,null,null,null,null,67-43-6,null,null,null,0,4,0,null,null,173031,0 0 0 0,1,1,2025-06-17 15:29:19,null,null,null,null,null,null,null,364787343,activity,null,HTS,null,4.157,-1.016,9.191,5.591,null,null,null,null,null,null,null,null,null,null,null,null,null,null,null,null,null,null,null,null,null,278939461
TRND-Glioblastoma_LOPAC_H4-primary_screen2,NCGC00167732-05,activity,null,4,6.683,4,0,null,COC1=CC=CC(OC)=C1C2=CC(=NN2C3=C(C=C(C=C3)C(=O)N(C)CCCN(C)C)C(C)C)C(=O)NC4(C5CC6CC(C5)CC4C6)C(O)=O,SML0015,SR 142948A,SIGMA,2021_LOPAC_01,null,null,null,null,null,null,null,null,null,null,null,4.306,0,null,null,null,null,null,null,null,null,0,null,null,8.849,4.543,26.539,null,null,null,null,null,null,null,null,null,null,LWULHXVBLMWCHO,null,TRND,oIszkdnwIfaWtBEPhX,null,null,null,null,CL,null,null,null,null,null,null,null,null,0,4,null,null,null,173031,null,1,1,2025-06-17 15:29:19,null,null,null,null,null,null,null,364789499,activity,null,HTS,null,4.543,8.849,6.054,6.683,null,null,null,null,null,null,null,null,null,null,null,null,null,null,null,null,null,null,null,null,null,278939462
TRND-Glioblastoma_LOPAC_H4-primary_screen2,NCGC00015238-26,activity,null,4,-1.337,4,0,null,ClC1=CC2=C(OC(=O)N2)C=C1,C4397,Chlorzoxazone,SIGMA,2021_LOPAC_01,null,null,null,null,null,null,null,null,null,null,null,6.919,0,null,null,null,null,null,null,null,null,0,null,null,5.581,-1.337,10.938,null,null,null,null,null,null,null,null,null,null,TZFWDZFKRBELIQ,null,TRND,sySaBGnzuTofFtPAyW,null,null,null,null,null,null,null,null,null,95-25-0,null,null,null,0,4,null,null,null,173031,null,1,1,2025-06-17 15:29:19,null,null,null,null,null,null,null,364786251,activity,null,HTS,null,1.527,5.581,5.008,-1.337,null,null,null,null,null,null,null,null,null,null,null,null,null,null,null,null,null,null,null,null,null,278939464
TRND-Glioblastoma_LOPAC_H4-primary_screen2,NCGC00015245-24,activity,null,4,6.489,4,0,null,CC(C[N+](C)(C)C)OC(N)=O,C5259,Bethanechol chloride,SIGMA,2021_LOPAC_01,null,null,null,null,null,null,null,null,null,null,null,7.237,0,null,null,null,null,null,null,null,null,0,null,null,6.489,-0.748,8.498,null,null,null,null,null,null,null,null,null,null,NZUPCNDJBJXXRF,null,TRND,WdyLxAygPZtwpaCzFP,null,null,null,null,CL,null,null,null,null,590-63-6,null,null,null,0,4,null,null,null,173031,null,1,1,2025-06-17 15:29:19,null,null,null,null,null,null,null,364789463,activity,null,HTS,null,1.118,-0.748,3.585,6.489,null,null,null,null,null,null,null,null,null,null,null,null,null,null,null,null,null,null,null,null,null,278939465
TRND-Glioblastoma_LOPAC_H4-primary_screen2,NCGC00022472-18,activity,null,4,-24.118,4,-40.942,1.21,C[C@]12C[C@H](O)[C@H]3[C@@H](CCC4=CC(=O)CC[C@]34C)[C@@H]1CC[C@@H]2C(=O)CO,C2505,Corticosterone,SIGMA,2021_LOPAC_01,null,null,null,null,null,null,null,null,null,null,null,36.878,-32.942,0.402,0.885,null,null,null,null,null,null,8,null,null,12.76,-24.118,21.355,10.994,null,null,null,null,null,null,null,null,null,OMFXVFTZEKFJBZ,null,TRND,OdJcdvcMwQOWJnXEhX,null,null,null,null,null,null,null,null,null,50-22-6,null,null,null,0,4,0,null,null,173031,0 0 0 0,1,1,2025-06-17 15:29:19,null,null,null,null,null,null,null,364788911,activity,null,HTS,null,12.76,-0.881,-1.092,-24.118,null,null,null,null,null,null,null,null,null,null,null,null,null,null,null,null,null,null,null,null,null,278939467
TRND-Glioblastoma_LOPAC_H4-primary_screen2,NCGC00181123-05,activity,null,4,6.68,4,0,null,[H]\C(=C(\[H])C1=C([H])C(OC([H])([H])[H])=C(OC([H])([H])[H])C(OC([H])([H])[H])=C1[H])C(=O)N2C([H])([H])C([H])([H])N(C([H])([H])C(=O)N3C([H])([H])C([H])([H])C([H])([H])C3([H])[H])C([H])([H])C2([H])[H],SML1498,Cinepazide maleate,SIGMA,2021_LOPAC_01,null,null,null,null,null,null,null,null,null,null,null,12.3,0,null,null,null,null,null,null,null,null,0,null,null,7.11,-5.189,24.272,null,null,null,null,null,null,null,null,null,null,RCUDFXMNPQNBDU,null,TRND,aUQWLDBUFQwIzIgMBN,null,null,null,null,MALEATE,null,null,null,null,null,null,null,null,0,4,null,null,null,173031,null,1,1,2025-06-17 15:29:19,null,null,null,null,null,null,null,364789479,activity,null,HTS,null,7.11,-5.189,6.656,6.68,null,null,null,null,null,null,null,null,null,null,null,null,null,null,null,null,null,null,null,null,null,278939468
TRND-Glioblastoma_LOPAC_H4-primary_screen2,NCGC00162114-09,activity,null,4,4.315,4,0,null,NC1=C2N=CN(C3CCCC3)C2=NC=N1,C4479,9-cyclopentyladenine,SIGMA,2021_LOPAC_01,null,null,null,null,null,null,null,null,null,null,null,3.981,0,null,null,null,null,null,null,null,null,0,null,null,8.018,4.037,24.477,null,null,null,null,null,null,null,null,null,null,KTJWHJNBTXITCB,null,TRND,KeNCFmPjIDGfoTXxSQ,null,null,null,null,SULFONICACID_V1,null,null,null,null,null,null,null,null,0,4,null,null,null,173031,null,1,1,2025-06-17 15:29:19,null,null,null,null,null,null,null,364787531,activity,null,HTS,null,4.966,8.018,4.037,4.315,null,null,null,null,null,null,null,null,null,null,null,null,null,null,null,null,null,null,null,null,null,278939469
TRND-Glioblastoma_LOPAC_H4-primary_screen2,NCGC00015678-16,activity,null,4,6.385,4,-12.428,2.952,CC(C)C1=CC(OC(C)=O)=C(C)C=C1OCCN(C)C,M5154,Moxisylyte hydrochloride,SIGMA,2021_LOPAC_01,null,null,null,null,null,null,null,null,null,null,null,11.789,-3.428,1,1,null,null,null,null,null,null,9,null,null,8.932,-2.857,26.394,26.331,null,null,null,null,null,null,null,null,null,VRYMTAVOXVTQEF,null,TRND,lBXfJWGieWCwEdBbaE,null,null,null,null,CL,null,null,null,null,964-52-3,null,null,null,0,4,1,null,null,173031,0 0 0 1,1,1,2025-06-17 15:29:19,null,null,null,null,null,null,null,364788071,activity,null,HTS,null,8.932,7.307,-2.857,6.385,null,null,null,null,null,null,null,null,null,null,null,null,null,null,null,null,null,null,null,null,null,278939470
TRND-Glioblastoma_LOPAC_H4-primary_screen2,NCGC00015397-16,activity,null,4,11.072,4,9.73,3.512,CCN(CC)C(=O)C1=CC(OC)=C(O)C=C1,E0137,Vanillic acid diethylamide,SIGMA,2021_LOPAC_01,null,null,null,null,null,null,null,null,null,null,null,11.264,11,0.508,0.8,null,null,null,null,null,null,1.27,null,null,11.072,-0.192,24.993,16.119,null,null,null,null,null,null,null,null,null,BQJODPIMMWWMFC,null,TRND,wjOoCoVcgHUuMNyYbB,null,null,null,null,null,null,null,null,null,304-84-7,null,null,null,0,4,0,null,null,173031,0 0 0 0,1,1,2025-06-17 15:29:19,null,null,null,null,null,null,null,364788587,activity,null,HTS,null,4.772,-0.192,8.67,11.072,null,null,null,null,null,null,null,null,null,null,null,null,null,null,null,null,null,null,null,null,null,278939471
TRND-Glioblastoma_LOPAC_H4-primary_screen2,NCGC00387485-04,activity,null,4,-8.402,4,-25.083,4.955,OC1=CC=C(C=C1O)C(=O)CSC#N,SML1073,BIx,SIGMA,2021_LOPAC_01,null,null,null,null,null,null,null,null,null,null,null,26.966,-11.583,0.577,0.715,null,null,null,null,null,null,13.5,null,null,18.564,-8.402,31.251,51.824,null,null,null,null,null,null,null,null,null,SVFLBLCWKKQKDW,null,TRND,NCTgitwtkwmCUHmJiv,null,null,null,null,null,null,null,null,null,null,null,null,null,0,4,0,null,null,173031,0 0 0 0,1,1,2025-06-17 15:29:19,null,null,null,null,null,null,null,364786723,activity,null,HTS,null,3.673,18.564,17.88,-8.402,null,null,null,null,null,null,null,null,null,null,null,null,null,null,null,null,null,null,null,null,null,278939472
TRND-Glioblastoma_LOPAC_H4-primary_screen2,NCGC00186041-10,activity,null,4,6.741,4,0,null,CN1N=C(C(=O)NC2CC3CCCC(C2)N3C)C4=C1C=CC=C4,G3796,Granisetron hydrochloride,SIGMA,2021_LOPAC_01,null,null,null,null,null,null,null,null,null,null,null,6.431,0,null,null,null,null,null,null,null,null,0,null,null,6.741,0.311,11.799,null,null,null,null,null,null,null,null,null,null,MFWNKCLOYSRHCJ,null,TRND,ovyHIkwHQcuXSUrHCP,null,null,null,null,CL,null,null,null,null,[NO STEREO] 107007-99-8,null,null,null,0,4,null,null,null,173031,null,1,1,2025-06-17 15:29:19,null,null,null,null,null,null,null,364788963,activity,null,HTS,null,0.311,4.44,6.135,6.741,null,null,null,null,null,null,null,null,null,null,null,null,null,null,null,null,null,null,null,null,null,278938929
TRND-Glioblastoma_LOPAC_H4-primary_screen2,NCGC00015631-10,activity,null,4,7.279,4,0,null,CC(N)(CC1=CC(O)=C(O)C=C1)C(O)=O,M7277,"(±)-3-(3,4-dihydroxyphenyl)-2-methyl-DL-alanine",SIGMA,2021_LOPAC_01,null,null,null,null,null,null,null,null,null,null,null,6.613,0,null,null,null,null,null,null,null,null,0,null,null,7.279,0.666,22.946,null,null,null,null,null,null,null,null,null,null,CJCSPKMFHVPWAR,null,TRND,HRhsIHcujKRUVPOkwX,null,null,null,null,null,null,null,null,null,55-40-3,null,null,null,0,4,null,null,null,173031,null,1,1,2025-06-17 15:29:19,null,null,null,null,null,null,null,364788119,activity,null,HTS,null,4.947,0.666,7.043,7.279,null,null,null,null,null,null,null,null,null,null,null,null,null,null,null,null,null,null,null,null,null,278938930
TRND-Glioblastoma_LOPAC_H4-primary_screen2,NCGC00379237-05,activity,null,4,-9.464,4,-15.856,4.095,COC1=CC=C(OC2=C(Cl)C=NN(C3C4=CC=CC=C4C5=C3C=CC=C5)C2=O)C=C1,SML1067,CYM50769,SIGMA,2021_LOPAC_01,null,null,null,null,null,null,null,null,null,null,null,15.776,-9.856,0.046,0.999,null,null,null,null,null,null,6,null,null,6.313,-9.464,19.84,19.244,null,null,null,null,null,null,null,null,null,QHVSQUYCVUHYKT,null,TRND,gYIDWpCrEJzxLecPYC,null,null,null,null,null,null,null,null,null,null,null,null,null,0,4,0,null,null,173031,0 0 0 0,1,1,2025-06-17 15:29:19,null,null,null,null,null,null,null,364789243,activity,null,HTS,null,6.313,5.727,4.709,-9.464,null,null,null,null,null,null,null,null,null,null,null,null,null,null,null,null,null,null,null,null,null,278938931
TRND-Glioblastoma_LOPAC_H4-primary_screen2,NCGC00015416-07,activity,null,4,1.235,4,0,null,OC(=O)CN(CCOCCOCCN(CC(O)=O)CC(O)=O)CC(O)=O,E4378,EGTA,SIGMA,2021_LOPAC_01,null,null,null,null,null,null,null,null,null,null,null,7.012,0,null,null,null,null,null,null,null,null,0,null,null,1.235,-5.777,-1.878,null,null,null,null,null,null,null,null,null,null,DEFVIWRASFVYLL,null,TRND,cMKZMIXmgyBXfFBQUQ,null,null,null,null,null,null,null,null,null,67-42-5,null,null,null,0,4,null,null,null,173031,null,1,1,2025-06-17 15:29:19,null,null,null,null,null,null,null,364787511,activity,null,HTS,null,0.93,-1.527,-5.777,1.235,null,null,null,null,null,null,null,null,null,null,null,null,null,null,null,null,null,null,null,null,null,278938932
TRND-Glioblastoma_LOPAC_H4-primary_screen2,NCGC00015163-23,activity,null,4,6.07,4,-21.492,4.095,NC(CO)C(=O)NNCC1=C(O)C(O)=C(O)C=C1,B7283,Benserazide hydrochloride,SIGMA,2021_LOPAC_01,null,null,null,null,null,null,null,null,null,null,null,21.107,-7.492,1,1,null,null,null,null,null,null,14,null,null,13.614,-7.493,24.408,24.418,null,null,null,null,null,null,null,null,null,BNQDCRGUHNALGH,null,TRND,budqniXDGZyiXnRQHp,null,Aromatic-L-amino-acid decarboxylase inhibitor,null,null,HCL,null,null,null,null,14919-77-8,DDC,null,null,0,4,1,null,null,173031,0 0 0 1,1,1,2025-06-17 15:29:19,null,null,null,null,null,null,null,364790079,activity,null,HTS,null,13.614,-6.004,-7.493,6.07,null,null,null,null,null,null,null,null,null,null,null,null,null,null,null,null,null,null,null,null,null,278938933
TRND-Glioblastoma_LOPAC_H4-primary_screen2,NCGC00389085-06,activity,null,4,5.361,4,0,null,CC1=CC(C)=C(C(C)=C1)[S+]([O-])(=O)N(CCC2=CC=CC(Br)=C2)CC3=CC=C(C=C3)C4=CC=CC(=C4)[S+](C)([O-])=O,SML1517,SR9243,SIGMA,2021_LOPAC_01,null,null,null,null,null,null,null,null,null,null,null,7.19,0,null,null,null,null,null,null,null,null,0,null,null,8.858,1.668,15.901,null,null,null,null,null,null,null,null,null,null,FYQFEJFTCLKXTQ,null,TRND,zBcQFusMXKsjoxXhKa,null,LiverX Receptor (LXR) Inverse agonist,null,null,null,null,null,null,null,null,NR1H3,null,null,0,4,null,null,null,173031,null,1,1,2025-06-17 15:29:19,null,null,null,null,null,null,null,364789963,activity,null,HTS,null,1.668,3.235,8.858,5.361,null,null,null,null,null,null,null,null,null,null,null,null,null,null,null,null,null,null,null,null,null,278938934
TRND-Glioblastoma_LOPAC_H4-primary_screen2,NCGC00015391-12,activity,null,4,-5.429,4,-12.515,4.955,CNC(=O)C1=CC2=C(NC3=C2C=CC=C3)C=N1,E006,N-Methyl-beta-carboline-3-carboxamide,SIGMA,2021_LOPAC_01,null,null,null,null,null,null,null,null,null,null,null,14.367,-7.015,0.539,0.765,null,null,null,null,null,null,5.5,null,null,8.938,-5.429,11.849,20.051,null,null,null,null,null,null,null,null,null,QMCOPDWHWYSJSA,null,TRND,airYMyhfnVKgiSYKjW,null,null,null,null,null,null,null,null,null,78538-74-6,null,null,null,0,4,0,null,null,173031,0 0 0 0,1,1,2025-06-17 15:29:19,null,null,null,null,null,null,null,364788803,activity,null,HTS,null,1.54,8.938,5.983,-5.429,null,null,null,null,null,null,null,null,null,null,null,null,null,null,null,null,null,null,null,null,null,278938935
TRND-Glioblastoma_LOPAC_H4-primary_screen2,NCGC00379145-13,activity,null,4,-11.124,4,-14.849,4.955,COC1=CC=C(C=C1)C4(CNC(=O)C2=CC=C(NC(=O)C3=CC=CO3)C=C2)CCOCC4,SML0630,JW55,SIGMA,2021_LOPAC_01,null,null,null,null,null,null,null,null,null,null,null,18.245,-11.349,0.438,0.859,null,null,null,null,null,null,3.5,null,null,7.121,-11.124,-7.878,0.271,null,null,null,null,null,null,null,null,null,ZJZWZIXSGNFWQQ,null,TRND,qjPOQGLgKkfdDLOXqd,null,null,null,null,null,null,null,null,null,null,null,null,null,0,4,0,null,null,173031,0 0 0 0,1,1,2025-06-17 15:29:19,null,null,null,null,null,null,null,364788455,activity,null,HTS,null,-0.424,7.121,-8.337,-11.124,null,null,null,null,null,null,null,null,null,null,null,null,null,null,null,null,null,null,null,null,null,278938936
TRND-Glioblastoma_LOPAC_H4-primary_screen2,NCGC00015756-15,activity,null,4,-29.467,4,-30.861,4.504,O=C1OC(=O)C2C3CCC(O3)C12,N8784,Norcantharidin,SIGMA,2021_LOPAC_01,null,null,null,null,null,null,null,null,null,null,null,31.773,-29.361,0.073,0.997,null,null,null,null,null,null,1.5,null,null,2.305,-29.467,-14.757,-12.104,null,null,null,null,null,null,null,null,null,JAABVEXCGCXWRR,null,TRND,hdBfTrVAnPUbzAfBZb,null,null,null,null,null,null,null,null,null,null,null,null,null,0,4,0,null,null,173031,0 0 0 0,1,1,2025-06-17 15:29:19,null,null,null,null,null,null,null,364787155,activity,null,HTS,null,0.317,2.305,-2.515,-29.467,null,null,null,null,null,null,null,null,null,null,null,null,null,null,null,null,null,null,null,null,null,278938937
TRND-Glioblastoma_LOPAC_H4-primary_screen2,NCGC00162305-07,activity,null,4,4.559,4,0,null,NC1=CC=C(C=C1)C2=NC3=CC=CC=C3C=C2,B4311,BF-170 hydrochloride,SIGMA,2021_LOPAC_01,null,null,null,null,null,null,null,null,null,null,null,4.428,0,null,null,null,null,null,null,null,null,0,null,null,8.987,4.559,36.273,null,null,null,null,null,null,null,null,null,null,PWLMSCCFNGGPGM,null,TRND,nOlZXDenVHpOQyXLEB,null,null,null,null,CL,null,null,null,null,null,null,null,null,0,4,null,null,null,173031,null,1,1,2025-06-17 15:29:19,null,null,null,null,null,null,null,364786151,activity,null,HTS,null,8.987,6.804,5.977,4.559,null,null,null,null,null,null,null,null,null,null,null,null,null,null,null,null,null,null,null,null,null,278938938
TRND-Glioblastoma_LOPAC_H4-primary_screen2,NCGC00015216-24,activity,null,4,2.073,4,0,null,CCCNC(=O)N[S+]([O-])(=O)C1=CC=C(Cl)C=C1,C1290,Chlorpropamide,SIGMA,2021_LOPAC_01,null,null,null,null,null,null,null,null,null,null,null,5.481,0,null,null,null,null,null,null,null,null,0,null,null,7.065,1.584,24.031,null,null,null,null,null,null,null,null,null,null,AXDFBAZVLINUSR,null,TRND,gIoyBKAOcljhNcpTQn,null,null,null,null,null,null,null,null,null,94-20-2,null,null,null,0,4,null,null,null,173031,null,1,1,2025-06-17 15:29:19,null,null,null,null,null,null,null,364789535,activity,null,HTS,null,7.065,1.584,3.186,2.073,null,null,null,null,null,null,null,null,null,null,null,null,null,null,null,null,null,null,null,null,null,278938939
TRND-Glioblastoma_LOPAC_H4-primary_screen2,NCGC00015781-09,activity,null,4,-3.782,4,-11.038,4.955,NCC(CP(O)(O)=O)C1=CC=C(Cl)C=C1,P118,Phaclofen,SIGMA,2021_LOPAC_01,null,null,null,null,null,null,null,null,null,null,null,11.484,-5.038,0.485,0.822,null,null,null,null,null,null,6,null,null,7.702,-3.782,24.472,23.084,null,null,null,null,null,null,null,null,null,VSGNGLJPOGUDON,null,TRND,YsEFUJvcXzJIQlKykh,null,null,null,null,null,null,null,null,null,null,null,null,null,0,4,0,null,null,173031,0 0 0 0,1,1,2025-06-17 15:29:19,null,null,null,null,null,null,null,364785511,activity,null,HTS,null,6.922,2.666,7.702,-3.782,null,null,null,null,null,null,null,null,null,null,null,null,null,null,null,null,null,null,null,null,null,278938940
TRND-Glioblastoma_LOPAC_H4-primary_screen2,NCGC00024976-12,activity,null,4,-2.28,4,0,null,CCNC(=O)[C@H]1O[C@H](C(O)[C@@H]1O)N2C=NC3=C2N=C(NCCC4=CC=C(CCC(O)=O)C=C4)N=C3N,C141,CGS-21680 hydrochloride,SIGMA,2021_LOPAC_01,null,null,null,null,null,null,null,null,null,null,null,9.997,0,null,null,null,null,null,null,null,null,0,null,null,7.625,-2.372,1.416,null,null,null,null,null,null,null,null,null,null,PAOANWZGLPPROA,null,TRND,IkjIbamMWclmWucwMl,null,Adenosine Receptor A2A agonist,null,null,CL,null,null,null,null,null,ADORA2A,null,null,0,4,null,null,null,173031,null,1,1,2025-06-17 15:29:19,null,null,null,null,null,null,null,364785287,activity,null,HTS,null,-0.382,-2.372,7.625,-2.28,null,null,null,null,null,null,null,null,null,null,null,null,null,null,null,null,null,null,null,null,null,278938941
TRND-Glioblastoma_LOPAC_H4-primary_screen2,NCGC00160529-16,activity,null,4,5.916,4,-10.074,4.955,ClC1=C(NC2=NCCN2)C3=NSN=C3C=C1,T6950,Tizanidine hydrochloride,SIGMA,2021_LOPAC_01,null,null,null,null,null,null,null,null,null,null,null,11.812,-2.574,1,0.654,null,null,null,null,null,null,7.5,null,null,5.916,-5.895,12.179,10.38,null,null,null,null,null,null,null,null,null,XFYDIVBRZNQMJC,null,TRND,GvhJmUHFuRxCMgJHYN,null,Alpha-2 Adrenergic Receptor agonist,null,null,CL,null,null,null,null,51322-75-9,ADRA2A,null,null,0,4,1,null,null,173031,0 0 0 1,1,1,2025-06-17 15:29:19,null,null,null,null,null,null,null,364789947,activity,null,HTS,null,5.485,-5.895,0.879,5.916,null,null,null,null,null,null,null,null,null,null,null,null,null,null,null,null,null,null,null,null,null,278938942
TRND-Glioblastoma_LOPAC_H4-primary_screen2,NCGC00016665-17,activity,null,4,6.005,4,0,null,CC(C)NC[C@H](O)C1=CC(O)=C(O)C=C1,I6504,(-)-Isoproterenol hydrochloride,SIGMA,2021_LOPAC_01,null,null,null,null,null,null,null,null,null,null,null,5.935,0,null,null,null,null,null,null,null,null,0,null,null,6.005,0.07,7.437,null,null,null,null,null,null,null,null,null,null,JWZZKOKVBUJMES,null,TRND,fIShMDsaOPqsJiejpI,null,null,null,null,CL,null,null,null,null,5984-95-2,null,null,null,0,4,null,null,null,173031,null,1,1,2025-06-17 15:29:19,null,null,null,null,null,null,null,364787347,activity,null,HTS,null,0.07,4.638,1.208,6.005,null,null,null,null,null,null,null,null,null,null,null,null,null,null,null,null,null,null,null,null,null,278938943
TRND-Glioblastoma_LOPAC_H4-primary_screen2,NCGC00015659-24,activity,null,4,2.301,4,0,null,CC(N)COC1=C(C)C=CC=C1C,M2727,Mexiletene hydrochloride,SIGMA,2021_LOPAC_01,null,null,null,null,null,null,null,null,null,null,null,3.15,0,null,null,null,null,null,null,null,null,0,null,null,2.301,-0.849,3.947,null,null,null,null,null,null,null,null,null,null,VLPIATFUUWWMKC,null,TRND,BogrDUVpvRzqUneTRS,null,null,null,null,CL,null,null,null,null,1267397,null,null,null,0,4,null,null,null,173031,null,1,1,2025-06-17 15:29:19,null,null,null,null,null,null,null,364789303,activity,null,HTS,null,1.04,-0.849,0.637,2.301,null,null,null,null,null,null,null,null,null,null,null,null,null,null,null,null,null,null,null,null,null,278938944
TRND-Glioblastoma_LOPAC_H4-primary_screen2,NCGC00093631-05,activity,null,4,4.848,4,-5,4.955,N[C@@H](CC=C)C(O)=O,A7762,L-allylglycine,SIGMA,2021_LOPAC_01,null,null,null,null,null,null,null,null,null,null,null,10.457,3,0.709,0.465,null,null,null,null,null,null,8,null,null,11.397,0.94,24.327,31.504,null,null,null,null,null,null,null,null,null,WNNNWFKQCKFSDK,null,TRND,PhuyXYiQgkHpWRvjmG,null,null,null,null,null,null,null,null,null,null,null,null,null,0,4,0,null,null,173031,0 0 0 0,1,1,2025-06-17 15:29:19,null,null,null,null,null,null,null,364789255,activity,null,HTS,null,4.741,11.397,0.94,4.848,null,null,null,null,null,null,null,null,null,null,null,null,null,null,null,null,null,null,null,null,null,278938945
TRND-Glioblastoma_LOPAC_H4-primary_screen2,NCGC00162206-08,activity,null,4,6.975,4,0,null,CCCCCC(O)CCCC([O-])=O,H135,5-hydroxydecanoic acid sodium,SIGMA,2021_LOPAC_01,null,null,null,null,null,null,null,null,null,null,null,4.92,0,null,null,null,null,null,null,null,null,0,null,null,7.81,2.89,29.517,null,null,null,null,null,null,null,null,null,null,LMHJFKYQYDSOQO,null,TRND,xuqUItBlDetgliQhZN,null,null,null,null,SODIUM,null,null,null,null,null,null,null,null,0,4,null,null,null,173031,null,1,1,2025-06-17 15:29:19,null,null,null,null,null,null,null,364789531,activity,null,HTS,null,7.81,2.89,3.082,6.975,null,null,null,null,null,null,null,null,null,null,null,null,null,null,null,null,null,null,null,null,null,278938946
TRND-Glioblastoma_LOPAC_H4-primary_screen2,NCGC00015989-31,activity,null,4,4.554,4,0,null,O=C1N(C2CCC(=O)NC2=O)C(=O)C3=C1C=CC=C3,T144,(±)-Thalidomide,SIGMA,2021_LOPAC_01,null,null,null,null,null,null,null,null,null,null,null,7.844,0,null,null,null,null,null,null,null,null,0,null,null,9.755,1.911,33.715,null,null,null,null,null,null,null,null,null,null,UEJJHQNACJXSKW,null,TRND,RWbAhstmsMCmbSHMJF,null,Cereblon inhibitor,null,null,null,null,null,null,null,50-35-1,CRBN,null,null,0,4,null,null,null,173031,null,1,1,2025-06-17 15:29:19,null,null,null,null,null,null,null,364787071,activity,null,HTS,null,9.755,1.911,4.167,4.554,null,null,null,null,null,null,null,null,null,null,null,null,null,null,null,null,null,null,null,null,null,278938947
TRND-Glioblastoma_LOPAC_H4-primary_screen2,NCGC00507736-02,activity,null,4,1.672,4,0,null,CC1(C)SCCN(C1C(=O)NO)[S+]([O-])(=O)C2=CC=C(OCC#CCO)C=C2,SML1543,Apratastat ,SIGMA,2021_LOPAC_01,null,null,null,null,null,null,null,null,null,null,null,9.382,0,null,null,null,null,null,null,null,null,0,null,null,10.192,0.809,18.824,null,null,null,null,null,null,null,null,null,null,BZHWKODEVHFEOJ,null,TRND,VNvzBHICqwSORvjUDj,null,null,null,null,null,null,null,null,null,[NO STEREO] 287405-51-0,null,null,null,0,4,null,null,null,173031,null,1,1,2025-06-17 15:29:19,null,null,null,null,null,null,null,364789715,activity,null,HTS,null,3.694,0.809,10.192,1.672,null,null,null,null,null,null,null,null,null,null,null,null,null,null,null,null,null,null,null,null,null,278938948
TRND-Glioblastoma_LOPAC_H4-primary_screen2,NCGC00015463-10,activity,null,4,10.728,4,0,null,CC1=NN=C(C2=CC=C(N)C=C2)C3=CC4=C(OCO4)C=C3C1,G119,GYKI 52466 hydrochloride,SIGMA,2021_LOPAC_01,null,null,null,null,null,null,null,null,null,null,null,14.661,0,null,null,null,null,null,null,null,null,0,null,null,10.728,-3.933,31.524,null,null,null,null,null,null,null,null,null,null,LFBZZHVSGAHQPP,null,TRND,jyEnTtlayOBYedtUIq,null,null,null,null,CL,null,null,null,null,null,null,null,null,0,4,null,null,null,173031,null,1,1,2025-06-17 15:29:19,null,null,null,null,null,null,null,364790219,activity,null,HTS,null,8.233,-3.933,8.273,10.728,null,null,null,null,null,null,null,null,null,null,null,null,null,null,null,null,null,null,null,null,null,278938949
TRND-Glioblastoma_LOPAC_H4-primary_screen2,NCGC00015043-15,activity,null,4,0.834,4,-7,2.406,NCCCC(O)=O,A2129,GABA,SIGMA,2021_LOPAC_01,null,null,null,null,null,null,null,null,null,null,null,10.177,0.5,0.656,0.589,null,null,null,null,null,null,7.5,null,null,11.012,0.834,23.363,29.664,null,null,null,null,null,null,null,null,null,BTCSSZJGUNDROE,null,TRND,JFUjYtXEdjwFwZejst,null,null,null,null,null,null,null,null,null,56-12-2,null,null,null,0,4,0,null,null,173031,0 0 0 0,1,1,2025-06-17 15:29:19,null,null,null,null,null,null,null,364785315,activity,null,HTS,null,4.412,11.012,4.269,0.834,null,null,null,null,null,null,null,null,null,null,null,null,null,null,null,null,null,null,null,null,null,278938950
TRND-Glioblastoma_LOPAC_H4-primary_screen2,NCGC00025167-19,activity,null,4,7.673,4,-13,4.955,COC1=CC=C(C[C@H](C)NC[C@@H](O)C2=CC(NC=O)=C(O)C=C2)C=C1,F9552,Formoterol,SIGMA,2021_LOPAC_01,null,null,null,null,null,null,null,null,null,null,null,10.323,6,0.312,0.936,null,null,null,null,null,null,19,null,null,15.157,4.835,53.372,53.388,null,null,null,null,null,null,null,null,null,BPZSYCZIITTYBL,null,TRND,bBalukhrhOchGoSwiI,null,null,null,null,FUMARIC_ACID,null,null,null,null,[NO STEREO] 183814-30-4,null,null,null,0,4,0,null,null,173031,0 0 0 0,1,1,2025-06-17 15:29:19,null,null,null,null,null,null,null,364786327,activity,null,HTS,null,15.157,5.569,4.835,7.673,null,null,null,null,null,null,null,null,null,null,null,null,null,null,null,null,null,null,null,null,null,278938952
TRND-Glioblastoma_LOPAC_H4-primary_screen2,NCGC00015155-25,activity,null,4,8.483,4,0,null,CC(C)COCC(CN(CC1=CC=CC=C1)C2=CC=CC=C2)N3CCCC3,B5016,Bepridil hydrochloride,SIGMA,2021_LOPAC_01,null,null,null,null,null,null,null,null,null,null,null,6.923,0,null,null,null,null,null,null,null,null,0,null,null,8.483,1.561,19.631,null,null,null,null,null,null,null,null,null,null,UIEATEWHFDRYRU,null,TRND,oryaKSNHyDKXXkTyZw,null,Voltage-dependent P/Q-type calcium channel subunit alpha-1A Blocker,null,null,CL,null,null,null,null,68099-86-5,CACNA1A,null,null,0,4,null,null,null,173031,null,1,1,2025-06-17 15:29:19,null,null,null,null,null,null,null,364789423,activity,null,HTS,null,3.96,1.561,4.419,8.483,null,null,null,null,null,null,null,null,null,null,null,null,null,null,null,null,null,null,null,null,null,278938953
TRND-Glioblastoma_LOPAC_H4-primary_screen2,NCGC00689997-01,activity,null,4,7.03,4,0,null,C[C@H]1CC(=O)NC2=CC(=CC=C2N1C(=O)N3CC4CC4C3)C(=O)NCCC5CC5,SML2325,BAY-6035,SIGMA,2021_LOPAC_01,null,null,null,null,null,null,null,null,null,null,null,11.878,0,null,null,null,null,null,null,null,null,0,null,null,14.347,2.469,22.322,null,null,null,null,null,null,null,null,null,null,CKFRXCBNKKOFGO,null,TRND,wWHfmkyMBtVPbwGwDQ,null,null,null,null,null,null,null,null,null,null,null,null,null,0,4,null,null,null,173031,null,1,1,2025-06-17 15:29:19,null,null,null,null,null,null,null,364790107,activity,null,HTS,null,2.469,14.347,2.499,7.03,null,null,null,null,null,null,null,null,null,null,null,null,null,null,null,null,null,null,null,null,null,278938954
TRND-Glioblastoma_LOPAC_H4-primary_screen2,NCGC00015494-13,activity,null,4,6.456,4,0,null,CCCN(CCC)C1CCC2=C(C1)C=C(O)C=C2,H8653,(±)-7-Hydroxy-DPAT hydrobromide,SIGMA,2021_LOPAC_01,null,null,null,null,null,null,null,null,null,null,null,6.651,0,null,null,null,null,null,null,null,null,0,null,null,6.456,-0.196,14.808,null,null,null,null,null,null,null,null,null,null,BLYMJBIZMIGWFK,null,TRND,sRBVlfdwsqTKhFOLgU,null,null,null,null,BR,null,null,null,null,null,null,null,null,0,4,null,null,null,173031,null,1,1,2025-06-17 15:29:19,null,null,null,null,null,null,null,364788859,activity,null,HTS,null,2.588,6.251,-0.196,6.456,null,null,null,null,null,null,null,null,null,null,null,null,null,null,null,null,null,null,null,null,null,278938955
TRND-Glioblastoma_LOPAC_H4-primary_screen2,NCGC00027930-18,activity,null,4,9.583,4,0,null,ClC1=CC=C(C=C1)C(=O)NCCN2CCOCC2,M3071,Moclobemide,SIGMA,2021_LOPAC_01,null,null,null,null,null,null,null,null,null,null,null,6.703,0,null,null,null,null,null,null,null,null,0,null,null,9.583,2.88,34.412,null,null,null,null,null,null,null,null,null,null,YHXISWVBGDMDLQ,null,TRND,CBMIVoVKIHoakFlHUt,null,null,null,null,null,null,null,null,null,71320-77-9,null,null,null,0,4,null,null,null,173031,null,1,1,2025-06-17 15:29:19,null,null,null,null,null,null,null,364787059,activity,null,HTS,null,8.372,5.906,2.88,9.583,null,null,null,null,null,null,null,null,null,null,null,null,null,null,null,null,null,null,null,null,null,278938957
TRND-Glioblastoma_LOPAC_H4-primary_screen2,NCGC00015860-21,activity,null,4,3.128,4,0,null,CCCNC(C)C(=O)NC1=C(C)C=CC=C1,P9547,Prilocaine hydrochloride,SIGMA,2021_LOPAC_01,null,null,null,null,null,null,null,null,null,null,null,4.317,0,null,null,null,null,null,null,null,null,0,null,null,5.415,1.098,19.702,null,null,null,null,null,null,null,null,null,null,MVFGUOIZUNYYSO,null,TRND,bqXmJOPlAjtOnDGsbV,null,null,null,null,CL,null,null,null,null,1786-81-8,null,null,null,0,4,null,null,null,173031,null,1,1,2025-06-17 15:29:19,null,null,null,null,null,null,null,364788035,activity,null,HTS,null,4.867,5.415,1.098,3.128,null,null,null,null,null,null,null,null,null,null,null,null,null,null,null,null,null,null,null,null,null,278938958
TRND-Glioblastoma_LOPAC_H4-primary_screen2,NCGC00162271-12,activity,null,4,11.784,4,0,null,CCN1C=C(C([O-])=O)C(=O)C2=CC=C(C)N=C12,N4382,Nalidixic acid sodium,SIGMA,2021_LOPAC_01,null,null,null,null,null,null,null,null,null,null,null,9.841,0,null,null,null,null,null,null,null,null,0,null,null,11.784,1.943,22.149,null,null,null,null,null,null,null,null,null,null,MHWLWQUZZRMNGJ,null,TRND,EHyXSJvnAsSQUALxCq,null,null,null,null,SODIUM,null,null,null,null,538497,null,null,null,0,4,null,null,null,173031,null,1,1,2025-06-17 15:29:19,null,null,null,null,null,null,null,364787747,activity,null,HTS,null,2.779,1.943,9.844,11.784,null,null,null,null,null,null,null,null,null,null,null,null,null,null,null,null,null,null,null,null,null,278938959
TRND-Glioblastoma_LOPAC_H4-primary_screen2,NCGC00015527-06,activity,null,4,7.297,4,10.603,4.504,NO,H9876,Hydroxylamine hydrochloride,SIGMA,2021_LOPAC_01,null,null,null,null,null,null,null,null,null,null,null,13.032,9.5,0.421,0.873,null,null,null,null,null,null,-1.103,null,null,12.113,-0.919,15.738,14.767,null,null,null,null,null,null,null,null,null,AVXURJPOCDRRFD,null,TRND,esIwsYHVPtpwcXdQOK,null,null,null,null,CL,null,null,null,null,null,null,null,null,0,4,0,null,null,173031,0 0 0 0,1,1,2025-06-17 15:29:19,null,null,null,null,null,null,null,364790155,activity,null,HTS,null,-0.919,8.56,12.113,7.297,null,null,null,null,null,null,null,null,null,null,null,null,null,null,null,null,null,null,null,null,null,278938961
TRND-Glioblastoma_LOPAC_H4-primary_screen2,NCGC00024485-12,activity,null,4,3.338,4,7.462,4.955,NC\C=C\C(O)=O,T1694,(E)-4-amino-2-butenoic acid,SIGMA,2021_LOPAC_01,null,null,null,null,null,null,null,null,null,null,null,11.639,3.5,0.652,0.594,null,null,null,null,null,null,-3.962,null,null,3.338,-8.302,-2.122,-10.094,null,null,null,null,null,null,null,null,null,FMKJUUQOYOHLTF,null,TRND,JFUjYtETHjryGfhCKf,null,null,null,null,null,null,null,null,null,null,null,null,null,0,4,0,null,null,173031,0 0 0 0,1,1,2025-06-17 15:29:19,null,null,null,null,null,null,null,364787079,activity,null,HTS,null,0.042,-8.302,2.585,3.338,null,null,null,null,null,null,null,null,null,null,null,null,null,null,null,null,null,null,null,null,null,278938962
TRND-Glioblastoma_LOPAC_H4-primary_screen2,NCGC00017332-09,activity,null,4,-2.149,4,0,null,[H][C@]1(OC(=O)C2=C1C=CC(OC)=C2OC)[C@@]3([H])N(C)CCC4=CC5=C(OCO5)C=C34,H8645,(+)-Hydrastine,SIGMA,2021_LOPAC_01,null,null,null,null,null,null,null,null,null,null,null,6.148,0,null,null,null,null,null,null,null,null,0,null,null,3.999,-2.149,6.128,null,null,null,null,null,null,null,null,null,null,JZUTXVTYJDCMDU,null,TRND,FGvvMrZyEMIPFCkATx,null,null,null,null,null,null,null,null,null,[NO STEREO] 118-08-1,null,null,null,0,4,null,null,null,173031,null,1,1,2025-06-17 15:29:19,null,null,null,null,null,null,null,364788219,activity,null,HTS,null,1.547,3.999,0.244,-2.149,null,null,null,null,null,null,null,null,null,null,null,null,null,null,null,null,null,null,null,null,null,278939474
TRND-Glioblastoma_LOPAC_H4-primary_screen2,NCGC00162223-05,activity,null,4,1.254,4,0,null,OCC1O[C@H](S[Au])C(O)[C@@H](O)[C@@H]1O,A0606,Aurothioglucose,SIGMA,2021_LOPAC_01,null,null,null,null,null,null,null,null,null,null,null,7.879,0,null,null,null,null,null,null,null,null,0,null,null,6.138,-1.741,17.922,null,null,null,null,null,null,null,null,null,null,XHVAWZZCDCWGBK,null,TRND,cDbEVlLiHsFQAnHwPd,null,null,null,null,H2O,null,null,null,null,[NO STEREO] 12192-57-3,null,null,null,0,4,null,null,null,173031,null,1,1,2025-06-17 15:29:19,null,null,null,null,null,null,null,364788031,activity,null,HTS,null,6.138,2.071,-1.741,1.254,null,null,null,null,null,null,null,null,null,null,null,null,null,null,null,null,null,null,null,null,null,278939475
TRND-Glioblastoma_LOPAC_H4-primary_screen2,NCGC00601914-02,activity,null,4,11.021,4,0,null,CCC1=CC=C(OCC(=O)NC2=CC=C(F)C(=C2)[N+]([O-])=O)C=C1,SML2087,SJ000291942,SIGMA,2021_LOPAC_01,null,null,null,null,null,null,null,null,null,null,null,7.656,0,null,null,null,null,null,null,null,null,0,null,null,12.201,4.545,50.398,null,null,null,null,null,null,null,null,null,null,YSZJLXPXVFGTNK,null,TRND,ANSnQqqnPoOlxNIbdo,null,null,null,null,null,null,null,null,null,null,null,null,null,0,4,null,null,null,173031,null,1,1,2025-06-17 15:29:19,null,null,null,null,null,null,null,364790167,activity,null,HTS,null,12.201,4.545,10.824,11.021,null,null,null,null,null,null,null,null,null,null,null,null,null,null,null,null,null,null,null,null,null,278939476
TRND-Glioblastoma_LOPAC_H4-primary_screen2,NCGC00186001-10,activity,null,4,16.336,4,0,null,OC1=CC=C2C=CC=CC2=C1C\C3=C(\NC(=S)NC3=O)C4=CC=CC=C4,C0494,Cambinol,SIGMA,2021_LOPAC_01,null,null,null,null,null,null,null,null,null,null,null,8.591,0,null,null,null,null,null,null,null,null,0,null,null,16.336,7.744,42.342,null,null,null,null,null,null,null,null,null,null,RVNSQVIUFZVNAU,null,TRND,XavtVQJoPbtBBYdcvO,null,null,null,null,null,null,null,null,null,null,null,null,null,0,4,null,null,null,173031,null,1,1,2025-06-17 15:29:19,null,null,null,null,null,null,null,364788595,activity,null,HTS,null,7.744,8.83,8.713,16.336,null,null,null,null,null,null,null,null,null,null,null,null,null,null,null,null,null,null,null,null,null,278939477
TRND-Glioblastoma_LOPAC_H4-primary_screen2,NCGC00015688-22,activity,null,4,-14.708,4,-21.149,4.504,[O-][N+](=O)C1=CC(C(=O)NC2=CC=CC=C2)=C(Cl)C=C1,M6191,GW9662,SIGMA,2021_LOPAC_01,null,null,null,null,null,null,null,null,null,null,null,24.982,-14.649,0.344,0.919,null,null,null,null,null,null,6.5,null,null,10.274,-14.708,25.889,18.211,null,null,null,null,null,null,null,null,null,DNTSIBUQMRRYIU,null,TRND,eNpYRpYDWnzWAowmXu,null,null,null,null,null,null,null,null,null,null,null,null,null,0,4,0,null,null,173031,0 0 0 0,1,1,2025-06-17 15:29:19,null,null,null,null,null,null,null,364790007,activity,null,HTS,null,10.274,2.765,4.541,-14.708,null,null,null,null,null,null,null,null,null,null,null,null,null,null,null,null,null,null,null,null,null,278939478
TRND-Glioblastoma_LOPAC_H4-primary_screen2,NCGC00487353-03,activity,null,4,9.718,4,10.272,4.955,CC1(C)OC(=O)C(=C1C2=CC=C(C=C2)[S+](C)([O-])=O)C3=CC=CC(F)=C3,SML0994,DFU    ,SIGMA,2021_LOPAC_01,null,null,null,null,null,null,null,null,null,null,null,12.028,10,0.386,0.896,null,null,null,null,null,null,-0.272,null,null,9.718,-2.31,16.539,11.059,null,null,null,null,null,null,null,null,null,NXERGIJHYVUXHM,null,TRND,SoErFLgnEcbTtJGXzr,null,null,null,null,null,null,null,null,null,null,null,null,null,0,4,0,null,null,173031,0 0 0 0,1,1,2025-06-17 15:29:19,null,null,null,null,null,null,null,364785447,activity,null,HTS,null,2.266,-2.31,9.662,9.718,null,null,null,null,null,null,null,null,null,null,null,null,null,null,null,null,null,null,null,null,null,278939479
TRND-Glioblastoma_LOPAC_H4-primary_screen2,NCGC00185999-05,activity,null,4,11.057,4,0,null,CN1C(=O)\C(=C/C(C)=O)C2=CC=CC=C12,S3322,Supercinnamaldehyde,SIGMA,2021_LOPAC_01,null,null,null,null,null,null,null,null,null,null,null,8.437,0,null,null,null,null,null,null,null,null,0,null,null,12.208,3.771,28.267,null,null,null,null,null,null,null,null,null,null,CZKBLHCEDVWPRN,null,TRND,kctTkcGbNMnBvQSGLh,null,null,null,null,null,null,null,null,null,null,null,null,null,0,4,null,null,null,173031,null,1,1,2025-06-17 15:29:19,null,null,null,null,null,null,null,364790143,activity,null,HTS,null,3.771,4.94,12.208,11.057,null,null,null,null,null,null,null,null,null,null,null,null,null,null,null,null,null,null,null,null,null,278939480
TRND-Glioblastoma_LOPAC_H4-primary_screen2,NCGC00264107-03,activity,null,4,4.612,4,0,null,ON(CCCP(O)(O)=O)C=O,F8682,Fosmidomycin sodium salt hydrate,SIGMA,2021_LOPAC_01,null,null,null,null,null,null,null,null,null,null,null,4.347,0,null,null,null,null,null,null,null,null,0,null,null,4.612,0.265,6.912,null,null,null,null,null,null,null,null,null,null,GJXWDTUCERCKIX,null,TRND,QipUBdpBMwVtYVSctx,null,null,null,null,SODIUM,null,null,null,null,66508-53-0,null,null,null,0,4,null,null,null,173031,null,1,1,2025-06-17 15:29:19,null,null,null,null,null,null,null,364786083,activity,null,HTS,null,0.909,0.265,2.544,4.612,null,null,null,null,null,null,null,null,null,null,null,null,null,null,null,null,null,null,null,null,null,278939481
TRND-Glioblastoma_LOPAC_H4-primary_screen2,NCGC00015040-09,activity,null,4,7.983,4,19.5,1.692,OC(=O)C1=CC(C=CC1=O)=C(C2=CC(C(O)=O)=C(O)C=C2)C3=CC(C(O)=O)=C(O)C=C3,A1895,Aurintricarboxylic acid,SIGMA,2021_LOPAC_01,null,null,null,null,null,null,null,null,null,null,null,16.029,24.5,1,1,null,null,null,null,null,null,5,null,null,21.372,5.343,47.941,49.719,null,null,null,null,null,null,null,null,null,GIXWDMTZECRIJT,null,TRND,kqYeFgkIoqxsAoWZpL,null,null,null,null,null,null,null,null,null,null,null,null,null,0,4,1,null,null,173031,0 0 0 1,1,1,2025-06-17 15:29:19,null,null,null,null,null,null,null,364788495,activity,null,HTS,null,5.343,9.922,21.372,7.983,null,null,null,null,null,null,null,null,null,null,null,null,null,null,null,null,null,null,null,null,null,278939482
TRND-Glioblastoma_LOPAC_H4-primary_screen2,NCGC00487358-03,activity,null,4,-1.764,4,0,null,CC(C)N1CCC(CC1)N(C(=O)CC2=CC=CC=C2)C3=CC=C(Cl)C=C3,SML1025,Lorcainide hydrochloride,SIGMA,2021_LOPAC_01,null,null,null,null,null,null,null,null,null,null,null,8.965,0,null,null,null,null,null,null,null,null,0,null,null,7.201,-1.764,24.576,null,null,null,null,null,null,null,null,null,null,XHOJAWVAWFHGHL,null,TRND,wGtfsDozkXQEsBZemG,null,null,null,null,CL,null,null,null,null,59729-31-6,null,null,null,0,4,null,null,null,173031,null,1,1,2025-06-17 15:29:19,null,null,null,null,null,null,null,364790251,activity,null,HTS,null,6.712,7.201,2.636,-1.764,null,null,null,null,null,null,null,null,null,null,null,null,null,null,null,null,null,null,null,null,null,278939483
TRND-Glioblastoma_LOPAC_H4-primary_screen2,NCGC00024915-08,activity,null,4,4.018,4,0,null,[H][C@]1(CC(O)=O)CNC(C)(C)CO1,SML1040,SCH-50911,SIGMA,2021_LOPAC_01,null,null,null,null,null,null,null,null,null,null,null,3.958,0,null,null,null,null,null,null,null,null,0,null,null,5.566,1.608,13.682,null,null,null,null,null,null,null,null,null,null,SEYCKMQSPUVYEF,null,TRND,eorGIYtkojIJFmBWgE,null,null,null,null,CL,null,null,null,null,733717-87-8,null,null,null,0,4,null,null,null,173031,null,1,1,2025-06-17 15:29:19,null,null,null,null,null,null,null,364788499,activity,null,HTS,null,1.608,5.566,4.602,4.018,null,null,null,null,null,null,null,null,null,null,null,null,null,null,null,null,null,null,null,null,null,278939484
TRND-Glioblastoma_LOPAC_H4-primary_screen2,NCGC00186028-15,activity,null,4,9.024,4,0,null,CC[C@H](N1CCCC1=O)C(N)=O,L8668,Levetiracetam,SIGMA,2021_LOPAC_01,null,null,null,null,null,null,null,null,null,null,null,7.256,0,null,null,null,null,null,null,null,null,0,null,null,9.024,1.768,17.951,null,null,null,null,null,null,null,null,null,null,HPHUVLMMVZITSG,null,TRND,FWONkyBTuHAkPXJwye,null,Voltage-dependent N-type calcium channel subunit alpha-1B Blocker,null,null,null,null,null,null,null,102767-28-2,CACNA1B,null,null,0,4,null,null,null,173031,null,1,1,2025-06-17 15:29:19,null,null,null,null,null,null,null,364787715,activity,null,HTS,null,1.768,3.303,8.568,9.024,null,null,null,null,null,null,null,null,null,null,null,null,null,null,null,null,null,null,null,null,null,278939485
TRND-Glioblastoma_LOPAC_H4-primary_screen2,NCGC00016034-14,activity,null,4,6.31,4,-9,4.045,CC(C)(C)NCC(O)C1=C(Cl)C=CC=C1,T6050,Tulobuterol hydrochloride,SIGMA,2021_LOPAC_01,null,null,null,null,null,null,null,null,null,null,null,10.66,4.5,0.383,0.899,null,null,null,null,null,null,13.5,null,null,13.4,2.74,46.209,46.519,null,null,null,null,null,null,null,null,null,YREYLAVBNPACJM,null,TRND,rGwpRKnzSxoMvmRjPQ,null,null,null,null,CL,null,null,null,null,56776-01-3,null,null,null,0,4,0,null,null,173031,0 0 0 0,1,1,2025-06-17 15:29:19,null,null,null,null,null,null,null,364787143,activity,null,HTS,null,13.4,5.421,2.74,6.31,null,null,null,null,null,null,null,null,null,null,null,null,null,null,null,null,null,null,null,null,null,278939486
TRND-Glioblastoma_LOPAC_H4-primary_screen2,NCGC00162333-08,activity,null,4,2.863,4,0,null,[NH3+][Ru]([NH3+])([NH3+])([NH3+])([NH3+])O[Ru]([NH3+])([NH3+])([NH3+])([NH3+])O[Ru]([NH3+])([NH3+])([NH3+])([NH3+])[NH3+],R2751,Ruthenium red,SIGMA,2021_LOPAC_01,null,null,null,null,null,null,null,null,null,null,null,7.497,0,null,null,null,null,null,null,null,null,0,null,null,4.054,-3.443,9.605,null,null,null,null,null,null,null,null,null,null,ALIWVTYFCPRTIG,null,TRND,WTEbXxrAefnoCNeWKw,null,null,null,null,CL,null,null,null,null,11103-72-3,null,null,null,0,4,null,null,null,173031,null,1,1,2025-06-17 15:29:19,null,null,null,null,null,null,null,364787503,activity,null,HTS,null,2.764,-3.443,4.054,2.863,null,null,null,null,null,null,null,null,null,null,null,null,null,null,null,null,null,null,null,null,null,278939487
TRND-Glioblastoma_LOPAC_H4-primary_screen2,NCGC00022848-36,activity,null,4,-1.306,4,0,null,C[C@]12C[C@H](O)[C@H]3[C@@H](CCC4=CC(=O)CC[C@]34C)[C@@H]1CC[C@]2(O)C(=O)CO,H4001,Hydrocortisone,SIGMA,2021_LOPAC_01,null,null,null,null,null,null,null,null,null,null,null,7.627,0,null,null,null,null,null,null,null,null,0,null,null,6.321,-1.306,19.791,null,null,null,null,null,null,null,null,null,null,JYGXADMDTFJGBT,null,TRND,zxQNaHqZxjNOoyrByY,null,Glucocorticoid Receptor agonist,null,null,null,null,null,null,null,50-23-7,NR3C1,null,null,0,4,null,null,null,173031,null,1,1,2025-06-17 15:29:19,null,null,null,null,null,null,null,364787551,activity,null,HTS,null,6.321,1.095,3.105,-1.306,null,null,null,null,null,null,null,null,null,null,null,null,null,null,null,null,null,null,null,null,null,278939488
TRND-Glioblastoma_LOPAC_H4-primary_screen2,NCGC00015451-21,activity,null,4,5.968,4,0,null,CCOC(=O)NC1=CC=C(NCC2=CC=C(F)C=C2)N=C1N,F8927,Flupirtine maleate salt,SIGMA,2021_LOPAC_01,null,null,null,null,null,null,null,null,null,null,null,53.726,0,null,null,null,null,null,null,null,null,0,null,null,12.274,-41.452,4.928,null,null,null,null,null,null,null,null,null,null,JUUFBMODXQKSTD,null,TRND,ciOEGlyHatotVeRSFE,null,NMDA Receptor antagonist,null,null,MALEIC_ACID,null,null,null,null,75507-68-5,GRIN1,null,null,0,4,null,null,null,173031,null,1,1,2025-06-17 15:29:19,null,null,null,null,null,null,null,364789507,activity,null,HTS,null,7.99,-41.452,12.274,5.968,null,null,null,null,null,null,null,null,null,null,null,null,null,null,null,null,null,null,null,null,null,278939489
TRND-Glioblastoma_LOPAC_H4-primary_screen2,NCGC00093358-16,activity,null,4,11.201,4,0,null,CO\N=C(/C(=O)N[C@H]1[C@H]2SCC(COC(C)=O)=C(N2C1=O)C([O-])=O)C3=CSC(N)=N3,C7912,Cefotaxime sodium,SIGMA,2021_LOPAC_01,null,null,null,null,null,null,null,null,null,null,null,7.094,0,null,null,null,null,null,null,null,null,0,null,null,11.201,4.107,24.978,null,null,null,null,null,null,null,null,null,null,GPRBEKHLDVQUJE,null,TRND,jyrjKMiyLXomJdlHyo,null,null,null,null,SODIUM,null,null,null,null,64485-93-4,null,null,null,0,4,null,null,null,173031,null,1,1,2025-06-17 15:29:19,null,null,null,null,null,null,null,364787611,activity,null,HTS,null,4.107,4.29,6.714,11.201,null,null,null,null,null,null,null,null,null,null,null,null,null,null,null,null,null,null,null,null,null,278939491
TRND-Glioblastoma_LOPAC_H4-primary_screen2,NCGC00093674-12,activity,null,4,15.494,4,20.512,1.222,[H][C@]1(N)CONC1=O,C1159,L-Cycloserine,SIGMA,2021_LOPAC_01,null,null,null,null,null,null,null,null,null,null,null,18.42,16.5,0.011,1,null,null,null,null,null,null,-4.012,null,null,15.494,-2.927,9.094,9.177,null,null,null,null,null,null,null,null,null,DYDCUQKUCUHJBH,null,TRND,QbtynhyCrROjxdGLbT,null,null,null,null,null,null,null,null,null,68-41-7,null,null,null,0,4,0,null,null,173031,0 0 0 0,1,1,2025-06-17 15:29:19,null,null,null,null,null,null,null,364787619,activity,null,HTS,null,-2.927,1.886,11.087,15.494,null,null,null,null,null,null,null,null,null,null,null,null,null,null,null,null,null,null,null,null,null,278939492
TRND-Glioblastoma_LOPAC_H4-primary_screen2,NCGC00162242-08,activity,null,4,-13.881,4,-29.157,0.6,NC1=NC=NC2=C1N=CN2[C@@H]3O[C@H](COP(O)(=O)CP(O)(=O)OP([O-])([O-])=O)C(O)[C@H]3O,M6517,"alpha,beta-Methylene adenosine 5 -triphosphate dilithium",SIGMA,2021_LOPAC_01,null,null,null,null,null,null,null,null,null,null,null,20.792,-18.657,0.389,0.894,null,null,null,null,null,null,10.5,null,null,6.911,-13.881,8.906,6.888,null,null,null,null,null,null,null,null,null,CAWZRIXWFRFUQB,null,TRND,pVsJnoLViZRhlogvdv,null,null,null,null,LITHIUM,null,null,null,null,null,null,null,null,0,4,0,null,null,173031,0 0 0 0,1,1,2025-06-17 15:29:19,null,null,null,null,null,null,null,364787467,activity,null,HTS,null,6.911,-1.75,-2.506,-13.881,null,null,null,null,null,null,null,null,null,null,null,null,null,null,null,null,null,null,null,null,null,278939493
TRND-Glioblastoma_LOPAC_H4-primary_screen2,NCGC00015772-23,activity,null,4,-4.403,4,12.867,4.955,CC1COC2=C3N1C=C(C(O)=O)C(=O)C3=CC(F)=C2N4CCN(C)CC4,O8757,Ofloxacin,SIGMA,2021_LOPAC_01,null,null,null,null,null,null,null,null,null,null,null,18.586,11,1,0.376,null,null,null,null,null,null,-1.867,null,null,8.697,-9.889,20.375,5.244,null,null,null,null,null,null,null,null,null,GSDSWSVVBLHKDQ,null,TRND,LXtTKChYnJceSXAQFn,null,null,null,null,null,null,null,null,null,82419-36-1,null,null,null,0,4,1,null,null,173031,0 0 0 1,1,1,2025-06-17 15:29:19,null,null,null,null,null,null,null,364787067,activity,null,HTS,null,5.993,-9.889,8.697,-4.403,null,null,null,null,null,null,null,null,null,null,null,null,null,null,null,null,null,null,null,null,null,278939494
TRND-Glioblastoma_LOPAC_H4-primary_screen2,NCGC00015146-27,activity,null,4,8.246,4,0,null,CN(C)CCC(C1=CC=C(Br)C=C1)C2=CC=CC=N2,B2390,(±)-BRompheniramine maleate,SIGMA,2021_LOPAC_01,null,null,null,null,null,null,null,null,null,null,null,9.391,0,null,null,null,null,null,null,null,null,0,null,null,9.152,-0.24,35.085,null,null,null,null,null,null,null,null,null,null,ZDIGNSYAACHWNL,null,TRND,kvoTOjkosTrSNbdMKm,null,null,null,null,MALEATE,null,null,null,null,980-71-2,null,null,null,0,4,null,null,null,173031,null,1,1,2025-06-17 15:29:19,null,null,null,null,null,null,null,364788287,activity,null,HTS,null,9.152,-0.24,7.894,8.246,null,null,null,null,null,null,null,null,null,null,null,null,null,null,null,null,null,null,null,null,null,278939495
TRND-Glioblastoma_LOPAC_H4-primary_screen2,NCGC00015950-17,activity,null,4,-12.297,4,-14.257,3.132,OC1=C(Cl)C=C(NC2=C(C(=O)NC2=O)C3=C(C=CC=C3)[N+]([O-])=O)C=C1,S3567,SB 415286,SIGMA,2021_LOPAC_01,null,null,null,null,null,null,null,null,null,null,null,16.788,-12.757,0.397,0.889,null,null,null,null,null,null,1.5,null,null,4.491,-12.297,-7.942,-2.484,null,null,null,null,null,null,null,null,null,PQCXVIPXISBFPN,null,TRND,ZteeWdDsYeDxqihTCF,null,Glycogen Synthase Kinase 3 (GSK-3) inhibitor,null,null,null,null,null,null,null,null,GSK3B,null,null,0,4,0,null,null,173031,0 0 0 0,1,1,2025-06-17 15:29:19,null,null,null,null,null,null,null,364785735,activity,null,HTS,null,-1.188,4.491,-1.885,-12.297,null,null,null,null,null,null,null,null,null,null,null,null,null,null,null,null,null,null,null,null,null,278939496
TRND-Glioblastoma_LOPAC_H4-primary_screen2,NCGC00183829-03,activity,null,4,2.443,4,0,null,OC(CC1=CN=C2C=CC=CN12)(P(O)(O)=O)P(O)(O)=O,SML2159,Minodronic acid monohydrate,SIGMA,2021_LOPAC_01,null,null,null,null,null,null,null,null,null,null,null,10.363,0,null,null,null,null,null,null,null,null,0,null,null,7.558,-2.805,24.432,null,null,null,null,null,null,null,null,null,null,VMMKGHQPQIEGSQ,null,TRND,iWdIiVuCdSuKFEyvWw,null,null,null,null,H2O,null,null,null,null,180064-38-4,null,null,null,0,4,null,null,null,173031,null,1,1,2025-06-17 15:29:19,null,null,null,null,null,null,null,364786419,activity,null,HTS,null,7.558,-2.805,5.91,2.443,null,null,null,null,null,null,null,null,null,null,null,null,null,null,null,null,null,null,null,null,null,278939499
TRND-Glioblastoma_LOPAC_H4-primary_screen2,NCGC00025286-09,activity,null,4,4.595,4,0,null,CN(C)C\C=C(\C1=CC=C(Br)C=C1)C2=CC=CN=C2,Z101,Zimelidine dihydrochloride,SIGMA,2021_LOPAC_01,null,null,null,null,null,null,null,null,null,null,null,6.4,0,null,null,null,null,null,null,null,null,0,null,null,6.77,0.37,17.09,null,null,null,null,null,null,null,null,null,null,OYPPVKRFBIWMSX,null,TRND,kvoTOjPyUFdqTgEpQY,null,null,null,null,CL,null,null,null,null,null,null,null,null,0,4,null,null,null,173031,null,1,1,2025-06-17 15:29:19,null,null,null,null,null,null,null,364790363,activity,null,HTS,null,3.49,6.77,0.37,4.595,null,null,null,null,null,null,null,null,null,null,null,null,null,null,null,null,null,null,null,null,null,278939500
TRND-Glioblastoma_LOPAC_H4-primary_screen2,NCGC00015048-06,activity,null,4,11.952,4,0,null,NCCC#N,A3134,3-Aminopropionitrile fumarate,SIGMA,2021_LOPAC_01,null,null,null,null,null,null,null,null,null,null,null,9.479,0,null,null,null,null,null,null,null,null,0,null,null,11.952,2.473,22.982,null,null,null,null,null,null,null,null,null,null,AGSPXMVUFBBBMO,null,TRND,zwJkrLmaFAxywZykGZ,null,null,null,null,FUMARIC_ACID,null,null,null,null,151-18-8,null,null,null,0,4,null,null,null,173031,null,1,1,2025-06-17 15:29:19,null,null,null,null,null,null,null,364788511,activity,null,HTS,null,2.473,7.161,6.911,11.952,null,null,null,null,null,null,null,null,null,null,null,null,null,null,null,null,null,null,null,null,null,278939503
TRND-Glioblastoma_LOPAC_H4-primary_screen2,NCGC00015487-18,activity,null,4,-19.052,4,-27.862,4.955,CC1CNCCN1[S+]([O-])(=O)C2=C3C=CN=CC3=CC=C2,I7016,1-(5-Isoquinolinylsulfonyl)-2-methylpiperazine dihydrochloride,SIGMA,2021_LOPAC_01,null,null,null,null,null,null,null,null,null,null,null,26.861,-22.362,0.212,0.971,null,null,null,null,null,null,5.5,null,null,7.809,-19.052,6.791,12.946,null,null,null,null,null,null,null,null,null,BDVFVCGFMNCYPV,null,TRND,gvDsUiZfbXYcsalXGy,null,null,null,null,CL,null,null,null,null,null,null,null,null,0,4,0,null,null,173031,0 0 0 0,1,1,2025-06-17 15:29:19,null,null,null,null,null,null,null,364787987,activity,null,HTS,null,2.789,5.16,7.809,-19.052,null,null,null,null,null,null,null,null,null,null,null,null,null,null,null,null,null,null,null,null,null,278939504
TRND-Glioblastoma_LOPAC_H4-primary_screen2,NCGC00015058-05,activity,null,4,2.694,4,0,null,NOCC(O)=O,A4508,O-(Carboxymethyl)hydroxylamine hemihydrochloride,SIGMA,2021_LOPAC_01,null,null,null,null,null,null,null,null,null,null,null,4.109,0,null,null,null,null,null,null,null,null,0,null,null,5.613,1.504,11.251,null,null,null,null,null,null,null,null,null,null,NQRKYASMKDDGHT,null,TRND,PzcjrmRPIbHiZTWJTp,null,null,null,null,CL,null,null,null,null,645-88-5,null,null,null,0,4,null,null,null,173031,null,1,1,2025-06-17 15:29:19,null,null,null,null,null,null,null,364785347,activity,null,HTS,null,1.504,5.613,2.484,2.694,null,null,null,null,null,null,null,null,null,null,null,null,null,null,null,null,null,null,null,null,null,278939505
TRND-Glioblastoma_LOPAC_H4-primary_screen2,NCGC00093872-06,activity,null,4,0.707,4,20,4.955,CCCC[C@]1(CC2=CC(OCC(O)=O)=C(Cl)C(Cl)=C2C1=O)C3CCCC3,D129,R(+)-Butylindazone,SIGMA,2021_LOPAC_01,null,null,null,null,null,null,null,null,null,null,null,25.189,19,1,0.586,null,null,null,null,null,null,-1,null,null,25.897,0.707,46.644,50.52,null,null,null,null,null,null,null,null,null,YAWWQIFONIPBKT,null,TRND,SsRrtXSFRjUFpouMSE,null,null,null,null,null,null,null,null,null,null,null,null,null,0,4,1,null,null,173031,0 0 0 1,1,1,2025-06-17 15:29:19,null,null,null,null,null,null,null,364788555,activity,null,HTS,null,4.912,25.897,12.176,0.707,null,null,null,null,null,null,null,null,null,null,null,null,null,null,null,null,null,null,null,null,null,278939506
TRND-Glioblastoma_LOPAC_H4-primary_screen2,NCGC00015028-14,activity,null,4,3.699,4,0,null,NC(=N)NCCCCNC(N)=N,A0384,Arcaine sulfate,SIGMA,2021_LOPAC_01,null,null,null,null,null,null,null,null,null,null,null,6.869,0,null,null,null,null,null,null,null,null,0,null,null,3.699,-3.17,-4.377,null,null,null,null,null,null,null,null,null,null,HGMDNMBBCKDWTQ,null,TRND,EcRBgRGCkcGQpVCGJy,null,null,null,null,SULFURIC_ACID,null,null,null,null,null,null,null,null,0,4,null,null,null,173031,null,1,1,2025-06-17 15:29:19,null,null,null,null,null,null,null,364789103,activity,null,HTS,null,-1.838,1.423,-3.17,3.699,null,null,null,null,null,null,null,null,null,null,null,null,null,null,null,null,null,null,null,null,null,278938963
TRND-Glioblastoma_LOPAC_H4-primary_screen2,NCGC00507753-02,activity,null,4,4.595,4,0,null,O=C(N[C@H]1CC2CCN(C2)C1)C3=CNC4=C(SC=C4)C3=O,SmL1038,MKC-733,SIGMA,2021_LOPAC_01,null,null,null,null,null,null,null,null,null,null,null,9.059,0,null,null,null,null,null,null,null,null,0,null,null,9.265,0.207,28.899,null,null,null,null,null,null,null,null,null,null,XRLQZRQVIYPVAZ,null,TRND,RAwlLDZvoXKMUJOaLK,null,null,null,null,CL,null,null,null,null,null,null,null,null,0,4,null,null,null,173031,null,1,1,2025-06-17 15:29:19,null,null,null,null,null,null,null,364787327,activity,null,HTS,null,9.265,0.896,0.207,4.595,null,null,null,null,null,null,null,null,null,null,null,null,null,null,null,null,null,null,null,null,null,278938964
TRND-Glioblastoma_LOPAC_H4-primary_screen2,NCGC00025303-12,activity,null,4,1.757,4,0,null,CCN1CCC[C@H]1CNC(=O)C2=C(O)C(Cl)=CC(Cl)=C2OC,R121,S(+)-Raclopride L-tartrate,SIGMA,2021_LOPAC_01,null,null,null,null,null,null,null,null,null,null,null,4.22,0,null,null,null,null,null,null,null,null,0,null,null,4.583,0.363,13.105,null,null,null,null,null,null,null,null,null,null,WAOQONBSWFLFPE,null,TRND,potsUCgFHtvrXSnAwy,null,null,null,null,TARTRATE,null,null,null,null,84225-95-6,null,null,null,0,4,null,null,null,173031,null,1,1,2025-06-17 15:29:19,null,null,null,null,null,null,null,364788027,activity,null,HTS,null,3.144,4.583,0.363,1.757,null,null,null,null,null,null,null,null,null,null,null,null,null,null,null,null,null,null,null,null,null,278938965
TRND-Glioblastoma_LOPAC_H4-primary_screen2,NCGC00016065-24,activity,null,4,-2.152,4,0,null,CCN(CC1=CC=NC=C1)C(=O)C(CO)C2=CC=CC=C2,T9778,Tropicamide,SIGMA,2021_LOPAC_01,null,null,null,null,null,null,null,null,null,null,null,7.586,0,null,null,null,null,null,null,null,null,0,null,null,5.434,-2.152,8.505,null,null,null,null,null,null,null,null,null,null,BGDKAVGWHJFAGW,null,TRND,FeBXJmzirfmQUskVJh,null,null,null,null,null,null,null,null,null,1508-75-4,null,null,null,0,4,null,null,null,173031,null,1,1,2025-06-17 15:29:19,null,null,null,null,null,null,null,364787055,activity,null,HTS,null,1.158,5.434,3.752,-2.152,null,null,null,null,null,null,null,null,null,null,null,null,null,null,null,null,null,null,null,null,null,278938967
TRND-Glioblastoma_LOPAC_H4-primary_screen2,NCGC00015773-14,activity,null,4,8.693,4,0,null,O=C1CCCN1CC#CCN2CCCC2,O9126,Oxotremorine sesquifumarate salt,SIGMA,2021_LOPAC_01,null,null,null,null,null,null,null,null,null,null,null,3.069,0,null,null,null,null,null,null,null,null,0,null,null,11.762,8.693,47.688,null,null,null,null,null,null,null,null,null,null,RSDOPYMFZBJHRL,null,TRND,ZnGUqMqFHezSuZLkOs,null,null,null,null,FUMARIC_ACID,null,null,null,null,null,null,null,null,0,4,null,null,null,173031,null,1,1,2025-06-17 15:29:19,null,null,null,null,null,null,null,364787707,activity,null,HTS,null,9.64,11.648,11.762,8.693,null,null,null,null,null,null,null,null,null,null,null,null,null,null,null,null,null,null,null,null,null,278938969
TRND-Glioblastoma_LOPAC_H4-primary_screen2,NCGC00263210-08,activity,null,4,-25.151,4,-31.182,4.504,CCOC1=CC(=CC(OCC)=C1OCC)C(=O)NC2=CC(C3=NC4=C(N3)C=CC=C4)=C(Cl)C=C2,SML0644,SANT-2,SIGMA,2021_LOPAC_01,null,null,null,null,null,null,null,null,null,null,null,33.417,-25.182,0.164,0.983,null,null,null,null,null,null,6,null,null,8.266,-25.151,4.267,10.011,null,null,null,null,null,null,null,null,null,VQOJFGFKIVFMDH,null,TRND,ZgfPifiVEgRGIVjdsi,null,Smoothened Receptor antagonist,null,null,null,null,null,null,null,null,SMO,null,null,0,4,0,null,null,173031,0 0 0 0,1,1,2025-06-17 15:29:19,null,null,null,null,null,null,null,364788703,activity,null,HTS,null,3.416,8.266,3.191,-25.151,null,null,null,null,null,null,null,null,null,null,null,null,null,null,null,null,null,null,null,null,null,278938970
TRND-Glioblastoma_LOPAC_H4-primary_screen2,NCGC00162351-05,activity,null,4,-20.095,4,-22.114,4.955,[H][C@](O)(CN[C@@]1([H])CCC2=C(C1)C=CC=C2)COC3=CC=CC=C3CC,S8688,SR 59230A oxalate,SIGMA,2021_LOPAC_01,null,null,null,null,null,null,null,null,null,null,null,23.724,-22.614,0.483,0.821,null,null,null,null,null,null,-0.5,null,null,3.629,-20.095,-26.35,-12.587,null,null,null,null,null,null,null,null,null,ZDWNVUUXKGJQMT,null,TRND,OIKQRWDfAwXLXSFDlK,null,null,null,null,OXALIC_ACID,null,null,null,null,null,null,null,null,0,4,0,null,null,173031,0 0 0 0,1,1,2025-06-17 15:29:19,null,null,null,null,null,null,null,364786535,activity,null,HTS,null,-6.923,3.629,1.272,-20.095,null,null,null,null,null,null,null,null,null,null,null,null,null,null,null,null,null,null,null,null,null,278938971
TRND-Glioblastoma_LOPAC_H4-primary_screen2,NCGC00093936-16,activity,null,4,4.243,4,0,null,[H][C@](N)(CCC(N)=O)C(O)=O,G3126,L-Glutamine,SIGMA,2021_LOPAC_01,null,null,null,null,null,null,null,null,null,null,null,5.215,0,null,null,null,null,null,null,null,null,0,null,null,4.243,-0.972,6.099,null,null,null,null,null,null,null,null,null,null,ZDXPYRJPNDTMRX,null,TRND,NDJzcJaglduXebcuVY,null,null,null,null,null,null,null,null,null,56-85-9,null,null,null,0,4,null,null,null,173031,null,1,1,2025-06-17 15:29:19,null,null,null,null,null,null,null,364789539,activity,null,HTS,null,1.518,-0.972,0.478,4.243,null,null,null,null,null,null,null,null,null,null,null,null,null,null,null,null,null,null,null,null,null,278938972
TRND-Glioblastoma_LOPAC_H4-primary_screen2,NCGC00021125-13,activity,null,4,4.342,4,0,null,OC(=O)CC1=CC=CC=C1NC2=C(Cl)C=CC=C2Cl,D6899,Diclofenac sodium,SIGMA,2021_LOPAC_01,null,null,null,null,null,null,null,null,null,null,null,2.842,0,null,null,null,null,null,null,null,null,0,null,null,4.919,2.076,15.684,null,null,null,null,null,null,null,null,null,null,DCOPUUMXTXDBNB,null,TRND,gfAlgULifUQxvuUGFZ,null,null,null,null,SODIUM,null,null,null,null,[NO STEREO] 15307-79-6,null,null,null,0,4,null,null,null,173031,null,1,1,2025-06-17 15:29:19,null,null,null,null,null,null,null,364787983,activity,null,HTS,null,3.067,2.076,4.919,4.342,null,null,null,null,null,null,null,null,null,null,null,null,null,null,null,null,null,null,null,null,null,278938974
TRND-Glioblastoma_LOPAC_H4-primary_screen2,NCGC00160384-06,activity,null,4,17.018,4,0,null,CC1=C(NC2=C(C=CC=N2)C(O)=O)C=CC=C1Cl,SML0530,Clonixin,SIGMA,2021_LOPAC_01,null,null,null,null,null,null,null,null,null,null,null,9.402,0,null,null,null,null,null,null,null,null,0,null,null,17.018,7.615,51.346,null,null,null,null,null,null,null,null,null,null,CLOMYZFHNHFSIQ,null,TRND,cblMeXIjdwfGYlQXBc,null,null,null,null,null,null,null,null,null,17737-65-4,null,null,null,0,4,null,null,null,173031,null,1,1,2025-06-17 15:29:19,null,null,null,null,null,null,null,364790095,activity,null,HTS,null,10.206,7.615,12.517,17.018,null,null,null,null,null,null,null,null,null,null,null,null,null,null,null,null,null,null,null,null,null,278938975
TRND-Glioblastoma_LOPAC_H4-primary_screen2,NCGC00016861-14,activity,null,4,3.316,4,0,null,CC(C)CC1=CC=C(C=C1)[C@H](C)C(O)=O,I106,S(+)-Ibuprofen,SIGMA,2021_LOPAC_01,null,null,null,null,null,null,null,null,null,null,null,8.46,0,null,null,null,null,null,null,null,null,0,null,null,6.141,-2.318,17.177,null,null,null,null,null,null,null,null,null,null,HEFNNWSXXWATRW,null,TRND,ZKcNDUDwDJWqHPmEAh,null,null,null,null,null,null,null,null,null,51146-56-6,null,null,null,0,4,null,null,null,173031,null,1,1,2025-06-17 15:29:19,null,null,null,null,null,null,null,364786099,activity,null,HTS,null,6.141,0.017,-2.318,3.316,null,null,null,null,null,null,null,null,null,null,null,null,null,null,null,null,null,null,null,null,null,278938977
TRND-Glioblastoma_LOPAC_H4-primary_screen2,NCGC00378575-05,activity,null,4,-7.781,4,-16.838,3.132,OC(COC1=C2C=CC=NC2=CC=C1)CN3CCN(CC3)C(=O)C(C4=CC=CC=C4)C5=CC=CC=C5,SML0938,Dofequidar fumarate,SIGMA,2021_LOPAC_01,null,null,null,null,null,null,null,null,null,null,null,16.986,-7.838,0.031,0.999,null,null,null,null,null,null,9,null,null,9.204,-7.781,20.423,20.054,null,null,null,null,null,null,null,null,null,KLWUUPVJTLHYIM,null,TRND,HXBhCgEcOsRYjwGCbe,null,Multidrug resistance protein 1 inhibitor,null,null,FUMARIC_ACID,null,null,null,null,null,ABCB1,null,null,0,4,0,null,null,173031,0 0 0 0,1,1,2025-06-17 15:29:19,null,null,null,null,null,null,null,364785903,activity,null,HTS,null,9.204,5.999,-7.467,-7.781,null,null,null,null,null,null,null,null,null,null,null,null,null,null,null,null,null,null,null,null,null,278938979
TRND-Glioblastoma_LOPAC_H4-primary_screen2,NCGC00263479-08,activity,null,4,8.564,4,0,null,[H][C@@]12CC[C@@]3(CCC(=O)O3)[C@@]1(C)CC[C@@]4([H])[C@@]2([H])\C=C/C5=C/C(=O)CC[C@]45C,SML1497,Canrenone,SIGMA,2021_LOPAC_01,null,null,null,null,null,null,null,null,null,null,null,5.246,0,null,null,null,null,null,null,null,null,0,null,null,11.804,6.557,36.183,null,null,null,null,null,null,null,null,null,null,UJVLDDZCTMKXJK,null,TRND,TDULsyWbcjfvQRSomG,null,null,null,null,null,null,null,null,null,976-71-6,null,null,null,0,4,null,null,null,173031,null,1,1,2025-06-17 15:29:19,null,null,null,null,null,null,null,364788231,activity,null,HTS,null,6.557,7.484,11.804,8.564,null,null,null,null,null,null,null,null,null,null,null,null,null,null,null,null,null,null,null,null,null,278938980
TRND-Glioblastoma_LOPAC_H4-primary_screen2,NCGC00015039-10,activity,null,4,2.457,4,0,null,CC(=O)NCCC1=CNC2=C1C=C(O)C=C2,A1824,N-Acetyl-5-hydroxytryptamine,SIGMA,2021_LOPAC_01,null,null,null,null,null,null,null,null,null,null,null,5.617,0,null,null,null,null,null,null,null,null,0,null,null,6.15,0.534,21.134,null,null,null,null,null,null,null,null,null,null,MVAWJSIDNICKHF,null,TRND,cRianqeAvmVvytKuVL,null,null,null,null,null,null,null,null,null,1210-83-9,null,null,null,0,4,null,null,null,173031,null,1,1,2025-06-17 15:29:19,null,null,null,null,null,null,null,364787859,activity,null,HTS,null,6.15,3.437,0.534,2.457,null,null,null,null,null,null,null,null,null,null,null,null,null,null,null,null,null,null,null,null,null,278938981
TRND-Glioblastoma_LOPAC_H4-primary_screen2,NCGC00024257-21,activity,null,4,4.745,4,0,null,CNC[C@H](O)C1=CC=CC(O)=C1,P6126,Phenylephrine hydrochloride,SIGMA,2021_LOPAC_01,null,null,null,null,null,null,null,null,null,null,null,8.609,0,null,null,null,null,null,null,null,null,0,null,null,13.018,4.409,45.634,null,null,null,null,null,null,null,null,null,null,SONNWYBIRXJNDC,null,TRND,OuFUxgMHexcxeLWPOM,null,Alpha-1A Adrenergic Receptor ligand,null,null,CL,null,null,null,null,61-76-7,ADRA1A,null,null,0,4,null,null,null,173031,null,1,1,2025-06-17 15:29:19,null,null,null,null,null,null,null,364787803,activity,null,HTS,null,13.018,5.62,4.409,4.745,null,null,null,null,null,null,null,null,null,null,null,null,null,null,null,null,null,null,null,null,null,278938982
TRND-Glioblastoma_LOPAC_H4-primary_screen2,NCGC00690004-01,activity,null,4,3.663,4,0,null,CC1=CC=C(C=C1)C(=O)NC2=CC(C(O)=O)=C(N=C2)N3CCC(CC3)(N4CCCCC4)C(N)=O,SML2190,BRD5529,SIGMA,2021_LOPAC_01,null,null,null,null,null,null,null,null,null,null,null,8.534,0,null,null,null,null,null,null,null,null,0,null,null,11.055,2.521,20.308,null,null,null,null,null,null,null,null,null,null,ZXWHESBABUHJBE,null,TRND,TQXYiLCvlkDtYdhxcd,null,null,null,null,null,null,null,null,null,null,null,null,null,0,4,null,null,null,173031,null,1,1,2025-06-17 15:29:19,null,null,null,null,null,null,null,364785355,activity,null,HTS,null,2.521,5.231,11.055,3.663,null,null,null,null,null,null,null,null,null,null,null,null,null,null,null,null,null,null,null,null,null,278938983
TRND-Glioblastoma_LOPAC_H4-primary_screen2,NCGC00015205-16,activity,null,4,13.732,4,0,null,CCC(C)N(C)C(=O)C1=NC(=C2C=CC=CC2=C1)C3=C(Cl)C=CC=C3,C0424,PK 11195,SIGMA,2021_LOPAC_01,null,null,null,null,null,null,null,null,null,null,null,8.973,0,null,null,null,null,null,null,null,null,0,null,null,13.732,4.758,31.423,null,null,null,null,null,null,null,null,null,null,RAVIZVQZGXBOQO,null,TRND,MZcHjUwSxkLoTXtqhN,null,Translocator protein (TSPO) inhibitor,null,null,null,null,null,null,null,85532-75-8,TSPO,null,null,0,4,null,null,null,173031,null,1,1,2025-06-17 15:29:19,null,null,null,null,null,null,null,364787603,activity,null,HTS,null,4.758,7.979,7.755,13.732,null,null,null,null,null,null,null,null,null,null,null,null,null,null,null,null,null,null,null,null,null,278938984
TRND-Glioblastoma_LOPAC_H4-primary_screen2,NCGC00024476-22,activity,null,4,0.866,4,0,null,CN[C@H](CC(O)=O)C(O)=O,M3262,N-Methyl-D-aspartic acid,SIGMA,2021_LOPAC_01,null,null,null,null,null,null,null,null,null,null,null,3.859,0,null,null,null,null,null,null,null,null,0,null,null,2.498,-1.361,-0.886,null,null,null,null,null,null,null,null,null,null,HOKKHZGPKSLGJE,null,TRND,FujJYIUxklTLCHkLio,null,null,null,null,null,null,null,null,null,6384-92-5,null,null,null,0,4,null,null,null,173031,null,1,1,2025-06-17 15:29:19,null,null,null,null,null,null,null,364788679,activity,null,HTS,null,-1.361,2.498,0.986,0.866,null,null,null,null,null,null,null,null,null,null,null,null,null,null,null,null,null,null,null,null,null,278938987
TRND-Glioblastoma_LOPAC_H4-primary_screen2,NCGC00263570-08,activity,null,4,4.892,4,6.194,4.955,CC(C)(C)C(=O)OC1=CC=C(C=C1)[S+]([O-])(=O)NC2=CC=CC=C2C(=O)NCC(O)=O,S7198,Sivelestat sodium salt hydrate,SIGMA,2021_LOPAC_01,null,null,null,null,null,null,null,null,null,null,null,10.543,5.5,0.686,0.521,null,null,null,null,null,null,-0.694,null,null,5.798,-4.745,12.609,4.179,null,null,null,null,null,null,null,null,null,JIODRNUYULYNKE,null,TRND,XCpUbPtBCHMUlSQqWV,null,Neutrophil Elastase inhibitor,null,null,SODIUM,null,null,null,null,null,ELANE,null,null,0,4,0,null,null,173031,0 0 0 0,1,1,2025-06-17 15:29:19,null,null,null,null,null,null,null,364786435,activity,null,HTS,null,3.351,-4.745,5.798,4.892,null,null,null,null,null,null,null,null,null,null,null,null,null,null,null,null,null,null,null,null,null,278938988
TRND-Glioblastoma_LOPAC_H4-primary_screen2,NCGC00384174-16,activity,null,4,6.129,4,0,null,ClC1=CC=C(OCC(=O)N[C@H]2CC[C@@H](CC2)NC(=O)COC3=CC=C(Cl)C=C3)C=C1,SML0843,ISRIB,SIGMA,2021_LOPAC_01,null,null,null,null,null,null,null,null,null,null,null,5.467,0,null,null,null,null,null,null,null,null,0,null,null,9.52,4.052,28.408,null,null,null,null,null,null,null,null,null,null,HJGMCDHQPXTGAV,null,TRND,iZDwnLuRVLATLfkAxa,null,null,null,null,null,null,null,null,null,null,null,null,null,0,4,null,null,null,173031,null,1,1,2025-06-17 15:29:19,null,null,null,null,null,null,null,364786979,activity,null,HTS,null,5.656,4.052,9.52,6.129,null,null,null,null,null,null,null,null,null,null,null,null,null,null,null,null,null,null,null,null,null,278938989
TRND-Glioblastoma_LOPAC_H4-primary_screen2,NCGC00015418-17,activity,null,4,5.796,4,-12.604,4.955,CCC1(C)CC(=O)NC1=O,E7138,Ethosuximide,SIGMA,2021_LOPAC_01,null,null,null,null,null,null,null,null,null,null,null,15.05,-5.604,1,0.683,null,null,null,null,null,null,7,null,null,5.796,-9.254,3.909,1.787,null,null,null,null,null,null,null,null,null,HAPOVYFOVVWLRS,null,TRND,gRtYEwDKboRXtTPRKg,null,Voltage-dependent T-type calcium channel subunit alpha-1G inhibitor,null,null,null,null,null,null,null,77-67-8,CACNA1G,null,null,0,4,1,null,null,173031,0 0 0 1,1,1,2025-06-17 15:29:19,null,null,null,null,null,null,null,364788787,activity,null,HTS,null,4.413,-9.254,-1.527,5.796,null,null,null,null,null,null,null,null,null,null,null,null,null,null,null,null,null,null,null,null,null,278938990
TRND-Glioblastoma_LOPAC_H4-primary_screen2,NCGC00015082-20,activity,null,4,1.959,4,0,null,NNC(N)=N,A8835,Aminoguanidine hydrochloride,SIGMA,2021_LOPAC_01,null,null,null,null,null,null,null,null,null,null,null,8.551,0,null,null,null,null,null,null,null,null,0,null,null,8.292,-0.259,6.585,null,null,null,null,null,null,null,null,null,null,HAMNKKUPIHEESI,null,TRND,fNlKcirKdSMvCUwRga,null,"Nitric Oxide Synthase, inducible inhibitor",null,null,CL,null,null,null,null,79-17-4,NOS2,null,null,0,4,null,null,null,173031,null,1,1,2025-06-17 15:29:19,null,null,null,null,null,null,null,364786571,activity,null,HTS,null,-0.259,8.292,0.688,1.959,null,null,null,null,null,null,null,null,null,null,null,null,null,null,null,null,null,null,null,null,null,278938991
TRND-Glioblastoma_LOPAC_H4-primary_screen2,NCGC00162329-08,activity,null,4,-18.386,4,-22.063,2.353,NC1=C(C=C(NC2=CC(=C(NC3=NC(NC4=CC=C(C=C4)S([O-])(=O)=O)=NC(Cl)=N3)C=C2)S([O-])(=O)=O)C5=C1C(=O)C6=CC=CC=C6C5=O)S([O-])(=O)=O,R115,Reactive Blue 2,SIGMA,2021_LOPAC_01,null,null,null,null,null,null,null,null,null,null,null,23.209,-20.063,0.275,0.95,null,null,null,null,null,null,2,null,null,4.823,-18.386,1.234,-4.985,null,null,null,null,null,null,null,null,null,IYZXGLGVLYBKAI,null,TRND,slwHGSzJEaKQHIOBCZ,null,null,null,null,SODIUM,null,null,null,null,null,null,null,null,0,4,0,null,null,173031,0 0 0 0,1,1,2025-06-17 15:29:19,null,null,null,null,null,null,null,364786111,activity,null,HTS,null,4.823,-0.734,-2.821,-18.386,null,null,null,null,null,null,null,null,null,null,null,null,null,null,null,null,null,null,null,null,null,278938992
TRND-Glioblastoma_LOPAC_H4-primary_screen2,NCGC00015208-30,activity,null,4,0.655,4,-6.5,2.333,CN1C=NC2=C1C(=O)N(C)C(=O)N2C,C0750,Caffeine,SIGMA,2021_LOPAC_01,null,null,null,null,null,null,null,null,null,null,null,11.47,0.5,0.739,0.372,null,null,null,null,null,null,7,null,null,12.125,0.655,16.67,26.643,null,null,null,null,null,null,null,null,null,RYYVLZVUVIJVGH,null,TRND,JlmuQsRiefTRshclpR,null,null,null,null,null,null,null,null,null,58-08-2,null,null,null,0,4,0,null,null,173031,0 0 0 0,1,1,2025-06-17 15:29:19,null,null,null,null,null,null,null,364789519,activity,null,HTS,null,2.172,12.125,2.61,0.655,null,null,null,null,null,null,null,null,null,null,null,null,null,null,null,null,null,null,null,null,null,278938993
TRND-Glioblastoma_LOPAC_H4-primary_screen2,NCGC00024986-10,activity,null,4,1.182,4,0,null,CCCN(CCC)[C@@H]1CCC2=C(C1)C(O)=CC=C2,H140,R-(+)-8-Hydroxy-DPAT hydrobromide,SIGMA,2021_LOPAC_01,null,null,null,null,null,null,null,null,null,null,null,3.741,0,null,null,null,null,null,null,null,null,0,null,null,4.924,1.182,19.092,null,null,null,null,null,null,null,null,null,null,ASXGJMSKWNBENU,null,TRND,wKGnadBRxcxghyFqli,null,null,null,null,BR,null,null,null,null,78095-19-9,null,null,null,0,4,null,null,null,173031,null,1,1,2025-06-17 15:29:19,null,null,null,null,null,null,null,364790171,activity,null,HTS,null,4.924,4.628,2.249,1.182,null,null,null,null,null,null,null,null,null,null,null,null,null,null,null,null,null,null,null,null,null,278938994
TRND-Glioblastoma_LOPAC_H4-primary_screen2,NCGC00015108-13,activity,null,4,4.111,4,0,null,NC(N)=NC(=O)C1=NC(Cl)=C(N=C1N)N2CCCCCC2,A9561,"5-(N,N-hexamethylene)amiloride",SIGMA,2021_LOPAC_01,null,null,null,null,null,null,null,null,null,null,null,9.37,0,null,null,null,null,null,null,null,null,0,null,null,7.364,-2.006,8.55,null,null,null,null,null,null,null,null,null,null,RQQJJXVETXFINY,null,TRND,dmnFWruhAqQwdQHAuq,null,null,null,null,null,null,null,null,null,null,null,null,null,0,4,null,null,null,173031,null,1,1,2025-06-17 15:29:19,null,null,null,null,null,null,null,364786587,activity,null,HTS,null,0.953,7.364,-2.006,4.111,null,null,null,null,null,null,null,null,null,null,null,null,null,null,null,null,null,null,null,null,null,278938995
TRND-Glioblastoma_LOPAC_H4-primary_screen2,NCGC00273564-05,activity,null,4,-4.212,4,-7.054,4.955,N\C1=N\C(=O)\C(Br)=C(/N1)C2=CC=CC=C2,SML0218,BRopirimine,SIGMA,2021_LOPAC_01,null,null,null,null,null,null,null,null,null,null,null,10.075,-5.054,0.704,0.476,null,null,null,null,null,null,2,null,null,5.863,-4.212,-2.437,6.132,null,null,null,null,null,null,null,null,null,CIUUIPMOFZIWIZ,null,TRND,gXiYHIKaiRMoDkMTuS,null,null,null,null,null,null,null,null,null,56741-95-8,null,null,null,0,4,0,null,null,173031,0 0 0 0,1,1,2025-06-17 15:29:19,null,null,null,null,null,null,null,364789099,activity,null,HTS,null,-2.338,5.863,3.102,-4.212,null,null,null,null,null,null,null,null,null,null,null,null,null,null,null,null,null,null,null,null,null,278938996
TRND-Glioblastoma_LOPAC_H4-primary_screen2,NCGC00162149-15,activity,null,4,-10.299,4,-13.859,4.095,[H][C@]12C[C@@]3([H])[C@H](N(C)C)C(O)=C(C(N)=O)C(=O)[C@@]3(O)C(O)=C1C(=O)C4=C(O)C=CC(Cl)=C4[C@H]2O,D6140,Demeclocycline hydrochloride,SIGMA,2021_LOPAC_01,null,null,null,null,null,null,null,null,null,null,null,12.274,-11.859,0.065,0.997,null,null,null,null,null,null,2,null,null,1.975,-10.299,1.301,2.801,null,null,null,null,null,null,null,null,null,FMTDIUIBLCQGJB,null,TRND,DZPknRLlsrSMXCRckA,null,null,null,null,CL,null,null,null,null,[NO STEREO] 64-73-3,null,null,null,0,4,0,null,null,173031,0 0 0 0,1,1,2025-06-17 15:29:19,null,null,null,null,null,null,null,364786703,activity,null,HTS,null,1.468,1.975,1.805,-10.299,null,null,null,null,null,null,null,null,null,null,null,null,null,null,null,null,null,null,null,null,null,278939507
TRND-Glioblastoma_LOPAC_H4-primary_screen2,NCGC00095133-17,activity,null,4,-9.54,4,-14.448,4.955,CC(=O)OCC(CCN1C=NC2=CN=C(N)N=C12)COC(C)=O,F7932,Famciclovir,SIGMA,2021_LOPAC_01,null,null,null,null,null,null,null,null,null,null,null,17.625,-10.448,0.473,0.831,null,null,null,null,null,null,4,null,null,8.085,-9.54,5.728,11.713,null,null,null,null,null,null,null,null,null,GGXKWVWZWMLJEH,null,TRND,wTnARUHImCpkahqQTQ,null,null,null,null,null,null,null,null,null,104227-87-4,null,null,null,0,4,0,null,null,173031,0 0 0 0,1,1,2025-06-17 15:29:19,null,null,null,null,null,null,null,364789927,activity,null,HTS,null,1.243,2.345,8.085,-9.54,null,null,null,null,null,null,null,null,null,null,null,null,null,null,null,null,null,null,null,null,null,278939508
TRND-Glioblastoma_LOPAC_H4-primary_screen2,NCGC00390646-03,activity,null,4,-27.163,4,-32.595,4.955,C[C@@H](C1=NC(=CS1)C2=CC=C(C=C2)C#N)[C@](O)(CN3C=NC=N3)C4=CC(F)=CC=C4F,SML2357,Isavuconazole,SIGMA,2021_LOPAC_01,null,null,null,null,null,null,null,null,null,null,null,32.345,-30.595,0.228,0.967,null,null,null,null,null,null,2,null,null,5.183,-27.163,-5.73,-5.691,null,null,null,null,null,null,null,null,null,DDFOUSQFMYRUQK,null,TRND,KZLMxuoQTqNWDXCNCf,null,null,null,null,null,null,null,null,null,241479-67-4,null,null,null,0,4,0,null,null,173031,0 0 0 0,1,1,2025-06-17 15:29:19,null,null,null,null,null,null,null,364786275,activity,null,HTS,null,2.11,-1.333,5.183,-27.163,null,null,null,null,null,null,null,null,null,null,null,null,null,null,null,null,null,null,null,null,null,278939509
TRND-Glioblastoma_LOPAC_H4-primary_screen2,NCGC00016013-17,activity,null,4,7.219,4,0,null,CC(CN(C)C)CN1C2=C(CCC3=C1C=CC=C3)C=CC=C2,T3146,Trimipramine maleate,SIGMA,2021_LOPAC_01,null,null,null,null,null,null,null,null,null,null,null,10.443,0,null,null,null,null,null,null,null,null,0,null,null,10.553,0.11,38.974,null,null,null,null,null,null,null,null,null,null,ZSCDBOWYZJWBIY,null,TRND,XnYIXNOWNFnEDHpuob,null,null,null,null,MALEATE,null,null,null,null,521-78-8|138283-60-0|138283-61-1,null,null,null,0,4,null,null,null,173031,null,1,1,2025-06-17 15:29:19,null,null,null,null,null,null,null,364787735,activity,null,HTS,null,9.989,0.11,10.553,7.219,null,null,null,null,null,null,null,null,null,null,null,null,null,null,null,null,null,null,null,null,null,278939510
TRND-Glioblastoma_LOPAC_H4-primary_screen2,NCGC00181048-08,activity,null,4,-2.321,4,-12.991,3.512,O=C(O[C@H]1C[C@H]2C[C@H]3C[C@@H](C1)N2CC3=O)C4=CNC5=CC=CC=C45,D9571,DOLASETRON MESYLATE HYDRATE,SIGMA,2021_LOPAC_01,null,null,null,null,null,null,null,null,null,null,null,16.762,-5.991,0.493,0.813,null,null,null,null,null,null,7,null,null,7.187,-9.576,11.095,10.91,null,null,null,null,null,null,null,null,null,UKTAZPQNNNJVKR,null,TRND,lXYnxEItSQENSrMmQS,null,null,null,null,SULFONICACID_V1,null,null,null,434295427,GRT01142,null,null,null,0,4,0,null,null,173031,0 0 0 0,1,1,2025-06-17 15:29:19,null,null,null,null,null,null,null,364787031,activity,null,HTS,null,7.187,-1.336,-9.576,-2.321,null,null,null,null,null,null,null,null,null,null,null,null,null,null,null,null,null,null,null,null,null,278939512
TRND-Glioblastoma_LOPAC_H4-primary_screen2,NCGC00386387-04,activity,null,4,7.329,4,0,null,CC(C)(C)C1=CC=C(CN2CCN(CC2)C(C3=CC=CC=C3)C4=CC=C(Cl)C=C4)C=C1,SML1591,Buclizine dihydrochloride,SIGMA,2021_LOPAC_01,null,null,null,null,null,null,null,null,null,null,null,6.887,0,null,null,null,null,null,null,null,null,0,null,null,7.329,0.442,12.989,null,null,null,null,null,null,null,null,null,null,MOYGZHXDRJNJEP,null,TRND,fWdMXrZAHpbXupESgB,null,null,null,null,CL,null,null,null,null,null,null,null,null,0,4,null,null,null,173031,null,1,1,2025-06-17 15:29:19,null,null,null,null,null,null,null,364787387,activity,null,HTS,null,2.343,3.326,0.442,7.329,null,null,null,null,null,null,null,null,null,null,null,null,null,null,null,null,null,null,null,null,null,278939513
TRND-Glioblastoma_LOPAC_H4-primary_screen2,NCGC00015922-06,activity,null,4,13.401,4,0,null,CN1CCC2=C1C=CC(NC(=O)NC3=CC=CN=C3)=C2,S0568,SB 200646 hydrochloride,SIGMA,2021_LOPAC_01,null,null,null,null,null,null,null,null,null,null,null,9.816,0,null,null,null,null,null,null,null,null,0,null,null,13.401,3.585,31.721,null,null,null,null,null,null,null,null,null,null,AVGWYMLCNKIXFE,null,TRND,NqSgBbNBNqVgpMOjkC,null,null,null,null,null,null,null,null,null,null,null,null,null,0,4,null,null,null,173031,null,1,1,2025-06-17 15:29:19,null,null,null,null,null,null,null,364789191,activity,null,HTS,null,4.717,12.992,3.585,13.401,null,null,null,null,null,null,null,null,null,null,null,null,null,null,null,null,null,null,null,null,null,278939514
TRND-Glioblastoma_LOPAC_H4-primary_screen2,NCGC00015304-12,activity,null,4,9.103,4,0,null,C[N+]1(C)CCC(CC1)OC(=O)C(C2=CC=CC=C2)C3=CC=CC=C3,D104,4-DAMP methiodide,SIGMA,2021_LOPAC_01,null,null,null,null,null,null,null,null,null,null,null,8.081,0,null,null,null,null,null,null,null,null,0,null,null,9.103,1.022,24.425,null,null,null,null,null,null,null,null,null,null,HYJRTXSYDAFGJK,null,TRND,gqPvONAfTWLElXeeyb,null,null,null,null,I,null,null,null,null,null,null,null,null,0,4,null,null,null,173031,null,1,1,2025-06-17 15:29:19,null,null,null,null,null,null,null,364785359,activity,null,HTS,null,5.073,1.022,6.932,9.103,null,null,null,null,null,null,null,null,null,null,null,null,null,null,null,null,null,null,null,null,null,278939515
TRND-Glioblastoma_LOPAC_H4-primary_screen2,NCGC00094391-06,activity,null,4,2.691,4,0,null,C[C@H](O)C(=O)C1=NC2=C(NC1)N=C(N)NC2=O,S154,Sepiapterin,SIGMA,2021_LOPAC_01,null,null,null,null,null,null,null,null,null,null,null,9.34,0,null,null,null,null,null,null,null,null,0,null,null,7.36,-1.981,8.441,null,null,null,null,null,null,null,null,null,null,VPVOXUSPXFPWBN,null,TRND,atfekjAMhUKFLwmILm,null,null,null,null,null,null,null,null,null,17094-01-8,null,null,null,0,4,null,null,null,173031,null,1,1,2025-06-17 15:29:19,null,null,null,null,null,null,null,364785767,activity,null,HTS,null,1.176,-1.981,7.36,2.691,null,null,null,null,null,null,null,null,null,null,null,null,null,null,null,null,null,null,null,null,null,278939516
TRND-Glioblastoma_LOPAC_H4-primary_screen2,NCGC00013520-07,activity,null,4,3.281,4,-6,3.512,OC(=O)CC[C@H](N1C(=O)C2=C(C=CC=C2)C1=O)C(O)=O,P1801,"L-Glutamic acid, N-phthaloyl-",SIGMA,2021_LOPAC_01,null,null,null,null,null,null,null,null,null,null,null,11.171,3.5,0.742,0.362,null,null,null,null,null,null,9.5,null,null,14.453,3.281,30.031,40.025,null,null,null,null,null,null,null,null,null,FEFFSKLJNYRHQN,null,TRND,gNTWEOsxhJuebAxCyH,null,null,null,null,null,null,null,null,null,340-90-9,null,null,null,0,4,0,null,null,173031,0 0 0 0,1,1,2025-06-17 15:29:19,null,null,null,null,null,null,null,364790295,activity,null,HTS,null,4.687,14.453,7.435,3.281,null,null,null,null,null,null,null,null,null,null,null,null,null,null,null,null,null,null,null,null,null,278939517
TRND-Glioblastoma_LOPAC_H4-primary_screen2,NCGC00017364-23,activity,null,4,6.936,4,0,null,OC(=O)\C=C\C1=CC(O)=C(O)C=C1,C0625,Caffeic Acid,SIGMA,2021_LOPAC_01,null,null,null,null,null,null,null,null,null,null,null,4.757,0,null,null,null,null,null,null,null,null,0,null,null,8.001,3.244,23.443,null,null,null,null,null,null,null,null,null,null,QAIPRVGONGVQAS,null,TRND,oMAXIgoFasZlWKCfKL,null,null,null,null,null,null,null,null,null,331-39-5,null,null,null,0,4,null,null,null,173031,null,1,1,2025-06-17 15:29:19,null,null,null,null,null,null,null,364788239,activity,null,HTS,null,3.244,7.441,8.001,6.936,null,null,null,null,null,null,null,null,null,null,null,null,null,null,null,null,null,null,null,null,null,278939518
TRND-Glioblastoma_LOPAC_H4-primary_screen2,NCGC00015219-15,activity,null,4,5.959,4,-13,1.627,C[N+](C)(C)CCO,C1754,Choline bromide,SIGMA,2021_LOPAC_01,null,null,null,null,null,null,null,null,null,null,null,12.908,4.5,0.303,0.939,null,null,null,null,null,null,17.5,null,null,16.143,3.235,57.317,58.459,null,null,null,null,null,null,null,null,null,OEYIOHPDSNJKLS,null,TRND,VWXreUQkYcubIeFcjS,null,null,null,null,BR,null,null,null,null,10019,null,null,null,0,4,0,null,null,173031,0 0 0 0,1,1,2025-06-17 15:29:19,null,null,null,null,null,null,null,364786355,activity,null,HTS,null,16.143,10.193,3.235,5.959,null,null,null,null,null,null,null,null,null,null,null,null,null,null,null,null,null,null,null,null,null,278939519
TRND-Glioblastoma_LOPAC_H4-primary_screen2,NCGC00015159-26,activity,null,4,5.512,4,0,null,CC(C)NCC(O)COC1=CC=C(CCOCC2CC2)C=C1,B5683,Betaxolol hydrochloride,SIGMA,2021_LOPAC_01,null,null,null,null,null,null,null,null,null,null,null,9.01,0,null,null,null,null,null,null,null,null,0,null,null,9.056,0.046,29.278,null,null,null,null,null,null,null,null,null,null,NWIUTZDMDHAVTP,null,TRND,iNhpKGxfJkuOhHQJLp,null,Beta-1 Adrenergic Receptor antagonist,null,null,CL,null,null,null,null,63659-19-8,ADRB1,null,null,0,4,null,null,null,173031,null,1,1,2025-06-17 15:29:19,null,null,null,null,null,null,null,364787523,activity,null,HTS,null,9.056,1.742,0.046,5.512,null,null,null,null,null,null,null,null,null,null,null,null,null,null,null,null,null,null,null,null,null,278939520
TRND-Glioblastoma_LOPAC_H4-primary_screen2,NCGC00690008-01,activity,null,4,11.933,4,11,4.955,CNC(=O)NC1=CC(OC2=CC(OC)=CN=C2)=C(C=N1)[C@H]3CCCOC3,SML1946,AM-9074,SIGMA,2021_LOPAC_01,null,null,null,null,null,null,null,null,null,null,null,13.417,13,0.353,0.915,null,null,null,null,null,null,2,null,null,14.01,0.593,28.296,22.791,null,null,null,null,null,null,null,null,null,APSOPISMEDAYTH,null,TRND,ZOVXRDAaGZhqxmCulj,null,null,null,null,null,null,null,null,null,null,null,null,null,0,4,0,null,null,173031,0 0 0 0,1,1,2025-06-17 15:29:19,null,null,null,null,null,null,null,364787883,activity,null,HTS,null,4.256,0.593,14.01,11.933,null,null,null,null,null,null,null,null,null,null,null,null,null,null,null,null,null,null,null,null,null,278939521
TRND-Glioblastoma_LOPAC_H4-primary_screen2,NCGC00093739-25,activity,null,4,2.933,4,0,null,[H][C@]1(CCC(=O)N1C)C2=CN=CC=C2,C5923,(-)-Cotinine,SIGMA,2021_LOPAC_01,null,null,null,null,null,null,null,null,null,null,null,8.835,0,null,null,null,null,null,null,null,null,0,null,null,4.37,-4.465,-5.255,null,null,null,null,null,null,null,null,null,null,UIKROCXWUNQSPJ,null,TRND,XHYPyAzZpaMtjVBfLD,null,null,null,null,null,null,null,null,null,486-56-6,null,null,null,0,4,null,null,null,173031,null,1,1,2025-06-17 15:29:19,null,null,null,null,null,null,null,364788199,activity,null,HTS,null,-4.465,4.37,3.633,2.933,null,null,null,null,null,null,null,null,null,null,null,null,null,null,null,null,null,null,null,null,null,278939522
TRND-Glioblastoma_LOPAC_H4-primary_screen2,NCGC00390702-04,activity,null,4,18.654,4,23,1.111,C[C@@H](N1CCC(=C)CC1)[C@](O)(CN2C=NC=N2)C3=CC=C(F)C=C3F,SML1244,Efinaconazole ,SIGMA,2021_LOPAC_01,null,null,null,null,null,null,null,null,null,null,null,17.664,23.5,0.036,0.999,null,null,null,null,null,null,0.5,null,null,18.654,0.99,21.252,20.852,null,null,null,null,null,null,null,null,null,NFEZZTICAUWDHU,null,TRND,iQhAZcCFlwgQxsnKcD,null,null,null,null,null,null,null,null,null,164650-44-6,null,null,null,0,4,0,null,null,173031,0 0 0 0,1,1,2025-06-17 15:29:19,null,null,null,null,null,null,null,364787615,activity,null,HTS,null,0.99,3.078,9.364,18.654,null,null,null,null,null,null,null,null,null,null,null,null,null,null,null,null,null,null,null,null,null,278939523
TRND-Glioblastoma_LOPAC_H4-primary_screen2,NCGC00015214-13,activity,null,4,-16.537,4,-22.845,4.955,[O-][S+](=O)(N1CCCNCC1)C2=CC=CC3=C(Cl)C=CC=C23,C1172,ML-9,SIGMA,2021_LOPAC_01,null,null,null,null,null,null,null,null,null,null,null,20.654,-19.345,0.102,0.994,null,null,null,null,null,null,3.5,null,null,4.117,-16.537,5.526,5.871,null,null,null,null,null,null,null,null,null,OZSMSRIUUDGTEP,null,TRND,syWeVJpRYLZrLxeLuo,null,null,null,null,CL,null,null,null,null,105637-50-1,null,null,null,0,4,0,null,null,173031,0 0 0 0,1,1,2025-06-17 15:29:19,null,null,null,null,null,null,null,364788255,activity,null,HTS,null,3.508,2.296,4.117,-16.537,null,null,null,null,null,null,null,null,null,null,null,null,null,null,null,null,null,null,null,null,null,278939524
TRND-Glioblastoma_LOPAC_H4-primary_screen2,NCGC00015047-07,activity,null,4,7.254,4,-12.5,4.955,CCN(C(C)C)C1=C(Cl)N=C(C(=O)N=C(N)N)C(N)=N1,A3085,5-(N-Ethyl-N-isopropyl)amiloride,SIGMA,2021_LOPAC_01,null,null,null,null,null,null,null,null,null,null,null,10.693,1,1,0.976,null,null,null,null,null,null,13.5,null,null,10.946,0.254,33.019,32.588,null,null,null,null,null,null,null,null,null,QDERNBXNXJCIQK,null,TRND,aoWznwDHwbVHtAElrX,null,null,null,null,null,null,null,null,null,1154-25-2,null,null,null,0,4,1,null,null,173031,0 0 0 1,1,1,2025-06-17 15:29:19,null,null,null,null,null,null,null,364787875,activity,null,HTS,null,10.946,0.254,2.012,7.254,null,null,null,null,null,null,null,null,null,null,null,null,null,null,null,null,null,null,null,null,null,278939525
TRND-Glioblastoma_LOPAC_H4-primary_screen2,NCGC00507717-03,activity,null,4,24.641,4,22.5,1.627,CC(=O)NC1=CC=C(C=C1)C(=O)NC2=CC=C(F)C=C2N,SML1639,BRD3308,SIGMA,2021_LOPAC_01,null,null,null,null,null,null,null,null,null,null,null,21.604,27,0.265,0.954,null,null,null,null,null,null,4.5,null,null,24.641,3.037,44.425,39.746,null,null,null,null,null,null,null,null,null,RRJDFENBXIEAPD,null,TRND,eZOfovALGICIJfWGrf,null,null,null,null,null,null,null,null,null,null,null,null,null,0,4,0,null,null,173031,0 0 0 0,1,1,2025-06-17 15:29:19,null,null,null,null,null,null,null,364788383,activity,null,HTS,null,6.868,3.037,14.715,24.641,null,null,null,null,null,null,null,null,null,null,null,null,null,null,null,null,null,null,null,null,null,278939527
TRND-Glioblastoma_LOPAC_H4-primary_screen2,NCGC00015854-20,activity,null,4,2.708,4,0,null,CC(C)[N+](C)(CCOC(=O)C1C2=C(OC3=C1C=CC=C3)C=CC=C2)C(C)C,P8891,Propantheline bromide,SIGMA,2021_LOPAC_01,null,null,null,null,null,null,null,null,null,null,null,9.977,0,null,null,null,null,null,null,null,null,0,null,null,12.684,2.708,34.526,null,null,null,null,null,null,null,null,null,null,VVWYOYDLCMFIEM,null,TRND,VGDlgaEOeRqfnSqqSy,null,null,null,null,BR,null,null,null,null,50-34-0,null,null,null,0,4,null,null,null,173031,null,1,1,2025-06-17 15:29:19,null,null,null,null,null,null,null,364788659,activity,null,HTS,null,6.714,12.684,8.016,2.708,null,null,null,null,null,null,null,null,null,null,null,null,null,null,null,null,null,null,null,null,null,278939528
TRND-Glioblastoma_LOPAC_H4-primary_screen2,NCGC00015571-16,activity,null,4,0.542,4,0,null,OC1=C(C=CC=C1)N2CC=C(NC2=O)C3=CC=CC(=C3)[N+]([O-])=O,I9532,Icilin,SIGMA,2021_LOPAC_01,null,null,null,null,null,null,null,null,null,null,null,8.545,0,null,null,null,null,null,null,null,null,0,null,null,9.087,0.542,25.948,null,null,null,null,null,null,null,null,null,null,RCEFMOGVOYEGJN,null,TRND,tWieBMPmqSgdsPrmur,null,null,null,null,null,null,null,null,null,36945-98-9,null,null,null,0,4,null,null,null,173031,null,1,1,2025-06-17 15:29:19,null,null,null,null,null,null,null,364786623,activity,null,HTS,null,5.213,6.93,9.087,0.542,null,null,null,null,null,null,null,null,null,null,null,null,null,null,null,null,null,null,null,null,null,278939529
TRND-Glioblastoma_LOPAC_H4-primary_screen2,NCGC00015125-07,activity,null,4,10.207,4,0,null,C[N+](C)(C)CCOC(=O)CBr,B121,BRomoacetylcholine bromide,SIGMA,2021_LOPAC_01,null,null,null,null,null,null,null,null,null,null,null,10.651,0,null,null,null,null,null,null,null,null,0,null,null,10.207,-0.443,29.686,null,null,null,null,null,null,null,null,null,null,BPLURRWZRNOJMR,null,TRND,QipUBdzZXGiLYtscTj,null,null,null,null,BR,null,null,null,null,null,null,null,null,0,4,null,null,null,173031,null,1,1,2025-06-17 15:29:19,null,null,null,null,null,null,null,364787571,activity,null,HTS,null,8.06,-0.443,3.233,10.207,null,null,null,null,null,null,null,null,null,null,null,null,null,null,null,null,null,null,null,null,null,278939530
TRND-Glioblastoma_LOPAC_H4-primary_screen2,NCGC00347676-05,activity,null,4,7.04,4,0,null,COC1=CC2=C(C(OC)=C1OC)C3=C(OC)C4=C(OCO4)C=C3C[C@H](C)[C@@](C)(O)C2,SML1251,Iofetamine hydrochloride,SIGMA,2021_LOPAC_01,null,null,null,null,null,null,null,null,null,null,null,8.115,0,null,null,null,null,null,null,null,null,0,null,null,7.81,-0.305,28.523,null,null,null,null,null,null,null,null,null,null,ZWRRJEICIPUPHZ,null,TRND,OuDeHJGRtAeXpoKQBT,null,null,null,null,null,null,null,null,null,58546-54-6,null,null,null,0,4,null,null,null,173031,null,1,1,2025-06-17 15:29:19,null,null,null,null,null,null,null,364788655,activity,null,HTS,null,7.81,4.81,-0.305,7.04,null,null,null,null,null,null,null,null,null,null,null,null,null,null,null,null,null,null,null,null,null,278939531
TRND-Glioblastoma_LOPAC_H4-primary_screen2,NCGC00186037-15,activity,null,4,3.367,4,0,null,CCCCCN(C)CCC(O)(P(O)(O)=O)P(O)([O-])=O,I5784,Ibandronate sodium,SIGMA,2021_LOPAC_01,null,null,null,null,null,null,null,null,null,null,null,4.397,0,null,null,null,null,null,null,null,null,0,null,null,6.045,1.648,21.258,null,null,null,null,null,null,null,null,null,null,MPBVHIBUJCELCL,null,TRND,PKwqICqKnaWDmkKRsx,null,Farnesyl Pyrophosphate Synthase inhibitor,null,null,SODIUM,null,null,null,null,138844-81-2,FDPS,null,null,0,4,null,null,null,173031,null,1,1,2025-06-17 15:29:19,null,null,null,null,null,null,null,364789291,activity,null,HTS,null,6.045,1.648,2.23,3.367,null,null,null,null,null,null,null,null,null,null,null,null,null,null,null,null,null,null,null,null,null,278939532
TRND-Glioblastoma_LOPAC_H4-primary_screen2,NCGC00023037-23,activity,null,4,6.402,4,0,null,CC(=O)O[C@H]1[C@H](C[C@H]2[C@@H]3CC[C@H]4C[C@H](OC(C)=O)[C@H](C[C@]4(C)[C@H]3CC[C@]12C)[N+]5(C)CCCCC5)[N+]6(C)CCCCC6,P1918,Pancuronium bromide,SIGMA,2021_LOPAC_01,null,null,null,null,null,null,null,null,null,null,null,2.827,0,null,null,null,null,null,null,null,null,0,null,null,7.325,4.498,25.398,null,null,null,null,null,null,null,null,null,null,GVEAYVLWDAFXET,null,TRND,YCYaDyOhTvsSCLwOGp,null,null,null,null,BR,null,null,null,null,null,null,null,null,0,4,null,null,null,173031,null,1,1,2025-06-17 15:29:19,null,null,null,null,null,null,null,364785835,activity,null,HTS,null,4.961,4.498,7.325,6.402,null,null,null,null,null,null,null,null,null,null,null,null,null,null,null,null,null,null,null,null,null,278939533
TRND-Glioblastoma_LOPAC_H4-primary_screen2,NCGC00015764-06,activity,null,4,11.308,4,0,null,CCCCCCC\C=C/CCCCCCCCC(O)=O,O1008,Oleic Acid,SIGMA,2021_LOPAC_01,null,null,null,null,null,null,null,null,null,null,null,7.819,0,null,null,null,null,null,null,null,null,0,null,null,11.308,3.489,22.351,null,null,null,null,null,null,null,null,null,null,QXJSBBXBKPUZAA,null,TRND,hfrukhXDjWyeRyqzph,null,null,null,null,null,null,null,null,null,[NO STEREO] 5684-82-2,null,null,null,0,4,null,null,null,173031,null,1,1,2025-06-17 15:29:19,null,null,null,null,null,null,null,364786411,activity,null,HTS,null,3.489,4.936,4.685,11.308,null,null,null,null,null,null,null,null,null,null,null,null,null,null,null,null,null,null,null,null,null,278939534
TRND-Glioblastoma_LOPAC_H4-primary_screen2,NCGC00163392-14,activity,null,4,1.836,4,-12.5,4.955,NC(=O)C1=C(N)C=C(S1)C2=CSC=C2,SML0557,SC-514,SIGMA,2021_LOPAC_01,null,null,null,null,null,null,null,null,null,null,null,10.753,3,0.52,0.787,null,null,null,null,null,null,15.5,null,null,11.765,1.011,38.674,38.322,null,null,null,null,null,null,null,null,null,BMUACLADCKCNKZ,null,TRND,YVMmjVJrJkxvMKJurV,null,null,null,null,null,null,null,null,null,null,null,null,null,0,4,0,null,null,173031,0 0 0 0,1,1,2025-06-17 15:29:19,null,null,null,null,null,null,null,364788343,activity,null,HTS,null,11.765,1.011,6.225,1.836,null,null,null,null,null,null,null,null,null,null,null,null,null,null,null,null,null,null,null,null,null,278939535
TRND-Glioblastoma_LOPAC_H4-primary_screen2,NCGC00015012-12,activity,null,4,11.31,4,0,null,CC(N)C(=O)OC(C)(C)CC1=CC=C(Cl)C=C1,A164,Alaproclate hydrochloride,SIGMA,2021_LOPAC_01,null,null,null,null,null,null,null,null,null,null,null,10.752,0,null,null,null,null,null,null,null,null,0,null,null,11.31,0.558,36.496,null,null,null,null,null,null,null,null,null,null,FZSPJBYOKQPKCD,null,TRND,rdcYtazREOowjncXbu,null,null,null,null,CL,null,null,null,null,60719-83-7,null,null,null,0,4,null,null,null,173031,null,1,1,2025-06-17 15:29:19,null,null,null,null,null,null,null,364787915,activity,null,HTS,null,9.609,5,0.558,11.31,null,null,null,null,null,null,null,null,null,null,null,null,null,null,null,null,null,null,null,null,null,278939536
TRND-Glioblastoma_LOPAC_H4-primary_screen2,NCGC00067366-02,activity,null,4,-1.488,4,0,null,C(NC1=NC2=CC=CC=C2N1CC3=CC=CC=C3)C4=CC=CO4,SML2244,AC1903,SIGMA,2021_LOPAC_01,null,null,null,null,null,null,null,null,null,null,null,8.323,0,null,null,null,null,null,null,null,null,0,null,null,6.835,-1.488,23.981,null,null,null,null,null,null,null,null,null,null,OECUWHDVQIITIS,null,TRND,MQTqbiKgsxEcSVNwIb,null,null,null,null,null,null,null,null,null,null,null,null,null,0,4,null,null,null,173031,null,1,1,2025-06-17 15:29:19,null,null,null,null,null,null,null,364788123,activity,null,HTS,null,6.486,2.84,6.835,-1.488,null,null,null,null,null,null,null,null,null,null,null,null,null,null,null,null,null,null,null,null,null,278939537
TRND-Glioblastoma_LOPAC_H4-primary_screen2,NCGC00015073-16,activity,null,4,4.326,4,-8.5,4.955,NCCCNCCSP(O)(O)=O,A5922,Amifostine,SIGMA,2021_LOPAC_01,null,null,null,null,null,null,null,null,null,null,null,12.749,3,0.487,0.82,null,null,null,null,null,null,11.5,null,null,14.09,1.341,38.972,43.689,null,null,null,null,null,null,null,null,null,JKOQGQFVAUAYPM,null,TRND,myJTGnIpEObAqhXFNs,null,null,null,null,H2O,null,null,null,null,20537-88-6,null,null,null,0,4,0,null,null,173031,0 0 0 0,1,1,2025-06-17 15:29:19,null,null,null,null,null,null,null,364786659,activity,null,HTS,null,9.338,14.09,1.341,4.326,null,null,null,null,null,null,null,null,null,null,null,null,null,null,null,null,null,null,null,null,null,278939538
TRND-Glioblastoma_LOPAC_H4-primary_screen2,NCGC00015033-08,activity,null,4,2.538,4,0,null,NC1=CC(Cl)=C(N=C2NCCN2)C(Cl)=C1,A0779,p-Aminoclonidine hydrochloride,SIGMA,2021_LOPAC_01,null,null,null,null,null,null,null,null,null,null,null,1.683,0,null,null,null,null,null,null,null,null,0,null,null,2.724,1.041,9.78,null,null,null,null,null,null,null,null,null,null,IEJXVRYNEISIKR,null,TRND,PLMiJuYJGzyMWFJFoB,null,Alpha-2A Adrenergic Receptor agonist,null,null,CL,null,null,null,null,73218-79-8,ADRA2A,null,null,0,4,null,null,null,173031,null,1,1,2025-06-17 15:29:19,null,null,null,null,null,null,null,364787203,activity,null,HTS,null,2.095,2.724,1.041,2.538,null,null,null,null,null,null,null,null,null,null,null,null,null,null,null,null,null,null,null,null,null,278939539
TRND-Glioblastoma_LOPAC_H4-primary_screen2,NCGC00016023-27,activity,null,4,9.725,4,-15.515,4.504,CN1C=NC2=C1C(=O)NC(=O)N2C,T4500,Theobromine,SIGMA,2021_LOPAC_01,null,null,null,null,null,null,null,null,null,null,null,14.403,-1.015,1,1,null,null,null,null,null,null,14.5,null,null,13.141,-1.262,34.271,34.507,null,null,null,null,null,null,null,null,null,YAPQBXQYLJRXSA,null,TRND,dbDuxSEUEpcCqWhzdN,null,null,null,null,null,null,null,null,null,83-67-0,null,null,null,0,4,1,null,null,173031,0 0 0 1,1,1,2025-06-17 15:29:19,null,null,null,null,null,null,null,364789667,activity,null,HTS,null,13.141,-0.933,-1.262,9.725,null,null,null,null,null,null,null,null,null,null,null,null,null,null,null,null,null,null,null,null,null,278938997
TRND-Glioblastoma_LOPAC_H4-primary_screen2,NCGC00167505-09,activity,null,4,0.202,4,14.111,4.955,[H][C@@]12CCCN1C(=O)[C@]([H])(CC3=CNC4=CC=CC=C34)NC(=O)[C@]([H])(CC(O)=O)NC(=O)CNC(=O)[C@]([H])(CCCCNC(N)=N)NC(=O)CCSSC[C@]([H])(NC2=O)C(N)=O,SML1042,Eptifibatide acetate,SIGMA,2021_LOPAC_01,null,null,null,null,null,null,null,null,null,null,null,15.274,15,1,0.735,null,null,null,null,null,null,0.889,null,null,12.264,-3.009,26.443,19.548,null,null,null,null,null,null,null,null,null,CZKPOZZJODAYPZ,null,TRND,jwrmcThWsbLKIsyEfH,null,null,null,null,null,null,null,null,null,188627-80-7,null,null,null,0,4,1,null,null,173031,0 0 0 1,1,1,2025-06-17 15:29:19,null,null,null,null,null,null,null,364785923,activity,null,HTS,null,4.873,-3.009,12.264,0.202,null,null,null,null,null,null,null,null,null,null,null,null,null,null,null,null,null,null,null,null,null,278938999
TRND-Glioblastoma_LOPAC_H4-primary_screen2,NCGC00167958-10,activity,null,4,10.202,4,0,null,[H][C@](C)(O)[C@@]1([H])C(=O)N2C(C(O)=O)=C(C[C@]12[H])SCCNC=N,I0160,Imipenem monohydrate,SIGMA,2021_LOPAC_01,null,null,null,null,null,null,null,null,null,null,null,8.1,0,null,null,null,null,null,null,null,null,0,null,null,10.202,2.102,17.835,null,null,null,null,null,null,null,null,null,null,ZSKVGTPCRGIANV,null,TRND,lbnPiwZKdbLfunxFzR,null,null,null,null,H2O,null,null,null,null,64221-86-9,null,null,null,0,4,null,null,null,173031,null,1,1,2025-06-17 15:29:19,null,null,null,null,null,null,null,364787627,activity,null,HTS,null,2.102,5.32,4.179,10.202,null,null,null,null,null,null,null,null,null,null,null,null,null,null,null,null,null,null,null,null,null,278939000
TRND-Glioblastoma_LOPAC_H4-primary_screen2,NCGC00370715-07,activity,null,4,7.028,4,0,null,O=C(N1CCN(CC1)C2=CC(=NC3=CC(=NN23)C4=CC=CC=C4)C5=CC=CO5)C6=COC=C6,SML0997,ML 230,SIGMA,2021_LOPAC_01,null,null,null,null,null,null,null,null,null,null,null,3.803,0,null,null,null,null,null,null,null,null,0,null,null,7.028,3.225,28.178,null,null,null,null,null,null,null,null,null,null,LRPGMVPQQLBMNE,null,TRND,bRQFVKjvVlPyRQTeNo,null,null,null,null,null,null,null,null,null,null,null,null,null,0,4,null,null,null,173031,null,1,1,2025-06-17 15:29:19,null,null,null,null,null,null,null,364788083,activity,null,HTS,null,6.672,3.225,5.31,7.028,null,null,null,null,null,null,null,null,null,null,null,null,null,null,null,null,null,null,null,null,null,278939001
TRND-Glioblastoma_LOPAC_H4-primary_screen2,NCGC00024489-09,activity,null,4,1.293,4,11.603,4.955,N[C@@H](CN1OC(=O)NC1=O)C(O)=O,Q2128,(+)-Quisqualic acid,SIGMA,2021_LOPAC_01,null,null,null,null,null,null,null,null,null,null,null,11.393,11.5,1,0.895,null,null,null,null,null,null,-0.103,null,null,9.224,-2.169,14.163,12.155,null,null,null,null,null,null,null,null,null,ASNFTDCKZKHJSW,null,TRND,mfdlWhlYHNCPORAAlV,null,null,null,null,null,null,null,null,null,52809-07-1,null,null,null,0,4,1,null,null,173031,0 0 0 1,1,1,2025-06-17 15:29:19,null,null,null,null,null,null,null,364790019,activity,null,HTS,null,1.578,-2.169,9.224,1.293,null,null,null,null,null,null,null,null,null,null,null,null,null,null,null,null,null,null,null,null,null,278939002
TRND-Glioblastoma_LOPAC_H4-primary_screen2,NCGC00015672-26,activity,null,4,4.006,4,0,null,OC1=CC(O)=C(C=C1)C2=C(O)C(=O)C3=C(O2)C=C(O)C=C3O,M4008,Morin,SIGMA,2021_LOPAC_01,null,null,null,null,null,null,null,null,null,null,null,8.94,0,null,null,null,null,null,null,null,null,0,null,null,12.946,4.006,39.478,null,null,null,null,null,null,null,null,null,null,YXOLAZRVSSWPPT,null,TRND,iyihQemwPKdvxcFxTp,null,DNA-3-Methyladenine Glycosylase inhibitor,null,null,H2O,null,null,null,null,480-16-0,MPG,null,null,0,4,null,null,null,173031,null,1,1,2025-06-17 15:29:19,null,null,null,null,null,null,null,364788695,activity,null,HTS,null,7.877,9.24,12.946,4.006,null,null,null,null,null,null,null,null,null,null,null,null,null,null,null,null,null,null,null,null,null,278939003
TRND-Glioblastoma_LOPAC_H4-primary_screen2,NCGC00015676-10,activity,null,4,0.824,4,0,null,CC(N)(C(O)=O)C1=CC=C(C=C1)C(O)=O,M4796,(±)-alpha-Methyl-4-carboxyphenylglycine,SIGMA,2021_LOPAC_01,null,null,null,null,null,null,null,null,null,null,null,8.053,0,null,null,null,null,null,null,null,null,0,null,null,8.878,0.824,29.127,null,null,null,null,null,null,null,null,null,null,DNCAZYRLRMTVSF,null,TRND,wfIIHINueHBxtwknxO,null,null,null,null,null,null,null,null,null,146669-29-6,null,null,null,0,4,null,null,null,173031,null,1,1,2025-06-17 15:29:19,null,null,null,null,null,null,null,364786795,activity,null,HTS,null,7.064,8.878,4.126,0.824,null,null,null,null,null,null,null,null,null,null,null,null,null,null,null,null,null,null,null,null,null,278939005
TRND-Glioblastoma_LOPAC_H4-primary_screen2,NCGC00015291-10,activity,null,4,8.257,4,9.5,3.297,NC1CCC2=CC(O)=C(O)C=C2C1,D002,"6,7-ADTN hydrobromide",SIGMA,2021_LOPAC_01,null,null,null,null,null,null,null,null,null,null,null,11.4,10.5,0.45,0.852,null,null,null,null,null,null,1,null,null,12.72,1.319,22.87,22.053,null,null,null,null,null,null,null,null,null,ASXGAOFCKGHGMF,null,TRND,hRDNlWvnYVZUdAnvXw,null,null,null,null,BR,null,null,null,null,13575-86-5,null,null,null,0,4,0,null,null,173031,0 0 0 0,1,1,2025-06-17 15:29:19,null,null,null,null,null,null,null,364785967,activity,null,HTS,null,1.319,8.548,12.72,8.257,null,null,null,null,null,null,null,null,null,null,null,null,null,null,null,null,null,null,null,null,null,278939007
TRND-Glioblastoma_LOPAC_H4-primary_screen2,NCGC00015439-23,activity,null,4,7.804,4,0,null,CCOC(=O)C1=C2CN(C)C(=O)C3=C(C=CC(F)=C3)N2C=N1,F6300,Flumazenil,SIGMA,2021_LOPAC_01,null,null,null,null,null,null,null,null,null,null,null,7.392,0,null,null,null,null,null,null,null,null,0,null,null,7.804,0.413,24.84,null,null,null,null,null,null,null,null,null,null,OFBIFZUFASYYRE,null,TRND,LCXRgHRNdEboVkSFEa,null,Gamma-aminobutyric acid receptor subunit alpha-1 modulator,null,null,null,null,null,null,null,78755-81-4,GABRA1,null,null,0,4,null,null,null,173031,null,1,1,2025-06-17 15:29:19,null,null,null,null,null,null,null,364786935,activity,null,HTS,null,6.666,0.413,2.789,7.804,null,null,null,null,null,null,null,null,null,null,null,null,null,null,null,null,null,null,null,null,null,278939009
TRND-Glioblastoma_LOPAC_H4-primary_screen2,NCGC00186005-04,activity,null,4,5.737,4,0,null,C[N+](C)(C)CCOP([O-])(=O)OP([O-])(=O)OC[C@H]1O[C@H]([C@H](O)C1O)N2\C=C/C(N)=N\C2=O,C0256,Cytidine 5 -diphosphocholine sodium salt hydrate,SIGMA,2021_LOPAC_01,null,null,null,null,null,null,null,null,null,null,null,6.347,0,null,null,null,null,null,null,null,null,0,null,null,7.287,0.94,25.871,null,null,null,null,null,null,null,null,null,null,RZZPDXZPRHQOCG,null,TRND,yICGyPvtGgPlJtEVji,null,null,null,null,SODIUM,null,null,null,null,33818-15-4,null,null,null,0,4,null,null,null,173031,null,1,1,2025-06-17 15:29:19,null,null,null,null,null,null,null,364787215,activity,null,HTS,null,7.287,0.94,2.825,5.737,null,null,null,null,null,null,null,null,null,null,null,null,null,null,null,null,null,null,null,null,null,278939010
TRND-Glioblastoma_LOPAC_H4-primary_screen2,NCGC00015686-15,activity,null,4,8.633,4,0,null,COC1=CC(=CC(OC)=C1OC)C(CCCN(C)CCC2=CC(OC)=C(OC)C=C2)(C#N)C(C)C,M5644,(±)-Methoxyverapamil hydrochloride,SIGMA,2021_LOPAC_01,null,null,null,null,null,null,null,null,null,null,null,7.047,0,null,null,null,null,null,null,null,null,0,null,null,8.633,1.586,15.527,null,null,null,null,null,null,null,null,null,null,XQLWNAFCTODIRK,null,TRND,JGLJVszVCHDYzTABbi,null,null,null,null,CL,null,null,null,null,16662-46-7,null,null,null,0,4,null,null,null,173031,null,1,1,2025-06-17 15:29:19,null,null,null,null,null,null,null,364788727,activity,null,HTS,null,2.102,5.792,1.586,8.633,null,null,null,null,null,null,null,null,null,null,null,null,null,null,null,null,null,null,null,null,null,278939011
TRND-Glioblastoma_LOPAC_H4-primary_screen2,NCGC00015503-10,activity,null,4,15.905,4,10,4.955,NC(CC1=C(O)C=C(O)C(O)=C1)C(O)=O,H2380,6-Hydroxy-DL-DOPA,SIGMA,2021_LOPAC_01,null,null,null,null,null,null,null,null,null,null,null,10.573,18,0.608,0.673,null,null,null,null,null,null,8,null,null,15.905,5.332,49.7,41.816,null,null,null,null,null,null,null,null,null,YLKRUSPZOTYMAT,null,TRND,STmEuAicvETAqfluka,null,null,null,null,null,null,null,null,null,21373-30-8,null,null,null,0,4,0,null,null,173031,0 0 0 0,1,1,2025-06-17 15:29:19,null,null,null,null,null,null,null,364790091,activity,null,HTS,null,11.838,5.332,6.809,15.905,null,null,null,null,null,null,null,null,null,null,null,null,null,null,null,null,null,null,null,null,null,278939012
TRND-Glioblastoma_LOPAC_H4-primary_screen2,NCGC00015348-09,activity,null,4,3.787,4,0,null,COC1=C(OC)C(=O)C2=C(C=CC=C2)C1=O,D5439,"2,3-Dimethoxy-1,4-naphthoquinone",SIGMA,2021_LOPAC_01,null,null,null,null,null,null,null,null,null,null,null,4.782,0,null,null,null,null,null,null,null,null,0,null,null,4.9,0.118,7.574,null,null,null,null,null,null,null,null,null,null,ZEGDFCCYTFPECB,null,TRND,DuauPOuDvwAfGMkKew,null,null,null,null,null,null,null,null,null,null,null,null,null,0,4,null,null,null,173031,null,1,1,2025-06-17 15:29:19,null,null,null,null,null,null,null,364789859,activity,null,HTS,null,0.118,2.619,4.9,3.787,null,null,null,null,null,null,null,null,null,null,null,null,null,null,null,null,null,null,null,null,null,278939013
TRND-Glioblastoma_LOPAC_H4-primary_screen2,NCGC00163388-05,activity,null,4,-13.743,4,-16.992,4.955,CC(C)C1=CC(\C=C(/C#N)C(=O)NCCCC2=CC=CC=C2)=CC(C(C)C)=C1O,SML1193,SU1498,SIGMA,2021_LOPAC_01,null,null,null,null,null,null,null,null,null,null,null,19.407,-15.492,0.639,0.616,null,null,null,null,null,null,1.5,null,null,5.663,-13.743,6.582,-0.818,null,null,null,null,null,null,null,null,null,JANPYFTYAGTSIN,null,TRND,oEisPKdENkAYUgUvCg,null,null,null,null,null,null,null,null,null,null,null,null,null,0,4,0,null,null,173031,0 0 0 0,1,1,2025-06-17 15:29:19,null,null,null,null,null,null,null,364787543,activity,null,HTS,null,5.332,-7.086,5.663,-13.743,null,null,null,null,null,null,null,null,null,null,null,null,null,null,null,null,null,null,null,null,null,278939014
TRND-Glioblastoma_LOPAC_H4-primary_screen2,NCGC00015727-21,activity,null,4,5.21,4,8.207,4.955,CN1CC(C2=CC=CC=C2)C3=CC=CC(N)=C3C1,N1530,Nomifensine maleate,SIGMA,2021_LOPAC_01,null,null,null,null,null,null,null,null,null,null,null,11.178,9.5,1,0.438,null,null,null,null,null,null,1.293,null,null,8.088,-3.09,23.891,15.015,null,null,null,null,null,null,null,null,null,XXPANQJNYNUNES,null,TRND,PcyAjrIWFEsAaiMxLY,null,null,null,null,MALEATE,null,null,null,null,32795-47-4,null,null,null,0,4,1,null,null,173031,0 0 0 1,1,1,2025-06-17 15:29:19,null,null,null,null,null,null,null,364790271,activity,null,HTS,null,5.817,-3.09,8.088,5.21,null,null,null,null,null,null,null,null,null,null,null,null,null,null,null,null,null,null,null,null,null,278939015
TRND-Glioblastoma_LOPAC_H4-primary_screen2,NCGC00179608-42,activity,null,4,1.474,4,0,null,CN1[C@H]2CC[C@@H]1CC(C2)OC(=O)[C@H](CO)C3=CC=CC=C3,H9002,L-Hyoscyamine,SIGMA,2021_LOPAC_01,null,null,null,null,null,null,null,null,null,null,null,93.12,0,null,null,null,null,null,null,null,null,0,null,null,10.901,-82.218,-20.974,null,null,null,null,null,null,null,null,null,null,RKUNBYITZUJHSG,null,TRND,diNNPWhRvLyAaKSpQI,null,null,null,null,null,null,null,null,null,101-31-5,null,null,null,0,4,null,null,null,173031,null,1,1,2025-06-17 15:29:19,null,null,null,null,null,null,null,364785679,activity,null,HTS,null,10.901,-82.218,7.797,1.474,null,null,null,null,null,null,null,null,null,null,null,null,null,null,null,null,null,null,null,null,null,278939016
TRND-Glioblastoma_LOPAC_H4-primary_screen2,NCGC00015448-12,activity,null,4,6.684,4,0,null,CC(C)=CCC\C(C)=C\CC\C(C)=C\CSC1=C(C=CC=C1)C(O)=O,SML1166,Salirasib,SIGMA,2021_LOPAC_01,null,null,null,null,null,null,null,null,null,null,null,7.987,0,null,null,null,null,null,null,null,null,0,null,null,6.684,-1.303,3.741,null,null,null,null,null,null,null,null,null,null,WUILNKCFCLNXOK,null,TRND,pIMWybzUvyFSHiJtYN,null,mTOR Complex 1 (mTORC1) inhibitor,null,null,null,null,null,null,null,162520-00-5,MTOR,null,null,0,4,null,null,null,173031,null,1,1,2025-06-17 15:29:19,null,null,null,null,null,null,null,364787843,activity,null,HTS,null,-1.303,6.342,-0.842,6.684,null,null,null,null,null,null,null,null,null,null,null,null,null,null,null,null,null,null,null,null,null,278939017
TRND-Glioblastoma_LOPAC_H4-primary_screen2,NCGC00185997-13,activity,null,4,12.621,4,0,null,OC1=CC(F)=CC=C1C2=CC=C(O2)\C=C3/SC(=O)NC3=O,A8981,AS-252424,SIGMA,2021_LOPAC_01,null,null,null,null,null,null,null,null,null,null,null,4.316,0,null,null,null,null,null,null,null,null,0,null,null,12.621,8.305,43.207,null,null,null,null,null,null,null,null,null,null,OYYVWNDMOQPMGE,null,TRND,MqjhTaFIpuDFDPNwRA,null,Phosphatidylinositol 3-Kinase gamma isoform inhibitor,null,null,null,null,null,null,null,900515-16-4,PIK3CG,null,null,0,4,null,null,null,173031,null,1,1,2025-06-17 15:29:19,null,null,null,null,null,null,null,364789831,activity,null,HTS,null,8.625,8.305,9.77,12.621,null,null,null,null,null,null,null,null,null,null,null,null,null,null,null,null,null,null,null,null,null,278939018
TRND-Glioblastoma_LOPAC_H4-primary_screen2,NCGC00015703-16,activity,null,4,4.199,4,0,null,CNC1(C)C2CCC(C2)C1(C)C,M9020,Mecamylamine hydrochloride,SIGMA,2021_LOPAC_01,null,null,null,null,null,null,null,null,null,null,null,3.761,0,null,null,null,null,null,null,null,null,0,null,null,4.199,0.437,12.556,null,null,null,null,null,null,null,null,null,null,IMYZQPCYWPFTAG,null,TRND,jsMCWFjPAIYwbzscmN,null,null,null,null,CL,null,null,null,null,826-39-1,null,null,null,0,4,null,null,null,173031,null,1,1,2025-06-17 15:29:19,null,null,null,null,null,null,null,364788447,activity,null,HTS,null,2.69,3.69,0.437,4.199,null,null,null,null,null,null,null,null,null,null,null,null,null,null,null,null,null,null,null,null,null,278939019
TRND-Glioblastoma_LOPAC_H4-primary_screen2,NCGC00025270-09,activity,null,4,10.287,4,0,null,NC1=NC(NC2=CC=CC=C2)=NC3=C1N=CN3[C@@H]4O[C@H](CO)[C@@H](O)C4O,P101,2-Phenylaminoadenosine,SIGMA,2021_LOPAC_01,null,null,null,null,null,null,null,null,null,null,null,9.602,0,null,null,null,null,null,null,null,null,0,null,null,10.287,0.685,26.707,null,null,null,null,null,null,null,null,null,null,SCNILGOVBBRMBK,null,TRND,SROYvjyHrGeDSiBdNF,null,null,null,null,null,null,null,null,null,53296-10-9,null,null,null,0,4,null,null,null,173031,null,1,1,2025-06-17 15:29:19,null,null,null,null,null,null,null,364786135,activity,null,HTS,null,5.972,0.685,6.073,10.287,null,null,null,null,null,null,null,null,null,null,null,null,null,null,null,null,null,null,null,null,null,278939021
TRND-Glioblastoma_LOPAC_H4-primary_screen2,NCGC00015420-24,activity,null,4,-7.402,4,0,null,CC1=CC2=C(C(O)=C1)C(=O)C3=C(C=C(O)C=C3O)C2=O,E7881,Emodin,SIGMA,2021_LOPAC_01,null,null,null,null,null,null,null,null,null,null,null,8.985,0,null,null,null,null,null,null,null,null,0,null,null,1.583,-7.402,-5.061,null,null,null,null,null,null,null,null,null,null,RHMXXJGYXNZAPX,null,TRND,EPkLxALTINtcnJTRtk,null,Bifunctional epoxide hydrolase 2 inhibitor,null,null,null,null,null,null,null,518-82-1,EPHX2,null,null,0,4,null,null,null,173031,null,1,1,2025-06-17 15:29:19,null,null,null,null,null,null,null,364790067,activity,null,HTS,null,0.975,-7.131,1.583,-7.402,null,null,null,null,null,null,null,null,null,null,null,null,null,null,null,null,null,null,null,null,null,278939022
TRND-Glioblastoma_LOPAC_H4-primary_screen2,NCGC00015837-11,activity,null,4,2.434,4,0,null,NCCCCN,P7505,Putrescine dihydrochloride,SIGMA,2021_LOPAC_01,null,null,null,null,null,null,null,null,null,null,null,9.41,0,null,null,null,null,null,null,null,null,0,null,null,2.434,-6.975,-19.471,null,null,null,null,null,null,null,null,null,null,KIDHWZJUCRJVML,null,TRND,bJtbaXqbINEdZxQWQh,null,null,null,null,CL,null,null,null,null,null,null,null,null,0,4,null,null,null,173031,null,1,1,2025-06-17 15:29:19,null,null,null,null,null,null,null,364786071,activity,null,HTS,null,-6.975,-1.119,-0.873,2.434,null,null,null,null,null,null,null,null,null,null,null,null,null,null,null,null,null,null,null,null,null,278939024
TRND-Glioblastoma_LOPAC_H4-primary_screen2,NCGC00389632-08,activity,null,4,7.107,4,0,null,ClC1=C(CN2CCCC2=N)NC(=O)NC1=O,SML1552,Tipiracil hydrochloride ,SIGMA,2021_LOPAC_01,null,null,null,null,null,null,null,null,null,null,null,5.41,0,null,null,null,null,null,null,null,null,0,null,null,11.507,6.097,35.75,null,null,null,null,null,null,null,null,null,null,QQHMKNYGKVVGCZ,null,TRND,duUJtBMgAhocBkPmPp,null,Thymidine Phosphorylase inhibitor,null,null,CL,null,null,null,null,183204-72-0,TYMP,null,null,0,4,null,null,null,173031,null,1,1,2025-06-17 15:29:19,null,null,null,null,null,null,null,364790267,activity,null,HTS,null,6.097,10.083,11.507,7.107,null,null,null,null,null,null,null,null,null,null,null,null,null,null,null,null,null,null,null,null,null,278939025
TRND-Glioblastoma_LOPAC_H4-primary_screen2,NCGC00016270-23,activity,null,4,11.859,4,0,null,N[C@@H](CC1=CC(O)=C(O)C=C1)C(O)=O,D9628,"L-3,4-Dihydroxyphenylalanine",SIGMA,2021_LOPAC_01,null,null,null,null,null,null,null,null,null,null,null,4.665,0,null,null,null,null,null,null,null,null,0,null,null,11.859,7.195,38.713,null,null,null,null,null,null,null,null,null,null,WTDRDQBEARUVNC,null,TRND,XYbdcGHPpNZjgSGtzY,null,Dopamine Receptor D1 agonist,null,null,null,null,null,null,null,59-92-7,DRD1,null,null,0,4,null,null,null,173031,null,1,1,2025-06-17 15:29:19,null,null,null,null,null,null,null,364788507,activity,null,HTS,null,7.466,9.627,7.195,11.859,null,null,null,null,null,null,null,null,null,null,null,null,null,null,null,null,null,null,null,null,null,278939026
TRND-Glioblastoma_LOPAC_H4-primary_screen2,NCGC00015115-05,activity,null,4,4.52,4,-7,4.955,C(N(CC1=CC=CC=C1)C2=CC=CC=C2)C3=NC=CN3,A9899,Antozoline hydrochloride,SIGMA,2021_LOPAC_01,null,null,null,null,null,null,null,null,null,null,null,10.438,3,0.517,0.791,null,null,null,null,null,null,10,null,null,11.627,1.188,33.718,38.367,null,null,null,null,null,null,null,null,null,MKIKWCVTTNYSRM,null,TRND,NQmgnTJjpCzktJllYK,null,null,null,null,CL,null,null,null,null,null,null,null,null,0,4,0,null,null,173031,0 0 0 0,1,1,2025-06-17 15:29:19,null,null,null,null,null,null,null,364786603,activity,null,HTS,null,8.067,11.627,1.188,4.52,null,null,null,null,null,null,null,null,null,null,null,null,null,null,null,null,null,null,null,null,null,278939028
TRND-Glioblastoma_LOPAC_H4-primary_screen2,NCGC00370730-14,activity,null,4,-2.05,4,0,null,COC1=CC=C(C=C1OC)[S+]([O-])(=O)NC2=NC(=CS2)C3=CC(=CC=C3)[N+]([O-])=O,SML0233,Ro 61-8048,SIGMA,2021_LOPAC_01,null,null,null,null,null,null,null,null,null,null,null,7.613,0,null,null,null,null,null,null,null,null,0,null,null,5.562,-2.05,2.809,null,null,null,null,null,null,null,null,null,null,ODEDHOPDGJIEGV,null,TRND,OzqXfEylLNSlfdnDte,null,null,null,null,null,null,null,null,null,null,null,null,null,0,4,null,null,null,173031,null,1,1,2025-06-17 15:29:19,null,null,null,null,null,null,null,364787451,activity,null,HTS,null,-1.139,5.562,4.519,-2.05,null,null,null,null,null,null,null,null,null,null,null,null,null,null,null,null,null,null,null,null,null,278939029
TRND-Glioblastoma_LOPAC_H4-primary_screen2,NCGC00386726-03,activity,null,4,-7.595,4,-13.114,4.955,CC1=CC=CC(=N1)C2=C(N=C(CC3=CC(=CC=C3)C(N)=O)N2)C4=CC=C5N=CC=NC5=C4,SML1403,IN-1130,SIGMA,2021_LOPAC_01,null,null,null,null,null,null,null,null,null,null,null,12.89,-9.114,0.405,0.884,null,null,null,null,null,null,4,null,null,5.295,-7.595,15.018,12.725,null,null,null,null,null,null,null,null,null,RYKSGWSKILPDDY,null,TRND,ehqufPYbItAtYAIYQG,null,ALK4 inhibitor,null,null,null,null,null,null,null,868612-83-3,ACVR1B,null,null,0,4,0,null,null,173031,0 0 0 0,1,1,2025-06-17 15:29:19,null,null,null,null,null,null,null,364788615,activity,null,HTS,null,5.295,0.901,5.27,-7.595,null,null,null,null,null,null,null,null,null,null,null,null,null,null,null,null,null,null,null,null,null,278939030
TRND-Glioblastoma_LOPAC_H4-primary_screen2,NCGC00015257-24,activity,null,4,7.453,4,0,null,CCOC(=O)C(C)(C)OC1=CC=C(Cl)C=C1,C6643,Clofibrate,SIGMA,2021_LOPAC_01,null,null,null,null,null,null,null,null,null,null,null,7.568,0,null,null,null,null,null,null,null,null,0,null,null,7.453,-0.115,13.285,null,null,null,null,null,null,null,null,null,null,KNHUKKLJHYUCFP,null,TRND,pOaacZwJfUmKPIrkts,null,Peroxisome proliferator-activated receptor alpha agonist,null,null,null,null,null,null,null,637-07-0,PPARA,null,null,0,4,null,null,null,173031,null,1,1,2025-06-17 15:29:19,null,null,null,null,null,null,null,364789495,activity,null,HTS,null,-0.115,6.855,7.003,7.453,null,null,null,null,null,null,null,null,null,null,null,null,null,null,null,null,null,null,null,null,null,278939542
TRND-Glioblastoma_LOPAC_H4-primary_screen2,NCGC00015885-11,activity,null,4,2.533,4,0,null,CNC1=NC(NC)=NC(N[S+]([O-])(=O)C2=CC=C(N)C=C2)=C1,R140,Ro 04-6790 dihydrochloride,SIGMA,2021_LOPAC_01,null,null,null,null,null,null,null,null,null,null,null,2.665,0,null,null,null,null,null,null,null,null,0,null,null,2.533,-0.132,1.574,null,null,null,null,null,null,null,null,null,null,KVLSWQCZJGDIPQ,null,TRND,afXTsNHkGEveyjFtOj,null,null,null,null,CL,null,null,null,null,null,null,null,null,0,4,null,null,null,173031,null,1,1,2025-06-17 15:29:19,null,null,null,null,null,null,null,364785487,activity,null,HTS,null,-0.132,0.42,0.449,2.533,null,null,null,null,null,null,null,null,null,null,null,null,null,null,null,null,null,null,null,null,null,278939545
TRND-Glioblastoma_LOPAC_H4-primary_screen2,NCGC00015513-31,activity,null,4,3.591,4,0,null,NCCC1=CNC=N1,H7250,Histamine dihydrochloride,SIGMA,2021_LOPAC_01,null,null,null,null,null,null,null,null,null,null,null,9.774,0,null,null,null,null,null,null,null,null,0,null,null,13.365,3.591,50.09,null,null,null,null,null,null,null,null,null,null,NTYJJOPFIAHURM,null,TRND,UneZvMaVJQeGGYyFgB,null,Histamine H1 Receptor agonist,null,null,CL,null,null,null,null,55-36-7,HRH1,null,null,0,4,null,null,null,173031,null,1,1,2025-06-17 15:29:19,null,null,null,null,null,null,null,364787567,activity,null,HTS,null,13.365,7.6,8.295,3.591,null,null,null,null,null,null,null,null,null,null,null,null,null,null,null,null,null,null,null,null,null,278939546
TRND-Glioblastoma_LOPAC_H4-primary_screen2,NCGC00346575-09,activity,null,4,6.176,4,0,null,CN1C(CNC2=CC=C(C=C2)C(N)=N)=NC3=CC(=CC=C13)C(=O)N(CCC(O)=O)C4=NC=CC=C4,SML2370,Dabigatran,SIGMA,2021_LOPAC_01,null,null,null,null,null,null,null,null,null,null,null,7.243,0,null,null,null,null,null,null,null,null,0,null,null,10.441,3.198,24.185,null,null,null,null,null,null,null,null,null,null,YBSJFWOBGCMAKL,null,TRND,pkcCMGGUhcQyWYoZOY,null,Thrombin inhibitor,null,null,null,null,null,null,null,211914-51-1,F2,null,null,0,4,null,null,null,173031,null,1,1,2025-06-17 15:29:19,null,null,null,null,null,null,null,364787239,activity,null,HTS,null,3.198,6.816,10.441,6.176,null,null,null,null,null,null,null,null,null,null,null,null,null,null,null,null,null,null,null,null,null,278939547
TRND-Glioblastoma_LOPAC_H4-primary_screen2,NCGC00015730-29,activity,null,4,5.161,4,0,null,CN(C)C(=O)OC1=CC(=CC=C1)[N+](C)(C)C,N2001,Neostigmine bromide,SIGMA,2021_LOPAC_01,null,null,null,null,null,null,null,null,null,null,null,8.312,0,null,null,null,null,null,null,null,null,0,null,null,6.296,-2.016,18.189,null,null,null,null,null,null,null,null,null,null,ALWKGYPQUAPLQC,null,TRND,mxTPaKJmhceANnjgDE,null,null,null,null,BR,null,null,null,null,114-80-7,null,null,null,0,4,null,null,null,173031,null,1,1,2025-06-17 15:29:19,null,null,null,null,null,null,null,364786451,activity,null,HTS,null,4.498,-2.016,6.296,5.161,null,null,null,null,null,null,null,null,null,null,null,null,null,null,null,null,null,null,null,null,null,278939548
TRND-Glioblastoma_LOPAC_H4-primary_screen2,NCGC00014996-06,activity,null,4,-16.805,4,-15.167,4.449,COC1=CC2=C(NC3=C2CCNC3)C=C1,291552,"6-Methoxy-1,2,3,4-tetrahydro-9H-pyrido[3,4b] indole",SIGMA,2021_LOPAC_01,null,null,null,null,null,null,null,null,null,null,null,16.975,-17.167,0.27,0.952,null,null,null,null,null,null,-2,null,null,0.17,-16.805,-21.24,-17.563,null,null,null,null,null,null,null,null,null,QYMDEOQLJUUNOF,null,TRND,UpEwKOcNHMUVMieZLy,null,null,null,null,null,null,null,null,null,null,null,null,null,0,4,0,null,null,173031,0 0 0 0,1,1,2025-06-17 15:29:19,null,null,null,null,null,null,null,364785267,activity,null,HTS,null,-3.856,0.17,-2.607,-16.805,null,null,null,null,null,null,null,null,null,null,null,null,null,null,null,null,null,null,null,null,null,278939549
TRND-Glioblastoma_LOPAC_H4-primary_screen2,NCGC00016047-16,activity,null,4,6.791,4,0,null,FC(F)(F)C1=C(C=CC=C1)N2C=CN=C2,T7313,1-[2-(Trifluoromethyl)phenyl]imidazole,SIGMA,2021_LOPAC_01,null,null,null,null,null,null,null,null,null,null,null,4.609,0,null,null,null,null,null,null,null,null,0,null,null,10.128,5.518,40.21,null,null,null,null,null,null,null,null,null,null,WZBWBNCQUTXYEL,null,TRND,ZKQVfArgEOVfYRHIjB,null,null,null,null,null,null,null,null,null,null,null,null,null,0,4,null,null,null,173031,null,1,1,2025-06-17 15:29:19,null,null,null,null,null,null,null,364790355,activity,null,HTS,null,10.128,5.518,6.69,6.791,null,null,null,null,null,null,null,null,null,null,null,null,null,null,null,null,null,null,null,null,null,278939550
TRND-Glioblastoma_LOPAC_H4-primary_screen2,NCGC00015005-10,activity,null,4,5.576,4,0,null,CN1C2CCC1CC(C2)OC(C3=CC=CC=C3)C4=C(N)C=CC=C4,A138,Aminobenztropine,SIGMA,2021_LOPAC_01,null,null,null,null,null,null,null,null,null,null,null,8.178,0,null,null,null,null,null,null,null,null,0,null,null,7.075,-1.103,7.465,null,null,null,null,null,null,null,null,null,null,KZFDKINRISJFCO,null,TRND,KFAYxWJsBnEDcSBMUB,null,null,null,null,null,null,null,null,null,null,null,null,null,0,4,null,null,null,173031,null,1,1,2025-06-17 15:29:19,null,null,null,null,null,null,null,364787899,activity,null,HTS,null,-1.103,7.075,3.79,5.576,null,null,null,null,null,null,null,null,null,null,null,null,null,null,null,null,null,null,null,null,null,278939551
TRND-Glioblastoma_LOPAC_H4-primary_screen2,NCGC00159337-16,activity,null,4,-3.593,4,0,null,FC(F)(F)[C@]1(OC(=O)NC2=CC=C(Cl)C=C12)C#CC3CC3,SML0536,Efavirenz,SIGMA,2021_LOPAC_01,null,null,null,null,null,null,null,null,null,null,null,8.367,0,null,null,null,null,null,null,null,null,0,null,null,4.773,-3.593,-0.886,null,null,null,null,null,null,null,null,null,null,XPOQHMRABVBWPR,null,TRND,PdJetoKBUwfpbWVuUl,null,null,null,null,null,null,null,null,null,154598-52-4,null,null,null,0,4,null,null,null,173031,null,1,1,2025-06-17 15:29:19,null,null,null,null,null,null,null,364789175,activity,null,HTS,null,-0.155,-2.726,4.773,-3.593,null,null,null,null,null,null,null,null,null,null,null,null,null,null,null,null,null,null,null,null,null,278939553
TRND-Glioblastoma_LOPAC_H4-primary_screen2,NCGC00086529-03,activity,null,4,-9.039,4,-13.471,4.955,CC1CCC2=NC(N)=C(C#N)C(C3=CC=CN=C3)=C2C1,SML2208,BRD6989,SIGMA,2021_LOPAC_01,null,null,null,null,null,null,null,null,null,null,null,13.835,-9.471,0.072,0.997,null,null,null,null,null,null,4,null,null,3.859,-9.975,0.577,1.204,null,null,null,null,null,null,null,null,null,QSYBDNXNOJIKML,null,TRND,QLOHnjEVPJFCocSYeP,null,null,null,null,null,null,null,null,null,null,null,null,null,0,4,0,null,null,173031,0 0 0 0,1,1,2025-06-17 15:29:19,null,null,null,null,null,null,null,364786667,activity,null,HTS,null,3.859,2.28,-9.975,-9.039,null,null,null,null,null,null,null,null,null,null,null,null,null,null,null,null,null,null,null,null,null,278939554
TRND-Glioblastoma_LOPAC_H4-primary_screen2,NCGC00016101-24,activity,null,4,0.562,4,-13.13,4.504,CC1=CC(=CC(C)=C1CC2=NCCN2)C(C)(C)C,x6000,xylometazoline hydrochloride,SIGMA,2021_LOPAC_01,null,null,null,null,null,null,null,null,null,null,null,16.485,-3.13,0.492,0.814,null,null,null,null,null,null,10,null,null,9.71,-6.775,21.141,22.285,null,null,null,null,null,null,null,null,null,HUCJFAOMUPXHDK,null,TRND,DMSItNgJsstpKYjCLY,null,Alpha-2A Adrenergic Receptor agonist,null,null,CL,null,null,null,null,1218-35-5,ADRA2A,null,null,0,4,0,null,null,173031,0 0 0 0,1,1,2025-06-17 15:29:19,null,null,null,null,null,null,null,364789707,activity,null,HTS,null,9.71,-1.952,-6.775,0.562,null,null,null,null,null,null,null,null,null,null,null,null,null,null,null,null,null,null,null,null,null,278939555
TRND-Glioblastoma_LOPAC_H4-primary_screen2,NCGC00164557-15,activity,null,4,7.768,4,0,null,CCCCC1=NC=C(\C=C(/CC2=CC=CS2)C(O)=O)N1CC3=CC=C(C=C3)C(O)=O,E2535,Eprosartan mesylate,SIGMA,2021_LOPAC_01,null,null,null,null,null,null,null,null,null,null,null,8.429,0,null,null,null,null,null,null,null,null,0,null,null,7.768,-0.661,23.526,null,null,null,null,null,null,null,null,null,null,OROAFUQRIXKEMV,null,TRND,dOfzwHNplYBFVjexNc,null,null,null,null,SULFONICACID_V1,null,null,null,null,144143-96-4,null,null,null,0,4,null,null,null,173031,null,1,1,2025-06-17 15:29:19,null,null,null,null,null,null,null,364785843,activity,null,HTS,null,6.728,1.765,-0.661,7.768,null,null,null,null,null,null,null,null,null,null,null,null,null,null,null,null,null,null,null,null,null,278939556
TRND-Glioblastoma_LOPAC_H4-primary_screen2,NCGC00015984-12,activity,null,4,19.676,4,23,0.8,CN1C2CCC1CC(C2)OC(=O)C3=CNC4=C3C=CC=C4,T104,3-Tropanyl-indole-3-carboxylate hydrochloride,SIGMA,2021_LOPAC_01,null,null,null,null,null,null,null,null,null,null,null,16.634,24,0.031,0.999,null,null,null,null,null,null,1,null,null,19.676,3.042,32.495,32.014,null,null,null,null,null,null,null,null,null,ZNRGQMMCGHDTEI,null,TRND,RAwzuQBLlkYmjvjgMd,null,null,null,null,CL,null,null,null,null,[NO STEREO] 105826-92-4,null,null,null,0,4,0,null,null,173031,0 0 0 0,1,1,2025-06-17 15:29:19,null,null,null,null,null,null,null,364788971,activity,null,HTS,null,3.042,6.525,13.084,19.676,null,null,null,null,null,null,null,null,null,null,null,null,null,null,null,null,null,null,null,null,null,278939559
TRND-Glioblastoma_LOPAC_H4-primary_screen2,NCGC00015207-27,activity,null,4,8.903,4,0,null,O=C1CCC2=C(N1)C=CC(OCCCCC3=NN=NN3C4CCCCC4)=C2,C0737,Cilostazol,SIGMA,2021_LOPAC_01,null,null,null,null,null,null,null,null,null,null,null,5.261,0,null,null,null,null,null,null,null,null,0,null,null,12.342,7.081,39.558,null,null,null,null,null,null,null,null,null,null,RRGUKTPIGVIEKM,null,TRND,bsNGlTdqIMCNgZfetY,null,Phosphodiesterase 3A inhibitor,null,null,null,null,null,null,null,73963-72-1,PDE3A,null,null,0,4,null,null,null,173031,null,1,1,2025-06-17 15:29:19,null,null,null,null,null,null,null,364788879,activity,null,HTS,null,7.081,9.44,12.342,8.903,null,null,null,null,null,null,null,null,null,null,null,null,null,null,null,null,null,null,null,null,null,278939560
TRND-Glioblastoma_LOPAC_H4-primary_screen2,NCGC00016043-18,activity,null,4,9.095,4,0,null,OC1=C(O)C=C(C=C(C#N)C#N)C=C1,T7165,Tyrphostin 23,SIGMA,2021_LOPAC_01,null,null,null,null,null,null,null,null,null,null,null,7.416,0,null,null,null,null,null,null,null,null,0,null,null,9.095,1.68,34.053,null,null,null,null,null,null,null,null,null,null,VTJXFTPMFYAJJU,null,TRND,TSIJelOVLCxtoJDLOf,null,null,null,null,null,null,null,null,null,118409-57-7,null,null,null,0,4,null,null,null,173031,null,1,1,2025-06-17 15:29:19,null,null,null,null,null,null,null,364787799,activity,null,HTS,null,8.575,1.68,6.152,9.095,null,null,null,null,null,null,null,null,null,null,null,null,null,null,null,null,null,null,null,null,null,278939561
TRND-Glioblastoma_LOPAC_H4-primary_screen2,NCGC00159406-23,activity,null,4,19.054,4,16.5,1.416,[H][C@](O)(CN)C1=CC=C(O)C(O)=C1,A9512,L(-)-Norepinephrine bitartrate,SIGMA,2021_LOPAC_01,null,null,null,null,null,null,null,null,null,null,null,15.286,20,0.024,1,null,null,null,null,null,null,3.5,null,null,19.054,3.768,35.134,35.491,null,null,null,null,null,null,null,null,null,SFLSHLFXELFNJZ,null,TRND,UXGDzntYuolcgmiiHG,null,Alpha-1A Adrenergic Receptor agonist,null,null,SUCCINICACIDOH,null,null,null,null,108341-18-0,ADRA1A,null,null,0,4,0,null,null,173031,0 0 0 0,1,1,2025-06-17 15:29:19,null,null,null,null,null,null,null,364785947,activity,null,HTS,null,3.768,6.449,14.522,19.054,null,null,null,null,null,null,null,null,null,null,null,null,null,null,null,null,null,null,null,null,null,278939562
TRND-Glioblastoma_LOPAC_H4-primary_screen2,NCGC00162189-07,activity,null,4,3.311,4,8.067,4.955,[H][C@](N)(CC1=CNC=N1)C(O)=O,H8125,L-Histidine hydrochloride,SIGMA,2021_LOPAC_01,null,null,null,null,null,null,null,null,null,null,null,14.764,5,0.693,0.501,null,null,null,null,null,null,-3.067,null,null,6.792,-7.972,7.353,-4.589,null,null,null,null,null,null,null,null,null,HNDVDQJCIGZPNO,null,TRND,ifORsdPHMlLCOcERNv,null,null,null,null,CL,null,null,null,null,645-35-2,null,null,null,0,4,0,null,null,173031,0 0 0 0,1,1,2025-06-17 15:29:19,null,null,null,null,null,null,null,364785663,activity,null,HTS,null,2.318,-7.972,6.792,3.311,null,null,null,null,null,null,null,null,null,null,null,null,null,null,null,null,null,null,null,null,null,278939563
TRND-Glioblastoma_LOPAC_H4-primary_screen2,NCGC00021318-20,activity,null,4,-28.078,4,-20.023,4.955,CCCC1O[C@@H]2C[C@H]3[C@@H]4CCC5=CC(=O)C=C[C@]5(C)[C@H]4[C@@H](O)C[C@]3(C)[C@@]2(O1)C(=O)CO,B7777,Budesonide,SIGMA,2021_LOPAC_01,null,null,null,null,null,null,null,null,null,null,null,22.519,-28.193,0.251,0.959,null,null,null,null,null,null,-8.17,null,null,-5.558,-28.078,-43.789,-49.41,null,null,null,null,null,null,null,null,null,VOVIALXJUBGFJZ,null,TRND,mxuNwdwVOhgRDVCcfU,null,null,null,null,null,null,null,null,null,51333-22-3,null,null,null,0,4,0,null,null,173031,0 0 0 0,1,1,2025-06-17 15:29:19,null,null,null,null,null,null,null,364786259,activity,null,HTS,null,-5.558,-10.563,-8.896,-28.078,null,null,null,null,null,null,null,null,null,null,null,null,null,null,null,null,null,null,null,null,null,278939564
TRND-Glioblastoma_LOPAC_H4-primary_screen2,NCGC00018117-48,activity,null,4,-3.395,4,0,null,CN1C2=C(NC=N2)C(=O)N(C)C1=O,A1755,Aminophylline ethylenediamine,SIGMA,2021_LOPAC_01,null,null,null,null,null,null,null,null,null,null,null,5.791,0,null,null,null,null,null,null,null,null,0,null,null,2.396,-3.395,-3.003,null,null,null,null,null,null,null,null,null,null,ZFXYFBGIUFBOJW,null,TRND,rjLBhBvErNyKcpHKNB,null,Adenosine Receptor A1 antagonist,null,null,ETHANEDIAMINE,null,null,null,null,58-55-9,ADORA1,null,null,0,4,null,null,null,173031,null,1,1,2025-06-17 15:29:19,null,null,null,null,null,null,null,364785939,activity,null,HTS,null,-0.548,2.396,-1.96,-3.395,null,null,null,null,null,null,null,null,null,null,null,null,null,null,null,null,null,null,null,null,null,278939565
TRND-Glioblastoma_LOPAC_H4-primary_screen2,NCGC00015336-08,activity,null,4,5.878,4,0,null,CC(=O)C(C)=O,D3634,"2,3-Butanedione",SIGMA,2021_LOPAC_01,null,null,null,null,null,null,null,null,null,null,null,4.852,0,null,null,null,null,null,null,null,null,0,null,null,5.878,1.027,19.855,null,null,null,null,null,null,null,null,null,null,QSJXEFYPDANLFS,null,TRND,exRBVwuhyhUyDyORng,null,null,null,null,null,null,null,null,null,431-03-8,null,null,null,0,4,null,null,null,173031,null,1,1,2025-06-17 15:29:19,null,null,null,null,null,null,null,364789187,activity,null,HTS,null,4.832,3.774,1.027,5.878,null,null,null,null,null,null,null,null,null,null,null,null,null,null,null,null,null,null,null,null,null,278939566
TRND-Glioblastoma_LOPAC_H4-primary_screen2,NCGC00015415-07,activity,null,4,4.873,4,0,null,CCN1C(=O)C=CC1=O,E3876,N-Ethylmaleimide,SIGMA,2021_LOPAC_01,null,null,null,null,null,null,null,null,null,null,null,4.086,0,null,null,null,null,null,null,null,null,0,null,null,4.873,0.788,12.112,null,null,null,null,null,null,null,null,null,null,HDFGOPSGAURCEO,null,TRND,LSIDZAXseoXKKtVJqN,null,null,null,null,null,null,null,null,null,128-53-0,null,null,null,0,4,null,null,null,173031,null,1,1,2025-06-17 15:29:19,null,null,null,null,null,null,null,364786231,activity,null,HTS,null,2.919,0.788,1.284,4.873,null,null,null,null,null,null,null,null,null,null,null,null,null,null,null,null,null,null,null,null,null,278939567
TRND-Glioblastoma_LOPAC_H4-primary_screen2,NCGC00024512-14,activity,null,4,-0.956,4,0,null,N[C@@H](COP(O)(O)=O)C(O)=O,P0878,O-Phospho-L-serine,SIGMA,2021_LOPAC_01,null,null,null,null,null,null,null,null,null,null,null,6.628,0,null,null,null,null,null,null,null,null,0,null,null,3.252,-3.376,7.29,null,null,null,null,null,null,null,null,null,null,BZQFBWGGLXLEPQ,null,TRND,aGfpgYkMKaseEOaixH,null,null,null,null,null,null,null,null,null,407-41-0,null,null,null,0,4,null,null,null,173031,null,1,1,2025-06-17 15:29:19,null,null,null,null,null,null,null,364785819,activity,null,HTS,null,3.252,-3.376,1.61,-0.956,null,null,null,null,null,null,null,null,null,null,null,null,null,null,null,null,null,null,null,null,null,278939568
TRND-Glioblastoma_LOPAC_H4-primary_screen2,NCGC00015142-08,activity,null,4,3.118,4,0,null,NC(=O)C1=CC=CC=C1,B2009,Benzamide,SIGMA,2021_LOPAC_01,null,null,null,null,null,null,null,null,null,null,null,2.468,0,null,null,null,null,null,null,null,null,0,null,null,3.997,1.53,10.693,null,null,null,null,null,null,null,null,null,null,KXDAEFPNCMNJSK,null,TRND,OpBQWQzmtrFQmCccaY,null,null,null,null,null,null,null,null,null,55-21-0,null,null,null,0,4,null,null,null,173031,null,1,1,2025-06-17 15:29:19,null,null,null,null,null,null,null,364789879,activity,null,HTS,null,1.53,2.881,3.997,3.118,null,null,null,null,null,null,null,null,null,null,null,null,null,null,null,null,null,null,null,null,null,278939571
TRND-Glioblastoma_LOPAC_H4-primary_screen2,NCGC00016049-20,activity,null,4,4.25,4,31.189,4.955,CCCCNC1=CC=C(C=C1)C(=O)OCCN(C)C,T7508,Tetracaine hydrochloride,SIGMA,2021_LOPAC_01,null,null,null,null,null,null,null,null,null,null,null,26.875,6.5,0.172,0.981,null,null,null,null,null,null,-24.689,null,null,8.384,-18.491,-38.749,-39.042,null,null,null,null,null,null,null,null,null,GKCBAIGFKIBETG,null,TRND,MXMsmdgEXWSRCItSbR,null,null,null,null,CL,null,null,null,null,136-47-0,null,null,null,0,4,0,null,null,173031,0 0 0 0,1,1,2025-06-17 15:29:19,null,null,null,null,null,null,null,364786543,activity,null,HTS,null,-18.491,8.384,6.397,4.25,null,null,null,null,null,null,null,null,null,null,null,null,null,null,null,null,null,null,null,null,null,278939572
TRND-Glioblastoma_LOPAC_H4-primary_screen2,NCGC00168469-04,activity,null,4,3.316,4,0,null,[H][C@@]12C[C@@]3(O)[C@H](OC(=O)C4=CC=CC=C4)[C@]1([H])[C@@](OC(C)=O)(C5[C@H](OC)C6C27[C@@H](C[C@@H](O)[C@@]6(COC)CN(CC)[C@]57[H])OC)[C@@H](O)[C@@H]3OC,A8001,Aconitine,SIGMA,2021_LOPAC_01,null,null,null,null,null,null,null,null,null,null,null,2.851,0,null,null,null,null,null,null,null,null,0,null,null,6.167,3.316,25.39,null,null,null,null,null,null,null,null,null,null,XFSBVAOIAHNAPC,null,TRND,vkfYubGltZnkECNgms,null,null,null,null,null,null,null,null,null,[NO STEREO] 302-27-2,null,null,null,0,4,null,null,null,173031,null,1,1,2025-06-17 15:29:19,null,null,null,null,null,null,null,364787923,activity,null,HTS,null,5.799,4.638,6.167,3.316,null,null,null,null,null,null,null,null,null,null,null,null,null,null,null,null,null,null,null,null,null,278939573
TRND-Glioblastoma_LOPAC_H4-primary_screen2,NCGC00015243-24,activity,null,4,20.061,4,20.115,2.406,ClC1=CC=C(CN2C(CN3CCCC3)=NC4=C2C=CC=C4)C=C1,SML1447,Clemizole hydrochloride,SIGMA,2021_LOPAC_01,null,null,null,null,null,null,null,null,null,null,null,29.74,21,0.684,0.52,null,null,null,null,null,null,0.885,null,null,20.061,-9.679,40.616,19.137,null,null,null,null,null,null,null,null,null,CJXAEXPPLWQRFR,null,TRND,czckYpniTNGlTQJhxu,null,Histamine H1 Receptor antagonist,null,null,CL,null,null,null,null,1163-36-6,HRH1,null,null,0,4,0,null,null,173031,0 0 0 0,1,1,2025-06-17 15:29:19,null,null,null,null,null,null,null,364788551,activity,null,HTS,null,11.319,-9.679,7.755,20.061,null,null,null,null,null,null,null,null,null,null,null,null,null,null,null,null,null,null,null,null,null,278939574
TRND-Glioblastoma_LOPAC_H4-primary_screen2,NCGC00015237-20,activity,null,4,10.219,4,11.962,3.065,C[N+](C)(C)CCOC(N)=O,C4382,Carbachol,SIGMA,2021_LOPAC_01,null,null,null,null,null,null,null,null,null,null,null,18.521,10.5,0.69,0.508,null,null,null,null,null,null,-1.462,null,null,10.219,-8.302,15.688,2.466,null,null,null,null,null,null,null,null,null,VPJXQGSRWJZDOB,null,TRND,hgqJIxsfnhqPEOSkLV,null,null,null,null,CL,null,null,null,null,51-83-2,null,null,null,0,4,0,null,null,173031,0 0 0 0,1,1,2025-06-17 15:29:19,null,null,null,null,null,null,null,364785611,activity,null,HTS,null,5.098,-8.302,2.816,10.219,null,null,null,null,null,null,null,null,null,null,null,null,null,null,null,null,null,null,null,null,null,278938517
TRND-Glioblastoma_LOPAC_H4-primary_screen2,NCGC00015059-07,activity,null,4,-15.027,4,-21.533,4.955,CN(C)C1=C(Cl)N=C(C(=O)N=C(N)N)C(N)=N1,A4562,"5-(N,N-Dimethyl)amiloride hydrochloride",SIGMA,2021_LOPAC_01,null,null,null,null,null,null,null,null,null,null,null,23.088,-17.533,0.452,0.849,null,null,null,null,null,null,4,null,null,8.06,-15.027,-2.887,8.828,null,null,null,null,null,null,null,null,null,RXMUPNVSYKGKMY,null,TRND,YCuDryQBCHFfRiKrdg,null,null,null,null,CL,null,null,null,null,2235-97-4,null,null,null,0,4,0,null,null,173031,0 0 0 0,1,1,2025-06-17 15:29:19,null,null,null,null,null,null,null,364785987,activity,null,HTS,null,-1.467,4.933,8.06,-15.027,null,null,null,null,null,null,null,null,null,null,null,null,null,null,null,null,null,null,null,null,null,278938518
TRND-Glioblastoma_LOPAC_H4-primary_screen2,NCGC00015699-06,activity,null,4,-0.532,4,0,null,CN1CCC2(CCN3CCC4=C(OC5=C4C=CC=C5)C3C2)N(C)C1=O,M7065,MK-912,SIGMA,2021_LOPAC_01,null,null,null,null,null,null,null,null,null,null,null,8.236,0,null,null,null,null,null,null,null,null,0,null,null,7.703,-0.532,26.534,null,null,null,null,null,null,null,null,null,null,JRDUBBHIPPPSLP,null,TRND,mLEUkhzZfjAHLNfRJQ,null,null,null,null,CL,null,null,null,null,[NO STEREO] 119942-70-0,null,null,null,0,4,null,null,null,173031,null,1,1,2025-06-17 15:29:19,null,null,null,null,null,null,null,364787483,activity,null,HTS,null,7.703,1.979,5.796,-0.532,null,null,null,null,null,null,null,null,null,null,null,null,null,null,null,null,null,null,null,null,null,278938520
TRND-Glioblastoma_LOPAC_H4-primary_screen2,NCGC00162133-05,activity,null,4,3.31,4,0,null,OC[C@H]1NC[C@@H](O)[C@@H]1O,D1542,"1,4-Dideoxy-1,4-imino-D-arabinitol",SIGMA,2021_LOPAC_01,null,null,null,null,null,null,null,null,null,null,null,7.9,0,null,null,null,null,null,null,null,null,0,null,null,9.129,1.229,30.212,null,null,null,null,null,null,null,null,null,null,OQEBIHBLFRADNM,null,TRND,YJvbVOnmrNaZsdKsoh,null,null,null,null,CL,null,null,null,null,null,null,null,null,0,4,null,null,null,173031,null,1,1,2025-06-17 15:29:19,null,null,null,null,null,null,null,364787895,activity,null,HTS,null,9.129,1.229,3.259,3.31,null,null,null,null,null,null,null,null,null,null,null,null,null,null,null,null,null,null,null,null,null,278939031
TRND-Glioblastoma_LOPAC_H4-primary_screen2,NCGC00024832-06,activity,null,4,2.955,4,0,null,CC(=O)N[C@@H](CC1=CNC2=C1C=CC=C2)C(=O)OCC3=CC(=CC(=C3)C(F)(F)F)C(F)(F)F,A5330,"L-732,138",SIGMA,2021_LOPAC_01,null,null,null,null,null,null,null,null,null,null,null,7.485,0,null,null,null,null,null,null,null,null,0,null,null,10.051,2.567,33.288,null,null,null,null,null,null,null,null,null,null,BYYQYXVAWXAYQC,null,TRND,nbOZJAvOqjgOEYrYdU,null,null,null,null,null,null,null,null,null,null,null,null,null,0,4,null,null,null,173031,null,1,1,2025-06-17 15:29:19,null,null,null,null,null,null,null,364786643,activity,null,HTS,null,10.051,2.927,2.567,2.955,null,null,null,null,null,null,null,null,null,null,null,null,null,null,null,null,null,null,null,null,null,278939032
TRND-Glioblastoma_LOPAC_H4-primary_screen2,NCGC00015465-11,activity,null,4,6.632,4,0,null,COC(=O)N1CCN(C(CN2CCCC2)C1)C(=O)CC3=CC(Cl)=C(Cl)C=C3,G133,GR-89696 fumarate,SIGMA,2021_LOPAC_01,null,null,null,null,null,null,null,null,null,null,null,4.913,0,null,null,null,null,null,null,null,null,0,null,null,9.839,4.926,35.718,null,null,null,null,null,null,null,null,null,null,HJUAKZYKCANOOZ,null,TRND,SHUFRFimUzLgWzBzyv,null,null,null,null,FUMARIC_ACID,null,null,null,null,null,null,null,null,0,4,null,null,null,173031,null,1,1,2025-06-17 15:29:19,null,null,null,null,null,null,null,364786239,activity,null,HTS,null,7.895,4.926,9.839,6.632,null,null,null,null,null,null,null,null,null,null,null,null,null,null,null,null,null,null,null,null,null,278939033
TRND-Glioblastoma_LOPAC_H4-primary_screen2,NCGC00165775-11,activity,null,4,2.841,4,0,null,O=C(C1CC1)C2=CC=C(OCCCC3=CNC=N3)C=C2,H3132,Ciproxifan hydrochloride,SIGMA,2021_LOPAC_01,null,null,null,null,null,null,null,null,null,null,null,4.542,0,null,null,null,null,null,null,null,null,0,null,null,7.383,2.841,27.934,null,null,null,null,null,null,null,null,null,null,ACQBHJXEAYTHCY,null,TRND,PinsqlkxdBVTHUtGQy,null,null,null,null,CL,null,null,null,null,null,null,null,null,0,4,null,null,null,173031,null,1,1,2025-06-17 15:29:19,null,null,null,null,null,null,null,364786271,activity,null,HTS,null,7.383,3.173,5.341,2.841,null,null,null,null,null,null,null,null,null,null,null,null,null,null,null,null,null,null,null,null,null,278939034
TRND-Glioblastoma_LOPAC_H4-primary_screen2,NCGC00015548-09,activity,null,4,-4.816,4,-13.279,4.095,NC(=O)CI,I1149,Iodoacetamide,SIGMA,2021_LOPAC_01,null,null,null,null,null,null,null,null,null,null,null,17.977,0.221,0.594,0.692,null,null,null,null,null,null,13.5,null,null,13.16,-4.816,38.691,37.875,null,null,null,null,null,null,null,null,null,PGLTVOMIXTUURA,null,TRND,fNlKciVySoaqpbcmjr,null,null,null,null,null,null,null,null,null,144-48-9,null,null,null,0,4,0,null,null,173031,0 0 0 0,1,1,2025-06-17 15:29:19,null,null,null,null,null,null,null,364785727,activity,null,HTS,null,13.16,1.245,5.478,-4.816,null,null,null,null,null,null,null,null,null,null,null,null,null,null,null,null,null,null,null,null,null,278939036
TRND-Glioblastoma_LOPAC_H4-primary_screen2,NCGC00346491-13,activity,null,4,-2.817,4,0,null,CCC1=C(C(=O)C(N)=O)C2=C(C=CC=C2OCC(O)=O)N1CC3=CC=CC=C3,SML1100,Varespladib,SIGMA,2021_LOPAC_01,null,null,null,null,null,null,null,null,null,null,null,5.003,0,null,null,null,null,null,null,null,null,0,null,null,2.186,-2.817,5.273,null,null,null,null,null,null,null,null,null,null,BHLXTPHDSZUFHR,null,TRND,vBZzgVDgNJFTwdPDNU,null,Secretory Phospholipase A2 (sPLA2) inhibitor,null,null,null,null,null,null,null,172732-68-2,PLA2G2A,null,null,0,4,null,null,null,173031,null,1,1,2025-06-17 15:29:19,null,null,null,null,null,null,null,364785435,activity,null,HTS,null,2.186,-0.946,1.929,-2.817,null,null,null,null,null,null,null,null,null,null,null,null,null,null,null,null,null,null,null,null,null,278939037
TRND-Glioblastoma_LOPAC_H4-primary_screen2,NCGC00015830-14,activity,null,4,8.533,4,-12,4.095,NNCCC1=CC=CC=C1,P6777,Phenelzine sulfate,SIGMA,2021_LOPAC_01,null,null,null,null,null,null,null,null,null,null,null,11.965,1.5,1,0.999,null,null,null,null,null,null,13.5,null,null,13.671,1.706,43.147,42.195,null,null,null,null,null,null,null,null,null,RMUCZJUITONUFY,null,TRND,HnjLfdWDnlyNXIrygV,null,Amine oxidase A inhibitor,null,null,SULFURIC_ACID,null,null,null,null,156-51-4,MAOA,null,null,0,4,1,null,null,173031,0 0 0 1,1,1,2025-06-17 15:29:19,null,null,null,null,null,null,null,364786215,activity,null,HTS,null,13.671,4.461,1.706,8.533,null,null,null,null,null,null,null,null,null,null,null,null,null,null,null,null,null,null,null,null,null,278939039
TRND-Glioblastoma_LOPAC_H4-primary_screen2,NCGC00093741-05,activity,null,4,8.677,4,0,null,[H][C@]12SCC(C)=C(N1C(=O)[C@H]2NC(=O)C(N)C3=CCC=CC3)C(O)=O,C8395,Cephradine,SIGMA,2021_LOPAC_01,null,null,null,null,null,null,null,null,null,null,null,7.584,0,null,null,null,null,null,null,null,null,0,null,null,8.677,1.092,32.097,null,null,null,null,null,null,null,null,null,null,RDLPVSKMFDYCOR,null,TRND,WTCloNBkmABTJQenmV,null,null,null,null,null,null,null,null,null,[NO STEREO] 38821-53-3,null,null,null,0,4,null,null,null,173031,null,1,1,2025-06-17 15:29:19,null,null,null,null,null,null,null,364788263,activity,null,HTS,null,7.89,1.092,6.972,8.677,null,null,null,null,null,null,null,null,null,null,null,null,null,null,null,null,null,null,null,null,null,278939040
TRND-Glioblastoma_LOPAC_H4-primary_screen2,NCGC00015193-14,activity,null,4,-1.454,4,-9.744,4.955,NC1=NC2=C(C=C(Cl)C=C2)C3=NC(=NN13)C4=CC=CO4,C199,CGS-15943,SIGMA,2021_LOPAC_01,null,null,null,null,null,null,null,null,null,null,null,13.679,-2.744,0.682,0.528,null,null,null,null,null,null,7,null,null,12.226,-1.454,18.926,28.382,null,null,null,null,null,null,null,null,null,MSJODEOZODDVGW,null,TRND,oyhENrCxPZNseaYQAX,null,null,null,null,null,null,null,null,null,null,null,null,null,0,4,0,null,null,173031,0 0 0 0,1,1,2025-06-17 15:29:19,null,null,null,null,null,null,null,364785303,activity,null,HTS,null,2.314,6.754,12.226,-1.454,null,null,null,null,null,null,null,null,null,null,null,null,null,null,null,null,null,null,null,null,null,278939041
TRND-Glioblastoma_LOPAC_H4-primary_screen2,NCGC00015648-08,activity,null,4,6.054,4,0,null,CNCCC1=CNC2=C1C=C(O)C=C2,M1514,N-omega-Methyl-5-hydroxytryptamine oxalate salt,SIGMA,2021_LOPAC_01,null,null,null,null,null,null,null,null,null,null,null,9.388,0,null,null,null,null,null,null,null,null,0,null,null,8.721,-0.667,10.431,null,null,null,null,null,null,null,null,null,null,ASUSBMNYRHGZIG,null,TRND,TxeOBgktlSsGbGoIrW,null,null,null,null,OXALIC_ACID,null,null,null,null,null,null,null,null,0,4,null,null,null,173031,null,1,1,2025-06-17 15:29:19,null,null,null,null,null,null,null,364786731,activity,null,HTS,null,-0.667,4.293,8.721,6.054,null,null,null,null,null,null,null,null,null,null,null,null,null,null,null,null,null,null,null,null,null,278939042
TRND-Glioblastoma_LOPAC_H4-primary_screen2,NCGC00015188-12,activity,null,4,6.822,4,11.621,4.955,NC(=N)NC(=N)NC1=CC=CC(Cl)=C1,C144,1-(m-Chlorophenyl)-biguanide hydrochloride,SIGMA,2021_LOPAC_01,null,null,null,null,null,null,null,null,null,null,null,13.265,5.5,0.673,0.549,null,null,null,null,null,null,-6.121,null,null,9.414,-3.851,-0.798,-0.083,null,null,null,null,null,null,null,null,null,DIHXJZHAIHGSAW,null,TRND,FsdKIpFsPRQiGAFVTc,null,null,null,null,CL,null,null,null,null,null,null,null,null,0,4,0,null,null,173031,0 0 0 0,1,1,2025-06-17 15:29:19,null,null,null,null,null,null,null,364786567,activity,null,HTS,null,-3.851,9.414,-0.395,6.822,null,null,null,null,null,null,null,null,null,null,null,null,null,null,null,null,null,null,null,null,null,278939043
TRND-Glioblastoma_LOPAC_H4-primary_screen2,NCGC00016508-19,activity,null,4,0.955,4,0,null,CN1N=C(S\C1=N\C(C)=O)[S+](N)([O-])=O,SML0720,Methazolamide,SIGMA,2021_LOPAC_01,null,null,null,null,null,null,null,null,null,null,null,8.139,0,null,null,null,null,null,null,null,null,0,null,null,9.094,0.955,31.216,null,null,null,null,null,null,null,null,null,null,FQMSRRCSEOMGHZ,null,TRND,PLrhPMdqlmsOwLbpcO,null,null,null,null,null,null,null,null,null,1164547-86-7,null,null,null,0,4,null,null,null,173031,null,1,1,2025-06-17 15:29:19,null,null,null,null,null,null,null,364789323,activity,null,HTS,null,9.094,4.535,3.3,0.955,null,null,null,null,null,null,null,null,null,null,null,null,null,null,null,null,null,null,null,null,null,278939044
TRND-Glioblastoma_LOPAC_H4-primary_screen2,NCGC00015768-10,activity,null,4,9.809,4,0,null,NC(=O)CN1CC(O)CC1=O,O3011,Oxiracetam,SIGMA,2021_LOPAC_01,null,null,null,null,null,null,null,null,null,null,null,21.393,0,null,null,null,null,null,null,null,null,0,null,null,23.885,2.491,75.42,null,null,null,null,null,null,null,null,null,null,IHLAQQPQKRMGSS,null,TRND,lWpZQglqRuPMwhLIWc,null,null,null,null,null,null,null,null,null,62613-82-5,null,null,null,0,4,null,null,null,173031,null,1,1,2025-06-17 15:29:19,null,null,null,null,null,null,null,364788967,activity,null,HTS,null,23.885,3.201,2.491,9.809,null,null,null,null,null,null,null,null,null,null,null,null,null,null,null,null,null,null,null,null,null,278939045
TRND-Glioblastoma_LOPAC_H4-primary_screen2,NCGC00094157-05,activity,null,4,2.265,4,0,null,CC1(C)CCC(CC1)NC(=O)[C@@H](N)CCC(O)=O,N2034,CR 2249,SIGMA,2021_LOPAC_01,null,null,null,null,null,null,null,null,null,null,null,3.526,0,null,null,null,null,null,null,null,null,0,null,null,5.791,2.265,21.152,null,null,null,null,null,null,null,null,null,null,VCRGLZYPNNAVRP,null,TRND,rZqPuTDnSaocBdQDef,null,null,null,null,null,null,null,null,null,163000-63-3,null,null,null,0,4,null,null,null,173031,null,1,1,2025-06-17 15:29:19,null,null,null,null,null,null,null,364787091,activity,null,HTS,null,5.791,3.055,2.512,2.265,null,null,null,null,null,null,null,null,null,null,null,null,null,null,null,null,null,null,null,null,null,278939046
TRND-Glioblastoma_LOPAC_H4-primary_screen2,NCGC00370993-02,activity,null,4,5.065,4,6.418,4.955,CN1N=CC2=C1NC3=C(C=CC=C3)N(C2)C(=O)C4=CC=C(CNC(=O)N5CCN(CC6=CC(O)=CC(O)=C6)CC5)C(C)=C4,SML2223,WAY-267464 dihydrochloride,SIGMA,2021_LOPAC_01,null,null,null,null,null,null,null,null,null,null,null,10.03,6,0.545,0.761,null,null,null,null,null,null,-0.418,null,null,7.182,-2.848,10.706,5.851,null,null,null,null,null,null,null,null,null,HWPGRFRXZNLZEX,null,TRND,MenLgarTRsOhRTOQXD,null,null,null,null,null,null,null,null,null,null,null,null,null,0,4,0,null,null,173031,0 0 0 0,1,1,2025-06-17 15:29:19,null,null,null,null,null,null,null,364787663,activity,null,HTS,null,1.806,-2.848,7.182,5.065,null,null,null,null,null,null,null,null,null,null,null,null,null,null,null,null,null,null,null,null,null,278939047
TRND-Glioblastoma_LOPAC_H4-primary_screen2,NCGC00015204-19,activity,null,4,3.847,4,0,null,ClCCNC(=O)N(CCCl)N=O,C0400,Carmustine,SIGMA,2021_LOPAC_01,null,null,null,null,null,null,null,null,null,null,null,5.919,0,null,null,null,null,null,null,null,null,0,null,null,8.261,2.341,30.17,null,null,null,null,null,null,null,null,null,null,DLGOEMSEDOSKAD,null,TRND,tbJyrpOojxcVawgRJK,null,DNA Alkylating Drug,null,null,null,null,null,null,null,154-93-8,H2AX,null,null,0,4,null,null,null,173031,null,1,1,2025-06-17 15:29:19,null,null,null,null,null,null,null,364786963,activity,null,HTS,null,7.473,8.261,2.341,3.847,null,null,null,null,null,null,null,null,null,null,null,null,null,null,null,null,null,null,null,null,null,278939049
TRND-Glioblastoma_LOPAC_H4-primary_screen2,NCGC00186004-04,activity,null,4,3.814,4,0,null,COC1=CC=C(CCN2N=NN=C2C3(CC3)C4=CC=C(C)C=C4)C=C1,M7945,Mephetyl tetrazole,SIGMA,2021_LOPAC_01,null,null,null,null,null,null,null,null,null,null,null,12.409,0,null,null,null,null,null,null,null,null,0,null,null,12.086,-0.323,39.837,null,null,null,null,null,null,null,null,null,null,VREPWWBWXVLSEF,null,TRND,SCLkpKLuhowDnLrzgZ,null,null,null,null,null,null,null,null,null,null,null,null,null,0,4,null,null,null,173031,null,1,1,2025-06-17 15:29:19,null,null,null,null,null,null,null,364785983,activity,null,HTS,null,10.668,-0.323,12.086,3.814,null,null,null,null,null,null,null,null,null,null,null,null,null,null,null,null,null,null,null,null,null,278939050
TRND-Glioblastoma_LOPAC_H4-primary_screen2,NCGC00162295-06,activity,null,4,8.511,4,9.5,4.045,C[C@H](CC1=CC=CC=C1)NC2=NC=NC3=C2N=CN3[C@@H]4O[C@H](CO)C(O)[C@H]4O,P4532,R(-)-N6-(2-Phenylisopropyl)adenosine,SIGMA,2021_LOPAC_01,null,null,null,null,null,null,null,null,null,null,null,12.082,11,0.465,0.839,null,null,null,null,null,null,1.5,null,null,13.423,1.341,23.623,23.855,null,null,null,null,null,null,null,null,null,RIRGCFBBHQEQQH,null,TRND,jNygCZThGJtjqZwHgQ,null,null,null,null,null,null,null,null,null,null,null,null,null,0,4,0,null,null,173031,0 0 0 0,1,1,2025-06-17 15:29:19,null,null,null,null,null,null,null,364790327,activity,null,HTS,null,1.341,8.645,13.423,8.511,null,null,null,null,null,null,null,null,null,null,null,null,null,null,null,null,null,null,null,null,null,278939051
TRND-Glioblastoma_LOPAC_H4-primary_screen2,NCGC00016015-20,activity,null,4,15.49,4,0,null,C\C(=C/C1=CC=C(C=C1)C(O)=O)C2=CC3=C(C=C2)C(C)(C)CCC3(C)C,T3757,TTNPB,SIGMA,2021_LOPAC_01,null,null,null,null,null,null,null,null,null,null,null,9.256,0,null,null,null,null,null,null,null,null,0,null,null,15.49,6.234,39.444,null,null,null,null,null,null,null,null,null,null,FOIVPCKZDPCJJY,null,TRND,xInIGAkoniJFsoRjRP,null,null,null,null,null,null,null,null,null,71441-28-6,null,null,null,0,4,null,null,null,173031,null,1,1,2025-06-17 15:29:19,null,null,null,null,null,null,null,364789011,activity,null,HTS,null,6.234,12.462,7.569,15.49,null,null,null,null,null,null,null,null,null,null,null,null,null,null,null,null,null,null,null,null,null,278939052
TRND-Glioblastoma_LOPAC_H4-primary_screen2,NCGC00015089-36,activity,null,4,-2.628,4,0,null,NC(=N)NC(=O)C1=NC(Cl)=C(N)N=C1N,A7410,Amiloride hydrochloride,SIGMA,2021_LOPAC_01,null,null,null,null,null,null,null,null,null,null,null,6.175,0,null,null,null,null,null,null,null,null,0,null,null,3.547,-2.628,8.468,null,null,null,null,null,null,null,null,null,null,XSDQTOBWRPYKKA,null,TRND,aRfGtowzbIzUhaQduc,null,Epithelial Sodium Channels (ENaC) Blocker,null,null,CL,null,null,null,null,2016-88-8,SCNN1A,null,null,0,4,null,null,null,173031,null,1,1,2025-06-17 15:29:19,null,null,null,null,null,null,null,364787339,activity,null,HTS,null,3.547,-0.09,0.097,-2.628,null,null,null,null,null,null,null,null,null,null,null,null,null,null,null,null,null,null,null,null,null,278939053
TRND-Glioblastoma_LOPAC_H4-primary_screen2,NCGC00024499-14,activity,null,4,-1.028,4,11.495,4.955,N[C@@H](CC(O)=O)C(O)=O,A9256,L-Aspartic acid,SIGMA,2021_LOPAC_01,null,null,null,null,null,null,null,null,null,null,null,15.929,2,0.745,0.346,null,null,null,null,null,null,-9.495,null,null,9.683,-6.246,-13.27,-12.88,null,null,null,null,null,null,null,null,null,CKLJMWTZIZZHCS,null,TRND,RXPupIHSYkLWSsCeBd,null,null,null,null,null,null,null,null,null,56-84-8,null,null,null,0,4,0,null,null,173031,0 0 0 0,1,1,2025-06-17 15:29:19,null,null,null,null,null,null,null,364788487,activity,null,HTS,null,-6.246,9.683,-3.093,-1.028,null,null,null,null,null,null,null,null,null,null,null,null,null,null,null,null,null,null,null,null,null,278939054
TRND-Glioblastoma_LOPAC_H4-primary_screen2,NCGC00015643-26,activity,null,4,4.23,4,0,null,CCN(CC)CCNC(=O)C1=CC(Cl)=C(N)C=C1OC,M0763,Metoclopramide hydrochloride,SIGMA,2021_LOPAC_01,null,null,null,null,null,null,null,null,null,null,null,5.734,0,null,null,null,null,null,null,null,null,0,null,null,6.814,1.08,23.084,null,null,null,null,null,null,null,null,null,null,TTWJBBZEZQICBI,null,TRND,VzeljSKqSToEZPvrCy,null,null,null,null,CL,null,null,null,null,7232-21-5,null,null,null,0,4,null,null,null,173031,null,1,1,2025-06-17 15:29:19,null,null,null,null,null,null,null,364787995,activity,null,HTS,null,6.814,1.71,1.08,4.23,null,null,null,null,null,null,null,null,null,null,null,null,null,null,null,null,null,null,null,null,null,278939055
TRND-Glioblastoma_LOPAC_H4-primary_screen2,NCGC00015383-18,activity,null,4,7.125,4,9.236,4.955,OC[C@H]1NC[C@@H](O)[C@@H](O)[C@@H]1O,D9305,1-Deoxynojirimycin hydrochloride,SIGMA,2021_LOPAC_01,null,null,null,null,null,null,null,null,null,null,null,13.753,9.5,0.491,0.815,null,null,null,null,null,null,0.264,null,null,12.306,-1.447,16.414,12.618,null,null,null,null,null,null,null,null,null,LXBIFEVIBLOUGU,null,TRND,FJEUNveDLHgJPXNCuF,null,null,null,null,CL,null,null,null,null,73285-50-4,null,null,null,0,4,0,null,null,173031,0 0 0 0,1,1,2025-06-17 15:29:19,null,null,null,null,null,null,null,364787871,activity,null,HTS,null,1.828,-1.447,12.306,7.125,null,null,null,null,null,null,null,null,null,null,null,null,null,null,null,null,null,null,null,null,null,278939056
TRND-Glioblastoma_LOPAC_H4-primary_screen2,NCGC00015264-30,activity,null,4,-32.169,4,0,null,CN(C)CCCN1C2=C(CCC3=C1C=C(Cl)C=C3)C=CC=C2,C7291,Clomipramine hydrochloride,SIGMA,2021_LOPAC_01,null,null,null,null,null,null,null,null,null,null,null,59.853,0,null,null,null,null,null,null,null,null,0,null,null,3.246,-56.607,-49.935,null,null,null,null,null,null,null,null,null,null,GDLIGKIOYRNHDA,null,TRND,sZhGnhiQJvYgtflFdc,null,Sodium-dependent Serotonin Transporter inhibitor,null,null,CL,null,null,null,null,17321-77-6,SLC6A4,null,null,0,4,null,null,null,173031,null,1,1,2025-06-17 15:29:19,null,null,null,null,null,null,null,364789511,activity,null,HTS,null,1.536,-56.607,3.246,-32.169,null,null,null,null,null,null,null,null,null,null,null,null,null,null,null,null,null,null,null,null,null,278939057
TRND-Glioblastoma_LOPAC_H4-primary_screen2,NCGC00188864-11,activity,null,4,4.715,4,0,null,COC1=CC(=CC=C1OCCCN2CCC(CC2)C3=NOC4=C3C=CC(F)=C4)C(C)=O,SML1528,Iloperidone,SIGMA,2021_LOPAC_01,null,null,null,null,null,null,null,null,null,null,null,9.436,0,null,null,null,null,null,null,null,null,0,null,null,9.014,-0.422,12.726,null,null,null,null,null,null,null,null,null,null,XMXHEBAFVSFQEX,null,TRND,dAioFuuVUcisZBqQir,null,null,null,null,null,null,null,null,null,133454-47-4,null,null,null,0,4,null,null,null,173031,null,1,1,2025-06-17 15:29:19,null,null,null,null,null,null,null,364789227,activity,null,HTS,null,-0.422,9.014,7.322,4.715,null,null,null,null,null,null,null,null,null,null,null,null,null,null,null,null,null,null,null,null,null,278939058
TRND-Glioblastoma_LOPAC_H4-primary_screen2,NCGC00024813-21,activity,null,4,-4.198,4,-12.538,4.955,[H][C@](O)(CNC(C)C)COC1=CC=CC2=CC=CC=C12,P8688,(S)-Propranolol hydrochloride,SIGMA,2021_LOPAC_01,null,null,null,null,null,null,null,null,null,null,null,14.355,-4.538,0.328,0.928,null,null,null,null,null,null,8,null,null,10.157,-4.198,20.531,24.861,null,null,null,null,null,null,null,null,null,AQHHHDLHHXJYJD,null,TRND,gkStVHQtOGuEkKBqDA,null,null,null,null,CL,null,null,null,null,13071-11-9,null,null,null,0,4,0,null,null,173031,0 0 0 0,1,1,2025-06-17 15:29:19,null,null,null,null,null,null,null,364789283,activity,null,HTS,null,5.896,10.157,-1.034,-4.198,null,null,null,null,null,null,null,null,null,null,null,null,null,null,null,null,null,null,null,null,null,278939059
TRND-Glioblastoma_LOPAC_H4-primary_screen2,NCGC00015594-11,activity,null,4,7.905,4,0,null,CC(C(O)=O)C1=CC=C(CC2CCCC2=O)C=C1,L0664,loxoprofen,SIGMA,2021_LOPAC_01,null,null,null,null,null,null,null,null,null,null,null,5.699,0,null,null,null,null,null,null,null,null,0,null,null,7.905,2.206,31.264,null,null,null,null,null,null,null,null,null,null,YMBXTVYHTMGZDW,null,TRND,qRgWRuqtRKjkNLJhyK,null,null,null,null,null,null,null,null,null,68767-14-6,null,null,null,0,4,null,null,null,173031,null,1,1,2025-06-17 15:29:19,null,null,null,null,null,null,null,364787427,activity,null,HTS,null,7.747,2.206,5.816,7.905,null,null,null,null,null,null,null,null,null,null,null,null,null,null,null,null,null,null,null,null,null,278939061
TRND-Glioblastoma_LOPAC_H4-primary_screen2,NCGC00016112-06,activity,null,4,17.786,4,12.5,2.902,NCC(O)C1=CC(O)=C(O)C=C1,A0937,(±)-Norepinephrine (+)bitartrate,SIGMA,2021_LOPAC_01,null,null,null,null,null,null,null,null,null,null,null,13.004,17,0.131,0.989,null,null,null,null,null,null,4.5,null,null,17.786,4.782,43.317,43.236,null,null,null,null,null,null,null,null,null,SFLSHLFXELFNJZ,null,TRND,UXGDzntYuolcxIikLw,null,null,null,null,TARTRATE,null,null,null,null,[NO STEREO] 51-40-1,null,null,null,0,4,0,null,null,173031,0 0 0 0,1,1,2025-06-17 15:29:19,null,null,null,null,null,null,null,364788479,activity,null,HTS,null,4.782,13.327,16.28,17.786,null,null,null,null,null,null,null,null,null,null,null,null,null,null,null,null,null,null,null,null,null,278939062
TRND-Glioblastoma_LOPAC_H4-primary_screen2,NCGC00016759-40,activity,null,4,-6.309,4,0,null,COC1=CC2=CC=C(C=C2C=C1)[C@H](C)C(O)=O,M1275,(-)-Naproxen sodium,SIGMA,2021_LOPAC_01,null,null,null,null,null,null,null,null,null,null,null,9.678,0,null,null,null,null,null,null,null,null,0,null,null,3.369,-6.309,7.48,null,null,null,null,null,null,null,null,null,null,CMWTZPSULFXXJA,null,TRND,gPwelLIKApznBImqdp,null,Cyclooxygenase 2(COX2) inhibitor,null,null,SODIUM,null,null,null,null,[NO STEREO] 26159-34-2,PTGS2,null,null,0,4,null,null,null,173031,null,1,1,2025-06-17 15:29:19,null,null,null,null,null,null,null,364789911,activity,null,HTS,null,3.369,2.219,-0.148,-6.309,null,null,null,null,null,null,null,null,null,null,null,null,null,null,null,null,null,null,null,null,null,278939063
TRND-Glioblastoma_LOPAC_H4-primary_screen2,NCGC00015388-06,activity,null,4,7.549,4,0,null,NCCCCCCCCCCN,D14204,"1,10-Diaminodecane",SIGMA,2021_LOPAC_01,null,null,null,null,null,null,null,null,null,null,null,12.238,0,null,null,null,null,null,null,null,null,0,null,null,12.51,0.272,40.164,null,null,null,null,null,null,null,null,null,null,YQLZOAVZWJBZSY,null,TRND,TlYyeYAlKxMqHEineU,null,null,null,null,null,null,null,null,null,646-25-3,null,null,null,0,4,null,null,null,173031,null,1,1,2025-06-17 15:29:19,null,null,null,null,null,null,null,364788571,activity,null,HTS,null,9.822,0.272,12.51,7.549,null,null,null,null,null,null,null,null,null,null,null,null,null,null,null,null,null,null,null,null,null,278939575
TRND-Glioblastoma_LOPAC_H4-primary_screen2,NCGC00507758-02,activity,null,4,7.243,4,0,null,COC1=CC2=C(C=C1)C3C(=N2)[S+](CC4=C(C)C(OC)=C(C)C=N4)[O-][Mg]35[O-][S+](CC6=C(C)C(OC)=C(C)C=N6)C7=NC8=C(C=CC(OC)=C8)N57,E7906,Esomeprazole magnesium dihydrate,SIGMA,2021_LOPAC_01,null,null,null,null,null,null,null,null,null,null,null,4.282,0,null,null,null,null,null,null,null,null,0,null,null,11.525,7.243,44.631,null,null,null,null,null,null,null,null,null,null,MEJVBZKBQJMUAG,null,TRND,oairDJwIuLlKeFldjS,null,null,null,null,H2O,null,null,null,null,null,null,null,null,0,4,null,null,null,173031,null,1,1,2025-06-17 15:29:19,null,null,null,null,null,null,null,364789491,activity,null,HTS,null,9.046,10.962,11.525,7.243,null,null,null,null,null,null,null,null,null,null,null,null,null,null,null,null,null,null,null,null,null,278939577
TRND-Glioblastoma_LOPAC_H4-primary_screen2,NCGC00015971-10,activity,null,4,6.832,4,0,null,C[N+](C)(C)CCOC(=O)CCC(=O)OCC[N+](C)(C)C,S8251,Succinylcholine chloride,SIGMA,2021_LOPAC_01,null,null,null,null,null,null,null,null,null,null,null,6.811,0,null,null,null,null,null,null,null,null,0,null,null,6.832,0.02,10.833,null,null,null,null,null,null,null,null,null,null,AXOIZCJOOAYSMI,null,TRND,cetfUEKklVyvjeJKyY,null,null,null,null,CL,null,null,null,null,null,null,null,null,0,4,null,null,null,173031,null,1,1,2025-06-17 15:29:19,null,null,null,null,null,null,null,364787487,activity,null,HTS,null,0.02,5.218,5.062,6.832,null,null,null,null,null,null,null,null,null,null,null,null,null,null,null,null,null,null,null,null,null,278939578
TRND-Glioblastoma_LOPAC_H4-primary_screen2,NCGC00015560-20,activity,null,4,-13.507,4,-18.209,3.929,C1CN=C(N1)C2COC3=C(O2)C=CC=C3,I6138,Idazoxan hydrochloride,SIGMA,2021_LOPAC_01,null,null,null,null,null,null,null,null,null,null,null,21.587,-13.709,0.383,0.897,null,null,null,null,null,null,4.5,null,null,8.08,-13.507,1.491,8.532,null,null,null,null,null,null,null,null,null,HPMRFMKYPGXPEP,null,TRND,WYTmCSjGsgrIgluwDa,null,null,null,null,CL,null,null,null,null,79944-56-2,null,null,null,0,4,0,null,null,173031,0 0 0 0,1,1,2025-06-17 15:29:19,null,null,null,null,null,null,null,364786067,activity,null,HTS,null,0.994,8.08,0.267,-13.507,null,null,null,null,null,null,null,null,null,null,null,null,null,null,null,null,null,null,null,null,null,278939580
TRND-Glioblastoma_LOPAC_H4-primary_screen2,NCGC00094495-06,activity,null,4,3.446,4,0,null,OC(=O)\C=C\C1=CNC=N1,U7500,4-Imidazoleacrylic acid,SIGMA,2021_LOPAC_01,null,null,null,null,null,null,null,null,null,null,null,4.672,0,null,null,null,null,null,null,null,null,0,null,null,7.285,2.614,25.218,null,null,null,null,null,null,null,null,null,null,LOIYMIARKYCTBW,null,TRND,BWcogfyEpIrhLpnyfD,null,null,null,null,null,null,null,null,null,3465-72-3,null,null,null,0,4,null,null,null,173031,null,1,1,2025-06-17 15:29:19,null,null,null,null,null,null,null,364789003,activity,null,HTS,null,5.94,2.614,7.285,3.446,null,null,null,null,null,null,null,null,null,null,null,null,null,null,null,null,null,null,null,null,null,278939581
TRND-Glioblastoma_LOPAC_H4-primary_screen2,NCGC00015565-15,activity,null,4,-1.74,4,0,null,CC(C)NNC(=O)C1=CC=NC=C1,I7627,Iproniazid phosphate,SIGMA,2021_LOPAC_01,null,null,null,null,null,null,null,null,null,null,null,4.995,0,null,null,null,null,null,null,null,null,0,null,null,0.643,-4.353,-1.878,null,null,null,null,null,null,null,null,null,null,NYMGNSNKLVNMIA,null,TRND,HgjxJVhucNMbrQWDTg,null,null,null,null,PHOSPHORIC_ACID,null,null,null,null,305-33-9,null,null,null,0,4,null,null,null,173031,null,1,1,2025-06-17 15:29:19,null,null,null,null,null,null,null,364785443,activity,null,HTS,null,0.643,-4.353,0.422,-1.74,null,null,null,null,null,null,null,null,null,null,null,null,null,null,null,null,null,null,null,null,null,278939582
TRND-Glioblastoma_LOPAC_H4-primary_screen2,NCGC00370895-04,activity,null,4,-10.153,4,-11.183,4.955,NCCC1=CNC2=CC=C(OCC(=O)N3CCN(CC3)C4=CC=C(C=C4)C#N)C=C12,D9071,Donitriptan monohydrochloride,SIGMA,2021_LOPAC_01,null,null,null,null,null,null,null,null,null,null,null,16.157,-10.183,0.605,0.676,null,null,null,null,null,null,1,null,null,6.004,-10.153,-18.241,-7.484,null,null,null,null,null,null,null,null,null,SOHCKWZVTCTQBG,null,TRND,ImHodEjxIyDQgBdjvL,null,null,null,null,CL,null,null,null,null,170911-68-9,null,null,null,0,4,0,null,null,173031,0 0 0 0,1,1,2025-06-17 15:29:19,null,null,null,null,null,null,null,364789131,activity,null,HTS,null,-4.073,6.004,-8.287,-10.153,null,null,null,null,null,null,null,null,null,null,null,null,null,null,null,null,null,null,null,null,null,278939583
TRND-Glioblastoma_LOPAC_H4-primary_screen2,NCGC00507750-02,activity,null,4,8.25,4,-26.032,1.967,COC1=C(O)C=CC(C[C@H](C)[C@@H](C)CC2=CC=C3OCOC3=C2)=C1,SML1519,Macelignan,SIGMA,2021_LOPAC_01,null,null,null,null,null,null,null,null,null,null,null,23.807,-13.032,1,1,null,null,null,null,null,null,13,null,null,12.114,-11.693,19.886,18.861,null,null,null,null,null,null,null,null,null,QDDILOVMGWUNGD,null,TRND,uRgUmLizfAhsyLdLaU,null,null,null,null,null,null,null,null,null,[NO STEREO] 107534-93-0,null,null,null,0,4,1,null,null,173031,0 0 0 1,1,1,2025-06-17 15:29:19,null,null,null,null,null,null,null,364786663,activity,null,HTS,null,12.114,0.848,-11.693,8.25,null,null,null,null,null,null,null,null,null,null,null,null,null,null,null,null,null,null,null,null,null,278939584
TRND-Glioblastoma_LOPAC_H4-primary_screen2,NCGC00507723-03,activity,null,4,17.333,4,14,4.955,[H][C@@]1([C@@H](O)C[C@@]2(C)[C@]3([H])C[C@H](O)[C@]4([H])[C@]5(C[C@@]35CC[C@]12C)CC[C@H](O)C4(C)C)[C@]6(C)CC[C@H](O6)C(C)(C)O,SML1448,Cycloastragenol ,SIGMA,2021_LOPAC_01,null,null,null,null,null,null,null,null,null,null,null,12.494,19,0.087,0.995,null,null,null,null,null,null,5,null,null,17.333,4.839,31.11,29.976,null,null,null,null,null,null,null,null,null,WENNXORDXYGDTP,null,TRND,EeHaTAYVeRWAutueSs,null,null,null,null,null,null,null,null,null,[NO STEREO] 78574-94-4,null,null,null,0,4,0,null,null,173031,0 0 0 0,1,1,2025-06-17 15:29:19,null,null,null,null,null,null,null,364788707,activity,null,HTS,null,5.291,5.626,4.839,17.333,null,null,null,null,null,null,null,null,null,null,null,null,null,null,null,null,null,null,null,null,null,278939585
TRND-Glioblastoma_LOPAC_H4-primary_screen2,NCGC00162344-05,activity,null,4,1.983,4,0,null,[H][C@](CO)(C(=O)OC1CC2C3OC3C(C1)[N+]2(C)CCCC)C4=CC=CC=C4,S7882,(-)-Scopolamine N-butyl bromide,SIGMA,2021_LOPAC_01,null,null,null,null,null,null,null,null,null,null,null,6.008,0,null,null,null,null,null,null,null,null,0,null,null,7.99,1.983,30.519,null,null,null,null,null,null,null,null,null,null,YBCNXCRZPWQOBR,null,TRND,xcwlKdmEADFxSlwSBp,null,Muscarinic acetylcholine receptor antagonist,null,null,BR,null,null,null,null,[NO STEREO] 149-64-4,CHRM1,null,null,0,4,null,null,null,173031,null,1,1,2025-06-17 15:29:19,null,null,null,null,null,null,null,364789387,activity,null,HTS,null,7.822,7.99,3.125,1.983,null,null,null,null,null,null,null,null,null,null,null,null,null,null,null,null,null,null,null,null,null,278939586
TRND-Glioblastoma_LOPAC_H4-primary_screen2,NCGC00015605-27,activity,null,4,5.857,4,0,null,NC1=NC(N)=C(N=N1)C2=CC=CC(Cl)=C2Cl,L3791,Lamotrigine,SIGMA,2021_LOPAC_01,null,null,null,null,null,null,null,null,null,null,null,1.083,0,null,null,null,null,null,null,null,null,0,null,null,5.857,4.774,25.093,null,null,null,null,null,null,null,null,null,null,PYZRQGJRPPTADH,null,TRND,HdCoNVkyEfHdfvUegb,null,Sodium channel protein type 1 subunit alpha Blocker,null,null,null,null,null,null,null,84057-84-1,SCN1A,null,null,0,4,null,null,null,173031,null,1,1,2025-06-17 15:29:19,null,null,null,null,null,null,null,364788079,activity,null,HTS,null,5.503,4.774,4.87,5.857,null,null,null,null,null,null,null,null,null,null,null,null,null,null,null,null,null,null,null,null,null,278939587
TRND-Glioblastoma_LOPAC_H4-primary_screen2,NCGC00387205-04,activity,null,4,4.294,4,-23.862,1.753,OC(=O)\C=C/C(=O)NC1=CC=C(OC2=CC(OC3=CC=C(NC(=O)\C=C/C(O)=O)C=C3)=CC=C2)C=C1,SML0989,H2L5186303,SIGMA,2021_LOPAC_01,null,null,null,null,null,null,null,null,null,null,null,20.346,-11.362,1,1,null,null,null,null,null,null,12.5,null,null,11.711,-8.635,25.101,24.006,null,null,null,null,null,null,null,null,null,HZFPOTBCYPWQSH,null,TRND,RidPfbpxAOFkpVcqKn,null,null,null,null,null,null,null,null,null,null,null,null,null,0,4,1,null,null,173031,0 0 0 1,1,1,2025-06-17 15:29:19,null,null,null,null,null,null,null,364786807,activity,null,HTS,null,11.711,4.549,-8.635,4.294,null,null,null,null,null,null,null,null,null,null,null,null,null,null,null,null,null,null,null,null,null,278939588
TRND-Glioblastoma_LOPAC_H4-primary_screen2,NCGC00507733-02,activity,null,4,14.153,4,10,4.955,N[Pt](N)(Cl)[N+]1=CC=CC=C1,C0996,cDPCP  ,SIGMA,2021_LOPAC_01,null,null,null,null,null,null,null,null,null,null,null,10.3,15.5,0.526,0.781,null,null,null,null,null,null,5.5,null,null,14.153,3.853,28.107,30.474,null,null,null,null,null,null,null,null,null,XEKDMTHECBYQQM,null,TRND,qpuOnbfuLpyrDqsZIa,null,null,null,null,CL,null,null,null,null,106343-54-8,null,null,null,0,4,0,null,null,173031,0 0 0 0,1,1,2025-06-17 15:29:19,null,null,null,null,null,null,null,364789027,activity,null,HTS,null,4.252,8.832,3.853,14.153,null,null,null,null,null,null,null,null,null,null,null,null,null,null,null,null,null,null,null,null,null,278939589
TRND-Glioblastoma_LOPAC_H4-primary_screen2,NCGC00162105-04,activity,null,4,12.283,4,0,null,OC[C@H]1O[C@@H]([C@H](O)[C@@H]1O)N2C=NC3=C(N[C@H]4CCC[C@@H]4O)N=CN=C23,G5794,GR 79236x,SIGMA,2021_LOPAC_01,null,null,null,null,null,null,null,null,null,null,null,8.007,0,null,null,null,null,null,null,null,null,0,null,null,12.283,4.276,28.134,null,null,null,null,null,null,null,null,null,null,GYWXTRVEUURNEW,null,TRND,riecOxsBMCkAHTkKNV,null,null,null,null,null,null,null,null,null,[NO STEREO] 124555-18-6,null,null,null,0,4,null,null,null,173031,null,1,1,2025-06-17 15:29:19,null,null,null,null,null,null,null,364786299,activity,null,HTS,null,5.276,5.787,4.276,12.283,null,null,null,null,null,null,null,null,null,null,null,null,null,null,null,null,null,null,null,null,null,278939591
TRND-Glioblastoma_LOPAC_H4-primary_screen2,NCGC00092363-13,activity,null,4,-25.957,4,-19.639,4.955,[O-][N+](=O)C1=CC(C(=O)NC2=CC=NC=C2)=C(Cl)C=C1,T8703,T0070907,SIGMA,2021_LOPAC_01,null,null,null,null,null,null,null,null,null,null,null,21.366,-28.149,0.386,0.895,null,null,null,null,null,null,-8.51,null,null,-4.591,-25.957,-55.04,-49.078,null,null,null,null,null,null,null,null,null,FRPJSHKMZHWJBE,null,TRND,eNpYRpdztiAOatkIJc,null,null,null,null,null,null,null,null,null,null,null,null,null,0,4,0,null,null,173031,0 0 0 0,1,1,2025-06-17 15:29:19,null,null,null,null,null,null,null,364788431,activity,null,HTS,null,-11.15,-10.362,-4.591,-25.957,null,null,null,null,null,null,null,null,null,null,null,null,null,null,null,null,null,null,null,null,null,278939592
TRND-Glioblastoma_LOPAC_H4-primary_screen2,NCGC00018158-24,activity,null,4,4.463,4,0,null,COC1=C(OC)C=C2C(N)=NC(=NC2=C1)N3CCN(CC3)C(=O)C4COC5=C(O4)C=CC=C5,D9815,Doxazosin mesylate,SIGMA,2021_LOPAC_01,null,null,null,null,null,null,null,null,null,null,null,8.885,0,null,null,null,null,null,null,null,null,0,null,null,9.134,0.249,30.4,null,null,null,null,null,null,null,null,null,null,RUZYUOTYCVRMRZ,null,TRND,shfPqdlIulrWZahPOj,null,null,null,null,SULFONICACID_V1,null,null,null,null,77883-43-3,null,null,null,0,4,null,null,null,173031,null,1,1,2025-06-17 15:29:19,null,null,null,null,null,null,null,364789787,activity,null,HTS,null,9.134,0.249,3.622,4.463,null,null,null,null,null,null,null,null,null,null,null,null,null,null,null,null,null,null,null,null,null,278939593
TRND-Glioblastoma_LOPAC_H4-primary_screen2,NCGC00015912-14,activity,null,4,-3.821,4,0,null,NC1=NC=NC2=C1N=CN2C3CCCO3,S153,SQ 22536,SIGMA,2021_LOPAC_01,null,null,null,null,null,null,null,null,null,null,null,4.394,0,null,null,null,null,null,null,null,null,0,null,null,0.573,-3.821,-2.125,null,null,null,null,null,null,null,null,null,null,UKHMZCMKHPHFOT,null,TRND,KeNCFmEovjClrtdJtO,null,null,null,null,null,null,null,null,null,null,null,null,null,0,4,null,null,null,173031,null,1,1,2025-06-17 15:29:19,null,null,null,null,null,null,null,364790227,activity,null,HTS,null,0.573,-2.33,-0.111,-3.821,null,null,null,null,null,null,null,null,null,null,null,null,null,null,null,null,null,null,null,null,null,278939594
TRND-Glioblastoma_LOPAC_H4-primary_screen2,NCGC00371032-05,activity,null,4,2.632,4,0,null,FC(F)(F)C1=CC(=CC(NC(=O)NC2=C(C=C(Br)C=C2Br)C3=NN=NN3)=C1)C(F)(F)F,N2540,NS5806,SIGMA,2021_LOPAC_01,null,null,null,null,null,null,null,null,null,null,null,8.185,0,null,null,null,null,null,null,null,null,0,null,null,5.151,-3.033,14.783,null,null,null,null,null,null,null,null,null,null,UZWJWROOLOOCPQ,null,TRND,ATyTzbSjIHUWeVAkSu,null,null,null,null,null,null,null,null,null,null,null,null,null,0,4,null,null,null,173031,null,1,1,2025-06-17 15:29:19,null,null,null,null,null,null,null,364788915,activity,null,HTS,null,5.151,1.752,-3.033,2.632,null,null,null,null,null,null,null,null,null,null,null,null,null,null,null,null,null,null,null,null,null,278939595
TRND-Glioblastoma_LOPAC_H4-primary_screen2,NCGC00015680-36,activity,null,4,15.269,4,13.5,1.21,COC1=CC2=C(NC=C2CCNC(C)=O)C=C1,M5250,Melatonin,SIGMA,2021_LOPAC_01,null,null,null,null,null,null,null,null,null,null,null,10.163,20,0.42,0.875,null,null,null,null,null,null,6.5,null,null,15.269,5.106,34.36,37.175,null,null,null,null,null,null,null,null,null,DRLFMBDRBRZALE,null,TRND,jYyiclEiGiZXyEajHT,null,Melatonin receptor type 1A agonist,null,null,null,null,null,null,null,73-31-4,MTNR1A,null,null,0,4,0,null,null,173031,0 0 0 0,1,1,2025-06-17 15:29:19,null,null,null,null,null,null,null,364789351,activity,null,HTS,null,5.106,8.98,8.419,15.269,null,null,null,null,null,null,null,null,null,null,null,null,null,null,null,null,null,null,null,null,null,278939596
TRND-Glioblastoma_LOPAC_H4-primary_screen2,NCGC00015534-12,activity,null,4,-2.819,4,0,null,CN(C(CN1CCCC1)C2=CC(OCC(O)=O)=CC=C2)C(=O)CC3=CC(Cl)=C(Cl)C=C3,I122,"ICI 204,448 hydrochloride",SIGMA,2021_LOPAC_01,null,null,null,null,null,null,null,null,null,null,null,7.8,0,null,null,null,null,null,null,null,null,0,null,null,3.995,-3.805,7.997,null,null,null,null,null,null,null,null,null,null,JKYJSFISYHSNOE,null,TRND,TPahEUmaJvNBYALtKf,null,null,null,null,CL,null,null,null,null,null,null,null,null,0,4,null,null,null,173031,null,1,1,2025-06-17 15:29:19,null,null,null,null,null,null,null,364789295,activity,null,HTS,null,3.995,1.508,-3.805,-2.819,null,null,null,null,null,null,null,null,null,null,null,null,null,null,null,null,null,null,null,null,null,278939597
TRND-Glioblastoma_LOPAC_H4-primary_screen2,NCGC00015427-14,activity,null,4,7.863,4,0,null,COC(=O)C1=C(C)NC(C)=C1C(=O)C2=C(CC3=CC=CC=C3)C=CC=C2,F131,FPL 64176,SIGMA,2021_LOPAC_01,null,null,null,null,null,null,null,null,null,null,null,6.985,0,null,null,null,null,null,null,null,null,0,null,null,12.439,5.454,31.962,null,null,null,null,null,null,null,null,null,null,MDMWHKZANMNXTF,null,TRND,lbydoeIOPblwwBvhdZ,null,null,null,null,null,null,null,null,null,120934-96-5,null,null,null,0,4,null,null,null,173031,null,1,1,2025-06-17 15:29:19,null,null,null,null,null,null,null,364789523,activity,null,HTS,null,5.454,5.716,12.439,7.863,null,null,null,null,null,null,null,null,null,null,null,null,null,null,null,null,null,null,null,null,null,278939598
TRND-Glioblastoma_LOPAC_H4-primary_screen2,NCGC00507724-03,activity,null,4,8.868,4,0,null,C[N+]1=CC(=CC=C1)C(N)=O,SML0704,1-Methylnicotinamide chloride,SIGMA,2021_LOPAC_01,null,null,null,null,null,null,null,null,null,null,null,14.626,0,null,null,null,null,null,null,null,null,0,null,null,14.624,-0.002,45.212,null,null,null,null,null,null,null,null,null,null,LDHMAVIPBRSVRG,null,TRND,vAmEnoYgtSmdxciPlR,null,null,null,null,CL,null,null,null,null,1005-24-9,null,null,null,0,4,null,null,null,173031,null,1,1,2025-06-17 15:29:19,null,null,null,null,null,null,null,364785543,activity,null,HTS,null,10.927,-0.002,14.624,8.868,null,null,null,null,null,null,null,null,null,null,null,null,null,null,null,null,null,null,null,null,null,278939599
TRND-Glioblastoma_LOPAC_H4-primary_screen2,NCGC00016103-22,activity,null,4,7.808,4,0,null,OCC1=CC=C(O1)C2=NN(CC3=CC=CC=C3)C4=C2C=CC=C4,Y102,YC-1,SIGMA,2021_LOPAC_01,null,null,null,null,null,null,null,null,null,null,null,9.575,0,null,null,null,null,null,null,null,null,0,null,null,8.606,-0.969,11.523,null,null,null,null,null,null,null,null,null,null,OQQVFCKUDYMWGV,null,TRND,GRWiyawzeqAdUveJtd,null,Hypoxia-inducible factor 1-alpha inhibitor,null,null,null,null,null,null,null,170632-47-0,HIF1A,null,null,0,4,null,null,null,173031,null,1,1,2025-06-17 15:29:19,null,null,null,null,null,null,null,364787167,activity,null,HTS,null,-0.969,8.606,5.854,7.808,null,null,null,null,null,null,null,null,null,null,null,null,null,null,null,null,null,null,null,null,null,278939601
TRND-Glioblastoma_LOPAC_H4-primary_screen2,NCGC00015553-06,activity,null,4,-9.983,4,-16.979,1.416,FC1=CC=C(CN(C2=NCCN2)C3=C(Cl)C=CC=C3Cl)C=C1,I2279,IMID-4F hydrochloride,SIGMA,2021_LOPAC_01,null,null,null,null,null,null,null,null,null,null,null,13.627,-13.479,0.04,0.999,null,null,null,null,null,null,3.5,null,null,3.645,-9.983,5.616,5.213,null,null,null,null,null,null,null,null,null,QONNLUMTBIZJFP,null,TRND,MQKyrUgyuSbNKpoWbo,null,null,null,null,CL,null,null,null,null,null,null,null,null,0,4,0,null,null,173031,0 0 0 0,1,1,2025-06-17 15:29:19,null,null,null,null,null,null,null,364789563,activity,null,HTS,null,3.645,2.665,-1.591,-9.983,null,null,null,null,null,null,null,null,null,null,null,null,null,null,null,null,null,null,null,null,null,278939602
TRND-Glioblastoma_LOPAC_H4-primary_screen2,NCGC00690011-01,activity,null,4,5.692,4,0,null,FC1=CC(F)=C(NC(=S)NCCCN2C=CN=C2)C=C1,SML2138,IR415,SIGMA,2021_LOPAC_01,null,null,null,null,null,null,null,null,null,null,null,7.243,0,null,null,null,null,null,null,null,null,0,null,null,5.692,-1.551,10.414,null,null,null,null,null,null,null,null,null,null,KRSBPLFMLHNMPU,null,TRND,JlCHbwmjbrDnaEhabh,null,null,null,null,null,null,null,null,null,null,null,null,null,0,4,null,null,null,173031,null,1,1,2025-06-17 15:29:19,null,null,null,null,null,null,null,364785639,activity,null,HTS,null,1.639,-1.551,5.659,5.692,null,null,null,null,null,null,null,null,null,null,null,null,null,null,null,null,null,null,null,null,null,278939603
TRND-Glioblastoma_LOPAC_H4-primary_screen2,NCGC00094226-24,activity,null,4,10.115,4,-11,4.955,OC1=CC(\C=C\C2=CC(O)=C(O)C=C2)=CC(O)=C1,P0453,Piceatannol,SIGMA,2021_LOPAC_01,null,null,null,null,null,null,null,null,null,null,null,10.642,2,1,0.689,null,null,null,null,null,null,13,null,null,11.069,0.427,38.263,33.94,null,null,null,null,null,null,null,null,null,CDRPUGZCRXZLFL,null,TRND,whHDfmCaZezJVsdVIV,null,null,null,null,null,null,null,null,null,10083-24-6,null,null,null,0,4,1,null,null,173031,0 0 0 1,1,1,2025-06-17 15:29:19,null,null,null,null,null,null,null,364787723,activity,null,HTS,null,11.069,0.427,5.916,10.115,null,null,null,null,null,null,null,null,null,null,null,null,null,null,null,null,null,null,null,null,null,278939604
TRND-Glioblastoma_LOPAC_H4-primary_screen2,NCGC00015489-10,activity,null,4,-1.84,4,0,null,CN1C2CCC1CC(C2)OC(=O)C(O)C3=CC=CC=C3,H0126,DL-Homatropine hydrobromide,SIGMA,2021_LOPAC_01,null,null,null,null,null,null,null,null,null,null,null,9.028,0,null,null,null,null,null,null,null,null,0,null,null,7.189,-1.84,16.426,null,null,null,null,null,null,null,null,null,null,ZTVIKZXZYLEVOL,null,TRND,QyvYOYjHZmQyrEbjZD,null,null,null,null,BR,null,null,null,null,[NO STEREO] 51-56-9,null,null,null,0,4,null,null,null,173031,null,1,1,2025-06-17 15:29:19,null,null,null,null,null,null,null,364787519,activity,null,HTS,null,3.657,3.174,7.189,-1.84,null,null,null,null,null,null,null,null,null,null,null,null,null,null,null,null,null,null,null,null,null,278939605
TRND-Glioblastoma_LOPAC_H4-primary_screen2,NCGC00687539-02,activity,null,4,-2.616,4,13.516,1.478,CCCCN(CC1=CC=CC=C1)C(=O)C2=CC=C(C=C2)[S+]([O-])(=O)NC3=CC=CC=C3,SML2275,TH-257,SIGMA,2021_LOPAC_01,null,null,null,null,null,null,null,null,null,null,null,12.89,12.5,1,1,null,null,null,null,null,null,-1.016,null,null,10.274,-2.616,13.578,14.624,null,null,null,null,null,null,null,null,null,BJDRHYMQSZDNJY,null,TRND,yjgKXHQMAphefhQaVh,null,LIM domain kinase 2 inhibitor,null,null,null,null,null,null,null,null,LIMK2,null,null,0,4,1,null,null,173031,0 0 0 1,1,1,2025-06-17 15:29:19,null,null,null,null,null,null,null,364785455,activity,null,HTS,null,-0.43,3.129,10.274,-2.616,null,null,null,null,null,null,null,null,null,null,null,null,null,null,null,null,null,null,null,null,null,278939606
TRND-Glioblastoma_LOPAC_H4-primary_screen2,NCGC00262927-04,activity,null,4,-3.433,4,-8.119,3.297,CC1=CC=CC=C1N2CCN(CCC3=NN=C4CCCCN34)CC2,SML1610,Dapiprazole hydrochloride,SIGMA,2021_LOPAC_01,null,null,null,null,null,null,null,null,null,null,null,10.701,-3.619,0.527,0.78,null,null,null,null,null,null,4.5,null,null,7.268,-3.433,22.38,16.417,null,null,null,null,null,null,null,null,null,RFWZESUMWJKKRN,null,TRND,YtXxDfCplLQCeQbSNf,null,null,null,null,CL,null,null,null,null,72822-13-0,null,null,null,0,4,0,null,null,173031,0 0 0 0,1,1,2025-06-17 15:29:19,null,null,null,null,null,null,null,364789959,activity,null,HTS,null,7.268,2.132,3.611,-3.433,null,null,null,null,null,null,null,null,null,null,null,null,null,null,null,null,null,null,null,null,null,278939608
TRND-Glioblastoma_LOPAC_H4-primary_screen2,NCGC00371013-04,activity,null,4,-0.068,4,-13.934,2.72,CCOC(=O)COC1=CC=C2CC[C@@H](CC2=C1)NC[C@H](O)C3=CC(Cl)=CC=C3,SML1070,SR-58611A,SIGMA,2021_LOPAC_01,null,null,null,null,null,null,null,null,null,null,null,15.719,-1.934,0.311,0.935,null,null,null,null,null,null,12,null,null,11.607,-4.111,31.737,32.658,null,null,null,null,null,null,null,null,null,RDJQCOBTKKAQAH,null,TRND,zgYdytvQweQUqcBlwe,null,null,null,null,CL,null,null,null,null,121524-09-2,null,null,null,0,4,0,null,null,173031,0 0 0 0,1,1,2025-06-17 15:29:19,null,null,null,null,null,null,null,364787023,activity,null,HTS,null,11.607,3.485,-4.111,-0.068,null,null,null,null,null,null,null,null,null,null,null,null,null,null,null,null,null,null,null,null,null,278938521
TRND-Glioblastoma_LOPAC_H4-primary_screen2,NCGC00015909-17,activity,null,4,6.096,4,0,null,COC1=CC=C(C=C1)C2=NN(CCCC(O)=O)[C+](N)C=C2,S106,SR-95531,SIGMA,2021_LOPAC_01,null,null,null,null,null,null,null,null,null,null,null,1.915,0,null,null,null,null,null,null,null,null,0,null,null,6.096,4.182,21.531,null,null,null,null,null,null,null,null,null,null,ACVGNKYJVGNLIL,null,TRND,OmDOZlZATuwaLcDtsv,null,null,null,null,BR,null,null,null,null,104104-50-9,null,null,null,0,4,null,null,null,173031,null,1,1,2025-06-17 15:29:19,null,null,null,null,null,null,null,364787671,activity,null,HTS,null,4.451,4.182,4.365,6.096,null,null,null,null,null,null,null,null,null,null,null,null,null,null,null,null,null,null,null,null,null,278938522
TRND-Glioblastoma_LOPAC_H4-primary_screen2,NCGC00263221-10,activity,null,4,16.124,4,12.5,3.247,CCOC(=O)[C@@H](N)CCC(=O)N[C@@H](CSCC1=CC=CC=C1)C(=O)N[C@@H](C(=O)OCC)C2=CC=CC=C2,SML1081,Ezatiostat,SIGMA,2021_LOPAC_01,null,null,null,null,null,null,null,null,null,null,null,13.262,17.5,0.356,0.914,null,null,null,null,null,null,5,null,null,16.124,2.862,25.175,29.657,null,null,null,null,null,null,null,null,null,GWEJFLVSOGNLSS,null,TRND,IsYlxXLsPOViPRDOBj,null,Glutathione-S-transferase P inhibitor,null,null,null,null,null,null,null,168682-53-9,GSTP1,null,null,0,4,0,null,null,173031,0 0 0 0,1,1,2025-06-17 15:29:19,null,null,null,null,null,null,null,364785363,activity,null,HTS,null,2.862,7.028,5.498,16.124,null,null,null,null,null,null,null,null,null,null,null,null,null,null,null,null,null,null,null,null,null,278938523
TRND-Glioblastoma_LOPAC_H4-primary_screen2,NCGC00016042-13,activity,null,4,-15.471,4,-21.566,4.955,COC1=CC=C(C=C(C#N)C#N)C=C1,T7040,Tyrphostin 1,SIGMA,2021_LOPAC_01,null,null,null,null,null,null,null,null,null,null,null,20.97,-17.066,0.114,0.992,null,null,null,null,null,null,4.5,null,null,5.498,-15.471,12.761,10.573,null,null,null,null,null,null,null,null,null,UOHFCPXBKJPCAD,null,TRND,xMktTuIBPyFpUzarnl,null,null,null,null,null,null,null,null,null,null,null,null,null,0,4,0,null,null,173031,0 0 0 0,1,1,2025-06-17 15:29:19,null,null,null,null,null,null,null,364787159,activity,null,HTS,null,5.498,3.339,4.721,-15.471,null,null,null,null,null,null,null,null,null,null,null,null,null,null,null,null,null,null,null,null,null,278938524
TRND-Glioblastoma_LOPAC_H4-primary_screen2,NCGC00015562-42,activity,null,4,7.625,4,0,null,COC1=CC2=C(C=C1)N(C(=O)C3=CC=C(Cl)C=C3)C(C)=C2CC(O)=O,I7378,Indomethacin,SIGMA,2021_LOPAC_01,null,null,null,null,null,null,null,null,null,null,null,9.842,0,null,null,null,null,null,null,null,null,0,null,null,7.625,-2.216,2.013,null,null,null,null,null,null,null,null,null,null,CGIGDMFJXJATDK,null,TRND,NWgEoYDdenVKuYMgUV,null,null,null,null,null,null,null,null,null,53-86-1,null,null,null,0,4,null,null,null,173031,null,1,1,2025-06-17 15:29:19,null,null,null,null,null,null,null,364788623,activity,null,HTS,null,-2.216,-1.635,7.576,7.625,null,null,null,null,null,null,null,null,null,null,null,null,null,null,null,null,null,null,null,null,null,278938526
TRND-Glioblastoma_LOPAC_H4-primary_screen2,NCGC00014995-16,activity,null,4,2.032,4,-14.776,4.955,OC(=O)C1=CC2=C(N1)C=CC(F)=C2,265128,5-Fluoroindole-2-carboxylic acid,SIGMA,2021_LOPAC_01,null,null,null,null,null,null,null,null,null,null,null,16.569,-1.776,0.561,0.738,null,null,null,null,null,null,13,null,null,10.089,-6.48,23.948,24.621,null,null,null,null,null,null,null,null,null,WTXBRZCVLDTWLP,null,TRND,WKFBSNwXGIFpPnYPzk,null,null,null,null,null,null,null,null,null,null,null,null,null,0,4,0,null,null,173031,0 0 0 0,1,1,2025-06-17 15:29:19,null,null,null,null,null,null,null,364789887,activity,null,HTS,null,10.089,-6.48,-0.843,2.032,null,null,null,null,null,null,null,null,null,null,null,null,null,null,null,null,null,null,null,null,null,278938527
TRND-Glioblastoma_LOPAC_H4-primary_screen2,NCGC00015065-10,activity,null,4,4.076,4,0,null,NC(CCCP(O)(O)=O)C(O)=O,A5282,(±)-2-Amino-5-phosphonopentanoic acid,SIGMA,2021_LOPAC_01,null,null,null,null,null,null,null,null,null,null,null,8.699,0,null,null,null,null,null,null,null,null,0,null,null,9.751,1.053,34.665,null,null,null,null,null,null,null,null,null,null,VOROEQBFPPIACJ,null,TRND,fVOEOsOZJPhjwLUaXI,null,null,null,null,null,null,null,null,null,76326-31-3,null,null,null,0,4,null,null,null,173031,null,1,1,2025-06-17 15:29:19,null,null,null,null,null,null,null,364786003,activity,null,HTS,null,9.751,6.761,1.053,4.076,null,null,null,null,null,null,null,null,null,null,null,null,null,null,null,null,null,null,null,null,null,278938528
TRND-Glioblastoma_LOPAC_H4-primary_screen2,NCGC00015437-32,activity,null,4,7.061,4,0,null,CC(C)OC(=O)C(C)(C)OC1=CC=C(C=C1)C(=O)C2=CC=C(Cl)C=C2,F6020,Fenofibrate,SIGMA,2021_LOPAC_01,null,null,null,null,null,null,null,null,null,null,null,9.029,0,null,null,null,null,null,null,null,null,0,null,null,7.061,-1.968,6.653,null,null,null,null,null,null,null,null,null,null,YMTINGFKWWXKFG,null,TRND,cqMoWNQGwNcAKNlsjJ,null,Peroxisome proliferator-activated receptor alpha agonist,null,null,null,null,null,null,null,49562-28-9,PPARA,null,null,0,4,null,null,null,173031,null,1,1,2025-06-17 15:29:19,null,null,null,null,null,null,null,364785655,activity,null,HTS,null,0.955,-1.968,2.385,7.061,null,null,null,null,null,null,null,null,null,null,null,null,null,null,null,null,null,null,null,null,null,278938529
TRND-Glioblastoma_LOPAC_H4-primary_screen2,NCGC00015438-19,activity,null,4,8.429,4,0,null,O=C1NCC2(CCN(CCC3=CC=CC=C3)CC2)O1,F6145,Fenspiride hydrochloride,SIGMA,2021_LOPAC_01,null,null,null,null,null,null,null,null,null,null,null,2.193,0,null,null,null,null,null,null,null,null,0,null,null,8.431,6.239,35.951,null,null,null,null,null,null,null,null,null,null,FVNFBBAOMBJTST,null,TRND,FhkwvXzxRkRpNAWTDj,null,null,null,null,CL,null,null,null,null,1151830,null,null,null,0,4,null,null,null,173031,null,1,1,2025-06-17 15:29:19,null,null,null,null,null,null,null,364786295,activity,null,HTS,null,7.663,8.431,6.239,8.429,null,null,null,null,null,null,null,null,null,null,null,null,null,null,null,null,null,null,null,null,null,278938530
TRND-Glioblastoma_LOPAC_H4-primary_screen2,NCGC00016984-11,activity,null,4,-2.628,4,0,null,CCC(=O)OCC(=O)[C@@]1(OC(=O)CC)[C@H](C)C[C@@H]2[C@@H]3[C@H](Cl)CC4=CC(=O)C=C[C@@]4(C)[C@H]3[C@@H](O)C[C@@]12C,SML1480,Alclometasone dipropionate,SIGMA,2021_LOPAC_01,null,null,null,null,null,null,null,null,null,null,null,4.956,0,null,null,null,null,null,null,null,null,0,null,null,2.328,-2.628,-3.019,null,null,null,null,null,null,null,null,null,null,DJHCCTTVDRAMEH,null,TRND,jwRyDLtZMPcCyYMzbU,null,null,null,null,null,null,null,null,null,[NO STEREO] 66734-13-2,null,null,null,0,4,null,null,null,173031,null,1,1,2025-06-17 15:29:19,null,null,null,null,null,null,null,364789279,activity,null,HTS,null,-1.092,-0.336,2.328,-2.628,null,null,null,null,null,null,null,null,null,null,null,null,null,null,null,null,null,null,null,null,null,278938531
TRND-Glioblastoma_LOPAC_H4-primary_screen2,NCGC00090726-32,activity,null,4,15.763,4,17.324,4.955,NC(=O)C1=NN(C=N1)[C@@H]2O[C@H](CO)[C@@H](O)[C@H]2O,R9644,Ribavirin,SIGMA,2021_LOPAC_01,null,null,null,null,null,null,null,null,null,null,null,18.116,16,0.108,0.993,null,null,null,null,null,null,-1.324,null,null,15.763,-2.353,15.751,14.182,null,null,null,null,null,null,null,null,null,IWUCXVSUMQZMFG,null,TRND,ZbTPVEYwgPfVzuIrmq,null,Inosine 5'-Monophosphate Dehydrogenase inhibitor,null,null,null,null,null,null,null,36791-04-5,IMPDH2,null,null,0,4,0,null,null,173031,0 0 0 0,1,1,2025-06-17 15:29:19,null,null,null,null,null,null,null,364786735,activity,null,HTS,null,-0.451,-2.353,14.814,15.763,null,null,null,null,null,null,null,null,null,null,null,null,null,null,null,null,null,null,null,null,null,278938532
TRND-Glioblastoma_LOPAC_H4-primary_screen2,NCGC00015673-30,activity,null,4,-2.229,4,10,4.955,NC1=NC(=CC(N)=[N+]1[O-])N2CCCCC2,M4145,Minoxidil,SIGMA,2021_LOPAC_01,null,null,null,null,null,null,null,null,null,null,null,13.663,8.5,1,0.688,null,null,null,null,null,null,-1.5,null,null,11.434,-2.229,15.734,17.63,null,null,null,null,null,null,null,null,null,ZFMITUMMTDLWHR,null,TRND,DJSALAUIcUMXxQgijm,null,null,null,null,null,null,null,null,null,38304-91-5,null,null,null,0,4,1,null,null,173031,0 0 0 1,1,1,2025-06-17 15:29:19,null,null,null,null,null,null,null,364789335,activity,null,HTS,null,0.468,11.434,5.263,-2.229,null,null,null,null,null,null,null,null,null,null,null,null,null,null,null,null,null,null,null,null,null,278938536
TRND-Glioblastoma_LOPAC_H4-primary_screen2,NCGC00015243-25,activity,null,4,8.676,4,0,null,ClC1=CC=C(CN2C(CN3CCCC3)=NC4=C2C=CC=C4)C=C1,C5040,Clemizole hydrochloride,SIGMA,2021_LOPAC_01,null,null,null,null,null,null,null,null,null,null,null,5.191,0,null,null,null,null,null,null,null,null,0,null,null,8.676,3.485,29.783,null,null,null,null,null,null,null,null,null,null,CJXAEXPPLWQRFR,null,TRND,czckYpniTNGlTQJhxu,null,Histamine H1 Receptor antagonist,null,null,CL,null,null,null,null,1163-36-6,HRH1,null,null,0,4,null,null,null,173031,null,1,1,2025-06-17 15:29:19,null,null,null,null,null,null,null,364788183,activity,null,HTS,null,7.315,3.485,3.556,8.676,null,null,null,null,null,null,null,null,null,null,null,null,null,null,null,null,null,null,null,null,null,278938537
TRND-Glioblastoma_LOPAC_H4-primary_screen2,NCGC00159521-19,activity,null,4,6.821,4,0,null,OC(CN1C=CN=C1)(P(O)(O)=O)P(O)(O)=O,SML0223,Zoledronic acid monohydrate,SIGMA,2021_LOPAC_01,null,null,null,null,null,null,null,null,null,null,null,4.821,0,null,null,null,null,null,null,null,null,0,null,null,10.808,5.987,32.578,null,null,null,null,null,null,null,null,null,null,XRASPMIURGNCCH,null,TRND,wklUbQUbooMhBYhCtK,null,Farnesyl Pyrophosphate Synthase inhibitor,null,null,H2O,null,null,null,null,118072-93-8,FDPS,null,null,0,4,null,null,null,173031,null,1,1,2025-06-17 15:29:19,null,null,null,null,null,null,null,364786123,activity,null,HTS,null,5.987,6.896,10.808,6.821,null,null,null,null,null,null,null,null,null,null,null,null,null,null,null,null,null,null,null,null,null,278938538
TRND-Glioblastoma_LOPAC_H4-primary_screen2,NCGC00162117-06,activity,null,4,2.609,4,0,null,[H][C@]12SCC(COC(C)=O)=C(N1C(=O)[C@H]2NC(=O)CCC[C@@H](N)C([O-])=O)C([O-])=O,C3270,Cephalosporin C zinc salt,SIGMA,2021_LOPAC_01,null,null,null,null,null,null,null,null,null,null,null,6.785,0,null,null,null,null,null,null,null,null,0,null,null,7.567,0.782,25.651,null,null,null,null,null,null,null,null,null,null,HOKIDJSKDBPKTQ,null,TRND,unlQsNLqYTehcSMZzf,null,null,null,null,null,null,null,null,null,null,null,null,null,0,4,null,null,null,173031,null,1,1,2025-06-17 15:29:19,null,null,null,null,null,null,null,364788295,activity,null,HTS,null,6.645,0.782,7.567,2.609,null,null,null,null,null,null,null,null,null,null,null,null,null,null,null,null,null,null,null,null,null,278938539
TRND-Glioblastoma_LOPAC_H4-primary_screen2,NCGC00025226-11,activity,null,4,10.236,4,10.548,3.247,C[C@@H](CN1CCC(CC2=CC=CC=C2)CC1)[C@@H](O)C3=CC=C(O)C=C3,R7150,Ro 25-6981 hydrochloride,SIGMA,2021_LOPAC_01,null,null,null,null,null,null,null,null,null,null,null,11.526,10.5,0.302,0.94,null,null,null,null,null,null,-0.048,null,null,10.236,-1.29,4.014,6.32,null,null,null,null,null,null,null,null,null,WVZSEUPGUDIELE,null,TRND,KQSaUiSuNhQpmgNlJq,null,null,null,null,CL,null,null,null,null,null,null,null,null,0,4,0,null,null,173031,0 0 0 0,1,1,2025-06-17 15:29:19,null,null,null,null,null,null,null,364787999,activity,null,HTS,null,-1.29,1.688,1.478,10.236,null,null,null,null,null,null,null,null,null,null,null,null,null,null,null,null,null,null,null,null,null,278938540
TRND-Glioblastoma_LOPAC_H4-primary_screen2,NCGC00015223-27,activity,null,4,1.081,4,0,null,[NH3+][Pt-6]1([NH3+])OC(=O)C2(CCC2)C(=O)O1,C2538,Carboplatin,SIGMA,2021_LOPAC_01,null,null,null,null,null,null,null,null,null,null,null,6.939,0,null,null,null,null,null,null,null,null,0,null,null,8.02,1.081,28.632,null,null,null,null,null,null,null,null,null,null,HFPXBDLIWMCECV,null,TRND,gmHRAUkCvjSqwBIEHn,null,DNA Alkylating Drug,null,null,AMMONIA,null,null,null,null,null,H2AX,null,null,0,4,null,null,null,173031,null,1,1,2025-06-17 15:29:19,null,null,null,null,null,null,null,364789551,activity,null,HTS,null,8.02,5.31,2.996,1.081,null,null,null,null,null,null,null,null,null,null,null,null,null,null,null,null,null,null,null,null,null,278938542
TRND-Glioblastoma_LOPAC_H4-primary_screen2,NCGC00015496-31,activity,null,4,4.197,4,0,null,C[N+](C)(C)CCCCCC[N+](C)(C)C,H2138,Hexamethonium dichloride,SIGMA,2021_LOPAC_01,null,null,null,null,null,null,null,null,null,null,null,7.543,0,null,null,null,null,null,null,null,null,0,null,null,5.436,-2.107,16.775,null,null,null,null,null,null,null,null,null,null,VZJFGSRCJCXDSG,null,TRND,IEIKsBFlepEURKyTuy,null,null,null,null,CL,null,null,null,null,null,null,null,null,0,4,null,null,null,173031,null,1,1,2025-06-17 15:29:19,null,null,null,null,null,null,null,364788811,activity,null,HTS,null,5.436,-2.107,1.365,4.197,null,null,null,null,null,null,null,null,null,null,null,null,null,null,null,null,null,null,null,null,null,278938543
TRND-Glioblastoma_LOPAC_H4-primary_screen2,NCGC00379073-09,activity,null,4,4.507,4,18.5,4.955,CC1=NC(C(=O)N2CCC[C@H]2CC3=NN=C(O3)C4=CC=CC=C4)=C(S1)C5=C(F)C=CC=C5,SML0912,SB 674042,SIGMA,2021_LOPAC_01,null,null,null,null,null,null,null,null,null,null,null,17.348,24,1,0.998,null,null,null,null,null,null,5.5,null,null,21.855,4.507,47.265,46.978,null,null,null,null,null,null,null,null,null,HYBZWVLPALMACV,null,TRND,UGQRMeYJfoZIKexdae,null,null,null,null,null,null,null,null,null,null,null,null,null,0,4,1,null,null,173031,0 0 0 1,1,1,2025-06-17 15:29:19,null,null,null,null,null,null,null,364785555,activity,null,HTS,null,6.066,5.235,21.855,4.507,null,null,null,null,null,null,null,null,null,null,null,null,null,null,null,null,null,null,null,null,null,278938544
TRND-Glioblastoma_LOPAC_H4-primary_screen2,NCGC00167490-08,activity,null,4,-12.592,4,-19.61,3.247,CCCCN(CCCC)CC(O)C1=C2C3=CC=C(Cl)C=C3\C(=C\C4=CC=C(Cl)C=C4)C2=CC(Cl)=C1,L5420,Lumefantrine,SIGMA,2021_LOPAC_01,null,null,null,null,null,null,null,null,null,null,null,22.173,-13.11,0.314,0.934,null,null,null,null,null,null,6.5,null,null,9.582,-12.592,24.196,17.516,null,null,null,null,null,null,null,null,null,DYLGFOYVTXJFJP,null,TRND,uocHjRGDEzLozdwVfb,null,Anti-malarial,null,null,null,null,null,null,null,82186-77-4,pfmdr1,null,null,0,4,0,null,null,173031,0 0 0 0,1,1,2025-06-17 15:29:19,null,null,null,null,null,null,null,364787003,activity,null,HTS,null,9.582,3.608,2.435,-12.592,null,null,null,null,null,null,null,null,null,null,null,null,null,null,null,null,null,null,null,null,null,278938545
TRND-Glioblastoma_LOPAC_H4-primary_screen2,NCGC00015236-10,activity,null,4,-15.908,4,-24.09,2.094,CCC1=CC=CC(=C1)N(C)C(=N)NC2=C3C=CC=CC3=CC=C2,C4238,CNS-1102,SIGMA,2021_LOPAC_01,null,null,null,null,null,null,null,null,null,null,null,24.208,-18.59,0.271,0.952,null,null,null,null,null,null,5.5,null,null,8.3,-15.908,16.936,10.947,null,null,null,null,null,null,null,null,null,BFNCJMURTMZBTE,null,TRND,XGoAGvLBHXSmPlxLcE,null,null,null,null,HCL,null,null,null,null,137160-11-3,null,null,null,0,4,0,null,null,173031,0 0 0 0,1,1,2025-06-17 15:29:19,null,null,null,null,null,null,null,364790071,activity,null,HTS,null,8.3,2.524,0.716,-15.908,null,null,null,null,null,null,null,null,null,null,null,null,null,null,null,null,null,null,null,null,null,278938546
TRND-Glioblastoma_LOPAC_H4-primary_screen2,NCGC00185774-10,activity,null,4,7.147,4,0,null,OC(=O)CSCC(=O)NC1CCSC1=O,SML1529,Erdosteine,SIGMA,2021_LOPAC_01,null,null,null,null,null,null,null,null,null,null,null,4.665,0,null,null,null,null,null,null,null,null,0,null,null,11.812,7.147,50.702,null,null,null,null,null,null,null,null,null,null,QGFORSXNKQLDNO,null,TRND,MZiNsCCuYVTgNTVhuM,null,Mucolytic Agent,null,null,null,null,null,null,null,84611-23-4,CAT,null,null,0,4,null,null,null,173031,null,1,1,2025-06-17 15:29:19,null,null,null,null,null,null,null,364787743,activity,null,HTS,null,11.414,10.03,11.812,7.147,null,null,null,null,null,null,null,null,null,null,null,null,null,null,null,null,null,null,null,null,null,278938547
TRND-Glioblastoma_LOPAC_H4-primary_screen2,NCGC00015762-19,activity,null,4,0.088,4,0,null,CCN1C=C(C(O)=O)C(=O)C2=C1C=C3OCOC3=C2,O0877,Oxolinic acid,SIGMA,2021_LOPAC_01,null,null,null,null,null,null,null,null,null,null,null,8.644,0,null,null,null,null,null,null,null,null,0,null,null,8.47,-0.174,5.956,null,null,null,null,null,null,null,null,null,null,KYGZCKSPAKDVKC,null,TRND,YMGxejTDpHZgqprWZh,null,null,null,null,null,null,null,null,null,14698-29-4,null,null,null,0,4,null,null,null,173031,null,1,1,2025-06-17 15:29:19,null,null,null,null,null,null,null,364790231,activity,null,HTS,null,0.039,-0.174,8.47,0.088,null,null,null,null,null,null,null,null,null,null,null,null,null,null,null,null,null,null,null,null,null,278938548
TRND-Glioblastoma_LOPAC_H4-primary_screen2,NCGC00015685-06,activity,null,4,10.292,4,0,null,CC(C)(CCP(O)(O)=O)C(O)=O,M5560,(S)-MAP4 hydrochloride,SIGMA,2021_LOPAC_01,null,null,null,null,null,null,null,null,null,null,null,5.725,0,null,null,null,null,null,null,null,null,0,null,null,10.429,4.704,30.341,null,null,null,null,null,null,null,null,null,null,SCXPEAQTFILILV,null,TRND,gKANfNbsDlajYmXiUF,null,null,null,null,CL,null,null,null,null,null,null,null,null,0,4,null,null,null,173031,null,1,1,2025-06-17 15:29:19,null,null,null,null,null,null,null,364788087,activity,null,HTS,null,4.704,10.429,6.562,10.292,null,null,null,null,null,null,null,null,null,null,null,null,null,null,null,null,null,null,null,null,null,278938549
TRND-Glioblastoma_LOPAC_H4-primary_screen2,NCGC00015799-17,activity,null,4,-5.64,4,-14.268,4.955,CCCC(C(=O)OCCN(CC)CC)(C1=CC=CC=C1)C2=CC=CC=C2,P1061,SKF-525A hydrochloride,SIGMA,2021_LOPAC_01,null,null,null,null,null,null,null,null,null,null,null,15.351,-7.268,0.513,0.794,null,null,null,null,null,null,7,null,null,9.711,-5.64,31.376,26.288,null,null,null,null,null,null,null,null,null,SNTQPLDRUZOSDP,null,TRND,qVEtADMDygnJIvRHco,null,null,null,null,CL,null,null,null,null,62-68-0,null,null,null,0,4,0,null,null,173031,0 0 0 0,1,1,2025-06-17 15:29:19,null,null,null,null,null,null,null,364787099,activity,null,HTS,null,9.711,2.383,8.187,-5.64,null,null,null,null,null,null,null,null,null,null,null,null,null,null,null,null,null,null,null,null,null,278938550
TRND-Glioblastoma_LOPAC_H4-primary_screen2,NCGC00016024-16,activity,null,4,17.756,4,14.5,3.297,O[C@@H]1[C@H](OC2=C(C1=O)C(O)=CC(O)=C2)C3=CC(O)=C(O)C=C3,T4512,(±)-Taxifolin,SIGMA,2021_LOPAC_01,null,null,null,null,null,null,null,null,null,null,null,15.232,19.5,0.364,0.909,null,null,null,null,null,null,5,null,null,17.756,2.524,25.384,30.649,null,null,null,null,null,null,null,null,null,CXQWRCVTCMQVQX,null,TRND,fsuiXTXTaMQxditJcY,null,NF-kappaB (NFKB) modulator,null,null,H2O,null,null,null,null,480-18-2,NFKB1,null,null,0,4,0,null,null,173031,0 0 0 0,1,1,2025-06-17 15:29:19,null,null,null,null,null,null,null,364790307,activity,null,HTS,null,2.524,7.434,5.507,17.756,null,null,null,null,null,null,null,null,null,null,null,null,null,null,null,null,null,null,null,null,null,278938552
TRND-Glioblastoma_LOPAC_H4-primary_screen2,NCGC00093851-15,activity,null,4,-10.625,4,-36.75,0.6,CCCCCCCCCCCCCCCCCCOC[C@H](COP([O-])(=O)OCC[N+](C)(C)C)OC,E1779,ET-18-OCH3,SIGMA,2021_LOPAC_01,null,null,null,null,null,null,null,null,null,null,null,25.062,-16.75,0.292,0.944,null,null,null,null,null,null,20,null,null,14.437,-10.625,36.18,32.196,null,null,null,null,null,null,null,null,null,MHFRGQHAERHWKZ,null,TRND,MDbIZSvQSJlRcHYuYh,null,null,null,null,null,null,null,null,null,[NO STEREO] 70641-51-9,null,null,null,0,4,0,null,null,173031,0 0 0 0,1,1,2025-06-17 15:29:19,null,null,null,null,null,null,null,364786687,activity,null,HTS,null,14.437,2.841,-0.41,-10.625,null,null,null,null,null,null,null,null,null,null,null,null,null,null,null,null,null,null,null,null,null,278938553
TRND-Glioblastoma_LOPAC_H4-primary_screen2,NCGC00482656-02,activity,null,4,-10.723,4,-17.868,3.99,COC1=C(OC)C2=C3[C@@H](CC4=CC=CC=C24)N(C)CCC3=C1,SML2230,Nuciferine,SIGMA,2021_LOPAC_01,null,null,null,null,null,null,null,null,null,null,null,19.562,-10.868,0.195,0.976,null,null,null,null,null,null,7,null,null,8.839,-10.723,18.743,21.501,null,null,null,null,null,null,null,null,null,ORJVQPIHKOARKV,null,TRND,FXubkEPNTbSTxUrLnC,null,null,null,null,null,null,null,null,null,475-83-2,null,null,null,0,4,0,null,null,173031,0 0 0 0,1,1,2025-06-17 15:29:19,null,null,null,null,null,null,null,364787379,activity,null,HTS,null,5.572,8.839,3.919,-10.723,null,null,null,null,null,null,null,null,null,null,null,null,null,null,null,null,null,null,null,null,null,278938554
TRND-Glioblastoma_LOPAC_H4-primary_screen2,NCGC00015701-08,activity,null,4,9.004,4,0,null,CC(N)(CC1=CC=C(O)C=C1)C(O)=O,120693,DL-alpha-Methyl-p-tyrosine,SIGMA,2021_LOPAC_01,null,null,null,null,null,null,null,null,null,null,null,9.633,0,null,null,null,null,null,null,null,null,0,null,null,10.854,1.221,19.22,null,null,null,null,null,null,null,null,null,null,NHTGHBARYWONDQ,null,TRND,rGPLYmGLOIqEREwTfJ,null,null,null,null,null,null,null,null,null,658-48-0,null,null,null,0,4,null,null,null,173031,null,1,1,2025-06-17 15:29:19,null,null,null,null,null,null,null,364785411,activity,null,HTS,null,1.221,5.02,10.854,9.004,null,null,null,null,null,null,null,null,null,null,null,null,null,null,null,null,null,null,null,null,null,278939065
TRND-Glioblastoma_LOPAC_H4-primary_screen2,NCGC00015573-09,activity,null,4,8.564,4,0,null,OC(=O)C1CCNCC1,I18008,Isonipecotic acid,SIGMA,2021_LOPAC_01,null,null,null,null,null,null,null,null,null,null,null,6.63,0,null,null,null,null,null,null,null,null,0,null,null,8.564,1.934,23.221,null,null,null,null,null,null,null,null,null,null,SRJOCJYGOFTFLH,null,TRND,OpBQWQqJLtCEPnFDKN,null,null,null,null,null,null,null,null,null,498-94-2,null,null,null,0,4,null,null,null,173031,null,1,1,2025-06-17 15:29:19,null,null,null,null,null,null,null,364789311,activity,null,HTS,null,4.27,7.893,1.934,8.564,null,null,null,null,null,null,null,null,null,null,null,null,null,null,null,null,null,null,null,null,null,278939067
TRND-Glioblastoma_LOPAC_H4-primary_screen2,NCGC00025206-07,activity,null,4,20.335,4,19.089,3.572,NC[C@@H]1O[C@@H](CC2=C1C=CC(O)=C2O)C3=CC=CC=C3,A8852,A-68930 hydrochloride,SIGMA,2021_LOPAC_01,null,null,null,null,null,null,null,null,null,null,null,22.077,20.5,0.326,0.928,null,null,null,null,null,null,1.411,null,null,20.335,-1.741,24.688,18.27,null,null,null,null,null,null,null,null,null,SUHGRZPINGKYNV,null,TRND,ctFDxOcoqzmgOejXNY,null,null,null,null,CL,null,null,null,null,null,null,null,null,0,4,0,null,null,173031,0 0 0 0,1,1,2025-06-17 15:29:19,null,null,null,null,null,null,null,364787711,activity,null,HTS,null,4.454,-1.741,4.08,20.335,null,null,null,null,null,null,null,null,null,null,null,null,null,null,null,null,null,null,null,null,null,278939068
TRND-Glioblastoma_LOPAC_H4-primary_screen2,NCGC00091250-26,activity,null,4,0.465,4,0,null,CO[C@H]1[C@@H](C[C@@H]2CN3CCC4=C(NC5=CC(OC)=CC=C45)[C@H]3C[C@@H]2[C@@H]1C(=O)OC)OC(=O)C6=CC(OC)=C(OC)C(OC)=C6,R0875,Reserpine,SIGMA,2021_LOPAC_01,null,null,null,null,null,null,null,null,null,null,null,4.032,0,null,null,null,null,null,null,null,null,0,null,null,4.38,0.349,5.122,null,null,null,null,null,null,null,null,null,null,QEVHRUUCFGRFIF,null,TRND,NLXmFnRVAJNgrotvQb,null,Synaptic vesicular amine transporter inhibitor,null,null,null,null,null,null,null,50-55-5,SLC18A2,null,null,0,4,null,null,null,173031,null,1,1,2025-06-17 15:29:19,null,null,null,null,null,null,null,364789759,activity,null,HTS,null,0.349,1.213,4.38,0.465,null,null,null,null,null,null,null,null,null,null,null,null,null,null,null,null,null,null,null,null,null,278939069
TRND-Glioblastoma_LOPAC_H4-primary_screen2,NCGC00095109-22,activity,null,4,6.205,4,0,null,COC1=CC=C(C=C1)C(CN(C)C)C2(O)CCCCC2,V7264,Venlafaxine hydrochloride,SIGMA,2021_LOPAC_01,null,null,null,null,null,null,null,null,null,null,null,8.225,0,null,null,null,null,null,null,null,null,0,null,null,6.205,-2.02,16.141,null,null,null,null,null,null,null,null,null,null,PNVNVHUZROJLTJ,null,TRND,uZbsfsyHZCuRlbvzrp,null,null,null,null,CL,null,null,null,null,93413-69-5,null,null,null,0,4,null,null,null,173031,null,1,1,2025-06-17 15:29:19,null,null,null,null,null,null,null,364787951,activity,null,HTS,null,3.695,5.777,-2.02,6.205,null,null,null,null,null,null,null,null,null,null,null,null,null,null,null,null,null,null,null,null,null,278939070
TRND-Glioblastoma_LOPAC_H4-primary_screen2,NCGC00015857-20,activity,null,4,7.578,4,0,null,C(N1CCN(CC1)C2=NC=CC=N2)C3=CC4=C(OCO4)C=C3,P9233,Piribedil maleate,SIGMA,2021_LOPAC_01,null,null,null,null,null,null,null,null,null,null,null,9.269,0,null,null,null,null,null,null,null,null,0,null,null,7.578,-1.691,14.208,null,null,null,null,null,null,null,null,null,null,OQDPVLVUJFGPGQ,null,TRND,tcSPEiiFHMdCvjeYpU,null,null,null,null,MALEATE,null,null,null,null,null,null,null,null,0,4,null,null,null,173031,null,1,1,2025-06-17 15:29:19,null,null,null,null,null,null,null,364785479,activity,null,HTS,null,2.994,-1.691,4.429,7.578,null,null,null,null,null,null,null,null,null,null,null,null,null,null,null,null,null,null,null,null,null,278939072
TRND-Glioblastoma_LOPAC_H4-primary_screen2,NCGC00015122-28,activity,null,4,7.616,4,0,null,CC(NC(C)(C)C)C(=O)C1=CC=CC(Cl)=C1,B102,Bupropion hydrochloride,SIGMA,2021_LOPAC_01,null,null,null,null,null,null,null,null,null,null,null,7.993,0,null,null,null,null,null,null,null,null,0,null,null,7.616,-0.377,22.299,null,null,null,null,null,null,null,null,null,null,SNPPWIUOZRMYNY,null,TRND,VSqhrLIzJThSHzxteK,null,Sodium-dependent Dopamine Transporter inhibitor,null,null,CL,null,null,null,null,31677-93-7,SLC6A3,null,null,0,4,null,null,null,173031,null,1,1,2025-06-17 15:29:19,null,null,null,null,null,null,null,364785651,activity,null,HTS,null,5.469,-0.377,4.834,7.616,null,null,null,null,null,null,null,null,null,null,null,null,null,null,null,null,null,null,null,null,null,278939073
TRND-Glioblastoma_LOPAC_H4-primary_screen2,NCGC00015754-23,activity,null,4,5.091,4,0,null,CC1(C)NC(=O)N(C1=O)C2=CC(=C(C=C2)[N+]([O-])=O)C(F)(F)F,N8534,Nilutamide,SIGMA,2021_LOPAC_01,null,null,null,null,null,null,null,null,null,null,null,7.343,0,null,null,null,null,null,null,null,null,0,null,null,11.028,3.685,28.206,null,null,null,null,null,null,null,null,null,null,XWXYUMMDTVBTOU,null,TRND,wXJqUfaXntiDyOxrTg,null,Androgen Receptor antagonist,null,null,null,null,null,null,null,63612-50-0,AR,null,null,0,4,null,null,null,173031,null,1,1,2025-06-17 15:29:19,null,null,null,null,null,null,null,364790335,activity,null,HTS,null,3.685,11.028,10.866,5.091,null,null,null,null,null,null,null,null,null,null,null,null,null,null,null,null,null,null,null,null,null,278939074
TRND-Glioblastoma_LOPAC_H4-primary_screen2,NCGC00015844-13,activity,null,4,8,4,0,null,CC1=C2NC(C=C3N=C(C=C4NC(=CC5=NC(=C2)C(C=C)=C5C)C(C=C)=C4C)C(C)=C3CCC([O-])=O)=C1CCC([O-])=O,P8293,Protoporphyrin Ix disodium,SIGMA,2021_LOPAC_01,null,null,null,null,null,null,null,null,null,null,null,6.257,0,null,null,null,null,null,null,null,null,0,null,null,14.257,8,52.092,null,null,null,null,null,null,null,null,null,null,KSFOVUSSGSKXFI,null,TRND,QbKJoiDfObhCmTvxUe,null,null,null,null,null,null,null,null,null,[NO STEREO] 553-12-8,null,null,null,0,4,null,null,null,173031,null,1,1,2025-06-17 15:29:19,null,null,null,null,null,null,null,364786087,activity,null,HTS,null,11.241,9.616,14.257,8,null,null,null,null,null,null,null,null,null,null,null,null,null,null,null,null,null,null,null,null,null,278939077
TRND-Glioblastoma_LOPAC_H4-primary_screen2,NCGC00024504-21,activity,null,4,2.324,4,0,null,CC(=C)[C@H]1CN[C@@H]([C@H]1CC(O)=O)C(O)=O,K0250,Kainic acid,SIGMA,2021_LOPAC_01,null,null,null,null,null,null,null,null,null,null,null,6.275,0,null,null,null,null,null,null,null,null,0,null,null,7.459,1.184,26.966,null,null,null,null,null,null,null,null,null,null,VLSMHEGGTFMBBZ,null,TRND,hUnByoMpDivMaLuTXb,null,null,null,null,H2O,null,null,null,null,487-79-6,null,null,null,0,4,null,null,null,173031,null,1,1,2025-06-17 15:29:19,null,null,null,null,null,null,null,364786131,activity,null,HTS,null,7.459,1.184,6.03,2.324,null,null,null,null,null,null,null,null,null,null,null,null,null,null,null,null,null,null,null,null,null,278939078
TRND-Glioblastoma_LOPAC_H4-primary_screen2,NCGC00015542-20,activity,null,4,5.567,4,0,null,CC(C)C(=O)C1=C2C=CC=CN2N=C1C(C)C,I0157,Ibudilast,SIGMA,2021_LOPAC_01,null,null,null,null,null,null,null,null,null,null,null,7.292,0,null,null,null,null,null,null,null,null,0,null,null,12.374,5.081,46.295,null,null,null,null,null,null,null,null,null,null,ZJVFLBOZORBYFE,null,TRND,GWGIEVoTnGieHEbRdk,null,null,null,null,null,null,null,null,null,50847-11-5,null,null,null,0,4,null,null,null,173031,null,1,1,2025-06-17 15:29:19,null,null,null,null,null,null,null,364787631,activity,null,HTS,null,12.374,5.081,7.834,5.567,null,null,null,null,null,null,null,null,null,null,null,null,null,null,null,null,null,null,null,null,null,278939079
TRND-Glioblastoma_LOPAC_H4-primary_screen2,NCGC00015410-17,activity,null,4,4.311,4,-10.354,3.929,CCC1(CC2=C(O1)C=CC=C2)C3=NCCN3,E3263,Efaroxan hydrochloride,SIGMA,2021_LOPAC_01,null,null,null,null,null,null,null,null,null,null,null,10.187,-3.854,1,0.998,null,null,null,null,null,null,6.5,null,null,6.559,-3.628,13.39,12.982,null,null,null,null,null,null,null,null,null,RATZLMXRALDSJW,null,TRND,ONWpHWxsBJpIXvLcxD,null,null,null,null,CL,null,null,null,null,null,null,null,null,0,4,1,null,null,173031,0 0 0 1,1,1,2025-06-17 15:29:19,null,null,null,null,null,null,null,364788291,activity,null,HTS,null,6.559,-0.525,-3.628,4.311,null,null,null,null,null,null,null,null,null,null,null,null,null,null,null,null,null,null,null,null,null,278939080
TRND-Glioblastoma_LOPAC_H4-primary_screen2,NCGC00015652-08,activity,null,4,4.66,4,0,null,CCCOC(=O)C1=C(N=C(CC)C(C(=O)SCC)=C1CCC)C2=CC=CC=C2,M1809,MRS 1523,SIGMA,2021_LOPAC_01,null,null,null,null,null,null,null,null,null,null,null,14.036,0,null,null,null,null,null,null,null,null,0,null,null,11.236,-2.8,2.297,null,null,null,null,null,null,null,null,null,null,UUSHFEVEROROSP,null,TRND,INMcBfCzvGoJCNxIaV,null,null,null,null,null,null,null,null,null,null,null,null,null,0,4,null,null,null,173031,null,1,1,2025-06-17 15:29:19,null,null,null,null,null,null,null,364789287,activity,null,HTS,null,-2.179,11.236,-2.8,4.66,null,null,null,null,null,null,null,null,null,null,null,null,null,null,null,null,null,null,null,null,null,278939081
TRND-Glioblastoma_LOPAC_H4-primary_screen2,NCGC00015669-14,activity,null,4,3.756,4,0,null,CN(CCCOC1=C(Cl)C=C(Cl)C=C1)CC#C,M3778,Clorgyline hydrochloride,SIGMA,2021_LOPAC_01,null,null,null,null,null,null,null,null,null,null,null,6.787,0,null,null,null,null,null,null,null,null,0,null,null,6.507,-0.28,21.468,null,null,null,null,null,null,null,null,null,null,BTFHLQRNAMSNLC,null,TRND,rsSNSXWlQtRnYoeroy,null,null,null,null,CL,null,null,null,null,17780-75-5,null,null,null,0,4,null,null,null,173031,null,1,1,2025-06-17 15:29:19,null,null,null,null,null,null,null,364786779,activity,null,HTS,null,6.507,-0.28,2.332,3.756,null,null,null,null,null,null,null,null,null,null,null,null,null,null,null,null,null,null,null,null,null,278939082
TRND-Glioblastoma_LOPAC_H4-primary_screen2,NCGC00018185-30,activity,null,4,-4.37,4,-9.744,4.955,COC1=CC=C(\C=C\C(=O)NC2=CC=CC=C2C(O)=O)C=C1OC,T0318,Tranilast,SIGMA,2021_LOPAC_01,null,null,null,null,null,null,null,null,null,null,null,13.25,-4.244,0.546,0.757,null,null,null,null,null,null,5.5,null,null,8.88,-4.37,7.446,15.23,null,null,null,null,null,null,null,null,null,NZHGWWWHIYHZNX,null,TRND,yeQgSvznaYRkOtXEkU,null,Interleukin-10 Production Enhancer,null,null,null,null,null,null,null,53902-12-8,IL10,null,null,0,4,0,null,null,173031,0 0 0 0,1,1,2025-06-17 15:29:19,null,null,null,null,null,null,null,364790243,activity,null,HTS,null,1.831,8.88,-2.208,-4.37,null,null,null,null,null,null,null,null,null,null,null,null,null,null,null,null,null,null,null,null,null,278939083
TRND-Glioblastoma_LOPAC_H4-primary_screen2,NCGC00016073-11,activity,null,4,10.82,4,12.046,4.955,CCCN(CCC)C1CC2=CC(OC)=C(OC)C=C2C1,U116,U-99194A maleate,SIGMA,2021_LOPAC_01,null,null,null,null,null,null,null,null,null,null,null,11.692,13,0.521,0.786,null,null,null,null,null,null,0.954,null,null,10.82,-0.872,17.818,9.569,null,null,null,null,null,null,null,null,null,UOLJKAPABHXFRE,null,TRND,dLeZEZJTlsImRLMVGf,null,null,null,null,MALEATE,null,null,null,null,null,null,null,null,0,4,0,null,null,173031,0 0 0 0,1,1,2025-06-17 15:29:19,null,null,null,null,null,null,null,364785839,activity,null,HTS,null,4.7,-0.872,-0.434,10.82,null,null,null,null,null,null,null,null,null,null,null,null,null,null,null,null,null,null,null,null,null,278939084
TRND-Glioblastoma_LOPAC_H4-primary_screen2,NCGC00015923-10,activity,null,4,-17.622,4,-33.647,1.222,CN1C=CC2=C1C=CC(NC(=O)NC3=CC(C)=NS3)=C2,S0693,SB 204741,SIGMA,2021_LOPAC_01,null,null,null,null,null,null,null,null,null,null,null,26.214,-25.147,0.059,0.998,null,null,null,null,null,null,8.5,null,null,8.592,-17.622,17.313,16.715,null,null,null,null,null,null,null,null,null,USFUFHFQWXDVMH,null,TRND,ABadeRQgffjWhlPRXO,null,null,null,null,null,null,null,null,null,null,null,null,null,0,4,0,null,null,173031,0 0 0 0,1,1,2025-06-17 15:29:19,null,null,null,null,null,null,null,364786283,activity,null,HTS,null,8.592,5.739,-1.828,-17.622,null,null,null,null,null,null,null,null,null,null,null,null,null,null,null,null,null,null,null,null,null,278939085
TRND-Glioblastoma_LOPAC_H4-primary_screen2,NCGC00016010-19,activity,null,4,6.903,4,0,null,CC(C)(C)NCC(O)C1=CC(O)=CC(O)=C1,T2528,Terbutaline hemisulfate,SIGMA,2021_LOPAC_01,null,null,null,null,null,null,null,null,null,null,null,3.846,0,null,null,null,null,null,null,null,null,0,null,null,6.903,3.058,22.511,null,null,null,null,null,null,null,null,null,null,XWTYSIMOBUGWOL,null,TRND,eNggOlPRHcjTKkxMaV,null,null,null,null,H-SULFATE,null,null,null,null,23031-25-6,null,null,null,0,4,null,null,null,173031,null,1,1,2025-06-17 15:29:19,null,null,null,null,null,null,null,364785815,activity,null,HTS,null,4.538,5.937,3.058,6.903,null,null,null,null,null,null,null,null,null,null,null,null,null,null,null,null,null,null,null,null,null,278939086
TRND-Glioblastoma_LOPAC_H4-primary_screen2,NCGC00093828-15,activity,null,4,17.511,4,26.903,1.692,[O-][N+](=O)C1=CC=C(C=C1)C2=NC(=C(N2)C3=CC=NC=C3)C4=CC=C(F)C=C4,P9248,PD 169316,SIGMA,2021_LOPAC_01,null,null,null,null,null,null,null,null,null,null,null,45.974,18.5,0.614,1,null,null,null,null,null,null,-8.403,null,null,17.511,-28.462,-5.04,-11.936,null,null,null,null,null,null,null,null,null,BGIYKDUASORTBB,null,TRND,bswNRrzEywXjPfFbOB,null,Mitogen-Activated Protein Kinase p38 inhibitor,null,null,null,null,null,null,null,152121-53-4,MAPK14,null,null,0,4,1,null,null,173031,1 0 0 0,1,1,2025-06-17 15:29:19,null,null,null,null,null,null,null,364785423,activity,null,HTS,null,-28.462,-5.752,8.205,17.511,null,null,null,null,null,null,null,null,null,null,null,null,null,null,null,null,null,null,null,null,null,278939089
TRND-Glioblastoma_LOPAC_H4-primary_screen2,NCGC00162100-08,activity,null,4,3.724,4,0,null,CN(C)CC[C@@H](C1=CC=C(Br)C=C1)C2=CC=CC=N2,B5275,(+)-BRompheniramine maleate,SIGMA,2021_LOPAC_01,null,null,null,null,null,null,null,null,null,null,null,9.075,0,null,null,null,null,null,null,null,null,0,null,null,7.385,-1.689,7.453,null,null,null,null,null,null,null,null,null,null,ZDIGNSYAACHWNL,null,TRND,kvoTOjkosTrSwEhQXU,null,null,null,null,MALEATE,null,null,null,null,179403,null,null,null,0,4,null,null,null,173031,null,1,1,2025-06-17 15:29:19,null,null,null,null,null,null,null,364790063,activity,null,HTS,null,-1.689,7.385,7.183,3.724,null,null,null,null,null,null,null,null,null,null,null,null,null,null,null,null,null,null,null,null,null,278939090
TRND-Glioblastoma_LOPAC_H4-primary_screen2,NCGC00481105-03,activity,null,4,10.5,4,0,null,CC(=O)C1=C(C)N(C(=O)N[C@@H]1C2=CN=C(C=C2)C#N)C3=CC=CC(=C3)C(F)(F)F,SML1563,BAY-678 ,SIGMA,2021_LOPAC_01,null,null,null,null,null,null,null,null,null,null,null,10.093,0,null,null,null,null,null,null,null,null,0,null,null,10.5,0.407,41.289,null,null,null,null,null,null,null,null,null,null,PGIVGIFOWOVINL,null,TRND,iNigHxhpEgVOMNxoqG,null,Neutrophil Elastase inhibitor,null,null,null,null,null,null,null,null,ELANE,null,null,0,4,null,null,null,173031,null,1,1,2025-06-17 15:29:19,null,null,null,null,null,null,null,364788907,activity,null,HTS,null,10.353,9.665,0.407,10.5,null,null,null,null,null,null,null,null,null,null,null,null,null,null,null,null,null,null,null,null,null,278939092
TRND-Glioblastoma_LOPAC_H4-primary_screen2,NCGC00015379-10,activity,null,4,2.64,4,0,null,NC(=O)COC1=C(F)C=C(SCCN[S+]([O-])(=O)C2=CC=CC=C2)C=C1F,D8941,"2,6-Difluoro-4-[2-(phenylsulfonylamino)ethylthio]phenoxyacetamide",SIGMA,2021_LOPAC_01,null,null,null,null,null,null,null,null,null,null,null,7.164,0,null,null,null,null,null,null,null,null,0,null,null,9.531,2.367,32.123,null,null,null,null,null,null,null,null,null,null,WLZUCAKZZVXXEB,null,TRND,iEJrfOZoFEsxZBcudm,null,null,null,null,null,null,null,null,null,null,null,null,null,0,4,null,null,null,173031,null,1,1,2025-06-17 15:29:19,null,null,null,null,null,null,null,364790039,activity,null,HTS,null,9.531,3.763,2.367,2.64,null,null,null,null,null,null,null,null,null,null,null,null,null,null,null,null,null,null,null,null,null,278939093
TRND-Glioblastoma_LOPAC_H4-primary_screen2,NCGC00094374-16,activity,null,4,-23.029,4,-34.635,4.955,CC[C@H](CO)NC1=NC(NCC2=CC=CC=C2)=C3N=CN(C(C)C)C3=N1,R7772,Roscovitine,SIGMA,2021_LOPAC_01,null,null,null,null,null,null,null,null,null,null,null,33.708,-25.635,0.127,0.99,null,null,null,null,null,null,9,null,null,10.679,-23.029,25.713,25.312,null,null,null,null,null,null,null,null,null,BTIHMVBBUGXLCJ,null,TRND,EgNLJLCwUeSienCGhf,null,Cyclin-Dependent Kinase 9 inhibitor,null,null,null,null,null,null,null,186692-46-6,CDK9,null,null,0,4,0,null,null,173031,0 0 0 0,1,1,2025-06-17 15:29:19,null,null,null,null,null,null,null,364785643,activity,null,HTS,null,9.201,6.893,10.679,-23.029,null,null,null,null,null,null,null,null,null,null,null,null,null,null,null,null,null,null,null,null,null,278939094
TRND-Glioblastoma_LOPAC_H4-primary_screen2,NCGC00015027-06,activity,null,4,5.861,4,0,null,CC(C)(C)C1=C(CC([NH3+])C([O-])=O)C(O)=NO1,A263,ATPA,SIGMA,2021_LOPAC_01,null,null,null,null,null,null,null,null,null,null,null,9.451,0,null,null,null,null,null,null,null,null,0,null,null,7.496,-1.955,25.061,null,null,null,null,null,null,null,null,null,null,PIXJURSCCVBKRF,null,TRND,UGwifnQDkwFTSbnaIZ,null,null,null,null,null,null,null,null,null,null,null,null,null,0,4,null,null,null,173031,null,1,1,2025-06-17 15:29:19,null,null,null,null,null,null,null,364788583,activity,null,HTS,null,7.496,3.641,-1.955,5.861,null,null,null,null,null,null,null,null,null,null,null,null,null,null,null,null,null,null,null,null,null,278939095
TRND-Glioblastoma_LOPAC_H4-primary_screen2,NCGC00015084-08,activity,null,4,0.636,4,0,null,NC(=N)C1=CC=C(N)C=C1,A7148,4-Aminobenzamidine dihydrochloride,SIGMA,2021_LOPAC_01,null,null,null,null,null,null,null,null,null,null,null,3.566,0,null,null,null,null,null,null,null,null,0,null,null,4.203,0.636,14.935,null,null,null,null,null,null,null,null,null,null,WPANETAWYGDRLL,null,TRND,dReEGvIiFCmxSdykvj,null,null,null,null,CL,null,null,null,null,null,null,null,null,0,4,null,null,null,173031,null,1,1,2025-06-17 15:29:19,null,null,null,null,null,null,null,364789231,activity,null,HTS,null,4.203,2.2,2.003,0.636,null,null,null,null,null,null,null,null,null,null,null,null,null,null,null,null,null,null,null,null,null,278939097
TRND-Glioblastoma_LOPAC_H4-primary_screen2,NCGC00178854-19,activity,null,4,-0.483,4,11.57,4.955,CN(C)[C@H]1[C@@H]2C[C@@H]3Cc4c(ccc(O)c4C(=O)C3=C(O)[C@]2(O)C(=O)C(C(N)=O)=C1O)N(C)C,M9511,Minocycline hydrochloride,SIGMA,2021_LOPAC_01,null,null,null,null,null,null,null,null,null,null,null,10.623,9,1,0.944,null,null,null,null,null,null,-2.57,null,null,6.815,-3.808,2.404,0.529,null,null,null,null,null,null,null,null,null,DYKFCLLONBREIL,null,TRND,kVDQfyOeDHLisdmFjF,null,null,null,null,CL,null,null,null,null,null,null,null,null,0,4,1,null,null,173031,0 0 0 1,1,1,2025-06-17 15:29:19,null,null,null,null,null,null,null,364785747,activity,null,HTS,null,-1.183,-3.808,6.815,-0.483,null,null,null,null,null,null,null,null,null,null,null,null,null,null,null,null,null,null,null,null,null,278939098
TRND-Glioblastoma_LOPAC_H4-primary_screen2,NCGC00015725-30,activity,null,4,4.676,4,0,null,C[S+]([O-])(=O)NC1=C(OC2=CC=CC=C2)C=C(C=C1)[N+]([O-])=O,N1016,Nimesulide,SIGMA,2021_LOPAC_01,null,null,null,null,null,null,null,null,null,null,null,3.212,0,null,null,null,null,null,null,null,null,0,null,null,7.888,4.676,26.82,null,null,null,null,null,null,null,null,null,null,PMOPRBJLSQDYMY,null,TRND,IJMaNmHBilCsaETkuJ,null,Cyclooxygenase 2(COX2) inhibitor,null,null,null,null,null,null,null,51803-78-2,PTGS2,null,null,0,4,null,null,null,173031,null,1,1,2025-06-17 15:29:19,null,null,null,null,null,null,null,364788991,activity,null,HTS,null,5.465,7.888,5.266,4.676,null,null,null,null,null,null,null,null,null,null,null,null,null,null,null,null,null,null,null,null,null,278939609
TRND-Glioblastoma_LOPAC_H4-primary_screen2,NCGC00507773-02,activity,null,4,5,4,-12.846,1.66,C[C@@H](O)[C@H](NC(C)=O)C(=O)N[C@@H](CC(O)=O)C(=O)N[C@@H](CCCNC(=N)CF)C(N)=O,SML1539,TDFA trifluoroacetate salt ,SIGMA,2021_LOPAC_01,null,null,null,null,null,null,null,null,null,null,null,10.778,-2.346,1,1,null,null,null,null,null,null,10.5,null,null,10.073,-0.705,31.414,30.48,null,null,null,null,null,null,null,null,null,SOZMHIJABUOUSN,null,TRND,oyvkmGTyPGTWXUPgKh,null,null,null,null,TFA,null,null,null,null,null,null,null,null,0,4,1,null,null,173031,0 0 0 1,1,1,2025-06-17 15:29:19,null,null,null,null,null,null,null,364787791,activity,null,HTS,null,10.073,6.189,-0.705,5,null,null,null,null,null,null,null,null,null,null,null,null,null,null,null,null,null,null,null,null,null,278939610
TRND-Glioblastoma_LOPAC_H4-primary_screen2,NCGC00023212-33,activity,null,4,0.318,4,0,null,CC1=CN([C@@H]2O[C@H](CO)C=C2)C(=O)NC1=O,D1413,"2 ,3 -didehydro-3 -deoxythymidine",SIGMA,2021_LOPAC_01,null,null,null,null,null,null,null,null,null,null,null,5.685,0,null,null,null,null,null,null,null,null,0,null,null,6.003,0.318,15.389,null,null,null,null,null,null,null,null,null,null,XNKLLVCARDGLGL,null,TRND,dqlKCaGRGCchwEGyWD,null,null,null,null,null,null,null,null,null,3056-17-5,null,null,null,0,4,null,null,null,173031,null,1,1,2025-06-17 15:29:19,null,null,null,null,null,null,null,364785975,activity,null,HTS,null,2.502,6.003,5.838,0.318,null,null,null,null,null,null,null,null,null,null,null,null,null,null,null,null,null,null,null,null,null,278939611
TRND-Glioblastoma_LOPAC_H4-primary_screen2,NCGC00015582-21,activity,null,4,-0.768,4,-13.921,4.955,BrC1=CC2=C(NC3=C2CC(=O)NC4=C3C=CC=C4)C=C1,K3888,Kenpaullone,SIGMA,2021_LOPAC_01,null,null,null,null,null,null,null,null,null,null,null,12.676,-2.421,0.088,0.995,null,null,null,null,null,null,11.5,null,null,11.908,-0.768,46.71,47.594,null,null,null,null,null,null,null,null,null,QQUXFYAWXPMDOE,null,TRND,oTXqVLlQczvTYuHyNv,null,null,null,null,null,null,null,null,null,null,null,null,null,0,4,0,null,null,173031,0 0 0 0,1,1,2025-06-17 15:29:19,null,null,null,null,null,null,null,364785507,activity,null,HTS,null,10.998,11.908,11.826,-0.768,null,null,null,null,null,null,null,null,null,null,null,null,null,null,null,null,null,null,null,null,null,278939612
TRND-Glioblastoma_LOPAC_H4-primary_screen2,NCGC00182073-08,activity,null,4,6.013,4,0,null,CCCC1=C2N(CC)C(=CC(=O)C2=CC3=C1OC(=CC3=O)C(O)=O)C(O)=O,SML0841,Nedocromil,SIGMA,2021_LOPAC_01,null,null,null,null,null,null,null,null,null,null,null,9.12,0,null,null,null,null,null,null,null,null,0,null,null,10.717,1.598,33.822,null,null,null,null,null,null,null,null,null,null,RQTOOFIXOKYGAN,null,TRND,dUNgOsJMLXhdcUFhHt,null,null,null,null,null,null,null,null,null,69049-73-6,null,null,null,0,4,null,null,null,173031,null,1,1,2025-06-17 15:29:19,null,null,null,null,null,null,null,364787767,activity,null,HTS,null,7.946,1.598,10.717,6.013,null,null,null,null,null,null,null,null,null,null,null,null,null,null,null,null,null,null,null,null,null,278939613
TRND-Glioblastoma_LOPAC_H4-primary_screen2,NCGC00025018-32,activity,null,4,-1.824,4,-11.689,4.955,[H][C@@]12CC[C@H](O)[C@H](C(=O)OC)[C@@]1([H])C[C@]3([H])N(CCC4=C3NC5=C4C=CC=C5)C2,Y3125,Yohimbine hydrochloride,SIGMA,2021_LOPAC_01,null,null,null,null,null,null,null,null,null,null,null,11.594,-1.189,0.107,0.993,null,null,null,null,null,null,10.5,null,null,9.769,-1.824,24.82,24.539,null,null,null,null,null,null,null,null,null,BLGXFZZNTVWLAY,null,TRND,xTMzynqiAWyGuEuRkG,null,Alpha-2 Adrenergic Receptor antagonist,null,null,CL,null,null,null,null,65-19-0,ADRA2A,null,null,0,4,0,null,null,173031,0 0 0 0,1,1,2025-06-17 15:29:19,null,null,null,null,null,null,null,364785887,activity,null,HTS,null,9.769,-1.2,-0.707,-1.824,null,null,null,null,null,null,null,null,null,null,null,null,null,null,null,null,null,null,null,null,null,278939614
TRND-Glioblastoma_LOPAC_H4-primary_screen2,NCGC00015664-08,activity,null,4,9.71,4,0,null,CSC(N)=N,M3127,S-Methylisothiourea hemisulfate,SIGMA,2021_LOPAC_01,null,null,null,null,null,null,null,null,null,null,null,10.249,0,null,null,null,null,null,null,null,null,0,null,null,9.71,-0.539,24.643,null,null,null,null,null,null,null,null,null,null,SDDKIZNHOCEXTF,null,TRND,fNlKciyBgrqCfzGvTp,null,null,null,null,SULFURIC_ACID,null,null,null,null,2986-19-8,null,null,null,0,4,null,null,null,173031,null,1,1,2025-06-17 15:29:19,null,null,null,null,null,null,null,364787403,activity,null,HTS,null,6.037,-0.539,4.519,9.71,null,null,null,null,null,null,null,null,null,null,null,null,null,null,null,null,null,null,null,null,null,278939616
TRND-Glioblastoma_LOPAC_H4-primary_screen2,NCGC00165752-07,activity,null,4,1.543,4,0,null,CC(=O)O[C@H]1CC2=C(C=CC=C2)N(C(N)=O)C3=C1C=CC=C3,B5435,BIA 2-093,SIGMA,2021_LOPAC_01,null,null,null,null,null,null,null,null,null,null,null,3.461,0,null,null,null,null,null,null,null,null,0,null,null,4.44,0.98,9.141,null,null,null,null,null,null,null,null,null,null,QIALRBLEEWJACW,null,TRND,jbSsHUjTnVwUNaZwsS,null,null,null,null,null,null,null,null,null,236395-14-5,null,null,null,0,4,null,null,null,173031,null,1,1,2025-06-17 15:29:19,null,null,null,null,null,null,null,364789275,activity,null,HTS,null,0.98,4.44,3.586,1.543,null,null,null,null,null,null,null,null,null,null,null,null,null,null,null,null,null,null,null,null,null,278939617
TRND-Glioblastoma_LOPAC_H4-primary_screen2,NCGC00371041-05,activity,null,4,-12.284,4,-14.241,3.132,C(CN1CCOCC1)OC2=CC=C(C=C2)C3=CN4N=CC(=C4N=C3)C5=CC=CC=C5,D8696,DMH4 ,SIGMA,2021_LOPAC_01,null,null,null,null,null,null,null,null,null,null,null,16.961,-12.741,0.429,0.867,null,null,null,null,null,null,1.5,null,null,4.678,-12.284,-8.86,-2.473,null,null,null,null,null,null,null,null,null,SKZQZGSPYYHTQG,null,TRND,VHgYAHXITTsnunRJhJ,null,null,null,null,null,null,null,null,null,null,null,null,null,0,4,0,null,null,173031,0 0 0 0,1,1,2025-06-17 15:29:19,null,null,null,null,null,null,null,364788839,activity,null,HTS,null,-1.592,4.678,-1.793,-12.284,null,null,null,null,null,null,null,null,null,null,null,null,null,null,null,null,null,null,null,null,null,278939618
TRND-Glioblastoma_LOPAC_H4-primary_screen2,NCGC00507760-02,activity,null,4,-0.587,4,-13.704,1.1,CCCCCOC(=O)NC1=NC(=O)N(C=C1F)[C@@H]2O[C@H](C)C(O)[C@H]2O,SML0653,Capecitabine,SIGMA,2021_LOPAC_01,null,null,null,null,null,null,null,null,null,null,null,11.726,1.296,0.522,0.786,null,null,null,null,null,null,15,null,null,11.14,-0.587,36.064,34.475,null,null,null,null,null,null,null,null,null,GAGWJHPBXLXJQN,null,TRND,rsUprRotsfXxYcjUWy,null,null,null,null,null,null,null,null,null,[NO STEREO] 154361-50-9,null,null,null,0,4,0,null,null,173031,0 0 0 0,1,1,2025-06-17 15:29:19,null,null,null,null,null,null,null,364786179,activity,null,HTS,null,11.14,2.96,4.847,-0.587,null,null,null,null,null,null,null,null,null,null,null,null,null,null,null,null,null,null,null,null,null,278939619
TRND-Glioblastoma_LOPAC_H4-primary_screen2,NCGC00015191-24,activity,null,4,-2.829,4,0,null,CN1C(C2=CC=C(Cl)C=C2)[S+]([O-])(=O)CCC1=O,C192,Chlormezanone,SIGMA,2021_LOPAC_01,null,null,null,null,null,null,null,null,null,null,null,6.577,0,null,null,null,null,null,null,null,null,0,null,null,3.748,-2.829,-1.876,null,null,null,null,null,null,null,null,null,null,WEQAYVWKMWHEJO,null,TRND,UnfDSsDjSgEmUrOulv,null,Gamma-aminobutyric acid receptor subunit alpha-1 modulator,null,null,null,null,null,null,null,80-77-3,GABRA1,null,null,0,4,null,null,null,173031,null,1,1,2025-06-17 15:29:19,null,null,null,null,null,null,null,364789123,activity,null,HTS,null,-1.942,3.748,3.404,-2.829,null,null,null,null,null,null,null,null,null,null,null,null,null,null,null,null,null,null,null,null,null,278939620
TRND-Glioblastoma_LOPAC_H4-primary_screen2,NCGC00015399-29,activity,null,4,1.714,4,0,null,CCC1=CC=CC2=C1NC3=C2CCOC3(CC)CC(O)=O,E0516,Etodolac,SIGMA,2021_LOPAC_01,null,null,null,null,null,null,null,null,null,null,null,4.594,0,null,null,null,null,null,null,null,null,0,null,null,4.608,0.014,4.276,null,null,null,null,null,null,null,null,null,null,NNYBQONXHNTVIJ,null,TRND,haiayBmJNJvdvInHnX,null,Prostaglandin G/h Synthase 2 inhibitor,null,null,null,null,null,null,null,41340-25-4,PTGS2,null,null,0,4,null,null,null,173031,null,1,1,2025-06-17 15:29:19,null,null,null,null,null,null,null,364789867,activity,null,HTS,null,0.014,4.608,0.168,1.714,null,null,null,null,null,null,null,null,null,null,null,null,null,null,null,null,null,null,null,null,null,278939622
TRND-Glioblastoma_LOPAC_H4-primary_screen2,NCGC00015349-13,activity,null,4,-12.04,4,-19.448,4.955,OC1=C(O)C2=C(C=CC(=O)O2)C=C1,D5564,Daphnetin,SIGMA,2021_LOPAC_01,null,null,null,null,null,null,null,null,null,null,null,23.096,-14.448,0.546,0.755,null,null,null,null,null,null,5,null,null,11.056,-12.04,11.815,14.492,null,null,null,null,null,null,null,null,null,ATEFPOUAMCWAQS,null,TRND,bWswtBAxYTqYnSDkPM,null,null,null,null,null,null,null,null,null,486-35-1,null,null,null,0,4,0,null,null,173031,0 0 0 0,1,1,2025-06-17 15:29:19,null,null,null,null,null,null,null,364785399,activity,null,HTS,null,3.887,-0.535,11.056,-12.04,null,null,null,null,null,null,null,null,null,null,null,null,null,null,null,null,null,null,null,null,null,278939623
TRND-Glioblastoma_LOPAC_H4-primary_screen2,NCGC00015139-11,activity,null,4,6.526,4,0,null,O=C1C=CC(=O)C=C1,B1266,p-Benzoquinone,SIGMA,2021_LOPAC_01,null,null,null,null,null,null,null,null,null,null,null,5.464,0,null,null,null,null,null,null,null,null,0,null,null,11.99,6.526,47.539,null,null,null,null,null,null,null,null,null,null,AZQWKYJCGOJGHM,null,TRND,RpYLaSWPfoltOnLmug,null,null,null,null,null,null,null,null,null,106-51-4,null,null,null,0,4,null,null,null,173031,null,1,1,2025-06-17 15:29:19,null,null,null,null,null,null,null,364787323,activity,null,HTS,null,11.99,7.804,7.694,6.526,null,null,null,null,null,null,null,null,null,null,null,null,null,null,null,null,null,null,null,null,null,278939624
TRND-Glioblastoma_LOPAC_H4-primary_screen2,NCGC00015554-16,activity,null,4,-13.672,4,-16.906,4.955,[O-][S+](=O)(N1CCCNCC1)C2=CC=CC3=C(I)C=CC=C23,I2764,ML-7,SIGMA,2021_LOPAC_01,null,null,null,null,null,null,null,null,null,null,null,17.822,-14.906,0.434,0.863,null,null,null,null,null,null,2,null,null,4.151,-13.672,5.185,1.11,null,null,null,null,null,null,null,null,null,GEHJIACZUFWBTK,null,TRND,syWeVJozTqfMRdswmR,null,"Myosin Light Chain Kinase, smooth muscle inhibitor",null,null,CL,null,null,null,null,null,MYLK,null,null,0,4,0,null,null,173031,0 0 0 0,1,1,2025-06-17 15:29:19,null,null,null,null,null,null,null,364785571,activity,null,HTS,null,4.151,-2.543,3.761,-13.672,null,null,null,null,null,null,null,null,null,null,null,null,null,null,null,null,null,null,null,null,null,278939625
TRND-Glioblastoma_LOPAC_H4-primary_screen2,NCGC00015827-18,activity,null,4,4.643,4,0,null,C1CCN2N=NN=C2CC1,P6500,Pentylenetetrazole,SIGMA,2021_LOPAC_01,null,null,null,null,null,null,null,null,null,null,null,4.773,0,null,null,null,null,null,null,null,null,0,null,null,9.416,4.643,27.589,null,null,null,null,null,null,null,null,null,null,CWRVKFFCRWGWCS,null,TRND,RXBaAfSAsogNDgWKXi,null,null,null,null,null,null,null,null,null,54-95-5,null,null,null,0,4,null,null,null,173031,null,1,1,2025-06-17 15:29:19,null,null,null,null,null,null,null,364789079,activity,null,HTS,null,5.418,5.046,9.416,4.643,null,null,null,null,null,null,null,null,null,null,null,null,null,null,null,null,null,null,null,null,null,278939627
TRND-Glioblastoma_LOPAC_H4-primary_screen2,NCGC00015061-32,activity,null,4,7.818,4,0,null,NC1=NC2=C(N=CN2COCCO)C(=O)N1,A4669,Acyclovir,SIGMA,2021_LOPAC_01,null,null,null,null,null,null,null,null,null,null,null,8.512,0,null,null,null,null,null,null,null,null,0,null,null,12.105,3.593,48.172,null,null,null,null,null,null,null,null,null,null,MKUXAQIIEYXACX,null,TRND,yZxdrldrdnMxOxhUlP,null,null,null,null,null,null,null,null,null,59277-89-3,null,null,null,0,4,null,null,null,173031,null,1,1,2025-06-17 15:29:19,null,null,null,null,null,null,null,364787267,activity,null,HTS,null,11.924,12.105,3.593,7.818,null,null,null,null,null,null,null,null,null,null,null,null,null,null,null,null,null,null,null,null,null,278939628
TRND-Glioblastoma_LOPAC_H4-primary_screen2,NCGC00094144-12,activity,null,4,11.261,4,0,null,C[C@](N)(CC1=CC=C(O)C=C1)C(O)=O,M8131,L-alpha-Methyl-p-tyrosine,SIGMA,2021_LOPAC_01,null,null,null,null,null,null,null,null,null,null,null,10.467,0,null,null,null,null,null,null,null,null,0,null,null,11.261,0.795,32.538,null,null,null,null,null,null,null,null,null,null,NHTGHBARYWONDQ,null,TRND,rGPLYmGLOIqExwWVAq,null,null,null,null,null,null,null,null,null,672-87-7,null,null,null,0,4,null,null,null,173031,null,1,1,2025-06-17 15:29:19,null,null,null,null,null,null,null,364786531,activity,null,HTS,null,8.048,0.795,5.331,11.261,null,null,null,null,null,null,null,null,null,null,null,null,null,null,null,null,null,null,null,null,null,278939629
TRND-Glioblastoma_LOPAC_H4-primary_screen2,NCGC00690012-01,activity,null,4,6.826,4,0,null,FC1=CC=C(C=C1)C2=CC=C(NC3=NC(Cl)=NC(Cl)=N3)C=C2,SML2180,KEA1-97,SIGMA,2021_LOPAC_01,null,null,null,null,null,null,null,null,null,null,null,1.69,0,null,null,null,null,null,null,null,null,0,null,null,6.826,5.136,26.885,null,null,null,null,null,null,null,null,null,null,DUROVTLUQOYUPH,null,TRND,lCQVeqKilrbRPbpEJo,null,null,null,null,null,null,null,null,null,null,null,null,null,0,4,null,null,null,173031,null,1,1,2025-06-17 15:29:19,null,null,null,null,null,null,null,364785811,activity,null,HTS,null,5.77,5.284,5.136,6.826,null,null,null,null,null,null,null,null,null,null,null,null,null,null,null,null,null,null,null,null,null,278939630
TRND-Glioblastoma_LOPAC_H4-primary_screen2,NCGC00092384-09,activity,null,4,2.488,4,0,null,CN1CC(=O)N=C1NC(=O)NC2=CC(Cl)=CC=C2,F0430,Fenobam,SIGMA,2021_LOPAC_01,null,null,null,null,null,null,null,null,null,null,null,2.857,0,null,null,null,null,null,null,null,null,0,null,null,2.866,0.009,4.254,null,null,null,null,null,null,null,null,null,null,DWPQODZAOSWNHB,null,TRND,XRLIxshERzFedTNxHU,null,Glutamate receptor metabotropic 5 antagonist,null,null,null,null,null,null,null,57653-26-6,GRM5,null,null,0,4,null,null,null,173031,null,1,1,2025-06-17 15:29:19,null,null,null,null,null,null,null,364788303,activity,null,HTS,null,0.009,1.312,2.866,2.488,null,null,null,null,null,null,null,null,null,null,null,null,null,null,null,null,null,null,null,null,null,278939631
TRND-Glioblastoma_LOPAC_H4-primary_screen2,NCGC00017352-42,activity,null,4,-5.456,4,-10.047,4.955,OC1=CC=C(\C=C\C2=CC(O)=CC(O)=C2)C=C1,R5010,Resveratrol,SIGMA,2021_LOPAC_01,null,null,null,null,null,null,null,null,null,null,null,12.595,-5.547,0.483,0.823,null,null,null,null,null,null,4.5,null,null,7.138,-5.456,20.732,15.391,null,null,null,null,null,null,null,null,null,LUKBXSAWLPMMSZ,null,TRND,qUtWZvtohsfQbqGGit,null,NF-kappaB (NFKB) modulator,null,null,null,null,null,null,null,501-36-0,NFKB1,null,null,0,4,0,null,null,173031,0 0 0 0,1,1,2025-06-17 15:29:19,null,null,null,null,null,null,null,364790059,activity,null,HTS,null,7.138,1.619,3.802,-5.456,null,null,null,null,null,null,null,null,null,null,null,null,null,null,null,null,null,null,null,null,null,278939632
TRND-Glioblastoma_LOPAC_H4-primary_screen2,NCGC00485098-03,activity,null,4,1.845,4,0,null,[H][C@](CO)(C(=O)O[C@@]1([H])C[C@@]2([H])C[C@]([H])(O)[C@@]([H])(C1)N2C)C3=CC=CC=C3,SML0252,(+/-)-Anisodamine,SIGMA,2021_LOPAC_01,null,null,null,null,null,null,null,null,null,null,null,6.362,0,null,null,null,null,null,null,null,null,0,null,null,8.207,1.845,21.172,null,null,null,null,null,null,null,null,null,null,WTQYWNWRJNXDEG,null,TRND,VxokVWPZsHDnUNLfoj,null,null,null,null,null,null,null,null,null,55869-99-3,null,null,null,0,4,null,null,null,173031,null,1,1,2025-06-17 15:29:19,null,null,null,null,null,null,null,364789211,activity,null,HTS,null,4.526,2.722,8.207,1.845,null,null,null,null,null,null,null,null,null,null,null,null,null,null,null,null,null,null,null,null,null,278939633
TRND-Glioblastoma_LOPAC_H4-primary_screen2,NCGC00370742-07,activity,null,4,10.402,4,9.5,2.72,FC1=C(COC2=CC=C3C=C(CC4SC(=O)NC4=O)C=CC3=C2)C=CC=C1,SML0896,MCC-555 ,SIGMA,2021_LOPAC_01,null,null,null,null,null,null,null,null,null,null,null,11.641,13,0.497,0.811,null,null,null,null,null,null,3.5,null,null,15.449,3.808,33.187,32.626,null,null,null,null,null,null,null,null,null,PKWDZWYVIHVNKS,null,TRND,TCDMdGNRKGOgWEaEiV,null,null,null,null,null,null,null,null,null,161600-01-7,null,null,null,0,4,0,null,null,173031,0 0 0 0,1,1,2025-06-17 15:29:19,null,null,null,null,null,null,null,364789775,activity,null,HTS,null,3.808,9.082,15.449,10.402,null,null,null,null,null,null,null,null,null,null,null,null,null,null,null,null,null,null,null,null,null,278939636
TRND-Glioblastoma_LOPAC_H4-primary_screen2,NCGC00015160-10,activity,null,4,-1.28,4,0,null,NC(=N)C1=CC=CC=C1,B6506,Benzamidine hydrochloride,SIGMA,2021_LOPAC_01,null,null,null,null,null,null,null,null,null,null,null,6.964,0,null,null,null,null,null,null,null,null,0,null,null,5.683,-1.28,17.148,null,null,null,null,null,null,null,null,null,null,PXXJHWLDUBFPOL,null,TRND,OpBQWQhpuGunIjwwWj,null,null,null,null,CL,null,null,null,null,1670-14-0,null,null,null,0,4,null,null,null,173031,null,1,1,2025-06-17 15:29:19,null,null,null,null,null,null,null,364788159,activity,null,HTS,null,5.683,1.494,1.437,-1.28,null,null,null,null,null,null,null,null,null,null,null,null,null,null,null,null,null,null,null,null,null,278939637
TRND-Glioblastoma_LOPAC_H4-primary_screen2,NCGC00015907-09,activity,null,4,-7.182,4,-12.118,4.955,NC1=CC=C(CCN2CCN(CC2)C3=CC=CC(=C3)C(F)(F)F)C=C1,S009,PAPP,SIGMA,2021_LOPAC_01,null,null,null,null,null,null,null,null,null,null,null,11.018,-8.618,0.088,0.995,null,null,null,null,null,null,3.5,null,null,3.837,-7.182,11.086,10.837,null,null,null,null,null,null,null,null,null,GAAKALASJNGQKD,null,TRND,ZlplUfuXUEclpzcWoN,null,null,null,null,null,null,null,null,null,1814-64-8,null,null,null,0,4,0,null,null,173031,0 0 0 0,1,1,2025-06-17 15:29:19,null,null,null,null,null,null,null,364786391,activity,null,HTS,null,3.635,2.991,3.837,-7.182,null,null,null,null,null,null,null,null,null,null,null,null,null,null,null,null,null,null,null,null,null,278939638
TRND-Glioblastoma_LOPAC_H4-primary_screen2,NCGC00018117-49,activity,null,4,-3.326,4,8.478,4.955,CN1C2=C(NC=N2)C(=O)N(C)C1=O,T1633,Theophylline,SIGMA,2021_LOPAC_01,null,null,null,null,null,null,null,null,null,null,null,12.112,8,1,0.385,null,null,null,null,null,null,-0.478,null,null,6.298,-5.815,16.038,6.991,null,null,null,null,null,null,null,null,null,ZFXYFBGIUFBOJW,null,TRND,rjLBhBvErNyKcpHKNB,null,Adenosine Receptor A1 antagonist,null,null,null,null,null,null,null,null,ADORA1,null,null,0,4,1,null,null,173031,0 0 0 1,1,1,2025-06-17 15:29:19,null,null,null,null,null,null,null,364786439,activity,null,HTS,null,4.464,-5.815,6.298,-3.326,null,null,null,null,null,null,null,null,null,null,null,null,null,null,null,null,null,null,null,null,null,278939639
TRND-Glioblastoma_LOPAC_H4-primary_screen2,NCGC00015211-09,activity,null,4,16.084,4,0,null,CC(C)(C)C1=CC(CC(C)(C)C=O)=CC(=C1O)C(C)(C)C,C0987,CGP-13501,SIGMA,2021_LOPAC_01,null,null,null,null,null,null,null,null,null,null,null,4.501,0,null,null,null,null,null,null,null,null,0,null,null,16.084,11.583,60.057,null,null,null,null,null,null,null,null,null,null,XGWATTXMMMANFJ,null,TRND,DeXPorPUwOgExRaErd,null,null,null,null,null,null,null,null,null,null,null,null,null,0,4,null,null,null,173031,null,1,1,2025-06-17 15:29:19,null,null,null,null,null,null,null,364786339,activity,null,HTS,null,11.583,14.883,12.95,16.084,null,null,null,null,null,null,null,null,null,null,null,null,null,null,null,null,null,null,null,null,null,278939641
TRND-Glioblastoma_LOPAC_H4-primary_screen2,NCGC00025046-10,activity,null,4,-1.727,4,0,null,CC1=NC(\C=C\C2=CC=CC=C2)=CC=C1,S9311,SIB 1893,SIGMA,2021_LOPAC_01,null,null,null,null,null,null,null,null,null,null,null,6.717,0,null,null,null,null,null,null,null,null,0,null,null,4.99,-1.727,13.441,null,null,null,null,null,null,null,null,null,null,SISOFUCTXZKSOQ,null,TRND,MPWEfJWkAgRQIOyDeN,null,null,null,null,null,null,null,null,null,null,null,null,null,0,4,null,null,null,173031,null,1,1,2025-06-17 15:29:19,null,null,null,null,null,null,null,364789091,activity,null,HTS,null,3.47,4.99,1.762,-1.727,null,null,null,null,null,null,null,null,null,null,null,null,null,null,null,null,null,null,null,null,null,278938555
TRND-Glioblastoma_LOPAC_H4-primary_screen2,NCGC00025308-06,activity,null,4,4.52,4,-14.5,4.955,CCN1C(=O)N=C(C2=CC(Cl)=CC=C2)C3=C1N=C(CC)C=C3,Y4877,YM 976,SIGMA,2021_LOPAC_01,null,null,null,null,null,null,null,null,null,null,null,12.279,0,0.402,0.886,null,null,null,null,null,null,14.5,null,null,16.799,4.52,58.8,62.825,null,null,null,null,null,null,null,null,null,MNHXYNNKDDXKNP,null,TRND,sxFxjHYimOTKDxsneb,null,null,null,null,null,null,null,null,null,null,null,null,null,0,4,0,null,null,173031,0 0 0 0,1,1,2025-06-17 15:29:19,null,null,null,null,null,null,null,364785971,activity,null,HTS,null,12.664,13.64,16.799,4.52,null,null,null,null,null,null,null,null,null,null,null,null,null,null,null,null,null,null,null,null,null,278938557
TRND-Glioblastoma_LOPAC_H4-primary_screen2,NCGC00015694-14,activity,null,4,0.403,4,-18,0.6,COC1=CC2=C(NC=C2CCN)C=C1,M6628,O-Methylserotonin hydrochloride,SIGMA,2021_LOPAC_01,null,null,null,null,null,null,null,null,null,null,null,13.213,-2,0.498,0.809,null,null,null,null,null,null,16,null,null,13.616,0.403,47.348,44.922,null,null,null,null,null,null,null,null,null,JTEJPPKMYBDEMY,null,TRND,HjXJEfMwHpLrbpYSOg,null,null,null,null,CL,null,null,null,null,66-83-1,null,null,null,0,4,0,null,null,173031,0 0 0 0,1,1,2025-06-17 15:29:19,null,null,null,null,null,null,null,364789383,activity,null,HTS,null,13.616,6.103,7.273,0.403,null,null,null,null,null,null,null,null,null,null,null,null,null,null,null,null,null,null,null,null,null,278938559
TRND-Glioblastoma_LOPAC_H4-primary_screen2,NCGC00094201-07,activity,null,4,-2.314,4,0,null,C[C@@H](CC1=CC(O)=C(O)C=C1)[C@H](C)CC2=CC=C(O)C(O)=C2,N5023,Nordihydroguaiaretic acid from Larrea divaricata (creosote bush),SIGMA,2021_LOPAC_01,null,null,null,null,null,null,null,null,null,null,null,9.181,0,null,null,null,null,null,null,null,null,0,null,null,6.866,-2.314,24.092,null,null,null,null,null,null,null,null,null,null,HCZKYJDFEPMADG,null,TRND,gdFdZwSMRrSLkvqbRt,null,Insulin-like growth factor 1 receptor inhibitor,null,null,null,null,null,null,null,27686-84-6,IGF1R,null,null,0,4,null,null,null,173031,null,1,1,2025-06-17 15:29:19,null,null,null,null,null,null,null,364790303,activity,null,HTS,null,6.866,4.509,4.437,-2.314,null,null,null,null,null,null,null,null,null,null,null,null,null,null,null,null,null,null,null,null,null,278938560
TRND-Glioblastoma_LOPAC_H4-primary_screen2,NCGC00690020-01,activity,null,4,8.732,4,0,null,NC(=O)C1=CC=C(OCCCN2C[C@@H]3CCC[C@@H]3C2)C=C1,SML2177,S 38093-2,SIGMA,2021_LOPAC_01,null,null,null,null,null,null,null,null,null,null,null,8.778,0,null,null,null,null,null,null,null,null,0,null,null,12.706,3.927,35.199,null,null,null,null,null,null,null,null,null,null,MRNMYWNBLVJWKG,null,TRND,znHXkomeJDsioLjEur,null,null,null,null,CL,null,null,null,null,1403835-46-0,null,null,null,0,4,null,null,null,173031,null,1,1,2025-06-17 15:29:19,null,null,null,null,null,null,null,364788335,activity,null,HTS,null,6.839,3.927,12.706,8.732,null,null,null,null,null,null,null,null,null,null,null,null,null,null,null,null,null,null,null,null,null,278938561
TRND-Glioblastoma_LOPAC_H4-primary_screen2,NCGC00015704-19,activity,null,4,3.573,4,0,null,CN(C)CCN(CC1=CC=CS1)C2=CC=CC=N2,M9125,Methapyrilene hydrochloride,SIGMA,2021_LOPAC_01,null,null,null,null,null,null,null,null,null,null,null,2.689,0,null,null,null,null,null,null,null,null,0,null,null,5.234,2.544,21.3,null,null,null,null,null,null,null,null,null,null,HNJJXZKZRAWDPF,null,TRND,GSrKwrGAGkENchIHbW,null,null,null,null,CL,null,null,null,null,135-23-9,null,null,null,0,4,null,null,null,173031,null,1,1,2025-06-17 15:29:19,null,null,null,null,null,null,null,364789087,activity,null,HTS,null,5.039,2.544,5.234,3.573,null,null,null,null,null,null,null,null,null,null,null,null,null,null,null,null,null,null,null,null,null,278938562
TRND-Glioblastoma_LOPAC_H4-primary_screen2,NCGC00015477-09,activity,null,4,11.551,4,11.721,4.045,CN1C=C(C(=O)OCC2CCN(CCN[S+](C)([O-])=O)CC2)C3=C1C=CC=C3,G5918,GR 113808,SIGMA,2021_LOPAC_01,null,null,null,null,null,null,null,null,null,null,null,11.736,13.5,0.428,0.868,null,null,null,null,null,null,1.779,null,null,11.551,-0.184,19.265,13.551,null,null,null,null,null,null,null,null,null,IZNTVHGHVCNTRD,null,TRND,TgvXRpYPtbJszmlgRg,null,null,null,null,null,null,null,null,null,144625-51-4,null,null,null,0,4,0,null,null,173031,0 0 0 0,1,1,2025-06-17 15:29:19,null,null,null,null,null,null,null,364788151,activity,null,HTS,null,4.367,-0.184,1.718,11.551,null,null,null,null,null,null,null,null,null,null,null,null,null,null,null,null,null,null,null,null,null,278938563
TRND-Glioblastoma_LOPAC_H4-primary_screen2,NCGC00186040-03,activity,null,4,8.932,4,0,null,N[C@@H]([C@H](CC1=CC=CC=C1)C(O)=O)C(O)=O,B6436,L-Beta-threo-benzyl-aspartate,SIGMA,2021_LOPAC_01,null,null,null,null,null,null,null,null,null,null,null,6.674,0,null,null,null,null,null,null,null,null,0,null,null,8.932,2.258,21.302,null,null,null,null,null,null,null,null,null,null,KMVYGTIPJNGNRD,null,TRND,UDYnewxDEtNmJQSHvr,null,null,null,null,AMMONIA,null,null,null,null,null,null,null,null,0,4,null,null,null,173031,null,1,1,2025-06-17 15:29:19,null,null,null,null,null,null,null,364788947,activity,null,HTS,null,3.197,2.258,8.807,8.932,null,null,null,null,null,null,null,null,null,null,null,null,null,null,null,null,null,null,null,null,null,278938565
TRND-Glioblastoma_LOPAC_H4-primary_screen2,NCGC00024780-11,activity,null,4,7.506,4,0,null,CNC(=N)NCCC[C@H](N)C(O)=O,M7033,NG-Monomethyl-L-arginine acetate,SIGMA,2021_LOPAC_01,null,null,null,null,null,null,null,null,null,null,null,6.312,0,null,null,null,null,null,null,null,null,0,null,null,8.337,2.025,33.016,null,null,null,null,null,null,null,null,null,null,NTNWOCRCBQPEKQ,null,TRND,rJngPLGiYjIvFAMDuj,null,null,null,null,ACETIC-ACID,null,null,null,null,null,null,null,null,0,4,null,null,null,173031,null,1,1,2025-06-17 15:29:19,null,null,null,null,null,null,null,364786843,activity,null,HTS,null,8.337,2.025,6.464,7.506,null,null,null,null,null,null,null,null,null,null,null,null,null,null,null,null,null,null,null,null,null,278938566
TRND-Glioblastoma_LOPAC_H4-primary_screen2,NCGC00159330-11,activity,null,4,-9.428,4,-9.314,4.095,CN1C2=C(N(CC3OCCO3)C=N2)C(=O)N(C)C1=O,SML1522,Doxofylline,SIGMA,2021_LOPAC_01,null,null,null,null,null,null,null,null,null,null,null,13.054,-9.814,0.615,0.66,null,null,null,null,null,null,-0.5,null,null,3.626,-9.428,-14.918,-7.392,null,null,null,null,null,null,null,null,null,HWXIGFIVGWUZAO,null,TRND,oLqHCDTNFOawFdtdkx,null,Adenosine Receptor A1 antagonist,null,null,null,null,null,null,null,69975-86-6,ADORA1,null,null,0,4,0,null,null,173031,0 0 0 0,1,1,2025-06-17 15:29:19,null,null,null,null,null,null,null,364789115,activity,null,HTS,null,-4.276,3.626,-0.901,-9.428,null,null,null,null,null,null,null,null,null,null,null,null,null,null,null,null,null,null,null,null,null,278938568
TRND-Glioblastoma_LOPAC_H4-primary_screen2,NCGC00015692-19,activity,null,4,4.257,4,0,null,COC1=CC(C(O)C(C)N)=C(OC)C=C1,M6524,Methoxamine hydrochloride,SIGMA,2021_LOPAC_01,null,null,null,null,null,null,null,null,null,null,null,3.823,0,null,null,null,null,null,null,null,null,0,null,null,8.081,4.257,31.762,null,null,null,null,null,null,null,null,null,null,WJAJPNHVVFWKKL,null,TRND,THupDaKBhDWSXJGsLv,null,null,null,null,CL,null,null,null,null,[NO STEREO] 61-16-5,null,null,null,0,4,null,null,null,173031,null,1,1,2025-06-17 15:29:19,null,null,null,null,null,null,null,364788103,activity,null,HTS,null,8.081,5.234,4.92,4.257,null,null,null,null,null,null,null,null,null,null,null,null,null,null,null,null,null,null,null,null,null,278938570
TRND-Glioblastoma_LOPAC_H4-primary_screen2,NCGC00015353-06,activity,null,4,0.464,4,-10.022,4.095,FC1=CC=C(C=C1)C(C2=CC=C(F)C=C2)=C3CCN(CCN4C(=O)C5C=CC=CC5=NC4=S)CC3,D5794,Diacylglycerol Kinase Inhibitor II,SIGMA,2021_LOPAC_01,null,null,null,null,null,null,null,null,null,null,null,10.862,-0.022,0.143,0.987,null,null,null,null,null,null,10,null,null,10.01,-0.852,28.141,28.151,null,null,null,null,null,null,null,null,null,ITBAGYWFZWAHMB,null,TRND,CXKcRESDAjpUfXdhxi,null,null,null,null,null,null,null,null,null,null,null,null,null,0,4,0,null,null,173031,0 0 0 0,1,1,2025-06-17 15:29:19,null,null,null,null,null,null,null,364787959,activity,null,HTS,null,10.01,1.021,-0.852,0.464,null,null,null,null,null,null,null,null,null,null,null,null,null,null,null,null,null,null,null,null,null,278938571
TRND-Glioblastoma_LOPAC_H4-primary_screen2,NCGC00013724-25,activity,null,4,2.745,4,0,null,[H][C@](CO)(C(=O)OC1CC2C3OC3C(C1)[N+]2(C)C)C4=CC=CC=C4,S2250,(-)-Scopolamine methyl nitrate,SIGMA,2021_LOPAC_01,null,null,null,null,null,null,null,null,null,null,null,6.41,0,null,null,null,null,null,null,null,null,0,null,null,7.738,1.328,11.776,null,null,null,null,null,null,null,null,null,null,LZCOQTDXKCNBEE,null,TRND,GaNnplnWSKdBTtaEIp,null,null,null,null,NITRIC_ACID,null,null,null,null,[NO STEREO] 6106-46-3,null,null,null,0,4,null,null,null,173031,null,1,1,2025-06-17 15:29:19,null,null,null,null,null,null,null,364789339,activity,null,HTS,null,1.328,7.738,1.773,2.745,null,null,null,null,null,null,null,null,null,null,null,null,null,null,null,null,null,null,null,null,null,278938572
TRND-Glioblastoma_LOPAC_H4-primary_screen2,NCGC00021222-08,activity,null,4,-0.692,4,-12.33,4.504,C[C@]12CC[C@H]3[C@@H](CCC4=CC(=O)CC[C@]34C)[C@@H]1CC[C@]2(O)C(=O)CO,R0500,Cortexolone,SIGMA,2021_LOPAC_01,null,null,null,null,null,null,null,null,null,null,null,13.126,-0.83,0.154,0.985,null,null,null,null,null,null,11.5,null,null,12.434,-0.692,48.812,46.848,null,null,null,null,null,null,null,null,null,WHBHBVVOGNECLV,null,TRND,DcMcGhtnKvcAWeLyli,null,null,null,null,null,null,null,null,null,152-58-9,null,null,null,0,4,0,null,null,173031,0 0 0 0,1,1,2025-06-17 15:29:19,null,null,null,null,null,null,null,364790035,activity,null,HTS,null,12.434,10.645,10.338,-0.692,null,null,null,null,null,null,null,null,null,null,null,null,null,null,null,null,null,null,null,null,null,278938573
TRND-Glioblastoma_LOPAC_H4-primary_screen2,NCGC00166414-25,activity,null,4,4.985,4,0,null,NC1=NC(=O)C2=C(NC=C2CCC3=CC=C(C=C3)C(=O)N[C@@H](CCC(O)=O)C(O)=O)N1,SML1490,Pemetrexed disodium heptahydrate ,SIGMA,2021_LOPAC_01,null,null,null,null,null,null,null,null,null,null,null,5.985,0,null,null,null,null,null,null,null,null,0,null,null,8.634,2.65,20.996,null,null,null,null,null,null,null,null,null,null,WBXPDJSOTKVWSJ,null,TRND,GCJUBlEOyaTRvAtUMC,null,Thymidylate Synthase inhibitor,null,null,SODIUM,null,null,null,null,null,TYMS,null,null,0,4,null,null,null,173031,null,1,1,2025-06-17 15:29:19,null,null,null,null,null,null,null,364788999,activity,null,HTS,null,2.65,7.132,8.634,4.985,null,null,null,null,null,null,null,null,null,null,null,null,null,null,null,null,null,null,null,null,null,278938574
TRND-Glioblastoma_LOPAC_H4-primary_screen2,NCGC00016092-16,activity,null,4,5.252,4,0,null,COC1=C(C=CC=C1)N2CCN(CCN(C(=O)C3CCCCC3)C4=CC=CC=N4)CC2,W108,WAY-100635 maleate,SIGMA,2021_LOPAC_01,null,null,null,null,null,null,null,null,null,null,null,3.666,0,null,null,null,null,null,null,null,null,0,null,null,6.759,3.093,19.35,null,null,null,null,null,null,null,null,null,null,SBPRIAGPYFYCRT,null,TRND,HeKHQIPcoAvQMghpWq,null,null,null,null,MALEATE,null,null,null,null,null,null,null,null,0,4,null,null,null,173031,null,1,1,2025-06-17 15:29:19,null,null,null,null,null,null,null,364787151,activity,null,HTS,null,3.093,6.759,4.696,5.252,null,null,null,null,null,null,null,null,null,null,null,null,null,null,null,null,null,null,null,null,null,278938575
TRND-Glioblastoma_LOPAC_H4-primary_screen2,NCGC00015234-36,activity,null,4,-0.796,4,0,null,NC(=O)N1C2=C(C=CC=C2)C=CC3=C1C=CC=C3,C4024,Carbamazepine,SIGMA,2021_LOPAC_01,null,null,null,null,null,null,null,null,null,null,null,9.136,0,null,null,null,null,null,null,null,null,0,null,null,6.145,-2.991,-0.757,null,null,null,null,null,null,null,null,null,null,FFGPTBGBLSHEPO,null,TRND,FwlkbEzbTtOvRhbXwq,null,null,null,null,null,null,null,null,null,298-46-4,null,null,null,0,4,null,null,null,173031,null,1,1,2025-06-17 15:29:19,null,null,null,null,null,null,null,364788791,activity,null,HTS,null,-2.991,5.244,6.145,-0.796,null,null,null,null,null,null,null,null,null,null,null,null,null,null,null,null,null,null,null,null,null,278938576
TRND-Glioblastoma_LOPAC_H4-primary_screen2,NCGC00023643-23,activity,null,4,-12.106,4,-22.028,0.8,C[C@]12CC[C@H]3[C@@H](CCC4=CC(O)=CC=C34)[C@@H]1CCC2=O,E9750,Estrone,SIGMA,2021_LOPAC_01,null,null,null,null,null,null,null,null,null,null,null,17.737,-14.028,0.221,0.969,null,null,null,null,null,null,8,null,null,5.631,-12.106,3.232,0.794,null,null,null,null,null,null,null,null,null,DNXHEGUUPJUMQT,null,TRND,ZdKidDsmAoqdDPuSpI,null,null,null,null,null,null,null,null,null,53-16-7|19973-76-3,null,null,null,0,4,0,null,null,173031,0 0 0 0,1,1,2025-06-17 15:29:19,null,null,null,null,null,null,null,364787527,activity,null,HTS,null,5.631,-2.328,-6.297,-12.106,null,null,null,null,null,null,null,null,null,null,null,null,null,null,null,null,null,null,null,null,null,278938577
TRND-Glioblastoma_LOPAC_H4-primary_screen2,NCGC00015323-25,activity,null,4,-0.701,4,0,null,C[N+](C)(C)CCCCCCCCCC[N+](C)(C)C,D1260,Decamethonium dibromide,SIGMA,2021_LOPAC_01,null,null,null,null,null,null,null,null,null,null,null,4.818,0,null,null,null,null,null,null,null,null,0,null,null,-0.585,-5.403,-15.962,null,null,null,null,null,null,null,null,null,null,MTCUAOILFDZKCO,null,TRND,dzLyeceMigWPoCsLIl,null,null,null,null,BR,null,null,null,null,null,null,null,null,0,4,null,null,null,173031,null,1,1,2025-06-17 15:29:19,null,null,null,null,null,null,null,364789155,activity,null,HTS,null,-4.11,-0.585,-5.403,-0.701,null,null,null,null,null,null,null,null,null,null,null,null,null,null,null,null,null,null,null,null,null,278938578
TRND-Glioblastoma_LOPAC_H4-primary_screen2,NCGC00017366-17,activity,null,4,16.483,4,14,4.955,[H][C@@]12CC3=CNC4=C3C(=CC=C4)[C@@]1([H])C[C@@H](CSC)CN2CCC,P8828,Pergolide methanesulfonate,SIGMA,2021_LOPAC_01,null,null,null,null,null,null,null,null,null,null,null,13.991,18,0.303,0.939,null,null,null,null,null,null,4,null,null,16.483,2.492,29.425,25.277,null,null,null,null,null,null,null,null,null,YEHCICAEULNIGD,null,TRND,RQICglYWeRpCVMtpwO,null,null,null,null,null,null,null,null,null,66104-22-1,null,null,null,0,4,0,null,null,173031,0 0 0 0,1,1,2025-06-17 15:29:19,null,null,null,null,null,null,null,364786743,activity,null,HTS,null,5.452,5.563,2.492,16.483,null,null,null,null,null,null,null,null,null,null,null,null,null,null,null,null,null,null,null,null,null,278938580
TRND-Glioblastoma_LOPAC_H4-primary_screen2,NCGC00015563-27,activity,null,4,-4.865,4,0,null,CN(C)CCCN1C2=C(CCC3=C1C=CC=C3)C=CC=C2,I7379,Imipramine hydrochloride,SIGMA,2021_LOPAC_01,null,null,null,null,null,null,null,null,null,null,null,9.435,0,null,null,null,null,null,null,null,null,0,null,null,4.571,-4.865,-0.038,null,null,null,null,null,null,null,null,null,null,BCGWQEUPMDMJNV,null,TRND,XlfbnRbDLlpuOewyqL,null,null,null,null,CL,null,null,null,null,113-52-0,null,null,null,0,4,null,null,null,173031,null,1,1,2025-06-17 15:29:19,null,null,null,null,null,null,null,364789263,activity,null,HTS,null,-1.166,4.571,3.662,-4.865,null,null,null,null,null,null,null,null,null,null,null,null,null,null,null,null,null,null,null,null,null,278938582
TRND-Glioblastoma_LOPAC_H4-primary_screen2,NCGC00015810-30,activity,null,4,10.268,4,0,null,COC1=CC2=CC=NC(CC3=CC(OC)=C(OC)C=C3)=C2C=C1OC,P3510,Papaverine hydrochloride,SIGMA,2021_LOPAC_01,null,null,null,null,null,null,null,null,null,null,null,6.835,0,null,null,null,null,null,null,null,null,0,null,null,10.268,3.433,26.397,null,null,null,null,null,null,null,null,null,null,XQYZDYMELSJDRZ,null,TRND,GtNeOsljrAbIwBeAwI,null,null,null,null,CL,null,null,null,null,61-25-6,null,null,null,0,4,null,null,null,173031,null,1,1,2025-06-17 15:29:19,null,null,null,null,null,null,null,364790311,activity,null,HTS,null,5.28,3.433,5.645,10.268,null,null,null,null,null,null,null,null,null,null,null,null,null,null,null,null,null,null,null,null,null,278938583
TRND-Glioblastoma_LOPAC_H4-primary_screen2,NCGC00370774-08,activity,null,4,1.28,4,0,null,CC[C@H](NC(=O)C1=C(O)C(=NC2=CC=CC=C12)C3=CC=CC=C3)C4=CC=CC=C4,SML1165,Talnetant,SIGMA,2021_LOPAC_01,null,null,null,null,null,null,null,null,null,null,null,7.284,0,null,null,null,null,null,null,null,null,0,null,null,8.565,1.28,29.291,null,null,null,null,null,null,null,null,null,null,BIAVGWDGIJKWRM,null,TRND,ZorrRCdBkuNhPTcSvu,null,null,null,null,null,null,null,null,null,174636-32-9,null,null,null,0,4,null,null,null,173031,null,1,1,2025-06-17 15:29:19,null,null,null,null,null,null,null,364786323,activity,null,HTS,null,8.565,5.532,1.407,1.28,null,null,null,null,null,null,null,null,null,null,null,null,null,null,null,null,null,null,null,null,null,278938584
TRND-Glioblastoma_LOPAC_H4-primary_screen2,NCGC00015559-23,activity,null,4,1.817,4,0,null,CC(C)CN1C2=C(N=CN2)C(=O)N(C)C1=O,I5879,3-Isobutyl-1-methylxanthine,SIGMA,2021_LOPAC_01,null,null,null,null,null,null,null,null,null,null,null,4.118,0,null,null,null,null,null,null,null,null,0,null,null,5.041,0.923,7.994,null,null,null,null,null,null,null,null,null,null,APIXJSLKIYYUKG,null,TRND,MCLFPvFeWznubaMfFP,null,null,null,null,null,null,null,null,null,28822-58-4,null,null,null,0,4,null,null,null,173031,null,1,1,2025-06-17 15:29:19,null,null,null,null,null,null,null,364785427,activity,null,HTS,null,0.923,5.041,1.368,1.817,null,null,null,null,null,null,null,null,null,null,null,null,null,null,null,null,null,null,null,null,null,278938585
TRND-Glioblastoma_LOPAC_H4-primary_screen2,NCGC00016138-05,activity,null,4,1.494,4,0,null,[NH3+]C(=N)N1CCC2=C(C1)C=CC=C2,D1306,Debrisoquin sulfate,SIGMA,2021_LOPAC_01,null,null,null,null,null,null,null,null,null,null,null,6.079,0,null,null,null,null,null,null,null,null,0,null,null,7.573,1.494,15.007,null,null,null,null,null,null,null,null,null,null,JWPGJSVJDAJRLW,null,TRND,feFyhyXxOsDjQFJXBt,null,null,null,null,SULFURIC_ACID,null,null,null,null,null,null,null,null,0,4,null,null,null,173031,null,1,1,2025-06-17 15:29:19,null,null,null,null,null,null,null,364785335,activity,null,HTS,null,1.702,6.016,7.573,1.494,null,null,null,null,null,null,null,null,null,null,null,null,null,null,null,null,null,null,null,null,null,278938586
TRND-Glioblastoma_LOPAC_H4-primary_screen2,NCGC00015737-09,activity,null,4,9.506,4,0,null,CCCN(CC1CC1)C2=NC(C)=NC(NC3=C(Cl)C=C(Cl)C=C3Cl)=C2Cl,N3911,NBI 27914,SIGMA,2021_LOPAC_01,null,null,null,null,null,null,null,null,null,null,null,6.799,0,null,null,null,null,null,null,null,null,0,null,null,9.506,2.707,17.535,null,null,null,null,null,null,null,null,null,null,KNADXBVKFAUMCR,null,TRND,OqLvywbdDGfSCdoBjE,null,null,null,null,null,null,null,null,null,null,null,null,null,0,4,null,null,null,173031,null,1,1,2025-06-17 15:29:19,null,null,null,null,null,null,null,364786247,activity,null,HTS,null,2.707,4.151,3.038,9.506,null,null,null,null,null,null,null,null,null,null,null,null,null,null,null,null,null,null,null,null,null,278938587
TRND-Glioblastoma_LOPAC_H4-primary_screen2,NCGC00371133-11,activity,null,4,2.056,4,0,null,CN(C)C(=O)NC1=CC=CC(=C1)C2=CC=C(C=C2)N(C)C,SML1075,Atglistatin,SIGMA,2021_LOPAC_01,null,null,null,null,null,null,null,null,null,null,null,9.729,0,null,null,null,null,null,null,null,null,0,null,null,11.105,1.376,38.557,null,null,null,null,null,null,null,null,null,null,AWOPBSAJHCUSAS,null,TRND,OlwNDyJyOujXjhiOCZ,null,null,null,null,null,null,null,null,null,null,null,null,null,0,4,null,null,null,173031,null,1,1,2025-06-17 15:29:19,null,null,null,null,null,null,null,364787163,activity,null,HTS,null,10.361,11.105,1.376,2.056,null,null,null,null,null,null,null,null,null,null,null,null,null,null,null,null,null,null,null,null,null,278938588
TRND-Glioblastoma_LOPAC_H4-primary_screen2,NCGC00016102-11,activity,null,4,6.122,4,-13.041,1.885,COC1=C(OC)C=C(CCN(C)CCC2=CC(OC)=C(OC)C=C2)C=C1,Y101,YS-035 hydrochloride,SIGMA,2021_LOPAC_01,null,null,null,null,null,null,null,null,null,null,null,11.926,-2.541,1,0.999,null,null,null,null,null,null,10.5,null,null,10.225,-1.7,30.412,29.763,null,null,null,null,null,null,null,null,null,OXZMQFKVNVQMLI,null,TRND,maEOjFhCLoAtmXSjEX,null,null,null,null,CL,null,null,null,null,null,null,null,null,0,4,1,null,null,173031,0 0 0 1,1,1,2025-06-17 15:29:19,null,null,null,null,null,null,null,364786527,activity,null,HTS,null,10.225,5.893,-1.7,6.122,null,null,null,null,null,null,null,null,null,null,null,null,null,null,null,null,null,null,null,null,null,278939099
TRND-Glioblastoma_LOPAC_H4-primary_screen2,NCGC00015564-07,activity,null,4,-0.524,4,0,null,NC1=NC2=C(N=CC(=O)N2)C(=O)N1,I7388,Isoxanthopterin,SIGMA,2021_LOPAC_01,null,null,null,null,null,null,null,null,null,null,null,3.659,0,null,null,null,null,null,null,null,null,0,null,null,3.135,-0.524,4.967,null,null,null,null,null,null,null,null,null,null,GLKCOBIIZKYKFN,null,TRND,iFKYjhQvyDuNrkQmey,null,null,null,null,null,null,null,null,null,null,null,null,null,0,4,null,null,null,173031,null,1,1,2025-06-17 15:29:19,null,null,null,null,null,null,null,364789903,activity,null,HTS,null,1.215,-0.459,3.135,-0.524,null,null,null,null,null,null,null,null,null,null,null,null,null,null,null,null,null,null,null,null,null,278939101
TRND-Glioblastoma_LOPAC_H4-primary_screen2,NCGC00025229-14,activity,null,4,-3.911,4,0,null,CC1CCN(CC[C@H]2CCCN2[S+]([O-])(=O)C3=CC=CC(O)=C3)CC1,S7389,SB 269970 hydrochloride,SIGMA,2021_LOPAC_01,null,null,null,null,null,null,null,null,null,null,null,8.947,0,null,null,null,null,null,null,null,null,0,null,null,5.035,-3.911,7.32,null,null,null,null,null,null,null,null,null,null,ADASQKFWVCVYSW,null,TRND,ZCMZembWBqUIATWkLJ,null,null,null,null,CL,null,null,null,null,null,null,null,null,0,4,null,null,null,173031,null,1,1,2025-06-17 15:29:19,null,null,null,null,null,null,null,364786191,activity,null,HTS,null,5.035,-3.338,-3.238,-3.911,null,null,null,null,null,null,null,null,null,null,null,null,null,null,null,null,null,null,null,null,null,278939102
TRND-Glioblastoma_LOPAC_H4-primary_screen2,NCGC00689831-01,activity,null,4,3.437,4,11.922,4.504,[O-]S(=N)(=O)CC1=NOC2=CC=CC=C12,Z2001,Zonisamide sodium,SIGMA,2021_LOPAC_01,null,null,null,null,null,null,null,null,null,null,null,10.331,4,0.181,0.979,null,null,null,null,null,null,-7.922,null,null,4.979,-5.352,-6.959,-7.119,null,null,null,null,null,null,null,null,null,UBQNRHZMVUUOMG,null,TRND,wVsdkwMJjDROBGJryG,null,null,null,null,null,null,null,null,null,null,null,null,null,0,4,0,null,null,173031,0 0 0 0,1,1,2025-06-17 15:29:19,null,null,null,null,null,null,null,364788443,activity,null,HTS,null,-5.352,4.979,3.73,3.437,null,null,null,null,null,null,null,null,null,null,null,null,null,null,null,null,null,null,null,null,null,278939103
TRND-Glioblastoma_LOPAC_H4-primary_screen2,NCGC00094916-11,activity,null,4,1.585,4,0,null,CC(C(O)=O)C1=CC=C(C=C1)C(=O)C2=CC=CS2,SML1495,null,SIGMA,2021_LOPAC_01,null,null,null,null,null,null,null,null,null,null,null,4.956,0,null,null,null,null,null,null,null,null,0,null,null,3.617,-1.339,9.959,null,null,null,null,null,null,null,null,null,null,MDKGKXOCJGEUJW,null,TRND,qmhsGROtvpqKHAEspS,null,null,null,null,null,null,null,null,null,40828-46-4,null,null,null,0,4,null,null,null,173031,null,1,1,2025-06-17 15:29:19,null,null,null,null,null,null,null,364788747,activity,null,HTS,null,3.617,-1.339,0.034,1.585,null,null,null,null,null,null,null,null,null,null,null,null,null,null,null,null,null,null,null,null,null,278939105
TRND-Glioblastoma_LOPAC_H4-primary_screen2,NCGC00016087-23,activity,null,4,0.551,4,0,null,NC(CCC(O)=O)C=C,V8261,(±)-gamma-Vinyl GABA,SIGMA,2021_LOPAC_01,null,null,null,null,null,null,null,null,null,null,null,9.344,0,null,null,null,null,null,null,null,null,0,null,null,9.895,0.551,26.527,null,null,null,null,null,null,null,null,null,null,PJDFLNIOAUIZSL,null,TRND,GsWziEUhQIPnQkJhkl,null,null,null,null,null,null,null,null,null,68506-86-5,null,null,null,0,4,null,null,null,173031,null,1,1,2025-06-17 15:29:19,null,null,null,null,null,null,null,364790315,activity,null,HTS,null,5.905,9.895,4.196,0.551,null,null,null,null,null,null,null,null,null,null,null,null,null,null,null,null,null,null,null,null,null,278939106
TRND-Glioblastoma_LOPAC_H4-primary_screen2,NCGC00090705-29,activity,null,4,2.845,4,0,null,NC1=NC(=O)N(C=C1)[C@H]2CC[C@@H](CO)O2,D5782,"2 ,3 -dideoxycytidine",SIGMA,2021_LOPAC_01,null,null,null,null,null,null,null,null,null,null,null,6.228,0,null,null,null,null,null,null,null,null,0,null,null,6.651,0.423,23.975,null,null,null,null,null,null,null,null,null,null,WREGKURFCTUGRC,null,TRND,qjKTHMVzHSqofrAzsP,null,null,null,null,null,null,null,null,null,7481-89-2,null,null,null,0,4,null,null,null,173031,null,1,1,2025-06-17 15:29:19,null,null,null,null,null,null,null,364787319,activity,null,HTS,null,6.651,5.331,0.423,2.845,null,null,null,null,null,null,null,null,null,null,null,null,null,null,null,null,null,null,null,null,null,278939107
TRND-Glioblastoma_LOPAC_H4-primary_screen2,NCGC00094213-05,activity,null,4,2.388,4,0,null,[H][C@@]12CCC3C4CC[C@H](C(=O)CO)[C@@]4(C)CCC3[C@@]1(C)CC[C@@H](O)C2,P2016,"3-alpha,21-Dihydroxy-5-alpha-pregnan-20-one",SIGMA,2021_LOPAC_01,null,null,null,null,null,null,null,null,null,null,null,9.41,0,null,null,null,null,null,null,null,null,0,null,null,11.799,2.388,43.182,null,null,null,null,null,null,null,null,null,null,CYKYBWRSLLXBOW,null,TRND,JNlbXjalQArsJtBQFX,null,null,null,null,null,null,null,null,null,[NO STEREO] 567-03-3,null,null,null,0,4,null,null,null,173031,null,1,1,2025-06-17 15:29:19,null,null,null,null,null,null,null,364786475,activity,null,HTS,null,11.799,3.755,9.379,2.388,null,null,null,null,null,null,null,null,null,null,null,null,null,null,null,null,null,null,null,null,null,278939108
TRND-Glioblastoma_LOPAC_H4-primary_screen2,NCGC00186002-03,activity,null,4,-2.607,4,0,null,C[C@](CC1=CC=C(O)C(O)=C1)(NN)C(O)=O,C1335,S-(-)-Carbidopa,SIGMA,2021_LOPAC_01,null,null,null,null,null,null,null,null,null,null,null,1.034,0,null,null,null,null,null,null,null,null,0,null,null,-2.183,-3.217,-11.95,null,null,null,null,null,null,null,null,null,null,TZFNLOMSOLWIDK,null,TRND,JmlFwGaIVRytVdWOTi,null,null,null,null,null,null,null,null,null,28860-95-9,null,null,null,0,4,null,null,null,173031,null,1,1,2025-06-17 15:29:19,null,null,null,null,null,null,null,364789107,activity,null,HTS,null,-2.452,-2.183,-3.217,-2.607,null,null,null,null,null,null,null,null,null,null,null,null,null,null,null,null,null,null,null,null,null,278939113
TRND-Glioblastoma_LOPAC_H4-primary_screen2,NCGC00093926-19,activity,null,4,-17.666,4,-21.699,4.955,C[C@H]1O[C@H]([C@H](O)[C@@H]1O)N2C=C(F)C(=O)NC2=O,F8791,5-fluoro-5 -deoxyuridine,SIGMA,2021_LOPAC_01,null,null,null,null,null,null,null,null,null,null,null,23.318,-17.699,0.154,0.985,null,null,null,null,null,null,4,null,null,5.652,-17.666,3.186,6.369,null,null,null,null,null,null,null,null,null,ZWAOHEXOSAUJHY,null,TRND,MIJKmTwFQsFvNJHKSj,null,Thymidylate Synthase inhibitor,null,null,null,null,null,null,null,436349,TYMS,null,null,0,4,0,null,null,173031,0 0 0 0,1,1,2025-06-17 15:29:19,null,null,null,null,null,null,null,364788867,activity,null,HTS,null,2.457,5.652,2.436,-17.666,null,null,null,null,null,null,null,null,null,null,null,null,null,null,null,null,null,null,null,null,null,278939115
TRND-Glioblastoma_LOPAC_H4-primary_screen2,NCGC00093546-05,activity,null,4,4.877,4,0,null,[H][C@]1(CCN1)C(O)=O,A0760,L-azetidine-2-carboxylic acid,SIGMA,2021_LOPAC_01,null,null,null,null,null,null,null,null,null,null,null,6.427,0,null,null,null,null,null,null,null,null,0,null,null,4.877,-1.55,9.94,null,null,null,null,null,null,null,null,null,null,IADUEWIQBXOCDZ,null,TRND,FUMQkwgZxQYfQDfobu,null,null,null,null,null,null,null,null,null,2133-34-8,null,null,null,0,4,null,null,null,173031,null,1,1,2025-06-17 15:29:19,null,null,null,null,null,null,null,364786563,activity,null,HTS,null,3.154,-1.55,-0.419,4.877,null,null,null,null,null,null,null,null,null,null,null,null,null,null,null,null,null,null,null,null,null,278939116
TRND-Glioblastoma_LOPAC_H4-primary_screen2,NCGC00186043-03,activity,null,4,9.263,4,0,null,O=C1\C(CC\C1=C/C2=CSC=C2)=C\C3=CC=CS3,C9369,CCT007093,SIGMA,2021_LOPAC_01,null,null,null,null,null,null,null,null,null,null,null,4.734,0,null,null,null,null,null,null,null,null,0,null,null,9.263,4.529,37.534,null,null,null,null,null,null,null,null,null,null,VUWTUVROCROVLD,null,TRND,LKwZlexbmoypfXNqkL,null,null,null,null,null,null,null,null,null,null,null,null,null,0,4,null,null,null,173031,null,1,1,2025-06-17 15:29:19,null,null,null,null,null,null,null,364787087,activity,null,HTS,null,8.79,4.529,7.3,9.263,null,null,null,null,null,null,null,null,null,null,null,null,null,null,null,null,null,null,null,null,null,278939117
TRND-Glioblastoma_LOPAC_H4-primary_screen2,NCGC00024868-22,activity,null,4,-2.153,4,-12.083,2.333,CC(C)NCC(O)COC1=CC=C(COCCOC(C)C)C=C1,B2185,Bisoprolol hemifumarate salt,SIGMA,2021_LOPAC_01,null,null,null,null,null,null,null,null,null,null,null,12.865,-2.583,0.242,0.962,null,null,null,null,null,null,9.5,null,null,10.713,-2.153,31.973,34.34,null,null,null,null,null,null,null,null,null,VHYCDWMUTMEGQY,null,TRND,ReOlrwuNYiZAYSclsM,null,null,null,null,FUMARIC_ACID,null,null,null,null,66722-44-9,null,null,null,0,4,0,null,null,173031,0 0 0 0,1,1,2025-06-17 15:29:19,null,null,null,null,null,null,null,364790375,activity,null,HTS,null,8.266,10.713,3.83,-2.153,null,null,null,null,null,null,null,null,null,null,null,null,null,null,null,null,null,null,null,null,null,278939118
TRND-Glioblastoma_LOPAC_H4-primary_screen2,NCGC00386567-05,activity,null,4,6.109,4,0,null,FC(F)(F)C1=CC(=CC=C1)N2CCN(CCN3C(=O)NC4=CC=CC=C34)CC2,SML0797,Flibanserin,SIGMA,2021_LOPAC_01,null,null,null,null,null,null,null,null,null,null,null,6.354,0,null,null,null,null,null,null,null,null,0,null,null,11.903,5.55,45.736,null,null,null,null,null,null,null,null,null,null,PPRRDFIXUUSXRA,null,TRND,xEBrmeyKnNsGjPJtrv,null,5-HT1A Receptor agonist,null,null,null,null,null,null,null,167933-07-5,HTR1A,null,null,0,4,null,null,null,173031,null,1,1,2025-06-17 15:29:19,null,null,null,null,null,null,null,364785375,activity,null,HTS,null,11.903,5.55,8.026,6.109,null,null,null,null,null,null,null,null,null,null,null,null,null,null,null,null,null,null,null,null,null,278939119
TRND-Glioblastoma_LOPAC_H4-primary_screen2,NCGC00094227-09,activity,null,4,0.27,4,0,null,[H][C@@]12C[C@@]3(O)C4[C@@H](C(OC4=O)[C@H]5OC(=O)[C@]1(O2)[C@@]35C)C(C)=C.[H][C@@]67C[C@@]8(O)[C@@H]9[C@@H](C(OC9=O)[C@H]%10OC(=O)[C@]6(O7)[C@@]8%10C)C(C)(C)O,P1675,Picrotoxin,SIGMA,2021_LOPAC_01,null,null,null,null,null,null,null,null,null,null,null,5.24,0,null,null,null,null,null,null,null,null,0,null,null,5.51,0.27,18.463,null,null,null,null,null,null,null,null,null,null,RYEFFICCPKWYML,null,TRND,FgkhvQAHQxPXZomvqa,null,null,null,null,null,null,null,null,null,124-87-8,null,null,null,0,4,null,null,null,173031,null,1,1,2025-06-17 15:29:19,null,null,null,null,null,null,null,364787739,activity,null,HTS,null,5.51,1.943,2.391,0.27,null,null,null,null,null,null,null,null,null,null,null,null,null,null,null,null,null,null,null,null,null,278939120
TRND-Glioblastoma_LOPAC_H4-primary_screen2,NCGC00093684-26,activity,null,4,1.578,4,0,null,C[C@H]1CC2[C@@H]3CCC4=CC(=O)C=C[C@]4(C)[C@@]3(F)[C@@H](O)C[C@]2(C)[C@@]1(O)C(=O)CO,B7005,Betamethasone,SIGMA,2021_LOPAC_01,null,null,null,null,null,null,null,null,null,null,null,3.578,0,null,null,null,null,null,null,null,null,0,null,null,3.102,-0.476,10.653,null,null,null,null,null,null,null,null,null,null,UREBDLICKHMUKA,null,TRND,dGBTFTuJmyZWwJeDUq,null,null,null,null,null,null,null,null,null,[NO STEREO] 50-02-2|[NO STEREO] 378-44-9,null,null,null,0,4,null,null,null,173031,null,1,1,2025-06-17 15:29:19,null,null,null,null,null,null,null,364788799,activity,null,HTS,null,3.102,-0.476,2.212,1.578,null,null,null,null,null,null,null,null,null,null,null,null,null,null,null,null,null,null,null,null,null,278939121
TRND-Glioblastoma_LOPAC_H4-primary_screen2,NCGC00167531-18,activity,null,4,5.82,4,0,null,[H][C@@](C)(N(C)C)C1=CC=CC(OC(=O)N(C)CC)=C1,SML0881,Rivastigmine tartrate,SIGMA,2021_LOPAC_01,null,null,null,null,null,null,null,null,null,null,null,3.672,0,null,null,null,null,null,null,null,null,0,null,null,6.206,2.535,21.76,null,null,null,null,null,null,null,null,null,null,XSVMFMHYUFZWBK,null,TRND,lRavIVCMCflOaXSzCp,null,null,null,null,TARTRATE,null,null,null,null,null,null,null,null,0,4,null,null,null,173031,null,1,1,2025-06-17 15:29:19,null,null,null,null,null,null,null,364787907,activity,null,HTS,null,4.537,6.206,2.535,5.82,null,null,null,null,null,null,null,null,null,null,null,null,null,null,null,null,null,null,null,null,null,278939122
TRND-Glioblastoma_LOPAC_H4-primary_screen2,NCGC00015834-29,activity,null,4,3.254,4,0,null,CCC1(C(=O)NCNC1=O)C2=CC=CC=C2,P7295,Primidone,SIGMA,2021_LOPAC_01,null,null,null,null,null,null,null,null,null,null,null,6.013,0,null,null,null,null,null,null,null,null,0,null,null,6.911,0.898,23.799,null,null,null,null,null,null,null,null,null,null,DQMZLTXERSFNPB,null,TRND,vsEsCTlTkOvHfsBjsB,null,Gamma-aminobutyric acid receptor subunit alpha-1 modulator,null,null,null,null,null,null,null,125-33-7,GABRA1,null,null,0,4,null,null,null,173031,null,1,1,2025-06-17 15:29:19,null,null,null,null,null,null,null,364789411,activity,null,HTS,null,6.911,0.898,3.264,3.254,null,null,null,null,null,null,null,null,null,null,null,null,null,null,null,null,null,null,null,null,null,278939123
TRND-Glioblastoma_LOPAC_H4-primary_screen2,NCGC00164575-08,activity,null,4,4.762,4,0,null,CC[C@H]1OC(=O)[C@H](C)C(=O)[C@H](C)[C@@H](O[C@H]2O[C@H](C)C[C@@H]([C@H]2O)N(C)C)[C@@](C)(C[C@@H](C)C(=O)[C@H](C)[C@H]3N(CCCCN4C=NC(=C4)C5=CN=CC=C5)C(=O)O[C@]13C)OC,SML2162,Telithromycin,SIGMA,2021_LOPAC_01,null,null,null,null,null,null,null,null,null,null,null,9.809,0,null,null,null,null,null,null,null,null,0,null,null,4.762,-5.047,9.659,null,null,null,null,null,null,null,null,null,null,LJVAJPDWBABPEJ,null,TRND,ZhmDoMlPFtdhecsLmp,null,null,null,null,null,null,null,null,null,191114-48-4,null,null,null,0,4,null,null,null,173031,null,1,1,2025-06-17 15:29:19,null,null,null,null,null,null,null,364786095,activity,null,HTS,null,2.922,-5.047,3.679,4.762,null,null,null,null,null,null,null,null,null,null,null,null,null,null,null,null,null,null,null,null,null,278939124
TRND-Glioblastoma_LOPAC_H4-primary_screen2,NCGC00507719-02,activity,null,4,4.454,4,0,null,NC1=C(SC2=NC3=C(CCC3)C=C12)C(=O)NC4=C(Br)C=C(F)C=C4F,SML1640,DC_AC50,SIGMA,2021_LOPAC_01,null,null,null,null,null,null,null,null,null,null,null,9.575,0,null,null,null,null,null,null,null,null,0,null,null,6.77,-2.805,1.209,null,null,null,null,null,null,null,null,null,null,DFNOJNBNTVQPCA,null,TRND,fsFNPhwRXKLYKDTRQb,null,null,null,null,null,null,null,null,null,null,null,null,null,0,4,null,null,null,173031,null,1,1,2025-06-17 15:29:19,null,null,null,null,null,null,null,364789663,activity,null,HTS,null,-2.805,2.745,6.77,4.454,null,null,null,null,null,null,null,null,null,null,null,null,null,null,null,null,null,null,null,null,null,278939127
TRND-Glioblastoma_LOPAC_H4-primary_screen2,NCGC00016306-21,activity,null,4,-2.331,4,-14.297,0.6,N[C@@H]1CONC1=O,C3909,D-Cycloserine,SIGMA,2021_LOPAC_01,null,null,null,null,null,null,null,null,null,null,null,10.211,-4.797,0.355,0.915,null,null,null,null,null,null,9.5,null,null,7.88,-2.331,25.193,23.825,null,null,null,null,null,null,null,null,null,DYDCUQKUCUHJBH,null,TRND,QbtynhyCrROjFUSXfT,null,Anti-tuberculosis,null,null,null,null,null,null,null,68-41-7,ddlA,null,null,0,4,0,null,null,173031,0 0 0 0,1,1,2025-06-17 15:29:19,null,null,null,null,null,null,null,364786235,activity,null,HTS,null,7.88,3.605,2.905,-2.331,null,null,null,null,null,null,null,null,null,null,null,null,null,null,null,null,null,null,null,null,null,278939128
TRND-Glioblastoma_LOPAC_H4-primary_screen2,NCGC00094132-10,activity,null,4,6.582,4,0,null,C[S+]([O-])(=N)CC[C@H](N)C(O)=O,M5379,L-Methionine sulfoximine,SIGMA,2021_LOPAC_01,null,null,null,null,null,null,null,null,null,null,null,3.42,0,null,null,null,null,null,null,null,null,0,null,null,7.631,4.212,30.853,null,null,null,null,null,null,null,null,null,null,QLMUQBNMEHYOAX,null,TRND,aGfpgYLMOuOeXMgMcx,null,null,null,null,null,null,null,null,null,15985-39-4,null,null,null,0,4,null,null,null,173031,null,1,1,2025-06-17 15:29:19,null,null,null,null,null,null,null,364789991,activity,null,HTS,null,7.631,4.212,4.677,6.582,null,null,null,null,null,null,null,null,null,null,null,null,null,null,null,null,null,null,null,null,null,278939129
TRND-Glioblastoma_LOPAC_H4-primary_screen2,NCGC00162096-08,activity,null,4,-21.485,4,-26.782,4.095,[H][C@@]1(CN(CC=C)CCC2=C1C=C(O)C(O)=C2Br)C3=CC=CC=C3,B135,R(+)-6-BRomo-APB hydrobromide,SIGMA,2021_LOPAC_01,null,null,null,null,null,null,null,null,null,null,null,28.309,-21.782,0.163,0.983,null,null,null,null,null,null,5,null,null,6.824,-21.485,10.115,6.516,null,null,null,null,null,null,null,null,null,KKZGFVAZUKHFAC,null,TRND,EqGAZjkXuQSERsQbZj,null,null,null,null,BR,null,null,null,null,null,null,null,null,0,4,0,null,null,173031,0 0 0 0,1,1,2025-06-17 15:29:19,null,null,null,null,null,null,null,364788847,activity,null,HTS,null,6.824,2.798,0.739,-21.485,null,null,null,null,null,null,null,null,null,null,null,null,null,null,null,null,null,null,null,null,null,278939130
TRND-Glioblastoma_LOPAC_H4-primary_screen2,NCGC00015862-21,activity,null,4,1.233,4,-13,1.464,CN(C)C(=O)OC1=CC=C[N+](C)=C1,P9797,Pyridostigmine bromide,SIGMA,2021_LOPAC_01,null,null,null,null,null,null,null,null,null,null,null,10.237,2,0.301,0.941,null,null,null,null,null,null,15,null,null,11.47,1.233,38.006,37.181,null,null,null,null,null,null,null,null,null,RVOLLAQWKVFTGE,null,TRND,RsYQIUmOtcNfJjyeCb,null,null,null,null,BR,null,null,null,null,101-26-8,null,null,null,0,4,0,null,null,173031,0 0 0 0,1,1,2025-06-17 15:29:19,null,null,null,null,null,null,null,364789955,activity,null,HTS,null,11.47,4.008,3.897,1.233,null,null,null,null,null,null,null,null,null,null,null,null,null,null,null,null,null,null,null,null,null,278939131
TRND-Glioblastoma_LOPAC_H4-primary_screen2,NCGC00179344-08,activity,null,4,6.026,4,0,null,CC(C)(C)C(=O)OCOC(=O)[C@@H]1N2[C@H](SC1(C)C)[C@H](\N=C\N3CCCCCC3)C2=O,SML0817,Pivmecillinam,SIGMA,2021_LOPAC_01,null,null,null,null,null,null,null,null,null,null,null,7.159,0,null,null,null,null,null,null,null,null,0,null,null,7.893,0.734,15.668,null,null,null,null,null,null,null,null,null,null,NPGNOVNWUSPMDP,null,TRND,ZlaHEedkWdEnRsfUEe,null,null,null,null,null,null,null,null,null,[NO STEREO] 32887-03-9,null,null,null,0,4,null,null,null,173031,null,1,1,2025-06-17 15:29:19,null,null,null,null,null,null,null,364790323,activity,null,HTS,null,0.734,7.075,7.893,6.026,null,null,null,null,null,null,null,null,null,null,null,null,null,null,null,null,null,null,null,null,null,278939132
TRND-Glioblastoma_LOPAC_H4-primary_screen2,NCGC00015305-07,activity,null,4,1.38,4,-11.954,3.99,CCCN1C2=C(N(C)C=N2)C(=O)N(CCC)C1=O,D108,"1,3-Dipropyl-7-methylxanthine",SIGMA,2021_LOPAC_01,null,null,null,null,null,null,null,null,null,null,null,13.72,-0.454,0.33,0.927,null,null,null,null,null,null,11.5,null,null,11.258,-2.462,31.857,32.903,null,null,null,null,null,null,null,null,null,QVAYTZAGDQIWMB,null,TRND,TMfYeLdSNlQlvwiHeC,null,null,null,null,null,null,null,null,null,null,null,null,null,0,4,0,null,null,173031,0 0 0 0,1,1,2025-06-17 15:29:19,null,null,null,null,null,null,null,364785999,activity,null,HTS,null,11.258,2.305,-2.462,1.38,null,null,null,null,null,null,null,null,null,null,null,null,null,null,null,null,null,null,null,null,null,278939643
TRND-Glioblastoma_LOPAC_H4-primary_screen2,NCGC00164561-12,activity,null,4,2.592,4,-13.871,4.955,[H][C@@](O)(CO)[C@@]([H])(O)[C@]1([H])OC(=C[C@]([H])(NC(N)=N)[C@@]1([H])NC(C)=O)C(O)=O,SML0492,Zanamivir,SIGMA,2021_LOPAC_01,null,null,null,null,null,null,null,null,null,null,null,13.233,0.629,0.353,0.915,null,null,null,null,null,null,14.5,null,null,11.674,-1.559,33.004,33.905,null,null,null,null,null,null,null,null,null,ARAIBEBZBOPLMB,null,TRND,gKBHndOQmfARInabGP,null,null,null,null,null,null,null,null,null,139110-80-8,null,null,null,0,4,0,null,null,173031,0 0 0 0,1,1,2025-06-17 15:29:19,null,null,null,null,null,null,null,364785731,activity,null,HTS,null,11.674,-1.559,0.477,2.592,null,null,null,null,null,null,null,null,null,null,null,null,null,null,null,null,null,null,null,null,null,278939644
TRND-Glioblastoma_LOPAC_H4-primary_screen2,NCGC00015616-07,activity,null,4,-17.099,4,-20.019,4.955,C(N1CCC2(CCCC3=C2C=CC=C3)CC1)C4=CC=CC=C4,L8539,"L-687,384 hydrochloride",SIGMA,2021_LOPAC_01,null,null,null,null,null,null,null,null,null,null,null,22.628,-19.519,0.488,0.817,null,null,null,null,null,null,0.5,null,null,5.529,-17.099,3.881,-6.918,null,null,null,null,null,null,null,null,null,MLDCBJPLHBPJET,null,TRND,HbHPDHJQLhbQnuRWzv,null,null,null,null,CL,null,null,null,null,null,null,null,null,0,4,0,null,null,173031,0 0 0 0,1,1,2025-06-17 15:29:19,null,null,null,null,null,null,null,364790015,activity,null,HTS,null,5.529,-4.73,1.187,-17.099,null,null,null,null,null,null,null,null,null,null,null,null,null,null,null,null,null,null,null,null,null,278939645
TRND-Glioblastoma_LOPAC_H4-primary_screen2,NCGC00015865-13,activity,null,4,10.831,4,0,null,OC(=O)C1=C(N=CC=C1)C(O)=O,P63204,Quinolinic acid,SIGMA,2021_LOPAC_01,null,null,null,null,null,null,null,null,null,null,null,6.654,0,null,null,null,null,null,null,null,null,0,null,null,10.831,4.177,41.147,null,null,null,null,null,null,null,null,null,null,GJAWHXHKYYXBSV,null,TRND,RIqVIDsRqakmACKnGJ,null,null,null,null,null,null,null,null,null,89-00-9,null,null,null,0,4,null,null,null,173031,null,1,1,2025-06-17 15:29:19,null,null,null,null,null,null,null,364786823,activity,null,HTS,null,10.206,6.022,4.177,10.831,null,null,null,null,null,null,null,null,null,null,null,null,null,null,null,null,null,null,null,null,null,278939646
TRND-Glioblastoma_LOPAC_H4-primary_screen2,NCGC00015381-07,activity,null,4,9.095,4,0,null,OC(=O)CC1=CC(O)=C(O)C=C1,D9128,"3,4-Dihydroxyphenylacetic acid",SIGMA,2021_LOPAC_01,null,null,null,null,null,null,null,null,null,null,null,6.264,0,null,null,null,null,null,null,null,null,0,null,null,9.095,2.831,28.353,null,null,null,null,null,null,null,null,null,null,CFFZDZCDUFSOFZ,null,TRND,aOScWryFjJkuNKUNFf,null,null,null,null,null,null,null,null,null,102-32-9,null,null,null,0,4,null,null,null,173031,null,1,1,2025-06-17 15:29:19,null,null,null,null,null,null,null,364785951,activity,null,HTS,null,6.899,2.831,3.5,9.095,null,null,null,null,null,null,null,null,null,null,null,null,null,null,null,null,null,null,null,null,null,278939647
TRND-Glioblastoma_LOPAC_H4-primary_screen2,NCGC00162286-04,activity,null,4,10.722,4,0,null,NC(=O)C1=CN(C=CC1)C2OC(COP([O-])(=O)OP([O-])(=O)OC[C@H]3O[C@H]([C@H](OP([O-])([O-])=O)C3O)N4C=NC5=C4N=CN=C5N)C(O)C2O,N7505,NADPH tetrasodium,SIGMA,2021_LOPAC_01,null,null,null,null,null,null,null,null,null,null,null,6.034,0,null,null,null,null,null,null,null,null,0,null,null,11.65,5.616,49.339,null,null,null,null,null,null,null,null,null,null,ACFIXJIJDZMPPO,null,TRND,sFyAbSdrJGclBQCBLE,null,null,null,null,SODIUM,null,null,null,null,null,null,null,null,0,4,null,null,null,173031,null,1,1,2025-06-17 15:29:19,null,null,null,null,null,null,null,364790319,activity,null,HTS,null,11.65,10.653,5.616,10.722,null,null,null,null,null,null,null,null,null,null,null,null,null,null,null,null,null,null,null,null,null,278939648
TRND-Glioblastoma_LOPAC_H4-primary_screen2,NCGC00015021-07,activity,null,4,1.711,4,6.057,4.955,O=C1NC(=O)C2=C(N1)N=C3C=CC=CC3=N2,A242,Alloxazine,SIGMA,2021_LOPAC_01,null,null,null,null,null,null,null,null,null,null,null,11.809,3.5,0.706,0.472,null,null,null,null,null,null,-2.557,null,null,5.095,-6.714,3.856,-4.641,null,null,null,null,null,null,null,null,null,HAUGRYOERYOXHX,null,TRND,CBynwuxmOALyFxGypN,null,null,null,null,null,null,null,null,null,null,null,null,null,0,4,0,null,null,173031,0 0 0 0,1,1,2025-06-17 15:29:19,null,null,null,null,null,null,null,364789847,activity,null,HTS,null,1.472,-6.714,5.095,1.711,null,null,null,null,null,null,null,null,null,null,null,null,null,null,null,null,null,null,null,null,null,278939650
TRND-Glioblastoma_LOPAC_H4-primary_screen2,NCGC00025228-20,activity,null,4,7.271,4,0,null,CC(=O)C1=C(O)C(CC2=C(O)C(C(=O)\C=C\C3=CC=CC=C3)=C4OC(C)(C)C=CC4=C2O)=C(O)C(C)=C1O,R5648,Rottlerin,SIGMA,2021_LOPAC_01,null,null,null,null,null,null,null,null,null,null,null,1.77,0,null,null,null,null,null,null,null,null,0,null,null,7.271,5.501,28.144,null,null,null,null,null,null,null,null,null,null,DEZFNHCVIZBHBI,null,TRND,xHvvraKCvGryQwiWnp,null,null,null,null,null,null,null,null,null,82-08-6,null,null,null,0,4,null,null,null,173031,null,1,1,2025-06-17 15:29:19,null,null,null,null,null,null,null,364786079,activity,null,HTS,null,5.615,5.501,6.998,7.271,null,null,null,null,null,null,null,null,null,null,null,null,null,null,null,null,null,null,null,null,null,278939651
TRND-Glioblastoma_LOPAC_H4-primary_screen2,NCGC00015755-14,activity,null,4,2.034,4,0,null,CC1=NC(N)=C(CNC(=O)N(CCCl)N=O)C=N1,N8659,Nimustine hydrochloride,SIGMA,2021_LOPAC_01,null,null,null,null,null,null,null,null,null,null,null,7.361,0,null,null,null,null,null,null,null,null,0,null,null,9.395,2.034,32.343,null,null,null,null,null,null,null,null,null,null,VFEDRRNHLBGPNN,null,TRND,GvNydEyVXSNKmofDAw,null,null,null,null,CL,null,null,null,null,42471-28-3,null,null,null,0,4,null,null,null,173031,null,1,1,2025-06-17 15:29:19,null,null,null,null,null,null,null,364786515,activity,null,HTS,null,9.395,2.298,5.143,2.034,null,null,null,null,null,null,null,null,null,null,null,null,null,null,null,null,null,null,null,null,null,278939652
TRND-Glioblastoma_LOPAC_H4-primary_screen2,NCGC00015083-12,activity,null,4,6.89,4,0,null,NCCCCNC(N)=N,A7127,Agmatine sulfate,SIGMA,2021_LOPAC_01,null,null,null,null,null,null,null,null,null,null,null,9.522,0,null,null,null,null,null,null,null,null,0,null,null,12.38,2.857,42.958,null,null,null,null,null,null,null,null,null,null,QYPPJABKJHAVHS,null,TRND,NGHJVQJxHGaKNuCMxV,null,null,null,null,SULFURIC_ACID,null,null,null,null,2482-00-0,null,null,null,0,4,null,null,null,173031,null,1,1,2025-06-17 15:29:19,null,null,null,null,null,null,null,364788591,activity,null,HTS,null,12.38,4.268,2.857,6.89,null,null,null,null,null,null,null,null,null,null,null,null,null,null,null,null,null,null,null,null,null,278939653
TRND-Glioblastoma_LOPAC_H4-primary_screen2,NCGC00162278-07,activity,null,4,9.603,4,10.142,2.333,C[C@@H]1O[C@H](C[N+](C)(C)C)C[C@H]1O,M104,(±)-Muscarine chloride,SIGMA,2021_LOPAC_01,null,null,null,null,null,null,null,null,null,null,null,10.152,10,0.088,0.995,null,null,null,null,null,null,-0.142,null,null,10.034,-0.118,14.758,15.43,null,null,null,null,null,null,null,null,null,UQOFGTXDASPNLL,null,TRND,UKLKXdKjYWtJQDetIt,null,null,null,null,CL,null,null,null,null,2303-35-7,null,null,null,0,4,0,null,null,173031,0 0 0 0,1,1,2025-06-17 15:29:19,null,null,null,null,null,null,null,364788943,activity,null,HTS,null,-0.118,4.323,10.034,9.603,null,null,null,null,null,null,null,null,null,null,null,null,null,null,null,null,null,null,null,null,null,278939656
TRND-Glioblastoma_LOPAC_H4-primary_screen2,NCGC00015270-06,activity,null,4,11.089,4,0,null,OC(=O)C1=CC(=O)C=C(N1)C(O)=O,C8011,Chelidamic acid,SIGMA,2021_LOPAC_01,null,null,null,null,null,null,null,null,null,null,null,9.671,0,null,null,null,null,null,null,null,null,0,null,null,11.924,2.253,22.445,null,null,null,null,null,null,null,null,null,null,XTLJJHGQACAZMS,null,TRND,ShwfCpcrITsrUgCOKl,null,null,null,null,H2O,null,null,null,null,null,null,null,null,0,4,null,null,null,173031,null,1,1,2025-06-17 15:29:19,null,null,null,null,null,null,null,364788887,activity,null,HTS,null,2.253,11.924,2.905,11.089,null,null,null,null,null,null,null,null,null,null,null,null,null,null,null,null,null,null,null,null,null,278939657
TRND-Glioblastoma_LOPAC_H4-primary_screen2,NCGC00015724-30,activity,null,4,3.945,4,0,null,OC(=O)C1=C(NC2=CC=CC(=C2)C(F)(F)F)N=CC=C1,N0630,Niflumic acid,SIGMA,2021_LOPAC_01,null,null,null,null,null,null,null,null,null,null,null,8.43,0,null,null,null,null,null,null,null,null,0,null,null,6.749,-1.682,22.497,null,null,null,null,null,null,null,null,null,null,JZFPYUNJRRFVQU,null,TRND,WqlpwGEiEHfnKjgusY,null,null,null,null,null,null,null,null,null,4394-00-7,null,null,null,0,4,null,null,null,173031,null,1,1,2025-06-17 15:29:19,null,null,null,null,null,null,null,364788351,activity,null,HTS,null,6.749,4.106,-1.682,3.945,null,null,null,null,null,null,null,null,null,null,null,null,null,null,null,null,null,null,null,null,null,278939658
TRND-Glioblastoma_LOPAC_H4-primary_screen2,NCGC00015840-19,activity,null,4,-5.863,4,-14.535,4.955,OC1=CC=C(CCC(=O)C2=C(O)C=C(O)C=C2O)C=C1,P7912,Phloretin,SIGMA,2021_LOPAC_01,null,null,null,null,null,null,null,null,null,null,null,15.367,-2.035,0.575,0.72,null,null,null,null,null,null,12.5,null,null,9.505,-5.863,23.238,22.866,null,null,null,null,null,null,null,null,null,VGEREEWJJVICBM,null,TRND,mHUgJphvBDPMubtoIP,null,Vascular cell adhesion protein 1 Expression inhibitor,null,null,null,null,null,null,null,60-82-2,VCAM1,null,null,0,4,0,null,null,173031,0 0 0 0,1,1,2025-06-17 15:29:19,null,null,null,null,null,null,null,364788627,activity,null,HTS,null,9.505,-2.895,2.812,-5.863,null,null,null,null,null,null,null,null,null,null,null,null,null,null,null,null,null,null,null,null,null,278939659
TRND-Glioblastoma_LOPAC_H4-primary_screen2,NCGC00015110-23,activity,null,4,6,4,0,null,CCC1(CCC(=O)NC1=O)C2=CC=C(N)C=C2,A9657,(±)-p-Aminoglutethimide,SIGMA,2021_LOPAC_01,null,null,null,null,null,null,null,null,null,null,null,5.232,0,null,null,null,null,null,null,null,null,0,null,null,6,0.768,14.687,null,null,null,null,null,null,null,null,null,null,ROBVIMPUHSLWNV,null,TRND,zxvAjEtzosTlUJNfNT,null,Aromatase inhibitor,null,null,null,null,null,null,null,125-84-8,CYP19A1,null,null,0,4,null,null,null,173031,null,1,1,2025-06-17 15:29:19,null,null,null,null,null,null,null,364787867,activity,null,HTS,null,3.038,3.67,0.768,6,null,null,null,null,null,null,null,null,null,null,null,null,null,null,null,null,null,null,null,null,null,278939660
TRND-Glioblastoma_LOPAC_H4-primary_screen2,NCGC00015993-07,activity,null,4,4.513,4,0,null,CP([O-])(=O)C1=CC[NH2+]CC1,T200,TPMPA,SIGMA,2021_LOPAC_01,null,null,null,null,null,null,null,null,null,null,null,9.402,0,null,null,null,null,null,null,null,null,0,null,null,9.03,-0.372,33.355,null,null,null,null,null,null,null,null,null,null,MFUKVPOVVKKLRQ,null,TRND,nFXRCoayexdnNtheJZ,null,null,null,null,H2O,null,null,null,null,182485-36-5,null,null,null,0,4,null,null,null,173031,null,1,1,2025-06-17 15:29:19,null,null,null,null,null,null,null,364789627,activity,null,HTS,null,9.03,-0.372,8.841,4.513,null,null,null,null,null,null,null,null,null,null,null,null,null,null,null,null,null,null,null,null,null,278939661
TRND-Glioblastoma_LOPAC_H4-primary_screen2,NCGC00379182-04,activity,null,4,4.585,4,0,null,CC1=CC(CN)=CC(C)=C1NC(=O)C2=CC=C(O2)C3=C(Cl)C=CC(Cl)=C3,SML1066,CYM50358,SIGMA,2021_LOPAC_01,null,null,null,null,null,null,null,null,null,null,null,6.224,0,null,null,null,null,null,null,null,null,0,null,null,9.259,3.036,27.269,null,null,null,null,null,null,null,null,null,null,QWJOPXDAQCDRRM,null,TRND,JagfnJBoAEcgqsUdNL,null,null,null,null,null,null,null,null,null,null,null,null,null,0,4,null,null,null,173031,null,1,1,2025-06-17 15:29:19,null,null,null,null,null,null,null,364785343,activity,null,HTS,null,5.86,3.036,9.259,4.585,null,null,null,null,null,null,null,null,null,null,null,null,null,null,null,null,null,null,null,null,null,278939662
TRND-Glioblastoma_LOPAC_H4-primary_screen2,NCGC00015269-12,activity,null,4,5.171,4,7.97,4.955,CN(C1CCCCC1)C(=O)CCCOC2=CC3=C(NC(=O)C=C3)C=C2,C7971,Cilostamide,SIGMA,2021_LOPAC_01,null,null,null,null,null,null,null,null,null,null,null,10.937,6.5,0.476,0.83,null,null,null,null,null,null,-1.47,null,null,7.629,-3.308,7.75,2.798,null,null,null,null,null,null,null,null,null,UIAYVIIHMORPSJ,null,TRND,RxdwXcuXPBZdZygaRe,null,null,null,null,null,null,null,null,null,68550-75-4,null,null,null,0,4,0,null,null,173031,0 0 0 0,1,1,2025-06-17 15:29:19,null,null,null,null,null,null,null,364788247,activity,null,HTS,null,0.724,-3.308,7.629,5.171,null,null,null,null,null,null,null,null,null,null,null,null,null,null,null,null,null,null,null,null,null,278939663
TRND-Glioblastoma_LOPAC_H4-primary_screen2,NCGC00024948-07,activity,null,4,4.743,4,0,null,CCOC(=O)C12CC1\C(=N/O)C3=C(O2)C=CC=C3,SML1124,CPCCOEt,SIGMA,2021_LOPAC_01,null,null,null,null,null,null,null,null,null,null,null,4.269,0,null,null,null,null,null,null,null,null,0,null,null,6.693,2.424,17.506,null,null,null,null,null,null,null,null,null,null,FXCTZFMSAHZQTR,null,TRND,WbLOALOQxVAlVntTbv,null,null,null,null,null,null,null,null,null,null,null,null,null,0,4,null,null,null,173031,null,1,1,2025-06-17 15:29:19,null,null,null,null,null,null,null,364788423,activity,null,HTS,null,2.424,5.159,6.693,4.743,null,null,null,null,null,null,null,null,null,null,null,null,null,null,null,null,null,null,null,null,null,278939664
TRND-Glioblastoma_LOPAC_H4-primary_screen2,NCGC00690006-01,activity,null,4,-24.363,4,-31.235,4.955,CCN(C)C(=O)C2(CCOC1=CC=CC=C1)CCN(CC3=CC(Cl)=C(O)C=C3)CC2,SML2164,Bepristat 1a,SIGMA,2021_LOPAC_01,null,null,null,null,null,null,null,null,null,null,null,33.22,-26.735,0.348,0.917,null,null,null,null,null,null,4.5,null,null,8.857,-24.363,-6.723,5.833,null,null,null,null,null,null,null,null,null,AYJKPBTXOIHUFT,null,TRND,EjUePGygCTAoUgchCS,null,null,null,null,null,null,null,null,null,null,null,null,null,0,4,0,null,null,173031,0 0 0 0,1,1,2025-06-17 15:29:19,null,null,null,null,null,null,null,364787355,activity,null,HTS,null,-1.39,5.365,8.857,-24.363,null,null,null,null,null,null,null,null,null,null,null,null,null,null,null,null,null,null,null,null,null,278939666
TRND-Glioblastoma_LOPAC_H4-primary_screen2,NCGC00015151-06,activity,null,4,2.555,4,0,null,C[N+](C)(C)CC=O,B3650,Betaine aldehyde chloride,SIGMA,2021_LOPAC_01,null,null,null,null,null,null,null,null,null,null,null,3.578,0,null,null,null,null,null,null,null,null,0,null,null,2.555,-1.024,-0.583,null,null,null,null,null,null,null,null,null,null,SXKNCCSPZDCRFD,null,TRND,VWXreUYpBEKapUnOSl,null,null,null,null,CL,null,null,null,null,null,null,null,null,0,4,null,null,null,173031,null,1,1,2025-06-17 15:29:19,null,null,null,null,null,null,null,364786867,activity,null,HTS,null,-1.024,0.301,1.008,2.555,null,null,null,null,null,null,null,null,null,null,null,null,null,null,null,null,null,null,null,null,null,278939667
TRND-Glioblastoma_LOPAC_H4-primary_screen2,NCGC00015766-27,activity,null,4,3.996,4,0,null,CC1=CC(=C(O)C(C)=C1CC2=NCCN2)C(C)(C)C,O2378,Oxymetazoline hydrochloride,SIGMA,2021_LOPAC_01,null,null,null,null,null,null,null,null,null,null,null,5.412,0,null,null,null,null,null,null,null,null,0,null,null,6.533,1.121,23.288,null,null,null,null,null,null,null,null,null,null,WYWIFABBXFUGLM,null,TRND,bCsKQvBsIloCwrUjpJ,null,Alpha-1A Adrenergic Receptor agonist,null,null,CL,null,null,null,null,151615,ADRA1A,null,null,0,4,null,null,null,173031,null,1,1,2025-06-17 15:29:19,null,null,null,null,null,null,null,364787051,activity,null,HTS,null,6.533,3.253,1.121,3.996,null,null,null,null,null,null,null,null,null,null,null,null,null,null,null,null,null,null,null,null,null,278939668
TRND-Glioblastoma_LOPAC_H4-primary_screen2,NCGC00093933-05,activity,null,4,7.983,4,0,null,N[C@@H](CC1=CC=C(F)C=C1)C(O)=O,F4646,p-Fluoro-L-phenylalanine,SIGMA,2021_LOPAC_01,null,null,null,null,null,null,null,null,null,null,null,8.848,0,null,null,null,null,null,null,null,null,0,null,null,7.983,-0.864,7.688,null,null,null,null,null,null,null,null,null,null,XWHHYOYVRVGJJY,null,TRND,nxAjpLLTQEjMUuHXWM,null,null,null,null,null,null,null,null,null,1132-68-9,null,null,null,0,4,null,null,null,173031,null,1,1,2025-06-17 15:29:19,null,null,null,null,null,null,null,364789475,activity,null,HTS,null,-0.864,3.412,5.013,7.983,null,null,null,null,null,null,null,null,null,null,null,null,null,null,null,null,null,null,null,null,null,278939669
TRND-Glioblastoma_LOPAC_H4-primary_screen2,NCGC00387496-04,activity,null,4,-4.963,4,-16.456,4.504,CC1=CC(C)=NC(SCC(=O)NC2=NC=C(CC3=CC=CC4=C3C=CC=C4)S2)=N1,SML1514,SirReal2,SIGMA,2021_LOPAC_01,null,null,null,null,null,null,null,null,null,null,null,20.393,-0.956,0.463,0.84,null,null,null,null,null,null,15.5,null,null,15.43,-4.963,43.566,42.606,null,null,null,null,null,null,null,null,null,MENNDDDTIIZDDN,null,TRND,rtCwWuaAjsNmfKQkdB,null,null,null,null,null,null,null,null,null,null,null,null,null,0,4,0,null,null,173031,0 0 0 0,1,1,2025-06-17 15:29:19,null,null,null,null,null,null,null,364788575,activity,null,HTS,null,15.43,1.389,3.406,-4.963,null,null,null,null,null,null,null,null,null,null,null,null,null,null,null,null,null,null,null,null,null,278939670
TRND-Glioblastoma_LOPAC_H4-primary_screen2,NCGC00015868-08,activity,null,4,10.525,4,0,null,[O-][N+](=O)C1=CC=C2N=C(C=CC2=C1)N3CCNCC3,Q109,"Quipazine, 6-nitro-, maleate",SIGMA,2021_LOPAC_01,null,null,null,null,null,null,null,null,null,null,null,8.502,0,null,null,null,null,null,null,null,null,0,null,null,10.525,2.024,30.17,null,null,null,null,null,null,null,null,null,null,GGDBEAVVGFNWIA,null,TRND,SBwljlOJGqrIcMxCmQ,null,null,null,null,MALEATE,null,null,null,null,129047-05-8,null,null,null,0,4,null,null,null,173031,null,1,1,2025-06-17 15:29:19,null,null,null,null,null,null,null,364788115,activity,null,HTS,null,7.015,5.371,2.024,10.525,null,null,null,null,null,null,null,null,null,null,null,null,null,null,null,null,null,null,null,null,null,278939671
TRND-Glioblastoma_LOPAC_H4-primary_screen2,NCGC00015771-29,activity,null,4,15.794,4,16.854,4.955,CN(C)CCOC(C1=CC=CC=C1)C2=C(C)C=CC=C2,O3752,Orphenadrine hydrochloride,SIGMA,2021_LOPAC_01,null,null,null,null,null,null,null,null,null,null,null,17.338,17,0.285,0.946,null,null,null,null,null,null,0.146,null,null,15.794,-1.545,13.799,8.95,null,null,null,null,null,null,null,null,null,QVYRGXJJSLMXQH,null,TRND,WdEDysuYReZQRFJhmw,null,null,null,null,CL,null,null,null,null,341-69-5,null,null,null,0,4,0,null,null,173031,0 0 0 0,1,1,2025-06-17 15:29:19,null,null,null,null,null,null,null,364785787,activity,null,HTS,null,2.625,-1.015,-1.545,15.794,null,null,null,null,null,null,null,null,null,null,null,null,null,null,null,null,null,null,null,null,null,278939672
TRND-Glioblastoma_LOPAC_H4-primary_screen2,NCGC00387064-06,activity,null,4,6.231,4,0,null,CCCCCCCCCCCC(=O)C1=C(O)C(C(=O)CCCCCCCCCCC)=C(O)C(C2CC(OC3=C2C=CC(O)=C3)C4=CC=C(O)C=C4)=C1O,SML1226,YM-26734,SIGMA,2021_LOPAC_01,null,null,null,null,null,null,null,null,null,null,null,5.887,0,null,null,null,null,null,null,null,null,0,null,null,8.36,2.473,30.919,null,null,null,null,null,null,null,null,null,null,CEJAYJCUSZHYDS,null,TRND,nHYEDsjwKTXDuQVUno,null,null,null,null,null,null,null,null,null,null,null,null,null,0,4,null,null,null,173031,null,1,1,2025-06-17 15:29:19,null,null,null,null,null,null,null,364786139,activity,null,HTS,null,8.36,2.473,3.881,6.231,null,null,null,null,null,null,null,null,null,null,null,null,null,null,null,null,null,null,null,null,null,278939673
TRND-Glioblastoma_LOPAC_H4-primary_screen2,NCGC00017400-24,activity,null,4,17.466,4,21,0.6,[H][C@@]12CCCN1C(=O)[C@]([H])(CC3=CC=CC=C3)N4C(=O)[C@](C)(NC(=O)[C@@]5([H])CN(C)[C@]6([H])CC7=CNC8=CC=CC(=C78)[C@@]6([H])C5)O[C@@]24O,D2763,Dihydroergotamine methanesulfonate,SIGMA,2021_LOPAC_01,null,null,null,null,null,null,null,null,null,null,null,13.54,21.5,0.148,0.986,null,null,null,null,null,null,0.5,null,null,17.466,3.926,34.674,35.245,null,null,null,null,null,null,null,null,null,LUZRJRNZXALNLM,null,TRND,btphlFxXuDSKMyVLIq,null,null,null,null,SULFONICACID_V1,null,null,null,null,6190-39-2,null,null,null,0,4,0,null,null,173031,0 0 0 0,1,1,2025-06-17 15:29:19,null,null,null,null,null,null,null,364787271,activity,null,HTS,null,3.926,8.727,12.153,17.466,null,null,null,null,null,null,null,null,null,null,null,null,null,null,null,null,null,null,null,null,null,278939674
TRND-Glioblastoma_LOPAC_H4-primary_screen2,NCGC00093543-05,activity,null,4,2.667,4,0,null,C[C@H](CCC(=O)NCC[S+](O)([O-])=O)C1CCC2C3[C@H](O)CC4C[C@H](O)CCC4(C)C3C[C@H](O)C12C,T9034,Sodium Taurocholate hydrate,SIGMA,2021_LOPAC_01,null,null,null,null,null,null,null,null,null,null,null,7.701,0,null,null,null,null,null,null,null,null,0,null,null,10.368,2.667,38.503,null,null,null,null,null,null,null,null,null,null,NPEDSWAUKPNTNM,null,TRND,ytciyJEHdLiPIdDNOB,null,null,null,null,SODIUM,null,null,null,null,[NO STEREO] 81-24-3,null,null,null,0,4,null,null,null,173031,null,1,1,2025-06-17 15:29:19,null,null,null,null,null,null,null,364786019,activity,null,HTS,null,10.368,4.768,7.145,2.667,null,null,null,null,null,null,null,null,null,null,null,null,null,null,null,null,null,null,null,null,null,278939675
TRND-Glioblastoma_LOPAC_H4-primary_screen2,NCGC00015462-24,activity,null,4,3.628,4,-11.744,4.955,CC1=NC=C(N=C1)C(=O)NCCC2=CC=C(C=C2)[S+]([O-])(=O)NC(=O)NC3CCCCC3,G117,Glipizide,SIGMA,2021_LOPAC_01,null,null,null,null,null,null,null,null,null,null,null,11.93,-1.744,1,0.782,null,null,null,null,null,null,10,null,null,7.56,-4.37,19.421,18.006,null,null,null,null,null,null,null,null,null,MKGWVFBAAZYWCF,null,TRND,WLSuDysNeFkGBVuKXs,null,K(ATP) Channel activator,null,null,null,null,null,null,null,29094-61-9,KCNJ8,null,null,0,4,1,null,null,173031,0 0 0 1,1,1,2025-06-17 15:29:19,null,null,null,null,null,null,null,364789579,activity,null,HTS,null,7.56,-4.37,1.22,3.628,null,null,null,null,null,null,null,null,null,null,null,null,null,null,null,null,null,null,null,null,null,278939676
TRND-Glioblastoma_LOPAC_H4-primary_screen2,NCGC00015761-13,activity,null,4,3.536,4,0,null,CCCCCCCC\C=C/CCCCCCCC(=O)NCCO,O0383,N-Oleoylethanolamine,SIGMA,2021_LOPAC_01,null,null,null,null,null,null,null,null,null,null,null,7.326,0,null,null,null,null,null,null,null,null,0,null,null,8.331,1.005,27.229,null,null,null,null,null,null,null,null,null,null,BOWVQLFMWHZBEF,null,TRND,tcpVRUViymKYtGDbEx,null,null,null,null,null,null,null,null,null,111-58-0,null,null,null,0,4,null,null,null,173031,null,1,1,2025-06-17 15:29:19,null,null,null,null,null,null,null,364789591,activity,null,HTS,null,8.331,1.005,2.215,3.536,null,null,null,null,null,null,null,null,null,null,null,null,null,null,null,null,null,null,null,null,null,278938589
TRND-Glioblastoma_LOPAC_H4-primary_screen2,NCGC00015455-25,activity,null,4,-22.26,4,-36.712,4.955,CCOC(=O)C1=C(C)NC(C)=C(C1C2=CC=CC(Cl)=C2Cl)C(=O)OC,F9677,Felodipine,SIGMA,2021_LOPAC_01,null,null,null,null,null,null,null,null,null,null,null,33.136,-26.712,0.084,0.996,null,null,null,null,null,null,10,null,null,10.875,-22.26,27.219,29.994,null,null,null,null,null,null,null,null,null,RZTAMFZIAATZDJ,null,TRND,zqCEchJXbvduoyMrma,null,null,null,null,null,null,null,null,null,72509-76-3,null,null,null,0,4,0,null,null,173031,0 0 0 0,1,1,2025-06-17 15:29:19,null,null,null,null,null,null,null,364786967,activity,null,HTS,null,8.583,10.726,10.875,-22.26,null,null,null,null,null,null,null,null,null,null,null,null,null,null,null,null,null,null,null,null,null,278938590
TRND-Glioblastoma_LOPAC_H4-primary_screen2,NCGC00253763-04,activity,null,4,14.611,4,0,null,CC1=C(CCC(=O)C2=CC=C(CC3SC(=O)NC3=O)C=C2)N=C(O1)C4=CC=CC=C4,SML0977,Darglitazone sodium salt,SIGMA,2021_LOPAC_01,null,null,null,null,null,null,null,null,null,null,null,1.997,0,null,null,null,null,null,null,null,null,0,null,null,15.958,13.961,68.129,null,null,null,null,null,null,null,null,null,null,QQKNSPHAFATFNQ,null,TRND,EmCdqGWIdLVpNvGQkT,null,null,null,null,SODIUM,null,null,null,null,141200-24-0,null,null,null,0,4,null,null,null,173031,null,1,1,2025-06-17 15:29:19,null,null,null,null,null,null,null,364790331,activity,null,HTS,null,14.245,13.961,15.958,14.611,null,null,null,null,null,null,null,null,null,null,null,null,null,null,null,null,null,null,null,null,null,278938591
TRND-Glioblastoma_LOPAC_H4-primary_screen2,NCGC00015209-34,activity,null,4,6.088,4,0,null,ClCCN(CCCl)P1(=O)NCCCO1,C0768,Cyclophosphamide monohydrate,SIGMA,2021_LOPAC_01,null,null,null,null,null,null,null,null,null,null,null,3.355,0,null,null,null,null,null,null,null,null,0,null,null,6.088,2.732,18.98,null,null,null,null,null,null,null,null,null,null,CMSMOCZEIVJLDB,null,TRND,raLwqUtYyGVMzJuvRx,null,DNA Alkylating Drug,null,null,H2O,null,null,null,null,50-18-0,H2AX,null,null,0,4,null,null,null,173031,null,1,1,2025-06-17 15:29:19,null,null,null,null,null,null,null,364790159,activity,null,HTS,null,3.622,5.462,2.732,6.088,null,null,null,null,null,null,null,null,null,null,null,null,null,null,null,null,null,null,null,null,null,278938592
TRND-Glioblastoma_LOPAC_H4-primary_screen2,NCGC00402309-06,activity,null,4,-23.309,4,-24.97,4.449,OC1=C(C=CC=C1)C2=NNC(=C2)C3=C(F)C=CC=C3,SML0894,VU0420373,SIGMA,2021_LOPAC_01,null,null,null,null,null,null,null,null,null,null,null,29.618,-23.47,0.362,0.909,null,null,null,null,null,null,1.5,null,null,6.31,-23.309,1.714,-8.491,null,null,null,null,null,null,null,null,null,SJPGLKXXUIEFLO,null,TRND,exSwUHfNsKquyIiimw,null,null,null,null,null,null,null,null,null,null,null,null,null,0,4,0,null,null,173031,0 0 0 0,1,1,2025-06-17 15:29:19,null,null,null,null,null,null,null,364785979,activity,null,HTS,null,6.31,-2.979,-2.091,-23.309,null,null,null,null,null,null,null,null,null,null,null,null,null,null,null,null,null,null,null,null,null,278938593
TRND-Glioblastoma_LOPAC_H4-primary_screen2,NCGC00015256-34,activity,null,4,-13.791,4,-23.049,4.955,CCN(CC)CCCC(C)NC1=CC=NC2=C1C=CC(Cl)=C2,C6628,null,SigmaAldrich,2021_LOPAC_01,null,null,null,null,null,null,null,null,null,null,null,23.319,-16.549,0.35,0.916,null,null,null,null,null,null,6.5,null,null,9.528,-13.791,22.073,19.873,null,null,null,null,null,null,null,null,null,WHTVZRBIWZFKQO,null,TRND,qvrgSgYSRGQXmovLuj,null,Anti-malarial,null,null,PHOSPHORIC_ACID,null,null,null,null,null,TLR9,null,null,0,4,0,null,null,173031,0 0 0 0,1,1,2025-06-17 15:29:19,null,null,null,null,null,null,null,364788855,activity,null,HTS,null,7.586,2.302,9.528,-13.791,null,null,null,null,null,null,null,null,null,null,null,null,null,null,null,null,null,null,null,null,null,278938594
TRND-Glioblastoma_LOPAC_H4-primary_screen2,NCGC00015645-14,activity,null,4,5.43,4,0,null,COC1=C(O)C=CC(CNC(=O)CCCCCCC(C)C)=C1,M1022,Dihydrocapsaicin,SIGMA,2021_LOPAC_01,null,null,null,null,null,null,null,null,null,null,null,4.945,0,null,null,null,null,null,null,null,null,0,null,null,6.082,1.138,24.736,null,null,null,null,null,null,null,null,null,null,XJQPQKLURWNAAH,null,TRND,gkHnSYMRABRHcpJuoP,null,null,null,null,null,null,null,null,null,19408-84-5,null,null,null,0,4,null,null,null,173031,null,1,1,2025-06-17 15:29:19,null,null,null,null,null,null,null,364789271,activity,null,HTS,null,6.082,6.018,1.138,5.43,null,null,null,null,null,null,null,null,null,null,null,null,null,null,null,null,null,null,null,null,null,278938595
TRND-Glioblastoma_LOPAC_H4-primary_screen2,NCGC00014989-13,activity,null,4,3.456,4,0,null,OC(=O)C1=C(NC2=CC=CC=C2)C=CC=C1,144509,N-Phenylanthranilic acid,SIGMA,2021_LOPAC_01,null,null,null,null,null,null,null,null,null,null,null,9.011,0,null,null,null,null,null,null,null,null,0,null,null,9.731,0.72,35.824,null,null,null,null,null,null,null,null,null,null,ZWJINEZUASEZBH,null,TRND,hrUZbIvdEcTdbwROEs,null,null,null,null,null,null,null,null,null,91-40-7,null,null,null,0,4,null,null,null,173031,null,1,1,2025-06-17 15:29:19,null,null,null,null,null,null,null,364786051,activity,null,HTS,null,9.731,0.72,9.292,3.456,null,null,null,null,null,null,null,null,null,null,null,null,null,null,null,null,null,null,null,null,null,278938596
TRND-Glioblastoma_LOPAC_H4-primary_screen2,NCGC00091439-11,activity,null,4,6.074,4,0,null,CN\C(NCCSCC1=C(C)NC=N1)=N/C#N,C4522,Cimetidine,SIGMA,2021_LOPAC_01,null,null,null,null,null,null,null,null,null,null,null,7.719,0,null,null,null,null,null,null,null,null,0,null,null,11.123,3.404,41.643,null,null,null,null,null,null,null,null,null,null,AQIXAKUUQRKLND,null,TRND,UYnjIeQjghmXQuJFil,null,null,null,null,null,null,null,null,null,51481-61-9,null,null,null,0,4,null,null,null,173031,null,1,1,2025-06-17 15:29:19,null,null,null,null,null,null,null,364788807,activity,null,HTS,null,11.123,3.404,7.439,6.074,null,null,null,null,null,null,null,null,null,null,null,null,null,null,null,null,null,null,null,null,null,278938598
TRND-Glioblastoma_LOPAC_H4-primary_screen2,NCGC00164591-18,activity,null,4,5.498,4,0,null,[H][C@@]1(C)CC[C@@]2([H])[C@@]([H])(C)[C@@]([H])(OC)O[C@]3([H])O[C@@]4(C)CC[C@]1([H])[C@@]23OO4,A9361,Artemether,SIGMA,2021_LOPAC_01,null,null,null,null,null,null,null,null,null,null,null,1.843,0,null,null,null,null,null,null,null,null,0,null,null,6.228,4.385,26.536,null,null,null,null,null,null,null,null,null,null,SXYIRMFQILZOAM,null,TRND,nYHgBDCYkRolVLThQj,null,Anti-malarial,null,null,null,null,null,null,null,71963-77-4,EXP-1,null,null,0,4,null,null,null,173031,null,1,1,2025-06-17 15:29:19,null,null,null,null,null,null,null,364788903,activity,null,HTS,null,6.228,4.716,4.385,5.498,null,null,null,null,null,null,null,null,null,null,null,null,null,null,null,null,null,null,null,null,null,278938599
TRND-Glioblastoma_LOPAC_H4-primary_screen2,NCGC00165725-05,activity,null,4,10.494,4,0,null,CN1CCC[C@H]1C2=CC(C)=NO2,A6476,ABT-418 hydrochloride,SIGMA,2021_LOPAC_01,null,null,null,null,null,null,null,null,null,null,null,5.368,0,null,null,null,null,null,null,null,null,0,null,null,11.04,5.672,44.358,null,null,null,null,null,null,null,null,null,null,ILLGYRJAYAAAEW,null,TRND,UBmOsxYVPzQljZfHAI,null,null,null,null,CL,null,null,null,null,null,null,null,null,0,4,null,null,null,173031,null,1,1,2025-06-17 15:29:19,null,null,null,null,null,null,null,364789895,activity,null,HTS,null,11.04,5.672,6.064,10.494,null,null,null,null,null,null,null,null,null,null,null,null,null,null,null,null,null,null,null,null,null,278938602
TRND-Glioblastoma_LOPAC_H4-primary_screen2,NCGC00162266-06,activity,null,4,-14.416,4,-21.299,2.847,OC1C(CC([O-])=O)CCCC2=C1C=CC=C2,N4159,NCS-382,SIGMA,2021_LOPAC_01,null,null,null,null,null,null,null,null,null,null,null,22.278,-15.299,0.186,0.978,null,null,null,null,null,null,6,null,null,7.862,-14.416,10.814,13.727,null,null,null,null,null,null,null,null,null,LVMKJEGBKLMTAR,null,TRND,aVWmOdAIbnqiRQGiHx,null,null,null,null,SODIUM,null,null,null,null,null,null,null,null,0,4,0,null,null,173031,0 0 0 0,1,1,2025-06-17 15:29:19,null,null,null,null,null,null,null,364787107,activity,null,HTS,null,4.401,7.862,0.978,-14.416,null,null,null,null,null,null,null,null,null,null,null,null,null,null,null,null,null,null,null,null,null,278938603
TRND-Glioblastoma_LOPAC_H4-primary_screen2,NCGC00015884-21,activity,null,4,11.427,4,10.5,4.955,C1CC1C(NC2=NCCO2)C3CC3,R134,Rilmenidine hemifumarate,SIGMA,2021_LOPAC_01,null,null,null,null,null,null,null,null,null,null,null,10.836,9,0.492,0.815,null,null,null,null,null,null,-1.5,null,null,11.427,0.591,18.83,18.864,null,null,null,null,null,null,null,null,null,CQXADFVORZEARL,null,TRND,WCxPbRRJsNQDvLvumF,null,Imidazoline I1 (Nischarin) Receptor agonist,null,null,FUMARIC_ACID,null,null,null,null,54187-04-1,NISCH,null,null,0,4,0,null,null,173031,0 0 0 0,1,1,2025-06-17 15:29:19,null,null,null,null,null,null,null,364789307,activity,null,HTS,null,0.591,9.538,6.462,11.427,null,null,null,null,null,null,null,null,null,null,null,null,null,null,null,null,null,null,null,null,null,278938604
TRND-Glioblastoma_LOPAC_H4-primary_screen2,NCGC00094456-05,activity,null,4,15.699,4,0,null,[H][C@@]12CC[C@@](O)(C#N)[C@@]1(C)CCC3C2CCC4=CC5=NC6=NC7=CC=CC=C7N6C=C5C[C@]34C,W104,"WIN 62,577",SIGMA,2021_LOPAC_01,null,null,null,null,null,null,null,null,null,null,null,10.722,0,null,null,null,null,null,null,null,null,0,null,null,15.699,4.977,57.892,null,null,null,null,null,null,null,null,null,null,CURMZJGVCAQSTD,null,TRND,WYXTbSQWCwesTMbcIT,null,null,null,null,null,null,null,null,null,null,null,null,null,0,4,null,null,null,173031,null,1,1,2025-06-17 15:29:19,null,null,null,null,null,null,null,364785871,activity,null,HTS,null,14.835,4.977,7.137,15.699,null,null,null,null,null,null,null,null,null,null,null,null,null,null,null,null,null,null,null,null,null,278938605
TRND-Glioblastoma_LOPAC_H4-primary_screen2,NCGC00115449-05,activity,null,4,-21.196,4,-41.936,1.01,COC1=CC=C(C=C1)N2C(SCC3=NC(=NO3)C4=CC=C(C)C=C4)=NN=C2C5=CC=NC=C5,SML0227,JW74,SIGMA,2021_LOPAC_01,null,null,null,null,null,null,null,null,null,null,null,35.797,-25.436,0.068,0.997,null,null,null,null,null,null,16.5,null,null,14.601,-21.196,29.864,29.754,null,null,null,null,null,null,null,null,null,KRIKILRRJCIWNB,null,TRND,RaklNdpWpjHsjtPnSw,null,null,null,null,null,null,null,null,null,null,null,null,null,0,4,0,null,null,173031,0 0 0 0,1,1,2025-06-17 15:29:19,null,null,null,null,null,null,null,364790367,activity,null,HTS,null,14.601,7.378,-6.678,-21.196,null,null,null,null,null,null,null,null,null,null,null,null,null,null,null,null,null,null,null,null,null,278938606
TRND-Glioblastoma_LOPAC_H4-primary_screen2,NCGC00015453-23,activity,null,4,2.613,4,-10,3.132,CC(C)(C(O)=O)C1=CC=C(C=C1)C(O)CCCN2CCC(CC2)C(O)(C3=CC=CC=C3)C4=CC=CC=C4,F9427,Fexofenadine hydrochloride,SIGMA,2021_LOPAC_01,null,null,null,null,null,null,null,null,null,null,null,10.968,1.5,0.257,0.958,null,null,null,null,null,null,11.5,null,null,11.197,0.229,39.119,40.362,null,null,null,null,null,null,null,null,null,RWTNPBWLLIMQHL,null,TRND,CEPpIeOgVgcFwebCDE,null,null,null,null,CL,null,null,null,null,83799-24-0,null,null,null,0,4,0,null,null,173031,0 0 0 0,1,1,2025-06-17 15:29:19,null,null,null,null,null,null,null,364785687,activity,null,HTS,null,11.197,9.321,0.229,2.613,null,null,null,null,null,null,null,null,null,null,null,null,null,null,null,null,null,null,null,null,null,278938607
TRND-Glioblastoma_LOPAC_H4-primary_screen2,NCGC00015746-07,activity,null,4,3.785,4,0,null,COC1=C(O)C=CC(=C1)C(O)CN,N7127,(±)-Normetanephrine hydrochloride,SIGMA,2021_LOPAC_01,null,null,null,null,null,null,null,null,null,null,null,3.459,0,null,null,null,null,null,null,null,null,0,null,null,6.846,3.387,19.553,null,null,null,null,null,null,null,null,null,null,YNYAYWLBAHXHLL,null,TRND,jrxwAlFYqmtDyOSAsv,null,null,null,null,CL,null,null,null,null,1011-74-1,null,null,null,0,4,null,null,null,173031,null,1,1,2025-06-17 15:29:19,null,null,null,null,null,null,null,364789039,activity,null,HTS,null,3.387,6.846,4.831,3.785,null,null,null,null,null,null,null,null,null,null,null,null,null,null,null,null,null,null,null,null,null,278938608
TRND-Glioblastoma_LOPAC_H4-primary_screen2,NCGC00015156-30,activity,null,4,6.092,4,0,null,NCC(CC(O)=O)C1=CC=C(Cl)C=C1,B5399,(±)-Baclofen,SIGMA,2021_LOPAC_01,null,null,null,null,null,null,null,null,null,null,null,9.815,0,null,null,null,null,null,null,null,null,0,null,null,8.852,-0.963,12.438,null,null,null,null,null,null,null,null,null,null,KPYSYYIEGFHWSV,null,TRND,yhSXeGxjggqDJucxNR,null,null,null,null,null,null,null,null,null,1134-47-0,null,null,null,0,4,null,null,null,173031,null,1,1,2025-06-17 15:29:19,null,null,null,null,null,null,null,364785603,activity,null,HTS,null,-0.963,8.18,8.852,6.092,null,null,null,null,null,null,null,null,null,null,null,null,null,null,null,null,null,null,null,null,null,278938609
TRND-Glioblastoma_LOPAC_H4-primary_screen2,NCGC00388616-06,activity,null,4,10.825,4,0,null,COC1=CC=C(C=C1)[S+]([O-])(=O)N(CC(C)C)CC(=O)NO,SML0584,NNGH,SIGMA,2021_LOPAC_01,null,null,null,null,null,null,null,null,null,null,null,4.801,0,null,null,null,null,null,null,null,null,0,null,null,10.825,6.024,32.331,null,null,null,null,null,null,null,null,null,null,NGSKQMXKZRYJNK,null,TRND,OiuGwEUwcQvfIhMTPD,null,null,null,null,null,null,null,null,null,null,null,null,null,0,4,null,null,null,173031,null,1,1,2025-06-17 15:29:19,null,null,null,null,null,null,null,364785319,activity,null,HTS,null,6.301,6.024,7.07,10.825,null,null,null,null,null,null,null,null,null,null,null,null,null,null,null,null,null,null,null,null,null,278938610
TRND-Glioblastoma_LOPAC_H4-primary_screen2,NCGC00016798-23,activity,null,4,5.752,4,6.112,4.095,CC(C)(C)NC[C@H](O)COC1=NSN=C1N2CCOCC2,T6394,S(-)-Timolol maleate,SIGMA,2021_LOPAC_01,null,null,null,null,null,null,null,null,null,null,null,10.013,6,0.733,0.392,null,null,null,null,null,null,-0.112,null,null,5.752,-4.26,12.551,2.783,null,null,null,null,null,null,null,null,null,BLJRIMJGRPQVNF,null,TRND,WkosDLStGHFPJlcNBx,null,null,null,null,MALEATE,null,null,null,null,26921-17-5,null,null,null,0,4,0,null,null,173031,0 0 0 0,1,1,2025-06-17 15:29:19,null,null,null,null,null,null,null,364789699,activity,null,HTS,null,4.435,-4.26,0.281,5.752,null,null,null,null,null,null,null,null,null,null,null,null,null,null,null,null,null,null,null,null,null,278938611
TRND-Glioblastoma_LOPAC_H4-primary_screen2,NCGC00015502-07,activity,null,4,6.806,4,0,null,OCC1=CNC=N1,H1877,4-Imidazolemethanol hydrochloride,SIGMA,2021_LOPAC_01,null,null,null,null,null,null,null,null,null,null,null,9.856,0,null,null,null,null,null,null,null,null,0,null,null,9.901,0.045,11.785,null,null,null,null,null,null,null,null,null,null,QDYTUZCWBJRHKK,null,TRND,OdIVIbUARKuCxBbnNx,null,null,null,null,CL,null,null,null,null,null,null,null,null,0,4,null,null,null,173031,null,1,1,2025-06-17 15:29:19,null,null,null,null,null,null,null,364788171,activity,null,HTS,null,0.453,9.901,0.045,6.806,null,null,null,null,null,null,null,null,null,null,null,null,null,null,null,null,null,null,null,null,null,278938612
TRND-Glioblastoma_LOPAC_H4-primary_screen2,NCGC00015267-27,activity,null,4,-0.682,4,11.5,4.449,CN(C)CCCC1(OCC2=C1C=CC(=C2)C#N)C3=CC=C(F)C=C3,C7861,Citalopram hydrobromide,SIGMA,2021_LOPAC_01,null,null,null,null,null,null,null,null,null,null,null,12.171,14,1,0.953,null,null,null,null,null,null,2.5,null,null,11.488,-0.682,24.632,24.094,null,null,null,null,null,null,null,null,null,WSEQXVZVJXJVFP,null,TRND,suEzbiNWSbLVSMuGXE,null,null,null,null,BR,null,null,null,null,59729-32-7,null,null,null,0,4,1,null,null,173031,0 0 0 1,1,1,2025-06-17 15:29:19,null,null,null,null,null,null,null,364786331,activity,null,HTS,null,3.506,1.189,11.488,-0.682,null,null,null,null,null,null,null,null,null,null,null,null,null,null,null,null,null,null,null,null,null,278938613
TRND-Glioblastoma_LOPAC_H4-primary_screen2,NCGC00017280-43,activity,null,4,8.728,4,0,null,CC(\C=C\C1=C(C)CCCC1(C)C)=C/C=C/C(C)=C/C(O)=O,R2625,Retinoic acid,SIGMA,2021_LOPAC_01,null,null,null,null,null,null,null,null,null,null,null,5.309,0,null,null,null,null,null,null,null,null,0,null,null,8.728,3.419,29.627,null,null,null,null,null,null,null,null,null,null,SHGAZHPCJJPHSC,null,TRND,CJLGDYfDODgqfrttzC,null,Nuclear Receptor ROR-beta ligand,null,null,null,null,null,null,null,302-79-4,RORB,null,null,0,4,null,null,null,173031,null,1,1,2025-06-17 15:29:19,null,null,null,null,null,null,null,364786863,activity,null,HTS,null,7.033,4.478,3.419,8.728,null,null,null,null,null,null,null,null,null,null,null,null,null,null,null,null,null,null,null,null,null,278938614
TRND-Glioblastoma_LOPAC_H4-primary_screen2,NCGC00015180-12,activity,null,4,-13.281,4,-12.43,2.952,CN1CCN(CC1)C2=NC3=C(C=CC(=C3)C(F)(F)F)N4C=CC=C24,C106,CGS-12066A maleate,SIGMA,2021_LOPAC_01,null,null,null,null,null,null,null,null,null,null,null,12.859,-13.937,0.154,0.985,null,null,null,null,null,null,-1.506,null,null,-0.422,-13.281,-11.747,-14.43,null,null,null,null,null,null,null,null,null,LXFHSCDLMBZYKY,null,TRND,TCKpLftLjNxoXMaZWe,null,null,null,null,MALEATE,null,null,null,null,null,null,null,null,0,4,0,null,null,173031,0 0 0 0,1,1,2025-06-17 15:29:19,null,null,null,null,null,null,null,364785911,activity,null,HTS,null,-0.422,-2.093,-3.048,-13.281,null,null,null,null,null,null,null,null,null,null,null,null,null,null,null,null,null,null,null,null,null,278938615
TRND-Glioblastoma_LOPAC_H4-primary_screen2,NCGC00378941-06,activity,null,4,4.801,4,0,null,OC(=O)CCCCN(CCC1=C(OCC2=CC=C(CCC3=CC=CC=C3)C=C2)C=CC=C1)CC4=CC=C(C=C4)C(O)=O,SML1532,Cinaciguat hydrochloride,SIGMA,2021_LOPAC_01,null,null,null,null,null,null,null,null,null,null,null,6.725,0,null,null,null,null,null,null,null,null,0,null,null,6.164,-0.561,20.985,null,null,null,null,null,null,null,null,null,null,WPYWMXNXEZFMAK,null,TRND,KZigUXNBWzWiadnsHX,null,Soluble Guanylate Cyclase (sGC) activator,null,null,CL,null,null,null,null,329773-35-5,GUCY1A2,null,null,0,4,null,null,null,173031,null,1,1,2025-06-17 15:29:19,null,null,null,null,null,null,null,364789259,activity,null,HTS,null,5.24,-0.561,6.164,4.801,null,null,null,null,null,null,null,null,null,null,null,null,null,null,null,null,null,null,null,null,null,278938617
TRND-Glioblastoma_LOPAC_H4-primary_screen2,NCGC00016880-14,activity,null,4,0.951,4,0,null,CC(C)NC[C@H](O)COC1=CC=C(CC(N)=O)C=C1,A143,S(-)-Atenolol,SIGMA,2021_LOPAC_01,null,null,null,null,null,null,null,null,null,null,null,9.76,0,null,null,null,null,null,null,null,null,0,null,null,10.479,0.719,10.518,null,null,null,null,null,null,null,null,null,null,METKIMKYRPQLGS,null,TRND,cRBYOjgucPRNlIsYQX,null,null,null,null,null,null,null,null,null,93379-54-5,null,null,null,0,4,null,null,null,173031,null,1,1,2025-06-17 15:29:19,null,null,null,null,null,null,null,364789815,activity,null,HTS,null,0.719,10.479,1.003,0.951,null,null,null,null,null,null,null,null,null,null,null,null,null,null,null,null,null,null,null,null,null,278938618
TRND-Glioblastoma_LOPAC_H4-primary_screen2,NCGC00507761-02,activity,null,4,9.114,4,0,null,[O-][S+](=O)(NC1=NC(=O)C(S1)=CC2=CC=C(Br)C=C2)C3=CC=CC4=CC=CC=C34,SML1169,Pitstop 2,SIGMA,2021_LOPAC_01,null,null,null,null,null,null,null,null,null,null,null,5.557,0,null,null,null,null,null,null,null,null,0,null,null,9.143,3.586,35.024,null,null,null,null,null,null,null,null,null,null,VFEMJZDNQUNKQN,null,TRND,pXfksxOqgfBsSJjqVc,null,null,null,null,null,null,null,null,null,null,null,null,null,0,4,null,null,null,173031,null,1,1,2025-06-17 15:29:19,null,null,null,null,null,null,null,364788003,activity,null,HTS,null,7.687,3.586,9.143,9.114,null,null,null,null,null,null,null,null,null,null,null,null,null,null,null,null,null,null,null,null,null,278938619
TRND-Glioblastoma_LOPAC_H4-primary_screen2,NCGC00186023-03,activity,null,4,2.317,4,0,null,[H][C@@]12CC[C@@]3(C[C@]1(CC3=C)CC[C@]4([H])[C@@](C)(CCC[C@@]24C)C(=O)OC5OC(CO)C(O)C(O)C5O)OC6OC(CO)C(O)C(O)C6OC7OC(CO)C(O)C(O)C7O,S3572,Stevioside,SIGMA,2021_LOPAC_01,null,null,null,null,null,null,null,null,null,null,null,6.006,0,null,null,null,null,null,null,null,null,0,null,null,3.641,-2.366,10.567,null,null,null,null,null,null,null,null,null,null,UEDUENGHJMELGK,null,TRND,LJHjmPyxkXYCMBKtPn,null,null,null,null,H2O,null,null,null,null,[NO STEREO] 57817-89-7,null,null,null,0,4,null,null,null,173031,null,1,1,2025-06-17 15:29:19,null,null,null,null,null,null,null,364789919,activity,null,HTS,null,3.047,-2.366,3.641,2.317,null,null,null,null,null,null,null,null,null,null,null,null,null,null,null,null,null,null,null,null,null,278938620
TRND-Glioblastoma_LOPAC_H4-primary_screen2,NCGC00162311-14,activity,null,4,-19.775,4,-24.23,4.955,NC1=NC(N)=C(N=C1Cl)C(=O)NC(=N)NC2=CC=CC=C2,P203,Phenamil methanesulfonate,SIGMA,2021_LOPAC_01,null,null,null,null,null,null,null,null,null,null,null,22.554,-22.73,0.226,0.967,null,null,null,null,null,null,1.5,null,null,2.779,-19.775,-2.582,-4.169,null,null,null,null,null,null,null,null,null,NIOHELZQFBGCEO,null,TRND,QCbIBRfcbKywntbYaf,null,null,null,null,null,null,null,null,null,null,null,null,null,0,4,0,null,null,173031,0 0 0 0,1,1,2025-06-17 15:29:19,null,null,null,null,null,null,null,364787447,activity,null,HTS,null,2.474,-1.426,2.779,-19.775,null,null,null,null,null,null,null,null,null,null,null,null,null,null,null,null,null,null,null,null,null,278939133
TRND-Glioblastoma_LOPAC_H4-primary_screen2,NCGC00015299-13,activity,null,4,12.688,4,-10.91,4.955,OC1=C(O)C=C2C(CNCCC2=C1)C3=CC=CC=C3,D047,(±)-SKF-38393 hydrochloride,SIGMA,2021_LOPAC_01,null,null,null,null,null,null,null,null,null,null,null,14.28,-3.91,1,0.877,null,null,null,null,null,null,7,null,null,12.688,-1.592,18.981,21.007,null,null,null,null,null,null,null,null,null,JUDKOGFHZYMDMF,null,TRND,YKLLqMVzMFdZpJwyQX,null,null,null,null,CL,null,null,null,null,null,null,null,null,0,4,1,null,null,173031,0 0 0 1,1,1,2025-06-17 15:29:19,null,null,null,null,null,null,null,364787263,activity,null,HTS,null,5.267,9.038,-1.592,12.688,null,null,null,null,null,null,null,null,null,null,null,null,null,null,null,null,null,null,null,null,null,278939134
TRND-Glioblastoma_LOPAC_H4-primary_screen2,NCGC00093593-05,activity,null,4,9.121,4,0,null,N[C@@H](CCCC(O)=O)C(O)=O,A7275,L-2-aminoadipic acid,SIGMA,2021_LOPAC_01,null,null,null,null,null,null,null,null,null,null,null,6.97,0,null,null,null,null,null,null,null,null,0,null,null,14.225,7.255,55.388,null,null,null,null,null,null,null,null,null,null,OYIFNHCXNCRBQI,null,TRND,QcYJcWhcDVQdTdtTrH,null,null,null,null,null,null,null,null,null,1118-90-7,null,null,null,0,4,null,null,null,173031,null,1,1,2025-06-17 15:29:19,null,null,null,null,null,null,null,364786059,activity,null,HTS,null,14.225,7.255,8.646,9.121,null,null,null,null,null,null,null,null,null,null,null,null,null,null,null,null,null,null,null,null,null,278939135
TRND-Glioblastoma_LOPAC_H4-primary_screen2,NCGC00344531-05,activity,null,4,18.641,4,22,1.248,N[C@@H]([C@H](O)C1=CC=C(O)C(O)=C1)C(O)=O,D9446,L-DOPS,SIGMA,2021_LOPAC_01,null,null,null,null,null,null,null,null,null,null,null,17.345,23,0.021,1,null,null,null,null,null,null,1,null,null,18.641,1.295,21.112,20.753,null,null,null,null,null,null,null,null,null,QXWYKJLNLSIPIN,null,TRND,AfkSZXWfjbaZdCpKCt,null,null,null,null,null,null,null,null,null,23651-95-8,null,null,null,0,4,0,null,null,173031,0 0 0 0,1,1,2025-06-17 15:29:19,null,null,null,null,null,null,null,364787419,activity,null,HTS,null,1.295,2.57,8.469,18.641,null,null,null,null,null,null,null,null,null,null,null,null,null,null,null,null,null,null,null,null,null,278939138
TRND-Glioblastoma_LOPAC_H4-primary_screen2,NCGC00015495-07,activity,null,4,2.038,4,0,null,COC1=CC2=C(NC=C2CCNC(C)=O)C=C1O,H0627,6-Hydroxymelatonin,SIGMA,2021_LOPAC_01,null,null,null,null,null,null,null,null,null,null,null,7.881,0,null,null,null,null,null,null,null,null,0,null,null,9.919,2.038,25.338,null,null,null,null,null,null,null,null,null,null,OMYMRCXOJJZYKE,null,TRND,HNnWqgeUBxjQizMTBr,null,null,null,null,null,null,null,null,null,2208-41-5,null,null,null,0,4,null,null,null,173031,null,1,1,2025-06-17 15:29:19,null,null,null,null,null,null,null,364788795,activity,null,HTS,null,4.685,9.919,6.198,2.038,null,null,null,null,null,null,null,null,null,null,null,null,null,null,null,null,null,null,null,null,null,278939139
TRND-Glioblastoma_LOPAC_H4-primary_screen2,NCGC00015750-16,activity,null,4,14.024,4,0,null,[O-][N+](=O)C1=C2NN=CC2=CC=C1,N7778,7-Nitroindazole,SIGMA,2021_LOPAC_01,null,null,null,null,null,null,null,null,null,null,null,9.674,0,null,null,null,null,null,null,null,null,0,null,null,14.024,4.351,29.389,null,null,null,null,null,null,null,null,null,null,PQCAUHUKTBHUSA,null,TRND,VKVKTRQchtScHlDpPR,null,null,null,null,null,null,null,null,null,2942-42-9,null,null,null,0,4,null,null,null,173031,null,1,1,2025-06-17 15:29:19,null,null,null,null,null,null,null,364787779,activity,null,HTS,null,5.149,4.351,6.7,14.024,null,null,null,null,null,null,null,null,null,null,null,null,null,null,null,null,null,null,null,null,null,278939140
TRND-Glioblastoma_LOPAC_H4-primary_screen2,NCGC00015178-11,activity,null,4,-0.505,4,0,null,CN1C2=C(NC(=N2)C3CCCC3)C(=O)N(C)C1=O,C102,"8-Cyclopentyl-1,3-dimethylxanthine",SIGMA,2021_LOPAC_01,null,null,null,null,null,null,null,null,null,null,null,4.525,0,null,null,null,null,null,null,null,null,0,null,null,4.02,-0.505,13.667,null,null,null,null,null,null,null,null,null,null,SCVHFRLUNIOSGI,null,TRND,roiYiHuzNehPBFjEny,null,null,null,null,null,null,null,null,null,null,null,null,null,0,4,null,null,null,173031,null,1,1,2025-06-17 15:29:19,null,null,null,null,null,null,null,364789891,activity,null,HTS,null,4.02,1.461,2.512,-0.505,null,null,null,null,null,null,null,null,null,null,null,null,null,null,null,null,null,null,null,null,null,278939141
TRND-Glioblastoma_LOPAC_H4-primary_screen2,NCGC00015714-29,activity,null,4,1.54,4,0,null,COCCOC(=O)C1=C(C)NC(C)=C(C1C2=CC=CC(=C2)[N+]([O-])=O)C(=O)OC(C)C,N149,Nimodipine,SIGMA,2021_LOPAC_01,null,null,null,null,null,null,null,null,null,null,null,15.156,0,null,null,null,null,null,null,null,null,0,null,null,9.37,-5.786,29.173,null,null,null,null,null,null,null,null,null,null,UIAGMCDKSXEBJQ,null,TRND,owPBFDvGkBKkGZLUKb,null,null,null,null,null,null,null,null,null,66085-59-4,null,null,null,0,4,null,null,null,173031,null,1,1,2025-06-17 15:29:19,null,null,null,null,null,null,null,364786539,activity,null,HTS,null,9.37,-5.786,9.158,1.54,null,null,null,null,null,null,null,null,null,null,null,null,null,null,null,null,null,null,null,null,null,278939142
TRND-Glioblastoma_LOPAC_H4-primary_screen2,NCGC00015075-26,activity,null,4,6.507,4,0,null,COC(=O)C1=CCCN(C)C1,A6134,Arecoline hydrobromide,SIGMA,2021_LOPAC_01,null,null,null,null,null,null,null,null,null,null,null,3.043,0,null,null,null,null,null,null,null,null,0,null,null,6.507,3.464,24.487,null,null,null,null,null,null,null,null,null,null,HJJPJSXJAXAIPN,null,TRND,wQJXbkTLWXwtoBOoPC,null,null,null,null,BR,null,null,null,null,300-08-3,null,null,null,0,4,null,null,null,173031,null,1,1,2025-06-17 15:29:19,null,null,null,null,null,null,null,364787939,activity,null,HTS,null,5.531,3.464,4.713,6.507,null,null,null,null,null,null,null,null,null,null,null,null,null,null,null,null,null,null,null,null,null,278939143
TRND-Glioblastoma_LOPAC_H4-primary_screen2,NCGC00095152-22,activity,null,4,-5.013,4,-13.016,1.344,COC1=CC2=C(C=C1OC)C(N)=NC(=N2)N(C)CCCNC(=O)C3CCCO3,A0232,Alfuzosin hydrochloride,SIGMA,2021_LOPAC_01,null,null,null,null,null,null,null,null,null,null,null,11.58,-6.016,0.028,1,null,null,null,null,null,null,7,null,null,6.567,-5.013,18.655,19.136,null,null,null,null,null,null,null,null,null,WNMJYKCGWZFFKR,null,TRND,QUvxSuYtbiupuTGXgV,null,null,null,null,CL,null,null,null,null,81403-80-7,null,null,null,0,4,0,null,null,173031,0 0 0 0,1,1,2025-06-17 15:29:19,null,null,null,null,null,null,null,364789455,activity,null,HTS,null,6.567,5.079,-0.693,-5.013,null,null,null,null,null,null,null,null,null,null,null,null,null,null,null,null,null,null,null,null,null,278939144
TRND-Glioblastoma_LOPAC_H4-primary_screen2,NCGC00025000-30,activity,null,4,-6.192,4,-15.93,4.955,CC(=O)N1CCN(CC1)C2=CC=C(OC[C@H]3CO[C@@](CN4C=CN=C4)(O3)C5=CC=C(Cl)C=C5Cl)C=C2,K1003,Ketoconazole,SIGMA,2021_LOPAC_01,null,null,null,null,null,null,null,null,null,null,null,19.298,-7.43,0.467,0.837,null,null,null,null,null,null,8.5,null,null,13.106,-6.192,28.924,32.132,null,null,null,null,null,null,null,null,null,XMAYWYJOQHXEEK,null,TRND,parkUjFyaagShOVPDH,null,Anti-fungal,null,null,null,null,null,null,null,65277-42-1,ERG11,null,null,0,4,0,null,null,173031,0 0 0 0,1,1,2025-06-17 15:29:19,null,null,null,null,null,null,null,364786771,activity,null,HTS,null,6.835,5.79,13.106,-6.192,null,null,null,null,null,null,null,null,null,null,null,null,null,null,null,null,null,null,null,null,null,278939145
TRND-Glioblastoma_LOPAC_H4-primary_screen2,NCGC00162308-06,activity,null,4,9.934,4,0,null,[H][C@@]1(CCCN(CCC)C1)C2=CC=CC(O)=C2,P102,R(+)-3PPP hydrochloride,SIGMA,2021_LOPAC_01,null,null,null,null,null,null,null,null,null,null,null,5.039,0,null,null,null,null,null,null,null,null,0,null,null,10.049,5.01,43.31,null,null,null,null,null,null,null,null,null,null,HTSNFXAICLXZMA,null,TRND,JknsAYOoTjbdbxWSqj,null,null,null,null,CL,null,null,null,null,88768-67-6,null,null,null,0,4,null,null,null,173031,null,1,1,2025-06-17 15:29:19,null,null,null,null,null,null,null,364786775,activity,null,HTS,null,10.049,9.584,5.01,9.934,null,null,null,null,null,null,null,null,null,null,null,null,null,null,null,null,null,null,null,null,null,278939146
TRND-Glioblastoma_LOPAC_H4-primary_screen2,NCGC00689833-01,activity,null,4,10.971,4,0,null,C[C@@H]1CCN(C(C1)C(O)=O)C(=O)[C@@H](CCCN=C(N)N)N[S+]([O-])(=O)C2=C3NC[C@H](C)CC3=CC=C2,A0487,Argatroban monohydrate ,SIGMA,2021_LOPAC_01,null,null,null,null,null,null,null,null,null,null,null,8.795,0,null,null,null,null,null,null,null,null,0,null,null,10.971,2.177,31.673,null,null,null,null,null,null,null,null,null,null,CNTULEDKWPCJCH,null,TRND,BzxYTNNdnwyKNrAqiI,null,null,null,null,H2O,null,null,null,null,141396-28-3,null,null,null,0,4,null,null,null,173031,null,1,1,2025-06-17 15:29:19,null,null,null,null,null,null,null,364788919,activity,null,HTS,null,6.738,2.177,8.13,10.971,null,null,null,null,null,null,null,null,null,null,null,null,null,null,null,null,null,null,null,null,null,278939147
TRND-Glioblastoma_LOPAC_H4-primary_screen2,NCGC00402281-07,activity,null,4,2.923,4,0,null,CC(C)(CN1C(=O)C(Cl)=C(Cl)C1=O)CN2C(=O)C(Cl)=C(Cl)C2=O,SML1005,NSC 617145,SIGMA,2021_LOPAC_01,null,null,null,null,null,null,null,null,null,null,null,7.437,0,null,null,null,null,null,null,null,null,0,null,null,4.616,-2.821,13.009,null,null,null,null,null,null,null,null,null,null,PCOXPBOKDABARQ,null,TRND,QUqongZtjxtfnqiMkd,null,null,null,null,null,null,null,null,null,null,null,null,null,0,4,null,null,null,173031,null,1,1,2025-06-17 15:29:19,null,null,null,null,null,null,null,364789503,activity,null,HTS,null,4.616,-2.821,0.906,2.923,null,null,null,null,null,null,null,null,null,null,null,null,null,null,null,null,null,null,null,null,null,278939148
TRND-Glioblastoma_LOPAC_H4-primary_screen2,NCGC00378815-05,activity,null,4,-2.573,4,0,null,[O-][N+](=O)C1=CC=C(CNC2=C3N=CNC3=NC(NCC4=CC=CC(=C4)C(F)(F)F)=N2)C=C1,T3955,TNP,SIGMA,2021_LOPAC_01,null,null,null,null,null,null,null,null,null,null,null,7.43,0,null,null,null,null,null,null,null,null,0,null,null,4.856,-2.573,15.766,null,null,null,null,null,null,null,null,null,null,DDSBPUYZPWNNGH,null,TRND,IFeQgQOfNIqixCxOWL,null,null,null,null,null,null,null,null,null,null,null,null,null,0,4,null,null,null,173031,null,1,1,2025-06-17 15:29:19,null,null,null,null,null,null,null,364789199,activity,null,HTS,null,4.856,0.593,4.616,-2.573,null,null,null,null,null,null,null,null,null,null,null,null,null,null,null,null,null,null,null,null,null,278939149
TRND-Glioblastoma_LOPAC_H4-primary_screen2,NCGC00690013-01,activity,null,4,-7.989,4,-19.587,0.6,N[C@@H](CC(=O)N1CCN(CC1)C(C2=CC=C(F)C=C2)C3=CC=C(F)C=C3)C(=O)N4CC5=C(C4)C=CC=C5,SML2247,1G244,SIGMA,2021_LOPAC_01,null,null,null,null,null,null,null,null,null,null,null,14.019,-10.587,0.37,0.906,null,null,null,null,null,null,9,null,null,6.03,-7.989,12.365,11.609,null,null,null,null,null,null,null,null,null,ZKIQFLSGMMYCGS,null,TRND,zFtfDECYwFPIKrVpRa,null,null,null,null,null,null,null,null,null,null,null,null,null,0,4,0,null,null,173031,0 0 0 0,1,1,2025-06-17 15:29:19,null,null,null,null,null,null,null,364789527,activity,null,HTS,null,6.03,0.315,-0.557,-7.989,null,null,null,null,null,null,null,null,null,null,null,null,null,null,null,null,null,null,null,null,null,278939150
TRND-Glioblastoma_LOPAC_H4-primary_screen2,NCGC00015356-10,activity,null,4,2.153,4,0,null,C[N+]1(C)CCN(CC1)C2=CC=CC=C2,D5891,"1,1-Dimethyl-4-phenyl-piperazinium iodide",SIGMA,2021_LOPAC_01,null,null,null,null,null,null,null,null,null,null,null,4.922,0,null,null,null,null,null,null,null,null,0,null,null,6.941,2.02,23.349,null,null,null,null,null,null,null,null,null,null,MKGIQRNAGSSHRV,null,TRND,kjGdFfaqswrKTcSzdS,null,null,null,null,I,null,null,null,null,54-77-3,null,null,null,0,4,null,null,null,173031,null,1,1,2025-06-17 15:29:19,null,null,null,null,null,null,null,364789875,activity,null,HTS,null,6.941,2.02,2.206,2.153,null,null,null,null,null,null,null,null,null,null,null,null,null,null,null,null,null,null,null,null,null,278939151
TRND-Glioblastoma_LOPAC_H4-primary_screen2,NCGC00016067-08,activity,null,4,4.054,4,9.04,3.247,COC1=C(C=CC=C1)N2CCN(CCCNC3=C(C)C(=O)N(C)C(=O)N3C)CC2,U101,"Urapidil, 5-Methyl-",SIGMA,2021_LOPAC_01,null,null,null,null,null,null,null,null,null,null,null,10.693,5.5,0.362,0.911,null,null,null,null,null,null,-3.54,null,null,7.326,-3.367,0.343,-0.115,null,null,null,null,null,null,null,null,null,HIHZDNKKIUQQSC,null,TRND,HmDlHtBNIchusvkkzy,null,null,null,null,CL,null,null,null,null,34661-85-3,null,null,null,0,4,0,null,null,173031,0 0 0 0,1,1,2025-06-17 15:29:19,null,null,null,null,null,null,null,364790283,activity,null,HTS,null,-3.367,3.48,7.326,4.054,null,null,null,null,null,null,null,null,null,null,null,null,null,null,null,null,null,null,null,null,null,278939152
TRND-Glioblastoma_LOPAC_H4-primary_screen2,NCGC00690000-01,activity,null,4,-13.737,4,-13.985,3.247,CC(C)C1=C(C)N(C)N(C1=O)C2=CC=C(C=C2)[S+]([O-])(=O)NCCOC3=CC=CC=C3,SML2226,BC-LI-0186,SIGMA,2021_LOPAC_01,null,null,null,null,null,null,null,null,null,null,null,13.988,-13.985,0.035,0.999,null,null,null,null,null,null,0,null,null,0.251,-13.737,-8.416,-9.29,null,null,null,null,null,null,null,null,null,SKJNWISGYCICSD,null,TRND,baUbSqRMUALPLWoOWC,null,Leucyl-tRNA synthetase-RagD Interaction inhibitor,null,null,null,null,null,null,null,null,LARS1,null,null,0,4,0,null,null,173031,0 0 0 0,1,1,2025-06-17 15:29:19,null,null,null,null,null,null,null,364789483,activity,null,HTS,null,0.251,0.12,-2.823,-13.737,null,null,null,null,null,null,null,null,null,null,null,null,null,null,null,null,null,null,null,null,null,278939153
TRND-Glioblastoma_LOPAC_H4-primary_screen2,NCGC00015807-07,activity,null,4,1.958,4,-13.5,1.826,CN1C2=C(NC(=N2)C3=CC=CC=C3)C(=O)N(C)C1=O,P2278,"1,3-Dimethyl-8-phenylxanthine",SIGMA,2021_LOPAC_01,null,null,null,null,null,null,null,null,null,null,null,12.749,2,0.047,0.999,null,null,null,null,null,null,15.5,null,null,14.707,1.958,49.83,50.679,null,null,null,null,null,null,null,null,null,PJFMAVHETLRJHJ,null,TRND,ROJjpJZPTRkLZkRaqN,null,null,null,null,null,null,null,null,null,961-45-5,null,null,null,0,4,0,null,null,173031,0 0 0 0,1,1,2025-06-17 15:29:19,null,null,null,null,null,null,null,364787755,activity,null,HTS,null,14.707,8.986,2.441,1.958,null,null,null,null,null,null,null,null,null,null,null,null,null,null,null,null,null,null,null,null,null,278939154
TRND-Glioblastoma_LOPAC_H4-primary_screen2,NCGC00015821-23,activity,null,4,2.122,4,-8.33,4.095,NC(=O)CN1CCCC1=O,P5295,Piracetam,SIGMA,2021_LOPAC_01,null,null,null,null,null,null,null,null,null,null,null,11.074,-0.33,0.53,0.776,null,null,null,null,null,null,8,null,null,7.882,-3.192,21.437,22.349,null,null,null,null,null,null,null,null,null,GMZVRMREEHBGGF,null,TRND,gzLClrbltmhGHWstLN,null,null,null,null,null,null,null,null,null,7491-74-9,null,null,null,0,4,0,null,null,173031,0 0 0 0,1,1,2025-06-17 15:29:19,null,null,null,null,null,null,null,364789703,activity,null,HTS,null,7.882,0.973,-3.192,2.122,null,null,null,null,null,null,null,null,null,null,null,null,null,null,null,null,null,null,null,null,null,278939155
TRND-Glioblastoma_LOPAC_H4-primary_screen2,NCGC00091032-22,activity,null,4,-18.505,4,-27.207,4.955,[H][C@@]12CC[C@](OC(C)=O)(C(C)=O)[C@@]1(C)CC[C@@]3([H])[C@@]2([H])C=C(Cl)C4=CC(=O)[C@@H]5C[C@@H]5[C@]34C,C3412,Cyproterone acetate,SIGMA,2021_LOPAC_01,null,null,null,null,null,null,null,null,null,null,null,25.146,-21.707,0.144,0.987,null,null,null,null,null,null,5.5,null,null,6.641,-18.505,15.818,13.25,null,null,null,null,null,null,null,null,null,UWFYSQMTEOIJJG,null,TRND,zFSYcxAkyzxBqBZBUO,null,Androgen Receptor antagonist,null,null,null,null,null,null,null,427-51-0,AR,null,null,0,4,0,null,null,173031,0 0 0 0,1,1,2025-06-17 15:29:19,null,null,null,null,null,null,null,364789575,activity,null,HTS,null,6.641,3.685,6.494,-18.505,null,null,null,null,null,null,null,null,null,null,null,null,null,null,null,null,null,null,null,null,null,278939157
TRND-Glioblastoma_LOPAC_H4-primary_screen2,NCGC00186021-03,activity,null,4,3.114,4,-10.847,4.955,NC(=N)C1=CC=C(C[S+]([O-])(F)=O)C=C1,A6664,4-Amidinophenylmethanesulfonyl fluoride hydrochloride,SIGMA,2021_LOPAC_01,null,null,null,null,null,null,null,null,null,null,null,10.545,1.153,0.584,0.709,null,null,null,null,null,null,12,null,null,8.59,-1.955,26.108,26.441,null,null,null,null,null,null,null,null,null,ABWNNKAYIRRMIV,null,TRND,EIsqAbsXIPZXVbPkiH,null,null,null,null,CL,null,null,null,null,null,null,null,null,0,4,0,null,null,173031,0 0 0 0,1,1,2025-06-17 15:29:19,null,null,null,null,null,null,null,364788095,activity,null,HTS,null,8.59,-1.955,2.859,3.114,null,null,null,null,null,null,null,null,null,null,null,null,null,null,null,null,null,null,null,null,null,278939160
TRND-Glioblastoma_LOPAC_H4-primary_screen2,NCGC00021580-28,activity,null,4,4.866,4,7.203,4.955,C[C@]12C[C@H](O)[C@@]3(F)[C@@H](CCC4=CC(=O)C=C[C@]34C)[C@@H]1C[C@@H](O)[C@]2(O)C(=O)CO,T6376,Triamcinolone,SIGMA,2021_LOPAC_01,null,null,null,null,null,null,null,null,null,null,null,13.369,7,0.651,0.596,null,null,null,null,null,null,-0.203,null,null,9.449,-3.919,15.36,7.815,null,null,null,null,null,null,null,null,null,GFNANZIMVAIWHM,null,TRND,dGBTFTQtwvmDGLqiDS,null,null,null,null,null,null,null,null,null,124-94-7,null,null,null,0,4,0,null,null,173031,0 0 0 0,1,1,2025-06-17 15:29:19,null,null,null,null,null,null,null,364789059,activity,null,HTS,null,3.219,-3.919,9.449,4.866,null,null,null,null,null,null,null,null,null,null,null,null,null,null,null,null,null,null,null,null,null,278939161
TRND-Glioblastoma_LOPAC_H4-primary_screen2,NCGC00015798-29,activity,null,4,4.228,4,0,null,CC(C)NCC(O)COC1=C2C=CC=CC2=CC=C1,P0884,(±)-Propranolol hydrochloride,SIGMA,2021_LOPAC_01,null,null,null,null,null,null,null,null,null,null,null,1.56,0,null,null,null,null,null,null,null,null,0,null,null,4.232,2.672,17.723,null,null,null,null,null,null,null,null,null,null,AQHHHDLHHXJYJD,null,TRND,gkStVHQtOGuEdOfsjk,null,null,null,null,CL,null,null,null,null,318-98-9,null,null,null,0,4,null,null,null,173031,null,1,1,2025-06-17 15:29:19,null,null,null,null,null,null,null,364786459,activity,null,HTS,null,4.232,2.701,2.672,4.228,null,null,null,null,null,null,null,null,null,null,null,null,null,null,null,null,null,null,null,null,null,278939162
TRND-Glioblastoma_LOPAC_H4-primary_screen2,NCGC00246951-08,activity,null,4,16.549,4,11.5,4.955,O\C1=C\C2=C(/OC1=O)C3=C(C=C(O)C(O)=C3O)C(=O)O2,SML0776,Galloflavin potassium,SIGMA,2021_LOPAC_01,null,null,null,null,null,null,null,null,null,null,null,13.45,17,0.242,0.962,null,null,null,null,null,null,5.5,null,null,17.381,3.931,42.433,39.846,null,null,null,null,null,null,null,null,null,VYKVZHXHVUVABA,null,TRND,BUHVNwmrCnrAjdycvY,null,null,null,null,null,null,null,null,null,null,null,null,null,0,4,0,null,null,173031,0 0 0 0,1,1,2025-06-17 15:29:19,null,null,null,null,null,null,null,364788395,activity,null,HTS,null,6.786,3.931,17.381,16.549,null,null,null,null,null,null,null,null,null,null,null,null,null,null,null,null,null,null,null,null,null,278939163
TRND-Glioblastoma_LOPAC_H4-primary_screen2,NCGC00346548-11,activity,null,4,-0.072,4,0,null,CCCNC(=O)NC1=CC=C(OC2=NC=NC3=CC(OC)=C(OC)C=C23)C=C1Cl,SML0957,KRN633    ,SIGMA,2021_LOPAC_01,null,null,null,null,null,null,null,null,null,null,null,5.793,0,null,null,null,null,null,null,null,null,0,null,null,2.129,-3.664,1.09,null,null,null,null,null,null,null,null,null,null,VPBYZLCHOKSGRX,null,TRND,oKLSLnYdXaUvpnNjzt,null,Vascular Endothelial Growth Factor Receptor 2 (VEGFR-2) inhibitor,null,null,null,null,null,null,null,null,KDR,null,null,0,4,null,null,null,173031,null,1,1,2025-06-17 15:29:19,null,null,null,null,null,null,null,364786727,activity,null,HTS,null,2.129,-3.173,-3.664,-0.072,null,null,null,null,null,null,null,null,null,null,null,null,null,null,null,null,null,null,null,null,null,278939166
TRND-Glioblastoma_LOPAC_H4-primary_screen2,NCGC00021146-29,activity,null,4,7.864,4,0,null,FC1=CC=C(C=C1)C(=O)C2CCN(CCN3C(=O)NC4=C(C=CC=C4)C3=O)CC2,S006,Ketanserin tartrate,SIGMA,2021_LOPAC_01,null,null,null,null,null,null,null,null,null,null,null,6.626,0,null,null,null,null,null,null,null,null,0,null,null,10.673,4.047,43.053,null,null,null,null,null,null,null,null,null,null,FPCCSQOGAWCVBH,null,TRND,BIUbzwZjNEJyzVxnUi,null,null,null,null,TARTRATE,null,null,null,null,[NO STEREO] 83846-83-7,null,null,null,0,4,null,null,null,173031,null,1,1,2025-06-17 15:29:19,null,null,null,null,null,null,null,364790371,activity,null,HTS,null,10.673,9.258,4.047,7.864,null,null,null,null,null,null,null,null,null,null,null,null,null,null,null,null,null,null,null,null,null,278939677
TRND-Glioblastoma_LOPAC_H4-primary_screen2,NCGC00015277-22,activity,null,4,3.476,4,0,null,CCN1N=C(C(O)=O)C(=O)C2=C1C=C3OCOC3=C2,C8645,Cinoxacin,SIGMA,2021_LOPAC_01,null,null,null,null,null,null,null,null,null,null,null,5.069,0,null,null,null,null,null,null,null,null,0,null,null,6.47,1.401,21.912,null,null,null,null,null,null,null,null,null,null,VDUWPHTZYNWKRN,null,TRND,YMGxejQApBhpmbEokQ,null,null,null,null,null,null,null,null,null,28657-80-9,null,null,null,0,4,null,null,null,173031,null,1,1,2025-06-17 15:29:19,null,null,null,null,null,null,null,364789543,activity,null,HTS,null,6.47,1.401,1.645,3.476,null,null,null,null,null,null,null,null,null,null,null,null,null,null,null,null,null,null,null,null,null,278939678
TRND-Glioblastoma_LOPAC_H4-primary_screen2,NCGC00025188-11,activity,null,4,9.122,4,10.5,2.253,CC(N\C(NC1=CC=NC=C1)=N/C#N)C(C)(C)C,P154,Pinacidil,SIGMA,2021_LOPAC_01,null,null,null,null,null,null,null,null,null,null,null,11.75,11,0.374,0.903,null,null,null,null,null,null,0.5,null,null,12.581,0.831,18.262,17.759,null,null,null,null,null,null,null,null,null,IVVNZDGDKPTYHK,null,TRND,ilFMcSZNBuksugVaGP,null,null,null,null,H2O,null,null,null,null,60560-33-0,null,null,null,0,4,0,null,null,173031,0 0 0 0,1,1,2025-06-17 15:29:19,null,null,null,null,null,null,null,364789987,activity,null,HTS,null,0.831,3.381,12.581,9.122,null,null,null,null,null,null,null,null,null,null,null,null,null,null,null,null,null,null,null,null,null,278939679
TRND-Glioblastoma_LOPAC_H4-primary_screen2,NCGC00016056-07,activity,null,4,12.214,4,14.413,2.72,CNCCC(OC1=C(C)C=CC=C1)C2=CC=CC=C2,T7947,Tomoxetine,SIGMA,2021_LOPAC_01,null,null,null,null,null,null,null,null,null,null,null,16.724,12.5,0.355,0.914,null,null,null,null,null,null,-1.913,null,null,12.214,-4.51,6.784,2.384,null,null,null,null,null,null,null,null,null,VHGCDTVCOLNTBX,null,TRND,roLUwmCMvGjiKnHnMp,null,null,null,null,CL,null,null,null,null,[NO STEREO] 83015-26-3,null,null,null,0,4,0,null,null,173031,0 0 0 0,1,1,2025-06-17 15:29:19,null,null,null,null,null,null,null,364785759,activity,null,HTS,null,0.426,-4.51,3.336,12.214,null,null,null,null,null,null,null,null,null,null,null,null,null,null,null,null,null,null,null,null,null,278939680
TRND-Glioblastoma_LOPAC_H4-primary_screen2,NCGC00015369-09,activity,null,4,-1.511,4,0,null,ClC1=C(Cl)C2=C(C=CC=C2)C(=O)O1,D7910,"3,4-Dichloroisocoumarin",SIGMA,2021_LOPAC_01,null,null,null,null,null,null,null,null,null,null,null,5.898,0,null,null,null,null,null,null,null,null,0,null,null,3.94,-1.958,10.451,null,null,null,null,null,null,null,null,null,null,SUGXUUGGLDCZKB,null,TRND,BHxKDtdrWnAlMYAYrE,null,null,null,null,null,null,null,null,null,null,null,null,null,0,4,null,null,null,173031,null,1,1,2025-06-17 15:29:19,null,null,null,null,null,null,null,364787839,activity,null,HTS,null,3.552,-1.958,3.94,-1.511,null,null,null,null,null,null,null,null,null,null,null,null,null,null,null,null,null,null,null,null,null,278939681
TRND-Glioblastoma_LOPAC_H4-primary_screen2,NCGC00015296-08,activity,null,4,6.686,4,11.56,2.333,CCCN(CCC)CCC1=CC(O)=C(O)C=C1,D031,Dipropyldopamine hydrobromide,SIGMA,2021_LOPAC_01,null,null,null,null,null,null,null,null,null,null,null,12.569,7,0.268,0.953,null,null,null,null,null,null,-4.56,null,null,6.686,-5.883,-9.132,-11.573,null,null,null,null,null,null,null,null,null,LMYSNFBROWBKMB,null,TRND,nvpaVSEZHKmrAMdaHD,null,null,null,null,BR,null,null,null,null,null,null,null,null,0,4,0,null,null,173031,0 0 0 0,1,1,2025-06-17 15:29:19,null,null,null,null,null,null,null,364789163,activity,null,HTS,null,-3.227,-5.883,0.601,6.686,null,null,null,null,null,null,null,null,null,null,null,null,null,null,null,null,null,null,null,null,null,278939682
TRND-Glioblastoma_LOPAC_H4-primary_screen2,NCGC00507729-02,activity,null,4,-24.206,4,-31.547,4.955,CCOC(=O)C1=CN=C(C=C1)C#CC2=CC3=C(SCC(C)(C)C3)C=C2,T7080,Tazarotene,SIGMA,2021_LOPAC_01,null,null,null,null,null,null,null,null,null,null,null,29.839,-26.547,0.085,0.996,null,null,null,null,null,null,5,null,null,5.633,-24.206,9.265,8.029,null,null,null,null,null,null,null,null,null,BNQWPOPTPDVAGV,null,TRND,xWvJPLtzAULXsJCAIm,null,null,null,null,null,null,null,null,null,null,null,null,null,0,4,0,null,null,173031,0 0 0 0,1,1,2025-06-17 15:29:19,null,null,null,null,null,null,null,364790011,activity,null,HTS,null,5.633,3.579,5.514,-24.206,null,null,null,null,null,null,null,null,null,null,null,null,null,null,null,null,null,null,null,null,null,278939683
TRND-Glioblastoma_LOPAC_H4-primary_screen2,NCGC00242479-06,activity,null,4,1.269,4,0,null,COC1=C(N[S+]([O-])(=O)C2=C(N=CC=C2)C3=CC=C(C=C3)C4=NN=CO4)N=CC(C)=N1,SML1550,Zibotentan,SIGMA,2021_LOPAC_01,null,null,null,null,null,null,null,null,null,null,null,3.375,0,null,null,null,null,null,null,null,null,0,null,null,4.129,0.754,7.38,null,null,null,null,null,null,null,null,null,null,SOMYEPUSNJJLPY,null,TRND,taqbpjcLdDUhVocCWC,null,Endothelin-1 Receptor antagonist,null,null,null,null,null,null,null,186497-07-4,EDNRA,null,null,0,4,null,null,null,173031,null,1,1,2025-06-17 15:29:19,null,null,null,null,null,null,null,364788363,activity,null,HTS,null,0.754,4.129,2.48,1.269,null,null,null,null,null,null,null,null,null,null,null,null,null,null,null,null,null,null,null,null,null,278939684
TRND-Glioblastoma_LOPAC_H4-primary_screen2,NCGC00162143-12,activity,null,4,9.948,4,0,null,OP([O-])(=O)C(Cl)(Cl)P(O)([O-])=O,D4434,Clodronic acid,SIGMA,2021_LOPAC_01,null,null,null,null,null,null,null,null,null,null,null,5.563,0,null,null,null,null,null,null,null,null,0,null,null,9.948,4.385,32.245,null,null,null,null,null,null,null,null,null,null,ACSIXWWBWUQEHA,null,TRND,DaQkEUuNHMcAuLQpSU,null,null,null,null,SODIUM,null,null,null,null,null,null,null,null,0,4,null,null,null,173031,null,1,1,2025-06-17 15:29:19,null,null,null,null,null,null,null,364789843,activity,null,HTS,null,6.694,7.689,4.385,9.948,null,null,null,null,null,null,null,null,null,null,null,null,null,null,null,null,null,null,null,null,null,278939685
TRND-Glioblastoma_LOPAC_H4-primary_screen2,NCGC00015457-12,activity,null,4,2.822,4,0,null,OC(=O)C1=CCCNC1,G007,Guvacine hydrochloride,SIGMA,2021_LOPAC_01,null,null,null,null,null,null,null,null,null,null,null,5.83,0,null,null,null,null,null,null,null,null,0,null,null,8.653,2.822,23.425,null,null,null,null,null,null,null,null,null,null,QTDZOWFRBNTPQR,null,TRND,OpBQWQZBsFwhMsuHQt,null,null,null,null,CL,null,null,null,null,null,null,null,null,0,4,null,null,null,173031,null,1,1,2025-06-17 15:29:19,null,null,null,null,null,null,null,364786383,activity,null,HTS,null,4.981,2.958,8.653,2.822,null,null,null,null,null,null,null,null,null,null,null,null,null,null,null,null,null,null,null,null,null,278939686
TRND-Glioblastoma_LOPAC_H4-primary_screen2,NCGC00092364-15,activity,null,4,2.443,4,0,null,ClC1=CC=C(C=C1)C(=O)N[C@H]2CN3CCC2CC3,P6499,PNU-282987,SIGMA,2021_LOPAC_01,null,null,null,null,null,null,null,null,null,null,null,7.553,0,null,null,null,null,null,null,null,null,0,null,null,8.802,1.249,28.751,null,null,null,null,null,null,null,null,null,null,WECKJONDRAUFDD,null,TRND,SqauiWmWNiziuWwkQN,null,Neuronal acetylcholine receptor subunit alpha-7 agonist,null,null,CL,null,null,null,null,711085-63-1,CHRNA7,null,null,0,4,null,null,null,173031,null,1,1,2025-06-17 15:29:19,null,null,null,null,null,null,null,364789063,activity,null,HTS,null,8.802,3.101,1.249,2.443,null,null,null,null,null,null,null,null,null,null,null,null,null,null,null,null,null,null,null,null,null,278939687
TRND-Glioblastoma_LOPAC_H4-primary_screen2,NCGC00015715-19,activity,null,4,12.396,4,9.5,4.955,CNCCC(OC1=C(OC)C=CC=C1)C2=CC=CC=C2,N151,Nisoxetine hydrochloride,SIGMA,2021_LOPAC_01,null,null,null,null,null,null,null,null,null,null,null,10.166,13.5,0.569,0.73,null,null,null,null,null,null,4,null,null,12.396,2.231,31.954,23.194,null,null,null,null,null,null,null,null,null,ITJNARMNRKSWTA,null,TRND,mFVomSZYpGIVeHcSVl,null,null,null,null,CL,null,null,null,null,57754-86-6,null,null,null,0,4,0,null,null,173031,0 0 0 0,1,1,2025-06-17 15:29:19,null,null,null,null,null,null,null,364787179,activity,null,HTS,null,7.749,2.231,3.393,12.396,null,null,null,null,null,null,null,null,null,null,null,null,null,null,null,null,null,null,null,null,null,278939690
TRND-Glioblastoma_LOPAC_H4-primary_screen2,NCGC00015365-33,activity,null,4,-7.562,4,0,null,OC1=CC=C(C=C1)C2=COC3=C(C=CC(O)=C3)C2=O,D7802,Daidzein,SIGMA,2021_LOPAC_01,null,null,null,null,null,null,null,null,null,null,null,8.55,0,null,null,null,null,null,null,null,null,0,null,null,0.988,-7.562,-12.801,null,null,null,null,null,null,null,null,null,null,ZQSIJRDFPHDXIC,null,TRND,bLwindJOkQIBnYRqyp,null,Estrogen Receptor beta agonist,null,null,null,null,null,null,null,486-66-8,ESR2,null,null,0,4,null,null,null,173031,null,1,1,2025-06-17 15:29:19,null,null,null,null,null,null,null,364785919,activity,null,HTS,null,-3.637,0.825,0.988,-7.562,null,null,null,null,null,null,null,null,null,null,null,null,null,null,null,null,null,null,null,null,null,278939691
TRND-Glioblastoma_LOPAC_H4-primary_screen2,NCGC00024900-16,activity,null,4,19.057,4,19.787,2.253,C[C@@]12N[C@@H](CC3=C1C=CC=C3)C4=C2C=CC=C4,M108,(-)-MK-801 hydrogen maleate,SIGMA,2021_LOPAC_01,null,null,null,null,null,null,null,null,null,null,null,20.546,20,0.202,0.974,null,null,null,null,null,null,0.213,null,null,19.057,-1.489,18.023,14.88,null,null,null,null,null,null,null,null,null,LBOJYSIDWZQNJS,null,TRND,bVMNihDanuVCiyGdPR,null,null,null,null,MALEATE,null,null,null,null,77086-19-2,null,null,null,0,4,0,null,null,173031,0 0 0 0,1,1,2025-06-17 15:29:19,null,null,null,null,null,null,null,364785763,activity,null,HTS,null,1.82,-1.489,5.71,19.057,null,null,null,null,null,null,null,null,null,null,null,null,null,null,null,null,null,null,null,null,null,278939693
TRND-Glioblastoma_LOPAC_H4-primary_screen2,NCGC00162092-05,activity,null,4,4.493,4,0,null,CC1=C(N)C=CC(CN2C=NC3=C2C[C@H](N(C3)C(=O)C(C4=CC=CC=C4)C5=CC=CC=C5)C(O)=O)=C1,P5749,S-(+)-PD 123177 trifluoroacetate salt hydrate,SIGMA,2021_LOPAC_01,null,null,null,null,null,null,null,null,null,null,null,7.8,0,null,null,null,null,null,null,null,null,0,null,null,9.843,2.042,22.419,null,null,null,null,null,null,null,null,null,null,KLVDUSUYBDMJKR,null,TRND,jZCHiazTcvSGJmypGi,null,null,null,null,H2O,null,null,null,null,null,null,null,null,0,4,null,null,null,173031,null,1,1,2025-06-17 15:29:19,null,null,null,null,null,null,null,364788271,activity,null,HTS,null,4.234,9.843,2.042,4.493,null,null,null,null,null,null,null,null,null,null,null,null,null,null,null,null,null,null,null,null,null,278939694
TRND-Glioblastoma_LOPAC_H4-primary_screen2,NCGC00685448-02,activity,null,4,5.709,4,0,null,CC1=CN=C(CNCC2(F)CCN(CC2)C(=O)C3=CC=C(F)C(Cl)=C3)C=C1,SML2324,NLx-112 hydrochloride,SIGMA,2021_LOPAC_01,null,null,null,null,null,null,null,null,null,null,null,4.869,0,null,null,null,null,null,null,null,null,0,null,null,7.455,2.586,28.413,null,null,null,null,null,null,null,null,null,null,PKZXLMVXBZICTF,null,TRND,cZNIqfLEFjrYrzqDMR,null,5-HT1A Receptor agonist,null,null,CL,null,null,null,null,208110-64-9,HTR1A,null,null,0,4,null,null,null,173031,null,1,1,2025-06-17 15:29:19,null,null,null,null,null,null,null,364789811,activity,null,HTS,null,7.455,4.171,2.586,5.709,null,null,null,null,null,null,null,null,null,null,null,null,null,null,null,null,null,null,null,null,null,278939695
TRND-Glioblastoma_LOPAC_H4-primary_screen2,NCGC00024853-15,activity,null,4,4.242,4,0,null,[H][C@@]2(CNC(=O)C1=C(OC)C=CC(=C1)[S+](N)([O-])=O)CCCN2CC,S7771,(-)-Sulpiride,SIGMA,2021_LOPAC_01,null,null,null,null,null,null,null,null,null,null,null,3.733,0,null,null,null,null,null,null,null,null,0,null,null,6.56,2.827,26.522,null,null,null,null,null,null,null,null,null,null,LZSXQDDPWUOGTJ,null,TRND,cCiXecKJAJIoXMFXsn,null,null,null,null,null,null,null,null,null,23672-07-3,null,null,null,0,4,null,null,null,173031,null,1,1,2025-06-17 15:29:19,null,null,null,null,null,null,null,364788107,activity,null,HTS,null,6.56,5.882,2.827,4.242,null,null,null,null,null,null,null,null,null,null,null,null,null,null,null,null,null,null,null,null,null,278939696
TRND-Glioblastoma_LOPAC_H4-primary_screen2,NCGC00015925-18,activity,null,4,1.83,4,0,null,NC1=CC=C(C=C1)[S+]([O-])(=O)NC2=CC=NN2C3=CC=CC=C3,S0758,Sulfaphenazole,SIGMA,2021_LOPAC_01,null,null,null,null,null,null,null,null,null,null,null,5.755,0,null,null,null,null,null,null,null,null,0,null,null,6.695,0.94,22.119,null,null,null,null,null,null,null,null,null,null,MAJMNCJQOUUIHD,null,TRND,dIHqtHvatMpJNKBrUo,null,null,null,null,null,null,null,null,null,526-08-9,null,null,null,0,4,null,null,null,173031,null,1,1,2025-06-17 15:29:19,null,null,null,null,null,null,null,364788683,activity,null,HTS,null,6.695,2.745,0.94,1.83,null,null,null,null,null,null,null,null,null,null,null,null,null,null,null,null,null,null,null,null,null,278939697
TRND-Glioblastoma_LOPAC_H4-primary_screen2,NCGC00015962-28,activity,null,4,-2.535,4,-23.542,4.955,OC1=CC=C(C=C1)C2=NC(=C(N2)C3=CC=C(F)C=C3)C4=CC=NC=C4,S7067,SB 202190,SIGMA,2021_LOPAC_01,null,null,null,null,null,null,null,null,null,null,null,26.099,-5.042,0.462,0.84,null,null,null,null,null,null,18.5,null,null,23.563,-2.535,63.188,76.032,null,null,null,null,null,null,null,null,null,QHKYPYXTTXKZST,null,TRND,QiSKNdWQYmaXPBMtLd,null,Mitogen-Activated protein kinase 8 (JNK) inhibitor,null,null,null,null,null,null,null,152121-30-7,MAPK8,null,null,0,4,0,null,null,173031,0 0 0 0,1,1,2025-06-17 15:29:19,null,null,null,null,null,null,null,364786243,activity,null,HTS,null,12.51,19.069,23.563,-2.535,null,null,null,null,null,null,null,null,null,null,null,null,null,null,null,null,null,null,null,null,null,278939698
TRND-Glioblastoma_LOPAC_H4-primary_screen2,NCGC00507742-03,activity,null,4,-22.36,4,-24.832,4.955,O=C(N1C=C(N=N1)C2=CC=C(C=C2)C3=CC=CC(=C3)C(=O)N4CCCCC4)N5CCCCC5C6=CC=CC=C6,SML1249,KT185,SIGMA,2021_LOPAC_01,null,null,null,null,null,null,null,null,null,null,null,23.638,-25.332,0.161,0.984,null,null,null,null,null,null,-0.5,null,null,1.277,-22.36,-15.598,-13.845,null,null,null,null,null,null,null,null,null,SGQNTNACVSWXMA,null,TRND,uGUjqVIpMhKlLvdVwM,null,Monoacylglycerol Lipase ABHD6 inhibitor,null,null,null,null,null,null,null,null,ABHD6,null,null,0,4,0,null,null,173031,0 0 0 0,1,1,2025-06-17 15:29:19,null,null,null,null,null,null,null,364785931,activity,null,HTS,null,-1.224,-1.916,1.277,-22.36,null,null,null,null,null,null,null,null,null,null,null,null,null,null,null,null,null,null,null,null,null,278939699
TRND-Glioblastoma_LOPAC_H4-primary_screen2,NCGC00162111-08,activity,null,4,-9.009,4,-14.81,4.955,CO\N=C(/C(=O)N[C@H]1C2SCC(CSC3=NC(=O)C([O-])=NN3C)=C(N2C1=O)C([O-])=O)C4=CSC(N)=N4,C5793,Ceftriaxone sodium,SIGMA,2021_LOPAC_01,null,null,null,null,null,null,null,null,null,null,null,14.025,-10.81,0.197,0.975,null,null,null,null,null,null,4,null,null,5.017,-9.009,13.107,11.94,null,null,null,null,null,null,null,null,null,VAAUVRVFOQPIGI,null,TRND,DWygAifcyEmRZsItnj,null,null,null,null,SODIUM,null,null,null,null,null,null,null,null,0,4,0,null,null,173031,0 0 0 0,1,1,2025-06-17 15:29:19,null,null,null,null,null,null,null,364786923,activity,null,HTS,null,4.504,2.625,5.017,-9.009,null,null,null,null,null,null,null,null,null,null,null,null,null,null,null,null,null,null,null,null,null,278939700
TRND-Glioblastoma_LOPAC_H4-primary_screen2,NCGC00021147-27,activity,null,4,9.184,4,-35.037,2.638,CN(C)CCOC(C)(C1=CC=CC=C1)C2=CC=CC=N2,D3775,Doxylamine succinate,SIGMA,2021_LOPAC_01,null,null,null,null,null,null,null,null,null,null,null,32.965,-28.037,1,1,null,null,null,null,null,null,7,null,null,9.184,-23.78,-7.426,-9.393,null,null,null,null,null,null,null,null,null,HCFDWZZGGLSKEP,null,TRND,JHbilBDLuOuyqdEAtj,null,null,null,null,SUCCINICACID,null,null,null,null,562-10-7,null,null,null,0,4,1,null,null,173031,0 0 0 1,1,1,2025-06-17 15:29:19,null,null,null,null,null,null,null,364786647,activity,null,HTS,null,6.821,3.969,-23.78,9.184,null,null,null,null,null,null,null,null,null,null,null,null,null,null,null,null,null,null,null,null,null,278939701
TRND-Glioblastoma_LOPAC_H4-primary_screen2,NCGC00015351-07,activity,null,4,9.368,4,0,null,CC1(C)CCC=[N+]1[O-],D5766,"5,5-Dimethyl-1-pyrroline-N-oxide",SIGMA,2021_LOPAC_01,null,null,null,null,null,null,null,null,null,null,null,8.601,0,null,null,null,null,null,null,null,null,0,null,null,9.368,0.767,26.544,null,null,null,null,null,null,null,null,null,null,VCUVETGKTILCLC,null,TRND,ukJPsYJAHprkuIqUkd,null,null,null,null,null,null,null,null,null,3317-61-1,null,null,null,0,4,null,null,null,173031,null,1,1,2025-06-17 15:29:19,null,null,null,null,null,null,null,364786679,activity,null,HTS,null,7.265,0.767,1.317,9.368,null,null,null,null,null,null,null,null,null,null,null,null,null,null,null,null,null,null,null,null,null,278939702
TRND-Glioblastoma_LOPAC_H4-primary_screen2,NCGC00162232-13,activity,null,4,4.559,4,0,null,CCCCCN(CCCCC)C(=O)C(CCC([O-])=O)NC(=O)C1=CC(Cl)=C(Cl)C=C1,L109,Lorglumide sodium,SIGMA,2021_LOPAC_01,null,null,null,null,null,null,null,null,null,null,null,4.357,0,null,null,null,null,null,null,null,null,0,null,null,7.254,2.897,27.571,null,null,null,null,null,null,null,null,null,null,IEKOTSCYBBDIJC,null,TRND,KGFKmFLqBzjMUASNCt,null,null,null,null,SODIUM,null,null,null,null,null,null,null,null,0,4,null,null,null,173031,null,1,1,2025-06-17 15:29:19,null,null,null,null,null,null,null,364786219,activity,null,HTS,null,7.254,4.319,2.897,4.559,null,null,null,null,null,null,null,null,null,null,null,null,null,null,null,null,null,null,null,null,null,278939703
TRND-Glioblastoma_LOPAC_H4-primary_screen2,NCGC00094265-07,activity,null,4,5.818,4,0,null,OC(=O)[C@@H]1CCCN[C@@H]1C(O)=O,P8782,"(±)-cis-Piperidine-2,3-dicarboxylic acid",SIGMA,2021_LOPAC_01,null,null,null,null,null,null,null,null,null,null,null,9.094,0,null,null,null,null,null,null,null,null,0,null,null,8.779,-0.315,33.277,null,null,null,null,null,null,null,null,null,null,PTLWNCBCBZZBJI,null,TRND,RIqVIDZfNdcMOePGyO,null,null,null,null,null,null,null,null,null,null,null,null,null,0,4,null,null,null,173031,null,1,1,2025-06-17 15:29:19,null,null,null,null,null,null,null,364785463,activity,null,HTS,null,8.779,8.694,-0.315,5.818,null,null,null,null,null,null,null,null,null,null,null,null,null,null,null,null,null,null,null,null,null,278939704
TRND-Glioblastoma_LOPAC_H4-primary_screen2,NCGC00015000-09,activity,null,4,3.222,4,0,null,CN1C2=C(NC(=N2)C3=CC=C(C=C3)[S+](O)([O-])=O)C(=O)N(C)C1=O,A013,8-(p-Sulfophenyl)theophylline,SIGMA,2021_LOPAC_01,null,null,null,null,null,null,null,null,null,null,null,6.835,0,null,null,null,null,null,null,null,null,0,null,null,6.972,0.137,7.787,null,null,null,null,null,null,null,null,null,null,VWZSKJSRNJOWFW,null,TRND,wHaVfEmTQRBIhVcbCf,null,null,null,null,H2O,null,null,null,null,null,null,null,null,0,4,null,null,null,173031,null,1,1,2025-06-17 15:29:19,null,null,null,null,null,null,null,364788519,activity,null,HTS,null,0.137,6.972,1.203,3.222,null,null,null,null,null,null,null,null,null,null,null,null,null,null,null,null,null,null,null,null,null,278939706
TRND-Glioblastoma_LOPAC_H4-primary_screen2,NCGC00025077-05,activity,null,4,0.615,4,0,null,C[C@H](NC[C@H](O)CP(O)(=O)CC1=CC=CC=C1)C2=CC=C(Cl)C(Cl)=C2,SML0594,CGP 55845 hydrochloride,SIGMA,2021_LOPAC_01,null,null,null,null,null,null,null,null,null,null,null,6.026,0,null,null,null,null,null,null,null,null,0,null,null,4.258,-1.767,13.713,null,null,null,null,null,null,null,null,null,null,ZODSPDOOCZZEIM,null,TRND,jcCITFQIAxXFfQABdE,null,null,null,null,CL,null,null,null,null,null,null,null,null,0,4,null,null,null,173031,null,1,1,2025-06-17 15:29:19,null,null,null,null,null,null,null,364787887,activity,null,HTS,null,4.258,-1.767,4.015,0.615,null,null,null,null,null,null,null,null,null,null,null,null,null,null,null,null,null,null,null,null,null,278939707
TRND-Glioblastoma_LOPAC_H4-primary_screen2,NCGC00025327-09,activity,null,4,-6.291,4,-11.549,4.955,CC1=NC2=C(O1)C=C(NC(=O)NC3=CC=NC4=C3N=CC=C4)C=C2,SML1530,SB-334867,SIGMA,2021_LOPAC_01,null,null,null,null,null,null,null,null,null,null,null,12.849,-7.549,0.401,0.887,null,null,null,null,null,null,4,null,null,6.558,-6.291,11.395,13.449,null,null,null,null,null,null,null,null,null,AKMNUCBQGHFICM,null,TRND,ItcRqxrZmVgRiVpDJO,null,null,null,null,null,null,null,null,null,null,null,null,null,0,4,0,null,null,173031,0 0 0 0,1,1,2025-06-17 15:29:19,null,null,null,null,null,null,null,364788579,activity,null,HTS,null,3.047,2.376,6.558,-6.291,null,null,null,null,null,null,null,null,null,null,null,null,null,null,null,null,null,null,null,null,null,278939708
TRND-Glioblastoma_LOPAC_H4-primary_screen2,NCGC00093535-08,activity,null,4,-11.918,4,-19.801,4.955,CCCCC[C@H](CC(=O)NO)C(=O)N[C@@H](C(C)C)C(=O)N1CCC[C@H]1CO,A6671,Actinonin,SIGMA,2021_LOPAC_01,null,null,null,null,null,null,null,null,null,null,null,23.348,-14.301,0.503,0.803,null,null,null,null,null,null,5.5,null,null,11.431,-11.918,14.4,16.678,null,null,null,null,null,null,null,null,null,XJLATMLVMSFZBN,null,TRND,yPEOBDnkroaPYOGMph,null,null,null,null,null,null,null,null,null,13434-13-4,null,null,null,0,4,0,null,null,173031,0 0 0 0,1,1,2025-06-17 15:29:19,null,null,null,null,null,null,null,364785395,activity,null,HTS,null,4.294,1.081,11.431,-11.918,null,null,null,null,null,null,null,null,null,null,null,null,null,null,null,null,null,null,null,null,null,278939709
TRND-Glioblastoma_LOPAC_H4-primary_screen2,NCGC00163544-12,activity,null,4,10.604,4,10.292,2.253,CC(C)C[C@H](NC(=O)[C@H]1O[C@@H]1C(O)=O)C(=O)NCCCCNC(N)=N,E3132,E-64,SIGMA,2021_LOPAC_01,null,null,null,null,null,null,null,null,null,null,null,12.098,11,0.425,0.871,null,null,null,null,null,null,0.708,null,null,10.604,-1.494,14.933,10.544,null,null,null,null,null,null,null,null,null,LTLYEAJONXGNFG,null,TRND,sBHdtRktyXSNautToB,null,null,null,null,null,null,null,null,null,[NO STEREO] 66701-25-5,null,null,null,0,4,0,null,null,173031,0 0 0 0,1,1,2025-06-17 15:29:19,null,null,null,null,null,null,null,364789883,activity,null,HTS,null,2.823,-1.494,3.671,10.604,null,null,null,null,null,null,null,null,null,null,null,null,null,null,null,null,null,null,null,null,null,278939710
TRND-Glioblastoma_LOPAC_H4-primary_screen2,NCGC00013495-25,activity,null,4,9.62,4,0,null,[H][C@]12CC[C@]([H])(C[C@@]([H])(C1)OC(C3=CC=CC=C3)C4=CC=CC=C4)N2C,SML0837,Benztropine mesylate ,SIGMA,2021_LOPAC_01,null,null,null,null,null,null,null,null,null,null,null,5.148,0,null,null,null,null,null,null,null,null,0,null,null,10.242,5.094,42.855,null,null,null,null,null,null,null,null,null,null,GIJXKZJWITVLHI,null,TRND,WLNzDCOGhsPUTVubHV,null,null,null,null,METHANESULFONIC-ACID,null,null,null,null,132-17-2,null,null,null,0,4,null,null,null,173031,null,1,1,2025-06-17 15:29:19,null,null,null,null,null,null,null,364788611,activity,null,HTS,null,10.242,8.318,5.094,9.62,null,null,null,null,null,null,null,null,null,null,null,null,null,null,null,null,null,null,null,null,null,278938623
TRND-Glioblastoma_LOPAC_H4-primary_screen2,NCGC00015818-30,activity,null,4,1.41,4,-10.53,4.955,O=C(C1CCCCC1)N2CC3N(CCC4=C3C=CC=C4)C(=O)C2,P4668,Praziquantel,SIGMA,2021_LOPAC_01,null,null,null,null,null,null,null,null,null,null,null,14.046,-2.03,0.506,0.8,null,null,null,null,null,null,8.5,null,null,8.604,-5.442,25.349,25.64,null,null,null,null,null,null,null,null,null,FSVJFNAIGNNGKK,null,TRND,NQGkYTCKyZPnAEnZiw,null,Anti-helmenthic,null,null,null,null,null,null,null,55268-74-1,cavB,null,null,0,4,0,null,null,173031,0 0 0 0,1,1,2025-06-17 15:29:19,null,null,null,null,null,null,null,364787147,activity,null,HTS,null,8.604,6.49,-5.442,1.41,null,null,null,null,null,null,null,null,null,null,null,null,null,null,null,null,null,null,null,null,null,278938624
TRND-Glioblastoma_LOPAC_H4-primary_screen2,NCGC00162084-15,activity,null,4,-19.588,4,-25.006,4.955,NC1=NC=NC2=C1N=C(Br)N2C3OC4CO[P@]([O-])(=O)O[C@@H]4C3O,B7880,8-BRomo-cAMP sodium,SIGMA,2021_LOPAC_01,null,null,null,null,null,null,null,null,null,null,null,28.194,-22.506,0.468,0.835,null,null,null,null,null,null,2.5,null,null,8.606,-19.588,12.996,0.171,null,null,null,null,null,null,null,null,null,DVKQVRZMKBDMDH,null,TRND,swchOpOdGTuJtCcVRW,null,null,null,null,SODIUM,null,null,null,null,null,null,null,null,0,4,0,null,null,173031,0 0 0 0,1,1,2025-06-17 15:29:19,null,null,null,null,null,null,null,364786899,activity,null,HTS,null,8.606,-3.477,2.633,-19.588,null,null,null,null,null,null,null,null,null,null,null,null,null,null,null,null,null,null,null,null,null,278938625
TRND-Glioblastoma_LOPAC_H4-primary_screen2,NCGC00094344-05,activity,null,4,-8.456,4,-15.647,4.504,COC1=CC=C(NC(=O)\C=C\C2=CC=C(Cl)C=C2)C=C1,S0441,SB-366791,SIGMA,2021_LOPAC_01,null,null,null,null,null,null,null,null,null,null,null,16.997,-8.647,0.182,0.979,null,null,null,null,null,null,7,null,null,8.541,-8.456,21.302,23.182,null,null,null,null,null,null,null,null,null,LYIXDMRSDTZYCF,null,TRND,wCMmAsqpetvqXWqFtj,null,null,null,null,null,null,null,null,null,null,null,null,null,0,4,0,null,null,173031,0 0 0 0,1,1,2025-06-17 15:29:19,null,null,null,null,null,null,null,364786767,activity,null,HTS,null,5.889,8.541,4.914,-8.456,null,null,null,null,null,null,null,null,null,null,null,null,null,null,null,null,null,null,null,null,null,278938626
TRND-Glioblastoma_LOPAC_H4-primary_screen2,NCGC00179528-08,activity,null,4,3.562,4,0,null,N[C@@H](CN/1\C=C/C(=O)/C(=C1)O)C(O)=O,M0253,L-Mimosine from Koa hoale seeds,SIGMA,2021_LOPAC_01,null,null,null,null,null,null,null,null,null,null,null,4.386,0,null,null,null,null,null,null,null,null,0,null,null,4.277,-0.109,15.374,null,null,null,null,null,null,null,null,null,null,WZNJWVWKTVETCG,null,TRND,XYbdcGBDVLJjuLnoOF,null,null,null,null,null,null,null,null,null,500-44-7,null,null,null,0,4,null,null,null,173031,null,1,1,2025-06-17 15:29:19,null,null,null,null,null,null,null,364787775,activity,null,HTS,null,4.277,-0.109,2.444,3.562,null,null,null,null,null,null,null,null,null,null,null,null,null,null,null,null,null,null,null,null,null,278938627
TRND-Glioblastoma_LOPAC_H4-primary_screen2,NCGC00381714-12,activity,null,4,4.312,4,-9.121,2.406,C[S+]([O-])C1=CC=C(\C=C2\C(C)=C(CC(O)=O)C3=CC(F)=CC=C23)C=C1,S8139,Sulindac,SIGMA,2021_LOPAC_01,null,null,null,null,null,null,null,null,null,null,null,10.014,1.379,0.542,0.764,null,null,null,null,null,null,10.5,null,null,9.497,-0.518,30.436,30.757,null,null,null,null,null,null,null,null,null,MLKXDPUZXIRXEP,null,TRND,uTbIVrZPszZSTBUcdW,null,null,null,null,null,null,null,null,null,38194-50-2,null,null,null,0,4,0,null,null,173031,0 0 0 0,1,1,2025-06-17 15:29:19,null,null,null,null,null,null,null,364786847,activity,null,HTS,null,9.497,3.113,-0.518,4.312,null,null,null,null,null,null,null,null,null,null,null,null,null,null,null,null,null,null,null,null,null,278938630
TRND-Glioblastoma_LOPAC_H4-primary_screen2,NCGC00025029-23,activity,null,4,5.822,4,0,null,N\C(SC1=CC=CC=C1N)=C(C#N)/C(C#N)=C(\N)SC2=CC=CC=C2N,U120,U0126,SIGMA,2021_LOPAC_01,null,null,null,null,null,null,null,null,null,null,null,6.539,0,null,null,null,null,null,null,null,null,0,null,null,11.878,5.339,40.545,null,null,null,null,null,null,null,null,null,null,DVEXZJFMOKTQEZ,null,TRND,dSlPBsAIOizCgroVkl,null,null,null,null,ETHANOL_V2,null,null,null,null,218601-62-8,null,null,null,0,4,null,null,null,173031,null,1,1,2025-06-17 15:29:19,null,null,null,null,null,null,null,364786479,activity,null,HTS,null,9.17,5.339,11.878,5.822,null,null,null,null,null,null,null,null,null,null,null,null,null,null,null,null,null,null,null,null,null,278938631
TRND-Glioblastoma_LOPAC_H4-primary_screen2,NCGC00390732-05,activity,null,4,0.606,4,-8.902,4.955,CN1CCC(CC1)=C2C3=NC=C(C=O)N3CCC4=CC=CC=C24,SML1590,Alcaftadine,SIGMA,2021_LOPAC_01,null,null,null,null,null,null,null,null,null,null,null,14.756,-1.902,0.611,0.666,null,null,null,null,null,null,7,null,null,10.672,-4.085,14.652,22.055,null,null,null,null,null,null,null,null,null,MWTBKTRZPHJQLH,null,TRND,exXLJIrbjfXDdYhJVX,null,null,null,null,null,null,null,null,null,147084-10-4,null,null,null,0,4,0,null,null,173031,0 0 0 0,1,1,2025-06-17 15:29:19,null,null,null,null,null,null,null,364786739,activity,null,HTS,null,3.507,10.672,-4.085,0.606,null,null,null,null,null,null,null,null,null,null,null,null,null,null,null,null,null,null,null,null,null,278938634
TRND-Glioblastoma_LOPAC_H4-primary_screen2,NCGC00015227-28,activity,null,4,11.532,4,11.518,4.955,CN(C)CCC(C1=CC=C(Cl)C=C1)C2=CC=CC=N2,C3025,(±)-Chlorpheniramine maleate,SIGMA,2021_LOPAC_01,null,null,null,null,null,null,null,null,null,null,null,11.963,13,0.592,0.697,null,null,null,null,null,null,1.482,null,null,11.532,-0.431,23.976,12.298,null,null,null,null,null,null,null,null,null,SOYKEARSMXGVTM,null,TRND,kvoTOjUenGPSUyTyNE,null,null,null,null,MALEATE,null,null,null,null,113-92-8,null,null,null,0,4,0,null,null,173031,0 0 0 0,1,1,2025-06-17 15:29:19,null,null,null,null,null,null,null,364787019,activity,null,HTS,null,6.315,0.989,-0.431,11.532,null,null,null,null,null,null,null,null,null,null,null,null,null,null,null,null,null,null,null,null,null,278938635
TRND-Glioblastoma_LOPAC_H4-primary_screen2,NCGC00408874-04,activity,null,4,11.97,4,-17.061,4.955,CCOC(=O)[C@@H](N)CC1=CC=C(O)C(O)=C1,SML0091,L-Dopa ethyl ester,SIGMA,2021_LOPAC_01,null,null,null,null,null,null,null,null,null,null,null,16.892,-1.561,1,0.891,null,null,null,null,null,null,15.5,null,null,12.258,-4.634,32.035,30.731,null,null,null,null,null,null,null,null,null,NULMGOSOSZBEQL,null,TRND,hEsRckuUBcnUqOkYvg,null,null,null,null,null,null,null,null,null,null,null,null,null,0,4,1,null,null,173031,0 0 0 1,1,1,2025-06-17 15:29:19,null,null,null,null,null,null,null,364786911,activity,null,HTS,null,12.258,-4.634,1.025,11.97,null,null,null,null,null,null,null,null,null,null,null,null,null,null,null,null,null,null,null,null,null,278938637
TRND-Glioblastoma_LOPAC_H4-primary_screen2,NCGC00015864-25,activity,null,4,5.638,4,-14.815,4.955,CCN(CC)CCOC(=O)C1=CC=C(N)C=C1,P9879,Procaine hydrochloride,SIGMA,2021_LOPAC_01,null,null,null,null,null,null,null,null,null,null,null,17.24,1.185,0.671,0.551,null,null,null,null,null,null,16,null,null,13.227,-4.013,40.864,38.621,null,null,null,null,null,null,null,null,null,MFDFERRIHVXMIY,null,TRND,votmJbgqXjRKxDqWdX,null,null,null,null,CL,null,null,null,null,51-05-8,null,null,null,0,4,0,null,null,173031,0 0 0 0,1,1,2025-06-17 15:29:19,null,null,null,null,null,null,null,364785495,activity,null,HTS,null,13.227,-4.013,5.716,5.638,null,null,null,null,null,null,null,null,null,null,null,null,null,null,null,null,null,null,null,null,null,278938638
TRND-Glioblastoma_LOPAC_H4-primary_screen2,NCGC00485134-03,activity,null,4,0.228,4,0,null,COC1=CC=C(CCNCC2=CC=C(OC)C3=C2C=CC=C3)C=C1,SML1054,SBI-0087702    ,SIGMA,2021_LOPAC_01,null,null,null,null,null,null,null,null,null,null,null,5.855,0,null,null,null,null,null,null,null,null,0,null,null,6.083,0.228,21.421,null,null,null,null,null,null,null,null,null,null,SNBZXHDTILHVJS,null,TRND,xmxFZehPeKmhiOpJYR,null,null,null,null,null,null,null,null,null,null,null,null,null,0,4,null,null,null,173031,null,1,1,2025-06-17 15:29:19,null,null,null,null,null,null,null,364788531,activity,null,HTS,null,4.837,5.184,6.083,0.228,null,null,null,null,null,null,null,null,null,null,null,null,null,null,null,null,null,null,null,null,null,278938639
TRND-Glioblastoma_LOPAC_H4-primary_screen2,NCGC00015128-11,activity,null,4,8.507,4,0,null,C1CCN(CC1)C2(CCCCC2)C3=CC4=C(S3)C=CC=C4,B138,BTCP hydrochloride,SIGMA,2021_LOPAC_01,null,null,null,null,null,null,null,null,null,null,null,8.391,0,null,null,null,null,null,null,null,null,0,null,null,8.507,0.116,19.954,null,null,null,null,null,null,null,null,null,null,RGSVXQJPSWZXOP,null,TRND,iqTjqdhrsmJMHhrasr,null,null,null,null,CL,null,null,null,null,null,null,null,null,0,4,null,null,null,173031,null,1,1,2025-06-17 15:29:19,null,null,null,null,null,null,null,364789487,activity,null,HTS,null,5.32,0.116,0.913,8.507,null,null,null,null,null,null,null,null,null,null,null,null,null,null,null,null,null,null,null,null,null,278938640
TRND-Glioblastoma_LOPAC_H4-primary_screen2,NCGC00015430-16,activity,null,4,8.904,4,0,null,CC(CC1=CC=C(O)C=C1)NCC(O)C2=CC(O)=CC(O)=C2,F1016,Fenoterol hydrobromide,SIGMA,2021_LOPAC_01,null,null,null,null,null,null,null,null,null,null,null,10.705,0,null,null,null,null,null,null,null,null,0,null,null,12.894,2.189,42.811,null,null,null,null,null,null,null,null,null,null,LSLYOANBFKQKPT,null,TRND,XJFsEYBemtMYVrmzKW,null,null,null,null,BR,null,null,null,null,[NO STEREO] 1944-12-3,null,null,null,0,4,null,null,null,173031,null,1,1,2025-06-17 15:29:19,null,null,null,null,null,null,null,364789459,activity,null,HTS,null,9.939,2.189,12.894,8.904,null,null,null,null,null,null,null,null,null,null,null,null,null,null,null,null,null,null,null,null,null,278938641
TRND-Glioblastoma_LOPAC_H4-primary_screen2,NCGC00023339-32,activity,null,4,8.498,4,0,null,CC[C@H]1[C@@H](CC2=CN=CN2C)COC1=O,P6628,Pilocarpine nitrate,SIGMA,2021_LOPAC_01,null,null,null,null,null,null,null,null,null,null,null,7.142,0,null,null,null,null,null,null,null,null,0,null,null,12.788,5.646,34.051,null,null,null,null,null,null,null,null,null,null,QCHFTSOMWOSFHM,null,TRND,TgNeogCqjfhooWEULF,null,null,null,null,NITRIC_ACID,null,null,null,null,148-72-1,null,null,null,0,4,null,null,null,173031,null,1,1,2025-06-17 15:29:19,null,null,null,null,null,null,null,364790359,activity,null,HTS,null,5.646,7.116,12.788,8.498,null,null,null,null,null,null,null,null,null,null,null,null,null,null,null,null,null,null,null,null,null,278938642
TRND-Glioblastoma_LOPAC_H4-primary_screen2,NCGC00507863-05,activity,null,4,-2.139,4,-14.456,4.955,COC(=O)[C@H]1CC2=C(NC3=C2C=CC=C3)[C@@H](N1C(=O)CCl)C4=CC=C(C=C4)C(=O)OC,SML2234,"1S,3R-RSL 3",SIGMA,2021_LOPAC_01,null,null,null,null,null,null,null,null,null,null,null,13.467,-2.456,0.227,0.967,null,null,null,null,null,null,12,null,null,9.338,-4.13,20.756,20.713,null,null,null,null,null,null,null,null,null,TXJZRSRTYPUYRW,null,TRND,GjcitxFzEJufVeLqfw,null,Phospholipid hydroperoxide glutathione peroxidase inhibitor,null,null,null,null,null,null,null,null,GPX4,null,null,0,4,0,null,null,173031,0 0 0 0,1,1,2025-06-17 15:29:19,null,null,null,null,null,null,null,364786835,activity,null,HTS,null,9.338,-4.13,-1.64,-2.139,null,null,null,null,null,null,null,null,null,null,null,null,null,null,null,null,null,null,null,null,null,278938643
TRND-Glioblastoma_LOPAC_H4-primary_screen2,NCGC00016105-09,activity,null,4,4.741,4,-10,4.955,CCCOC1=C(C=CC=C1)C2=NC(=O)C3=C(NN=N3)N2,Z0878,Zaprinast,SIGMA,2021_LOPAC_01,null,null,null,null,null,null,null,null,null,null,null,10.44,3,0.422,0.873,null,null,null,null,null,null,13,null,null,11.627,1.187,38.437,38.498,null,null,null,null,null,null,null,null,null,REZGGXNDEMKIQB,null,TRND,kVohSmRqJXptUfDxsa,null,null,null,null,null,null,null,null,null,37762-06-4,null,null,null,0,4,0,null,null,173031,0 0 0 0,1,1,2025-06-17 15:29:19,null,null,null,null,null,null,null,364787807,activity,null,HTS,null,11.627,1.187,4.072,4.741,null,null,null,null,null,null,null,null,null,null,null,null,null,null,null,null,null,null,null,null,null,278938644
TRND-Glioblastoma_LOPAC_H4-primary_screen2,NCGC00024502-10,activity,null,4,-4.019,4,0,null,N[C@@H](CCC(O)=O)C(O)=O,G2128,L-Glutamic acid hydrochloride,SIGMA,2021_LOPAC_01,null,null,null,null,null,null,null,null,null,null,null,7.682,0,null,null,null,null,null,null,null,null,0,null,null,3.664,-4.019,4.733,null,null,null,null,null,null,null,null,null,null,WHUUTDBJXJRKMK,null,TRND,NDJzcJKYvQhawROSxD,null,null,null,null,CL,null,null,null,null,56-86-0,null,null,null,0,4,null,null,null,173031,null,1,1,2025-06-17 15:29:19,null,null,null,null,null,null,null,364788259,activity,null,HTS,null,1.18,3.664,1.447,-4.019,null,null,null,null,null,null,null,null,null,null,null,null,null,null,null,null,null,null,null,null,null,278938645
TRND-Glioblastoma_LOPAC_H4-primary_screen2,NCGC00381720-15,activity,null,4,4.389,4,0,null,CC1=C(OCC(F)(F)F)C=CN=C1C[S+]([O-])C2=NC3=CC=CC=C3N2,L8533,null,SIGMA,2021_LOPAC_01,null,null,null,null,null,null,null,null,null,null,null,6.084,0,null,null,null,null,null,null,null,null,0,null,null,6.651,0.567,22.672,null,null,null,null,null,null,null,null,null,null,MJIHNNLFOKEZEW,null,TRND,aYeNxiBSpelkBtfIoc,null,null,null,null,null,null,null,null,null,103577-45-3,null,null,null,0,4,null,null,null,173031,null,1,1,2025-06-17 15:29:19,null,null,null,null,null,null,null,364789375,activity,null,HTS,null,6.651,2.162,0.567,4.389,null,null,null,null,null,null,null,null,null,null,null,null,null,null,null,null,null,null,null,null,null,278938647
TRND-Glioblastoma_LOPAC_H4-primary_screen2,NCGC00241970-03,activity,null,4,1.163,4,0,null,C\C1=C(\C(NC(=O)N1)C2=CC=C(F)C=C2)C(=O)NC3=CC4=CNN=C4C=C3,SML2296,GSK180736A,SIGMA,2021_LOPAC_01,null,null,null,null,null,null,null,null,null,null,null,7.546,0,null,null,null,null,null,null,null,null,0,null,null,4.477,-3.068,13.302,null,null,null,null,null,null,null,null,null,null,HEAIGWIZTYAQTC,null,TRND,PeChKvFGgyaZUHpZNe,null,null,null,null,null,null,null,null,null,null,null,null,null,0,4,null,null,null,173031,null,1,1,2025-06-17 15:29:19,null,null,null,null,null,null,null,364789671,activity,null,HTS,null,4.219,4.477,-3.068,1.163,null,null,null,null,null,null,null,null,null,null,null,null,null,null,null,null,null,null,null,null,null,278938648
TRND-Glioblastoma_LOPAC_H4-primary_screen2,NCGC00024715-14,activity,null,4,3.507,4,0,null,N[C@@H](CCCNC(N)=N)C(O)=O,A5006,L-Arginine,SIGMA,2021_LOPAC_01,null,null,null,null,null,null,null,null,null,null,null,5.704,0,null,null,null,null,null,null,null,null,0,null,null,6.15,0.446,8.911,null,null,null,null,null,null,null,null,null,null,ODKSFYDXXFIFQN,null,TRND,RIOmRxpOpQSEMxkLFm,null,null,null,null,null,null,null,null,null,74-79-3,null,null,null,0,4,null,null,null,173031,null,1,1,2025-06-17 15:29:19,null,null,null,null,null,null,null,364789823,activity,null,HTS,null,0.446,2.19,6.15,3.507,null,null,null,null,null,null,null,null,null,null,null,null,null,null,null,null,null,null,null,null,null,278938649
TRND-Glioblastoma_LOPAC_H4-primary_screen2,NCGC00015558-33,activity,null,4,4.965,4,0,null,CC(C)NCC(O)C1=CC(O)=C(O)C=C1,I5627,(±)-Isoproterenol hydrochloride,SIGMA,2021_LOPAC_01,null,null,null,null,null,null,null,null,null,null,null,7.284,0,null,null,null,null,null,null,null,null,0,null,null,12.249,4.965,44.747,null,null,null,null,null,null,null,null,null,null,JWZZKOKVBUJMES,null,TRND,fIShMDsaOPqsIRqUhG,null,Beta-1 Adrenergic Receptor agonist,null,null,CL,null,null,null,null,51-30-9,ADRB1,null,null,0,4,null,null,null,173031,null,1,1,2025-06-17 15:29:19,null,null,null,null,null,null,null,364790047,activity,null,HTS,null,12.249,6.046,5.604,4.965,null,null,null,null,null,null,null,null,null,null,null,null,null,null,null,null,null,null,null,null,null,278938650
TRND-Glioblastoma_LOPAC_H4-primary_screen2,NCGC00015691-19,activity,null,4,3.067,4,-11.073,4.504,NCCS,M6500,Cysteamine hydrochloride,SIGMA,2021_LOPAC_01,null,null,null,null,null,null,null,null,null,null,null,10.899,-6.073,1,1,null,null,null,null,null,null,5,null,null,5.005,-5.894,9.888,9.832,null,null,null,null,null,null,null,null,null,UFULAYFCSOUIOV,null,TRND,OKtxmXMIyZRsPaSeLx,null,null,null,null,CL,null,null,null,null,156-57-0,null,null,null,0,4,1,null,null,173031,0 0 0 1,1,1,2025-06-17 15:29:19,null,null,null,null,null,null,null,364786827,activity,null,HTS,null,5.005,4.608,-5.894,3.067,null,null,null,null,null,null,null,null,null,null,null,null,null,null,null,null,null,null,null,null,null,278938651
TRND-Glioblastoma_LOPAC_H4-primary_screen2,NCGC00015595-27,activity,null,4,5.688,4,0,null,CC(CCC1=CC=CC=C1)NCC(O)C2=CC(C(N)=O)=C(O)C=C2,L1011,Labetalol hydrochloride,SIGMA,2021_LOPAC_01,null,null,null,null,null,null,null,null,null,null,null,8.261,0,null,null,null,null,null,null,null,null,0,null,null,13.949,5.688,36.465,null,null,null,null,null,null,null,null,null,null,SGUAFYQXFOLMHL,null,TRND,dNSrDpNnKRswDlVNTi,null,null,null,null,CL,null,null,null,null,32780-64-6,null,null,null,0,4,null,null,null,173031,null,1,1,2025-06-17 15:29:19,null,null,null,null,null,null,null,364788063,activity,null,HTS,null,6.171,9.437,13.949,5.688,null,null,null,null,null,null,null,null,null,null,null,null,null,null,null,null,null,null,null,null,null,278938652
TRND-Glioblastoma_LOPAC_H4-primary_screen2,NCGC00386678-05,activity,null,4,8.927,4,0,null,CCN(CC1=CC=CN=C1)C(=O)CN(C2=CC=C(OC)N=C2)[S+]([O-])(=O)C3=CC=CC=C3C,SML0864,EMPA,SIGMA,2021_LOPAC_01,null,null,null,null,null,null,null,null,null,null,null,6.566,0,null,null,null,null,null,null,null,null,0,null,null,8.927,2.361,30.878,null,null,null,null,null,null,null,null,null,null,KJPHTXTWFHVJIG,null,TRND,UFxEFDvXAMxnxRpwIh,null,null,null,null,null,null,null,null,null,null,null,null,null,0,4,null,null,null,173031,null,1,1,2025-06-17 15:29:19,null,null,null,null,null,null,null,364789051,activity,null,HTS,null,7.065,2.361,7.047,8.927,null,null,null,null,null,null,null,null,null,null,null,null,null,null,null,null,null,null,null,null,null,278938653
TRND-Glioblastoma_LOPAC_H4-primary_screen2,NCGC00015969-09,activity,null,4,-28.383,4,-33.56,4.955,CC#CCOC(=O)C1=C(N)C2=C(SC3=C2CCC(O)C3)N=C1C,S7936,SB 205384,SIGMA,2021_LOPAC_01,null,null,null,null,null,null,null,null,null,null,null,32.901,-32.06,0.303,0.939,null,null,null,null,null,null,1.5,null,null,4.517,-28.383,-4.661,-8.488,null,null,null,null,null,null,null,null,null,JDTZAGLGBRRCJT,null,TRND,rbYFaIcmAAlXYRbmzW,null,null,null,null,null,null,null,null,null,null,null,null,null,0,4,0,null,null,173031,0 0 0 0,1,1,2025-06-17 15:29:19,null,null,null,null,null,null,null,364790027,activity,null,HTS,null,3.547,-3.924,4.517,-28.383,null,null,null,null,null,null,null,null,null,null,null,null,null,null,null,null,null,null,null,null,null,278938654
TRND-Glioblastoma_LOPAC_H4-primary_screen2,NCGC00094339-05,activity,null,4,14.677,4,0,null,CCN(CC)C(=O)C1=CC=C(C=C1)[C@@H](N2C[C@H](C)N(CC=C)C[C@H]2C)C3=CC=CC(OC)=C3,S2812,SNC80,SIGMA,2021_LOPAC_01,null,null,null,null,null,null,null,null,null,null,null,9.726,0,null,null,null,null,null,null,null,null,0,null,null,14.677,4.95,33.594,null,null,null,null,null,null,null,null,null,null,KQWVAUSXZDRQPZ,null,TRND,bLVwcfWnFkcMuCWbNK,null,null,null,null,null,null,null,null,null,null,null,null,null,0,4,null,null,null,173031,null,1,1,2025-06-17 15:29:19,null,null,null,null,null,null,null,364786159,activity,null,HTS,null,6.817,4.95,5.008,14.677,null,null,null,null,null,null,null,null,null,null,null,null,null,null,null,null,null,null,null,null,null,278938656
TRND-Glioblastoma_LOPAC_H4-primary_screen2,NCGC00015811-06,activity,null,4,-3.339,4,-15.67,1.967,S=C(NC1=NC=CS1)NC2=CC=CC=C2,P4015,1-Phenyl-3-(2-thiazolyl)-2-thiourea,SIGMA,2021_LOPAC_01,null,null,null,null,null,null,null,null,null,null,null,15.311,-3.67,0.092,0.995,null,null,null,null,null,null,12,null,null,11.419,-3.892,30.039,29.867,null,null,null,null,null,null,null,null,null,GCZZOZBWAZHCAN,null,TRND,MehbPiwFvXujTKFFnx,null,null,null,null,null,null,null,null,null,null,null,null,null,0,4,0,null,null,173031,0 0 0 0,1,1,2025-06-17 15:29:19,null,null,null,null,null,null,null,364786491,activity,null,HTS,null,11.419,4.046,-3.892,-3.339,null,null,null,null,null,null,null,null,null,null,null,null,null,null,null,null,null,null,null,null,null,278939167
TRND-Glioblastoma_LOPAC_H4-primary_screen2,NCGC00015550-18,activity,null,4,8.195,4,0,null,CC(C)[N+]1(C)C2CCC1CC(C2)C(=O)OC(CO)C3=CC=CC=C3,I1637,Ipratropium bromide,SIGMA,2021_LOPAC_01,null,null,null,null,null,null,null,null,null,null,null,8.397,0,null,null,null,null,null,null,null,null,0,null,null,8.195,-0.201,28.344,null,null,null,null,null,null,null,null,null,null,JQWQIOQHLSYJGI,null,TRND,qESyWCGHQCImYmMFIU,null,null,null,null,BR,null,null,null,null,null,null,null,null,0,4,null,null,null,173031,null,1,1,2025-06-17 15:29:19,null,null,null,null,null,null,null,364787007,activity,null,HTS,null,7.478,4.901,-0.201,8.195,null,null,null,null,null,null,null,null,null,null,null,null,null,null,null,null,null,null,null,null,null,278939168
TRND-Glioblastoma_LOPAC_H4-primary_screen2,NCGC00017331-20,activity,null,4,2.459,4,0,null,O[C@H]1CC2=C(O[C@@H]1C3=CC(O)=C(O)C=C3)C=C(O)C=C2O,C1251,(+)-Catechin Hydrate,SIGMA,2021_LOPAC_01,null,null,null,null,null,null,null,null,null,null,null,5.753,0,null,null,null,null,null,null,null,null,0,null,null,8.212,2.459,30.238,null,null,null,null,null,null,null,null,null,null,PFTAWBLQPZVEMU,null,TRND,EaGRIWmRVYuNFylWYj,null,null,null,null,H2O,null,null,null,null,7295-85-4|154-23-4,null,null,null,0,4,null,null,null,173031,null,1,1,2025-06-17 15:29:19,null,null,null,null,null,null,null,364788895,activity,null,HTS,null,8.212,2.769,6.035,2.459,null,null,null,null,null,null,null,null,null,null,null,null,null,null,null,null,null,null,null,null,null,278939169
TRND-Glioblastoma_LOPAC_H4-primary_screen2,NCGC00015588-10,activity,null,4,8.13,4,0,null,ClC1=CC=C(C=C1)N2CCN(CC3=CNC4=C3C=CC=N4)CC2,L131,"L-745,870 hydrochloride",SIGMA,2021_LOPAC_01,null,null,null,null,null,null,null,null,null,null,null,8.224,0,null,null,null,null,null,null,null,null,0,null,null,8.13,-0.095,14.55,null,null,null,null,null,null,null,null,null,null,OGJGQVFWEPNYSB,null,TRND,iRlnrpfjEHFQejqtym,null,null,null,null,CL,null,null,null,null,null,null,null,null,0,4,null,null,null,173031,null,1,1,2025-06-17 15:29:19,null,null,null,null,null,null,null,364790055,activity,null,HTS,null,1.889,-0.095,7.293,8.13,null,null,null,null,null,null,null,null,null,null,null,null,null,null,null,null,null,null,null,null,null,278939170
TRND-Glioblastoma_LOPAC_H4-primary_screen2,NCGC00507728-02,activity,null,4,1.229,4,0,null,CN(C)C1=CC=C(\C=C\C2=CC(\C=C\C3=CC=C(C=C3)N(C)C)=[O][B](F)(F)O2)C=C1,SML0842,CRANAD 2,SIGMA,2021_LOPAC_01,null,null,null,null,null,null,null,null,null,null,null,5.408,0,null,null,null,null,null,null,null,null,0,null,null,6.511,1.103,22.474,null,null,null,null,null,null,null,null,null,null,PVXQJYXODFZTBR,null,TRND,nIVKwWfbiudXxNuiWR,null,null,null,null,null,null,null,null,null,null,null,null,null,0,4,null,null,null,173031,null,1,1,2025-06-17 15:29:19,null,null,null,null,null,null,null,364786207,activity,null,HTS,null,6.511,4.276,1.103,1.229,null,null,null,null,null,null,null,null,null,null,null,null,null,null,null,null,null,null,null,null,null,278939172
TRND-Glioblastoma_LOPAC_H4-primary_screen2,NCGC00015030-07,activity,null,4,2.313,4,0,null,CC(N)=O,A0500,Acetamide,SIGMA,2021_LOPAC_01,null,null,null,null,null,null,null,null,null,null,null,7.504,0,null,null,null,null,null,null,null,null,0,null,null,2.313,-5.191,-15.289,null,null,null,null,null,null,null,null,null,null,DLFVBJFMPXGRIB,null,TRND,RVAZGLehdWvnBIOuRK,null,null,null,null,null,null,null,null,null,60-35-5,null,null,null,0,4,null,null,null,173031,null,1,1,2025-06-17 15:29:19,null,null,null,null,null,null,null,364785283,activity,null,HTS,null,-5.191,-0.833,-2.169,2.313,null,null,null,null,null,null,null,null,null,null,null,null,null,null,null,null,null,null,null,null,null,278939173
TRND-Glioblastoma_LOPAC_H4-primary_screen2,NCGC00016003-21,activity,null,4,2.665,4,0,null,OC(CCN1CCCCC1)(C2CCCCC2)C3=CC=CC=C3,T1516,Trihexyphenidyl hydrochloride,SIGMA,2021_LOPAC_01,null,null,null,null,null,null,null,null,null,null,null,9.308,0,null,null,null,null,null,null,null,null,0,null,null,8.807,-0.501,16.142,null,null,null,null,null,null,null,null,null,null,HWHLPVGTWGOCJO,null,TRND,JHwoBgUCPnXLLlfeih,null,null,null,null,CL,null,null,null,null,52-49-3,null,null,null,0,4,null,null,null,173031,null,1,1,2025-06-17 15:29:19,null,null,null,null,null,null,null,364785799,activity,null,HTS,null,3.219,-0.501,8.807,2.665,null,null,null,null,null,null,null,null,null,null,null,null,null,null,null,null,null,null,null,null,null,278939175
TRND-Glioblastoma_LOPAC_H4-primary_screen2,NCGC00507734-02,activity,null,4,9.89,4,-13.652,4.955,O[C@H](CC1=CC(O)=C(O)C=C1)C(O)=O,SML0679,Danshensu sodium salt,SIGMA,2021_LOPAC_01,null,null,null,null,null,null,null,null,null,null,null,14.151,1.348,1,0.593,null,null,null,null,null,null,15,null,null,11.107,-3.044,36.214,32.791,null,null,null,null,null,null,null,null,null,PAFLSMZLRSPALU,null,TRND,XYbdcGvFhUYAIaZkIj,null,null,null,null,SODIUM,null,null,null,null,null,null,null,null,0,4,1,null,null,173031,0 0 0 1,1,1,2025-06-17 15:29:19,null,null,null,null,null,null,null,364789731,activity,null,HTS,null,11.107,-3.044,6.135,9.89,null,null,null,null,null,null,null,null,null,null,null,null,null,null,null,null,null,null,null,null,null,278939176
TRND-Glioblastoma_LOPAC_H4-primary_screen2,NCGC00522010-02,activity,null,4,-7.162,4,-18.594,0.6,CCCC1=NC2=C(N)N=C3C=CC=CC3=C2S1,SML2235,CL075,SIGMA,2021_LOPAC_01,null,null,null,null,null,null,null,null,null,null,null,13.801,-9.594,0.491,0.816,null,null,null,null,null,null,9,null,null,6.639,-7.162,15.178,13.165,null,null,null,null,null,null,null,null,null,NFYMGJSUKCDVJR,null,TRND,UidrqxkVvgPJpXwPxm,null,null,null,null,null,null,null,null,null,null,null,null,null,0,4,0,null,null,173031,0 0 0 0,1,1,2025-06-17 15:29:19,null,null,null,null,null,null,null,364789391,activity,null,HTS,null,6.639,-0.171,0.912,-7.162,null,null,null,null,null,null,null,null,null,null,null,null,null,null,null,null,null,null,null,null,null,278939177
TRND-Glioblastoma_LOPAC_H4-primary_screen2,NCGC00093588-07,activity,null,4,5.294,4,0,null,NC1=NC=NC2=C1N=CN2[C@@H]3O[C@@H]4COP(O)(=O)O[C@H]4[C@H]3O,A9501,"Adenosine 3',5'-cyclic monophosphate",SIGMA,2021_LOPAC_01,null,null,null,null,null,null,null,null,null,null,null,3.848,0,null,null,null,null,null,null,null,null,0,null,null,5.441,1.593,20.868,null,null,null,null,null,null,null,null,null,null,IVOMOUWHDPKRLL,null,TRND,aWmKpOTDBhTDjAHSxH,null,null,null,null,null,null,null,null,null,60-92-4,null,null,null,0,4,null,null,null,173031,null,1,1,2025-06-17 15:29:19,null,null,null,null,null,null,null,364785307,activity,null,HTS,null,5.441,2.676,1.593,5.294,null,null,null,null,null,null,null,null,null,null,null,null,null,null,null,null,null,null,null,null,null,278939179
TRND-Glioblastoma_LOPAC_H4-primary_screen2,NCGC00015011-06,activity,null,4,11.108,4,0,null,NC1(CCCCC1)C(O)=O,A162,1-Amino-1-cyclohexanecarboxylic acid hydrochloride,SIGMA,2021_LOPAC_01,null,null,null,null,null,null,null,null,null,null,null,8.944,0,null,null,null,null,null,null,null,null,0,null,null,11.108,2.164,16.379,null,null,null,null,null,null,null,null,null,null,WOXWUZCRWJWTRT,null,TRND,NqQwknENKdvbFOTfQg,null,null,null,null,CL,null,null,null,null,39692-17-6,null,null,null,0,4,null,null,null,173031,null,1,1,2025-06-17 15:29:19,null,null,null,null,null,null,null,364787275,activity,null,HTS,null,2.164,3.258,3.229,11.108,null,null,null,null,null,null,null,null,null,null,null,null,null,null,null,null,null,null,null,null,null,278939180
TRND-Glioblastoma_LOPAC_H4-primary_screen2,NCGC00015261-10,activity,null,4,9.432,4,0,null,C[N+](C)(C)CC#CCOC(=O)NC1=CC=CC(Cl)=C1,C7041,McN-A-343,SIGMA,2021_LOPAC_01,null,null,null,null,null,null,null,null,null,null,null,12.11,0,null,null,null,null,null,null,null,null,0,null,null,13.119,1.009,49.752,null,null,null,null,null,null,null,null,null,null,DDKOMKXCUXCQBS,null,TRND,ihMIPgvuyNzSEZdYRd,null,null,null,null,CL,null,null,null,null,55-45-8,null,null,null,0,4,null,null,null,173031,null,1,1,2025-06-17 15:29:19,null,null,null,null,null,null,null,364787595,activity,null,HTS,null,13.119,1.009,10.985,9.432,null,null,null,null,null,null,null,null,null,null,null,null,null,null,null,null,null,null,null,null,null,278939182
TRND-Glioblastoma_LOPAC_H4-primary_screen2,NCGC00015833-26,activity,null,4,-4.598,4,-12.518,4.955,NC(=O)C1=CN=CC=N1,P7136,Pyrazinecarboxamide,SIGMA,2021_LOPAC_01,null,null,null,null,null,null,null,null,null,null,null,14.549,-4.518,0.296,0.942,null,null,null,null,null,null,8,null,null,9.951,-4.598,34.206,29.99,null,null,null,null,null,null,null,null,null,IPEHBUMCGVEMRF,null,TRND,OpBQWQJuXnpEDSotlf,null,Anti-tuberculosis agent,null,null,null,null,null,null,null,98-96-4,fas,null,null,0,4,0,null,null,173031,0 0 0 0,1,1,2025-06-17 15:29:19,null,null,null,null,null,null,null,364788771,activity,null,HTS,null,9.951,6.218,6.668,-4.598,null,null,null,null,null,null,null,null,null,null,null,null,null,null,null,null,null,null,null,null,null,278939183
TRND-Glioblastoma_LOPAC_H4-primary_screen2,NCGC00015520-21,activity,null,4,5.366,4,0,null,NC(=O)NO,H8627,Hydroxyurea,SIGMA,2021_LOPAC_01,null,null,null,null,null,null,null,null,null,null,null,3.957,0,null,null,null,null,null,null,null,null,0,null,null,9.322,5.366,37.176,null,null,null,null,null,null,null,null,null,null,VSNHCAURESNICA,null,TRND,fNlKcisVFVDMLZJjtP,null,Ribonucleoside-Diphosphate Reductase inhibitor,null,null,null,null,null,null,null,127-07-1,RRM1,null,null,0,4,null,null,null,173031,null,1,1,2025-06-17 15:29:19,null,null,null,null,null,null,null,364787583,activity,null,HTS,null,8.606,5.657,9.322,5.366,null,null,null,null,null,null,null,null,null,null,null,null,null,null,null,null,null,null,null,null,null,278939184
TRND-Glioblastoma_LOPAC_H4-primary_screen2,NCGC00015609-17,activity,null,4,8.664,4,0,null,OC(=O)C1=NN(CC2=C(Cl)C=C(Cl)C=C2)C3=C1C=CC=C3,L4900,Lonidamine,SIGMA,2021_LOPAC_01,null,null,null,null,null,null,null,null,null,null,null,6.723,0,null,null,null,null,null,null,null,null,0,null,null,9.874,3.151,25.725,null,null,null,null,null,null,null,null,null,null,WDRYRZXSPDWGEB,null,TRND,lByIOUZebKkHqPbAod,null,Mitochondrial pyruvate carrier 1 (MPC1) inhibitor,null,null,null,null,null,null,null,50264-69-2,MPC1,null,null,0,4,null,null,null,173031,null,1,1,2025-06-17 15:29:19,null,null,null,null,null,null,null,364789999,activity,null,HTS,null,3.151,9.874,7.904,8.664,null,null,null,null,null,null,null,null,null,null,null,null,null,null,null,null,null,null,null,null,null,278939185
TRND-Glioblastoma_LOPAC_H4-primary_screen2,NCGC00090770-15,activity,null,4,-3.516,4,-23.219,0.6,OC[C@H]1O[C@H](C[C@@H]1O)N2C=C(Br)C(=O)NC2=O,B5002,5-BRomo-2 -deoxyuridine,SIGMA,2021_LOPAC_01,null,null,null,null,null,null,null,null,null,null,null,16.857,-6.219,0.306,0.938,null,null,null,null,null,null,17,null,null,13.341,-3.516,42.637,40.846,null,null,null,null,null,null,null,null,null,WOVKYSAHUYNSMH,null,TRND,trNsfNNfXYcbEfqdsM,null,null,null,null,null,null,null,null,null,59-14-3,null,null,null,0,4,0,null,null,173031,0 0 0 0,1,1,2025-06-17 15:29:19,null,null,null,null,null,null,null,364788783,activity,null,HTS,null,13.341,6.407,4.268,-3.516,null,null,null,null,null,null,null,null,null,null,null,null,null,null,null,null,null,null,null,null,null,278939186
TRND-Glioblastoma_LOPAC_H4-primary_screen2,NCGC00015529-33,activity,null,4,-3.437,4,-10.624,2.333,CC(C)CC1=CC=C(C=C1)C(C)C(O)=O,I4883,(±)-Ibuprofen,SIGMA,2021_LOPAC_01,null,null,null,null,null,null,null,null,null,null,null,12.631,-3.624,0.418,0.875,null,null,null,null,null,null,7,null,null,9.194,-3.437,19.681,24.407,null,null,null,null,null,null,null,null,null,HEFNNWSXXWATRW,null,TRND,ZKcNDUDwDJWqvibMhg,null,null,null,null,null,null,null,null,null,15687-27-1,null,null,null,0,4,0,null,null,173031,0 0 0 0,1,1,2025-06-17 15:29:19,null,null,null,null,null,null,null,364788767,activity,null,HTS,null,4.797,9.194,2.504,-3.437,null,null,null,null,null,null,null,null,null,null,null,null,null,null,null,null,null,null,null,null,null,278939187
TRND-Glioblastoma_LOPAC_H4-primary_screen2,NCGC00018187-15,activity,null,4,2.036,4,0,null,C(\C=C\C1=CC=CC=C1)N2CCN(CC2)C(C3=CC=CC=C3)C4=CC=CC=C4,C5270,Cinnarizine,SIGMA,2021_LOPAC_01,null,null,null,null,null,null,null,null,null,null,null,6.704,0,null,null,null,null,null,null,null,null,0,null,null,8.74,2.036,30.487,null,null,null,null,null,null,null,null,null,null,DERZBLKQOCDDDZ,null,TRND,fFcVkGklxkxuMlWweG,null,null,null,null,null,null,null,null,null,298-57-7,null,null,null,0,4,null,null,null,173031,null,1,1,2025-06-17 15:29:19,null,null,null,null,null,null,null,364790103,activity,null,HTS,null,8.74,3.291,4.092,2.036,null,null,null,null,null,null,null,null,null,null,null,null,null,null,null,null,null,null,null,null,null,278939189
TRND-Glioblastoma_LOPAC_H4-primary_screen2,NCGC00023699-15,activity,null,4,12.006,4,0,null,CC(=O)OCC1=C(N2[C@H](SC1)[C@H](NC(=O)CC3=CC=CS3)C2=O)C([O-])=O,C4520,Cephalothin sodium,SIGMA,2021_LOPAC_01,null,null,null,null,null,null,null,null,null,null,null,11.586,0,null,null,null,null,null,null,null,null,0,null,null,12.006,0.421,37.3,null,null,null,null,null,null,null,null,null,null,XIURVHNZVLADCM,null,TRND,gkQsriQArrsjFPVxza,null,null,null,null,SODIUM,null,null,null,null,58-71-9,null,null,null,0,4,null,null,null,173031,null,1,1,2025-06-17 15:29:19,null,null,null,null,null,null,null,364788167,activity,null,HTS,null,10.211,0.421,3.369,12.006,null,null,null,null,null,null,null,null,null,null,null,null,null,null,null,null,null,null,null,null,null,278939190
TRND-Glioblastoma_LOPAC_H4-primary_screen2,NCGC00015358-27,activity,null,4,7.941,4,0,null,CC(C)N(CCC(C(N)=O)(C1=CC=CC=C1)C2=CC=CC=N2)C(C)C,D6035,Disopyramide phosphate,SIGMA,2021_LOPAC_01,null,null,null,null,null,null,null,null,null,null,null,6.341,0,null,null,null,null,null,null,null,null,0,null,null,7.941,1.6,24.143,null,null,null,null,null,null,null,null,null,null,UVTNFZQICZKOEM,null,TRND,oHvBPWhaJdGujEXomQ,null,null,null,null,PHOSPHORIC_ACID,null,null,null,null,22059-60-5,null,null,null,0,4,null,null,null,173031,null,1,1,2025-06-17 15:29:19,null,null,null,null,null,null,null,364786063,activity,null,HTS,null,6.018,1.6,3.075,7.941,null,null,null,null,null,null,null,null,null,null,null,null,null,null,null,null,null,null,null,null,null,278939191
TRND-Glioblastoma_LOPAC_H4-primary_screen2,NCGC00178605-11,activity,null,4,-5.409,4,-10.063,4.955,C[N+](C)(C)CC([O-])=O,B3501,Betaine hydrochloride,SIGMA,2021_LOPAC_01,null,null,null,null,null,null,null,null,null,null,null,11.465,-6.063,0.259,0.957,null,null,null,null,null,null,4,null,null,5.163,-6.302,3.557,6.544,null,null,null,null,null,null,null,null,null,KWIUHFFTVRNATP,null,TRND,txatdknPGKIkbtdzvO,null,null,null,null,CL,null,null,null,null,590-46-5,null,null,null,0,4,0,null,null,173031,0 0 0 0,1,1,2025-06-17 15:29:19,null,null,null,null,null,null,null,364786227,activity,null,HTS,null,2.594,5.163,-6.302,-5.409,null,null,null,null,null,null,null,null,null,null,null,null,null,null,null,null,null,null,null,null,null,278939192
TRND-Glioblastoma_LOPAC_H4-primary_screen2,NCGC00162109-04,activity,null,4,0.9,4,0,null,NC1=NC=NC2=C1N=C(SC3=CC=C(Cl)C=C3)N2[C@H]4OC5CO[P@]([O-])(=O)O[C@@H]5C4O,C3912,8-(4-Chlorophenylthio)-cAMP sodium,SIGMA,2021_LOPAC_01,null,null,null,null,null,null,null,null,null,null,null,2.887,0,null,null,null,null,null,null,null,null,0,null,null,0.9,-1.987,-5.559,null,null,null,null,null,null,null,null,null,null,AAZMHPMNAVEBRE,null,TRND,stJgIbIWqrNDXLXHQg,null,null,null,null,SODIUM,null,null,null,null,null,null,null,null,0,4,null,null,null,173031,null,1,1,2025-06-17 15:29:19,null,null,null,null,null,null,null,364786875,activity,null,HTS,null,-1.987,-0.573,-0.169,0.9,null,null,null,null,null,null,null,null,null,null,null,null,null,null,null,null,null,null,null,null,null,278939193
TRND-Glioblastoma_LOPAC_H4-primary_screen2,NCGC00021148-31,activity,null,4,-1.314,4,0,null,COCCC1=CC=C(OCC(O)CNC(C)C)C=C1,M5391,(±)-Metoprolol (+)-tartrate,SIGMA,2021_LOPAC_01,null,null,null,null,null,null,null,null,null,null,null,8.035,0,null,null,null,null,null,null,null,null,0,null,null,6.721,-1.314,22.318,null,null,null,null,null,null,null,null,null,null,IUBSYMUCCVWXPE,null,TRND,IqiHvymfBFfMrgYbkM,null,null,null,null,TARTRATE,null,null,null,null,51384-51-1,null,null,null,0,4,null,null,null,173031,null,1,1,2025-06-17 15:29:19,null,null,null,null,null,null,null,364785531,activity,null,HTS,null,6.721,5.598,0.633,-1.314,null,null,null,null,null,null,null,null,null,null,null,null,null,null,null,null,null,null,null,null,null,278939194
TRND-Glioblastoma_LOPAC_H4-primary_screen2,NCGC00015213-12,activity,null,4,9.092,4,0,null,NC1CONC1=O,C7005,DL-Cycloserine,SIGMA,2021_LOPAC_01,null,null,null,null,null,null,null,null,null,null,null,1.927,0,null,null,null,null,null,null,null,null,0,null,null,10.707,8.779,45.806,null,null,null,null,null,null,null,null,null,null,DYDCUQKUCUHJBH,null,TRND,QbtynhyCrROjrXUZKC,null,null,null,null,null,null,null,null,null,[NO STEREO] 68-41-7|[NO STEREO] 339-72-0,null,null,null,0,4,null,null,null,173031,null,1,1,2025-06-17 15:29:19,null,null,null,null,null,null,null,364786955,activity,null,HTS,null,9.875,8.779,10.707,9.092,null,null,null,null,null,null,null,null,null,null,null,null,null,null,null,null,null,null,null,null,null,278939195
TRND-Glioblastoma_LOPAC_H4-primary_screen2,NCGC00387045-03,activity,null,4,3.444,4,10.644,2.72,[H][C@](N)(C[S+](O)[O-])C(O)=O,C4418,L-Cysteinesulfinic Acid,SIGMA,2021_LOPAC_01,null,null,null,null,null,null,null,null,null,null,null,12.759,6,0.459,0.844,null,null,null,null,null,null,-4.644,null,null,8.473,-4.286,-3,-3.693,null,null,null,null,null,null,null,null,null,ADVPTQAUNPRNPO,null,TRND,RXPupIBNFwTJVAlaso,null,null,null,null,null,null,null,null,null,null,null,null,null,0,4,0,null,null,173031,0 0 0 0,1,1,2025-06-17 15:29:19,null,null,null,null,null,null,null,364786891,activity,null,HTS,null,-4.286,1.659,8.473,3.444,null,null,null,null,null,null,null,null,null,null,null,null,null,null,null,null,null,null,null,null,null,278939196
TRND-Glioblastoma_LOPAC_H4-primary_screen2,NCGC00162129-11,activity,null,4,2.274,4,0,null,CC(N)C(=O)NC1=C(C)C=CC=C1C,T0202,Tocainide hydrochloride,SIGMA,2021_LOPAC_01,null,null,null,null,null,null,null,null,null,null,null,4.944,0,null,null,null,null,null,null,null,null,0,null,null,7.218,2.274,28.156,null,null,null,null,null,null,null,null,null,null,BUJAGSGYPOAWEI,null,TRND,ePeJxcGdqcExXVfTgN,null,null,null,null,CL,null,null,null,null,71395-14-7,null,null,null,0,4,null,null,null,173031,null,1,1,2025-06-17 15:29:19,null,null,null,null,null,null,null,364786583,activity,null,HTS,null,6.286,6.394,7.218,2.274,null,null,null,null,null,null,null,null,null,null,null,null,null,null,null,null,null,null,null,null,null,278939197
TRND-Glioblastoma_LOPAC_H4-primary_screen2,NCGC00162334-05,activity,null,4,11.012,4,10.105,3.99,[H][C@](CO)(C(=O)OC1CC2C3OC3C(C1)N2C)C4=CC=CC=C4,S1875,(-)-Scopolamine hydrobromide,SIGMA,2021_LOPAC_01,null,null,null,null,null,null,null,null,null,null,null,11.1,11.5,0.546,0.758,null,null,null,null,null,null,1.395,null,null,11.012,-0.087,21.726,11.824,null,null,null,null,null,null,null,null,null,STECJAGHUSJQJN,null,TRND,LxnFgCNYjqfkmrhodK,null,null,null,null,BR,null,null,null,null,[NO STEREO] 114-49-8,null,null,null,0,4,0,null,null,173031,0 0 0 0,1,1,2025-06-17 15:29:19,null,null,null,null,null,null,null,364787423,activity,null,HTS,null,5.309,-0.087,1.807,11.012,null,null,null,null,null,null,null,null,null,null,null,null,null,null,null,null,null,null,null,null,null,278939198
TRND-Glioblastoma_LOPAC_H4-primary_screen2,NCGC00014688-07,activity,null,4,-3.702,4,0,null,NC(=N)C1=CC=C(C=C1)C2=CC=C(O2)C3=CC=C(C=C3)C(N)=N,SML1559,Furamidine dihydrochloride,SIGMA,2021_LOPAC_01,null,null,null,null,null,null,null,null,null,null,null,5.539,0,null,null,null,null,null,null,null,null,0,null,null,1.837,-3.702,-6.939,null,null,null,null,null,null,null,null,null,null,ZJHZBDRZEZEDGB,null,TRND,PeUfLPnbCuiqWlDONm,null,null,null,null,CL,null,null,null,null,null,null,null,null,0,4,null,null,null,173031,null,1,1,2025-06-17 15:29:19,null,null,null,null,null,null,null,364789595,activity,null,HTS,null,-2.378,1.837,0.463,-3.702,null,null,null,null,null,null,null,null,null,null,null,null,null,null,null,null,null,null,null,null,null,278939200
TRND-Glioblastoma_LOPAC_H4-primary_screen2,NCGC00016072-07,activity,null,4,14.316,4,11.5,4.504,CC(C)OC1=C(N=CC=C1)N(C)C2CCN(CC3=CC=CC=C3)CC2,U115,U-101958 maleate,SIGMA,2021_LOPAC_01,null,null,null,null,null,null,null,null,null,null,null,10.208,16,0.171,0.982,null,null,null,null,null,null,4.5,null,null,14.316,4.107,28.91,26.359,null,null,null,null,null,null,null,null,null,WFLHEXUTTRRXFJ,null,TRND,mhHnfenMQdBtLESfds,null,null,null,null,MALEATE,null,null,null,null,null,null,null,null,0,4,0,null,null,173031,0 0 0 0,1,1,2025-06-17 15:29:19,null,null,null,null,null,null,null,364790299,activity,null,HTS,null,5.548,4.457,4.107,14.316,null,null,null,null,null,null,null,null,null,null,null,null,null,null,null,null,null,null,null,null,null,278939712
TRND-Glioblastoma_LOPAC_H4-primary_screen2,NCGC00015019-06,activity,null,4,2.32,4,0,null,NC(CCC(O)=O)C#C,A230,gamma-Acetylinic GABA,SIGMA,2021_LOPAC_01,null,null,null,null,null,null,null,null,null,null,null,6.064,0,null,null,null,null,null,null,null,null,0,null,null,8.384,2.32,16.863,null,null,null,null,null,null,null,null,null,null,BJNIHWSOVCDBHS,null,TRND,GsWziEBNcHYWMxiqPY,null,null,null,null,null,null,null,null,null,57659-38-8,null,null,null,0,4,null,null,null,173031,null,1,1,2025-06-17 15:29:19,null,null,null,null,null,null,null,364788567,activity,null,HTS,null,2.706,8.384,3.252,2.32,null,null,null,null,null,null,null,null,null,null,null,null,null,null,null,null,null,null,null,null,null,278939713
TRND-Glioblastoma_LOPAC_H4-primary_screen2,NCGC00015441-16,activity,null,4,-0.531,4,0,null,CCCCC1=CC=C(N=C1)C(O)=O,F6513,Fusaric acid,SIGMA,2021_LOPAC_01,null,null,null,null,null,null,null,null,null,null,null,6.293,0,null,null,null,null,null,null,null,null,0,null,null,5.763,-0.531,12.696,null,null,null,null,null,null,null,null,null,null,DGMPVYSXXIOGJY,null,TRND,NgyHVPdAgMCPCRdiUg,null,null,null,null,null,null,null,null,null,536-69-6,null,null,null,0,4,null,null,null,173031,null,1,1,2025-06-17 15:29:19,null,null,null,null,null,null,null,364788211,activity,null,HTS,null,2.365,5.763,3.41,-0.531,null,null,null,null,null,null,null,null,null,null,null,null,null,null,null,null,null,null,null,null,null,278939714
TRND-Glioblastoma_LOPAC_H4-primary_screen2,NCGC00506850-02,activity,null,4,-1.979,4,-10.875,4.955,[O-][N+](=O)C1=CC=C(C=C1)C2=CC(=O)N3N=C(CC4=CC=CC=C4)C(=C3N2)C5=CC=C(Cl)C=C5,SML2238,NAV-2729,SIGMA,2021_LOPAC_01,null,null,null,null,null,null,null,null,null,null,null,11.257,-1.875,0.078,0.996,null,null,null,null,null,null,9,null,null,9.277,-1.979,28.129,29.483,null,null,null,null,null,null,null,null,null,GUUWHOSUKOCRHG,null,TRND,GnlVZoLIQTwdVtlhxi,null,null,null,null,null,null,null,null,null,null,null,null,null,0,4,0,null,null,173031,0 0 0 0,1,1,2025-06-17 15:29:19,null,null,null,null,null,null,null,364789031,activity,null,HTS,null,8.455,9.277,-1.112,-1.979,null,null,null,null,null,null,null,null,null,null,null,null,null,null,null,null,null,null,null,null,null,278939715
TRND-Glioblastoma_LOPAC_H4-primary_screen2,NCGC00015029-11,activity,null,4,-1.088,4,0,null,NC1(CC1)C(O)=O,A0430,1-Aminocyclopropanecarboxylic acid hydrochloride,SIGMA,2021_LOPAC_01,null,null,null,null,null,null,null,null,null,null,null,6.911,0,null,null,null,null,null,null,null,null,0,null,null,3.932,-2.979,8.486,null,null,null,null,null,null,null,null,null,null,PAJPWUMXBYXFCZ,null,TRND,VQxhtvJBWiWhUVNTpk,null,null,null,null,CL,null,null,null,null,null,null,null,null,0,4,null,null,null,173031,null,1,1,2025-06-17 15:29:19,null,null,null,null,null,null,null,364789743,activity,null,HTS,null,3.932,0.329,-2.979,-1.088,null,null,null,null,null,null,null,null,null,null,null,null,null,null,null,null,null,null,null,null,null,278939716
TRND-Glioblastoma_LOPAC_H4-primary_screen2,NCGC00095209-14,activity,null,4,-3.303,4,15.177,4.955,CC(C)=CCOC1=C2OC(=O)C=CC2=CC3=C1OC=C3,I6659,Imperatorin,SIGMA,2021_LOPAC_01,null,null,null,null,null,null,null,null,null,null,null,18.588,13,1,0.691,null,null,null,null,null,null,-2.177,null,null,11.358,-7.231,17.487,7.108,null,null,null,null,null,null,null,null,null,OLOOJGVNMBJLLR,null,TRND,xAHmVdzCTdSxpqjJNL,null,null,null,null,null,null,null,null,null,482-44-0,null,null,null,0,4,1,null,null,173031,0 0 0 1,1,1,2025-06-17 15:29:19,null,null,null,null,null,null,null,364785935,activity,null,HTS,null,3.109,-7.231,11.358,-3.303,null,null,null,null,null,null,null,null,null,null,null,null,null,null,null,null,null,null,null,null,null,278939717
TRND-Glioblastoma_LOPAC_H4-primary_screen2,NCGC00015544-08,activity,null,4,3.96,4,0,null,OC(=O)CC1=CNC=N1,I0375,Imidazole-4-acetic acid hydrochloride,SIGMA,2021_LOPAC_01,null,null,null,null,null,null,null,null,null,null,null,5.472,0,null,null,null,null,null,null,null,null,0,null,null,9.432,3.96,32.259,null,null,null,null,null,null,null,null,null,null,PRJKNHOMHKJCEJ,null,TRND,LmhngkeHTUBeZkRXwS,null,null,null,null,CL,null,null,null,null,3251-69-2,null,null,null,0,4,null,null,null,173031,null,1,1,2025-06-17 15:29:19,null,null,null,null,null,null,null,364788267,activity,null,HTS,null,6.87,9.432,6.465,3.96,null,null,null,null,null,null,null,null,null,null,null,null,null,null,null,null,null,null,null,null,null,278939718
TRND-Glioblastoma_LOPAC_H4-primary_screen2,NCGC00162323-05,activity,null,4,-1.151,4,0,null,CCCCCCCCCC(=O)NC(CN1CCOCC1)[C@H](O)C2=CC=CC=C2,P7340,(±)-threo-1-Phenyl-2-decanoylamino-3-morpholino-1-propanol hydrochloride,SIGMA,2021_LOPAC_01,null,null,null,null,null,null,null,null,null,null,null,8.838,0,null,null,null,null,null,null,null,null,0,null,null,7.687,-1.151,22.544,null,null,null,null,null,null,null,null,null,null,UYNCFCUHRNOSCN,null,TRND,ThXPcfBFgWJHHUffNR,null,null,null,null,CL,null,null,null,null,null,null,null,null,0,4,null,null,null,173031,null,1,1,2025-06-17 15:29:19,null,null,null,null,null,null,null,364790051,activity,null,HTS,null,7.687,2.391,0.208,-1.151,null,null,null,null,null,null,null,null,null,null,null,null,null,null,null,null,null,null,null,null,null,278939719
TRND-Glioblastoma_LOPAC_H4-primary_screen2,NCGC00015897-25,activity,null,4,0.488,4,0,null,COC1=C(OCC(O)CN2CCN(CC(=O)NC3=C(C)C=CC=C3C)CC2)C=CC=C1,R6152,Ranolazine dihydrochloride,SIGMA,2021_LOPAC_01,null,null,null,null,null,null,null,null,null,null,null,1.252,0,null,null,null,null,null,null,null,null,0,null,null,0.488,-0.763,0.224,null,null,null,null,null,null,null,null,null,null,XKLMZUWKNUAPSZ,null,TRND,lfpAnBDFlNCHPMqKEd,null,Sodium channel protein type 5 subunit alpha Blocker,null,null,CL,null,null,null,null,null,SCN5A,null,null,0,4,null,null,null,173031,null,1,1,2025-06-17 15:29:19,null,null,null,null,null,null,null,364786719,activity,null,HTS,null,0.082,-0.763,0.391,0.488,null,null,null,null,null,null,null,null,null,null,null,null,null,null,null,null,null,null,null,null,null,278939720
TRND-Glioblastoma_LOPAC_H4-primary_screen2,NCGC00015426-15,activity,null,4,9.001,4,0,null,CN1C(=O)N(CC2=CC=CO2)C3=C(NC(C)=N3)C1=O,F124,Furafylline,SIGMA,2021_LOPAC_01,null,null,null,null,null,null,null,null,null,null,null,5.087,0,null,null,null,null,null,null,null,null,0,null,null,10.834,5.747,35.551,null,null,null,null,null,null,null,null,null,null,KGQZGCIVHYLPBH,null,TRND,FBTlSlqVXcdwOKLypu,null,null,null,null,null,null,null,null,null,80288-49-9,null,null,null,0,4,null,null,null,173031,null,1,1,2025-06-17 15:29:19,null,null,null,null,null,null,null,364788883,activity,null,HTS,null,5.747,10.439,10.834,9.001,null,null,null,null,null,null,null,null,null,null,null,null,null,null,null,null,null,null,null,null,null,278939721
TRND-Glioblastoma_LOPAC_H4-primary_screen2,NCGC00015014-16,activity,null,4,12.494,4,0,null,CC(=O)C1=CC=C(C=C1)[S+]([O-])(=O)NC(=O)NC2CCCCC2,A178,Acetohexamide,SIGMA,2021_LOPAC_01,null,null,null,null,null,null,null,null,null,null,null,7.295,0,null,null,null,null,null,null,null,null,0,null,null,12.494,5.2,36.267,null,null,null,null,null,null,null,null,null,null,ASLKGOHLNRJBMI,null,TRND,HMgLOJCuhdNpTODjSF,null,null,null,null,null,null,null,null,null,968-81-0,null,null,null,0,4,null,null,null,173031,null,1,1,2025-06-17 15:29:19,null,null,null,null,null,null,null,364785371,activity,null,HTS,null,6.632,10.956,5.2,12.494,null,null,null,null,null,null,null,null,null,null,null,null,null,null,null,null,null,null,null,null,null,278939722
TRND-Glioblastoma_LOPAC_H4-primary_screen2,NCGC00476181-02,activity,null,4,3.033,4,9.451,4.955,CN1C2CCC1C=C(C2)C3=C(Br)C=CS3,SML2173,NS3861,SIGMA,2021_LOPAC_01,null,null,null,null,null,null,null,null,null,null,null,12.005,3.5,0.685,0.522,null,null,null,null,null,null,-5.951,null,null,7.879,-4.126,-4.983,-4.64,null,null,null,null,null,null,null,null,null,ZJCNRVHZJADROC,null,TRND,riVDuezlYhnPvrEdtj,null,null,null,null,null,null,null,null,null,null,null,null,null,0,4,0,null,null,173031,0 0 0 0,1,1,2025-06-17 15:29:19,null,null,null,null,null,null,null,364788039,activity,null,HTS,null,-4.126,7.879,-0.906,3.033,null,null,null,null,null,null,null,null,null,null,null,null,null,null,null,null,null,null,null,null,null,278939723
TRND-Glioblastoma_LOPAC_H4-primary_screen2,NCGC00162267-07,activity,null,4,6.623,4,0,null,OC1=CC=C2CC3N(CC=C)CCC45[C@@H](OC1=C24)C(=O)CC[C@@]35O,N7758,Naloxone hydrochloride,SIGMA,2021_LOPAC_01,null,null,null,null,null,null,null,null,null,null,null,14.708,0,null,null,null,null,null,null,null,null,0,null,null,11.741,-2.967,40.142,null,null,null,null,null,null,null,null,null,null,UZHSEJADLWPNLE,null,TRND,VAVXAbSaXeqeTncdqu,null,null,null,null,CL,null,null,null,null,[NO STEREO] 357-08-4,null,null,null,0,4,null,null,null,173031,null,1,1,2025-06-17 15:29:19,null,null,null,null,null,null,null,364787139,activity,null,HTS,null,11.741,-2.967,8.796,6.623,null,null,null,null,null,null,null,null,null,null,null,null,null,null,null,null,null,null,null,null,null,278939724
TRND-Glioblastoma_LOPAC_H4-primary_screen2,NCGC00186011-05,activity,null,4,3.355,4,-15,1,C1C[C@@H](NC2=NC3=CC=CC=C3N2)C4=C(C1)C=CC=C4,N2538,NS8593 hydrochloride,SIGMA,2021_LOPAC_01,null,null,null,null,null,null,null,null,null,null,null,13.358,4,0.733,0.387,null,null,null,null,null,null,19,null,null,15.31,1.952,53.323,46.811,null,null,null,null,null,null,null,null,null,XZIZUQSOFMLIIR,null,TRND,YbroMolmwxUudlKVcI,null,null,null,null,CL,null,null,null,null,null,null,null,null,0,4,0,null,null,173031,0 0 0 0,1,1,2025-06-17 15:29:19,null,null,null,null,null,null,null,364787591,activity,null,HTS,null,15.31,1.952,11.023,3.355,null,null,null,null,null,null,null,null,null,null,null,null,null,null,null,null,null,null,null,null,null,278939725
TRND-Glioblastoma_LOPAC_H4-primary_screen2,NCGC00015783-14,activity,null,4,-0.422,4,-7.507,4.955,NC(=N)NC(=N)NC1=CC=CC=C1,P120,1-Phenylbiguanide,SIGMA,2021_LOPAC_01,null,null,null,null,null,null,null,null,null,null,null,11.371,-2.007,0.732,0.395,null,null,null,null,null,null,5.5,null,null,10.949,-0.422,16.09,22.673,null,null,null,null,null,null,null,null,null,CUQCMXFWIMOWRP,null,TRND,BVTIxHCPAxinHcJFKa,null,null,null,null,null,null,null,null,null,102-02-3,null,null,null,0,4,0,null,null,173031,0 0 0 0,1,1,2025-06-17 15:29:19,null,null,null,null,null,null,null,364786791,activity,null,HTS,null,2.138,3.895,10.949,-0.422,null,null,null,null,null,null,null,null,null,null,null,null,null,null,null,null,null,null,null,null,null,278939726
TRND-Glioblastoma_LOPAC_H4-primary_screen2,NCGC00015876-18,activity,null,4,4.365,4,0,null,CN\C(NCCSCC1=CC=C(CN(C)C)O1)=C/[N+]([O-])=O,R101,Ranitidine hydrochloride,SIGMA,2021_LOPAC_01,null,null,null,null,null,null,null,null,null,null,null,6.738,0,null,null,null,null,null,null,null,null,0,null,null,8.345,1.606,32.104,null,null,null,null,null,null,null,null,null,null,VMXUWOKSQNHOCA,null,TRND,lkEgcWBflZYHQVTXAj,null,null,null,null,CL,null,null,null,null,[NO STEREO] 66357-59-3,null,null,null,0,4,null,null,null,173031,null,1,1,2025-06-17 15:29:19,null,null,null,null,null,null,null,364787375,activity,null,HTS,null,8.345,1.606,7.906,4.365,null,null,null,null,null,null,null,null,null,null,null,null,null,null,null,null,null,null,null,null,null,278939727
TRND-Glioblastoma_LOPAC_H4-primary_screen2,NCGC00024488-08,activity,null,4,2.907,4,0,null,N[C@]1(CC[C@H](C1)C(O)=O)C(O)=O,A155,trans-(±)-ACPD,SIGMA,2021_LOPAC_01,null,null,null,null,null,null,null,null,null,null,null,9.453,0,null,null,null,null,null,null,null,null,0,null,null,12.359,2.907,40.611,null,null,null,null,null,null,null,null,null,null,YFYNOWXBIBKGHB,null,TRND,HMbUIJmOoZjXnjILTr,null,null,null,null,H2O,null,null,null,null,null,null,null,null,0,4,null,null,null,173031,null,1,1,2025-06-17 15:29:19,null,null,null,null,null,null,null,364785995,activity,null,HTS,null,10.092,3.483,12.359,2.907,null,null,null,null,null,null,null,null,null,null,null,null,null,null,null,null,null,null,null,null,null,278939728
TRND-Glioblastoma_LOPAC_H4-primary_screen2,NCGC00015770-11,activity,null,4,-7.676,4,-15.211,4.955,O=C1ON=C2C=NC3=C(C=CC=C3)N12,O3636,ODQ,SIGMA,2021_LOPAC_01,null,null,null,null,null,null,null,null,null,null,null,15.464,-8.711,0.201,0.974,null,null,null,null,null,null,6.5,null,null,7.788,-7.676,20.262,23.086,null,null,null,null,null,null,null,null,null,LZMHWZHOZLVYDL,null,TRND,vsfGONnJmLQqFyTnof,null,null,null,null,null,null,null,null,null,null,null,null,null,0,4,0,null,null,173031,0 0 0 0,1,1,2025-06-17 15:29:19,null,null,null,null,null,null,null,364790247,activity,null,HTS,null,5.068,6.848,7.788,-7.676,null,null,null,null,null,null,null,null,null,null,null,null,null,null,null,null,null,null,null,null,null,278939730
TRND-Glioblastoma_LOPAC_H4-primary_screen2,NCGC00015511-13,activity,null,4,5.845,4,0,null,CCCC1=C(N(N=C1C2=CC=C(O)C=C2)C3=CC=C(O)C=C3)C4=CC=C(O)C=C4,H6036,"1,3,5-tris(4-hydroxyphenyl)-4-propyl-1H-pyrazole",SIGMA,2021_LOPAC_01,null,null,null,null,null,null,null,null,null,null,null,7.204,0,null,null,null,null,null,null,null,null,0,null,null,10.009,2.805,34.218,null,null,null,null,null,null,null,null,null,null,IOTXSIGGFRQYKW,null,TRND,MJdyOrGhJjPIgIOGIY,null,null,null,null,null,null,null,null,null,263717-53-9,null,null,null,0,4,null,null,null,173031,null,1,1,2025-06-17 15:29:19,null,null,null,null,null,null,null,364786287,activity,null,HTS,null,7.995,2.805,10.009,5.845,null,null,null,null,null,null,null,null,null,null,null,null,null,null,null,null,null,null,null,null,null,278939732
TRND-Glioblastoma_LOPAC_H4-primary_screen2,NCGC00162385-12,activity,null,4,7.029,4,0,null,CC1=C(C=C(C#N)C(=O)N1)C2=CN3C=CN=C3C=C2,O7389,Olprinone hydrochloride,SIGMA,2021_LOPAC_01,null,null,null,null,null,null,null,null,null,null,null,8.537,0,null,null,null,null,null,null,null,null,0,null,null,9.408,0.871,33.273,null,null,null,null,null,null,null,null,null,null,JPAWFIIYTJQOKW,null,TRND,gdfwqewRPteWzuMRHj,null,null,null,null,HCL,null,null,null,null,119615-63-3,null,null,null,0,4,null,null,null,173031,null,1,1,2025-06-17 15:29:19,null,null,null,null,null,null,null,364789723,activity,null,HTS,null,9.408,4.091,0.871,7.029,null,null,null,null,null,null,null,null,null,null,null,null,null,null,null,null,null,null,null,null,null,278939733
TRND-Glioblastoma_LOPAC_H4-primary_screen2,NCGC00015982-18,activity,null,4,10.227,4,0,null,OC1=NOC2=C1CCNC2,T101,THIP hydrochloride,SIGMA,2021_LOPAC_01,null,null,null,null,null,null,null,null,null,null,null,9.601,0,null,null,null,null,null,null,null,null,0,null,null,10.227,0.626,15.518,null,null,null,null,null,null,null,null,null,null,ZXRVKCBLGJOCEE,null,TRND,COKljGCRsvbTOkwWhw,null,null,null,null,CL,null,null,null,null,85118-33-8,null,null,null,0,4,null,null,null,173031,null,1,1,2025-06-17 15:29:19,null,null,null,null,null,null,null,364787695,activity,null,HTS,null,2.388,4.404,0.626,10.227,null,null,null,null,null,null,null,null,null,null,null,null,null,null,null,null,null,null,null,null,null,278939734
TRND-Glioblastoma_LOPAC_H4-primary_screen2,NCGC00023997-11,activity,null,4,0.721,4,-12.004,2.406,C[C@H]1C[C@H]2[C@@H]3CCC4=CC(=O)C=C[C@]4(C)[C@@]3(Cl)[C@@H](O)C[C@]2(C)[C@@]1(O)C(=O)CO,B0385,Beclomethasone,SIGMA,2021_LOPAC_01,null,null,null,null,null,null,null,null,null,null,null,11.477,-8.004,1,1,null,null,null,null,null,null,4,null,null,3.557,-7.92,-2.708,-2.733,null,null,null,null,null,null,null,null,null,NBMKJKDGKREAPL,null,TRND,dGBTFTYaJzGbsvsIPN,null,null,null,null,null,null,null,null,null,4419-39-0,null,null,null,0,4,1,null,null,173031,0 0 0 1,1,1,2025-06-17 15:29:19,null,null,null,null,null,null,null,364789863,activity,null,HTS,null,3.557,-4.118,-7.92,0.721,null,null,null,null,null,null,null,null,null,null,null,null,null,null,null,null,null,null,null,null,null,278939735
TRND-Glioblastoma_LOPAC_H4-primary_screen2,NCGC00015200-12,activity,null,4,0.582,4,0,null,O=C(N1CCCCC1)C2=CC3=C(OCCO3)C=C2,C271,Cx 546,SIGMA,2021_LOPAC_01,null,null,null,null,null,null,null,null,null,null,null,2.448,0,null,null,null,null,null,null,null,null,0,null,null,1.591,-0.857,4.692,null,null,null,null,null,null,null,null,null,null,LJUNPHMOGNFFOS,null,TRND,bnmUQlZasoOehYXWtp,null,null,null,null,null,null,null,null,null,215923-54-9,null,null,null,0,4,null,null,null,173031,null,1,1,2025-06-17 15:29:19,null,null,null,null,null,null,null,364789779,activity,null,HTS,null,1.396,1.591,-0.857,0.582,null,null,null,null,null,null,null,null,null,null,null,null,null,null,null,null,null,null,null,null,null,278939736
TRND-Glioblastoma_LOPAC_H4-primary_screen2,NCGC00015471-21,activity,null,4,8.543,4,0,null,NC1=NC2=C(N=CN2COC(CO)CO)C(=O)N1,G2536,Ganciclovir,SIGMA,2021_LOPAC_01,null,null,null,null,null,null,null,null,null,null,null,6.844,0,null,null,null,null,null,null,null,null,0,null,null,8.543,1.699,22.568,null,null,null,null,null,null,null,null,null,null,IRSCQMHQWWYFCW,null,TRND,xuCqaLpMKNbOFtXHRw,null,null,null,null,null,null,null,null,null,82410-32-0,null,null,null,0,4,null,null,null,173031,null,1,1,2025-06-17 15:29:19,null,null,null,null,null,null,null,364788899,activity,null,HTS,null,4.321,1.699,7.003,8.543,null,null,null,null,null,null,null,null,null,null,null,null,null,null,null,null,null,null,null,null,null,278939737
TRND-Glioblastoma_LOPAC_H4-primary_screen2,NCGC00015347-10,activity,null,4,-4.345,4,0,null,CN1C=NC2=C1C(=O)N(C)C(=O)N2,D5385,"1,7-Dimethylxanthine",SIGMA,2021_LOPAC_01,null,null,null,null,null,null,null,null,null,null,null,8.723,0,null,null,null,null,null,null,null,null,0,null,null,4.378,-4.345,10.489,null,null,null,null,null,null,null,null,null,null,QUNWUDVFRNGTCO,null,TRND,zXFpfIoiEZktzrjTfC,null,null,null,null,null,null,null,null,null,611-59-6,null,null,null,0,4,null,null,null,173031,null,1,1,2025-06-17 15:29:19,null,null,null,null,null,null,null,364789219,activity,null,HTS,null,4.378,2.065,-1.173,-4.345,null,null,null,null,null,null,null,null,null,null,null,null,null,null,null,null,null,null,null,null,null,278939739
TRND-Glioblastoma_LOPAC_H4-primary_screen2,NCGC00386845-04,activity,null,4,10.207,4,12.25,4.045,OC(=O)C1=CC(=CC=C1)C2=CC=C(C=C2)C3=CN(N=N3)C(=O)N4CCCCC4CC5=CC=CC=C5,SML1250,KT203,SIGMA,2021_LOPAC_01,null,null,null,null,null,null,null,null,null,null,null,16.665,10.5,0.585,0.706,null,null,null,null,null,null,-1.75,null,null,10.207,-6.458,8.526,-0.436,null,null,null,null,null,null,null,null,null,SSSCOJOXPDDHOO,null,TRND,sSiErWUrJZSyvRYNCG,null,null,null,null,null,null,null,null,null,null,null,null,null,0,4,0,null,null,173031,0 0 0 0,1,1,2025-06-17 15:29:19,null,null,null,null,null,null,null,364785635,activity,null,HTS,null,2.713,-6.458,0.206,10.207,null,null,null,null,null,null,null,null,null,null,null,null,null,null,null,null,null,null,null,null,null,278939740
TRND-Glioblastoma_LOPAC_H4-primary_screen2,NCGC00370696-06,activity,null,4,17.741,4,10.5,4.955,NNC(=O)CSC1=NC2=C(C(=CS2)C3=CC=CC=C3)C(=O)N1C4=CC=CC=C4,SML0744,LDN-27219,SIGMA,2021_LOPAC_01,null,null,null,null,null,null,null,null,null,null,null,11.494,19,0.526,0.78,null,null,null,null,null,null,8.5,null,null,17.741,6.247,41.384,44.802,null,null,null,null,null,null,null,null,null,WLBUICQBNZXIDJ,null,TRND,SdxkgbrZYhTYKnmAbr,null,null,null,null,null,null,null,null,null,null,null,null,null,0,4,0,null,null,173031,0 0 0 0,1,1,2025-06-17 15:29:19,null,null,null,null,null,null,null,364789047,activity,null,HTS,null,6.989,11.868,6.247,17.741,null,null,null,null,null,null,null,null,null,null,null,null,null,null,null,null,null,null,null,null,null,278939741
TRND-Glioblastoma_LOPAC_H4-primary_screen2,NCGC00015943-09,activity,null,4,-1.335,4,0,null,CC(=O)NNC(=O)N1CC2=C(OC3=C1C=C(Cl)C=C3)C=CC=C2,S3065,SC 19220,SIGMA,2021_LOPAC_01,null,null,null,null,null,null,null,null,null,null,null,6.326,0,null,null,null,null,null,null,null,null,0,null,null,1.714,-4.612,0.93,null,null,null,null,null,null,null,null,null,null,KNURFLJTOUGOOQ,null,TRND,LtxLfTbWLAzSHhxmzw,null,null,null,null,null,null,null,null,null,null,null,null,null,0,4,null,null,null,173031,null,1,1,2025-06-17 15:29:19,null,null,null,null,null,null,null,364788715,activity,null,HTS,null,1.714,-4.612,0.141,-1.335,null,null,null,null,null,null,null,null,null,null,null,null,null,null,null,null,null,null,null,null,null,278939742
TRND-Glioblastoma_LOPAC_H4-primary_screen2,NCGC00015149-27,activity,null,4,7.181,4,12.141,3.065,CCCCNC1=CC(=CC(=C1OC2=CC=CC=C2)[S+](N)([O-])=O)C(O)=O,B3023,Bumetanide,SIGMA,2021_LOPAC_01,null,null,null,null,null,null,null,null,null,null,null,18.965,7.5,0.703,0.473,null,null,null,null,null,null,-4.641,null,null,7.181,-11.784,2.778,-12.332,null,null,null,null,null,null,null,null,null,GXZSSBJRQQVGBT,null,TRND,ZsgktfQjHHiHYRPlCG,null,Solute carrier family 12 member 1 inhibitor,null,null,null,null,null,null,null,28395-03-1,SLC12A1,null,null,0,4,0,null,null,173031,0 0 0 0,1,1,2025-06-17 15:29:19,null,null,null,null,null,null,null,364785587,activity,null,HTS,null,2.571,-11.784,0.146,7.181,null,null,null,null,null,null,null,null,null,null,null,null,null,null,null,null,null,null,null,null,null,278939743
TRND-Glioblastoma_LOPAC_H4-primary_screen2,NCGC00025069-10,activity,null,4,9.48,4,12.125,4.955,[O-]S(=O)(=O)C1=CC(=C2C(NC(=O)C3=CC=CC(NC(=O)NC4=CC=CC(=C4)C(=O)NC5=CC=C(C6=CC(=CC(=C56)S([O-])(=O)=O)S([O-])(=O)=O)S([O-])(=O)=O)=C3)=CC=C(C2=C1)S([O-])(=O)=O)S([O-])(=O)=O,N8652,NF 023,SIGMA,2021_LOPAC_01,null,null,null,null,null,null,null,null,null,null,null,15.027,12,0.386,0.896,null,null,null,null,null,null,-0.125,null,null,14.922,-0.104,16.527,15.879,null,null,null,null,null,null,null,null,null,JMONOAYAUIIKMS,null,TRND,ApTCcLmGxelGhGaFec,null,null,null,null,SODIUM,null,null,null,null,null,null,null,null,0,4,0,null,null,173031,0 0 0 0,1,1,2025-06-17 15:29:19,null,null,null,null,null,null,null,364785875,activity,null,HTS,null,-0.104,2.001,14.922,9.48,null,null,null,null,null,null,null,null,null,null,null,null,null,null,null,null,null,null,null,null,null,278939744
TRND-Glioblastoma_LOPAC_H4-primary_screen2,NCGC00094453-05,activity,null,4,6.707,4,0,null,CN([C@@H]1CC[C@]2(CCCO2)C[C@H]1N3CCCC3)C(=O)CC4=CC=CC=C4,U103,U-69593,SIGMA,2021_LOPAC_01,null,null,null,null,null,null,null,null,null,null,null,9.75,0,null,null,null,null,null,null,null,null,0,null,null,9.436,-0.314,35.866,null,null,null,null,null,null,null,null,null,null,PGZRDDYTKFZSFR,null,TRND,ToGJnVJQdtrbbCgfjm,null,null,null,null,null,null,null,null,null,[NO STEREO] 96744-75-1,null,null,null,0,4,null,null,null,173031,null,1,1,2025-06-17 15:29:19,null,null,null,null,null,null,null,364785823,activity,null,HTS,null,9.436,9.118,-0.314,6.707,null,null,null,null,null,null,null,null,null,null,null,null,null,null,null,null,null,null,null,null,null,278938658
TRND-Glioblastoma_LOPAC_H4-primary_screen2,NCGC00015636-08,activity,null,4,0.617,4,-30.759,4.955,[NH-]C1=C[N+](=NO1)N2CCOCC2,M5793,3-Morpholinosydnonimine hydrochloride,SIGMA,2021_LOPAC_01,null,null,null,null,null,null,null,null,null,null,null,46.087,-17.759,1,0.396,null,null,null,null,null,null,13,null,null,9.168,-36.919,1.324,-8.395,null,null,null,null,null,null,null,null,null,FKDHHVKWGRFRTG,null,TRND,zeuPrNoMFvkoJuNpEs,null,null,null,null,CL,null,null,null,null,null,null,null,null,0,4,1,null,null,173031,0 0 0 1,1,1,2025-06-17 15:29:19,null,null,null,null,null,null,null,364785675,activity,null,HTS,null,9.168,-36.919,1.372,0.617,null,null,null,null,null,null,null,null,null,null,null,null,null,null,null,null,null,null,null,null,null,278938659
TRND-Glioblastoma_LOPAC_H4-primary_screen2,NCGC00015196-15,activity,null,4,0.451,4,0,null,C(OC1=C(C=CC=C1)C2CC2)C3=NCCN3,C223,Cirazoline hydrochloride,SIGMA,2021_LOPAC_01,null,null,null,null,null,null,null,null,null,null,null,2.682,0,null,null,null,null,null,null,null,null,0,null,null,2.132,-0.551,6.747,null,null,null,null,null,null,null,null,null,null,YAORIDZYZDUZCM,null,TRND,RgUPcCHWjYHRPabUmG,null,null,null,null,CL,null,null,null,null,null,null,null,null,0,4,null,null,null,173031,null,1,1,2025-06-17 15:29:19,null,null,null,null,null,null,null,364787223,activity,null,HTS,null,2.132,-0.551,1.399,0.451,null,null,null,null,null,null,null,null,null,null,null,null,null,null,null,null,null,null,null,null,null,278938661
TRND-Glioblastoma_LOPAC_H4-primary_screen2,NCGC00022653-22,activity,null,4,11.183,4,9.5,3.065,CC1=NN=C(SCC2=C(N3[C@H](SC2)[C@H](NC(=O)CN4C=NN=N4)C3=O)C([O-])=O)S1,C5020,Cefazolin sodium,SIGMA,2021_LOPAC_01,null,null,null,null,null,null,null,null,null,null,null,10.741,11.5,0.509,0.799,null,null,null,null,null,null,2,null,null,11.183,0.442,27.429,19.684,null,null,null,null,null,null,null,null,null,MLYYVTUWGNIJIB,null,TRND,SHuScirfMFwxCtXWEU,null,null,null,null,SODIUM,null,null,null,null,27164-46-1,null,null,null,0,4,0,null,null,173031,0 0 0 0,1,1,2025-06-17 15:29:19,null,null,null,null,null,null,null,364787547,activity,null,HTS,null,5.277,0.442,9.434,11.183,null,null,null,null,null,null,null,null,null,null,null,null,null,null,null,null,null,null,null,null,null,278938662
TRND-Glioblastoma_LOPAC_H4-primary_screen2,NCGC00487341-03,activity,null,4,1.614,4,0,null,C[C@H](C#CC1=CC=C(CC2=CC=C(F)C=C2)S1)N(O)C(N)=O,SML1041,Atreleuton,SIGMA,2021_LOPAC_01,null,null,null,null,null,null,null,null,null,null,null,9.318,0,null,null,null,null,null,null,null,null,0,null,null,10.87,1.552,34.297,null,null,null,null,null,null,null,null,null,null,MMSNEKOTSJRTRI,null,TRND,PQiUFyOvFsTucRWwMd,null,null,null,null,null,null,null,null,null,154355-76-7,null,null,null,0,4,null,null,null,173031,null,1,1,2025-06-17 15:29:19,null,null,null,null,null,null,null,364786691,activity,null,HTS,null,10.87,1.552,3.144,1.614,null,null,null,null,null,null,null,null,null,null,null,null,null,null,null,null,null,null,null,null,null,278938663
TRND-Glioblastoma_LOPAC_H4-primary_screen2,NCGC00162076-05,activity,null,4,5.664,4,0,null,CCN(CC)C1=NC=NC2=C1N=CN2[C@@H]3O[C@H](COP([O-])(=O)OP([O-])(=O)C(Br)(Br)P(O)([O-])=O)[C@@H](O)[C@H]3O,A265,ARL 67156 trisodium salt,SIGMA,2021_LOPAC_01,null,null,null,null,null,null,null,null,null,null,null,5.648,0,null,null,null,null,null,null,null,null,0,null,null,5.664,0.016,8.982,null,null,null,null,null,null,null,null,null,null,ILXFKEOLRYLPJG,null,TRND,rtnLurkGEpekcCYVHx,null,null,null,null,SODIUM,null,null,null,null,null,null,null,null,0,4,null,null,null,173031,null,1,1,2025-06-17 15:29:19,null,null,null,null,null,null,null,364789223,activity,null,HTS,null,0.016,5.14,3.388,5.664,null,null,null,null,null,null,null,null,null,null,null,null,null,null,null,null,null,null,null,null,null,278938664
TRND-Glioblastoma_LOPAC_H4-primary_screen2,NCGC00507764-02,activity,null,4,1.727,4,-17.5,4.955,[H][C@@]12CC[C@H]([C@H](C)CCCC(C)C)[C@@]1(C)CC[C@@]3([H])[C@@]2([H])CC(NCCCNCCCCNCCCN)C4C[C@@H](O)CC[C@]34C,SML1545,Claramine trifluoroacetate salt ,SIGMA,2021_LOPAC_01,null,null,null,null,null,null,null,null,null,null,null,15.047,2,0.243,0.962,null,null,null,null,null,null,19.5,null,null,15.979,0.932,48.761,48.442,null,null,null,null,null,null,null,null,null,NRDCWXLXPKROKL,null,TRND,HxLQZSoKsQoSjrPZOF,null,null,null,null,TFA,null,null,null,null,null,null,null,null,0,4,0,null,null,173031,0 0 0 0,1,1,2025-06-17 15:29:19,null,null,null,null,null,null,null,364785711,activity,null,HTS,null,15.979,0.932,4.084,1.727,null,null,null,null,null,null,null,null,null,null,null,null,null,null,null,null,null,null,null,null,null,278938665
TRND-Glioblastoma_LOPAC_H4-primary_screen2,NCGC00253646-12,activity,null,4,-8.566,4,0,null,COC1=CC2=C(CCNC(C)=O)C=CC=C2C=C1,A1362,Agomelatine,SIGMA,2021_LOPAC_01,null,null,null,null,null,null,null,null,null,null,null,9.954,0,null,null,null,null,null,null,null,null,0,null,null,1.389,-8.566,-12.126,null,null,null,null,null,null,null,null,null,null,YJYPHIXNFHFHND,null,TRND,rcrfXjIhLFYuOMiFUs,null,5-HT2C Receptor antagonist,null,null,null,null,null,null,null,138112-76-2,HTR2C,null,null,0,4,null,null,null,173031,null,1,1,2025-06-17 15:29:19,null,null,null,null,null,null,null,364785491,activity,null,HTS,null,-2.676,-1.674,1.389,-8.566,null,null,null,null,null,null,null,null,null,null,null,null,null,null,null,null,null,null,null,null,null,278938666
TRND-Glioblastoma_LOPAC_H4-primary_screen2,NCGC00016094-16,activity,null,4,0.769,4,0,null,COC[C@H]1OC(=O)C2=COC3=C2[C@@]1(C)\C4=C(\C5CCC(=O)[C@@]5(C)C[C@H]4OC(C)=O)C3=O,W1628,Wortmannin from Penicillium funiculosum,SIGMA,2021_LOPAC_01,null,null,null,null,null,null,null,null,null,null,null,5.824,0,null,null,null,null,null,null,null,null,0,null,null,6.593,0.769,11.205,null,null,null,null,null,null,null,null,null,null,QDLHCMPXEPAAMD,null,TRND,XnrCQtCvOzAKouVmip,null,null,null,null,null,null,null,null,null,[NO STEREO] 19545-26-7,null,null,null,0,4,null,null,null,173031,null,1,1,2025-06-17 15:29:19,null,null,null,null,null,null,null,364788411,activity,null,HTS,null,1.481,2.977,6.593,0.769,null,null,null,null,null,null,null,null,null,null,null,null,null,null,null,null,null,null,null,null,null,278938667
TRND-Glioblastoma_LOPAC_H4-primary_screen2,NCGC00689839-01,activity,null,4,-3.643,4,-11.872,4.095,CC(C)C1=C(\C=C\[C@@H](O)C[C@@H](O)CC([O-])=O)C(=NC(=N1)N(C)[S+](C)([O-])=O)C2=CC=C(F)C=C2,SML1264,Rosuvastatin calcium,SIGMA,2021_LOPAC_01,null,null,null,null,null,null,null,null,null,null,null,16.475,-3.872,0.618,0.654,null,null,null,null,null,null,8,null,null,12.832,-3.643,40.654,30.891,null,null,null,null,null,null,null,null,null,GECKAXAVGHARCR,null,TRND,gFqFqWHyqeAkrMBUlc,null,null,null,null,CALCIUM,null,null,null,null,null,null,null,null,0,4,0,null,null,173031,0 0 0 0,1,1,2025-06-17 15:29:19,null,null,null,null,null,null,null,364785991,activity,null,HTS,null,12.832,2.758,7.195,-3.643,null,null,null,null,null,null,null,null,null,null,null,null,null,null,null,null,null,null,null,null,null,278938668
TRND-Glioblastoma_LOPAC_H4-primary_screen2,NCGC00024378-21,activity,null,4,-2.468,4,0,null,CN1[C@H](C[C@H](O)C2=CC=CC=C2)CCC[C@@H]1CC(=O)C3=CC=CC=C3,L4376,alpha-Lobeline hydrochloride,SIGMA,2021_LOPAC_01,null,null,null,null,null,null,null,null,null,null,null,9.61,0,null,null,null,null,null,null,null,null,0,null,null,7.142,-2.468,22.898,null,null,null,null,null,null,null,null,null,null,MXYUKLILVYORSK,null,TRND,dyEXZLhMtHRdcAakZg,null,null,null,null,CL,null,null,null,null,134-63-4,null,null,null,0,4,null,null,null,173031,null,1,1,2025-06-17 15:29:19,null,null,null,null,null,null,null,364788719,activity,null,HTS,null,7.142,2.146,4.112,-2.468,null,null,null,null,null,null,null,null,null,null,null,null,null,null,null,null,null,null,null,null,null,278938669
TRND-Glioblastoma_LOPAC_H4-primary_screen2,NCGC00263865-05,activity,null,4,9.568,4,0,null,CCOC(=O)C1=C/[C@]2(CC)CCC[N@]3CCC4=C([C@H]23)N\1C5=CC=CC=C45,V6383,Vinpocetine,SIGMA,2021_LOPAC_01,null,null,null,null,null,null,null,null,null,null,null,2.936,0,null,null,null,null,null,null,null,null,0,null,null,11.086,8.15,47.898,null,null,null,null,null,null,null,null,null,null,DDNCQMVWWZOMLN,null,TRND,XiUEmLUHcFmesXriWr,null,null,null,null,null,null,null,null,null,42971-09-5,null,null,null,0,4,null,null,null,173031,null,1,1,2025-06-17 15:29:19,null,null,null,null,null,null,null,364789035,activity,null,HTS,null,11.086,9.165,8.15,9.568,null,null,null,null,null,null,null,null,null,null,null,null,null,null,null,null,null,null,null,null,null,278938670
TRND-Glioblastoma_LOPAC_H4-primary_screen2,NCGC00263584-09,activity,null,4,3.517,4,0,null,CCCC[S+]([O-])(=O)N[C@@H](CC1=CC=C(OCCCCC2CCNCC2)C=C1)C(O)=O,SML0246,Tirofiban hydrochloride monohydrate,SIGMA,2021_LOPAC_01,null,null,null,null,null,null,null,null,null,null,null,9.504,0,null,null,null,null,null,null,null,null,0,null,null,10.621,1.117,38.039,null,null,null,null,null,null,null,null,null,null,SAXGHWXFPOCUQE,null,TRND,eKVxhQkEjpKBjCbDMf,null,null,null,null,CL,null,null,null,null,null,null,null,null,0,4,null,null,null,173031,null,1,1,2025-06-17 15:29:19,null,null,null,null,null,null,null,364789355,activity,null,HTS,null,10.621,8.49,1.117,3.517,null,null,null,null,null,null,null,null,null,null,null,null,null,null,null,null,null,null,null,null,null,278938671
TRND-Glioblastoma_LOPAC_H4-primary_screen2,NCGC00015519-30,activity,null,4,11.243,4,-17,4.955,NCCC1=CC(O)=C(O)C=C1,H8502,Dopamine hydrochloride,SIGMA,2021_LOPAC_01,null,null,null,null,null,null,null,null,null,null,null,13.773,5,1,0.857,null,null,null,null,null,null,22,null,null,16.848,3.075,58.95,56.441,null,null,null,null,null,null,null,null,null,VYFYYTLLBUKUHU,null,TRND,NYoSAKxCgGsUDptToa,null,Dopamine Receptor D2 agonist,null,null,CL,null,null,null,null,62-31-7,DRD2,null,null,0,4,1,null,null,173031,0 0 0 1,1,1,2025-06-17 15:29:19,null,null,null,null,null,null,null,364786943,activity,null,HTS,null,16.848,3.075,8.199,11.243,null,null,null,null,null,null,null,null,null,null,null,null,null,null,null,null,null,null,null,null,null,278938672
TRND-Glioblastoma_LOPAC_H4-primary_screen2,NCGC00015280-13,activity,null,4,-25.953,4,-39.143,0.5,NC1=NC=NC2=C1C(=CN2C3CCCC3)C4=CC=C(OC5=CC=CC=C5)C=C4,C8863,"7-Cyclopentyl-5-(4-phenoxy)phenyl-7H-pyrrolo[2,3-d]pyrimidin-4-ylamine",SIGMA,2021_LOPAC_01,null,null,null,null,null,null,null,null,null,null,null,29.419,-31.143,0.591,0.695,null,null,null,null,null,null,8,null,null,3.467,-25.953,-19.364,-29.568,null,null,null,null,null,null,null,null,null,FMETVQKSDIOGPX,null,TRND,tzcbMDSBKvRXEuoxgs,null,null,null,null,null,null,null,null,null,null,null,null,null,0,4,0,null,null,173031,0 0 0 0,1,1,2025-06-17 15:29:19,null,null,null,null,null,null,null,364787967,activity,null,HTS,null,3.467,-14.313,-7.636,-25.953,null,null,null,null,null,null,null,null,null,null,null,null,null,null,null,null,null,null,null,null,null,278938673
TRND-Glioblastoma_LOPAC_H4-primary_screen2,NCGC00024605-22,activity,null,4,-1.404,4,0,null,CN([C@H]1CCCC[C@@H]1N2CCCC2)C(=O)CC3=CC(Cl)=C(Cl)C=C3,U111,"(-)-trans-(1S,2S)-U-50488 hydrochloride",SIGMA,2021_LOPAC_01,null,null,null,null,null,null,null,null,null,null,null,5.44,0,null,null,null,null,null,null,null,null,0,null,null,3.918,-1.522,11.623,null,null,null,null,null,null,null,null,null,null,VQLPLYSROCPWFF,null,TRND,hKIbOFEGSrHbhNkWyD,null,null,null,null,CL,null,null,null,null,null,null,null,null,0,4,null,null,null,173031,null,1,1,2025-06-17 15:29:19,null,null,null,null,null,null,null,364789659,activity,null,HTS,null,3.918,3.65,-1.522,-1.404,null,null,null,null,null,null,null,null,null,null,null,null,null,null,null,null,null,null,null,null,null,278938679
TRND-Glioblastoma_LOPAC_H4-primary_screen2,NCGC00162319-09,activity,null,4,6.196,4,0,null,[H][C@]12CCCN(CCC)[C@]1([H])CC3=CN=C(N)N=C3C2,Q110,Quinelorane dihydrochloride,SIGMA,2021_LOPAC_01,null,null,null,null,null,null,null,null,null,null,null,8.684,0,null,null,null,null,null,null,null,null,0,null,null,11.815,3.131,42.747,null,null,null,null,null,null,null,null,null,null,TUFADSGTJUOBEH,null,TRND,DJQEoehxClochFAixq,null,null,null,null,CL,null,null,null,null,null,null,null,null,0,4,null,null,null,173031,null,1,1,2025-06-17 15:29:19,null,null,null,null,null,null,null,364788755,activity,null,HTS,null,11.815,3.131,6.453,6.196,null,null,null,null,null,null,null,null,null,null,null,null,null,null,null,null,null,null,null,null,null,278938680
TRND-Glioblastoma_LOPAC_H4-primary_screen2,NCGC00177980-11,activity,null,4,-15.535,4,-22.142,4.955,Clc1ccc(CO\N=C(/Cn2ccnc2)c3ccc(Cl)cc3Cl)c(Cl)c1,SML1474,null,SIGMA,2021_LOPAC_01,null,null,null,null,null,null,null,null,null,null,null,22.57,-18.142,0.272,0.952,null,null,null,null,null,null,4,null,null,7.035,-15.535,6.917,8.546,null,null,null,null,null,null,null,null,null,QRJJEGAJXVEBNE,null,TRND,APyQqCUiKfydjILlfW,null,null,null,null,NITRIC_ACID,null,null,null,null,64211-46-7,null,null,null,0,4,0,null,null,173031,0 0 0 0,1,1,2025-06-17 15:29:19,null,null,null,null,null,null,null,364787207,activity,null,HTS,null,3.183,1.905,7.035,-15.535,null,null,null,null,null,null,null,null,null,null,null,null,null,null,null,null,null,null,null,null,null,278938681
TRND-Glioblastoma_LOPAC_H4-primary_screen2,NCGC00387105-04,activity,null,4,-0.503,4,0,null,C[N+]1=C(CC(=O)C2=CC=C(Br)C=C2)C=CC=C1,SML1111,S 24795,SIGMA,2021_LOPAC_01,null,null,null,null,null,null,null,null,null,null,null,7.513,0,null,null,null,null,null,null,null,null,0,null,null,7.01,-0.503,23.758,null,null,null,null,null,null,null,null,null,null,ABKAHMCVCKGZSX,null,TRND,HZjBwrUnrBPeolrNgj,null,null,null,null,I,null,null,null,null,null,null,null,null,0,4,null,null,null,173031,null,1,1,2025-06-17 15:29:19,null,null,null,null,null,null,null,364786975,activity,null,HTS,null,6.321,7.01,2.264,-0.503,null,null,null,null,null,null,null,null,null,null,null,null,null,null,null,null,null,null,null,null,null,278938682
TRND-Glioblastoma_LOPAC_H4-primary_screen2,NCGC00015446-09,activity,null,4,-6.318,4,-24.581,0.5,NC(N)=NC1=NC(CSCC\C(N)=N\[S+](N)([O-])=O)=CS1,F6889,Famotidine,SIGMA,2021_LOPAC_01,null,null,null,null,null,null,null,null,null,null,null,17.94,-9.581,0.595,0.691,null,null,null,null,null,null,15,null,null,11.622,-6.318,32.404,27.007,null,null,null,null,null,null,null,null,null,VZUQZRYQNIGGIH,null,TRND,tgDmLQCBcFCbeHhIVx,null,null,null,null,null,null,null,null,null,76824-35-6,null,null,null,0,4,0,null,null,173031,0 0 0 0,1,1,2025-06-17 15:29:19,null,null,null,null,null,null,null,364786311,activity,null,HTS,null,11.622,0.347,4.617,-6.318,null,null,null,null,null,null,null,null,null,null,null,null,null,null,null,null,null,null,null,null,null,278938683
TRND-Glioblastoma_LOPAC_H4-primary_screen2,NCGC00015590-11,activity,null,4,5.279,4,0,null,O=C1N(C2=C(C=CC=C2)C1(CC3=CC=NC=C3)CC4=CC=NC=C4)C5=CC=CC=C5,L134,Linopirdine,SIGMA,2021_LOPAC_01,null,null,null,null,null,null,null,null,null,null,null,8.051,0,null,null,null,null,null,null,null,null,0,null,null,5.279,-2.772,0.976,null,null,null,null,null,null,null,null,null,null,YEJCDKJIEMIWRQ,null,TRND,suLsQVTQFriZiJdcTh,null,Potassium Voltage-Gated Channel Subfamily KQT Member 2 inhibitor,null,null,null,null,null,null,null,105431-72-9,KCNQ2,null,null,0,4,null,null,null,173031,null,1,1,2025-06-17 15:29:19,null,null,null,null,null,null,null,364786075,activity,null,HTS,null,-2.772,4.172,4.261,5.279,null,null,null,null,null,null,null,null,null,null,null,null,null,null,null,null,null,null,null,null,null,278938684
TRND-Glioblastoma_LOPAC_H4-primary_screen2,NCGC00024471-04,activity,null,4,1.538,4,0,null,N[C@H](CCCP(O)(O)=O)C(O)=O,A8054,D(-)-2-Amino-5-phosphonopentanoic acid,SIGMA,2021_LOPAC_01,null,null,null,null,null,null,null,null,null,null,null,9.455,0,null,null,null,null,null,null,null,null,0,null,null,10.993,1.538,37.867,null,null,null,null,null,null,null,null,null,null,VOROEQBFPPIACJ,null,TRND,fVOEOsOZJPhjovHZJk,null,null,null,null,null,null,null,null,null,[NO STEREO] 76326-31-3,null,null,null,0,4,null,null,null,173031,null,1,1,2025-06-17 15:29:19,null,null,null,null,null,null,null,364786015,activity,null,HTS,null,10.993,3.516,5.854,1.538,null,null,null,null,null,null,null,null,null,null,null,null,null,null,null,null,null,null,null,null,null,278938685
TRND-Glioblastoma_LOPAC_H4-primary_screen2,NCGC00093889-24,activity,null,4,6.595,4,0,null,[H][C@]12N(C)CC[C@@]1(C)C3=C(C=CC(OC(=O)NC)=C3)N2C,E8375,(-)-Physostigmine,SIGMA,2021_LOPAC_01,null,null,null,null,null,null,null,null,null,null,null,8.045,0,null,null,null,null,null,null,null,null,0,null,null,6.595,-1.45,3.431,null,null,null,null,null,null,null,null,null,null,PIJVFDBKTWXHHD,null,TRND,iOmACLvCqxWNGXQSfq,null,null,null,null,null,null,null,null,null,57-47-6,null,null,null,0,4,null,null,null,173031,null,1,1,2025-06-17 15:29:19,null,null,null,null,null,null,null,364785607,activity,null,HTS,null,-1.45,2.117,3.589,6.595,null,null,null,null,null,null,null,null,null,null,null,null,null,null,null,null,null,null,null,null,null,278938686
TRND-Glioblastoma_LOPAC_H4-primary_screen2,NCGC00015656-28,activity,null,4,7.152,4,0,null,CN1CCN2C(C1)C3=C(CC4=C2C=CC=C4)C=CC=C3,M2525,Mianserin hydrochloride,SIGMA,2021_LOPAC_01,null,null,null,null,null,null,null,null,null,null,null,9.212,0,null,null,null,null,null,null,null,null,0,null,null,8.53,-0.682,26.064,null,null,null,null,null,null,null,null,null,null,UEQUQVLFIPOEMF,null,TRND,jGXnuAmslWStPKtmuE,null,null,null,null,CL,null,null,null,null,21535-47-7,null,null,null,0,4,null,null,null,173031,null,1,1,2025-06-17 15:29:19,null,null,null,null,null,null,null,364786747,activity,null,HTS,null,6.059,-0.682,8.53,7.152,null,null,null,null,null,null,null,null,null,null,null,null,null,null,null,null,null,null,null,null,null,278938687
TRND-Glioblastoma_LOPAC_H4-primary_screen2,NCGC00015934-08,activity,null,4,1.901,4,0,null,NNC(N)=O,S2201,Semicarbazide hydrochloride,SIGMA,2021_LOPAC_01,null,null,null,null,null,null,null,null,null,null,null,9.082,0,null,null,null,null,null,null,null,null,0,null,null,10.094,1.012,24.202,null,null,null,null,null,null,null,null,null,null,DUIOPKIIICUYRZ,null,TRND,fNlKciqZykVqKPaViu,null,null,null,null,CL,null,null,null,null,563-41-7,null,null,null,0,4,null,null,null,173031,null,1,1,2025-06-17 15:29:19,null,null,null,null,null,null,null,364788699,activity,null,HTS,null,5.564,10.094,1.012,1.901,null,null,null,null,null,null,null,null,null,null,null,null,null,null,null,null,null,null,null,null,null,278938689
TRND-Glioblastoma_LOPAC_H4-primary_screen2,NCGC00015743-07,activity,null,4,-0.766,4,-13.419,3.99,C(C1=NCCN1)C2=CC=C3C=CC=CC3=C2,N5504,Naphazoline hydrochloride,SIGMA,2021_LOPAC_01,null,null,null,null,null,null,null,null,null,null,null,13.155,-0.919,0.039,0.999,null,null,null,null,null,null,12.5,null,null,12.389,-0.766,42.219,42.465,null,null,null,null,null,null,null,null,null,VIXRKFBKWOHVBR,null,TRND,xPiUAtydfqoPtdbSXf,null,null,null,null,CL,null,null,null,null,null,null,null,null,0,4,0,null,null,173031,0 0 0 0,1,1,2025-06-17 15:29:19,null,null,null,null,null,null,null,364787123,activity,null,HTS,null,12.298,12.389,-0.236,-0.766,null,null,null,null,null,null,null,null,null,null,null,null,null,null,null,null,null,null,null,null,null,278938690
TRND-Glioblastoma_LOPAC_H4-primary_screen2,NCGC00015610-31,activity,null,4,-23.23,4,-34.876,3.297,CC1=C(C=NO1)C(=O)NC2=CC=C(C=C2)C(F)(F)F,L5025,Leflunomide,SIGMA,2021_LOPAC_01,null,null,null,null,null,null,null,null,null,null,null,37.951,-23.876,0.233,0.965,null,null,null,null,null,null,11,null,null,14.721,-23.23,36.514,28.584,null,null,null,null,null,null,null,null,null,VHOGYURTWQBHIL,null,TRND,ESHkvQeqyvRLRDUCES,null,Dihydroorotate Dehydrogenase inhibitor,null,null,null,null,null,null,null,75706-12-6,DHODH,null,null,0,4,0,null,null,173031,0 0 0 0,1,1,2025-06-17 15:29:19,null,null,null,null,null,null,null,364785539,activity,null,HTS,null,14.721,7.103,4.158,-23.23,null,null,null,null,null,null,null,null,null,null,null,null,null,null,null,null,null,null,null,null,null,278939202
TRND-Glioblastoma_LOPAC_H4-primary_screen2,NCGC00160421-07,activity,null,4,3.947,4,0,null,COC1=C(OC)C=C2C3CC(=O)C(CC(C)C)CN3CCC2=C1,T2952,Tetrabenazine,SIGMA,2021_LOPAC_01,null,null,null,null,null,null,null,null,null,null,null,6.677,0,null,null,null,null,null,null,null,null,0,null,null,6.137,-0.54,20.945,null,null,null,null,null,null,null,null,null,null,MKJIEFSOBYUXJB,null,TRND,YVQymwqUIiKeIjhNKy,null,Synaptic vesicular amine transporter inhibitor,null,null,null,null,null,null,null,58-46-8,SLC18A2,null,null,0,4,null,null,null,173031,null,1,1,2025-06-17 15:29:19,null,null,null,null,null,null,null,364788059,activity,null,HTS,null,6.137,-0.54,3.168,3.947,null,null,null,null,null,null,null,null,null,null,null,null,null,null,null,null,null,null,null,null,null,278939203
TRND-Glioblastoma_LOPAC_H4-primary_screen2,NCGC00015898-32,activity,null,4,10.541,4,13.339,0.9,COC1=C(OC2CCCC2)C=C(C=C1)C3CNC(=O)C3,R6520,Rolipram,SIGMA,2021_LOPAC_01,null,null,null,null,null,null,null,null,null,null,null,10.823,11,0.106,0.993,null,null,null,null,null,null,-2.339,null,null,10.541,-0.282,13.681,14.406,null,null,null,null,null,null,null,null,null,HJORMJIFDVBMOB,null,TRND,gvOdLXDFPSAxfDTTvl,null,Phosphodiesterase 4 inhibitor,null,null,null,null,null,null,null,61413-54-5,PDE4A,null,null,0,4,0,null,null,173031,0 0 0 0,1,1,2025-06-17 15:29:19,null,null,null,null,null,null,null,364787359,activity,null,HTS,null,-0.282,4.603,8.16,10.541,null,null,null,null,null,null,null,null,null,null,null,null,null,null,null,null,null,null,null,null,null,278939204
TRND-Glioblastoma_LOPAC_H4-primary_screen2,NCGC00168779-10,activity,null,4,12.348,4,0,null,CC(C)[C@H](N)C(=O)OCC(CO)OCN1C=NC2=C1NC(N)=NC2=O,SML0191,Valganciclovir hydrochloride hydrate,SIGMA,2021_LOPAC_01,null,null,null,null,null,null,null,null,null,null,null,11.656,0,null,null,null,null,null,null,null,null,0,null,null,13.287,1.631,49.916,null,null,null,null,null,null,null,null,null,null,WPVFJKSGQUFQAP,null,TRND,sQsKypxdeubZEpnqbg,null,null,null,null,CL,null,null,null,null,175865-69-5 (anhydrous),null,null,null,0,4,null,null,null,173031,null,1,1,2025-06-17 15:29:19,null,null,null,null,null,null,null,364789467,activity,null,HTS,null,13.287,1.631,7.738,12.348,null,null,null,null,null,null,null,null,null,null,null,null,null,null,null,null,null,null,null,null,null,278939205
TRND-Glioblastoma_LOPAC_H4-primary_screen2,NCGC00690002-01,activity,null,4,0.023,4,13.468,2.121,CC1=C(F)C=CC=C1[C@H]2COC(N)=N2,SML2225,RO5263397,SIGMA,2021_LOPAC_01,null,null,null,null,null,null,null,null,null,null,null,12.136,12.5,1,1,null,null,null,null,null,null,-0.968,null,null,11.329,-0.807,13.268,13.83,null,null,null,null,null,null,null,null,null,IOHOUWIYOVWGHV,null,TRND,JLBxTaMTYekipzUbil,null,null,null,null,null,null,null,null,null,null,null,null,null,0,4,1,null,null,173031,0 0 0 1,1,1,2025-06-17 15:29:19,null,null,null,null,null,null,null,364789451,activity,null,HTS,null,-0.807,2.331,11.329,0.023,null,null,null,null,null,null,null,null,null,null,null,null,null,null,null,null,null,null,null,null,null,278939206
TRND-Glioblastoma_LOPAC_H4-primary_screen2,NCGC00015092-18,activity,null,4,-3.264,4,9.529,4.955,NCCCCCC(O)=O,A7824,6-Aminohexanoic acid,SIGMA,2021_LOPAC_01,null,null,null,null,null,null,null,null,null,null,null,10.305,9,1,0.706,null,null,null,null,null,null,-0.529,null,null,6.948,-3.357,12.463,7.895,null,null,null,null,null,null,null,null,null,SLXKOJJOQWFEFD,null,TRND,NGHJVQSNyzQxjnPjog,null,Plasminogen inhibitor,null,null,null,null,null,null,null,60-32-2,PLAT,null,null,0,4,1,null,null,173031,0 0 0 1,1,1,2025-06-17 15:29:19,null,null,null,null,null,null,null,364785275,activity,null,HTS,null,2.27,-3.357,6.948,-3.264,null,null,null,null,null,null,null,null,null,null,null,null,null,null,null,null,null,null,null,null,null,278939208
TRND-Glioblastoma_LOPAC_H4-primary_screen2,NCGC00023339-31,activity,null,4,5.034,4,-10.985,4.955,CC[C@H]1[C@@H](CC2=CN=CN2C)COC1=O,P6503,(+)-Pilocarpine hydrochloride,SIGMA,2021_LOPAC_01,null,null,null,null,null,null,null,null,null,null,null,15.438,-3.985,1,0.398,null,null,null,null,null,null,7,null,null,5.034,-10.404,8.869,5.783,null,null,null,null,null,null,null,null,null,QCHFTSOMWOSFHM,null,TRND,TgNeogCqjfhooWEULF,null,null,null,null,CL,null,null,null,null,148-72-1,null,null,null,0,4,1,null,null,173031,0 0 0 1,1,1,2025-06-17 15:29:19,null,null,null,null,null,null,null,364789719,activity,null,HTS,null,4.811,-10.404,2.276,5.034,null,null,null,null,null,null,null,null,null,null,null,null,null,null,null,null,null,null,null,null,null,278939209
TRND-Glioblastoma_LOPAC_H4-primary_screen2,NCGC00186038-13,activity,null,4,18.49,4,10.5,2.72,ClC1=CC=C(Cl)C(=C1)C2=CC=C(O2)\C=C(/C#N)C(=O)NC3=CC=CC4=C3C=CC=N4,A8231,AGK2,SIGMA,2021_LOPAC_01,null,null,null,null,null,null,null,null,null,null,null,10.747,18.5,0.047,0.999,null,null,null,null,null,null,8,null,null,18.49,7.743,50.855,51.614,null,null,null,null,null,null,null,null,null,SVENPFFEMUOOGK,null,TRND,NdogxWZBCLZOocUyJc,null,null,null,null,null,null,null,null,null,304896-28-4,null,null,null,0,4,0,null,null,173031,0 0 0 0,1,1,2025-06-17 15:29:19,null,null,null,null,null,null,null,364789995,activity,null,HTS,null,7.743,9.945,18.158,18.49,null,null,null,null,null,null,null,null,null,null,null,null,null,null,null,null,null,null,null,null,null,278939211
TRND-Glioblastoma_LOPAC_H4-primary_screen2,NCGC00015313-11,activity,null,4,3.874,4,0,null,OC(=O)C1=NC2=CC(Cl)=CC(Cl)=C2C(O)=C1,D138,"5,7-Dichlorokynurenic acid",SIGMA,2021_LOPAC_01,null,null,null,null,null,null,null,null,null,null,null,4.613,0,null,null,null,null,null,null,null,null,0,null,null,3.874,-0.74,7.741,null,null,null,null,null,null,null,null,null,null,BGKFPRIGXAVYNX,null,TRND,oucNMJulXVyPgBQgRB,null,null,null,null,H2O,null,null,null,null,131123-76-7,null,null,null,0,4,null,null,null,173031,null,1,1,2025-06-17 15:29:19,null,null,null,null,null,null,null,364787295,activity,null,HTS,null,1.357,-0.74,3.511,3.874,null,null,null,null,null,null,null,null,null,null,null,null,null,null,null,null,null,null,null,null,null,278939212
TRND-Glioblastoma_LOPAC_H4-primary_screen2,NCGC00015536-10,activity,null,4,2.566,4,0,null,NC(=N)SCCC1=CNC=N1,I135,Imetit dihydrobromide,SIGMA,2021_LOPAC_01,null,null,null,null,null,null,null,null,null,null,null,7.927,0,null,null,null,null,null,null,null,null,0,null,null,9.127,1.2,31.117,null,null,null,null,null,null,null,null,null,null,PEHSVUKQDJULKE,null,TRND,MrsKVBlghuMHaLOPEd,null,null,null,null,BR,null,null,null,null,null,null,null,null,0,4,null,null,null,173031,null,1,1,2025-06-17 15:29:19,null,null,null,null,null,null,null,364785475,activity,null,HTS,null,9.127,1.2,5.151,2.566,null,null,null,null,null,null,null,null,null,null,null,null,null,null,null,null,null,null,null,null,null,278939213
TRND-Glioblastoma_LOPAC_H4-primary_screen2,NCGC00094358-39,activity,null,4,2.337,4,0,null,CC(\C=C\C1=C(C)CCCC1(C)C)=C/C=C/C(C)=C\C(O)=O,R3255,13-cis-retinoic acid,SIGMA,2021_LOPAC_01,null,null,null,null,null,null,null,null,null,null,null,7.409,0,null,null,null,null,null,null,null,null,0,null,null,9.746,2.337,18.32,null,null,null,null,null,null,null,null,null,null,SHGAZHPCJJPHSC,null,TRND,CJLGDYfDODgqkSnhPC,null,Retinoic Acid Receptor beta agonist,null,null,null,null,null,null,null,4759-48-2,RARB,null,null,0,4,null,null,null,173031,null,1,1,2025-06-17 15:29:19,null,null,null,null,null,null,null,364788139,activity,null,HTS,null,2.729,3.867,9.746,2.337,null,null,null,null,null,null,null,null,null,null,null,null,null,null,null,null,null,null,null,null,null,278939214
TRND-Glioblastoma_LOPAC_H4-primary_screen2,NCGC00164593-13,activity,null,4,12.624,4,0,null,[H][C@@](C)(N[C@@]([H])(CCC1=CC=CC=C1)C(O)=O)C(=O)N2CCC[C@@]2([H])C(O)=O,E9658,Enalaprilat dihydrate,SIGMA,2021_LOPAC_01,null,null,null,null,null,null,null,null,null,null,null,9.8,0,null,null,null,null,null,null,null,null,0,null,null,12.624,2.824,31.298,null,null,null,null,null,null,null,null,null,null,LZFZMUMEGBBDTC,null,TRND,vgNNFIvRtTbYmMOlws,null,null,null,null,H2O,null,null,null,null,76420-72-9,null,null,null,0,4,null,null,null,173031,null,1,1,2025-06-17 15:29:19,null,null,null,null,null,null,null,364789971,activity,null,HTS,null,6.638,2.824,6.102,12.624,null,null,null,null,null,null,null,null,null,null,null,null,null,null,null,null,null,null,null,null,null,278939215
TRND-Glioblastoma_LOPAC_H4-primary_screen2,NCGC00015080-20,activity,null,4,9.147,4,0,null,C[N+]1(C)C2CCC1CC(C2)OC(=O)C(CO)C3=CC=CC=C3,A6883,Atropine methyl bromide,SIGMA,2021_LOPAC_01,null,null,null,null,null,null,null,null,null,null,null,8.788,0,null,null,null,null,null,null,null,null,0,null,null,9.147,0.359,31.255,null,null,null,null,null,null,null,null,null,null,PIPAJLPNWZMYQA,null,TRND,LBbZclscpRLOnpNowN,null,null,null,null,BR,null,null,null,null,2870-71-5,null,null,null,0,4,null,null,null,173031,null,1,1,2025-06-17 15:29:19,null,null,null,null,null,null,null,364786675,activity,null,HTS,null,7.787,6.56,0.359,9.147,null,null,null,null,null,null,null,null,null,null,null,null,null,null,null,null,null,null,null,null,null,278939216
TRND-Glioblastoma_LOPAC_H4-primary_screen2,NCGC00015593-06,activity,null,4,-1.274,4,0,null,OC1=C(C(=O)NC2=C1C=CC(Cl)=C2)C3=CC=C(OC4=CC=CC=C4)C=C3,L0258,"L-701,324",SIGMA,2021_LOPAC_01,null,null,null,null,null,null,null,null,null,null,null,5.544,0,null,null,null,null,null,null,null,null,0,null,null,3.736,-1.808,8.814,null,null,null,null,null,null,null,null,null,null,PDJGPBAMXFVBLT,null,TRND,ogeBqNRtGxUBlwUXhJ,null,null,null,null,null,null,null,null,null,null,null,null,null,0,4,null,null,null,173031,null,1,1,2025-06-17 15:29:19,null,null,null,null,null,null,null,364786787,activity,null,HTS,null,3.736,0.543,-1.808,-1.274,null,null,null,null,null,null,null,null,null,null,null,null,null,null,null,null,null,null,null,null,null,278939217
TRND-Glioblastoma_LOPAC_H4-primary_screen2,NCGC00486921-03,activity,null,4,-0.172,4,0,null,CC(C)N1CCN(CC1)[S+]([O-])(=O)C2=CC=C(NC(=O)C3=CC=C(C=C3[N+]([O-])=O)C(F)(F)F)C=C2,SML1547,RN-9893 ,SIGMA,2021_LOPAC_01,null,null,null,null,null,null,null,null,null,null,null,7.313,0,null,null,null,null,null,null,null,null,0,null,null,1.751,-5.562,1.769,null,null,null,null,null,null,null,null,null,null,PJAANISMWFBTTF,null,TRND,VJvqwCCcvxnXgIphBb,null,null,null,null,null,null,null,null,null,null,null,null,null,0,4,null,null,null,173031,null,1,1,2025-06-17 15:29:19,null,null,null,null,null,null,null,364788459,activity,null,HTS,null,1.631,1.751,-5.562,-0.172,null,null,null,null,null,null,null,null,null,null,null,null,null,null,null,null,null,null,null,null,null,278939219
TRND-Glioblastoma_LOPAC_H4-primary_screen2,NCGC00095462-06,activity,null,4,-3.007,4,-14.109,1.272,OC1=CC=C2C3C4=C(CC3(O)COC2=C1)C=C(O)C(O)=C4,SML2132,BRazilin,SIGMA,2021_LOPAC_01,null,null,null,null,null,null,null,null,null,null,null,12.2,-5.109,0.118,0.991,null,null,null,null,null,null,9,null,null,9.193,-3.007,31.321,30.755,null,null,null,null,null,null,null,null,null,UWHUTZOCTZJUKC,null,TRND,pCXMGebDfRrFNdeDQv,null,null,null,null,null,null,null,null,null,474-07-7,null,null,null,0,4,0,null,null,173031,0 0 0 0,1,1,2025-06-17 15:29:19,null,null,null,null,null,null,null,364786607,activity,null,HTS,null,9.193,7.106,3.467,-3.007,null,null,null,null,null,null,null,null,null,null,null,null,null,null,null,null,null,null,null,null,null,278939220
TRND-Glioblastoma_LOPAC_H4-primary_screen2,NCGC00015326-07,activity,null,4,4.128,4,0,null,FC1=CC=C(C=C1)C(=O)CCCN2CCC(C=C2)N3C(=O)NC4=C3C=CC=C4,D1414,Droperidol,SIGMA,2021_LOPAC_01,null,null,null,null,null,null,null,null,null,null,null,6.56,0,null,null,null,null,null,null,null,null,0,null,null,4.397,-2.163,15.422,null,null,null,null,null,null,null,null,null,null,NDNUAUXWPVQUQH,null,TRND,TRpAWqhNALVjnekQwX,null,null,null,null,null,null,null,null,null,null,null,null,null,0,4,null,null,null,173031,null,1,1,2025-06-17 15:29:19,null,null,null,null,null,null,null,364786615,activity,null,HTS,null,4.397,-2.163,3.66,4.128,null,null,null,null,null,null,null,null,null,null,null,null,null,null,null,null,null,null,null,null,null,278939221
TRND-Glioblastoma_LOPAC_H4-primary_screen2,NCGC00093815-05,activity,null,4,-4.893,4,-12.871,3.512,OC[C@H]1O[C@H]([C@H](O)[C@@H]1O)C2=NC3=C(N2)C=C(Cl)C(Cl)=C3,D1916,D-ribofuranosylbenzimidazole,SIGMA,2021_LOPAC_01,null,null,null,null,null,null,null,null,null,null,null,19.744,-4.871,0.679,0.534,null,null,null,null,null,null,8,null,null,14.851,-4.893,13.794,28.49,null,null,null,null,null,null,null,null,null,FMYZCZNCRILHGQ,null,TRND,HEJzPJgQEuWXDCIhMq,null,null,null,null,null,null,null,null,null,null,null,null,null,0,4,0,null,null,173031,0 0 0 0,1,1,2025-06-17 15:29:19,null,null,null,null,null,null,null,364789171,activity,null,HTS,null,0.964,14.851,4.738,-4.893,null,null,null,null,null,null,null,null,null,null,null,null,null,null,null,null,null,null,null,null,null,278939225
TRND-Glioblastoma_LOPAC_H4-primary_screen2,NCGC00015268-15,activity,null,4,8.158,4,11.5,4.955,ClC1=CC=CC(Cl)=C1N=C2NCCN2,C7897,Clonidine hydrochloride,SIGMA,2021_LOPAC_01,null,null,null,null,null,null,null,null,null,null,null,10.27,18,1,0.961,null,null,null,null,null,null,6.5,null,null,15.617,5.347,43.616,43.071,null,null,null,null,null,null,null,null,null,GJSURZIOUXUGAL,null,TRND,rQsoXtiMOgHQgLjiBU,null,null,null,null,CL,null,null,null,null,4205-91-8,null,null,null,0,4,1,null,null,173031,0 0 0 1,1,1,2025-06-17 15:29:19,null,null,null,null,null,null,null,364786971,activity,null,HTS,null,7.477,5.347,15.617,8.158,null,null,null,null,null,null,null,null,null,null,null,null,null,null,null,null,null,null,null,null,null,278939226
TRND-Glioblastoma_LOPAC_H4-primary_screen2,NCGC00015522-09,activity,null,4,4.334,4,0,null,OC(=O)CC1=CNC2=C1C=C(O)C=C2,H8876,5-Hydroxyindolacetic acid,SIGMA,2021_LOPAC_01,null,null,null,null,null,null,null,null,null,null,null,2.582,0,null,null,null,null,null,null,null,null,0,null,null,6.495,3.913,25.48,null,null,null,null,null,null,null,null,null,null,DUUGKQCEGZLZNO,null,TRND,LkBytJfyAeQIEylVoe,null,null,null,null,null,null,null,null,null,54-16-0,null,null,null,0,4,null,null,null,173031,null,1,1,2025-06-17 15:29:19,null,null,null,null,null,null,null,364790139,activity,null,HTS,null,5.739,6.495,3.913,4.334,null,null,null,null,null,null,null,null,null,null,null,null,null,null,null,null,null,null,null,null,null,278939230
TRND-Glioblastoma_LOPAC_H4-primary_screen2,NCGC00024800-11,activity,null,4,8.214,4,0,null,N[C@H](C(O)=O)C1=CC(O)=CC(O)=C1,D3689,"(S)-3,5-Dihydroxyphenylglycine",SIGMA,2021_LOPAC_01,null,null,null,null,null,null,null,null,null,null,null,8.162,0,null,null,null,null,null,null,null,null,0,null,null,8.214,0.052,6.607,null,null,null,null,null,null,null,null,null,null,HOOWCUZPEFNHDT,null,TRND,qMRNtyCnuycyykhDmE,null,null,null,null,H2O,null,null,null,null,162870-29-3,null,null,null,0,4,null,null,null,173031,null,1,1,2025-06-17 15:29:19,null,null,null,null,null,null,null,364785367,activity,null,HTS,null,0.052,2.717,0.352,8.214,null,null,null,null,null,null,null,null,null,null,null,null,null,null,null,null,null,null,null,null,null,278939231
TRND-Glioblastoma_LOPAC_H4-primary_screen2,NCGC00015072-17,activity,null,4,4.683,4,0,null,CCN(CC)CCNC(=O)C1=CC=C(NC(C)=O)C=C1,A5909,N-Acetylprocainamide hydrochloride,SIGMA,2021_LOPAC_01,null,null,null,null,null,null,null,null,null,null,null,13.813,0,null,null,null,null,null,null,null,null,0,null,null,14.956,1.143,49.918,null,null,null,null,null,null,null,null,null,null,KEECCEWTUVWFCV,null,TRND,yYmCNsxiYZQWtqgoWa,null,null,null,null,CL,null,null,null,null,34118-92-8,null,null,null,0,4,null,null,null,173031,null,1,1,2025-06-17 15:29:19,null,null,null,null,null,null,null,364785379,activity,null,HTS,null,13.044,1.143,14.956,4.683,null,null,null,null,null,null,null,null,null,null,null,null,null,null,null,null,null,null,null,null,null,278939232
TRND-Glioblastoma_LOPAC_H4-primary_screen2,NCGC00015682-15,activity,null,4,6.656,4,0,null,CC1=CC=CC(=N1)C#CC2=CC=CC=C2,M5435,6-Methyl-2-(phenylethynyl)pyridine hydrochloride,SIGMA,2021_LOPAC_01,null,null,null,null,null,null,null,null,null,null,null,6.224,0,null,null,null,null,null,null,null,null,0,null,null,6.656,0.432,7.717,null,null,null,null,null,null,null,null,null,null,NEWKHUASLBMWRE,null,TRND,MPWEfJeHkrhYNmVbAp,null,null,null,null,CL,null,null,null,null,96206-92-7,null,null,null,0,4,null,null,null,173031,null,1,1,2025-06-17 15:29:19,null,null,null,null,null,null,null,364786171,activity,null,HTS,null,0.432,1.492,2.828,6.656,null,null,null,null,null,null,null,null,null,null,null,null,null,null,null,null,null,null,null,null,null,278939233
TRND-Glioblastoma_LOPAC_H4-primary_screen2,NCGC00024643-25,activity,null,4,-27.068,4,-33.982,4.955,CC(C(O)C1=CC=C(O)C=C1)N2CCC(CC3=CC=CC=C3)CC2,I2892,Ifenprodil tartrate,SIGMA,2021_LOPAC_01,null,null,null,null,null,null,null,null,null,null,null,33.2,-29.482,0.186,0.978,null,null,null,null,null,null,4.5,null,null,6.132,-27.068,7.726,4.486,null,null,null,null,null,null,null,null,null,UYNVMODNBIQBMV,null,TRND,qhCGfawBrYbJJQWEBq,null,null,null,null,TARTRATE,null,null,null,null,23210-56-2,null,null,null,0,4,0,null,null,173031,0 0 0 0,1,1,2025-06-17 15:29:19,null,null,null,null,null,null,null,364786851,activity,null,HTS,null,6.132,1.116,5.946,-27.068,null,null,null,null,null,null,null,null,null,null,null,null,null,null,null,null,null,null,null,null,null,278939745
TRND-Glioblastoma_LOPAC_H4-primary_screen2,NCGC00263218-15,activity,null,4,-7.233,4,-15.679,0.931,C\C(O)=C(/C#N)C(=O)NC1=CC=C(C=C1)C(F)(F)F,SML0936,Teriflunomide,SIGMA,2021_LOPAC_01,null,null,null,null,null,null,null,null,null,null,null,13.627,-6.679,0.372,0.904,null,null,null,null,null,null,9,null,null,6.394,-7.233,11.227,8.941,null,null,null,null,null,null,null,null,null,UTNUDOFZCWSZMS,null,TRND,WxaLsMfLWkChOQYNlM,null,Dihydroorotate Dehydrogenase inhibitor,null,null,null,null,null,null,null,163451-81-8,DHODH,null,null,0,4,0,null,null,173031,0 0 0 0,1,1,2025-06-17 15:29:19,null,null,null,null,null,null,null,364790123,activity,null,HTS,null,6.394,-1.553,-2.332,-7.233,null,null,null,null,null,null,null,null,null,null,null,null,null,null,null,null,null,null,null,null,null,278939746
TRND-Glioblastoma_LOPAC_H4-primary_screen2,NCGC00487230-03,activity,null,4,2.748,4,0,null,NC1=NC2=C(N=CN2[C@@H]3O[C@H](CO)[C@@H](O)[C@@H]3O)C(=O)N1,A4233,Ara-G hydrate,SIGMA,2021_LOPAC_01,null,null,null,null,null,null,null,null,null,null,null,10.574,0,null,null,null,null,null,null,null,null,0,null,null,9.564,-1.01,32.652,null,null,null,null,null,null,null,null,null,null,NYHBQMYGNKIUIF,null,TRND,wmVZrhLgCmvlGXxQWf,null,null,null,null,null,null,null,null,null,[NO STEREO] 118-00-3,null,null,null,0,4,null,null,null,173031,null,1,1,2025-06-17 15:29:19,null,null,null,null,null,null,null,364786511,activity,null,HTS,null,9.564,-1.01,7.683,2.748,null,null,null,null,null,null,null,null,null,null,null,null,null,null,null,null,null,null,null,null,null,278939747
TRND-Glioblastoma_LOPAC_H4-primary_screen2,NCGC00480804-04,activity,null,4,5.316,4,9.293,4.955,CSC1=C(C)C(SC)=C2C=NC=CN12,SML0777,Oltipraz metabolite M2,SIGMA,2021_LOPAC_01,null,null,null,null,null,null,null,null,null,null,null,13.954,8.5,0.558,0.742,null,null,null,null,null,null,-0.793,null,null,11.21,-2.744,12.498,7.723,null,null,null,null,null,null,null,null,null,MYLBTCQBKAKUTJ,null,TRND,HiGdvAezxiJBbOrRPg,null,null,null,null,null,null,null,null,null,null,null,null,null,0,4,0,null,null,173031,0 0 0 0,1,1,2025-06-17 15:29:19,null,null,null,null,null,null,null,364788371,activity,null,HTS,null,1.363,-2.744,11.21,5.316,null,null,null,null,null,null,null,null,null,null,null,null,null,null,null,null,null,null,null,null,null,278939750
TRND-Glioblastoma_LOPAC_H4-primary_screen2,NCGC00507755-02,activity,null,4,1.917,4,0,null,CC1=NC=C(O1)C2=CNC3=CC=CC=C23,SML1592,Pimprinine,SIGMA,2021_LOPAC_01,null,null,null,null,null,null,null,null,null,null,null,8.151,0,null,null,null,null,null,null,null,null,0,null,null,8.251,0.1,26.284,null,null,null,null,null,null,null,null,null,null,WZJPGCHCOHYLMB,null,TRND,lSgoUBVnWCRAfTtMZi,null,null,null,null,null,null,null,null,null,null,null,null,null,0,4,null,null,null,173031,null,1,1,2025-06-17 15:29:19,null,null,null,null,null,null,null,364789195,activity,null,HTS,null,8.251,3.302,0.1,1.917,null,null,null,null,null,null,null,null,null,null,null,null,null,null,null,null,null,null,null,null,null,278939751
TRND-Glioblastoma_LOPAC_H4-primary_screen2,NCGC00015915-10,activity,null,4,2.418,4,0,null,OC1=C(O)C=C2C(CN(CC=C)CCC2=C1)C3=CC=CC=C3,S168,"(±)-SKF 38393, N-allyl-, hydrobromide",SIGMA,2021_LOPAC_01,null,null,null,null,null,null,null,null,null,null,null,9.398,0,null,null,null,null,null,null,null,null,0,null,null,8.075,-1.323,15.078,null,null,null,null,null,null,null,null,null,null,QBUVZVXIRYFENV,null,TRND,OyxIucJsgxYAUVXFPi,null,null,null,null,BR,null,null,null,null,null,null,null,null,0,4,null,null,null,173031,null,1,1,2025-06-17 15:29:19,null,null,null,null,null,null,null,364787047,activity,null,HTS,null,3.273,-1.323,8.075,2.418,null,null,null,null,null,null,null,null,null,null,null,null,null,null,null,null,null,null,null,null,null,278939752
TRND-Glioblastoma_LOPAC_H4-primary_screen2,NCGC00023945-37,activity,null,4,-7.067,4,-9.481,4.095,[H][C@@]1(C[C@]([H])(N=[N+]=[N-])[C@@]([H])(CO)O1)N2C=C(C)C(=O)NC2=O,A2169,3 -Azido-3 -deoxythymidine,SIGMA,2021_LOPAC_01,null,null,null,null,null,null,null,null,null,null,null,12.475,-6.981,0.53,0.776,null,null,null,null,null,null,2.5,null,null,5.408,-7.067,11.604,5.737,null,null,null,null,null,null,null,null,null,HBOMLICNUCNMMY,null,TRND,KpxSavEcXnjMEPHsVQ,null,null,null,null,null,null,null,null,null,30516-87-1,null,null,null,0,4,0,null,null,173031,0 0 0 0,1,1,2025-06-17 15:29:19,null,null,null,null,null,null,null,364785955,activity,null,HTS,null,5.408,-0.624,1.07,-7.067,null,null,null,null,null,null,null,null,null,null,null,null,null,null,null,null,null,null,null,null,null,278939753
TRND-Glioblastoma_LOPAC_H4-primary_screen2,NCGC00015041-10,activity,null,4,-0.57,4,0,null,NC(CCP(O)(O)=O)C(O)=O,A1910,(±)-2-Amino-4-phosphonobutyric acid,SIGMA,2021_LOPAC_01,null,null,null,null,null,null,null,null,null,null,null,8.804,0,null,null,null,null,null,null,null,null,0,null,null,5.517,-3.287,-3.822,null,null,null,null,null,null,null,null,null,null,DDOQBQRIEWHWBT,null,TRND,aGfpgYZJOFdpBgbZXg,null,null,null,null,null,null,null,null,null,null,null,null,null,0,4,null,null,null,173031,null,1,1,2025-06-17 15:29:19,null,null,null,null,null,null,null,364789135,activity,null,HTS,null,-3.287,5.517,2.495,-0.57,null,null,null,null,null,null,null,null,null,null,null,null,null,null,null,null,null,null,null,null,null,278939754
TRND-Glioblastoma_LOPAC_H4-primary_screen2,NCGC00015099-22,activity,null,4,5.997,4,0,null,CC(C)NCC(O)COC1=C(CC=C)C=CC=C1,A8676,Alprenolol hydrochloride,SIGMA,2021_LOPAC_01,null,null,null,null,null,null,null,null,null,null,null,9.168,0,null,null,null,null,null,null,null,null,0,null,null,9.3,0.132,29.205,null,null,null,null,null,null,null,null,null,null,PAZJSJFMUHDSTF,null,TRND,KFLEqFNHLeoYjcZjKw,null,null,null,null,CL,null,null,null,null,13707-88-5,null,null,null,0,4,null,null,null,173031,null,1,1,2025-06-17 15:29:19,null,null,null,null,null,null,null,364789751,activity,null,HTS,null,9.3,0.215,0.132,5.997,null,null,null,null,null,null,null,null,null,null,null,null,null,null,null,null,null,null,null,null,null,278939755
TRND-Glioblastoma_LOPAC_H4-primary_screen2,NCGC00016665-18,activity,null,4,8.594,4,0,null,CC(C)NC[C@H](O)C1=CC(O)=C(O)C=C1,I2760,R(-)-Isoproterenol (+)-bitartrate,SIGMA,2021_LOPAC_01,null,null,null,null,null,null,null,null,null,null,null,6.067,0,null,null,null,null,null,null,null,null,0,null,null,13.876,7.808,56.278,null,null,null,null,null,null,null,null,null,null,JWZZKOKVBUJMES,null,TRND,fIShMDsaOPqsJiejpI,null,null,null,null,TARTRATE,null,null,null,null,5984-95-2,null,null,null,0,4,null,null,null,173031,null,1,1,2025-06-17 15:29:19,null,null,null,null,null,null,null,364790203,activity,null,HTS,null,13.876,11.15,7.808,8.594,null,null,null,null,null,null,null,null,null,null,null,null,null,null,null,null,null,null,null,null,null,278939756
TRND-Glioblastoma_LOPAC_H4-primary_screen2,NCGC00015955-30,activity,null,4,7.184,4,0,null,CC(C)(C)NCC(O)C1=CC(CO)=C(O)C=C1,S5013,Albuterol hemisulfate,SIGMA,2021_LOPAC_01,null,null,null,null,null,null,null,null,null,null,null,9.884,0,null,null,null,null,null,null,null,null,0,null,null,11.624,1.74,41.3,null,null,null,null,null,null,null,null,null,null,NDAUXUAQIAJITI,null,TRND,nvgUOVqAlkDmCOWvmT,null,Beta-2 Adrenergic Receptor agonist,null,null,SULFURIC_ACID,null,null,null,null,18559-94-9,ADRB2,null,null,0,4,null,null,null,173031,null,1,1,2025-06-17 15:29:19,null,null,null,null,null,null,null,364788731,activity,null,HTS,null,11.624,1.74,5.79,7.184,null,null,null,null,null,null,null,null,null,null,null,null,null,null,null,null,null,null,null,null,null,278939758
TRND-Glioblastoma_LOPAC_H4-primary_screen2,NCGC00482986-05,activity,null,4,9.905,4,0,null,COC1=C(O)C=C2[C@@H](CC3=CC(OC4=CC=C(C[C@H]5N(C)CCC6=CC(OC)=C(OC)C=C56)C=C4)=C(O)C=C3)N(C)CCC2=C1,SML0597,Daurisoline,SIGMA,2021_LOPAC_01,null,null,null,null,null,null,null,null,null,null,null,8.504,0,null,null,null,null,null,null,null,null,0,null,null,9.905,1.401,34.33,null,null,null,null,null,null,null,null,null,null,BURJAQFYNVMZDV,null,TRND,qYLMAZgCEhkHkxXmWA,null,null,null,null,null,null,null,null,null,null,null,null,null,0,4,null,null,null,173031,null,1,1,2025-06-17 15:29:19,null,null,null,null,null,null,null,364788667,activity,null,HTS,null,7.903,1.401,8.882,9.905,null,null,null,null,null,null,null,null,null,null,null,null,null,null,null,null,null,null,null,null,null,278939760
TRND-Glioblastoma_LOPAC_H4-primary_screen2,NCGC00015498-06,activity,null,4,3.066,4,0,null,COC1=C(O)C=CC(=C1)C(O)CO,H1377,MHPG piperazine,SIGMA,2021_LOPAC_01,null,null,null,null,null,null,null,null,null,null,null,8.278,0,null,null,null,null,null,null,null,null,0,null,null,9.584,1.306,20.721,null,null,null,null,null,null,null,null,null,null,FBWPWWWZWKPJFL,null,TRND,jrxwAlUkRruSsHUmSE,null,null,null,null,PIPERAZINE,null,null,null,null,534-82-7,null,null,null,0,4,null,null,null,173031,null,1,1,2025-06-17 15:29:19,null,null,null,null,null,null,null,364785615,activity,null,HTS,null,4.142,1.306,9.584,3.066,null,null,null,null,null,null,null,null,null,null,null,null,null,null,null,null,null,null,null,null,null,278939761
TRND-Glioblastoma_LOPAC_H4-primary_screen2,NCGC00167781-21,activity,null,4,-0.413,4,0,null,OC(=O)COCCN1CCN(CC1)C(C2=CC=CC=C2)C3=CC=C(Cl)C=C3,C3618,Cetirizine dihydrochloride,SIGMA,2021_LOPAC_01,null,null,null,null,null,null,null,null,null,null,null,6.018,0,null,null,null,null,null,null,null,null,0,null,null,5.605,-0.413,18.525,null,null,null,null,null,null,null,null,null,null,ZKLPARSLTMPFCP,null,TRND,OSLjcttykBKlbgDCkG,null,null,null,null,CL,null,null,null,null,[NO STEREO] 823178-28-5,null,null,null,0,4,null,null,null,173031,null,1,1,2025-06-17 15:29:19,null,null,null,null,null,null,null,364787831,activity,null,HTS,null,5.605,0.934,3.627,-0.413,null,null,null,null,null,null,null,null,null,null,null,null,null,null,null,null,null,null,null,null,null,278939762
TRND-Glioblastoma_LOPAC_H4-primary_screen2,NCGC00345819-04,activity,null,4,6.704,4,0,null,[H][C@@]12[C@@H](O)[C@@H](O)[C@H](O)[C@@]1(C)CC[C@]3([H])C4=C(CC[C@@]23[H])C=C(O)C=C4,SML1523,Estetrol,SIGMA,2021_LOPAC_01,null,null,null,null,null,null,null,null,null,null,null,3.685,0,null,null,null,null,null,null,null,null,0,null,null,8.199,4.514,30.889,null,null,null,null,null,null,null,null,null,null,AJIPIJNNOJSSQC,null,TRND,FCRDokBGIGXEEtamID,null,Selective Estrogen Receptor modulator (SERM),null,null,null,null,null,null,null,[NO STEREO] 15183-37-6,ESR1,null,null,0,4,null,null,null,173031,null,1,1,2025-06-17 15:29:19,null,null,null,null,null,null,null,364785831,activity,null,HTS,null,6.657,4.514,8.199,6.704,null,null,null,null,null,null,null,null,null,null,null,null,null,null,null,null,null,null,null,null,null,278939763
TRND-Glioblastoma_LOPAC_H4-primary_screen2,NCGC00186032-05,activity,null,4,-12.679,4,-29.215,0.71,O=C(CCCCCN1CCN(CC1)C2=CC=CC=C2C3=CC=CC=C3)NC4CCCC5=CC=CC=C45,L3169,LP 12 hydrochloride hydrate,SIGMA,2021_LOPAC_01,null,null,null,null,null,null,null,null,null,null,null,20.732,-19.215,0.203,0.974,null,null,null,null,null,null,10,null,null,8.053,-12.679,15.149,13.49,null,null,null,null,null,null,null,null,null,NMZIDFFHGCRAJV,null,TRND,KqSCIXeMaMwVYgCwiE,null,null,null,null,CL,null,null,null,null,null,null,null,null,0,4,0,null,null,173031,0 0 0 0,1,1,2025-06-17 15:29:19,null,null,null,null,null,null,null,364787479,activity,null,HTS,null,8.053,1.784,-2.547,-12.679,null,null,null,null,null,null,null,null,null,null,null,null,null,null,null,null,null,null,null,null,null,278939764
TRND-Glioblastoma_LOPAC_H4-primary_screen2,NCGC00024680-06,activity,null,4,-1.173,4,0,null,CCCCCCCCCCCCCCCCCCC1=CC=C(C=C1)C(=O)\C=C\C(O)=O,SML0075,OBAA,SIGMA,2021_LOPAC_01,null,null,null,null,null,null,null,null,null,null,null,9.917,0,null,null,null,null,null,null,null,null,0,null,null,7.591,-2.326,-1.86,null,null,null,null,null,null,null,null,null,null,ZBESASFHIWDSCJ,null,TRND,nAWjqRqjBApoWldZJU,null,null,null,null,null,null,null,null,null,null,null,null,null,0,4,null,null,null,173031,null,1,1,2025-06-17 15:29:19,null,null,null,null,null,null,null,364785915,activity,null,HTS,null,-2.326,-0.138,7.591,-1.173,null,null,null,null,null,null,null,null,null,null,null,null,null,null,null,null,null,null,null,null,null,278939765
TRND-Glioblastoma_LOPAC_H4-primary_screen2,NCGC00162291-06,activity,null,4,9.275,4,0,null,NC(=O)C([O-])=O,O2751,Sodium Oxamate,SIGMA,2021_LOPAC_01,null,null,null,null,null,null,null,null,null,null,null,5.405,0,null,null,null,null,null,null,null,null,0,null,null,10.946,5.541,45.706,null,null,null,null,null,null,null,null,null,null,SOWBFZRMHSNYGE,null,TRND,exRBVwftYekvPpgQGY,null,null,null,null,SODIUM,null,null,null,null,null,null,null,null,0,4,null,null,null,173031,null,1,1,2025-06-17 15:29:19,null,null,null,null,null,null,null,364787691,activity,null,HTS,null,10.559,5.541,10.946,9.275,null,null,null,null,null,null,null,null,null,null,null,null,null,null,null,null,null,null,null,null,null,278939766
TRND-Glioblastoma_LOPAC_H4-primary_screen2,NCGC00017257-20,activity,null,4,5.802,4,5.766,4.955,[H][C@]2(CNC(=O)OCC1=CC=CC=C1)CN(C)[C@]3([H])CC4=CN(C)C5=C4C(=CC=C5)[C@@]3([H])C2,M3668,Metergoline,SIGMA,2021_LOPAC_01,null,null,null,null,null,null,null,null,null,null,null,10.494,7,0.689,0.515,null,null,null,null,null,null,1.234,null,null,7.772,-2.722,19.904,12.723,null,null,null,null,null,null,null,null,null,WZHJKEUHNJHDLS,null,TRND,OWvQFEkrTAQmYlrmFj,null,null,null,null,null,null,null,null,null,17692-51-2,null,null,null,0,4,0,null,null,173031,0 0 0 0,1,1,2025-06-17 15:29:19,null,null,null,null,null,null,null,364785499,activity,null,HTS,null,4.8,-2.722,7.772,5.802,null,null,null,null,null,null,null,null,null,null,null,null,null,null,null,null,null,null,null,null,null,278939767
TRND-Glioblastoma_LOPAC_H4-primary_screen2,NCGC00015407-10,activity,null,4,-1.63,4,-17.956,0.8,CCSC(N)=N,E3149,S-Ethylisothiourea hydrobromide,SIGMA,2021_LOPAC_01,null,null,null,null,null,null,null,null,null,null,null,15.191,-3.956,0.365,0.909,null,null,null,null,null,null,14,null,null,13.561,-1.63,47.225,45.421,null,null,null,null,null,null,null,null,null,VFIZBHJTOHUOEK,null,TRND,PzcjrmICKcIPSZWUfU,null,null,null,null,BR,null,null,null,null,null,null,null,null,0,4,0,null,null,173031,0 0 0 0,1,1,2025-06-17 15:29:19,null,null,null,null,null,null,null,364786375,activity,null,HTS,null,13.561,8.045,6.901,-1.63,null,null,null,null,null,null,null,null,null,null,null,null,null,null,null,null,null,null,null,null,null,278939771
TRND-Glioblastoma_LOPAC_H4-primary_screen2,NCGC00023673-22,activity,null,4,16.822,4,16,2.406,NC1=NC=NC2=C1N=CN2[C@@H]3O[C@H](CO)[C@@H](O)[C@H]3O,A9251,Adenosine,SIGMA,2021_LOPAC_01,null,null,null,null,null,null,null,null,null,null,null,16.741,18,0.467,0.837,null,null,null,null,null,null,2,null,null,16.822,0.081,30.612,19.797,null,null,null,null,null,null,null,null,null,OIRDTQYFTABQOQ,null,TRND,yJFfzQrbJBKQinKfcD,null,Adenosine Receptor A1 agonist,null,null,null,null,null,null,null,58-61-7,ADORA1,null,null,0,4,0,null,null,173031,0 0 0 0,1,1,2025-06-17 15:29:19,null,null,null,null,null,null,null,364787851,activity,null,HTS,null,6.486,0.081,5.308,16.822,null,null,null,null,null,null,null,null,null,null,null,null,null,null,null,null,null,null,null,null,null,278939772
TRND-Glioblastoma_LOPAC_H4-primary_screen2,NCGC00015429-26,activity,null,4,1.839,4,0,null,NC(=O)OCC(COC(N)=O)C1=CC=CC=C1,F0778,Felbamate,SIGMA,2021_LOPAC_01,null,null,null,null,null,null,null,null,null,null,null,5.153,0,null,null,null,null,null,null,null,null,0,null,null,6.993,1.839,22.665,null,null,null,null,null,null,null,null,null,null,WKGXYQFOCVYPAC,null,TRND,IikndUVKqcLjpgCODx,null,Gamma-aminobutyric acid receptor subunit alpha-1 modulator,null,null,null,null,null,null,null,25451-15-4,GABRA1,null,null,0,4,null,null,null,173031,null,1,1,2025-06-17 15:29:19,null,null,null,null,null,null,null,364788179,activity,null,HTS,null,4.467,6.313,6.993,1.839,null,null,null,null,null,null,null,null,null,null,null,null,null,null,null,null,null,null,null,null,null,278939773
TRND-Glioblastoma_LOPAC_H4-primary_screen2,NCGC00015493-12,activity,null,4,5.023,4,-8,4.955,CCCN(CCC)C1CCC2=CC=CC(O)=C2C1,H8250,(±)-8-Hydroxy-DPAT hydrobromide,SIGMA,2021_LOPAC_01,null,null,null,null,null,null,null,null,null,null,null,12.93,3.5,0.572,0.724,null,null,null,null,null,null,11.5,null,null,14.795,1.865,38.102,44.298,null,null,null,null,null,null,null,null,null,ASXGJMSKWNBENU,null,TRND,wKGnadBRxcxgXPOIKg,null,null,null,null,BR,null,null,null,null,76135-31-4,null,null,null,0,4,0,null,null,173031,0 0 0 0,1,1,2025-06-17 15:29:19,null,null,null,null,null,null,null,364786303,activity,null,HTS,null,8.583,14.795,1.865,5.023,null,null,null,null,null,null,null,null,null,null,null,null,null,null,null,null,null,null,null,null,null,278939774
TRND-Glioblastoma_LOPAC_H4-primary_screen2,NCGC00015893-19,activity,null,4,2.477,4,0,null,CCCN(CCC)CCC1=CC=CC2=C1CC(=O)N2,R2530,Ropinirole hydrochloride,SIGMA,2021_LOPAC_01,null,null,null,null,null,null,null,null,null,null,null,3.2,0,null,null,null,null,null,null,null,null,0,null,null,4.709,1.509,17.701,null,null,null,null,null,null,null,null,null,null,UHSKFQJFRQCDBE,null,TRND,ytoLZvlUbmQIOIMXZn,null,null,null,null,CL,null,null,null,null,91374-20-8,null,null,null,0,4,null,null,null,173031,null,1,1,2025-06-17 15:29:19,null,null,null,null,null,null,null,364789419,activity,null,HTS,null,4.343,4.709,1.509,2.477,null,null,null,null,null,null,null,null,null,null,null,null,null,null,null,null,null,null,null,null,null,278939775
TRND-Glioblastoma_LOPAC_H4-primary_screen2,NCGC00015145-06,activity,null,4,6.683,4,0,null,CC(=O)NBr,B2377,N-BRomoacetamide,SIGMA,2021_LOPAC_01,null,null,null,null,null,null,null,null,null,null,null,9.499,0,null,null,null,null,null,null,null,null,0,null,null,8.201,-1.298,27.019,null,null,null,null,null,null,null,null,null,null,VBTQNRFWXBXZQR,null,TRND,fNlKciSQvoUmVNhgCF,null,null,null,null,null,null,null,null,null,79-15-2,null,null,null,0,4,null,null,null,173031,null,1,1,2025-06-17 15:29:19,null,null,null,null,null,null,null,364787651,activity,null,HTS,null,8.201,2.367,-1.298,6.683,null,null,null,null,null,null,null,null,null,null,null,null,null,null,null,null,null,null,null,null,null,278939776
TRND-Glioblastoma_LOPAC_H4-primary_screen2,NCGC00015340-28,activity,null,4,-16.138,4,-26.365,4.955,CNCCCN1C2=C(CCC3=C1C=CC=C3)C=CC=C2,D3900,Desipramine hydrochloride,SIGMA,2021_LOPAC_01,null,null,null,null,null,null,null,null,null,null,null,25.723,-19.365,0.351,0.916,null,null,null,null,null,null,7,null,null,9.585,-16.138,24.51,20.688,null,null,null,null,null,null,null,null,null,HCYAFALTSJYZDH,null,TRND,jRktSCsMdOuiqhBAeR,null,null,null,null,CL,null,null,null,null,58-28-6,null,null,null,0,4,0,null,null,173031,0 0 0 0,1,1,2025-06-17 15:29:19,null,null,null,null,null,null,null,364787287,activity,null,HTS,null,8.983,1.946,9.585,-16.138,null,null,null,null,null,null,null,null,null,null,null,null,null,null,null,null,null,null,null,null,null,278939777
TRND-Glioblastoma_LOPAC_H4-primary_screen2,NCGC00014994-13,activity,null,4,0.684,4,0,null,NCCC1=CNC2=C1C=CC=C2,246557,Tryptamine hydrochloride,SIGMA,2021_LOPAC_01,null,null,null,null,null,null,null,null,null,null,null,3.528,0,null,null,null,null,null,null,null,null,0,null,null,4.075,0.547,13.939,null,null,null,null,null,null,null,null,null,null,APJYDQYYACXCRM,null,TRND,GiVspjiqgOlwYhvaYf,null,null,null,null,CL,null,null,null,null,343-94-2,null,null,null,0,4,null,null,null,173031,null,1,1,2025-06-17 15:29:19,null,null,null,null,null,null,null,364789247,activity,null,HTS,null,4.075,0.547,2.7,0.684,null,null,null,null,null,null,null,null,null,null,null,null,null,null,null,null,null,null,null,null,null,278939778
TRND-Glioblastoma_LOPAC_H4-primary_screen2,NCGC00015181-06,activity,null,4,1.908,4,0,null,NCC(O)C1CCCCCCC1,C108,2-Cyclooctyl-2-hydroxyethylamine hydrochloride,SIGMA,2021_LOPAC_01,null,null,null,null,null,null,null,null,null,null,null,5.02,0,null,null,null,null,null,null,null,null,0,null,null,3.704,-1.316,2.049,null,null,null,null,null,null,null,null,null,null,NUOYMOJXFODLFN,null,TRND,ruowshDvEPsyGxeFZL,null,null,null,null,CL,null,null,null,null,null,null,null,null,0,4,null,null,null,173031,null,1,1,2025-06-17 15:29:19,null,null,null,null,null,null,null,364786551,activity,null,HTS,null,-1.316,3.704,3.019,1.908,null,null,null,null,null,null,null,null,null,null,null,null,null,null,null,null,null,null,null,null,null,278938691
TRND-Glioblastoma_LOPAC_H4-primary_screen2,NCGC00015760-31,activity,null,4,-1.969,4,0,null,NCC(O)C1=CC=C(O)C=C1,O0250,(±)-Octopamine hydrochloride,SIGMA,2021_LOPAC_01,null,null,null,null,null,null,null,null,null,null,null,6.995,0,null,null,null,null,null,null,null,null,0,null,null,5.026,-1.969,10.043,null,null,null,null,null,null,null,null,null,null,QHGUCRYDKWKLMG,null,TRND,YUGMiSHtesYhTyqozx,null,null,null,null,CL,null,null,null,null,770-05-8,null,null,null,0,4,null,null,null,173031,null,1,1,2025-06-17 15:29:19,null,null,null,null,null,null,null,364788951,activity,null,HTS,null,1.466,5.026,5.003,-1.969,null,null,null,null,null,null,null,null,null,null,null,null,null,null,null,null,null,null,null,null,null,278938693
TRND-Glioblastoma_LOPAC_H4-primary_screen2,NCGC00015319-16,activity,null,4,2.748,4,-19.726,1.594,[O-][N+](=O)C1=C(C=C2NC(=O)C(=O)NC2=C1)[N+]([O-])=O,D0540,DNQx,SIGMA,2021_LOPAC_01,null,null,null,null,null,null,null,null,null,null,null,15.576,-11.226,1,1,null,null,null,null,null,null,8.5,null,null,7.888,-7.688,14.637,13.179,null,null,null,null,null,null,null,null,null,RWVIMCIPOAXUDG,null,TRND,sDWdvdUVqzfdzVxIWQ,null,null,null,null,null,null,null,null,null,2379-57-9,null,null,null,0,4,1,null,null,173031,0 0 0 1,1,1,2025-06-17 15:29:19,null,null,null,null,null,null,null,364786599,activity,null,HTS,null,7.888,3.095,-7.688,2.748,null,null,null,null,null,null,null,null,null,null,null,null,null,null,null,null,null,null,null,null,null,278938694
TRND-Glioblastoma_LOPAC_H4-primary_screen2,NCGC00094419-08,activity,null,4,3.187,4,0,null,CC1=CC=C(C=C1)[S+]([O-])(=O)N[C@@H](CC2=CC=CC=C2)C(=O)CCl,T4376,N-p-Tosyl-L-phenylalanine chloromethyl ketone,SIGMA,2021_LOPAC_01,null,null,null,null,null,null,null,null,null,null,null,7.726,0,null,null,null,null,null,null,null,null,0,null,null,9.868,2.142,19.877,null,null,null,null,null,null,null,null,null,null,VYGZKBZYCVWKPS,null,TRND,vXLgqhGYWRHkwDCOYf,null,Serine Protease inhibitor,null,null,null,null,null,null,null,null,PRSS1,null,null,0,4,null,null,null,173031,null,1,1,2025-06-17 15:29:19,null,null,null,null,null,null,null,364787751,activity,null,HTS,null,2.142,7.663,9.868,3.187,null,null,null,null,null,null,null,null,null,null,null,null,null,null,null,null,null,null,null,null,null,278938695
TRND-Glioblastoma_LOPAC_H4-primary_screen2,NCGC00379022-07,activity,null,4,11.515,4,14.587,4.955,[H][C@@]12CC=C(C3=CN=CC=C3)[C@@]1(C)CC[C@@]4([H])[C@@]2([H])CC=C5C[C@H](CC[C@]45C)OC(C)=O,SML1527,Abiraterone acetate ,SIGMA,2021_LOPAC_01,null,null,null,null,null,null,null,null,null,null,null,18.671,13,0.624,0.644,null,null,null,null,null,null,-1.587,null,null,11.515,-7.155,12.42,-0.702,null,null,null,null,null,null,null,null,null,UVIQSJCZCSLXRZ,null,TRND,jHZEphwZIhijVvdaXG,null,null,null,null,null,null,null,null,null,154229-18-2,null,null,null,0,4,0,null,null,173031,0 0 0 0,1,1,2025-06-17 15:29:19,null,null,null,null,null,null,null,364788355,activity,null,HTS,null,4.706,-2.418,-7.155,11.515,null,null,null,null,null,null,null,null,null,null,null,null,null,null,null,null,null,null,null,null,null,278938696
TRND-Glioblastoma_LOPAC_H4-primary_screen2,NCGC00015599-12,activity,null,4,20.856,4,0,null,CCCC1=C(OCCCOC2=CC=C(OCC(O)=O)C=C2)C=CC(C(C)=O)=C1O,L2167,"L-165,041",SIGMA,2021_LOPAC_01,null,null,null,null,null,null,null,null,null,null,null,7.746,0,null,null,null,null,null,null,null,null,0,null,null,20.856,13.111,75.334,null,null,null,null,null,null,null,null,null,null,HBBVCKCCQCQCTJ,null,TRND,MSpRwhAYwklucjPtJv,null,null,null,null,null,null,null,null,null,null,null,null,null,0,4,null,null,null,173031,null,1,1,2025-06-17 15:29:19,null,null,null,null,null,null,null,364788875,activity,null,HTS,null,13.111,20.827,19.207,20.856,null,null,null,null,null,null,null,null,null,null,null,null,null,null,null,null,null,null,null,null,null,278938697
TRND-Glioblastoma_LOPAC_H4-primary_screen2,NCGC00015217-08,activity,null,4,7.824,4,0,null,COC1=CC2=C(C=C1)N(CC3=CC=C(Cl)C=C3)C(C)=C2CC(O)=O,C1610,1-(4-Chlorobenzyl)-5-methoxy-2-methylindole-3-acetic acid,SIGMA,2021_LOPAC_01,null,null,null,null,null,null,null,null,null,null,null,6.615,0,null,null,null,null,null,null,null,null,0,null,null,7.824,1.209,15.324,null,null,null,null,null,null,null,null,null,null,ZCEPWIDYPWMCOY,null,TRND,KJqXqPDOLZUYBOxUzD,null,null,null,null,null,null,null,null,null,null,null,null,null,0,4,null,null,null,173031,null,1,1,2025-06-17 15:29:19,null,null,null,null,null,null,null,364790175,activity,null,HTS,null,1.209,7.36,3.881,7.824,null,null,null,null,null,null,null,null,null,null,null,null,null,null,null,null,null,null,null,null,null,278938698
TRND-Glioblastoma_LOPAC_H4-primary_screen2,NCGC00015135-14,activity,null,4,1.139,4,0,null,CC(N)CC1=CNC2=C1C=C(OCC3=CC=CS3)C=C2,B175,BW 723C86,SIGMA,2021_LOPAC_01,null,null,null,null,null,null,null,null,null,null,null,6.588,0,null,null,null,null,null,null,null,null,0,null,null,6.722,0.134,15.473,null,null,null,null,null,null,null,null,null,null,ALFGDCNSEBJYSP,null,TRND,hJwLGphTgfygFnBJYM,null,null,null,null,CL,null,null,null,null,null,null,null,null,0,4,null,null,null,173031,null,1,1,2025-06-17 15:29:19,null,null,null,null,null,null,null,364788135,activity,null,HTS,null,3.634,6.722,0.134,1.139,null,null,null,null,null,null,null,null,null,null,null,null,null,null,null,null,null,null,null,null,null,278938700
TRND-Glioblastoma_LOPAC_H4-primary_screen2,NCGC00346440-05,activity,null,4,2.286,4,-12.984,4.955,CN[C@H]1CN2C(=O)NC3=C2C(C1)=CC=C3,SML1087,Sumanirole maleate,SIGMA,2021_LOPAC_01,null,null,null,null,null,null,null,null,null,null,null,15.624,0.016,0.602,0.681,null,null,null,null,null,null,13,null,null,10.638,-4.986,29.347,29.045,null,null,null,null,null,null,null,null,null,RKZSNTNMEFVBDT,null,TRND,YSLecTMhCKCFzyWApo,null,Dopamine Receptor D2 agonist,null,null,MALEATE,null,null,null,null,179386-44-8,DRD2,null,null,0,4,0,null,null,173031,0 0 0 0,1,1,2025-06-17 15:29:19,null,null,null,null,null,null,null,364786991,activity,null,HTS,null,10.638,-4.986,3.016,2.286,null,null,null,null,null,null,null,null,null,null,null,null,null,null,null,null,null,null,null,null,null,278938701
TRND-Glioblastoma_LOPAC_H4-primary_screen2,NCGC00167811-19,activity,null,4,3.661,4,0,null,OC(=O)CCC1=CC=C(NCC2=CC=CC(OC3=CC=CC=C3)=C2)C=C1,G9797,GW9508,SIGMA,2021_LOPAC_01,null,null,null,null,null,null,null,null,null,null,null,3.892,0,null,null,null,null,null,null,null,null,0,null,null,7.553,3.661,22.267,null,null,null,null,null,null,null,null,null,null,DGENZVKCTGIDRZ,null,TRND,TpycTnjdHqHRKcNpsM,null,Free Fatty Acid Receptor 1 agonist,null,null,null,null,null,null,null,885101-89-3,FFAR1,null,null,0,4,null,null,null,173031,null,1,1,2025-06-17 15:29:19,null,null,null,null,null,null,null,364790211,activity,null,HTS,null,4.5,3.683,7.553,3.661,null,null,null,null,null,null,null,null,null,null,null,null,null,null,null,null,null,null,null,null,null,278938702
TRND-Glioblastoma_LOPAC_H4-primary_screen2,NCGC00162141-04,activity,null,4,11.492,4,12.969,2.333,NC1=NC=NC2=C1N=CN2[C@H]3O[C@@H](COP(O)(=O)OP([O-])(=O)OP([O-])(=O)OP([O-])(=O)OC[C@H]4O[C@H]([C@H](O)C4O)N5C=NC6=C5N=CN=C6N)C(O)[C@@H]3O,D1262,"P1,P4-Di(adenosine-5 )tetraphosphate triammonium",SIGMA,2021_LOPAC_01,null,null,null,null,null,null,null,null,null,null,null,14.799,12,0.382,0.899,null,null,null,null,null,null,-0.969,null,null,11.492,-3.308,10.615,5.805,null,null,null,null,null,null,null,null,null,YOAHKNVSNCMZGQ,null,TRND,XyiOAuaJCqpXuHvTbd,null,null,null,null,AMMONIUM,null,null,null,null,GRT00395,null,null,null,0,4,0,null,null,173031,0 0 0 0,1,1,2025-06-17 15:29:19,null,null,null,null,null,null,null,364789795,activity,null,HTS,null,1.344,-3.308,4.515,11.492,null,null,null,null,null,null,null,null,null,null,null,null,null,null,null,null,null,null,null,null,null,278938703
TRND-Glioblastoma_LOPAC_H4-primary_screen2,NCGC00015452-33,activity,null,4,9.452,4,0,null,CC(C)C(=O)NC1=CC(=C(C=C1)[N+]([O-])=O)C(F)(F)F,F9397,Flutamide,SIGMA,2021_LOPAC_01,null,null,null,null,null,null,null,null,null,null,null,8.222,0,null,null,null,null,null,null,null,null,0,null,null,9.452,1.23,29.679,null,null,null,null,null,null,null,null,null,null,MKXKFYHWDHIYRV,null,TRND,kOkTvGIuYXNHoAwtKR,null,Androgen Receptor antagonist,null,null,null,null,null,null,null,13311-84-7,AR,null,null,0,4,null,null,null,173031,null,1,1,2025-06-17 15:29:19,null,null,null,null,null,null,null,364790147,activity,null,HTS,null,6.523,1.23,8.22,9.452,null,null,null,null,null,null,null,null,null,null,null,null,null,null,null,null,null,null,null,null,null,278938704
TRND-Glioblastoma_LOPAC_H4-primary_screen2,NCGC00016035-30,activity,null,4,12.063,4,9,4.449,ClC1=CC(=CC=C1)N2CCN(CCCN3N=C4C=CC=CN4C3=O)CC2,T6154,Trazodone hydrochloride,SIGMA,2021_LOPAC_01,null,null,null,null,null,null,null,null,null,null,null,11.008,12,0.586,0.705,null,null,null,null,null,null,3,null,null,12.063,1.055,35.457,24.594,null,null,null,null,null,null,null,null,null,PHLBKPHSAVXXEF,null,TRND,TDsVUfygIAvIpeNvGT,null,null,null,null,CL,null,null,null,null,25332-39-2,null,null,null,0,4,0,null,null,173031,0 0 0 0,1,1,2025-06-17 15:29:19,null,null,null,null,null,null,null,364787783,activity,null,HTS,null,7.343,1.055,11.44,12.063,null,null,null,null,null,null,null,null,null,null,null,null,null,null,null,null,null,null,null,null,null,278938705
TRND-Glioblastoma_LOPAC_H4-primary_screen2,NCGC00166281-29,activity,null,4,6.422,4,0,null,COC1=CC=C2N=CC=C([C@@H](O)[C@@H]3C[C@@H]4CCN3C[C@@H]4C=C)C2=C1,Q1250,Quinine sulfate,SIGMA,2021_LOPAC_01,null,null,null,null,null,null,null,null,null,null,null,1.239,0,null,null,null,null,null,null,null,null,0,null,null,6.422,5.183,25.605,null,null,null,null,null,null,null,null,null,null,LOUPRKONTZGTKE,null,TRND,EqEdHgnMQfKPFUpScv,null,null,null,null,SULFURIC_ACID,null,null,null,null,549-56-4,null,null,null,0,4,null,null,null,173031,null,1,1,2025-06-17 15:29:19,null,null,null,null,null,null,null,364789379,activity,null,HTS,null,5.183,5.694,5.527,6.422,null,null,null,null,null,null,null,null,null,null,null,null,null,null,null,null,null,null,null,null,null,278938706
TRND-Glioblastoma_LOPAC_H4-primary_screen2,NCGC00094076-07,activity,null,4,12.976,4,0,null,CC(C)[C@H](NC(=O)OCC1=CC=CC=C1)C(=O)N[C@@H](CC2=CC=CC=C2)C=O,M6690,MDL 28170,SIGMA,2021_LOPAC_01,null,null,null,null,null,null,null,null,null,null,null,8.162,0,null,null,null,null,null,null,null,null,0,null,null,12.976,4.814,36.406,null,null,null,null,null,null,null,null,null,null,NGBKFLTYGSREKK,null,TRND,awVFBNasOpiZXiIcnY,null,null,null,null,null,null,null,null,null,88191-84-8,null,null,null,0,4,null,null,null,173031,null,1,1,2025-06-17 15:29:19,null,null,null,null,null,null,null,364785563,activity,null,HTS,null,7.02,4.814,9.636,12.976,null,null,null,null,null,null,null,null,null,null,null,null,null,null,null,null,null,null,null,null,null,278938707
TRND-Glioblastoma_LOPAC_H4-primary_screen2,NCGC00093824-05,activity,null,4,4.799,4,13,3.929,CN(C)C(=O)\N=N\C(=O)N(C)C,D3648,"N,N,N ,N -Tetramethylazodicarboxamide",SIGMA,2021_LOPAC_01,null,null,null,null,null,null,null,null,null,null,null,11.558,17,1,0.724,null,null,null,null,null,null,4,null,null,13.969,2.411,40.981,32.535,null,null,null,null,null,null,null,null,null,VLSDXINSOMDCBK,null,TRND,aJywNVBpKghdzMnOzG,null,null,null,null,null,null,null,null,null,10465-78-8,null,null,null,0,4,1,null,null,173031,0 0 0 1,1,1,2025-06-17 15:29:19,null,null,null,null,null,null,null,364789827,activity,null,HTS,null,7.994,2.411,13.969,4.799,null,null,null,null,null,null,null,null,null,null,null,null,null,null,null,null,null,null,null,null,null,278938708
TRND-Glioblastoma_LOPAC_H4-primary_screen2,NCGC00025323-17,activity,null,4,1.824,4,0,null,CC(C)C[C@H](NC(=O)[C@@H](O)[C@H](N)CC1=CC=CC=C1)C(O)=O,B8385,Bestatin hydrochloride,SIGMA,2021_LOPAC_01,null,null,null,null,null,null,null,null,null,null,null,9.395,0,null,null,null,null,null,null,null,null,0,null,null,6.952,-2.444,19.011,null,null,null,null,null,null,null,null,null,null,VGGGPCQERPFHOB,null,TRND,RiUpKqqGyUskinAiBe,null,Aminopeptidase N inhibitor,null,null,CL,null,null,null,null,58970-76-6,ANPEP,null,null,0,4,null,null,null,173031,null,1,1,2025-06-17 15:29:19,null,null,null,null,null,null,null,364788815,activity,null,HTS,null,6.952,0.672,-2.444,1.824,null,null,null,null,null,null,null,null,null,null,null,null,null,null,null,null,null,null,null,null,null,278938709
TRND-Glioblastoma_LOPAC_H4-primary_screen2,NCGC00015387-10,activity,null,4,-3.248,4,-20.398,0.6,NC1=NC(N)=NC(O)=C1,D1920-6,"2,4-Diamino-6-pyrimidinone",SIGMA,2021_LOPAC_01,null,null,null,null,null,null,null,null,null,null,null,14.778,-5.898,0.443,0.857,null,null,null,null,null,null,14.5,null,null,11.529,-3.248,36.538,35.023,null,null,null,null,null,null,null,null,null,SWELIMKTDYHAOY,null,TRND,PlgtZHAnRFpnCJCBvh,null,null,null,null,null,null,null,null,null,56-06-4,null,null,null,0,4,0,null,null,173031,0 0 0 0,1,1,2025-06-17 15:29:19,null,null,null,null,null,null,null,364786031,activity,null,HTS,null,11.529,4.304,4.636,-3.248,null,null,null,null,null,null,null,null,null,null,null,null,null,null,null,null,null,null,null,null,null,278938711
TRND-Glioblastoma_LOPAC_H4-primary_screen2,NCGC00015303-08,activity,null,4,6.047,4,0,null,CC(N)C1=CC=CC(Cl)=C1Cl,D103,"(±)-2,3-Dichloro-alpha-methylbenzylamine hydrochloride",SIGMA,2021_LOPAC_01,null,null,null,null,null,null,null,null,null,null,null,8.98,0,null,null,null,null,null,null,null,null,0,null,null,8.508,-0.472,10.058,null,null,null,null,null,null,null,null,null,null,CZJMQTZQSNUDNV,null,TRND,gtTyAlHckqfFAhApRk,null,null,null,null,CL,null,null,null,null,null,null,null,null,0,4,null,null,null,173031,null,1,1,2025-06-17 15:29:19,null,null,null,null,null,null,null,364789819,activity,null,HTS,null,0.455,8.508,-0.472,6.047,null,null,null,null,null,null,null,null,null,null,null,null,null,null,null,null,null,null,null,null,null,278938712
TRND-Glioblastoma_LOPAC_H4-primary_screen2,NCGC00015705-22,activity,null,4,12.576,4,14.854,4.955,CC12CC3CC(C)(C1)CC(N)(C3)C2,M9292,Memantine hydrochloride,SIGMA,2021_LOPAC_01,null,null,null,null,null,null,null,null,null,null,null,22.454,13,0.663,0.569,null,null,null,null,null,null,-1.854,null,null,12.576,-9.878,20.236,5.003,null,null,null,null,null,null,null,null,null,BUGYDGFZZOZRHP,null,TRND,DMaDpFikEwdAIcqTpn,null,NMDA Receptor antagonist,null,null,CL,null,null,null,null,41100-52-1,GRIN1,null,null,0,4,0,null,null,173031,0 0 0 0,1,1,2025-06-17 15:29:19,null,null,null,null,null,null,null,364789727,activity,null,HTS,null,5.598,-9.878,7.139,12.576,null,null,null,null,null,null,null,null,null,null,null,null,null,null,null,null,null,null,null,null,null,278938713
TRND-Glioblastoma_LOPAC_H4-primary_screen2,NCGC00183105-04,activity,null,4,12.272,4,0,null,CCCCC(F)(F)[C@@]1(O)CC[C@H]2[C@@H](CC(=O)[C@@H]2CCCCCCC(O)=O)O1,SmL1173,Lubiprostone,SIGMA,2021_LOPAC_01,null,null,null,null,null,null,null,null,null,null,null,13.703,0,null,null,null,null,null,null,null,null,0,null,null,16.272,2.57,56.163,null,null,null,null,null,null,null,null,null,null,WGFOBBZOWHGYQH,null,TRND,tAbZdeYHwACNGjWdMD,null,Chloride Channel Protein 2 activator,null,null,null,null,null,null,null,136790-76-6,CLCN2,null,null,0,4,null,null,null,173031,null,1,1,2025-06-17 15:29:19,null,null,null,null,null,null,null,364787335,activity,null,HTS,null,13.166,2.57,16.272,12.272,null,null,null,null,null,null,null,null,null,null,null,null,null,null,null,null,null,null,null,null,null,278938714
TRND-Glioblastoma_LOPAC_H4-primary_screen2,NCGC00092350-11,activity,null,4,10.457,4,-11.5,4.955,NC1=NC2=C(C=NN2CCC3=CC=CC=C3)C4=NC(=NN14)C5=CC=CO5,S4568,SCH 58261,SIGMA,2021_LOPAC_01,null,null,null,null,null,null,null,null,null,null,null,10.673,5,0.677,0.54,null,null,null,null,null,null,16.5,null,null,13.199,2.526,45.839,45.782,null,null,null,null,null,null,null,null,null,UTLPKQYUXOEJIL,null,TRND,RbnQKNZrkPBtfMrAeW,null,null,null,null,null,null,null,null,null,160098-96-4,null,null,null,0,4,0,null,null,173031,0 0 0 0,1,1,2025-06-17 15:29:19,null,null,null,null,null,null,null,364789067,activity,null,HTS,null,13.199,2.786,2.526,10.457,null,null,null,null,null,null,null,null,null,null,null,null,null,null,null,null,null,null,null,null,null,278938715
TRND-Glioblastoma_LOPAC_H4-primary_screen2,NCGC00092310-18,activity,null,4,-3.859,4,0,null,CCN1CCCC1CNC(=O)C2=C(OC)C=C(N)C(=C2)[S+]([O-])(=O)CC,A2729,Amisulpride,SIGMA,2021_LOPAC_01,null,null,null,null,null,null,null,null,null,null,null,4.507,0,null,null,null,null,null,null,null,null,0,null,null,0.616,-3.891,-5.565,null,null,null,null,null,null,null,null,null,null,UYNLYBPIAORSSZ,null,TRND,kDNKREJNwmnHsQlYMx,null,Dopamine Receptor D2 antagonist,null,null,null,null,null,null,null,71675-85-9,DRD2,null,null,0,4,null,null,null,173031,null,1,1,2025-06-17 15:29:19,null,null,null,null,null,null,null,364786407,activity,null,HTS,null,0.616,-3.891,-3.614,-3.859,null,null,null,null,null,null,null,null,null,null,null,null,null,null,null,null,null,null,null,null,null,278938716
TRND-Glioblastoma_LOPAC_H4-primary_screen2,NCGC00161411-08,activity,null,4,5.944,4,0,null,CCCCCCC(=O)OC1CC(C)(C)NC(C)(C)C1,T5576,TMPH hydrochloride,SIGMA,2021_LOPAC_01,null,null,null,null,null,null,null,null,null,null,null,8.221,0,null,null,null,null,null,null,null,null,0,null,null,10.441,2.219,18.927,null,null,null,null,null,null,null,null,null,null,PWWKJRFUJIFGGD,null,TRND,LxpqWpAqwlkvIliFEm,null,null,null,null,CL,null,null,null,null,null,null,null,null,0,4,null,null,null,173031,null,1,1,2025-06-17 15:29:19,null,null,null,null,null,null,null,364785579,activity,null,HTS,null,2.506,10.441,2.219,5.944,null,null,null,null,null,null,null,null,null,null,null,null,null,null,null,null,null,null,null,null,null,278938717
TRND-Glioblastoma_LOPAC_H4-primary_screen2,NCGC00015881-08,activity,null,4,4.989,4,0,null,OC1=CC(=CC(=C1O)[N+]([O-])=O)C(=O)C2=C(F)C=CC=C2,R108,Ro 41-0960,SIGMA,2021_LOPAC_01,null,null,null,null,null,null,null,null,null,null,null,5.222,0,null,null,null,null,null,null,null,null,0,null,null,7.718,2.495,29.21,null,null,null,null,null,null,null,null,null,null,RQPAUNZYTYHKHA,null,TRND,DXqWiGSzvfInlCeHZV,null,null,null,null,null,null,null,null,null,null,null,null,null,0,4,null,null,null,173031,null,1,1,2025-06-17 15:29:19,null,null,null,null,null,null,null,364785471,activity,null,HTS,null,7.718,4.901,2.495,4.989,null,null,null,null,null,null,null,null,null,null,null,null,null,null,null,null,null,null,null,null,null,278938718
TRND-Glioblastoma_LOPAC_H4-primary_screen2,NCGC00164563-16,activity,null,4,-2.741,4,-16.289,0.8,NC1=NC2=C(N=CN2[C@H]3C[C@H](O)[C@@H](CO)C3=C)C(=O)N1,SML1103,Entecavir,SIGMA,2021_LOPAC_01,null,null,null,null,null,null,null,null,null,null,null,12.418,-5.289,0.099,0.994,null,null,null,null,null,null,11,null,null,9.678,-2.741,31.22,30.528,null,null,null,null,null,null,null,null,null,QDGZDCVAUDNJFG,null,TRND,oZcnKcAROqTOUlcQCh,null,null,null,null,null,null,null,null,null,142217-69-4,null,null,null,0,4,0,null,null,173031,0 0 0 0,1,1,2025-06-17 15:29:19,null,null,null,null,null,null,null,364789683,activity,null,HTS,null,9.678,6.172,2.132,-2.741,null,null,null,null,null,null,null,null,null,null,null,null,null,null,null,null,null,null,null,null,null,278938720
TRND-Glioblastoma_LOPAC_H4-primary_screen2,NCGC00015364-08,activity,null,4,6.392,4,10.826,3.572,C1=CC=C(N=C1)C2=NC=CC=C2,D7505,"2,2 -Bipyridyl",SIGMA,2021_LOPAC_01,null,null,null,null,null,null,null,null,null,null,null,14.997,6.5,0.59,0.699,null,null,null,null,null,null,-4.326,null,null,6.392,-8.605,-4.938,-13.263,null,null,null,null,null,null,null,null,null,ROFVEXUMMXZLPA,null,TRND,UXLwPnbajOrpHlTdRs,null,null,null,null,null,null,null,null,null,366-18-7,null,null,null,0,4,0,null,null,173031,0 0 0 0,1,1,2025-06-17 15:29:19,null,null,null,null,null,null,null,364789899,activity,null,HTS,null,-0.285,-8.605,-2.137,6.392,null,null,null,null,null,null,null,null,null,null,null,null,null,null,null,null,null,null,null,null,null,278938721
TRND-Glioblastoma_LOPAC_H4-primary_screen2,NCGC00159460-15,activity,null,4,8.999,4,0,null,[H][C@@](O)(CN1CCN(CC2=CC=CN=C2)C[C@@]1([H])C(=O)NC(C)(C)C)C[C@@]([H])(CC3=CC=CC=C3)C(=O)N[C@@]4([H])C5=CC=CC=C5C[C@@]4([H])O,SML0189,Indinavir sulfate salt hydrate,SIGMA,2021_LOPAC_01,null,null,null,null,null,null,null,null,null,null,null,8.923,0,null,null,null,null,null,null,null,null,0,null,null,8.999,0.077,25.928,null,null,null,null,null,null,null,null,null,null,CBVCZFGXHXORBI,null,TRND,lSqWUIUWYuTersLiva,null,null,null,null,H-SULFATE,null,null,null,null,150378-17-9,null,null,null,0,4,null,null,null,173031,null,1,1,2025-06-17 15:29:19,null,null,null,null,null,null,null,364787315,activity,null,HTS,null,7.078,2.148,0.077,8.999,null,null,null,null,null,null,null,null,null,null,null,null,null,null,null,null,null,null,null,null,null,278938723
TRND-Glioblastoma_LOPAC_H4-primary_screen2,NCGC00015009-26,activity,null,4,-3.142,4,0,null,NC1=CC=NC=C1,A0152,4-Aminopyridine,SIGMA,2021_LOPAC_01,null,null,null,null,null,null,null,null,null,null,null,5.647,0,null,null,null,null,null,null,null,null,0,null,null,1.054,-4.592,-13.437,null,null,null,null,null,null,null,null,null,null,NUKYPUAOHBNCPY,null,TRND,FyIrkcxPbUCeUvwMvs,null,null,null,null,null,null,null,null,null,504-24-5,null,null,null,0,4,null,null,null,173031,null,1,1,2025-06-17 15:29:19,null,null,null,null,null,null,null,364787187,activity,null,HTS,null,-4.592,0.318,1.054,-3.142,null,null,null,null,null,null,null,null,null,null,null,null,null,null,null,null,null,null,null,null,null,278938724
TRND-Glioblastoma_LOPAC_H4-primary_screen2,NCGC00015074-23,activity,null,4,1.193,4,0,null,CC(=O)NC1=NN=C(S1)[S+](N)([O-])=O,A6011,Acetazolamide,SIGMA,2021_LOPAC_01,null,null,null,null,null,null,null,null,null,null,null,8.502,0,null,null,null,null,null,null,null,null,0,null,null,9.695,1.193,33.987,null,null,null,null,null,null,null,null,null,null,YPPLCEXWGIQUEG,null,TRND,kyVksGVcTtwJDuUUmI,null,null,null,null,null,null,null,null,null,59-66-5,null,null,null,0,4,null,null,null,173031,null,1,1,2025-06-17 15:29:19,null,null,null,null,null,null,null,364787299,activity,null,HTS,null,9.695,6.613,2.621,1.193,null,null,null,null,null,null,null,null,null,null,null,null,null,null,null,null,null,null,null,null,null,278939235
TRND-Glioblastoma_LOPAC_H4-primary_screen2,NCGC00015859-30,activity,null,4,6.948,4,0,null,CCN(CC)CCNC(=O)C1=CC=C(N)C=C1,P9391,Procainamide hydrochloride,SIGMA,2021_LOPAC_01,null,null,null,null,null,null,null,null,null,null,null,9.309,0,null,null,null,null,null,null,null,null,0,null,null,6.948,-2.362,6.112,null,null,null,null,null,null,null,null,null,null,REQCZEXYDRLIBE,null,TRND,votmJbDvpWFMiXeefZ,null,null,null,null,CL,null,null,null,null,614-39-1,null,null,null,0,4,null,null,null,173031,null,1,1,2025-06-17 15:29:19,null,null,null,null,null,null,null,364787399,activity,null,HTS,null,0.338,-2.362,4.538,6.948,null,null,null,null,null,null,null,null,null,null,null,null,null,null,null,null,null,null,null,null,null,278939237
TRND-Glioblastoma_LOPAC_H4-primary_screen2,NCGC00021191-17,activity,null,4,8.39,4,-13.2,1.808,CC(=O)OCC(=O)[C@@]1(O)CC[C@H]2[C@@H]3CCC4=CC(=O)CC[C@]4(C)[C@H]3C(=O)C[C@]12C,C3130,Cortisone 21-acetate,SIGMA,2021_LOPAC_01,null,null,null,null,null,null,null,null,null,null,null,11.38,-3.7,1,1,null,null,null,null,null,null,9.5,null,null,9.13,-2.25,26.187,25.515,null,null,null,null,null,null,null,null,null,ITRJWOMZKQRYTA,null,TRND,hnguJrGEFzSqEISzUh,null,Glucocorticoid Receptor agonist,null,null,null,null,null,null,null,50-04-4,NR3C1,null,null,0,4,1,null,null,173031,0 0 0 1,1,1,2025-06-17 15:29:19,null,null,null,null,null,null,null,364787659,activity,null,HTS,null,9.13,5.161,-2.25,8.39,null,null,null,null,null,null,null,null,null,null,null,null,null,null,null,null,null,null,null,null,null,278939238
TRND-Glioblastoma_LOPAC_H4-primary_screen2,NCGC00162338-06,activity,null,4,4.946,4,12.547,4.955,CC(C)CC(NP([O-])(=O)O[C@@H]1O[C@@H](C)[C@H](O)[C@@H](O)[C@H]1O)C(=O)NC(CC2=CNC3=C2C=CC=C3)C([O-])=O,R7385,Phosphoramidon disodium,SIGMA,2021_LOPAC_01,null,null,null,null,null,null,null,null,null,null,null,11.652,3.5,0.349,0.917,null,null,null,null,null,null,-9.047,null,null,4.946,-6.706,-12.232,-11.548,null,null,null,null,null,null,null,null,null,ZPHBZEQOLSRPAK,null,TRND,jHMTAfwPlCTEQxevxC,null,null,null,null,SODIUM,null,null,null,null,null,null,null,null,0,4,0,null,null,173031,0 0 0 0,1,1,2025-06-17 15:29:19,null,null,null,null,null,null,null,364788635,activity,null,HTS,null,-6.706,4.055,1.351,4.946,null,null,null,null,null,null,null,null,null,null,null,null,null,null,null,null,null,null,null,null,null,278939239
TRND-Glioblastoma_LOPAC_H4-primary_screen2,NCGC00487114-03,activity,null,4,7.341,4,0,null,[H][C@@]12CC(=C)[C@](OC(C)=O)(C(C)=O)[C@@]1(C)CC[C@]3([H])[C@@]4([H])CCC(=O)C=C4CC[C@@]23[H],SML0550,Nestorone,SIGMA,2021_LOPAC_01,null,null,null,null,null,null,null,null,null,null,null,4.047,0,null,null,null,null,null,null,null,null,0,null,null,11.389,7.341,38.991,null,null,null,null,null,null,null,null,null,null,CKFBRGLGTWAVLG,null,TRND,ZPpUBIvMIhflYMBpft,null,null,null,null,null,null,null,null,null,7759-35-5,null,null,null,0,4,null,null,null,173031,null,1,1,2025-06-17 15:29:19,null,null,null,null,null,null,null,364788935,activity,null,HTS,null,7.405,9.47,11.389,7.341,null,null,null,null,null,null,null,null,null,null,null,null,null,null,null,null,null,null,null,null,null,278939240
TRND-Glioblastoma_LOPAC_H4-primary_screen2,NCGC00186046-04,activity,null,4,7.239,4,9.09,2.72,CCN(CC)CCN1C(=O)\C(CC2=CC=C(OC)C=C2)=N/C3=CC=CC=C13,C1119,Caroverine hydrochloride,SIGMA,2021_LOPAC_01,null,null,null,null,null,null,null,null,null,null,null,15.648,7.5,0.734,0.384,null,null,null,null,null,null,-1.59,null,null,7.239,-8.409,13.344,0.227,null,null,null,null,null,null,null,null,null,MSPRUJDUTKRMLM,null,TRND,wKudweHyhiVucZkSry,null,NMDA Receptor antagonist,null,null,CL,null,null,null,null,55750-05-5,GRIN1,null,null,0,4,0,null,null,173031,0 0 0 0,1,1,2025-06-17 15:29:19,null,null,null,null,null,null,null,364789083,activity,null,HTS,null,4.851,-8.409,2.793,7.239,null,null,null,null,null,null,null,null,null,null,null,null,null,null,null,null,null,null,null,null,null,278939241
TRND-Glioblastoma_LOPAC_H4-primary_screen2,NCGC00015572-11,activity,null,4,-0.119,4,0,null,NC(=N)NCC1=CC=CC(I)=C1,I9890,m-Iodobenzylguanidine hemisulfate,SIGMA,2021_LOPAC_01,null,null,null,null,null,null,null,null,null,null,null,9.32,0,null,null,null,null,null,null,null,null,0,null,null,9.201,-0.119,13.668,null,null,null,null,null,null,null,null,null,null,PDWUPXJEEYOOTR,null,TRND,WniDsXGPYAiUlfwBiS,null,null,null,null,SULFURIC_ACID,null,null,null,null,80663-95-2,null,null,null,0,4,null,null,null,173031,null,1,1,2025-06-17 15:29:19,null,null,null,null,null,null,null,364785459,activity,null,HTS,null,1.016,6.407,9.201,-0.119,null,null,null,null,null,null,null,null,null,null,null,null,null,null,null,null,null,null,null,null,null,278939243
TRND-Glioblastoma_LOPAC_H4-primary_screen2,NCGC00387412-06,activity,null,4,-11.871,4,-11.745,3.512,C[C@@H](N)C1CCC(CC1)C(=O)NC2=CC=NC=C2,Y0503,Y-27632 dihydrochloride,SIGMA,2021_LOPAC_01,null,null,null,null,null,null,null,null,null,null,null,15.801,-12.245,0.603,0.678,null,null,null,null,null,null,-0.5,null,null,3.929,-11.871,-19.789,-10.038,null,null,null,null,null,null,null,null,null,IYOZTVGMEWJPKR,null,TRND,YAFATyQDNcOgHclNQg,null,null,null,null,CL,null,null,null,null,null,null,null,null,0,4,0,null,null,173031,0 0 0 0,1,1,2025-06-17 15:29:19,null,null,null,null,null,null,null,364785927,activity,null,HTS,null,-5.142,3.929,-2.894,-11.871,null,null,null,null,null,null,null,null,null,null,null,null,null,null,null,null,null,null,null,null,null,278939244
TRND-Glioblastoma_LOPAC_H4-primary_screen2,NCGC00025047-10,activity,null,4,7.512,4,0,null,CC1=NC(\N=N\C2=CC=CC=C2)=C(O)C=C1,S9186,SIB 1757,SIGMA,2021_LOPAC_01,null,null,null,null,null,null,null,null,null,null,null,5.437,0,null,null,null,null,null,null,null,null,0,null,null,7.869,2.432,30.172,null,null,null,null,null,null,null,null,null,null,LOCPVWIREQIGNQ,null,TRND,biGDxNeSMBCbFeJBkD,null,null,null,null,null,null,null,null,null,null,null,null,null,0,4,null,null,null,173031,null,1,1,2025-06-17 15:29:19,null,null,null,null,null,null,null,364788451,activity,null,HTS,null,7.869,3.841,2.432,7.512,null,null,null,null,null,null,null,null,null,null,null,null,null,null,null,null,null,null,null,null,null,278939245
TRND-Glioblastoma_LOPAC_H4-primary_screen2,NCGC00015100-24,activity,null,4,-3.826,4,0,null,CN(C)C1=NC(=NC(=N1)N(C)C)N(C)C,A8723,Altretamine,SIGMA,2021_LOPAC_01,null,null,null,null,null,null,null,null,null,null,null,7.139,0,null,null,null,null,null,null,null,null,0,null,null,3.313,-3.826,6.409,null,null,null,null,null,null,null,null,null,null,UUVWYPNAQBNQJQ,null,TRND,iIpCTPiQTHwuOfmdBO,null,DNA Alkylating Drug,null,null,null,null,null,null,null,645-05-6,H2AX,null,null,0,4,null,null,null,173031,null,1,1,2025-06-17 15:29:19,null,null,null,null,null,null,null,364785291,activity,null,HTS,null,3.313,2.139,-3.243,-3.826,null,null,null,null,null,null,null,null,null,null,null,null,null,null,null,null,null,null,null,null,null,278939246
TRND-Glioblastoma_LOPAC_H4-primary_screen2,NCGC00015832-08,activity,null,4,9.745,4,0,null,CC(=C)C1CCC(=CC1)C(O)=O,218359,(-)-Perillic acid,SIGMA,2021_LOPAC_01,null,null,null,null,null,null,null,null,null,null,null,6.14,0,null,null,null,null,null,null,null,null,0,null,null,9.745,3.605,35.421,null,null,null,null,null,null,null,null,null,null,CDSMSBUVCWHORP,null,TRND,KdXSsaYrelUbtZkKpo,null,null,null,null,null,null,null,null,null,null,null,null,null,0,4,null,null,null,173031,null,1,1,2025-06-17 15:29:19,null,null,null,null,null,null,null,364788131,activity,null,HTS,null,7.944,8.2,3.605,9.745,null,null,null,null,null,null,null,null,null,null,null,null,null,null,null,null,null,null,null,null,null,278939247
TRND-Glioblastoma_LOPAC_H4-primary_screen2,NCGC00015082-19,activity,null,4,1.543,4,0,null,NNC(N)=N,A7009,Aminoguanidine hemisulfate,SIGMA,2021_LOPAC_01,null,null,null,null,null,null,null,null,null,null,null,8.004,0,null,null,null,null,null,null,null,null,0,null,null,9.138,1.134,21.457,null,null,null,null,null,null,null,null,null,null,HAMNKKUPIHEESI,null,TRND,fNlKcirKdSMvCUwRga,null,"Nitric Oxide Synthase, inducible inhibitor",null,null,SULFURIC_ACID,null,null,null,null,79-17-4,NOS2,null,null,0,4,null,null,null,173031,null,1,1,2025-06-17 15:29:19,null,null,null,null,null,null,null,364787955,activity,null,HTS,null,4.851,1.134,9.138,1.543,null,null,null,null,null,null,null,null,null,null,null,null,null,null,null,null,null,null,null,null,null,278939248
TRND-Glioblastoma_LOPAC_H4-primary_screen2,NCGC00015182-11,activity,null,4,0.18,4,0,null,NCCC1=CNC2=C1C=C(C=C2)C(N)=O,C117,5-Carboxamidotryptamine maleate,SIGMA,2021_LOPAC_01,null,null,null,null,null,null,null,null,null,null,null,3.853,0,null,null,null,null,null,null,null,null,0,null,null,0.18,-3.674,-4.586,null,null,null,null,null,null,null,null,null,null,WKZLNEWVIAGNAW,null,TRND,RwLgkKnmpnegzXsbZS,null,null,null,null,MALEATE,null,null,null,null,74885-72-6,null,null,null,0,4,null,null,null,173031,null,1,1,2025-06-17 15:29:19,null,null,null,null,null,null,null,364787191,activity,null,HTS,null,-0.316,-1.767,-3.674,0.18,null,null,null,null,null,null,null,null,null,null,null,null,null,null,null,null,null,null,null,null,null,278939249
TRND-Glioblastoma_LOPAC_H4-primary_screen2,NCGC00015116-26,activity,null,4,0.317,4,0,null,COC1=CC=C(C=C1)C(=O)N2CCCC2=O,A9950,Aniracetam,SIGMA,2021_LOPAC_01,null,null,null,null,null,null,null,null,null,null,null,5.712,0,null,null,null,null,null,null,null,null,0,null,null,6.028,0.317,13.759,null,null,null,null,null,null,null,null,null,null,ZXNRTKGTQJPIJK,null,TRND,VgWFGgfgKzDOpeutLK,null,null,null,null,null,null,null,null,null,72432-10-1,null,null,null,0,4,null,null,null,173031,null,1,1,2025-06-17 15:29:19,null,null,null,null,null,null,null,364787243,activity,null,HTS,null,3.246,6.028,0.532,0.317,null,null,null,null,null,null,null,null,null,null,null,null,null,null,null,null,null,null,null,null,null,278939250
TRND-Glioblastoma_LOPAC_H4-primary_screen2,NCGC00178551-04,activity,null,4,2.455,4,-11.795,4.095,N[C@@H](Cc1ccc(O)cc1)C(=O)N[C@H](CCCNC(N)=N)C(O)=O,SML1461,Kyotorphin acetate salt,SIGMA,2021_LOPAC_01,null,null,null,null,null,null,null,null,null,null,null,14.187,-0.795,0.469,0.836,null,null,null,null,null,null,11,null,null,10.608,-3.579,28.009,28.43,null,null,null,null,null,null,null,null,null,JXNRXNCCROJZFB,null,TRND,wImYlBzIqhfLdugtiw,null,null,null,null,ACETIC-ACID,null,null,null,null,null,null,null,null,0,4,0,null,null,173031,0 0 0 0,1,1,2025-06-17 15:29:19,null,null,null,null,null,null,null,364789855,activity,null,HTS,null,10.608,-0.314,-3.579,2.455,null,null,null,null,null,null,null,null,null,null,null,null,null,null,null,null,null,null,null,null,null,278939252
TRND-Glioblastoma_LOPAC_H4-primary_screen2,NCGC00024885-09,activity,null,4,-10.447,4,-16.536,2.952,CCCCCCCC\C=C/CCCCCCCC(=O)NCC1=CC=C(O)C(OC)=C1,SML1587,Perlapine,SIGMA,2021_LOPAC_01,null,null,null,null,null,null,null,null,null,null,null,19.385,-11.036,0.402,0.886,null,null,null,null,null,null,5.5,null,null,8.938,-10.447,22.733,15.417,null,null,null,null,null,null,null,null,null,OPZKBPQVWDSATI,null,TRND,ClSqtUupgwjMlgQoBW,null,null,null,null,null,null,null,null,null,58493-49-5,null,null,null,0,4,0,null,null,173031,0 0 0 0,1,1,2025-06-17 15:29:19,null,null,null,null,null,null,null,364786803,activity,null,HTS,null,8.938,2.163,2.729,-10.447,null,null,null,null,null,null,null,null,null,null,null,null,null,null,null,null,null,null,null,null,null,278939254
TRND-Glioblastoma_LOPAC_H4-primary_screen2,NCGC00162296-12,activity,null,4,7.152,4,0,null,CC1OC1P([O-])([O-])=O,P5396,Phosphomycin disodium,SIGMA,2021_LOPAC_01,null,null,null,null,null,null,null,null,null,null,null,15.736,0,null,null,null,null,null,null,null,null,0,null,null,20.756,5.021,78.177,null,null,null,null,null,null,null,null,null,null,YMDXZJFXQJVXBF,null,TRND,ixkIXSAuXpsrHoXxmh,null,null,null,null,SODIUM,null,null,null,null,[NO STEREO] 33996-10-0,null,null,null,0,4,null,null,null,173031,null,1,1,2025-06-17 15:29:19,null,null,null,null,null,null,null,364790343,activity,null,HTS,null,20.756,5.021,19.029,7.152,null,null,null,null,null,null,null,null,null,null,null,null,null,null,null,null,null,null,null,null,null,278939256
TRND-Glioblastoma_LOPAC_H4-primary_screen2,NCGC00015740-14,activity,null,4,19.643,4,11,4.955,OC(=O)C1=C(NCCCC2=CC=CC=C2)C=CC(=C1)[N+]([O-])=O,N4779,5-Nitro-2-(3-phenylpropylamino)benzoic acid,SIGMA,2021_LOPAC_01,null,null,null,null,null,null,null,null,null,null,null,12.787,21,0.64,0.616,null,null,null,null,null,null,10,null,null,19.643,6.856,47.646,52.082,null,null,null,null,null,null,null,null,null,WBSMIPAMAXNXFS,null,TRND,yTMcDulXogJZWrDzFP,null,null,null,null,null,null,null,null,null,107254-86-4,null,null,null,0,4,0,null,null,173031,0 0 0 0,1,1,2025-06-17 15:29:19,null,null,null,null,null,null,null,364789023,activity,null,HTS,null,7.846,15.386,6.856,19.643,null,null,null,null,null,null,null,null,null,null,null,null,null,null,null,null,null,null,null,null,null,278939257
TRND-Glioblastoma_LOPAC_H4-primary_screen2,NCGC00025238-08,activity,null,4,2.427,4,0,null,FC1=CC(=CC=C1)\C=N\N=C\C2=CC=CC(F)=C2,D0943,DFB,SIGMA,2021_LOPAC_01,null,null,null,null,null,null,null,null,null,null,null,5.432,0,null,null,null,null,null,null,null,null,0,null,null,4.704,-0.728,7.937,null,null,null,null,null,null,null,null,null,null,YYMCVDNIIFNDJK,null,TRND,lMwvXxGXxHSWRACYlG,null,null,null,null,null,null,null,null,null,null,null,null,null,0,4,null,null,null,173031,null,1,1,2025-06-17 15:29:19,null,null,null,null,null,null,null,364788319,activity,null,HTS,null,1.398,-0.728,4.704,2.427,null,null,null,null,null,null,null,null,null,null,null,null,null,null,null,null,null,null,null,null,null,278939258
TRND-Glioblastoma_LOPAC_H4-primary_screen2,NCGC00186036-05,activity,null,4,5.735,4,9.109,3.132,[H][C@@]12CC[C@]3(O)C[C@]1(CC3=C)CC[C@]4([H])[C@@](C)(CCC[C@@]24C)C(O)=O,H8664,Steviol,SIGMA,2021_LOPAC_01,null,null,null,null,null,null,null,null,null,null,null,14.576,6,0.723,0.42,null,null,null,null,null,null,-3.109,null,null,5.735,-8.841,5.172,-7.517,null,null,null,null,null,null,null,null,null,QFVOYBUQQBFCRH,null,TRND,oPYgryHGOFUhMdbvwD,null,null,null,null,H2O,null,null,null,null,471-80-7,null,null,null,0,4,0,null,null,173031,0 0 0 0,1,1,2025-06-17 15:29:19,null,null,null,null,null,null,null,364787391,activity,null,HTS,null,2.964,-8.841,0.157,5.735,null,null,null,null,null,null,null,null,null,null,null,null,null,null,null,null,null,null,null,null,null,278939259
TRND-Glioblastoma_LOPAC_H4-primary_screen2,NCGC00093821-08,activity,null,4,1.995,4,0,null,CN1C(\C=C\C2=CC(Cl)=CC=C2)=NC3=C1C(=O)N(C)C(=O)N3C,C197,8-(3-Chlorostyryl)caffeine,SIGMA,2021_LOPAC_01,null,null,null,null,null,null,null,null,null,null,null,5.598,0,null,null,null,null,null,null,null,null,0,null,null,6.197,0.599,8.797,null,null,null,null,null,null,null,null,null,null,WBWFIUAVMCNYPG,null,TRND,WLlyYokJvjAwktgYtw,null,null,null,null,null,null,null,null,null,null,null,null,null,0,4,null,null,null,173031,null,1,1,2025-06-17 15:29:19,null,null,null,null,null,null,null,364789763,activity,null,HTS,null,0.599,2.51,6.197,1.995,null,null,null,null,null,null,null,null,null,null,null,null,null,null,null,null,null,null,null,null,null,278939260
TRND-Glioblastoma_LOPAC_H4-primary_screen2,NCGC00015598-18,activity,null,4,13.007,4,0,null,CC1(C)CCC2=C(O1)C3=C(C=CC=C3)C(=O)C2=O,L2037,beta-Lapachone,SIGMA,2021_LOPAC_01,null,null,null,null,null,null,null,null,null,null,null,9.971,0,null,null,null,null,null,null,null,null,0,null,null,18.187,8.216,49.979,null,null,null,null,null,null,null,null,null,null,QZPQTZZNNJUOLS,null,TRND,TKilSNrYNhjQWcgNUk,null,"Tryptophan 2,3-Dioxygenase inhibitor",null,null,null,null,null,null,null,4707-32-8,TDO2,null,null,0,4,null,null,null,173031,null,1,1,2025-06-17 15:29:19,null,null,null,null,null,null,null,364789983,activity,null,HTS,null,8.216,10.909,18.187,13.007,null,null,null,null,null,null,null,null,null,null,null,null,null,null,null,null,null,null,null,null,null,278939262
TRND-Glioblastoma_LOPAC_H4-primary_screen2,NCGC00015038-17,activity,null,4,-0.78,4,0,null,NC1=NC2=NC=C(CNC3=CC=C(C=C3)C(=O)NC(CCC(O)=O)C(O)=O)N=C2C(N)=N1,A1784,Aminopterin,SIGMA,2021_LOPAC_01,null,null,null,null,null,null,null,null,null,null,null,2.031,0,null,null,null,null,null,null,null,null,0,null,null,1.251,-0.78,3.651,null,null,null,null,null,null,null,null,null,null,TVZGACDUOSZQKY,null,TRND,SYLbFboUIATqolkDZO,null,Dihydrofolate Reductase inhibitor,null,null,null,null,null,null,null,[NO STEREO] 54-62-6,DHFR,null,null,0,4,null,null,null,173031,null,1,1,2025-06-17 15:29:19,null,null,null,null,null,null,null,364787219,activity,null,HTS,null,1.251,0.766,0.077,-0.78,null,null,null,null,null,null,null,null,null,null,null,null,null,null,null,null,null,null,null,null,null,278939263
TRND-Glioblastoma_LOPAC_H4-primary_screen2,NCGC00507721-03,activity,null,4,15.513,4,13.681,4.955,CC1=CC=C2C[C@H](CCC2=C1CCC(O)=O)N[S+]([O-])(=O)C3=CC=C(Cl)C=C3,SML1198,Terutroban,SIGMA,2021_LOPAC_01,null,null,null,null,null,null,null,null,null,null,null,15.664,15.5,0.521,0.784,null,null,null,null,null,null,1.819,null,null,15.513,-0.151,39.482,24.977,null,null,null,null,null,null,null,null,null,RRGSUSODBCEDOY,null,TRND,IfJWsoKlFfUJGgMTVv,null,null,null,null,null,null,null,null,null,[NO STEREO] 165538-40-9,null,null,null,0,4,0,null,null,173031,0 0 0 0,1,1,2025-06-17 15:29:19,null,null,null,null,null,null,null,364789095,activity,null,HTS,null,7.465,-0.151,15.324,15.513,null,null,null,null,null,null,null,null,null,null,null,null,null,null,null,null,null,null,null,null,null,278939264
TRND-Glioblastoma_LOPAC_H4-primary_screen2,NCGC00015006-10,activity,null,4,1.976,4,12.5,4.955,CN1CCC=C(C1)C(=O)OCC#C,A140,Arecaidine propargyl ester hydrobromide,SIGMA,2021_LOPAC_01,null,null,null,null,null,null,null,null,null,null,null,11.19,12,1,0.997,null,null,null,null,null,null,-0.5,null,null,12.18,0.99,25.405,25.887,null,null,null,null,null,null,null,null,null,SPHRJZBOFYIKMC,null,TRND,LlXtkLlyPnyjPIMclV,null,null,null,null,BR,null,null,null,null,null,null,null,null,0,4,1,null,null,173031,0 0 0 1,1,1,2025-06-17 15:29:19,null,null,null,null,null,null,null,364788535,activity,null,HTS,null,0.99,12.18,11.548,1.976,null,null,null,null,null,null,null,null,null,null,null,null,null,null,null,null,null,null,null,null,null,278939265
TRND-Glioblastoma_LOPAC_H4-primary_screen2,NCGC00018102-30,activity,null,4,8.238,4,0,null,FC1=CC=C(C=C1)C(N2CCN(C\C=C\C3=CC=CC=C3)CC2)C4=CC=C(F)C=C4,F8257,Flunarizine dihydrochloride,SIGMA,2021_LOPAC_01,null,null,null,null,null,null,null,null,null,null,null,6.329,0,null,null,null,null,null,null,null,null,0,null,null,8.238,1.909,19.34,null,null,null,null,null,null,null,null,null,null,SMANXXCATUTDDT,null,TRND,pJYbXHFDFvdOBPEdpX,null,null,null,null,CL,null,null,null,null,null,null,null,null,0,4,null,null,null,173031,null,1,1,2025-06-17 15:29:19,null,null,null,null,null,null,null,364788227,activity,null,HTS,null,4.152,1.909,3.079,8.238,null,null,null,null,null,null,null,null,null,null,null,null,null,null,null,null,null,null,null,null,null,278939266
TRND-Glioblastoma_LOPAC_H4-primary_screen2,NCGC00015611-38,activity,null,4,0.991,4,-11.144,2.253,CCN(CC)CC(=O)NC1=C(C)C=CC=C1C,L5647,Lidocaine hydrochloride,SIGMA,2021_LOPAC_01,null,null,null,null,null,null,null,null,null,null,null,13.361,-2.144,0.497,0.81,null,null,null,null,null,null,9,null,null,8.658,-4.703,24.755,25.256,null,null,null,null,null,null,null,null,null,NNJVILVZKWQKPM,null,TRND,dFitMNXsdDKIKUfDCJ,null,Free Fatty Acid Receptor 1 antagonist,null,null,CL,null,null,null,null,73-78-9,FFAR1,null,null,0,4,0,null,null,173031,0 0 0 0,1,1,2025-06-17 15:29:19,null,null,null,null,null,null,null,364786819,activity,null,HTS,null,8.658,5.002,-4.703,0.991,null,null,null,null,null,null,null,null,null,null,null,null,null,null,null,null,null,null,null,null,null,278939267
TRND-Glioblastoma_LOPAC_H4-primary_screen2,NCGC00015071-12,activity,null,4,4.245,4,0,null,NCCSC(N)=N,A5879,2-(2-Aminoethyl)isothiourea dihydrobromide,SIGMA,2021_LOPAC_01,null,null,null,null,null,null,null,null,null,null,null,5.194,0,null,null,null,null,null,null,null,null,0,null,null,5.52,0.326,20.267,null,null,null,null,null,null,null,null,null,null,NWPCXGGYSQHQGM,null,TRND,JFUjYtKubiWeTFyyeI,null,null,null,null,BR,null,null,null,null,null,null,null,null,0,4,null,null,null,173031,null,1,1,2025-06-17 15:29:19,null,null,null,null,null,null,null,364789839,activity,null,HTS,null,5.52,3.559,0.326,4.245,null,null,null,null,null,null,null,null,null,null,null,null,null,null,null,null,null,null,null,null,null,278939268
TRND-Glioblastoma_LOPAC_H4-primary_screen2,NCGC00015026-43,activity,null,4,3.845,4,0,null,CN1C2CCC1CC(C2)OC(=O)C(CO)C3=CC=CC=C3,A0257,Atropine sulfate,SIGMA,2021_LOPAC_01,null,null,null,null,null,null,null,null,null,null,null,6.207,0,null,null,null,null,null,null,null,null,0,null,null,4.057,-2.15,14.432,null,null,null,null,null,null,null,null,null,null,RKUNBYITZUJHSG,null,TRND,diNNPWhRvLyAqFvpex,null,null,null,null,SULFURIC_ACID,null,null,null,null,5908-99-6,null,null,null,0,4,null,null,null,173031,null,1,1,2025-06-17 15:29:19,null,null,null,null,null,null,null,364787827,activity,null,HTS,null,4.057,-2.15,3.795,3.845,null,null,null,null,null,null,null,null,null,null,null,null,null,null,null,null,null,null,null,null,null,278939779
TRND-Glioblastoma_LOPAC_H4-primary_screen2,NCGC00162369-06,activity,null,4,8.375,4,0,null,CN([C@@H]1CC[C@]2(CCCO2)C[C@H]1N3CCCC3)C(=O)CC4=CC=C(Cl)C(Cl)=C4,U105,U-62066,SIGMA,2021_LOPAC_01,null,null,null,null,null,null,null,null,null,null,null,3.895,0,null,null,null,null,null,null,null,null,0,null,null,10.09,6.195,42.582,null,null,null,null,null,null,null,null,null,null,NYKCGQQJNVPOLU,null,TRND,KmNsgBeGtIhbEDEBEg,null,null,null,null,SULFONICACID_V1,null,null,null,null,[NO STEREO] 87173-97-5,null,null,null,0,4,null,null,null,173031,null,1,1,2025-06-17 15:29:19,null,null,null,null,null,null,null,364787103,activity,null,HTS,null,9.655,6.195,10.09,8.375,null,null,null,null,null,null,null,null,null,null,null,null,null,null,null,null,null,null,null,null,null,278939781
TRND-Glioblastoma_LOPAC_H4-primary_screen2,NCGC00390662-05,activity,null,4,1.813,4,0,null,FC1=C(C=CN=C1)C(=O)NC2=CC=C(C=C2)N3N=C(C=C3C(F)(F)F)C(F)(F)F,SML1241,Pyr6,SIGMA,2021_LOPAC_01,null,null,null,null,null,null,null,null,null,null,null,5.48,0,null,null,null,null,null,null,null,null,0,null,null,3.337,-2.143,10.554,null,null,null,null,null,null,null,null,null,null,XZIQSOZOLJJMFN,null,TRND,DNWMVhRKSGDGrFOYWY,null,null,null,null,null,null,null,null,null,null,null,null,null,0,4,null,null,null,173031,null,1,1,2025-06-17 15:29:19,null,null,null,null,null,null,null,364787963,activity,null,HTS,null,3.158,-2.143,3.337,1.813,null,null,null,null,null,null,null,null,null,null,null,null,null,null,null,null,null,null,null,null,null,278939782
TRND-Glioblastoma_LOPAC_H4-primary_screen2,NCGC00015646-12,activity,null,4,1.015,4,0,null,CC1=CNN=C1,M1387,4-Methylpyrazole hydrochloride,SIGMA,2021_LOPAC_01,null,null,null,null,null,null,null,null,null,null,null,6.446,0,null,null,null,null,null,null,null,null,0,null,null,4.46,-1.985,4.882,null,null,null,null,null,null,null,null,null,null,RIKMMFOAQPJVMX,null,TRND,yiSKAUlrCbWpatNCKD,null,Alcohol Dehydrogenase inhibitor,null,null,CL,null,null,null,null,null,ADH1A,null,null,0,4,null,null,null,173031,null,1,1,2025-06-17 15:29:19,null,null,null,null,null,null,null,364785451,activity,null,HTS,null,0.943,-1.985,4.46,1.015,null,null,null,null,null,null,null,null,null,null,null,null,null,null,null,null,null,null,null,null,null,278939783
TRND-Glioblastoma_LOPAC_H4-primary_screen2,NCGC00162365-06,activity,null,4,8.639,4,0,null,O[C@H]1[C@@H](O)[C@@H](O[C@@H]1COP([O-])(=O)OP(O)([O-])=O)N2C=CC(=O)NC2=O,U4125,Uridine 5 -diphosphate sodium,SIGMA,2021_LOPAC_01,null,null,null,null,null,null,null,null,null,null,null,4.774,0,null,null,null,null,null,null,null,null,0,null,null,8.639,3.865,26.178,null,null,null,null,null,null,null,null,null,null,XCCTYIAWTASOJW,null,TRND,SWMoXMStajkdYFYvzl,null,null,null,null,SODIUM,null,null,null,null,null,null,null,null,0,4,null,null,null,173031,null,1,1,2025-06-17 15:29:19,null,null,null,null,null,null,null,364785807,activity,null,HTS,null,5.401,3.865,5.646,8.639,null,null,null,null,null,null,null,null,null,null,null,null,null,null,null,null,null,null,null,null,null,278939785
TRND-Glioblastoma_LOPAC_H4-primary_screen2,NCGC00480795-05,activity,null,4,9.554,4,-11.886,4.095,CCCCCCCCCCCCCCCC(=O)OCC(COP(O)(=O)OCCNC(=O)[C@H](C)NC(=O)CC[C@@H](NC(=O)[C@H](C)NC(=O)[C@@H](C)O[C@H]1C(O)[C@@H](CO)O[C@@H](O)[C@@H]1NC(C)=O)C(N)=O)OC(=O)CCCCCCCCCCCCCCC,SML0195,Mifamurtide,SIGMA,2021_LOPAC_01,null,null,null,null,null,null,null,null,null,null,null,11.488,-0.886,1,0.999,null,null,null,null,null,null,11,null,null,10.75,-0.738,29.297,29.346,null,null,null,null,null,null,null,null,null,JMUHBNWAORSSBD,null,TRND,mlGCQgMYeGAoCthoan,null,null,null,null,null,null,null,null,null,null,null,null,null,0,4,1,null,null,173031,0 0 0 1,1,1,2025-06-17 15:29:19,null,null,null,null,null,null,null,364789407,activity,null,HTS,null,10.75,0.528,-0.738,9.554,null,null,null,null,null,null,null,null,null,null,null,null,null,null,null,null,null,null,null,null,null,278939786
TRND-Glioblastoma_LOPAC_H4-primary_screen2,NCGC00015162-23,activity,null,4,5.451,4,0,null,O=C1CC2(CCCC2)CC(=O)N1CCCCN3CCN(CC3)C4=NC=CC=N4,B7148,Buspirone hydrochloride,SIGMA,2021_LOPAC_01,null,null,null,null,null,null,null,null,null,null,null,5.042,0,null,null,null,null,null,null,null,null,0,null,null,6.625,1.583,24.54,null,null,null,null,null,null,null,null,null,null,QWCRAEMEVRGPNT,null,TRND,wixmsjuKTvVSxuRwBE,null,null,null,null,CL,null,null,null,null,33386-08-2,null,null,null,0,4,null,null,null,173031,null,1,1,2025-06-17 15:29:19,null,null,null,null,null,null,null,364789439,activity,null,HTS,null,6.625,3.123,1.583,5.451,null,null,null,null,null,null,null,null,null,null,null,null,null,null,null,null,null,null,null,null,null,278939787
TRND-Glioblastoma_LOPAC_H4-primary_screen2,NCGC00094182-05,activity,null,4,4.194,4,-5,4.955,CC(=O)N[C@H](C(O)=O)C(C)(C)SN=O,N3398,S-Nitroso-N-acetylpenicillamine,SIGMA,2021_LOPAC_01,null,null,null,null,null,null,null,null,null,null,null,10.175,3,0.706,0.471,null,null,null,null,null,null,8,null,null,11.82,1.645,24.122,31.504,null,null,null,null,null,null,null,null,null,ZIIQCSMRQKCOCT,null,TRND,uHKmGiWzuSjqKNluId,null,null,null,null,null,null,null,null,null,null,null,null,null,0,4,0,null,null,173031,0 0 0 0,1,1,2025-06-17 15:29:19,null,null,null,null,null,null,null,364789007,activity,null,HTS,null,4.507,11.82,1.645,4.194,null,null,null,null,null,null,null,null,null,null,null,null,null,null,null,null,null,null,null,null,null,278939788
TRND-Glioblastoma_LOPAC_H4-primary_screen2,NCGC00182965-13,activity,null,4,-2.478,4,-11.973,4.955,OC(CCN1CCCCC1)(C2CC3CC2C=C3)C4=CC=CC=C4,B5311,Biperiden hydrochloride,SIGMA,2021_LOPAC_01,null,null,null,null,null,null,null,null,null,null,null,14.39,-2.473,0.362,0.91,null,null,null,null,null,null,9.5,null,null,11.912,-2.478,26.41,31.597,null,null,null,null,null,null,null,null,null,YSXKPIUOCJLQIE,null,TRND,EiKoYlxhiYtvCIWDNU,null,null,null,null,CL,null,null,null,null,1235-82-1,null,null,null,0,4,0,null,null,173031,0 0 0 0,1,1,2025-06-17 15:29:19,null,null,null,null,null,null,null,364788863,activity,null,HTS,null,7.04,11.912,-0.214,-2.478,null,null,null,null,null,null,null,null,null,null,null,null,null,null,null,null,null,null,null,null,null,278939789
TRND-Glioblastoma_LOPAC_H4-primary_screen2,NCGC00186006-12,activity,null,4,5.662,4,0,null,CC1=CC=CC(C)=C1NC(=O)CN2CCCC2=O,N2288,Nefiracetam,SIGMA,2021_LOPAC_01,null,null,null,null,null,null,null,null,null,null,null,1.94,0,null,null,null,null,null,null,null,null,0,null,null,7.534,5.594,32.177,null,null,null,null,null,null,null,null,null,null,NGHTXZCKLWZPGK,null,TRND,ycZZbRVeHLKFcMdxwx,null,Gamma-aminobutyric acid receptor subunit alpha-1 modulator,null,null,null,null,null,null,null,77191-36-7,GABRA1,null,null,0,4,null,null,null,173031,null,1,1,2025-06-17 15:29:19,null,null,null,null,null,null,null,364787919,activity,null,HTS,null,7.534,5.594,6.267,5.662,null,null,null,null,null,null,null,null,null,null,null,null,null,null,null,null,null,null,null,null,null,278939790
TRND-Glioblastoma_LOPAC_H4-primary_screen2,NCGC00015344-22,activity,null,4,-7.51,4,-15.012,2.638,CN(C)CC\C=C1/C2=C(COC3=C1C=CC=C3)C=CC=C2,D4526,Doxepin hydrochloride,SIGMA,2021_LOPAC_01,null,null,null,null,null,null,null,null,null,null,null,15.912,-6.012,0.196,0.976,null,null,null,null,null,null,9,null,null,8.402,-7.51,14.635,14.507,null,null,null,null,null,null,null,null,null,ODQWQRRAPPTVAG,null,TRND,XlfbnRBWXfrHTzLNXC,null,null,null,null,CL,null,null,null,null,4698-39-9,null,null,null,0,4,0,null,null,173031,0 0 0 0,1,1,2025-06-17 15:29:19,null,null,null,null,null,null,null,364786023,activity,null,HTS,null,8.402,-1.968,-4.802,-7.51,null,null,null,null,null,null,null,null,null,null,null,null,null,null,null,null,null,null,null,null,null,278939791
TRND-Glioblastoma_LOPAC_H4-primary_screen2,NCGC00024427-31,activity,null,4,2.247,4,0,null,OC1=CC=C2C[C@H]3N(CC4CC4)CC[C@@]56[C@@H](OC1=C25)C(=O)CC[C@@]36O,N3136,Naltrexone hydrochloride,SIGMA,2021_LOPAC_01,null,null,null,null,null,null,null,null,null,null,null,5.965,0,null,null,null,null,null,null,null,null,0,null,null,6.766,0.801,24.865,null,null,null,null,null,null,null,null,null,null,DQCKKXVULJGBQN,null,TRND,kZBTHMcLTrecgYrZzO,null,Mu-Type Opioid Receptor antagonist,null,null,CL,null,null,null,null,16676-29-2,OPRM1,null,null,0,4,null,null,null,173031,null,1,1,2025-06-17 15:29:19,null,null,null,null,null,null,null,364788367,activity,null,HTS,null,6.766,6.219,0.801,2.247,null,null,null,null,null,null,null,null,null,null,null,null,null,null,null,null,null,null,null,null,null,278939792
TRND-Glioblastoma_LOPAC_H4-primary_screen2,NCGC00015210-08,activity,null,4,17.519,4,16,4.955,CC(C)(CO)CC1=CC(=C(O)C(=C1)C(C)(C)C)C(C)(C)C,C0862,CGP-7930,SIGMA,2021_LOPAC_01,null,null,null,null,null,null,null,null,null,null,null,18.216,18,0.509,0.797,null,null,null,null,null,null,2,null,null,18.484,0.267,45.475,28.878,null,null,null,null,null,null,null,null,null,XLWJPQQFJNGUPA,null,TRND,DeXPorBvOxIirKFXSM,null,null,null,null,null,null,null,null,null,null,null,null,null,0,4,0,null,null,173031,0 0 0 0,1,1,2025-06-17 15:29:19,null,null,null,null,null,null,null,364785699,activity,null,HTS,null,8.343,0.267,18.484,17.519,null,null,null,null,null,null,null,null,null,null,null,null,null,null,null,null,null,null,null,null,null,278939793
TRND-Glioblastoma_LOPAC_H4-primary_screen2,NCGC00015102-06,activity,null,4,-1.03,4,0,null,C[N+](C)(CCC(=O)CC[N+](C)(C)C1=CC=C(CC=C)C=C1)C2=CC=C(CC=C)C=C2,A9013,BW 284c51,SIGMA,2021_LOPAC_01,null,null,null,null,null,null,null,null,null,null,null,2.731,0,null,null,null,null,null,null,null,null,0,null,null,1.701,-1.03,-0.281,null,null,null,null,null,null,null,null,null,null,ASEOEGXVKNFXKD,null,TRND,BlYktCijPHwJnWoKyd,null,null,null,null,BR,null,null,null,null,null,null,null,null,0,4,null,null,null,173031,null,1,1,2025-06-17 15:29:19,null,null,null,null,null,null,null,364787211,activity,null,HTS,null,-0.265,-0.278,1.701,-1.03,null,null,null,null,null,null,null,null,null,null,null,null,null,null,null,null,null,null,null,null,null,278939794
TRND-Glioblastoma_LOPAC_H4-primary_screen2,NCGC00015496-30,activity,null,4,5.049,4,0,null,C[N+](C)(C)CCCCCC[N+](C)(C)C,H0879,Hexamethonium bromide,SIGMA,2021_LOPAC_01,null,null,null,null,null,null,null,null,null,null,null,5.774,0,null,null,null,null,null,null,null,null,0,null,null,5.646,-0.127,19.785,null,null,null,null,null,null,null,null,null,null,VZJFGSRCJCXDSG,null,TRND,IEIKsBFlepEURKyTuy,null,null,null,null,BR,null,null,null,null,null,null,null,null,0,4,null,null,null,173031,null,1,1,2025-06-17 15:29:19,null,null,null,null,null,null,null,364789435,activity,null,HTS,null,5.646,-0.127,2.216,5.049,null,null,null,null,null,null,null,null,null,null,null,null,null,null,null,null,null,null,null,null,null,278939795
TRND-Glioblastoma_LOPAC_H4-primary_screen2,NCGC00690009-01,activity,19.952623,4,10.935,5,110.793,4.955,CO[C@H]1CC[C@@H](O[C@H]2C[C@@H](O[C@]3(O[C@H](C[C@@H]3C)[C@H]4O[C@@](O)(CO)[C@H](C)C[C@@H]4C)[C@@H]2C)[C@]5(C)CC[C@]6(C[C@H](O)[C@@H](C)[C@H](O6)[C@@H](C)\C=C(/C)C(=O)[C@H](C)C[C@H](C)C(O)=O)O5)O[C@@H]1C,SML2251,Nanchangmycin,SIGMA,2021_LOPAC_01,null,null,null,-4.7,null,null,null,null,null,null,null,106.395,19.151,0.087,0.995,null,null,null,null,null,null,-91.642,null,null,10.935,-95.46,-378.196,-376.307,null,null,null,null,null,null,null,null,null,FELYAZAWTURXNF,null,TRND,BzqShWRHivMNpioVKA,null,null,null,null,null,null,null,null,null,null,null,null,null,0,4,0,null,null,173031,0 0 0 0,1,1,2025-06-17 15:29:19,null,null,null,null,null,null,null,364790279,activity,null,HTS,null,-92.302,-87.343,-95.46,10.935,null,null,null,null,null,null,null,null,null,null,null,null,null,null,null,null,null,null,null,null,null,278938567
