Protocol Name,Sample ID,Sample Data Type,AC50 (uM),CC-v2,Efficacy,Max Resp,Structure,Metabolic Stability [m],Permeability [1e-6 cm/sec],Solubility [ug/ml],Drug Name,Assay Plate ID,Supplier ID,Supplier,Library,Log AC50 (M),Ligand Efficiency,Sample Name,Alias,CC-v1,LEC,BEI,SEI,Data Range,Inf Activity,Hill Coef,PValue,R2,AC50_2 (uM),Log AC50 2,Hill Coef 2,Fraction,Sample ID2,Tox21 ID,Zero Activity,User Flag,Max Read1,Max Data,Min Data,AUC,AUC Fit,Cmpd Plate ID,Comment,Log AC50-,Log AC50+,Inf Activity-,Inf Activity+,Custom 2,Custom 1,NCGC Unique ID,Mapping ID,Drug ID,Assay Name,Hash Key(24),MLSMR Compound Class,Primary MOA,Origin,Solvent,Salt Code,Purity,Purity Rating,MW,PubChem SID,CAS#,Gene Symbol,Gene ID,Tanimoto,Layer Index,Data Points,Mask No,Log Dye Conc,Report Flag,Assay Protocol ID,Mask Flags,Sample Replicate,Plate Replicate,Measure Time,Replicate IDs,Data Mode,Assay Outcome,Phenotype,Activity Score,Confirmation Flag,Control Flag,Conc ID,Experiment Set,Team,Scientist,IC50 (uM),Data0,Data1,Data2,Data3,Data4,Data5,Data6,Data7,Data8,Data9,Data10,Data11,Data12,Data13,Data14,Data15,Data16,Data17,Data18,Data19,Data20,Data21,Data22,Data23,Data24,Sample Data ID
TRND-Glioblastoma_LOPAC_T98G-primary_screen2,NCGC00017257-20,activity,null,4,-17.748,-0.802,[H][C@]2(CNC(=O)OCC1=CC=CC=C1)CN(C)[C@]3([H])CC4=CN(C)C5=C4C(=CC=C5)[C@@]3([H])C2,null,null,null,null,null,M3668,SIGMA,2021_LOPAC_01,null,null,Metergoline,null,4,null,null,null,20.577,-3.248,4.504,0.281,0.948,null,null,null,null,null,null,14.5,null,null,14.537,-6.04,42.897,43.778,null,null,null,null,null,null,null,null,null,WZHJKEUHNJHDLS,null,TRND,OWvQFEkrTAQmYlrmFj,null,null,null,null,null,null,null,null,null,17692-51-2,null,null,null,0,4,0,null,null,173032,0 0 0 0,1,1,2025-06-17 15:37:36,null,null,null,null,null,null,null,364790615,activity,null,HTS,null,14.537,10.304,-6.04,-0.802,null,null,null,null,null,null,null,null,null,null,null,null,null,null,null,null,null,null,null,null,null,278941046
TRND-Glioblastoma_LOPAC_T98G-primary_screen2,NCGC00015710-09,activity,null,4,-17.963,-18.72,OC1=CC=C2CC3N(CC4CC4)CC[C@@]56[C@@H](OC1=C25)C7=C(C[C@@]36O)C8=C(N7)C=CC=C8,null,null,null,null,null,N115,SIGMA,2021_LOPAC_01,null,null,Naltrindole hydrochloride,null,4,null,null,null,18.859,-19.963,4.955,0.326,0.929,null,null,null,null,null,null,-2,null,null,0.14,-18.72,-25.68,-18.204,null,null,null,null,null,null,null,null,null,WIYUZYBFCWCCQJ,null,TRND,hyURFjpLlZxULcoOgZ,null,null,null,null,CL,null,null,null,null,null,null,null,null,0,4,0,null,null,173032,0 0 0 0,1,1,2025-06-17 15:37:36,null,null,null,null,null,null,null,364794187,activity,null,HTS,null,-5.244,-1.98,0.14,-18.72,null,null,null,null,null,null,null,null,null,null,null,null,null,null,null,null,null,null,null,null,null,278941047
TRND-Glioblastoma_LOPAC_T98G-primary_screen2,NCGC00015346-06,activity,8.912509,-2.4,-24.169,-23.26,COC1=CC(=CC(OC)=C1OC)C(=O)OCCC[NH+]2CCC[NH+](CCCOC(=O)C3=CC(OC)=C(OC)C(OC)=C3)CC2,null,null,null,null,null,D5294,SIGMA,2021_LOPAC_01,-5.05,null,Dilazep hydrochloride,null,4,null,null,null,22.64,-24.911,2.048,0.019,1,null,null,null,null,null,null,-0.743,null,null,-0.619,-23.26,-21.502,-21.797,null,null,null,null,null,null,null,null,null,QVZCXCJXTMIDME,null,TRND,yxCPINBwHFSXDQyNvt,null,null,null,null,CL,null,null,null,null,null,null,null,null,0,4,0,null,null,173032,0 0 0 0,1,1,2025-06-17 15:37:36,null,null,null,null,null,null,null,364793059,activity,null,HTS,null,-0.619,-1.287,-9.52,-23.26,null,null,null,null,null,null,null,null,null,null,null,null,null,null,null,null,null,null,null,null,null,278941048
TRND-Glioblastoma_LOPAC_T98G-primary_screen2,NCGC00179356-12,activity,12.589254,-2.4,-83.717,-57.527,ClC1=CC(=C(C=C1)C(C[N]2C=CN=C2)OCC3=CSC4=C3C=CC=C4Cl)Cl,null,null,null,null,null,SML0888,SIGMA,2021_LOPAC_01,-4.9,null,Sertaconazole nitrate ,null,-2.2,null,null,null,73.7,-72.717,1.478,0.192,0.976,null,null,null,null,null,null,11,null,null,16.173,-57.527,8.36,-3.148,null,null,null,null,null,null,null,null,null,JLGKQTAYUIMGRK,null,TRND,aSpqUuctGLPmzPMGcO,null,null,null,null,null,null,null,null,null,99592-39-9,null,null,null,0,4,0,null,null,173032,0 0 0 0,1,1,2025-06-17 15:37:36,null,null,null,null,null,null,null,364790503,activity,null,HTS,21.468402,16.173,1.871,-10.854,-57.527,null,null,null,null,null,null,null,null,null,null,null,null,null,null,null,null,null,null,null,null,null,278941049
TRND-Glioblastoma_LOPAC_T98G-primary_screen2,NCGC00015407-10,activity,null,4,0,2.599,CCSC(N)=N,null,null,null,null,null,E3149,SIGMA,2021_LOPAC_01,null,null,S-Ethylisothiourea hydrobromide,null,4,null,null,null,8.843,0,null,null,null,null,null,null,null,null,null,0,null,null,8.777,-0.066,28.726,null,null,null,null,null,null,null,null,null,null,VFIZBHJTOHUOEK,null,TRND,PzcjrmICKcIPSZWUfU,null,null,null,null,BR,null,null,null,null,null,null,null,null,0,4,null,null,null,173032,null,1,1,2025-06-17 15:37:36,null,null,null,null,null,null,null,364791491,activity,null,HTS,null,8.777,4.363,-0.066,2.599,null,null,null,null,null,null,null,null,null,null,null,null,null,null,null,null,null,null,null,null,null,278941050
TRND-Glioblastoma_LOPAC_T98G-primary_screen2,NCGC00023673-22,activity,null,4,10,13.555,NC1=NC=NC2=C1N=CN2[C@@H]3O[C@H](CO)[C@@H](O)[C@H]3O,null,null,null,null,null,A9251,SIGMA,2021_LOPAC_01,null,null,Adenosine,null,4,null,null,null,11.008,15,3.572,0.459,0.845,null,null,null,null,null,null,5,null,null,13.555,2.547,32.219,28.162,null,null,null,null,null,null,null,null,null,OIRDTQYFTABQOQ,null,TRND,yJFfzQrbJBKQinKfcD,null,Adenosine Receptor A1 agonist,null,null,null,null,null,null,null,58-61-7,ADORA1,null,null,0,4,0,null,null,173032,0 0 0 0,1,1,2025-06-17 15:37:36,null,null,null,null,null,null,null,364792967,activity,null,HTS,null,7.099,2.547,5.167,13.555,null,null,null,null,null,null,null,null,null,null,null,null,null,null,null,null,null,null,null,null,null,278941051
TRND-Glioblastoma_LOPAC_T98G-primary_screen2,NCGC00015429-26,activity,null,4,0,2.671,NC(=O)OCC(COC(N)=O)C1=CC=CC=C1,null,null,null,null,null,F0778,SIGMA,2021_LOPAC_01,null,null,Felbamate,null,4,null,null,null,9.628,0,null,null,null,null,null,null,null,null,null,0,null,null,8.193,-1.435,5.316,null,null,null,null,null,null,null,null,null,null,WKGXYQFOCVYPAC,null,TRND,IikndUVKqcLjpgCODx,null,Gamma-aminobutyric acid receptor subunit alpha-1 modulator,null,null,null,null,null,null,null,25451-15-4,GABRA1,null,null,0,4,null,null,null,173032,null,1,1,2025-06-17 15:37:36,null,null,null,null,null,null,null,364793295,activity,null,HTS,null,-1.435,8.193,3.101,2.671,null,null,null,null,null,null,null,null,null,null,null,null,null,null,null,null,null,null,null,null,null,278941052
TRND-Glioblastoma_LOPAC_T98G-primary_screen2,NCGC00015493-12,activity,null,4,0,8.474,CCCN(CCC)C1CCC2=CC=CC(O)=C2C1,null,null,null,null,null,H8250,SIGMA,2021_LOPAC_01,null,null,(±)-8-Hydroxy-DPAT hydrobromide,null,4,null,null,null,4.138,0,null,null,null,null,null,null,null,null,null,0,null,null,8.474,4.336,28.181,null,null,null,null,null,null,null,null,null,null,ASXGJMSKWNBENU,null,TRND,wKGnadBRxcxgXPOIKg,null,null,null,null,BR,null,null,null,null,76135-31-4,null,null,null,0,4,null,null,null,173032,null,1,1,2025-06-17 15:37:36,null,null,null,null,null,null,null,364791419,activity,null,HTS,null,5.928,4.336,6.07,8.474,null,null,null,null,null,null,null,null,null,null,null,null,null,null,null,null,null,null,null,null,null,278941053
TRND-Glioblastoma_LOPAC_T98G-primary_screen2,NCGC00015893-19,activity,null,4,-24.166,9.128,CCCN(CCC)CCC1=CC=CC2=C1CC(=O)N2,null,null,null,null,null,R2530,SIGMA,2021_LOPAC_01,null,null,Ropinirole hydrochloride,null,4,null,null,null,21.395,-11.666,3.297,1,1,null,null,null,null,null,null,12.5,null,null,12.506,-8.888,31.892,30.364,null,null,null,null,null,null,null,null,null,UHSKFQJFRQCDBE,null,TRND,ytoLZvlUbmQIOIMXZn,null,null,null,null,CL,null,null,null,null,91374-20-8,null,null,null,0,4,1,null,null,173032,0 0 0 1,1,1,2025-06-17 15:37:36,null,null,null,null,null,null,null,364794535,activity,null,HTS,null,12.506,11.553,-8.888,9.128,null,null,null,null,null,null,null,null,null,null,null,null,null,null,null,null,null,null,null,null,null,278941054
TRND-Glioblastoma_LOPAC_T98G-primary_screen2,NCGC00015145-06,activity,null,4,-9.379,-6.149,CC(=O)NBr,null,null,null,null,null,B2377,SIGMA,2021_LOPAC_01,null,null,N-BRomoacetamide,null,4,null,null,null,10.12,-7.379,4.955,0.382,0.899,null,null,null,null,null,null,2,null,null,3.971,-6.149,3.324,5.056,null,null,null,null,null,null,null,null,null,VBTQNRFWXBXZQR,null,TRND,fNlKciSQvoUmVNhgCF,null,null,null,null,null,null,null,null,null,79-15-2,null,null,null,0,4,0,null,null,173032,0 0 0 0,1,1,2025-06-17 15:37:36,null,null,null,null,null,null,null,364792767,activity,null,HTS,null,1.102,1.03,3.971,-6.149,null,null,null,null,null,null,null,null,null,null,null,null,null,null,null,null,null,null,null,null,null,278941055
TRND-Glioblastoma_LOPAC_T98G-primary_screen2,NCGC00015340-28,activity,null,4,-23.606,-19.671,CNCCCN1C2=C(CCC3=C1C=CC=C3)C=CC=C2,null,null,null,null,null,D3900,SIGMA,2021_LOPAC_01,null,null,Desipramine hydrochloride,null,4,null,null,null,25.279,-20.106,3.132,0.213,0.971,null,null,null,null,null,null,3.5,null,null,5.607,-19.671,-4.815,0.663,null,null,null,null,null,null,null,null,null,HCYAFALTSJYZDH,null,TRND,jRktSCsMdOuiqhBAeR,null,null,null,null,CL,null,null,null,null,58-28-6,null,null,null,0,4,0,null,null,173032,0 0 0 0,1,1,2025-06-17 15:37:36,null,null,null,null,null,null,null,364792403,activity,null,HTS,null,1.048,5.607,-1.86,-19.671,null,null,null,null,null,null,null,null,null,null,null,null,null,null,null,null,null,null,null,null,null,278941056
TRND-Glioblastoma_LOPAC_T98G-primary_screen2,NCGC00014994-13,activity,null,4,-11.584,-10.487,NCCC1=CNC2=C1C=CC=C2,null,null,null,null,null,246557,SIGMA,2021_LOPAC_01,null,null,Tryptamine hydrochloride,null,4,null,null,null,12.805,-11.084,1.967,0.333,0.926,null,null,null,null,null,null,0.5,null,null,2.318,-10.487,-9.758,-7.033,null,null,null,null,null,null,null,null,null,APJYDQYYACXCRM,null,TRND,GiVspjiqgOlwYhvaYf,null,null,null,null,CL,null,null,null,null,343-94-2,null,null,null,0,4,0,null,null,173032,0 0 0 0,1,1,2025-06-17 15:37:36,null,null,null,null,null,null,null,364794363,activity,null,HTS,null,-0.949,2.318,-4.623,-10.487,null,null,null,null,null,null,null,null,null,null,null,null,null,null,null,null,null,null,null,null,null,278941057
TRND-Glioblastoma_LOPAC_T98G-primary_screen2,NCGC00015026-43,activity,null,4,9.967,3.291,CN1C2CCC1CC(C2)OC(=O)C(CO)C3=CC=CC=C3,null,null,null,null,null,A0257,SIGMA,2021_LOPAC_01,null,null,Atropine sulfate,null,4,null,null,null,10.347,3.5,2.406,0.152,0.986,null,null,null,null,null,null,-6.467,null,null,3.291,-7.056,-20.24,-20.801,null,null,null,null,null,null,null,null,null,RKUNBYITZUJHSG,null,TRND,diNNPWhRvLyAqFvpex,null,null,null,null,SULFURIC_ACID,null,null,null,null,5908-99-6,null,null,null,0,4,0,null,null,173032,0 0 0 0,1,1,2025-06-17 15:37:36,null,null,null,null,null,null,null,364792943,activity,null,HTS,null,-5.996,-7.056,-0.572,3.291,null,null,null,null,null,null,null,null,null,null,null,null,null,null,null,null,null,null,null,null,null,278941058
TRND-Glioblastoma_LOPAC_T98G-primary_screen2,NCGC00161408-09,activity,null,4,0,0.405,ClC1=CC=C2NC3=NC(=O)CN3CC2=C1Cl,null,null,null,null,null,SML0846,SIGMA,2021_LOPAC_01,null,null,Anagrelide hydrochloride,null,4,null,null,null,9.799,0,null,null,null,null,null,null,null,null,null,0,null,null,10.204,0.405,21.295,null,null,null,null,null,null,null,null,null,null,OTBXOEAOVRKTNQ,null,TRND,ocRYOSoOahDYQVSODU,null,Phosphodiesterase 3A inhibitor,null,null,CL,null,null,null,null,null,PDE3A,null,null,0,4,null,null,null,173032,null,1,1,2025-06-17 15:37:36,null,null,null,null,null,null,null,364795227,activity,null,HTS,null,3.753,10.204,5.058,0.405,null,null,null,null,null,null,null,null,null,null,null,null,null,null,null,null,null,null,null,null,null,278941059
TRND-Glioblastoma_LOPAC_T98G-primary_screen2,NCGC00162369-06,activity,null,4,-14.778,8.028,CN([C@@H]1CC[C@]2(CCCO2)C[C@H]1N3CCCC3)C(=O)CC4=CC=C(Cl)C(Cl)=C4,null,null,null,null,null,U105,SIGMA,2021_LOPAC_01,null,null,U-62066,null,4,null,null,null,13.009,-6.278,4.449,1,0.995,null,null,null,null,null,null,8.5,null,null,9.027,-3.982,24.083,23.279,null,null,null,null,null,null,null,null,null,NYKCGQQJNVPOLU,null,TRND,KmNsgBeGtIhbEDEBEg,null,null,null,null,SULFONICACID_V1,null,null,null,null,[NO STEREO] 87173-97-5,null,null,null,0,4,1,null,null,173032,0 0 0 1,1,1,2025-06-17 15:37:36,null,null,null,null,null,null,null,364792219,activity,null,HTS,null,8.162,9.027,-3.982,8.028,null,null,null,null,null,null,null,null,null,null,null,null,null,null,null,null,null,null,null,null,null,278941060
TRND-Glioblastoma_LOPAC_T98G-primary_screen2,NCGC00390662-05,activity,10,-2.4,-32.165,-38.09,FC1=C(C=CN=C1)C(=O)NC2=CC=C(C=C2)N3N=C(C=C3C(F)(F)F)C(F)(F)F,null,null,null,null,null,SML1241,SIGMA,2021_LOPAC_01,-5,null,Pyr6,null,-2.2,null,null,null,33.708,-38.422,3.512,0.117,0.992,null,null,null,null,null,null,-6.258,null,null,-4.382,-38.09,-53.381,-50.46,null,null,null,null,null,null,null,null,null,XZIQSOZOLJJMFN,null,TRND,DNWMVhRKSGDGrFOYWY,null,null,null,null,null,null,null,null,null,null,null,null,null,0,4,0,null,null,173032,0 0 0 0,1,1,2025-06-17 15:37:36,null,null,null,null,null,null,null,364793079,activity,null,HTS,null,-7.777,-4.382,-12.458,-38.09,null,null,null,null,null,null,null,null,null,null,null,null,null,null,null,null,null,null,null,null,null,278941061
TRND-Glioblastoma_LOPAC_T98G-primary_screen2,NCGC00015646-12,activity,null,4,0,12.069,CC1=CNN=C1,null,null,null,null,null,M1387,SIGMA,2021_LOPAC_01,null,null,4-Methylpyrazole hydrochloride,null,4,null,null,null,9.146,0,null,null,null,null,null,null,null,null,null,0,null,null,12.069,2.922,34.226,null,null,null,null,null,null,null,null,null,null,RIKMMFOAQPJVMX,null,TRND,yiSKAUlrCbWpatNCKD,null,Alcohol Dehydrogenase inhibitor,null,null,CL,null,null,null,null,null,ADH1A,null,null,0,4,null,null,null,173032,null,1,1,2025-06-17 15:37:36,null,null,null,null,null,null,null,364790567,activity,null,HTS,null,6.832,2.922,9.837,12.069,null,null,null,null,null,null,null,null,null,null,null,null,null,null,null,null,null,null,null,null,null,278941062
TRND-Glioblastoma_LOPAC_T98G-primary_screen2,NCGC00025170-17,activity,3.981072,-2.4,-81.529,-41.148,CN(C)C1=CC=C(C=C1)\C=C2/C(=O)NC3=CC=CC=C23,null,null,null,null,null,S8567,SIGMA,2021_LOPAC_01,-5.4,null,SU 4312,null,-2.2,null,null,null,63.031,-52.529,0.7,0.317,0.932,null,null,null,null,null,null,29,null,null,21.884,-41.148,27.563,19.995,null,null,null,null,null,null,null,null,null,UAKWLVYMKBWHMX,null,TRND,eyTizmdXdLRFegCJgU,null,null,null,null,null,null,null,null,null,null,null,null,null,0,4,0,null,null,173032,0 0 0 0,1,1,2025-06-17 15:37:36,null,null,null,null,null,null,null,364791011,activity,null,HTS,33.3,21.884,-4.581,-11.921,-41.148,null,null,null,null,null,null,null,null,null,null,null,null,null,null,null,null,null,null,null,null,null,278941063
TRND-Glioblastoma_LOPAC_T98G-primary_screen2,NCGC00162365-06,activity,null,4,0,8.091,O[C@H]1[C@@H](O)[C@@H](O[C@@H]1COP([O-])(=O)OP(O)([O-])=O)N2C=CC(=O)NC2=O,null,null,null,null,null,U4125,SIGMA,2021_LOPAC_01,null,null,Uridine 5 -diphosphate sodium,null,4,null,null,null,9.635,0,null,null,null,null,null,null,null,null,null,0,null,null,8.091,-1.543,8.281,null,null,null,null,null,null,null,null,null,null,XCCTYIAWTASOJW,null,TRND,SWMoXMStajkdYFYvzl,null,null,null,null,SODIUM,null,null,null,null,null,null,null,null,0,4,null,null,null,173032,null,1,1,2025-06-17 15:37:36,null,null,null,null,null,null,null,364790923,activity,null,HTS,null,1.713,-1.543,0.502,8.091,null,null,null,null,null,null,null,null,null,null,null,null,null,null,null,null,null,null,null,null,null,278941064
TRND-Glioblastoma_LOPAC_T98G-primary_screen2,NCGC00480795-05,activity,null,4,-16.015,-16.586,CCCCCCCCCCCCCCCC(=O)OCC(COP(O)(=O)OCCNC(=O)[C@H](C)NC(=O)CC[C@@H](NC(=O)[C@H](C)NC(=O)[C@@H](C)O[C@H]1C(O)[C@@H](CO)O[C@@H](O)[C@@H]1NC(C)=O)C(N)=O)OC(=O)CCCCCCCCCCCCCCC,null,null,null,null,null,SML0195,SIGMA,2021_LOPAC_01,null,null,Mifamurtide,null,4,null,null,null,15.429,-17.403,1.967,0.121,0.991,null,null,null,null,null,null,-1.388,null,null,-1.157,-16.586,-21.487,-19.494,null,null,null,null,null,null,null,null,null,JMUHBNWAORSSBD,null,TRND,mlGCQgMYeGAoCthoan,null,null,null,null,null,null,null,null,null,null,null,null,null,0,4,0,null,null,173032,0 0 0 0,1,1,2025-06-17 15:37:36,null,null,null,null,null,null,null,364794523,activity,null,HTS,null,-2.329,-1.157,-7.859,-16.586,null,null,null,null,null,null,null,null,null,null,null,null,null,null,null,null,null,null,null,null,null,278941065
TRND-Glioblastoma_LOPAC_T98G-primary_screen2,NCGC00015162-23,activity,null,4,0,5.872,O=C1CC2(CCCC2)CC(=O)N1CCCCN3CCN(CC3)C4=NC=CC=N4,null,null,null,null,null,B7148,SIGMA,2021_LOPAC_01,null,null,Buspirone hydrochloride,null,4,null,null,null,9.388,0,null,null,null,null,null,null,null,null,null,0,null,null,5.872,-3.516,6.401,null,null,null,null,null,null,null,null,null,null,QWCRAEMEVRGPNT,null,TRND,wixmsjuKTvVSxuRwBE,null,null,null,null,CL,null,null,null,null,33386-08-2,null,null,null,0,4,null,null,null,173032,null,1,1,2025-06-17 15:37:36,null,null,null,null,null,null,null,364794555,activity,null,HTS,null,1.673,1.617,-3.516,5.872,null,null,null,null,null,null,null,null,null,null,null,null,null,null,null,null,null,null,null,null,null,278941066
TRND-Glioblastoma_LOPAC_T98G-primary_screen2,NCGC00094182-05,activity,null,4,9,7.067,CC(=O)N[C@H](C(O)=O)C(C)(C)SN=O,null,null,null,null,null,N3398,SIGMA,2021_LOPAC_01,null,null,S-Nitroso-N-acetylpenicillamine,null,4,null,null,null,11.93,10.5,4.955,0.532,0.774,null,null,null,null,null,null,1.5,null,null,13.617,1.686,19.161,18.489,null,null,null,null,null,null,null,null,null,ZIIQCSMRQKCOCT,null,TRND,uHKmGiWzuSjqKNluId,null,null,null,null,null,null,null,null,null,null,null,null,null,0,4,0,null,null,173032,0 0 0 0,1,1,2025-06-17 15:37:36,null,null,null,null,null,null,null,364794123,activity,null,HTS,null,1.71,1.686,13.617,7.067,null,null,null,null,null,null,null,null,null,null,null,null,null,null,null,null,null,null,null,null,null,278941067
TRND-Glioblastoma_LOPAC_T98G-primary_screen2,NCGC00182965-13,activity,null,4,0,-0.66,OC(CCN1CCCCC1)(C2CC3CC2C=C3)C4=CC=CC=C4,null,null,null,null,null,B5311,SIGMA,2021_LOPAC_01,null,null,Biperiden hydrochloride,null,4,null,null,null,7.337,0,null,null,null,null,null,null,null,null,null,0,null,null,0.573,-6.764,-13.094,null,null,null,null,null,null,null,null,null,null,YSXKPIUOCJLQIE,null,TRND,EiKoYlxhiYtvCIWDNU,null,null,null,null,CL,null,null,null,null,1235-82-1,null,null,null,0,4,null,null,null,173032,null,1,1,2025-06-17 15:37:36,null,null,null,null,null,null,null,364793979,activity,null,HTS,null,-3.034,-6.764,0.573,-0.66,null,null,null,null,null,null,null,null,null,null,null,null,null,null,null,null,null,null,null,null,null,278941068
TRND-Glioblastoma_LOPAC_T98G-primary_screen2,NCGC00186006-12,activity,null,4,0,1.939,CC1=CC=CC(C)=C1NC(=O)CN2CCCC2=O,null,null,null,null,null,N2288,SIGMA,2021_LOPAC_01,null,null,Nefiracetam,null,4,null,null,null,6.544,0,null,null,null,null,null,null,null,null,null,0,null,null,3.105,-3.439,-8.174,null,null,null,null,null,null,null,null,null,null,NGHTXZCKLWZPGK,null,TRND,ycZZbRVeHLKFcMdxwx,null,Gamma-aminobutyric acid receptor subunit alpha-1 modulator,null,null,null,null,null,null,null,77191-36-7,GABRA1,null,null,0,4,null,null,null,173032,null,1,1,2025-06-17 15:37:36,null,null,null,null,null,null,null,364793035,activity,null,HTS,null,-3.228,3.105,-3.439,1.939,null,null,null,null,null,null,null,null,null,null,null,null,null,null,null,null,null,null,null,null,null,278941069
TRND-Glioblastoma_LOPAC_T98G-primary_screen2,NCGC00015344-22,activity,null,4,-13.292,-2.743,CN(C)CC\C=C1/C2=C(COC3=C1C=CC=C3)C=CC=C2,null,null,null,null,null,D4526,SIGMA,2021_LOPAC_01,null,null,Doxepin hydrochloride,null,4,null,null,null,16.727,0.708,4.504,0.466,0.837,null,null,null,null,null,null,14,null,null,13.984,-2.743,41.704,40.776,null,null,null,null,null,null,null,null,null,ODQWQRRAPPTVAG,null,TRND,XlfbnRBWXfrHTzLNXC,null,null,null,null,CL,null,null,null,null,4698-39-9,null,null,null,0,4,0,null,null,173032,0 0 0 0,1,1,2025-06-17 15:37:36,null,null,null,null,null,null,null,364791139,activity,null,HTS,null,13.984,1.964,4.24,-2.743,null,null,null,null,null,null,null,null,null,null,null,null,null,null,null,null,null,null,null,null,null,278941070
TRND-Glioblastoma_LOPAC_T98G-primary_screen2,NCGC00024427-31,activity,null,4,0,1.122,OC1=CC=C2C[C@H]3N(CC4CC4)CC[C@@]56[C@@H](OC1=C25)C(=O)CC[C@@]36O,null,null,null,null,null,N3136,SIGMA,2021_LOPAC_01,null,null,Naltrexone hydrochloride,null,4,null,null,null,5.931,0,null,null,null,null,null,null,null,null,null,0,null,null,5.235,-0.696,15.417,null,null,null,null,null,null,null,null,null,null,DQCKKXVULJGBQN,null,TRND,kZBTHMcLTrecgYrZzO,null,Mu-Type Opioid Receptor antagonist,null,null,CL,null,null,null,null,16676-29-2,OPRM1,null,null,0,4,null,null,null,173032,null,1,1,2025-06-17 15:37:36,null,null,null,null,null,null,null,364793483,activity,null,HTS,null,5.235,1.126,-0.696,1.122,null,null,null,null,null,null,null,null,null,null,null,null,null,null,null,null,null,null,null,null,null,278941071
TRND-Glioblastoma_LOPAC_T98G-primary_screen2,NCGC00015210-08,activity,null,4,-10.877,-1.564,CC(C)(CO)CC1=CC(=C(O)C(=C1)C(C)(C)C)C(C)(C)C,null,null,null,null,null,C0862,SIGMA,2021_LOPAC_01,null,null,CGP-7930,null,4,null,null,null,10.113,-1.877,1.885,0.08,0.996,null,null,null,null,null,null,9,null,null,8.549,-1.564,30.522,31.789,null,null,null,null,null,null,null,null,null,XLWJPQQFJNGUPA,null,TRND,DeXPorBvOxIirKFXSM,null,null,null,null,null,null,null,null,null,null,null,null,null,0,4,0,null,null,173032,0 0 0 0,1,1,2025-06-17 15:37:36,null,null,null,null,null,null,null,364790815,activity,null,HTS,null,8.489,8.549,2.592,-1.564,null,null,null,null,null,null,null,null,null,null,null,null,null,null,null,null,null,null,null,null,null,278941072
TRND-Glioblastoma_LOPAC_T98G-primary_screen2,NCGC00015102-06,activity,null,4,0,-1.156,C[N+](C)(CCC(=O)CC[N+](C)(C)C1=CC=C(CC=C)C=C1)C2=CC=C(CC=C)C=C2,null,null,null,null,null,A9013,SIGMA,2021_LOPAC_01,null,null,BW 284c51,null,4,null,null,null,5.802,0,null,null,null,null,null,null,null,null,null,0,null,null,4.645,-1.156,14.004,null,null,null,null,null,null,null,null,null,null,ASEOEGXVKNFXKD,null,TRND,BlYktCijPHwJnWoKyd,null,null,null,null,BR,null,null,null,null,null,null,null,null,0,4,null,null,null,173032,null,1,1,2025-06-17 15:37:36,null,null,null,null,null,null,null,364792327,activity,null,HTS,null,4.645,0.686,1.774,-1.156,null,null,null,null,null,null,null,null,null,null,null,null,null,null,null,null,null,null,null,null,null,278941073
TRND-Glioblastoma_LOPAC_T98G-primary_screen2,NCGC00015496-30,activity,null,4,12.872,7.25,C[N+](C)(C)CCCCCC[N+](C)(C)C,null,null,null,null,null,H0879,SIGMA,2021_LOPAC_01,null,null,Hexamethonium bromide,null,4,null,null,null,10.06,10,1.111,0.116,0.992,null,null,null,null,null,null,-2.872,null,null,7.25,-2.81,-3.679,-3.726,null,null,null,null,null,null,null,null,null,VZJFGSRCJCXDSG,null,TRND,IEIKsBFlepEURKyTuy,null,null,null,null,BR,null,null,null,null,null,null,null,null,0,4,0,null,null,173032,0 0 0 0,1,1,2025-06-17 15:37:36,null,null,null,null,null,null,null,364794551,activity,null,HTS,null,-2.81,-1.14,1.579,7.25,null,null,null,null,null,null,null,null,null,null,null,null,null,null,null,null,null,null,null,null,null,278941074
TRND-Glioblastoma_LOPAC_T98G-primary_screen2,NCGC00015605-28,activity,null,4,-12.56,4.466,NC1=NC(N)=C(N=N1)C2=CC=CC(Cl)=C2Cl,null,null,null,null,null,SML1082,SIGMA,2021_LOPAC_01,null,null,Lamotrigine isethionate,null,4,null,null,null,11.352,-6.06,2.902,1,1,null,null,null,null,null,null,6.5,null,null,6.302,-5.05,14.975,14.899,null,null,null,null,null,null,null,null,null,PYZRQGJRPPTADH,null,TRND,HdCoNVkyEfHdfvUegb,null,Sodium channel protein type 1 subunit alpha Blocker,null,null,ISETHIONATE,null,null,null,null,84057-84-1,SCN1A,null,null,0,4,1,null,null,173032,0 0 0 1,1,1,2025-06-17 15:37:36,null,null,null,null,null,null,null,364790887,activity,null,HTS,null,6.302,5.256,-5.05,4.466,null,null,null,null,null,null,null,null,null,null,null,null,null,null,null,null,null,null,null,null,null,278940093
TRND-Glioblastoma_LOPAC_T98G-primary_screen2,NCGC00024665-21,activity,12.589254,-3,-101.93,-93.069,CSC1=CC2=C(SC3=C(CC2N4CCN(C)CC4)C=CC=C3)C=C1,null,null,null,null,null,M149,SIGMA,2021_LOPAC_01,-4.9,null,Methiothepin mesylate,null,-3,null,null,null,104.827,-94.93,4.095,0.102,0.994,null,null,null,null,null,null,7,null,null,11.758,-93.069,-14.403,-24.64,null,null,null,null,null,null,null,null,null,RLJFTICUTYVZDG,null,TRND,HwRJyrVcQeMQpuUzdv,null,null,null,null,SULFONICACID_V1,null,null,null,null,null,null,null,null,0,4,0,null,null,173032,0 0 0 0,1,1,2025-06-17 15:37:36,null,null,null,null,null,null,null,364790895,activity,null,HTS,12.92226,11.758,2.091,0.616,-93.069,null,null,null,null,null,null,null,null,null,null,null,null,null,null,null,null,null,null,null,null,null,278940094
TRND-Glioblastoma_LOPAC_T98G-primary_screen2,NCGC00015718-28,activity,null,4,-33.376,-30.314,COC1=C(C=CC=C1)N2CCN(CC(O)COC3=C4C=CC=CC4=CC=C3)CC2,null,null,null,null,null,N158,SIGMA,2021_LOPAC_01,null,null,Naftopidil dihydrochloride,null,-1.4,null,null,null,32.59,-29.376,2.094,0.098,0.994,null,null,null,null,null,null,4,null,null,2.277,-30.314,-41.035,-42.179,null,null,null,null,null,null,null,null,null,HRRBJVNMSRJFHQ,null,TRND,RTODPbQDUeBKrJMXfy,null,Alpha-1D Adrenergic Receptor antagonist,null,null,CL,null,null,null,null,null,ADRA1D,null,null,0,4,0,null,null,173032,0 0 0 0,1,1,2025-06-17 15:37:36,null,null,null,null,null,null,null,364794851,activity,null,HTS,null,2.277,-17.85,-27.091,-30.314,null,null,null,null,null,null,null,null,null,null,null,null,null,null,null,null,null,null,null,null,null,278940095
TRND-Glioblastoma_LOPAC_T98G-primary_screen2,NCGC00037468-04,activity,null,4,19,9.559,NC1=NC(=CC2=C(C#N)C(=NC(N)=C12)N3CCCC3)N4CCCC4,null,null,null,null,null,SML1518,SIGMA,2021_LOPAC_01,null,null,SID 3712249 ,null,4,null,null,null,12.422,21,1,1,0.997,null,null,null,null,null,null,2,null,null,16.961,4.539,39.967,40.582,null,null,null,null,null,null,null,null,null,SSWVPYMSHHEYAB,null,TRND,NsaCRyMFNXbSRHfAyj,null,null,null,null,null,null,null,null,null,null,null,null,null,0,4,1,null,null,173032,0 0 0 1,1,1,2025-06-17 15:37:36,null,null,null,null,null,null,null,364792235,activity,null,HTS,null,4.539,9.435,16.961,9.559,null,null,null,null,null,null,null,null,null,null,null,null,null,null,null,null,null,null,null,null,null,278940096
TRND-Glioblastoma_LOPAC_T98G-primary_screen2,NCGC00015964-27,activity,22.387211,-3,-74.439,-67.929,FC1=CC=C(C=C1)C(=O)CCCN2CCC3(CC2)N(CNC3=O)C4=CC=CC=C4,null,null,null,null,null,S7395,SIGMA,2021_LOPAC_01,-4.65,null,Spiperone hydrochloride,null,-3,null,null,null,76.075,-76.939,4.955,0.322,0.93,null,null,null,null,null,null,-2.5,null,null,8.146,-67.929,-24.498,-46.207,null,null,null,null,null,null,null,null,null,DKGZKTPJOSAWFA,null,TRND,gMpQTMKTtrnVsWngiy,null,null,null,null,null,null,null,null,null,null,null,null,null,0,4,0,null,null,173032,0 0 0 0,1,1,2025-06-17 15:37:36,null,null,null,null,null,null,null,364791947,activity,null,HTS,25.363422,8.146,-13.725,-2.58,-67.929,null,null,null,null,null,null,null,null,null,null,null,null,null,null,null,null,null,null,null,null,null,278940097
TRND-Glioblastoma_LOPAC_T98G-primary_screen2,NCGC00487318-03,activity,10,-2.1,-96.493,-81.661,[O-][N+](=O)C1=CC=C(O1)C(=O)NCC2=CC=CN=C2,null,null,null,null,null,SML0988,SIGMA,2021_LOPAC_01,-5,null,CCCI-01,null,-2.1,null,null,null,88.504,-89.493,1.989,0.013,1,null,null,null,null,null,null,7,null,null,6.842,-81.661,-35.886,-35.823,null,null,null,null,null,null,null,null,null,OBZHOVWNZIVCCZ,null,TRND,zrgzcdExRcGFhQPTfa,null,null,null,null,null,null,null,null,null,null,null,null,null,0,4,0,null,null,173032,0 0 0 0,1,1,2025-06-17 15:37:36,null,null,null,null,null,null,null,364794731,activity,null,HTS,11.259329,6.842,5.082,-22.164,-81.661,null,null,null,null,null,null,null,null,null,null,null,null,null,null,null,null,null,null,null,null,null,278940098
TRND-Glioblastoma_LOPAC_T98G-primary_screen2,NCGC00015523-22,activity,null,4,0,1.201,OC1=CC=C(O)C=C1,null,null,null,null,null,H9003,SIGMA,2021_LOPAC_01,null,null,Hydroquinone,null,4,null,null,null,6.721,0,null,null,null,null,null,null,null,null,null,0,null,null,7.922,1.201,25.874,null,null,null,null,null,null,null,null,null,null,QIGBRXMKCJKVMJ,null,TRND,RpYLaSAUsLDTstUVsq,null,null,null,null,null,null,null,null,null,123-31-9,null,null,null,0,4,null,null,null,173032,null,1,1,2025-06-17 15:37:36,null,null,null,null,null,null,null,364791435,activity,null,HTS,null,6.14,3.81,7.922,1.201,null,null,null,null,null,null,null,null,null,null,null,null,null,null,null,null,null,null,null,null,null,278940099
TRND-Glioblastoma_LOPAC_T98G-primary_screen2,NCGC00094396-08,activity,null,4,-21,14.725,OC(=O)CCCC[C@@H]1CCSS1,null,null,null,null,null,T5625,SIGMA,2021_LOPAC_01,null,null,(±)-alpha-Lipoic Acid,null,4,null,null,null,19.553,1.5,2.121,1,1,null,null,null,null,null,null,22.5,null,null,21.411,1.857,67.817,67.437,null,null,null,null,null,null,null,null,null,AGBQKNBQESQNJD,null,TRND,ixaXUGOUVNVdKtSUJq,null,null,null,null,null,null,null,null,null,1077-28-7,null,null,null,0,4,1,null,null,173032,0 0 0 1,1,1,2025-06-17 15:37:36,null,null,null,null,null,null,null,364790979,activity,null,HTS,null,21.411,8.763,1.857,14.725,null,null,null,null,null,null,null,null,null,null,null,null,null,null,null,null,null,null,null,null,null,278940100
TRND-Glioblastoma_LOPAC_T98G-primary_screen2,NCGC00015870-53,activity,19.952623,-3,-59.765,-49.319,OC1=CC2=C(C(O)=C1)C(=O)C(O)=C(O2)C3=CC(O)=C(O)C=C3,null,null,null,null,null,Q0125,SIGMA,2021_LOPAC_01,-4.7,null,Quercetin dihydrate,null,-3,null,null,null,57.329,-53.265,4.955,0.1,0.994,null,null,null,null,null,null,6.5,null,null,8.01,-49.319,2.893,1.244,null,null,null,null,null,null,null,null,null,REFJWTPEDVJJIY,null,TRND,fsuiXTIeEXUIvlYaGP,null,Catechol-O-Methyltransferase inhibitor,null,null,null,null,null,null,null,117-39-5,COMT,null,null,0,4,0,null,null,173032,0 0 0 0,1,1,2025-06-17 15:37:36,null,null,null,null,null,null,null,364792579,activity,null,HTS,33.3,7.529,3.327,8.01,-49.319,null,null,null,null,null,null,null,null,null,null,null,null,null,null,null,null,null,null,null,null,null,278940101
TRND-Glioblastoma_LOPAC_T98G-primary_screen2,NCGC00015094-24,activity,null,4,-7,2.697,OC1=C2C=NNC2=NC=N1,null,null,null,null,null,A8003,SIGMA,2021_LOPAC_01,null,null,Allopurinol,null,4,null,null,null,11.621,2.5,4.955,0.695,0.497,null,null,null,null,null,null,9.5,null,null,14.318,2.697,26.899,36.644,null,null,null,null,null,null,null,null,null,OFCNXPDARWKPPY,null,TRND,HbdCqMQNAvrGQrmCZE,null,Xanthine Dehydrogenase/Oxidase inhibitor,null,null,null,null,null,null,null,315-30-0,XDH,null,null,0,4,0,null,null,173032,0 0 0 0,1,1,2025-06-17 15:37:36,null,null,null,null,null,null,null,364791671,activity,null,HTS,null,4.795,14.318,3.1,2.697,null,null,null,null,null,null,null,null,null,null,null,null,null,null,null,null,null,null,null,null,null,278940102
TRND-Glioblastoma_LOPAC_T98G-primary_screen2,NCGC00024027-17,activity,null,4,0,-4.319,CC[C@@H](CO)NC(=O)[C@H]1CN(C)[C@@H]2CC3=CN(C)C4=CC=CC(=C34)C2=C1,null,null,null,null,null,M137,SIGMA,2021_LOPAC_01,null,null,Methysergide maleate,null,4,null,null,null,3.533,0,null,null,null,null,null,null,null,null,null,0,null,null,-0.786,-4.319,-8.245,null,null,null,null,null,null,null,null,null,null,KPJZHOPZRAFDTN,null,TRND,SXHykFFOljPSQWpLnE,null,null,null,null,MALEATE,null,null,null,null,129-49-7,null,null,null,0,4,null,null,null,173032,null,1,1,2025-06-17 15:37:36,null,null,null,null,null,null,null,364794715,activity,null,HTS,null,-0.98,-3.87,-0.786,-4.319,null,null,null,null,null,null,null,null,null,null,null,null,null,null,null,null,null,null,null,null,null,278940103
TRND-Glioblastoma_LOPAC_T98G-primary_screen2,NCGC00015806-18,activity,null,4,-11,7.488,CC1=CN(C(=O)C=C1)C2=CC=CC=C2,null,null,null,null,null,P2116,SIGMA,2021_LOPAC_01,null,null,Pirfenidone,null,4,null,null,null,10.235,7.5,1.885,0.027,1,null,null,null,null,null,null,18.5,null,null,17.723,7.488,66.772,66.482,null,null,null,null,null,null,null,null,null,ISWRGOKTTBVCFA,null,TRND,rWsArMVLayGUPaFdZq,null,TGF-beta receptor type-1 inhibitor,null,null,null,null,null,null,null,53179-13-8,TGFBR1,null,null,0,4,0,null,null,173032,0 0 0 0,1,1,2025-06-17 15:37:36,null,null,null,null,null,null,null,364792231,activity,null,HTS,null,17.723,11.714,7.816,7.488,null,null,null,null,null,null,null,null,null,null,null,null,null,null,null,null,null,null,null,null,null,278940104
TRND-Glioblastoma_LOPAC_T98G-primary_screen2,NCGC00015279-21,activity,null,4,0,1.98,CN(C)CCOC(=O)COC1=CC=C(Cl)C=C1,null,null,null,null,null,C8773,SIGMA,2021_LOPAC_01,null,null,Centrophenoxine hydrochloride,null,4,null,null,null,7.419,0,null,null,null,null,null,null,null,null,null,0,null,null,9.399,1.98,23.714,null,null,null,null,null,null,null,null,null,null,XZTYGFHCIAKPGJ,null,TRND,sygQvGrjrNrwdxQaMX,null,null,null,null,CL,null,null,null,null,3685-84-5,null,null,null,0,4,null,null,null,173032,null,1,1,2025-06-17 15:37:36,null,null,null,null,null,null,null,364790839,activity,null,HTS,null,3.836,9.399,7.809,1.98,null,null,null,null,null,null,null,null,null,null,null,null,null,null,null,null,null,null,null,null,null,278940105
TRND-Glioblastoma_LOPAC_T98G-primary_screen2,NCGC00015017-07,activity,null,4,0,0.266,NC1=CC=C(CCNC2=NC=NC3=C2N=CN3C4OC(CO)C(O)C4O)C=C1,null,null,null,null,null,A202,SIGMA,2021_LOPAC_01,null,null,N6-2-(4-Aminophenyl)ethyladenosine,null,4,null,null,null,7.884,0,null,null,null,null,null,null,null,null,null,0,null,null,3.026,-4.858,-10.414,null,null,null,null,null,null,null,null,null,null,XTPOZVLRZZIEBW,null,TRND,xelMAYyJADFrPtiXMG,null,null,null,null,null,null,null,null,null,null,null,null,null,0,4,null,null,null,173032,null,1,1,2025-06-17 15:37:36,null,null,null,null,null,null,null,364792407,activity,null,HTS,null,-3.342,-4.858,3.026,0.266,null,null,null,null,null,null,null,null,null,null,null,null,null,null,null,null,null,null,null,null,null,278940106
TRND-Glioblastoma_LOPAC_T98G-primary_screen2,NCGC00015097-14,activity,null,4,-8.131,-4.693,NCCC1=CC=C(C=C1)[S+]([O-])(F)=O,null,null,null,null,null,A8456,SIGMA,2021_LOPAC_01,null,null,4-(2-Aminoethyl)benzenesulfonyl fluoride hydrochloride,null,4,null,null,null,10.857,-5.131,2.72,0.592,0.697,null,null,null,null,null,null,3,null,null,6.164,-4.693,2.734,8.127,null,null,null,null,null,null,null,null,null,MGSKVZWGBWPBTF,null,TRND,dhZShEAoKTUHaorYeC,null,null,null,null,CL,null,null,null,null,null,null,null,null,0,4,0,null,null,173032,0 0 0 0,1,1,2025-06-17 15:37:36,null,null,null,null,null,null,null,364793587,activity,null,HTS,null,0.199,6.164,0.488,-4.693,null,null,null,null,null,null,null,null,null,null,null,null,null,null,null,null,null,null,null,null,null,278940107
TRND-Glioblastoma_LOPAC_T98G-primary_screen2,NCGC00013724-24,activity,null,4,0,-4.137,[H][C@](CO)(C(=O)OC1CC2C3OC3C(C1)[N+]2(C)C)C4=CC=CC=C4,null,null,null,null,null,S8502,SIGMA,2021_LOPAC_01,null,null,(-)-Scopolamine methyl bromide,null,4,null,null,null,8.193,0,null,null,null,null,null,null,null,null,null,0,null,null,4.055,-4.137,6.88,null,null,null,null,null,null,null,null,null,null,LZCOQTDXKCNBEE,null,TRND,GaNnplnWSKdBTtaEIp,null,null,null,null,BR,null,null,null,null,[NO STEREO] 6106-46-3,null,null,null,0,4,null,null,null,173032,null,1,1,2025-06-17 15:37:36,null,null,null,null,null,null,null,364795159,activity,null,HTS,null,2.588,4.055,-1.375,-4.137,null,null,null,null,null,null,null,null,null,null,null,null,null,null,null,null,null,null,null,null,null,278940108
TRND-Glioblastoma_LOPAC_T98G-primary_screen2,NCGC00015658-12,activity,null,4,13.069,11.263,COCC1=NC2=C(N1)N(CC(C)C)C(=O)N(C)C2=O,null,null,null,null,null,M2547,SIGMA,2021_LOPAC_01,null,null,8-Methoxymethyl-3-isobutyl-1-methylxanthine,null,4,null,null,null,14.238,13,4.955,0.44,0.859,null,null,null,null,null,null,-0.069,null,null,11.263,-2.974,7.029,5.725,null,null,null,null,null,null,null,null,null,NBLBCGUCPBXKOV,null,TRND,acaWrjJmnzsygxLozB,null,null,null,null,null,null,null,null,null,null,null,null,null,0,4,0,null,null,173032,0 0 0 0,1,1,2025-06-17 15:37:36,null,null,null,null,null,null,null,364793139,activity,null,HTS,null,0.513,2.522,-2.974,11.263,null,null,null,null,null,null,null,null,null,null,null,null,null,null,null,null,null,null,null,null,null,278940109
TRND-Glioblastoma_LOPAC_T98G-primary_screen2,NCGC00015603-20,activity,null,4,10,-0.076,CCN1C=C(C(O)=O)C(=O)C2=C1C(F)=C(N3CCNC(C)C3)C(F)=C2,null,null,null,null,null,L2906,SIGMA,2021_LOPAC_01,null,null,Lomefloxacin hydrochloride,null,4,null,null,null,11.019,8,4.955,1,0.735,null,null,null,null,null,null,-2,null,null,10.944,-0.076,14.473,15.281,null,null,null,null,null,null,null,null,null,ZEKZLJVOYLTDKK,null,TRND,ZQshBMWyJibOAjDfXS,null,null,null,null,CL,null,null,null,null,98079-52-8,null,null,null,0,4,1,null,null,173032,0 0 0 1,1,1,2025-06-17 15:37:36,null,null,null,null,null,null,null,364792559,activity,null,HTS,null,0.102,10.944,5.341,-0.076,null,null,null,null,null,null,null,null,null,null,null,null,null,null,null,null,null,null,null,null,null,278940110
TRND-Glioblastoma_LOPAC_T98G-primary_screen2,NCGC00095192-16,activity,19.952623,-3,-103.311,-96.121,CCCCCNC(=N)N\N=C\C1=CNC2=C1C=C(OC)C=C2,null,null,null,null,null,SML1504,SIGMA,2021_LOPAC_01,-4.7,null,Tegaserod maleate,null,-3,null,null,null,96.951,-103.811,4.955,0.062,0.998,null,null,null,null,null,null,-0.5,null,null,0.83,-96.121,-60.193,-52.996,null,null,null,null,null,null,null,null,null,IKBKZGMPCYNSLU,null,TRND,AloFaBPDVZcwmUpyRd,null,null,null,null,null,null,null,null,null,145158-71-0,null,null,null,0,4,0,null,null,173032,0 0 0 0,1,1,2025-06-17 15:37:36,null,null,null,null,null,null,null,364791315,activity,null,HTS,19.659017,-3.883,0.762,0.83,-96.121,null,null,null,null,null,null,null,null,null,null,null,null,null,null,null,null,null,null,null,null,null,278940111
TRND-Glioblastoma_LOPAC_T98G-primary_screen2,NCGC00162079-05,activity,null,4,0,3.793,CN(C)CC\C=C1\C2=C(SC3=C1C=CC(Cl)=C3)C=CC=C2,null,null,null,null,null,C1671,SIGMA,2021_LOPAC_01,null,null,Chlorprothixene hydrochloride,null,4,null,null,null,9.291,0,null,null,null,null,null,null,null,null,null,0,null,null,13.084,3.793,30.769,null,null,null,null,null,null,null,null,null,null,MDESCHUXWOWHQJ,null,TRND,MkvjfeTDAWqFpXlGOc,null,null,null,null,CL,null,null,null,null,null,null,null,null,0,4,null,null,null,173032,null,1,1,2025-06-17 15:37:36,null,null,null,null,null,null,null,364790831,activity,null,HTS,null,4.808,13.084,8.992,3.793,null,null,null,null,null,null,null,null,null,null,null,null,null,null,null,null,null,null,null,null,null,278940112
TRND-Glioblastoma_LOPAC_T98G-primary_screen2,NCGC00370733-08,activity,null,4,8.89,5.535,CC1=CC=C(S1)C2NC3=C(C=CC=C3)C(=O)N2C4=CC=CC=C4,null,null,null,null,null,SML1085,SIGMA,2021_LOPAC_01,null,null,Retro-2,null,4,null,null,null,12.479,6.5,4.955,0.539,0.765,null,null,null,null,null,null,-2.39,null,null,6.737,-5.742,5.694,-0.555,null,null,null,null,null,null,null,null,null,BOAPXDSRULBILC,null,TRND,cZDfnlXFMreCHtSwoq,null,null,null,null,null,null,null,null,null,null,null,null,null,0,4,0,null,null,173032,0 0 0 0,1,1,2025-06-17 15:37:36,null,null,null,null,null,null,null,364791691,activity,null,HTS,null,0.752,-5.742,6.737,5.535,null,null,null,null,null,null,null,null,null,null,null,null,null,null,null,null,null,null,null,null,null,278940113
TRND-Glioblastoma_LOPAC_T98G-primary_screen2,NCGC00015035-09,activity,null,4,-8.266,-6.889,NC1=C2C=CC=C3C(=O)NC(=O)C(C=C1)=C23,null,null,null,null,null,A0966,SIGMA,2021_LOPAC_01,null,null,"4-Amino-1,8-naphthalimide",null,4,null,null,null,10.324,-7.266,4.955,0.437,0.862,null,null,null,null,null,null,1,null,null,3.436,-6.889,-8.966,-5.036,null,null,null,null,null,null,null,null,null,SSMIFVHARFVINF,null,TRND,KtrJSYGsJChbNLEOIm,null,null,null,null,null,null,null,null,null,null,null,null,null,0,4,0,null,null,173032,0 0 0 0,1,1,2025-06-17 15:37:36,null,null,null,null,null,null,null,364794235,activity,null,HTS,null,-1.058,3.436,-6.879,-6.889,null,null,null,null,null,null,null,null,null,null,null,null,null,null,null,null,null,null,null,null,null,278940114
TRND-Glioblastoma_LOPAC_T98G-primary_screen2,NCGC00386134-23,activity,null,4,-18.314,-6.512,[H][C@@]12CC[C@H](O)[C@@]1(C)CC[C@]3([H])C4=C(C[C@@H](CCCCCCCCC[S+]([O-])CCCC(F)(F)C(F)(F)F)[C@@]23[H])C=C(O)C=C4,null,null,null,null,null,I4409,SIGMA,2021_LOPAC_01,null,null,Fulvestrant,null,4,null,null,null,18.925,-7.314,2.253,0.206,0.973,null,null,null,null,null,null,11,null,null,12.414,-6.512,33.651,37.02,null,null,null,null,null,null,null,null,null,VWUXBMIQPBEWFH,null,TRND,xHjvdEBhehLibMlNDA,null,Estrogen Receptor antagonist,null,null,null,null,null,null,null,129453-61-8,ESR1,null,null,0,4,0,null,null,173032,0 0 0 0,1,1,2025-06-17 15:37:36,null,null,null,null,null,null,null,364792343,activity,null,HTS,null,9.399,12.414,3.31,-6.512,null,null,null,null,null,null,null,null,null,null,null,null,null,null,null,null,null,null,null,null,null,278940115
TRND-Glioblastoma_LOPAC_T98G-primary_screen2,NCGC00021540-13,activity,10,-3,-60.228,-52.832,NC1=NC(Cl)=NC2=C1N=CN2[C@@H]3O[C@H](CO)[C@@H](O)[C@H]3O,null,null,null,null,null,C5134,SIGMA,2021_LOPAC_01,-5,null,2-Chloroadenosine,null,-3,null,null,null,60.853,-53.228,3.99,0.027,1,null,null,null,null,null,null,7,null,null,8.021,-52.832,-2.997,-5.506,null,null,null,null,null,null,null,null,null,BIXYYZIIJIXVFW,null,TRND,wmVZrhpehtvPdtaYIt,null,null,null,null,null,null,null,null,null,146-77-0,null,null,null,0,4,0,null,null,173032,0 0 0 0,1,1,2025-06-17 15:37:36,null,null,null,null,null,null,null,364793939,activity,null,HTS,19.872369,8.021,6.725,-3.124,-52.832,null,null,null,null,null,null,null,null,null,null,null,null,null,null,null,null,null,null,null,null,null,278940116
TRND-Glioblastoma_LOPAC_T98G-primary_screen2,NCGC00015085-06,activity,null,4,0,-5.24,NCCCP(O)(O)=O,null,null,null,null,null,A7162,SIGMA,2021_LOPAC_01,null,null,3-Aminopropylphosphonic acid,null,4,null,null,null,7.732,0,null,null,null,null,null,null,null,null,null,0,null,null,2.492,-5.24,-6.249,null,null,null,null,null,null,null,null,null,null,GSZQTIFGANBTNF,null,TRND,cYjHWqDTAhIMKIHkDx,null,null,null,null,null,null,null,null,null,13138-33-5,null,null,null,0,4,null,null,null,173032,null,1,1,2025-06-17 15:37:36,null,null,null,null,null,null,null,364794987,activity,null,HTS,null,-1.94,0.208,2.492,-5.24,null,null,null,null,null,null,null,null,null,null,null,null,null,null,null,null,null,null,null,null,null,278940117
TRND-Glioblastoma_LOPAC_T98G-primary_screen2,NCGC00015712-10,activity,null,4,0,0.927,OC(=O)C1=CCCN(CCON=C(C2=CC=CC=C2)C3=CC=CC=C3)C1,null,null,null,null,null,N142,SIGMA,2021_LOPAC_01,null,null,NO-711 hydrochloride,null,4,null,null,null,10.952,0,null,null,null,null,null,null,null,null,null,0,null,null,11.88,0.927,20.664,null,null,null,null,null,null,null,null,null,null,NGNALWDRPKNJGR,null,TRND,PDCvQErOFklqtZVzZV,null,null,null,null,CL,null,null,null,null,145645-62-1,null,null,null,0,4,null,null,null,173032,null,1,1,2025-06-17 15:37:36,null,null,null,null,null,null,null,364795467,activity,null,HTS,null,2.685,6.32,11.88,0.927,null,null,null,null,null,null,null,null,null,null,null,null,null,null,null,null,null,null,null,null,null,278940118
TRND-Glioblastoma_LOPAC_T98G-primary_screen2,NCGC00271490-08,activity,null,4,-33.832,-20.693,O=C1N(C[C@H]2CCCC3=CC=CC1=C23)[C@@H]4CN5CCC4CC5,null,null,null,null,null,SML1195,SIGMA,2021_LOPAC_01,null,null,Palonosetron hydrochloride,null,4,null,null,null,24.814,-28.832,0.8,0.15,0.986,null,null,null,null,null,null,5,null,null,4.121,-20.693,-7.398,-9.745,null,null,null,null,null,null,null,null,null,CPZBLNMUGSZIPR,null,TRND,VQYIoGVNRHEeSWuyzi,null,null,null,null,CL,null,null,null,null,135729-62-3,null,null,null,0,4,0,null,null,173032,0 0 0 0,1,1,2025-06-17 15:37:36,null,null,null,null,null,null,null,364792971,activity,null,HTS,null,4.121,-2.506,-8.873,-20.693,null,null,null,null,null,null,null,null,null,null,null,null,null,null,null,null,null,null,null,null,null,278940119
TRND-Glioblastoma_LOPAC_T98G-primary_screen2,NCGC00015442-32,activity,null,4,-29.605,-28.8,FC1=CNC(=O)NC1=O,null,null,null,null,null,F6627,SIGMA,2021_LOPAC_01,null,null,5-Fluorouracil,null,4,null,null,null,26.338,-33.06,1.858,0.076,0.996,null,null,null,null,null,null,-3.455,null,null,-2.462,-28.8,-32.284,-34.845,null,null,null,null,null,null,null,null,null,GHASVSINZRGABV,null,TRND,LplKTwPqCHnfzSGnFj,null,Dihydropyrimidine Dehydrogenase inhibitor,null,null,null,null,null,null,null,51-21-8,DPYD,null,null,0,4,0,null,null,173032,0 0 0 0,1,1,2025-06-17 15:37:36,null,null,null,null,null,null,null,364793967,activity,null,HTS,null,-2.462,-4.58,-10.168,-28.8,null,null,null,null,null,null,null,null,null,null,null,null,null,null,null,null,null,null,null,null,null,278940120
TRND-Glioblastoma_LOPAC_T98G-primary_screen2,NCGC00095118-21,activity,null,4,0,2.528,C[S+]([O-])(=O)C1=CC=C(C=C1)C2=C(C(=O)OC2)C3=CC=CC=C3,null,null,null,null,null,SML0613,SIGMA,2021_LOPAC_01,null,null,Rofecoxib,null,4,null,null,null,6.909,0,null,null,null,null,null,null,null,null,null,0,null,null,5.833,-1.075,20.481,null,null,null,null,null,null,null,null,null,null,RZJQGNCSTQAWON,null,TRND,FfgqpHwgKigeSRsJrN,null,null,null,null,null,null,null,null,null,162011-90-7,null,null,null,0,4,null,null,null,173032,null,1,1,2025-06-17 15:37:36,null,null,null,null,null,null,null,364790707,activity,null,HTS,null,5.833,-1.075,5.313,2.528,null,null,null,null,null,null,null,null,null,null,null,null,null,null,null,null,null,null,null,null,null,278940121
TRND-Glioblastoma_LOPAC_T98G-primary_screen2,NCGC00013226-33,activity,11.220185,-3,-77.318,-77.033,CN1CCN(CCCN2C3=C(SC4=C2C=C(C=C4)C(F)(F)F)C=CC=C3)CC1,null,null,null,null,null,T8516,SIGMA,2021_LOPAC_01,-4.95,null,Trifluoperazine dichloride,null,-3,null,null,null,77.642,-77.818,4.095,0.028,1,null,null,null,null,null,null,-0.5,null,null,0.609,-77.033,-49.993,-48.28,null,null,null,null,null,null,null,null,null,ZEWQUBUPAILYHI,null,TRND,jzPsIYwmECfPxOnYZk,null,Dopamine Receptor D2 antagonist,null,null,CL,null,null,null,null,440-17-5,DRD2,null,null,0,4,0,null,null,173032,0 0 0 0,1,1,2025-06-17 15:37:36,null,null,null,null,null,null,null,364792795,activity,null,HTS,12.947473,-1.338,0.609,-8.882,-77.033,null,null,null,null,null,null,null,null,null,null,null,null,null,null,null,null,null,null,null,null,null,278940122
TRND-Glioblastoma_LOPAC_T98G-primary_screen2,NCGC00263539-17,activity,null,4,-10.252,-8.127,ClC1=CC2=C(CC(=O)N2)C=C1CCN3CCN(CC3)C4=NSC5=CC=CC=C45,null,null,null,null,null,Z2777,SIGMA,2021_LOPAC_01,null,null,Ziprasidone hydrochloride monohydrate,null,4,null,null,null,11.114,-8.252,2.847,0.25,0.96,null,null,null,null,null,null,2,null,null,2.987,-8.127,-0.675,2.434,null,null,null,null,null,null,null,null,null,MVWVFYHBGMAFLY,null,TRND,uKaiQOBjoVWSbldmrY,null,null,null,null,CL,null,null,null,null,146939-27-7,null,null,null,0,4,0,null,null,173032,0 0 0 0,1,1,2025-06-17 15:37:36,null,null,null,null,null,null,null,364794431,activity,null,HTS,null,0.676,2.987,-0.525,-8.127,null,null,null,null,null,null,null,null,null,null,null,null,null,null,null,null,null,null,null,null,null,278940123
TRND-Glioblastoma_LOPAC_T98G-primary_screen2,NCGC00162132-08,activity,null,4,0,-0.706,COC(=O)[C@@H](N)CC1=CC(O)=C(O)C=C1,null,null,null,null,null,D1507,SIGMA,2021_LOPAC_01,null,null,"L-3,4-Dihydroxyphenylalanine methyl ester hydrochloride",null,4,null,null,null,9.453,0,null,null,null,null,null,null,null,null,null,0,null,null,8.747,-0.706,5.611,null,null,null,null,null,null,null,null,null,null,XBBDACCLCFWBSI,null,TRND,eNBApxjVFnzlogoApi,null,null,null,null,CL,null,null,null,null,1421-65-4,null,null,null,0,4,null,null,null,173032,null,1,1,2025-06-17 15:37:36,null,null,null,null,null,null,null,364792371,activity,null,HTS,null,-0.471,8.747,1.682,-0.706,null,null,null,null,null,null,null,null,null,null,null,null,null,null,null,null,null,null,null,null,null,278940124
TRND-Glioblastoma_LOPAC_T98G-primary_screen2,NCGC00179384-11,activity,null,4,-15.674,-14.728,CN1CCN(CC1)C(c2ccccc2)c3ccc(Cl)cc3,null,null,null,null,null,SML1473,SIGMA,2021_LOPAC_01,null,null,Chlorcyclizine,null,4,null,null,null,17.31,-16.674,4.955,0.549,0.752,null,null,null,null,null,null,-1,null,null,2.581,-14.728,-6.782,-11.955,null,null,null,null,null,null,null,null,null,WFNAKBGANONZEQ,null,TRND,BGogujDWXzklbVhuqV,null,null,null,null,null,null,null,null,null,14362-31-3,null,null,null,0,4,0,null,null,173032,0 0 0 0,1,1,2025-06-17 15:37:36,null,null,null,null,null,null,null,364793043,activity,null,HTS,null,1.312,-6.419,2.581,-14.728,null,null,null,null,null,null,null,null,null,null,null,null,null,null,null,null,null,null,null,null,null,278940125
TRND-Glioblastoma_LOPAC_T98G-primary_screen2,NCGC00186047-15,activity,null,4,-14.337,-17.225,OC1=CC=C2C=CC=CC2=C1SSC3=C4C=CC=CC4=CC=C3O,null,null,null,null,null,I2285,SIGMA,2021_LOPAC_01,null,null,IPA-3,null,4,null,null,null,15.281,-18.67,4.955,0.557,0.742,null,null,null,null,null,null,-4.332,null,null,-1.943,-17.225,-25.869,-26.994,null,null,null,null,null,null,null,null,null,RFAXLXKIAKIUDT,null,TRND,ONheldpsYMNxUEUjMh,null,Serine/threonine-protein kinase PAK 1 inhibitor,null,null,null,null,null,null,null,42521-82-4,PAK1,null,null,0,4,0,null,null,173032,0 0 0 0,1,1,2025-06-17 15:37:36,null,null,null,null,null,null,null,364795351,activity,null,HTS,null,-3.07,-9.925,-1.943,-17.225,null,null,null,null,null,null,null,null,null,null,null,null,null,null,null,null,null,null,null,null,null,278940126
TRND-Glioblastoma_LOPAC_T98G-primary_screen2,NCGC00689998-01,activity,11.220185,-3,-55.604,-46.143,CC(C)(C)C1=CC=C(C=C1)C(=O)NC2=CC=C(NC3=CC=CC=C3)C=C2,null,null,null,null,null,SML2291,SIGMA,2021_LOPAC_01,-4.95,null,S119-8,null,-3,null,null,null,52.707,-50.104,2.353,0.055,0.998,null,null,null,null,null,null,5.5,null,null,6.564,-46.143,-7.954,-10.403,null,null,null,null,null,null,null,null,null,NEPKMQDGCTXOPG,null,TRND,MLWZMLawgZqSShmHrU,null,null,null,null,null,null,null,null,null,null,null,null,null,0,4,0,null,null,173032,0 0 0 0,1,1,2025-06-17 15:37:36,null,null,null,null,null,null,null,364791815,activity,null,HTS,33.3,6.564,3.787,-6.52,-46.143,null,null,null,null,null,null,null,null,null,null,null,null,null,null,null,null,null,null,null,null,null,278940637
TRND-Glioblastoma_LOPAC_T98G-primary_screen2,NCGC00690019-01,activity,null,4,-35.529,-19.607,COC1=CC2=[N](C=C1)[Au+3]([Cl-])([Cl-])[N]3=C2C=C(OC)C=C3,null,null,null,null,null,SML2210,SIGMA,2021_LOPAC_01,null,null,AubipyOMe,null,4,null,null,null,39.4,-20.529,2.72,0.298,0.941,null,null,null,null,null,null,15,null,null,19.793,-19.607,33.715,44.4,null,null,null,null,null,null,null,null,null,JMGTZEXDAANMPY,null,TRND,ochhJdvDcMlASkXXqy,null,null,null,null,HEXAFLUOROPHOSPHATE,null,null,null,null,null,null,null,null,0,4,0,null,null,173032,0 0 0 0,1,1,2025-06-17 15:37:36,null,null,null,null,null,null,null,364790855,activity,null,HTS,null,10.034,19.793,3.354,-19.607,null,null,null,null,null,null,null,null,null,null,null,null,null,null,null,null,null,null,null,null,null,278940638
TRND-Glioblastoma_LOPAC_T98G-primary_screen2,NCGC00186049-04,activity,null,4,0,-1.819,CCN(CC)CCNC(=O)C1=CC=C(N[S+](C)([O-])=O)C=C1,null,null,null,null,null,S0323,SIGMA,2021_LOPAC_01,null,null,Sematilide monohydrochloride monohydrate,null,4,null,null,null,9.36,0,null,null,null,null,null,null,null,null,null,0,null,null,6.725,-2.635,17.353,null,null,null,null,null,null,null,null,null,null,COBKWOCHIWQZMC,null,TRND,TGYgwLoUBVGfLdimRp,null,null,null,null,CL,null,null,null,null,101526-62-9,null,null,null,0,4,null,null,null,173032,null,1,1,2025-06-17 15:37:36,null,null,null,null,null,null,null,364791467,activity,null,HTS,null,6.725,2.132,-2.635,-1.819,null,null,null,null,null,null,null,null,null,null,null,null,null,null,null,null,null,null,null,null,null,278940639
TRND-Glioblastoma_LOPAC_T98G-primary_screen2,NCGC00015623-19,activity,null,4,6.171,0.39,CCCN(CCC)C(=O)C(CCC(O)=O)NC(=O)C1=CC=CC=C1,null,null,null,null,null,M001,SIGMA,2021_LOPAC_01,null,null,Proglumide,null,4,null,null,null,10.636,2.5,4.955,0.63,0.637,null,null,null,null,null,null,-3.671,null,null,4.66,-5.976,-4.168,-9.736,null,null,null,null,null,null,null,null,null,DGMKFQYCZXERLX,null,TRND,nboMhiIAQtcABZRYHF,null,Cholecystokinin B Receptor antagonist,null,null,null,null,null,null,null,6620-60-6,CCKBR,null,null,0,4,0,null,null,173032,0 0 0 0,1,1,2025-06-17 15:37:36,null,null,null,null,null,null,null,364792783,activity,null,HTS,null,-1.245,-5.976,4.66,0.39,null,null,null,null,null,null,null,null,null,null,null,null,null,null,null,null,null,null,null,null,null,278940640
TRND-Glioblastoma_LOPAC_T98G-primary_screen2,NCGC00021145-29,activity,null,4,-20.539,-17.949,CN1CCN(CC1)C2=NC3=C(OC4=C2C=C(Cl)C=C4)C=CC=C3,null,null,null,null,null,L106,SIGMA,2021_LOPAC_01,null,null,Loxapine succinate,null,4,null,null,null,21.575,-19.039,1.967,0.253,0.958,null,null,null,null,null,null,1.5,null,null,3.626,-17.949,-13.305,-9.586,null,null,null,null,null,null,null,null,null,XJGVXQDUIWGIRW,null,TRND,mhSFELnUmOinTsyHyV,null,null,null,null,SUCCINICACID,null,null,null,null,27833-64-3,null,null,null,0,4,0,null,null,173032,0 0 0 0,1,1,2025-06-17 15:37:36,null,null,null,null,null,null,null,364795147,activity,null,HTS,null,-0.4,3.626,-7.571,-17.949,null,null,null,null,null,null,null,null,null,null,null,null,null,null,null,null,null,null,null,null,null,278940641
TRND-Glioblastoma_LOPAC_T98G-primary_screen2,NCGC00015147-16,activity,14.125375,-3,-32.058,-34.261,N\C(NCC1=CC=CC=C1)=N/C(=O)C2=NC(Cl)=C(N)N=C2N,null,null,null,null,null,B2417,SIGMA,2021_LOPAC_01,-4.85,null,Benzamil hydrochloride,null,-3,null,null,null,35.164,-35.058,4.504,0.245,0.961,null,null,null,null,null,null,-3,null,null,0.903,-34.261,-23.075,-31.341,null,null,null,null,null,null,null,null,null,KXDROGADUISDGY,null,TRND,GpsOmxeBRsWBULSTLN,null,Epithelial Sodium Channels (ENaC) Blocker,null,null,CL,null,null,null,null,161804-20-2,SCNN1A,null,null,0,4,0,null,null,173032,0 0 0 0,1,1,2025-06-17 15:37:36,null,null,null,null,null,null,null,364794043,activity,null,HTS,null,0.903,-6.737,-4.092,-34.261,null,null,null,null,null,null,null,null,null,null,null,null,null,null,null,null,null,null,null,null,null,278940642
TRND-Glioblastoma_LOPAC_T98G-primary_screen2,NCGC00263115-11,activity,null,4,-21.606,-6.338,CC(C)(N)C(=O)N[C@H](COCC1=CC=CC=C1)C(=O)N2CCC3(CN(C4=C3C=CC=C4)[S+](C)([O-])=O)CC2,null,null,null,null,null,SML0993,SIGMA,2021_LOPAC_01,null,null,MK-677,null,4,null,null,null,16.629,-9.606,0.8,0.058,0.998,null,null,null,null,null,null,12,null,null,10.291,-6.338,29.281,28.321,null,null,null,null,null,null,null,null,null,PQNWMTXPSNLKMV,null,TRND,pXJdFZHFDpPniaxwyc,null,Growth Hormone Secretagogue,null,null,SULFONICACID_V1,null,null,null,null,159752-10-0,GH1,null,null,0,4,0,null,null,173032,0 0 0 0,1,1,2025-06-17 15:37:36,null,null,null,null,null,null,null,364795047,activity,null,HTS,null,10.291,6.011,-0.21,-6.338,null,null,null,null,null,null,null,null,null,null,null,null,null,null,null,null,null,null,null,null,null,278940643
TRND-Glioblastoma_LOPAC_T98G-primary_screen2,NCGC00015255-15,activity,null,4,-16.4,-8.667,NC(CC1=CC=C(Cl)C=C1)C(O)=O,null,null,null,null,null,C6506,SIGMA,2021_LOPAC_01,null,null,(±)-p-Chlorophenylalanine,null,4,null,null,null,17.058,-10.4,4.955,0.3,0.94,null,null,null,null,null,null,6,null,null,8.391,-8.667,16.384,20.602,null,null,null,null,null,null,null,null,null,NIGWMJHCCYYCSF,null,TRND,nxAjpLDphmqpNxbMaW,null,null,null,null,null,null,null,null,null,7424-00-2,null,null,null,0,4,0,null,null,173032,0 0 0 0,1,1,2025-06-17 15:37:36,null,null,null,null,null,null,null,364793331,activity,null,HTS,null,3.884,6.145,8.391,-8.667,null,null,null,null,null,null,null,null,null,null,null,null,null,null,null,null,null,null,null,null,null,278940644
TRND-Glioblastoma_LOPAC_T98G-primary_screen2,NCGC00601952-20,activity,null,4,-15.691,-11.41,N[C@@H](CC1=CNC2=CC=C(O)C=C12)C(O)=O,null,null,null,null,null,H9772,SIGMA,2021_LOPAC_01,null,null,5-Hydroxy-L-tryptophan,null,4,null,null,null,15.684,-12.691,4.955,0.202,0.974,null,null,null,null,null,null,3,null,null,4.275,-11.41,3.62,6.404,null,null,null,null,null,null,null,null,null,LDCYZAJDBXYCGN,null,TRND,ScYbQEQhnfTfIAjQft,null,null,null,null,null,null,null,null,null,56-69-9,null,null,null,0,4,0,null,null,173032,0 0 0 0,1,1,2025-06-17 15:37:36,null,null,null,null,null,null,null,364794631,activity,null,HTS,null,1.87,2.06,4.275,-11.41,null,null,null,null,null,null,null,null,null,null,null,null,null,null,null,null,null,null,null,null,null,278940645
TRND-Glioblastoma_LOPAC_T98G-primary_screen2,NCGC00016059-31,activity,11.220185,-3,-96.352,-93.542,CSC1=CC2=C(SC3=C(C=CC=C3)N2CCC4CCCCN4C)C=C1,null,null,null,null,null,T9025,SIGMA,2021_LOPAC_01,-4.95,null,Thioridazine hydrochloride,null,-3,null,null,null,95.903,-94.852,4.095,0.018,1,null,null,null,null,null,null,1.5,null,null,2.36,-93.542,-51.182,-50.189,null,null,null,null,null,null,null,null,null,KLBQZWRITKRQQV,null,TRND,oxCYAjFnsKbXjGDSmN,null,null,null,null,CL,null,null,null,null,130-61-0,null,null,null,0,4,0,null,null,173032,0 0 0 0,1,1,2025-06-17 15:37:36,null,null,null,null,null,null,null,364794071,activity,null,HTS,11.521885,0.856,2.36,-8.627,-93.542,null,null,null,null,null,null,null,null,null,null,null,null,null,null,null,null,null,null,null,null,null,278940646
TRND-Glioblastoma_LOPAC_T98G-primary_screen2,NCGC00017254-27,activity,0.501187,5,-29.415,-87.089,C[C@H]1CCC\C=C\[C@@H]2C[C@H](O)C[C@H]2[C@H](O)\C=C\C(=O)O1,null,null,null,null,null,B7651,SIGMA,2021_LOPAC_01,-6.3,null,BRefeldin A from Penicillium brefeldianum,null,-1.1,null,null,null,6.596,-96.007,0.2,0.072,0.997,null,null,null,null,null,null,-66.592,null,null,-80.494,-87.089,-386.355,-386.129,null,null,null,null,null,null,null,null,null,KQNZDYYTLMIZCT,null,TRND,tiyrNHDuVGskpYmtrj,null,null,null,null,null,null,null,null,null,[NO STEREO] 20350-15-6,GBF1,null,null,0,4,0,null,null,173032,0 0 0 0,1,1,2025-06-17 15:37:36,null,null,null,null,null,null,null,364790735,activity,null,HTS,null,-80.494,-82.503,-85.137,-87.089,null,null,null,null,null,null,null,null,null,null,null,null,null,null,null,null,null,null,null,null,null,278940647
TRND-Glioblastoma_LOPAC_T98G-primary_screen2,NCGC00015335-35,activity,null,4,0,2.201,CN(C)CCOC(C1=CC=CC=C1)C2=CC=CC=C2,null,null,null,null,null,D3630,SIGMA,2021_LOPAC_01,null,null,Diphenhydramine hydrochloride,null,4,null,null,null,4.122,0,null,null,null,null,null,null,null,null,null,0,null,null,6.323,2.201,24.241,null,null,null,null,null,null,null,null,null,null,ZZVUWRFHKOJYTH,null,TRND,WopWClbYbErncEfcoX,null,null,null,null,CL,null,null,null,null,147-24-0,null,null,null,0,4,null,null,null,173032,null,1,1,2025-06-17 15:37:36,null,null,null,null,null,null,null,364793663,activity,null,HTS,null,5.186,6.323,6.11,2.201,null,null,null,null,null,null,null,null,null,null,null,null,null,null,null,null,null,null,null,null,null,278940648
TRND-Glioblastoma_LOPAC_T98G-primary_screen2,NCGC00015626-07,activity,null,4,-21.666,-21.691,COC1=C(CNCCCCCCNCCCCCCCCNCCCCCCNCC2=C(OC)C=CC=C2)C=CC=C1,null,null,null,null,null,M105,SIGMA,2021_LOPAC_01,null,null,Methoctramine tetrahydrochloride,null,4,null,null,null,12.221,-28.029,0.5,0.22,0.969,null,null,null,null,null,null,-6.363,null,null,-9.469,-21.691,-58.463,-59.513,null,null,null,null,null,null,null,null,null,RPMBYDYUVKEZJA,null,TRND,HOpDuRaKaEyjwVAvEM,null,null,null,null,CL,null,null,null,null,null,null,null,null,0,4,0,null,null,173032,0 0 0 0,1,1,2025-06-17 15:37:36,null,null,null,null,null,null,null,364794699,activity,null,HTS,null,-9.469,-13.793,-15.935,-21.691,null,null,null,null,null,null,null,null,null,null,null,null,null,null,null,null,null,null,null,null,null,278940649
TRND-Glioblastoma_LOPAC_T98G-primary_screen2,NCGC00163153-05,activity,null,4,0,2.41,COCCNC(=O)COC1=CC=C(OCCNC[C@H](O)COC2=CC=CC=C2)C=C1,null,null,null,null,null,Z4902,SIGMA,2021_LOPAC_01,null,null,ZD 7114 hydrochloride,null,4,null,null,null,7.114,0,null,null,null,null,null,null,null,null,null,0,null,null,9.255,2.141,25.049,null,null,null,null,null,null,null,null,null,null,RVMBDLSFFNKKLG,null,TRND,yqLbpSrldzongeAiDZ,null,null,null,null,CL,null,null,null,null,null,null,null,null,0,4,null,null,null,173032,null,1,1,2025-06-17 15:37:36,null,null,null,null,null,null,null,364792043,activity,null,HTS,null,5.698,2.141,9.255,2.41,null,null,null,null,null,null,null,null,null,null,null,null,null,null,null,null,null,null,null,null,null,278940650
TRND-Glioblastoma_LOPAC_T98G-primary_screen2,NCGC00024970-06,activity,null,4,-19.633,-16.777,CN(C)CCCC1=C(O)C=CC(=C1)C(=O)NC2=CC=C(C=C2)C3=CC=NC=C3,null,null,null,null,null,G0419,SIGMA,2021_LOPAC_01,null,null,GR 55562 dihydrobromide,null,4,null,null,null,18.89,-17.633,4.955,0.062,0.998,null,null,null,null,null,null,2,null,null,2.113,-16.777,-2.649,-0.587,null,null,null,null,null,null,null,null,null,ZAGAUUVCYGSPBP,null,TRND,WkOTqSHnuKnsoSXubq,null,null,null,null,BR,null,null,null,null,null,null,null,null,0,4,0,null,null,173032,0 0 0 0,1,1,2025-06-17 15:37:36,null,null,null,null,null,null,null,364794039,activity,null,HTS,null,1.227,2.113,1.846,-16.777,null,null,null,null,null,null,null,null,null,null,null,null,null,null,null,null,null,null,null,null,null,278940651
TRND-Glioblastoma_LOPAC_T98G-primary_screen2,NCGC00482764-04,activity,11.220185,-2.2,-80.151,-84.709,COC1=C(OC)C=C2C(=C1)C=[N+](C)C3=C2C=CC4=CC5=C(OCO5)C=C34,null,null,null,null,null,SML0610,SIGMA,2021_LOPAC_01,-4.95,null,Nitidine chloride,null,-2.1,null,null,null,75.694,-90.47,2.353,0.033,0.999,null,null,null,null,null,null,-10.319,null,null,-9.016,-84.709,-97.804,-100.738,null,null,null,null,null,null,null,null,null,KKMPSGJPCCJYRV,null,TRND,menlbWLxywmAvZLMKW,null,null,null,null,CL,null,null,null,null,null,null,null,null,0,4,0,null,null,173032,0 0 0 0,1,1,2025-06-17 15:37:36,null,null,null,null,null,null,null,364794543,activity,null,HTS,12.275227,-9.016,-11.668,-28.741,-84.709,null,null,null,null,null,null,null,null,null,null,null,null,null,null,null,null,null,null,null,null,null,278940652
TRND-Glioblastoma_LOPAC_T98G-primary_screen2,NCGC00023939-17,activity,null,4,0,5.886,C[C@]12CC(=O)[C@H]3[C@@H](CCC4=CC(=O)CC[C@]34C)[C@@H]1CC[C@]2(O)C(=O)CO,null,null,null,null,null,C2755,SIGMA,2021_LOPAC_01,null,null,Cortisone,null,4,null,null,null,4.736,0,null,null,null,null,null,null,null,null,null,0,null,null,10.117,5.381,32.137,null,null,null,null,null,null,null,null,null,null,MFYSYFVPBJMHGN,null,TRND,zxQNaHFPIjqWxUqBeQ,null,null,null,null,null,null,null,null,null,53-06-5,null,null,null,0,4,null,null,null,173032,null,1,1,2025-06-17 15:37:36,null,null,null,null,null,null,null,364795307,activity,null,HTS,null,5.381,10.117,10.066,5.886,null,null,null,null,null,null,null,null,null,null,null,null,null,null,null,null,null,null,null,null,null,278940653
TRND-Glioblastoma_LOPAC_T98G-primary_screen2,NCGC00015007-28,activity,null,4,-11.57,-5.891,CC(C)NCC(O)COC1=CC=C(CC(N)=O)C=C1,null,null,null,null,null,A7655,SIGMA,2021_LOPAC_01,null,null,(±)-Atenolol,null,4,null,null,null,12.312,-6.57,4.955,0.325,0.93,null,null,null,null,null,null,5,null,null,6.42,-5.891,17.992,17.823,null,null,null,null,null,null,null,null,null,METKIMKYRPQLGS,null,TRND,cRBYOjgucPRNBWNiLD,null,null,null,null,null,null,null,null,null,29122-68-7,null,null,null,0,4,0,null,null,173032,0 0 0 0,1,1,2025-06-17 15:37:36,null,null,null,null,null,null,null,364793095,activity,null,HTS,null,5.249,2.908,6.42,-5.891,null,null,null,null,null,null,null,null,null,null,null,null,null,null,null,null,null,null,null,null,null,278940654
TRND-Glioblastoma_LOPAC_T98G-primary_screen2,NCGC00015769-35,activity,3.548134,5,1.158,-78.663,C[C@@H]1O[C@@H](O[C@H]2C[C@@H](O)[C@]3(CO)[C@H]4[C@H](O)C[C@]5(C)[C@H](CC[C@]5(O)[C@@H]4CC[C@]3(O)C2)C6=CC(=O)OC6)[C@H](O)[C@H](O)[C@H]1O,null,null,null,null,null,O3125,SIGMA,2021_LOPAC_01,-5.45,null,Ouabain,null,-1.4,null,null,null,1.798,-78.188,4.955,0.763,0.534,null,null,null,null,null,null,-79.346,null,null,-78.073,-79.872,-369.532,-371.454,null,null,null,null,null,null,null,null,null,LPMXVESGRSUGHW,null,TRND,bvKZlhGtslaTCXogxk,null,Na+/K+ ATPase inhibitor,null,null,H2O,null,null,null,null,[NO STEREO] 630-60-4,ATP1A1,null,null,0,4,0,null,null,173032,0 0 0 0,1,1,2025-06-17 15:37:36,null,null,null,null,null,null,null,364794723,activity,null,HTS,null,-78.47,-79.872,-78.073,-78.663,null,null,null,null,null,null,null,null,null,null,null,null,null,null,null,null,null,null,null,null,null,278940655
TRND-Glioblastoma_LOPAC_T98G-primary_screen2,NCGC00024961-18,activity,null,4,0,-0.032,N[S+]([O-])(=O)C1=CC=CC2=C1C(=CC3=C2N=C([O-])C([O-])=N3)[N+]([O-])=O,null,null,null,null,null,N183,SIGMA,2021_LOPAC_01,null,null,NBQx disodium,null,4,null,null,null,0.896,0,null,null,null,null,null,null,null,null,null,0,null,null,0.775,-0.121,2.157,null,null,null,null,null,null,null,null,null,null,JZOPETSAENPCAE,null,TRND,taSeyETnObqIjesKrS,null,null,null,null,SODIUM,null,null,null,null,null,null,null,null,0,4,null,null,null,173032,null,1,1,2025-06-17 15:37:36,null,null,null,null,null,null,null,364792791,activity,null,HTS,null,0.775,0.156,-0.121,-0.032,null,null,null,null,null,null,null,null,null,null,null,null,null,null,null,null,null,null,null,null,null,278940656
TRND-Glioblastoma_LOPAC_T98G-primary_screen2,NCGC00021139-40,activity,null,4,10.612,12.289,O=C1NC(=O)C(N1)(C2=CC=CC=C2)C3=CC=CC=C3,null,null,null,null,null,D4505,SIGMA,2021_LOPAC_01,null,null,Phenytoin sodium,null,4,null,null,null,13.215,12.5,4.955,0.647,0.602,null,null,null,null,null,null,1.888,null,null,12.289,-0.927,35.539,20.993,null,null,null,null,null,null,null,null,null,CXOFVDLJLONNDW,null,TRND,sbTkdISRnDQgnYnuCm,null,null,null,null,null,null,null,null,null,57-41-0,null,null,null,0,4,0,null,null,173032,0 0 0 0,1,1,2025-06-17 15:37:36,null,null,null,null,null,null,null,364790499,activity,null,HTS,null,7.851,-0.927,11.351,12.289,null,null,null,null,null,null,null,null,null,null,null,null,null,null,null,null,null,null,null,null,null,278940657
TRND-Glioblastoma_LOPAC_T98G-primary_screen2,NCGC00015808-11,activity,null,4,12.998,6.107,O=C(OCCN1CCOCC1)C2(CCCCC2)C3=CC=CC=C3,null,null,null,null,null,P2607,SIGMA,2021_LOPAC_01,null,null,PRE-084,null,4,null,null,null,14.339,4.5,4.955,0.656,0.584,null,null,null,null,null,null,-8.498,null,null,8.508,-5.831,-8.14,-7.854,null,null,null,null,null,null,null,null,null,RQHKZUBCUZVZEF,null,TRND,ljBMEkOMiFbBUeLAnS,null,null,null,null,CL,null,null,null,null,null,null,null,null,0,4,0,null,null,173032,0 0 0 0,1,1,2025-06-17 15:37:36,null,null,null,null,null,null,null,364793507,activity,null,HTS,null,-5.831,8.508,-1.59,6.107,null,null,null,null,null,null,null,null,null,null,null,null,null,null,null,null,null,null,null,null,null,278940658
TRND-Glioblastoma_LOPAC_T98G-primary_screen2,NCGC00094363-12,activity,null,4,-6.77,-3.532,[H][C@@](N)(CO)C(O)=O,null,null,null,null,null,S4250,SIGMA,2021_LOPAC_01,null,null,D-Serine,null,4,null,null,null,10.215,-5.27,4.955,0.562,0.74,null,null,null,null,null,null,1.5,null,null,3.74,-6.475,-5.639,-1.194,null,null,null,null,null,null,null,null,null,MTCFGRXMJLQNBG,null,TRND,gznPBdpyfGKFWqEZCk,null,null,null,null,null,null,null,null,null,312-84-5,null,null,null,0,4,0,null,null,173032,0 0 0 0,1,1,2025-06-17 15:37:36,null,null,null,null,null,null,null,364793207,activity,null,HTS,null,-0.673,3.74,-6.475,-3.532,null,null,null,null,null,null,null,null,null,null,null,null,null,null,null,null,null,null,null,null,null,278940659
TRND-Glioblastoma_LOPAC_T98G-primary_screen2,NCGC00159456-36,activity,19.952623,-3,-35.382,-42.332,CN1CCN(CC2=CC=C(C=C2)C(=O)NC3=CC=C(C)C(NC4=NC=CC(=N4)C5=CC=CN=C5)=C3)CC1,null,null,null,null,null,SML1027,SIGMA,2021_LOPAC_01,-4.7,null,Imatinib mesylate,null,-3,null,null,null,37.885,-44.718,4.955,0.339,0.922,null,null,null,null,null,null,-9.336,null,null,-4.447,-42.332,-74.955,-61.217,null,null,null,null,null,null,null,null,null,KTUFNOKKBVMGRW,null,TRND,TNBMZejgjeCAqtxDEX,null,Bcr-Abl Kinase inhibitor,null,null,SULFONICACID_V1,null,null,null,null,220127-57-1,ABL1,null,null,0,4,0,null,null,173032,0 0 0 0,1,1,2025-06-17 15:37:36,null,null,null,null,null,null,null,364795455,activity,null,HTS,null,-14.757,-12.363,-4.447,-42.332,null,null,null,null,null,null,null,null,null,null,null,null,null,null,null,null,null,null,null,null,null,278940660
TRND-Glioblastoma_LOPAC_T98G-primary_screen2,NCGC00162225-24,activity,null,4,0,-2.498,[H][C@@]1(CN2CCSC2=N1)C3=CC=CC=C3,null,null,null,null,null,L9756,SIGMA,2021_LOPAC_01,null,null,(-)-Tetramisole hydrochloride,null,4,null,null,null,8.876,0,null,null,null,null,null,null,null,null,null,0,null,null,0.702,-8.174,-24.737,null,null,null,null,null,null,null,null,null,null,HLFSDGLLUJUHTE,null,TRND,UsIcwHdnKVkKmjhfcS,null,null,null,null,CL,null,null,null,null,16595-80-5,null,null,null,0,4,null,null,null,173032,null,1,1,2025-06-17 15:37:36,null,null,null,null,null,null,null,364793227,activity,null,HTS,null,-6.559,-8.174,0.702,-2.498,null,null,null,null,null,null,null,null,null,null,null,null,null,null,null,null,null,null,null,null,null,278940661
TRND-Glioblastoma_LOPAC_T98G-primary_screen2,NCGC00094112-17,activity,0.891251,-1.1,-86.8,-96.009,O\N=C1C2=CC=CC=C2NC\1=C3\C(=O)NC4=CC(Br)=CC=C34,null,null,null,null,null,B1686,SIGMA,2021_LOPAC_01,-6.05,null,BIO,null,-1.1,null,null,null,65.068,-97.929,1,0.011,1,null,null,null,null,null,null,-11.129,null,null,-30.941,-96.009,-241.904,-242.127,null,null,null,null,null,null,null,null,null,DDLZLOKCJHBUHD,null,TRND,NYsZQbrEFEoJiodDum,null,Arachidonate 5-Lipoxygenase inhibitor,null,null,null,null,null,null,null,null,ALOX5,null,null,0,4,0,null,null,173032,0 0 0 0,1,1,2025-06-17 15:37:36,null,null,null,null,null,null,null,364793763,activity,null,HTS,0.929767,-30.941,-63.237,-87.769,-96.009,null,null,null,null,null,null,null,null,null,null,null,null,null,null,null,null,null,null,null,null,null,278940662
TRND-Glioblastoma_LOPAC_T98G-primary_screen2,NCGC00345496-14,activity,null,4,-12.865,-11.554,NC1=NC2=C(NC=N2)C(OCC3=CC(Br)=CS3)=N1,null,null,null,null,null,SML0586,SIGMA,2021_LOPAC_01,null,null,Lomeguatrib,null,4,null,null,null,14.116,-12.865,4.955,0.556,0.744,null,null,null,null,null,null,0,null,null,2.562,-11.554,-16.73,-5.955,null,null,null,null,null,null,null,null,null,JUJPKFNFCWJBCX,null,TRND,RmnbCJblrruROliZhF,null,Methylated-DNA--protein-cysteine methyltransferase inhibitor,null,null,null,null,null,null,null,192441-08-0,MGMT,null,null,0,4,0,null,null,173032,0 0 0 0,1,1,2025-06-17 15:37:36,null,null,null,null,null,null,null,364794319,activity,null,HTS,null,-4.889,2.562,1.605,-11.554,null,null,null,null,null,null,null,null,null,null,null,null,null,null,null,null,null,null,null,null,null,278940663
TRND-Glioblastoma_LOPAC_T98G-primary_screen2,NCGC00024996-37,activity,null,4,0,-6.145,[H][C@@]12[C@H](O)[C@H](OC(C)=O)[C@@]3(C)O[C@](C)(CC(=O)[C@]3(O)[C@@]1(C)[C@@H](O)CCC2(C)C)C=C,null,null,null,null,null,F6886,SIGMA,2021_LOPAC_01,null,null,Forskolin,null,4,null,null,null,9.584,0,null,null,null,null,null,null,null,null,null,0,null,null,3.439,-6.145,3.914,null,null,null,null,null,null,null,null,null,null,OHCQJHSOBUTRHG,null,TRND,VGABVEGWSTGOPHiZlY,null,null,null,null,null,null,null,null,null,66575-29-9,null,null,null,0,4,null,null,null,173032,null,1,1,2025-06-17 15:37:36,null,null,null,null,null,null,null,364790787,activity,null,HTS,null,3.439,-0.939,-2.491,-6.145,null,null,null,null,null,null,null,null,null,null,null,null,null,null,null,null,null,null,null,null,null,278940664
TRND-Glioblastoma_LOPAC_T98G-primary_screen2,NCGC00016033-12,activity,null,4,0,-2.819,OC(=O)CNC(=O)C(CS)CC1=CC=CC=C1,null,null,null,null,null,T6031,SIGMA,2021_LOPAC_01,null,null,DL-Thiorphan,null,4,null,null,null,9.665,0,null,null,null,null,null,null,null,null,null,0,null,null,6.846,-2.819,10.106,null,null,null,null,null,null,null,null,null,null,LJJKNPQAGWVLDQ,null,TRND,cRVByBGLqANIGcTztE,null,null,null,null,null,null,null,null,null,76721-89-6,null,null,null,0,4,null,null,null,173032,null,1,1,2025-06-17 15:37:36,null,null,null,null,null,null,null,364791619,activity,null,HTS,null,2.244,6.846,0.824,-2.819,null,null,null,null,null,null,null,null,null,null,null,null,null,null,null,null,null,null,null,null,null,278940665
TRND-Glioblastoma_LOPAC_T98G-primary_screen2,NCGC00015697-26,activity,null,4,-18.525,-3.771,OC1=CC2=C(C(O)=C1)C(=O)C(O)=C(O2)C3=CC(O)=C(O)C(O)=C3,null,null,null,null,null,M6760,SIGMA,2021_LOPAC_01,null,null,Myricetin,null,4,null,null,null,12.638,-6.525,0.6,0.168,0.982,null,null,null,null,null,null,12,null,null,8.867,-3.771,26.029,25.242,null,null,null,null,null,null,null,null,null,IKMDFBPHZNJCSN,null,TRND,hzDImwapkaZRXqUKzM,null,Androgen Receptor antagonist,null,null,null,null,null,null,null,529-44-2,AR,null,null,0,4,0,null,null,173032,0 0 0 0,1,1,2025-06-17 15:37:36,null,null,null,null,null,null,null,364791319,activity,null,HTS,null,8.867,4.016,0.856,-3.771,null,null,null,null,null,null,null,null,null,null,null,null,null,null,null,null,null,null,null,null,null,278940666
TRND-Glioblastoma_LOPAC_T98G-primary_screen2,NCGC00166210-14,activity,null,4,0,-4.119,[H][C@]1(CO)O[C@@]([H])(O[C@]2([H])[C@@]([H])(O)[C@]([H])(N)C[C@]([H])(N)[C@@]2([H])O[C@@]3([H])O[C@]([H])(CO)[C@@]([H])(O)[C@]([H])(O)[C@@]3([H])N)[C@]([H])(O)[C@]1([H])O[C@@]4([H])O[C@@]([H])(CN)[C@@]([H])(O)[C@]([H])(O)[C@@]4([H])N,null,null,null,null,null,P9297,SIGMA,2021_LOPAC_01,null,null,Paromomycin sulfate,null,4,null,null,null,8.292,0,null,null,null,null,null,null,null,null,null,0,null,null,4.172,-4.119,-5.078,null,null,null,null,null,null,null,null,null,null,UOZODPSAJZTQNH,null,TRND,ZnWqeyMrxVGOZycGxR,null,null,null,null,SULFURIC_ACID,null,null,null,null,null,null,null,null,0,4,null,null,null,173032,null,1,1,2025-06-17 15:37:36,null,null,null,null,null,null,null,364791235,activity,null,HTS,null,-1.634,4.172,-1.849,-4.119,null,null,null,null,null,null,null,null,null,null,null,null,null,null,null,null,null,null,null,null,null,278940667
TRND-Glioblastoma_LOPAC_T98G-primary_screen2,NCGC00015380-27,activity,null,4,0,11.871,CC1=NC2=C(C=C(Cl)C=C2)[S+]([O-])(=O)N1,null,null,null,null,null,D9035,SIGMA,2021_LOPAC_01,null,null,Diazoxide,null,4,null,null,null,7.59,0,null,null,null,null,null,null,null,null,null,0,null,null,11.871,4.281,29.746,null,null,null,null,null,null,null,null,null,null,NAIUXJBXAKAEAX,null,TRND,CHdtmugxAPCFJnIeyT,null,null,null,null,null,null,null,null,null,364-98-7,null,null,null,0,4,null,null,null,173032,null,1,1,2025-06-17 15:37:36,null,null,null,null,null,null,null,364790427,activity,null,HTS,null,5.396,7.921,4.281,11.871,null,null,null,null,null,null,null,null,null,null,null,null,null,null,null,null,null,null,null,null,null,278940668
TRND-Glioblastoma_LOPAC_T98G-primary_screen2,NCGC00162368-10,activity,null,4,-6.5,9.015,[H][C@@]12CC[C@H](C(=O)CN3CCN(CC3)C4=NC(=NC(=C4)N5CCCC5)N6CCCC6)[C@@]1(C)CC=C7[C@@]2([H])CCC8=CC(=O)C=C[C@]78C,null,null,null,null,null,U5882,SIGMA,2021_LOPAC_01,null,null,U-74389G maleate,null,4,null,null,null,10.204,8.5,4.955,0.664,0.57,null,null,null,null,null,null,15,null,null,18.834,8.629,55.125,62.83,null,null,null,null,null,null,null,null,null,LBGLGTAQLROFTM,null,TRND,fnagSjThsJbmAFkoXM,null,null,null,null,MALEATE,null,null,null,null,null,null,null,null,0,4,0,null,null,173032,0 0 0 0,1,1,2025-06-17 15:37:36,null,null,null,null,null,null,null,364791563,activity,null,HTS,null,11.239,18.834,8.629,9.015,null,null,null,null,null,null,null,null,null,null,null,null,null,null,null,null,null,null,null,null,null,278940669
TRND-Glioblastoma_LOPAC_T98G-primary_screen2,NCGC00167472-17,activity,null,4,15.352,-18.81,CC(C)C1=CC=C2OC3=NC(N)=C(C=C3C(=O)C2=C1)C(O)=O,null,null,null,null,null,SML0517,SIGMA,2021_LOPAC_01,null,null,Amlexanox,null,4,null,null,null,16.078,-0.278,1,1,1,null,null,null,null,null,null,-15.63,null,null,-2.732,-18.81,-44.974,-43.674,null,null,null,null,null,null,null,null,null,SGRYPYWGNKJSDL,null,TRND,SuovxuPedOzVLadanc,null,Mediator Release inhibitor,null,null,null,null,null,null,null,68302-57-8,IL4,null,null,0,4,1,null,null,173032,0 0 0 1,1,1,2025-06-17 15:37:36,null,null,null,null,null,null,null,364794243,activity,null,HTS,null,-13.025,-7.841,-2.732,-18.81,null,null,null,null,null,null,null,null,null,null,null,null,null,null,null,null,null,null,null,null,null,278940670
TRND-Glioblastoma_LOPAC_T98G-primary_screen2,NCGC00015580-29,activity,null,4,0,-7.462,CN1CCC(CC1)=C2C3=C(SC=C3)C(=O)CC4=C2C=CC=C4,null,null,null,null,null,K2628,SIGMA,2021_LOPAC_01,null,null,Ketotifen fumarate,null,4,null,null,null,9.694,0,null,null,null,null,null,null,null,null,null,0,null,null,2.232,-7.462,4.002,null,null,null,null,null,null,null,null,null,null,ZCVMWBYGMWKGHF,null,TRND,bJdCTxXxctgGjAWAdy,null,Histamine H1 Receptor antagonist,null,null,FUMARIC_ACID,null,null,null,null,[NO STEREO] 34580-14-8,HRH1,null,null,0,4,null,null,null,173032,null,1,1,2025-06-17 15:37:36,null,null,null,null,null,null,null,364794443,activity,null,HTS,null,2.232,2.07,0.405,-7.462,null,null,null,null,null,null,null,null,null,null,null,null,null,null,null,null,null,null,null,null,null,278940127
TRND-Glioblastoma_LOPAC_T98G-primary_screen2,NCGC00015801-23,activity,null,4,0,4.519,CN1C=NC2=C1C(=O)N(CCCCC(C)=O)C(=O)N2C,null,null,null,null,null,P1784,SIGMA,2021_LOPAC_01,null,null,Pentoxifylline,null,4,null,null,null,6.655,0,null,null,null,null,null,null,null,null,null,0,null,null,4.519,-2.135,0.628,null,null,null,null,null,null,null,null,null,null,BYPFEZZEUUWMEJ,null,TRND,MdCrXLmUMofNiJSjkE,null,null,null,null,null,null,null,null,null,1677687,null,null,null,0,4,null,null,null,173032,null,1,1,2025-06-17 15:37:36,null,null,null,null,null,null,null,364794131,activity,null,HTS,null,-2.135,2.578,3.398,4.519,null,null,null,null,null,null,null,null,null,null,null,null,null,null,null,null,null,null,null,null,null,278940128
TRND-Glioblastoma_LOPAC_T98G-primary_screen2,NCGC00162110-23,activity,null,4,0,2.532,[H][C@](CCN(C)C)(C1=CC=C(Cl)C=C1)C2=NC=CC=C2,null,null,null,null,null,C4915,SIGMA,2021_LOPAC_01,null,null,(+)-Chlorpheniramine maleate,null,4,null,null,null,3.86,0,null,null,null,null,null,null,null,null,null,0,null,null,3.575,-0.285,5.116,null,null,null,null,null,null,null,null,null,null,SOYKEARSMXGVTM,null,TRND,kvoTOjUenGPSuOtCBX,null,null,null,null,MALEATE,null,null,null,null,2438-32-6,null,null,null,0,4,null,null,null,173032,null,1,1,2025-06-17 15:37:36,null,null,null,null,null,null,null,364792023,activity,null,HTS,null,-0.285,3.575,2.971,2.532,null,null,null,null,null,null,null,null,null,null,null,null,null,null,null,null,null,null,null,null,null,278940129
TRND-Glioblastoma_LOPAC_T98G-primary_screen2,NCGC00015758-10,activity,null,4,0,8.821,C[N+](C)(C)CC#CCN1CCCC1=O,null,null,null,null,null,O100,SIGMA,2021_LOPAC_01,null,null,Oxotremorine methiodide,null,4,null,null,null,4.372,0,null,null,null,null,null,null,null,null,null,0,null,null,8.821,4.449,34.726,null,null,null,null,null,null,null,null,null,null,CANZROMYQDHYHR,null,TRND,SUkMZthQYOHvAXKZMv,null,null,null,null,CL,null,null,null,null,null,null,null,null,0,4,null,null,null,173032,null,1,1,2025-06-17 15:37:36,null,null,null,null,null,null,null,364795379,activity,null,HTS,null,7.984,6.896,4.449,8.821,null,null,null,null,null,null,null,null,null,null,null,null,null,null,null,null,null,null,null,null,null,278940130
TRND-Glioblastoma_LOPAC_T98G-primary_screen2,NCGC00015819-30,activity,null,4,0,-6.191,CCCNCC(O)COC1=C(C=CC=C1)C(=O)CCC2=CC=CC=C2,null,null,null,null,null,P4670,SIGMA,2021_LOPAC_01,null,null,Propafenone hydrochloride,null,4,null,null,null,6.325,0,null,null,null,null,null,null,null,null,null,0,null,null,0.134,-6.191,-15.04,null,null,null,null,null,null,null,null,null,null,JWHAUXFOSRPERK,null,TRND,nXaeyBmuPuGggzIcIx,null,Potassium Channel Subfamily K Member 3 Blocker,null,null,CL,null,null,null,null,34183-22-7,KCNK3,null,null,0,4,null,null,null,173032,null,1,1,2025-06-17 15:37:36,null,null,null,null,null,null,null,364792903,activity,null,HTS,null,-3.834,0.134,-1.772,-6.191,null,null,null,null,null,null,null,null,null,null,null,null,null,null,null,null,null,null,null,null,null,278940131
TRND-Glioblastoma_LOPAC_T98G-primary_screen2,NCGC00015231-08,activity,null,4,-11,4.437,COC(=O)C(N)CC1=CC=C(Cl)C=C1,null,null,null,null,null,C3635,SIGMA,2021_LOPAC_01,null,null,DL-p-Chlorophenylalanine methyl ester hydrochloride,null,4,null,null,null,10.206,4,1.558,0.034,0.999,null,null,null,null,null,null,15,null,null,14.644,4.437,56.468,56.767,null,null,null,null,null,null,null,null,null,FBHPVOLRIXZZMD,null,TRND,SlQTcAKcLChvEhGxtE,null,null,null,null,CL,null,null,null,null,14173-40-1,null,null,null,0,4,0,null,null,173032,0 0 0 0,1,1,2025-06-17 15:37:36,null,null,null,null,null,null,null,364795331,activity,null,HTS,null,14.644,12.652,6.658,4.437,null,null,null,null,null,null,null,null,null,null,null,null,null,null,null,null,null,null,null,null,null,278940132
TRND-Glioblastoma_LOPAC_T98G-primary_screen2,NCGC00162383-13,activity,null,4,0,8.588,[H][C@@]1(C[C@](C)(N)[C@H](O)[C@H](C)O1)O[C@@H]2[C@@H](O)[C@H](O)[C@@H](CO)O[C@H]2OC3=C4OC5=C(Cl)C=C(C=C5)[C@@H](O)[C@]6([H])NC(=O)[C@]([H])(NC(=O)[C@]7([H])NC(=O)[C@H](CC(N)=O)NC(=O)[C@H](NC(=O)[C@@H](CC(C)C)NC)[C@H](O)C8=CC=C(OC3=CC7=C4)C(Cl)=C8)C9=CC=C(O)C(=C9)C%10=C(C=C(O)C=C%10O)[C@]([H])(NC6=O)C(O)=O,null,null,null,null,null,V8138,SIGMA,2021_LOPAC_01,null,null,Vancomycin hydrochloride from Streptomyces orientalis,null,4,null,null,null,8.684,0,null,null,null,null,null,null,null,null,null,0,null,null,8.588,-0.095,13.743,null,null,null,null,null,null,null,null,null,null,MYPYJXKWCTUITO,null,TRND,vnIpMbbVNbfZbIfRut,null,Anti-bacterial,null,null,CL,null,null,null,null,1404-93-9,mtgA,null,null,0,4,null,null,null,173032,null,1,1,2025-06-17 15:37:36,null,null,null,null,null,null,null,364794791,activity,null,HTS,null,-0.095,5.152,8.426,8.588,null,null,null,null,null,null,null,null,null,null,null,null,null,null,null,null,null,null,null,null,null,278940133
TRND-Glioblastoma_LOPAC_T98G-primary_screen2,NCGC00162324-08,activity,null,4,-17,12.538,C[C@@H](NCCC1=CC=C(O)C=C1)[C@@H](O)C2=CC=C(O)C=C2,null,null,null,null,null,R0758,SIGMA,2021_LOPAC_01,null,null,Ritodrine hydrochloride,null,4,null,null,null,13.72,13.5,4.955,0.448,0.853,null,null,null,null,null,null,30.5,null,null,25.309,11.589,96.876,96.382,null,null,null,null,null,null,null,null,null,IOVGROKTTNBUGK,null,TRND,NlRZJlNpWdbWVDoWCy,null,null,null,null,CL,null,null,null,null,23239-51-2,null,null,null,0,4,0,null,null,173032,0 0 0 0,1,1,2025-06-17 15:37:36,null,null,null,null,null,null,null,364790699,activity,null,HTS,null,25.309,11.589,17.087,12.538,null,null,null,null,null,null,null,null,null,null,null,null,null,null,null,null,null,null,null,null,null,278940134
TRND-Glioblastoma_LOPAC_T98G-primary_screen2,NCGC00015045-19,activity,null,4,0,1.197,CC(C[N+](C)(C)C)OC(C)=O,null,null,null,null,null,A2251,SIGMA,2021_LOPAC_01,null,null,Acetyl-beta-methylcholine chloride,null,4,null,null,null,6.125,0,null,null,null,null,null,null,null,null,null,0,null,null,5.8,-0.324,20.383,null,null,null,null,null,null,null,null,null,null,NZWOPGCLSHLLPA,null,TRND,WdyLxAvxJSgqbmcNzF,null,null,null,null,CL,null,null,null,null,62-51-1,null,null,null,0,4,null,null,null,173032,null,1,1,2025-06-17 15:37:36,null,null,null,null,null,null,null,364791711,activity,null,HTS,null,5.8,5.557,-0.324,1.197,null,null,null,null,null,null,null,null,null,null,null,null,null,null,null,null,null,null,null,null,null,278940135
TRND-Glioblastoma_LOPAC_T98G-primary_screen2,NCGC00186014-13,activity,null,4,0,-4.135,CC1=C(CCN2CCC(CC2)C3=NOC4=C3C=CC(F)=C4)/C(=O)N5CCCC(O)\C5=N\1,null,null,null,null,null,P0099,SIGMA,2021_LOPAC_01,null,null,Paliperidone,null,4,null,null,null,7.175,0,null,null,null,null,null,null,null,null,null,0,null,null,3.04,-4.135,-6.715,null,null,null,null,null,null,null,null,null,null,PMXMIIMHBWHSKN,null,TRND,MzbitIDvURfHqjOBmQ,null,null,null,null,null,null,null,null,null,144598-75-4,null,null,null,0,4,null,null,null,173032,null,1,1,2025-06-17 15:37:36,null,null,null,null,null,null,null,364790715,activity,null,HTS,null,-2.898,1.967,3.04,-4.135,null,null,null,null,null,null,null,null,null,null,null,null,null,null,null,null,null,null,null,null,null,278940136
TRND-Glioblastoma_LOPAC_T98G-primary_screen2,NCGC00013459-13,activity,null,4,11.55,2.316,NCCSSCCN,null,null,null,null,null,C7255,SIGMA,2021_LOPAC_01,null,null,Cystamine dihydrochloride,null,4,null,null,null,13.281,4.5,4.955,0.594,0.694,null,null,null,null,null,null,-7.05,null,null,8.656,-4.625,-4.004,-4.625,null,null,null,null,null,null,null,null,null,APQPRKLAWCIJEK,null,TRND,fKkkmWlwWbeOunuUNj,null,null,null,null,CL,null,null,null,null,51-85-4,null,null,null,0,4,0,null,null,173032,0 0 0 0,1,1,2025-06-17 15:37:36,null,null,null,null,null,null,null,364793987,activity,null,HTS,null,-4.625,8.656,2.238,2.316,null,null,null,null,null,null,null,null,null,null,null,null,null,null,null,null,null,null,null,null,null,278940137
TRND-Glioblastoma_LOPAC_T98G-primary_screen2,NCGC00162252-06,activity,null,4,0,-5.848,CC1=C(O)C(C=O)=C(COP([O-])([O-])=O)C(=N1)\N=N\C2=CC=C(C=C2)C([O-])=O,null,null,null,null,null,M7684,SIGMA,2021_LOPAC_01,null,null,MRS 2159,null,4,null,null,null,4.438,0,null,null,null,null,null,null,null,null,null,0,null,null,-1.517,-5.956,-14.155,null,null,null,null,null,null,null,null,null,null,NPBWMMRUXMTIRC,null,TRND,jMKaLNWpfyxsHesTVY,null,null,null,null,SODIUM,null,null,null,null,null,null,null,null,0,4,null,null,null,173032,null,1,1,2025-06-17 15:37:36,null,null,null,null,null,null,null,364793875,activity,null,HTS,null,-1.517,-5.956,-3.872,-5.848,null,null,null,null,null,null,null,null,null,null,null,null,null,null,null,null,null,null,null,null,null,278940138
TRND-Glioblastoma_LOPAC_T98G-primary_screen2,NCGC00015726-17,activity,null,4,0,1.392,O=C(CCNNC(=O)C1=CC=NC=C1)NCC2=CC=CC=C2,null,null,null,null,null,N1392,SIGMA,2021_LOPAC_01,null,null,Nialamide,null,4,null,null,null,2.51,0,null,null,null,null,null,null,null,null,null,0,null,null,1.392,-1.118,-1.745,null,null,null,null,null,null,null,null,null,null,NOIIUHRQUVNIDD,null,TRND,WAxitmPLOXnBgRvOWL,null,null,null,null,null,null,null,null,null,51-12-7,null,null,null,0,4,null,null,null,173032,null,1,1,2025-06-17 15:37:36,null,null,null,null,null,null,null,364794747,activity,null,HTS,null,-0.684,-1.118,0.289,1.392,null,null,null,null,null,null,null,null,null,null,null,null,null,null,null,null,null,null,null,null,null,278940139
TRND-Glioblastoma_LOPAC_T98G-primary_screen2,NCGC00162357-04,activity,null,4,0,1.905,[H][C@@]1(CNC2=C(N1)C(=O)NC(N)=N2)C(O)C(C)O,null,null,null,null,null,T4425,SIGMA,2021_LOPAC_01,null,null,"(6R)-5,6,7,8-Tetrahydro-L-biopterin hydrochloride",null,4,null,null,null,6.95,0,null,null,null,null,null,null,null,null,null,0,null,null,8.855,1.905,30.431,null,null,null,null,null,null,null,null,null,null,FNKQXYHWGSIFBK,null,TRND,atfekjuqkKBXNlFhxM,null,null,null,null,CL,null,null,null,null,null,null,null,null,0,4,null,null,null,173032,null,1,1,2025-06-17 15:37:36,null,null,null,null,null,null,null,364793503,activity,null,HTS,null,8.855,3.182,3.763,1.905,null,null,null,null,null,null,null,null,null,null,null,null,null,null,null,null,null,null,null,null,null,278940140
TRND-Glioblastoma_LOPAC_T98G-primary_screen2,NCGC00187909-14,activity,null,4,0,6.039,CCCCCCCCCCCCCCCCCCOP([O-])(=O)OC1CC[N+](C)(C)CC1,null,null,null,null,null,SML0612,SIGMA,2021_LOPAC_01,null,null,Perifosine,null,4,null,null,null,13.977,0,null,null,null,null,null,null,null,null,null,0,null,null,10.037,-3.94,30.036,null,null,null,null,null,null,null,null,null,null,SZFPYBIJACMNJV,null,TRND,dhwWcvueJlyacBtEgo,null,AKT serine/threonine kinase inhibitor,null,null,null,null,null,null,null,157716-52-4,AKT1,null,null,0,4,null,null,null,173032,null,1,1,2025-06-17 15:37:36,null,null,null,null,null,null,null,364791519,activity,null,HTS,null,8.142,-3.94,10.037,6.039,null,null,null,null,null,null,null,null,null,null,null,null,null,null,null,null,null,null,null,null,null,278940141
TRND-Glioblastoma_LOPAC_T98G-primary_screen2,NCGC00015822-27,activity,null,4,-28.654,-0.545,COC1=CC=C(CN(CCN(C)C)C2=CC=CC=N2)C=C1,null,null,null,null,null,P5514,SIGMA,2021_LOPAC_01,null,null,Pyrilamine maleate,null,4,null,null,null,20.437,-4.654,0.5,0.558,0.741,null,null,null,null,null,null,24,null,null,19.892,-0.545,68.33,62.093,null,null,null,null,null,null,null,null,null,YECBIJXISLIIDS,null,TRND,PRtqUMFtUmCmcEZjSI,null,null,null,null,MALEATE,null,null,null,null,59-33-6,null,null,null,0,4,0,null,null,173032,0 0 0 0,1,1,2025-06-17 15:37:36,null,null,null,null,null,null,null,364790999,activity,null,HTS,null,19.892,7.771,11.417,-0.545,null,null,null,null,null,null,null,null,null,null,null,null,null,null,null,null,null,null,null,null,null,278940142
TRND-Glioblastoma_LOPAC_T98G-primary_screen2,NCGC00507712-02,activity,null,4,-30.307,-24.423,COC1=CC=C(\C=C\C(=O)NC2=CC=C(C=C2)C(F)(F)F)C=C1OC,null,null,null,null,null,SML1626,SIGMA,2021_LOPAC_01,null,null,TFCA,null,4,null,null,null,31.454,-26.807,4.955,0.346,0.918,null,null,null,null,null,null,3.5,null,null,7.031,-24.423,-11.017,1.589,null,null,null,null,null,null,null,null,null,KFWWXJZNIMFFRO,null,TRND,WTNevBOyqIuhckBWNF,null,null,null,null,null,null,null,null,null,null,null,null,null,0,4,0,null,null,173032,0 0 0 0,1,1,2025-06-17 15:37:36,null,null,null,null,null,null,null,364792615,activity,null,HTS,null,-2.41,5.141,7.031,-24.423,null,null,null,null,null,null,null,null,null,null,null,null,null,null,null,null,null,null,null,null,null,278940143
TRND-Glioblastoma_LOPAC_T98G-primary_screen2,NCGC00015095-33,activity,null,4,-24.441,-17.867,CN(C)CCC=C1C2=C(CCC3=C1C=CC=C3)C=CC=C2,null,null,null,null,null,A8404,SIGMA,2021_LOPAC_01,null,null,Amitriptyline hydrochloride,null,4,null,null,null,22.655,-21.941,1.644,0.289,0.945,null,null,null,null,null,null,2.5,null,null,4.788,-17.867,0.58,-3.925,null,null,null,null,null,null,null,null,null,KRMDCWKBEZIMAB,null,TRND,XlfbnRWAIJyXMgUxoB,null,null,null,null,CL,null,null,null,null,549-18-8,null,null,null,0,4,0,null,null,173032,0 0 0 0,1,1,2025-06-17 15:37:36,null,null,null,null,null,null,null,364792311,activity,null,HTS,null,4.788,-1.21,-3.53,-17.867,null,null,null,null,null,null,null,null,null,null,null,null,null,null,null,null,null,null,null,null,null,278940144
TRND-Glioblastoma_LOPAC_T98G-primary_screen2,NCGC00015466-28,activity,null,4,-9.634,-3.862,NCC1(CC(O)=O)CCCCC1,null,null,null,null,null,G154,SIGMA,2021_LOPAC_01,null,null,Gabapentin,null,4,null,null,null,10.157,-4.134,3.677,0.185,0.979,null,null,null,null,null,null,5.5,null,null,6.295,-3.862,21.858,20.322,null,null,null,null,null,null,null,null,null,UGJMXCAKCUNAIE,null,TRND,LfmzTBBiWKjomJmYxV,null,Voltage-dependent calcium channel subunit alpha-2/delta-1 ligand,null,null,null,null,null,null,null,60142-96-3,CACNA2D1,null,null,0,4,0,null,null,173032,0 0 0 0,1,1,2025-06-17 15:37:36,null,null,null,null,null,null,null,364791995,activity,null,HTS,null,6.295,4.647,4.533,-3.862,null,null,null,null,null,null,null,null,null,null,null,null,null,null,null,null,null,null,null,null,null,278940145
TRND-Glioblastoma_LOPAC_T98G-primary_screen2,NCGC00015831-18,activity,null,4,-12.888,3.487,CN(C)CCC(C1=CC=CC=C1)C2=NC=CC=C2,null,null,null,null,null,P6902,SIGMA,2021_LOPAC_01,null,null,Pheniramine maleate,null,4,null,null,null,15.503,0.112,4.095,0.462,0.841,null,null,null,null,null,null,13,null,null,12.68,-2.823,36.594,37.504,null,null,null,null,null,null,null,null,null,IJHNSHDBIRRJRN,null,TRND,HzPEHWWDplnkLCbTuI,null,null,null,null,MALEATE,null,null,null,null,132-20-7,null,null,null,0,4,0,null,null,173032,0 0 0 0,1,1,2025-06-17 15:37:36,null,null,null,null,null,null,null,364791971,activity,null,HTS,null,12.68,2.213,-2.823,3.487,null,null,null,null,null,null,null,null,null,null,null,null,null,null,null,null,null,null,null,null,null,278940146
TRND-Glioblastoma_LOPAC_T98G-primary_screen2,NCGC00015385-30,activity,null,4,0,-3.247,OCCN(CCO)C1=NC2=C(N=C(N=C2C(=N1)N3CCCCC3)N(CCO)CCO)N4CCCCC4,null,null,null,null,null,D9766,SIGMA,2021_LOPAC_01,null,null,Dipyridamole,null,4,null,null,null,7.12,0,null,null,null,null,null,null,null,null,null,0,null,null,3.874,-3.247,9.666,null,null,null,null,null,null,null,null,null,null,IZEKFCXSFNUWAM,null,TRND,qlRvqadWHTeLuxDXeJ,null,null,null,null,null,null,null,null,null,58-32-2,null,null,null,0,4,null,null,null,173032,null,1,1,2025-06-17 15:37:36,null,null,null,null,null,null,null,364794263,activity,null,HTS,null,2.554,2.254,3.874,-3.247,null,null,null,null,null,null,null,null,null,null,null,null,null,null,null,null,null,null,null,null,null,278940147
TRND-Glioblastoma_LOPAC_T98G-primary_screen2,NCGC00185990-21,activity,null,4,-10.822,-9.018,OC(=O)C1CCN2C1=CC=C2C(=O)C3=CC=CC=C3,null,null,null,null,null,K1136,SIGMA,2021_LOPAC_01,null,null,Ketorolac tris salt,null,4,null,null,null,11.102,-9.322,4.504,0.171,0.982,null,null,null,null,null,null,1.5,null,null,2.084,-9.018,-1.234,1.227,null,null,null,null,null,null,null,null,null,OZWKMVRBQXNZKK,null,TRND,fXuhBAJOQuYsWqOoaF,null,null,null,null,TROMETHAMINE,null,null,null,null,null,null,null,null,0,4,0,null,null,173032,0 0 0 0,1,1,2025-06-17 15:37:36,null,null,null,null,null,null,null,364792527,activity,null,HTS,null,0.437,2.084,1.199,-9.018,null,null,null,null,null,null,null,null,null,null,null,null,null,null,null,null,null,null,null,null,null,278940148
TRND-Glioblastoma_LOPAC_T98G-primary_screen2,NCGC00023217-21,activity,null,4,-23,4.407,CC1=CC=C(Cl)C(NC2=CC=CC=C2C([O-])=O)=C1Cl,null,null,null,null,null,M4531,SIGMA,2021_LOPAC_01,null,null,Meclofenamic acid sodium,null,4,null,null,null,18.745,5,1.134,0.151,0.986,null,null,null,null,null,null,28,null,null,23.152,4.407,80.845,80.205,null,null,null,null,null,null,null,null,null,SBDNJUWAMKYJOX,null,TRND,hdmlcfIdWOqIitHOBF,null,null,null,null,SODIUM,null,null,null,null,6385-02-0,null,null,null,0,4,0,null,null,173032,0 0 0 0,1,1,2025-06-17 15:37:36,null,null,null,null,null,null,null,364790631,activity,null,HTS,null,23.152,12.422,8.006,4.407,null,null,null,null,null,null,null,null,null,null,null,null,null,null,null,null,null,null,null,null,null,278940149
TRND-Glioblastoma_LOPAC_T98G-primary_screen2,NCGC00167848-11,activity,10,-3,-89.58,-88.403,[O-][N+](=O)C1=CC2=C(C=C[S+]2([O-])=O)C=C1,null,null,null,null,null,S7947,SIGMA,2021_LOPAC_01,-5,null,Stattic,null,-3,null,null,null,91.937,-88.58,4.955,0.058,0.998,null,null,null,null,null,null,1,null,null,3.534,-88.403,-54.383,-49.698,null,null,null,null,null,null,null,null,null,ZRRGOUHITGRLBA,null,TRND,sKSPzaKaScdBSOhMmP,null,null,null,null,null,null,null,null,null,null,null,null,null,0,4,0,null,null,173032,0 0 0 0,1,1,2025-06-17 15:37:36,null,null,null,null,null,null,null,364790651,activity,null,HTS,10.537233,-1.277,3.534,-9.776,-88.403,null,null,null,null,null,null,null,null,null,null,null,null,null,null,null,null,null,null,null,null,null,278940150
TRND-Glioblastoma_LOPAC_T98G-primary_screen2,NCGC00386282-12,activity,null,4,-12.985,3.248,CCCC(C)NC(=O)C1=CC=C(Cl)C(Cl)=C1,null,null,null,null,null,SML0518,SIGMA,2021_LOPAC_01,null,null,NSC405020,null,4,null,null,null,12.138,-4.485,2.188,1,1,null,null,null,null,null,null,8.5,null,null,7.984,-4.154,17.528,17.354,null,null,null,null,null,null,null,null,null,ARDYECYBETXQFD,null,TRND,DcJPibliRumhYKjNsI,null,null,null,null,null,null,null,null,null,null,null,null,null,0,4,1,null,null,173032,0 0 0 1,1,1,2025-06-17 15:37:36,null,null,null,null,null,null,null,364793427,activity,null,HTS,null,7.984,0.66,-4.154,3.248,null,null,null,null,null,null,null,null,null,null,null,null,null,null,null,null,null,null,null,null,null,278940151
TRND-Glioblastoma_LOPAC_T98G-primary_screen2,NCGC00181016-21,activity,null,4,-41.22,-28.517,CC1=C(C=C2C(=C1)C(C)(C)CCC2(C)C)C(=C)C3=CC=C(C=C3)C(O)=O,null,null,null,null,null,SML0282,SIGMA,2021_LOPAC_01,null,null,Bexarotene,null,4,null,null,null,31.499,-38.22,1.01,0.107,0.993,null,null,null,null,null,null,3,null,null,2.983,-28.517,-16.768,-18.425,null,null,null,null,null,null,null,null,null,NAVMQTYZDKMPEU,null,TRND,tIxpPCXDxVQaYtABqM,null,Retinoic Acid Receptor RXR-alpha agonist,null,null,null,null,null,null,null,153559-49-0,RXRA,null,null,0,4,0,null,null,173032,0 0 0 0,1,1,2025-06-17 15:37:36,null,null,null,null,null,null,null,364792739,activity,null,HTS,null,2.983,-2.8,-11.58,-28.517,null,null,null,null,null,null,null,null,null,null,null,null,null,null,null,null,null,null,null,null,null,278940152
TRND-Glioblastoma_LOPAC_T98G-primary_screen2,NCGC00015748-37,activity,10,-2.2,-51.594,-31.749,COC(=O)C1=C(C)NC(C)=C(C1C2=C(C=CC=C2)[N+]([O-])=O)C(=O)OC,null,null,null,null,null,N7634,SIGMA,2021_LOPAC_01,-5,null,Nifedipine,null,-3,null,null,null,44.956,-38.094,1.626,0.006,1,null,null,null,null,null,null,13.5,null,null,13.207,-31.749,25.201,25.666,null,null,null,null,null,null,null,null,null,HYIMSNHJOBLJNT,null,TRND,pmhPDpPLSVngVoLDnB,null,null,null,null,null,null,null,null,null,21829-25-4,null,null,null,0,4,0,null,null,173032,0 0 0 0,1,1,2025-06-17 15:37:36,null,null,null,null,null,null,null,364791615,activity,null,HTS,null,13.207,11.592,-4.094,-31.749,null,null,null,null,null,null,null,null,null,null,null,null,null,null,null,null,null,null,null,null,null,278940153
TRND-Glioblastoma_LOPAC_T98G-primary_screen2,NCGC00015823-32,activity,null,4,0,1.438,CN1C(C(=O)NC2=CC=CC=N2)=C(O)C3=C(C=CC=C3)[S+]1([O-])=O,null,null,null,null,null,P5654,SIGMA,2021_LOPAC_01,null,null,Piroxicam,null,4,null,null,null,9.694,0,null,null,null,null,null,null,null,null,null,0,null,null,11.132,1.438,40.367,null,null,null,null,null,null,null,null,null,null,IAPMPNKHZPZVQU,null,TRND,NnRGHTkhLwfnKjLxMw,null,null,null,null,null,null,null,null,null,36322-90-4,null,null,null,0,4,null,null,null,173032,null,1,1,2025-06-17 15:37:36,null,null,null,null,null,null,null,364791639,activity,null,HTS,null,11.132,3.366,9.104,1.438,null,null,null,null,null,null,null,null,null,null,null,null,null,null,null,null,null,null,null,null,null,278940154
TRND-Glioblastoma_LOPAC_T98G-primary_screen2,NCGC00015287-21,activity,null,4,0,-7.662,N[C@@H](CCONC(N)=N)C(O)=O,null,null,null,null,null,C9758,SIGMA,2021_LOPAC_01,null,null,L-Canavanine sulfate,null,4,null,null,null,8.586,0,null,null,null,null,null,null,null,null,null,0,null,null,0.924,-7.662,-17.205,null,null,null,null,null,null,null,null,null,null,FSBIGDSBMBYOPN,null,TRND,RIOmRxyfmuYJwilSBl,null,null,null,null,SULFURIC_ACID,null,null,null,null,2219-31-0,null,null,null,0,4,null,null,null,173032,null,1,1,2025-06-17 15:37:36,null,null,null,null,null,null,null,364795315,activity,null,HTS,null,-3.406,-6.257,0.924,-7.662,null,null,null,null,null,null,null,null,null,null,null,null,null,null,null,null,null,null,null,null,null,278940155
TRND-Glioblastoma_LOPAC_T98G-primary_screen2,NCGC00162085-11,activity,null,4,-26.6,-23.834,[H][C@@]12C[C@@](O)(CCN1C[C@@]3([H])C4=C(CCC5=C3C2=CC=C5)C=CC=C4)C(C)(C)C,null,null,null,null,null,D033,SIGMA,2021_LOPAC_01,null,null,(+)-Butaclamol hydrochloride,null,4,null,null,null,29.628,-25.6,4.955,0.374,0.903,null,null,null,null,null,null,1,null,null,5.794,-23.834,1.621,-8.341,null,null,null,null,null,null,null,null,null,ZZJYIKPMDIWRSN,null,TRND,lXGQCeNIHZwLDfqdpK,null,null,null,null,CL,null,null,null,null,[NO STEREO] 36504-94-6,null,null,null,0,4,0,null,null,173032,0 0 0 0,1,1,2025-06-17 15:37:36,null,null,null,null,null,null,null,364794907,activity,null,HTS,null,5.794,-4.164,1.4,-23.834,null,null,null,null,null,null,null,null,null,null,null,null,null,null,null,null,null,null,null,null,null,278940156
TRND-Glioblastoma_LOPAC_T98G-primary_screen2,NCGC00162106-18,activity,null,4,-13.657,-4.237,[H][C@]12SCC(C[N+]3=CC=C(C=C3)C(N)=O)=C(N1C(=O)[C@H]2NC(=O)[C@@H](C4=CC=CC=C4)S([O-])(=O)=O)C([O-])=O,null,null,null,null,null,C8145,SIGMA,2021_LOPAC_01,null,null,Cefsulodin sodium salt hydrate,null,4,null,null,null,15.38,-13.657,4.955,1,0.846,null,null,null,null,null,null,0,null,null,3.166,-12.214,-20.798,-15.6,null,null,null,null,null,null,null,null,null,SYLKGLMBLAAGSC,null,TRND,JqnyQAYQeQgQnrBRyT,null,null,null,null,SODIUM,null,null,null,null,52152-93-9,null,null,null,0,4,1,null,null,173032,0 0 0 1,1,1,2025-06-17 15:37:36,null,null,null,null,null,null,null,364791463,activity,null,HTS,null,-2.9,3.166,-12.214,-4.237,null,null,null,null,null,null,null,null,null,null,null,null,null,null,null,null,null,null,null,null,null,278940157
TRND-Glioblastoma_LOPAC_T98G-primary_screen2,NCGC00015468-08,activity,null,4,0,-0.443,CN(C)C1=NC=C2N=CN=C(NC3=CC4=C(C=C3)N(CC5=CC=CC=C5)N=C4)C2=C1,null,null,null,null,null,G0668,SIGMA,2021_LOPAC_01,null,null,GW2974,null,4,null,null,null,8.875,0,null,null,null,null,null,null,null,null,null,0,null,null,6.663,-2.212,2.478,null,null,null,null,null,null,null,null,null,null,DYYZXRCFCVDSKD,null,TRND,NKoHcWyneMDNzvNiZD,null,null,null,null,null,null,null,null,null,null,null,null,null,0,4,null,null,null,173032,null,1,1,2025-06-17 15:37:36,null,null,null,null,null,null,null,364792099,activity,null,HTS,null,-2.212,6.663,5.998,-0.443,null,null,null,null,null,null,null,null,null,null,null,null,null,null,null,null,null,null,null,null,null,278940158
TRND-Glioblastoma_LOPAC_T98G-primary_screen2,NCGC00025271-16,activity,19.952623,-3,-63.813,-57.697,CC(C)(C)C1=CC=C(C=C1)[S+]([O-])(=O)\C=C\C#N,null,null,null,null,null,B5681,SIGMA,2021_LOPAC_01,-4.7,null,Bay 11-7085,null,-3,null,null,null,65.966,-62.313,4.955,0.222,0.968,null,null,null,null,null,null,1.5,null,null,8.269,-57.697,-36.514,-24.235,null,null,null,null,null,null,null,null,null,VHKZGNPOHPFPER,null,TRND,LHyapSgXfvJZZxfZxn,null,null,null,null,null,null,null,null,null,null,null,null,null,0,4,0,null,null,173032,0 0 0 0,1,1,2025-06-17 15:37:36,null,null,null,null,null,null,null,364791999,activity,null,HTS,26.474598,-4.442,0.517,8.269,-57.697,null,null,null,null,null,null,null,null,null,null,null,null,null,null,null,null,null,null,null,null,null,278940159
TRND-Glioblastoma_LOPAC_T98G-primary_screen2,NCGC00686675-02,activity,null,4,-10.888,-2.034,[O-][S+](=O)(N1CCC(CC1)C(=O)NCC2=CC=C(F)C=C2)C3=CC(Cl)=CC(Cl)=C3,null,null,null,null,null,SML2214,SIGMA,2021_LOPAC_01,null,null,BI01383298,null,4,null,null,null,10.855,-2.888,4.955,0.165,0.983,null,null,null,null,null,null,8,null,null,7.198,-3.657,14.313,14.49,null,null,null,null,null,null,null,null,null,GBCUMZFCIPACCY,null,TRND,yFVXcPJvXcJPUMNFgf,null,null,null,null,null,null,null,null,null,null,null,null,null,0,4,0,null,null,173032,0 0 0 0,1,1,2025-06-17 15:37:36,null,null,null,null,null,null,null,364793591,activity,null,HTS,null,7.198,-2.913,-3.657,-2.034,null,null,null,null,null,null,null,null,null,null,null,null,null,null,null,null,null,null,null,null,null,278940160
TRND-Glioblastoma_LOPAC_T98G-primary_screen2,NCGC00015906-10,activity,null,4,-11.332,1.37,COC1=C(C=CC=C1)N2CCNCC2,null,null,null,null,null,S008,SIGMA,2021_LOPAC_01,null,null,1-(2-Methoxyphenyl)piperazine hydrochloride,null,4,null,null,null,10.915,0.668,4.955,0.562,0.739,null,null,null,null,null,null,12,null,null,8.555,-2.36,25.094,25.101,null,null,null,null,null,null,null,null,null,VNZLQLYBRIOLFZ,null,TRND,kEhNGqAPEUXrYcHMfV,null,null,null,null,CL,null,null,null,null,5464-78-8,null,null,null,0,4,0,null,null,173032,0 0 0 0,1,1,2025-06-17 15:37:36,null,null,null,null,null,null,null,364790867,activity,null,HTS,null,8.555,-2.36,3.262,1.37,null,null,null,null,null,null,null,null,null,null,null,null,null,null,null,null,null,null,null,null,null,278940161
TRND-Glioblastoma_LOPAC_T98G-primary_screen2,NCGC00024622-11,activity,null,4,-8,9.656,[O-][N+](=O)C1=CC=C(C=C1)C2=CC=C(O2)\C=N\N3CC(=O)[N-]C3=O,null,null,null,null,null,D9175,SIGMA,2021_LOPAC_01,null,null,Dantrolene sodium,null,4,null,null,null,11.681,4.5,4.955,1,0.356,null,null,null,null,null,null,12.5,null,null,17.655,5.974,40.079,50.022,null,null,null,null,null,null,null,null,null,OZOMQRBLCMDCEG,null,TRND,WUeHOGkFcGwDRiPNor,null,null,null,null,SODIUM,null,null,null,null,14663-23-1,null,null,null,0,4,1,null,null,173032,0 0 0 1,1,1,2025-06-17 15:37:36,null,null,null,null,null,null,null,364791707,activity,null,HTS,null,7.359,17.655,5.974,9.656,null,null,null,null,null,null,null,null,null,null,null,null,null,null,null,null,null,null,null,null,null,278940162
TRND-Glioblastoma_LOPAC_T98G-primary_screen2,NCGC00015735-26,activity,0.891251,-1.4,-62.139,-68.742,OC1=C(C=C(Cl)C=C1)C(=O)NC2=C(Cl)C=C(C=C2)[N+]([O-])=O,null,null,null,null,null,N3510,SIGMA,2021_LOPAC_01,-6.05,null,Niclosamide,null,-1.1,null,null,null,68.916,-76.19,4.095,0.249,0.96,null,null,null,null,null,null,-14.05,null,null,-14.625,-83.541,-181.487,-179.725,null,null,null,null,null,null,null,null,null,RJMUSRYZPJIFPJ,null,TRND,GtPqBDPYIMgDFhiGvl,null,ATP synthase inhibitor,null,null,null,null,null,null,null,50-65-7,ATP5F1A,null,null,0,4,0,null,null,173032,0 0 0 0,1,1,2025-06-17 15:37:36,null,null,null,null,null,null,null,364794763,activity,null,HTS,1.043714,-14.625,-66.317,-83.541,-68.742,null,null,null,null,null,null,null,null,null,null,null,null,null,null,null,null,null,null,null,null,null,278940163
TRND-Glioblastoma_LOPAC_T98G-primary_screen2,NCGC00016055-29,activity,null,4,0,11.491,COC1=CC(CC2=C(N)N=C(N)N=C2)=CC(OC)=C1OC,null,null,null,null,null,T7883,SIGMA,2021_LOPAC_01,null,null,Trimethoprim,null,4,null,null,null,2.13,0,null,null,null,null,null,null,null,null,null,0,null,null,13.558,11.428,60.013,null,null,null,null,null,null,null,null,null,null,IEDVJHCEMCRBQM,null,TRND,QlDZRuMQCmnxoFccRW,null,null,null,null,null,null,null,null,null,738-70-5,null,null,null,0,4,null,null,null,173032,null,1,1,2025-06-17 15:37:36,null,null,null,null,null,null,null,364795495,activity,null,HTS,null,13.558,11.958,11.428,11.491,null,null,null,null,null,null,null,null,null,null,null,null,null,null,null,null,null,null,null,null,null,278940164
TRND-Glioblastoma_LOPAC_T98G-primary_screen2,NCGC00079175-08,activity,14.125375,-3,-27.747,-30.623,BrC1=CC=C2N=CN=C(NCC=C)C2=C1,null,null,null,null,null,S8197,SIGMA,2021_LOPAC_01,-4.85,null,SMER28,null,-3,null,null,null,32.075,-31.747,3.627,0.436,0.861,null,null,null,null,null,null,-4,null,null,1.452,-30.623,-49.665,-33.961,null,null,null,null,null,null,null,null,null,BCPOLXUSCUFDGE,null,TRND,PJIjKUzwHaPwNinBtu,null,null,null,null,null,null,null,null,null,null,null,null,null,0,4,0,null,null,173032,0 0 0 0,1,1,2025-06-17 15:37:36,null,null,null,null,null,null,null,364793855,activity,null,HTS,null,-10.996,1.452,-5.815,-30.623,null,null,null,null,null,null,null,null,null,null,null,null,null,null,null,null,null,null,null,null,null,278940165
TRND-Glioblastoma_LOPAC_T98G-primary_screen2,NCGC00016192-05,activity,null,4,-13.5,6.353,CCCC(CCC)C([O-])=O,null,null,null,null,null,P4543,SIGMA,2021_LOPAC_01,null,null,Valproic acid sodium,null,4,null,null,null,17.247,4,4.955,0.379,0.9,null,null,null,null,null,null,17.5,null,null,19.261,2.014,60.913,65.602,null,null,null,null,null,null,null,null,null,NIJJYAXOARWZEE,null,TRND,AReUmnVfhsluzvDyRY,null,null,null,null,SODIUM,null,null,null,null,[NO STEREO] 1069-66-5,null,null,null,0,4,0,null,null,173032,0 0 0 0,1,1,2025-06-17 15:37:36,null,null,null,null,null,null,null,364790983,activity,null,HTS,null,15.389,19.261,2.014,6.353,null,null,null,null,null,null,null,null,null,null,null,null,null,null,null,null,null,null,null,null,null,278940166
TRND-Glioblastoma_LOPAC_T98G-primary_screen2,NCGC00015988-15,activity,null,4,0,0.064,S=C(NC1CCCCC1)N2CCC(CC2)C3=CNC=N3,null,null,null,null,null,T123,SIGMA,2021_LOPAC_01,null,null,Thioperamide maleate,null,4,null,null,null,9.047,0,null,null,null,null,null,null,null,null,null,0,null,null,5.799,-3.248,15.765,null,null,null,null,null,null,null,null,null,null,QKDDJDBFONZGBW,null,TRND,qbheYTciryEVkNBfuI,null,null,null,null,MALEATE,null,null,null,null,null,null,null,null,0,4,null,null,null,173032,null,1,1,2025-06-17 15:37:36,null,null,null,null,null,null,null,364791547,activity,null,HTS,null,5.799,2.732,-3.248,0.064,null,null,null,null,null,null,null,null,null,null,null,null,null,null,null,null,null,null,null,null,null,278940167
TRND-Glioblastoma_LOPAC_T98G-primary_screen2,NCGC00165795-05,activity,null,4,-11.058,-4.509,ClC1=CC=C(C=C1)N2CCN(CC3=NN4C=CC=CC4=C3)CC2,null,null,null,null,null,F4429,SIGMA,2021_LOPAC_01,null,null,FAUC 213,null,4,null,null,null,14.388,-2.058,4.955,0.723,0.417,null,null,null,null,null,null,9,null,null,6.84,-7.548,14.945,15.002,null,null,null,null,null,null,null,null,null,DTRXURJDKOYCCD,null,TRND,fpKsZGTEXSipSiXBCV,null,null,null,null,null,null,null,null,null,337972-47-1,null,null,null,0,4,0,null,null,173032,0 0 0 0,1,1,2025-06-17 15:37:36,null,null,null,null,null,null,null,364792179,activity,null,HTS,null,6.84,-7.548,5.158,-4.509,null,null,null,null,null,null,null,null,null,null,null,null,null,null,null,null,null,null,null,null,null,278940168
TRND-Glioblastoma_LOPAC_T98G-primary_screen2,NCGC00022304-27,activity,3.162278,-2.4,-28.5,10.912,CC(=O)N[C@@H](CS)C(O)=O,null,null,null,null,null,A7250,SIGMA,2021_LOPAC_01,-5.5,null,N-Acetyl-L-Cysteine,null,4,null,null,null,17.808,5.5,0.6,0.018,1,null,null,null,null,null,null,34,null,null,28.721,10.912,113.383,113.501,null,null,null,null,null,null,null,null,null,PWKSKIMOESPYIA,null,TRND,FujJYIucoLzShfVkfy,null,NF-kappaB (NFKB) Activation inhibitor,null,null,null,null,null,null,null,616-91-1,NFKB1,null,null,0,4,0,null,null,173032,0 0 0 0,1,1,2025-06-17 15:37:36,null,null,null,null,null,null,null,364790535,activity,null,HTS,null,28.721,23.421,16.552,10.912,null,null,null,null,null,null,null,null,null,null,null,null,null,null,null,null,null,null,null,null,null,278940169
TRND-Glioblastoma_LOPAC_T98G-primary_screen2,NCGC00015389-18,activity,null,4,0,9.112,CC(C)C1=CC=CC(C(C)C)=C1O,null,null,null,null,null,D126608,SIGMA,2021_LOPAC_01,null,null,Propofol,null,4,null,null,null,6.175,0,null,null,null,null,null,null,null,null,null,0,null,null,10.7,4.526,45.115,null,null,null,null,null,null,null,null,null,null,OLBCVFGFOZPWHH,null,TRND,hKjQhpiwUOhJPRgtGx,null,Transient receptor potential cation channel subfamily V member 1 agonist,null,null,null,null,null,null,null,2078-54-8,TRPV1,null,null,0,4,null,null,null,173032,null,1,1,2025-06-17 15:37:36,null,null,null,null,null,null,null,364792395,activity,null,HTS,null,10.7,10.683,4.526,9.112,null,null,null,null,null,null,null,null,null,null,null,null,null,null,null,null,null,null,null,null,null,278940170
TRND-Glioblastoma_LOPAC_T98G-primary_screen2,NCGC00185850-24,activity,10,-2.1,-103.298,-94.634,COC1=C(OC)C=C2C(NC3CCN(CC4=CC=CC=C4)CC3)=NC(=NC2=C1)N5CCCN(C)CC5,null,null,null,null,null,B9311,SIGMA,2021_LOPAC_01,-5,null,BIx 01294 trihydrochloride hydrate,null,-2.1,null,null,null,99.838,-98.798,2.588,0.023,1,null,null,null,null,null,null,4.5,null,null,5.204,-94.634,-48.758,-50.008,null,null,null,null,null,null,null,null,null,OSXFATOLZGZLSK,null,TRND,FyKRWoocezLbhWRFeB,null,DNA Methyltransferase (DNMT) inhibitor,null,null,CL,null,null,null,null,null,DNMT1,null,null,0,4,0,null,null,173032,0 0 0 0,1,1,2025-06-17 15:37:36,null,null,null,null,null,null,null,364790963,activity,null,HTS,10.094486,5.204,2.72,-21.956,-94.634,null,null,null,null,null,null,null,null,null,null,null,null,null,null,null,null,null,null,null,null,null,278940171
TRND-Glioblastoma_LOPAC_T98G-primary_screen2,NCGC00024667-34,activity,null,4,-12,3.708,C[C@](N)(CC1=CC(O)=C(O)C=C1)C(O)=O,null,null,null,null,null,M129,SIGMA,2021_LOPAC_01,null,null,L-alpha-Methyl DOPA,null,4,null,null,null,13.209,2,3.929,0.241,0.963,null,null,null,null,null,null,14,null,null,14.013,0.804,50.521,50.232,null,null,null,null,null,null,null,null,null,CJCSPKMFHVPWAR,null,TRND,HRhsIHcujKRUVPOkwX,null,Aromatic-L-amino-acid decarboxylase inhibitor,null,null,null,null,null,null,null,555-30-6,DDC,null,null,0,4,0,null,null,173032,0 0 0 0,1,1,2025-06-17 15:37:36,null,null,null,null,null,null,null,364794075,activity,null,HTS,null,14.013,13.053,0.804,3.708,null,null,null,null,null,null,null,null,null,null,null,null,null,null,null,null,null,null,null,null,null,278940172
TRND-Glioblastoma_LOPAC_T98G-primary_screen2,NCGC00185994-13,activity,null,4,-10.582,-8.818,CCC1=CC=C(\C=C2\SC(=S)NC2=O)C=C1,null,null,null,null,null,F3680,SIGMA,2021_LOPAC_01,null,null,10058-F4,null,4,null,null,null,12.332,-12.082,4.955,0.691,0.509,null,null,null,null,null,null,-1.5,null,null,3.514,-8.818,-13.183,-10.924,null,null,null,null,null,null,null,null,null,SVXDHPADAXBMFB,null,TRND,wsVOYycVvKxsUXYTbT,null,Myc proto-oncogene protein inhibitor,null,null,null,null,null,null,null,null,MYC,null,null,0,4,0,null,null,173032,0 0 0 0,1,1,2025-06-17 15:37:36,null,null,null,null,null,null,null,364793007,activity,null,HTS,null,-2.66,-5.185,3.514,-8.818,null,null,null,null,null,null,null,null,null,null,null,null,null,null,null,null,null,null,null,null,null,278940173
TRND-Glioblastoma_LOPAC_T98G-primary_screen2,NCGC00163151-08,activity,null,4,0,3.744,CC(CC1=CC=C(OCC(O)=O)C=C1)NCC(O)C2=CC(Cl)=CC=C2,null,null,null,null,null,B169,SIGMA,2021_LOPAC_01,null,null,BRL 37344 sodium,null,4,null,null,null,2.174,0,null,null,null,null,null,null,null,null,null,0,null,null,5.918,3.744,23.151,null,null,null,null,null,null,null,null,null,null,ZGGNJJJYUVRADP,null,TRND,RKpmQYgXjVCvOTmEUG,null,null,null,null,SODIUM,null,null,null,null,127299-93-8 (anhydrous),null,null,null,0,4,null,null,null,173032,null,1,1,2025-06-17 15:37:36,null,null,null,null,null,null,null,364792703,activity,null,HTS,null,4.934,5.918,4.796,3.744,null,null,null,null,null,null,null,null,null,null,null,null,null,null,null,null,null,null,null,null,null,278940174
TRND-Glioblastoma_LOPAC_T98G-primary_screen2,NCGC00015304-11,activity,null,4,-20.121,3.971,C[N+]1(C)CCC(CC1)OC(=O)C(C2=CC=CC=C2)C3=CC=CC=C3,null,null,null,null,null,SML0255,SIGMA,2021_LOPAC_01,null,null,4-DAMP,null,4,null,null,null,18.803,-15.621,2.406,1,1,null,null,null,null,null,null,4.5,null,null,4.536,-14.267,-4.859,-5.994,null,null,null,null,null,null,null,null,null,HYJRTXSYDAFGJK,null,TRND,gqPvONAfTWLElXeeyb,null,null,null,null,I,null,null,null,null,null,null,null,null,0,4,1,null,null,173032,0 0 0 1,1,1,2025-06-17 15:37:36,null,null,null,null,null,null,null,364792155,activity,null,HTS,null,4.536,0.044,-14.267,3.971,null,null,null,null,null,null,null,null,null,null,null,null,null,null,null,null,null,null,null,null,null,278940175
TRND-Glioblastoma_LOPAC_T98G-primary_screen2,NCGC00370685-07,activity,12.589254,-2.1,-110.539,-89.616,CC(C)C[C@H](C(O)=O)C1=CC(=CC(=C1)C2=CC=C(C=C2)C(F)(F)F)C3=CC=C(C=C3)C(F)(F)F,null,null,null,null,null,SML0683,SIGMA,2021_LOPAC_01,-4.9,null,JNJ-40418677,null,-2.1,null,null,null,93.327,-107.539,1.644,0.025,1,null,null,null,null,null,null,3,null,null,3.711,-89.616,-55.502,-56.785,null,null,null,null,null,null,null,null,null,RQOWDDLKGBMJFX,null,TRND,UMsUnMKpBwOAStKrJY,null,null,null,null,null,null,null,null,null,1146594-87-7,null,null,null,0,4,0,null,null,173032,0 0 0 0,1,1,2025-06-17 15:37:36,null,null,null,null,null,null,null,364792927,activity,null,HTS,11.558224,3.711,-0.547,-26.183,-89.616,null,null,null,null,null,null,null,null,null,null,null,null,null,null,null,null,null,null,null,null,null,278940176
TRND-Glioblastoma_LOPAC_T98G-primary_screen2,NCGC00015063-10,activity,null,4,0,0.99,NC(CP(O)(O)=O)C(O)=O,null,null,null,null,null,A4910,SIGMA,2021_LOPAC_01,null,null,(±)-2-Amino-3-phosphonopropionic acid,null,4,null,null,null,9.382,0,null,null,null,null,null,null,null,null,null,0,null,null,6.091,-3.291,10.706,null,null,null,null,null,null,null,null,null,null,LBTABPSJONFLPO,null,TRND,ePBPZokqXLlWQagzgw,null,null,null,null,null,null,null,null,null,null,null,null,null,0,4,null,null,null,173032,null,1,1,2025-06-17 15:37:36,null,null,null,null,null,null,null,364794299,activity,null,HTS,null,2.964,-3.291,6.091,0.99,null,null,null,null,null,null,null,null,null,null,null,null,null,null,null,null,null,null,null,null,null,278940177
TRND-Glioblastoma_LOPAC_T98G-primary_screen2,NCGC00357427-12,activity,null,4,-14.506,-10.421,NCCOC1=CC(=NC(=C1)C(=O)NC2=NC3=CC=CC=C3C(OCCN)=C2)C(=O)NC4=NC5=CC=CC=C5C(OCCN)=C4,null,null,null,null,null,SML0678,SIGMA,2021_LOPAC_01,null,null,Pyridostatin trifluoroacetate salt,null,4,null,null,null,18.876,-10.506,3.065,0.549,0.752,null,null,null,null,null,null,4,null,null,8.455,-10.421,-2.313,8.316,null,null,null,null,null,null,null,null,null,VGHSATQVJCTKEF,null,TRND,zeRdiwxvwshnVgSLQP,null,G-quadraplex binding ligand,null,null,TFA,null,null,null,null,null,H2AX,null,null,0,4,0,null,null,173032,0 0 0 0,1,1,2025-06-17 15:37:36,null,null,null,null,null,null,null,364791299,activity,null,HTS,null,-0.924,8.455,-0.255,-10.421,null,null,null,null,null,null,null,null,null,null,null,null,null,null,null,null,null,null,null,null,null,278940178
TRND-Glioblastoma_LOPAC_T98G-primary_screen2,NCGC00016954-21,activity,null,4,-6.624,-1.246,CCCN1CCC[C@@H]2CC3=NNC=C3C[C@@H]12,null,null,null,null,null,Q102,SIGMA,2021_LOPAC_01,null,null,(-)-Quinpirole hydrochloride,null,4,null,null,null,10.121,-1.624,4.955,0.635,0.627,null,null,null,null,null,null,5,null,null,8.35,-1.77,7.925,15.539,null,null,null,null,null,null,null,null,null,FTSUPYGMFAPCFZ,null,TRND,ryWdWkVdVpvfHhJMXl,null,null,null,null,CL,null,null,null,null,85798-08-9,null,null,null,0,4,0,null,null,173032,0 0 0 0,1,1,2025-06-17 15:37:36,null,null,null,null,null,null,null,364791955,activity,null,HTS,null,1.435,8.35,-1.77,-1.246,null,null,null,null,null,null,null,null,null,null,null,null,null,null,null,null,null,null,null,null,null,278940179
TRND-Glioblastoma_LOPAC_T98G-primary_screen2,NCGC00162270-06,activity,null,4,0,0.36,OC[C@H]1O[C@H]([C@H](O)C1O)N2C=NC3=C2N=CN=C3SCC4=CC=C(C=C4)[N+]([O-])=O,null,null,null,null,null,N2255,SIGMA,2021_LOPAC_01,null,null,S-(4-Nitrobenzyl)-6-thioinosine,null,4,null,null,null,7.296,0,null,null,null,null,null,null,null,null,null,0,null,null,0.728,-6.568,-2.216,null,null,null,null,null,null,null,null,null,null,DYCJFJRCWPVDHY,null,TRND,FZhMuIzWgBfoehKNFJ,null,Kynurenine Aminotransferase II (KAT II) inhibitor,null,null,null,null,null,null,null,null,AADAT,null,null,0,4,null,null,null,173032,null,1,1,2025-06-17 15:37:36,null,null,null,null,null,null,null,364792847,activity,null,HTS,null,0.728,0.24,-6.568,0.36,null,null,null,null,null,null,null,null,null,null,null,null,null,null,null,null,null,null,null,null,null,278940180
TRND-Glioblastoma_LOPAC_T98G-primary_screen2,NCGC00015713-27,activity,8.912509,-2.4,-28.083,-13.82,CCOC(=O)C1=C(C)NC(C)=C(C1C2=CC=CC(=C2)[N+]([O-])=O)C(=O)OC,null,null,null,null,null,N144,SIGMA,2021_LOPAC_01,-5.05,null,Nitrendipine,null,4,null,null,null,25.416,-16.083,1.788,0.027,1,null,null,null,null,null,null,12,null,null,11.597,-13.82,33.889,34.792,null,null,null,null,null,null,null,null,null,PVHUJELLJLJGLN,null,TRND,MyjnyRRQtXiJJRODnv,null,null,null,null,null,null,null,null,null,39562-70-4,null,null,null,0,4,0,null,null,173032,0 0 0 0,1,1,2025-06-17 15:37:36,null,null,null,null,null,null,null,364791015,activity,null,HTS,null,11.597,11.301,1.535,-13.82,null,null,null,null,null,null,null,null,null,null,null,null,null,null,null,null,null,null,null,null,null,278940181
TRND-Glioblastoma_LOPAC_T98G-primary_screen2,NCGC00016002-07,activity,null,4,0,0.511,CC(C)NP(=O)(NC(C)C)OP(=O)(NC(C)C)NC(C)C,null,null,null,null,null,T1505,SIGMA,2021_LOPAC_01,null,null,Tetraisopropyl pyrophosphoramide,null,4,null,null,null,5.136,0,null,null,null,null,null,null,null,null,null,0,null,null,1.181,-3.955,-10.625,null,null,null,null,null,null,null,null,null,null,IOIMDJXKIMCMIG,null,TRND,EkrUbPAZNSXaOSVRNc,null,null,null,null,null,null,null,null,null,null,null,null,null,0,4,null,null,null,173032,null,1,1,2025-06-17 15:37:36,null,null,null,null,null,null,null,364794735,activity,null,HTS,null,-3.955,1.181,-1.06,0.511,null,null,null,null,null,null,null,null,null,null,null,null,null,null,null,null,null,null,null,null,null,278940182
TRND-Glioblastoma_LOPAC_T98G-primary_screen2,NCGC00015485-10,activity,null,4,0,2.212,C[N+]1(C)CCOC(O)(C1)C2=CC=C(C=C2)C3=CC=C(C=C3)C4(O)C[N+](C)(C)CCO4,null,null,null,null,null,H108,SIGMA,2021_LOPAC_01,null,null,Hemicholinium-3,null,4,null,null,null,4.457,0,null,null,null,null,null,null,null,null,null,0,null,null,4.825,0.368,6.579,null,null,null,null,null,null,null,null,null,null,JIWUESGGKYLPPG,null,TRND,qArZPeTYfVKnStNcxq,null,null,null,null,BR,null,null,null,null,null,null,null,null,0,4,null,null,null,173032,null,1,1,2025-06-17 15:37:36,null,null,null,null,null,null,null,364791451,activity,null,HTS,null,0.368,1.46,4.825,2.212,null,null,null,null,null,null,null,null,null,null,null,null,null,null,null,null,null,null,null,null,null,278940183
TRND-Glioblastoma_LOPAC_T98G-primary_screen2,NCGC00015940-10,activity,null,4,-36.133,-24.694,CN1CCC2=C(C=C(O)C(O)=C2Cl)C(C1)C3=CC(C)=CC=C3,null,null,null,null,null,S2816,SIGMA,2021_LOPAC_01,null,null,SKF 83959 hydrobromide,null,4,null,null,null,36.581,-27.133,4.955,0.159,0.984,null,null,null,null,null,null,9,null,null,11.887,-24.694,24.164,24.577,null,null,null,null,null,null,null,null,null,JXMYTVOBSFOHAF,null,TRND,MJvyjEmfYTeHdNTFNr,null,null,null,null,BR,null,null,null,null,67287-95-0,null,null,null,0,4,0,null,null,173032,0 0 0 0,1,1,2025-06-17 15:37:36,null,null,null,null,null,null,null,364791915,activity,null,HTS,null,8.658,6.876,11.887,-24.694,null,null,null,null,null,null,null,null,null,null,null,null,null,null,null,null,null,null,null,null,null,278940184
TRND-Glioblastoma_LOPAC_T98G-primary_screen2,NCGC00015312-09,activity,null,4,0,3.489,CN1C=NC2=C1C(=O)N(CC#C)C(=O)N2C,null,null,null,null,null,D134,SIGMA,2021_LOPAC_01,null,null,"3,7-Dimethyl-1-propargylxanthine",null,4,null,null,null,6.084,0,null,null,null,null,null,null,null,null,null,0,null,null,6.933,0.849,9.841,null,null,null,null,null,null,null,null,null,null,IORPOFJLSIHJOG,null,TRND,JhlmkFPwiAxtzVtwEh,null,null,null,null,null,null,null,null,null,14114-46-6,null,null,null,0,4,null,null,null,173032,null,1,1,2025-06-17 15:37:36,null,null,null,null,null,null,null,364791771,activity,null,HTS,null,0.849,6.933,1.152,3.489,null,null,null,null,null,null,null,null,null,null,null,null,null,null,null,null,null,null,null,null,null,278940185
TRND-Glioblastoma_LOPAC_T98G-primary_screen2,NCGC00015537-07,activity,null,4,-12.519,-6.266,OC1=CC=CC2=C(O)N=CC=C12,null,null,null,null,null,I138,SIGMA,2021_LOPAC_01,null,null,"1,5-Isoquinolinediol",null,4,null,null,null,13.795,-6.519,4.504,0.22,0.969,null,null,null,null,null,null,6,null,null,7.529,-6.266,24.026,20.424,null,null,null,null,null,null,null,null,null,LFUJIPVWTMGYDG,null,TRND,nlMiUPJzjJXEVQnXbA,null,null,null,null,null,null,null,null,null,null,null,null,null,0,4,0,null,null,173032,0 0 0 0,1,1,2025-06-17 15:37:36,null,null,null,null,null,null,null,364791231,activity,null,HTS,null,7.529,4.96,4.232,-6.266,null,null,null,null,null,null,null,null,null,null,null,null,null,null,null,null,null,null,null,null,null,278940186
TRND-Glioblastoma_LOPAC_T98G-primary_screen2,NCGC00167487-24,activity,null,4,-13.379,-8.232,C[C@](O)(C[S+]([O-])(=O)C1=CC=C(F)C=C1)C(=O)NC2=CC=C(C#N)C(=C2)C(F)(F)F,null,null,null,null,null,B9061,SIGMA,2021_LOPAC_01,null,null,Bicalutamide (CDx),null,4,null,null,null,12.191,-9.879,4.955,0.204,0.974,null,null,null,null,null,null,3.5,null,null,3.959,-8.232,10.795,10.253,null,null,null,null,null,null,null,null,null,CMPOAZJLBGOPQD,null,TRND,hOsofBmuijrtWFQQEe,null,Androgen Receptor antagonist,null,null,null,null,null,null,null,[NO STEREO] 90357-06-5,AR,null,null,0,4,0,null,null,173032,0 0 0 0,1,1,2025-06-17 15:37:36,null,null,null,null,null,null,null,364794447,activity,null,HTS,null,3.959,1.988,3.927,-8.232,null,null,null,null,null,null,null,null,null,null,null,null,null,null,null,null,null,null,null,null,null,278940187
TRND-Glioblastoma_LOPAC_T98G-primary_screen2,NCGC00015382-10,activity,null,4,0,-1.43,CCN1C(=O)NC2=CC(Cl)=C(Cl)C=C12,null,null,null,null,null,D9190,SIGMA,2021_LOPAC_01,null,null,DCEBIO,null,4,null,null,null,3.642,0,null,null,null,null,null,null,null,null,null,0,null,null,2.212,-1.43,8.194,null,null,null,null,null,null,null,null,null,null,LKHRMULASXZCLG,null,TRND,oMqjNYgnWZFvCiwRbg,null,null,null,null,null,null,null,null,null,null,null,null,null,0,4,null,null,null,173032,null,1,1,2025-06-17 15:37:36,null,null,null,null,null,null,null,364792347,activity,null,HTS,null,2.212,2.007,2.01,-1.43,null,null,null,null,null,null,null,null,null,null,null,null,null,null,null,null,null,null,null,null,null,278940188
TRND-Glioblastoma_LOPAC_T98G-primary_screen2,NCGC00016069-25,activity,null,4,0,7.385,BrC1=C2N=CC=NC2=CC=C1NC3=NCCN3,null,null,null,null,null,U104,SIGMA,2021_LOPAC_01,null,null,"UK 14,304",null,4,null,null,null,8.483,0,null,null,null,null,null,null,null,null,null,0,null,null,11.932,3.45,46.339,null,null,null,null,null,null,null,null,null,null,XYLJNLCSTIOKRM,null,TRND,gzctkmCFvySOiyntrC,null,null,null,null,null,null,null,null,null,59803-98-4,null,null,null,0,4,null,null,null,173032,null,1,1,2025-06-17 15:37:36,null,null,null,null,null,null,null,364791579,activity,null,HTS,null,11.932,9.916,3.45,7.385,null,null,null,null,null,null,null,null,null,null,null,null,null,null,null,null,null,null,null,null,null,278940189
TRND-Glioblastoma_LOPAC_T98G-primary_screen2,NCGC00095123-18,activity,11.220185,-3,-32.009,-31.674,CCOC1=NC2=CC=CC(C(=O)OC(C)OC(=O)OC3CCCCC3)=C2N1CC4=CC=C(C=C4)C5=CC=CC=C5C6=NN=NN6,null,null,null,null,null,SML0245,SIGMA,2021_LOPAC_01,-4.95,null,Candesartan cilexetil,null,-3,null,null,null,33.601,-32.009,4.095,0.12,0.991,null,null,null,null,null,null,0,null,null,1.927,-31.674,-22.202,-19.015,null,null,null,null,null,null,null,null,null,GHOSNRCGJFBJIB,null,TRND,YUBeCgudpviuykQVoK,null,null,null,null,null,null,null,null,null,145040-37-5,null,null,null,0,4,0,null,null,173032,0 0 0 0,1,1,2025-06-17 15:37:36,null,null,null,null,null,null,null,364794511,activity,null,HTS,null,-1.655,1.927,-3.295,-31.674,null,null,null,null,null,null,null,null,null,null,null,null,null,null,null,null,null,null,null,null,null,278940190
TRND-Glioblastoma_LOPAC_T98G-primary_screen2,NCGC00092369-07,activity,10,-2.4,-65.438,-42.756,CC(C)(C)C1=CC=C(C=C1)\C=C\C(=O)NC2=CC=C3OCCOC3=C2,null,null,null,null,null,A2731,SIGMA,2021_LOPAC_01,-5,null,AMG 9810,null,-2.2,null,null,null,51.302,-56.438,1.031,0.116,0.992,null,null,null,null,null,null,9,null,null,8.546,-42.756,-9.415,-11.874,null,null,null,null,null,null,null,null,null,GZTFUVZVLYUPRG,null,TRND,BdWdTGlpSFmfukAwtu,null,null,null,null,null,null,null,null,null,545395-94-6,null,null,null,0,4,0,null,null,173032,0 0 0 0,1,1,2025-06-17 15:37:36,null,null,null,null,null,null,null,364791611,activity,null,HTS,33.3,8.546,-0.546,-14.692,-42.756,null,null,null,null,null,null,null,null,null,null,null,null,null,null,null,null,null,null,null,null,null,278940191
TRND-Glioblastoma_LOPAC_T98G-primary_screen2,NCGC00015619-27,activity,12.589254,-3,-57.835,-60.965,CCOC(=O)N1CCC(CC1)=C2C3=C(CCC4=C2N=CC=C4)C=C(Cl)C=C3,null,null,null,null,null,L9664,SIGMA,2021_LOPAC_01,-4.9,null,Loratadine,null,-3,null,null,null,60.828,-62,4.095,0.195,0.976,null,null,null,null,null,null,-4.164,null,null,-0.137,-60.965,-45.54,-52.212,null,null,null,null,null,null,null,null,null,JCCNYMKQOSZNPW,null,TRND,FCiZvdzXjOHSjYtZkG,null,null,null,null,null,null,null,null,null,79794-75-5,null,null,null,0,4,0,null,null,173032,0 0 0 0,1,1,2025-06-17 15:37:36,null,null,null,null,null,null,null,364792591,activity,null,HTS,17.838441,-0.137,-10.453,-8.304,-60.965,null,null,null,null,null,null,null,null,null,null,null,null,null,null,null,null,null,null,null,null,null,278940192
TRND-Glioblastoma_LOPAC_T98G-primary_screen2,NCGC00015836-26,activity,null,4,14.559,-6.468,CN1CCN(CC(=O)N2C3=C(C=CC=C3)C(=O)NC4=C2N=CC=C4)CC1,null,null,null,null,null,P7412,SIGMA,2021_LOPAC_01,null,null,Pirenzepine dihydrochloride,null,4,null,null,null,19.58,8,4.955,1,0.635,null,null,null,null,null,null,-6.559,null,null,13.112,-6.468,2.056,5.11,null,null,null,null,null,null,null,null,null,RMHMFHUVIITRHF,null,TRND,AYJOBNhCAWaMaFofTg,null,null,null,null,CL,null,null,null,null,null,null,null,null,0,4,1,null,null,173032,0 0 0 1,1,1,2025-06-17 15:37:36,null,null,null,null,null,null,null,364790547,activity,null,HTS,null,-3.799,13.112,2.805,-6.468,null,null,null,null,null,null,null,null,null,null,null,null,null,null,null,null,null,null,null,null,null,278940193
TRND-Glioblastoma_LOPAC_T98G-primary_screen2,NCGC00018193-24,activity,2.818383,-2.4,-31.339,-9.032,COCCCC\C(C1=CC=C(C=C1)C(F)(F)F)=N/OCCN,null,null,null,null,null,F2802,SIGMA,2021_LOPAC_01,-5.55,null,Fluvoxamine maleate,null,4,null,null,null,21.42,-13.839,0.7,0.014,1,null,null,null,null,null,null,17.5,null,null,12.388,-9.032,31.819,31.925,null,null,null,null,null,null,null,null,null,CJOFXWAVKWHTFT,null,TRND,kIXDXDErOeaTSHEBpa,null,null,null,null,MALEATE,null,null,null,null,61718-82-9,null,null,null,0,4,0,null,null,173032,0 0 0 0,1,1,2025-06-17 15:37:36,null,null,null,null,null,null,null,364791395,activity,null,HTS,null,12.388,5.776,-2.642,-9.032,null,null,null,null,null,null,null,null,null,null,null,null,null,null,null,null,null,null,null,null,null,278940194
TRND-Glioblastoma_LOPAC_T98G-primary_screen2,NCGC00162150-18,activity,17.782794,-3,-37.232,-33.11,[H]\C(COC(=O)C1=C(C)NC(C)=C(C1C2=CC(=CC=C2)[N+]([O-])=O)C(=O)OCCOC)=C(\[H])C3=CC=CC=C3,null,null,null,null,null,C1493,SIGMA,2021_LOPAC_01,-4.75,null,Cilnidipine,null,-3,null,null,null,35.616,-35.232,4.504,0.026,1,null,null,null,null,null,null,2,null,null,2.507,-33.11,-8.265,-9.39,null,null,null,null,null,null,null,null,null,KJEBULYHNRNJTE,null,TRND,MUxdjmgrwieMxkCeXx,null,null,null,null,null,null,null,null,null,132203-70-4,null,null,null,0,4,0,null,null,173032,0 0 0 0,1,1,2025-06-17 15:37:36,null,null,null,null,null,null,null,364791675,activity,null,HTS,null,2.507,1.677,1.447,-33.11,null,null,null,null,null,null,null,null,null,null,null,null,null,null,null,null,null,null,null,null,null,278940195
TRND-Glioblastoma_LOPAC_T98G-primary_screen2,NCGC00186024-16,activity,8.912509,-2.2,-40.768,-35.133,CC1=NC(=CC=C1)C2=C(N=C(N2)C(C)(C)C)C3=CC=C4N=CC=NC4=C3,null,null,null,null,null,S8822,SIGMA,2021_LOPAC_01,-5.05,null,SB-525334,null,-2.2,null,null,null,38.636,-37.268,2.253,0.041,0.999,null,null,null,null,null,null,3.5,null,null,3.503,-35.133,-15.971,-14.126,null,null,null,null,null,null,null,null,null,DKPQHFZUICCZHF,null,TRND,URimPEbxiSUmARuWBM,null,TGF-beta receptor type-1 inhibitor,null,null,null,null,null,null,null,null,TGFBR1,null,null,0,4,0,null,null,173032,0 0 0 0,1,1,2025-06-17 15:37:36,null,null,null,null,null,null,null,364795051,activity,null,HTS,null,2.73,3.503,-10.762,-35.133,null,null,null,null,null,null,null,null,null,null,null,null,null,null,null,null,null,null,null,null,null,278940196
TRND-Glioblastoma_LOPAC_T98G-primary_screen2,NCGC00179503-13,activity,10,-2.1,-96.993,-96.223,CCN(CC)CCOc1ccc(cc1)C(=C(\Cl)c2ccccc2)\c3ccccc3,null,null,null,null,null,SML0719,SIGMA,2021_LOPAC_01,-5,null,Enclomiphene hydrochloride,null,-2.1,null,null,null,98.09,-96.993,4.045,0.049,0.999,null,null,null,null,null,null,0,null,null,1.867,-96.223,-66.034,-61.655,null,null,null,null,null,null,null,null,null,GKIRPKYJQBWNGO,null,TRND,QprCSTQVoSxQxbhpDK,null,null,null,null,CL,null,null,null,null,7599-79-3,null,null,null,0,4,0,null,null,173032,0 0 0 0,1,1,2025-06-17 15:37:36,null,null,null,null,null,null,null,364794915,activity,null,HTS,10.154523,-2.274,1.867,-14.936,-96.223,null,null,null,null,null,null,null,null,null,null,null,null,null,null,null,null,null,null,null,null,null,278940197
TRND-Glioblastoma_LOPAC_T98G-primary_screen2,NCGC00096070-12,activity,null,4,9.494,1.953,CC(C)=CCC\C(C)=C\COC1=CC2=C(C=CC(=O)O2)C=C1,null,null,null,null,null,A9861,SIGMA,2021_LOPAC_01,null,null,Auraptene,null,4,null,null,null,11.857,5,2.333,0.546,0.758,null,null,null,null,null,null,-4.494,null,null,7.695,-4.162,-5.072,-5.404,null,null,null,null,null,null,null,null,null,RSDDHGSKLOSQFK,null,TRND,DjMzPgTONndQyGuGNc,null,null,null,null,null,null,null,null,null,495-02-3,null,null,null,0,4,0,null,null,173032,0 0 0 0,1,1,2025-06-17 15:37:36,null,null,null,null,null,null,null,364795095,activity,null,HTS,null,-4.162,0.1,7.695,1.953,null,null,null,null,null,null,null,null,null,null,null,null,null,null,null,null,null,null,null,null,null,278940198
TRND-Glioblastoma_LOPAC_T98G-primary_screen2,NCGC00507731-02,activity,null,4,-6.969,-2.207,[H]C12CN(CC1([H])C3CCC2O3)C(=O)C4=CC=C(Br)C=C4,null,null,null,null,null,SML0226,SIGMA,2021_LOPAC_01,null,null,Pseudocantharidin C,null,4,null,null,null,10.881,-2.469,4.955,0.599,0.687,null,null,null,null,null,null,4.5,null,null,7.99,-2.891,5.923,12.776,null,null,null,null,null,null,null,null,null,XCBSDRWUWCALRI,null,TRND,oHtqPOjziXLljmLiBG,null,null,null,null,null,null,null,null,null,null,null,null,null,0,4,0,null,null,173032,0 0 0 0,1,1,2025-06-17 15:37:36,null,null,null,null,null,null,null,364793519,activity,null,HTS,null,1.269,7.99,-2.891,-2.207,null,null,null,null,null,null,null,null,null,null,null,null,null,null,null,null,null,null,null,null,null,278940199
TRND-Glioblastoma_LOPAC_T98G-primary_screen2,NCGC00093949-09,activity,null,4,-12.428,-1.607,[H][C@@]12CC[C@](O)(C(C)=O)[C@@]1(C)CC[C@@]3([H])[C@@]2([H])CCC4=CC(=O)CC[C@]34C,null,null,null,null,null,H5752,SIGMA,2021_LOPAC_01,null,null,17alpha-hydroxyprogesterone,null,4,null,null,null,12.491,-1.928,4.095,0.096,0.994,null,null,null,null,null,null,10.5,null,null,10.884,-1.607,42.867,42.324,null,null,null,null,null,null,null,null,null,DBPWSSGDRRHUNT,null,TRND,CZPkrsysedrxezwZYq,null,null,null,null,null,null,null,null,null,68-96-2,null,null,null,0,4,0,null,null,173032,0 0 0 0,1,1,2025-06-17 15:37:36,null,null,null,null,null,null,null,364790763,activity,null,HTS,null,10.884,9.866,9.454,-1.607,null,null,null,null,null,null,null,null,null,null,null,null,null,null,null,null,null,null,null,null,null,278940200
TRND-Glioblastoma_LOPAC_T98G-primary_screen2,NCGC00018248-29,activity,null,4,0,2.85,CN1C(C(=O)NC2=NC=C(C)S2)=C(O)C3=CC=CC=C3[S+]1([O-])=O,null,null,null,null,null,M3935,SIGMA,2021_LOPAC_01,null,null,Meloxicam sodium,null,4,null,null,null,9.155,0,null,null,null,null,null,null,null,null,null,0,null,null,3.711,-5.444,5.41,null,null,null,null,null,null,null,null,null,null,JJMWPUUMNOUPNB,null,TRND,IocIuKjnQHjguhKjDi,null,Cyclooxygenase 2(COX2) inhibitor,null,null,SODIUM,null,null,null,null,71125-38-7,PTGS2,null,null,0,4,null,null,null,173032,null,1,1,2025-06-17 15:37:36,null,null,null,null,null,null,null,364793171,activity,null,HTS,null,3.711,-3.693,-5.444,2.85,null,null,null,null,null,null,null,null,null,null,null,null,null,null,null,null,null,null,null,null,null,278940201
TRND-Glioblastoma_LOPAC_T98G-primary_screen2,NCGC00024956-20,activity,10,-3,-86.125,-80.811,COC1=CC2=NC=NC(NC3=CC=CC(Br)=C3)=C2C=C1OC,null,null,null,null,null,SML0564,SIGMA,2021_LOPAC_01,-5,null,PD153035 hydrochloride,null,-3,null,null,null,88.235,-81.125,4.955,0.054,0.998,null,null,null,null,null,null,5,null,null,7.424,-80.811,-23.23,-28.804,null,null,null,null,null,null,null,null,null,LSPANGZZENHZNJ,null,TRND,zStjUhwsiqYoeFRoAo,null,Epidermal Growth Factor Receptor inhibitor,null,null,CL,null,null,null,null,183322-45-4,EGFR,null,null,0,4,0,null,null,173032,0 0 0 0,1,1,2025-06-17 15:37:36,null,null,null,null,null,null,null,364793947,activity,null,HTS,11.003914,7.424,3.121,-5.051,-80.811,null,null,null,null,null,null,null,null,null,null,null,null,null,null,null,null,null,null,null,null,null,278940202
TRND-Glioblastoma_LOPAC_T98G-primary_screen2,NCGC00015184-10,activity,null,4,0,6.028,CC(C)(C)NCC(O)COC1=CC=CC2=C1NC(=O)N2,null,null,null,null,null,C125,SIGMA,2021_LOPAC_01,null,null,(±)-CGP-12177A hydrochloride,null,4,null,null,null,8.91,0,null,null,null,null,null,null,null,null,null,0,null,null,8.189,-0.721,21.423,null,null,null,null,null,null,null,null,null,null,UMQUQWCJKFOUGV,null,TRND,HMUuJvHvtfSBszCTPy,null,null,null,null,CL,null,null,null,null,null,null,null,null,0,4,null,null,null,173032,null,1,1,2025-06-17 15:37:36,null,null,null,null,null,null,null,364793583,activity,null,HTS,null,4.697,8.189,-0.721,6.028,null,null,null,null,null,null,null,null,null,null,null,null,null,null,null,null,null,null,null,null,null,278940203
TRND-Glioblastoma_LOPAC_T98G-primary_screen2,NCGC00168784-25,activity,8.912509,5,-14.942,-56.816,NC1=NC(=O)N(C=C1)[C@@H]2O[C@H](CO)[C@@H](O)C2(F)F,null,null,null,null,null,G6423,SIGMA,2021_LOPAC_01,-5.05,null,Gemcitabine hydrochloride,null,-2.2,null,null,null,16.618,-57.179,2.72,0.31,0.936,null,null,null,null,null,null,-42.238,null,null,-40.198,-56.816,-214.148,-209.444,null,null,null,null,null,null,null,null,null,SDUQYLNIPVEERB,null,TRND,jTdyzxxqXipPIcKkBV,null,DNA Polymerase inhibitor,null,null,CL,null,null,null,null,122111-03-9,POLA1,null,null,0,4,0,null,null,173032,0 0 0 0,1,1,2025-06-17 15:37:36,null,null,null,null,null,null,null,364792671,activity,null,HTS,null,-44.489,-40.198,-46.797,-56.816,null,null,null,null,null,null,null,null,null,null,null,null,null,null,null,null,null,null,null,null,null,278940204
TRND-Glioblastoma_LOPAC_T98G-primary_screen2,NCGC00015456-13,activity,null,4,-16,18.954,OC(=O)C1=CCNCC1,null,null,null,null,null,G002,SIGMA,2021_LOPAC_01,null,null,Isoguvacine hydrochloride,null,4,null,null,null,12.419,17.5,4.955,0.247,0.961,null,null,null,null,null,null,33.5,null,null,28.635,16.216,112.851,113.24,null,null,null,null,null,null,null,null,null,KRVDMABBKYMBHG,null,TRND,OpBQWQFvpJZJsLPDPB,null,null,null,null,CL,null,null,null,null,null,null,null,null,0,4,0,null,null,173032,0 0 0 0,1,1,2025-06-17 15:37:36,null,null,null,null,null,null,null,364790859,activity,null,HTS,null,28.635,16.216,17.285,18.954,null,null,null,null,null,null,null,null,null,null,null,null,null,null,null,null,null,null,null,null,null,278940205
TRND-Glioblastoma_LOPAC_T98G-primary_screen2,NCGC00159452-06,activity,null,4,0,10.151,FC1=CC=C2OCC[C@]3(NC(=O)NC3=O)C2=C1,null,null,null,null,null,S7701,SIGMA,2021_LOPAC_01,null,null,Sorbinil,null,4,null,null,null,8.231,0,null,null,null,null,null,null,null,null,null,0,null,null,10.151,1.92,23.199,null,null,null,null,null,null,null,null,null,null,LXANPKRCLVQAOG,null,TRND,IRWCWFskxHVMpJOxVi,null,null,null,null,null,null,null,null,null,68367-52-2,null,null,null,0,4,null,null,null,173032,null,1,1,2025-06-17 15:37:36,null,null,null,null,null,null,null,364792031,activity,null,HTS,null,3.943,1.92,7.98,10.151,null,null,null,null,null,null,null,null,null,null,null,null,null,null,null,null,null,null,null,null,null,278940206
TRND-Glioblastoma_LOPAC_T98G-primary_screen2,NCGC00015815-12,activity,null,4,0,2.501,CCCCCCCCCCCCCCCC(=O)OC(CC(O)=O)C[N+](C)(C)C,null,null,null,null,null,P4509,SIGMA,2021_LOPAC_01,null,null,Palmitoyl-DL-Carnitine chloride,null,4,null,null,null,9.458,0,null,null,null,null,null,null,null,null,null,0,null,null,7.293,-2.165,23.519,null,null,null,null,null,null,null,null,null,null,XOMRRQXKHMYMOC,null,TRND,WrkhuPphAnhIzraBct,null,null,null,null,CL,null,null,null,null,[NO STEREO] 18877-64-0,null,null,null,0,4,null,null,null,173032,null,1,1,2025-06-17 15:37:36,null,null,null,null,null,null,null,364794803,activity,null,HTS,null,7.293,4.978,-2.165,2.501,null,null,null,null,null,null,null,null,null,null,null,null,null,null,null,null,null,null,null,null,null,278940207
TRND-Glioblastoma_LOPAC_T98G-primary_screen2,NCGC00186041-10,activity,null,4,0,-0.927,CN1N=C(C(=O)NC2CC3CCCC(C2)N3C)C4=C1C=CC=C4,null,null,null,null,null,G3796,SIGMA,2021_LOPAC_01,null,null,Granisetron hydrochloride,null,4,null,null,null,5.405,0,null,null,null,null,null,null,null,null,null,0,null,null,2.798,-2.607,6.185,null,null,null,null,null,null,null,null,null,null,MFWNKCLOYSRHCJ,null,TRND,ovyHIkwHQcuXSUrHCP,null,null,null,null,CL,null,null,null,null,[NO STEREO] 107007-99-8,null,null,null,0,4,null,null,null,173032,null,1,1,2025-06-17 15:37:36,null,null,null,null,null,null,null,364794079,activity,null,HTS,null,2.798,-2.607,1.044,-0.927,null,null,null,null,null,null,null,null,null,null,null,null,null,null,null,null,null,null,null,null,null,278940208
TRND-Glioblastoma_LOPAC_T98G-primary_screen2,NCGC00015631-10,activity,null,4,11.784,-10.823,CC(N)(CC1=CC(O)=C(O)C=C1)C(O)=O,null,null,null,null,null,M7277,SIGMA,2021_LOPAC_01,null,null,"(±)-3-(3,4-dihydroxyphenyl)-2-methyl-DL-alanine",null,4,null,null,null,13.349,-0.5,4.955,1,0.721,null,null,null,null,null,null,-12.284,null,null,2.526,-10.823,-26.141,-25.187,null,null,null,null,null,null,null,null,null,CJCSPKMFHVPWAR,null,TRND,HRhsIHcujKRUVPOkwX,null,null,null,null,null,null,null,null,null,55-40-3,null,null,null,0,4,1,null,null,173032,0 0 0 1,1,1,2025-06-17 15:37:36,null,null,null,null,null,null,null,364793235,activity,null,HTS,null,-8.57,2.526,-3.366,-10.823,null,null,null,null,null,null,null,null,null,null,null,null,null,null,null,null,null,null,null,null,null,278940209
TRND-Glioblastoma_LOPAC_T98G-primary_screen2,NCGC00379237-05,activity,null,4,0,-4.096,COC1=CC=C(OC2=C(Cl)C=NN(C3C4=CC=CC=C4C5=C3C=CC=C5)C2=O)C=C1,null,null,null,null,null,SML1067,SIGMA,2021_LOPAC_01,null,null,CYM50769,null,4,null,null,null,8.027,0,null,null,null,null,null,null,null,null,null,0,null,null,3.932,-4.096,-8.385,null,null,null,null,null,null,null,null,null,null,QHVSQUYCVUHYKT,null,TRND,gYIDWpCrEJzxLecPYC,null,null,null,null,null,null,null,null,null,null,null,null,null,0,4,null,null,null,173032,null,1,1,2025-06-17 15:37:36,null,null,null,null,null,null,null,364794359,activity,null,HTS,null,-3.959,2.869,3.932,-4.096,null,null,null,null,null,null,null,null,null,null,null,null,null,null,null,null,null,null,null,null,null,278940210
TRND-Glioblastoma_LOPAC_T98G-primary_screen2,NCGC00015416-07,activity,null,4,0,-4.221,OC(=O)CN(CCOCCOCCN(CC(O)=O)CC(O)=O)CC(O)=O,null,null,null,null,null,E4378,SIGMA,2021_LOPAC_01,null,null,EGTA,null,4,null,null,null,8.966,0,null,null,null,null,null,null,null,null,null,0,null,null,1.394,-7.573,-24.975,null,null,null,null,null,null,null,null,null,null,DEFVIWRASFVYLL,null,TRND,cMKZMIXmgyBXfFBQUQ,null,null,null,null,null,null,null,null,null,67-42-5,null,null,null,0,4,null,null,null,173032,null,1,1,2025-06-17 15:37:36,null,null,null,null,null,null,null,364792627,activity,null,HTS,null,-7.573,1.394,-3.881,-4.221,null,null,null,null,null,null,null,null,null,null,null,null,null,null,null,null,null,null,null,null,null,278940211
TRND-Glioblastoma_LOPAC_T98G-primary_screen2,NCGC00015163-23,activity,null,4,-26.825,-6.049,NC(CO)C(=O)NNCC1=C(O)C(O)=C(O)C=C1,null,null,null,null,null,B7283,SIGMA,2021_LOPAC_01,null,null,Benserazide hydrochloride,null,4,null,null,null,24.894,-3.325,4.955,0.446,0.853,null,null,null,null,null,null,23.5,null,null,18.373,-6.521,45.46,44.225,null,null,null,null,null,null,null,null,null,BNQDCRGUHNALGH,null,TRND,budqniXDGZyiXnRQHp,null,Aromatic-L-amino-acid decarboxylase inhibitor,null,null,HCL,null,null,null,null,14919-77-8,DDC,null,null,0,4,0,null,null,173032,0 0 0 0,1,1,2025-06-17 15:37:36,null,null,null,null,null,null,null,364795195,activity,null,HTS,null,18.373,-6.521,3.157,-6.049,null,null,null,null,null,null,null,null,null,null,null,null,null,null,null,null,null,null,null,null,null,278940212
TRND-Glioblastoma_LOPAC_T98G-primary_screen2,NCGC00389085-06,activity,null,4,-15.146,-1.342,CC1=CC(C)=C(C(C)=C1)[S+]([O-])(=O)N(CCC2=CC=CC(Br)=C2)CC3=CC=C(C=C3)C4=CC=CC(=C4)[S+](C)([O-])=O,null,null,null,null,null,SML1517,SIGMA,2021_LOPAC_01,null,null,SR9243,null,4,null,null,null,14.844,-2.646,4.955,0.312,0.935,null,null,null,null,null,null,12.5,null,null,9.722,-5.122,21.22,21.359,null,null,null,null,null,null,null,null,null,FYQFEJFTCLKXTQ,null,TRND,zBcQFusMXKsjoxXhKa,null,LiverX Receptor (LXR) Inverse agonist,null,null,null,null,null,null,null,null,NR1H3,null,null,0,4,0,null,null,173032,0 0 0 0,1,1,2025-06-17 15:37:36,null,null,null,null,null,null,null,364795079,activity,null,HTS,null,9.722,-5.122,-2.11,-1.342,null,null,null,null,null,null,null,null,null,null,null,null,null,null,null,null,null,null,null,null,null,278940213
TRND-Glioblastoma_LOPAC_T98G-primary_screen2,NCGC00015391-12,activity,null,4,-32.613,-17.594,CNC(=O)C1=CC2=C(NC3=C2C=CC=C3)C=N1,null,null,null,null,null,E006,SIGMA,2021_LOPAC_01,null,null,N-Methyl-beta-carboline-3-carboxamide,null,4,null,null,null,33.798,-17.613,4.955,0.079,0.996,null,null,null,null,null,null,15,null,null,16.204,-17.594,48.202,50.681,null,null,null,null,null,null,null,null,null,QMCOPDWHWYSJSA,null,TRND,airYMyhfnVKgiSYKjW,null,null,null,null,null,null,null,null,null,78538-74-6,null,null,null,0,4,0,null,null,173032,0 0 0 0,1,1,2025-06-17 15:37:36,null,null,null,null,null,null,null,364793919,activity,null,HTS,null,13.806,16.204,11.173,-17.594,null,null,null,null,null,null,null,null,null,null,null,null,null,null,null,null,null,null,null,null,null,278940214
TRND-Glioblastoma_LOPAC_T98G-primary_screen2,NCGC00379145-13,activity,null,4,-15.872,-12.08,COC1=CC=C(C=C1)C4(CNC(=O)C2=CC=C(NC(=O)C3=CC=CO3)C=C2)CCOCC4,null,null,null,null,null,SML0630,SIGMA,2021_LOPAC_01,null,null,JW55,null,4,null,null,null,19.477,-15.885,4.504,0.411,0.879,null,null,null,null,null,null,-0.013,null,null,-0.011,-19.488,-22.509,-21.845,null,null,null,null,null,null,null,null,null,ZJZWZIXSGNFWQQ,null,TRND,qjPOQGLgKkfdDLOXqd,null,null,null,null,null,null,null,null,null,null,null,null,null,0,4,0,null,null,173032,0 0 0 0,1,1,2025-06-17 15:37:36,null,null,null,null,null,null,null,364793571,activity,null,HTS,null,-0.011,-3.578,-19.488,-12.08,null,null,null,null,null,null,null,null,null,null,null,null,null,null,null,null,null,null,null,null,null,278940215
TRND-Glioblastoma_LOPAC_T98G-primary_screen2,NCGC00015756-15,activity,10,-3,-27.789,-30.726,O=C1OC(=O)C2C3CCC(O3)C12,null,null,null,null,null,N8784,SIGMA,2021_LOPAC_01,-5,null,Norcantharidin,null,-3,null,null,null,28.158,-30.871,4.449,0.033,0.999,null,null,null,null,null,null,-3.082,null,null,-2.568,-30.726,-32.194,-31.775,null,null,null,null,null,null,null,null,null,JAABVEXCGCXWRR,null,TRND,hdBfTrVAnPUbzAfBZb,null,null,null,null,null,null,null,null,null,null,null,null,null,0,4,0,null,null,173032,0 0 0 0,1,1,2025-06-17 15:37:36,null,null,null,null,null,null,null,364792271,activity,null,HTS,null,-3.328,-2.568,-7.167,-30.726,null,null,null,null,null,null,null,null,null,null,null,null,null,null,null,null,null,null,null,null,null,278940216
TRND-Glioblastoma_LOPAC_T98G-primary_screen2,NCGC00162305-07,activity,null,4,-20.187,-5.572,NC1=CC=C(C=C1)C2=NC3=CC=CC=C3C=C2,null,null,null,null,null,B4311,SIGMA,2021_LOPAC_01,null,null,BF-170 hydrochloride,null,4,null,null,null,20.333,-7.687,1.858,0.3,0.94,null,null,null,null,null,null,12.5,null,null,14.761,-5.572,49.696,45.159,null,null,null,null,null,null,null,null,null,PWLMSCCFNGGPGM,null,TRND,nOlZXDenVHpOQyXLEB,null,null,null,null,CL,null,null,null,null,null,null,null,null,0,4,0,null,null,173032,0 0 0 0,1,1,2025-06-17 15:37:36,null,null,null,null,null,null,null,364791267,activity,null,HTS,null,14.761,9.316,7.365,-5.572,null,null,null,null,null,null,null,null,null,null,null,null,null,null,null,null,null,null,null,null,null,278940217
TRND-Glioblastoma_LOPAC_T98G-primary_screen2,NCGC00015216-24,activity,null,4,0,-6.448,CCCNC(=O)N[S+]([O-])(=O)C1=CC=C(Cl)C=C1,null,null,null,null,null,C1290,SIGMA,2021_LOPAC_01,null,null,Chlorpropamide,null,4,null,null,null,9.065,0,null,null,null,null,null,null,null,null,null,0,null,null,-0.026,-9.09,-9.977,null,null,null,null,null,null,null,null,null,null,AXDFBAZVLINUSR,null,TRND,gIoyBKAOcljhNcpTQn,null,null,null,null,null,null,null,null,null,94-20-2,null,null,null,0,4,null,null,null,173032,null,1,1,2025-06-17 15:37:36,null,null,null,null,null,null,null,364794651,activity,null,HTS,null,-0.026,-0.228,-9.09,-6.448,null,null,null,null,null,null,null,null,null,null,null,null,null,null,null,null,null,null,null,null,null,278940218
TRND-Glioblastoma_LOPAC_T98G-primary_screen2,NCGC00015781-09,activity,null,4,-13.5,4.913,NCC(CP(O)(O)=O)C1=CC=C(Cl)C=C1,null,null,null,null,null,P118,SIGMA,2021_LOPAC_01,null,null,Phaclofen,null,4,null,null,null,14.903,3,3.065,0.262,0.956,null,null,null,null,null,null,16.5,null,null,16.507,1.604,58.329,58.301,null,null,null,null,null,null,null,null,null,VSGNGLJPOGUDON,null,TRND,YsEFUJvcXzJIQlKykh,null,null,null,null,null,null,null,null,null,null,null,null,null,0,4,0,null,null,173032,0 0 0 0,1,1,2025-06-17 15:37:36,null,null,null,null,null,null,null,364790627,activity,null,HTS,null,16.507,12.615,1.604,4.913,null,null,null,null,null,null,null,null,null,null,null,null,null,null,null,null,null,null,null,null,null,278940219
TRND-Glioblastoma_LOPAC_T98G-primary_screen2,NCGC00024976-12,activity,null,4,-15.95,-8.708,CCNC(=O)[C@H]1O[C@H](C(O)[C@@H]1O)N2C=NC3=C2N=C(NCCC4=CC=C(CCC(O)=O)C=C4)N=C3N,null,null,null,null,null,C141,SIGMA,2021_LOPAC_01,null,null,CGS-21680 hydrochloride,null,4,null,null,null,18.418,-10.45,4.955,0.595,0.691,null,null,null,null,null,null,5.5,null,null,9.71,-8.708,4.59,18.46,null,null,null,null,null,null,null,null,null,PAOANWZGLPPROA,null,TRND,IkjIbamMWclmWucwMl,null,Adenosine Receptor A2A agonist,null,null,CL,null,null,null,null,null,ADORA2A,null,null,0,4,0,null,null,173032,0 0 0 0,1,1,2025-06-17 15:37:36,null,null,null,null,null,null,null,364790403,activity,null,HTS,null,-1.149,9.71,7.965,-8.708,null,null,null,null,null,null,null,null,null,null,null,null,null,null,null,null,null,null,null,null,null,278940220
TRND-Glioblastoma_LOPAC_T98G-primary_screen2,NCGC00160529-16,activity,null,4,0,4.628,ClC1=C(NC2=NCCN2)C3=NSN=C3C=C1,null,null,null,null,null,T6950,SIGMA,2021_LOPAC_01,null,null,Tizanidine hydrochloride,null,4,null,null,null,7.576,0,null,null,null,null,null,null,null,null,null,0,null,null,6.811,-0.765,13.591,null,null,null,null,null,null,null,null,null,null,XFYDIVBRZNQMJC,null,TRND,GvhJmUHFuRxCMgJHYN,null,Alpha-2 Adrenergic Receptor agonist,null,null,CL,null,null,null,null,51322-75-9,ADRA2A,null,null,0,4,null,null,null,173032,null,1,1,2025-06-17 15:37:36,null,null,null,null,null,null,null,364795063,activity,null,HTS,null,2.497,-0.765,6.811,4.628,null,null,null,null,null,null,null,null,null,null,null,null,null,null,null,null,null,null,null,null,null,278940221
TRND-Glioblastoma_LOPAC_T98G-primary_screen2,NCGC00016665-17,activity,null,4,-15.922,-12.018,CC(C)NC[C@H](O)C1=CC(O)=C(O)C=C1,null,null,null,null,null,I6504,SIGMA,2021_LOPAC_01,null,null,(-)-Isoproterenol hydrochloride,null,4,null,null,null,12.1,-16.422,1.248,0.144,0.987,null,null,null,null,null,null,-0.5,null,null,0.082,-12.018,-10.583,-11.921,null,null,null,null,null,null,null,null,null,JWZZKOKVBUJMES,null,TRND,fIShMDsaOPqsJiejpI,null,null,null,null,CL,null,null,null,null,5984-95-2,null,null,null,0,4,0,null,null,173032,0 0 0 0,1,1,2025-06-17 15:37:36,null,null,null,null,null,null,null,364792463,activity,null,HTS,null,0.082,-1.969,-4.455,-12.018,null,null,null,null,null,null,null,null,null,null,null,null,null,null,null,null,null,null,null,null,null,278940222
TRND-Glioblastoma_LOPAC_T98G-primary_screen2,NCGC00015659-24,activity,null,4,-9.873,-4.894,CC(N)COC1=C(C)C=CC=C1C,null,null,null,null,null,M2727,SIGMA,2021_LOPAC_01,null,null,Mexiletene hydrochloride,null,4,null,null,null,14.401,-4.873,4.504,0.615,0.659,null,null,null,null,null,null,5,null,null,9.507,-4.894,4.872,13.578,null,null,null,null,null,null,null,null,null,VLPIATFUUWWMKC,null,TRND,BogrDUVpvRzqUneTRS,null,null,null,null,CL,null,null,null,null,1267397,null,null,null,0,4,0,null,null,173032,0 0 0 0,1,1,2025-06-17 15:37:36,null,null,null,null,null,null,null,364794419,activity,null,HTS,null,0.683,9.507,-1.563,-4.894,null,null,null,null,null,null,null,null,null,null,null,null,null,null,null,null,null,null,null,null,null,278940223
TRND-Glioblastoma_LOPAC_T98G-primary_screen2,NCGC00093631-05,activity,null,4,0,5.349,N[C@@H](CC=C)C(O)=O,null,null,null,null,null,A7762,SIGMA,2021_LOPAC_01,null,null,L-allylglycine,null,4,null,null,null,8.8,0,null,null,null,null,null,null,null,null,null,0,null,null,5.349,-3.451,-3.163,null,null,null,null,null,null,null,null,null,null,WNNNWFKQCKFSDK,null,TRND,PhuyXYiQgkHpWRvjmG,null,null,null,null,null,null,null,null,null,null,null,null,null,0,4,null,null,null,173032,null,1,1,2025-06-17 15:37:36,null,null,null,null,null,null,null,364794371,activity,null,HTS,null,-3.451,4.714,0.438,5.349,null,null,null,null,null,null,null,null,null,null,null,null,null,null,null,null,null,null,null,null,null,278940224
TRND-Glioblastoma_LOPAC_T98G-primary_screen2,NCGC00162206-08,activity,null,4,-11.619,-9.266,CCCCCC(O)CCCC([O-])=O,null,null,null,null,null,H135,SIGMA,2021_LOPAC_01,null,null,5-hydroxydecanoic acid sodium,null,4,null,null,null,14.628,-9.619,2.72,0.51,0.796,null,null,null,null,null,null,2,null,null,5.361,-9.266,-5.82,0.867,null,null,null,null,null,null,null,null,null,LMHJFKYQYDSOQO,null,TRND,xuqUItBlDetgliQhZN,null,null,null,null,SODIUM,null,null,null,null,null,null,null,null,0,4,0,null,null,173032,0 0 0 0,1,1,2025-06-17 15:37:36,null,null,null,null,null,null,null,364794647,activity,null,HTS,null,-1.199,5.361,-1.958,-9.266,null,null,null,null,null,null,null,null,null,null,null,null,null,null,null,null,null,null,null,null,null,278940225
TRND-Glioblastoma_LOPAC_T98G-primary_screen2,NCGC00015989-31,activity,null,4,0,10.928,O=C1N(C2CCC(=O)NC2=O)C(=O)C3=C1C=CC=C3,null,null,null,null,null,T144,SIGMA,2021_LOPAC_01,null,null,(±)-Thalidomide,null,4,null,null,null,9.757,0,null,null,null,null,null,null,null,null,null,0,null,null,13.453,3.697,29.846,null,null,null,null,null,null,null,null,null,null,UEJJHQNACJXSKW,null,TRND,RWbAhstmsMCmbSHMJF,null,Cereblon inhibitor,null,null,null,null,null,null,null,50-35-1,CRBN,null,null,0,4,null,null,null,173032,null,1,1,2025-06-17 15:37:36,null,null,null,null,null,null,null,364792187,activity,null,HTS,null,4.365,13.453,3.697,10.928,null,null,null,null,null,null,null,null,null,null,null,null,null,null,null,null,null,null,null,null,null,278940226
TRND-Glioblastoma_LOPAC_T98G-primary_screen2,NCGC00507736-02,activity,null,4,11.771,-3.819,CC1(C)SCCN(C1C(=O)NO)[S+]([O-])(=O)C2=CC=C(OCC#CCO)C=C2,null,null,null,null,null,SML1543,SIGMA,2021_LOPAC_01,null,null,Apratastat ,null,4,null,null,null,10.849,5,4.955,1,0.985,null,null,null,null,null,null,-6.771,null,null,5.623,-5.226,-5.41,-5.228,null,null,null,null,null,null,null,null,null,BZHWKODEVHFEOJ,null,TRND,VNvzBHICqwSORvjUDj,null,null,null,null,null,null,null,null,null,[NO STEREO] 287405-51-0,null,null,null,0,4,1,null,null,173032,0 0 0 1,1,1,2025-06-17 15:37:36,null,null,null,null,null,null,null,364794831,activity,null,HTS,null,-5.226,5.623,4.216,-3.819,null,null,null,null,null,null,null,null,null,null,null,null,null,null,null,null,null,null,null,null,null,278940227
TRND-Glioblastoma_LOPAC_T98G-primary_screen2,NCGC00015463-10,activity,null,4,-11.5,0.633,CC1=NN=C(C2=CC=C(N)C=C2)C3=CC4=C(OCO4)C=C3C1,null,null,null,null,null,G119,SIGMA,2021_LOPAC_01,null,null,GYKI 52466 hydrochloride,null,4,null,null,null,12.273,0.5,3.065,0.196,0.976,null,null,null,null,null,null,12,null,null,12.906,0.633,45.62,48.079,null,null,null,null,null,null,null,null,null,LFBZZHVSGAHQPP,null,TRND,jyEnTtlayOBYedtUIq,null,null,null,null,CL,null,null,null,null,null,null,null,null,0,4,0,null,null,173032,0 0 0 0,1,1,2025-06-17 15:37:36,null,null,null,null,null,null,null,364795335,activity,null,HTS,null,10.888,12.906,8.656,0.633,null,null,null,null,null,null,null,null,null,null,null,null,null,null,null,null,null,null,null,null,null,278940228
TRND-Glioblastoma_LOPAC_T98G-primary_screen2,NCGC00015043-15,activity,null,4,11.29,6.923,NCCCC(O)=O,null,null,null,null,null,A2129,SIGMA,2021_LOPAC_01,null,null,GABA,null,4,null,null,null,18.74,10.5,4.955,0.597,0.687,null,null,null,null,null,null,-0.79,null,null,14.332,-4.408,18.774,10.197,null,null,null,null,null,null,null,null,null,BTCSSZJGUNDROE,null,TRND,JFUjYtXEdjwFwZejst,null,null,null,null,null,null,null,null,null,56-12-2,null,null,null,0,4,0,null,null,173032,0 0 0 0,1,1,2025-06-17 15:37:36,null,null,null,null,null,null,null,364790431,activity,null,HTS,null,2.952,-4.408,14.332,6.923,null,null,null,null,null,null,null,null,null,null,null,null,null,null,null,null,null,null,null,null,null,278940229
TRND-Glioblastoma_LOPAC_T98G-primary_screen2,NCGC00181785-16,activity,10,-2.3,-91.622,-88.415,C[C@@H](O[C@H]1OCCN(CC2=NC(=O)NN2)[C@H]1C3=CC=C(F)C=C3)C4=CC(=CC(=C4)C(F)(F)F)C(F)(F)F,null,null,null,null,null,SML2215,SIGMA,2021_LOPAC_01,-5,null,Aprepitant,null,-2.1,null,null,null,95.539,-89.122,4.045,0.11,0.992,null,null,null,null,null,null,2.5,null,null,7.124,-88.415,-36.624,-46.493,null,null,null,null,null,null,null,null,null,ATALOFNDEOCMKK,null,TRND,qQqNdtKNFqagUDmJSt,null,Tachykinin receptor 1 antagonist,null,null,null,null,null,null,null,170729-80-3,TACR1,null,null,0,4,0,null,null,173032,0 0 0 0,1,1,2025-06-17 15:37:36,null,null,null,null,null,null,null,364794919,activity,null,HTS,10.625271,7.124,-2.187,-11.993,-88.415,null,null,null,null,null,null,null,null,null,null,null,null,null,null,null,null,null,null,null,null,null,278940230
TRND-Glioblastoma_LOPAC_T98G-primary_screen2,NCGC00025167-19,activity,null,4,-15.715,-5.243,COC1=CC=C(C[C@H](C)NC[C@@H](O)C2=CC(NC=O)=C(O)C=C2)C=C1,null,null,null,null,null,F9552,SIGMA,2021_LOPAC_01,null,null,Formoterol,null,4,null,null,null,16.501,-4.215,4.955,0.531,0.773,null,null,null,null,null,null,11.5,null,null,8.405,-8.096,15.074,15.256,null,null,null,null,null,null,null,null,null,BPZSYCZIITTYBL,null,TRND,bBalukhrhOchGoSwiI,null,null,null,null,FUMARIC_ACID,null,null,null,null,[NO STEREO] 183814-30-4,null,null,null,0,4,0,null,null,173032,0 0 0 0,1,1,2025-06-17 15:37:36,null,null,null,null,null,null,null,364791443,activity,null,HTS,null,8.405,-8.096,0.232,-5.243,null,null,null,null,null,null,null,null,null,null,null,null,null,null,null,null,null,null,null,null,null,278940231
TRND-Glioblastoma_LOPAC_T98G-primary_screen2,NCGC00015155-25,activity,null,4,15.974,-6.379,CC(C)COCC(CN(CC1=CC=CC=C1)C2=CC=CC=C2)N3CCCC3,null,null,null,null,null,B5016,SIGMA,2021_LOPAC_01,null,null,Bepridil hydrochloride,null,4,null,null,null,19.595,-2,1.967,0.53,0.775,null,null,null,null,null,null,-17.974,null,null,2.533,-17.062,-55.542,-56.238,null,null,null,null,null,null,null,null,null,UIEATEWHFDRYRU,null,TRND,oryaKSNHyDKXXkTyZw,null,Voltage-dependent P/Q-type calcium channel subunit alpha-1A Blocker,null,null,CL,null,null,null,null,68099-86-5,CACNA1A,null,null,0,4,0,null,null,173032,0 0 0 0,1,1,2025-06-17 15:37:36,null,null,null,null,null,null,null,364794539,activity,null,HTS,null,-17.062,-9.46,2.533,-6.379,null,null,null,null,null,null,null,null,null,null,null,null,null,null,null,null,null,null,null,null,null,278940232
TRND-Glioblastoma_LOPAC_T98G-primary_screen2,NCGC00689997-01,activity,null,4,18.152,1.97,C[C@H]1CC(=O)NC2=CC(=CC=C2N1C(=O)N3CC4CC4C3)C(=O)NCCC5CC5,null,null,null,null,null,SML2325,SIGMA,2021_LOPAC_01,null,null,BAY-6035,null,4,null,null,null,13.667,16.5,1.344,1,1,null,null,null,null,null,null,-1.652,null,null,13.124,-0.543,17.706,18.794,null,null,null,null,null,null,null,null,null,CKFRXCBNKKOFGO,null,TRND,wWHfmkyMBtVPbwGwDQ,null,null,null,null,null,null,null,null,null,null,null,null,null,0,4,1,null,null,173032,0 0 0 1,1,1,2025-06-17 15:37:36,null,null,null,null,null,null,null,364795223,activity,null,HTS,null,-0.543,4.488,13.124,1.97,null,null,null,null,null,null,null,null,null,null,null,null,null,null,null,null,null,null,null,null,null,278940233
TRND-Glioblastoma_LOPAC_T98G-primary_screen2,NCGC00015494-13,activity,null,4,-14.746,-1.799,CCCN(CCC)C1CCC2=C(C1)C=C(O)C=C2,null,null,null,null,null,H8653,SIGMA,2021_LOPAC_01,null,null,(±)-7-Hydroxy-DPAT hydrobromide,null,4,null,null,null,18.299,-5.746,2.333,0.504,0.802,null,null,null,null,null,null,9,null,null,8.511,-9.788,17.889,18.887,null,null,null,null,null,null,null,null,null,BLYMJBIZMIGWFK,null,TRND,sRBVlfdwsqTKhFOLgU,null,null,null,null,BR,null,null,null,null,null,null,null,null,0,4,0,null,null,173032,0 0 0 0,1,1,2025-06-17 15:37:36,null,null,null,null,null,null,null,364793975,activity,null,HTS,null,8.511,2.947,-9.788,-1.799,null,null,null,null,null,null,null,null,null,null,null,null,null,null,null,null,null,null,null,null,null,278940234
TRND-Glioblastoma_LOPAC_T98G-primary_screen2,NCGC00388122-02,activity,null,4,-19.128,-6.087,COC1=C(OC)C=C(CC2=NN3C(=NC(C)=C3C(=O)N2)[C@@H](CCCC4=CC=CC=C4)[C@@H](C)O)C=C1,null,null,null,null,null,SML2311,SIGMA,2021_LOPAC_01,null,null,BAY 60-7550,null,4,null,null,null,20.678,-7.628,4.504,0.172,0.981,null,null,null,null,null,null,11.5,null,null,11.404,-9.274,25.643,26.436,null,null,null,null,null,null,null,null,null,MYTWFJKBZGMYCS,null,TRND,xqpCOeGvkZwtrlOfKf,null,null,null,null,null,null,null,null,null,439083-90-6,null,null,null,0,4,0,null,null,173032,0 0 0 0,1,1,2025-06-17 15:37:36,null,null,null,null,null,null,null,364790799,activity,null,HTS,null,11.404,5.266,-9.274,-6.087,null,null,null,null,null,null,null,null,null,null,null,null,null,null,null,null,null,null,null,null,null,278940235
TRND-Glioblastoma_LOPAC_T98G-primary_screen2,NCGC00027930-18,activity,null,4,0,5.536,ClC1=CC=C(C=C1)C(=O)NCCN2CCOCC2,null,null,null,null,null,M3071,SIGMA,2021_LOPAC_01,null,null,Moclobemide,null,4,null,null,null,2.694,0,null,null,null,null,null,null,null,null,null,0,null,null,5.536,2.842,15.884,null,null,null,null,null,null,null,null,null,null,YHXISWVBGDMDLQ,null,TRND,CBMIVoVKIHoakFlHUt,null,null,null,null,null,null,null,null,null,71320-77-9,null,null,null,0,4,null,null,null,173032,null,1,1,2025-06-17 15:37:36,null,null,null,null,null,null,null,364792175,activity,null,HTS,null,2.842,3.73,3.546,5.536,null,null,null,null,null,null,null,null,null,null,null,null,null,null,null,null,null,null,null,null,null,278940236
TRND-Glioblastoma_LOPAC_T98G-primary_screen2,NCGC00015860-21,activity,null,4,0,-4.748,CCCNC(C)C(=O)NC1=C(C)C=CC=C1,null,null,null,null,null,P9547,SIGMA,2021_LOPAC_01,null,null,Prilocaine hydrochloride,null,4,null,null,null,7.944,0,null,null,null,null,null,null,null,null,null,0,null,null,3.196,-4.748,8.752,null,null,null,null,null,null,null,null,null,null,MVFGUOIZUNYYSO,null,TRND,bqXmJOPlAjtOnDGsbV,null,null,null,null,CL,null,null,null,null,1786-81-8,null,null,null,0,4,null,null,null,173032,null,1,1,2025-06-17 15:37:36,null,null,null,null,null,null,null,364793151,activity,null,HTS,null,3.196,2.936,0.469,-4.748,null,null,null,null,null,null,null,null,null,null,null,null,null,null,null,null,null,null,null,null,null,278940237
TRND-Glioblastoma_LOPAC_T98G-primary_screen2,NCGC00162271-12,activity,null,4,0,2.144,CCN1C=C(C([O-])=O)C(=O)C2=CC=C(C)N=C12,null,null,null,null,null,N4382,SIGMA,2021_LOPAC_01,null,null,Nalidixic acid sodium,null,4,null,null,null,4.755,0,null,null,null,null,null,null,null,null,null,0,null,null,5.253,0.499,8.23,null,null,null,null,null,null,null,null,null,null,MHWLWQUZZRMNGJ,null,TRND,EHyXSJvnAsSQUALxCq,null,null,null,null,SODIUM,null,null,null,null,538497,null,null,null,0,4,null,null,null,173032,null,1,1,2025-06-17 15:37:36,null,null,null,null,null,null,null,364792863,activity,null,HTS,null,0.499,5.253,2.928,2.144,null,null,null,null,null,null,null,null,null,null,null,null,null,null,null,null,null,null,null,null,null,278940238
TRND-Glioblastoma_LOPAC_T98G-primary_screen2,NCGC00386697-06,activity,0.1,5,-54.707,-72.336,COC1=CC(=CC=C1)C2=CC(NCC3=CC=C4OCOC4=C3)=NC(N)=N2,null,null,null,null,null,SML0698,SIGMA,2021_LOPAC_01,-7,null,CID 11210285 hydrochloride,null,-1.2,null,null,null,17.256,-72.304,0.8,0.133,0.989,null,null,null,null,null,null,-17.597,null,null,-55.081,-72.336,-285.886,-286.378,null,null,null,null,null,null,null,null,null,FABQUVYDAXWUQP,null,TRND,AoPafKpcHqicbeQAKM,null,null,null,null,CL,null,null,null,null,null,null,null,null,0,4,0,null,null,173032,0 0 0 0,1,1,2025-06-17 15:37:36,null,null,null,null,null,null,null,364790967,activity,null,HTS,null,-55.081,-66.612,-69.286,-72.336,null,null,null,null,null,null,null,null,null,null,null,null,null,null,null,null,null,null,null,null,null,278940239
TRND-Glioblastoma_LOPAC_T98G-primary_screen2,NCGC00015527-06,activity,null,4,-16.265,-5.638,NO,null,null,null,null,null,H9876,SIGMA,2021_LOPAC_01,null,null,Hydroxylamine hydrochloride,null,4,null,null,null,14.502,-7.765,4.955,0.062,0.998,null,null,null,null,null,null,8.5,null,null,8.864,-5.638,31.562,32.411,null,null,null,null,null,null,null,null,null,AVXURJPOCDRRFD,null,TRND,esIwsYHVPtpwcXdQOK,null,null,null,null,CL,null,null,null,null,null,null,null,null,0,4,0,null,null,173032,0 0 0 0,1,1,2025-06-17 15:37:36,null,null,null,null,null,null,null,364795271,activity,null,HTS,null,8.095,8.387,8.864,-5.638,null,null,null,null,null,null,null,null,null,null,null,null,null,null,null,null,null,null,null,null,null,278940240
TRND-Glioblastoma_LOPAC_T98G-primary_screen2,NCGC00024485-12,activity,null,4,0,-5.444,NC\C=C\C(O)=O,null,null,null,null,null,T1694,SIGMA,2021_LOPAC_01,null,null,(E)-4-amino-2-butenoic acid,null,4,null,null,null,5.208,0,null,null,null,null,null,null,null,null,null,0,null,null,-0.236,-5.444,-12.518,null,null,null,null,null,null,null,null,null,null,FMKJUUQOYOHLTF,null,TRND,JFUjYtETHjryGfhCKf,null,null,null,null,null,null,null,null,null,null,null,null,null,0,4,null,null,null,173032,null,1,1,2025-06-17 15:37:36,null,null,null,null,null,null,null,364792195,activity,null,HTS,null,-2.923,-0.236,-1.975,-5.444,null,null,null,null,null,null,null,null,null,null,null,null,null,null,null,null,null,null,null,null,null,278940241
TRND-Glioblastoma_LOPAC_T98G-primary_screen2,NCGC00015028-14,activity,null,4,0,1.275,NC(=N)NCCCCNC(N)=N,null,null,null,null,null,A0384,SIGMA,2021_LOPAC_01,null,null,Arcaine sulfate,null,4,null,null,null,5.92,0,null,null,null,null,null,null,null,null,null,0,null,null,1.629,-4.291,-8.452,null,null,null,null,null,null,null,null,null,null,HGMDNMBBCKDWTQ,null,TRND,EcRBgRGCkcGQpVCGJy,null,null,null,null,SULFURIC_ACID,null,null,null,null,null,null,null,null,0,4,null,null,null,173032,null,1,1,2025-06-17 15:37:36,null,null,null,null,null,null,null,364794219,activity,null,HTS,null,-2.616,1.629,-4.291,1.275,null,null,null,null,null,null,null,null,null,null,null,null,null,null,null,null,null,null,null,null,null,278940242
TRND-Glioblastoma_LOPAC_T98G-primary_screen2,NCGC00507753-02,activity,null,4,0,-3.786,O=C(N[C@H]1CC2CCN(C2)C1)C3=CNC4=C(SC=C4)C3=O,null,null,null,null,null,SmL1038,SIGMA,2021_LOPAC_01,null,null,MKC-733,null,4,null,null,null,9.712,0,null,null,null,null,null,null,null,null,null,0,null,null,5.926,-3.786,14.43,null,null,null,null,null,null,null,null,null,null,XRLQZRQVIYPVAZ,null,TRND,RAwlLDZvoXKMUJOaLK,null,null,null,null,CL,null,null,null,null,null,null,null,null,0,4,null,null,null,173032,null,1,1,2025-06-17 15:37:36,null,null,null,null,null,null,null,364792443,activity,null,HTS,null,5.266,5.926,-3.337,-3.786,null,null,null,null,null,null,null,null,null,null,null,null,null,null,null,null,null,null,null,null,null,278940243
TRND-Glioblastoma_LOPAC_T98G-primary_screen2,NCGC00025303-12,activity,null,4,0,-3.054,CCN1CCC[C@H]1CNC(=O)C2=C(O)C(Cl)=CC(Cl)=C2OC,null,null,null,null,null,R121,SIGMA,2021_LOPAC_01,null,null,S(+)-Raclopride L-tartrate,null,4,null,null,null,7.042,0,null,null,null,null,null,null,null,null,null,0,null,null,3.988,-3.054,-1.044,null,null,null,null,null,null,null,null,null,null,WAOQONBSWFLFPE,null,TRND,potsUCgFHtvrXSnAwy,null,null,null,null,TARTRATE,null,null,null,null,84225-95-6,null,null,null,0,4,null,null,null,173032,null,1,1,2025-06-17 15:37:36,null,null,null,null,null,null,null,364793143,activity,null,HTS,null,-0.785,-0.07,3.988,-3.054,null,null,null,null,null,null,null,null,null,null,null,null,null,null,null,null,null,null,null,null,null,278940244
TRND-Glioblastoma_LOPAC_T98G-primary_screen2,NCGC00386725-09,activity,19.952623,-3,-103.633,-93.179,CCCCOC1=CC=C(CC\C=C2/SC(=O)N(CCN)C2=O)C=C1,null,null,null,null,null,SML1003,SIGMA,2021_LOPAC_01,-4.7,null,K145 hydrochloride,null,-3,null,null,null,97.035,-100.633,4.955,0.027,1,null,null,null,null,null,null,3,null,null,3.856,-93.179,-39.097,-36.708,null,null,null,null,null,null,null,null,null,MPZXLTZVPUSTFY,null,TRND,ASxsNfqARJBbJZWyFw,null,null,null,null,CL,null,null,null,null,null,null,null,null,0,4,0,null,null,173032,0 0 0 0,1,1,2025-06-17 15:37:36,null,null,null,null,null,null,null,364791899,activity,null,HTS,19.902048,1.811,3.095,3.856,-93.179,null,null,null,null,null,null,null,null,null,null,null,null,null,null,null,null,null,null,null,null,null,278940245
TRND-Glioblastoma_LOPAC_T98G-primary_screen2,NCGC00016065-24,activity,null,4,-16.619,5.197,CCN(CC1=CC=NC=C1)C(=O)C(CO)C2=CC=CC=C2,null,null,null,null,null,T9778,SIGMA,2021_LOPAC_01,null,null,Tropicamide,null,4,null,null,null,16.663,-4.119,4.504,1,1,null,null,null,null,null,null,12.5,null,null,12.397,-4.266,28.766,29.165,null,null,null,null,null,null,null,null,null,BGDKAVGWHJFAGW,null,TRND,FeBXJmzirfmQUskVJh,null,null,null,null,null,null,null,null,null,1508-75-4,null,null,null,0,4,1,null,null,173032,0 0 0 1,1,1,2025-06-17 15:37:36,null,null,null,null,null,null,null,364792171,activity,null,HTS,null,12.397,-0.59,-4.266,5.197,null,null,null,null,null,null,null,null,null,null,null,null,null,null,null,null,null,null,null,null,null,278940246
TRND-Glioblastoma_LOPAC_T98G-primary_screen2,NCGC00390240-08,activity,10,-2.2,-77.691,-68.909,C[C@@H](O[C@H]1OCCN(CC2=NC(=O)N(N2)P(O)(O)=O)[C@H]1C3=CC=C(F)C=C3)C4=CC(=CC(=C4)C(F)(F)F)C(F)(F)F,null,null,null,null,null,SML2228,SIGMA,2021_LOPAC_01,-5,null,Fosaprepitant dimeglumine,null,-2.2,null,null,null,74.159,-72.691,2.473,0.017,1,null,null,null,null,null,null,5,null,null,5.249,-68.909,-30.161,-30.354,null,null,null,null,null,null,null,null,null,BARDROPHSZEBKC,null,TRND,jDGLhdinSHkErcaVpR,null,null,null,null,MEGLUMINE,null,null,null,null,172673-20-0,null,null,null,0,4,0,null,null,173032,0 0 0 0,1,1,2025-06-17 15:37:36,null,null,null,null,null,null,null,364793399,activity,null,HTS,13.764051,4.917,5.249,-16.086,-68.909,null,null,null,null,null,null,null,null,null,null,null,null,null,null,null,null,null,null,null,null,null,278940247
TRND-Glioblastoma_LOPAC_T98G-primary_screen2,NCGC00015773-14,activity,null,4,0,0.207,O=C1CCCN1CC#CCN2CCCC2,null,null,null,null,null,O9126,SIGMA,2021_LOPAC_01,null,null,Oxotremorine sesquifumarate salt,null,4,null,null,null,8.806,0,null,null,null,null,null,null,null,null,null,0,null,null,7.008,-1.798,19.004,null,null,null,null,null,null,null,null,null,null,RSDOPYMFZBJHRL,null,TRND,ZnGUqMqFHezSuZLkOs,null,null,null,null,FUMARIC_ACID,null,null,null,null,null,null,null,null,0,4,null,null,null,173032,null,1,1,2025-06-17 15:37:36,null,null,null,null,null,null,null,364792823,activity,null,HTS,null,7.008,1.006,-1.798,0.207,null,null,null,null,null,null,null,null,null,null,null,null,null,null,null,null,null,null,null,null,null,278940248
TRND-Glioblastoma_LOPAC_T98G-primary_screen2,NCGC00263210-08,activity,null,4,-27.616,-28.014,CCOC1=CC(=CC(OCC)=C1OCC)C(=O)NC2=CC(C3=NC4=C(N3)C=CC=C4)=C(Cl)C=C2,null,null,null,null,null,SML0644,SIGMA,2021_LOPAC_01,null,null,SANT-2,null,4,null,null,null,26.346,-30.117,4.095,0.088,0.995,null,null,null,null,null,null,-2.501,null,null,-1.668,-28.014,-24.114,-25.58,null,null,null,null,null,null,null,null,null,VQOJFGFKIVFMDH,null,TRND,ZgfPifiVEgRGIVjdsi,null,Smoothened Receptor antagonist,null,null,null,null,null,null,null,null,SMO,null,null,0,4,0,null,null,173032,0 0 0 0,1,1,2025-06-17 15:37:36,null,null,null,null,null,null,null,364793819,activity,null,HTS,null,-1.668,-3.758,-3.05,-28.014,null,null,null,null,null,null,null,null,null,null,null,null,null,null,null,null,null,null,null,null,null,278940249
TRND-Glioblastoma_LOPAC_T98G-primary_screen2,NCGC00162351-05,activity,8.912509,-2.4,-68.314,-45.692,[H][C@](O)(CN[C@@]1([H])CCC2=C(C1)C=CC=C2)COC3=CC=CC=C3CC,null,null,null,null,null,S8688,SIGMA,2021_LOPAC_01,-5.05,null,SR 59230A oxalate,null,-2.2,null,null,null,54.655,-60.314,0.91,0.16,0.984,null,null,null,null,null,null,8,null,null,8.963,-45.692,-15.989,-25.421,null,null,null,null,null,null,null,null,null,ZDWNVUUXKGJQMT,null,TRND,OIKQRWDfAwXLXSFDlK,null,null,null,null,OXALIC_ACID,null,null,null,null,null,null,null,null,0,4,0,null,null,173032,0 0 0 0,1,1,2025-06-17 15:37:36,null,null,null,null,null,null,null,364791651,activity,null,HTS,33.3,8.963,-4.76,-19.33,-45.692,null,null,null,null,null,null,null,null,null,null,null,null,null,null,null,null,null,null,null,null,null,278940250
TRND-Glioblastoma_LOPAC_T98G-primary_screen2,NCGC00093936-16,activity,null,4,0,2.131,[H][C@](N)(CCC(N)=O)C(O)=O,null,null,null,null,null,G3126,SIGMA,2021_LOPAC_01,null,null,L-Glutamine,null,4,null,null,null,2.71,0,null,null,null,null,null,null,null,null,null,0,null,null,3.143,0.434,10.54,null,null,null,null,null,null,null,null,null,null,ZDXPYRJPNDTMRX,null,TRND,NDJzcJaglduXebcuVY,null,null,null,null,null,null,null,null,null,56-85-9,null,null,null,0,4,null,null,null,173032,null,1,1,2025-06-17 15:37:36,null,null,null,null,null,null,null,364794655,activity,null,HTS,null,3.143,0.434,0.562,2.131,null,null,null,null,null,null,null,null,null,null,null,null,null,null,null,null,null,null,null,null,null,278940251
TRND-Glioblastoma_LOPAC_T98G-primary_screen2,NCGC00015591-14,activity,11.220185,-2.2,-43.413,-35.761,OC1(CCN(CC2=CNC3=C2C=CC=C3)CC1)C4=CC=C(Cl)C=C4,null,null,null,null,null,L135,SIGMA,2021_LOPAC_01,-4.95,null,"L-741,626",null,-2.2,null,null,null,37.545,-41.413,1.753,0.016,1,null,null,null,null,null,null,2,null,null,1.784,-35.761,-20.794,-20.051,null,null,null,null,null,null,null,null,null,LLBLNMUONVVVPG,null,TRND,gfahQyhByVmiWAYLrX,null,null,null,null,null,null,null,null,null,81226-60-0,null,null,null,0,4,0,null,null,173032,0 0 0 0,1,1,2025-06-17 15:37:36,null,null,null,null,null,null,null,364791831,activity,null,HTS,null,1.784,0.735,-10.668,-35.761,null,null,null,null,null,null,null,null,null,null,null,null,null,null,null,null,null,null,null,null,null,278940252
TRND-Glioblastoma_LOPAC_T98G-primary_screen2,NCGC00021125-13,activity,null,4,13.944,12.406,OC(=O)CC1=CC=CC=C1NC2=C(Cl)C=CC=C2Cl,null,null,null,null,null,D6899,SIGMA,2021_LOPAC_01,null,null,Diclofenac sodium,null,4,null,null,null,14.026,14,4.955,0.383,0.897,null,null,null,null,null,null,0.056,null,null,12.406,-1.62,13.043,6.717,null,null,null,null,null,null,null,null,null,DCOPUUMXTXDBNB,null,TRND,gfAlgULifUQxvuUGFZ,null,null,null,null,SODIUM,null,null,null,null,[NO STEREO] 15307-79-6,null,null,null,0,4,0,null,null,173032,0 0 0 0,1,1,2025-06-17 15:37:36,null,null,null,null,null,null,null,364793099,activity,null,HTS,null,3.031,-1.62,-1.085,12.406,null,null,null,null,null,null,null,null,null,null,null,null,null,null,null,null,null,null,null,null,null,278940253
TRND-Glioblastoma_LOPAC_T98G-primary_screen2,NCGC00160384-06,activity,null,4,0,10.365,CC1=C(NC2=C(C=CC=N2)C(O)=O)C=CC=C1Cl,null,null,null,null,null,SML0530,SIGMA,2021_LOPAC_01,null,null,Clonixin,null,4,null,null,null,10.547,0,null,null,null,null,null,null,null,null,null,0,null,null,11.7,1.153,46.353,null,null,null,null,null,null,null,null,null,null,CLOMYZFHNHFSIQ,null,TRND,cblMeXIjdwfGYlQXBc,null,null,null,null,null,null,null,null,null,17737-65-4,null,null,null,0,4,null,null,null,173032,null,1,1,2025-06-17 15:37:36,null,null,null,null,null,null,null,364795211,activity,null,HTS,null,11.7,1.153,10.908,10.365,null,null,null,null,null,null,null,null,null,null,null,null,null,null,null,null,null,null,null,null,null,278940254
TRND-Glioblastoma_LOPAC_T98G-primary_screen2,NCGC00507747-02,activity,11.220185,-3,-28.094,-32.76,COC1=CC=C(C=C1)C2=CN=C(NC(=O)[C@H]3CCCCN3[S+]([O-])(=O)C4=CC=C(C)C=C4)S2,null,null,null,null,null,SML0524,SIGMA,2021_LOPAC_01,-4.95,null,ML277,null,-3,null,null,null,28.828,-33.312,3.297,0.109,0.993,null,null,null,null,null,null,-5.218,null,null,-3.931,-32.76,-39.492,-41.903,null,null,null,null,null,null,null,null,null,AZIIWVQSTHMERE,null,TRND,cGwRsvMwMRiSVspwjl,null,null,null,null,null,null,null,null,null,null,null,null,null,0,4,0,null,null,173032,0 0 0 0,1,1,2025-06-17 15:37:36,null,null,null,null,null,null,null,364793395,activity,null,HTS,null,-3.931,-6.708,-9.542,-32.76,null,null,null,null,null,null,null,null,null,null,null,null,null,null,null,null,null,null,null,null,null,278940255
TRND-Glioblastoma_LOPAC_T98G-primary_screen2,NCGC00016861-14,activity,null,4,0,2.249,CC(C)CC1=CC=C(C=C1)[C@H](C)C(O)=O,null,null,null,null,null,I106,SIGMA,2021_LOPAC_01,null,null,S(+)-Ibuprofen,null,4,null,null,null,5.162,0,null,null,null,null,null,null,null,null,null,0,null,null,7.411,2.249,17.049,null,null,null,null,null,null,null,null,null,null,HEFNNWSXXWATRW,null,TRND,ZKcNDUDwDJWqHPmEAh,null,null,null,null,null,null,null,null,null,51146-56-6,null,null,null,0,4,null,null,null,173032,null,1,1,2025-06-17 15:37:36,null,null,null,null,null,null,null,364791215,activity,null,HTS,null,3.168,2.707,7.411,2.249,null,null,null,null,null,null,null,null,null,null,null,null,null,null,null,null,null,null,null,null,null,278940256
TRND-Glioblastoma_LOPAC_T98G-primary_screen2,NCGC00094082-20,activity,1.995262,-1.2,-78.04,-73.142,[H][C@@]12CC[C@H](O)[C@@]1(C)CC[C@]3([H])C4=CC(OC)=C(O)C=C4CC[C@@]23[H],null,null,null,null,null,M6383,SIGMA,2021_LOPAC_01,-5.7,null,2-methoxyestradiol,null,-1.2,null,null,null,76.589,-74.54,2.72,0.048,0.999,null,null,null,null,null,null,3.5,null,null,2.806,-73.784,-92.884,-91.652,null,null,null,null,null,null,null,null,null,CQOQDQWUFQDJMK,null,TRND,yXuxQHMORuxLfpouKF,null,Hypoxia-inducible factor 1-alpha inhibitor,null,null,null,null,null,null,null,362-07-2,HIF1A,null,null,0,4,0,null,null,173032,0 0 0 0,1,1,2025-06-17 15:37:36,null,null,null,null,null,null,null,364791303,activity,null,HTS,2.591952,2.806,-15.203,-73.784,-73.142,null,null,null,null,null,null,null,null,null,null,null,null,null,null,null,null,null,null,null,null,null,278940257
TRND-Glioblastoma_LOPAC_T98G-primary_screen2,NCGC00378575-05,activity,null,4,-25.197,-11.831,OC(COC1=C2C=CC=NC2=CC=C1)CN3CCN(CC3)C(=O)C(C4=CC=CC=C4)C5=CC=CC=C5,null,null,null,null,null,SML0938,SIGMA,2021_LOPAC_01,null,null,Dofequidar fumarate,null,4,null,null,null,20.357,-18.197,1.111,0.25,0.96,null,null,null,null,null,null,7,null,null,8.525,-11.831,19.848,15.964,null,null,null,null,null,null,null,null,null,KLWUUPVJTLHYIM,null,TRND,HXBhCgEcOsRYjwGCbe,null,Multidrug resistance protein 1 inhibitor,null,null,FUMARIC_ACID,null,null,null,null,null,ABCB1,null,null,0,4,0,null,null,173032,0 0 0 0,1,1,2025-06-17 15:37:36,null,null,null,null,null,null,null,364791019,activity,null,HTS,null,8.525,3.181,0.265,-11.831,null,null,null,null,null,null,null,null,null,null,null,null,null,null,null,null,null,null,null,null,null,278940258
TRND-Glioblastoma_LOPAC_T98G-primary_screen2,NCGC00263479-08,activity,null,4,16.584,-9.303,[H][C@@]12CC[C@@]3(CCC(=O)O3)[C@@]1(C)CC[C@@]4([H])[C@@]2([H])\C=C/C5=C/C(=O)CC[C@]45C,null,null,null,null,null,SML1497,SIGMA,2021_LOPAC_01,null,null,Canrenone,null,4,null,null,null,21.996,7.5,4.955,1,0.714,null,null,null,null,null,null,-9.084,null,null,12.693,-9.303,-4.143,-1.758,null,null,null,null,null,null,null,null,null,UJVLDDZCTMKXJK,null,TRND,TDULsyWbcjfvQRSomG,null,null,null,null,null,null,null,null,null,976-71-6,null,null,null,0,4,1,null,null,173032,0 0 0 1,1,1,2025-06-17 15:37:36,null,null,null,null,null,null,null,364793347,activity,null,HTS,null,-5.903,12.693,2.75,-9.303,null,null,null,null,null,null,null,null,null,null,null,null,null,null,null,null,null,null,null,null,null,278940259
TRND-Glioblastoma_LOPAC_T98G-primary_screen2,NCGC00015039-10,activity,null,4,-6,2.629,CC(=O)NCCC1=CNC2=C1C=C(O)C=C2,null,null,null,null,null,A1824,SIGMA,2021_LOPAC_01,null,null,N-Acetyl-5-hydroxytryptamine,null,4,null,null,null,10.392,1.5,4.955,0.646,0.608,null,null,null,null,null,null,7.5,null,null,10.792,0.4,21.386,27.937,null,null,null,null,null,null,null,null,null,MVAWJSIDNICKHF,null,TRND,cRianqeAvmVvytKuVL,null,null,null,null,null,null,null,null,null,1210-83-9,null,null,null,0,4,0,null,null,173032,0 0 0 0,1,1,2025-06-17 15:37:36,null,null,null,null,null,null,null,364792975,activity,null,HTS,null,4.39,10.792,0.4,2.629,null,null,null,null,null,null,null,null,null,null,null,null,null,null,null,null,null,null,null,null,null,278940260
TRND-Glioblastoma_LOPAC_T98G-primary_screen2,NCGC00024257-21,activity,null,4,0,-0.444,CNC[C@H](O)C1=CC=CC(O)=C1,null,null,null,null,null,P6126,SIGMA,2021_LOPAC_01,null,null,Phenylephrine hydrochloride,null,4,null,null,null,9.336,0,null,null,null,null,null,null,null,null,null,0,null,null,8.326,-1.01,17.585,null,null,null,null,null,null,null,null,null,null,SONNWYBIRXJNDC,null,TRND,OuFUxgMHexcxeLWPOM,null,Alpha-1A Adrenergic Receptor ligand,null,null,CL,null,null,null,null,61-76-7,ADRA1A,null,null,0,4,null,null,null,173032,null,1,1,2025-06-17 15:37:36,null,null,null,null,null,null,null,364792919,activity,null,HTS,null,4.579,8.326,-1.01,-0.444,null,null,null,null,null,null,null,null,null,null,null,null,null,null,null,null,null,null,null,null,null,278940261
TRND-Glioblastoma_LOPAC_T98G-primary_screen2,NCGC00690004-01,activity,null,4,13.298,9.576,CC1=CC=C(C=C1)C(=O)NC2=CC(C(O)=O)=C(N=C2)N3CCC(CC3)(N4CCCCC4)C(N)=O,null,null,null,null,null,SML2190,SIGMA,2021_LOPAC_01,null,null,BRD5529,null,4,null,null,null,14.898,11,4.504,0.236,0.964,null,null,null,null,null,null,-2.298,null,null,12.567,-2.331,12.941,12.865,null,null,null,null,null,null,null,null,null,ZXWHESBABUHJBE,null,TRND,TQXYiLCvlkDtYdhxcd,null,null,null,null,null,null,null,null,null,null,null,null,null,0,4,0,null,null,173032,0 0 0 0,1,1,2025-06-17 15:37:36,null,null,null,null,null,null,null,364790471,activity,null,HTS,null,-2.331,7.999,12.567,9.576,null,null,null,null,null,null,null,null,null,null,null,null,null,null,null,null,null,null,null,null,null,278940262
TRND-Glioblastoma_LOPAC_T98G-primary_screen2,NCGC00649368-02,activity,null,4,0,8.203,CCC(=O)[N-]S(=O)(=O)C1=CC=C(C=C1)C2=C(C)ON=C2C3=CC=CC=C3,null,null,null,null,null,SML2217,SIGMA,2021_LOPAC_01,null,null,Parecoxib sodium,null,4,null,null,null,5.131,0,null,null,null,null,null,null,null,null,null,0,null,null,13.334,8.203,44.418,null,null,null,null,null,null,null,null,null,null,TZRHLKRLEZJVIJ,null,TRND,YqdSzYoGqNPQhcritR,null,null,null,null,SODIUM,null,null,null,null,[NO STEREO] 198470-84-7,null,null,null,0,4,null,null,null,173032,null,1,1,2025-06-17 15:37:36,null,null,null,null,null,null,null,364790523,activity,null,HTS,null,8.439,10.534,13.334,8.203,null,null,null,null,null,null,null,null,null,null,null,null,null,null,null,null,null,null,null,null,null,278940671
TRND-Glioblastoma_LOPAC_T98G-primary_screen2,NCGC00015205-16,activity,null,4,-7.67,-2.677,CCC(C)N(C)C(=O)C1=NC(=C2C=CC=CC2=C1)C3=C(Cl)C=CC=C3,null,null,null,null,null,C0424,SIGMA,2021_LOPAC_01,null,null,PK 11195,null,4,null,null,null,11.914,-3.17,4.955,0.644,0.609,null,null,null,null,null,null,4.5,null,null,8.439,-3.475,2.584,11.934,null,null,null,null,null,null,null,null,null,RAVIZVQZGXBOQO,null,TRND,MZcHjUwSxkLoTXtqhN,null,Translocator protein (TSPO) inhibitor,null,null,null,null,null,null,null,85532-75-8,TSPO,null,null,0,4,0,null,null,173032,0 0 0 0,1,1,2025-06-17 15:37:36,null,null,null,null,null,null,null,364792719,activity,null,HTS,null,0.189,8.439,-3.475,-2.677,null,null,null,null,null,null,null,null,null,null,null,null,null,null,null,null,null,null,null,null,null,278940263
TRND-Glioblastoma_LOPAC_T98G-primary_screen2,NCGC00015747-25,activity,null,4,-29.718,-24.765,COC(=O)C1=C(C)NC(C)=C(C1C2=CC=CC(=C2)[N+]([O-])=O)C(=O)OCCN(C)CC3=CC=CC=C3,null,null,null,null,null,N7510,SIGMA,2021_LOPAC_01,null,null,Nicardipine hydrochloride,null,4,null,null,null,28.911,-26.718,4.955,0.094,0.994,null,null,null,null,null,null,3,null,null,4.147,-24.765,2.003,-0.472,null,null,null,null,null,null,null,null,null,ZBBHBTPTTSWHBA,null,TRND,iaUIarONiAbubLRimR,null,null,null,null,CL,null,null,null,null,54527-84-3,null,null,null,0,4,0,null,null,173032,0 0 0 0,1,1,2025-06-17 15:37:36,null,null,null,null,null,null,null,364790975,activity,null,HTS,null,4.147,1.709,3.317,-24.765,null,null,null,null,null,null,null,null,null,null,null,null,null,null,null,null,null,null,null,null,null,278940264
TRND-Glioblastoma_LOPAC_T98G-primary_screen2,NCGC00370721-10,activity,14.125375,-3,-81.854,-81.703,CC1=CC2=C(C=C1C)N(CC(=O)C3=CC(=C(O)C(=C3)C(C)(C)C)C(C)(C)C)C(NCCCO)=N2,null,null,null,null,null,SML0634,SIGMA,2021_LOPAC_01,-4.85,null,CID2858522,null,-3,null,null,null,81.046,-83.641,4.504,0.026,1,null,null,null,null,null,null,-1.788,null,null,-0.656,-81.703,-53.845,-52.43,null,null,null,null,null,null,null,null,null,CYCGGKILBWERDJ,null,TRND,OAGzVcVwJlAkLgrVYc,null,null,null,null,null,null,null,null,null,null,null,null,null,0,4,0,null,null,173032,0 0 0 0,1,1,2025-06-17 15:37:36,null,null,null,null,null,null,null,364795311,activity,null,HTS,15.424335,-2.56,-0.656,-4.764,-81.703,null,null,null,null,null,null,null,null,null,null,null,null,null,null,null,null,null,null,null,null,null,278940265
TRND-Glioblastoma_LOPAC_T98G-primary_screen2,NCGC00024476-22,activity,null,4,0,-1.874,CN[C@H](CC(O)=O)C(O)=O,null,null,null,null,null,M3262,SIGMA,2021_LOPAC_01,null,null,N-Methyl-D-aspartic acid,null,4,null,null,null,9.517,0,null,null,null,null,null,null,null,null,null,0,null,null,7.644,-1.874,13.828,null,null,null,null,null,null,null,null,null,null,HOKKHZGPKSLGJE,null,TRND,FujJYIUxklTLCHkLio,null,null,null,null,null,null,null,null,null,6384-92-5,null,null,null,0,4,null,null,null,173032,null,1,1,2025-06-17 15:37:36,null,null,null,null,null,null,null,364793795,activity,null,HTS,null,1.911,7.644,5.961,-1.874,null,null,null,null,null,null,null,null,null,null,null,null,null,null,null,null,null,null,null,null,null,278940266
TRND-Glioblastoma_LOPAC_T98G-primary_screen2,NCGC00263570-08,activity,null,4,0,2.215,CC(C)(C)C(=O)OC1=CC=C(C=C1)[S+]([O-])(=O)NC2=CC=CC=C2C(=O)NCC(O)=O,null,null,null,null,null,S7198,SIGMA,2021_LOPAC_01,null,null,Sivelestat sodium salt hydrate,null,4,null,null,null,6.102,0,null,null,null,null,null,null,null,null,null,0,null,null,5.891,-0.21,6.847,null,null,null,null,null,null,null,null,null,null,JIODRNUYULYNKE,null,TRND,XCpUbPtBCHMUlSQqWV,null,Neutrophil Elastase inhibitor,null,null,SODIUM,null,null,null,null,null,ELANE,null,null,0,4,null,null,null,173032,null,1,1,2025-06-17 15:37:36,null,null,null,null,null,null,null,364791551,activity,null,HTS,null,-0.21,5.891,3.074,2.215,null,null,null,null,null,null,null,null,null,null,null,null,null,null,null,null,null,null,null,null,null,278940267
TRND-Glioblastoma_LOPAC_T98G-primary_screen2,NCGC00384174-16,activity,null,4,-20.957,7.86,ClC1=CC=C(OCC(=O)N[C@H]2CC[C@@H](CC2)NC(=O)COC3=CC=C(Cl)C=C3)C=C1,null,null,null,null,null,SML0843,SIGMA,2021_LOPAC_01,null,null,ISRIB,null,4,null,null,null,20.329,-9.957,4.955,1,0.884,null,null,null,null,null,null,11,null,null,14.531,-5.798,23.938,28.859,null,null,null,null,null,null,null,null,null,HJGMCDHQPXTGAV,null,TRND,iZDwnLuRVLATLfkAxa,null,null,null,null,null,null,null,null,null,null,null,null,null,0,4,1,null,null,173032,0 0 0 1,1,1,2025-06-17 15:37:36,null,null,null,null,null,null,null,364792095,activity,null,HTS,null,7.526,14.531,-5.798,7.86,null,null,null,null,null,null,null,null,null,null,null,null,null,null,null,null,null,null,null,null,null,278940268
TRND-Glioblastoma_LOPAC_T98G-primary_screen2,NCGC00015418-17,activity,null,4,-13.163,0.716,CCC1(C)CC(=O)NC1=O,null,null,null,null,null,E7138,SIGMA,2021_LOPAC_01,null,null,Ethosuximide,null,4,null,null,null,13.172,-11.163,4.955,1,0.943,null,null,null,null,null,null,2,null,null,3.452,-9.72,-8.907,-5.639,null,null,null,null,null,null,null,null,null,HAPOVYFOVVWLRS,null,TRND,gRtYEwDKboRXtTPRKg,null,Voltage-dependent T-type calcium channel subunit alpha-1G inhibitor,null,null,null,null,null,null,null,77-67-8,CACNA1G,null,null,0,4,1,null,null,173032,0 0 0 1,1,1,2025-06-17 15:37:36,null,null,null,null,null,null,null,364793903,activity,null,HTS,null,0.211,3.452,-9.72,0.716,null,null,null,null,null,null,null,null,null,null,null,null,null,null,null,null,null,null,null,null,null,278940269
TRND-Glioblastoma_LOPAC_T98G-primary_screen2,NCGC00015082-20,activity,null,4,0,0.955,NNC(N)=N,null,null,null,null,null,A8835,SIGMA,2021_LOPAC_01,null,null,Aminoguanidine hydrochloride,null,4,null,null,null,5.646,0,null,null,null,null,null,null,null,null,null,0,null,null,6.601,0.955,25.434,null,null,null,null,null,null,null,null,null,null,HAMNKKUPIHEESI,null,TRND,fNlKcirKdSMvCUwRga,null,"Nitric Oxide Synthase, inducible inhibitor",null,null,CL,null,null,null,null,79-17-4,NOS2,null,null,0,4,null,null,null,173032,null,1,1,2025-06-17 15:37:36,null,null,null,null,null,null,null,364791687,activity,null,HTS,null,6.601,4.977,4.482,0.955,null,null,null,null,null,null,null,null,null,null,null,null,null,null,null,null,null,null,null,null,null,278940270
TRND-Glioblastoma_LOPAC_T98G-primary_screen2,NCGC00162329-08,activity,null,4,-24.928,-24.107,NC1=C(C=C(NC2=CC(=C(NC3=NC(NC4=CC=C(C=C4)S([O-])(=O)=O)=NC(Cl)=N3)C=C2)S([O-])(=O)=O)C5=C1C(=O)C6=CC=CC=C6C5=O)S([O-])(=O)=O,null,null,null,null,null,R115,SIGMA,2021_LOPAC_01,null,null,Reactive Blue 2,null,4,null,null,null,28.058,-24.428,3.132,0.303,0.939,null,null,null,null,null,null,0.5,null,null,3.951,-24.107,-23.471,-15.604,null,null,null,null,null,null,null,null,null,IYZXGLGVLYBKAI,null,TRND,slwHGSzJEaKQHIOBCZ,null,null,null,null,SODIUM,null,null,null,null,null,null,null,null,0,4,0,null,null,173032,0 0 0 0,1,1,2025-06-17 15:37:36,null,null,null,null,null,null,null,364791227,activity,null,HTS,null,-3.215,3.951,-6.632,-24.107,null,null,null,null,null,null,null,null,null,null,null,null,null,null,null,null,null,null,null,null,null,278940271
TRND-Glioblastoma_LOPAC_T98G-primary_screen2,NCGC00015208-30,activity,null,4,0,5.759,CN1C=NC2=C1C(=O)N(C)C(=O)N2C,null,null,null,null,null,C0750,SIGMA,2021_LOPAC_01,null,null,Caffeine,null,4,null,null,null,8.451,0,null,null,null,null,null,null,null,null,null,0,null,null,5.759,-2.692,-3.853,null,null,null,null,null,null,null,null,null,null,RYYVLZVUVIJVGH,null,TRND,JlmuQsRiefTRshclpR,null,null,null,null,null,null,null,null,null,58-08-2,null,null,null,0,4,null,null,null,173032,null,1,1,2025-06-17 15:37:36,null,null,null,null,null,null,null,364794635,activity,null,HTS,null,-2.692,-0.808,1.652,5.759,null,null,null,null,null,null,null,null,null,null,null,null,null,null,null,null,null,null,null,null,null,278940272
TRND-Glioblastoma_LOPAC_T98G-primary_screen2,NCGC00024986-10,activity,null,4,0,-4.316,CCCN(CCC)[C@@H]1CCC2=C(C1)C(O)=CC=C2,null,null,null,null,null,H140,SIGMA,2021_LOPAC_01,null,null,R-(+)-8-Hydroxy-DPAT hydrobromide,null,4,null,null,null,4.525,0,null,null,null,null,null,null,null,null,null,0,null,null,0.209,-4.316,-4.666,null,null,null,null,null,null,null,null,null,null,ASXGJMSKWNBENU,null,TRND,wKGnadBRxcxghyFqli,null,null,null,null,BR,null,null,null,null,78095-19-9,null,null,null,0,4,null,null,null,173032,null,1,1,2025-06-17 15:37:36,null,null,null,null,null,null,null,364795287,activity,null,HTS,null,-0.896,-0.082,0.209,-4.316,null,null,null,null,null,null,null,null,null,null,null,null,null,null,null,null,null,null,null,null,null,278940273
TRND-Glioblastoma_LOPAC_T98G-primary_screen2,NCGC00015108-13,activity,null,4,0,3.331,NC(N)=NC(=O)C1=NC(Cl)=C(N=C1N)N2CCCCCC2,null,null,null,null,null,A9561,SIGMA,2021_LOPAC_01,null,null,"5-(N,N-hexamethylene)amiloride",null,4,null,null,null,8.48,0,null,null,null,null,null,null,null,null,null,0,null,null,7.462,-1.018,6.184,null,null,null,null,null,null,null,null,null,null,RQQJJXVETXFINY,null,TRND,dmnFWruhAqQwdQHAuq,null,null,null,null,null,null,null,null,null,null,null,null,null,0,4,null,null,null,173032,null,1,1,2025-06-17 15:37:36,null,null,null,null,null,null,null,364791703,activity,null,HTS,null,-1.018,7.462,2.923,3.331,null,null,null,null,null,null,null,null,null,null,null,null,null,null,null,null,null,null,null,null,null,278940274
TRND-Glioblastoma_LOPAC_T98G-primary_screen2,NCGC00273564-05,activity,null,4,-16.152,-1.904,N\C1=N\C(=O)\C(Br)=C(/N1)C2=CC=CC=C2,null,null,null,null,null,SML0218,SIGMA,2021_LOPAC_01,null,null,BRopirimine,null,4,null,null,null,15.284,-10.152,2.333,1,0.999,null,null,null,null,null,null,6,null,null,5.574,-9.71,2.705,2.558,null,null,null,null,null,null,null,null,null,CIUUIPMOFZIWIZ,null,TRND,gXiYHIKaiRMoDkMTuS,null,null,null,null,null,null,null,null,null,56741-95-8,null,null,null,0,4,1,null,null,173032,0 0 0 1,1,1,2025-06-17 15:37:36,null,null,null,null,null,null,null,364794215,activity,null,HTS,null,5.574,-1.244,-9.71,-1.904,null,null,null,null,null,null,null,null,null,null,null,null,null,null,null,null,null,null,null,null,null,278940275
TRND-Glioblastoma_LOPAC_T98G-primary_screen2,NCGC00016023-27,activity,null,4,0,3.876,CN1C=NC2=C1C(=O)NC(=O)N2C,null,null,null,null,null,T4500,SIGMA,2021_LOPAC_01,null,null,Theobromine,null,4,null,null,null,8.121,0,null,null,null,null,null,null,null,null,null,0,null,null,7.228,-0.893,24.474,null,null,null,null,null,null,null,null,null,null,YAPQBXQYLJRXSA,null,TRND,dbDuxSEUEpcCqWhzdN,null,null,null,null,null,null,null,null,null,83-67-0,null,null,null,0,4,null,null,null,173032,null,1,1,2025-06-17 15:37:36,null,null,null,null,null,null,null,364794783,activity,null,HTS,null,7.228,4.296,-0.893,3.876,null,null,null,null,null,null,null,null,null,null,null,null,null,null,null,null,null,null,null,null,null,278940276
TRND-Glioblastoma_LOPAC_T98G-primary_screen2,NCGC00024584-31,activity,null,4,-33.822,-14.435,[H][C@@]12CCCN1C(=O)[C@H](CC(C)C)N3C(=O)[C@](NC(=O)[C@H]4CN(C)[C@]5([H])CC6=C(Br)NC7=CC=CC(=C67)C5=C4)(O[C@@]23O)C(C)C,null,null,null,null,null,B2134,SIGMA,2021_LOPAC_01,null,null,(+)-BRomocriptine methanesulfonate,null,4,null,null,null,29.218,-20.822,1.449,0.185,0.978,null,null,null,null,null,null,13,null,null,14.783,-14.435,42.663,38.831,null,null,null,null,null,null,null,null,null,OZVBMTJYIDMWIL,null,TRND,sWvxANSBiuCANKnIYL,null,null,null,null,SULFONICACID_V1,null,null,null,null,22260-51-1,null,null,null,0,4,0,null,null,173032,0 0 0 0,1,1,2025-06-17 15:37:36,null,null,null,null,null,null,null,364791487,activity,null,HTS,null,14.783,9.216,3.984,-14.435,null,null,null,null,null,null,null,null,null,null,null,null,null,null,null,null,null,null,null,null,null,278940277
TRND-Glioblastoma_LOPAC_T98G-primary_screen2,NCGC00167505-09,activity,null,4,-26.64,-11.783,[H][C@@]12CCCN1C(=O)[C@]([H])(CC3=CNC4=CC=CC=C34)NC(=O)[C@]([H])(CC(O)=O)NC(=O)CNC(=O)[C@]([H])(CCCCNC(N)=N)NC(=O)CCSSC[C@]([H])(NC2=O)C(N)=O,null,null,null,null,null,SML1042,SIGMA,2021_LOPAC_01,null,null,Eptifibatide acetate,null,4,null,null,null,20.726,-17.64,0.964,0.149,0.986,null,null,null,null,null,null,9,null,null,8.943,-11.783,20.082,18.339,null,null,null,null,null,null,null,null,null,CZKPOZZJODAYPZ,null,TRND,jwrmcThWsbLKIsyEfH,null,null,null,null,null,null,null,null,null,188627-80-7,null,null,null,0,4,0,null,null,173032,0 0 0 0,1,1,2025-06-17 15:37:36,null,null,null,null,null,null,null,364791039,activity,null,HTS,null,8.943,3.866,-1.779,-11.783,null,null,null,null,null,null,null,null,null,null,null,null,null,null,null,null,null,null,null,null,null,278940278
TRND-Glioblastoma_LOPAC_T98G-primary_screen2,NCGC00167958-10,activity,null,4,-8.193,-5.059,[H][C@](C)(O)[C@@]1([H])C(=O)N2C(C(O)=O)=C(C[C@]12[H])SCCNC=N,null,null,null,null,null,I0160,SIGMA,2021_LOPAC_01,null,null,Imipenem monohydrate,null,4,null,null,null,11.559,-5.693,4.955,0.536,0.769,null,null,null,null,null,null,2.5,null,null,5.565,-5.994,-4.338,1.908,null,null,null,null,null,null,null,null,null,ZSKVGTPCRGIANV,null,TRND,lbnPiwZKdbLfunxFzR,null,null,null,null,H2O,null,null,null,null,64221-86-9,null,null,null,0,4,0,null,null,173032,0 0 0 0,1,1,2025-06-17 15:37:36,null,null,null,null,null,null,null,364792743,activity,null,HTS,null,-0.496,5.565,-5.994,-5.059,null,null,null,null,null,null,null,null,null,null,null,null,null,null,null,null,null,null,null,null,null,278940279
TRND-Glioblastoma_LOPAC_T98G-primary_screen2,NCGC00370715-07,activity,null,4,-10.737,-7.281,O=C(N1CCN(CC1)C2=CC(=NC3=CC(=NN23)C4=CC=CC=C4)C5=CC=CO5)C6=COC=C6,null,null,null,null,null,SML0997,SIGMA,2021_LOPAC_01,null,null,ML 230,null,4,null,null,null,11.407,-8.737,4.955,0.599,0.686,null,null,null,null,null,null,2,null,null,4.126,-7.281,-5.221,4.427,null,null,null,null,null,null,null,null,null,LRPGMVPQQLBMNE,null,TRND,bRQFVKjvVlPyRQTeNo,null,null,null,null,null,null,null,null,null,null,null,null,null,0,4,0,null,null,173032,0 0 0 0,1,1,2025-06-17 15:37:36,null,null,null,null,null,null,null,364793199,activity,null,HTS,null,-2.536,4.126,3.947,-7.281,null,null,null,null,null,null,null,null,null,null,null,null,null,null,null,null,null,null,null,null,null,278940280
TRND-Glioblastoma_LOPAC_T98G-primary_screen2,NCGC00024489-09,activity,null,4,0,-2.373,N[C@@H](CN1OC(=O)NC1=O)C(O)=O,null,null,null,null,null,Q2128,SIGMA,2021_LOPAC_01,null,null,(+)-Quisqualic acid,null,4,null,null,null,6.094,0,null,null,null,null,null,null,null,null,null,0,null,null,0.671,-5.423,-6.529,null,null,null,null,null,null,null,null,null,null,ASNFTDCKZKHJSW,null,TRND,mfdlWhlYHNCPORAAlV,null,null,null,null,null,null,null,null,null,52809-07-1,null,null,null,0,4,null,null,null,173032,null,1,1,2025-06-17 15:37:36,null,null,null,null,null,null,null,364795135,activity,null,HTS,null,-0.706,-5.423,0.671,-2.373,null,null,null,null,null,null,null,null,null,null,null,null,null,null,null,null,null,null,null,null,null,278940281
TRND-Glioblastoma_LOPAC_T98G-primary_screen2,NCGC00015672-26,activity,null,4,0,7.995,OC1=CC(O)=C(C=C1)C2=C(O)C(=O)C3=C(O2)C=C(O)C=C3O,null,null,null,null,null,M4008,SIGMA,2021_LOPAC_01,null,null,Morin,null,4,null,null,null,5.984,0,null,null,null,null,null,null,null,null,null,0,null,null,7.995,2.011,20.897,null,null,null,null,null,null,null,null,null,null,YXOLAZRVSSWPPT,null,TRND,iyihQemwPKdvxcFxTp,null,DNA-3-Methyladenine Glycosylase inhibitor,null,null,H2O,null,null,null,null,480-16-0,MPG,null,null,0,4,null,null,null,173032,null,1,1,2025-06-17 15:37:36,null,null,null,null,null,null,null,364793811,activity,null,HTS,null,4.534,2.011,3.872,7.995,null,null,null,null,null,null,null,null,null,null,null,null,null,null,null,null,null,null,null,null,null,278940282
TRND-Glioblastoma_LOPAC_T98G-primary_screen2,NCGC00186020-03,activity,null,4,-14.248,-13.54,COC1=CC=C2C3CC[C@]4(C)[C@H](CCC4C3CCC2=C1)NCCCCCCN5C(=O)CCC5=O,null,null,null,null,null,U6881,SIGMA,2021_LOPAC_01,null,null,U-73343,null,4,null,null,null,16.206,-13.748,2.787,0.311,0.936,null,null,null,null,null,null,0.5,null,null,2.665,-13.54,-12.424,-8.079,null,null,null,null,null,null,null,null,null,CJHWFIUASFBCKN,null,TRND,xlBaxAQfeAcvcJHmTI,null,null,null,null,null,null,null,null,null,null,null,null,null,0,4,0,null,null,173032,0 0 0 0,1,1,2025-06-17 15:37:36,null,null,null,null,null,null,null,364791263,activity,null,HTS,null,-1.508,2.665,-4.267,-13.54,null,null,null,null,null,null,null,null,null,null,null,null,null,null,null,null,null,null,null,null,null,278940283
TRND-Glioblastoma_LOPAC_T98G-primary_screen2,NCGC00015676-10,activity,null,4,-12,3.308,CC(N)(C(O)=O)C1=CC=C(C=C1)C(O)=O,null,null,null,null,null,M4796,SIGMA,2021_LOPAC_01,null,null,(±)-alpha-Methyl-4-carboxyphenylglycine,null,4,null,null,null,12.561,2.5,4.955,0.144,0.987,null,null,null,null,null,null,14.5,null,null,14.235,1.674,51.775,53.156,null,null,null,null,null,null,null,null,null,DNCAZYRLRMTVSF,null,TRND,wfIIHINueHBxtwknxO,null,null,null,null,null,null,null,null,null,146669-29-6,null,null,null,0,4,0,null,null,173032,0 0 0 0,1,1,2025-06-17 15:37:36,null,null,null,null,null,null,null,364791911,activity,null,HTS,null,14.023,14.235,1.674,3.308,null,null,null,null,null,null,null,null,null,null,null,null,null,null,null,null,null,null,null,null,null,278940284
TRND-Glioblastoma_LOPAC_T98G-primary_screen2,NCGC00485411-03,activity,0.223872,5,5.303,-73.42,COC1=C(OC)C(OC)=C2C(CC[C@H](NC(C)=O)C3=CC(=O)C(SC)=CC=C23)=C1,null,null,null,null,null,SML0954,SIGMA,2021_LOPAC_01,-6.65,null,Thiocolchicine,null,-1.4,null,null,null,2.753,-72.192,3.065,0.671,0.62,null,null,null,null,null,null,-77.495,null,null,-71.41,-74.163,-344.415,-344.663,null,null,null,null,null,null,null,null,null,CMEGANPVAXDBPL,null,TRND,IxWCMwrPcdYoNcFjDQ,null,null,null,null,null,null,null,null,null,2730-71-4,null,null,null,0,4,0,null,null,173032,0 0 0 0,1,1,2025-06-17 15:37:36,null,null,null,null,null,null,null,364795067,activity,null,HTS,null,-74.163,-71.646,-71.41,-73.42,null,null,null,null,null,null,null,null,null,null,null,null,null,null,null,null,null,null,null,null,null,278940285
TRND-Glioblastoma_LOPAC_T98G-primary_screen2,NCGC00015291-10,activity,null,4,0,1.232,NC1CCC2=CC(O)=C(O)C=C2C1,null,null,null,null,null,D002,SIGMA,2021_LOPAC_01,null,null,"6,7-ADTN hydrobromide",null,4,null,null,null,6.111,0,null,null,null,null,null,null,null,null,null,0,null,null,6.891,0.78,11.045,null,null,null,null,null,null,null,null,null,null,ASXGAOFCKGHGMF,null,TRND,hRDNlWvnYVZUdAnvXw,null,null,null,null,BR,null,null,null,null,13575-86-5,null,null,null,0,4,null,null,null,173032,null,1,1,2025-06-17 15:37:36,null,null,null,null,null,null,null,364791083,activity,null,HTS,null,0.78,6.891,4.886,1.232,null,null,null,null,null,null,null,null,null,null,null,null,null,null,null,null,null,null,null,null,null,278940286
TRND-Glioblastoma_LOPAC_T98G-primary_screen2,NCGC00015436-22,activity,10,-2.1,-96.605,-91.327,OCCN1CCN(CCCN2C3=C(SC4=C2C=C(C=C4)C(F)(F)F)C=CC=C3)CC1,null,null,null,null,null,F4765,SIGMA,2021_LOPAC_01,-5,null,Fluphenazine dihydrochloride,null,-2.1,null,null,null,95.43,-92.605,3.627,0.016,1,null,null,null,null,null,null,4,null,null,4.103,-91.327,-44.635,-44.035,null,null,null,null,null,null,null,null,null,PLDUPXSUYLZYBN,null,TRND,SMGNnJOZUuVqkXezcX,null,Dopamine Receptor D2 antagonist,null,null,CL,null,null,null,null,null,DRD2,null,null,0,4,0,null,null,173032,0 0 0 0,1,1,2025-06-17 15:37:36,null,null,null,null,null,null,null,364795231,activity,null,HTS,10.45111,3.524,4.103,-13.261,-91.327,null,null,null,null,null,null,null,null,null,null,null,null,null,null,null,null,null,null,null,null,null,278940287
TRND-Glioblastoma_LOPAC_T98G-primary_screen2,NCGC00015439-23,activity,null,4,-10.174,-1.395,CCOC(=O)C1=C2CN(C)C(=O)C3=C(C=CC(F)=C3)N2C=N1,null,null,null,null,null,F6300,SIGMA,2021_LOPAC_01,null,null,Flumazenil,null,4,null,null,null,12.916,-1.174,3.99,0.455,0.847,null,null,null,null,null,null,9,null,null,11.521,-1.395,26.046,32.2,null,null,null,null,null,null,null,null,null,OFBIFZUFASYYRE,null,TRND,LCXRgHRNdEboVkSFEa,null,Gamma-aminobutyric acid receptor subunit alpha-1 modulator,null,null,null,null,null,null,null,78755-81-4,GABRA1,null,null,0,4,0,null,null,173032,0 0 0 0,1,1,2025-06-17 15:37:36,null,null,null,null,null,null,null,364792051,activity,null,HTS,null,6.222,11.521,2.09,-1.395,null,null,null,null,null,null,null,null,null,null,null,null,null,null,null,null,null,null,null,null,null,278940288
TRND-Glioblastoma_LOPAC_T98G-primary_screen2,NCGC00186005-04,activity,null,4,0,2.568,C[N+](C)(C)CCOP([O-])(=O)OP([O-])(=O)OC[C@H]1O[C@H]([C@H](O)C1O)N2\C=C/C(N)=N\C2=O,null,null,null,null,null,C0256,SIGMA,2021_LOPAC_01,null,null,Cytidine 5 -diphosphocholine sodium salt hydrate,null,4,null,null,null,4.619,0,null,null,null,null,null,null,null,null,null,0,null,null,2.755,-1.864,-1.548,null,null,null,null,null,null,null,null,null,null,RZZPDXZPRHQOCG,null,TRND,yICGyPvtGgPlJtEVji,null,null,null,null,SODIUM,null,null,null,null,33818-15-4,null,null,null,0,4,null,null,null,173032,null,1,1,2025-06-17 15:37:36,null,null,null,null,null,null,null,364792331,activity,null,HTS,null,-1.864,0.498,2.755,2.568,null,null,null,null,null,null,null,null,null,null,null,null,null,null,null,null,null,null,null,null,null,278940289
TRND-Glioblastoma_LOPAC_T98G-primary_screen2,NCGC00015686-15,activity,null,4,-13.472,-12.893,COC1=CC(=CC(OC)=C1OC)C(CCCN(C)CCC2=CC(OC)=C(OC)C=C2)(C#N)C(C)C,null,null,null,null,null,M5644,SIGMA,2021_LOPAC_01,null,null,(±)-Methoxyverapamil hydrochloride,null,4,null,null,null,17.332,-7.472,4.955,0.641,0.612,null,null,null,null,null,null,6,null,null,4.438,-12.893,-1.615,-2.238,null,null,null,null,null,null,null,null,null,XQLWNAFCTODIRK,null,TRND,JGLJVszVCHDYzTABbi,null,null,null,null,CL,null,null,null,null,16662-46-7,null,null,null,0,4,0,null,null,173032,0 0 0 0,1,1,2025-06-17 15:37:36,null,null,null,null,null,null,null,364793843,activity,null,HTS,null,4.438,-8.992,-1.244,-12.893,null,null,null,null,null,null,null,null,null,null,null,null,null,null,null,null,null,null,null,null,null,278940290
TRND-Glioblastoma_LOPAC_T98G-primary_screen2,NCGC00015503-10,activity,null,4,-22.609,-12.591,NC(CC1=C(O)C=C(O)C(O)=C1)C(O)=O,null,null,null,null,null,H2380,SIGMA,2021_LOPAC_01,null,null,6-Hydroxy-DL-DOPA,null,4,null,null,null,24.07,-13.109,3.677,0.213,0.971,null,null,null,null,null,null,9.5,null,null,11.479,-12.591,34.654,30.928,null,null,null,null,null,null,null,null,null,YLKRUSPZOTYMAT,null,TRND,STmEuAicvETAqfluka,null,null,null,null,null,null,null,null,null,21373-30-8,null,null,null,0,4,0,null,null,173032,0 0 0 0,1,1,2025-06-17 15:37:36,null,null,null,null,null,null,null,364795207,activity,null,HTS,null,11.479,7.038,6.432,-12.591,null,null,null,null,null,null,null,null,null,null,null,null,null,null,null,null,null,null,null,null,null,278940291
TRND-Glioblastoma_LOPAC_T98G-primary_screen2,NCGC00015348-09,activity,null,4,0,-7.963,COC1=C(OC)C(=O)C2=C(C=CC=C2)C1=O,null,null,null,null,null,D5439,SIGMA,2021_LOPAC_01,null,null,"2,3-Dimethoxy-1,4-naphthoquinone",null,4,null,null,null,9.639,0,null,null,null,null,null,null,null,null,null,0,null,null,-2.911,-12.55,-44.64,null,null,null,null,null,null,null,null,null,null,ZEGDFCCYTFPECB,null,TRND,DuauPOuDvwAfGMkKew,null,null,null,null,null,null,null,null,null,null,null,null,null,0,4,null,null,null,173032,null,1,1,2025-06-17 15:37:36,null,null,null,null,null,null,null,364794975,activity,null,HTS,null,-12.55,-5.138,-2.911,-7.963,null,null,null,null,null,null,null,null,null,null,null,null,null,null,null,null,null,null,null,null,null,278940292
TRND-Glioblastoma_LOPAC_T98G-primary_screen2,NCGC00163388-05,activity,12.589254,-3,-49.037,-46.962,CC(C)C1=CC(\C=C(/C#N)C(=O)NCCCC2=CC=CC=C2)=CC(C(C)C)=C1O,null,null,null,null,null,SML1193,SIGMA,2021_LOPAC_01,-4.9,null,SU1498,null,-3,null,null,null,48.77,-47.537,4.504,0.01,1,null,null,null,null,null,null,1.5,null,null,1.807,-46.962,-19.915,-20.268,null,null,null,null,null,null,null,null,null,JANPYFTYAGTSIN,null,TRND,oEisPKdENkAYUgUvCg,null,null,null,null,null,null,null,null,null,null,null,null,null,0,4,0,null,null,173032,0 0 0 0,1,1,2025-06-17 15:37:36,null,null,null,null,null,null,null,364792659,activity,null,HTS,null,1.539,1.807,-1.088,-46.962,null,null,null,null,null,null,null,null,null,null,null,null,null,null,null,null,null,null,null,null,null,278940293
TRND-Glioblastoma_LOPAC_T98G-primary_screen2,NCGC00015727-21,activity,null,4,0,1.9,CN1CC(C2=CC=CC=C2)C3=CC=CC(N)=C3C1,null,null,null,null,null,N1530,SIGMA,2021_LOPAC_01,null,null,Nomifensine maleate,null,4,null,null,null,8.118,0,null,null,null,null,null,null,null,null,null,0,null,null,10.018,1.9,36.703,null,null,null,null,null,null,null,null,null,null,XXPANQJNYNUNES,null,TRND,PcyAjrIWFEsAaiMxLY,null,null,null,null,MALEATE,null,null,null,null,32795-47-4,null,null,null,0,4,null,null,null,173032,null,1,1,2025-06-17 15:37:36,null,null,null,null,null,null,null,364795387,activity,null,HTS,null,10.018,8.557,2.75,1.9,null,null,null,null,null,null,null,null,null,null,null,null,null,null,null,null,null,null,null,null,null,278940294
TRND-Glioblastoma_LOPAC_T98G-primary_screen2,NCGC00179608-42,activity,null,4,0,10.234,CN1[C@H]2CC[C@@H]1CC(C2)OC(=O)[C@H](CO)C3=CC=CC=C3,null,null,null,null,null,H9002,SIGMA,2021_LOPAC_01,null,null,L-Hyoscyamine,null,4,null,null,null,8.251,0,null,null,null,null,null,null,null,null,null,0,null,null,10.234,1.983,40.222,null,null,null,null,null,null,null,null,null,null,RKUNBYITZUJHSG,null,TRND,diNNPWhRvLyAaKSpQI,null,null,null,null,null,null,null,null,null,101-31-5,null,null,null,0,4,null,null,null,173032,null,1,1,2025-06-17 15:37:36,null,null,null,null,null,null,null,364790795,activity,null,HTS,null,10.102,7.756,1.983,10.234,null,null,null,null,null,null,null,null,null,null,null,null,null,null,null,null,null,null,null,null,null,278940295
TRND-Glioblastoma_LOPAC_T98G-primary_screen2,NCGC00015448-12,activity,null,4,11.079,-0.45,CC(C)=CCC\C(C)=C\CC\C(C)=C\CSC1=C(C=CC=C1)C(O)=O,null,null,null,null,null,SML1166,SIGMA,2021_LOPAC_01,null,null,Salirasib,null,4,null,null,null,13.587,2.5,4.955,0.621,0.65,null,null,null,null,null,null,-8.579,null,null,7.271,-6.316,-11.807,-12.971,null,null,null,null,null,null,null,null,null,WUILNKCFCLNXOK,null,TRND,pIMWybzUvyFSHiJtYN,null,mTOR Complex 1 (mTORC1) inhibitor,null,null,null,null,null,null,null,162520-00-5,MTOR,null,null,0,4,0,null,null,173032,0 0 0 0,1,1,2025-06-17 15:37:36,null,null,null,null,null,null,null,364792959,activity,null,HTS,null,-6.316,7.271,1.252,-0.45,null,null,null,null,null,null,null,null,null,null,null,null,null,null,null,null,null,null,null,null,null,278940296
TRND-Glioblastoma_LOPAC_T98G-primary_screen2,NCGC00017030-22,activity,null,4,-18.092,-1.049,[H][C@@]12C[C@@H](O)[C@@]3([H])[C@@]4(C)CC[C@@H](O)[C@@H](C)[C@]4([H])CC[C@]3(C)C1(C)C[C@H](OC(C)=O)\C2=C(/CCC=C(C)C)C([O-])=O,null,null,null,null,null,F0881,SIGMA,2021_LOPAC_01,null,null,Fusidic acid sodium,null,4,null,null,null,14.019,-15.592,1.808,1,1,null,null,null,null,null,null,2.5,null,null,2.275,-11.743,-8.556,-10.43,null,null,null,null,null,null,null,null,null,IECPWNUMDGFDKC,null,TRND,RPOWIBgquHDkYUIlbu,null,null,null,null,SODIUM,null,null,null,null,751-94-0,null,null,null,0,4,1,null,null,173032,0 0 0 1,1,1,2025-06-17 15:37:36,null,null,null,null,null,null,null,364793935,activity,null,HTS,null,2.275,-0.694,-11.743,-1.049,null,null,null,null,null,null,null,null,null,null,null,null,null,null,null,null,null,null,null,null,null,278940672
TRND-Glioblastoma_LOPAC_T98G-primary_screen2,NCGC00024877-12,activity,null,4,-19.093,-16.744,[H][C@@]1(CN(C)CCC2=C1C=C(O)C(Cl)=C2)C3=CC=CC=C3,null,null,null,null,null,D054,SIGMA,2021_LOPAC_01,null,null,R(+)-SCH-23390 hydrochloride,null,4,null,null,null,21.534,-17.093,3.297,0.311,0.935,null,null,null,null,null,null,2,null,null,4.79,-16.744,2.992,-2.417,null,null,null,null,null,null,null,null,null,GOTMKOSCLKVOGG,null,TRND,efcOAQjWjhjSeCifjS,null,null,null,null,CL,null,null,null,null,125941-87-9,null,null,null,0,4,0,null,null,173032,0 0 0 0,1,1,2025-06-17 15:37:36,null,null,null,null,null,null,null,364793655,activity,null,HTS,null,4.79,-0.965,-1.178,-16.744,null,null,null,null,null,null,null,null,null,null,null,null,null,null,null,null,null,null,null,null,null,278940673
TRND-Glioblastoma_LOPAC_T98G-primary_screen2,NCGC00167455-05,activity,null,4,0,-1.404,[H][C@@](C)(CSC(=O)C1=CC=CC=C1)C(=O)N2C[C@]([H])(C[C@@]2([H])C(O)=O)SC3=CC=CC=C3,null,null,null,null,null,Z1252,SIGMA,2021_LOPAC_01,null,null,Zofenopril calcium,null,4,null,null,null,4.858,0,null,null,null,null,null,null,null,null,null,0,null,null,3.455,-1.404,1.583,null,null,null,null,null,null,null,null,null,null,IAIDUHCBNLFXEF,null,TRND,rkxfEfEojRiASrdDkN,null,null,null,null,CALCIUM,null,null,null,null,81872-10-8,null,null,null,0,4,null,null,null,173032,null,1,1,2025-06-17 15:37:36,null,null,null,null,null,null,null,364792931,activity,null,HTS,null,-0.348,3.455,1.248,-1.404,null,null,null,null,null,null,null,null,null,null,null,null,null,null,null,null,null,null,null,null,null,278940674
TRND-Glioblastoma_LOPAC_T98G-primary_screen2,NCGC00024717-13,activity,null,4,0,-3.483,COC(=O)[C@@H](N)CCCNC(=N)N[N+]([O-])=O,null,null,null,null,null,N5751,SIGMA,2021_LOPAC_01,null,null,NG-Nitro-L-arginine methyl ester hydrochloride,null,4,null,null,null,9.406,0,null,null,null,null,null,null,null,null,null,0,null,null,4.841,-4.565,-11.899,null,null,null,null,null,null,null,null,null,null,KCWZGJVSDFYRIX,null,TRND,cHjQHkjnFvbGLxJQqR,null,Nitric Oxide Synthase inhibitor,null,null,CL,null,null,null,null,null,NOS1,null,null,0,4,null,null,null,173032,null,1,1,2025-06-17 15:37:36,null,null,null,null,null,null,null,364793515,activity,null,HTS,null,-4.565,4.841,-1.119,-3.483,null,null,null,null,null,null,null,null,null,null,null,null,null,null,null,null,null,null,null,null,null,278940675
TRND-Glioblastoma_LOPAC_T98G-primary_screen2,NCGC00496834-03,activity,null,4,0,-14.882,C[C@H]1CN(C[C@@H](C)N1)C2=NC=C(C(C)=C2)C3=CC=C(C=C3)C4=NC5=C(C=CN5C)C(=O)N4,null,null,null,null,null,SML2150,SIGMA,2021_LOPAC_01,null,null,AZ6102,null,4,null,null,null,14.302,0,null,null,null,null,null,null,null,null,null,0,null,null,-6.078,-20.38,-79.774,null,null,null,null,null,null,null,null,null,null,WCPTUQOMNJBIET,null,TRND,JbdXiFvHLgxGlibylU,null,null,null,null,null,null,null,null,null,null,null,null,null,0,4,null,null,null,173032,null,1,1,2025-06-17 15:37:36,null,null,null,null,null,null,null,364793851,activity,null,HTS,null,-20.38,-6.078,-15.937,-14.882,null,null,null,null,null,null,null,null,null,null,null,null,null,null,null,null,null,null,null,null,null,278940676
TRND-Glioblastoma_LOPAC_T98G-primary_screen2,NCGC00015856-19,activity,null,4,-20.328,-13.19,CN1CCN(CCCN2C3=C(SC4=C2C=C(Cl)C=C4)C=CC=C3)CC1,null,null,null,null,null,P9178,SIGMA,2021_LOPAC_01,null,null,Prochlorperazine dimaleate,null,4,null,null,null,19.762,-13.828,2.902,0.026,1,null,null,null,null,null,null,6.5,null,null,6.572,-13.19,16.698,16.778,null,null,null,null,null,null,null,null,null,WIKYUJGCLQQFNW,null,TRND,flFuaAqYlwAGWuKKUc,null,null,null,null,MALEATE,null,null,null,null,null,null,null,null,0,4,0,null,null,173032,0 0 0 0,1,1,2025-06-17 15:37:36,null,null,null,null,null,null,null,364795055,activity,null,HTS,null,6.572,6.175,1.541,-13.19,null,null,null,null,null,null,null,null,null,null,null,null,null,null,null,null,null,null,null,null,null,278940677
TRND-Glioblastoma_LOPAC_T98G-primary_screen2,NCGC00510345-02,activity,null,4,-13.631,-2.56,CN1CCN(CC1)C(=O)C2=CC=C(C=C2)N3N=C(C=C3C4=CC(=CC(=C4)C(C)(C)C)C(C)(C)C)C5=CC=C(C=C5)C(O)=O,null,null,null,null,null,SML2183,SIGMA,2021_LOPAC_01,null,null,LY2955303,null,4,null,null,null,20.904,-7.131,4.955,0.554,0.746,null,null,null,null,null,null,6.5,null,null,9.545,-11.359,7.024,13.752,null,null,null,null,null,null,null,null,null,YVXYHNKIOFSFMZ,null,TRND,KyxtoOdWFlBWviLZMI,null,null,null,null,null,null,null,null,null,null,null,null,null,0,4,0,null,null,173032,0 0 0 0,1,1,2025-06-17 15:37:36,null,null,null,null,null,null,null,364793531,activity,null,HTS,null,3.475,9.545,-11.359,-2.56,null,null,null,null,null,null,null,null,null,null,null,null,null,null,null,null,null,null,null,null,null,278940678
TRND-Glioblastoma_LOPAC_T98G-primary_screen2,NCGC00015612-17,activity,null,4,0,2.282,CC[N+](CC)(CC)CC(=O)NC1=C(C)C=CC=C1C,null,null,null,null,null,L5783,SIGMA,2021_LOPAC_01,null,null,Lidocaine N-ethyl bromide quaternary salt,null,4,null,null,null,8.726,0,null,null,null,null,null,null,null,null,null,0,null,null,7.225,-1.5,21.763,null,null,null,null,null,null,null,null,null,null,PYEBKOFMWAMBFV,null,TRND,jDnUMPapIQcKyNSMgD,null,null,null,null,BR,null,null,null,null,null,null,null,null,0,4,null,null,null,173032,null,1,1,2025-06-17 15:37:36,null,null,null,null,null,null,null,364792575,activity,null,HTS,null,7.225,-1.5,2.23,2.282,null,null,null,null,null,null,null,null,null,null,null,null,null,null,null,null,null,null,null,null,null,278940679
TRND-Glioblastoma_LOPAC_T98G-primary_screen2,NCGC00025177-23,activity,null,4,0,-0.095,CC1=CC=C(C=C1NC(=O)C2=CC=CC(NC(=O)NC3=CC=CC(=C3)C(=O)NC4=C(C)C=CC(=C4)C(=O)NC5=CC=C(C6=C5C(=CC(=C6)S([O-])(=O)=O)S([O-])(=O)=O)S([O-])(=O)=O)=C2)C(=O)NC7=C8C(=CC(=CC8=C(C=C7)S([O-])(=O)=O)S([O-])(=O)=O)S([O-])(=O)=O,null,null,null,null,null,S2671,SIGMA,2021_LOPAC_01,null,null,Suramin sodium salt,null,4,null,null,null,9.468,0,null,null,null,null,null,null,null,null,null,0,null,null,4.847,-4.621,9.728,null,null,null,null,null,null,null,null,null,null,FIAFUQMPZJWCLV,null,TRND,pVKdtIwKNptpEJlWpY,null,null,null,null,SODIUM,null,null,null,null,[NO STEREO] 145-63-1,null,null,null,0,4,null,null,null,173032,null,1,1,2025-06-17 15:37:36,null,null,null,null,null,null,null,364794703,activity,null,HTS,null,4.847,-4.621,-0.637,-0.095,null,null,null,null,null,null,null,null,null,null,null,null,null,null,null,null,null,null,null,null,null,278940680
TRND-Glioblastoma_LOPAC_T98G-primary_screen2,NCGC00159454-11,activity,null,4,-7.489,-0.825,OC(=O)COC1=CC=C(C(=O)C2=CC=CS2)C(Cl)=C1Cl,null,null,null,null,null,SML0505,SIGMA,2021_LOPAC_01,null,null,Tienilic acid,null,4,null,null,null,10.632,-0.989,4.955,0.585,0.707,null,null,null,null,null,null,6.5,null,null,9.807,-0.825,15.258,21.988,null,null,null,null,null,null,null,null,null,AGHANLSBXUWXTB,null,TRND,hXWTAVRVExuWrWahyl,null,null,null,null,null,null,null,null,null,40180-04-9,null,null,null,0,4,0,null,null,173032,0 0 0 0,1,1,2025-06-17 15:37:36,null,null,null,null,null,null,null,364791151,activity,null,HTS,null,3.281,9.807,-0.382,-0.825,null,null,null,null,null,null,null,null,null,null,null,null,null,null,null,null,null,null,null,null,null,278940681
TRND-Glioblastoma_LOPAC_T98G-primary_screen2,NCGC00690005-01,activity,3.162278,-1.1,-94.765,-93.639,CCCCCCNC1=NC(NC2CCN(C)CC2)=C3C=C(OC)C(OC)=CC3=N1,null,null,null,null,null,SML2174,SIGMA,2021_LOPAC_01,-5.5,null,MS012,null,-1.1,null,null,null,94.183,-93.265,3.99,0.022,1,null,null,null,null,null,null,1.5,null,null,0.543,-93.639,-109.784,-107.863,null,null,null,null,null,null,null,null,null,ZYNUWSFRZCRKSN,null,TRND,tzEqVgDEmQVfLJcuoH,null,null,null,null,null,null,null,null,null,null,null,null,null,0,4,0,null,null,173032,0 0 0 0,1,1,2025-06-17 15:37:36,null,null,null,null,null,null,null,364792143,activity,null,HTS,3.279054,0.543,-0.252,-88.504,-93.639,null,null,null,null,null,null,null,null,null,null,null,null,null,null,null,null,null,null,null,null,null,278940682
TRND-Glioblastoma_LOPAC_T98G-primary_screen2,NCGC00263554-09,activity,null,4,-12.5,2.503,OC(=O)C1=CC=C(C=C1)C2=CC=C(O2)\C=C3/SC(=S)N(CC4=CC=CC=C4)C3=O,null,null,null,null,null,SML0886,SIGMA,2021_LOPAC_01,null,null,Leukadherin-1,null,4,null,null,null,13.569,2,2.253,0.33,0.927,null,null,null,null,null,null,14.5,null,null,16.072,2.503,53.315,57.462,null,null,null,null,null,null,null,null,null,AEZGRQSLKVNPCI,null,TRND,hIppXenwVFihSPMZNg,null,Marcrophase-1 antigen (CD11b/CD18) allosteric agonist,null,null,null,null,null,null,null,null,ITGAM,null,null,0,4,0,null,null,173032,0 0 0 0,1,1,2025-06-17 15:37:36,null,null,null,null,null,null,null,364790663,activity,null,HTS,null,12.497,16.072,8.704,2.503,null,null,null,null,null,null,null,null,null,null,null,null,null,null,null,null,null,null,null,null,null,278940683
TRND-Glioblastoma_LOPAC_T98G-primary_screen2,NCGC00388284-14,activity,null,4,0,5.364,[H][C@]12OCC[C@@]1([H])[C@H](CO2)OC(=O)N[C@@H](CC3=CC=CC=C3)[C@H](O)CN(CC(C)C)[S+]([O-])(=O)C4=CC=C(N)C=C4,null,null,null,null,null,SML0937,SIGMA,2021_LOPAC_01,null,null,Darunavir,null,4,null,null,null,10.899,0,null,null,null,null,null,null,null,null,null,0,null,null,10.437,-0.462,35.758,null,null,null,null,null,null,null,null,null,null,MZWRXITVDVSVFP,null,TRND,hJqwOIKojGzYmHwGZX,null,null,null,null,null,null,null,null,null,206361-99-1,null,null,null,0,4,null,null,null,173032,null,1,1,2025-06-17 15:37:36,null,null,null,null,null,null,null,364790387,activity,null,HTS,null,10.437,-0.462,6.146,5.364,null,null,null,null,null,null,null,null,null,null,null,null,null,null,null,null,null,null,null,null,null,278940684
TRND-Glioblastoma_LOPAC_T98G-primary_screen2,NCGC00022269-07,activity,null,4,0,-3.622,N[C@@H](CC1=CC=C(O)C(I)=C1)C(O)=O,null,null,null,null,null,I8250,SIGMA,2021_LOPAC_01,null,null,3-Iodo-L-tyrosine,null,4,null,null,null,9.788,0,null,null,null,null,null,null,null,null,null,0,null,null,5.72,-4.069,9.524,null,null,null,null,null,null,null,null,null,null,UQTZMGFTRHFAAM,null,TRND,XYbdcGgQHTxrNxpBWl,null,null,null,null,null,null,null,null,null,70-78-0,null,null,null,0,4,null,null,null,173032,null,1,1,2025-06-17 15:37:36,null,null,null,null,null,null,null,364792479,activity,null,HTS,null,3.701,-4.069,5.72,-3.622,null,null,null,null,null,null,null,null,null,null,null,null,null,null,null,null,null,null,null,null,null,278940685
TRND-Glioblastoma_LOPAC_T98G-primary_screen2,NCGC00402238-07,activity,null,4,-13.412,-1.727,CC1=CC(C(=O)CN2C=C(C=CC2=O)C#N)=C(C)N1CC3=CC=CC=C3,null,null,null,null,null,SML1014,SIGMA,2021_LOPAC_01,null,null,CYM-5520,null,4,null,null,null,12.658,-2.912,4.955,0.313,0.935,null,null,null,null,null,null,10.5,null,null,7.731,-4.927,15.554,16.241,null,null,null,null,null,null,null,null,null,FMYGNANMYYHBSU,null,TRND,xKwETfYVKDvhjUkTqE,null,null,null,null,null,null,null,null,null,null,null,null,null,0,4,0,null,null,173032,0 0 0 0,1,1,2025-06-17 15:37:36,null,null,null,null,null,null,null,364791603,activity,null,HTS,null,7.731,-4.927,-2.218,-1.727,null,null,null,null,null,null,null,null,null,null,null,null,null,null,null,null,null,null,null,null,null,278940686
TRND-Glioblastoma_LOPAC_T98G-primary_screen2,NCGC00015677-06,activity,null,4,0,2.297,CN1C=NC(CCN)=C1,null,null,null,null,null,M4910,SIGMA,2021_LOPAC_01,null,null,1-Methylhistamine dihydrochloride,null,4,null,null,null,6.374,0,null,null,null,null,null,null,null,null,null,0,null,null,8.671,2.297,34.311,null,null,null,null,null,null,null,null,null,null,FHQDWPCFSJMNCT,null,TRND,fRtqZlQpSzuUzqeGKx,null,null,null,null,CL,null,null,null,null,null,null,null,null,0,4,null,null,null,173032,null,1,1,2025-06-17 15:37:36,null,null,null,null,null,null,null,364792551,activity,null,HTS,null,8.671,7.839,5.093,2.297,null,null,null,null,null,null,null,null,null,null,null,null,null,null,null,null,null,null,null,null,null,278940687
TRND-Glioblastoma_LOPAC_T98G-primary_screen2,NCGC00015001-07,activity,null,4,0,3.233,CCCN1C2=C(NC(=N2)C3=CC=C(C=C3)[S+](O)([O-])=O)C(=O)N(CCC)C1=O,null,null,null,null,null,A022,SIGMA,2021_LOPAC_01,null,null,"1,3-Dipropyl-8-p-sulfophenylxanthine",null,4,null,null,null,7.592,0,null,null,null,null,null,null,null,null,null,0,null,null,5.228,-2.364,14.687,null,null,null,null,null,null,null,null,null,null,KQWKGQDIIBLWGB,null,TRND,RmfYGqLoVJzDRwvwZJ,null,null,null,null,null,null,null,null,null,null,null,null,null,0,4,null,null,null,173032,null,1,1,2025-06-17 15:37:36,null,null,null,null,null,null,null,364794275,activity,null,HTS,null,5.228,-2.364,0.188,3.233,null,null,null,null,null,null,null,null,null,null,null,null,null,null,null,null,null,null,null,null,null,278940688
TRND-Glioblastoma_LOPAC_T98G-primary_screen2,NCGC00015309-09,activity,null,4,0,3.651,OC1=CC(=CC(=C1O)[N+]([O-])=O)[N+]([O-])=O,null,null,null,null,null,D131,SIGMA,2021_LOPAC_01,null,null,"3,5-Dinitrocatechol",null,4,null,null,null,6.349,0,null,null,null,null,null,null,null,null,null,0,null,null,8.056,1.708,16.917,null,null,null,null,null,null,null,null,null,null,VDCDWNDTNSWDFJ,null,TRND,kQRAyBuNewCaKWmbdu,null,null,null,null,null,null,null,null,null,7659-29-2,null,null,null,0,4,null,null,null,173032,null,1,1,2025-06-17 15:37:36,null,null,null,null,null,null,null,364794951,activity,null,HTS,null,2.944,1.708,8.056,3.651,null,null,null,null,null,null,null,null,null,null,null,null,null,null,null,null,null,null,null,null,null,278940689
TRND-Glioblastoma_LOPAC_T98G-primary_screen2,NCGC00015528-06,activity,null,4,-14.107,-2.902,NNC(=O)C1=CC=C(O)C=C1,null,null,null,null,null,H9882,SIGMA,2021_LOPAC_01,null,null,4-Hydroxybenzhydrazide,null,4,null,null,null,14.148,-4.107,1.967,0.198,0.975,null,null,null,null,null,null,10,null,null,9.476,-4.672,24.467,25.049,null,null,null,null,null,null,null,null,null,ZMZGIVVRBMFZSG,null,TRND,YUGMiSgzQgAUclShxY,null,null,null,null,null,null,null,null,null,null,null,null,null,0,4,0,null,null,173032,0 0 0 0,1,1,2025-06-17 15:37:36,null,null,null,null,null,null,null,364790811,activity,null,HTS,null,9.476,4.238,-4.672,-2.902,null,null,null,null,null,null,null,null,null,null,null,null,null,null,null,null,null,null,null,null,null,278940690
TRND-Glioblastoma_LOPAC_T98G-primary_screen2,NCGC00016935-23,activity,null,4,0,0.349,C[C@]12N[C@H](CC3=C1C=CC=C3)C4=C2C=CC=C4,null,null,null,null,null,M107,SIGMA,2021_LOPAC_01,null,null,(+)-MK-801 hydrogen maleate,null,4,null,null,null,3.613,0,null,null,null,null,null,null,null,null,null,0,null,null,3.962,0.349,12.461,null,null,null,null,null,null,null,null,null,null,LBOJYSIDWZQNJS,null,TRND,bVMNihDanuVCHuhifI,null,null,null,null,MALEATE,null,null,null,null,77086-22-7,null,null,null,0,4,null,null,null,173032,null,1,1,2025-06-17 15:37:36,null,null,null,null,null,null,null,364795339,activity,null,HTS,null,2.527,3.571,3.962,0.349,null,null,null,null,null,null,null,null,null,null,null,null,null,null,null,null,null,null,null,null,null,278940691
TRND-Glioblastoma_LOPAC_T98G-primary_screen2,NCGC00167729-10,activity,null,4,-17.065,-2.942,OC(=O)CN1C(=CC2=CC=CC=C12)C(=O)NC3=NC(=CS3)C4=CC=CC=C4Cl,null,null,null,null,null,SML0179,SIGMA,2021_LOPAC_01,null,null,SR 27897 hydrate,null,4,null,null,null,17.016,-14.065,4.955,1,0.961,null,null,null,null,null,null,3,null,null,4.878,-12.137,-7.657,-5.397,null,null,null,null,null,null,null,null,null,ILNRQFBVVQUOLP,null,TRND,ibFuzfbJTdCvaxUvIZ,null,null,null,null,H2O,null,null,null,null,136381-85-6,null,null,null,0,4,1,null,null,173032,0 0 0 1,1,1,2025-06-17 15:37:36,null,null,null,null,null,null,null,364792075,activity,null,HTS,null,1.37,4.878,-12.137,-2.942,null,null,null,null,null,null,null,null,null,null,null,null,null,null,null,null,null,null,null,null,null,278940692
TRND-Glioblastoma_LOPAC_T98G-primary_screen2,NCGC00015288-19,activity,null,4,-13.5,17.697,N[S+]([O-])(=O)C1=C(Cl)C=C2NC(N[S+]([O-])(=O)C2=C1)C3CC4CC3C=C4,null,null,null,null,null,C9847,SIGMA,2021_LOPAC_01,null,null,Cyclothiazide,null,4,null,null,null,13.521,8,4.955,1,0.94,null,null,null,null,null,null,21.5,null,null,23.065,9.543,82.324,85.606,null,null,null,null,null,null,null,null,null,OZXVMXGVVQEPJA,null,TRND,XFoQrgYJYkmJhckPCy,null,null,null,null,null,null,null,null,null,2259-96-3,null,null,null,0,4,1,null,null,173032,0 0 0 1,1,1,2025-06-17 15:37:36,null,null,null,null,null,null,null,364790531,activity,null,HTS,null,19.644,23.065,9.543,17.697,null,null,null,null,null,null,null,null,null,null,null,null,null,null,null,null,null,null,null,null,null,278940693
TRND-Glioblastoma_LOPAC_T98G-primary_screen2,NCGC00165952-09,activity,null,4,0,2.324,COC1=C(OCC2=C(C=C(C=C2)C(F)(F)F)C(F)(F)F)C=CC(\C=C(/C#N)C(=O)NC3=NN=C(S3)C(F)(F)F)=C1,null,null,null,null,null,x4753,SIGMA,2021_LOPAC_01,null,null,xCT790,null,4,null,null,null,2.899,0,null,null,null,null,null,null,null,null,null,0,null,null,4.419,1.52,16.786,null,null,null,null,null,null,null,null,null,null,HQFNFOOGGLSBBT,null,TRND,NMEiIKLqJmfnTKtegh,null,Estrogen-Related Receptor alpha Inverse agonist,null,null,null,null,null,null,null,null,ESRRA,null,null,0,4,null,null,null,173032,null,1,1,2025-06-17 15:37:36,null,null,null,null,null,null,null,364794727,activity,null,HTS,null,4.113,4.419,1.52,2.324,null,null,null,null,null,null,null,null,null,null,null,null,null,null,null,null,null,null,null,null,null,278940694
TRND-Glioblastoma_LOPAC_T98G-primary_screen2,NCGC00015508-26,activity,null,4,8.356,-0.757,N[S+]([O-])(=O)C1=C(Cl)C=C2NCN[S+]([O-])(=O)C2=C1,null,null,null,null,null,H4759,SIGMA,2021_LOPAC_01,null,null,Hydrochlorothiazide,null,4,null,null,null,10.332,1.5,2.333,0.507,0.802,null,null,null,null,null,null,-6.856,null,null,3.785,-6.547,-18.412,-19.493,null,null,null,null,null,null,null,null,null,MEPMRFDKQYMUPK,null,TRND,jrdjWcOEPyxRjXAczl,null,Solute carrier family 12 member 3 inhibitor,null,null,null,null,null,null,null,58-93-5,SLC12A3,null,null,0,4,0,null,null,173032,0 0 0 0,1,1,2025-06-17 15:37:36,null,null,null,null,null,null,null,364793943,activity,null,HTS,null,-6.547,-3.568,3.785,-0.757,null,null,null,null,null,null,null,null,null,null,null,null,null,null,null,null,null,null,null,null,null,278940695
TRND-Glioblastoma_LOPAC_T98G-primary_screen2,NCGC00016083-43,activity,null,4,-29.537,-12.948,COC1=C(OC)C=C(CCN(C)CCCC(C#N)(C(C)C)C2=CC(OC)=C(OC)C=C2)C=C1,null,null,null,null,null,V4629,SIGMA,2021_LOPAC_01,null,null,(±)-Verapamil hydrochloride,null,4,null,null,null,21.227,-17.537,0.6,0.335,0.924,null,null,null,null,null,null,12,null,null,8.279,-12.948,13.474,10.12,null,null,null,null,null,null,null,null,null,SGTNSNPWRIOYBX,null,TRND,xhpTmnXUkxWqxQqJeO,null,Calcium Channel inhibitor,null,null,CL,null,null,null,null,152-11-4,CACNA1C,null,null,0,4,0,null,null,173032,0 0 0 0,1,1,2025-06-17 15:37:36,null,null,null,null,null,null,null,364792875,activity,null,HTS,null,8.279,-0.975,-2.88,-12.948,null,null,null,null,null,null,null,null,null,null,null,null,null,null,null,null,null,null,null,null,null,278940696
TRND-Glioblastoma_LOPAC_T98G-primary_screen2,NCGC00186010-11,activity,null,4,-9.774,-8.145,[H][C@]12C\C=C(CO)/[C@@]1([H])[C@H](O)O\C=C2\C(=O)OC,null,null,null,null,null,G4796,SIGMA,2021_LOPAC_01,null,null,Genipin,null,4,null,null,null,12.637,-9.274,4.955,0.656,0.585,null,null,null,null,null,null,0.5,null,null,4.492,-8.145,6.377,-2.175,null,null,null,null,null,null,null,null,null,AZKVWQKMDGGDSV,null,TRND,ktOKvCWuOdGYCHgPSa,null,null,null,null,null,null,null,null,null,6902-77-8,null,null,null,0,4,0,null,null,173032,0 0 0 0,1,1,2025-06-17 15:37:36,null,null,null,null,null,null,null,364792691,activity,null,HTS,null,4.492,-4.389,1.801,-8.145,null,null,null,null,null,null,null,null,null,null,null,null,null,null,null,null,null,null,null,null,null,278940697
TRND-Glioblastoma_LOPAC_T98G-primary_screen2,NCGC00690021-01,activity,null,4,-14.463,4.277,NC\C=C(\F)COC1=CC=C(C=C1)C(=O)NC2CCCCC2,null,null,null,null,null,SML2253,SIGMA,2021_LOPAC_01,null,null,PxS-4681A hydrochloride,null,4,null,null,null,15.16,-10.463,4.955,1,0.892,null,null,null,null,null,null,4,null,null,6.441,-8.72,-2.358,2.274,null,null,null,null,null,null,null,null,null,XVWFLTZRHVOLDH,null,TRND,OmCjhQvknyohcCsqzb,null,null,null,null,CL,null,null,null,null,null,null,null,null,0,4,1,null,null,173032,0 0 0 1,1,1,2025-06-17 15:37:36,null,null,null,null,null,null,null,364793311,activity,null,HTS,null,1.377,6.441,-8.72,4.277,null,null,null,null,null,null,null,null,null,null,null,null,null,null,null,null,null,null,null,null,null,278940698
TRND-Glioblastoma_LOPAC_T98G-primary_screen2,NCGC00015252-30,activity,null,4,-16.473,-9.144,CN1CCC(CC1)=C2C3=C(C=CC=C3)C=CC4=C2C=CC=C4,null,null,null,null,null,C6022,SIGMA,2021_LOPAC_01,null,null,Cyproheptadine hydrochloride,null,4,null,null,null,20.477,-9.473,2.72,0.471,0.833,null,null,null,null,null,null,7,null,null,11.333,-9.144,11.795,19.896,null,null,null,null,null,null,null,null,null,JJCFRYNCJDLXIK,null,TRND,zAmHrhPkjrWNjBwHPs,null,5-HT2B Receptor antagonist,null,null,CL,null,null,null,null,969-33-5,HTR2B,null,null,0,4,0,null,null,173032,0 0 0 0,1,1,2025-06-17 15:37:36,null,null,null,null,null,null,null,364790775,activity,null,HTS,null,3.006,11.333,0.487,-9.144,null,null,null,null,null,null,null,null,null,null,null,null,null,null,null,null,null,null,null,null,null,278940699
TRND-Glioblastoma_LOPAC_T98G-primary_screen2,NCGC00388431-06,activity,null,4,-23.624,-11.77,CC(C)=CCC1=CC2=C(OC(=O)C3=C2OC4=C3C=CC(O)=C4)C=C1O,null,null,null,null,null,SML0932,SIGMA,2021_LOPAC_01,null,null,Psoralidin,null,4,null,null,null,22.455,-16.124,4.955,0.371,0.904,null,null,null,null,null,null,7.5,null,null,10.685,-11.77,26.436,25.263,null,null,null,null,null,null,null,null,null,YABIJLLNNFURIJ,null,TRND,tuHjbVIvrbBNFUaDcf,null,null,null,null,null,null,null,null,null,18642-23-4,null,null,null,0,4,0,null,null,173032,0 0 0 0,1,1,2025-06-17 15:37:36,null,null,null,null,null,null,null,364793127,activity,null,HTS,null,8.247,3.241,10.685,-11.77,null,null,null,null,null,null,null,null,null,null,null,null,null,null,null,null,null,null,null,null,null,278940700
TRND-Glioblastoma_LOPAC_T98G-primary_screen2,NCGC00014993-16,activity,null,4,-12.725,-1.438,OC(=O)CCCCCCCC(O)=O,null,null,null,null,null,246379,SIGMA,2021_LOPAC_01,null,null,Azelaic acid,null,4,null,null,null,13.982,-1.725,2.406,0.29,0.945,null,null,null,null,null,null,11,null,null,12.544,-1.438,37.926,41.548,null,null,null,null,null,null,null,null,null,BDJRBEYXGGNYIS,null,TRND,XPXPFlmLSLhIgkslPJ,null,null,null,null,null,null,null,null,null,123-99-9,null,null,null,0,4,0,null,null,173032,0 0 0 0,1,1,2025-06-17 15:37:36,null,null,null,null,null,null,null,364793723,activity,null,HTS,null,9.261,12.544,6.028,-1.438,null,null,null,null,null,null,null,null,null,null,null,null,null,null,null,null,null,null,null,null,null,278940701
TRND-Glioblastoma_LOPAC_T98G-primary_screen2,NCGC00014361-10,activity,null,4,0,-1.985,OC(=O)CP(O)(O)=O,null,null,null,null,null,P6909,SIGMA,2021_LOPAC_01,null,null,Phosphonoacetic acid,null,4,null,null,null,7.649,0,null,null,null,null,null,null,null,null,null,0,null,null,5.665,-1.985,11.94,null,null,null,null,null,null,null,null,null,null,XUYJLQHKOGNDPB,null,TRND,txatdkVBmZpUUsXMDb,null,null,null,null,null,null,null,null,null,4408-78-0,null,null,null,0,4,null,null,null,173032,null,1,1,2025-06-17 15:37:36,null,null,null,null,null,null,null,364792611,activity,null,HTS,null,3.222,0.115,5.665,-1.985,null,null,null,null,null,null,null,null,null,null,null,null,null,null,null,null,null,null,null,null,null,278940702
TRND-Glioblastoma_LOPAC_T98G-primary_screen2,NCGC00015177-17,activity,null,4,-16.348,-10.459,CCCN1C2=C(NC(=N2)C3CCCC3)C(=O)N(CCC)C1=O,null,null,null,null,null,C101,SIGMA,2021_LOPAC_01,null,null,"8-Cyclopentyl-1,3-dipropylxanthine",null,4,null,null,null,16.915,-12.848,4.955,0.27,0.952,null,null,null,null,null,null,3.5,null,null,2.458,-14.457,-17.842,-18.239,null,null,null,null,null,null,null,null,null,FFBDFADSZUINTG,null,TRND,hVYPHumAfpFNeIxKkV,null,null,null,null,null,null,null,null,null,102146-07-6,null,null,null,0,4,0,null,null,173032,0 0 0 0,1,1,2025-06-17 15:37:36,null,null,null,null,null,null,null,364794367,activity,null,HTS,null,2.458,-14.457,-12.962,-10.459,null,null,null,null,null,null,null,null,null,null,null,null,null,null,null,null,null,null,null,null,null,278940703
TRND-Glioblastoma_LOPAC_T98G-primary_screen2,NCGC00179542-13,activity,null,4,-13.418,7.224,CCN[C@H]1CN(CCCOC)[S+]([O-])(=O)C2=C1C=C(S2)[S+](N)([O-])=O,null,null,null,null,null,SML0216,SIGMA,2021_LOPAC_01,null,null,BRinzolamide,null,4,null,null,null,12.271,-4.918,2.188,1,1,null,null,null,null,null,null,8.5,null,null,8.173,-4.098,20.347,20.183,null,null,null,null,null,null,null,null,null,NLJDKPNKFMIOON,null,TRND,qKpnEwawktNmGaZORP,null,null,null,null,null,null,null,null,null,138890-62-7,null,null,null,0,4,1,null,null,173032,0 0 0 1,1,1,2025-06-17 15:37:36,null,null,null,null,null,null,null,364791515,activity,null,HTS,null,8.173,3.844,-4.098,7.224,null,null,null,null,null,null,null,null,null,null,null,null,null,null,null,null,null,null,null,null,null,278940704
TRND-Glioblastoma_LOPAC_T98G-primary_screen2,NCGC00168775-08,activity,null,4,-24.839,-19.866,NC(=O)C([C@@H]1CCN(CCC2=CC3=C(OCC3)C=C2)C1)(C4=CC=CC=C4)C5=CC=CC=C5,null,null,null,null,null,SML1102,SIGMA,2021_LOPAC_01,null,null,Darifenacin hydrobromide,null,4,null,null,null,25.434,-22.839,4.955,0.368,0.906,null,null,null,null,null,null,2,null,null,5.568,-19.866,5.044,-2.101,null,null,null,null,null,null,null,null,null,HXGBXQDTNZMWGS,null,TRND,LgxSoSgGgIUeRFeKYS,null,null,null,null,BR,null,null,null,null,null,null,null,null,0,4,0,null,null,173032,0 0 0 0,1,1,2025-06-17 15:37:36,null,null,null,null,null,null,null,364790639,activity,null,HTS,null,5.568,-2.815,2.863,-19.866,null,null,null,null,null,null,null,null,null,null,null,null,null,null,null,null,null,null,null,null,null,278940705
TRND-Glioblastoma_LOPAC_T98G-primary_screen2,NCGC00185997-13,activity,null,4,0,1.376,OC1=CC(F)=CC=C1C2=CC=C(O2)\C=C3/SC(=O)NC3=O,null,null,null,null,null,A8981,SIGMA,2021_LOPAC_01,null,null,AS-252424,null,4,null,null,null,8.987,0,null,null,null,null,null,null,null,null,null,0,null,null,9.59,0.603,13.086,null,null,null,null,null,null,null,null,null,null,OYYVWNDMOQPMGE,null,TRND,MqjhTaFIpuDFDPNwRA,null,Phosphatidylinositol 3-Kinase gamma isoform inhibitor,null,null,null,null,null,null,null,900515-16-4,PIK3CG,null,null,0,4,null,null,null,173032,null,1,1,2025-06-17 15:37:36,null,null,null,null,null,null,null,364794947,activity,null,HTS,null,0.603,5.7,9.59,1.376,null,null,null,null,null,null,null,null,null,null,null,null,null,null,null,null,null,null,null,null,null,278940297
TRND-Glioblastoma_LOPAC_T98G-primary_screen2,NCGC00015703-16,activity,null,4,15.553,-5.787,CNC1(C)C2CCC(C2)C1(C)C,null,null,null,null,null,M9020,SIGMA,2021_LOPAC_01,null,null,Mecamylamine hydrochloride,null,4,null,null,null,19.032,-1,4.955,0.641,0.613,null,null,null,null,null,null,-16.553,null,null,5.654,-13.377,-38.402,-39.399,null,null,null,null,null,null,null,null,null,IMYZQPCYWPFTAG,null,TRND,jsMCWFjPAIYwbzscmN,null,null,null,null,CL,null,null,null,null,826-39-1,null,null,null,0,4,0,null,null,173032,0 0 0 0,1,1,2025-06-17 15:37:36,null,null,null,null,null,null,null,364793563,activity,null,HTS,null,-13.377,5.654,-3.127,-5.787,null,null,null,null,null,null,null,null,null,null,null,null,null,null,null,null,null,null,null,null,null,278940298
TRND-Glioblastoma_LOPAC_T98G-primary_screen2,NCGC00014352-17,activity,7.943282,-2.4,-23.069,-20.474,CN(C)C1=C(CN2CCCN(CC3=C(C=CC=C3)N(C)C)C2C4=CC=NC=C4)C=CC=C1,null,null,null,null,null,G9048,SIGMA,2021_LOPAC_01,-5.1,null,GANT61,null,4,null,null,null,21.601,-22.069,1.862,0.016,1,null,null,null,null,null,null,1,null,null,1.126,-20.474,-13.475,-14.081,null,null,null,null,null,null,null,null,null,KVQOGDQTWWCZFX,null,TRND,GTMZwrSsTDCEHgCfKd,null,Sonic Hedgehog protein inhibitor,null,null,null,null,null,null,null,null,SHH,null,null,0,4,0,null,null,173032,0 0 0 0,1,1,2025-06-17 15:37:36,null,null,null,null,null,null,null,364792547,activity,null,HTS,null,1.126,0.27,-8.617,-20.474,null,null,null,null,null,null,null,null,null,null,null,null,null,null,null,null,null,null,null,null,null,278940299
TRND-Glioblastoma_LOPAC_T98G-primary_screen2,NCGC00025270-09,activity,null,4,-19.376,9.602,NC1=NC(NC2=CC=CC=C2)=NC3=C1N=CN3[C@@H]4O[C@H](CO)[C@@H](O)C4O,null,null,null,null,null,P101,SIGMA,2021_LOPAC_01,null,null,2-Phenylaminoadenosine,null,4,null,null,null,18.908,-7.376,3.512,1,1,null,null,null,null,null,null,12,null,null,11.929,-6.98,30.988,31.036,null,null,null,null,null,null,null,null,null,SCNILGOVBBRMBK,null,TRND,SROYvjyHrGeDSiBdNF,null,null,null,null,null,null,null,null,null,53296-10-9,null,null,null,0,4,1,null,null,173032,0 0 0 1,1,1,2025-06-17 15:37:36,null,null,null,null,null,null,null,364791251,activity,null,HTS,null,11.929,9.207,-6.98,9.602,null,null,null,null,null,null,null,null,null,null,null,null,null,null,null,null,null,null,null,null,null,278940300
TRND-Glioblastoma_LOPAC_T98G-primary_screen2,NCGC00015420-24,activity,null,4,0,-6.419,CC1=CC2=C(C(O)=C1)C(=O)C3=C(C=C(O)C=C3O)C2=O,null,null,null,null,null,E7881,SIGMA,2021_LOPAC_01,null,null,Emodin,null,4,null,null,null,9.673,0,null,null,null,null,null,null,null,null,null,0,null,null,3.03,-6.643,0.378,null,null,null,null,null,null,null,null,null,null,RHMXXJGYXNZAPX,null,TRND,EPkLxALTINtcnJTRtk,null,Bifunctional epoxide hydrolase 2 inhibitor,null,null,null,null,null,null,null,518-82-1,EPHX2,null,null,0,4,null,null,null,173032,null,1,1,2025-06-17 15:37:36,null,null,null,null,null,null,null,364795183,activity,null,HTS,null,3.03,-6.643,-0.021,-6.419,null,null,null,null,null,null,null,null,null,null,null,null,null,null,null,null,null,null,null,null,null,278940301
TRND-Glioblastoma_LOPAC_T98G-primary_screen2,NCGC00016012-22,activity,null,4,-30.537,-24.615,CN(C)CCCN1C2=C(SC3=C1C=C(C=C3)C(F)(F)F)C=CC=C2,null,null,null,null,null,T2896,SIGMA,2021_LOPAC_01,null,null,Triflupromazine hydrochloride,null,4,null,null,null,32.136,-27.037,4.955,0.368,0.906,null,null,null,null,null,null,3.5,null,null,7.521,-24.615,-10.801,1.476,null,null,null,null,null,null,null,null,null,XSCGXQMFQXDFCW,null,TRND,FTKmuFloWoyCZtjDqo,null,null,null,null,CL,null,null,null,null,1098-60-8,null,null,null,0,4,0,null,null,173032,0 0 0 0,1,1,2025-06-17 15:37:36,null,null,null,null,null,null,null,364792211,activity,null,HTS,null,-2.669,6.132,7.521,-24.615,null,null,null,null,null,null,null,null,null,null,null,null,null,null,null,null,null,null,null,null,null,278940302
TRND-Glioblastoma_LOPAC_T98G-primary_screen2,NCGC00015837-11,activity,null,4,0,3.222,NCCCCN,null,null,null,null,null,P7505,SIGMA,2021_LOPAC_01,null,null,Putrescine dihydrochloride,null,4,null,null,null,5.609,0,null,null,null,null,null,null,null,null,null,0,null,null,3.222,-2.387,-4.833,null,null,null,null,null,null,null,null,null,null,KIDHWZJUCRJVML,null,TRND,bJtbaXqbINEdZxQWQh,null,null,null,null,CL,null,null,null,null,null,null,null,null,0,4,null,null,null,173032,null,1,1,2025-06-17 15:37:36,null,null,null,null,null,null,null,364791187,activity,null,HTS,null,-1.778,0.112,-2.387,3.222,null,null,null,null,null,null,null,null,null,null,null,null,null,null,null,null,null,null,null,null,null,278940303
TRND-Glioblastoma_LOPAC_T98G-primary_screen2,NCGC00389632-08,activity,null,4,10,10.752,ClC1=C(CN2CCCC2=N)NC(=O)NC1=O,null,null,null,null,null,SML1552,SIGMA,2021_LOPAC_01,null,null,Tipiracil hydrochloride ,null,4,null,null,null,12.014,12.5,4.504,0.372,0.905,null,null,null,null,null,null,2.5,null,null,14.668,2.654,31.656,30.939,null,null,null,null,null,null,null,null,null,QQHMKNYGKVVGCZ,null,TRND,duUJtBMgAhocBkPmPp,null,Thymidine Phosphorylase inhibitor,null,null,CL,null,null,null,null,183204-72-0,TYMP,null,null,0,4,0,null,null,173032,0 0 0 0,1,1,2025-06-17 15:37:36,null,null,null,null,null,null,null,364795383,activity,null,HTS,null,2.654,11.994,14.668,10.752,null,null,null,null,null,null,null,null,null,null,null,null,null,null,null,null,null,null,null,null,null,278940304
TRND-Glioblastoma_LOPAC_T98G-primary_screen2,NCGC00016270-23,activity,null,4,0,3.825,N[C@@H](CC1=CC(O)=C(O)C=C1)C(O)=O,null,null,null,null,null,D9628,SIGMA,2021_LOPAC_01,null,null,"L-3,4-Dihydroxyphenylalanine",null,4,null,null,null,4.628,0,null,null,null,null,null,null,null,null,null,0,null,null,7.845,3.216,21.861,null,null,null,null,null,null,null,null,null,null,WTDRDQBEARUVNC,null,TRND,XYbdcGHPpNZjgSGtzY,null,Dopamine Receptor D1 agonist,null,null,null,null,null,null,null,59-92-7,DRD1,null,null,0,4,null,null,null,173032,null,1,1,2025-06-17 15:37:36,null,null,null,null,null,null,null,364793623,activity,null,HTS,null,3.216,7.783,7.845,3.825,null,null,null,null,null,null,null,null,null,null,null,null,null,null,null,null,null,null,null,null,null,278940305
TRND-Glioblastoma_LOPAC_T98G-primary_screen2,NCGC00093356-34,activity,1.412538,-1.2,-38.998,-42.727,NC1=NC(=O)N(C=C1)[C@@H]2O[C@H](CO)[C@@H](O)[C@@H]2O,null,null,null,null,null,C6645,SIGMA,2021_LOPAC_01,-5.85,null,Cytosine-1-beta-D-arabinofuranoside hydrochloride,null,-1.2,null,null,null,37.135,-43.209,1.885,0.039,0.999,null,null,null,null,null,null,-4.211,null,null,-5.592,-42.727,-83.07,-83.459,null,null,null,null,null,null,null,null,null,UHDGCWIWMRVCDJ,null,TRND,cUvHQHzIhXrPPYtIze,null,DNA-Directed DNA Polymerase inhibitor,null,null,CL,null,null,null,null,69-74-9,POLB,null,null,0,4,0,null,null,173032,0 0 0 0,1,1,2025-06-17 15:37:36,null,null,null,null,null,null,null,364795251,activity,null,HTS,null,-5.592,-22.444,-42.051,-42.727,null,null,null,null,null,null,null,null,null,null,null,null,null,null,null,null,null,null,null,null,null,278940306
TRND-Glioblastoma_LOPAC_T98G-primary_screen2,NCGC00015115-05,activity,null,4,-18.558,2.123,C(N(CC1=CC=CC=C1)C2=CC=CC=C2)C3=NC=CN3,null,null,null,null,null,A9899,SIGMA,2021_LOPAC_01,null,null,Antozoline hydrochloride,null,4,null,null,null,18.274,0.442,1.627,0.258,0.957,null,null,null,null,null,null,19,null,null,17.809,-0.465,58.414,59.498,null,null,null,null,null,null,null,null,null,MKIKWCVTTNYSRM,null,TRND,NQmgnTJjpCzktJllYK,null,null,null,null,CL,null,null,null,null,null,null,null,null,0,4,0,null,null,173032,0 0 0 0,1,1,2025-06-17 15:37:36,null,null,null,null,null,null,null,364791719,activity,null,HTS,null,17.809,11.736,-0.465,2.123,null,null,null,null,null,null,null,null,null,null,null,null,null,null,null,null,null,null,null,null,null,278940307
TRND-Glioblastoma_LOPAC_T98G-primary_screen2,NCGC00370730-14,activity,null,4,-11.597,-2.436,COC1=CC=C(C=C1OC)[S+]([O-])(=O)NC2=NC(=CS2)C3=CC(=CC=C3)[N+]([O-])=O,null,null,null,null,null,SML0233,SIGMA,2021_LOPAC_01,null,null,Ro 61-8048,null,4,null,null,null,10.36,-10.597,4.955,1,0.978,null,null,null,null,null,null,1,null,null,1.946,-8.414,-8.096,-7.934,null,null,null,null,null,null,null,null,null,ODEDHOPDGJIEGV,null,TRND,OzqXfEylLNSlfdnDte,null,null,null,null,null,null,null,null,null,null,null,null,null,0,4,1,null,null,173032,0 0 0 1,1,1,2025-06-17 15:37:36,null,null,null,null,null,null,null,364792567,activity,null,HTS,null,0.307,1.946,-8.414,-2.436,null,null,null,null,null,null,null,null,null,null,null,null,null,null,null,null,null,null,null,null,null,278940308
TRND-Glioblastoma_LOPAC_T98G-primary_screen2,NCGC00386726-03,activity,null,4,-20.798,-13.165,CC1=CC=CC(=N1)C2=C(N=C(CC3=CC(=CC=C3)C(N)=O)N2)C4=CC=C5N=CC=NC5=C4,null,null,null,null,null,SML1403,SIGMA,2021_LOPAC_01,null,null,IN-1130,null,4,null,null,null,20.603,-13.298,2.406,0.028,1,null,null,null,null,null,null,7.5,null,null,7.438,-13.165,14.276,14.121,null,null,null,null,null,null,null,null,null,RYKSGWSKILPDDY,null,TRND,ehqufPYbItAtYAIYQG,null,ALK4 inhibitor,null,null,null,null,null,null,null,868612-83-3,ACVR1B,null,null,0,4,0,null,null,173032,0 0 0 0,1,1,2025-06-17 15:37:36,null,null,null,null,null,null,null,364793731,activity,null,HTS,null,7.438,7.043,-6.244,-13.165,null,null,null,null,null,null,null,null,null,null,null,null,null,null,null,null,null,null,null,null,null,278940309
TRND-Glioblastoma_LOPAC_T98G-primary_screen2,NCGC00162133-05,activity,null,4,0,-1.069,OC[C@H]1NC[C@@H](O)[C@@H]1O,null,null,null,null,null,D1542,SIGMA,2021_LOPAC_01,null,null,"1,4-Dideoxy-1,4-imino-D-arabinitol",null,4,null,null,null,3.075,0,null,null,null,null,null,null,null,null,null,0,null,null,-0.126,-3.201,-10.89,null,null,null,null,null,null,null,null,null,null,OQEBIHBLFRADNM,null,TRND,YJvbVOnmrNaZsdKsoh,null,null,null,null,CL,null,null,null,null,null,null,null,null,0,4,null,null,null,173032,null,1,1,2025-06-17 15:37:36,null,null,null,null,null,null,null,364793011,activity,null,HTS,null,-3.201,-0.126,-1.94,-1.069,null,null,null,null,null,null,null,null,null,null,null,null,null,null,null,null,null,null,null,null,null,278940310
TRND-Glioblastoma_LOPAC_T98G-primary_screen2,NCGC00024832-06,activity,null,4,0,6.205,CC(=O)N[C@@H](CC1=CNC2=C1C=CC=C2)C(=O)OCC3=CC(=CC(=C3)C(F)(F)F)C(F)(F)F,null,null,null,null,null,A5330,SIGMA,2021_LOPAC_01,null,null,"L-732,138",null,4,null,null,null,3.669,0,null,null,null,null,null,null,null,null,null,0,null,null,6.973,3.305,21.651,null,null,null,null,null,null,null,null,null,null,BYYQYXVAWXAYQC,null,TRND,nbOZJAvOqjgOEYrYdU,null,null,null,null,null,null,null,null,null,null,null,null,null,0,4,null,null,null,173032,null,1,1,2025-06-17 15:37:36,null,null,null,null,null,null,null,364791759,activity,null,HTS,null,3.305,6.973,6.214,6.205,null,null,null,null,null,null,null,null,null,null,null,null,null,null,null,null,null,null,null,null,null,278940311
TRND-Glioblastoma_LOPAC_T98G-primary_screen2,NCGC00015465-11,activity,null,4,0,2.406,COC(=O)N1CCN(C(CN2CCCC2)C1)C(=O)CC3=CC(Cl)=C(Cl)C=C3,null,null,null,null,null,G133,SIGMA,2021_LOPAC_01,null,null,GR-89696 fumarate,null,4,null,null,null,9.236,0,null,null,null,null,null,null,null,null,null,0,null,null,7.612,-1.624,22.565,null,null,null,null,null,null,null,null,null,null,HJUAKZYKCANOOZ,null,TRND,SHUFRFimUzLgWzBzyv,null,null,null,null,FUMARIC_ACID,null,null,null,null,null,null,null,null,0,4,null,null,null,173032,null,1,1,2025-06-17 15:37:36,null,null,null,null,null,null,null,364791355,activity,null,HTS,null,7.612,-1.624,1.875,2.406,null,null,null,null,null,null,null,null,null,null,null,null,null,null,null,null,null,null,null,null,null,278940312
TRND-Glioblastoma_LOPAC_T98G-primary_screen2,NCGC00165775-11,activity,null,4,-10.52,5.316,O=C(C1CC1)C2=CC=C(OCCCC3=CNC=N3)C=C2,null,null,null,null,null,H3132,SIGMA,2021_LOPAC_01,null,null,Ciproxifan hydrochloride,null,4,null,null,null,13.445,0.98,4.955,0.568,0.729,null,null,null,null,null,null,11.5,null,null,13.011,-0.434,38.403,41.229,null,null,null,null,null,null,null,null,null,ACQBHJXEAYTHCY,null,TRND,PinsqlkxdBVTHUtGQy,null,null,null,null,CL,null,null,null,null,null,null,null,null,0,4,0,null,null,173032,0 0 0 0,1,1,2025-06-17 15:37:36,null,null,null,null,null,null,null,364791387,activity,null,HTS,null,9.664,13.011,-0.434,5.316,null,null,null,null,null,null,null,null,null,null,null,null,null,null,null,null,null,null,null,null,null,278940313
TRND-Glioblastoma_LOPAC_T98G-primary_screen2,NCGC00160391-14,activity,2.238721,-1.1,-112.574,-94.386,CCP(CC)(CC)=[Au]S[C@@H]1O[C@H](COC(C)=O)[C@@H](OC(C)=O)[C@H](OC(C)=O)[C@H]1OC(C)=O,null,null,null,null,null,A6733,SIGMA,2021_LOPAC_01,-5.65,null,Auranofin,null,-1.1,null,null,null,111.864,-94.574,2.406,0.031,0.999,null,null,null,null,null,null,18,null,null,17.479,-94.386,-65.669,-67.263,null,null,null,null,null,null,null,null,null,AUJRCFUBUPVWSZ,null,TRND,YerqWJpPCqMBfbNOrT,null,Thioredoxin Reductase inhibitor,null,null,null,null,null,null,null,[NO STEREO] 34031-32-8,TXNRD1,null,null,0,4,0,null,null,173032,0 0 0 0,1,1,2025-06-17 15:37:36,null,null,null,null,null,null,null,364790619,activity,null,HTS,2.348177,17.479,-4.714,-87.608,-94.386,null,null,null,null,null,null,null,null,null,null,null,null,null,null,null,null,null,null,null,null,null,278940314
TRND-Glioblastoma_LOPAC_T98G-primary_screen2,NCGC00015548-09,activity,null,4,-19,1.774,NC(=O)CI,null,null,null,null,null,I1149,SIGMA,2021_LOPAC_01,null,null,Iodoacetamide,null,4,null,null,null,11.176,-2,0.4,0.631,0.634,null,null,null,null,null,null,17,null,null,12.95,1.774,47.185,44.396,null,null,null,null,null,null,null,null,null,PGLTVOMIXTUURA,null,TRND,fNlKciVySoaqpbcmjr,null,null,null,null,null,null,null,null,null,144-48-9,null,null,null,0,4,0,null,null,173032,0 0 0 0,1,1,2025-06-17 15:37:36,null,null,null,null,null,null,null,364790843,activity,null,HTS,null,12.95,5.574,9.178,1.774,null,null,null,null,null,null,null,null,null,null,null,null,null,null,null,null,null,null,null,null,null,278940315
TRND-Glioblastoma_LOPAC_T98G-primary_screen2,NCGC00346491-13,activity,null,4,0,-3.832,CCC1=C(C(=O)C(N)=O)C2=C(C=CC=C2OCC(O)=O)N1CC3=CC=CC=C3,null,null,null,null,null,SML1100,SIGMA,2021_LOPAC_01,null,null,Varespladib,null,4,null,null,null,8.863,0,null,null,null,null,null,null,null,null,null,0,null,null,5.032,-3.832,-0.646,null,null,null,null,null,null,null,null,null,null,BHLXTPHDSZUFHR,null,TRND,vBZzgVDgNJFTwdPDNU,null,Secretory Phospholipase A2 (sPLA2) inhibitor,null,null,null,null,null,null,null,172732-68-2,PLA2G2A,null,null,0,4,null,null,null,173032,null,1,1,2025-06-17 15:37:36,null,null,null,null,null,null,null,364790551,activity,null,HTS,null,-0.49,-1.133,5.032,-3.832,null,null,null,null,null,null,null,null,null,null,null,null,null,null,null,null,null,null,null,null,null,278940316
TRND-Glioblastoma_LOPAC_T98G-primary_screen2,NCGC00016888-08,activity,null,4,-10.074,-9.645,CNCC[C@H](OC1=CC=C(C=C1)C(F)(F)F)C2=CC=CC=C2,null,null,null,null,null,F1553,SIGMA,2021_LOPAC_01,null,null,S-(+)-Fluoxetine hydrochloride,null,4,null,null,null,12.667,-10.074,1.967,0.548,0.755,null,null,null,null,null,null,0,null,null,3.022,-9.645,-14.966,-8.669,null,null,null,null,null,null,null,null,null,RTHCYVBBDHJXIQ,null,TRND,CITvcWKcZDwqUeVXWH,null,null,null,null,CL,null,null,null,null,114247-06-2,null,null,null,0,4,0,null,null,173032,0 0 0 0,1,1,2025-06-17 15:37:36,null,null,null,null,null,null,null,364795215,activity,null,HTS,null,-3.009,3.022,-5.23,-9.645,null,null,null,null,null,null,null,null,null,null,null,null,null,null,null,null,null,null,null,null,null,278940317
TRND-Glioblastoma_LOPAC_T98G-primary_screen2,NCGC00015830-14,activity,null,4,0,8.097,NNCCC1=CC=CC=C1,null,null,null,null,null,P6777,SIGMA,2021_LOPAC_01,null,null,Phenelzine sulfate,null,4,null,null,null,6.46,0,null,null,null,null,null,null,null,null,null,0,null,null,8.402,1.941,30.566,null,null,null,null,null,null,null,null,null,null,RMUCZJUITONUFY,null,TRND,HnjLfdWDnlyNXIrygV,null,Amine oxidase A inhibitor,null,null,SULFURIC_ACID,null,null,null,null,156-51-4,MAOA,null,null,0,4,null,null,null,173032,null,1,1,2025-06-17 15:37:36,null,null,null,null,null,null,null,364791331,activity,null,HTS,null,6.875,8.402,1.941,8.097,null,null,null,null,null,null,null,null,null,null,null,null,null,null,null,null,null,null,null,null,null,278940318
TRND-Glioblastoma_LOPAC_T98G-primary_screen2,NCGC00093741-05,activity,null,4,-6.447,-2.029,[H][C@]12SCC(C)=C(N1C(=O)[C@H]2NC(=O)C(N)C3=CCC=CC3)C(O)=O,null,null,null,null,null,C8395,SIGMA,2021_LOPAC_01,null,null,Cephradine,null,4,null,null,null,13.122,-3.947,4.955,0.727,0.41,null,null,null,null,null,null,2.5,null,null,7.749,-5.372,-5.929,4.005,null,null,null,null,null,null,null,null,null,RDLPVSKMFDYCOR,null,TRND,WTCloNBkmABTJQenmV,null,null,null,null,null,null,null,null,null,[NO STEREO] 38821-53-3,null,null,null,0,4,0,null,null,173032,0 0 0 0,1,1,2025-06-17 15:37:36,null,null,null,null,null,null,null,364793379,activity,null,HTS,null,-2.35,7.749,-5.372,-2.029,null,null,null,null,null,null,null,null,null,null,null,null,null,null,null,null,null,null,null,null,null,278940319
TRND-Glioblastoma_LOPAC_T98G-primary_screen2,NCGC00015193-14,activity,null,4,0,5.552,NC1=NC2=C(C=C(Cl)C=C2)C3=NC(=NN13)C4=CC=CO4,null,null,null,null,null,C199,SIGMA,2021_LOPAC_01,null,null,CGS-15943,null,4,null,null,null,6.052,0,null,null,null,null,null,null,null,null,null,0,null,null,8.058,2.006,29.742,null,null,null,null,null,null,null,null,null,null,MSJODEOZODDVGW,null,TRND,oyhENrCxPZNseaYQAX,null,null,null,null,null,null,null,null,null,null,null,null,null,0,4,null,null,null,173032,null,1,1,2025-06-17 15:37:36,null,null,null,null,null,null,null,364790419,activity,null,HTS,null,8.058,2.006,4.375,5.552,null,null,null,null,null,null,null,null,null,null,null,null,null,null,null,null,null,null,null,null,null,278940320
TRND-Glioblastoma_LOPAC_T98G-primary_screen2,NCGC00015648-08,activity,null,4,11.941,4.263,CNCCC1=CNC2=C1C=C(O)C=C2,null,null,null,null,null,M1514,SIGMA,2021_LOPAC_01,null,null,N-omega-Methyl-5-hydroxytryptamine oxalate salt,null,4,null,null,null,15.385,8,4.504,0.495,0.811,null,null,null,null,null,null,-3.941,null,null,11.267,-4.118,-1.384,-1.289,null,null,null,null,null,null,null,null,null,ASUSBMNYRHGZIG,null,TRND,TxeOBgktlSsGbGoIrW,null,null,null,null,OXALIC_ACID,null,null,null,null,null,null,null,null,0,4,0,null,null,173032,0 0 0 0,1,1,2025-06-17 15:37:36,null,null,null,null,null,null,null,364791847,activity,null,HTS,null,-4.118,-0.109,11.267,4.263,null,null,null,null,null,null,null,null,null,null,null,null,null,null,null,null,null,null,null,null,null,278940321
TRND-Glioblastoma_LOPAC_T98G-primary_screen2,NCGC00015188-12,activity,null,4,0,2.068,NC(=N)NC(=N)NC1=CC=CC(Cl)=C1,null,null,null,null,null,C144,SIGMA,2021_LOPAC_01,null,null,1-(m-Chlorophenyl)-biguanide hydrochloride,null,4,null,null,null,3.446,0,null,null,null,null,null,null,null,null,null,0,null,null,2.068,-1.378,-2.928,null,null,null,null,null,null,null,null,null,null,DIHXJZHAIHGSAW,null,TRND,FsdKIpFsPRQiGAFVTc,null,null,null,null,CL,null,null,null,null,null,null,null,null,0,4,null,null,null,173032,null,1,1,2025-06-17 15:37:36,null,null,null,null,null,null,null,364791683,activity,null,HTS,null,-1.378,-0.5,0.225,2.068,null,null,null,null,null,null,null,null,null,null,null,null,null,null,null,null,null,null,null,null,null,278940322
TRND-Glioblastoma_LOPAC_T98G-primary_screen2,NCGC00016508-19,activity,null,4,0,0.92,CN1N=C(S\C1=N\C(C)=O)[S+](N)([O-])=O,null,null,null,null,null,SML0720,SIGMA,2021_LOPAC_01,null,null,Methazolamide,null,4,null,null,null,6.639,0,null,null,null,null,null,null,null,null,null,0,null,null,5.606,-1.034,1.46,null,null,null,null,null,null,null,null,null,null,FQMSRRCSEOMGHZ,null,TRND,PLrhPMdqlmsOwLbpcO,null,null,null,null,null,null,null,null,null,1164547-86-7,null,null,null,0,4,null,null,null,173032,null,1,1,2025-06-17 15:37:36,null,null,null,null,null,null,null,364794439,activity,null,HTS,null,-1.034,-0.108,5.606,0.92,null,null,null,null,null,null,null,null,null,null,null,null,null,null,null,null,null,null,null,null,null,278940323
TRND-Glioblastoma_LOPAC_T98G-primary_screen2,NCGC00015768-10,activity,null,4,0,4.25,NC(=O)CN1CC(O)CC1=O,null,null,null,null,null,O3011,SIGMA,2021_LOPAC_01,null,null,Oxiracetam,null,4,null,null,null,8.501,0,null,null,null,null,null,null,null,null,null,0,null,null,5.801,-2.7,0.357,null,null,null,null,null,null,null,null,null,null,IHLAQQPQKRMGSS,null,TRND,lWpZQglqRuPMwhLIWc,null,null,null,null,null,null,null,null,null,62613-82-5,null,null,null,0,4,null,null,null,173032,null,1,1,2025-06-17 15:37:36,null,null,null,null,null,null,null,364794083,activity,null,HTS,null,-2.7,5.801,2.235,4.25,null,null,null,null,null,null,null,null,null,null,null,null,null,null,null,null,null,null,null,null,null,278940324
TRND-Glioblastoma_LOPAC_T98G-primary_screen2,NCGC00094157-05,activity,null,4,0,9.278,CC1(C)CCC(CC1)NC(=O)[C@@H](N)CCC(O)=O,null,null,null,null,null,N2034,SIGMA,2021_LOPAC_01,null,null,CR 2249,null,4,null,null,null,2.999,0,null,null,null,null,null,null,null,null,null,0,null,null,9.278,6.279,33.692,null,null,null,null,null,null,null,null,null,null,VCRGLZYPNNAVRP,null,TRND,rZqPuTDnSaocBdQDef,null,null,null,null,null,null,null,null,null,163000-63-3,null,null,null,0,4,null,null,null,173032,null,1,1,2025-06-17 15:37:36,null,null,null,null,null,null,null,364792207,activity,null,HTS,null,6.774,8.047,6.279,9.278,null,null,null,null,null,null,null,null,null,null,null,null,null,null,null,null,null,null,null,null,null,278940325
TRND-Glioblastoma_LOPAC_T98G-primary_screen2,NCGC00370993-02,activity,null,4,-12.158,4.143,CN1N=CC2=C1NC3=C(C=CC=C3)N(C2)C(=O)C4=CC=C(CNC(=O)N5CCN(CC6=CC(O)=CC(O)=C6)CC5)C(C)=C4,null,null,null,null,null,SML2223,SIGMA,2021_LOPAC_01,null,null,WAY-267464 dihydrochloride,null,4,null,null,null,13.853,1.342,4.045,0.39,0.893,null,null,null,null,null,null,13.5,null,null,13.304,-0.548,40.521,40.583,null,null,null,null,null,null,null,null,null,HWPGRFRXZNLZEX,null,TRND,MenLgarTRsOhRTOQXD,null,null,null,null,null,null,null,null,null,null,null,null,null,0,4,0,null,null,173032,0 0 0 0,1,1,2025-06-17 15:37:36,null,null,null,null,null,null,null,364792779,activity,null,HTS,null,13.304,2.582,-0.548,4.143,null,null,null,null,null,null,null,null,null,null,null,null,null,null,null,null,null,null,null,null,null,278940326
TRND-Glioblastoma_LOPAC_T98G-primary_screen2,NCGC00344588-18,activity,1,-1.4,-63.465,-51.926,COC1=CC2=C(C=C1C3=C(C)ON=C3C)N=CC4=C2N([C@H](C)C5=CC=CC=N5)C(=O)N4,null,null,null,null,null,SML0666,SIGMA,2021_LOPAC_01,-6,null,GSK1210151A,null,-1.2,null,null,null,61.614,-49.465,1.858,0.129,0.99,null,null,null,null,null,null,14,null,null,9.688,-51.926,-50.06,-52.502,null,null,null,null,null,null,null,null,null,VUVUVNZRUGEAHB,null,TRND,vFjNnhSAqZnJoTWxHO,null,Bromodomain-Containing Protein 2 (Brd2) inhibitor,null,null,null,null,null,null,null,null,BRD2,null,null,0,4,0,null,null,173032,0 0 0 0,1,1,2025-06-17 15:37:36,null,null,null,null,null,null,null,364790819,activity,null,HTS,null,9.688,-27.197,-43.822,-51.926,null,null,null,null,null,null,null,null,null,null,null,null,null,null,null,null,null,null,null,null,null,278940327
TRND-Glioblastoma_LOPAC_T98G-primary_screen2,NCGC00015204-19,activity,null,4,11.488,4.348,ClCCNC(=O)N(CCCl)N=O,null,null,null,null,null,C0400,SIGMA,2021_LOPAC_01,null,null,Carmustine,null,4,null,null,null,10.184,12,4.449,1,0.921,null,null,null,null,null,null,0.512,null,null,9.361,-0.824,16.719,14.738,null,null,null,null,null,null,null,null,null,DLGOEMSEDOSKAD,null,TRND,tbJyrpOojxcVawgRJK,null,DNA Alkylating Drug,null,null,null,null,null,null,null,154-93-8,H2AX,null,null,0,4,1,null,null,173032,0 0 0 1,1,1,2025-06-17 15:37:36,null,null,null,null,null,null,null,364792079,activity,null,HTS,null,2.1,-0.824,9.361,4.348,null,null,null,null,null,null,null,null,null,null,null,null,null,null,null,null,null,null,null,null,null,278940328
TRND-Glioblastoma_LOPAC_T98G-primary_screen2,NCGC00186004-04,activity,null,4,-19.488,-3.74,COC1=CC=C(CCN2N=NN=C2C3(CC3)C4=CC=C(C)C=C4)C=C1,null,null,null,null,null,M7945,SIGMA,2021_LOPAC_01,null,null,Mephetyl tetrazole,null,4,null,null,null,13.866,-6.488,0.6,0.368,0.907,null,null,null,null,null,null,13,null,null,10.126,-3.74,30.135,28.324,null,null,null,null,null,null,null,null,null,VREPWWBWXVLSEF,null,TRND,SCLkpKLuhowDnLrzgZ,null,null,null,null,null,null,null,null,null,null,null,null,null,0,4,0,null,null,173032,0 0 0 0,1,1,2025-06-17 15:37:36,null,null,null,null,null,null,null,364791099,activity,null,HTS,null,10.126,3.255,2.467,-3.74,null,null,null,null,null,null,null,null,null,null,null,null,null,null,null,null,null,null,null,null,null,278940329
TRND-Glioblastoma_LOPAC_T98G-primary_screen2,NCGC00162295-06,activity,null,4,-6,5.011,C[C@H](CC1=CC=CC=C1)NC2=NC=NC3=C2N=CN3[C@@H]4O[C@H](CO)C(O)[C@H]4O,null,null,null,null,null,P4532,SIGMA,2021_LOPAC_01,null,null,R(-)-N6-(2-Phenylisopropyl)adenosine,null,4,null,null,null,11.44,5,4.955,0.747,0.342,null,null,null,null,null,null,11,null,null,16.45,5.011,34.631,45.596,null,null,null,null,null,null,null,null,null,RIRGCFBBHQEQQH,null,TRND,jNygCZThGJtjqZwHgQ,null,null,null,null,null,null,null,null,null,null,null,null,null,0,4,0,null,null,173032,0 0 0 0,1,1,2025-06-17 15:37:36,null,null,null,null,null,null,null,364795443,activity,null,HTS,null,5.722,16.45,6.607,5.011,null,null,null,null,null,null,null,null,null,null,null,null,null,null,null,null,null,null,null,null,null,278940330
TRND-Glioblastoma_LOPAC_T98G-primary_screen2,NCGC00015482-20,activity,null,4,-9.094,-2.603,CC[N+](CC)(CC)CCOC1=CC=CC(OCC[N+](CC)(CC)CC)=C1OCC[N+](CC)(CC)CC,null,null,null,null,null,G8134,SIGMA,2021_LOPAC_01,null,null,Gallamine triethiodide,null,4,null,null,null,11.665,-5.094,4.504,0.476,0.83,null,null,null,null,null,null,4,null,null,4.087,-7.578,1.747,1.685,null,null,null,null,null,null,null,null,null,OZLPUNFFCJDMJD,null,TRND,LCOAfHTfqrLiPYHRAf,null,Muscarinic acetylcholine receptor M2 antagonist,null,null,I,null,null,null,null,null,CHRM2,null,null,0,4,0,null,null,173032,0 0 0 0,1,1,2025-06-17 15:37:36,null,null,null,null,null,null,null,364794671,activity,null,HTS,null,4.087,-4.188,-7.578,-2.603,null,null,null,null,null,null,null,null,null,null,null,null,null,null,null,null,null,null,null,null,null,278940706
TRND-Glioblastoma_LOPAC_T98G-primary_screen2,NCGC00507715-02,activity,null,4,0,13.26,CC1NC2=CC(Cl)=C(C=C2C(=O)N1C3=C(C)C=CC=C3)[S+]([O-])ON,null,null,null,null,null,M116,SIGMA,2021_LOPAC_01,null,null,Metolazone,null,4,null,null,null,8.674,0,null,null,null,null,null,null,null,null,null,0,null,null,13.26,4.586,27.561,null,null,null,null,null,null,null,null,null,null,RECBNDOXLFOHMR,null,TRND,sGXDcqcIZChxJhkgrm,null,null,null,null,null,null,null,null,null,null,null,null,null,0,4,null,null,null,173032,null,1,1,2025-06-17 15:37:36,null,null,null,null,null,null,null,364792799,activity,null,HTS,null,4.586,4.781,6.466,13.26,null,null,null,null,null,null,null,null,null,null,null,null,null,null,null,null,null,null,null,null,null,278940707
TRND-Glioblastoma_LOPAC_T98G-primary_screen2,NCGC00016311-40,activity,null,4,-14.027,-1.842,CC1=CC=C(C=C1)N(CC2=NCCN2)C3=CC=CC(O)=C3,null,null,null,null,null,P7561,SIGMA,2021_LOPAC_01,null,null,Phentolamine mesylate,null,4,null,null,null,15.797,-11.027,4.955,1,0.663,null,null,null,null,null,null,3,null,null,7.441,-8.356,-9.976,-1.184,null,null,null,null,null,null,null,null,null,MRBDMNSDAVCSSF,null,TRND,GsWZlpJdtCaocdyOQW,null,Alpha-1A Adrenergic Receptor antagonist,null,null,null,null,null,null,null,73-05-2,ADRA1A,null,null,0,4,1,null,null,173032,0 0 0 1,1,1,2025-06-17 15:37:36,null,null,null,null,null,null,null,364791827,activity,null,HTS,null,-1.78,7.441,-8.356,-1.842,null,null,null,null,null,null,null,null,null,null,null,null,null,null,null,null,null,null,null,null,null,278940708
TRND-Glioblastoma_LOPAC_T98G-primary_screen2,NCGC00162176-10,activity,null,4,8.5,6.474,[O-]C(=O)C1=CC2=CC(CC3=CC=CN=C3)=CC=C2O1,null,null,null,null,null,F3764,SIGMA,2021_LOPAC_01,null,null,Furegrelate sodium,null,4,null,null,null,10.927,9,2.333,0.519,0.789,null,null,null,null,null,null,0.5,null,null,11.423,0.495,15.757,15.84,null,null,null,null,null,null,null,null,null,VHWFITPGPFLBGT,null,TRND,nKiozUSzMxOSPkBMak,null,null,null,null,SODIUM,null,null,null,null,85666-17-7,null,null,null,0,4,0,null,null,173032,0 0 0 0,1,1,2025-06-17 15:37:36,null,null,null,null,null,null,null,364792675,activity,null,HTS,null,0.495,4.281,11.423,6.474,null,null,null,null,null,null,null,null,null,null,null,null,null,null,null,null,null,null,null,null,null,278940709
TRND-Glioblastoma_LOPAC_T98G-primary_screen2,NCGC00386221-07,activity,null,4,0,1.52,CC1=CC=C(C=C1)N2SC(=O)N(CC3=CC=C(F)C=C3)C2=O,null,null,null,null,null,SML0908,SIGMA,2021_LOPAC_01,null,null,CCG-50014    ,null,4,null,null,null,1.555,0,null,null,null,null,null,null,null,null,null,0,null,null,1.52,-0.034,1.568,null,null,null,null,null,null,null,null,null,null,QUIIIYITNGOFEI,null,TRND,gKYgAsJoWTsmnqdRPk,null,null,null,null,null,null,null,null,null,883050-24-6,null,null,null,0,4,null,null,null,173032,null,1,1,2025-06-17 15:37:36,null,null,null,null,null,null,null,364791143,activity,null,HTS,null,0.273,-0.034,0.049,1.52,null,null,null,null,null,null,null,null,null,null,null,null,null,null,null,null,null,null,null,null,null,278940710
TRND-Glioblastoma_LOPAC_T98G-primary_screen2,NCGC00015661-17,activity,null,4,0,9.953,CCOC(=O)[N-]C1=C[N+](=NO1)N2CCOCC2,null,null,null,null,null,M2901,SIGMA,2021_LOPAC_01,null,null,Molsidomine,null,4,null,null,null,4.472,0,null,null,null,null,null,null,null,null,null,0,null,null,14.18,9.708,49.418,null,null,null,null,null,null,null,null,null,null,XLFWDASMENKTKL,null,TRND,CgPzevpCKatnXTYTmw,null,null,null,null,null,null,null,null,null,25717-80-0,null,null,null,0,4,null,null,null,173032,null,1,1,2025-06-17 15:37:36,null,null,null,null,null,null,null,364790599,activity,null,HTS,null,9.708,14.18,10.488,9.953,null,null,null,null,null,null,null,null,null,null,null,null,null,null,null,null,null,null,null,null,null,278940711
TRND-Glioblastoma_LOPAC_T98G-primary_screen2,NCGC00015260-30,activity,null,4,0,9.854,N[C@@H](C(=O)N[C@H]1[C@H]2SCC(Cl)=C(N2C1=O)C(O)=O)C3=CC=CC=C3,null,null,null,null,null,C6895,SIGMA,2021_LOPAC_01,null,null,Cefaclor,null,4,null,null,null,8.939,0,null,null,null,null,null,null,null,null,null,0,null,null,9.854,0.915,9.821,null,null,null,null,null,null,null,null,null,null,QYIYFLOTGYLRGG,null,TRND,WTCloNsjTCiaPMFpZO,null,null,null,null,null,null,null,null,null,53994-73-3,null,null,null,0,4,null,null,null,173032,null,1,1,2025-06-17 15:37:36,null,null,null,null,null,null,null,364791431,activity,null,HTS,null,0.915,1.435,1.572,9.854,null,null,null,null,null,null,null,null,null,null,null,null,null,null,null,null,null,null,null,null,null,278940712
TRND-Glioblastoma_LOPAC_T98G-primary_screen2,NCGC00024714-19,activity,null,4,-13.871,-1.976,CC1=CC=C(C=C1)C(=C/CN2CCCC2)\C3=CC=CC=N3,null,null,null,null,null,T6764,SIGMA,2021_LOPAC_01,null,null,Triprolidine hydrochloride,null,4,null,null,null,11.136,-1.871,1.111,0.146,0.987,null,null,null,null,null,null,12,null,null,9.16,-1.976,26.244,25.31,null,null,null,null,null,null,null,null,null,CBEQULMOCCWAQT,null,TRND,XFsLKkbrLYPeSLmlyO,null,null,null,null,CL,null,null,null,null,550-70-9,null,null,null,0,4,0,null,null,173032,0 0 0 0,1,1,2025-06-17 15:37:36,null,null,null,null,null,null,null,364790995,activity,null,HTS,null,9.16,2.645,0.019,-1.976,null,null,null,null,null,null,null,null,null,null,null,null,null,null,null,null,null,null,null,null,null,278940713
TRND-Glioblastoma_LOPAC_T98G-primary_screen2,NCGC00015148-14,activity,null,4,0,7.98,CCCC[S+]([O-])(=N)CCC(N)C(O)=O,null,null,null,null,null,B2640,SIGMA,2021_LOPAC_01,null,null,"DL-Buthionine-[S,R]-sulfoximine",null,4,null,null,null,9.65,0,null,null,null,null,null,null,null,null,null,0,null,null,7.98,-1.669,18.393,null,null,null,null,null,null,null,null,null,null,WDFRNLYXRQXXFS,null,TRND,qgvRjyyhcJnDBNojxN,null,Glutamate-Cysteine Ligase catalytic subunit inhibitor,null,null,null,null,null,null,null,5072-26-4,GCLC,null,null,0,4,null,null,null,173032,null,1,1,2025-06-17 15:37:36,null,null,null,null,null,null,null,364795323,activity,null,HTS,null,5.101,1.729,-1.669,7.98,null,null,null,null,null,null,null,null,null,null,null,null,null,null,null,null,null,null,null,null,null,278940714
TRND-Glioblastoma_LOPAC_T98G-primary_screen2,NCGC00371406-04,activity,null,4,-11.753,-1.044,NCC[S+](O)[O-],null,null,null,null,null,H1384,SIGMA,2021_LOPAC_01,null,null,Hypotaurine,null,4,null,null,null,11.09,-3.253,4.955,0.407,0.883,null,null,null,null,null,null,8.5,null,null,10.046,-1.044,30.122,34.977,null,null,null,null,null,null,null,null,null,VVIUBCNYACGLLV,null,TRND,PzcjrmAuhLUnfvCyIx,null,null,null,null,null,null,null,null,null,300-84-5,null,null,null,0,4,0,null,null,173032,0 0 0 0,1,1,2025-06-17 15:37:36,null,null,null,null,null,null,null,364791371,activity,null,HTS,null,6.107,10.046,9.583,-1.044,null,null,null,null,null,null,null,null,null,null,null,null,null,null,null,null,null,null,null,null,null,278940715
TRND-Glioblastoma_LOPAC_T98G-primary_screen2,NCGC00016850-26,activity,null,4,0,-4.054,CC(C)(OC1=CC=C(CCNC(=O)C2=CC=C(Cl)C=C2)C=C1)C(O)=O,null,null,null,null,null,B7273,SIGMA,2021_LOPAC_01,null,null,Bezafibrate,null,4,null,null,null,9.893,0,null,null,null,null,null,null,null,null,null,0,null,null,5.839,-4.054,16.906,null,null,null,null,null,null,null,null,null,null,IIBYAHWJQTYFKB,null,TRND,vjdLsXKoBupxdrqgIM,null,null,null,null,null,null,null,null,null,41859-67-0,null,null,null,0,4,null,null,null,173032,null,1,1,2025-06-17 15:37:36,null,null,null,null,null,null,null,364791475,activity,null,HTS,null,4.767,5.839,2.472,-4.054,null,null,null,null,null,null,null,null,null,null,null,null,null,null,null,null,null,null,null,null,null,278940716
TRND-Glioblastoma_LOPAC_T98G-primary_screen2,NCGC00167767-15,activity,3.981072,-2.1,-100.704,-94.449,O=C(N1CCC(CC1)N2CCCC2)C3=CC=C(NC4=NC=CC(=N4)C5=CC6=C(S5)C=CC=C6)C=C3,null,null,null,null,null,SML1138,SIGMA,2021_LOPAC_01,-5.4,null,IKK-16 dihydrochloride,null,-2.1,null,null,null,98.741,-95.204,1.928,0.022,1,null,null,null,null,null,null,5.5,null,null,4.292,-94.449,-88.149,-86.742,null,null,null,null,null,null,null,null,null,BWZJBXAPRCVCKQ,null,TRND,zOImHBCfCiTPbrjLtW,null,inhibitor of nuclear factor kappa B kinase subunit beta inhibitor,null,null,CL,null,null,null,null,null,IKBKB,null,null,0,4,0,null,null,173032,0 0 0 0,1,1,2025-06-17 15:37:36,null,null,null,null,null,null,null,364791751,activity,null,HTS,4.194796,4.292,-4.702,-67.387,-94.449,null,null,null,null,null,null,null,null,null,null,null,null,null,null,null,null,null,null,null,null,null,278940717
TRND-Glioblastoma_LOPAC_T98G-primary_screen2,NCGC00015024-09,activity,null,4,0,-3.606,NC1(CCC2=C1C=CC(=C2)C(O)=O)C(O)=O,null,null,null,null,null,A254,SIGMA,2021_LOPAC_01,null,null,AIDA,null,4,null,null,null,5.155,0,null,null,null,null,null,null,null,null,null,0,null,null,1.548,-3.606,2.56,null,null,null,null,null,null,null,null,null,null,LSTPKMWNRWCNLS,null,TRND,GECyBSuUOdMjjzqZhI,null,null,null,null,null,null,null,null,null,null,null,null,null,0,4,null,null,null,173032,null,1,1,2025-06-17 15:37:36,null,null,null,null,null,null,null,364792423,activity,null,HTS,null,1.384,1.548,-0.67,-3.606,null,null,null,null,null,null,null,null,null,null,null,null,null,null,null,null,null,null,null,null,null,278940718
TRND-Glioblastoma_LOPAC_T98G-primary_screen2,NCGC00690010-01,activity,null,4,-26.728,-17.69,COC1=CC(O)=CC(CCC2=CC=C(OC)C(O)=C2)=C1,null,null,null,null,null,SML2036,SIGMA,2021_LOPAC_01,null,null,Gigantol,null,4,null,null,null,29.394,-18.228,3.065,0.251,0.959,null,null,null,null,null,null,8.5,null,null,11.704,-17.69,14.531,20.63,null,null,null,null,null,null,null,null,null,SDXKZPQOVUDXIY,null,TRND,uMBEbitJUZFujGBDQp,null,null,null,null,null,null,null,null,null,null,null,null,null,0,4,0,null,null,173032,0 0 0 0,1,1,2025-06-17 15:37:36,null,null,null,null,null,null,null,364793787,activity,null,HTS,null,5.536,11.704,0.411,-17.69,null,null,null,null,null,null,null,null,null,null,null,null,null,null,null,null,null,null,null,null,null,278940719
TRND-Glioblastoma_LOPAC_T98G-primary_screen2,NCGC00090504-27,activity,10,-3,-41.345,-33.836,OC1=CC=C(\C=C\C(=O)C2=C(O)C=C(O)C=C2)C=C1,null,null,null,null,null,I3766,SIGMA,2021_LOPAC_01,-5,null,Isoliquiritigenin,null,-3,null,null,null,45.142,-34.345,3.627,0.235,0.964,null,null,null,null,null,null,7,null,null,11.307,-33.836,14.487,6.002,null,null,null,null,null,null,null,null,null,DXDRHHKMWQZJHT,null,TRND,fiVNxQwRwsIVTMahfc,null,NMDA Receptor antagonist,null,null,null,null,null,null,null,961-29-5,GRIN1,null,null,0,4,0,null,null,173032,0 0 0 0,1,1,2025-06-17 15:37:36,null,null,null,null,null,null,null,364793243,activity,null,HTS,null,11.307,2.176,-0.894,-33.836,null,null,null,null,null,null,null,null,null,null,null,null,null,null,null,null,null,null,null,null,null,278940720
TRND-Glioblastoma_LOPAC_T98G-primary_screen2,NCGC00015846-29,activity,null,4,0,-1.965,CCCCC1C(=O)N(N(C1=O)C2=CC=CC=C2)C3=CC=CC=C3,null,null,null,null,null,P8386,SIGMA,2021_LOPAC_01,null,null,Phenylbutazone,null,4,null,null,null,5.621,0,null,null,null,null,null,null,null,null,null,0,null,null,3.656,-1.965,-0.301,null,null,null,null,null,null,null,null,null,null,VYMDGNCVAMGZFE,null,TRND,uiXLghgZfkQCIFtSNv,null,null,null,null,null,null,null,null,null,50-33-9,null,null,null,0,4,null,null,null,173032,null,1,1,2025-06-17 15:37:36,null,null,null,null,null,null,null,364792483,activity,null,HTS,null,-1.262,3.656,2.403,-1.965,null,null,null,null,null,null,null,null,null,null,null,null,null,null,null,null,null,null,null,null,null,278940721
TRND-Glioblastoma_LOPAC_T98G-primary_screen2,NCGC00024846-19,activity,null,4,-32.293,-10.244,NC(=N)N\N=C\C1=C(Cl)C=CC=C1Cl,null,null,null,null,null,G110,SIGMA,2021_LOPAC_01,null,null,Guanabenz acetate,null,4,null,null,null,22.758,-16.293,0.7,0.054,0.998,null,null,null,null,null,null,16,null,null,12.514,-10.244,32.22,30.969,null,null,null,null,null,null,null,null,null,WDZVGELJXXEGPV,null,TRND,cAtAWvlbKvQPInqupg,null,null,null,null,null,null,null,null,null,23256-50-0,null,null,null,0,4,0,null,null,173032,0 0 0 0,1,1,2025-06-17 15:37:36,null,null,null,null,null,null,null,364793415,activity,null,HTS,null,12.514,6.104,-1.987,-10.244,null,null,null,null,null,null,null,null,null,null,null,null,null,null,null,null,null,null,null,null,null,278940722
TRND-Glioblastoma_LOPAC_T98G-primary_screen2,NCGC00015629-10,activity,null,4,-17.449,8.082,CC(N)CC1=CNC2=C1C=C(O)C=C2,null,null,null,null,null,M110,SIGMA,2021_LOPAC_01,null,null,alpha-Methyl-5-hydroxytryptamine maleate,null,4,null,null,null,14.766,-1.449,4.955,1,0.991,null,null,null,null,null,null,16,null,null,12.725,-2.041,33.173,32.123,null,null,null,null,null,null,null,null,null,LYPCGXKCQDYTFV,null,TRND,LkBytJLIqOBPDdhjET,null,null,null,null,MALEATE,null,null,null,null,null,null,null,null,0,4,1,null,null,173032,0 0 0 1,1,1,2025-06-17 15:37:36,null,null,null,null,null,null,null,364792159,activity,null,HTS,null,12.725,-2.041,-0.585,8.082,null,null,null,null,null,null,null,null,null,null,null,null,null,null,null,null,null,null,null,null,null,278940723
TRND-Glioblastoma_LOPAC_T98G-primary_screen2,NCGC00014670-30,activity,5.011872,-2.4,-22.671,-8.892,ClC1=CC2=C(C=C1)N(C3CCN(CCCN4C(=O)NC5=C4C=CC=C5)CC3)C(=O)N2,null,null,null,null,null,D122,SIGMA,2021_LOPAC_01,-5.3,null,Domperidone,null,4,null,null,null,22.268,-9.171,3.065,0.042,0.999,null,null,null,null,null,null,13.5,null,null,13.375,-8.892,38.905,40.086,null,null,null,null,null,null,null,null,null,FGXWKSZFVQUSTL,null,TRND,rcAeQDHVcYZbMSVgfm,null,Dopamine Receptor D2 antagonist,null,null,null,null,null,null,null,57808-66-9,DRD2,null,null,0,4,0,null,null,173032,0 0 0 0,1,1,2025-06-17 15:37:36,null,null,null,null,null,null,null,364791755,activity,null,HTS,null,12.954,13.375,-2.456,-8.892,null,null,null,null,null,null,null,null,null,null,null,null,null,null,null,null,null,null,null,null,null,278940724
TRND-Glioblastoma_LOPAC_T98G-primary_screen2,NCGC00016009-25,activity,null,4,-10,9.188,CC1=CC=C(C=C1)[S+]([O-])(=O)NC(=O)NN2CCCCCC2,null,null,null,null,null,T2408,SIGMA,2021_LOPAC_01,null,null,Tolazamide,null,4,null,null,null,10.75,2,4.955,1,0.863,null,null,null,null,null,null,12,null,null,10.783,0.034,34.925,33.799,null,null,null,null,null,null,null,null,null,GPYYDSQFDXSIGJ,null,TRND,YLhNsBYdhBeaRgNzZa,null,null,null,null,null,null,null,null,null,1156-19-0,null,null,null,0,4,1,null,null,173032,0 0 0 1,1,1,2025-06-17 15:37:36,null,null,null,null,null,null,null,364795391,activity,null,HTS,null,10.783,0.034,4.062,9.188,null,null,null,null,null,null,null,null,null,null,null,null,null,null,null,null,null,null,null,null,null,278940725
TRND-Glioblastoma_LOPAC_T98G-primary_screen2,NCGC00095899-18,activity,null,4,-10.808,5.776,CN(C)CCC1=CNC2=CC=C(CN3C=NC=N3)C=C12,null,null,null,null,null,SML0247,SIGMA,2021_LOPAC_01,null,null,Rizatriptan benzoate salt,null,4,null,null,null,10.584,-5.308,4.955,1,0.869,null,null,null,null,null,null,5.5,null,null,7.41,-3.173,11.07,14.07,null,null,null,null,null,null,null,null,null,ULFRLSNUDGIQQP,null,TRND,HWScWawNAgcVvDGHjU,null,null,null,null,BENZOIC_ACID,null,null,null,null,144034-80-0,null,null,null,0,4,1,null,null,173032,0 0 0 1,1,1,2025-06-17 15:37:36,null,null,null,null,null,null,null,364791823,activity,null,HTS,null,3.524,7.41,-3.173,5.776,null,null,null,null,null,null,null,null,null,null,null,null,null,null,null,null,null,null,null,null,null,278940726
TRND-Glioblastoma_LOPAC_T98G-primary_screen2,NCGC00015514-17,activity,null,4,-11.833,-8.611,CC1=NC=CC2=C1NC3=C2C=CC=C3,null,null,null,null,null,H7258,SIGMA,2021_LOPAC_01,null,null,Harmane,null,4,null,null,null,11.307,-9.333,4.504,0.037,0.999,null,null,null,null,null,null,2.5,null,null,2.696,-8.611,6.511,5.776,null,null,null,null,null,null,null,null,null,PSFDQSOCUJVVGF,null,TRND,oyPqfstruuxGfIrODh,null,null,null,null,null,null,null,null,null,486-84-0,null,null,null,0,4,0,null,null,173032,0 0 0 0,1,1,2025-06-17 15:37:36,null,null,null,null,null,null,null,364793319,activity,null,HTS,null,2.696,2.693,2.395,-8.611,null,null,null,null,null,null,null,null,null,null,null,null,null,null,null,null,null,null,null,null,null,278940727
TRND-Glioblastoma_LOPAC_T98G-primary_screen2,NCGC00015917-15,activity,null,4,0,0.694,CN1C=CC2=CC3=C(CCN3C(=O)NC4=CC=CN=C4)C=C12,null,null,null,null,null,S180,SIGMA,2021_LOPAC_01,null,null,SB 206553 hydrochloride,null,4,null,null,null,4.207,0,null,null,null,null,null,null,null,null,null,0,null,null,0.694,-3.513,-12.663,null,null,null,null,null,null,null,null,null,null,QJQORSLQNXDVGE,null,TRND,OcvhRvVMuPDfjmEGkS,null,null,null,null,CL,null,null,null,null,null,null,null,null,0,4,null,null,null,173032,null,1,1,2025-06-17 15:37:36,null,null,null,null,null,null,null,364793439,activity,null,HTS,null,-3.513,-3.441,-1.249,0.694,null,null,null,null,null,null,null,null,null,null,null,null,null,null,null,null,null,null,null,null,null,278940728
TRND-Glioblastoma_LOPAC_T98G-primary_screen2,NCGC00162250-05,activity,null,4,0,3.575,CSC(=N)NCCC[C@H](N)C(O)=O,null,null,null,null,null,M5171,SIGMA,2021_LOPAC_01,null,null,S-Methyl-L-thiocitrulline acetate,null,4,null,null,null,9.779,0,null,null,null,null,null,null,null,null,null,0,null,null,3.575,-6.204,-11.243,null,null,null,null,null,null,null,null,null,null,NGVMVBQRKZPFLB,null,TRND,rJngPLuSOQrRpyoiwO,null,null,null,null,ACETIC-ACID,null,null,null,null,null,null,null,null,0,4,null,null,null,173032,null,1,1,2025-06-17 15:37:36,null,null,null,null,null,null,null,364793827,activity,null,HTS,null,-6.204,2.799,3.058,3.575,null,null,null,null,null,null,null,null,null,null,null,null,null,null,null,null,null,null,null,null,null,278940729
TRND-Glioblastoma_LOPAC_T98G-primary_screen2,NCGC00093706-08,activity,null,4,0,10.841,[H][C@]12SCC(C)=C(N1C(=O)[C@H]2NC(=O)C(N)C3=CC=CC=C3)C(O)=O,null,null,null,null,null,C4895,SIGMA,2021_LOPAC_01,null,null,Cephalexin hydrate,null,4,null,null,null,2.712,0,null,null,null,null,null,null,null,null,null,0,null,null,11.814,9.102,52.348,null,null,null,null,null,null,null,null,null,null,ZAIPMKNFIOOWCQ,null,TRND,WTCloNpktLHQTHeoau,null,null,null,null,null,null,null,null,null,[NO STEREO] 15686-71-2,null,null,null,0,4,null,null,null,173032,null,1,1,2025-06-17 15:37:36,null,null,null,null,null,null,null,364790743,activity,null,HTS,null,11.814,9.102,10.726,10.841,null,null,null,null,null,null,null,null,null,null,null,null,null,null,null,null,null,null,null,null,null,278940730
TRND-Glioblastoma_LOPAC_T98G-primary_screen2,NCGC00690003-01,activity,null,4,-35.439,-20.366,CC1=CC(NC(=O)CN(C2=CC(=CC=C2C)[N+]([O-])=O)[S+](C)([O-])=O)=CC(C)=C1,null,null,null,null,null,SML2151,SIGMA,2021_LOPAC_01,null,null,MBx2546,null,4,null,null,null,28.638,-27.939,1.288,0.111,0.992,null,null,null,null,null,null,7.5,null,null,8.272,-20.366,13.322,11.182,null,null,null,null,null,null,null,null,null,LJBRLEOUAJOWAT,null,TRND,OLcfXCykHCFuQzJqaM,null,null,null,null,null,null,null,null,null,null,null,null,null,0,4,0,null,null,173032,0 0 0 0,1,1,2025-06-17 15:37:36,null,null,null,null,null,null,null,364793747,activity,null,HTS,null,8.272,4.205,-2.671,-20.366,null,null,null,null,null,null,null,null,null,null,null,null,null,null,null,null,null,null,null,null,null,278940731
TRND-Glioblastoma_LOPAC_T98G-primary_screen2,NCGC00164613-14,activity,null,4,10.684,5.888,CC(=C/C1=CC=CC=C1)\C=C2/SC(=S)N(CC(O)=O)C2=O,null,null,null,null,null,SML0527,SIGMA,2021_LOPAC_01,null,null,Epalrestat,null,4,null,null,null,11.42,8,4.955,0.486,0.821,null,null,null,null,null,null,-2.684,null,null,10.85,-0.57,14.55,13.753,null,null,null,null,null,null,null,null,null,CHNUOJQWGUIOLD,null,TRND,NfLqPltqQFLfmVIQIp,null,Aldose Reductase inhibitor,null,null,null,null,null,null,null,82159-09-9,AKR1B1,null,null,0,4,0,null,null,173032,0 0 0 0,1,1,2025-06-17 15:37:36,null,null,null,null,null,null,null,364795295,activity,null,HTS,null,-0.57,10.85,7.803,5.888,null,null,null,null,null,null,null,null,null,null,null,null,null,null,null,null,null,null,null,null,null,278940732
TRND-Glioblastoma_LOPAC_T98G-primary_screen2,NCGC00015124-15,activity,null,4,0,10.299,COC(=O)C1=C(C)NC(C)=C(C1C2=C(C=CC=C2)C(F)(F)F)[N+]([O-])=O,null,null,null,null,null,B112,SIGMA,2021_LOPAC_01,null,null,(±)-Bay K 8644,null,4,null,null,null,4.347,0,null,null,null,null,null,null,null,null,null,0,null,null,10.299,5.952,33.527,null,null,null,null,null,null,null,null,null,null,ZFLWDHHVRRZMEI,null,TRND,qaFDoBwQrWZnUIsrvI,null,null,null,null,null,null,null,null,null,null,null,null,null,0,4,null,null,null,173032,null,1,1,2025-06-17 15:37:36,null,null,null,null,null,null,null,364792047,activity,null,HTS,null,6.558,8.23,5.952,10.299,null,null,null,null,null,null,null,null,null,null,null,null,null,null,null,null,null,null,null,null,null,278940733
TRND-Glioblastoma_LOPAC_T98G-primary_screen2,NCGC00023230-35,activity,10,-2.4,-34.619,-27.599,COC1=CC=C2[C@H](OC(=O)C2=C1OC)[C@@H]3N(C)CCC4=CC5=C(OCO5)C(OC)=C34,null,null,null,null,null,N9007,SIGMA,2021_LOPAC_01,-5,null,Noscapine hydrchloride,null,4,null,null,null,33.75,-28.619,2.847,0.029,0.999,null,null,null,null,null,null,6,null,null,6.151,-27.599,3.272,4.68,null,null,null,null,null,null,null,null,null,AKNNEGZIBPJZJG,null,TRND,McQyDBQRVwUlhwYdQA,null,Tubulin polymerization inhibitor,null,null,CL,null,null,null,null,128-62-1|6035-40-1,TUBB,null,null,0,4,0,null,null,173032,0 0 0 0,1,1,2025-06-17 15:37:36,null,null,null,null,null,null,null,364792911,activity,null,HTS,null,5.44,6.151,-2.309,-27.599,null,null,null,null,null,null,null,null,null,null,null,null,null,null,null,null,null,null,null,null,null,278940734
TRND-Glioblastoma_LOPAC_T98G-primary_screen2,NCGC00015716-18,activity,null,4,-15.666,-10.972,CC(CCC1=CC=CC=C1)NC(C)C(O)C2=CC=C(O)C=C2,null,null,null,null,null,N153,SIGMA,2021_LOPAC_01,null,null,Nylidrin hydrochloride,null,4,null,null,null,19.12,-13.166,4.504,0.612,0.663,null,null,null,null,null,null,2.5,null,null,8.148,-10.972,16.073,4.645,null,null,null,null,null,null,null,null,null,PTGXAUBQBSGPKF,null,TRND,CKQxdSQnyjKdKIltDN,null,null,null,null,CL,null,null,null,null,849-55-8,null,null,null,0,4,0,null,null,173032,0 0 0 0,1,1,2025-06-17 15:37:36,null,null,null,null,null,null,null,364792935,activity,null,HTS,null,8.148,-3.519,2.413,-10.972,null,null,null,null,null,null,null,null,null,null,null,null,null,null,null,null,null,null,null,null,null,278940735
TRND-Glioblastoma_LOPAC_T98G-primary_screen2,NCGC00094150-06,activity,null,4,-24.475,-0.201,N[C@@H](CCC(=O)N[C@H](CSN=O)C(=O)NCC(O)=O)C(O)=O,null,null,null,null,null,N4148,SIGMA,2021_LOPAC_01,null,null,S-Nitrosoglutathione,null,4,null,null,null,25.766,-17.475,4.955,1,0.798,null,null,null,null,null,null,7,null,null,12.87,-12.896,-3.251,6.23,null,null,null,null,null,null,null,null,null,HYHSBSXUHZOYLX,null,TRND,TcjKSvMSjVYuAHLksH,null,null,null,null,null,null,null,null,null,null,null,null,null,0,4,1,null,null,173032,0 0 0 1,1,1,2025-06-17 15:37:36,null,null,null,null,null,null,null,364791583,activity,null,HTS,null,1.28,12.87,-12.896,-0.201,null,null,null,null,null,null,null,null,null,null,null,null,null,null,null,null,null,null,null,null,null,278940736
TRND-Glioblastoma_LOPAC_T98G-primary_screen2,NCGC00024944-11,activity,null,4,-10.89,4.825,CN1C=C(N=C1C2=CC=C(OCC(O)CNCCOC3=CC(C(N)=O)=C(O)C=C3)C=C2)C(F)(F)F,null,null,null,null,null,C231,SIGMA,2021_LOPAC_01,null,null,CGP 20712A methanesulfonate,null,4,null,null,null,10.376,-5.89,4.955,1,0.962,null,null,null,null,null,null,5,null,null,5.884,-4.492,9.088,11.054,null,null,null,null,null,null,null,null,null,GKJZEKSHCJELPL,null,TRND,FPnrsJKvMOEOOvOgEB,null,null,null,null,null,null,null,null,null,null,null,null,null,0,4,1,null,null,173032,0 0 0 1,1,1,2025-06-17 15:37:36,null,null,null,null,null,null,null,364792979,activity,null,HTS,null,3.776,5.884,-4.492,4.825,null,null,null,null,null,null,null,null,null,null,null,null,null,null,null,null,null,null,null,null,null,278940737
TRND-Glioblastoma_LOPAC_T98G-primary_screen2,NCGC00016066-24,activity,null,4,-13.996,-1.246,COC1=C(C=CC=C1)N2CCN(CCCNC3=CC(=O)N(C)C(=O)N3C)CC2,null,null,null,null,null,U100,SIGMA,2021_LOPAC_01,null,null,Urapidil hydrochloride,null,4,null,null,null,14.838,0.004,3.297,0.242,0.962,null,null,null,null,null,null,14,null,null,13.592,-1.246,40.393,40.22,null,null,null,null,null,null,null,null,null,ICMGLRUYEQNHPF,null,TRND,wPtOZtHaEADXCXqigK,null,null,null,null,CL,null,null,null,null,64887-14-5,null,null,null,0,4,0,null,null,173032,0 0 0 0,1,1,2025-06-17 15:37:36,null,null,null,null,null,null,null,364794759,activity,null,HTS,null,13.592,2.964,1.798,-1.246,null,null,null,null,null,null,null,null,null,null,null,null,null,null,null,null,null,null,null,null,null,278940738
TRND-Glioblastoma_LOPAC_T98G-primary_screen2,NCGC00015056-09,activity,null,4,13.052,4.03,NN1N=NC2=C1C=CC=C2,null,null,null,null,null,A3940,SIGMA,2021_LOPAC_01,null,null,1-Aminobenzotriazole,null,4,null,null,null,14.237,7.5,4.955,0.543,0.761,null,null,null,null,null,null,-5.552,null,null,11.278,-2.96,6.966,6.123,null,null,null,null,null,null,null,null,null,JCXKHYLLVKZPKE,null,TRND,COKljGIodeWnSbSSps,null,null,null,null,null,null,null,null,null,null,null,null,null,0,4,0,null,null,173032,0 0 0 0,1,1,2025-06-17 15:37:36,null,null,null,null,null,null,null,364793643,activity,null,HTS,null,-2.96,11.278,7.408,4.03,null,null,null,null,null,null,null,null,null,null,null,null,null,null,null,null,null,null,null,null,null,278940739
TRND-Glioblastoma_LOPAC_T98G-primary_screen2,NCGC00015237-20,activity,null,4,0,0.068,C[N+](C)(C)CCOC(N)=O,null,null,null,null,null,C4382,SIGMA,2021_LOPAC_01,null,null,Carbachol,null,4,null,null,null,9.95,0,null,null,null,null,null,null,null,null,null,0,null,null,10.018,0.068,22.168,null,null,null,null,null,null,null,null,null,null,VPJXQGSRWJZDOB,null,TRND,hgqJIxsfnhqPEOSkLV,null,null,null,null,CL,null,null,null,null,51-83-2,null,null,null,0,4,null,null,null,173032,null,1,1,2025-06-17 15:37:36,null,null,null,null,null,null,null,364790727,activity,null,HTS,null,5.116,1.329,10.018,0.068,null,null,null,null,null,null,null,null,null,null,null,null,null,null,null,null,null,null,null,null,null,278939796
TRND-Glioblastoma_LOPAC_T98G-primary_screen2,NCGC00015059-07,activity,null,4,0,1.596,CN(C)C1=C(Cl)N=C(C(=O)N=C(N)N)C(N)=N1,null,null,null,null,null,A4562,SIGMA,2021_LOPAC_01,null,null,"5-(N,N-Dimethyl)amiloride hydrochloride",null,4,null,null,null,5.578,0,null,null,null,null,null,null,null,null,null,0,null,null,7.174,1.596,18.271,null,null,null,null,null,null,null,null,null,null,RXMUPNVSYKGKMY,null,TRND,YCuDryQBCHFfRiKrdg,null,null,null,null,CL,null,null,null,null,2235-97-4,null,null,null,0,4,null,null,null,173032,null,1,1,2025-06-17 15:37:36,null,null,null,null,null,null,null,364791103,activity,null,HTS,null,3.961,2.035,7.174,1.596,null,null,null,null,null,null,null,null,null,null,null,null,null,null,null,null,null,null,null,null,null,278939797
TRND-Glioblastoma_LOPAC_T98G-primary_screen2,NCGC00016740-39,activity,14.125375,-3,-82.217,-79.138,COC1=CC2=NC(=NC(N)=C2C=C1OC)N3CCN(CC3)C(=O)C4=CC=CO4,null,null,null,null,null,P7791,SIGMA,2021_LOPAC_01,-4.85,null,Prazosin hydrochloride,null,-3,null,null,null,83.239,-80.717,4.504,0.063,0.998,null,null,null,null,null,null,1.5,null,null,4.101,-79.138,-31.681,-37.177,null,null,null,null,null,null,null,null,null,IENZQIKPVFGBNW,null,TRND,yPNlQLUwPglrcCiCgN,null,null,null,null,CL,null,null,null,null,19237-84-4,null,null,null,0,4,0,null,null,173032,0 0 0 0,1,1,2025-06-17 15:37:36,null,null,null,null,null,null,null,364793107,activity,null,HTS,15.738875,4.101,-0.774,-1.316,-79.138,null,null,null,null,null,null,null,null,null,null,null,null,null,null,null,null,null,null,null,null,null,278939798
TRND-Glioblastoma_LOPAC_T98G-primary_screen2,NCGC00015699-06,activity,null,4,-8.819,-6.516,CN1CCC2(CCN3CCC4=C(OC5=C4C=CC=C5)C3C2)N(C)C1=O,null,null,null,null,null,M7065,SIGMA,2021_LOPAC_01,null,null,MK-912,null,4,null,null,null,11.527,-6.819,4.095,0.564,0.736,null,null,null,null,null,null,2,null,null,5.011,-6.516,10.534,4.159,null,null,null,null,null,null,null,null,null,JRDUBBHIPPPSLP,null,TRND,mLEUkhzZfjAHLNfRJQ,null,null,null,null,CL,null,null,null,null,[NO STEREO] 119942-70-0,null,null,null,0,4,0,null,null,173032,0 0 0 0,1,1,2025-06-17 15:37:36,null,null,null,null,null,null,null,364792599,activity,null,HTS,null,5.011,-1.085,1.161,-6.516,null,null,null,null,null,null,null,null,null,null,null,null,null,null,null,null,null,null,null,null,null,278939799
TRND-Glioblastoma_LOPAC_T98G-primary_screen2,NCGC00371013-04,activity,null,4,0,6.582,CCOC(=O)COC1=CC=C2CC[C@@H](CC2=C1)NC[C@H](O)C3=CC(Cl)=CC=C3,null,null,null,null,null,SML1070,SIGMA,2021_LOPAC_01,null,null,SR-58611A,null,4,null,null,null,5.361,0,null,null,null,null,null,null,null,null,null,0,null,null,11.638,6.276,34.152,null,null,null,null,null,null,null,null,null,null,RDJQCOBTKKAQAH,null,TRND,zgYdytvQweQUqcBlwe,null,null,null,null,CL,null,null,null,null,121524-09-2,null,null,null,0,4,null,null,null,173032,null,1,1,2025-06-17 15:37:36,null,null,null,null,null,null,null,364792139,activity,null,HTS,null,6.276,7.349,11.638,6.582,null,null,null,null,null,null,null,null,null,null,null,null,null,null,null,null,null,null,null,null,null,278939800
TRND-Glioblastoma_LOPAC_T98G-primary_screen2,NCGC00015909-17,activity,null,4,0,1.659,COC1=CC=C(C=C1)C2=NN(CCCC(O)=O)[C+](N)C=C2,null,null,null,null,null,S106,SIGMA,2021_LOPAC_01,null,null,SR-95531,null,4,null,null,null,8.769,0,null,null,null,null,null,null,null,null,null,0,null,null,4.228,-4.542,9.439,null,null,null,null,null,null,null,null,null,null,ACVGNKYJVGNLIL,null,TRND,OmDOZlZATuwaLcDtsv,null,null,null,null,BR,null,null,null,null,104104-50-9,null,null,null,0,4,null,null,null,173032,null,1,1,2025-06-17 15:37:36,null,null,null,null,null,null,null,364792787,activity,null,HTS,null,4.228,0.015,-4.542,1.659,null,null,null,null,null,null,null,null,null,null,null,null,null,null,null,null,null,null,null,null,null,278939801
TRND-Glioblastoma_LOPAC_T98G-primary_screen2,NCGC00263221-10,activity,null,4,-18.197,7.521,CCOC(=O)[C@@H](N)CCC(=O)N[C@@H](CSCC1=CC=CC=C1)C(=O)N[C@@H](C(=O)OCC)C2=CC=CC=C2,null,null,null,null,null,SML1081,SIGMA,2021_LOPAC_01,null,null,Ezatiostat,null,4,null,null,null,17.316,-6.197,3.192,1,1,null,null,null,null,null,null,12,null,null,11.735,-5.581,32.116,32.393,null,null,null,null,null,null,null,null,null,GWEJFLVSOGNLSS,null,TRND,IsYlxXLsPOViPRDOBj,null,Glutathione-S-transferase P inhibitor,null,null,null,null,null,null,null,168682-53-9,GSTP1,null,null,0,4,1,null,null,173032,0 0 0 1,1,1,2025-06-17 15:37:36,null,null,null,null,null,null,null,364790479,activity,null,HTS,null,11.735,9.138,-5.581,7.521,null,null,null,null,null,null,null,null,null,null,null,null,null,null,null,null,null,null,null,null,null,278939802
TRND-Glioblastoma_LOPAC_T98G-primary_screen2,NCGC00016042-13,activity,null,4,-14.852,-12.376,COC1=CC=C(C=C(C#N)C#N)C=C1,null,null,null,null,null,T7040,SIGMA,2021_LOPAC_01,null,null,Tyrphostin 1,null,4,null,null,null,16.845,-15.352,4.955,0.565,0.732,null,null,null,null,null,null,-0.5,null,null,4.469,-12.376,-14.656,-8.623,null,null,null,null,null,null,null,null,null,UOHFCPXBKJPCAD,null,TRND,xMktTuIBPyFpUzarnl,null,null,null,null,null,null,null,null,null,null,null,null,null,0,4,0,null,null,173032,0 0 0 0,1,1,2025-06-17 15:37:36,null,null,null,null,null,null,null,364792275,activity,null,HTS,null,-3.347,-2.842,4.469,-12.376,null,null,null,null,null,null,null,null,null,null,null,null,null,null,null,null,null,null,null,null,null,278939803
TRND-Glioblastoma_LOPAC_T98G-primary_screen2,NCGC00015283-11,activity,null,4,-11.615,-6.763,OC1=C(O)C=CC=C1,null,null,null,null,null,C9510,SIGMA,2021_LOPAC_01,null,null,Pyrocatechol,null,4,null,null,null,12.73,-6.615,4.449,0.179,0.98,null,null,null,null,null,null,5,null,null,5.967,-6.763,8,10.399,null,null,null,null,null,null,null,null,null,YCIMNLLNPGFGHC,null,TRND,aLALYlvrATeCqVHtVj,null,null,null,null,null,null,null,null,null,120-80-9,null,null,null,0,4,0,null,null,173032,0 0 0 0,1,1,2025-06-17 15:37:36,null,null,null,null,null,null,null,364792759,activity,null,HTS,null,3.859,5.967,-4.753,-6.763,null,null,null,null,null,null,null,null,null,null,null,null,null,null,null,null,null,null,null,null,null,278939804
TRND-Glioblastoma_LOPAC_T98G-primary_screen2,NCGC00015562-42,activity,null,4,-29.732,-22.042,COC1=CC2=C(C=C1)N(C(=O)C3=CC=C(Cl)C=C3)C(C)=C2CC(O)=O,null,null,null,null,null,I7378,SIGMA,2021_LOPAC_01,null,null,Indomethacin,null,4,null,null,null,21.86,-30.451,1,0.147,0.986,null,null,null,null,null,null,-0.719,null,null,-0.182,-22.042,-21.815,-24.339,null,null,null,null,null,null,null,null,null,CGIGDMFJXJATDK,null,TRND,NWgEoYDdenVKuYMgUV,null,null,null,null,null,null,null,null,null,53-86-1,null,null,null,0,4,0,null,null,173032,0 0 0 0,1,1,2025-06-17 15:37:36,null,null,null,null,null,null,null,364793739,activity,null,HTS,null,-0.182,-4.515,-9.392,-22.042,null,null,null,null,null,null,null,null,null,null,null,null,null,null,null,null,null,null,null,null,null,278939805
TRND-Glioblastoma_LOPAC_T98G-primary_screen2,NCGC00014995-16,activity,null,4,0,-3.548,OC(=O)C1=CC2=C(N1)C=CC(F)=C2,null,null,null,null,null,265128,SIGMA,2021_LOPAC_01,null,null,5-Fluoroindole-2-carboxylic acid,null,4,null,null,null,7.592,0,null,null,null,null,null,null,null,null,null,0,null,null,4.044,-3.548,11.145,null,null,null,null,null,null,null,null,null,null,WTXBRZCVLDTWLP,null,TRND,WKFBSNwXGIFpPnYPzk,null,null,null,null,null,null,null,null,null,null,null,null,null,0,4,null,null,null,173032,null,1,1,2025-06-17 15:37:36,null,null,null,null,null,null,null,364795003,activity,null,HTS,null,4.044,1.543,1.013,-3.548,null,null,null,null,null,null,null,null,null,null,null,null,null,null,null,null,null,null,null,null,null,278939806
TRND-Glioblastoma_LOPAC_T98G-primary_screen2,NCGC00015065-10,activity,null,4,10.698,9.766,NC(CCCP(O)(O)=O)C(O)=O,null,null,null,null,null,A5282,SIGMA,2021_LOPAC_01,null,null,(±)-2-Amino-5-phosphonopentanoic acid,null,4,null,null,null,12.848,10,4.955,0.408,0.882,null,null,null,null,null,null,-0.698,null,null,9.766,-3.082,13.683,8.375,null,null,null,null,null,null,null,null,null,VOROEQBFPPIACJ,null,TRND,fVOEOsOZJPhjwLUaXI,null,null,null,null,null,null,null,null,null,76326-31-3,null,null,null,0,4,0,null,null,173032,0 0 0 0,1,1,2025-06-17 15:37:36,null,null,null,null,null,null,null,364791119,activity,null,HTS,null,1.859,-3.082,7.927,9.766,null,null,null,null,null,null,null,null,null,null,null,null,null,null,null,null,null,null,null,null,null,278939807
TRND-Glioblastoma_LOPAC_T98G-primary_screen2,NCGC00015437-32,activity,null,4,-16.534,-5.445,CC(C)OC(=O)C(C)(C)OC1=CC=C(C=C1)C(=O)C2=CC=C(Cl)C=C2,null,null,null,null,null,F6020,SIGMA,2021_LOPAC_01,null,null,Fenofibrate,null,4,null,null,null,13.433,-8.534,1.111,0.095,0.994,null,null,null,null,null,null,8,null,null,7.988,-5.445,24.438,23.514,null,null,null,null,null,null,null,null,null,YMTINGFKWWXKFG,null,TRND,cqMoWNQGwNcAKNlsjJ,null,Peroxisome proliferator-activated receptor alpha agonist,null,null,null,null,null,null,null,49562-28-9,PPARA,null,null,0,4,0,null,null,173032,0 0 0 0,1,1,2025-06-17 15:37:36,null,null,null,null,null,null,null,364790771,activity,null,HTS,null,7.988,5.763,1.581,-5.445,null,null,null,null,null,null,null,null,null,null,null,null,null,null,null,null,null,null,null,null,null,278939808
TRND-Glioblastoma_LOPAC_T98G-primary_screen2,NCGC00015438-19,activity,null,4,-8.51,-2.508,O=C1NCC2(CCN(CCC3=CC=CC=C3)CC2)O1,null,null,null,null,null,F6145,SIGMA,2021_LOPAC_01,null,null,Fenspiride hydrochloride,null,4,null,null,null,10.553,-4.01,4.955,0.612,0.668,null,null,null,null,null,null,4.5,null,null,8.045,-2.508,13.114,17.551,null,null,null,null,null,null,null,null,null,FVNFBBAOMBJTST,null,TRND,FhkwvXzxRkRpNAWTDj,null,null,null,null,CL,null,null,null,null,1151830,null,null,null,0,4,0,null,null,173032,0 0 0 0,1,1,2025-06-17 15:37:36,null,null,null,null,null,null,null,364791411,activity,null,HTS,null,2.366,3.207,8.045,-2.508,null,null,null,null,null,null,null,null,null,null,null,null,null,null,null,null,null,null,null,null,null,278939809
TRND-Glioblastoma_LOPAC_T98G-primary_screen2,NCGC00016984-11,activity,null,4,0,13.97,CCC(=O)OCC(=O)[C@@]1(OC(=O)CC)[C@H](C)C[C@@H]2[C@@H]3[C@H](Cl)CC4=CC(=O)C=C[C@@]4(C)[C@H]3[C@@H](O)C[C@@]12C,null,null,null,null,null,SML1480,SIGMA,2021_LOPAC_01,null,null,Alclometasone dipropionate,null,4,null,null,null,4.852,0,null,null,null,null,null,null,null,null,null,0,null,null,14.774,9.922,64.219,null,null,null,null,null,null,null,null,null,null,DJHCCTTVDRAMEH,null,TRND,jwRyDLtZMPcCyYMzbU,null,null,null,null,null,null,null,null,null,[NO STEREO] 66734-13-2,null,null,null,0,4,null,null,null,173032,null,1,1,2025-06-17 15:37:36,null,null,null,null,null,null,null,364794395,activity,null,HTS,null,14.274,14.774,9.922,13.97,null,null,null,null,null,null,null,null,null,null,null,null,null,null,null,null,null,null,null,null,null,278939810
TRND-Glioblastoma_LOPAC_T98G-primary_screen2,NCGC00090726-32,activity,null,4,-9.399,-1.999,NC(=O)C1=NN(C=N1)[C@@H]2O[C@H](CO)[C@@H](O)[C@H]2O,null,null,null,null,null,R9644,SIGMA,2021_LOPAC_01,null,null,Ribavirin,null,4,null,null,null,11.447,-3.399,4.504,0.618,0.657,null,null,null,null,null,null,6,null,null,9.448,-1.999,16.414,23.933,null,null,null,null,null,null,null,null,null,IWUCXVSUMQZMFG,null,TRND,ZbTPVEYwgPfVzuIrmq,null,Inosine 5'-Monophosphate Dehydrogenase inhibitor,null,null,null,null,null,null,null,36791-04-5,IMPDH2,null,null,0,4,0,null,null,173032,0 0 0 0,1,1,2025-06-17 15:37:36,null,null,null,null,null,null,null,364791851,activity,null,HTS,null,2.275,9.448,6.506,-1.999,null,null,null,null,null,null,null,null,null,null,null,null,null,null,null,null,null,null,null,null,null,278939811
TRND-Glioblastoma_LOPAC_T98G-primary_screen2,NCGC00179034-30,activity,1.778279,-1.2,-42.685,-34.738,NC(=N)c1ccc(OCCCCCOc2ccc(cc2)C(N)=N)cc1,null,null,null,null,null,P0547,SIGMA,2021_LOPAC_01,-5.75,null,Pentamidine isethionate,null,-1.2,null,null,null,41.831,-34.685,2.333,0.024,1,null,null,null,null,null,null,8,null,null,7.094,-34.738,-25.492,-24.815,null,null,null,null,null,null,null,null,null,XDRYMKDFEDOLFX,null,TRND,rhpqoyEAsANQTgScel,null,Protein Tyrosine Phosphatase Type IVA inhibitor,null,null,ISETHIONATE,null,null,null,null,null,PTP4A3,null,null,0,4,0,null,null,173032,0 0 0 0,1,1,2025-06-17 15:37:36,null,null,null,null,null,null,null,364793475,activity,null,HTS,null,7.094,-6.17,-32.326,-34.738,null,null,null,null,null,null,null,null,null,null,null,null,null,null,null,null,null,null,null,null,null,278939812
TRND-Glioblastoma_LOPAC_T98G-primary_screen2,NCGC00346647-16,activity,null,4,-29.632,-18.443,CNC(=O)C1=C(F)C=CC=C1NC2=C3C=CNC3=NC(NC4=C(OC)C=C5CCN(C(=O)CN(C)C)C5=C4)=N2,null,null,null,null,null,SML0995,SIGMA,2021_LOPAC_01,null,null,GSK1838705A,null,4,null,null,null,25.239,-22.632,1.644,0.023,1,null,null,null,null,null,null,7,null,null,6.796,-18.443,11.916,12.584,null,null,null,null,null,null,null,null,null,HZTYDQRUAWIZRE,null,TRND,ruVsadMOmKcVneJjFk,null,Insulin-like growth factor 1 receptor inhibitor,null,null,null,null,null,null,null,null,IGF1R,null,null,0,4,0,null,null,173032,0 0 0 0,1,1,2025-06-17 15:37:36,null,null,null,null,null,null,null,364790555,activity,null,HTS,null,6.796,5.813,-1.876,-18.443,null,null,null,null,null,null,null,null,null,null,null,null,null,null,null,null,null,null,null,null,null,278939813
TRND-Glioblastoma_LOPAC_T98G-primary_screen2,NCGC00093700-09,activity,1.995262,-1.4,-59.43,-55.35,O=C1NC(=O)C2=C1C=C(NC3=CC=CC=C3)C(NC4=CC=CC=C4)=C2,null,null,null,null,null,D3943,SIGMA,2021_LOPAC_01,-5.7,null,DAPH,null,-1.2,null,null,null,64.503,-59.43,4.955,0.137,0.988,null,null,null,null,null,null,0,null,null,0.679,-63.824,-77.042,-77.612,null,null,null,null,null,null,null,null,null,AAALVYBICLMAMA,null,TRND,lmSvEMErSEzAuiKhYg,null,null,null,null,null,null,null,null,null,145915-58-8,null,null,null,0,4,0,null,null,173032,0 0 0 0,1,1,2025-06-17 15:37:36,null,null,null,null,null,null,null,364795243,activity,null,HTS,2.793907,0.679,-7.44,-63.824,-55.35,null,null,null,null,null,null,null,null,null,null,null,null,null,null,null,null,null,null,null,null,null,278939814
TRND-Glioblastoma_LOPAC_T98G-primary_screen2,NCGC00015673-30,activity,null,4,16,-2.53,NC1=NC(=CC(N)=[N+]1[O-])N2CCCCC2,null,null,null,null,null,M4145,SIGMA,2021_LOPAC_01,null,null,Minoxidil,null,4,null,null,null,16.596,16,1.862,1,1,null,null,null,null,null,null,0,null,null,14.066,-2.53,21.047,22.155,null,null,null,null,null,null,null,null,null,ZFMITUMMTDLWHR,null,TRND,DJSALAUIcUMXxQgijm,null,null,null,null,null,null,null,null,null,38304-91-5,null,null,null,0,4,1,null,null,173032,0 0 0 1,1,1,2025-06-17 15:37:36,null,null,null,null,null,null,null,364794451,activity,null,HTS,null,0.29,4.309,14.066,-2.53,null,null,null,null,null,null,null,null,null,null,null,null,null,null,null,null,null,null,null,null,null,278939815
TRND-Glioblastoma_LOPAC_T98G-primary_screen2,NCGC00015243-25,activity,null,4,-14.514,-12.929,ClC1=CC=C(CN2C(CN3CCCC3)=NC4=C2C=CC=C4)C=C1,null,null,null,null,null,C5040,SIGMA,2021_LOPAC_01,null,null,Clemizole hydrochloride,null,4,null,null,null,14.929,-14.014,4.955,0.36,0.911,null,null,null,null,null,null,0.5,null,null,2.001,-12.929,-11.383,-4.766,null,null,null,null,null,null,null,null,null,CJXAEXPPLWQRFR,null,TRND,czckYpniTNGlTQJhxu,null,Histamine H1 Receptor antagonist,null,null,CL,null,null,null,null,1163-36-6,HRH1,null,null,0,4,0,null,null,173032,0 0 0 0,1,1,2025-06-17 15:37:36,null,null,null,null,null,null,null,364793299,activity,null,HTS,null,-2.561,2.001,1.604,-12.929,null,null,null,null,null,null,null,null,null,null,null,null,null,null,null,null,null,null,null,null,null,278939816
TRND-Glioblastoma_LOPAC_T98G-primary_screen2,NCGC00159521-19,activity,null,4,0,1.252,OC(CN1C=CN=C1)(P(O)(O)=O)P(O)(O)=O,null,null,null,null,null,SML0223,SIGMA,2021_LOPAC_01,null,null,Zoledronic acid monohydrate,null,4,null,null,null,7.503,0,null,null,null,null,null,null,null,null,null,0,null,null,5.329,-2.174,2.031,null,null,null,null,null,null,null,null,null,null,XRASPMIURGNCCH,null,TRND,wklUbQUbooMhBYhCtK,null,Farnesyl Pyrophosphate Synthase inhibitor,null,null,H2O,null,null,null,null,118072-93-8,FDPS,null,null,0,4,null,null,null,173032,null,1,1,2025-06-17 15:37:36,null,null,null,null,null,null,null,364791239,activity,null,HTS,null,-0.3,-2.174,5.329,1.252,null,null,null,null,null,null,null,null,null,null,null,null,null,null,null,null,null,null,null,null,null,278939817
TRND-Glioblastoma_LOPAC_T98G-primary_screen2,NCGC00162117-06,activity,null,4,0,-5.274,[H][C@]12SCC(COC(C)=O)=C(N1C(=O)[C@H]2NC(=O)CCC[C@@H](N)C([O-])=O)C([O-])=O,null,null,null,null,null,C3270,SIGMA,2021_LOPAC_01,null,null,Cephalosporin C zinc salt,null,4,null,null,null,9.972,0,null,null,null,null,null,null,null,null,null,0,null,null,4.698,-5.274,10.305,null,null,null,null,null,null,null,null,null,null,HOKIDJSKDBPKTQ,null,TRND,unlQsNLqYTehcSMZzf,null,null,null,null,null,null,null,null,null,null,null,null,null,0,4,null,null,null,173032,null,1,1,2025-06-17 15:37:36,null,null,null,null,null,null,null,364793411,activity,null,HTS,null,4.698,0.945,-0.887,-5.274,null,null,null,null,null,null,null,null,null,null,null,null,null,null,null,null,null,null,null,null,null,278939818
TRND-Glioblastoma_LOPAC_T98G-primary_screen2,NCGC00025226-11,activity,null,4,-29.441,-12.867,C[C@@H](CN1CCC(CC2=CC=CC=C2)CC1)[C@@H](O)C3=CC=C(O)C=C3,null,null,null,null,null,R7150,SIGMA,2021_LOPAC_01,null,null,Ro 25-6981 hydrochloride,null,4,null,null,null,20.381,-17.441,0.6,0.315,0.934,null,null,null,null,null,null,12,null,null,7.514,-12.867,11.816,10.271,null,null,null,null,null,null,null,null,null,WVZSEUPGUDIELE,null,TRND,KQSaUiSuNhQpmgNlJq,null,null,null,null,CL,null,null,null,null,null,null,null,null,0,4,0,null,null,173032,0 0 0 0,1,1,2025-06-17 15:37:36,null,null,null,null,null,null,null,364793115,activity,null,HTS,null,7.514,-0.491,-2.759,-12.867,null,null,null,null,null,null,null,null,null,null,null,null,null,null,null,null,null,null,null,null,null,278939819
TRND-Glioblastoma_LOPAC_T98G-primary_screen2,NCGC00015849-08,activity,null,4,-17.189,-10.205,[S-]C(=S)N1CCCC1,null,null,null,null,null,P8765,SIGMA,2021_LOPAC_01,null,null,Ammonium pyrrolidinedithiocarbamate,null,4,null,null,null,23.688,-16.689,4.955,0.544,0.757,null,null,null,null,null,null,0.5,null,null,0.614,-23.074,-21.06,-20.098,null,null,null,null,null,null,null,null,null,VSWDORGPIHIGNW,null,TRND,uFQOpjEJWBXrBLaBeO,null,null,null,null,AMMONIA,null,null,null,null,null,null,null,null,0,4,0,null,null,173032,0 0 0 0,1,1,2025-06-17 15:37:36,null,null,null,null,null,null,null,364795039,activity,null,HTS,null,0.614,-1.809,-23.074,-10.205,null,null,null,null,null,null,null,null,null,null,null,null,null,null,null,null,null,null,null,null,null,278939820
TRND-Glioblastoma_LOPAC_T98G-primary_screen2,NCGC00016015-20,activity,null,4,0,-9.679,C\C(=C/C1=CC=C(C=C1)C(O)=O)C2=CC3=C(C=C2)C(C)(C)CCC3(C)C,null,null,null,null,null,T3757,SIGMA,2021_LOPAC_01,null,null,TTNPB,null,4,null,null,null,9.578,0,null,null,null,null,null,null,null,null,null,0,null,null,-9.279,-18.857,-71.151,null,null,null,null,null,null,null,null,null,null,FOIVPCKZDPCJJY,null,TRND,xInIGAkoniJFsoRjRP,null,null,null,null,null,null,null,null,null,71441-28-6,null,null,null,0,4,null,null,null,173032,null,1,1,2025-06-17 15:37:36,null,null,null,null,null,null,null,364794127,activity,null,HTS,null,-18.857,-9.279,-10.363,-9.679,null,null,null,null,null,null,null,null,null,null,null,null,null,null,null,null,null,null,null,null,null,278940331
TRND-Glioblastoma_LOPAC_T98G-primary_screen2,NCGC00015089-36,activity,null,4,-14.226,-6.022,NC(=N)NC(=O)C1=NC(Cl)=C(N)N=C1N,null,null,null,null,null,A7410,SIGMA,2021_LOPAC_01,null,null,Amiloride hydrochloride,null,4,null,null,null,13.095,-6.726,1.372,0.032,0.999,null,null,null,null,null,null,7.5,null,null,7.073,-6.022,18.112,17.937,null,null,null,null,null,null,null,null,null,XSDQTOBWRPYKKA,null,TRND,aRfGtowzbIzUhaQduc,null,Epithelial Sodium Channels (ENaC) Blocker,null,null,CL,null,null,null,null,2016-88-8,SCNN1A,null,null,0,4,0,null,null,173032,0 0 0 0,1,1,2025-06-17 15:37:36,null,null,null,null,null,null,null,364792455,activity,null,HTS,null,7.073,4.637,-2.277,-6.022,null,null,null,null,null,null,null,null,null,null,null,null,null,null,null,null,null,null,null,null,null,278940332
TRND-Glioblastoma_LOPAC_T98G-primary_screen2,NCGC00024499-14,activity,null,4,0,-0.814,N[C@@H](CC(O)=O)C(O)=O,null,null,null,null,null,A9256,SIGMA,2021_LOPAC_01,null,null,L-Aspartic acid,null,4,null,null,null,9.976,0,null,null,null,null,null,null,null,null,null,0,null,null,9.162,-0.814,17.125,null,null,null,null,null,null,null,null,null,null,CKLJMWTZIZZHCS,null,TRND,RXPupIHSYkLWSsCeBd,null,null,null,null,null,null,null,null,null,56-84-8,null,null,null,0,4,null,null,null,173032,null,1,1,2025-06-17 15:37:36,null,null,null,null,null,null,null,364793603,activity,null,HTS,null,3.913,9.162,0.417,-0.814,null,null,null,null,null,null,null,null,null,null,null,null,null,null,null,null,null,null,null,null,null,278940333
TRND-Glioblastoma_LOPAC_T98G-primary_screen2,NCGC00015643-26,activity,null,4,0,-0.929,CCN(CC)CCNC(=O)C1=CC(Cl)=C(N)C=C1OC,null,null,null,null,null,M0763,SIGMA,2021_LOPAC_01,null,null,Metoclopramide hydrochloride,null,4,null,null,null,4.55,0,null,null,null,null,null,null,null,null,null,0,null,null,3.621,-0.929,0.756,null,null,null,null,null,null,null,null,null,null,TTWJBBZEZQICBI,null,TRND,VzeljSKqSToEZPvrCy,null,null,null,null,CL,null,null,null,null,7232-21-5,null,null,null,0,4,null,null,null,173032,null,1,1,2025-06-17 15:37:36,null,null,null,null,null,null,null,364793111,activity,null,HTS,null,-0.252,3.621,-0.841,-0.929,null,null,null,null,null,null,null,null,null,null,null,null,null,null,null,null,null,null,null,null,null,278940334
TRND-Glioblastoma_LOPAC_T98G-primary_screen2,NCGC00015383-18,activity,null,4,-13.771,-0.122,OC[C@H]1NC[C@@H](O)[C@@H](O)[C@@H]1O,null,null,null,null,null,D9305,SIGMA,2021_LOPAC_01,null,null,1-Deoxynojirimycin hydrochloride,null,4,null,null,null,21.329,-5.271,4.955,0.561,0.737,null,null,null,null,null,null,8.5,null,null,10.687,-10.642,17.672,22.978,null,null,null,null,null,null,null,null,null,LXBIFEVIBLOUGU,null,TRND,FJEUNveDLHgJPXNCuF,null,null,null,null,CL,null,null,null,null,73285-50-4,null,null,null,0,4,0,null,null,173032,0 0 0 0,1,1,2025-06-17 15:37:36,null,null,null,null,null,null,null,364792987,activity,null,HTS,null,6.382,10.687,-10.642,-0.122,null,null,null,null,null,null,null,null,null,null,null,null,null,null,null,null,null,null,null,null,null,278940335
TRND-Glioblastoma_LOPAC_T98G-primary_screen2,NCGC00015264-30,activity,null,4,-21.286,-21.488,CN(C)CCCN1C2=C(CCC3=C1C=C(Cl)C=C3)C=CC=C2,null,null,null,null,null,C7291,SIGMA,2021_LOPAC_01,null,null,Clomipramine hydrochloride,null,4,null,null,null,24.006,-23.786,4.095,0.472,0.832,null,null,null,null,null,null,-2.5,null,null,2.518,-21.488,-33.25,-21.88,null,null,null,null,null,null,null,null,null,GDLIGKIOYRNHDA,null,TRND,sZhGnhiQJvYgtflFdc,null,Sodium-dependent Serotonin Transporter inhibitor,null,null,CL,null,null,null,null,17321-77-6,SLC6A4,null,null,0,4,0,null,null,173032,0 0 0 0,1,1,2025-06-17 15:37:36,null,null,null,null,null,null,null,364794627,activity,null,HTS,null,-7.857,2.518,-2.728,-21.488,null,null,null,null,null,null,null,null,null,null,null,null,null,null,null,null,null,null,null,null,null,278940336
TRND-Glioblastoma_LOPAC_T98G-primary_screen2,NCGC00188864-11,activity,null,4,-29.139,-29.283,COC1=CC(=CC=C1OCCCN2CCC(CC2)C3=NOC4=C3C=CC(F)=C4)C(C)=O,null,null,null,null,null,SML1528,SIGMA,2021_LOPAC_01,null,null,Iloperidone,null,4,null,null,null,34.717,-31.139,2.406,0.487,0.818,null,null,null,null,null,null,-2,null,null,5.435,-29.283,-44.511,-29.667,null,null,null,null,null,null,null,null,null,XMXHEBAFVSFQEX,null,TRND,dAioFuuVUcisZBqQir,null,null,null,null,null,null,null,null,null,133454-47-4,null,null,null,0,4,0,null,null,173032,0 0 0 0,1,1,2025-06-17 15:37:36,null,null,null,null,null,null,null,364794343,activity,null,HTS,null,-9.204,5.435,-10.544,-29.283,null,null,null,null,null,null,null,null,null,null,null,null,null,null,null,null,null,null,null,null,null,278940337
TRND-Glioblastoma_LOPAC_T98G-primary_screen2,NCGC00024813-21,activity,null,4,0,-12.032,[H][C@](O)(CNC(C)C)COC1=CC=CC2=CC=CC=C12,null,null,null,null,null,P8688,SIGMA,2021_LOPAC_01,null,null,(S)-Propranolol hydrochloride,null,4,null,null,null,14.213,0,null,null,null,null,null,null,null,null,null,0,null,null,2.181,-12.032,-27.724,null,null,null,null,null,null,null,null,null,null,AQHHHDLHHXJYJD,null,TRND,gkStVHQtOGuEkKBqDA,null,null,null,null,CL,null,null,null,null,13071-11-9,null,null,null,0,4,null,null,null,173032,null,1,1,2025-06-17 15:37:36,null,null,null,null,null,null,null,364794399,activity,null,HTS,null,-7.136,-4.464,2.181,-12.032,null,null,null,null,null,null,null,null,null,null,null,null,null,null,null,null,null,null,null,null,null,278940338
TRND-Glioblastoma_LOPAC_T98G-primary_screen2,NCGC00015889-27,activity,11.220185,-2.4,-32.704,-28.503,OC1=CC=C(C=C1)C2=C(C(=O)C3=CC=C(OCCN4CCCCC4)C=C3)C5=C(S2)C=C(O)C=C5,null,null,null,null,null,R1402,SIGMA,2021_LOPAC_01,-4.95,null,Raloxifene hydrochloride,null,4,null,null,null,32.843,-28.704,4.504,0.024,1,null,null,null,null,null,null,4,null,null,4.34,-28.503,0.439,-0.275,null,null,null,null,null,null,null,null,null,GZUITABIAKMVPG,null,TRND,dCSgDeErRrTUkKoOTL,null,Selective Estrogen Receptor modulator (SERM),null,null,HCL,null,null,null,null,82640-04-8,ESR1,null,null,0,4,0,null,null,173032,0 0 0 0,1,1,2025-06-17 15:37:36,null,null,null,null,null,null,null,364791339,activity,null,HTS,null,4.34,3.621,1.213,-28.503,null,null,null,null,null,null,null,null,null,null,null,null,null,null,null,null,null,null,null,null,null,278940339
TRND-Glioblastoma_LOPAC_T98G-primary_screen2,NCGC00015594-11,activity,null,4,0,7.092,CC(C(O)=O)C1=CC=C(CC2CCCC2=O)C=C1,null,null,null,null,null,L0664,SIGMA,2021_LOPAC_01,null,null,loxoprofen,null,4,null,null,null,4.482,0,null,null,null,null,null,null,null,null,null,0,null,null,8.524,4.042,35.307,null,null,null,null,null,null,null,null,null,null,YMBXTVYHTMGZDW,null,TRND,qRgWRuqtRKjkNLJhyK,null,null,null,null,null,null,null,null,null,68767-14-6,null,null,null,0,4,null,null,null,173032,null,1,1,2025-06-17 15:37:36,null,null,null,null,null,null,null,364792543,activity,null,HTS,null,8.524,7.292,4.042,7.092,null,null,null,null,null,null,null,null,null,null,null,null,null,null,null,null,null,null,null,null,null,278940340
TRND-Glioblastoma_LOPAC_T98G-primary_screen2,NCGC00016112-06,activity,null,4,0,-3.091,NCC(O)C1=CC(O)=C(O)C=C1,null,null,null,null,null,A0937,SIGMA,2021_LOPAC_01,null,null,(±)-Norepinephrine (+)bitartrate,null,4,null,null,null,6.928,0,null,null,null,null,null,null,null,null,null,0,null,null,3.837,-3.091,-5.402,null,null,null,null,null,null,null,null,null,null,SFLSHLFXELFNJZ,null,TRND,UXGDzntYuolcxIikLw,null,null,null,null,TARTRATE,null,null,null,null,[NO STEREO] 51-40-1,null,null,null,0,4,null,null,null,173032,null,1,1,2025-06-17 15:37:36,null,null,null,null,null,null,null,364793595,activity,null,HTS,null,-2.36,0.129,3.837,-3.091,null,null,null,null,null,null,null,null,null,null,null,null,null,null,null,null,null,null,null,null,null,278940341
TRND-Glioblastoma_LOPAC_T98G-primary_screen2,NCGC00016759-40,activity,null,4,-12.931,-8.693,COC1=CC2=CC=C(C=C2C=C1)[C@H](C)C(O)=O,null,null,null,null,null,M1275,SIGMA,2021_LOPAC_01,null,null,(-)-Naproxen sodium,null,4,null,null,null,12.706,-9.431,2.533,0.091,0.995,null,null,null,null,null,null,3.5,null,null,4.014,-8.693,9.201,8.102,null,null,null,null,null,null,null,null,null,CMWTZPSULFXXJA,null,TRND,gPwelLIKApznBImqdp,null,Cyclooxygenase 2(COX2) inhibitor,null,null,SODIUM,null,null,null,null,[NO STEREO] 26159-34-2,PTGS2,null,null,0,4,0,null,null,173032,0 0 0 0,1,1,2025-06-17 15:37:36,null,null,null,null,null,null,null,364795027,activity,null,HTS,null,4.014,2.942,0.825,-8.693,null,null,null,null,null,null,null,null,null,null,null,null,null,null,null,null,null,null,null,null,null,278940342
TRND-Glioblastoma_LOPAC_T98G-primary_screen2,NCGC00016007-15,activity,4.466836,-1.4,-67.832,-69.752,CC(C)(C)C1=CC(=CC(=C1O)C(C)(C)C)\C=C(/C#N)C(N)=S,null,null,null,null,null,T2067,SIGMA,2021_LOPAC_01,-5.35,null,Tyrphostin AG 879,null,-1.2,null,null,null,75.159,-69.332,3.99,0.21,0.972,null,null,null,null,null,null,-1.5,null,null,5.407,-69.752,-98.202,-82.536,null,null,null,null,null,null,null,null,null,XRZYELWZLNAXGE,null,TRND,lhGlDOqSVcEGLTctZI,null,null,null,null,null,null,null,null,null,null,null,null,null,0,4,0,null,null,173032,0 0 0 0,1,1,2025-06-17 15:37:36,null,null,null,null,null,null,null,364794111,activity,null,HTS,5.668044,-9.038,5.407,-57.53,-69.752,null,null,null,null,null,null,null,null,null,null,null,null,null,null,null,null,null,null,null,null,null,278940343
TRND-Glioblastoma_LOPAC_T98G-primary_screen2,NCGC00015701-08,activity,null,4,0,16.506,CC(N)(CC1=CC=C(O)C=C1)C(O)=O,null,null,null,null,null,120693,SIGMA,2021_LOPAC_01,null,null,DL-alpha-Methyl-p-tyrosine,null,4,null,null,null,7.132,0,null,null,null,null,null,null,null,null,null,0,null,null,18.595,11.463,71.995,null,null,null,null,null,null,null,null,null,null,NHTGHBARYWONDQ,null,TRND,rGPLYmGLOIqEREwTfJ,null,null,null,null,null,null,null,null,null,658-48-0,null,null,null,0,4,null,null,null,173032,null,1,1,2025-06-17 15:37:36,null,null,null,null,null,null,null,364790527,activity,null,HTS,null,15.245,18.595,11.463,16.506,null,null,null,null,null,null,null,null,null,null,null,null,null,null,null,null,null,null,null,null,null,278940344
TRND-Glioblastoma_LOPAC_T98G-primary_screen2,NCGC00015910-10,activity,null,4,-21.212,-22.677,OC1=CC2=C(CCNCC2C3=CC=CC=C3)C(Cl)=C1O,null,null,null,null,null,S143,SIGMA,2021_LOPAC_01,null,null,(±)-6-Chloro-PB hydrobromide,null,4,null,null,null,26.435,-25.212,4.955,0.635,0.623,null,null,null,null,null,null,-4,null,null,3.758,-22.677,-48.262,-28.616,null,null,null,null,null,null,null,null,null,GHWJEDJMOVUXEC,null,TRND,aHYnYLxSDgQXsZqWmX,null,null,null,null,BR,null,null,null,null,null,null,null,null,0,4,0,null,null,173032,0 0 0 0,1,1,2025-06-17 15:37:36,null,null,null,null,null,null,null,364793423,activity,null,HTS,null,-12.344,-6.745,3.758,-22.677,null,null,null,null,null,null,null,null,null,null,null,null,null,null,null,null,null,null,null,null,null,278940345
TRND-Glioblastoma_LOPAC_T98G-primary_screen2,NCGC00015573-09,activity,null,4,-9.57,-4.642,OC(=O)C1CCNCC1,null,null,null,null,null,I18008,SIGMA,2021_LOPAC_01,null,null,Isonipecotic acid,null,4,null,null,null,10.708,-6.57,4.955,0.68,0.534,null,null,null,null,null,null,3,null,null,6.067,-4.642,-0.569,10.054,null,null,null,null,null,null,null,null,null,SRJOCJYGOFTFLH,null,TRND,OpBQWQqJLtCEPnFDKN,null,null,null,null,null,null,null,null,null,498-94-2,null,null,null,0,4,0,null,null,173032,0 0 0 0,1,1,2025-06-17 15:37:36,null,null,null,null,null,null,null,364794427,activity,null,HTS,null,-2.071,6.067,4.832,-4.642,null,null,null,null,null,null,null,null,null,null,null,null,null,null,null,null,null,null,null,null,null,278940346
TRND-Glioblastoma_LOPAC_T98G-primary_screen2,NCGC00025206-07,activity,null,4,0,8.585,NC[C@@H]1O[C@@H](CC2=C1C=CC(O)=C2O)C3=CC=CC=C3,null,null,null,null,null,A8852,SIGMA,2021_LOPAC_01,null,null,A-68930 hydrochloride,null,4,null,null,null,9.24,0,null,null,null,null,null,null,null,null,null,0,null,null,13.752,4.512,33.055,null,null,null,null,null,null,null,null,null,null,SUHGRZPINGKYNV,null,TRND,ctFDxOcoqzmgOejXNY,null,null,null,null,CL,null,null,null,null,null,null,null,null,0,4,null,null,null,173032,null,1,1,2025-06-17 15:37:36,null,null,null,null,null,null,null,364792827,activity,null,HTS,null,5.685,13.752,4.512,8.585,null,null,null,null,null,null,null,null,null,null,null,null,null,null,null,null,null,null,null,null,null,278940347
TRND-Glioblastoma_LOPAC_T98G-primary_screen2,NCGC00091250-26,activity,null,4,-10.815,-9.846,CO[C@H]1[C@@H](C[C@@H]2CN3CCC4=C(NC5=CC(OC)=CC=C45)[C@H]3C[C@@H]2[C@@H]1C(=O)OC)OC(=O)C6=CC(OC)=C(OC)C(OC)=C6,null,null,null,null,null,R0875,SIGMA,2021_LOPAC_01,null,null,Reserpine,null,4,null,null,null,13.183,-10.315,2.333,0.496,0.811,null,null,null,null,null,null,0.5,null,null,3.337,-9.846,-12.538,-6.87,null,null,null,null,null,null,null,null,null,QEVHRUUCFGRFIF,null,TRND,NLXmFnRVAJNgrotvQb,null,Synaptic vesicular amine transporter inhibitor,null,null,null,null,null,null,null,50-55-5,SLC18A2,null,null,0,4,0,null,null,173032,0 0 0 0,1,1,2025-06-17 15:37:36,null,null,null,null,null,null,null,364794875,activity,null,HTS,null,-2.3,3.337,-4.736,-9.846,null,null,null,null,null,null,null,null,null,null,null,null,null,null,null,null,null,null,null,null,null,278940348
TRND-Glioblastoma_LOPAC_T98G-primary_screen2,NCGC00095109-22,activity,null,4,-13.37,1.514,COC1=CC=C(C=C1)C(CN(C)C)C2(O)CCCCC2,null,null,null,null,null,V7264,SIGMA,2021_LOPAC_01,null,null,Venlafaxine hydrochloride,null,4,null,null,null,12.821,-7.37,4.504,1,1,null,null,null,null,null,null,6,null,null,5.846,-6.975,11.582,11.698,null,null,null,null,null,null,null,null,null,PNVNVHUZROJLTJ,null,TRND,uZbsfsyHZCuRlbvzrp,null,null,null,null,CL,null,null,null,null,93413-69-5,null,null,null,0,4,1,null,null,173032,0 0 0 1,1,1,2025-06-17 15:37:36,null,null,null,null,null,null,null,364793067,activity,null,HTS,null,5.846,5.584,-6.975,1.514,null,null,null,null,null,null,null,null,null,null,null,null,null,null,null,null,null,null,null,null,null,278940349
TRND-Glioblastoma_LOPAC_T98G-primary_screen2,NCGC00015547-06,activity,null,4,0,-1.949,O=C1CCC(=NN1)C2=CC=C(C=C2)N3C=CN=C3,null,null,null,null,null,I0782,SIGMA,2021_LOPAC_01,null,null,Imazodan,null,4,null,null,null,6.349,0,null,null,null,null,null,null,null,null,null,0,null,null,4.4,-1.949,10.878,null,null,null,null,null,null,null,null,null,null,VXMYWVMXSWJFCV,null,TRND,HuEZTUdtsKCoeQulXm,null,null,null,null,null,null,null,null,null,84243-58-3,null,null,null,0,4,null,null,null,173032,null,1,1,2025-06-17 15:37:36,null,null,null,null,null,null,null,364795303,activity,null,HTS,null,2.864,1.254,4.4,-1.949,null,null,null,null,null,null,null,null,null,null,null,null,null,null,null,null,null,null,null,null,null,278940350
TRND-Glioblastoma_LOPAC_T98G-primary_screen2,NCGC00015857-20,activity,null,4,0,2.398,C(N1CCN(CC1)C2=NC=CC=N2)C3=CC4=C(OCO4)C=C3,null,null,null,null,null,P9233,SIGMA,2021_LOPAC_01,null,null,Piribedil maleate,null,4,null,null,null,5.835,0,null,null,null,null,null,null,null,null,null,0,null,null,8.233,2.398,27.334,null,null,null,null,null,null,null,null,null,null,OQDPVLVUJFGPGQ,null,TRND,tcSPEiiFHMdCvjeYpU,null,null,null,null,MALEATE,null,null,null,null,null,null,null,null,0,4,null,null,null,173032,null,1,1,2025-06-17 15:37:36,null,null,null,null,null,null,null,364790595,activity,null,HTS,null,5.781,6.113,8.233,2.398,null,null,null,null,null,null,null,null,null,null,null,null,null,null,null,null,null,null,null,null,null,278940351
TRND-Glioblastoma_LOPAC_T98G-primary_screen2,NCGC00015122-28,activity,null,4,0,10.121,CC(NC(C)(C)C)C(=O)C1=CC=CC(Cl)=C1,null,null,null,null,null,B102,SIGMA,2021_LOPAC_01,null,null,Bupropion hydrochloride,null,4,null,null,null,6.782,0,null,null,null,null,null,null,null,null,null,0,null,null,10.599,3.817,27.728,null,null,null,null,null,null,null,null,null,null,SNPPWIUOZRMYNY,null,TRND,VSqhrLIzJThSHzxteK,null,Sodium-dependent Dopamine Transporter inhibitor,null,null,CL,null,null,null,null,31677-93-7,SLC6A3,null,null,0,4,null,null,null,173032,null,1,1,2025-06-17 15:37:36,null,null,null,null,null,null,null,364790767,activity,null,HTS,null,3.817,6.3,10.599,10.121,null,null,null,null,null,null,null,null,null,null,null,null,null,null,null,null,null,null,null,null,null,278940352
TRND-Glioblastoma_LOPAC_T98G-primary_screen2,NCGC00015754-23,activity,null,4,-13.367,-2.806,CC1(C)NC(=O)N(C1=O)C2=CC(=C(C=C2)[N+]([O-])=O)C(F)(F)F,null,null,null,null,null,N8534,SIGMA,2021_LOPAC_01,null,null,Nilutamide,null,4,null,null,null,14.242,-4.367,4.955,0.357,0.913,null,null,null,null,null,null,9,null,null,11.436,-2.806,32.36,36.103,null,null,null,null,null,null,null,null,null,XWXYUMMDTVBTOU,null,TRND,wXJqUfaXntiDyOxrTg,null,Androgen Receptor antagonist,null,null,null,null,null,null,null,63612-50-0,AR,null,null,0,4,0,null,null,173032,0 0 0 0,1,1,2025-06-17 15:37:36,null,null,null,null,null,null,null,364795451,activity,null,HTS,null,7.278,8.07,11.436,-2.806,null,null,null,null,null,null,null,null,null,null,null,null,null,null,null,null,null,null,null,null,null,278940353
TRND-Glioblastoma_LOPAC_T98G-primary_screen2,NCGC00013043-15,activity,3.548134,-2.2,-55.479,-47.203,C1=CC2=CC=C3C=CC=NC3=C2N=C1,null,null,null,null,null,P9375,SIGMA,2021_LOPAC_01,-5.45,null,"1,10-Phenanthroline monohydrate",null,-2.2,null,null,null,54.046,-47.979,1.928,0.016,1,null,null,null,null,null,null,7.5,null,null,6.843,-47.203,-29.859,-29.594,null,null,null,null,null,null,null,null,null,DGEZNRSVGBDHLK,null,TRND,fsUEOQeJdBcbMbMTHA,null,null,null,null,H2O,null,null,null,null,66-71-7,null,null,null,0,4,0,null,null,173032,0 0 0 0,1,1,2025-06-17 15:37:36,null,null,null,null,null,null,null,364791875,activity,null,HTS,null,6.843,0.551,-34.922,-47.203,null,null,null,null,null,null,null,null,null,null,null,null,null,null,null,null,null,null,null,null,null,278940354
TRND-Glioblastoma_LOPAC_T98G-primary_screen2,NCGC00015693-31,activity,2.511886,-1.1,-84.014,-86.774,OCCNCCNC1=CC=C(NCCNCCO)C2=C1C(=O)C3=C(C2=O)C(O)=CC=C3O,null,null,null,null,null,M6545,SIGMA,2021_LOPAC_01,-5.6,null,Mitoxantrone,null,-1.1,null,null,null,77.177,-89.031,1.344,0.021,1,null,null,null,null,null,null,-5.017,null,null,-9.597,-86.774,-142.352,-141.145,null,null,null,null,null,null,null,null,null,KKZJGLLVHKMTCM,null,TRND,uzMeEvvOeMGvMSjLxH,null,DNA Topoisomerase II inhibitor,null,null,HCL,null,null,null,null,70476-82-3,TOP2A,null,null,0,4,0,null,null,173032,0 0 0 0,1,1,2025-06-17 15:37:36,null,null,null,null,null,null,null,364793859,activity,null,HTS,3.020059,-9.597,-29.558,-70.708,-86.774,null,null,null,null,null,null,null,null,null,null,null,null,null,null,null,null,null,null,null,null,null,278940355
TRND-Glioblastoma_LOPAC_T98G-primary_screen2,NCGC00015844-13,activity,null,4,-15.032,-0.443,CC1=C2NC(C=C3N=C(C=C4NC(=CC5=NC(=C2)C(C=C)=C5C)C(C=C)=C4C)C(C)=C3CCC([O-])=O)=C1CCC([O-])=O,null,null,null,null,null,P8293,SIGMA,2021_LOPAC_01,null,null,Protoporphyrin Ix disodium,null,4,null,null,null,14.901,-0.532,2.248,0.03,0.999,null,null,null,null,null,null,14.5,null,null,14.458,-0.443,49.037,49.23,null,null,null,null,null,null,null,null,null,KSFOVUSSGSKXFI,null,TRND,QbKJoiDfObhCmTvxUe,null,null,null,null,null,null,null,null,null,[NO STEREO] 553-12-8,null,null,null,0,4,0,null,null,173032,0 0 0 0,1,1,2025-06-17 15:37:36,null,null,null,null,null,null,null,364791203,activity,null,HTS,null,14.458,11.967,1.122,-0.443,null,null,null,null,null,null,null,null,null,null,null,null,null,null,null,null,null,null,null,null,null,278940356
TRND-Glioblastoma_LOPAC_T98G-primary_screen2,NCGC00024504-21,activity,null,4,-11.037,-5.448,CC(=C)[C@H]1CN[C@@H]([C@H]1CC(O)=O)C(O)=O,null,null,null,null,null,K0250,SIGMA,2021_LOPAC_01,null,null,Kainic acid,null,4,null,null,null,11.57,-7.037,4.504,0.415,0.878,null,null,null,null,null,null,4,null,null,6.122,-5.448,9.53,13.792,null,null,null,null,null,null,null,null,null,VLSMHEGGTFMBBZ,null,TRND,hUnByoMpDivMaLuTXb,null,null,null,null,H2O,null,null,null,null,487-79-6,null,null,null,0,4,0,null,null,173032,0 0 0 0,1,1,2025-06-17 15:37:36,null,null,null,null,null,null,null,364791247,activity,null,HTS,null,1.786,6.122,4.519,-5.448,null,null,null,null,null,null,null,null,null,null,null,null,null,null,null,null,null,null,null,null,null,278940357
TRND-Glioblastoma_LOPAC_T98G-primary_screen2,NCGC00015542-20,activity,null,4,-12.318,-5.889,CC(C)C(=O)C1=C2C=CC=CN2N=C1C(C)C,null,null,null,null,null,I0157,SIGMA,2021_LOPAC_01,null,null,Ibudilast,null,4,null,null,null,13.619,-7.318,4.095,0.226,0.967,null,null,null,null,null,null,5,null,null,5.02,-8.599,5.36,5.584,null,null,null,null,null,null,null,null,null,ZJVFLBOZORBYFE,null,TRND,GWGIEVoTnGieHEbRdk,null,null,null,null,null,null,null,null,null,50847-11-5,null,null,null,0,4,0,null,null,173032,0 0 0 0,1,1,2025-06-17 15:37:36,null,null,null,null,null,null,null,364792747,activity,null,HTS,null,5.02,0.768,-8.599,-5.889,null,null,null,null,null,null,null,null,null,null,null,null,null,null,null,null,null,null,null,null,null,278940358
TRND-Glioblastoma_LOPAC_T98G-primary_screen2,NCGC00015410-17,activity,null,4,0,-0.816,CCC1(CC2=C(O1)C=CC=C2)C3=NCCN3,null,null,null,null,null,E3263,SIGMA,2021_LOPAC_01,null,null,Efaroxan hydrochloride,null,4,null,null,null,7.61,0,null,null,null,null,null,null,null,null,null,0,null,null,5.782,-1.828,14.039,null,null,null,null,null,null,null,null,null,null,RATZLMXRALDSJW,null,TRND,ONWpHWxsBJpIXvLcxD,null,null,null,null,CL,null,null,null,null,null,null,null,null,0,4,null,null,null,173032,null,1,1,2025-06-17 15:37:36,null,null,null,null,null,null,null,364793407,activity,null,HTS,null,4.217,-1.828,5.782,-0.816,null,null,null,null,null,null,null,null,null,null,null,null,null,null,null,null,null,null,null,null,null,278940359
TRND-Glioblastoma_LOPAC_T98G-primary_screen2,NCGC00015652-08,activity,11.220185,-3,-40.962,-39.879,CCCOC(=O)C1=C(N=C(CC)C(C(=O)SCC)=C1CCC)C2=CC=CC=C2,null,null,null,null,null,M1809,SIGMA,2021_LOPAC_01,-4.95,null,MRS 1523,null,-3,null,null,null,45.051,-39.962,4.955,0.198,0.975,null,null,null,null,null,null,1,null,null,5.172,-39.879,-25.981,-18.76,null,null,null,null,null,null,null,null,null,UUSHFEVEROROSP,null,TRND,INMcBfCzvGoJCNxIaV,null,null,null,null,null,null,null,null,null,null,null,null,null,0,4,0,null,null,173032,0 0 0 0,1,1,2025-06-17 15:37:36,null,null,null,null,null,null,null,364794403,activity,null,HTS,null,-2.69,5.172,-1.669,-39.879,null,null,null,null,null,null,null,null,null,null,null,null,null,null,null,null,null,null,null,null,null,278940360
TRND-Glioblastoma_LOPAC_T98G-primary_screen2,NCGC00015669-14,activity,null,4,-6.347,0.955,CN(CCCOC1=C(Cl)C=C(Cl)C=C1)CC#C,null,null,null,null,null,M3778,SIGMA,2021_LOPAC_01,null,null,Clorgyline hydrochloride,null,4,null,null,null,11.573,-1.347,4.955,0.665,0.568,null,null,null,null,null,null,5,null,null,7.95,-3.623,8.898,15.767,null,null,null,null,null,null,null,null,null,BTFHLQRNAMSNLC,null,TRND,rsSNSXWlQtRnYoeroy,null,null,null,null,CL,null,null,null,null,17780-75-5,null,null,null,0,4,0,null,null,173032,0 0 0 0,1,1,2025-06-17 15:37:36,null,null,null,null,null,null,null,364791895,activity,null,HTS,null,1.936,7.95,-3.623,0.955,null,null,null,null,null,null,null,null,null,null,null,null,null,null,null,null,null,null,null,null,null,278940361
TRND-Glioblastoma_LOPAC_T98G-primary_screen2,NCGC00018185-30,activity,null,4,-11.427,-6.606,COC1=CC=C(\C=C\C(=O)NC2=CC=CC=C2C(O)=O)C=C1OC,null,null,null,null,null,T0318,SIGMA,2021_LOPAC_01,null,null,Tranilast,null,4,null,null,null,12.433,-7.927,4.955,0.411,0.88,null,null,null,null,null,null,3.5,null,null,5.827,-6.606,8.318,11.156,null,null,null,null,null,null,null,null,null,NZHGWWWHIYHZNX,null,TRND,yeQgSvznaYRkOtXEkU,null,Interleukin-10 Production Enhancer,null,null,null,null,null,null,null,53902-12-8,IL10,null,null,0,4,0,null,null,173032,0 0 0 0,1,1,2025-06-17 15:37:36,null,null,null,null,null,null,null,364795359,activity,null,HTS,null,2.352,1.702,5.827,-6.606,null,null,null,null,null,null,null,null,null,null,null,null,null,null,null,null,null,null,null,null,null,278940362
TRND-Glioblastoma_LOPAC_T98G-primary_screen2,NCGC00016073-11,activity,null,4,0,9.975,CCCN(CCC)C1CC2=CC(OC)=C(OC)C=C2C1,null,null,null,null,null,U116,SIGMA,2021_LOPAC_01,null,null,U-99194A maleate,null,4,null,null,null,6.454,0,null,null,null,null,null,null,null,null,null,0,null,null,13.595,7.141,56.236,null,null,null,null,null,null,null,null,null,null,UOLJKAPABHXFRE,null,TRND,dLeZEZJTlsImRLMVGf,null,null,null,null,MALEATE,null,null,null,null,null,null,null,null,0,4,null,null,null,173032,null,1,1,2025-06-17 15:37:36,null,null,null,null,null,null,null,364790955,activity,null,HTS,null,13.595,11.837,7.141,9.975,null,null,null,null,null,null,null,null,null,null,null,null,null,null,null,null,null,null,null,null,null,278940363
TRND-Glioblastoma_LOPAC_T98G-primary_screen2,NCGC00015923-10,activity,null,4,-14.442,-4.535,CN1C=CC2=C1C=CC(NC(=O)NC3=CC(C)=NS3)=C2,null,null,null,null,null,S0693,SIGMA,2021_LOPAC_01,null,null,SB 204741,null,4,null,null,null,20.463,-4.942,2.406,0.649,0.597,null,null,null,null,null,null,9.5,null,null,15.928,-4.535,19.487,33.132,null,null,null,null,null,null,null,null,null,USFUFHFQWXDVMH,null,TRND,ABadeRQgffjWhlPRXO,null,null,null,null,null,null,null,null,null,null,null,null,null,0,4,0,null,null,173032,0 0 0 0,1,1,2025-06-17 15:37:36,null,null,null,null,null,null,null,364791399,activity,null,HTS,null,2.917,15.928,3.784,-4.535,null,null,null,null,null,null,null,null,null,null,null,null,null,null,null,null,null,null,null,null,null,278940364
TRND-Glioblastoma_LOPAC_T98G-primary_screen2,NCGC00015360-15,activity,null,4,-15.5,3.719,OC(=O)CN(CCN(CC(O)=O)CC(O)=O)CCN(CC(O)=O)CC(O)=O,null,null,null,null,null,D6518,SIGMA,2021_LOPAC_01,null,null,Diethylenetriaminepentaacetic acid,null,4,null,null,null,10.497,3.5,0.7,0.31,0.937,null,null,null,null,null,null,19,null,null,14.216,3.719,52.378,51.643,null,null,null,null,null,null,null,null,null,QPCDCPDFJACHGM,null,TRND,UzhGfrvqdjkKXTJbAP,null,null,null,null,null,null,null,null,null,67-43-6,null,null,null,0,4,0,null,null,173032,0 0 0 0,1,1,2025-06-17 15:37:36,null,null,null,null,null,null,null,364792459,activity,null,HTS,null,14.216,8.343,7.353,3.719,null,null,null,null,null,null,null,null,null,null,null,null,null,null,null,null,null,null,null,null,null,278940740
TRND-Glioblastoma_LOPAC_T98G-primary_screen2,NCGC00167732-05,activity,null,4,0,1.725,COC1=CC=CC(OC)=C1C2=CC(=NN2C3=C(C=C(C=C3)C(=O)N(C)CCCN(C)C)C(C)C)C(=O)NC4(C5CC6CC(C5)CC4C6)C(O)=O,null,null,null,null,null,SML0015,SIGMA,2021_LOPAC_01,null,null,SR 142948A,null,4,null,null,null,8.902,0,null,null,null,null,null,null,null,null,null,0,null,null,4.342,-4.56,-6.711,null,null,null,null,null,null,null,null,null,null,LWULHXVBLMWCHO,null,TRND,oIszkdnwIfaWtBEPhX,null,null,null,null,CL,null,null,null,null,null,null,null,null,0,4,null,null,null,173032,null,1,1,2025-06-17 15:37:36,null,null,null,null,null,null,null,364794615,activity,null,HTS,null,-4.56,2.862,4.342,1.725,null,null,null,null,null,null,null,null,null,null,null,null,null,null,null,null,null,null,null,null,null,278940741
TRND-Glioblastoma_LOPAC_T98G-primary_screen2,NCGC00346461-08,activity,10,-2.1,-90.95,-93.855,NC1=NC=NC2=C1C(=CN2[C@@H]3C[C@H](CN4CCC4)C3)C5=CC(OCC6=CC=CC=C6)=CC=C5,null,null,null,null,null,SML1973,SIGMA,2021_LOPAC_01,-5,null,NVP-AEW541,null,-2.1,null,null,null,89.923,-95.169,3.572,0.011,1,null,null,null,null,null,null,-4.219,null,null,-3.932,-93.855,-78.937,-79.159,null,null,null,null,null,null,null,null,null,AECDBHGVIIRMOI,null,TRND,rZmWUuhHAmRLxLFiEy,null,Insulin-like growth factor 1 receptor inhibitor,null,null,null,null,null,null,null,[NO STEREO] 475488-34-7,IGF1R,null,null,0,4,0,null,null,173032,0 0 0 0,1,1,2025-06-17 15:37:36,null,null,null,null,null,null,null,364792623,activity,null,HTS,10.28852,-4.114,-3.932,-22.071,-93.855,null,null,null,null,null,null,null,null,null,null,null,null,null,null,null,null,null,null,null,null,null,278940742
TRND-Glioblastoma_LOPAC_T98G-primary_screen2,NCGC00015238-26,activity,null,4,0,9.033,ClC1=CC2=C(OC(=O)N2)C=C1,null,null,null,null,null,C4397,SIGMA,2021_LOPAC_01,null,null,Chlorzoxazone,null,4,null,null,null,7.313,0,null,null,null,null,null,null,null,null,null,0,null,null,9.033,1.72,19.961,null,null,null,null,null,null,null,null,null,null,TZFWDZFKRBELIQ,null,TRND,sySaBGnzuTofFtPAyW,null,null,null,null,null,null,null,null,null,95-25-0,null,null,null,0,4,null,null,null,173032,null,1,1,2025-06-17 15:37:36,null,null,null,null,null,null,null,364791367,activity,null,HTS,null,3.585,1.72,5.809,9.033,null,null,null,null,null,null,null,null,null,null,null,null,null,null,null,null,null,null,null,null,null,278940743
TRND-Glioblastoma_LOPAC_T98G-primary_screen2,NCGC00015245-24,activity,null,4,-8.678,-7.648,CC(C[N+](C)(C)C)OC(N)=O,null,null,null,null,null,C5259,SIGMA,2021_LOPAC_01,null,null,Bethanechol chloride,null,4,null,null,null,10.094,-7.678,4.504,0.328,0.928,null,null,null,null,null,null,1,null,null,2.446,-7.648,-3.272,-0.135,null,null,null,null,null,null,null,null,null,NZUPCNDJBJXXRF,null,TRND,WdyLxAygPZtwpaCzFP,null,null,null,null,CL,null,null,null,null,590-63-6,null,null,null,0,4,0,null,null,173032,0 0 0 0,1,1,2025-06-17 15:37:36,null,null,null,null,null,null,null,364794579,activity,null,HTS,null,-0.468,2.446,0.484,-7.648,null,null,null,null,null,null,null,null,null,null,null,null,null,null,null,null,null,null,null,null,null,278940744
TRND-Glioblastoma_LOPAC_T98G-primary_screen2,NCGC00487324-03,activity,null,4,-16.826,-11.938,CC1=NN=C2CN=C(C3=C(SC=C3)N12)C4=CC=CC=C4,null,null,null,null,null,SML0639,SIGMA,2021_LOPAC_01,null,null,Ro 11-1464,null,4,null,null,null,21.667,-11.826,3.99,0.494,0.812,null,null,null,null,null,null,5,null,null,9.728,-11.938,1.864,11.874,null,null,null,null,null,null,null,null,null,SIRFTOWPWPCSOP,null,TRND,HGOQVMzWFdutqEqrSo,null,null,null,null,null,null,null,null,null,null,null,null,null,0,4,0,null,null,173032,0 0 0 0,1,1,2025-06-17 15:37:36,null,null,null,null,null,null,null,364792067,activity,null,HTS,null,0.262,9.728,0.88,-11.938,null,null,null,null,null,null,null,null,null,null,null,null,null,null,null,null,null,null,null,null,null,278940745
TRND-Glioblastoma_LOPAC_T98G-primary_screen2,NCGC00022472-18,activity,null,4,13,11.418,C[C@]12C[C@H](O)[C@H]3[C@@H](CCC4=CC(=O)CC[C@]34C)[C@@H]1CC[C@@H]2C(=O)CO,null,null,null,null,null,C2505,SIGMA,2021_LOPAC_01,null,null,Corticosterone,null,4,null,null,null,14.684,19,4.955,1,0.498,null,null,null,null,null,null,6,null,null,24.46,9.776,60.925,64.086,null,null,null,null,null,null,null,null,null,OMFXVFTZEKFJBZ,null,TRND,OdJcdvcMwQOWJnXEhX,null,null,null,null,null,null,null,null,null,50-22-6,null,null,null,0,4,1,null,null,173032,0 0 0 1,1,1,2025-06-17 15:37:36,null,null,null,null,null,null,null,364794027,activity,null,HTS,null,9.776,24.46,13.634,11.418,null,null,null,null,null,null,null,null,null,null,null,null,null,null,null,null,null,null,null,null,null,278940746
TRND-Glioblastoma_LOPAC_T98G-primary_screen2,NCGC00181123-05,activity,null,4,0,1.571,[H]\C(=C(\[H])C1=C([H])C(OC([H])([H])[H])=C(OC([H])([H])[H])C(OC([H])([H])[H])=C1[H])C(=O)N2C([H])([H])C([H])([H])N(C([H])([H])C(=O)N3C([H])([H])C([H])([H])C([H])([H])C3([H])[H])C([H])([H])C2([H])[H],null,null,null,null,null,SML1498,SIGMA,2021_LOPAC_01,null,null,Cinepazide maleate,null,4,null,null,null,6.321,0,null,null,null,null,null,null,null,null,null,0,null,null,1.571,-4.749,0.706,null,null,null,null,null,null,null,null,null,null,RCUDFXMNPQNBDU,null,TRND,aUQWLDBUFQwIzIgMBN,null,null,null,null,MALEATE,null,null,null,null,null,null,null,null,0,4,null,null,null,173032,null,1,1,2025-06-17 15:37:36,null,null,null,null,null,null,null,364794595,activity,null,HTS,null,1.544,-4.749,-1.553,1.571,null,null,null,null,null,null,null,null,null,null,null,null,null,null,null,null,null,null,null,null,null,278940747
TRND-Glioblastoma_LOPAC_T98G-primary_screen2,NCGC00162114-09,activity,null,4,0,-3.457,NC1=C2N=CN(C3CCCC3)C2=NC=N1,null,null,null,null,null,C4479,SIGMA,2021_LOPAC_01,null,null,9-cyclopentyladenine,null,4,null,null,null,6.997,0,null,null,null,null,null,null,null,null,null,0,null,null,2.648,-4.349,-1.274,null,null,null,null,null,null,null,null,null,null,KTJWHJNBTXITCB,null,TRND,KeNCFmPjIDGfoTXxSQ,null,null,null,null,SULFONICACID_V1,null,null,null,null,null,null,null,null,0,4,null,null,null,173032,null,1,1,2025-06-17 15:37:36,null,null,null,null,null,null,null,364792647,activity,null,HTS,null,0.625,2.648,-4.349,-3.457,null,null,null,null,null,null,null,null,null,null,null,null,null,null,null,null,null,null,null,null,null,278940748
TRND-Glioblastoma_LOPAC_T98G-primary_screen2,NCGC00015678-16,activity,null,4,-15.106,-9.671,CC(C)C1=CC(OC(C)=O)=C(C)C=C1OCCN(C)C,null,null,null,null,null,M5154,SIGMA,2021_LOPAC_01,null,null,Moxisylyte hydrochloride,null,4,null,null,null,18.833,-11.606,4.955,0.633,0.627,null,null,null,null,null,null,3.5,null,null,9.162,-9.671,20.941,9.454,null,null,null,null,null,null,null,null,null,VRYMTAVOXVTQEF,null,TRND,lBXfJWGieWCwEdBbaE,null,null,null,null,CL,null,null,null,null,964-52-3,null,null,null,0,4,0,null,null,173032,0 0 0 0,1,1,2025-06-17 15:37:36,null,null,null,null,null,null,null,364793187,activity,null,HTS,null,9.162,-3.121,3.976,-9.671,null,null,null,null,null,null,null,null,null,null,null,null,null,null,null,null,null,null,null,null,null,278940749
TRND-Glioblastoma_LOPAC_T98G-primary_screen2,NCGC00015397-16,activity,null,4,-21.649,-15.124,CCN(CC)C(=O)C1=CC(OC)=C(O)C=C1,null,null,null,null,null,E0137,SIGMA,2021_LOPAC_01,null,null,Vanillic acid diethylamide,null,4,null,null,null,25.264,-16.149,4.095,0.392,0.892,null,null,null,null,null,null,5.5,null,null,10.14,-15.124,6.33,14.558,null,null,null,null,null,null,null,null,null,BQJODPIMMWWMFC,null,TRND,wjOoCoVcgHUuMNyYbB,null,null,null,null,null,null,null,null,null,304-84-7,null,null,null,0,4,0,null,null,173032,0 0 0 0,1,1,2025-06-17 15:37:36,null,null,null,null,null,null,null,364793703,activity,null,HTS,null,1.336,10.14,4.986,-15.124,null,null,null,null,null,null,null,null,null,null,null,null,null,null,null,null,null,null,null,null,null,278940750
TRND-Glioblastoma_LOPAC_T98G-primary_screen2,NCGC00387485-04,activity,5.623413,-2.2,-69.511,-60.305,OC1=CC=C(C=C1O)C(=O)CSC#N,null,null,null,null,null,SML1073,SIGMA,2021_LOPAC_01,-5.25,null,BIx,null,-2.2,null,null,null,69.104,-61.511,2.333,0.022,1,null,null,null,null,null,null,8,null,null,8.799,-60.305,-27.259,-29.244,null,null,null,null,null,null,null,null,null,SVFLBLCWKKQKDW,null,TRND,NCTgitwtkwmCUHmJiv,null,null,null,null,null,null,null,null,null,null,null,null,null,0,4,0,null,null,173032,0 0 0 0,1,1,2025-06-17 15:37:36,null,null,null,null,null,null,null,364791839,activity,null,HTS,10.553402,8.799,5.302,-33.865,-60.305,null,null,null,null,null,null,null,null,null,null,null,null,null,null,null,null,null,null,null,null,null,278940751
TRND-Glioblastoma_LOPAC_T98G-primary_screen2,NCGC00015233-11,activity,11.220185,-2.1,-101.591,-94.167,ClC1=CC=C(C=C1)C(C2=CC=C(Cl)C=C2)[N+]3=CN(CC(OCC4=C(Cl)C=C(Cl)C=C4)C5=C(Cl)C=C(Cl)C=C5)C=C3,null,null,null,null,null,C3930,SIGMA,2021_LOPAC_01,-4.95,null,Calmidazolium chloride,null,-2.1,null,null,null,93.913,-103.395,2.094,0.047,0.999,null,null,null,null,null,null,-1.805,null,null,-0.254,-94.167,-71.965,-75.728,null,null,null,null,null,null,null,null,null,CTKNMSVWMRRCPW,null,TRND,iXjLxPGExZeFxILbYP,null,Calcium/calmodulin-dependent protein kinase kinase 2 inhibitor,null,null,CL,null,null,null,null,57265-65-3,CAMKK2,null,null,0,4,0,null,null,173032,0 0 0 0,1,1,2025-06-17 15:37:36,null,null,null,null,null,null,null,364792631,activity,null,HTS,10.873579,-0.254,-4.919,-26.199,-94.167,null,null,null,null,null,null,null,null,null,null,null,null,null,null,null,null,null,null,null,null,null,278940752
TRND-Glioblastoma_LOPAC_T98G-primary_screen2,NCGC00017332-09,activity,null,4,-5.18,-4.742,[H][C@]1(OC(=O)C2=C1C=CC(OC)=C2OC)[C@@]3([H])N(C)CCC4=CC5=C(OCO5)C=C34,null,null,null,null,null,H8645,SIGMA,2021_LOPAC_01,null,null,(+)-Hydrastine,null,4,null,null,null,12.198,-6.18,4.955,0.741,0.364,null,null,null,null,null,null,-1,null,null,4.132,-8.066,-20.955,-11.005,null,null,null,null,null,null,null,null,null,JZUTXVTYJDCMDU,null,TRND,FGvvMrZyEMIPFCkATx,null,null,null,null,null,null,null,null,null,[NO STEREO] 118-08-1,null,null,null,0,4,0,null,null,173032,0 0 0 0,1,1,2025-06-17 15:37:36,null,null,null,null,null,null,null,364793335,activity,null,HTS,null,-5.66,4.132,-8.066,-4.742,null,null,null,null,null,null,null,null,null,null,null,null,null,null,null,null,null,null,null,null,null,278940753
TRND-Glioblastoma_LOPAC_T98G-primary_screen2,NCGC00162223-05,activity,null,4,-13.672,-10.56,OCC1O[C@H](S[Au])C(O)[C@@H](O)[C@@H]1O,null,null,null,null,null,A0606,SIGMA,2021_LOPAC_01,null,null,Aurothioglucose,null,4,null,null,null,14.873,-12.172,4.955,0.505,0.802,null,null,null,null,null,null,1.5,null,null,4.313,-10.56,-8.205,0.719,null,null,null,null,null,null,null,null,null,XHVAWZZCDCWGBK,null,TRND,cDbEVlLiHsFQAnHwPd,null,null,null,null,H2O,null,null,null,null,[NO STEREO] 12192-57-3,null,null,null,0,4,0,null,null,173032,0 0 0 0,1,1,2025-06-17 15:37:36,null,null,null,null,null,null,null,364793147,activity,null,HTS,null,-2.691,4.313,2.574,-10.56,null,null,null,null,null,null,null,null,null,null,null,null,null,null,null,null,null,null,null,null,null,278940754
TRND-Glioblastoma_LOPAC_T98G-primary_screen2,NCGC00601914-02,activity,null,4,0,8.453,CCC1=CC=C(OCC(=O)NC2=CC=C(F)C(=C2)[N+]([O-])=O)C=C1,null,null,null,null,null,SML2087,SIGMA,2021_LOPAC_01,null,null,SJ000291942,null,4,null,null,null,5.978,0,null,null,null,null,null,null,null,null,null,0,null,null,8.453,2.476,17.037,null,null,null,null,null,null,null,null,null,null,YSZJLXPXVFGTNK,null,TRND,ANSnQqqnPoOlxNIbdo,null,null,null,null,null,null,null,null,null,null,null,null,null,0,4,null,null,null,173032,null,1,1,2025-06-17 15:37:36,null,null,null,null,null,null,null,364795283,activity,null,HTS,null,2.476,4.33,3.857,8.453,null,null,null,null,null,null,null,null,null,null,null,null,null,null,null,null,null,null,null,null,null,278940755
TRND-Glioblastoma_LOPAC_T98G-primary_screen2,NCGC00186001-10,activity,null,4,-20.62,-22.6,OC1=CC=C2C=CC=CC2=C1C\C3=C(\NC(=S)NC3=O)C4=CC=CC=C4,null,null,null,null,null,C0494,SIGMA,2021_LOPAC_01,null,null,Cambinol,null,4,null,null,null,23.13,-23.12,3.572,0.287,0.946,null,null,null,null,null,null,-2.5,null,null,0.53,-22.6,-29.129,-23.618,null,null,null,null,null,null,null,null,null,RVNSQVIUFZVNAU,null,TRND,XavtVQJoPbtBBYdcvO,null,null,null,null,null,null,null,null,null,null,null,null,null,0,4,0,null,null,173032,0 0 0 0,1,1,2025-06-17 15:37:36,null,null,null,null,null,null,null,364793711,activity,null,HTS,null,-5.227,0.53,-4.451,-22.6,null,null,null,null,null,null,null,null,null,null,null,null,null,null,null,null,null,null,null,null,null,278940756
TRND-Glioblastoma_LOPAC_T98G-primary_screen2,NCGC00015688-22,activity,null,4,-21.919,-14.099,[O-][N+](=O)C1=CC(C(=O)NC2=CC=CC=C2)=C(Cl)C=C1,null,null,null,null,null,M6191,SIGMA,2021_LOPAC_01,null,null,GW9662,null,4,null,null,null,21.947,-16.919,4.955,0.253,0.958,null,null,null,null,null,null,5,null,null,7.847,-14.099,9.982,13.348,null,null,null,null,null,null,null,null,null,DNTSIBUQMRRYIU,null,TRND,eNpYRpYDWnzWAowmXu,null,null,null,null,null,null,null,null,null,null,null,null,null,0,4,0,null,null,173032,0 0 0 0,1,1,2025-06-17 15:37:36,null,null,null,null,null,null,null,364795123,activity,null,HTS,null,3.183,4.397,7.847,-14.099,null,null,null,null,null,null,null,null,null,null,null,null,null,null,null,null,null,null,null,null,null,278940757
TRND-Glioblastoma_LOPAC_T98G-primary_screen2,NCGC00487353-03,activity,null,4,12.787,12.308,CC1(C)OC(=O)C(=C1C2=CC=C(C=C2)[S+](C)([O-])=O)C3=CC=CC(F)=C3,null,null,null,null,null,SML0994,SIGMA,2021_LOPAC_01,null,null,DFU    ,null,4,null,null,null,13.797,14,4.955,0.565,0.733,null,null,null,null,null,null,1.213,null,null,12.308,-1.489,15.385,11.618,null,null,null,null,null,null,null,null,null,NXERGIJHYVUXHM,null,TRND,SoErFLgnEcbTtJGXzr,null,null,null,null,null,null,null,null,null,null,null,null,null,0,4,0,null,null,173032,0 0 0 0,1,1,2025-06-17 15:37:36,null,null,null,null,null,null,null,364790563,activity,null,HTS,null,2.171,5.627,-1.489,12.308,null,null,null,null,null,null,null,null,null,null,null,null,null,null,null,null,null,null,null,null,null,278940758
TRND-Glioblastoma_LOPAC_T98G-primary_screen2,NCGC00185999-05,activity,null,4,0,3.358,CN1C(=O)\C(=C/C(C)=O)C2=CC=CC=C12,null,null,null,null,null,S3322,SIGMA,2021_LOPAC_01,null,null,Supercinnamaldehyde,null,4,null,null,null,4.813,0,null,null,null,null,null,null,null,null,null,0,null,null,8.171,3.358,28.309,null,null,null,null,null,null,null,null,null,null,CZKBLHCEDVWPRN,null,TRND,kctTkcGbNMnBvQSGLh,null,null,null,null,null,null,null,null,null,null,null,null,null,0,4,null,null,null,173032,null,1,1,2025-06-17 15:37:36,null,null,null,null,null,null,null,364795259,activity,null,HTS,null,6.277,4.88,8.171,3.358,null,null,null,null,null,null,null,null,null,null,null,null,null,null,null,null,null,null,null,null,null,278940759
TRND-Glioblastoma_LOPAC_T98G-primary_screen2,NCGC00264107-03,activity,1,-1.4,-23.315,-0.67,ON(CCCP(O)(O)=O)C=O,null,null,null,null,null,F8682,SIGMA,2021_LOPAC_01,-6,null,Fosmidomycin sodium salt hydrate,null,4,null,null,null,23.208,-0.815,3.512,0.027,1,null,null,null,null,null,null,22.5,null,null,22.113,-1.095,64.13,64.652,null,null,null,null,null,null,null,null,null,GJXWDTUCERCKIX,null,TRND,QipUBdpBMwVtYVSctx,null,null,null,null,SODIUM,null,null,null,null,66508-53-0,null,null,null,0,4,0,null,null,173032,0 0 0 0,1,1,2025-06-17 15:37:36,null,null,null,null,null,null,null,364791199,activity,null,HTS,null,22.113,5.553,-1.095,-0.67,null,null,null,null,null,null,null,null,null,null,null,null,null,null,null,null,null,null,null,null,null,278940760
TRND-Glioblastoma_LOPAC_T98G-primary_screen2,NCGC00015040-09,activity,null,4,0,-1.715,OC(=O)C1=CC(C=CC1=O)=C(C2=CC(C(O)=O)=C(O)C=C2)C3=CC(C(O)=O)=C(O)C=C3,null,null,null,null,null,A1895,SIGMA,2021_LOPAC_01,null,null,Aurintricarboxylic acid,null,4,null,null,null,6.591,0,null,null,null,null,null,null,null,null,null,0,null,null,4.876,-1.715,14.88,null,null,null,null,null,null,null,null,null,null,GIXWDMTZECRIJT,null,TRND,kqYeFgkIoqxsAoWZpL,null,null,null,null,null,null,null,null,null,null,null,null,null,0,4,null,null,null,173032,null,1,1,2025-06-17 15:37:36,null,null,null,null,null,null,null,364793611,activity,null,HTS,null,4.876,-1.226,4.444,-1.715,null,null,null,null,null,null,null,null,null,null,null,null,null,null,null,null,null,null,null,null,null,278940761
TRND-Glioblastoma_LOPAC_T98G-primary_screen2,NCGC00487358-03,activity,null,4,-14.299,-3.999,CC(C)N1CCC(CC1)N(C(=O)CC2=CC=CC=C2)C3=CC=C(Cl)C=C3,null,null,null,null,null,SML1025,SIGMA,2021_LOPAC_01,null,null,Lorcainide hydrochloride,null,4,null,null,null,15.209,-4.299,2.253,0.199,0.975,null,null,null,null,null,null,10,null,null,11.21,-3.999,32.758,34.781,null,null,null,null,null,null,null,null,null,XHOJAWVAWFHGHL,null,TRND,wGtfsDozkXQEsBZemG,null,null,null,null,CL,null,null,null,null,59729-31-6,null,null,null,0,4,0,null,null,173032,0 0 0 0,1,1,2025-06-17 15:37:36,null,null,null,null,null,null,null,364795367,activity,null,HTS,null,8.941,11.21,3.166,-3.999,null,null,null,null,null,null,null,null,null,null,null,null,null,null,null,null,null,null,null,null,null,278940762
TRND-Glioblastoma_LOPAC_T98G-primary_screen2,NCGC00024915-08,activity,null,4,14.228,5.482,[H][C@]1(CC(O)=O)CNC(C)(C)CO1,null,null,null,null,null,SML1040,SIGMA,2021_LOPAC_01,null,null,SCH-50911,null,4,null,null,null,15.758,8.5,4.955,0.515,0.792,null,null,null,null,null,null,-5.728,null,null,12.652,-3.106,8.462,8.197,null,null,null,null,null,null,null,null,null,SEYCKMQSPUVYEF,null,TRND,eorGIYtkojIJFmBWgE,null,null,null,null,CL,null,null,null,null,733717-87-8,null,null,null,0,4,0,null,null,173032,0 0 0 0,1,1,2025-06-17 15:37:36,null,null,null,null,null,null,null,364793615,activity,null,HTS,null,-3.106,12.652,7.665,5.482,null,null,null,null,null,null,null,null,null,null,null,null,null,null,null,null,null,null,null,null,null,278940763
TRND-Glioblastoma_LOPAC_T98G-primary_screen2,NCGC00186028-15,activity,null,4,0,5.397,CC[C@H](N1CCCC1=O)C(N)=O,null,null,null,null,null,L8668,SIGMA,2021_LOPAC_01,null,null,Levetiracetam,null,4,null,null,null,7.749,0,null,null,null,null,null,null,null,null,null,0,null,null,11.191,3.442,27.688,null,null,null,null,null,null,null,null,null,null,HPHUVLMMVZITSG,null,TRND,FWONkyBTuHAkPXJwye,null,Voltage-dependent N-type calcium channel subunit alpha-1B Blocker,null,null,null,null,null,null,null,102767-28-2,CACNA1B,null,null,0,4,null,null,null,173032,null,1,1,2025-06-17 15:37:36,null,null,null,null,null,null,null,364792831,activity,null,HTS,null,5.269,11.191,3.442,5.397,null,null,null,null,null,null,null,null,null,null,null,null,null,null,null,null,null,null,null,null,null,278940764
TRND-Glioblastoma_LOPAC_T98G-primary_screen2,NCGC00016034-14,activity,null,4,0,2.281,CC(C)(C)NCC(O)C1=C(Cl)C=CC=C1,null,null,null,null,null,T6050,SIGMA,2021_LOPAC_01,null,null,Tulobuterol hydrochloride,null,4,null,null,null,6.981,0,null,null,null,null,null,null,null,null,null,0,null,null,2.281,-4.7,2.374,null,null,null,null,null,null,null,null,null,null,YREYLAVBNPACJM,null,TRND,rGwpRKnzSxoMvmRjPQ,null,null,null,null,CL,null,null,null,null,56776-01-3,null,null,null,0,4,null,null,null,173032,null,1,1,2025-06-17 15:37:36,null,null,null,null,null,null,null,364792259,activity,null,HTS,null,1.392,0.858,-4.7,2.281,null,null,null,null,null,null,null,null,null,null,null,null,null,null,null,null,null,null,null,null,null,278940765
TRND-Glioblastoma_LOPAC_T98G-primary_screen2,NCGC00162333-08,activity,null,4,-15,0.086,[NH3+][Ru]([NH3+])([NH3+])([NH3+])([NH3+])O[Ru]([NH3+])([NH3+])([NH3+])([NH3+])O[Ru]([NH3+])([NH3+])([NH3+])([NH3+])[NH3+],null,null,null,null,null,R2751,SIGMA,2021_LOPAC_01,null,null,Ruthenium red,null,4,null,null,null,12.804,2,1.1,0.575,0.721,null,null,null,null,null,null,17,null,null,12.89,0.086,42.983,40.468,null,null,null,null,null,null,null,null,null,ALIWVTYFCPRTIG,null,TRND,WTEbXxrAefnoCNeWKw,null,null,null,null,CL,null,null,null,null,11103-72-3,null,null,null,0,4,0,null,null,173032,0 0 0 0,1,1,2025-06-17 15:37:36,null,null,null,null,null,null,null,364792619,activity,null,HTS,null,12.89,3.568,6.684,0.086,null,null,null,null,null,null,null,null,null,null,null,null,null,null,null,null,null,null,null,null,null,278940766
TRND-Glioblastoma_LOPAC_T98G-primary_screen2,NCGC00022848-36,activity,null,4,-23.5,8.775,C[C@]12C[C@H](O)[C@H]3[C@@H](CCC4=CC(=O)CC[C@]34C)[C@@H]1CC[C@]2(O)C(=O)CO,null,null,null,null,null,H4001,SIGMA,2021_LOPAC_01,null,null,Hydrocortisone,null,4,null,null,null,15.302,-1.5,4.955,0.392,0.892,null,null,null,null,null,null,22,null,null,24.077,8.775,100.59,96.407,null,null,null,null,null,null,null,null,null,JYGXADMDTFJGBT,null,TRND,zxQNaHqZxjNOoyrByY,null,Glucocorticoid Receptor agonist,null,null,null,null,null,null,null,50-23-7,NR3C1,null,null,0,4,0,null,null,173032,0 0 0 0,1,1,2025-06-17 15:37:36,null,null,null,null,null,null,null,364792667,activity,null,HTS,null,24.077,18.752,22.959,8.775,null,null,null,null,null,null,null,null,null,null,null,null,null,null,null,null,null,null,null,null,null,278940767
TRND-Glioblastoma_LOPAC_T98G-primary_screen2,NCGC00015451-21,activity,null,4,-12.465,-7.888,CCOC(=O)NC1=CC=C(NCC2=CC=C(F)C=C2)N=C1N,null,null,null,null,null,F8927,SIGMA,2021_LOPAC_01,null,null,Flupirtine maleate salt,null,4,null,null,null,14.842,-8.465,1.967,0.475,0.83,null,null,null,null,null,null,4,null,null,6.954,-7.888,2.038,8.069,null,null,null,null,null,null,null,null,null,JUUFBMODXQKSTD,null,TRND,ciOEGlyHatotVeRSFE,null,NMDA Receptor antagonist,null,null,MALEIC_ACID,null,null,null,null,75507-68-5,GRIN1,null,null,0,4,0,null,null,173032,0 0 0 0,1,1,2025-06-17 15:37:36,null,null,null,null,null,null,null,364794623,activity,null,HTS,null,1.166,6.954,-2.731,-7.888,null,null,null,null,null,null,null,null,null,null,null,null,null,null,null,null,null,null,null,null,null,278940768
TRND-Glioblastoma_LOPAC_T98G-primary_screen2,NCGC00017358-24,activity,0.354813,-1.2,-68.459,-71.566,[H][C@@]12COC3=C(C=C(OC)C(OC)=C3)[C@]1([H])C(=O)C4=C(O2)C5=C(O[C@H](C5)C(C)=C)C=C4,null,null,null,null,null,R8875,SIGMA,2021_LOPAC_01,-6.45,null,Rotenone,null,-1.2,null,null,null,42.122,-70.791,1.478,0.042,0.999,null,null,null,null,null,null,-2.332,null,null,-29.444,-71.566,-211.586,-211.376,null,null,null,null,null,null,null,null,null,JUVIOZPCNVVQFO,null,TRND,MWNvwiRUwzNOpGeSRO,null,NADH-Ubiquinone Oxidoreductase (Complex I) inhibitor,null,null,null,null,null,null,null,83-79-4,NDUFS7,null,null,0,4,0,null,null,173032,0 0 0 0,1,1,2025-06-17 15:37:36,null,null,null,null,null,null,null,364795031,activity,null,HTS,0.642427,-29.444,-62.663,-69.304,-71.566,null,null,null,null,null,null,null,null,null,null,null,null,null,null,null,null,null,null,null,null,null,278940769
TRND-Glioblastoma_LOPAC_T98G-primary_screen2,NCGC00093358-16,activity,null,4,11.527,-1.913,CO\N=C(/C(=O)N[C@H]1[C@H]2SCC(COC(C)=O)=C(N2C1=O)C([O-])=O)C3=CSC(N)=N3,null,null,null,null,null,C7912,SIGMA,2021_LOPAC_01,null,null,Cefotaxime sodium,null,4,null,null,null,10.903,0.5,4.955,0.525,0.782,null,null,null,null,null,null,-11.027,null,null,3.38,-7.523,-19.188,-19.991,null,null,null,null,null,null,null,null,null,GPRBEKHLDVQUJE,null,TRND,jyrjKMiyLXomJdlHyo,null,null,null,null,SODIUM,null,null,null,null,64485-93-4,null,null,null,0,4,0,null,null,173032,0 0 0 0,1,1,2025-06-17 15:37:36,null,null,null,null,null,null,null,364792727,activity,null,HTS,null,-7.523,3.38,0.476,-1.913,null,null,null,null,null,null,null,null,null,null,null,null,null,null,null,null,null,null,null,null,null,278940770
TRND-Glioblastoma_LOPAC_T98G-primary_screen2,NCGC00093674-12,activity,null,4,0,9.536,[H][C@]1(N)CONC1=O,null,null,null,null,null,C1159,SIGMA,2021_LOPAC_01,null,null,L-Cycloserine,null,4,null,null,null,14.978,0,null,null,null,null,null,null,null,null,null,0,null,null,13.18,-1.798,45.611,null,null,null,null,null,null,null,null,null,null,DYDCUQKUCUHJBH,null,TRND,QbtynhyCrROjxdGLbT,null,null,null,null,null,null,null,null,null,68-41-7,null,null,null,0,4,null,null,null,173032,null,1,1,2025-06-17 15:37:36,null,null,null,null,null,null,null,364792735,activity,null,HTS,null,11.761,-1.798,13.18,9.536,null,null,null,null,null,null,null,null,null,null,null,null,null,null,null,null,null,null,null,null,null,278940771
TRND-Glioblastoma_LOPAC_T98G-primary_screen2,NCGC00162242-08,activity,null,4,-29.532,-18.36,NC1=NC=NC2=C1N=CN2[C@@H]3O[C@H](COP(O)(=O)CP(O)(=O)OP([O-])([O-])=O)C(O)[C@H]3O,null,null,null,null,null,M6517,SIGMA,2021_LOPAC_01,null,null,"alpha,beta-Methylene adenosine 5 -triphosphate dilithium",null,4,null,null,null,24.041,-22.032,0.91,0.088,0.995,null,null,null,null,null,null,7.5,null,null,5.681,-18.36,0.209,0.341,null,null,null,null,null,null,null,null,null,CAWZRIXWFRFUQB,null,TRND,pVsJnoLViZRhlogvdv,null,null,null,null,LITHIUM,null,null,null,null,null,null,null,null,0,4,0,null,null,173032,0 0 0 0,1,1,2025-06-17 15:37:36,null,null,null,null,null,null,null,364792583,activity,null,HTS,null,5.681,0.032,-8.477,-18.36,null,null,null,null,null,null,null,null,null,null,null,null,null,null,null,null,null,null,null,null,null,278940772
TRND-Glioblastoma_LOPAC_T98G-primary_screen2,NCGC00015772-23,activity,null,4,0,0.921,CC1COC2=C3N1C=C(C(O)=O)C(=O)C3=CC(F)=C2N4CCN(C)CC4,null,null,null,null,null,O8757,SIGMA,2021_LOPAC_01,null,null,Ofloxacin,null,4,null,null,null,8.969,0,null,null,null,null,null,null,null,null,null,0,null,null,5.517,-3.453,15.538,null,null,null,null,null,null,null,null,null,null,GSDSWSVVBLHKDQ,null,TRND,LXtTKChYnJceSXAQFn,null,null,null,null,null,null,null,null,null,82419-36-1,null,null,null,0,4,null,null,null,173032,null,1,1,2025-06-17 15:37:36,null,null,null,null,null,null,null,364792183,activity,null,HTS,null,4.905,5.517,-3.453,0.921,null,null,null,null,null,null,null,null,null,null,null,null,null,null,null,null,null,null,null,null,null,278940773
TRND-Glioblastoma_LOPAC_T98G-primary_screen2,NCGC00015223-27,activity,null,4,0,-5.773,[NH3+][Pt-6]1([NH3+])OC(=O)C2(CCC2)C(=O)O1,null,null,null,null,null,C2538,SIGMA,2021_LOPAC_01,null,null,Carboplatin,null,4,null,null,null,7.107,0,null,null,null,null,null,null,null,null,null,0,null,null,1.322,-5.785,-18.929,null,null,null,null,null,null,null,null,null,null,HFPXBDLIWMCECV,null,TRND,gmHRAUkCvjSqwBIEHn,null,DNA Alkylating Drug,null,null,AMMONIA,null,null,null,null,null,H2AX,null,null,0,4,null,null,null,173032,null,1,1,2025-06-17 15:37:36,null,null,null,null,null,null,null,364794667,activity,null,HTS,null,-5.785,-1.095,1.322,-5.773,null,null,null,null,null,null,null,null,null,null,null,null,null,null,null,null,null,null,null,null,null,278939821
TRND-Glioblastoma_LOPAC_T98G-primary_screen2,NCGC00015496-31,activity,null,4,14.372,13.389,C[N+](C)(C)CCCCCC[N+](C)(C)C,null,null,null,null,null,H2138,SIGMA,2021_LOPAC_01,null,null,Hexamethonium dichloride,null,4,null,null,null,17.033,15,4.955,0.603,0.678,null,null,null,null,null,null,0.628,null,null,13.389,-3.643,22.347,9.604,null,null,null,null,null,null,null,null,null,VZJFGSRCJCXDSG,null,TRND,IEIKsBFlepEURKyTuy,null,null,null,null,CL,null,null,null,null,null,null,null,null,0,4,0,null,null,173032,0 0 0 0,1,1,2025-06-17 15:37:36,null,null,null,null,null,null,null,364793927,activity,null,HTS,null,6.697,-3.643,-1.047,13.389,null,null,null,null,null,null,null,null,null,null,null,null,null,null,null,null,null,null,null,null,null,278939822
TRND-Glioblastoma_LOPAC_T98G-primary_screen2,NCGC00379073-09,activity,null,4,-16.736,3.384,CC1=NC(C(=O)N2CCC[C@H]2CC3=NN=C(O3)C4=CC=CC=C4)=C(S1)C5=C(F)C=CC=C5,null,null,null,null,null,SML0912,SIGMA,2021_LOPAC_01,null,null,SB 674042,null,4,null,null,null,17.839,0.764,1.826,0.367,0.907,null,null,null,null,null,null,17.5,null,null,16.392,-1.447,53.513,54.766,null,null,null,null,null,null,null,null,null,HYBZWVLPALMACV,null,TRND,UGQRMeYJfoZIKexdae,null,null,null,null,null,null,null,null,null,null,null,null,null,0,4,0,null,null,173032,0 0 0 0,1,1,2025-06-17 15:37:36,null,null,null,null,null,null,null,364790671,activity,null,HTS,null,16.392,10.382,-1.447,3.384,null,null,null,null,null,null,null,null,null,null,null,null,null,null,null,null,null,null,null,null,null,278939823
TRND-Glioblastoma_LOPAC_T98G-primary_screen2,NCGC00167490-08,activity,null,4,-34.007,-26.256,CCCCN(CCCC)CC(O)C1=C2C3=CC=C(Cl)C=C3\C(=C\C4=CC=C(Cl)C=C4)C2=CC(Cl)=C1,null,null,null,null,null,L5420,SIGMA,2021_LOPAC_01,null,null,Lumefantrine,null,4,null,null,null,36.161,-26.507,4.095,0.148,0.986,null,null,null,null,null,null,7.5,null,null,9.906,-26.256,20.138,15.04,null,null,null,null,null,null,null,null,null,DYLGFOYVTXJFJP,null,TRND,uocHjRGDEzLozdwVfb,null,Anti-malarial,null,null,null,null,null,null,null,82186-77-4,pfmdr1,null,null,0,4,0,null,null,173032,0 0 0 0,1,1,2025-06-17 15:37:36,null,null,null,null,null,null,null,364792119,activity,null,HTS,null,9.906,5.166,4.062,-26.256,null,null,null,null,null,null,null,null,null,null,null,null,null,null,null,null,null,null,null,null,null,278939824
TRND-Glioblastoma_LOPAC_T98G-primary_screen2,NCGC00015236-10,activity,null,4,-28.111,-26.802,CCC1=CC=CC(=C1)N(C)C(=N)NC2=C3C=CC=CC3=CC=C2,null,null,null,null,null,C4238,SIGMA,2021_LOPAC_01,null,null,CNS-1102,null,4,null,null,null,25.926,-30.163,2.094,0.117,0.991,null,null,null,null,null,null,-2.052,null,null,-0.876,-26.802,-24.623,-27.025,null,null,null,null,null,null,null,null,null,BFNCJMURTMZBTE,null,TRND,XGoAGvLBHXSmPlxLcE,null,null,null,null,HCL,null,null,null,null,137160-11-3,null,null,null,0,4,0,null,null,173032,0 0 0 0,1,1,2025-06-17 15:37:36,null,null,null,null,null,null,null,364795187,activity,null,HTS,null,-0.876,-3.748,-7.839,-26.802,null,null,null,null,null,null,null,null,null,null,null,null,null,null,null,null,null,null,null,null,null,278939825
TRND-Glioblastoma_LOPAC_T98G-primary_screen2,NCGC00185774-10,activity,null,4,0,6.18,OC(=O)CSCC(=O)NC1CCSC1=O,null,null,null,null,null,SML1529,SIGMA,2021_LOPAC_01,null,null,Erdosteine,null,4,null,null,null,7.946,0,null,null,null,null,null,null,null,null,null,0,null,null,13.332,5.386,34.406,null,null,null,null,null,null,null,null,null,null,QGFORSXNKQLDNO,null,TRND,MZiNsCCuYVTgNTVhuM,null,Mucolytic Agent,null,null,null,null,null,null,null,84611-23-4,CAT,null,null,0,4,null,null,null,173032,null,1,1,2025-06-17 15:37:36,null,null,null,null,null,null,null,364792859,activity,null,HTS,null,5.386,13.332,9.856,6.18,null,null,null,null,null,null,null,null,null,null,null,null,null,null,null,null,null,null,null,null,null,278939826
TRND-Glioblastoma_LOPAC_T98G-primary_screen2,NCGC00015762-19,activity,null,4,0,-0.379,CCN1C=C(C(O)=O)C(=O)C2=C1C=C3OCOC3=C2,null,null,null,null,null,O0877,SIGMA,2021_LOPAC_01,null,null,Oxolinic acid,null,4,null,null,null,6.25,0,null,null,null,null,null,null,null,null,null,0,null,null,5.482,-0.768,4.764,null,null,null,null,null,null,null,null,null,null,KYGZCKSPAKDVKC,null,TRND,YMGxejTDpHZgqprWZh,null,null,null,null,null,null,null,null,null,14698-29-4,null,null,null,0,4,null,null,null,173032,null,1,1,2025-06-17 15:37:36,null,null,null,null,null,null,null,364795347,activity,null,HTS,null,-0.768,5.482,4.668,-0.379,null,null,null,null,null,null,null,null,null,null,null,null,null,null,null,null,null,null,null,null,null,278939827
TRND-Glioblastoma_LOPAC_T98G-primary_screen2,NCGC00015685-06,activity,null,4,-9.845,-1.78,CC(C)(CCP(O)(O)=O)C(O)=O,null,null,null,null,null,M5560,SIGMA,2021_LOPAC_01,null,null,(S)-MAP4 hydrochloride,null,4,null,null,null,13.152,-2.845,4.955,0.681,0.533,null,null,null,null,null,null,7,null,null,4.949,-8.204,7.592,8.598,null,null,null,null,null,null,null,null,null,SCXPEAQTFILILV,null,TRND,gKANfNbsDlajYmXiUF,null,null,null,null,CL,null,null,null,null,null,null,null,null,0,4,0,null,null,173032,0 0 0 0,1,1,2025-06-17 15:37:36,null,null,null,null,null,null,null,364793203,activity,null,HTS,null,4.949,-8.204,0.755,-1.78,null,null,null,null,null,null,null,null,null,null,null,null,null,null,null,null,null,null,null,null,null,278939828
TRND-Glioblastoma_LOPAC_T98G-primary_screen2,NCGC00015799-17,activity,null,4,-18.199,-13.499,CCCC(C(=O)OCCN(CC)CC)(C1=CC=CC=C1)C2=CC=CC=C2,null,null,null,null,null,P1061,SIGMA,2021_LOPAC_01,null,null,SKF-525A hydrochloride,null,4,null,null,null,18.784,-14.199,2.847,0.157,0.985,null,null,null,null,null,null,4,null,null,5.285,-13.499,4.198,6.435,null,null,null,null,null,null,null,null,null,SNTQPLDRUZOSDP,null,TRND,qVEtADMDygnJIvRHco,null,null,null,null,CL,null,null,null,null,62-68-0,null,null,null,0,4,0,null,null,173032,0 0 0 0,1,1,2025-06-17 15:37:36,null,null,null,null,null,null,null,364792215,activity,null,HTS,null,2.802,5.285,-0.252,-13.499,null,null,null,null,null,null,null,null,null,null,null,null,null,null,null,null,null,null,null,null,null,278939829
TRND-Glioblastoma_LOPAC_T98G-primary_screen2,NCGC00485144-04,activity,10,-2.1,-90.783,-95.639,COC(=O)C1=C(C)NC(C)=C(C1C2=CC=CC(NC(=O)NCCCN3CCC(CC3)C4=CC(OC)=CC=C4)=C2)C(=O)OC,null,null,null,null,null,B5063,SIGMA,2021_LOPAC_01,-5,null,BMS-193885,null,-2.1,null,null,null,91.016,-95.83,4.504,0.015,1,null,null,null,null,null,null,-5.047,null,null,-4.623,-95.639,-82.042,-80.056,null,null,null,null,null,null,null,null,null,WMYSXJSJXZFODY,null,TRND,JTrpzgqxIxBGyfVRJH,null,null,null,null,null,null,null,null,null,186185-03-5,null,null,null,0,4,0,null,null,173032,0 0 0 0,1,1,2025-06-17 15:37:36,null,null,null,null,null,null,null,364793807,activity,null,HTS,10.195223,-5.781,-4.623,-17.863,-95.639,null,null,null,null,null,null,null,null,null,null,null,null,null,null,null,null,null,null,null,null,null,278939830
TRND-Glioblastoma_LOPAC_T98G-primary_screen2,NCGC00016024-16,activity,null,4,0,14.206,O[C@@H]1[C@H](OC2=C(C1=O)C(O)=CC(O)=C2)C3=CC(O)=C(O)C=C3,null,null,null,null,null,T4512,SIGMA,2021_LOPAC_01,null,null,(±)-Taxifolin,null,4,null,null,null,8.205,0,null,null,null,null,null,null,null,null,null,0,null,null,15.294,7.089,60.681,null,null,null,null,null,null,null,null,null,null,CXQWRCVTCMQVQX,null,TRND,fsuiXTXTaMQxditJcY,null,NF-kappaB (NFKB) modulator,null,null,H2O,null,null,null,null,480-18-2,NFKB1,null,null,0,4,null,null,null,173032,null,1,1,2025-06-17 15:37:36,null,null,null,null,null,null,null,364795423,activity,null,HTS,null,15.294,7.089,8.316,14.206,null,null,null,null,null,null,null,null,null,null,null,null,null,null,null,null,null,null,null,null,null,278939831
TRND-Glioblastoma_LOPAC_T98G-primary_screen2,NCGC00093851-15,activity,5.011872,-2.4,-29.345,-13.204,CCCCCCCCCCCCCCCCCCOC[C@H](COP([O-])(=O)OCC[N+](C)(C)C)OC,null,null,null,null,null,E1779,SIGMA,2021_LOPAC_01,-5.3,null,ET-18-OCH3,null,4,null,null,null,25.885,-15.845,1.134,0.039,0.999,null,null,null,null,null,null,13.5,null,null,12.681,-13.204,31.865,31.161,null,null,null,null,null,null,null,null,null,MHFRGQHAERHWKZ,null,TRND,MDbIZSvQSJlRcHYuYh,null,null,null,null,null,null,null,null,null,[NO STEREO] 70641-51-9,null,null,null,0,4,0,null,null,173032,0 0 0 0,1,1,2025-06-17 15:37:36,null,null,null,null,null,null,null,364791803,activity,null,HTS,null,12.681,8.34,-3.166,-13.204,null,null,null,null,null,null,null,null,null,null,null,null,null,null,null,null,null,null,null,null,null,278939832
TRND-Glioblastoma_LOPAC_T98G-primary_screen2,NCGC00482656-02,activity,null,4,-14.69,-7.241,COC1=C(OC)C2=C3[C@@H](CC4=CC=CC=C24)N(C)CCC3=C1,null,null,null,null,null,SML2230,SIGMA,2021_LOPAC_01,null,null,Nuciferine,null,4,null,null,null,16.625,-7.69,3.065,0.378,0.901,null,null,null,null,null,null,7,null,null,9.384,-7.241,16.096,22.28,null,null,null,null,null,null,null,null,null,ORJVQPIHKOARKV,null,TRND,FXubkEPNTbSTxUrLnC,null,null,null,null,null,null,null,null,null,475-83-2,null,null,null,0,4,0,null,null,173032,0 0 0 0,1,1,2025-06-17 15:37:36,null,null,null,null,null,null,null,364792495,activity,null,HTS,null,4.086,9.384,2.868,-7.241,null,null,null,null,null,null,null,null,null,null,null,null,null,null,null,null,null,null,null,null,null,278939833
TRND-Glioblastoma_LOPAC_T98G-primary_screen2,NCGC00025046-10,activity,null,4,-11.523,3.764,CC1=NC(\C=C\C2=CC=CC=C2)=CC=C1,null,null,null,null,null,S9311,SIGMA,2021_LOPAC_01,null,null,SIB 1893,null,4,null,null,null,11.095,0.977,4.955,0.462,0.842,null,null,null,null,null,null,12.5,null,null,10.243,-0.852,29.708,30.3,null,null,null,null,null,null,null,null,null,SISOFUCTXZKSOQ,null,TRND,MPWEfJWkAgRQIOyDeN,null,null,null,null,null,null,null,null,null,null,null,null,null,0,4,0,null,null,173032,0 0 0 0,1,1,2025-06-17 15:37:36,null,null,null,null,null,null,null,364794207,activity,null,HTS,null,10.243,-0.852,-0.144,3.764,null,null,null,null,null,null,null,null,null,null,null,null,null,null,null,null,null,null,null,null,null,278939834
TRND-Glioblastoma_LOPAC_T98G-primary_screen2,NCGC00263099-09,activity,1.778279,-1.4,-55.977,-51.109,COC1=C(OC)C=C2C(=C1)N=CN=C2N3N=C(N=C3N)C4=NC=CC=C4,null,null,null,null,null,SML1115,SIGMA,2021_LOPAC_01,-5.75,null,CP466722,null,-1.2,null,null,null,57.939,-56.453,2.333,0.197,0.975,null,null,null,null,null,null,-0.476,null,null,-1.23,-59.169,-84.82,-84.078,null,null,null,null,null,null,null,null,null,ILBRKJBKDGCSCB,null,TRND,VqhtkNJYouwFrgAfrg,null,ATM Kinase inhibitor,null,null,null,null,null,null,null,null,ATM,null,null,0,4,0,null,null,173032,0 0 0 0,1,1,2025-06-17 15:37:36,null,null,null,null,null,null,null,364792251,activity,null,HTS,4.276764,-1.23,-18.835,-59.169,-51.109,null,null,null,null,null,null,null,null,null,null,null,null,null,null,null,null,null,null,null,null,null,278939835
TRND-Glioblastoma_LOPAC_T98G-primary_screen2,NCGC00025308-06,activity,null,4,-14.869,-5.724,CCN1C(=O)N=C(C2=CC(Cl)=CC=C2)C3=C1N=C(CC)C=C3,null,null,null,null,null,Y4877,SIGMA,2021_LOPAC_01,null,null,YM 976,null,4,null,null,null,14.839,-6.369,2.588,0.114,0.992,null,null,null,null,null,null,8.5,null,null,9.115,-5.724,30.852,29.699,null,null,null,null,null,null,null,null,null,MNHXYNNKDDXKNP,null,TRND,sxFxjHYimOTKDxsneb,null,null,null,null,null,null,null,null,null,null,null,null,null,0,4,0,null,null,173032,0 0 0 0,1,1,2025-06-17 15:37:36,null,null,null,null,null,null,null,364791087,activity,null,HTS,null,9.115,7.586,4.668,-5.724,null,null,null,null,null,null,null,null,null,null,null,null,null,null,null,null,null,null,null,null,null,278939836
TRND-Glioblastoma_LOPAC_T98G-primary_screen2,NCGC00378809-02,activity,10,-2.2,-55.954,-53.061,CCCCN1C(CN(CC2=CC=C3OCOC3=C2)CC4=CC5=C(OCO5)C=C4)=C(N=C1C6=CC=CC=C6)C7=CC=CC=C7,null,null,null,null,null,SML2278,SIGMA,2021_LOPAC_01,-5,null,NDT9513727,null,-2.2,null,null,null,52.045,-56.673,2.248,0.016,1,null,null,null,null,null,null,-0.719,null,null,-1.016,-53.061,-42.956,-42.634,null,null,null,null,null,null,null,null,null,ITACCRHKSPSKKL,null,TRND,ibkbofYPSiEsrxQDPr,null,null,null,null,null,null,null,null,null,null,null,null,null,0,4,0,null,null,173032,0 0 0 0,1,1,2025-06-17 15:37:36,null,null,null,null,null,null,null,364793959,activity,null,HTS,24.493937,-1.016,-1.132,-16.378,-53.061,null,null,null,null,null,null,null,null,null,null,null,null,null,null,null,null,null,null,null,null,null,278939837
TRND-Glioblastoma_LOPAC_T98G-primary_screen2,NCGC00015694-14,activity,null,4,-15.124,-11.353,COC1=CC2=C(NC=C2CCN)C=C1,null,null,null,null,null,M6628,SIGMA,2021_LOPAC_01,null,null,O-Methylserotonin hydrochloride,null,4,null,null,null,15.296,-11.124,4.955,0.021,1,null,null,null,null,null,null,4,null,null,3.942,-11.353,0.675,0.985,null,null,null,null,null,null,null,null,null,JTEJPPKMYBDEMY,null,TRND,HjXJEfMwHpLrbpYSOg,null,null,null,null,CL,null,null,null,null,66-83-1,null,null,null,0,4,0,null,null,173032,0 0 0 0,1,1,2025-06-17 15:37:36,null,null,null,null,null,null,null,364794499,activity,null,HTS,null,3.942,3.912,-10.055,-11.353,null,null,null,null,null,null,null,null,null,null,null,null,null,null,null,null,null,null,null,null,null,278939838
TRND-Glioblastoma_LOPAC_T98G-primary_screen2,NCGC00094201-07,activity,null,4,-23.959,-17.466,C[C@@H](CC1=CC(O)=C(O)C=C1)[C@H](C)CC2=CC=C(O)C(O)=C2,null,null,null,null,null,N5023,SIGMA,2021_LOPAC_01,null,null,Nordihydroguaiaretic acid from Larrea divaricata (creosote bush),null,4,null,null,null,23.915,-20.459,4.955,0.241,0.962,null,null,null,null,null,null,3.5,null,null,6.45,-17.466,1.737,5.355,null,null,null,null,null,null,null,null,null,HCZKYJDFEPMADG,null,TRND,gdFdZwSMRrSLkvqbRt,null,Insulin-like growth factor 1 receptor inhibitor,null,null,null,null,null,null,null,27686-84-6,IGF1R,null,null,0,4,0,null,null,173032,0 0 0 0,1,1,2025-06-17 15:37:36,null,null,null,null,null,null,null,364795419,activity,null,HTS,null,1.577,2.906,6.45,-17.466,null,null,null,null,null,null,null,null,null,null,null,null,null,null,null,null,null,null,null,null,null,278939839
TRND-Glioblastoma_LOPAC_T98G-primary_screen2,NCGC00690020-01,activity,null,4,0,3.66,NC(=O)C1=CC=C(OCCCN2C[C@@H]3CCC[C@@H]3C2)C=C1,null,null,null,null,null,SML2177,SIGMA,2021_LOPAC_01,null,null,S 38093-2,null,4,null,null,null,2.612,0,null,null,null,null,null,null,null,null,null,0,null,null,5.691,3.079,22.835,null,null,null,null,null,null,null,null,null,null,MRNMYWNBLVJWKG,null,TRND,znHXkomeJDsioLjEur,null,null,null,null,CL,null,null,null,null,1403835-46-0,null,null,null,0,4,null,null,null,173032,null,1,1,2025-06-17 15:37:36,null,null,null,null,null,null,null,364793451,activity,null,HTS,null,5.691,4.241,3.079,3.66,null,null,null,null,null,null,null,null,null,null,null,null,null,null,null,null,null,null,null,null,null,278939840
TRND-Glioblastoma_LOPAC_T98G-primary_screen2,NCGC00015704-19,activity,null,4,0,-2.517,CN(C)CCN(CC1=CC=CS1)C2=CC=CC=N2,null,null,null,null,null,M9125,SIGMA,2021_LOPAC_01,null,null,Methapyrilene hydrochloride,null,4,null,null,null,6.676,0,null,null,null,null,null,null,null,null,null,0,null,null,4.159,-2.517,8.793,null,null,null,null,null,null,null,null,null,null,HNJJXZKZRAWDPF,null,TRND,GSrKwrGAGkENchIHbW,null,null,null,null,CL,null,null,null,null,135-23-9,null,null,null,0,4,null,null,null,173032,null,1,1,2025-06-17 15:37:36,null,null,null,null,null,null,null,364794203,activity,null,HTS,null,2.68,-0.33,4.159,-2.517,null,null,null,null,null,null,null,null,null,null,null,null,null,null,null,null,null,null,null,null,null,278939841
TRND-Glioblastoma_LOPAC_T98G-primary_screen2,NCGC00015477-09,activity,null,4,-13.99,-12.491,CN1C=C(C(=O)OCC2CCN(CCN[S+](C)([O-])=O)CC2)C3=C1C=CC=C3,null,null,null,null,null,G5918,SIGMA,2021_LOPAC_01,null,null,GR 113808,null,4,null,null,null,15.103,-13.49,4.955,0.39,0.894,null,null,null,null,null,null,0.5,null,null,2.612,-12.491,0.088,-4.509,null,null,null,null,null,null,null,null,null,IZNTVHGHVCNTRD,null,TRND,TgvXRpYPtbJszmlgRg,null,null,null,null,null,null,null,null,null,144625-51-4,null,null,null,0,4,0,null,null,173032,0 0 0 0,1,1,2025-06-17 15:37:36,null,null,null,null,null,null,null,364793267,activity,null,HTS,null,2.612,-2.552,1.701,-12.491,null,null,null,null,null,null,null,null,null,null,null,null,null,null,null,null,null,null,null,null,null,278939842
TRND-Glioblastoma_LOPAC_T98G-primary_screen2,NCGC00387092-05,activity,null,4,-10,1.47,CCN(CC)CC1=CC=C(C=C1)C(=O)N(CCC2=CC=CC=C2OC)[C@@H]3CCNC3,null,null,null,null,null,SML0667,SIGMA,2021_LOPAC_01,null,null,PF-429242 dihydrochloride,null,4,null,null,null,10.55,1.5,3.929,0.137,0.988,null,null,null,null,null,null,11.5,null,null,12.02,1.47,40.689,42.184,null,null,null,null,null,null,null,null,null,XKPJTOHUPQWSOJ,null,TRND,LymvbYitVxVqPDKqTm,null,null,null,null,CL,null,null,null,null,null,null,null,null,0,4,0,null,null,173032,0 0 0 0,1,1,2025-06-17 15:37:36,null,null,null,null,null,null,null,364790583,activity,null,HTS,null,10.768,12.02,2.337,1.47,null,null,null,null,null,null,null,null,null,null,null,null,null,null,null,null,null,null,null,null,null,278939843
TRND-Glioblastoma_LOPAC_T98G-primary_screen2,NCGC00186040-03,activity,null,4,-14.039,-2.303,N[C@@H]([C@H](CC1=CC=CC=C1)C(O)=O)C(O)=O,null,null,null,null,null,B6436,SIGMA,2021_LOPAC_01,null,null,L-Beta-threo-benzyl-aspartate,null,4,null,null,null,11.732,-2.539,4.955,0.099,0.994,null,null,null,null,null,null,11.5,null,null,8.783,-2.949,19.732,19.391,null,null,null,null,null,null,null,null,null,KMVYGTIPJNGNRD,null,TRND,UDYnewxDEtNmJQSHvr,null,null,null,null,AMMONIA,null,null,null,null,null,null,null,null,0,4,0,null,null,173032,0 0 0 0,1,1,2025-06-17 15:37:36,null,null,null,null,null,null,null,364794063,activity,null,HTS,null,8.783,-2.949,-1.959,-2.303,null,null,null,null,null,null,null,null,null,null,null,null,null,null,null,null,null,null,null,null,null,278939844
TRND-Glioblastoma_LOPAC_T98G-primary_screen2,NCGC00024780-11,activity,null,4,0,-1.873,CNC(=N)NCCC[C@H](N)C(O)=O,null,null,null,null,null,M7033,SIGMA,2021_LOPAC_01,null,null,NG-Monomethyl-L-arginine acetate,null,4,null,null,null,15.149,0,null,null,null,null,null,null,null,null,null,0,null,null,8.635,-6.514,24.274,null,null,null,null,null,null,null,null,null,null,NTNWOCRCBQPEKQ,null,TRND,rJngPLGiYjIvFAMDuj,null,null,null,null,ACETIC-ACID,null,null,null,null,null,null,null,null,0,4,null,null,null,173032,null,1,1,2025-06-17 15:37:36,null,null,null,null,null,null,null,364791959,activity,null,HTS,null,8.635,-6.514,8.361,-1.873,null,null,null,null,null,null,null,null,null,null,null,null,null,null,null,null,null,null,null,null,null,278939845
TRND-Glioblastoma_LOPAC_T98G-primary_screen2,NCGC00690009-01,activity,19.952623,5,74.522,8.574,CO[C@H]1CC[C@@H](O[C@H]2C[C@@H](O[C@]3(O[C@H](C[C@@H]3C)[C@H]4O[C@@](O)(CO)[C@H](C)C[C@@H]4C)[C@@H]2C)[C@]5(C)CC[C@]6(C[C@H](O)[C@@H](C)[C@H](O6)[C@@H](C)\C=C(/C)C(=O)[C@H](C)C[C@H](C)C(O)=O)O5)O[C@@H]1C,null,null,null,null,null,SML2251,SIGMA,2021_LOPAC_01,-4.7,null,Nanchangmycin,null,4,null,null,null,92.828,13.859,4.955,0.546,0.755,null,null,null,null,null,null,-60.663,null,null,8.574,-84.254,-198.053,-248.521,null,null,null,null,null,null,null,null,null,FELYAZAWTURXNF,null,TRND,BzqShWRHivMNpioVKA,null,null,null,null,null,null,null,null,null,null,null,null,null,0,4,0,null,null,173032,0 0 0 0,1,1,2025-06-17 15:37:36,null,null,null,null,null,null,null,364795395,activity,null,HTS,null,-36.574,-60.305,-84.254,8.574,null,null,null,null,null,null,null,null,null,null,null,null,null,null,null,null,null,null,null,null,null,278939846
TRND-Glioblastoma_LOPAC_T98G-primary_screen2,NCGC00159330-11,activity,null,4,0,5.825,CN1C2=C(N(CC3OCCO3)C=N2)C(=O)N(C)C1=O,null,null,null,null,null,SML1522,SIGMA,2021_LOPAC_01,null,null,Doxofylline,null,4,null,null,null,7.931,0,null,null,null,null,null,null,null,null,null,0,null,null,5.825,-2.106,-1.373,null,null,null,null,null,null,null,null,null,null,HWXIGFIVGWUZAO,null,TRND,oLqHCDTNFOawFdtdkx,null,Adenosine Receptor A1 antagonist,null,null,null,null,null,null,null,69975-86-6,ADORA1,null,null,0,4,null,null,null,173032,null,1,1,2025-06-17 15:37:36,null,null,null,null,null,null,null,364794231,activity,null,HTS,null,-0.839,-2.106,-0.91,5.825,null,null,null,null,null,null,null,null,null,null,null,null,null,null,null,null,null,null,null,null,null,278939847
TRND-Glioblastoma_LOPAC_T98G-primary_screen2,NCGC00386242-05,activity,1,-1.2,-52.371,-72.169,CC(C)[C@@H]1N(C)C(=O)[C@@H](CC2=CC=CC=C2)NC(=O)[C@H](CC(O)=O)NC(=O)CNC(=O)[C@H](CCCNC(N)=N)NC1=O,null,null,null,null,null,SML1594,SIGMA,2021_LOPAC_01,-6,null,Cilengitide trifluoroacetic acid salt,null,-1.2,null,null,null,46.001,-72.773,1.558,0.017,1,null,null,null,null,null,null,-20.402,null,null,-26.168,-72.169,-196.149,-196.862,null,null,null,null,null,null,null,null,null,AMLYAMJWYAIXIA,null,TRND,OVjanevTLQftNOfqci,null,null,null,null,null,null,null,null,null,188968-51-6,null,null,null,0,4,0,null,null,173032,0 0 0 0,1,1,2025-06-17 15:37:36,null,null,null,null,null,null,null,364794663,activity,null,HTS,1.65666,-26.168,-52.098,-70.331,-72.169,null,null,null,null,null,null,null,null,null,null,null,null,null,null,null,null,null,null,null,null,null,278939848
TRND-Glioblastoma_LOPAC_T98G-primary_screen2,NCGC00015692-19,activity,null,4,0,-1.184,COC1=CC(C(O)C(C)N)=C(OC)C=C1,null,null,null,null,null,M6524,SIGMA,2021_LOPAC_01,null,null,Methoxamine hydrochloride,null,4,null,null,null,8.053,0,null,null,null,null,null,null,null,null,null,0,null,null,6.868,-1.184,8.462,null,null,null,null,null,null,null,null,null,null,WJAJPNHVVFWKKL,null,TRND,THupDaKBhDWSXJGsLv,null,null,null,null,CL,null,null,null,null,[NO STEREO] 61-16-5,null,null,null,0,4,null,null,null,173032,null,1,1,2025-06-17 15:37:36,null,null,null,null,null,null,null,364793219,activity,null,HTS,null,0.167,6.868,5.467,-1.184,null,null,null,null,null,null,null,null,null,null,null,null,null,null,null,null,null,null,null,null,null,278939849
TRND-Glioblastoma_LOPAC_T98G-primary_screen2,NCGC00015353-06,activity,null,4,-20.325,-7.354,FC1=CC=C(C=C1)C(C2=CC=C(F)C=C2)=C3CCN(CCN4C(=O)C5C=CC=CC5=NC4=S)CC3,null,null,null,null,null,D5794,SIGMA,2021_LOPAC_01,null,null,Diacylglycerol Kinase Inhibitor II,null,4,null,null,null,14.19,-10.325,0.6,0.324,0.93,null,null,null,null,null,null,10,null,null,6.836,-7.354,13.919,11.621,null,null,null,null,null,null,null,null,null,ITBAGYWFZWAHMB,null,TRND,CXKcRESDAjpUfXdhxi,null,null,null,null,null,null,null,null,null,null,null,null,null,0,4,0,null,null,173032,0 0 0 0,1,1,2025-06-17 15:37:36,null,null,null,null,null,null,null,364793075,activity,null,HTS,null,6.836,-0.136,-1.559,-7.354,null,null,null,null,null,null,null,null,null,null,null,null,null,null,null,null,null,null,null,null,null,278939850
TRND-Glioblastoma_LOPAC_T98G-primary_screen2,NCGC00013724-25,activity,null,4,0,0.377,[H][C@](CO)(C(=O)OC1CC2C3OC3C(C1)[N+]2(C)C)C4=CC=CC=C4,null,null,null,null,null,S2250,SIGMA,2021_LOPAC_01,null,null,(-)-Scopolamine methyl nitrate,null,4,null,null,null,5.762,0,null,null,null,null,null,null,null,null,null,0,null,null,6.139,0.377,9.353,null,null,null,null,null,null,null,null,null,null,LZCOQTDXKCNBEE,null,TRND,GaNnplnWSKdBTtaEIp,null,null,null,null,NITRIC_ACID,null,null,null,null,[NO STEREO] 6106-46-3,null,null,null,0,4,null,null,null,173032,null,1,1,2025-06-17 15:37:36,null,null,null,null,null,null,null,364794455,activity,null,HTS,null,1.065,6.139,2.732,0.377,null,null,null,null,null,null,null,null,null,null,null,null,null,null,null,null,null,null,null,null,null,278939851
TRND-Glioblastoma_LOPAC_T98G-primary_screen2,NCGC00021222-08,activity,null,4,-14.5,0.436,C[C@]12CC[C@H]3[C@@H](CCC4=CC(=O)CC[C@]34C)[C@@H]1CC[C@]2(O)C(=O)CO,null,null,null,null,null,R0500,SIGMA,2021_LOPAC_01,null,null,Cortexolone,null,4,null,null,null,13.571,0,2.333,0.065,0.997,null,null,null,null,null,null,14.5,null,null,14.006,0.436,51.533,52.677,null,null,null,null,null,null,null,null,null,WHBHBVVOGNECLV,null,TRND,DcMcGhtnKvcAWeLyli,null,null,null,null,null,null,null,null,null,152-58-9,null,null,null,0,4,0,null,null,173032,0 0 0 0,1,1,2025-06-17 15:37:36,null,null,null,null,null,null,null,364795151,activity,null,HTS,null,14.006,13.877,3.913,0.436,null,null,null,null,null,null,null,null,null,null,null,null,null,null,null,null,null,null,null,null,null,278939852
TRND-Glioblastoma_LOPAC_T98G-primary_screen2,NCGC00166414-25,activity,null,4,0,-2.328,NC1=NC(=O)C2=C(NC=C2CCC3=CC=C(C=C3)C(=O)N[C@@H](CCC(O)=O)C(O)=O)N1,null,null,null,null,null,SML1490,SIGMA,2021_LOPAC_01,null,null,Pemetrexed disodium heptahydrate ,null,4,null,null,null,5.769,0,null,null,null,null,null,null,null,null,null,0,null,null,-0.436,-6.205,-20.853,null,null,null,null,null,null,null,null,null,null,WBXPDJSOTKVWSJ,null,TRND,GCJUBlEOyaTRvAtUMC,null,Thymidylate Synthase inhibitor,null,null,SODIUM,null,null,null,null,null,TYMS,null,null,0,4,null,null,null,173032,null,1,1,2025-06-17 15:37:36,null,null,null,null,null,null,null,364794115,activity,null,HTS,null,-6.205,-0.436,-3.01,-2.328,null,null,null,null,null,null,null,null,null,null,null,null,null,null,null,null,null,null,null,null,null,278939853
TRND-Glioblastoma_LOPAC_T98G-primary_screen2,NCGC00016092-16,activity,null,4,22.429,-12.873,COC1=C(C=CC=C1)N2CCN(CCN(C(=O)C3CCCCC3)C4=CC=CC=N4)CC2,null,null,null,null,null,W108,SIGMA,2021_LOPAC_01,null,null,WAY-100635 maleate,null,4,null,null,null,20.799,1.5,4.955,1,0.739,null,null,null,null,null,null,-20.929,null,null,6.692,-14.108,-39.304,-36.42,null,null,null,null,null,null,null,null,null,SBPRIAGPYFYCRT,null,TRND,HeKHQIPcoAvQMghpWq,null,null,null,null,MALEATE,null,null,null,null,null,null,null,null,0,4,1,null,null,173032,0 0 0 1,1,1,2025-06-17 15:37:36,null,null,null,null,null,null,null,364792267,activity,null,HTS,null,-14.108,6.692,-3.942,-12.873,null,null,null,null,null,null,null,null,null,null,null,null,null,null,null,null,null,null,null,null,null,278939854
TRND-Glioblastoma_LOPAC_T98G-primary_screen2,NCGC00016010-19,activity,null,4,0,4.158,CC(C)(C)NCC(O)C1=CC(O)=CC(O)=C1,null,null,null,null,null,T2528,SIGMA,2021_LOPAC_01,null,null,Terbutaline hemisulfate,null,4,null,null,null,5.935,0,null,null,null,null,null,null,null,null,null,0,null,null,10.093,4.158,38.808,null,null,null,null,null,null,null,null,null,null,XWTYSIMOBUGWOL,null,TRND,eNggOlPRHcjTKkxMaV,null,null,null,null,H-SULFATE,null,null,null,null,23031-25-6,null,null,null,0,4,null,null,null,173032,null,1,1,2025-06-17 15:37:36,null,null,null,null,null,null,null,364790931,activity,null,HTS,null,10.093,7.871,4.451,4.158,null,null,null,null,null,null,null,null,null,null,null,null,null,null,null,null,null,null,null,null,null,278940365
TRND-Glioblastoma_LOPAC_T98G-primary_screen2,NCGC00015851-18,activity,null,4,-28.223,-19.769,CNCCCC1C2=C(C=CC=C2)C=CC3=C1C=CC=C3,null,null,null,null,null,P8813,SIGMA,2021_LOPAC_01,null,null,Protriptyline hydrochloride,null,4,null,null,null,27.726,-20.723,2.952,0.029,0.999,null,null,null,null,null,null,7.5,null,null,7.956,-19.769,18.449,17.446,null,null,null,null,null,null,null,null,null,BWPIARFWQZKAIA,null,TRND,jRktSCvaWieDTrCEbk,null,null,null,null,CL,null,null,null,null,1225-55-4,null,null,null,0,4,0,null,null,173032,0 0 0 0,1,1,2025-06-17 15:37:36,null,null,null,null,null,null,null,364791219,activity,null,HTS,null,7.956,7.27,2.405,-19.769,null,null,null,null,null,null,null,null,null,null,null,null,null,null,null,null,null,null,null,null,null,278940366
TRND-Glioblastoma_LOPAC_T98G-primary_screen2,NCGC00095217-13,activity,19.952623,-3,-39.466,-33.765,OC1=CC=C2C(=O)C=C(OC2=C1O)C3=CC=CC=C3,null,null,null,null,null,D5446,SIGMA,2021_LOPAC_01,-4.7,null,"7,8-Dihydroxyflavone hydrate",null,-3,null,null,null,39.935,-36.466,4.955,0.239,0.963,null,null,null,null,null,null,3,null,null,6.17,-33.765,-16.498,-5.251,null,null,null,null,null,null,null,null,null,COCYGNDCWFKTMF,null,TRND,ioNurjoEmdrSofylaQ,null,null,null,null,null,null,null,null,null,null,null,null,null,0,4,0,null,null,173032,0 0 0 0,1,1,2025-06-17 15:37:36,null,null,null,null,null,null,null,364792523,activity,null,HTS,null,-2.149,6.17,4.153,-33.765,null,null,null,null,null,null,null,null,null,null,null,null,null,null,null,null,null,null,null,null,null,278940367
TRND-Glioblastoma_LOPAC_T98G-primary_screen2,NCGC00093828-15,activity,null,4,-17.5,5.646,[O-][N+](=O)C1=CC=C(C=C1)C2=NC(=C(N2)C3=CC=NC=C3)C4=CC=C(F)C=C4,null,null,null,null,null,P9248,SIGMA,2021_LOPAC_01,null,null,PD 169316,null,4,null,null,null,19.493,0.5,4.955,0.643,0.608,null,null,null,null,null,null,18,null,null,25.139,5.646,69.193,78.172,null,null,null,null,null,null,null,null,null,BGIYKDUASORTBB,null,TRND,bswNRrzEywXjPfFbOB,null,Mitogen-Activated Protein Kinase p38 inhibitor,null,null,null,null,null,null,null,152121-53-4,MAPK14,null,null,0,4,0,null,null,173032,0 0 0 0,1,1,2025-06-17 15:37:36,null,null,null,null,null,null,null,364790539,activity,null,HTS,null,13.565,15.742,25.139,5.646,null,null,null,null,null,null,null,null,null,null,null,null,null,null,null,null,null,null,null,null,null,278940368
TRND-Glioblastoma_LOPAC_T98G-primary_screen2,NCGC00162100-08,activity,null,4,10.34,-3.297,CN(C)CC[C@@H](C1=CC=C(Br)C=C1)C2=CC=CC=N2,null,null,null,null,null,B5275,SIGMA,2021_LOPAC_01,null,null,(+)-BRompheniramine maleate,null,4,null,null,null,11.291,5.5,4.955,1,0.694,null,null,null,null,null,null,-4.84,null,null,3.507,-7.783,-5.308,-11.478,null,null,null,null,null,null,null,null,null,ZDIGNSYAACHWNL,null,TRND,kvoTOjkosTrSwEhQXU,null,null,null,null,MALEATE,null,null,null,null,179403,null,null,null,0,4,1,null,null,173032,0 0 0 1,1,1,2025-06-17 15:37:36,null,null,null,null,null,null,null,364795179,activity,null,HTS,null,-1.501,-7.783,3.507,-3.297,null,null,null,null,null,null,null,null,null,null,null,null,null,null,null,null,null,null,null,null,null,278940369
TRND-Glioblastoma_LOPAC_T98G-primary_screen2,NCGC00024928-52,activity,11.220185,-3,-98.956,-91.226,CC\C(C1=CC=CC=C1)=C(/C2=CC=CC=C2)C3=CC=C(OCCN(C)C)C=C3,null,null,null,null,null,T9262,SIGMA,2021_LOPAC_01,-4.95,null,Tamoxifen citrate,null,-3,null,null,null,100.719,-91.956,4.955,0.049,0.999,null,null,null,null,null,null,7,null,null,9.493,-91.226,-27.628,-23.78,null,null,null,null,null,null,null,null,null,NKANXQFJJICGDU,null,TRND,kCkWkFeXIlyUQEjUcn,null,Selective Estrogen Receptor modulator (SERM),null,null,TRICARBOACID,null,null,null,null,54965-24-1,ESR1,null,null,0,4,0,null,null,173032,0 0 0 0,1,1,2025-06-17 15:37:36,null,null,null,null,null,null,null,364790891,activity,null,HTS,11.624485,4.994,9.493,-0.236,-91.226,null,null,null,null,null,null,null,null,null,null,null,null,null,null,null,null,null,null,null,null,null,278940370
TRND-Glioblastoma_LOPAC_T98G-primary_screen2,NCGC00481105-03,activity,null,4,-21.52,-13.767,CC(=O)C1=C(C)N(C(=O)N[C@@H]1C2=CN=C(C=C2)C#N)C3=CC=CC(=C3)C(F)(F)F,null,null,null,null,null,SML1563,SIGMA,2021_LOPAC_01,null,null,BAY-678 ,null,4,null,null,null,15.874,-18.52,0.91,0.024,1,null,null,null,null,null,null,3,null,null,2.107,-13.767,-6.504,-6.805,null,null,null,null,null,null,null,null,null,PGIVGIFOWOVINL,null,TRND,iNigHxhpEgVOMNxoqG,null,Neutrophil Elastase inhibitor,null,null,null,null,null,null,null,null,ELANE,null,null,0,4,0,null,null,173032,0 0 0 0,1,1,2025-06-17 15:37:36,null,null,null,null,null,null,null,364794023,activity,null,HTS,null,2.107,-0.57,-6.744,-13.767,null,null,null,null,null,null,null,null,null,null,null,null,null,null,null,null,null,null,null,null,null,278940371
TRND-Glioblastoma_LOPAC_T98G-primary_screen2,NCGC00015379-10,activity,null,4,0,-3.294,NC(=O)COC1=C(F)C=C(SCCN[S+]([O-])(=O)C2=CC=CC=C2)C=C1F,null,null,null,null,null,D8941,SIGMA,2021_LOPAC_01,null,null,"2,6-Difluoro-4-[2-(phenylsulfonylamino)ethylthio]phenoxyacetamide",null,4,null,null,null,3.421,0,null,null,null,null,null,null,null,null,null,0,null,null,-1.053,-4.474,-17.128,null,null,null,null,null,null,null,null,null,null,WLZUCAKZZVXXEB,null,TRND,iEJrfOZoFEsxZBcudm,null,null,null,null,null,null,null,null,null,null,null,null,null,0,4,null,null,null,173032,null,1,1,2025-06-17 15:37:36,null,null,null,null,null,null,null,364795155,activity,null,HTS,null,-4.474,-1.053,-3.211,-3.294,null,null,null,null,null,null,null,null,null,null,null,null,null,null,null,null,null,null,null,null,null,278940372
TRND-Glioblastoma_LOPAC_T98G-primary_screen2,NCGC00094374-16,activity,12.589254,-3,-62.695,-52.838,CC[C@H](CO)NC1=NC(NCC2=CC=CC=C2)=C3N=CN(C(C)C)C3=N1,null,null,null,null,null,R7772,SIGMA,2021_LOPAC_01,-4.9,null,Roscovitine,null,-3,null,null,null,64.21,-53.695,4.504,0.084,0.996,null,null,null,null,null,null,9,null,null,11.372,-52.838,12.074,7.367,null,null,null,null,null,null,null,null,null,BTIHMVBBUGXLCJ,null,TRND,EgNLJLCwUeSienCGhf,null,Cyclin-Dependent Kinase 9 inhibitor,null,null,null,null,null,null,null,186692-46-6,CDK9,null,null,0,4,0,null,null,173032,0 0 0 0,1,1,2025-06-17 15:37:36,null,null,null,null,null,null,null,364790759,activity,null,HTS,22.447712,11.372,6.458,5.403,-52.838,null,null,null,null,null,null,null,null,null,null,null,null,null,null,null,null,null,null,null,null,null,278940373
TRND-Glioblastoma_LOPAC_T98G-primary_screen2,NCGC00015027-06,activity,null,4,-10.212,-1.647,CC(C)(C)C1=C(CC([NH3+])C([O-])=O)C(O)=NO1,null,null,null,null,null,A263,SIGMA,2021_LOPAC_01,null,null,ATPA,null,4,null,null,null,14.004,-3.712,4.955,0.493,0.814,null,null,null,null,null,null,6.5,null,null,8.827,-5.177,11.904,18.11,null,null,null,null,null,null,null,null,null,PIXJURSCCVBKRF,null,TRND,UGwifnQDkwFTSbnaIZ,null,null,null,null,null,null,null,null,null,null,null,null,null,0,4,0,null,null,173032,0 0 0 0,1,1,2025-06-17 15:37:36,null,null,null,null,null,null,null,364793699,activity,null,HTS,null,3.683,8.827,-5.177,-1.647,null,null,null,null,null,null,null,null,null,null,null,null,null,null,null,null,null,null,null,null,null,278940374
TRND-Glioblastoma_LOPAC_T98G-primary_screen2,NCGC00590154-02,activity,10,-2.2,-80.25,-75.658,OC(=O)CCC1=CC=C(N1C2=CC=CC=C2C(F)(F)F)C3=CC=C(Br)C=C3,null,null,null,null,null,SML2186,SIGMA,2021_LOPAC_01,-5,null,Poloppin,null,-2.2,null,null,null,76.745,-79.25,2.588,0.012,1,null,null,null,null,null,null,1,null,null,1.087,-75.658,-50.04,-50.579,null,null,null,null,null,null,null,null,null,OCUKOJUZSNFVFQ,null,TRND,SJWxZKqtPiVrrbIWzw,null,null,null,null,null,null,null,null,null,null,null,null,null,0,4,0,null,null,173032,0 0 0 0,1,1,2025-06-17 15:37:36,null,null,null,null,null,null,null,364790439,activity,null,HTS,12.301422,1.087,1.064,-20.06,-75.658,null,null,null,null,null,null,null,null,null,null,null,null,null,null,null,null,null,null,null,null,null,278940375
TRND-Glioblastoma_LOPAC_T98G-primary_screen2,NCGC00015084-08,activity,null,4,0,-4.823,NC(=N)C1=CC=C(N)C=C1,null,null,null,null,null,A7148,SIGMA,2021_LOPAC_01,null,null,4-Aminobenzamidine dihydrochloride,null,4,null,null,null,1.96,0,null,null,null,null,null,null,null,null,null,0,null,null,-4.103,-6.062,-21.459,null,null,null,null,null,null,null,null,null,null,WPANETAWYGDRLL,null,TRND,dReEGvIiFCmxSdykvj,null,null,null,null,CL,null,null,null,null,null,null,null,null,0,4,null,null,null,173032,null,1,1,2025-06-17 15:37:36,null,null,null,null,null,null,null,364794347,activity,null,HTS,null,-4.103,-4.72,-6.062,-4.823,null,null,null,null,null,null,null,null,null,null,null,null,null,null,null,null,null,null,null,null,null,278940376
TRND-Glioblastoma_LOPAC_T98G-primary_screen2,NCGC00178854-19,activity,null,4,0,-2.238,CN(C)[C@H]1[C@@H]2C[C@@H]3Cc4c(ccc(O)c4C(=O)C3=C(O)[C@]2(O)C(=O)C(C(N)=O)=C1O)N(C)C,null,null,null,null,null,M9511,SIGMA,2021_LOPAC_01,null,null,Minocycline hydrochloride,null,4,null,null,null,6.691,0,null,null,null,null,null,null,null,null,null,0,null,null,4.453,-2.238,12.743,null,null,null,null,null,null,null,null,null,null,DYKFCLLONBREIL,null,TRND,kVDQfyOeDHLisdmFjF,null,null,null,null,CL,null,null,null,null,null,null,null,null,0,4,null,null,null,173032,null,1,1,2025-06-17 15:37:36,null,null,null,null,null,null,null,364790863,activity,null,HTS,null,4.453,-1.145,3.376,-2.238,null,null,null,null,null,null,null,null,null,null,null,null,null,null,null,null,null,null,null,null,null,278940377
TRND-Glioblastoma_LOPAC_T98G-primary_screen2,NCGC00016102-11,activity,null,4,-21.001,-12.501,COC1=C(OC)C=C(CCN(C)CCC2=CC(OC)=C(OC)C=C2)C=C1,null,null,null,null,null,Y101,SIGMA,2021_LOPAC_01,null,null,YS-035 hydrochloride,null,4,null,null,null,20.556,-12.501,2.333,0.034,0.999,null,null,null,null,null,null,8.5,null,null,8.055,-12.501,8.541,9.237,null,null,null,null,null,null,null,null,null,OXZMQFKVNVQMLI,null,TRND,maEOjFhCLoAtmXSjEX,null,null,null,null,CL,null,null,null,null,null,null,null,null,0,4,0,null,null,173032,0 0 0 0,1,1,2025-06-17 15:37:36,null,null,null,null,null,null,null,364791643,activity,null,HTS,null,8.055,1.609,-11.963,-12.501,null,null,null,null,null,null,null,null,null,null,null,null,null,null,null,null,null,null,null,null,null,278940378
TRND-Glioblastoma_LOPAC_T98G-primary_screen2,NCGC00014483-26,activity,null,4,-22.548,-20.457,CNCCC=C1C2=C(CCC3=C1C=CC=C3)C=CC=C2,null,null,null,null,null,N7261,SIGMA,2021_LOPAC_01,null,null,Nortriptyline hydrochloride,null,4,null,null,null,24.319,-23.048,4.955,0.415,0.876,null,null,null,null,null,null,-0.5,null,null,3.862,-20.457,-22.942,-12.788,null,null,null,null,null,null,null,null,null,PHVGLTMQBUFIQQ,null,TRND,jRktSCBasJVqBfsLoq,null,null,null,null,CL,null,null,null,null,894-71-3,null,null,null,0,4,0,null,null,173032,0 0 0 0,1,1,2025-06-17 15:37:36,null,null,null,null,null,null,null,364794795,activity,null,HTS,null,-5.149,-0.858,3.862,-20.457,null,null,null,null,null,null,null,null,null,null,null,null,null,null,null,null,null,null,null,null,null,278940379
TRND-Glioblastoma_LOPAC_T98G-primary_screen2,NCGC00015564-07,activity,null,4,0,-4.029,NC1=NC2=C(N=CC(=O)N2)C(=O)N1,null,null,null,null,null,I7388,SIGMA,2021_LOPAC_01,null,null,Isoxanthopterin,null,4,null,null,null,6.388,0,null,null,null,null,null,null,null,null,null,0,null,null,2.359,-4.029,-3.35,null,null,null,null,null,null,null,null,null,null,GLKCOBIIZKYKFN,null,TRND,iFKYjhQvyDuNrkQmey,null,null,null,null,null,null,null,null,null,null,null,null,null,0,4,null,null,null,173032,null,1,1,2025-06-17 15:37:36,null,null,null,null,null,null,null,364795019,activity,null,HTS,null,-0.855,2.359,-0.727,-4.029,null,null,null,null,null,null,null,null,null,null,null,null,null,null,null,null,null,null,null,null,null,278940380
TRND-Glioblastoma_LOPAC_T98G-primary_screen2,NCGC00025229-14,activity,null,4,-18.807,-3.172,CC1CCN(CC[C@H]2CCCN2[S+]([O-])(=O)C3=CC=CC(O)=C3)CC1,null,null,null,null,null,S7389,SIGMA,2021_LOPAC_01,null,null,SB 269970 hydrochloride,null,4,null,null,null,15.38,-2.807,1.134,0.138,0.988,null,null,null,null,null,null,16,null,null,12.208,-3.172,34.31,33.183,null,null,null,null,null,null,null,null,null,ADASQKFWVCVYSW,null,TRND,ZCMZembWBqUIATWkLJ,null,null,null,null,CL,null,null,null,null,null,null,null,null,0,4,0,null,null,173032,0 0 0 0,1,1,2025-06-17 15:37:36,null,null,null,null,null,null,null,364791307,activity,null,HTS,null,12.208,3.402,-0.401,-3.172,null,null,null,null,null,null,null,null,null,null,null,null,null,null,null,null,null,null,null,null,null,278940381
TRND-Glioblastoma_LOPAC_T98G-primary_screen2,NCGC00689831-01,activity,null,4,0,-5.556,[O-]S(=N)(=O)CC1=NOC2=CC=CC=C12,null,null,null,null,null,Z2001,SIGMA,2021_LOPAC_01,null,null,Zonisamide sodium,null,4,null,null,null,9.92,0,null,null,null,null,null,null,null,null,null,0,null,null,4.364,-5.556,13.143,null,null,null,null,null,null,null,null,null,null,UBQNRHZMVUUOMG,null,TRND,wVsdkwMJjDROBGJryG,null,null,null,null,null,null,null,null,null,null,null,null,null,0,4,null,null,null,173032,null,1,1,2025-06-17 15:37:36,null,null,null,null,null,null,null,364793559,activity,null,HTS,null,4,4.364,2.738,-5.556,null,null,null,null,null,null,null,null,null,null,null,null,null,null,null,null,null,null,null,null,null,278940382
TRND-Glioblastoma_LOPAC_T98G-primary_screen2,NCGC00163700-23,activity,0.891251,5,-16.912,-73.77,CC[C@]1(O)C[C@H]2CN(CCC3=C([NH]C4=C3C=CC=C4)[C@@](C2)(C(=O)OC)C5=CC6=C(C=C5OC)N(C=O)[C@H]7[C@](O)([C@H](OC(C)=O)[C@]8(CC)\C=C/CN9CC[C@]67[C@H]89)C(=O)OC)C1,null,null,null,null,null,V8879,SIGMA,2021_LOPAC_01,-6.05,null,Vincristine sulfate,null,-1.2,null,null,null,14.51,-74.024,1.644,0.026,1,null,null,null,null,null,null,-57.112,null,null,-59.26,-73.77,-302.337,-302.119,null,null,null,null,null,null,null,null,null,OGWKCGZFUXNPDA,null,TRND,nSTRTkRYRcuFXUouZr,null,Tubulin polymerization inhibitor,null,null,SULFURIC_ACID,null,null,null,null,[NO STEREO] 57-22-7,TUBB,null,null,0,4,0,null,null,173032,0 0 0 0,1,1,2025-06-17 15:37:36,null,null,null,null,null,null,null,364790971,activity,null,HTS,null,-59.26,-68.305,-73.456,-73.77,null,null,null,null,null,null,null,null,null,null,null,null,null,null,null,null,null,null,null,null,null,278940383
TRND-Glioblastoma_LOPAC_T98G-primary_screen2,NCGC00094916-11,activity,null,4,9.429,-1.335,CC(C(O)=O)C1=CC=C(C=C1)C(=O)C2=CC=CS2,null,null,null,null,null,SML1495,SIGMA,2021_LOPAC_01,null,null,null,null,4,null,null,null,10.009,10,4.955,1,0.736,null,null,null,null,null,null,0.571,null,null,7.985,-2.025,17.124,12.953,null,null,null,null,null,null,null,null,null,MDKGKXOCJGEUJW,null,TRND,qmhsGROtvpqKHAEspS,null,null,null,null,null,null,null,null,null,40828-46-4,null,null,null,0,4,1,null,null,173032,0 0 0 1,1,1,2025-06-17 15:37:36,null,null,null,null,null,null,null,364793863,activity,null,HTS,null,3.156,-2.025,7.985,-1.335,null,null,null,null,null,null,null,null,null,null,null,null,null,null,null,null,null,null,null,null,null,278940384
TRND-Glioblastoma_LOPAC_T98G-primary_screen2,NCGC00016087-23,activity,null,4,17.049,17.487,NC(CCC(O)=O)C=C,null,null,null,null,null,V8261,SIGMA,2021_LOPAC_01,null,null,(±)-gamma-Vinyl GABA,null,4,null,null,null,17.945,18.5,4.955,0.464,0.839,null,null,null,null,null,null,1.451,null,null,17.487,-0.458,13.571,15.175,null,null,null,null,null,null,null,null,null,PJDFLNIOAUIZSL,null,TRND,GsWziEUhQIPnQkJhkl,null,null,null,null,null,null,null,null,null,68506-86-5,null,null,null,0,4,0,null,null,173032,0 0 0 0,1,1,2025-06-17 15:37:36,null,null,null,null,null,null,null,364795431,activity,null,HTS,null,-0.004,6.738,-0.458,17.487,null,null,null,null,null,null,null,null,null,null,null,null,null,null,null,null,null,null,null,null,null,278940385
TRND-Glioblastoma_LOPAC_T98G-primary_screen2,NCGC00090705-29,activity,null,4,-10.578,-5.065,NC1=NC(=O)N(C=C1)[C@H]2CC[C@@H](CO)O2,null,null,null,null,null,D5782,SIGMA,2021_LOPAC_01,null,null,"2 ,3 -dideoxycytidine",null,4,null,null,null,11.659,-5.578,2.333,0.306,0.938,null,null,null,null,null,null,5,null,null,6.594,-5.065,12.951,15.045,null,null,null,null,null,null,null,null,null,WREGKURFCTUGRC,null,TRND,qjKTHMVzHSqofrAzsP,null,null,null,null,null,null,null,null,null,7481-89-2,null,null,null,0,4,0,null,null,173032,0 0 0 0,1,1,2025-06-17 15:37:36,null,null,null,null,null,null,null,364792435,activity,null,HTS,null,3.746,6.594,0.873,-5.065,null,null,null,null,null,null,null,null,null,null,null,null,null,null,null,null,null,null,null,null,null,278940386
TRND-Glioblastoma_LOPAC_T98G-primary_screen2,NCGC00094213-05,activity,null,4,-12.284,0.029,[H][C@@]12CCC3C4CC[C@H](C(=O)CO)[C@@]4(C)CCC3[C@@]1(C)CC[C@@H](O)C2,null,null,null,null,null,P2016,SIGMA,2021_LOPAC_01,null,null,"3-alpha,21-Dihydroxy-5-alpha-pregnan-20-one",null,4,null,null,null,12.709,1.216,4.955,0.582,0.71,null,null,null,null,null,null,13.5,null,null,12.055,-0.654,37.451,35.687,null,null,null,null,null,null,null,null,null,CYKYBWRSLLXBOW,null,TRND,JNlbXjalQArsJtBQFX,null,null,null,null,null,null,null,null,null,[NO STEREO] 567-03-3,null,null,null,0,4,0,null,null,173032,0 0 0 0,1,1,2025-06-17 15:37:36,null,null,null,null,null,null,null,364791591,activity,null,HTS,null,12.055,-0.654,6.346,0.029,null,null,null,null,null,null,null,null,null,null,null,null,null,null,null,null,null,null,null,null,null,278940387
TRND-Glioblastoma_LOPAC_T98G-primary_screen2,NCGC00015273-35,activity,null,4,-26.221,-23.934,CN(C)CCCN1C2=C(SC3=C1C=C(Cl)C=C3)C=CC=C2,null,null,null,null,null,C8138,SIGMA,2021_LOPAC_01,null,null,Chlorpromazine hydrochloride,null,4,null,null,null,29.842,-24.221,4.955,0.281,0.948,null,null,null,null,null,null,2,null,null,5.908,-23.934,3.742,-4.627,null,null,null,null,null,null,null,null,null,ZPEIMTDSQAKGNT,null,TRND,qGTzKMrusZjEacttJa,null,null,null,null,CL,null,null,null,null,69-09-0,null,null,null,0,4,0,null,null,173032,0 0 0 0,1,1,2025-06-17 15:37:36,null,null,null,null,null,null,null,364790823,activity,null,HTS,null,5.908,-1.525,1.423,-23.934,null,null,null,null,null,null,null,null,null,null,null,null,null,null,null,null,null,null,null,null,null,278940388
TRND-Glioblastoma_LOPAC_T98G-primary_screen2,NCGC00015060-30,activity,1.995262,-1.1,-83.005,-82.53,CN1C=NC(=C1SC2=C3NC=NC3=NC=N2)[N+]([O-])=O,null,null,null,null,null,A4638,SIGMA,2021_LOPAC_01,-5.7,null,Azathioprine,null,-1.1,null,null,null,81.671,-82.535,2.253,0.011,1,null,null,null,null,null,null,0.47,null,null,-0.859,-82.53,-115.809,-114.863,null,null,null,null,null,null,null,null,null,LMEKQMALGUDUQG,null,TRND,KGivICRqPrYrLFDzOK,null,hypoxanthine-guanine phosphoribosyltransferase (HGPRTase) inhibitor,null,null,null,null,null,null,null,446-86-6,HPRT1,null,null,0,4,0,null,null,173032,0 0 0 0,1,1,2025-06-17 15:37:36,null,null,null,null,null,null,null,364791743,activity,null,HTS,2.414582,-0.859,-22.958,-77.219,-82.53,null,null,null,null,null,null,null,null,null,null,null,null,null,null,null,null,null,null,null,null,null,278940389
TRND-Glioblastoma_LOPAC_T98G-primary_screen2,NCGC00386309-08,activity,19.952623,-3,-101.945,-94.394,CCC(=O)NC1=CC=CC(OC2=NC(NC3=C(OC)C=C(C=C3)N4CCN(C)CC4)=NC=C2Cl)=C1,null,null,null,null,null,SML1445,SIGMA,2021_LOPAC_01,-4.7,null,WZ4003,null,-3,null,null,null,100.523,-101.945,4.955,0.131,0.989,null,null,null,null,null,null,0,null,null,6.129,-94.394,-50.634,-49.977,null,null,null,null,null,null,null,null,null,SDGJBAUIGHSMRI,null,TRND,jXpIBdBKEiwTvftuKX,null,NUAK family SNF1-like kinase 1 inhibitor,null,null,null,null,null,null,null,null,NUAK1,null,null,0,4,0,null,null,173032,0 0 0 0,1,1,2025-06-17 15:37:36,null,null,null,null,null,null,null,364794883,activity,null,HTS,19.799526,-0.56,-5.357,6.129,-94.394,null,null,null,null,null,null,null,null,null,null,null,null,null,null,null,null,null,null,null,null,null,278940390
TRND-Glioblastoma_LOPAC_T98G-primary_screen2,NCGC00095165-18,activity,7.943282,-2.4,-41.992,-29.576,CCCCCCNC(=O)N1C=C(F)C(=O)NC1=O,null,null,null,null,null,C1494,SIGMA,2021_LOPAC_01,-5.1,null,Carmofur,null,4,null,null,null,35.521,-35.492,1.248,0.006,1,null,null,null,null,null,null,6.5,null,null,5.945,-29.576,-5.827,-5.973,null,null,null,null,null,null,null,null,null,AOCCBINRVIKJHY,null,TRND,KdrhBCVdbfpdpiXnNx,null,Thymidylate Synthase inhibitor,null,null,null,null,null,null,null,61422-45-5,TYMS,null,null,0,4,0,null,null,173032,0 0 0 0,1,1,2025-06-17 15:37:36,null,null,null,null,null,null,null,364792587,activity,null,HTS,null,5.945,2.476,-12.166,-29.576,null,null,null,null,null,null,null,null,null,null,null,null,null,null,null,null,null,null,null,null,null,278940391
TRND-Glioblastoma_LOPAC_T98G-primary_screen2,NCGC00186002-03,activity,null,4,-4.86,-4.27,C[C@](CC1=CC=C(O)C(O)=C1)(NN)C(O)=O,null,null,null,null,null,C1335,SIGMA,2021_LOPAC_01,null,null,S-(-)-Carbidopa,null,4,null,null,null,10.408,-4.86,4.955,0.742,0.363,null,null,null,null,null,null,0,null,null,4.692,-5.716,-15.726,-5.836,null,null,null,null,null,null,null,null,null,TZFNLOMSOLWIDK,null,TRND,JmlFwGaIVRytVdWOTi,null,null,null,null,null,null,null,null,null,28860-95-9,null,null,null,0,4,0,null,null,173032,0 0 0 0,1,1,2025-06-17 15:37:36,null,null,null,null,null,null,null,364794223,activity,null,HTS,null,-4.599,4.692,-5.716,-4.27,null,null,null,null,null,null,null,null,null,null,null,null,null,null,null,null,null,null,null,null,null,278940392
TRND-Glioblastoma_LOPAC_T98G-primary_screen2,NCGC00015428-36,activity,null,4,-25.243,-15.202,CNCCC(OC1=CC=C(C=C1)C(F)(F)F)C2=CC=CC=C2,null,null,null,null,null,F132,SIGMA,2021_LOPAC_01,null,null,Fluoxetine hydrochloride,null,4,null,null,null,19.721,-18.243,0.6,0.585,0.705,null,null,null,null,null,null,7,null,null,4.519,-15.202,-2.702,-6.648,null,null,null,null,null,null,null,null,null,RTHCYVBBDHJXIQ,null,TRND,CITvcWKcZDwqPRkQWy,null,null,null,null,CL,null,null,null,null,56296-78-7,null,null,null,0,4,0,null,null,173032,0 0 0 0,1,1,2025-06-17 15:37:36,null,null,null,null,null,null,null,364795279,activity,null,HTS,null,4.519,-7.283,-3.092,-15.202,null,null,null,null,null,null,null,null,null,null,null,null,null,null,null,null,null,null,null,null,null,278940393
TRND-Glioblastoma_LOPAC_T98G-primary_screen2,NCGC00093926-19,activity,null,4,11.024,2.117,C[C@H]1O[C@H]([C@H](O)[C@@H]1O)N2C=C(F)C(=O)NC2=O,null,null,null,null,null,F8791,SIGMA,2021_LOPAC_01,null,null,5-fluoro-5 -deoxyuridine,null,4,null,null,null,16.555,9.5,4.955,1,0.406,null,null,null,null,null,null,-1.524,null,null,8.202,-8.353,18.891,5.432,null,null,null,null,null,null,null,null,null,ZWAOHEXOSAUJHY,null,TRND,MIJKmTwFQsFvNJHKSj,null,Thymidylate Synthase inhibitor,null,null,null,null,null,null,null,436349,TYMS,null,null,0,4,1,null,null,173032,0 0 0 1,1,1,2025-06-17 15:37:36,null,null,null,null,null,null,null,364793983,activity,null,HTS,null,5.29,-8.353,8.202,2.117,null,null,null,null,null,null,null,null,null,null,null,null,null,null,null,null,null,null,null,null,null,278940394
TRND-Glioblastoma_LOPAC_T98G-primary_screen2,NCGC00093546-05,activity,null,4,-14.007,3.794,[H][C@]1(CCN1)C(O)=O,null,null,null,null,null,A0760,SIGMA,2021_LOPAC_01,null,null,L-azetidine-2-carboxylic acid,null,4,null,null,null,18.333,0.493,4.955,0.403,0.885,null,null,null,null,null,null,14.5,null,null,15.827,-2.506,48.374,50.881,null,null,null,null,null,null,null,null,null,IADUEWIQBXOCDZ,null,TRND,FUMQkwgZxQYfQDfobu,null,null,null,null,null,null,null,null,null,2133-34-8,null,null,null,0,4,0,null,null,173032,0 0 0 0,1,1,2025-06-17 15:37:36,null,null,null,null,null,null,null,364791679,activity,null,HTS,null,13.358,15.827,-2.506,3.794,null,null,null,null,null,null,null,null,null,null,null,null,null,null,null,null,null,null,null,null,null,278940395
TRND-Glioblastoma_LOPAC_T98G-primary_screen2,NCGC00186043-03,activity,null,4,0,0.74,O=C1\C(CC\C1=C/C2=CSC=C2)=C\C3=CC=CS3,null,null,null,null,null,C9369,SIGMA,2021_LOPAC_01,null,null,CCT007093,null,4,null,null,null,8.969,0,null,null,null,null,null,null,null,null,null,0,null,null,7.021,-1.947,-0.133,null,null,null,null,null,null,null,null,null,null,VUWTUVROCROVLD,null,TRND,LKwZlexbmoypfXNqkL,null,null,null,null,null,null,null,null,null,null,null,null,null,0,4,null,null,null,173032,null,1,1,2025-06-17 15:37:36,null,null,null,null,null,null,null,364792203,activity,null,HTS,null,-1.465,7.021,-1.947,0.74,null,null,null,null,null,null,null,null,null,null,null,null,null,null,null,null,null,null,null,null,null,278940396
TRND-Glioblastoma_LOPAC_T98G-primary_screen2,NCGC00024868-22,activity,null,4,0,11.232,CC(C)NCC(O)COC1=CC=C(COCCOC(C)C)C=C1,null,null,null,null,null,B2185,SIGMA,2021_LOPAC_01,null,null,Bisoprolol hemifumarate salt,null,4,null,null,null,3.851,0,null,null,null,null,null,null,null,null,null,0,null,null,15.082,11.232,63.633,null,null,null,null,null,null,null,null,null,null,VHYCDWMUTMEGQY,null,TRND,ReOlrwuNYiZAYSclsM,null,null,null,null,FUMARIC_ACID,null,null,null,null,66722-44-9,null,null,null,0,4,null,null,null,173032,null,1,1,2025-06-17 15:37:36,null,null,null,null,null,null,null,364795491,activity,null,HTS,null,13.434,15.082,14.166,11.232,null,null,null,null,null,null,null,null,null,null,null,null,null,null,null,null,null,null,null,null,null,278940397
TRND-Glioblastoma_LOPAC_T98G-primary_screen2,NCGC00386567-05,activity,null,4,-20.332,-11.11,FC(F)(F)C1=CC(=CC=C1)N2CCN(CCN3C(=O)NC4=CC=CC=C34)CC2,null,null,null,null,null,SML0797,SIGMA,2021_LOPAC_01,null,null,Flibanserin,null,4,null,null,null,17.468,-14.332,1.644,0.094,0.995,null,null,null,null,null,null,6,null,null,6.358,-11.11,15.5,15.156,null,null,null,null,null,null,null,null,null,PPRRDFIXUUSXRA,null,TRND,xEBrmeyKnNsGjPJtrv,null,5-HT1A Receptor agonist,null,null,null,null,null,null,null,167933-07-5,HTR1A,null,null,0,4,0,null,null,173032,0 0 0 0,1,1,2025-06-17 15:37:36,null,null,null,null,null,null,null,364790491,activity,null,HTS,null,6.358,4.596,0.691,-11.11,null,null,null,null,null,null,null,null,null,null,null,null,null,null,null,null,null,null,null,null,null,278940398
TRND-Glioblastoma_LOPAC_T98G-primary_screen2,NCGC00015146-27,activity,null,4,-12.879,-9.483,CN(C)CCC(C1=CC=C(Br)C=C1)C2=CC=CC=N2,null,null,null,null,null,B2390,SIGMA,2021_LOPAC_01,null,null,(±)-BRompheniramine maleate,null,4,null,null,null,15.911,-9.879,4.955,0.441,0.858,null,null,null,null,null,null,3,null,null,6.428,-9.483,-5.016,1.019,null,null,null,null,null,null,null,null,null,ZDIGNSYAACHWNL,null,TRND,kvoTOjkosTrSNbdMKm,null,null,null,null,MALEATE,null,null,null,null,980-71-2,null,null,null,0,4,0,null,null,173032,0 0 0 0,1,1,2025-06-17 15:37:36,null,null,null,null,null,null,null,364793403,activity,null,HTS,null,-0.036,6.428,-6.326,-9.483,null,null,null,null,null,null,null,null,null,null,null,null,null,null,null,null,null,null,null,null,null,278940774
TRND-Glioblastoma_LOPAC_T98G-primary_screen2,NCGC00015950-17,activity,null,4,-30.973,-5.811,OC1=C(Cl)C=C(NC2=C(C(=O)NC2=O)C3=C(C=CC=C3)[N+]([O-])=O)C=C1,null,null,null,null,null,S3567,SIGMA,2021_LOPAC_01,null,null,SB 415286,null,4,null,null,null,20.591,-10.973,0.5,0.416,0.876,null,null,null,null,null,null,20,null,null,14.78,-5.811,43.93,39.196,null,null,null,null,null,null,null,null,null,PQCXVIPXISBFPN,null,TRND,ZteeWdDsYeDxqihTCF,null,Glycogen Synthase Kinase 3 (GSK-3) inhibitor,null,null,null,null,null,null,null,null,GSK3B,null,null,0,4,0,null,null,173032,0 0 0 0,1,1,2025-06-17 15:37:36,null,null,null,null,null,null,null,364790851,activity,null,HTS,null,14.78,4.273,4.261,-5.811,null,null,null,null,null,null,null,null,null,null,null,null,null,null,null,null,null,null,null,null,null,278940775
TRND-Glioblastoma_LOPAC_T98G-primary_screen2,NCGC00015838-09,activity,null,4,-17.716,-15.18,CCC(=O)C1=CC2=C(SC3=C(C=CC=C3)N2CCCN(C)C)C=C1,null,null,null,null,null,P7780,SIGMA,2021_LOPAC_01,null,null,Propionylpromazine hydrochloride,null,4,null,null,null,21.666,-17.216,4.955,0.598,0.685,null,null,null,null,null,null,0.5,null,null,6.486,-15.18,-20.095,-5.852,null,null,null,null,null,null,null,null,null,ZQTVCQIJTREKSP,null,TRND,tQGplGGvHjTQkakSei,null,null,null,null,HCL,null,null,null,null,7681-67-6,null,null,null,0,4,0,null,null,173032,0 0 0 0,1,1,2025-06-17 15:37:36,null,null,null,null,null,null,null,364792467,activity,null,HTS,null,-6.477,6.486,1.9,-15.18,null,null,null,null,null,null,null,null,null,null,null,null,null,null,null,null,null,null,null,null,null,278940776
TRND-Glioblastoma_LOPAC_T98G-primary_screen2,NCGC00487315-03,activity,11.220185,-3,-41.279,-39.347,CN(C)C1=CC=C(NCC2=NC=CC=C2)C=C1,null,null,null,null,null,SML0134,SIGMA,2021_LOPAC_01,-4.95,null,L2-b,null,-3,null,null,null,48.761,-39.779,4.504,0.367,0.907,null,null,null,null,null,null,1.5,null,null,9.414,-39.347,-32.854,-17.023,null,null,null,null,null,null,null,null,null,RIKLBFYMQFBFJF,null,TRND,zswKOiIukcDMnTxAuK,null,null,null,null,null,null,null,null,null,null,null,null,null,0,4,0,null,null,173032,0 0 0 0,1,1,2025-06-17 15:37:36,null,null,null,null,null,null,null,364792843,activity,null,HTS,null,-6.256,9.414,-1.984,-39.347,null,null,null,null,null,null,null,null,null,null,null,null,null,null,null,null,null,null,null,null,null,278940777
TRND-Glioblastoma_LOPAC_T98G-primary_screen2,NCGC00183829-03,activity,null,4,0,5.073,OC(CC1=CN=C2C=CC=CN12)(P(O)(O)=O)P(O)(O)=O,null,null,null,null,null,SML2159,SIGMA,2021_LOPAC_01,null,null,Minodronic acid monohydrate,null,4,null,null,null,9.53,0,null,null,null,null,null,null,null,null,null,0,null,null,5.073,-4.457,5.152,null,null,null,null,null,null,null,null,null,null,VMMKGHQPQIEGSQ,null,TRND,iWdIiVuCdSuKFEyvWw,null,null,null,null,H2O,null,null,null,null,180064-38-4,null,null,null,0,4,null,null,null,173032,null,1,1,2025-06-17 15:37:36,null,null,null,null,null,null,null,364791535,activity,null,HTS,null,0.759,5.002,-4.457,5.073,null,null,null,null,null,null,null,null,null,null,null,null,null,null,null,null,null,null,null,null,null,278940778
TRND-Glioblastoma_LOPAC_T98G-primary_screen2,NCGC00025286-09,activity,null,4,-13,6.254,CN(C)C\C=C(\C1=CC=C(Br)C=C1)C2=CC=CN=C2,null,null,null,null,null,Z101,SIGMA,2021_LOPAC_01,null,null,Zimelidine dihydrochloride,null,4,null,null,null,10.929,0.5,4.955,0.711,0.455,null,null,null,null,null,null,13.5,null,null,17.183,6.254,48.35,59.58,null,null,null,null,null,null,null,null,null,OYPPVKRFBIWMSX,null,TRND,kvoTOjPyUFdqTgEpQY,null,null,null,null,CL,null,null,null,null,null,null,null,null,0,4,0,null,null,173032,0 0 0 0,1,1,2025-06-17 15:37:36,null,null,null,null,null,null,null,364795479,activity,null,HTS,null,7.927,15.808,17.183,6.254,null,null,null,null,null,null,null,null,null,null,null,null,null,null,null,null,null,null,null,null,null,278940779
TRND-Glioblastoma_LOPAC_T98G-primary_screen2,NCGC00015411-20,activity,2.818383,-1.1,-94.286,-80.953,CC1=C2NC3=C(C=CC=C3)C2=C(C)C4=CN=CC=C14,null,null,null,null,null,E3380,SIGMA,2021_LOPAC_01,-5.55,null,Ellipticine,null,-1.1,null,null,null,92.193,-82.286,1.928,0.018,1,null,null,null,null,null,null,12,null,null,11.24,-80.953,-63.484,-63.457,null,null,null,null,null,null,null,null,null,CTSPAMFJBXKSOY,null,TRND,NUlEbMLzHWKhYTKaeW,null,null,null,null,null,null,null,null,null,519-23-3,null,null,null,0,4,0,null,null,173032,0 0 0 0,1,1,2025-06-17 15:37:36,null,null,null,null,null,null,null,364794047,activity,null,HTS,3.535981,11.24,-6.549,-67.99,-80.953,null,null,null,null,null,null,null,null,null,null,null,null,null,null,null,null,null,null,null,null,null,278940780
TRND-Glioblastoma_LOPAC_T98G-primary_screen2,NCGC00246387-10,activity,4.466836,-2.2,-44.699,-39.074,CCOC(=O)C1=C(CSC2=CC=CC=C2)N(C)C3=CC(Br)=C(O)C(CN(C)C)=C13,null,null,null,null,null,SML0860,SIGMA,2021_LOPAC_01,-5.35,null,Arbidol hydrochloride,null,-2.2,null,null,null,40.376,-42.199,1.222,0.033,0.999,null,null,null,null,null,null,2.5,null,null,1.303,-39.074,-38.119,-38.914,null,null,null,null,null,null,null,null,null,KCFYEAOKVJSACF,null,TRND,bgbLcoGDQEoKAaxikf,null,null,null,null,CL,null,null,null,null,131707-25-0,null,null,null,0,4,0,null,null,173032,0 0 0 0,1,1,2025-06-17 15:37:36,null,null,null,null,null,null,null,364794331,activity,null,HTS,null,1.303,-5.785,-24.526,-39.074,null,null,null,null,null,null,null,null,null,null,null,null,null,null,null,null,null,null,null,null,null,278940781
TRND-Glioblastoma_LOPAC_T98G-primary_screen2,NCGC00015048-06,activity,null,4,6.09,4.722,NCCC#N,null,null,null,null,null,A3134,SIGMA,2021_LOPAC_01,null,null,3-Aminopropionitrile fumarate,null,4,null,null,null,10.568,7,4.955,0.648,0.603,null,null,null,null,null,null,0.91,null,null,9.243,-1.325,17.67,11.777,null,null,null,null,null,null,null,null,null,AGSPXMVUFBBBMO,null,TRND,zwJkrLmaFAxywZykGZ,null,null,null,null,FUMARIC_ACID,null,null,null,null,151-18-8,null,null,null,0,4,0,null,null,173032,0 0 0 0,1,1,2025-06-17 15:37:36,null,null,null,null,null,null,null,364793627,activity,null,HTS,null,3.477,-1.325,9.243,4.722,null,null,null,null,null,null,null,null,null,null,null,null,null,null,null,null,null,null,null,null,null,278940782
TRND-Glioblastoma_LOPAC_T98G-primary_screen2,NCGC00015487-18,activity,11.220185,-3,-30.546,-32.338,CC1CNCCN1[S+]([O-])(=O)C2=C3C=CN=CC3=CC=C2,null,null,null,null,null,I7016,SIGMA,2021_LOPAC_01,-4.95,null,1-(5-Isoquinolinylsulfonyl)-2-methylpiperazine dihydrochloride,null,-3,null,null,null,31.289,-32.805,3.677,0.077,0.996,null,null,null,null,null,null,-2.259,null,null,-1.049,-32.338,-26.332,-29.142,null,null,null,null,null,null,null,null,null,BDVFVCGFMNCYPV,null,TRND,gvDsUiZfbXYcsalXGy,null,null,null,null,CL,null,null,null,null,null,null,null,null,0,4,0,null,null,173032,0 0 0 0,1,1,2025-06-17 15:37:36,null,null,null,null,null,null,null,364793103,activity,null,HTS,null,-1.049,-3.192,-5.992,-32.338,null,null,null,null,null,null,null,null,null,null,null,null,null,null,null,null,null,null,null,null,null,278940783
TRND-Glioblastoma_LOPAC_T98G-primary_screen2,NCGC00015058-05,activity,null,4,-18,12.759,NOCC(O)=O,null,null,null,null,null,A4508,SIGMA,2021_LOPAC_01,null,null,O-(Carboxymethyl)hydroxylamine hemihydrochloride,null,4,null,null,null,17.514,3,4.955,1,0.714,null,null,null,null,null,null,21,null,null,19.131,1.617,65.858,58.018,null,null,null,null,null,null,null,null,null,NQRKYASMKDDGHT,null,TRND,PzcjrmRPIbHiZTWJTp,null,null,null,null,CL,null,null,null,null,645-88-5,null,null,null,0,4,1,null,null,173032,0 0 0 1,1,1,2025-06-17 15:37:36,null,null,null,null,null,null,null,364790463,activity,null,HTS,null,19.131,1.617,9.498,12.759,null,null,null,null,null,null,null,null,null,null,null,null,null,null,null,null,null,null,null,null,null,278940784
TRND-Glioblastoma_LOPAC_T98G-primary_screen2,NCGC00093872-06,activity,null,4,0,-2.007,CCCC[C@]1(CC2=CC(OCC(O)=O)=C(Cl)C(Cl)=C2C1=O)C3CCCC3,null,null,null,null,null,D129,SIGMA,2021_LOPAC_01,null,null,R(+)-Butylindazone,null,4,null,null,null,8.224,0,null,null,null,null,null,null,null,null,null,0,null,null,6.216,-2.007,20.336,null,null,null,null,null,null,null,null,null,null,YAWWQIFONIPBKT,null,TRND,SsRrtXSFRjUFpouMSE,null,null,null,null,null,null,null,null,null,null,null,null,null,0,4,null,null,null,173032,null,1,1,2025-06-17 15:37:36,null,null,null,null,null,null,null,364793671,activity,null,HTS,null,5.455,2.729,6.216,-2.007,null,null,null,null,null,null,null,null,null,null,null,null,null,null,null,null,null,null,null,null,null,278940785
TRND-Glioblastoma_LOPAC_T98G-primary_screen2,NCGC00162149-15,activity,null,4,-27.322,-19.851,[H][C@]12C[C@@]3([H])[C@H](N(C)C)C(O)=C(C(N)=O)C(=O)[C@@]3(O)C(O)=C1C(=O)C4=C(O)C=CC(Cl)=C4[C@H]2O,null,null,null,null,null,D6140,SIGMA,2021_LOPAC_01,null,null,Demeclocycline hydrochloride,null,4,null,null,null,30.096,-19.822,4.955,0.212,0.971,null,null,null,null,null,null,7.5,null,null,10.244,-19.851,24.098,18.651,null,null,null,null,null,null,null,null,null,FMTDIUIBLCQGJB,null,TRND,DZPknRLlsrSMXCRckA,null,null,null,null,CL,null,null,null,null,[NO STEREO] 64-73-3,null,null,null,0,4,0,null,null,173032,0 0 0 0,1,1,2025-06-17 15:37:36,null,null,null,null,null,null,null,364791819,activity,null,HTS,null,10.244,4.703,4.028,-19.851,null,null,null,null,null,null,null,null,null,null,null,null,null,null,null,null,null,null,null,null,null,278940786
TRND-Glioblastoma_LOPAC_T98G-primary_screen2,NCGC00095133-17,activity,null,4,0,3.968,CC(=O)OCC(CCN1C=NC2=CN=C(N)N=C12)COC(C)=O,null,null,null,null,null,F7932,SIGMA,2021_LOPAC_01,null,null,Famciclovir,null,4,null,null,null,9.467,0,null,null,null,null,null,null,null,null,null,0,null,null,7.143,-2.325,21.35,null,null,null,null,null,null,null,null,null,null,GGXKWVWZWMLJEH,null,TRND,wTnARUHImCpkahqQTQ,null,null,null,null,null,null,null,null,null,104227-87-4,null,null,null,0,4,null,null,null,173032,null,1,1,2025-06-17 15:37:36,null,null,null,null,null,null,null,364795043,activity,null,HTS,null,7.143,-2.325,1.525,3.968,null,null,null,null,null,null,null,null,null,null,null,null,null,null,null,null,null,null,null,null,null,278940787
TRND-Glioblastoma_LOPAC_T98G-primary_screen2,NCGC00390646-03,activity,7.943282,-2.4,-45.372,-36.21,C[C@@H](C1=NC(=CS1)C2=CC=C(C=C2)C#N)[C@](O)(CN3C=NC=N3)C4=CC(F)=CC=C4F,null,null,null,null,null,SML2357,SIGMA,2021_LOPAC_01,-5.1,null,Isavuconazole,null,-2.2,null,null,null,44.209,-39.372,1.885,0.184,0.978,null,null,null,null,null,null,6,null,null,7.999,-36.21,-16.411,-8.699,null,null,null,null,null,null,null,null,null,DDFOUSQFMYRUQK,null,TRND,KZLMxuoQTqNWDXCNCf,null,null,null,null,null,null,null,null,null,241479-67-4,null,null,null,0,4,0,null,null,173032,0 0 0 0,1,1,2025-06-17 15:37:36,null,null,null,null,null,null,null,364791391,activity,null,HTS,null,2.399,7.999,-13.76,-36.21,null,null,null,null,null,null,null,null,null,null,null,null,null,null,null,null,null,null,null,null,null,278940788
TRND-Glioblastoma_LOPAC_T98G-primary_screen2,NCGC00016013-17,activity,null,4,-12.412,-7.843,CC(CN(C)C)CN1C2=C(CCC3=C1C=CC=C3)C=CC=C2,null,null,null,null,null,T3146,SIGMA,2021_LOPAC_01,null,null,Trimipramine maleate,null,4,null,null,null,16.187,-7.912,3.512,0.521,0.785,null,null,null,null,null,null,4.5,null,null,8.344,-7.843,5.23,13.021,null,null,null,null,null,null,null,null,null,ZSCDBOWYZJWBIY,null,TRND,XnYIXNOWNFnEDHpuob,null,null,null,null,MALEATE,null,null,null,null,521-78-8|138283-60-0|138283-61-1,null,null,null,0,4,0,null,null,173032,0 0 0 0,1,1,2025-06-17 15:37:36,null,null,null,null,null,null,null,364792851,activity,null,HTS,null,0.753,8.344,2.048,-7.843,null,null,null,null,null,null,null,null,null,null,null,null,null,null,null,null,null,null,null,null,null,278940789
TRND-Glioblastoma_LOPAC_T98G-primary_screen2,NCGC00167836-05,activity,15.848932,-3,-73.353,-73.994,OC1=CC=C2NC3=CC(=C4C(=O)NC(=O)C4=C3C2=C1)C5=CC=CC=C5,null,null,null,null,null,PZ0111,SIGMA,2021_LOPAC_01,-4.8,null,PD-407824,null,-3,null,null,null,79.004,-77.353,4.095,0.349,0.916,null,null,null,null,null,null,-4,null,null,5.01,-73.994,-42.552,-57.039,null,null,null,null,null,null,null,null,null,IAUZTOZLTFSMIE,null,TRND,LZleRdrLaCBNJHFpno,null,null,null,null,null,null,null,null,null,null,null,null,null,0,4,0,null,null,173032,0 0 0 0,1,1,2025-06-17 15:37:36,null,null,null,null,null,null,null,364790943,activity,null,HTS,18.364234,5.01,-19.072,-6.048,-73.994,null,null,null,null,null,null,null,null,null,null,null,null,null,null,null,null,null,null,null,null,null,278940790
TRND-Glioblastoma_LOPAC_T98G-primary_screen2,NCGC00181048-08,activity,null,4,-17.362,-5.725,O=C(O[C@H]1C[C@H]2C[C@H]3C[C@@H](C1)N2CC3=O)C4=CNC5=CC=CC=C45,null,null,null,null,null,D9571,SIGMA,2021_LOPAC_01,null,null,DOLASETRON MESYLATE HYDRATE,null,4,null,null,null,20.349,-9.362,2.406,0.416,0.876,null,null,null,null,null,null,8,null,null,7.547,-12.802,8.343,8.948,null,null,null,null,null,null,null,null,null,UKTAZPQNNNJVKR,null,TRND,lXYnxEItSQENSrMmQS,null,null,null,null,SULFONICACID_V1,null,null,null,434295427,GRT01142,null,null,null,0,4,0,null,null,173032,0 0 0 0,1,1,2025-06-17 15:37:36,null,null,null,null,null,null,null,364792147,activity,null,HTS,null,7.547,-0.916,-12.802,-5.725,null,null,null,null,null,null,null,null,null,null,null,null,null,null,null,null,null,null,null,null,null,278940791
TRND-Glioblastoma_LOPAC_T98G-primary_screen2,NCGC00386387-04,activity,null,4,-11.08,-6.317,CC(C)(C)C1=CC=C(CN2CCN(CC2)C(C3=CC=CC=C3)C4=CC=C(Cl)C=C4)C=C1,null,null,null,null,null,SML1591,SIGMA,2021_LOPAC_01,null,null,Buclizine dihydrochloride,null,4,null,null,null,13.505,-6.58,4.955,0.413,0.879,null,null,null,null,null,null,4.5,null,null,7.189,-6.317,10.897,15.359,null,null,null,null,null,null,null,null,null,MOYGZHXDRJNJEP,null,TRND,fWdMXrZAHpbXupESgB,null,null,null,null,CL,null,null,null,null,null,null,null,null,0,4,0,null,null,173032,0 0 0 0,1,1,2025-06-17 15:37:36,null,null,null,null,null,null,null,364792503,activity,null,HTS,null,2.227,7.189,4.31,-6.317,null,null,null,null,null,null,null,null,null,null,null,null,null,null,null,null,null,null,null,null,null,278940792
TRND-Glioblastoma_LOPAC_T98G-primary_screen2,NCGC00015922-06,activity,null,4,8.374,2.702,CN1CCC2=C1C=CC(NC(=O)NC3=CC=CN=C3)=C2,null,null,null,null,null,S0568,SIGMA,2021_LOPAC_01,null,null,SB 200646 hydrochloride,null,4,null,null,null,10.509,4,4.955,0.704,0.478,null,null,null,null,null,null,-4.374,null,null,8.531,-1.978,2.615,2.568,null,null,null,null,null,null,null,null,null,AVGWYMLCNKIXFE,null,TRND,NqSgBbNBNqVgpMOjkC,null,null,null,null,null,null,null,null,null,null,null,null,null,0,4,0,null,null,173032,0 0 0 0,1,1,2025-06-17 15:37:36,null,null,null,null,null,null,null,364794307,activity,null,HTS,null,-1.978,8.531,1.032,2.702,null,null,null,null,null,null,null,null,null,null,null,null,null,null,null,null,null,null,null,null,null,278940793
TRND-Glioblastoma_LOPAC_T98G-primary_screen2,NCGC00015304-12,activity,null,4,0,11.62,C[N+]1(C)CCC(CC1)OC(=O)C(C2=CC=CC=C2)C3=CC=CC=C3,null,null,null,null,null,D104,SIGMA,2021_LOPAC_01,null,null,4-DAMP methiodide,null,4,null,null,null,8.42,0,null,null,null,null,null,null,null,null,null,0,null,null,17.545,9.124,51.606,null,null,null,null,null,null,null,null,null,null,HYJRTXSYDAFGJK,null,TRND,gqPvONAfTWLElXeeyb,null,null,null,null,I,null,null,null,null,null,null,null,null,0,4,null,null,null,173032,null,1,1,2025-06-17 15:37:36,null,null,null,null,null,null,null,364790475,activity,null,HTS,null,9.124,17.545,11.319,11.62,null,null,null,null,null,null,null,null,null,null,null,null,null,null,null,null,null,null,null,null,null,278940794
TRND-Glioblastoma_LOPAC_T98G-primary_screen2,NCGC00094391-06,activity,null,4,0,8.334,C[C@H](O)C(=O)C1=NC2=C(NC1)N=C(N)NC2=O,null,null,null,null,null,S154,SIGMA,2021_LOPAC_01,null,null,Sepiapterin,null,4,null,null,null,3.901,0,null,null,null,null,null,null,null,null,null,0,null,null,10.842,6.941,46.657,null,null,null,null,null,null,null,null,null,null,VPVOXUSPXFPWBN,null,TRND,atfekjAMhUKFLwmILm,null,null,null,null,null,null,null,null,null,17094-01-8,null,null,null,0,4,null,null,null,173032,null,1,1,2025-06-17 15:37:36,null,null,null,null,null,null,null,364790883,activity,null,HTS,null,10.842,6.941,10.494,8.334,null,null,null,null,null,null,null,null,null,null,null,null,null,null,null,null,null,null,null,null,null,278940795
TRND-Glioblastoma_LOPAC_T98G-primary_screen2,NCGC00013520-07,activity,null,4,-8.373,7.196,OC(=O)CC[C@H](N1C(=O)C2=C(C=CC=C2)C1=O)C(O)=O,null,null,null,null,null,P1801,SIGMA,2021_LOPAC_01,null,null,"L-Glutamic acid, N-phthaloyl-",null,4,null,null,null,12.506,-0.373,4.955,1,0.389,null,null,null,null,null,null,8,null,null,7.196,-5.31,19.801,16.929,null,null,null,null,null,null,null,null,null,FEFFSKLJNYRHQN,null,TRND,gNTWEOsxhJuebAxCyH,null,null,null,null,null,null,null,null,null,340-90-9,null,null,null,0,4,1,null,null,173032,0 0 0 1,1,1,2025-06-17 15:37:36,null,null,null,null,null,null,null,364795411,activity,null,HTS,null,6.433,-5.31,4.619,7.196,null,null,null,null,null,null,null,null,null,null,null,null,null,null,null,null,null,null,null,null,null,278940796
TRND-Glioblastoma_LOPAC_T98G-primary_screen2,NCGC00017364-23,activity,null,4,-7.999,-4.166,OC(=O)\C=C\C1=CC(O)=C(O)C=C1,null,null,null,null,null,C0625,SIGMA,2021_LOPAC_01,null,null,Caffeic Acid,null,4,null,null,null,13.131,-4.499,2.72,0.729,0.403,null,null,null,null,null,null,3.5,null,null,8.965,-4.166,-1.102,10.135,null,null,null,null,null,null,null,null,null,QAIPRVGONGVQAS,null,TRND,oMAXIgoFasZlWKCfKL,null,null,null,null,null,null,null,null,null,331-39-5,null,null,null,0,4,0,null,null,173032,0 0 0 0,1,1,2025-06-17 15:37:36,null,null,null,null,null,null,null,364793355,activity,null,HTS,null,-1.894,8.965,0.115,-4.166,null,null,null,null,null,null,null,null,null,null,null,null,null,null,null,null,null,null,null,null,null,278940797
TRND-Glioblastoma_LOPAC_T98G-primary_screen2,NCGC00015219-15,activity,null,4,0,4.26,C[N+](C)(C)CCO,null,null,null,null,null,C1754,SIGMA,2021_LOPAC_01,null,null,Choline bromide,null,4,null,null,null,5.776,0,null,null,null,null,null,null,null,null,null,0,null,null,4.26,-1.516,0.046,null,null,null,null,null,null,null,null,null,null,OEYIOHPDSNJKLS,null,TRND,VWXreUQkYcubIeFcjS,null,null,null,null,BR,null,null,null,null,10019,null,null,null,0,4,null,null,null,173032,null,1,1,2025-06-17 15:37:36,null,null,null,null,null,null,null,364791471,activity,null,HTS,null,-0.824,-1.516,1.649,4.26,null,null,null,null,null,null,null,null,null,null,null,null,null,null,null,null,null,null,null,null,null,278940798
TRND-Glioblastoma_LOPAC_T98G-primary_screen2,NCGC00015159-26,activity,null,4,0,8.067,CC(C)NCC(O)COC1=CC=C(CCOCC2CC2)C=C1,null,null,null,null,null,B5683,SIGMA,2021_LOPAC_01,null,null,Betaxolol hydrochloride,null,4,null,null,null,6.613,0,null,null,null,null,null,null,null,null,null,0,null,null,8.067,1.454,24.217,null,null,null,null,null,null,null,null,null,null,NWIUTZDMDHAVTP,null,TRND,iNhpKGxfJkuOhHQJLp,null,Beta-1 Adrenergic Receptor antagonist,null,null,CL,null,null,null,null,63659-19-8,ADRB1,null,null,0,4,null,null,null,173032,null,1,1,2025-06-17 15:37:36,null,null,null,null,null,null,null,364792639,activity,null,HTS,null,5.565,5.032,1.454,8.067,null,null,null,null,null,null,null,null,null,null,null,null,null,null,null,null,null,null,null,null,null,278940799
TRND-Glioblastoma_LOPAC_T98G-primary_screen2,NCGC00690008-01,activity,null,4,0,-2.219,CNC(=O)NC1=CC(OC2=CC(OC)=CN=C2)=C(C=N1)[C@H]3CCCOC3,null,null,null,null,null,SML1946,SIGMA,2021_LOPAC_01,null,null,AM-9074,null,4,null,null,null,3.314,0,null,null,null,null,null,null,null,null,null,0,null,null,0.8,-2.514,-6.669,null,null,null,null,null,null,null,null,null,null,APSOPISMEDAYTH,null,TRND,ZOVXRDAaGZhqxmCulj,null,null,null,null,null,null,null,null,null,null,null,null,null,0,4,null,null,null,173032,null,1,1,2025-06-17 15:37:36,null,null,null,null,null,null,null,364792999,activity,null,HTS,null,-1.551,0.8,-2.514,-2.219,null,null,null,null,null,null,null,null,null,null,null,null,null,null,null,null,null,null,null,null,null,278940800
TRND-Glioblastoma_LOPAC_T98G-primary_screen2,NCGC00093739-25,activity,null,4,-12.013,-6.677,[H][C@]1(CCC(=O)N1C)C2=CN=CC=C2,null,null,null,null,null,C5923,SIGMA,2021_LOPAC_01,null,null,(-)-Cotinine,null,4,null,null,null,13.065,-8.013,4.955,0.439,0.86,null,null,null,null,null,null,4,null,null,6.388,-6.677,7.3,13.235,null,null,null,null,null,null,null,null,null,UIKROCXWUNQSPJ,null,TRND,XHYPyAzZpaMtjVBfLD,null,null,null,null,null,null,null,null,null,486-56-6,null,null,null,0,4,0,null,null,173032,0 0 0 0,1,1,2025-06-17 15:37:36,null,null,null,null,null,null,null,364793315,activity,null,HTS,null,1.153,6.388,4.497,-6.677,null,null,null,null,null,null,null,null,null,null,null,null,null,null,null,null,null,null,null,null,null,278940801
TRND-Glioblastoma_LOPAC_T98G-primary_screen2,NCGC00390702-04,activity,null,4,0,-10.134,C[C@@H](N1CCC(=C)CC1)[C@](O)(CN2C=NC=N2)C3=CC=C(F)C=C3F,null,null,null,null,null,SML1244,SIGMA,2021_LOPAC_01,null,null,Efinaconazole ,null,4,null,null,null,9.346,0,null,null,null,null,null,null,null,null,null,0,null,null,-0.788,-10.134,-10.327,null,null,null,null,null,null,null,null,null,null,NFEZZTICAUWDHU,null,TRND,iQhAZcCFlwgQxsnKcD,null,null,null,null,null,null,null,null,null,164650-44-6,null,null,null,0,4,null,null,null,173032,null,1,1,2025-06-17 15:37:36,null,null,null,null,null,null,null,364792731,activity,null,HTS,null,-0.788,-1.078,-2.948,-10.134,null,null,null,null,null,null,null,null,null,null,null,null,null,null,null,null,null,null,null,null,null,278940802
TRND-Glioblastoma_LOPAC_T98G-primary_screen2,NCGC00015214-13,activity,10,-2.4,-43.884,-43.319,[O-][S+](=O)(N1CCCNCC1)C2=CC=CC3=C(Cl)C=CC=C23,null,null,null,null,null,C1172,SIGMA,2021_LOPAC_01,-5,null,ML-9,null,-2.2,null,null,null,45.086,-44.384,3.132,0.111,0.992,null,null,null,null,null,null,-0.5,null,null,1.766,-43.319,-35.825,-31.692,null,null,null,null,null,null,null,null,null,OZSMSRIUUDGTEP,null,TRND,syWeVJpRYLZrLxeLuo,null,null,null,null,CL,null,null,null,null,105637-50-1,null,null,null,0,4,0,null,null,173032,0 0 0 0,1,1,2025-06-17 15:37:36,null,null,null,null,null,null,null,364793371,activity,null,HTS,null,-2.487,1.766,-10.56,-43.319,null,null,null,null,null,null,null,null,null,null,null,null,null,null,null,null,null,null,null,null,null,278940803
TRND-Glioblastoma_LOPAC_T98G-primary_screen2,NCGC00015047-07,activity,null,4,0,-3.369,CCN(C(C)C)C1=C(Cl)N=C(C(=O)N=C(N)N)C(N)=N1,null,null,null,null,null,A3085,SIGMA,2021_LOPAC_01,null,null,5-(N-Ethyl-N-isopropyl)amiloride,null,4,null,null,null,8.413,0,null,null,null,null,null,null,null,null,null,0,null,null,5.044,-3.369,3.593,null,null,null,null,null,null,null,null,null,null,QDERNBXNXJCIQK,null,TRND,aoWznwDHwbVHtAElrX,null,null,null,null,null,null,null,null,null,1154-25-2,null,null,null,0,4,null,null,null,173032,null,1,1,2025-06-17 15:37:36,null,null,null,null,null,null,null,364792991,activity,null,HTS,null,1.296,-2.52,5.044,-3.369,null,null,null,null,null,null,null,null,null,null,null,null,null,null,null,null,null,null,null,null,null,278940804
TRND-Glioblastoma_LOPAC_T98G-primary_screen2,NCGC00346945-09,activity,3.162278,-1.2,-43.714,-45.897,COC1=CC=C(C=C1OC)C2=CC3=NC=CN3C(NC4=NC=CC=C4C(N)=O)=N2,null,null,null,null,null,B9685,SIGMA,2021_LOPAC_01,-5.5,null,BAY 61-3606 hydrochloride hydrate,null,-1.2,null,null,null,43.723,-45.822,2.847,0.012,1,null,null,null,null,null,null,-2.108,null,null,-2.173,-45.897,-63.131,-62.662,null,null,null,null,null,null,null,null,null,JWQOJVOKBAAAAR,null,TRND,GmxuTjgJnjDxOJkNju,null,Tyrosine-protein kinase SYK inhibitor,null,null,CL,null,null,null,null,732983-37-8,SYK,null,null,0,4,0,null,null,173032,0 0 0 0,1,1,2025-06-17 15:37:36,null,null,null,null,null,null,null,364793535,activity,null,HTS,null,-2.173,-5.82,-41.335,-45.897,null,null,null,null,null,null,null,null,null,null,null,null,null,null,null,null,null,null,null,null,null,278940805
TRND-Glioblastoma_LOPAC_T98G-primary_screen2,NCGC00507717-03,activity,null,4,-9.157,-3.047,CC(=O)NC1=CC=C(C=C1)C(=O)NC2=CC=C(F)C=C2N,null,null,null,null,null,SML1639,SIGMA,2021_LOPAC_01,null,null,BRD3308,null,4,null,null,null,10.451,-4.157,4.955,0.669,0.56,null,null,null,null,null,null,5,null,null,7.404,-3.047,8.271,19.256,null,null,null,null,null,null,null,null,null,RRJDFENBXIEAPD,null,TRND,eZOfovALGICIJfWGrf,null,null,null,null,null,null,null,null,null,null,null,null,null,0,4,0,null,null,173032,0 0 0 0,1,1,2025-06-17 15:37:36,null,null,null,null,null,null,null,364793499,activity,null,HTS,null,-0.137,7.262,7.404,-3.047,null,null,null,null,null,null,null,null,null,null,null,null,null,null,null,null,null,null,null,null,null,278940806
TRND-Glioblastoma_LOPAC_T98G-primary_screen2,NCGC00015854-20,activity,null,4,0,1.856,CC(C)[N+](C)(CCOC(=O)C1C2=C(OC3=C1C=CC=C3)C=CC=C2)C(C)C,null,null,null,null,null,P8891,SIGMA,2021_LOPAC_01,null,null,Propantheline bromide,null,4,null,null,null,5.067,0,null,null,null,null,null,null,null,null,null,0,null,null,3.552,-1.515,1.192,null,null,null,null,null,null,null,null,null,null,VVWYOYDLCMFIEM,null,TRND,VGDlgaEOeRqfnSqqSy,null,null,null,null,BR,null,null,null,null,50-34-0,null,null,null,0,4,null,null,null,173032,null,1,1,2025-06-17 15:37:36,null,null,null,null,null,null,null,364793775,activity,null,HTS,null,-1.515,3.552,2.772,1.856,null,null,null,null,null,null,null,null,null,null,null,null,null,null,null,null,null,null,null,null,null,278940807
TRND-Glioblastoma_LOPAC_T98G-primary_screen2,NCGC00015234-36,activity,null,4,0,-2.438,NC(=O)N1C2=C(C=CC=C2)C=CC3=C1C=CC=C3,null,null,null,null,null,C4024,SIGMA,2021_LOPAC_01,null,null,Carbamazepine,null,4,null,null,null,8.686,0,null,null,null,null,null,null,null,null,null,0,null,null,6.248,-2.438,8.944,null,null,null,null,null,null,null,null,null,null,FFGPTBGBLSHEPO,null,TRND,FwlkbEzbTtOvRhbXwq,null,null,null,null,null,null,null,null,null,298-46-4,null,null,null,0,4,null,null,null,173032,null,1,1,2025-06-17 15:37:36,null,null,null,null,null,null,null,364793907,activity,null,HTS,null,0.82,6.248,5.124,-2.438,null,null,null,null,null,null,null,null,null,null,null,null,null,null,null,null,null,null,null,null,null,278939855
TRND-Glioblastoma_LOPAC_T98G-primary_screen2,NCGC00023643-23,activity,null,4,0,-3.774,C[C@]12CC[C@H]3[C@@H](CCC4=CC(O)=CC=C34)[C@@H]1CCC2=O,null,null,null,null,null,E9750,SIGMA,2021_LOPAC_01,null,null,Estrone,null,4,null,null,null,8.284,0,null,null,null,null,null,null,null,null,null,0,null,null,1.988,-6.296,-10.844,null,null,null,null,null,null,null,null,null,null,DNXHEGUUPJUMQT,null,TRND,ZdKidDsmAoqdDPuSpI,null,null,null,null,null,null,null,null,null,53-16-7|19973-76-3,null,null,null,0,4,null,null,null,173032,null,1,1,2025-06-17 15:37:36,null,null,null,null,null,null,null,364792643,activity,null,HTS,null,-2.107,1.988,-6.296,-3.774,null,null,null,null,null,null,null,null,null,null,null,null,null,null,null,null,null,null,null,null,null,278939856
TRND-Glioblastoma_LOPAC_T98G-primary_screen2,NCGC00015323-25,activity,null,4,0,-1.714,C[N+](C)(C)CCCCCCCCCC[N+](C)(C)C,null,null,null,null,null,D1260,SIGMA,2021_LOPAC_01,null,null,Decamethonium dibromide,null,4,null,null,null,7.118,0,null,null,null,null,null,null,null,null,null,0,null,null,3.491,-3.627,-7.196,null,null,null,null,null,null,null,null,null,null,MTCUAOILFDZKCO,null,TRND,dzLyeceMigWPoCsLIl,null,null,null,null,BR,null,null,null,null,null,null,null,null,0,4,null,null,null,173032,null,1,1,2025-06-17 15:37:36,null,null,null,null,null,null,null,364794271,activity,null,HTS,null,-3.627,1.901,3.491,-1.714,null,null,null,null,null,null,null,null,null,null,null,null,null,null,null,null,null,null,null,null,null,278939857
TRND-Glioblastoma_LOPAC_T98G-primary_screen2,NCGC00022185-22,activity,null,4,-25.642,-19.285,CC(=O)[C@H]1CC[C@H]2[C@@H]3CCC4=CC(=O)CC[C@]4(C)[C@H]3CC[C@]12C,null,null,null,null,null,P0130,SIGMA,2021_LOPAC_01,null,null,Progesterone,null,4,null,null,null,31.557,-19.142,3.929,0.413,0.878,null,null,null,null,null,null,6.5,null,null,12.271,-19.285,1.754,12.78,null,null,null,null,null,null,null,null,null,RJKFOVLPORLFTN,null,TRND,oPLeFVbJVJMrTNKScf,null,null,null,null,null,null,null,null,null,57-83-0,null,null,null,0,4,0,null,null,173032,0 0 0 0,1,1,2025-06-17 15:37:36,null,null,null,null,null,null,null,364791559,activity,null,HTS,null,1.045,12.271,0.595,-19.285,null,null,null,null,null,null,null,null,null,null,null,null,null,null,null,null,null,null,null,null,null,278939858
TRND-Glioblastoma_LOPAC_T98G-primary_screen2,NCGC00017366-17,activity,null,4,-10.195,-3.519,[H][C@@]12CC3=CNC4=C3C(=CC=C4)[C@@]1([H])C[C@@H](CSC)CN2CCC,null,null,null,null,null,P8828,SIGMA,2021_LOPAC_01,null,null,Pergolide methanesulfonate,null,4,null,null,null,10.625,-3.695,3.065,0.075,0.997,null,null,null,null,null,null,6.5,null,null,6.712,-3.913,17.028,16.573,null,null,null,null,null,null,null,null,null,YEHCICAEULNIGD,null,TRND,RQICglYWeRpCVMtpwO,null,null,null,null,null,null,null,null,null,66104-22-1,null,null,null,0,4,0,null,null,173032,0 0 0 0,1,1,2025-06-17 15:37:36,null,null,null,null,null,null,null,364791859,activity,null,HTS,null,6.712,4.275,-3.913,-3.519,null,null,null,null,null,null,null,null,null,null,null,null,null,null,null,null,null,null,null,null,null,278939859
TRND-Glioblastoma_LOPAC_T98G-primary_screen2,NCGC00015874-22,activity,11.220185,-2.1,-123.394,-93.977,CCN(CC)CCCC(C)NC1=C2C=C(OC)C=CC2=NC3=C1C=CC(Cl)=C3,null,null,null,null,null,Q3251,SIGMA,2021_LOPAC_01,-4.95,null,Quinacrine dihydrochloride,null,-2.1,null,null,null,113.508,-105.394,2.094,0.031,0.999,null,null,null,null,null,null,18,null,null,19.532,-93.977,6.58,2.901,null,null,null,null,null,null,null,null,null,GPKJTRJOBQGKQK,null,TRND,hlCwqRUZasqwkdZvHa,null,null,null,null,CL,null,null,null,null,null,null,null,null,0,4,0,null,null,173032,0 0 0 0,1,1,2025-06-17 15:37:36,null,null,null,null,null,null,null,364790675,activity,null,HTS,10.684409,19.532,15.142,-12.589,-93.977,null,null,null,null,null,null,null,null,null,null,null,null,null,null,null,null,null,null,null,null,null,278939860
TRND-Glioblastoma_LOPAC_T98G-primary_screen2,NCGC00015563-27,activity,null,4,-19.279,-13.566,CN(C)CCCN1C2=C(CCC3=C1C=CC=C3)C=CC=C2,null,null,null,null,null,I7379,SIGMA,2021_LOPAC_01,null,null,Imipramine hydrochloride,null,4,null,null,null,17.321,-14.779,1.248,0.023,1,null,null,null,null,null,null,4.5,null,null,3.755,-13.566,-2.927,-2.773,null,null,null,null,null,null,null,null,null,BCGWQEUPMDMJNV,null,TRND,XlfbnRbDLlpuOewyqL,null,null,null,null,CL,null,null,null,null,113-52-0,null,null,null,0,4,0,null,null,173032,0 0 0 0,1,1,2025-06-17 15:37:36,null,null,null,null,null,null,null,364794379,activity,null,HTS,null,3.755,-0.106,-8.785,-13.566,null,null,null,null,null,null,null,null,null,null,null,null,null,null,null,null,null,null,null,null,null,278939861
TRND-Glioblastoma_LOPAC_T98G-primary_screen2,NCGC00015810-30,activity,7.943282,-2.2,-49.357,-44.727,COC1=CC2=CC=NC(CC3=CC(OC)=C(OC)C=C3)=C2C=C1OC,null,null,null,null,null,P3510,SIGMA,2021_LOPAC_01,-5.1,null,Papaverine hydrochloride,null,-2.2,null,null,null,45.991,-47.857,1.967,0.019,1,null,null,null,null,null,null,1.5,null,null,1.263,-44.727,-33.418,-32.926,null,null,null,null,null,null,null,null,null,XQYZDYMELSJDRZ,null,TRND,GtNeOsljrAbIwBeAwI,null,null,null,null,CL,null,null,null,null,61-25-6,null,null,null,0,4,0,null,null,173032,0 0 0 0,1,1,2025-06-17 15:37:36,null,null,null,null,null,null,null,364795427,activity,null,HTS,null,1.263,0.167,-19.344,-44.727,null,null,null,null,null,null,null,null,null,null,null,null,null,null,null,null,null,null,null,null,null,278939862
TRND-Glioblastoma_LOPAC_T98G-primary_screen2,NCGC00370774-08,activity,null,4,-12.841,-5.701,CC[C@H](NC(=O)C1=C(O)C(=NC2=CC=CC=C12)C3=CC=CC=C3)C4=CC=CC=C4,null,null,null,null,null,SML1165,SIGMA,2021_LOPAC_01,null,null,Talnetant,null,4,null,null,null,16.699,-1.841,4.504,0.511,0.795,null,null,null,null,null,null,11,null,null,10.998,-5.701,28.871,28.101,null,null,null,null,null,null,null,null,null,BIAVGWDGIJKWRM,null,TRND,ZorrRCdBkuNhPTcSvu,null,null,null,null,null,null,null,null,null,174636-32-9,null,null,null,0,4,0,null,null,173032,0 0 0 0,1,1,2025-06-17 15:37:36,null,null,null,null,null,null,null,364791439,activity,null,HTS,null,10.998,-0.091,2.016,-5.701,null,null,null,null,null,null,null,null,null,null,null,null,null,null,null,null,null,null,null,null,null,278939863
TRND-Glioblastoma_LOPAC_T98G-primary_screen2,NCGC00015559-23,activity,null,4,0,4.754,CC(C)CN1C2=C(N=CN2)C(=O)N(C)C1=O,null,null,null,null,null,I5879,SIGMA,2021_LOPAC_01,null,null,3-Isobutyl-1-methylxanthine,null,4,null,null,null,2.705,0,null,null,null,null,null,null,null,null,null,0,null,null,4.754,2.049,12.607,null,null,null,null,null,null,null,null,null,null,APIXJSLKIYYUKG,null,TRND,MCLFPvFeWznubaMfFP,null,null,null,null,null,null,null,null,null,28822-58-4,null,null,null,0,4,null,null,null,173032,null,1,1,2025-06-17 15:37:36,null,null,null,null,null,null,null,364790543,activity,null,HTS,null,2.049,3.2,3.127,4.754,null,null,null,null,null,null,null,null,null,null,null,null,null,null,null,null,null,null,null,null,null,278939864
TRND-Glioblastoma_LOPAC_T98G-primary_screen2,NCGC00016138-05,activity,null,4,0,16.291,[NH3+]C(=N)N1CCC2=C(C1)C=CC=C2,null,null,null,null,null,D1306,SIGMA,2021_LOPAC_01,null,null,Debrisoquin sulfate,null,4,null,null,null,9.379,0,null,null,null,null,null,null,null,null,null,0,null,null,18.601,9.222,74.558,null,null,null,null,null,null,null,null,null,null,JWPGJSVJDAJRLW,null,TRND,feFyhyXxOsDjQFJXBt,null,null,null,null,SULFURIC_ACID,null,null,null,null,null,null,null,null,0,4,null,null,null,173032,null,1,1,2025-06-17 15:37:36,null,null,null,null,null,null,null,364790451,activity,null,HTS,null,18.601,9.222,11.337,16.291,null,null,null,null,null,null,null,null,null,null,null,null,null,null,null,null,null,null,null,null,null,278939865
TRND-Glioblastoma_LOPAC_T98G-primary_screen2,NCGC00015737-09,activity,null,4,-22.336,-19.03,CCCN(CC1CC1)C2=NC(C)=NC(NC3=C(Cl)C=C(Cl)C=C3Cl)=C2Cl,null,null,null,null,null,N3911,SIGMA,2021_LOPAC_01,null,null,NBI 27914,null,4,null,null,null,25.752,-19.836,1.967,0.444,0.855,null,null,null,null,null,null,2.5,null,null,6.722,-19.03,-19.379,-8.622,null,null,null,null,null,null,null,null,null,KNADXBVKFAUMCR,null,TRND,OqLvywbdDGfSCdoBjE,null,null,null,null,null,null,null,null,null,null,null,null,null,0,4,0,null,null,173032,0 0 0 0,1,1,2025-06-17 15:37:36,null,null,null,null,null,null,null,364791363,activity,null,HTS,null,-2.488,6.722,-10.251,-19.03,null,null,null,null,null,null,null,null,null,null,null,null,null,null,null,null,null,null,null,null,null,278939866
TRND-Glioblastoma_LOPAC_T98G-primary_screen2,NCGC00371133-11,activity,null,4,0,-0.929,CN(C)C(=O)NC1=CC=CC(=C1)C2=CC=C(C=C2)N(C)C,null,null,null,null,null,SML1075,SIGMA,2021_LOPAC_01,null,null,Atglistatin,null,4,null,null,null,9.069,0,null,null,null,null,null,null,null,null,null,0,null,null,1.667,-7.401,-21.761,null,null,null,null,null,null,null,null,null,null,AWOPBSAJHCUSAS,null,TRND,OlwNDyJyOujXjhiOCZ,null,null,null,null,null,null,null,null,null,null,null,null,null,0,4,null,null,null,173032,null,1,1,2025-06-17 15:37:36,null,null,null,null,null,null,null,364792279,activity,null,HTS,null,-7.401,-2.716,1.667,-0.929,null,null,null,null,null,null,null,null,null,null,null,null,null,null,null,null,null,null,null,null,null,278939867
TRND-Glioblastoma_LOPAC_T98G-primary_screen2,NCGC00015761-13,activity,null,4,14.281,13.689,CCCCCCCC\C=C/CCCCCCCC(=O)NCCO,null,null,null,null,null,O0383,SIGMA,2021_LOPAC_01,null,null,N-Oleoylethanolamine,null,4,null,null,null,17.673,15,4.955,0.514,0.792,null,null,null,null,null,null,0.719,null,null,13.689,-3.984,14.959,9.99,null,null,null,null,null,null,null,null,null,BOWVQLFMWHZBEF,null,TRND,tcpVRUViymKYtGDbEx,null,null,null,null,null,null,null,null,null,111-58-0,null,null,null,0,4,0,null,null,173032,0 0 0 0,1,1,2025-06-17 15:37:36,null,null,null,null,null,null,null,364794707,activity,null,HTS,null,3.033,3.051,-3.984,13.689,null,null,null,null,null,null,null,null,null,null,null,null,null,null,null,null,null,null,null,null,null,278939868
TRND-Glioblastoma_LOPAC_T98G-primary_screen2,NCGC00015455-25,activity,null,4,-30.597,-20.915,CCOC(=O)C1=C(C)NC(C)=C(C1C2=CC=CC(Cl)=C2Cl)C(=O)OC,null,null,null,null,null,F9677,SIGMA,2021_LOPAC_01,null,null,Felodipine,null,4,null,null,null,33.476,-23.097,4.955,0.319,0.932,null,null,null,null,null,null,7.5,null,null,12.562,-20.915,19.191,20.242,null,null,null,null,null,null,null,null,null,RZTAMFZIAATZDJ,null,TRND,zqCEchJXbvduoyMrma,null,null,null,null,null,null,null,null,null,72509-76-3,null,null,null,0,4,0,null,null,173032,0 0 0 0,1,1,2025-06-17 15:37:36,null,null,null,null,null,null,null,364792083,activity,null,HTS,null,6.871,3.339,12.562,-20.915,null,null,null,null,null,null,null,null,null,null,null,null,null,null,null,null,null,null,null,null,null,278939869
TRND-Glioblastoma_LOPAC_T98G-primary_screen2,NCGC00253763-04,activity,null,4,-17.555,-8.796,CC1=C(CCC(=O)C2=CC=C(CC3SC(=O)NC3=O)C=C2)N=C(O1)C4=CC=CC=C4,null,null,null,null,null,SML0977,SIGMA,2021_LOPAC_01,null,null,Darglitazone sodium salt,null,4,null,null,null,21.114,-9.055,3.247,0.406,0.883,null,null,null,null,null,null,8.5,null,null,12.318,-8.796,20.966,28.279,null,null,null,null,null,null,null,null,null,QQKNSPHAFATFNQ,null,TRND,EmCdqGWIdLVpNvGQkT,null,null,null,null,SODIUM,null,null,null,null,141200-24-0,null,null,null,0,4,0,null,null,173032,0 0 0 0,1,1,2025-06-17 15:37:36,null,null,null,null,null,null,null,364795447,activity,null,HTS,null,4.959,12.318,4.605,-8.796,null,null,null,null,null,null,null,null,null,null,null,null,null,null,null,null,null,null,null,null,null,278939870
TRND-Glioblastoma_LOPAC_T98G-primary_screen2,NCGC00015209-34,activity,null,4,0,2.155,ClCCN(CCCl)P1(=O)NCCCO1,null,null,null,null,null,C0768,SIGMA,2021_LOPAC_01,null,null,Cyclophosphamide monohydrate,null,4,null,null,null,4.39,0,null,null,null,null,null,null,null,null,null,0,null,null,2.311,-2.078,6.997,null,null,null,null,null,null,null,null,null,null,CMSMOCZEIVJLDB,null,TRND,raLwqUtYyGVMzJuvRx,null,DNA Alkylating Drug,null,null,H2O,null,null,null,null,50-18-0,H2AX,null,null,0,4,null,null,null,173032,null,1,1,2025-06-17 15:37:36,null,null,null,null,null,null,null,364795275,activity,null,HTS,null,2.311,-2.078,1.292,2.155,null,null,null,null,null,null,null,null,null,null,null,null,null,null,null,null,null,null,null,null,null,278939871
TRND-Glioblastoma_LOPAC_T98G-primary_screen2,NCGC00402309-06,activity,null,4,-23.373,-17.394,OC1=C(C=CC=C1)C2=NNC(=C2)C3=C(F)C=CC=C3,null,null,null,null,null,SML0894,SIGMA,2021_LOPAC_01,null,null,VU0420373,null,4,null,null,null,21.756,-18.873,1.967,0.028,1,null,null,null,null,null,null,4.5,null,null,4.362,-17.394,2.239,2.215,null,null,null,null,null,null,null,null,null,SJPGLKXXUIEFLO,null,TRND,exSwUHfNsKquyIiimw,null,null,null,null,null,null,null,null,null,null,null,null,null,0,4,0,null,null,173032,0 0 0 0,1,1,2025-06-17 15:37:36,null,null,null,null,null,null,null,364791095,activity,null,HTS,null,4.362,4.157,-5.186,-17.394,null,null,null,null,null,null,null,null,null,null,null,null,null,null,null,null,null,null,null,null,null,278939872
TRND-Glioblastoma_LOPAC_T98G-primary_screen2,NCGC00015256-34,activity,null,4,0,-3.696,CCN(CC)CCCC(C)NC1=CC=NC2=C1C=CC(Cl)=C2,null,null,null,null,null,C6628,SigmaAldrich,2021_LOPAC_01,null,null,null,null,4,null,null,null,4.6,0,null,null,null,null,null,null,null,null,null,0,null,null,-1.446,-6.046,-15.647,null,null,null,null,null,null,null,null,null,null,WHTVZRBIWZFKQO,null,TRND,qvrgSgYSRGQXmovLuj,null,Anti-malarial,null,null,PHOSPHORIC_ACID,null,null,null,null,null,TLR9,null,null,0,4,null,null,null,173032,null,1,1,2025-06-17 15:37:36,null,null,null,null,null,null,null,364793971,activity,null,HTS,null,-3.051,-6.046,-1.446,-3.696,null,null,null,null,null,null,null,null,null,null,null,null,null,null,null,null,null,null,null,null,null,278939873
TRND-Glioblastoma_LOPAC_T98G-primary_screen2,NCGC00015645-14,activity,null,4,0,-2.397,COC1=C(O)C=CC(CNC(=O)CCCCCCC(C)C)=C1,null,null,null,null,null,M1022,SIGMA,2021_LOPAC_01,null,null,Dihydrocapsaicin,null,4,null,null,null,3.021,0,null,null,null,null,null,null,null,null,null,0,null,null,0.625,-2.397,0.277,null,null,null,null,null,null,null,null,null,null,XJQPQKLURWNAAH,null,TRND,gkHnSYMRABRHcpJuoP,null,null,null,null,null,null,null,null,null,19408-84-5,null,null,null,0,4,null,null,null,173032,null,1,1,2025-06-17 15:37:36,null,null,null,null,null,null,null,364794387,activity,null,HTS,null,0.625,-0.792,0.511,-2.397,null,null,null,null,null,null,null,null,null,null,null,null,null,null,null,null,null,null,null,null,null,278939874
TRND-Glioblastoma_LOPAC_T98G-primary_screen2,NCGC00014989-13,activity,null,4,11.734,7.792,OC(=O)C1=C(NC2=CC=CC=C2)C=CC=C1,null,null,null,null,null,144509,SIGMA,2021_LOPAC_01,null,null,N-Phenylanthranilic acid,null,4,null,null,null,12.168,8,4.504,0.086,0.995,null,null,null,null,null,null,-3.734,null,null,8.64,-3.528,5.493,4.974,null,null,null,null,null,null,null,null,null,ZWJINEZUASEZBH,null,TRND,hrUZbIvdEcTdbwROEs,null,null,null,null,null,null,null,null,null,91-40-7,null,null,null,0,4,0,null,null,173032,0 0 0 0,1,1,2025-06-17 15:37:36,null,null,null,null,null,null,null,364791167,activity,null,HTS,null,-3.528,7.364,8.64,7.792,null,null,null,null,null,null,null,null,null,null,null,null,null,null,null,null,null,null,null,null,null,278939875
TRND-Glioblastoma_LOPAC_T98G-primary_screen2,NCGC00390788-08,activity,3.548134,-2.4,-27.874,-12.395,NC1=[N+]([O-])C2=CC=CC=C2[N+]([O-])=N1,null,null,null,null,null,SML0552,SIGMA,2021_LOPAC_01,-5.45,null,Tirapazamine,null,4,null,null,null,24.533,-14.374,1.1,0.019,1,null,null,null,null,null,null,13.5,null,null,12.139,-12.395,28.109,27.746,null,null,null,null,null,null,null,null,null,ORYDPOVDJJZGHQ,null,TRND,BHxKDtKSedTswlgPFs,null,DNA Damaging Drug,null,null,null,null,null,null,null,27314-97-2,H2AX,null,null,0,4,0,null,null,173032,0 0 0 0,1,1,2025-06-17 15:37:36,null,null,null,null,null,null,null,364791495,activity,null,HTS,null,12.139,6.515,-5.169,-12.395,null,null,null,null,null,null,null,null,null,null,null,null,null,null,null,null,null,null,null,null,null,278939876
TRND-Glioblastoma_LOPAC_T98G-primary_screen2,NCGC00091439-11,activity,null,4,0,4.603,CN\C(NCCSCC1=C(C)NC=N1)=N/C#N,null,null,null,null,null,C4522,SIGMA,2021_LOPAC_01,null,null,Cimetidine,null,4,null,null,null,3.118,0,null,null,null,null,null,null,null,null,null,0,null,null,5.922,2.804,17.305,null,null,null,null,null,null,null,null,null,null,AQIXAKUUQRKLND,null,TRND,UYnjIeQjghmXQuJFil,null,null,null,null,null,null,null,null,null,51481-61-9,null,null,null,0,4,null,null,null,173032,null,1,1,2025-06-17 15:37:36,null,null,null,null,null,null,null,364793923,activity,null,HTS,null,2.804,4.237,5.922,4.603,null,null,null,null,null,null,null,null,null,null,null,null,null,null,null,null,null,null,null,null,null,278939877
TRND-Glioblastoma_LOPAC_T98G-primary_screen2,NCGC00164591-18,activity,null,4,13.049,-0.61,[H][C@@]1(C)CC[C@@]2([H])[C@@]([H])(C)[C@@]([H])(OC)O[C@]3([H])O[C@@]4(C)CC[C@]1([H])[C@@]23OO4,null,null,null,null,null,A9361,SIGMA,2021_LOPAC_01,null,null,Artemether,null,4,null,null,null,11.713,9,4.955,1,0.954,null,null,null,null,null,null,-4.049,null,null,6.255,-5.458,-4.071,-4.813,null,null,null,null,null,null,null,null,null,SXYIRMFQILZOAM,null,TRND,nYHgBDCYkRolVLThQj,null,Anti-malarial,null,null,null,null,null,null,null,71963-77-4,EXP-1,null,null,0,4,1,null,null,173032,0 0 0 1,1,1,2025-06-17 15:37:36,null,null,null,null,null,null,null,364794019,activity,null,HTS,null,-2.853,-5.458,6.255,-0.61,null,null,null,null,null,null,null,null,null,null,null,null,null,null,null,null,null,null,null,null,null,278939878
TRND-Glioblastoma_LOPAC_T98G-primary_screen2,NCGC00093644-13,activity,1.584893,-1.2,-60.542,-57.02,COC1=C(NC2=C3C=CC=CC3=NC4=C2C=CC=C4)C=CC(N[S+](C)([O-])=O)=C1,null,null,null,null,null,A9809,SIGMA,2021_LOPAC_01,-5.8,null,Amsacrine hydrochloride,null,-1.2,null,null,null,55.517,-58.345,1.627,0.033,0.999,null,null,null,null,null,null,2.197,null,null,-1.503,-57.02,-87.328,-86.834,null,null,null,null,null,null,null,null,null,KNMOYMMIMPXERW,null,TRND,dhQRIcmyIgWTIRMtaQ,null,DNA Intercalating Drug,null,null,HCL,null,null,null,null,GRT00154,H2AX,null,null,0,4,0,null,null,173032,0 0 0 0,1,1,2025-06-17 15:37:36,null,null,null,null,null,null,null,364794899,activity,null,HTS,4.764488,-1.503,-23.42,-52.648,-57.02,null,null,null,null,null,null,null,null,null,null,null,null,null,null,null,null,null,null,null,null,null,278939879
TRND-Glioblastoma_LOPAC_T98G-primary_screen2,NCGC00159322-22,activity,3.981072,-1.2,-35.211,-43.756,[H][C@]1(CO)O[C@@]2([H])N3C=CC(=N)N=C3O[C@@]2([H])[C@]1([H])O,null,null,null,null,null,A8598,SIGMA,2021_LOPAC_01,-5.4,null,Ancitabine hydrochloride,null,-1.2,null,null,null,35.385,-43.757,4.449,0.02,1,null,null,null,null,null,null,-8.546,null,null,-8.372,-43.756,-81.272,-81.224,null,null,null,null,null,null,null,null,null,BBDAGFIXKZCXAH,null,TRND,EuHTCXHIJfEaPVCOqS,null,DNA-Directed DNA Polymerase inhibitor,null,null,CL,null,null,null,null,10212-25-6,POLB,null,null,0,4,0,null,null,173032,0 0 0 0,1,1,2025-06-17 15:37:36,null,null,null,null,null,null,null,364794227,activity,null,HTS,null,-8.736,-8.372,-40.292,-43.756,null,null,null,null,null,null,null,null,null,null,null,null,null,null,null,null,null,null,null,null,null,278939880
TRND-Glioblastoma_LOPAC_T98G-primary_screen2,NCGC00165725-05,activity,null,4,0,0.249,CN1CCC[C@H]1C2=CC(C)=NO2,null,null,null,null,null,A6476,SIGMA,2021_LOPAC_01,null,null,ABT-418 hydrochloride,null,4,null,null,null,9.485,0,null,null,null,null,null,null,null,null,null,0,null,null,5.374,-4.111,11.663,null,null,null,null,null,null,null,null,null,null,ILLGYRJAYAAAEW,null,TRND,UBmOsxYVPzQljZfHAI,null,null,null,null,CL,null,null,null,null,null,null,null,null,0,4,null,null,null,173032,null,1,1,2025-06-17 15:37:36,null,null,null,null,null,null,null,364795011,activity,null,HTS,null,5.374,-0.724,-4.111,0.249,null,null,null,null,null,null,null,null,null,null,null,null,null,null,null,null,null,null,null,null,null,278939881
TRND-Glioblastoma_LOPAC_T98G-primary_screen2,NCGC00162266-06,activity,null,4,-10.295,-5.337,OC1C(CC([O-])=O)CCCC2=C1C=CC=C2,null,null,null,null,null,N4159,SIGMA,2021_LOPAC_01,null,null,NCS-382,null,4,null,null,null,16.291,-7.795,4.955,0.572,0.724,null,null,null,null,null,null,2.5,null,null,6.045,-10.246,-8.774,-0.787,null,null,null,null,null,null,null,null,null,LVMKJEGBKLMTAR,null,TRND,aVWmOdAIbnqiRQGiHx,null,null,null,null,SODIUM,null,null,null,null,null,null,null,null,0,4,0,null,null,173032,0 0 0 0,1,1,2025-06-17 15:37:36,null,null,null,null,null,null,null,364792223,activity,null,HTS,null,-1.091,6.045,-10.246,-5.337,null,null,null,null,null,null,null,null,null,null,null,null,null,null,null,null,null,null,null,null,null,278939882
TRND-Glioblastoma_LOPAC_T98G-primary_screen2,NCGC00015884-21,activity,null,4,0,4.467,C1CC1C(NC2=NCCO2)C3CC3,null,null,null,null,null,R134,SIGMA,2021_LOPAC_01,null,null,Rilmenidine hemifumarate,null,4,null,null,null,4.844,0,null,null,null,null,null,null,null,null,null,0,null,null,4.467,-0.377,3.184,null,null,null,null,null,null,null,null,null,null,CQXADFVORZEARL,null,TRND,WCxPbRRJsNQDvLvumF,null,Imidazoline I1 (Nischarin) Receptor agonist,null,null,FUMARIC_ACID,null,null,null,null,54187-04-1,NISCH,null,null,0,4,null,null,null,173032,null,1,1,2025-06-17 15:37:36,null,null,null,null,null,null,null,364794423,activity,null,HTS,null,0.117,1.106,-0.377,4.467,null,null,null,null,null,null,null,null,null,null,null,null,null,null,null,null,null,null,null,null,null,278939883
TRND-Glioblastoma_LOPAC_T98G-primary_screen2,NCGC00094456-05,activity,null,4,0,2.485,[H][C@@]12CC[C@@](O)(C#N)[C@@]1(C)CCC3C2CCC4=CC5=NC6=NC7=CC=CC=C7N6C=C5C[C@]34C,null,null,null,null,null,W104,SIGMA,2021_LOPAC_01,null,null,"WIN 62,577",null,4,null,null,null,4.68,0,null,null,null,null,null,null,null,null,null,0,null,null,4.175,-0.504,3.739,null,null,null,null,null,null,null,null,null,null,CURMZJGVCAQSTD,null,TRND,WYXTbSQWCwesTMbcIT,null,null,null,null,null,null,null,null,null,null,null,null,null,0,4,null,null,null,173032,null,1,1,2025-06-17 15:37:36,null,null,null,null,null,null,null,364790987,activity,null,HTS,null,-0.504,1.306,4.175,2.485,null,null,null,null,null,null,null,null,null,null,null,null,null,null,null,null,null,null,null,null,null,278939884
TRND-Glioblastoma_LOPAC_T98G-primary_screen2,NCGC00115449-05,activity,3.162278,-1.2,-32.963,-19.136,COC1=CC=C(C=C1)N2C(SCC3=NC(=NO3)C4=CC=C(C)C=C4)=NN=C2C5=CC=NC=C5,null,null,null,null,null,SML0227,SIGMA,2021_LOPAC_01,-5.5,null,JW74,null,4,null,null,null,32.747,-19.463,1.928,0.026,1,null,null,null,null,null,null,13.5,null,null,13.611,-19.136,23.902,23.238,null,null,null,null,null,null,null,null,null,KRIKILRRJCIWNB,null,TRND,RaklNdpWpjHsjtPnSw,null,null,null,null,null,null,null,null,null,null,null,null,null,0,4,0,null,null,173032,0 0 0 0,1,1,2025-06-17 15:37:36,null,null,null,null,null,null,null,364795483,activity,null,HTS,null,13.611,8.04,-13.486,-19.136,null,null,null,null,null,null,null,null,null,null,null,null,null,null,null,null,null,null,null,null,null,278939885
TRND-Glioblastoma_LOPAC_T98G-primary_screen2,NCGC00015453-23,activity,null,4,-8.5,1.603,CC(C)(C(O)=O)C1=CC=C(C=C1)C(O)CCCN2CCC(CC2)C(O)(C3=CC=CC=C3)C4=CC=CC=C4,null,null,null,null,null,F9427,SIGMA,2021_LOPAC_01,null,null,Fexofenadine hydrochloride,null,4,null,null,null,10.356,0,4.955,0.687,0.518,null,null,null,null,null,null,8.5,null,null,11.96,1.603,26.868,36.351,null,null,null,null,null,null,null,null,null,RWTNPBWLLIMQHL,null,TRND,CEPpIeOgVgcFwebCDE,null,null,null,null,CL,null,null,null,null,83799-24-0,null,null,null,0,4,0,null,null,173032,0 0 0 0,1,1,2025-06-17 15:37:36,null,null,null,null,null,null,null,364790803,activity,null,HTS,null,3.93,11.96,9.669,1.603,null,null,null,null,null,null,null,null,null,null,null,null,null,null,null,null,null,null,null,null,null,278939886
TRND-Glioblastoma_LOPAC_T98G-primary_screen2,NCGC00015746-07,activity,null,4,0,-1.58,COC1=C(O)C=CC(=C1)C(O)CN,null,null,null,null,null,N7127,SIGMA,2021_LOPAC_01,null,null,(±)-Normetanephrine hydrochloride,null,4,null,null,null,12.805,0,null,null,null,null,null,null,null,null,null,0,null,null,4.98,-7.825,10.872,null,null,null,null,null,null,null,null,null,null,YNYAYWLBAHXHLL,null,TRND,jrxwAlFYqmtDyOSAsv,null,null,null,null,CL,null,null,null,null,1011-74-1,null,null,null,0,4,null,null,null,173032,null,1,1,2025-06-17 15:37:36,null,null,null,null,null,null,null,364794155,activity,null,HTS,null,4.98,-7.825,4.791,-1.58,null,null,null,null,null,null,null,null,null,null,null,null,null,null,null,null,null,null,null,null,null,278939887
TRND-Glioblastoma_LOPAC_T98G-primary_screen2,NCGC00015156-30,activity,null,4,0,21.748,NCC(CC(O)=O)C1=CC=C(Cl)C=C1,null,null,null,null,null,B5399,SIGMA,2021_LOPAC_01,null,null,(±)-Baclofen,null,4,null,null,null,9.966,0,null,null,null,null,null,null,null,null,null,0,null,null,21.748,11.783,67.836,null,null,null,null,null,null,null,null,null,null,KPYSYYIEGFHWSV,null,TRND,yhSXeGxjggqDJucxNR,null,null,null,null,null,null,null,null,null,1134-47-0,null,null,null,0,4,null,null,null,173032,null,1,1,2025-06-17 15:37:36,null,null,null,null,null,null,null,364790719,activity,null,HTS,null,11.783,15.373,18.534,21.748,null,null,null,null,null,null,null,null,null,null,null,null,null,null,null,null,null,null,null,null,null,278939888
TRND-Glioblastoma_LOPAC_T98G-primary_screen2,NCGC00094227-09,activity,null,4,-12.762,1.019,[H][C@@]12C[C@@]3(O)C4[C@@H](C(OC4=O)[C@H]5OC(=O)[C@]1(O2)[C@@]35C)C(C)=C.[H][C@@]67C[C@@]8(O)[C@@H]9[C@@H](C(OC9=O)[C@H]%10OC(=O)[C@]6(O7)[C@@]8%10C)C(C)(C)O,null,null,null,null,null,P1675,SIGMA,2021_LOPAC_01,null,null,Picrotoxin,null,4,null,null,null,14.25,0.238,4.955,0.159,0.984,null,null,null,null,null,null,13,null,null,13.199,-1.052,43.882,43.754,null,null,null,null,null,null,null,null,null,RYEFFICCPKWYML,null,TRND,FgkhvQAHQxPXZomvqa,null,null,null,null,null,null,null,null,null,124-87-8,null,null,null,0,4,0,null,null,173032,0 0 0 0,1,1,2025-06-17 15:37:36,null,null,null,null,null,null,null,364792855,activity,null,HTS,null,13.199,10.664,-1.052,1.019,null,null,null,null,null,null,null,null,null,null,null,null,null,null,null,null,null,null,null,null,null,278940399
TRND-Glioblastoma_LOPAC_T98G-primary_screen2,NCGC00093684-26,activity,null,4,0,16.789,C[C@H]1CC2[C@@H]3CCC4=CC(=O)C=C[C@]4(C)[C@@]3(F)[C@@H](O)C[C@]2(C)[C@@]1(O)C(=O)CO,null,null,null,null,null,B7005,SIGMA,2021_LOPAC_01,null,null,Betamethasone,null,4,null,null,null,4.072,0,null,null,null,null,null,null,null,null,null,0,null,null,20.861,16.789,94.846,null,null,null,null,null,null,null,null,null,null,UREBDLICKHMUKA,null,TRND,dGBTFTuJmyZWwJeDUq,null,null,null,null,null,null,null,null,null,[NO STEREO] 50-02-2|[NO STEREO] 378-44-9,null,null,null,0,4,null,null,null,173032,null,1,1,2025-06-17 15:37:36,null,null,null,null,null,null,null,364793915,activity,null,HTS,null,20.861,20.459,19.777,16.789,null,null,null,null,null,null,null,null,null,null,null,null,null,null,null,null,null,null,null,null,null,278940400
TRND-Glioblastoma_LOPAC_T98G-primary_screen2,NCGC00167531-18,activity,null,4,-7.358,-3.235,[H][C@@](C)(N(C)C)C1=CC=CC(OC(=O)N(C)CC)=C1,null,null,null,null,null,SML0881,SIGMA,2021_LOPAC_01,null,null,Rivastigmine tartrate,null,4,null,null,null,12.299,-4.358,4.955,0.6,0.684,null,null,null,null,null,null,3,null,null,6.585,-5.715,-1.513,5.139,null,null,null,null,null,null,null,null,null,XSVMFMHYUFZWBK,null,TRND,lRavIVCMCflOaXSzCp,null,null,null,null,TARTRATE,null,null,null,null,null,null,null,null,0,4,0,null,null,173032,0 0 0 0,1,1,2025-06-17 15:37:36,null,null,null,null,null,null,null,364793023,activity,null,HTS,null,-0.15,6.585,-5.715,-3.235,null,null,null,null,null,null,null,null,null,null,null,null,null,null,null,null,null,null,null,null,null,278940401
TRND-Glioblastoma_LOPAC_T98G-primary_screen2,NCGC00015834-29,activity,null,4,0,2.989,CCC1(C(=O)NCNC1=O)C2=CC=CC=C2,null,null,null,null,null,P7295,SIGMA,2021_LOPAC_01,null,null,Primidone,null,4,null,null,null,6.903,0,null,null,null,null,null,null,null,null,null,0,null,null,9.611,2.707,35.089,null,null,null,null,null,null,null,null,null,null,DQMZLTXERSFNPB,null,TRND,vsEsCTlTkOvHfsBjsB,null,Gamma-aminobutyric acid receptor subunit alpha-1 modulator,null,null,null,null,null,null,null,125-33-7,GABRA1,null,null,0,4,null,null,null,173032,null,1,1,2025-06-17 15:37:36,null,null,null,null,null,null,null,364794527,activity,null,HTS,null,9.611,7.088,2.707,2.989,null,null,null,null,null,null,null,null,null,null,null,null,null,null,null,null,null,null,null,null,null,278940402
TRND-Glioblastoma_LOPAC_T98G-primary_screen2,NCGC00164575-08,activity,null,4,0,-4.852,CC[C@H]1OC(=O)[C@H](C)C(=O)[C@H](C)[C@@H](O[C@H]2O[C@H](C)C[C@@H]([C@H]2O)N(C)C)[C@@](C)(C[C@@H](C)C(=O)[C@H](C)[C@H]3N(CCCCN4C=NC(=C4)C5=CN=CC=C5)C(=O)O[C@]13C)OC,null,null,null,null,null,SML2162,SIGMA,2021_LOPAC_01,null,null,Telithromycin,null,4,null,null,null,9.183,0,null,null,null,null,null,null,null,null,null,0,null,null,4.331,-4.852,6.375,null,null,null,null,null,null,null,null,null,null,LJVAJPDWBABPEJ,null,TRND,ZhmDoMlPFtdhecsLmp,null,null,null,null,null,null,null,null,null,191114-48-4,null,null,null,0,4,null,null,null,173032,null,1,1,2025-06-17 15:37:36,null,null,null,null,null,null,null,364791211,activity,null,HTS,null,1.315,4.331,3.218,-4.852,null,null,null,null,null,null,null,null,null,null,null,null,null,null,null,null,null,null,null,null,null,278940403
TRND-Glioblastoma_LOPAC_T98G-primary_screen2,NCGC00015490-07,activity,null,4,-34.605,-27.171,O[Si](CCCN1CCCCC1)(C2CCCCC2)C3=CC=C(F)C=C3,null,null,null,null,null,H127,SIGMA,2021_LOPAC_01,null,null,"Hexahydro-sila-difenidol hydrochloride, p-fluoro analog",null,4,null,null,null,36.23,-29.605,4.955,0.28,0.949,null,null,null,null,null,null,5,null,null,9.059,-27.171,-3.437,6.53,null,null,null,null,null,null,null,null,null,ZNSZQJHTFRQUPD,null,TRND,TpoGlydctSTPcfmYLO,null,null,null,null,CL,null,null,null,null,null,null,null,null,0,4,0,null,null,173032,0 0 0 0,1,1,2025-06-17 15:37:36,null,null,null,null,null,null,null,364793367,activity,null,HTS,null,0.137,5.911,9.059,-27.171,null,null,null,null,null,null,null,null,null,null,null,null,null,null,null,null,null,null,null,null,null,278940404
TRND-Glioblastoma_LOPAC_T98G-primary_screen2,NCGC00346571-09,activity,7.079458,5,-31.666,-95.649,CC(C)[C@@H](N(CCCN)C(=O)C1=CC=C(C)C=C1)C2=C(CC3=CC=CC=C3)/C(=O)C4=C(O\2)C=C(Cl)C=C4,null,null,null,null,null,SML1121,SIGMA,2021_LOPAC_01,-5.15,null,SB743921 hydrochloride,null,-2.3,null,null,null,34.902,-97.562,1.885,0.397,0.888,null,null,null,null,null,null,-65.897,null,null,-60.747,-95.649,-348.659,-336.98,null,null,null,null,null,null,null,null,null,PGXYIBJJCLWJST,null,TRND,QYLncgPZrMRkSPEGQM,null,Kinesin-Like Protein KIF11 inhibitor,null,null,CL,null,null,null,null,null,KIF11,null,null,0,4,0,null,null,173032,0 0 0 0,1,1,2025-06-17 15:37:36,null,null,null,null,null,null,null,364793767,activity,null,HTS,null,-71.574,-60.747,-81.934,-95.649,null,null,null,null,null,null,null,null,null,null,null,null,null,null,null,null,null,null,null,null,null,278940405
TRND-Glioblastoma_LOPAC_T98G-primary_screen2,NCGC00507719-02,activity,null,4,0,-3.828,NC1=C(SC2=NC3=C(CCC3)C=C12)C(=O)NC4=C(Br)C=C(F)C=C4F,null,null,null,null,null,SML1640,SIGMA,2021_LOPAC_01,null,null,DC_AC50,null,4,null,null,null,3.829,0,null,null,null,null,null,null,null,null,null,0,null,null,-1.94,-5.769,-21.706,null,null,null,null,null,null,null,null,null,null,DFNOJNBNTVQPCA,null,TRND,fsFNPhwRXKLYKDTRQb,null,null,null,null,null,null,null,null,null,null,null,null,null,0,4,null,null,null,173032,null,1,1,2025-06-17 15:37:36,null,null,null,null,null,null,null,364794779,activity,null,HTS,null,-5.154,-1.94,-5.769,-3.828,null,null,null,null,null,null,null,null,null,null,null,null,null,null,null,null,null,null,null,null,null,278940406
TRND-Glioblastoma_LOPAC_T98G-primary_screen2,NCGC00016306-21,activity,null,4,10.959,10.511,N[C@@H]1CONC1=O,null,null,null,null,null,C3909,SIGMA,2021_LOPAC_01,null,null,D-Cycloserine,null,4,null,null,null,10.894,11.5,1.967,0.204,0.974,null,null,null,null,null,null,0.541,null,null,10.511,-0.383,11.699,10.356,null,null,null,null,null,null,null,null,null,DYDCUQKUCUHJBH,null,TRND,QbtynhyCrROjFUSXfT,null,Anti-tuberculosis,null,null,null,null,null,null,null,68-41-7,ddlA,null,null,0,4,0,null,null,173032,0 0 0 0,1,1,2025-06-17 15:37:36,null,null,null,null,null,null,null,364791351,activity,null,HTS,null,1.276,-0.383,4.148,10.511,null,null,null,null,null,null,null,null,null,null,null,null,null,null,null,null,null,null,null,null,null,278940407
TRND-Glioblastoma_LOPAC_T98G-primary_screen2,NCGC00094132-10,activity,null,4,0,2.429,C[S+]([O-])(=N)CC[C@H](N)C(O)=O,null,null,null,null,null,M5379,SIGMA,2021_LOPAC_01,null,null,L-Methionine sulfoximine,null,4,null,null,null,4.368,0,null,null,null,null,null,null,null,null,null,0,null,null,6.797,2.429,18.333,null,null,null,null,null,null,null,null,null,null,QLMUQBNMEHYOAX,null,TRND,aGfpgYLMOuOeXMgMcx,null,null,null,null,null,null,null,null,null,15985-39-4,null,null,null,0,4,null,null,null,173032,null,1,1,2025-06-17 15:37:36,null,null,null,null,null,null,null,364795107,activity,null,HTS,null,3.021,5.606,6.797,2.429,null,null,null,null,null,null,null,null,null,null,null,null,null,null,null,null,null,null,null,null,null,278940408
TRND-Glioblastoma_LOPAC_T98G-primary_screen2,NCGC00162096-08,activity,null,4,-24.067,-20.472,[H][C@@]1(CN(CC=C)CCC2=C1C=C(O)C(O)=C2Br)C3=CC=CC=C3,null,null,null,null,null,B135,SIGMA,2021_LOPAC_01,null,null,R(+)-6-BRomo-APB hydrobromide,null,4,null,null,null,25.543,-21.067,4.955,0.164,0.983,null,null,null,null,null,null,3,null,null,5.071,-20.472,6.061,1.529,null,null,null,null,null,null,null,null,null,KKZGFVAZUKHFAC,null,TRND,EqGAZjkXuQSERsQbZj,null,null,null,null,BR,null,null,null,null,null,null,null,null,0,4,0,null,null,173032,0 0 0 0,1,1,2025-06-17 15:37:36,null,null,null,null,null,null,null,364793963,activity,null,HTS,null,5.071,1.308,2.626,-20.472,null,null,null,null,null,null,null,null,null,null,null,null,null,null,null,null,null,null,null,null,null,278940409
TRND-Glioblastoma_LOPAC_T98G-primary_screen2,NCGC00015862-21,activity,null,4,0,-3.217,CN(C)C(=O)OC1=CC=C[N+](C)=C1,null,null,null,null,null,P9797,SIGMA,2021_LOPAC_01,null,null,Pyridostigmine bromide,null,4,null,null,null,5.773,0,null,null,null,null,null,null,null,null,null,0,null,null,2.556,-3.217,5.12,null,null,null,null,null,null,null,null,null,null,RVOLLAQWKVFTGE,null,TRND,RsYQIUmOtcNfJjyeCb,null,null,null,null,BR,null,null,null,null,101-26-8,null,null,null,0,4,null,null,null,173032,null,1,1,2025-06-17 15:37:36,null,null,null,null,null,null,null,364795071,activity,null,HTS,null,2.556,-2.754,2.347,-3.217,null,null,null,null,null,null,null,null,null,null,null,null,null,null,null,null,null,null,null,null,null,278940410
TRND-Glioblastoma_LOPAC_T98G-primary_screen2,NCGC00179344-08,activity,null,4,-14.363,-1.136,CC(C)(C)C(=O)OCOC(=O)[C@@H]1N2[C@H](SC1(C)C)[C@H](\N=C\N3CCCCCC3)C2=O,null,null,null,null,null,SML0817,SIGMA,2021_LOPAC_01,null,null,Pivmecillinam,null,4,null,null,null,16.083,-2.363,4.955,0.543,0.76,null,null,null,null,null,null,12,null,null,14.947,-1.136,55.466,49.346,null,null,null,null,null,null,null,null,null,NPGNOVNWUSPMDP,null,TRND,ZlaHEedkWdEnRsfUEe,null,null,null,null,null,null,null,null,null,[NO STEREO] 32887-03-9,null,null,null,0,4,0,null,null,173032,0 0 0 0,1,1,2025-06-17 15:37:36,null,null,null,null,null,null,null,364795439,activity,null,HTS,null,14.694,6.913,14.947,-1.136,null,null,null,null,null,null,null,null,null,null,null,null,null,null,null,null,null,null,null,null,null,278940411
TRND-Glioblastoma_LOPAC_T98G-primary_screen2,NCGC00162311-14,activity,10,-3,-46.391,-40.276,NC1=NC(N)=C(N=C1Cl)C(=O)NC(=N)NC2=CC=CC=C2,null,null,null,null,null,P203,SIGMA,2021_LOPAC_01,-5,null,Phenamil methanesulfonate,null,-3,null,null,null,48.8,-40.391,4.955,0.121,0.991,null,null,null,null,null,null,6,null,null,8.524,-40.276,-5.897,0.023,null,null,null,null,null,null,null,null,null,NIOHELZQFBGCEO,null,TRND,QCbIBRfcbKywntbYaf,null,null,null,null,null,null,null,null,null,null,null,null,null,0,4,0,null,null,173032,0 0 0 0,1,1,2025-06-17 15:37:36,null,null,null,null,null,null,null,364792563,activity,null,HTS,null,3.262,8.524,0.382,-40.276,null,null,null,null,null,null,null,null,null,null,null,null,null,null,null,null,null,null,null,null,null,278940412
TRND-Glioblastoma_LOPAC_T98G-primary_screen2,NCGC00015299-13,activity,null,4,-10.079,-4.649,OC1=C(O)C=C2C(CNCCC2=C1)C3=CC=CC=C3,null,null,null,null,null,D047,SIGMA,2021_LOPAC_01,null,null,(±)-SKF-38393 hydrochloride,null,4,null,null,null,16.636,-5.079,3.065,0.731,0.393,null,null,null,null,null,null,5,null,null,11.987,-4.649,1.898,16.213,null,null,null,null,null,null,null,null,null,JUDKOGFHZYMDMF,null,TRND,YKLLqMVzMFdZpJwyQX,null,null,null,null,CL,null,null,null,null,null,null,null,null,0,4,0,null,null,173032,0 0 0 0,1,1,2025-06-17 15:37:36,null,null,null,null,null,null,null,364792379,activity,null,HTS,null,-1.922,11.987,1.859,-4.649,null,null,null,null,null,null,null,null,null,null,null,null,null,null,null,null,null,null,null,null,null,278940413
TRND-Glioblastoma_LOPAC_T98G-primary_screen2,NCGC00093593-05,activity,null,4,0,3.722,N[C@@H](CCCC(O)=O)C(O)=O,null,null,null,null,null,A7275,SIGMA,2021_LOPAC_01,null,null,L-2-aminoadipic acid,null,4,null,null,null,9.8,0,null,null,null,null,null,null,null,null,null,0,null,null,13.521,3.722,41.415,null,null,null,null,null,null,null,null,null,null,OYIFNHCXNCRBQI,null,TRND,QcYJcWhcDVQdTdtTrH,null,null,null,null,null,null,null,null,null,1118-90-7,null,null,null,0,4,null,null,null,173032,null,1,1,2025-06-17 15:37:36,null,null,null,null,null,null,null,364791175,activity,null,HTS,null,8.454,13.521,9.365,3.722,null,null,null,null,null,null,null,null,null,null,null,null,null,null,null,null,null,null,null,null,null,278940414
TRND-Glioblastoma_LOPAC_T98G-primary_screen2,NCGC00013495-24,activity,null,4,-16.375,-14.896,[H][C@]12CC[C@]([H])(C[C@@]([H])(C1)OC(C3=CC=CC=C3)C4=CC=CC=C4)N2C,null,null,null,null,null,B8262,SIGMA,2021_LOPAC_01,null,null,Benztropine mesylate,null,4,null,null,null,22.746,-15.375,4.504,0.612,0.663,null,null,null,null,null,null,1,null,null,7.851,-14.896,-18.36,-3.843,null,null,null,null,null,null,null,null,null,GIJXKZJWITVLHI,null,TRND,WLNzDCOGhsPUTVubHV,null,null,null,null,SULFONICACID_V1,null,null,null,null,132-17-2,null,null,null,0,4,0,null,null,173032,0 0 0 0,1,1,2025-06-17 15:37:36,null,null,null,null,null,null,null,364792655,activity,null,HTS,null,-5.949,7.851,0.704,-14.896,null,null,null,null,null,null,null,null,null,null,null,null,null,null,null,null,null,null,null,null,null,278940415
TRND-Glioblastoma_LOPAC_T98G-primary_screen2,NCGC00379159-07,activity,19.952623,-3,-84.382,-72.662,O=C(NC1=CC2=C(C#N)C3=NC4=CC=CC=C4N=C3N2C=C1)C5=CC=CS5,null,null,null,null,null,SML0796,SIGMA,2021_LOPAC_01,-4.7,null,HI-TOPK-032,null,-3,null,null,null,88.127,-78.382,4.955,0.216,0.97,null,null,null,null,null,null,6,null,null,15.465,-72.662,-24.391,-13.173,null,null,null,null,null,null,null,null,null,BCSBXWKRZUPFHW,null,TRND,AtEFDINpGctfopmLlw,null,null,null,null,null,null,null,null,null,null,null,null,null,0,4,0,null,null,173032,0 0 0 0,1,1,2025-06-17 15:37:36,null,null,null,null,null,null,null,364793307,activity,null,HTS,22.368343,0.578,1.987,15.465,-72.662,null,null,null,null,null,null,null,null,null,null,null,null,null,null,null,null,null,null,null,null,null,278940416
TRND-Glioblastoma_LOPAC_T98G-primary_screen2,NCGC00344531-05,activity,null,4,0,-1.629,N[C@@H]([C@H](O)C1=CC=C(O)C(O)=C1)C(O)=O,null,null,null,null,null,D9446,SIGMA,2021_LOPAC_01,null,null,L-DOPS,null,4,null,null,null,9.052,0,null,null,null,null,null,null,null,null,null,0,null,null,7.424,-1.629,22.081,null,null,null,null,null,null,null,null,null,null,QXWYKJLNLSIPIN,null,TRND,AfkSZXWfjbaZdCpKCt,null,null,null,null,null,null,null,null,null,23651-95-8,null,null,null,0,4,null,null,null,173032,null,1,1,2025-06-17 15:37:36,null,null,null,null,null,null,null,364792535,activity,null,HTS,null,7.424,4.314,-0.97,-1.629,null,null,null,null,null,null,null,null,null,null,null,null,null,null,null,null,null,null,null,null,null,278940417
TRND-Glioblastoma_LOPAC_T98G-primary_screen2,NCGC00015495-07,activity,null,4,0,2.021,COC1=CC2=C(NC=C2CCNC(C)=O)C=C1O,null,null,null,null,null,H0627,SIGMA,2021_LOPAC_01,null,null,6-Hydroxymelatonin,null,4,null,null,null,3.769,0,null,null,null,null,null,null,null,null,null,0,null,null,5.79,2.021,15.475,null,null,null,null,null,null,null,null,null,null,OMYMRCXOJJZYKE,null,TRND,HNnWqgeUBxjQizMTBr,null,null,null,null,null,null,null,null,null,2208-41-5,null,null,null,0,4,null,null,null,173032,null,1,1,2025-06-17 15:37:36,null,null,null,null,null,null,null,364793911,activity,null,HTS,null,2.56,5.79,4.666,2.021,null,null,null,null,null,null,null,null,null,null,null,null,null,null,null,null,null,null,null,null,null,278940418
TRND-Glioblastoma_LOPAC_T98G-primary_screen2,NCGC00015750-16,activity,null,4,-15.755,-5.213,[O-][N+](=O)C1=C2NN=CC2=CC=C1,null,null,null,null,null,N7778,SIGMA,2021_LOPAC_01,null,null,7-Nitroindazole,null,4,null,null,null,18.85,-2.255,4.504,0.372,0.904,null,null,null,null,null,null,13.5,null,null,13.637,-5.213,35.744,34.494,null,null,null,null,null,null,null,null,null,PQCAUHUKTBHUSA,null,TRND,VKVKTRQchtScHlDpPR,null,null,null,null,null,null,null,null,null,2942-42-9,null,null,null,0,4,0,null,null,173032,0 0 0 0,1,1,2025-06-17 15:37:36,null,null,null,null,null,null,null,364792895,activity,null,HTS,null,13.637,0.039,0.875,-5.213,null,null,null,null,null,null,null,null,null,null,null,null,null,null,null,null,null,null,null,null,null,278940419
TRND-Glioblastoma_LOPAC_T98G-primary_screen2,NCGC00015178-11,activity,null,4,-13.338,-10.282,CN1C2=C(NC(=N2)C3CCCC3)C(=O)N(C)C1=O,null,null,null,null,null,C102,SIGMA,2021_LOPAC_01,null,null,"8-Cyclopentyl-1,3-dimethylxanthine",null,4,null,null,null,12.402,-11.838,4.955,0.146,0.987,null,null,null,null,null,null,1.5,null,null,2.12,-10.282,-0.357,0.874,null,null,null,null,null,null,null,null,null,SCVHFRLUNIOSGI,null,TRND,roiYiHuzNehPBFjEny,null,null,null,null,null,null,null,null,null,null,null,null,null,0,4,0,null,null,173032,0 0 0 0,1,1,2025-06-17 15:37:36,null,null,null,null,null,null,null,364795007,activity,null,HTS,null,1.132,0.608,2.12,-10.282,null,null,null,null,null,null,null,null,null,null,null,null,null,null,null,null,null,null,null,null,null,278940420
TRND-Glioblastoma_LOPAC_T98G-primary_screen2,NCGC00015714-29,activity,null,4,-11.653,-3.249,COCCOC(=O)C1=C(C)NC(C)=C(C1C2=CC=CC(=C2)[N+]([O-])=O)C(=O)OC(C)C,null,null,null,null,null,N149,SIGMA,2021_LOPAC_01,null,null,Nimodipine,null,4,null,null,null,12.655,-4.653,3.065,0.258,0.957,null,null,null,null,null,null,7,null,null,6.694,-5.961,12.62,13.151,null,null,null,null,null,null,null,null,null,UIAGMCDKSXEBJQ,null,TRND,owPBFDvGkBKkGZLUKb,null,null,null,null,null,null,null,null,null,66085-59-4,null,null,null,0,4,0,null,null,173032,0 0 0 0,1,1,2025-06-17 15:37:36,null,null,null,null,null,null,null,364791655,activity,null,HTS,null,6.694,-0.114,-5.961,-3.249,null,null,null,null,null,null,null,null,null,null,null,null,null,null,null,null,null,null,null,null,null,278940421
TRND-Glioblastoma_LOPAC_T98G-primary_screen2,NCGC00015075-26,activity,null,4,-7.337,-1.19,COC(=O)C1=CCCN(C)C1,null,null,null,null,null,A6134,SIGMA,2021_LOPAC_01,null,null,Arecoline hydrobromide,null,4,null,null,null,12.278,-2.837,4.955,0.588,0.702,null,null,null,null,null,null,4.5,null,null,7.414,-4.864,5.969,12.213,null,null,null,null,null,null,null,null,null,HJJPJSXJAXAIPN,null,TRND,wQJXbkTLWXwtoBOoPC,null,null,null,null,BR,null,null,null,null,300-08-3,null,null,null,0,4,0,null,null,173032,0 0 0 0,1,1,2025-06-17 15:37:36,null,null,null,null,null,null,null,364793055,activity,null,HTS,null,1.735,7.414,-4.864,-1.19,null,null,null,null,null,null,null,null,null,null,null,null,null,null,null,null,null,null,null,null,null,278940422
TRND-Glioblastoma_LOPAC_T98G-primary_screen2,NCGC00095152-22,activity,null,4,0,10.875,COC1=CC2=C(C=C1OC)C(N)=NC(=N2)N(C)CCCNC(=O)C3CCCO3,null,null,null,null,null,A0232,SIGMA,2021_LOPAC_01,null,null,Alfuzosin hydrochloride,null,4,null,null,null,8.017,0,null,null,null,null,null,null,null,null,null,0,null,null,10.875,2.858,22.213,null,null,null,null,null,null,null,null,null,null,WNMJYKCGWZFFKR,null,TRND,QUvxSuYtbiupuTGXgV,null,null,null,null,CL,null,null,null,null,81403-80-7,null,null,null,0,4,null,null,null,173032,null,1,1,2025-06-17 15:37:36,null,null,null,null,null,null,null,364794571,activity,null,HTS,null,3.177,2.858,8.126,10.875,null,null,null,null,null,null,null,null,null,null,null,null,null,null,null,null,null,null,null,null,null,278940423
TRND-Glioblastoma_LOPAC_T98G-primary_screen2,NCGC00025000-30,activity,8.912509,-3,-46.267,-41.024,CC(=O)N1CCN(CC1)C2=CC=C(OC[C@H]3CO[C@@](CN4C=CN=C4)(O3)C5=CC=C(Cl)C=C5Cl)C=C2,null,null,null,null,null,K1003,SIGMA,2021_LOPAC_01,-5.05,null,Ketoconazole,null,-3,null,null,null,49.173,-41.267,3.929,0.148,0.986,null,null,null,null,null,null,5,null,null,8.149,-41.024,-14.419,-8.556,null,null,null,null,null,null,null,null,null,XMAYWYJOQHXEEK,null,TRND,parkUjFyaagShOVPDH,null,Anti-fungal,null,null,null,null,null,null,null,65277-42-1,ERG11,null,null,0,4,0,null,null,173032,0 0 0 0,1,1,2025-06-17 15:37:36,null,null,null,null,null,null,null,364791887,activity,null,HTS,null,1.937,8.149,-5.611,-41.024,null,null,null,null,null,null,null,null,null,null,null,null,null,null,null,null,null,null,null,null,null,278940424
TRND-Glioblastoma_LOPAC_T98G-primary_screen2,NCGC00162308-06,activity,null,4,0,-1.937,[H][C@@]1(CCCN(CCC)C1)C2=CC=CC(O)=C2,null,null,null,null,null,P102,SIGMA,2021_LOPAC_01,null,null,R(+)-3PPP hydrochloride,null,4,null,null,null,8.309,0,null,null,null,null,null,null,null,null,null,0,null,null,6.373,-1.937,10.581,null,null,null,null,null,null,null,null,null,null,HTSNFXAICLXZMA,null,TRND,JknsAYOoTjbdbxWSqj,null,null,null,null,CL,null,null,null,null,88768-67-6,null,null,null,0,4,null,null,null,173032,null,1,1,2025-06-17 15:37:36,null,null,null,null,null,null,null,364791891,activity,null,HTS,null,1.621,6.373,3.786,-1.937,null,null,null,null,null,null,null,null,null,null,null,null,null,null,null,null,null,null,null,null,null,278940425
TRND-Glioblastoma_LOPAC_T98G-primary_screen2,NCGC00689833-01,activity,null,4,14.541,-10.986,C[C@@H]1CCN(C(C1)C(O)=O)C(=O)[C@@H](CCCN=C(N)N)N[S+]([O-])(=O)C2=C3NC[C@H](C)CC3=CC=C2,null,null,null,null,null,A0487,SIGMA,2021_LOPAC_01,null,null,Argatroban monohydrate ,null,4,null,null,null,14.648,-1,4.955,1,0.673,null,null,null,null,null,null,-15.541,null,null,3.364,-11.285,-35.174,-32.881,null,null,null,null,null,null,null,null,null,CNTULEDKWPCJCH,null,TRND,BzxYTNNdnwyKNrAqiI,null,null,null,null,H2O,null,null,null,null,141396-28-3,null,null,null,0,4,1,null,null,173032,0 0 0 1,1,1,2025-06-17 15:37:36,null,null,null,null,null,null,null,364794035,activity,null,HTS,null,-11.285,3.364,-5.068,-10.986,null,null,null,null,null,null,null,null,null,null,null,null,null,null,null,null,null,null,null,null,null,278940426
TRND-Glioblastoma_LOPAC_T98G-primary_screen2,NCGC00402281-07,activity,null,4,22.418,-7.852,CC(C)(CN1C(=O)C(Cl)=C(Cl)C1=O)CN2C(=O)C(Cl)=C(Cl)C2=O,null,null,null,null,null,SML1005,SIGMA,2021_LOPAC_01,null,null,NSC 617145,null,4,null,null,null,23.769,3,4.955,1,0.763,null,null,null,null,null,null,-19.418,null,null,8.838,-14.931,-38.609,-35.92,null,null,null,null,null,null,null,null,null,PCOXPBOKDABARQ,null,TRND,QUqongZtjxtfnqiMkd,null,null,null,null,null,null,null,null,null,null,null,null,null,0,4,1,null,null,173032,0 0 0 1,1,1,2025-06-17 15:37:36,null,null,null,null,null,null,null,364794619,activity,null,HTS,null,-14.931,8.838,-2.732,-7.852,null,null,null,null,null,null,null,null,null,null,null,null,null,null,null,null,null,null,null,null,null,278940427
TRND-Glioblastoma_LOPAC_T98G-primary_screen2,NCGC00378815-05,activity,null,4,0,-10.638,[O-][N+](=O)C1=CC=C(CNC2=C3N=CNC3=NC(NCC4=CC=CC(=C4)C(F)(F)F)=N2)C=C1,null,null,null,null,null,T3955,SIGMA,2021_LOPAC_01,null,null,TNP,null,4,null,null,null,9.884,0,null,null,null,null,null,null,null,null,null,0,null,null,-1.595,-11.479,-41.539,null,null,null,null,null,null,null,null,null,null,DDSBPUYZPWNNGH,null,TRND,IFeQgQOfNIqixCxOWL,null,null,null,null,null,null,null,null,null,null,null,null,null,0,4,null,null,null,173032,null,1,1,2025-06-17 15:37:36,null,null,null,null,null,null,null,364794315,activity,null,HTS,null,-11.479,-4.259,-1.595,-10.638,null,null,null,null,null,null,null,null,null,null,null,null,null,null,null,null,null,null,null,null,null,278940428
TRND-Glioblastoma_LOPAC_T98G-primary_screen2,NCGC00690013-01,activity,10,-3,-43.81,-35.539,N[C@@H](CC(=O)N1CCN(CC1)C(C2=CC=C(F)C=C2)C3=CC=C(F)C=C3)C(=O)N4CC5=C(C4)C=CC=C5,null,null,null,null,null,SML2247,SIGMA,2021_LOPAC_01,-5,null,1G244,null,-3,null,null,null,46.731,-35.81,4.045,0.146,0.987,null,null,null,null,null,null,8,null,null,11.193,-35.539,16.705,9.743,null,null,null,null,null,null,null,null,null,ZKIQFLSGMMYCGS,null,TRND,zFtfDECYwFPIKrVpRa,null,null,null,null,null,null,null,null,null,null,null,null,null,0,4,0,null,null,173032,0 0 0 0,1,1,2025-06-17 15:37:36,null,null,null,null,null,null,null,364794643,activity,null,HTS,null,11.193,5.222,0.968,-35.539,null,null,null,null,null,null,null,null,null,null,null,null,null,null,null,null,null,null,null,null,null,278940429
TRND-Glioblastoma_LOPAC_T98G-primary_screen2,NCGC00015356-10,activity,null,4,0,-3.395,C[N+]1(C)CCN(CC1)C2=CC=CC=C2,null,null,null,null,null,D5891,SIGMA,2021_LOPAC_01,null,null,"1,1-Dimethyl-4-phenyl-piperazinium iodide",null,4,null,null,null,6.162,0,null,null,null,null,null,null,null,null,null,0,null,null,-0.908,-7.07,-26.415,null,null,null,null,null,null,null,null,null,null,MKGIQRNAGSSHRV,null,TRND,kjGdFfaqswrKTcSzdS,null,null,null,null,I,null,null,null,null,54-77-3,null,null,null,0,4,null,null,null,173032,null,1,1,2025-06-17 15:37:36,null,null,null,null,null,null,null,364794991,activity,null,HTS,null,-7.07,-6.26,-0.908,-3.395,null,null,null,null,null,null,null,null,null,null,null,null,null,null,null,null,null,null,null,null,null,278940430
TRND-Glioblastoma_LOPAC_T98G-primary_screen2,NCGC00016067-08,activity,null,4,0,1.252,COC1=C(C=CC=C1)N2CCN(CCCNC3=C(C)C(=O)N(C)C(=O)N3C)CC2,null,null,null,null,null,U101,SIGMA,2021_LOPAC_01,null,null,"Urapidil, 5-Methyl-",null,4,null,null,null,2.727,0,null,null,null,null,null,null,null,null,null,0,null,null,3.886,1.159,14.153,null,null,null,null,null,null,null,null,null,null,HIHZDNKKIUQQSC,null,TRND,HmDlHtBNIchusvkkzy,null,null,null,null,CL,null,null,null,null,34661-85-3,null,null,null,0,4,null,null,null,173032,null,1,1,2025-06-17 15:37:36,null,null,null,null,null,null,null,364795399,activity,null,HTS,null,3.592,1.159,3.886,1.252,null,null,null,null,null,null,null,null,null,null,null,null,null,null,null,null,null,null,null,null,null,278940431
TRND-Glioblastoma_LOPAC_T98G-primary_screen2,NCGC00690000-01,activity,11.220185,-2.4,-50.063,-36.033,CC(C)C1=C(C)N(C)N(C1=O)C2=CC=C(C=C2)[S+]([O-])(=O)NCCOC3=CC=CC=C3,null,null,null,null,null,SML2226,SIGMA,2021_LOPAC_01,-4.95,null,BC-LI-0186,null,-2.2,null,null,null,39.546,-47.063,1.134,0.083,0.996,null,null,null,null,null,null,3,null,null,3.513,-36.033,-20.944,-23.607,null,null,null,null,null,null,null,null,null,SKJNWISGYCICSD,null,TRND,baUbSqRMUALPLWoOWC,null,Leucyl-tRNA synthetase-RagD Interaction inhibitor,null,null,null,null,null,null,null,null,LARS1,null,null,0,4,0,null,null,173032,0 0 0 0,1,1,2025-06-17 15:37:36,null,null,null,null,null,null,null,364794599,activity,null,HTS,null,3.513,-2.505,-14.302,-36.033,null,null,null,null,null,null,null,null,null,null,null,null,null,null,null,null,null,null,null,null,null,278940432
TRND-Glioblastoma_LOPAC_T98G-primary_screen2,NCGC00015571-16,activity,null,4,-11.021,-3.625,OC1=C(C=CC=C1)N2CC=C(NC2=O)C3=CC=CC(=C3)[N+]([O-])=O,null,null,null,null,null,I9532,SIGMA,2021_LOPAC_01,null,null,Icilin,null,4,null,null,null,10.178,-3.021,4.504,0.261,0.956,null,null,null,null,null,null,8,null,null,6.411,-3.767,12.153,12.083,null,null,null,null,null,null,null,null,null,RCEFMOGVOYEGJN,null,TRND,tWieBMPmqSgdsPrmur,null,null,null,null,null,null,null,null,null,36945-98-9,null,null,null,0,4,0,null,null,173032,0 0 0 0,1,1,2025-06-17 15:37:36,null,null,null,null,null,null,null,364791739,activity,null,HTS,null,6.411,-3.767,-1.572,-3.625,null,null,null,null,null,null,null,null,null,null,null,null,null,null,null,null,null,null,null,null,null,278940808
TRND-Glioblastoma_LOPAC_T98G-primary_screen2,NCGC00015125-07,activity,null,4,0,6.949,C[N+](C)(C)CCOC(=O)CBr,null,null,null,null,null,B121,SIGMA,2021_LOPAC_01,null,null,BRomoacetylcholine bromide,null,4,null,null,null,4.691,0,null,null,null,null,null,null,null,null,null,0,null,null,6.949,2.258,28.754,null,null,null,null,null,null,null,null,null,null,BPLURRWZRNOJMR,null,TRND,QipUBdzZXGiLYtscTj,null,null,null,null,BR,null,null,null,null,null,null,null,null,0,4,null,null,null,173032,null,1,1,2025-06-17 15:37:36,null,null,null,null,null,null,null,364792687,activity,null,HTS,null,6.785,6.715,2.258,6.949,null,null,null,null,null,null,null,null,null,null,null,null,null,null,null,null,null,null,null,null,null,278940809
TRND-Glioblastoma_LOPAC_T98G-primary_screen2,NCGC00347676-05,activity,null,4,0,1.94,COC1=CC2=C(C(OC)=C1OC)C3=C(OC)C4=C(OCO4)C=C3C[C@H](C)[C@@](C)(O)C2,null,null,null,null,null,SML1251,SIGMA,2021_LOPAC_01,null,null,Iofetamine hydrochloride,null,4,null,null,null,7.543,0,null,null,null,null,null,null,null,null,null,0,null,null,9.483,1.94,28.073,null,null,null,null,null,null,null,null,null,null,ZWRRJEICIPUPHZ,null,TRND,OuDeHJGRtAeXpoKQBT,null,null,null,null,null,null,null,null,null,58546-54-6,null,null,null,0,4,null,null,null,173032,null,1,1,2025-06-17 15:37:36,null,null,null,null,null,null,null,364793771,activity,null,HTS,null,6.101,9.483,4.996,1.94,null,null,null,null,null,null,null,null,null,null,null,null,null,null,null,null,null,null,null,null,null,278940810
TRND-Glioblastoma_LOPAC_T98G-primary_screen2,NCGC00186037-15,activity,null,4,11.166,4.444,CCCCCN(C)CCC(O)(P(O)(O)=O)P(O)([O-])=O,null,null,null,null,null,I5784,SIGMA,2021_LOPAC_01,null,null,Ibandronate sodium,null,4,null,null,null,11.127,4.5,4.095,0.04,0.999,null,null,null,null,null,null,-6.666,null,null,4.738,-6.388,-9.577,-9.83,null,null,null,null,null,null,null,null,null,MPBVHIBUJCELCL,null,TRND,PKwqICqKnaWDmkKRsx,null,Farnesyl Pyrophosphate Synthase inhibitor,null,null,SODIUM,null,null,null,null,138844-81-2,FDPS,null,null,0,4,0,null,null,173032,0 0 0 0,1,1,2025-06-17 15:37:36,null,null,null,null,null,null,null,364794407,activity,null,HTS,null,-6.388,3.579,4.738,4.444,null,null,null,null,null,null,null,null,null,null,null,null,null,null,null,null,null,null,null,null,null,278940811
TRND-Glioblastoma_LOPAC_T98G-primary_screen2,NCGC00023037-23,activity,null,4,0,13.933,CC(=O)O[C@H]1[C@H](C[C@H]2[C@@H]3CC[C@H]4C[C@H](OC(C)=O)[C@H](C[C@]4(C)[C@H]3CC[C@]12C)[N+]5(C)CCCCC5)[N+]6(C)CCCCC6,null,null,null,null,null,P1918,SIGMA,2021_LOPAC_01,null,null,Pancuronium bromide,null,4,null,null,null,5.099,0,null,null,null,null,null,null,null,null,null,0,null,null,13.933,8.834,52.243,null,null,null,null,null,null,null,null,null,null,GVEAYVLWDAFXET,null,TRND,YCYaDyOhTvsSCLwOGp,null,null,null,null,BR,null,null,null,null,null,null,null,null,0,4,null,null,null,173032,null,1,1,2025-06-17 15:37:36,null,null,null,null,null,null,null,364790951,activity,null,HTS,null,11.685,9.034,8.834,13.933,null,null,null,null,null,null,null,null,null,null,null,null,null,null,null,null,null,null,null,null,null,278940812
TRND-Glioblastoma_LOPAC_T98G-primary_screen2,NCGC00015764-06,activity,null,4,-15.671,6.038,CCCCCCC\C=C/CCCCCCCCC(O)=O,null,null,null,null,null,O1008,SIGMA,2021_LOPAC_01,null,null,Oleic Acid,null,4,null,null,null,15.239,-3.671,4.095,1,1,null,null,null,null,null,null,12,null,null,11.764,-3.476,27.634,27.713,null,null,null,null,null,null,null,null,null,QXJSBBXBKPUZAA,null,TRND,hfrukhXDjWyeRyqzph,null,null,null,null,null,null,null,null,null,[NO STEREO] 5684-82-2,null,null,null,0,4,1,null,null,173032,0 0 0 1,1,1,2025-06-17 15:37:36,null,null,null,null,null,null,null,364791527,activity,null,HTS,null,11.764,-1.081,-3.476,6.038,null,null,null,null,null,null,null,null,null,null,null,null,null,null,null,null,null,null,null,null,null,278940813
TRND-Glioblastoma_LOPAC_T98G-primary_screen2,NCGC00163392-14,activity,null,4,0,-9.466,NC(=O)C1=C(N)C=C(S1)C2=CSC=C2,null,null,null,null,null,SML0557,SIGMA,2021_LOPAC_01,null,null,SC-514,null,4,null,null,null,8.701,0,null,null,null,null,null,null,null,null,null,0,null,null,-0.765,-9.466,-18.804,null,null,null,null,null,null,null,null,null,null,BMUACLADCKCNKZ,null,TRND,YVMmjVJrJkxvMKJurV,null,null,null,null,null,null,null,null,null,null,null,null,null,0,4,null,null,null,173032,null,1,1,2025-06-17 15:37:36,null,null,null,null,null,null,null,364793459,activity,null,HTS,null,-2.78,-0.765,-7.976,-9.466,null,null,null,null,null,null,null,null,null,null,null,null,null,null,null,null,null,null,null,null,null,278940814
TRND-Glioblastoma_LOPAC_T98G-primary_screen2,NCGC00015012-12,activity,null,4,0,-1.435,CC(N)C(=O)OC(C)(C)CC1=CC=C(Cl)C=C1,null,null,null,null,null,A164,SIGMA,2021_LOPAC_01,null,null,Alaproclate hydrochloride,null,4,null,null,null,8.433,0,null,null,null,null,null,null,null,null,null,0,null,null,4.642,-3.791,0.971,null,null,null,null,null,null,null,null,null,null,FZSPJBYOKQPKCD,null,TRND,rdcYtazREOowjncXbu,null,null,null,null,CL,null,null,null,null,60719-83-7,null,null,null,0,4,null,null,null,173032,null,1,1,2025-06-17 15:37:36,null,null,null,null,null,null,null,364793031,activity,null,HTS,null,0.406,-3.791,4.642,-1.435,null,null,null,null,null,null,null,null,null,null,null,null,null,null,null,null,null,null,null,null,null,278940815
TRND-Glioblastoma_LOPAC_T98G-primary_screen2,NCGC00067366-02,activity,null,4,-14.721,-13.101,C(NC1=NC2=CC=CC=C2N1CC3=CC=CC=C3)C4=CC=CO4,null,null,null,null,null,SML2244,SIGMA,2021_LOPAC_01,null,null,AC1903,null,4,null,null,null,19.44,-14.221,4.955,0.619,0.652,null,null,null,null,null,null,0.5,null,null,6.339,-13.101,-17.878,-4.867,null,null,null,null,null,null,null,null,null,OECUWHDVQIITIS,null,TRND,MQTqbiKgsxEcSVNwIb,null,null,null,null,null,null,null,null,null,null,null,null,null,0,4,0,null,null,173032,0 0 0 0,1,1,2025-06-17 15:37:36,null,null,null,null,null,null,null,364793239,activity,null,HTS,null,-5.855,6.339,1.183,-13.101,null,null,null,null,null,null,null,null,null,null,null,null,null,null,null,null,null,null,null,null,null,278940816
TRND-Glioblastoma_LOPAC_T98G-primary_screen2,NCGC00015073-16,activity,null,4,0,2.015,NCCCNCCSP(O)(O)=O,null,null,null,null,null,A5922,SIGMA,2021_LOPAC_01,null,null,Amifostine,null,4,null,null,null,7.936,0,null,null,null,null,null,null,null,null,null,0,null,null,8.706,0.77,12.202,null,null,null,null,null,null,null,null,null,null,JKOQGQFVAUAYPM,null,TRND,myJTGnIpEObAqhXFNs,null,null,null,null,H2O,null,null,null,null,20537-88-6,null,null,null,0,4,null,null,null,173032,null,1,1,2025-06-17 15:37:36,null,null,null,null,null,null,null,364791775,activity,null,HTS,null,1.629,8.706,0.77,2.015,null,null,null,null,null,null,null,null,null,null,null,null,null,null,null,null,null,null,null,null,null,278940817
TRND-Glioblastoma_LOPAC_T98G-primary_screen2,NCGC00015033-08,activity,null,4,0,1.243,NC1=CC(Cl)=C(N=C2NCCN2)C(Cl)=C1,null,null,null,null,null,A0779,SIGMA,2021_LOPAC_01,null,null,p-Aminoclonidine hydrochloride,null,4,null,null,null,4.503,0,null,null,null,null,null,null,null,null,null,0,null,null,5.746,1.243,11.668,null,null,null,null,null,null,null,null,null,null,IEJXVRYNEISIKR,null,TRND,PLMiJuYJGzyMWFJFoB,null,Alpha-2A Adrenergic Receptor agonist,null,null,CL,null,null,null,null,73218-79-8,ADRA2A,null,null,0,4,null,null,null,173032,null,1,1,2025-06-17 15:37:36,null,null,null,null,null,null,null,364792319,activity,null,HTS,null,1.782,5.746,2.94,1.243,null,null,null,null,null,null,null,null,null,null,null,null,null,null,null,null,null,null,null,null,null,278940818
TRND-Glioblastoma_LOPAC_T98G-primary_screen2,NCGC00186022-06,activity,10,-3,-31.921,-33.842,CC1=NN(C(C)=C1)C2=NC(NC3CCCCC3)=CC(C)=N2,null,null,null,null,null,C5493,SIGMA,2021_LOPAC_01,-5,null,CyPPA,null,-3,null,null,null,32.043,-34.08,3.627,0.032,0.999,null,null,null,null,null,null,-2.159,null,null,-1.799,-33.842,-32.174,-30.905,null,null,null,null,null,null,null,null,null,USEMRPYUFJNFQN,null,TRND,iTmeAPFgogcFTPGrON,null,null,null,null,null,null,null,null,null,null,null,null,null,0,4,0,null,null,173032,0 0 0 0,1,1,2025-06-17 15:37:36,null,null,null,null,null,null,null,364794459,activity,null,HTS,null,-2.677,-1.799,-8.148,-33.842,null,null,null,null,null,null,null,null,null,null,null,null,null,null,null,null,null,null,null,null,null,278940819
TRND-Glioblastoma_LOPAC_T98G-primary_screen2,NCGC00015251-29,activity,10,-2.2,-39.674,-41.454,ClC1=C(C=CC=C1)C(N2C=CN=C2)(C3=CC=CC=C3)C4=CC=CC=C4,null,null,null,null,null,C6019,SIGMA,2021_LOPAC_01,-5,null,Clotrimazole,null,-2.2,null,null,null,38.468,-42.758,2.847,0.02,1,null,null,null,null,null,null,-3.083,null,null,-2.986,-41.454,-41.374,-41.436,null,null,null,null,null,null,null,null,null,VNFPBHJOKIVQEB,null,TRND,XDjLvKxNgIKqprLNbU,null,Anti-fungal,null,null,null,null,null,null,null,23593-75-1,ERG11,null,null,0,4,0,null,null,173032,0 0 0 0,1,1,2025-06-17 15:37:36,null,null,null,null,null,null,null,364795235,activity,null,HTS,null,-2.986,-3.092,-13.061,-41.454,null,null,null,null,null,null,null,null,null,null,null,null,null,null,null,null,null,null,null,null,null,278940820
TRND-Glioblastoma_LOPAC_T98G-primary_screen2,NCGC00015257-24,activity,null,4,0,-0.15,CCOC(=O)C(C)(C)OC1=CC=C(Cl)C=C1,null,null,null,null,null,C6643,SIGMA,2021_LOPAC_01,null,null,Clofibrate,null,4,null,null,null,9.069,0,null,null,null,null,null,null,null,null,null,0,null,null,7.437,-1.631,3.922,null,null,null,null,null,null,null,null,null,null,KNHUKKLJHYUCFP,null,TRND,pOaacZwJfUmKPIrkts,null,Peroxisome proliferator-activated receptor alpha agonist,null,null,null,null,null,null,null,637-07-0,PPARA,null,null,0,4,null,null,null,173032,null,1,1,2025-06-17 15:37:36,null,null,null,null,null,null,null,364794611,activity,null,HTS,null,-0.021,-1.631,7.437,-0.15,null,null,null,null,null,null,null,null,null,null,null,null,null,null,null,null,null,null,null,null,null,278940821
TRND-Glioblastoma_LOPAC_T98G-primary_screen2,NCGC00402286-06,activity,11.220185,-2.2,-62.165,-58.04,OB(O)C1=CC=C(COC2=CC=C(\C=C3/SC(=O)N(CC4=CC=C(F)C=C4)C3=O)C=C2)C=C1,null,null,null,null,null,SML0914,SIGMA,2021_LOPAC_01,-4.95,null,HA155,null,-2.2,null,null,null,59.765,-61.665,2.638,0.04,0.999,null,null,null,null,null,null,0.5,null,null,1.725,-58.04,-34.719,-37.534,null,null,null,null,null,null,null,null,null,BRWUZCBSWABPMR,null,TRND,ZOaqCqKhSwKJbMLaRw,null,null,null,null,null,null,null,null,null,null,null,null,null,0,4,0,null,null,173032,0 0 0 0,1,1,2025-06-17 15:37:36,null,null,null,null,null,null,null,364792151,activity,null,HTS,19.478895,1.725,-0.5,-12.363,-58.04,null,null,null,null,null,null,null,null,null,null,null,null,null,null,null,null,null,null,null,null,null,278940822
TRND-Glioblastoma_LOPAC_T98G-primary_screen2,NCGC00015300-21,activity,12.589254,-3,-71.391,-66.132,FC1=CC=C(C=C1)C(OCCN2CCN(CCCC3=CC=CC=C3)CC2)C4=CC=C(F)C=C4,null,null,null,null,null,D052,SIGMA,2021_LOPAC_01,-4.9,null,GBR-12909 dihydrochloride,null,-3,null,null,null,71.757,-67.391,4.095,0.049,0.999,null,null,null,null,null,null,4,null,null,5.625,-66.132,-18.041,-21.5,null,null,null,null,null,null,null,null,null,NAUWTFJOPJWYOT,null,TRND,usAwGxojofaqXiWvTl,null,Sodium-dependent Dopamine Transporter inhibitor,null,null,CL,null,null,null,null,null,SLC6A3,null,null,0,4,0,null,null,173032,0 0 0 0,1,1,2025-06-17 15:37:36,null,null,null,null,null,null,null,364793019,activity,null,HTS,16.293156,5.625,2.403,-0.81,-66.132,null,null,null,null,null,null,null,null,null,null,null,null,null,null,null,null,null,null,null,null,null,278940823
TRND-Glioblastoma_LOPAC_T98G-primary_screen2,NCGC00015885-11,activity,null,4,-13,0.074,CNC1=NC(NC)=NC(N[S+]([O-])(=O)C2=CC=C(N)C=C2)=C1,null,null,null,null,null,R140,SIGMA,2021_LOPAC_01,null,null,Ro 04-6790 dihydrochloride,null,4,null,null,null,10.913,2,1,0.707,0.468,null,null,null,null,null,null,15,null,null,10.987,0.074,37.174,33.678,null,null,null,null,null,null,null,null,null,KVLSWQCZJGDIPQ,null,TRND,afXTsNHkGEveyjFtOj,null,null,null,null,CL,null,null,null,null,null,null,null,null,0,4,0,null,null,173032,0 0 0 0,1,1,2025-06-17 15:37:36,null,null,null,null,null,null,null,364790603,activity,null,HTS,null,10.987,1.694,7.81,0.074,null,null,null,null,null,null,null,null,null,null,null,null,null,null,null,null,null,null,null,null,null,278940824
TRND-Glioblastoma_LOPAC_T98G-primary_screen2,NCGC00015513-31,activity,null,4,0,-1.062,NCCC1=CNC=N1,null,null,null,null,null,H7250,SIGMA,2021_LOPAC_01,null,null,Histamine dihydrochloride,null,4,null,null,null,4.76,0,null,null,null,null,null,null,null,null,null,0,null,null,-1.062,-5.822,-13.849,null,null,null,null,null,null,null,null,null,null,NTYJJOPFIAHURM,null,TRND,UneZvMaVJQeGGYyFgB,null,Histamine H1 Receptor agonist,null,null,CL,null,null,null,null,55-36-7,HRH1,null,null,0,4,null,null,null,173032,null,1,1,2025-06-17 15:37:36,null,null,null,null,null,null,null,364792683,activity,null,HTS,null,-2.531,-3.141,-5.822,-1.062,null,null,null,null,null,null,null,null,null,null,null,null,null,null,null,null,null,null,null,null,null,278940825
TRND-Glioblastoma_LOPAC_T98G-primary_screen2,NCGC00346575-09,activity,null,4,0,-1.245,CN1C(CNC2=CC=C(C=C2)C(N)=N)=NC3=CC(=CC=C13)C(=O)N(CCC(O)=O)C4=NC=CC=C4,null,null,null,null,null,SML2370,SIGMA,2021_LOPAC_01,null,null,Dabigatran,null,4,null,null,null,6.985,0,null,null,null,null,null,null,null,null,null,0,null,null,1.223,-5.763,-4.094,null,null,null,null,null,null,null,null,null,null,YBSJFWOBGCMAKL,null,TRND,pkcCMGGUhcQyWYoZOY,null,Thrombin inhibitor,null,null,null,null,null,null,null,211914-51-1,F2,null,null,0,4,null,null,null,173032,null,1,1,2025-06-17 15:37:36,null,null,null,null,null,null,null,364792355,activity,null,HTS,null,1.223,-5.763,-4.013,-1.245,null,null,null,null,null,null,null,null,null,null,null,null,null,null,null,null,null,null,null,null,null,278940826
TRND-Glioblastoma_LOPAC_T98G-primary_screen2,NCGC00015730-29,activity,null,4,0,9.903,CN(C)C(=O)OC1=CC(=CC=C1)[N+](C)(C)C,null,null,null,null,null,N2001,SIGMA,2021_LOPAC_01,null,null,Neostigmine bromide,null,4,null,null,null,4.443,0,null,null,null,null,null,null,null,null,null,0,null,null,9.903,5.46,32.566,null,null,null,null,null,null,null,null,null,null,ALWKGYPQUAPLQC,null,TRND,mxTPaKJmhceANnjgDE,null,null,null,null,BR,null,null,null,null,114-80-7,null,null,null,0,4,null,null,null,173032,null,1,1,2025-06-17 15:37:36,null,null,null,null,null,null,null,364791567,activity,null,HTS,null,5.46,9.786,7.676,9.903,null,null,null,null,null,null,null,null,null,null,null,null,null,null,null,null,null,null,null,null,null,278940827
TRND-Glioblastoma_LOPAC_T98G-primary_screen2,NCGC00014996-06,activity,null,4,0,-4.94,COC1=CC2=C(NC3=C2CCNC3)C=C1,null,null,null,null,null,291552,SIGMA,2021_LOPAC_01,null,null,"6-Methoxy-1,2,3,4-tetrahydro-9H-pyrido[3,4b] indole",null,4,null,null,null,7.793,0,null,null,null,null,null,null,null,null,null,0,null,null,2.306,-5.487,1.512,null,null,null,null,null,null,null,null,null,null,QYMDEOQLJUUNOF,null,TRND,UpEwKOcNHMUVMieZLy,null,null,null,null,null,null,null,null,null,null,null,null,null,0,4,null,null,null,173032,null,1,1,2025-06-17 15:37:36,null,null,null,null,null,null,null,364790383,activity,null,HTS,null,2.306,-5.487,2.208,-4.94,null,null,null,null,null,null,null,null,null,null,null,null,null,null,null,null,null,null,null,null,null,278940828
TRND-Glioblastoma_LOPAC_T98G-primary_screen2,NCGC00016047-16,activity,null,4,-12.047,-4.622,FC(F)(F)C1=C(C=CC=C1)N2C=CN=C2,null,null,null,null,null,T7313,SIGMA,2021_LOPAC_01,null,null,1-[2-(Trifluoromethyl)phenyl]imidazole,null,4,null,null,null,13.678,-6.047,4.955,0.542,0.761,null,null,null,null,null,null,6,null,null,9.056,-4.622,25.42,22.617,null,null,null,null,null,null,null,null,null,WZBWBNCQUTXYEL,null,TRND,ZKQVfArgEOVfYRHIjB,null,null,null,null,null,null,null,null,null,null,null,null,null,0,4,0,null,null,173032,0 0 0 0,1,1,2025-06-17 15:37:36,null,null,null,null,null,null,null,364795471,activity,null,HTS,null,7.255,1.978,9.056,-4.622,null,null,null,null,null,null,null,null,null,null,null,null,null,null,null,null,null,null,null,null,null,278940829
TRND-Glioblastoma_LOPAC_T98G-primary_screen2,NCGC00015005-10,activity,null,4,-25.235,-26.862,CN1C2CCC1CC(C2)OC(C3=CC=CC=C3)C4=C(N)C=CC=C4,null,null,null,null,null,A138,SIGMA,2021_LOPAC_01,null,null,Aminobenztropine,null,4,null,null,null,28.417,-27.235,4.955,0.292,0.944,null,null,null,null,null,null,-2,null,null,1.555,-26.862,-30.958,-22.895,null,null,null,null,null,null,null,null,null,KZFDKINRISJFCO,null,TRND,KFAYxWJsBnEDcSBMUB,null,null,null,null,null,null,null,null,null,null,null,null,null,0,4,0,null,null,173032,0 0 0 0,1,1,2025-06-17 15:37:36,null,null,null,null,null,null,null,364793015,activity,null,HTS,null,-5.813,1.555,-2.564,-26.862,null,null,null,null,null,null,null,null,null,null,null,null,null,null,null,null,null,null,null,null,null,278940830
TRND-Glioblastoma_LOPAC_T98G-primary_screen2,NCGC00015339-17,activity,2.818383,-1.2,-76.275,-76.1,CC1=CC(N)=C2C=CC=CC2=[N+]1CCCCCCCCCC[N+]3=C4C=CC=CC4=C(N)C=C3C,null,null,null,null,null,D3768,SIGMA,2021_LOPAC_01,-5.55,null,Dequalinium chloride hydrate,null,-1.2,null,null,null,74.034,-76.754,1.989,0.022,1,null,null,null,null,null,null,-0.479,null,null,-2.066,-76.1,-100.925,-98.953,null,null,null,null,null,null,null,null,null,PCSWXVJAIHCTMO,null,TRND,PuPAdbSzqvoCWAeNHU,null,null,null,null,CL,null,null,null,null,null,null,null,null,0,4,0,null,null,173032,0 0 0 0,1,1,2025-06-17 15:37:36,null,null,null,null,null,null,null,364791123,activity,null,HTS,3.859786,-2.066,-13.833,-65.095,-76.1,null,null,null,null,null,null,null,null,null,null,null,null,null,null,null,null,null,null,null,null,null,278940831
TRND-Glioblastoma_LOPAC_T98G-primary_screen2,NCGC00159337-16,activity,null,4,-22.742,-23.951,FC(F)(F)[C@]1(OC(=O)NC2=CC=C(Cl)C=C12)C#CC3CC3,null,null,null,null,null,SML0536,SIGMA,2021_LOPAC_01,null,null,Efavirenz,null,4,null,null,null,26.37,-24.742,3.132,0.374,0.902,null,null,null,null,null,null,-2,null,null,2.419,-23.951,-31.883,-23.598,null,null,null,null,null,null,null,null,null,XPOQHMRABVBWPR,null,TRND,PdJetoKBUwfpbWVuUl,null,null,null,null,null,null,null,null,null,154598-52-4,null,null,null,0,4,0,null,null,173032,0 0 0 0,1,1,2025-06-17 15:37:36,null,null,null,null,null,null,null,364794291,activity,null,HTS,null,-6.043,2.419,-6.023,-23.951,null,null,null,null,null,null,null,null,null,null,null,null,null,null,null,null,null,null,null,null,null,278940832
TRND-Glioblastoma_LOPAC_T98G-primary_screen2,NCGC00086529-03,activity,null,4,0,5.719,CC1CCC2=NC(N)=C(C#N)C(C3=CC=CN=C3)=C2C1,null,null,null,null,null,SML2208,SIGMA,2021_LOPAC_01,null,null,BRD6989,null,4,null,null,null,10.213,0,null,null,null,null,null,null,null,null,null,0,null,null,11.802,1.588,44.425,null,null,null,null,null,null,null,null,null,null,QSYBDNXNOJIKML,null,TRND,QLOHnjEVPJFCocSYeP,null,null,null,null,null,null,null,null,null,null,null,null,null,0,4,null,null,null,173032,null,1,1,2025-06-17 15:37:36,null,null,null,null,null,null,null,364791783,activity,null,HTS,null,11.551,1.588,11.802,5.719,null,null,null,null,null,null,null,null,null,null,null,null,null,null,null,null,null,null,null,null,null,278940833
TRND-Glioblastoma_LOPAC_T98G-primary_screen2,NCGC00016101-24,activity,null,4,0,-4.257,CC1=CC(=CC(C)=C1CC2=NCCN2)C(C)(C)C,null,null,null,null,null,x6000,SIGMA,2021_LOPAC_01,null,null,xylometazoline hydrochloride,null,4,null,null,null,7.967,0,null,null,null,null,null,null,null,null,null,0,null,null,-4.257,-12.224,-46.891,null,null,null,null,null,null,null,null,null,null,HUCJFAOMUPXHDK,null,TRND,DMSItNgJsstpKYjCLY,null,Alpha-2A Adrenergic Receptor agonist,null,null,CL,null,null,null,null,1218-35-5,ADRA2A,null,null,0,4,null,null,null,173032,null,1,1,2025-06-17 15:37:36,null,null,null,null,null,null,null,364794823,activity,null,HTS,null,-12.224,-9.897,-5.452,-4.257,null,null,null,null,null,null,null,null,null,null,null,null,null,null,null,null,null,null,null,null,null,278940834
TRND-Glioblastoma_LOPAC_T98G-primary_screen2,NCGC00164557-15,activity,null,4,10.685,9.801,CCCCC1=NC=C(\C=C(/CC2=CC=CS2)C(O)=O)N1CC3=CC=C(C=C3)C(O)=O,null,null,null,null,null,E2535,SIGMA,2021_LOPAC_01,null,null,Eprosartan mesylate,null,4,null,null,null,13.705,6.5,4.095,0.52,0.786,null,null,null,null,null,null,-4.185,null,null,9.801,-3.904,0.339,0.421,null,null,null,null,null,null,null,null,null,OROAFUQRIXKEMV,null,TRND,dOfzwHNplYBFVjexNc,null,null,null,null,SULFONICACID_V1,null,null,null,null,144143-96-4,null,null,null,0,4,0,null,null,173032,0 0 0 0,1,1,2025-06-17 15:37:36,null,null,null,null,null,null,null,364790959,activity,null,HTS,null,-3.904,5.312,3.301,9.801,null,null,null,null,null,null,null,null,null,null,null,null,null,null,null,null,null,null,null,null,null,278940835
TRND-Glioblastoma_LOPAC_T98G-primary_screen2,NCGC00689999-01,activity,12.589254,-3,-60.124,-40.456,CC(C)C(=O)NC1=NNC2=C1C=CC(=C2)C3=CC(N[S+]([O-])(=O)C4CC4)=CC=C3,null,null,null,null,null,SML2220,SIGMA,2021_LOPAC_01,-4.9,null,SGC-AAK1-1N,null,-3,null,null,null,51.541,-51.124,1.399,0.132,0.989,null,null,null,null,null,null,9,null,null,11.085,-40.456,6.432,2.39,null,null,null,null,null,null,null,null,null,CUOKPJUCXLNBQI,null,TRND,BAEoCFzGjeVmrvnLNq,null,null,null,null,null,null,null,null,null,null,null,null,null,0,4,0,null,null,173032,0 0 0 0,1,1,2025-06-17 15:37:36,null,null,null,null,null,null,null,364794559,activity,null,HTS,33.3,11.085,3.611,-7.99,-40.456,null,null,null,null,null,null,null,null,null,null,null,null,null,null,null,null,null,null,null,null,null,278940836
TRND-Glioblastoma_LOPAC_T98G-primary_screen2,NCGC00015708-30,activity,null,4,-26.937,-21.615,CNCCCC12CCC(C3=CC=CC=C13)C4=C2C=CC=C4,null,null,null,null,null,M9651,SIGMA,2021_LOPAC_01,null,null,Maprotiline hydrochloride,null,4,null,null,null,28.576,-24.937,4.955,0.404,0.884,null,null,null,null,null,null,2,null,null,6.962,-21.615,-14.301,-3.072,null,null,null,null,null,null,null,null,null,QSLMDECMDJKHMQ,null,TRND,GmXogZJNgIehcZbxRp,null,Sodium-dependent Noradrenaline Transporter inhibitor,null,null,CL,null,null,null,null,10347-81-6,SLC6A2,null,null,0,4,0,null,null,173032,0 0 0 0,1,1,2025-06-17 15:37:36,null,null,null,null,null,null,null,364791503,activity,null,HTS,null,-3.498,6.962,2.722,-21.615,null,null,null,null,null,null,null,null,null,null,null,null,null,null,null,null,null,null,null,null,null,278940837
TRND-Glioblastoma_LOPAC_T98G-primary_screen2,NCGC00015984-12,activity,null,4,11.39,-1.18,CN1C2CCC1CC(C2)OC(=O)C3=CNC4=C3C=CC=C4,null,null,null,null,null,T104,SIGMA,2021_LOPAC_01,null,null,3-Tropanyl-indole-3-carboxylate hydrochloride,null,4,null,null,null,14.502,1.5,3.99,0.458,0.845,null,null,null,null,null,null,-9.89,null,null,4.594,-9.908,-25.767,-26.334,null,null,null,null,null,null,null,null,null,ZNRGQMMCGHDTEI,null,TRND,RAwzuQBLlkYmjvjgMd,null,null,null,null,CL,null,null,null,null,[NO STEREO] 105826-92-4,null,null,null,0,4,0,null,null,173032,0 0 0 0,1,1,2025-06-17 15:37:36,null,null,null,null,null,null,null,364794087,activity,null,HTS,null,-9.908,-1.235,4.594,-1.18,null,null,null,null,null,null,null,null,null,null,null,null,null,null,null,null,null,null,null,null,null,278940838
TRND-Glioblastoma_LOPAC_T98G-primary_screen2,NCGC00015207-27,activity,null,4,8.753,-1.473,O=C1CCC2=C(N1)C=CC(OCCCCC3=NN=NN3C4CCCCC4)=C2,null,null,null,null,null,C0737,SIGMA,2021_LOPAC_01,null,null,Cilostazol,null,4,null,null,null,11.198,6,4.955,1,0.508,null,null,null,null,null,null,-2.753,null,null,9.726,-1.473,6.188,8.664,null,null,null,null,null,null,null,null,null,RRGUKTPIGVIEKM,null,TRND,bsNGlTdqIMCNgZfetY,null,Phosphodiesterase 3A inhibitor,null,null,null,null,null,null,null,73963-72-1,PDE3A,null,null,0,4,1,null,null,173032,0 0 0 1,1,1,2025-06-17 15:37:36,null,null,null,null,null,null,null,364793995,activity,null,HTS,null,-1.045,9.726,1.87,-1.473,null,null,null,null,null,null,null,null,null,null,null,null,null,null,null,null,null,null,null,null,null,278940839
TRND-Glioblastoma_LOPAC_T98G-primary_screen2,NCGC00016043-18,activity,null,4,0,-1.983,OC1=C(O)C=C(C=C(C#N)C#N)C=C1,null,null,null,null,null,T7165,SIGMA,2021_LOPAC_01,null,null,Tyrphostin 23,null,4,null,null,null,10.083,0,null,null,null,null,null,null,null,null,null,0,null,null,2.483,-7.6,1.758,null,null,null,null,null,null,null,null,null,null,VTJXFTPMFYAJJU,null,TRND,TSIJelOVLCxtoJDLOf,null,null,null,null,null,null,null,null,null,118409-57-7,null,null,null,0,4,null,null,null,173032,null,1,1,2025-06-17 15:37:36,null,null,null,null,null,null,null,364792915,activity,null,HTS,null,2.483,-7.6,1.744,-1.983,null,null,null,null,null,null,null,null,null,null,null,null,null,null,null,null,null,null,null,null,null,278940840
TRND-Glioblastoma_LOPAC_T98G-primary_screen2,NCGC00159406-23,activity,null,4,-11.5,-4.583,[H][C@](O)(CN)C1=CC=C(O)C(O)=C1,null,null,null,null,null,A9512,SIGMA,2021_LOPAC_01,null,null,L(-)-Norepinephrine bitartrate,null,4,null,null,null,13.376,-0.5,4.955,0.614,0.662,null,null,null,null,null,null,11,null,null,8.793,-4.583,23.79,23.309,null,null,null,null,null,null,null,null,null,SFLSHLFXELFNJZ,null,TRND,UXGDzntYuolcgmiiHG,null,Alpha-1A Adrenergic Receptor agonist,null,null,SUCCINICACIDOH,null,null,null,null,108341-18-0,ADRA1A,null,null,0,4,0,null,null,173032,0 0 0 0,1,1,2025-06-17 15:37:36,null,null,null,null,null,null,null,364791063,activity,null,HTS,null,8.793,-1.131,3.699,-4.583,null,null,null,null,null,null,null,null,null,null,null,null,null,null,null,null,null,null,null,null,null,278940841
TRND-Glioblastoma_LOPAC_T98G-primary_screen2,NCGC00388616-06,activity,null,4,-10.5,1.457,COC1=CC=C(C=C1)[S+]([O-])(=O)N(CC(C)C)CC(=O)NO,null,null,null,null,null,SML0584,SIGMA,2021_LOPAC_01,null,null,NNGH,null,4,null,null,null,10.807,-0.5,4.955,0.52,0.788,null,null,null,null,null,null,10,null,null,12.264,1.457,45.571,42.554,null,null,null,null,null,null,null,null,null,NGSKQMXKZRYJNK,null,TRND,OiuGwEUwcQvfIhMTPD,null,null,null,null,null,null,null,null,null,null,null,null,null,0,4,0,null,null,173032,0 0 0 0,1,1,2025-06-17 15:37:36,null,null,null,null,null,null,null,364790435,activity,null,HTS,null,11.284,7.033,12.264,1.457,null,null,null,null,null,null,null,null,null,null,null,null,null,null,null,null,null,null,null,null,null,278939889
TRND-Glioblastoma_LOPAC_T98G-primary_screen2,NCGC00016798-23,activity,null,4,0,0.992,CC(C)(C)NC[C@H](O)COC1=NSN=C1N2CCOCC2,null,null,null,null,null,T6394,SIGMA,2021_LOPAC_01,null,null,S(-)-Timolol maleate,null,4,null,null,null,10.15,0,null,null,null,null,null,null,null,null,null,0,null,null,0.992,-9.158,-6.201,null,null,null,null,null,null,null,null,null,null,BLJRIMJGRPQVNF,null,TRND,WkosDLStGHFPJlcNBx,null,null,null,null,MALEATE,null,null,null,null,26921-17-5,null,null,null,0,4,null,null,null,173032,null,1,1,2025-06-17 15:37:36,null,null,null,null,null,null,null,364794815,activity,null,HTS,null,0.769,-3.508,-9.158,0.992,null,null,null,null,null,null,null,null,null,null,null,null,null,null,null,null,null,null,null,null,null,278939890
TRND-Glioblastoma_LOPAC_T98G-primary_screen2,NCGC00015502-07,activity,null,4,10.862,-6.11,OCC1=CNC=N1,null,null,null,null,null,H1877,SIGMA,2021_LOPAC_01,null,null,4-Imidazolemethanol hydrochloride,null,4,null,null,null,14.071,6.5,4.955,1,0.931,null,null,null,null,null,null,-4.362,null,null,7.961,-6.11,5.259,6.309,null,null,null,null,null,null,null,null,null,QDYTUZCWBJRHKK,null,TRND,OdIVIbUARKuCxBbnNx,null,null,null,null,CL,null,null,null,null,null,null,null,null,0,4,1,null,null,173032,0 0 0 1,1,1,2025-06-17 15:37:36,null,null,null,null,null,null,null,364793287,activity,null,HTS,null,-2.385,7.961,5.155,-6.11,null,null,null,null,null,null,null,null,null,null,null,null,null,null,null,null,null,null,null,null,null,278939891
TRND-Glioblastoma_LOPAC_T98G-primary_screen2,NCGC00015267-27,activity,null,4,-11.073,5.318,CN(C)CCCC1(OCC2=C1C=CC(=C2)C#N)C3=CC=C(F)C=C3,null,null,null,null,null,C7861,SIGMA,2021_LOPAC_01,null,null,Citalopram hydrobromide,null,4,null,null,null,12.67,1.427,3.627,0.519,0.788,null,null,null,null,null,null,12.5,null,null,12.192,-0.477,38.122,37.282,null,null,null,null,null,null,null,null,null,WSEQXVZVJXJVFP,null,TRND,suEzbiNWSbLVSMuGXE,null,null,null,null,BR,null,null,null,null,59729-32-7,null,null,null,0,4,0,null,null,173032,0 0 0 0,1,1,2025-06-17 15:37:36,null,null,null,null,null,null,null,364791447,activity,null,HTS,null,12.192,2.61,-0.477,5.318,null,null,null,null,null,null,null,null,null,null,null,null,null,null,null,null,null,null,null,null,null,278939892
TRND-Glioblastoma_LOPAC_T98G-primary_screen2,NCGC00017280-43,activity,null,4,0,4.693,CC(\C=C\C1=C(C)CCCC1(C)C)=C/C=C/C(C)=C/C(O)=O,null,null,null,null,null,R2625,SIGMA,2021_LOPAC_01,null,null,Retinoic acid,null,4,null,null,null,4.315,0,null,null,null,null,null,null,null,null,null,0,null,null,9.009,4.693,38.455,null,null,null,null,null,null,null,null,null,null,SHGAZHPCJJPHSC,null,TRND,CJLGDYfDODgqfrttzC,null,Nuclear Receptor ROR-beta ligand,null,null,null,null,null,null,null,302-79-4,RORB,null,null,0,4,null,null,null,173032,null,1,1,2025-06-17 15:37:36,null,null,null,null,null,null,null,364791979,activity,null,HTS,null,9.009,8.642,7.077,4.693,null,null,null,null,null,null,null,null,null,null,null,null,null,null,null,null,null,null,null,null,null,278939893
TRND-Glioblastoma_LOPAC_T98G-primary_screen2,NCGC00015180-12,activity,null,4,0,-4.687,CN1CCN(CC1)C2=NC3=C(C=CC(=C3)C(F)(F)F)N4C=CC=C24,null,null,null,null,null,C106,SIGMA,2021_LOPAC_01,null,null,CGS-12066A maleate,null,4,null,null,null,5.815,0,null,null,null,null,null,null,null,null,null,0,null,null,1.128,-4.687,-5.514,null,null,null,null,null,null,null,null,null,null,LXFHSCDLMBZYKY,null,TRND,TCKpLftLjNxoXMaZWe,null,null,null,null,MALEATE,null,null,null,null,null,null,null,null,0,4,null,null,null,173032,null,1,1,2025-06-17 15:37:36,null,null,null,null,null,null,null,364791027,activity,null,HTS,null,-0.959,1.128,-1.685,-4.687,null,null,null,null,null,null,null,null,null,null,null,null,null,null,null,null,null,null,null,null,null,278939894
TRND-Glioblastoma_LOPAC_T98G-primary_screen2,NCGC00094381-23,activity,3.548134,-1.2,-28.146,-37.012,CC1=CC(C)=C(N1)\C=C2/C(=O)NC3=CC=CC=C23,null,null,null,null,null,S8442,SIGMA,2021_LOPAC_01,-5.45,null,SU 5416,null,-1.2,null,null,null,28.406,-36.973,3.247,0.017,1,null,null,null,null,null,null,-8.827,null,null,-8.606,-37.012,-73.633,-74.5,null,null,null,null,null,null,null,null,null,WUWDLXZGHZSWQZ,null,TRND,bfDymomjYYItuaMNGv,null,Vascular Endothelial Growth Factor Receptor 2 (VEGFR-2) inhibitor,null,null,null,null,null,null,null,194413-58-6,KDR,null,null,0,4,0,null,null,173032,0 0 0 0,1,1,2025-06-17 15:37:36,null,null,null,null,null,null,null,364794519,activity,null,HTS,null,-8.606,-9.741,-33.585,-37.012,null,null,null,null,null,null,null,null,null,null,null,null,null,null,null,null,null,null,null,null,null,278939895
TRND-Glioblastoma_LOPAC_T98G-primary_screen2,NCGC00378941-06,activity,null,4,-8.989,-1.657,OC(=O)CCCCN(CCC1=C(OCC2=CC=C(CCC3=CC=CC=C3)C=C2)C=CC=C1)CC4=CC=C(C=C4)C(O)=O,null,null,null,null,null,SML1532,SIGMA,2021_LOPAC_01,null,null,Cinaciguat hydrochloride,null,4,null,null,null,10.448,-1.989,3.065,0.444,0.857,null,null,null,null,null,null,7,null,null,8.79,-1.657,21.674,26.398,null,null,null,null,null,null,null,null,null,WPYWMXNXEZFMAK,null,TRND,KZigUXNBWzWiadnsHX,null,Soluble Guanylate Cyclase (sGC) activator,null,null,CL,null,null,null,null,329773-35-5,GUCY1A2,null,null,0,4,0,null,null,173032,0 0 0 0,1,1,2025-06-17 15:37:36,null,null,null,null,null,null,null,364794375,activity,null,HTS,null,4.816,8.79,4.346,-1.657,null,null,null,null,null,null,null,null,null,null,null,null,null,null,null,null,null,null,null,null,null,278939896
TRND-Glioblastoma_LOPAC_T98G-primary_screen2,NCGC00016880-14,activity,null,4,0,1.707,CC(C)NC[C@H](O)COC1=CC=C(CC(N)=O)C=C1,null,null,null,null,null,A143,SIGMA,2021_LOPAC_01,null,null,S(-)-Atenolol,null,4,null,null,null,7.195,0,null,null,null,null,null,null,null,null,null,0,null,null,6.813,-0.382,5.941,null,null,null,null,null,null,null,null,null,null,METKIMKYRPQLGS,null,TRND,cRBYOjgucPRNlIsYQX,null,null,null,null,null,null,null,null,null,93379-54-5,null,null,null,0,4,null,null,null,173032,null,1,1,2025-06-17 15:37:36,null,null,null,null,null,null,null,364794931,activity,null,HTS,null,-0.382,1.917,6.813,1.707,null,null,null,null,null,null,null,null,null,null,null,null,null,null,null,null,null,null,null,null,null,278939897
TRND-Glioblastoma_LOPAC_T98G-primary_screen2,NCGC00507761-02,activity,null,4,-10.364,-5.303,[O-][S+](=O)(NC1=NC(=O)C(S1)=CC2=CC=C(Br)C=C2)C3=CC=CC4=CC=CC=C34,null,null,null,null,null,SML1169,SIGMA,2021_LOPAC_01,null,null,Pitstop 2,null,4,null,null,null,14.028,-5.364,3.065,0.596,0.69,null,null,null,null,null,null,5,null,null,8.725,-5.303,7.023,16.007,null,null,null,null,null,null,null,null,null,VFEMJZDNQUNKQN,null,TRND,pXfksxOqgfBsSJjqVc,null,null,null,null,null,null,null,null,null,null,null,null,null,0,4,0,null,null,173032,0 0 0 0,1,1,2025-06-17 15:37:36,null,null,null,null,null,null,null,364793119,activity,null,HTS,null,0.91,8.725,1.699,-5.303,null,null,null,null,null,null,null,null,null,null,null,null,null,null,null,null,null,null,null,null,null,278939898
TRND-Glioblastoma_LOPAC_T98G-primary_screen2,NCGC00186023-03,activity,null,4,-15.88,-0.188,[H][C@@]12CC[C@@]3(C[C@]1(CC3=C)CC[C@]4([H])[C@@](C)(CCC[C@@]24C)C(=O)OC5OC(CO)C(O)C(O)C5O)OC6OC(CO)C(O)C(O)C6OC7OC(CO)C(O)C(O)C7O,null,null,null,null,null,S3572,SIGMA,2021_LOPAC_01,null,null,Stevioside,null,4,null,null,null,14.704,-11.88,3.065,1,1,null,null,null,null,null,null,4,null,null,3.97,-10.734,-0.333,-0.955,null,null,null,null,null,null,null,null,null,UEDUENGHJMELGK,null,TRND,LJHjmPyxkXYCMBKtPn,null,null,null,null,H2O,null,null,null,null,[NO STEREO] 57817-89-7,null,null,null,0,4,1,null,null,173032,0 0 0 1,1,1,2025-06-17 15:37:36,null,null,null,null,null,null,null,364795035,activity,null,HTS,null,3.97,2.573,-10.734,-0.188,null,null,null,null,null,null,null,null,null,null,null,null,null,null,null,null,null,null,null,null,null,278939899
TRND-Glioblastoma_LOPAC_T98G-primary_screen2,NCGC00096028-16,activity,7.943282,-2.3,-107.491,-86.103,COC1=CC(\C=C\C(=O)N2CCC=CC2=O)=CC(OC)=C1OC,null,null,null,null,null,SML0221,SIGMA,2021_LOPAC_01,-5.1,null,Piperlongumine,null,-2.1,null,null,null,101.92,-92.991,1.885,0.102,0.994,null,null,null,null,null,null,14.5,null,null,15.817,-86.103,-28.001,-19.266,null,null,null,null,null,null,null,null,null,VABYUUZNAVQNPG,null,TRND,eYQPqMwHETQJaSxjxs,null,null,null,null,null,null,null,null,null,20069-09-4,null,null,null,0,4,0,null,null,173032,0 0 0 0,1,1,2025-06-17 15:37:36,null,null,null,null,null,null,null,364790911,activity,null,HTS,8.605865,10.03,15.817,-30.925,-86.103,null,null,null,null,null,null,null,null,null,null,null,null,null,null,null,null,null,null,null,null,null,278939900
TRND-Glioblastoma_LOPAC_T98G-primary_screen2,NCGC00025102-10,activity,null,4,-28.583,-29.922,CC(\C=C\C1=CC(OC2=CC=C(F)C=C2)=CC=C1)N(O)C(N)=O,null,null,null,null,null,B4558,SIGMA,2021_LOPAC_01,null,null,BWB70C,null,4,null,null,null,27.569,-31.907,2.353,0.076,0.996,null,null,null,null,null,null,-3.324,null,null,-2.353,-29.922,-31.836,-34.253,null,null,null,null,null,null,null,null,null,UAIYNMRLUHHRMF,null,TRND,DWHIsEmCrYILfBeMmV,null,null,null,null,null,null,null,null,null,null,null,null,null,0,4,0,null,null,173032,0 0 0 0,1,1,2025-06-17 15:37:36,null,null,null,null,null,null,null,364793259,activity,null,HTS,null,-2.353,-4.283,-9.413,-29.922,null,null,null,null,null,null,null,null,null,null,null,null,null,null,null,null,null,null,null,null,null,278939901
TRND-Glioblastoma_LOPAC_T98G-primary_screen2,NCGC00013495-25,activity,null,4,0,-2.36,[H][C@]12CC[C@]([H])(C[C@@]([H])(C1)OC(C3=CC=CC=C3)C4=CC=CC=C4)N2C,null,null,null,null,null,SML0837,SIGMA,2021_LOPAC_01,null,null,Benztropine mesylate ,null,4,null,null,null,4.42,0,null,null,null,null,null,null,null,null,null,0,null,null,2.06,-2.36,4.254,null,null,null,null,null,null,null,null,null,null,GIJXKZJWITVLHI,null,TRND,WLNzDCOGhsPUTVubHV,null,null,null,null,METHANESULFONIC-ACID,null,null,null,null,132-17-2,null,null,null,0,4,null,null,null,173032,null,1,1,2025-06-17 15:37:36,null,null,null,null,null,null,null,364793727,activity,null,HTS,null,2.06,-0.151,-0.169,-2.36,null,null,null,null,null,null,null,null,null,null,null,null,null,null,null,null,null,null,null,null,null,278939902
TRND-Glioblastoma_LOPAC_T98G-primary_screen2,NCGC00015818-30,activity,null,4,15.358,-1.54,O=C(C1CCCCC1)N2CC3N(CCC4=C3C=CC=C4)C(=O)C2,null,null,null,null,null,P4668,SIGMA,2021_LOPAC_01,null,null,Praziquantel,null,4,null,null,null,14.856,5.5,4.955,1,0.884,null,null,null,null,null,null,-9.858,null,null,7.891,-6.965,-10.427,-8.42,null,null,null,null,null,null,null,null,null,FSVJFNAIGNNGKK,null,TRND,NQGkYTCKyZPnAEnZiw,null,Anti-helmenthic,null,null,null,null,null,null,null,55268-74-1,cavB,null,null,0,4,1,null,null,173032,0 0 0 1,1,1,2025-06-17 15:37:36,null,null,null,null,null,null,null,364792263,activity,null,HTS,null,-6.965,7.891,2.764,-1.54,null,null,null,null,null,null,null,null,null,null,null,null,null,null,null,null,null,null,null,null,null,278939903
TRND-Glioblastoma_LOPAC_T98G-primary_screen2,NCGC00162084-15,activity,8.912509,-2.4,-68.783,-49.836,NC1=NC=NC2=C1N=C(Br)N2C3OC4CO[P@]([O-])(=O)O[C@@H]4C3O,null,null,null,null,null,B7880,SIGMA,2021_LOPAC_01,-5.05,null,8-BRomo-cAMP sodium,null,-2.2,null,null,null,50.983,-65.783,0.9,0.08,0.996,null,null,null,null,null,null,3,null,null,1.147,-49.836,-47.517,-49.673,null,null,null,null,null,null,null,null,null,DVKQVRZMKBDMDH,null,TRND,swchOpOdGTuJtCcVRW,null,null,null,null,SODIUM,null,null,null,null,null,null,null,null,0,4,0,null,null,173032,0 0 0 0,1,1,2025-06-17 15:37:36,null,null,null,null,null,null,null,364792015,activity,null,HTS,32.093249,1.147,-9.35,-25.694,-49.836,null,null,null,null,null,null,null,null,null,null,null,null,null,null,null,null,null,null,null,null,null,278939904
TRND-Glioblastoma_LOPAC_T98G-primary_screen2,NCGC00094344-05,activity,null,4,-29.432,-19.11,COC1=CC=C(NC(=O)\C=C\C2=CC=C(Cl)C=C2)C=C1,null,null,null,null,null,S0441,SIGMA,2021_LOPAC_01,null,null,SB-366791,null,4,null,null,null,30.698,-19.932,3.065,0.157,0.984,null,null,null,null,null,null,9.5,null,null,11.589,-19.11,20.635,24.889,null,null,null,null,null,null,null,null,null,LYIXDMRSDTZYCF,null,TRND,wCMmAsqpetvqXWqFtj,null,null,null,null,null,null,null,null,null,null,null,null,null,0,4,0,null,null,173032,0 0 0 0,1,1,2025-06-17 15:37:36,null,null,null,null,null,null,null,364791883,activity,null,HTS,null,7.526,11.589,2.426,-19.11,null,null,null,null,null,null,null,null,null,null,null,null,null,null,null,null,null,null,null,null,null,278939905
TRND-Glioblastoma_LOPAC_T98G-primary_screen2,NCGC00179528-08,activity,null,4,0,4.189,N[C@@H](CN/1\C=C/C(=O)/C(=C1)O)C(O)=O,null,null,null,null,null,M0253,SIGMA,2021_LOPAC_01,null,null,L-Mimosine from Koa hoale seeds,null,4,null,null,null,7.603,0,null,null,null,null,null,null,null,null,null,0,null,null,4.189,-3.414,-6.036,null,null,null,null,null,null,null,null,null,null,WZNJWVWKTVETCG,null,TRND,XYbdcGBDVLJjuLnoOF,null,null,null,null,null,null,null,null,null,500-44-7,null,null,null,0,4,null,null,null,173032,null,1,1,2025-06-17 15:37:36,null,null,null,null,null,null,null,364792891,activity,null,HTS,null,-3.414,1.34,0.43,4.189,null,null,null,null,null,null,null,null,null,null,null,null,null,null,null,null,null,null,null,null,null,278939906
TRND-Glioblastoma_LOPAC_T98G-primary_screen2,NCGC00025064-18,activity,1,-1.1,-80.15,-88.122,[H][C@@]1(O[C@@]2(CC[C@@H](C)[C@@H](CC3=NC4=C(O3)C=CC(NC)=C4C(O)=O)O2)[C@H](C)C[C@H]1C)[C@H](C)C(=O)C5=CC=CN5,null,null,null,null,null,C7522,SIGMA,2021_LOPAC_01,-6,null,Calcimycin,null,-1.1,null,null,null,79.689,-87.769,3.512,0.015,1,null,null,null,null,null,null,-7.62,null,null,-8.433,-88.122,-176.824,-177.01,null,null,null,null,null,null,null,null,null,HIYAVKIYRIFSCZ,null,TRND,vELzEVKAwDUEQpvsJF,null,null,null,null,null,null,null,null,null,52665-69-7,null,null,null,0,4,0,null,null,173032,0 0 0 0,1,1,2025-06-17 15:37:36,null,null,null,null,null,null,null,364795267,activity,null,HTS,1.083161,-8.433,-65.591,-87.605,-88.122,null,null,null,null,null,null,null,null,null,null,null,null,null,null,null,null,null,null,null,null,null,278939907
TRND-Glioblastoma_LOPAC_T98G-primary_screen2,NCGC00015186-09,activity,null,4,-19.721,-22.885,OC1=CC2=C(CCN(CC=C)CC2C3=CC=CC=C3)C(Cl)=C1O,null,null,null,null,null,C130,SIGMA,2021_LOPAC_01,null,null,(±)-Chloro-APB hydrobromide,null,4,null,null,null,21.017,-23.462,4.095,0.185,0.978,null,null,null,null,null,null,-3.741,null,null,-1.868,-22.885,-31.401,-28.257,null,null,null,null,null,null,null,null,null,HJWHHQIVUHOBQN,null,TRND,EqGAZjfxRbnPWOrVWe,null,null,null,null,BR,null,null,null,null,null,null,null,null,0,4,0,null,null,173032,0 0 0 0,1,1,2025-06-17 15:37:36,null,null,null,null,null,null,null,364794863,activity,null,HTS,null,-5.309,-1.868,-4.763,-22.885,null,null,null,null,null,null,null,null,null,null,null,null,null,null,null,null,null,null,null,null,null,278939908
TRND-Glioblastoma_LOPAC_T98G-primary_screen2,NCGC00381714-12,activity,null,4,-9.313,-6.272,C[S+]([O-])C1=CC=C(\C=C2\C(C)=C(CC(O)=O)C3=CC(F)=CC=C23)C=C1,null,null,null,null,null,S8139,SIGMA,2021_LOPAC_01,null,null,Sulindac,null,4,null,null,null,10.046,-11.313,4.955,1,0.584,null,null,null,null,null,null,-2,null,null,0.618,-9.428,-27.453,-19.543,null,null,null,null,null,null,null,null,null,MLKXDPUZXIRXEP,null,TRND,uTbIVrZPszZSTBUcdW,null,null,null,null,null,null,null,null,null,38194-50-2,null,null,null,0,4,1,null,null,173032,0 0 0 1,1,1,2025-06-17 15:37:36,null,null,null,null,null,null,null,364791963,activity,null,HTS,null,-5.887,0.618,-9.428,-6.272,null,null,null,null,null,null,null,null,null,null,null,null,null,null,null,null,null,null,null,null,null,278939909
TRND-Glioblastoma_LOPAC_T98G-primary_screen2,NCGC00025029-23,activity,null,4,-10.174,-9.279,N\C(SC1=CC=CC=C1N)=C(C#N)/C(C#N)=C(\N)SC2=CC=CC=C2N,null,null,null,null,null,U120,SIGMA,2021_LOPAC_01,null,null,U0126,null,4,null,null,null,11.395,-10.572,4.955,0.221,0.969,null,null,null,null,null,null,-0.398,null,null,-0.332,-11.726,-14.668,-14.802,null,null,null,null,null,null,null,null,null,DVEXZJFMOKTQEZ,null,TRND,dSlPBsAIOizCgroVkl,null,null,null,null,ETHANOL_V2,null,null,null,null,218601-62-8,null,null,null,0,4,0,null,null,173032,0 0 0 0,1,1,2025-06-17 15:37:36,null,null,null,null,null,null,null,364791595,activity,null,HTS,null,-0.332,-0.958,-11.726,-9.279,null,null,null,null,null,null,null,null,null,null,null,null,null,null,null,null,null,null,null,null,null,278939910
TRND-Glioblastoma_LOPAC_T98G-primary_screen2,NCGC00013841-25,activity,null,4,-13.652,-15.841,CN(C)CCC=C1C2=C(C=CC=C2)C=CC3=C1C=CC=C3,null,null,null,null,null,C4542,SIGMA,2021_LOPAC_01,null,null,Cyclobenzaprine hydrochloride,null,4,null,null,null,13.043,-16.509,2.588,0.017,1,null,null,null,null,null,null,-2.857,null,null,-2.798,-15.841,-22.082,-22.209,null,null,null,null,null,null,null,null,null,JURKNVYFZMSNLP,null,TRND,XlfbnRCVLdokpgDUKn,null,null,null,null,CL,null,null,null,null,6202-23-9,null,null,null,0,4,0,null,null,173032,0 0 0 0,1,1,2025-06-17 15:37:36,null,null,null,null,null,null,null,364794563,activity,null,HTS,null,-2.798,-2.845,-5.724,-15.841,null,null,null,null,null,null,null,null,null,null,null,null,null,null,null,null,null,null,null,null,null,278939911
TRND-Glioblastoma_LOPAC_T98G-primary_screen2,NCGC00167832-23,activity,5.623413,-2.4,-54.111,-43.635,COC1=C(OCCNCC(O)COC2=CC=CC3=C2C4=CC=CC=C4N3)C=CC=C1,null,null,null,null,null,C3993,SIGMA,2021_LOPAC_01,-5.25,null,Carvedilol,null,-2.2,null,null,null,55.009,-44.111,2.406,0.106,0.993,null,null,null,null,null,null,10,null,null,11.374,-43.635,-9.443,-5.058,null,null,null,null,null,null,null,null,null,OGHNVEJMJSYVRP,null,TRND,WVjajbrvfrSotZJyHC,null,null,null,null,null,null,null,null,null,72956-09-3,null,null,null,0,4,0,null,null,173032,0 0 0 0,1,1,2025-06-17 15:37:36,null,null,null,null,null,null,null,364791747,activity,null,HTS,null,7.992,11.374,-23.785,-43.635,null,null,null,null,null,null,null,null,null,null,null,null,null,null,null,null,null,null,null,null,null,278939912
TRND-Glioblastoma_LOPAC_T98G-primary_screen2,NCGC00390732-05,activity,null,4,0,1.204,CN1CCC(CC1)=C2C3=NC=C(C=O)N3CCC4=CC=CC=C24,null,null,null,null,null,SML1590,SIGMA,2021_LOPAC_01,null,null,Alcaftadine,null,4,null,null,null,4.287,0,null,null,null,null,null,null,null,null,null,0,null,null,5.491,1.204,15.027,null,null,null,null,null,null,null,null,null,null,MWTBKTRZPHJQLH,null,TRND,exXLJIrbjfXDdYhJVX,null,null,null,null,null,null,null,null,null,147084-10-4,null,null,null,0,4,null,null,null,173032,null,1,1,2025-06-17 15:37:36,null,null,null,null,null,null,null,364791855,activity,null,HTS,null,2.754,4.167,5.491,1.204,null,null,null,null,null,null,null,null,null,null,null,null,null,null,null,null,null,null,null,null,null,278939913
TRND-Glioblastoma_LOPAC_T98G-primary_screen2,NCGC00015227-28,activity,null,4,-22.693,-17.244,CN(C)CCC(C1=CC=C(Cl)C=C1)C2=CC=CC=N2,null,null,null,null,null,C3025,SIGMA,2021_LOPAC_01,null,null,(±)-Chlorpheniramine maleate,null,4,null,null,null,25.857,-20.193,4.955,0.51,0.795,null,null,null,null,null,null,2.5,null,null,8.613,-17.244,3.114,1.242,null,null,null,null,null,null,null,null,null,SOYKEARSMXGVTM,null,TRND,kvoTOjUenGPSUyTyNE,null,null,null,null,MALEATE,null,null,null,null,113-92-8,null,null,null,0,4,0,null,null,173032,0 0 0 0,1,1,2025-06-17 15:37:36,null,null,null,null,null,null,null,364792135,activity,null,HTS,null,3.149,-3.696,8.613,-17.244,null,null,null,null,null,null,null,null,null,null,null,null,null,null,null,null,null,null,null,null,null,278939914
TRND-Glioblastoma_LOPAC_T98G-primary_screen2,NCGC00186035-11,activity,null,4,-48.388,-25.74,[O-][N+](=O)C1=CC=CC(=C1)C(=O)NC2=NC3=CC=CC=C3N2CCN4CCOCC4,null,null,null,null,null,I5409,SIGMA,2021_LOPAC_01,null,null,IRAK-1/4 Inhibitor I,null,4,null,null,null,39.068,-34.388,1.031,0.084,0.996,null,null,null,null,null,null,14,null,null,13.328,-25.74,22.728,21.107,null,null,null,null,null,null,null,null,null,QTCFYQHZJIIHBS,null,TRND,lXFfMNgAjyqlYyweKw,null,Interleukin-1 Receptor-Associated Kinase 1 inhibitor,null,null,null,null,null,null,null,null,IRAK1,null,null,0,4,0,null,null,173032,0 0 0 0,1,1,2025-06-17 15:37:36,null,null,null,null,null,null,null,364790667,activity,null,HTS,null,13.328,5.932,-6.969,-25.74,null,null,null,null,null,null,null,null,null,null,null,null,null,null,null,null,null,null,null,null,null,278939915
TRND-Glioblastoma_LOPAC_T98G-primary_screen2,NCGC00408874-04,activity,null,4,0,9.697,CCOC(=O)[C@@H](N)CC1=CC=C(O)C(O)=C1,null,null,null,null,null,SML0091,SIGMA,2021_LOPAC_01,null,null,L-Dopa ethyl ester,null,4,null,null,null,3.909,0,null,null,null,null,null,null,null,null,null,0,null,null,9.697,5.788,38.918,null,null,null,null,null,null,null,null,null,null,NULMGOSOSZBEQL,null,TRND,hEsRckuUBcnUqOkYvg,null,null,null,null,null,null,null,null,null,null,null,null,null,0,4,null,null,null,173032,null,1,1,2025-06-17 15:37:36,null,null,null,null,null,null,null,364792027,activity,null,HTS,null,9.223,5.977,5.788,9.697,null,null,null,null,null,null,null,null,null,null,null,null,null,null,null,null,null,null,null,null,null,278939916
TRND-Glioblastoma_LOPAC_T98G-primary_screen2,NCGC00015864-25,activity,null,4,0,9.44,CCN(CC)CCOC(=O)C1=CC=C(N)C=C1,null,null,null,null,null,P9879,SIGMA,2021_LOPAC_01,null,null,Procaine hydrochloride,null,4,null,null,null,8.368,0,null,null,null,null,null,null,null,null,null,0,null,null,13.24,4.871,34.249,null,null,null,null,null,null,null,null,null,null,MFDFERRIHVXMIY,null,TRND,votmJbgqXjRKxDqWdX,null,null,null,null,CL,null,null,null,null,51-05-8,null,null,null,0,4,null,null,null,173032,null,1,1,2025-06-17 15:37:36,null,null,null,null,null,null,null,364790611,activity,null,HTS,null,4.871,9.314,13.24,9.44,null,null,null,null,null,null,null,null,null,null,null,null,null,null,null,null,null,null,null,null,null,278939917
TRND-Glioblastoma_LOPAC_T98G-primary_screen2,NCGC00485134-03,activity,4.466836,-1.3,-90.082,-82.483,COC1=CC=C(CCNCC2=CC=C(OC)C3=C2C=CC=C3)C=C1,null,null,null,null,null,SML1054,SIGMA,2021_LOPAC_01,-5.35,null,SBI-0087702    ,null,-1.1,null,null,null,91.709,-83.582,3.99,0.078,0.996,null,null,null,null,null,null,6.5,null,null,9.226,-82.483,-76.625,-69.705,null,null,null,null,null,null,null,null,null,SNBZXHDTILHVJS,null,TRND,xmxFZehPeKmhiOpJYR,null,null,null,null,null,null,null,null,null,null,null,null,null,0,4,0,null,null,173032,0 0 0 0,1,1,2025-06-17 15:37:36,null,null,null,null,null,null,null,364793647,activity,null,HTS,4.935439,3.384,9.226,-70.217,-82.483,null,null,null,null,null,null,null,null,null,null,null,null,null,null,null,null,null,null,null,null,null,278939918
TRND-Glioblastoma_LOPAC_T98G-primary_screen2,NCGC00015128-11,activity,null,4,0,-3.325,C1CCN(CC1)C2(CCCCC2)C3=CC4=C(S3)C=CC=C4,null,null,null,null,null,B138,SIGMA,2021_LOPAC_01,null,null,BTCP hydrochloride,null,4,null,null,null,6.603,0,null,null,null,null,null,null,null,null,null,0,null,null,3.277,-3.325,5.756,null,null,null,null,null,null,null,null,null,null,RGSVXQJPSWZXOP,null,TRND,iqTjqdhrsmJMHhrasr,null,null,null,null,CL,null,null,null,null,null,null,null,null,0,4,null,null,null,173032,null,1,1,2025-06-17 15:37:36,null,null,null,null,null,null,null,364794603,activity,null,HTS,null,1.903,3.277,-0.098,-3.325,null,null,null,null,null,null,null,null,null,null,null,null,null,null,null,null,null,null,null,null,null,278939919
TRND-Glioblastoma_LOPAC_T98G-primary_screen2,NCGC00015430-16,activity,null,4,-9.764,-2.086,CC(CC1=CC=C(O)C=C1)NCC(O)C2=CC(O)=CC(O)=C2,null,null,null,null,null,F1016,SIGMA,2021_LOPAC_01,null,null,Fenoterol hydrobromide,null,4,null,null,null,12.688,-1.764,4.955,0.674,0.548,null,null,null,null,null,null,8,null,null,6.219,-6.47,13.508,13.497,null,null,null,null,null,null,null,null,null,LSLYOANBFKQKPT,null,TRND,XJFsEYBemtMYVrmzKW,null,null,null,null,BR,null,null,null,null,[NO STEREO] 1944-12-3,null,null,null,0,4,0,null,null,173032,0 0 0 0,1,1,2025-06-17 15:37:36,null,null,null,null,null,null,null,364794575,activity,null,HTS,null,6.219,-6.47,2.671,-2.086,null,null,null,null,null,null,null,null,null,null,null,null,null,null,null,null,null,null,null,null,null,278939920
TRND-Glioblastoma_LOPAC_T98G-primary_screen2,NCGC00023339-32,activity,null,4,0,6.955,CC[C@H]1[C@@H](CC2=CN=CN2C)COC1=O,null,null,null,null,null,P6628,SIGMA,2021_LOPAC_01,null,null,Pilocarpine nitrate,null,4,null,null,null,0.979,0,null,null,null,null,null,null,null,null,null,0,null,null,7.64,6.661,33.946,null,null,null,null,null,null,null,null,null,null,QCHFTSOMWOSFHM,null,TRND,TgNeogCqjfhooWEULF,null,null,null,null,NITRIC_ACID,null,null,null,null,148-72-1,null,null,null,0,4,null,null,null,173032,null,1,1,2025-06-17 15:37:36,null,null,null,null,null,null,null,364795475,activity,null,HTS,null,7.312,6.661,7.64,6.955,null,null,null,null,null,null,null,null,null,null,null,null,null,null,null,null,null,null,null,null,null,278939921
TRND-Glioblastoma_LOPAC_T98G-primary_screen2,NCGC00507863-05,activity,null,4,-34.282,-28.568,COC(=O)[C@H]1CC2=C(NC3=C2C=CC=C3)[C@@H](N1C(=O)CCl)C4=CC=C(C=C4)C(=O)OC,null,null,null,null,null,SML2234,SIGMA,2021_LOPAC_01,null,null,"1S,3R-RSL 3",null,4,null,null,null,97.301,-29.282,3.065,0.887,1,null,null,null,null,null,null,5,null,null,4.878,-92.423,-4.835,-1.273,null,null,null,null,null,null,null,null,null,TXJZRSRTYPUYRW,null,TRND,GjcitxFzEJufVeLqfw,null,Phospholipid hydroperoxide glutathione peroxidase inhibitor,null,null,null,null,null,null,null,null,GPX4,null,null,0,4,1,null,null,173032,0 1 0 0,1,1,2025-06-17 15:37:36,null,null,null,null,null,null,null,364791951,activity,null,HTS,null,4.878,-92.423,-4.83,-28.568,null,null,null,null,null,null,null,null,null,null,null,null,null,null,null,null,null,null,null,null,null,278939922
TRND-Glioblastoma_LOPAC_T98G-primary_screen2,NCGC00015807-07,activity,null,4,0,7.512,CN1C2=C(NC(=N2)C3=CC=CC=C3)C(=O)N(C)C1=O,null,null,null,null,null,P2278,SIGMA,2021_LOPAC_01,null,null,"1,3-Dimethyl-8-phenylxanthine",null,4,null,null,null,9.879,0,null,null,null,null,null,null,null,null,null,0,null,null,13.961,4.082,49.263,null,null,null,null,null,null,null,null,null,null,PJFMAVHETLRJHJ,null,TRND,ROJjpJZPTRkLZkRaqN,null,null,null,null,null,null,null,null,null,961-45-5,null,null,null,0,4,null,null,null,173032,null,1,1,2025-06-17 15:37:36,null,null,null,null,null,null,null,364792871,activity,null,HTS,null,13.961,4.082,5.314,7.512,null,null,null,null,null,null,null,null,null,null,null,null,null,null,null,null,null,null,null,null,null,278940433
TRND-Glioblastoma_LOPAC_T98G-primary_screen2,NCGC00015821-23,activity,null,4,0,-0.958,NC(=O)CN1CCCC1=O,null,null,null,null,null,P5295,SIGMA,2021_LOPAC_01,null,null,Piracetam,null,4,null,null,null,4.997,0,null,null,null,null,null,null,null,null,null,0,null,null,-0.958,-5.955,-11.156,null,null,null,null,null,null,null,null,null,null,GMZVRMREEHBGGF,null,TRND,gzLClrbltmhGHWstLN,null,null,null,null,null,null,null,null,null,7491-74-9,null,null,null,0,4,null,null,null,173032,null,1,1,2025-06-17 15:37:36,null,null,null,null,null,null,null,364794819,activity,null,HTS,null,-1.197,-4.532,-5.955,-0.958,null,null,null,null,null,null,null,null,null,null,null,null,null,null,null,null,null,null,null,null,null,278940434
TRND-Glioblastoma_LOPAC_T98G-primary_screen2,NCGC00248115-05,activity,5.011872,-2.1,-87.521,-80.903,CC(C)C1=CC=CC(C(C)C)=C1N2C(=O)C3=C(C=C(O)C=C3)C2=O,null,null,null,null,null,H9415,SIGMA,2021_LOPAC_01,-5.3,null,5HPP-33,null,-2.1,null,null,null,86.918,-82.021,2.473,0.017,1,null,null,null,null,null,null,5.5,null,null,6.014,-80.903,-61.876,-63.119,null,null,null,null,null,null,null,null,null,LAKWINYVWJPHQW,null,TRND,sQqJcQhrehpHBEkeGZ,null,null,null,null,null,null,null,null,null,null,null,null,null,0,4,0,null,null,173032,0 0 0 0,1,1,2025-06-17 15:37:36,null,null,null,null,null,null,null,364793463,activity,null,HTS,6.001494,6.014,2.295,-53.827,-80.903,null,null,null,null,null,null,null,null,null,null,null,null,null,null,null,null,null,null,null,null,null,278940435
TRND-Glioblastoma_LOPAC_T98G-primary_screen2,NCGC00091032-22,activity,null,4,-30.256,-11.463,[H][C@@]12CC[C@](OC(C)=O)(C(C)=O)[C@@]1(C)CC[C@@]3([H])[C@@]2([H])C=C(Cl)C4=CC(=O)[C@@H]5C[C@@H]5[C@]34C,null,null,null,null,null,C3412,SIGMA,2021_LOPAC_01,null,null,Cyproterone acetate,null,4,null,null,null,24.419,-15.756,0.8,0.256,0.958,null,null,null,null,null,null,14.5,null,null,12.955,-11.463,33.725,32.203,null,null,null,null,null,null,null,null,null,UWFYSQMTEOIJJG,null,TRND,zFSYcxAkyzxBqBZBUO,null,Androgen Receptor antagonist,null,null,null,null,null,null,null,427-51-0,AR,null,null,0,4,0,null,null,173032,0 0 0 0,1,1,2025-06-17 15:37:36,null,null,null,null,null,null,null,364794691,activity,null,HTS,null,12.955,4.934,0.5,-11.463,null,null,null,null,null,null,null,null,null,null,null,null,null,null,null,null,null,null,null,null,null,278940436
TRND-Glioblastoma_LOPAC_T98G-primary_screen2,NCGC00015608-30,activity,11.220185,-2.4,-53.388,-48.147,CN(C)C(=O)C(CCN1CCC(O)(CC1)C2=CC=C(Cl)C=C2)(C3=CC=CC=C3)C4=CC=CC=C4,null,null,null,null,null,L4762,SIGMA,2021_LOPAC_01,-4.95,null,Loperamide hydrochloride,null,-2.2,null,null,null,53.019,-51.888,2.353,0.139,0.988,null,null,null,null,null,null,1.5,null,null,4.872,-48.147,-20.616,-27.755,null,null,null,null,null,null,null,null,null,RDOIQAHITMMDAJ,null,TRND,hBtxmwOvJTohApsbNv,null,Mu-opiod receptor agonist,null,null,CL,null,null,null,null,34552-83-5,OP4M1,null,null,0,4,0,null,null,173032,0 0 0 0,1,1,2025-06-17 15:37:36,null,null,null,null,null,null,null,364794475,activity,null,HTS,33.3,4.872,-1.831,-10.792,-48.147,null,null,null,null,null,null,null,null,null,null,null,null,null,null,null,null,null,null,null,null,null,278940437
TRND-Glioblastoma_LOPAC_T98G-primary_screen2,NCGC00015948-25,activity,null,4,-22.535,-15.446,[H][C@@]12CC[C@@]3(CCC(=O)O3)[C@@]1(C)CC[C@@]4([H])[C@@]2([H])[C@@]([H])(CC5=CC(=O)CC[C@]45C)SC(C)=O,null,null,null,null,null,S3378,SIGMA,2021_LOPAC_01,null,null,Spironolactone,null,4,null,null,null,24.019,-15.035,3.512,0.126,0.99,null,null,null,null,null,null,7.5,null,null,8.573,-15.446,8.46,11.729,null,null,null,null,null,null,null,null,null,LXMSZDCAJNLERA,null,TRND,yTaDqvGWmbVBfKqeUO,null,null,null,null,null,null,null,null,null,[NO STEREO] 52-01-7,null,null,null,0,4,0,null,null,173032,0 0 0 0,1,1,2025-06-17 15:37:36,null,null,null,null,null,null,null,364791931,activity,null,HTS,null,6.033,8.573,-8.801,-15.446,null,null,null,null,null,null,null,null,null,null,null,null,null,null,null,null,null,null,null,null,null,278940438
TRND-Glioblastoma_LOPAC_T98G-primary_screen2,NCGC00186021-03,activity,null,4,-17.702,-11.835,NC(=N)C1=CC=C(C[S+]([O-])(F)=O)C=C1,null,null,null,null,null,A6664,SIGMA,2021_LOPAC_01,null,null,4-Amidinophenylmethanesulfonyl fluoride hydrochloride,null,4,null,null,null,16.275,-13.202,1.967,0.08,0.996,null,null,null,null,null,null,4.5,null,null,4.441,-11.835,5.661,6.809,null,null,null,null,null,null,null,null,null,ABWNNKAYIRRMIV,null,TRND,EIsqAbsXIPZXVbPkiH,null,null,null,null,CL,null,null,null,null,null,null,null,null,0,4,0,null,null,173032,0 0 0 0,1,1,2025-06-17 15:37:36,null,null,null,null,null,null,null,364793211,activity,null,HTS,null,3.946,4.441,-3.105,-11.835,null,null,null,null,null,null,null,null,null,null,null,null,null,null,null,null,null,null,null,null,null,278940439
TRND-Glioblastoma_LOPAC_T98G-primary_screen2,NCGC00021580-28,activity,null,4,17.5,4.9,C[C@]12C[C@H](O)[C@@]3(F)[C@@H](CCC4=CC(=O)C=C[C@]34C)[C@@H]1C[C@@H](O)[C@]2(O)C(=O)CO,null,null,null,null,null,T6376,SIGMA,2021_LOPAC_01,null,null,Triamcinolone,null,4,null,null,null,16.789,15.5,4.955,1,0.921,null,null,null,null,null,null,-2,null,null,18.16,1.371,32.822,33.79,null,null,null,null,null,null,null,null,null,GFNANZIMVAIWHM,null,TRND,dGBTFTQtwvmDGLqiDS,null,null,null,null,null,null,null,null,null,124-94-7,null,null,null,0,4,1,null,null,173032,0 0 0 1,1,1,2025-06-17 15:37:36,null,null,null,null,null,null,null,364794175,activity,null,HTS,null,1.371,18.16,13.328,4.9,null,null,null,null,null,null,null,null,null,null,null,null,null,null,null,null,null,null,null,null,null,278940440
TRND-Glioblastoma_LOPAC_T98G-primary_screen2,NCGC00015798-29,activity,null,4,-21.964,-2.31,CC(C)NCC(O)COC1=C2C=CC=CC2=CC=C1,null,null,null,null,null,P0884,SIGMA,2021_LOPAC_01,null,null,(±)-Propranolol hydrochloride,null,4,null,null,null,30.141,-8.964,4.955,0.477,0.827,null,null,null,null,null,null,13,null,null,14.754,-15.386,29.114,34.03,null,null,null,null,null,null,null,null,null,AQHHHDLHHXJYJD,null,TRND,gkStVHQtOGuEdOfsjk,null,null,null,null,CL,null,null,null,null,318-98-9,null,null,null,0,4,0,null,null,173032,0 0 0 0,1,1,2025-06-17 15:37:36,null,null,null,null,null,null,null,364791575,activity,null,HTS,null,11.09,14.754,-15.386,-2.31,null,null,null,null,null,null,null,null,null,null,null,null,null,null,null,null,null,null,null,null,null,278940441
TRND-Glioblastoma_LOPAC_T98G-primary_screen2,NCGC00246951-08,activity,null,4,-15.699,-9.333,O\C1=C\C2=C(/OC1=O)C3=C(C=C(O)C(O)=C3O)C(=O)O2,null,null,null,null,null,SML0776,SIGMA,2021_LOPAC_01,null,null,Galloflavin potassium,null,4,null,null,null,19.58,-11.199,4.955,0.604,0.677,null,null,null,null,null,null,4.5,null,null,10.248,-9.333,1.5,13.878,null,null,null,null,null,null,null,null,null,VYKVZHXHVUVABA,null,TRND,BUHVNwmrCnrAjdycvY,null,null,null,null,null,null,null,null,null,null,null,null,null,0,4,0,null,null,173032,0 0 0 0,1,1,2025-06-17 15:37:36,null,null,null,null,null,null,null,364793511,activity,null,HTS,null,-1.537,10.248,5.021,-9.333,null,null,null,null,null,null,null,null,null,null,null,null,null,null,null,null,null,null,null,null,null,278940442
TRND-Glioblastoma_LOPAC_T98G-primary_screen2,NCGC00025212-33,activity,2.818383,-1.1,-104.89,-92.101,C[C@]12[C@@H]3CC[C@@H](O3)[C@@]1(C)C(=O)OC2=O,null,null,null,null,null,C7632,SIGMA,2021_LOPAC_01,-5.55,null,Cantharidin,null,-1.1,null,null,null,101.849,-93.39,1.626,0.014,1,null,null,null,null,null,null,11.5,null,null,9.748,-92.101,-80.769,-81.84,null,null,null,null,null,null,null,null,null,DHZBEENLJMYSHQ,null,TRND,OSstLqmyOyGadGVFia,null,Protein Phosphatase 2A inhibitor,null,null,null,null,null,null,null,56-25-7,PPP2CA,null,null,0,4,0,null,null,173032,0 0 0 0,1,1,2025-06-17 15:37:36,null,null,null,null,null,null,null,364790807,activity,null,HTS,3.075201,9.748,-12.745,-72.217,-92.101,null,null,null,null,null,null,null,null,null,null,null,null,null,null,null,null,null,null,null,null,null,278940443
TRND-Glioblastoma_LOPAC_T98G-primary_screen2,NCGC00487269-04,activity,11.220185,-3,-96.731,-91.003,OC1=CC=C2[C@H]([C@H](CCC2=C1)C3=CC=CC=C3)C4=CC=C(OCCN5CCCC5)C=C4,null,null,null,null,null,SML1026,SIGMA,2021_LOPAC_01,-4.95,null,Lasofoxifene tartrate,null,-3,null,null,null,99.385,-91.731,4.955,0.075,0.996,null,null,null,null,null,null,5,null,null,8.382,-91.003,-39.122,-31.904,null,null,null,null,null,null,null,null,null,GXESHMAMLJKROZ,null,TRND,EslLpQyzSNrCCoSoJx,null,null,null,null,TARTRATE,null,null,null,null,[NO STEREO] 190791-29-8,null,null,null,0,4,0,null,null,173032,0 0 0 0,1,1,2025-06-17 15:37:36,null,null,null,null,null,null,null,364793123,activity,null,HTS,11.637114,1.599,8.382,-2.258,-91.003,null,null,null,null,null,null,null,null,null,null,null,null,null,null,null,null,null,null,null,null,null,278940444
TRND-Glioblastoma_LOPAC_T98G-primary_screen2,NCGC00346548-11,activity,null,4,-14.965,-20.07,CCCNC(=O)NC1=CC=C(OC2=NC=NC3=CC(OC)=C(OC)C=C23)C=C1Cl,null,null,null,null,null,SML0957,SIGMA,2021_LOPAC_01,null,null,KRN633    ,null,4,null,null,null,14.971,-21.091,1.967,0.167,0.982,null,null,null,null,null,null,-6.126,null,null,-6.772,-21.743,-54.224,-54.115,null,null,null,null,null,null,null,null,null,VPBYZLCHOKSGRX,null,TRND,oKLSLnYdXaUvpnNjzt,null,Vascular Endothelial Growth Factor Receptor 2 (VEGFR-2) inhibitor,null,null,null,null,null,null,null,null,KDR,null,null,0,4,0,null,null,173032,0 0 0 0,1,1,2025-06-17 15:37:36,null,null,null,null,null,null,null,364791843,activity,null,HTS,null,-6.772,-13.845,-21.743,-20.07,null,null,null,null,null,null,null,null,null,null,null,null,null,null,null,null,null,null,null,null,null,278940445
TRND-Glioblastoma_LOPAC_T98G-primary_screen2,NCGC00015811-06,activity,null,4,-20.705,-11.421,S=C(NC1=NC=CS1)NC2=CC=CC=C2,null,null,null,null,null,P4015,SIGMA,2021_LOPAC_01,null,null,1-Phenyl-3-(2-thiazolyl)-2-thiourea,null,4,null,null,null,21.324,-12.205,2.406,0.178,0.98,null,null,null,null,null,null,8.5,null,null,9.903,-11.421,21.116,24.523,null,null,null,null,null,null,null,null,null,GCZZOZBWAZHCAN,null,TRND,MehbPiwFvXujTKFFnx,null,null,null,null,null,null,null,null,null,null,null,null,null,0,4,0,null,null,173032,0 0 0 0,1,1,2025-06-17 15:37:36,null,null,null,null,null,null,null,364791607,activity,null,HTS,null,6.839,9.903,1.743,-11.421,null,null,null,null,null,null,null,null,null,null,null,null,null,null,null,null,null,null,null,null,null,278940446
TRND-Glioblastoma_LOPAC_T98G-primary_screen2,NCGC00015550-18,activity,null,4,0,4.076,CC(C)[N+]1(C)C2CCC1CC(C2)C(=O)OC(CO)C3=CC=CC=C3,null,null,null,null,null,I1637,SIGMA,2021_LOPAC_01,null,null,Ipratropium bromide,null,4,null,null,null,5.732,0,null,null,null,null,null,null,null,null,null,0,null,null,9.808,4.076,36.845,null,null,null,null,null,null,null,null,null,null,JQWQIOQHLSYJGI,null,TRND,qESyWCGHQCImYmMFIU,null,null,null,null,BR,null,null,null,null,null,null,null,null,0,4,null,null,null,173032,null,1,1,2025-06-17 15:37:36,null,null,null,null,null,null,null,364792123,activity,null,HTS,null,9.808,4.692,6.013,4.076,null,null,null,null,null,null,null,null,null,null,null,null,null,null,null,null,null,null,null,null,null,278940447
TRND-Glioblastoma_LOPAC_T98G-primary_screen2,NCGC00017331-20,activity,null,4,11.878,-5.833,O[C@H]1CC2=C(O[C@@H]1C3=CC(O)=C(O)C=C3)C=C(O)C=C2O,null,null,null,null,null,C1251,SIGMA,2021_LOPAC_01,null,null,(+)-Catechin Hydrate,null,4,null,null,null,11.718,0.5,4.955,0.706,0.468,null,null,null,null,null,null,-11.378,null,null,3.902,-7.815,-19.836,-20.671,null,null,null,null,null,null,null,null,null,PFTAWBLQPZVEMU,null,TRND,EaGRIWmRVYuNFylWYj,null,null,null,null,H2O,null,null,null,null,7295-85-4|154-23-4,null,null,null,0,4,0,null,null,173032,0 0 0 0,1,1,2025-06-17 15:37:36,null,null,null,null,null,null,null,364794011,activity,null,HTS,null,-7.815,3.134,3.902,-5.833,null,null,null,null,null,null,null,null,null,null,null,null,null,null,null,null,null,null,null,null,null,278940448
TRND-Glioblastoma_LOPAC_T98G-primary_screen2,NCGC00015588-10,activity,null,4,-15.682,-12.235,ClC1=CC=C(C=C1)N2CCN(CC3=CNC4=C3C=CC=N4)CC2,null,null,null,null,null,L131,SIGMA,2021_LOPAC_01,null,null,"L-745,870 hydrochloride",null,4,null,null,null,16.815,-12.182,3.132,0.189,0.977,null,null,null,null,null,null,3.5,null,null,4.579,-12.235,-3.305,0.265,null,null,null,null,null,null,null,null,null,OGJGQVFWEPNYSB,null,TRND,iRlnrpfjEHFQejqtym,null,null,null,null,CL,null,null,null,null,null,null,null,null,0,4,0,null,null,173032,0 0 0 0,1,1,2025-06-17 15:37:36,null,null,null,null,null,null,null,364795171,activity,null,HTS,null,1.907,4.579,-7.672,-12.235,null,null,null,null,null,null,null,null,null,null,null,null,null,null,null,null,null,null,null,null,null,278940449
TRND-Glioblastoma_LOPAC_T98G-primary_screen2,NCGC00016064-22,activity,4.466836,-3,-63.284,2.057,CC(C)(C)C1=CC=C(C=C1)C(O)CCCN2CCC(CC2)C(O)(C3=CC=CC=C3)C4=CC=CC=C4,null,null,null,null,null,T9652,SIGMA,2021_LOPAC_01,-5.35,null,Terfenadine,null,-3,null,null,null,57.595,-58.284,4.955,1,0.998,null,null,null,null,null,null,5,null,null,6.468,-51.127,-47.72,-48.797,null,null,null,null,null,null,null,null,null,GUGOEEXESWIERI,null,TRND,uCTRBtbIkFxjQyQhrx,null,null,null,null,null,null,null,null,null,50679-08-8,null,null,null,0,4,1,null,null,173032,0 0 0 1,1,1,2025-06-17 15:37:36,null,null,null,null,null,null,null,364791531,activity,null,HTS,6.420415,3.744,6.468,-51.127,2.057,null,null,null,null,null,null,null,null,null,null,null,null,null,null,null,null,null,null,null,null,null,278940450
TRND-Glioblastoma_LOPAC_T98G-primary_screen2,NCGC00507728-02,activity,null,4,0,3.465,CN(C)C1=CC=C(\C=C\C2=CC(\C=C\C3=CC=C(C=C3)N(C)C)=[O][B](F)(F)O2)C=C1,null,null,null,null,null,SML0842,SIGMA,2021_LOPAC_01,null,null,CRANAD 2,null,4,null,null,null,6.559,0,null,null,null,null,null,null,null,null,null,0,null,null,10.024,3.465,32.95,null,null,null,null,null,null,null,null,null,null,PVXQJYXODFZTBR,null,TRND,nIVKwWfbiudXxNuiWR,null,null,null,null,null,null,null,null,null,null,null,null,null,0,4,null,null,null,173032,null,1,1,2025-06-17 15:37:36,null,null,null,null,null,null,null,364791323,activity,null,HTS,null,7.391,10.024,5.165,3.465,null,null,null,null,null,null,null,null,null,null,null,null,null,null,null,null,null,null,null,null,null,278940451
TRND-Glioblastoma_LOPAC_T98G-primary_screen2,NCGC00015030-07,activity,null,4,12,9.071,CC(N)=O,null,null,null,null,null,A0500,SIGMA,2021_LOPAC_01,null,null,Acetamide,null,4,null,null,null,13.31,16.5,4.955,1,0.45,null,null,null,null,null,null,4.5,null,null,21.563,8.253,51.616,54.277,null,null,null,null,null,null,null,null,null,DLFVBJFMPXGRIB,null,TRND,RVAZGLehdWvnBIOuRK,null,null,null,null,null,null,null,null,null,60-35-5,null,null,null,0,4,1,null,null,173032,0 0 0 1,1,1,2025-06-17 15:37:36,null,null,null,null,null,null,null,364790399,activity,null,HTS,null,8.253,21.563,11.138,9.071,null,null,null,null,null,null,null,null,null,null,null,null,null,null,null,null,null,null,null,null,null,278940452
TRND-Glioblastoma_LOPAC_T98G-primary_screen2,NCGC00015877-16,activity,null,4,-27.898,-22.415,CC1=C(CCN2CCC(CC2)=C(C3=CC=C(F)C=C3)C4=CC=C(F)C=C4)C(=O)N5C=CSC5=N1,null,null,null,null,null,R103,SIGMA,2021_LOPAC_01,null,null,Ritanserin,null,4,null,null,null,31.261,-23.398,2.72,0.35,0.916,null,null,null,null,null,null,4.5,null,null,8.846,-22.415,-9.427,0.664,null,null,null,null,null,null,null,null,null,JUQLTPCYUFPYKE,null,TRND,ShCpAJcJqsTKwIkJWE,null,null,null,null,null,null,null,null,null,87051-43-2,null,null,null,0,4,0,null,null,173032,0 0 0 0,1,1,2025-06-17 15:37:36,null,null,null,null,null,null,null,364793131,activity,null,HTS,null,-0.303,8.846,-4.268,-22.415,null,null,null,null,null,null,null,null,null,null,null,null,null,null,null,null,null,null,null,null,null,278940453
TRND-Glioblastoma_LOPAC_T98G-primary_screen2,NCGC00016003-21,activity,null,4,-10.403,-4.086,OC(CCN1CCCCC1)(C2CCCCC2)C3=CC=CC=C3,null,null,null,null,null,T1516,SIGMA,2021_LOPAC_01,null,null,Trihexyphenidyl hydrochloride,null,4,null,null,null,10.836,-4.403,2.333,0.153,0.986,null,null,null,null,null,null,6,null,null,6.75,-4.086,19.285,19.884,null,null,null,null,null,null,null,null,null,HWHLPVGTWGOCJO,null,TRND,JHwoBgUCPnXLLlfeih,null,null,null,null,CL,null,null,null,null,52-49-3,null,null,null,0,4,0,null,null,173032,0 0 0 0,1,1,2025-06-17 15:37:36,null,null,null,null,null,null,null,364790915,activity,null,HTS,null,5.54,6.75,1.919,-4.086,null,null,null,null,null,null,null,null,null,null,null,null,null,null,null,null,null,null,null,null,null,278940454
TRND-Glioblastoma_LOPAC_T98G-primary_screen2,NCGC00507734-02,activity,null,4,7.871,5.96,O[C@H](CC1=CC(O)=C(O)C=C1)C(O)=O,null,null,null,null,null,SML0679,SIGMA,2021_LOPAC_01,null,null,Danshensu sodium salt,null,4,null,null,null,11.686,6,4.955,0.594,0.693,null,null,null,null,null,null,-1.871,null,null,5.96,-5.726,8.019,0.477,null,null,null,null,null,null,null,null,null,PAFLSMZLRSPALU,null,TRND,XYbdcGvFhUYAIaZkIj,null,null,null,null,SODIUM,null,null,null,null,null,null,null,null,0,4,0,null,null,173032,0 0 0 0,1,1,2025-06-17 15:37:36,null,null,null,null,null,null,null,364794847,activity,null,HTS,null,1.71,-5.726,5.922,5.96,null,null,null,null,null,null,null,null,null,null,null,null,null,null,null,null,null,null,null,null,null,278940455
TRND-Glioblastoma_LOPAC_T98G-primary_screen2,NCGC00522010-02,activity,null,4,-26.833,-26.11,CCCC1=NC2=C(N)N=C3C=CC=CC3=C2S1,null,null,null,null,null,SML2235,SIGMA,2021_LOPAC_01,null,null,CL075,null,4,null,null,null,26.955,-29.333,4.955,0.397,0.888,null,null,null,null,null,null,-2.5,null,null,0.845,-26.11,-17.109,-24.169,null,null,null,null,null,null,null,null,null,NFYMGJSUKCDVJR,null,TRND,UidrqxkVvgPJpXwPxm,null,null,null,null,null,null,null,null,null,null,null,null,null,0,4,0,null,null,173032,0 0 0 0,1,1,2025-06-17 15:37:36,null,null,null,null,null,null,null,364794507,activity,null,HTS,null,0.845,-8.351,0.155,-26.11,null,null,null,null,null,null,null,null,null,null,null,null,null,null,null,null,null,null,null,null,null,278940456
TRND-Glioblastoma_LOPAC_T98G-primary_screen2,NCGC00015826-21,activity,10,-3,-44.317,-34.331,OCCN1CCN(CCCN2C3=C(SC4=C2C=C(Cl)C=C4)C=CC=C3)CC1,null,null,null,null,null,P6402,SIGMA,2021_LOPAC_01,-5,null,Perphenazine,null,-3,null,null,null,39.49,-39.317,1.714,0.014,1,null,null,null,null,null,null,5,null,null,5.159,-34.331,-7.868,-8.689,null,null,null,null,null,null,null,null,null,RGCVKNLCSQQDEP,null,TRND,DdUnoavhTrkREemyJP,null,null,null,null,null,null,null,null,null,58-39-9,null,null,null,0,4,0,null,null,173032,0 0 0 0,1,1,2025-06-17 15:37:36,null,null,null,null,null,null,null,364793555,activity,null,HTS,null,5.159,3.884,-9.799,-34.331,null,null,null,null,null,null,null,null,null,null,null,null,null,null,null,null,null,null,null,null,null,278940457
TRND-Glioblastoma_LOPAC_T98G-primary_screen2,NCGC00093588-07,activity,null,4,16.5,17.91,NC1=NC=NC2=C1N=CN2[C@@H]3O[C@@H]4COP(O)(=O)O[C@H]4[C@H]3O,null,null,null,null,null,A9501,SIGMA,2021_LOPAC_01,null,null,"Adenosine 3',5'-cyclic monophosphate",null,4,null,null,null,17.433,18.5,3.627,0.301,0.94,null,null,null,null,null,null,2,null,null,17.91,0.477,25.556,18.416,null,null,null,null,null,null,null,null,null,IVOMOUWHDPKRLL,null,TRND,aWmKpOTDBhTDjAHSxH,null,null,null,null,null,null,null,null,null,60-92-4,null,null,null,0,4,0,null,null,173032,0 0 0 0,1,1,2025-06-17 15:37:36,null,null,null,null,null,null,null,364790423,activity,null,HTS,null,4.936,0.477,3.016,17.91,null,null,null,null,null,null,null,null,null,null,null,null,null,null,null,null,null,null,null,null,null,278940458
TRND-Glioblastoma_LOPAC_T98G-primary_screen2,NCGC00015011-06,activity,null,4,-7.5,6.43,NC1(CCCCC1)C(O)=O,null,null,null,null,null,A162,SIGMA,2021_LOPAC_01,null,null,1-Amino-1-cyclohexanecarboxylic acid hydrochloride,null,4,null,null,null,13.88,4.5,4.955,0.668,0.561,null,null,null,null,null,null,12,null,null,16.38,2.5,38.457,47.256,null,null,null,null,null,null,null,null,null,WOXWUZCRWJWTRT,null,TRND,NqQwknENKdvbFOTfQg,null,null,null,null,CL,null,null,null,null,39692-17-6,null,null,null,0,4,0,null,null,173032,0 0 0 0,1,1,2025-06-17 15:37:36,null,null,null,null,null,null,null,364792391,activity,null,HTS,null,7.885,16.38,2.5,6.43,null,null,null,null,null,null,null,null,null,null,null,null,null,null,null,null,null,null,null,null,null,278940459
TRND-Glioblastoma_LOPAC_T98G-primary_screen2,NCGC00015016-09,activity,12.589254,-3,-76.993,-74.117,NC\C=C/C(O)=O,null,null,null,null,null,A201,SIGMA,2021_LOPAC_01,-4.9,null,cis-4-Aminocrotonic acid,null,-3,null,null,null,77.565,-74.993,4.504,0.032,0.999,null,null,null,null,null,null,2,null,null,3.448,-74.117,-30.141,-33.491,null,null,null,null,null,null,null,null,null,FMKJUUQOYOHLTF,null,TRND,JFUjYtETHjrynBTABE,null,null,null,null,null,null,null,null,null,null,null,null,null,0,4,0,null,null,173032,0 0 0 0,1,1,2025-06-17 15:37:36,null,null,null,null,null,null,null,364791767,activity,null,HTS,14.684415,3.448,1.27,-2.339,-74.117,null,null,null,null,null,null,null,null,null,null,null,null,null,null,null,null,null,null,null,null,null,278940460
TRND-Glioblastoma_LOPAC_T98G-primary_screen2,NCGC00015261-10,activity,null,4,0,4.251,C[N+](C)(C)CC#CCOC(=O)NC1=CC=CC(Cl)=C1,null,null,null,null,null,C7041,SIGMA,2021_LOPAC_01,null,null,McN-A-343,null,4,null,null,null,5.231,0,null,null,null,null,null,null,null,null,null,0,null,null,8.322,3.091,22.267,null,null,null,null,null,null,null,null,null,null,DDKOMKXCUXCQBS,null,TRND,ihMIPgvuyNzSEZdYRd,null,null,null,null,CL,null,null,null,null,55-45-8,null,null,null,0,4,null,null,null,173032,null,1,1,2025-06-17 15:37:36,null,null,null,null,null,null,null,364792711,activity,null,HTS,null,3.091,8.063,8.322,4.251,null,null,null,null,null,null,null,null,null,null,null,null,null,null,null,null,null,null,null,null,null,278940461
TRND-Glioblastoma_LOPAC_T98G-primary_screen2,NCGC00015833-26,activity,null,4,0,2.619,NC(=O)C1=CN=CC=N1,null,null,null,null,null,P7136,SIGMA,2021_LOPAC_01,null,null,Pyrazinecarboxamide,null,4,null,null,null,3.499,0,null,null,null,null,null,null,null,null,null,0,null,null,4.305,0.806,10.996,null,null,null,null,null,null,null,null,null,null,IPEHBUMCGVEMRF,null,TRND,OpBQWQJuXnpEDSotlf,null,Anti-tuberculosis agent,null,null,null,null,null,null,null,98-96-4,fas,null,null,0,4,null,null,null,173032,null,1,1,2025-06-17 15:37:36,null,null,null,null,null,null,null,364793887,activity,null,HTS,null,2.179,0.806,4.305,2.619,null,null,null,null,null,null,null,null,null,null,null,null,null,null,null,null,null,null,null,null,null,278940462
TRND-Glioblastoma_LOPAC_T98G-primary_screen2,NCGC00015520-21,activity,null,4,0,6.199,NC(=O)NO,null,null,null,null,null,H8627,SIGMA,2021_LOPAC_01,null,null,Hydroxyurea,null,4,null,null,null,7.292,0,null,null,null,null,null,null,null,null,null,0,null,null,12.779,5.487,37.927,null,null,null,null,null,null,null,null,null,null,VSNHCAURESNICA,null,TRND,fNlKcisVFVDMLZJjtP,null,Ribonucleoside-Diphosphate Reductase inhibitor,null,null,null,null,null,null,null,127-07-1,RRM1,null,null,0,4,null,null,null,173032,null,1,1,2025-06-17 15:37:36,null,null,null,null,null,null,null,364792699,activity,null,HTS,null,7.892,12.779,5.487,6.199,null,null,null,null,null,null,null,null,null,null,null,null,null,null,null,null,null,null,null,null,null,278940463
TRND-Glioblastoma_LOPAC_T98G-primary_screen2,NCGC00015609-17,activity,null,4,14.501,-0.742,OC(=O)C1=NN(CC2=C(Cl)C=C(Cl)C=C2)C3=C1C=CC=C3,null,null,null,null,null,L4900,SIGMA,2021_LOPAC_01,null,null,Lonidamine,null,4,null,null,null,13.123,10,4.449,1,0.995,null,null,null,null,null,null,-4.501,null,null,8.122,-5.001,-4.881,-4.801,null,null,null,null,null,null,null,null,null,WDRYRZXSPDWGEB,null,TRND,lByIOUZebKkHqPbAod,null,Mitochondrial pyruvate carrier 1 (MPC1) inhibitor,null,null,null,null,null,null,null,50264-69-2,MPC1,null,null,0,4,1,null,null,173032,0 0 0 1,1,1,2025-06-17 15:37:36,null,null,null,null,null,null,null,364795115,activity,null,HTS,null,-4.085,-5.001,8.122,-0.742,null,null,null,null,null,null,null,null,null,null,null,null,null,null,null,null,null,null,null,null,null,278940464
TRND-Glioblastoma_LOPAC_T98G-primary_screen2,NCGC00090770-15,activity,null,4,0,-9.343,OC[C@H]1O[C@H](C[C@@H]1O)N2C=C(Br)C(=O)NC2=O,null,null,null,null,null,B5002,SIGMA,2021_LOPAC_01,null,null,5-BRomo-2 -deoxyuridine,null,4,null,null,null,9.527,0,null,null,null,null,null,null,null,null,null,0,null,null,0.184,-9.343,-12.876,null,null,null,null,null,null,null,null,null,null,WOVKYSAHUYNSMH,null,TRND,trNsfNNfXYcbEfqdsM,null,null,null,null,null,null,null,null,null,59-14-3,null,null,null,0,4,null,null,null,173032,null,1,1,2025-06-17 15:37:36,null,null,null,null,null,null,null,364793899,activity,null,HTS,null,0.184,-6.783,-5.342,-9.343,null,null,null,null,null,null,null,null,null,null,null,null,null,null,null,null,null,null,null,null,null,278940465
TRND-Glioblastoma_LOPAC_T98G-primary_screen2,NCGC00015529-33,activity,null,4,-7.339,3.867,CC(C)CC1=CC=C(C=C1)C(C)C(O)=O,null,null,null,null,null,I4883,SIGMA,2021_LOPAC_01,null,null,(±)-Ibuprofen,null,4,null,null,null,12.276,1.161,4.955,0.615,0.662,null,null,null,null,null,null,8.5,null,null,10.744,-1.532,25.4,30.901,null,null,null,null,null,null,null,null,null,HEFNNWSXXWATRW,null,TRND,ZKcNDUDwDJWqvibMhg,null,null,null,null,null,null,null,null,null,15687-27-1,null,null,null,0,4,0,null,null,173032,0 0 0 0,1,1,2025-06-17 15:37:36,null,null,null,null,null,null,null,364793883,activity,null,HTS,null,6.1,10.744,-1.532,3.867,null,null,null,null,null,null,null,null,null,null,null,null,null,null,null,null,null,null,null,null,null,278940466
TRND-Glioblastoma_LOPAC_T98G-primary_screen2,NCGC00162189-07,activity,null,4,-22.424,-8.27,[H][C@](N)(CC1=CNC=N1)C(O)=O,null,null,null,null,null,H8125,SIGMA,2021_LOPAC_01,null,null,L-Histidine hydrochloride,null,4,null,null,null,21.469,-12.424,1.644,0.393,0.891,null,null,null,null,null,null,10,null,null,13.199,-8.27,40.028,33.571,null,null,null,null,null,null,null,null,null,HNDVDQJCIGZPNO,null,TRND,ifORsdPHMlLCOcERNv,null,null,null,null,CL,null,null,null,null,645-35-2,null,null,null,0,4,0,null,null,173032,0 0 0 0,1,1,2025-06-17 15:37:36,null,null,null,null,null,null,null,364790779,activity,null,HTS,null,13.199,5.614,5.467,-8.27,null,null,null,null,null,null,null,null,null,null,null,null,null,null,null,null,null,null,null,null,null,278940842
TRND-Glioblastoma_LOPAC_T98G-primary_screen2,NCGC00021318-20,activity,null,4,-8,9.793,CCCC1O[C@@H]2C[C@H]3[C@@H]4CCC5=CC(=O)C=C[C@]5(C)[C@H]4[C@@H](O)C[C@]3(C)[C@@]2(O1)C(=O)CO,null,null,null,null,null,B7777,SIGMA,2021_LOPAC_01,null,null,Budesonide,null,4,null,null,null,10.148,9.5,2.406,0.513,0.796,null,null,null,null,null,null,17.5,null,null,19.941,9.793,71.646,75.857,null,null,null,null,null,null,null,null,null,VOVIALXJUBGFJZ,null,TRND,mxuNwdwVOhgRDVCcfU,null,null,null,null,null,null,null,null,null,51333-22-3,null,null,null,0,4,0,null,null,173032,0 0 0 0,1,1,2025-06-17 15:37:36,null,null,null,null,null,null,null,364791375,activity,null,HTS,null,15.426,19.941,13.948,9.793,null,null,null,null,null,null,null,null,null,null,null,null,null,null,null,null,null,null,null,null,null,278940843
TRND-Glioblastoma_LOPAC_T98G-primary_screen2,NCGC00018117-48,activity,null,4,0,6.505,CN1C2=C(NC=N2)C(=O)N(C)C1=O,null,null,null,null,null,A1755,SIGMA,2021_LOPAC_01,null,null,Aminophylline ethylenediamine,null,4,null,null,null,8.592,0,null,null,null,null,null,null,null,null,null,0,null,null,14.143,5.551,33.437,null,null,null,null,null,null,null,null,null,null,ZFXYFBGIUFBOJW,null,TRND,rjLBhBvErNyKcpHKNB,null,Adenosine Receptor A1 antagonist,null,null,ETHANEDIAMINE,null,null,null,null,58-55-9,ADORA1,null,null,0,4,null,null,null,173032,null,1,1,2025-06-17 15:37:36,null,null,null,null,null,null,null,364791055,activity,null,HTS,null,5.551,14.143,6.763,6.505,null,null,null,null,null,null,null,null,null,null,null,null,null,null,null,null,null,null,null,null,null,278940844
TRND-Glioblastoma_LOPAC_T98G-primary_screen2,NCGC00015336-08,activity,null,4,-7,4.636,CC(=O)C(C)=O,null,null,null,null,null,D3634,SIGMA,2021_LOPAC_01,null,null,"2,3-Butanedione",null,4,null,null,null,10.403,2,4.955,0.612,0.668,null,null,null,null,null,null,9,null,null,10.867,0.465,28.953,33.768,null,null,null,null,null,null,null,null,null,QSJXEFYPDANLFS,null,TRND,exRBVwuhyhUyDyORng,null,null,null,null,null,null,null,null,null,431-03-8,null,null,null,0,4,0,null,null,173032,0 0 0 0,1,1,2025-06-17 15:37:36,null,null,null,null,null,null,null,364794303,activity,null,HTS,null,6.701,10.867,0.465,4.636,null,null,null,null,null,null,null,null,null,null,null,null,null,null,null,null,null,null,null,null,null,278940845
TRND-Glioblastoma_LOPAC_T98G-primary_screen2,NCGC00015415-07,activity,null,4,-11.235,-5.627,CCN1C(=O)C=CC1=O,null,null,null,null,null,E3876,SIGMA,2021_LOPAC_01,null,null,N-Ethylmaleimide,null,4,null,null,null,16.438,-5.235,4.955,0.733,0.387,null,null,null,null,null,null,6,null,null,4.158,-12.279,1.548,0.468,null,null,null,null,null,null,null,null,null,HDFGOPSGAURCEO,null,TRND,LSIDZAXseoXKKtVJqN,null,null,null,null,null,null,null,null,null,128-53-0,null,null,null,0,4,0,null,null,173032,0 0 0 0,1,1,2025-06-17 15:37:36,null,null,null,null,null,null,null,364791347,activity,null,HTS,null,4.158,-12.279,2.212,-5.627,null,null,null,null,null,null,null,null,null,null,null,null,null,null,null,null,null,null,null,null,null,278940846
TRND-Glioblastoma_LOPAC_T98G-primary_screen2,NCGC00024512-14,activity,null,4,-10.253,-4.377,N[C@@H](COP(O)(O)=O)C(O)=O,null,null,null,null,null,P0878,SIGMA,2021_LOPAC_01,null,null,O-Phospho-L-serine,null,4,null,null,null,11.284,-4.253,4.045,0.16,0.984,null,null,null,null,null,null,6,null,null,6.907,-4.377,23.668,21.677,null,null,null,null,null,null,null,null,null,BZQFBWGGLXLEPQ,null,TRND,aGfpgYkMKaseEOaixH,null,null,null,null,null,null,null,null,null,407-41-0,null,null,null,0,4,0,null,null,173032,0 0 0 0,1,1,2025-06-17 15:37:36,null,null,null,null,null,null,null,364790935,activity,null,HTS,null,6.907,5.384,4.347,-4.377,null,null,null,null,null,null,null,null,null,null,null,null,null,null,null,null,null,null,null,null,null,278940847
TRND-Glioblastoma_LOPAC_T98G-primary_screen2,NCGC00487398-04,activity,11.220185,-2.4,-44.253,-47.932,CN(C1CCN(C[C@H](O)COC2=CC(F)=C(F)C=C2)CC1)C3=NC4=C(S3)C=CC=C4,null,null,null,null,null,SML0824,SIGMA,2021_LOPAC_01,-4.95,null,Lubeluzole dihydrochloride,null,-2.2,null,null,null,45.107,-49.142,3.247,0.102,0.994,null,null,null,null,null,null,-4.89,null,null,-2.825,-47.932,-46.158,-50.435,null,null,null,null,null,null,null,null,null,OZFSWVOEXHGDES,null,TRND,tXBCZiXElfNOBaOFtF,null,null,null,null,CL,null,null,null,null,144665-07-6,null,null,null,0,4,0,null,null,173032,0 0 0 0,1,1,2025-06-17 15:37:36,null,null,null,null,null,null,null,364794767,activity,null,HTS,null,-2.825,-6.93,-11.839,-47.932,null,null,null,null,null,null,null,null,null,null,null,null,null,null,null,null,null,null,null,null,null,278940848
TRND-Glioblastoma_LOPAC_T98G-primary_screen2,NCGC00345495-10,activity,null,4,-20.233,-13.527,CC1=NN=C2[C@@H](CC(=O)OC(C)(C)C)\N=C(/C3=C(SC(C)=C3C)N12)C4=CC=C(Cl)C=C4,null,null,null,null,null,SML1525,SIGMA,2021_LOPAC_01,null,null,(-)-JQ1 ,null,4,null,null,null,19.807,-14.233,1.714,0.048,0.999,null,null,null,null,null,null,6,null,null,6.279,-13.527,9.177,8.535,null,null,null,null,null,null,null,null,null,DNVXATUJJDPFDM,null,TRND,LXlkTsrxHlFXOygJun,null,null,null,null,null,null,null,null,null,1268524-70-4,null,null,null,0,4,0,null,null,173032,0 0 0 0,1,1,2025-06-17 15:37:36,null,null,null,null,null,null,null,364791291,activity,null,HTS,null,6.279,4.025,-5.649,-13.527,null,null,null,null,null,null,null,null,null,null,null,null,null,null,null,null,null,null,null,null,null,278940849
TRND-Glioblastoma_LOPAC_T98G-primary_screen2,NCGC00015142-08,activity,null,4,0,-5.584,NC(=O)C1=CC=CC=C1,null,null,null,null,null,B2009,SIGMA,2021_LOPAC_01,null,null,Benzamide,null,4,null,null,null,8.789,0,null,null,null,null,null,null,null,null,null,0,null,null,3.206,-5.584,-15.63,null,null,null,null,null,null,null,null,null,null,KXDAEFPNCMNJSK,null,TRND,OpBQWQzmtrFQmCccaY,null,null,null,null,null,null,null,null,null,55-21-0,null,null,null,0,4,null,null,null,173032,null,1,1,2025-06-17 15:37:36,null,null,null,null,null,null,null,364794995,activity,null,HTS,null,-4,-5.491,3.206,-5.584,null,null,null,null,null,null,null,null,null,null,null,null,null,null,null,null,null,null,null,null,null,278940850
TRND-Glioblastoma_LOPAC_T98G-primary_screen2,NCGC00016049-20,activity,null,4,0,11.696,CCCCNC1=CC=C(C=C1)C(=O)OCCN(C)C,null,null,null,null,null,T7508,SIGMA,2021_LOPAC_01,null,null,Tetracaine hydrochloride,null,4,null,null,null,2.95,0,null,null,null,null,null,null,null,null,null,0,null,null,11.696,8.745,49.662,null,null,null,null,null,null,null,null,null,null,GKCBAIGFKIBETG,null,TRND,MXMsmdgEXWSRCItSbR,null,null,null,null,CL,null,null,null,null,136-47-0,null,null,null,0,4,null,null,null,173032,null,1,1,2025-06-17 15:37:36,null,null,null,null,null,null,null,364791659,activity,null,HTS,null,10.97,9.951,8.745,11.696,null,null,null,null,null,null,null,null,null,null,null,null,null,null,null,null,null,null,null,null,null,278940851
TRND-Glioblastoma_LOPAC_T98G-primary_screen2,NCGC00168469-04,activity,null,4,0,0.541,[H][C@@]12C[C@@]3(O)[C@H](OC(=O)C4=CC=CC=C4)[C@]1([H])[C@@](OC(C)=O)(C5[C@H](OC)C6C27[C@@H](C[C@@H](O)[C@@]6(COC)CN(CC)[C@]57[H])OC)[C@@H](O)[C@@H]3OC,null,null,null,null,null,A8001,SIGMA,2021_LOPAC_01,null,null,Aconitine,null,4,null,null,null,1.92,0,null,null,null,null,null,null,null,null,null,0,null,null,0.541,-1.379,-0.923,null,null,null,null,null,null,null,null,null,null,XFSBVAOIAHNAPC,null,TRND,vkfYubGltZnkECNgms,null,null,null,null,null,null,null,null,null,[NO STEREO] 302-27-2,null,null,null,0,4,null,null,null,173032,null,1,1,2025-06-17 15:37:36,null,null,null,null,null,null,null,364793039,activity,null,HTS,null,0.091,-1.379,-0.71,0.541,null,null,null,null,null,null,null,null,null,null,null,null,null,null,null,null,null,null,null,null,null,278940852
TRND-Glioblastoma_LOPAC_T98G-primary_screen2,NCGC00015243-24,activity,null,4,-12.696,-6.413,ClC1=CC=C(CN2C(CN3CCCC3)=NC4=C2C=CC=C4)C=C1,null,null,null,null,null,SML1447,SIGMA,2021_LOPAC_01,null,null,Clemizole hydrochloride,null,4,null,null,null,14.729,-7.696,4.955,0.563,0.735,null,null,null,null,null,null,5,null,null,8.316,-6.413,8.225,17.617,null,null,null,null,null,null,null,null,null,CJXAEXPPLWQRFR,null,TRND,czckYpniTNGlTQJhxu,null,Histamine H1 Receptor antagonist,null,null,CL,null,null,null,null,1163-36-6,HRH1,null,null,0,4,0,null,null,173032,0 0 0 0,1,1,2025-06-17 15:37:36,null,null,null,null,null,null,null,364793667,activity,null,HTS,null,0.335,8.316,6.942,-6.413,null,null,null,null,null,null,null,null,null,null,null,null,null,null,null,null,null,null,null,null,null,278940853
TRND-Glioblastoma_LOPAC_T98G-primary_screen2,NCGC00015388-06,activity,null,4,0,6.563,NCCCCCCCCCCN,null,null,null,null,null,D14204,SIGMA,2021_LOPAC_01,null,null,"1,10-Diaminodecane",null,4,null,null,null,8.825,0,null,null,null,null,null,null,null,null,null,0,null,null,6.563,-2.262,9.396,null,null,null,null,null,null,null,null,null,null,YQLZOAVZWJBZSY,null,TRND,TlYyeYAlKxMqHEineU,null,null,null,null,null,null,null,null,null,646-25-3,null,null,null,0,4,null,null,null,173032,null,1,1,2025-06-17 15:37:36,null,null,null,null,null,null,null,364793687,activity,null,HTS,null,2.68,0.131,-2.262,6.563,null,null,null,null,null,null,null,null,null,null,null,null,null,null,null,null,null,null,null,null,null,278940854
TRND-Glioblastoma_LOPAC_T98G-primary_screen2,NCGC00186017-07,activity,8.912509,-2.1,-101.651,-87.287,OC1=CC=C(CCNC2=CC=C(NCCC3=CC=C(O)C=C3)C4=C2C(=O)C5=CC=CC=C5C4=O)C=C1,null,null,null,null,null,J4829,SIGMA,2021_LOPAC_01,-5.05,null,JFD00244,null,-2.1,null,null,null,96.997,-91.651,2.333,0.029,0.999,null,null,null,null,null,null,10,null,null,9.71,-87.287,-31.722,-28.959,null,null,null,null,null,null,null,null,null,UUJHFIBEJJLZBF,null,TRND,yIkEJqzfeLNTQFIMlx,null,null,null,null,null,null,null,null,null,null,null,null,null,0,4,0,null,null,173032,0 0 0 0,1,1,2025-06-17 15:37:36,null,null,null,null,null,null,null,364794055,activity,null,HTS,9.638406,8.593,9.71,-23.553,-87.287,null,null,null,null,null,null,null,null,null,null,null,null,null,null,null,null,null,null,null,null,null,278940855
TRND-Glioblastoma_LOPAC_T98G-primary_screen2,NCGC00507758-02,activity,null,4,13.977,-12.432,COC1=CC2=C(C=C1)C3C(=N2)[S+](CC4=C(C)C(OC)=C(C)C=N4)[O-][Mg]35[O-][S+](CC6=C(C)C(OC)=C(C)C=N6)C7=NC8=C(C=CC(OC)=C8)N57,null,null,null,null,null,E7906,SIGMA,2021_LOPAC_01,null,null,Esomeprazole magnesium dihydrate,null,4,null,null,null,18.29,7,2.902,1,1,null,null,null,null,null,null,-6.977,null,null,5.858,-12.432,-16.332,-15.376,null,null,null,null,null,null,null,null,null,MEJVBZKBQJMUAG,null,TRND,oairDJwIuLlKeFldjS,null,null,null,null,H2O,null,null,null,null,null,null,null,null,0,4,1,null,null,173032,0 0 0 1,1,1,2025-06-17 15:37:36,null,null,null,null,null,null,null,364794607,activity,null,HTS,null,-7.064,-5.585,5.858,-12.432,null,null,null,null,null,null,null,null,null,null,null,null,null,null,null,null,null,null,null,null,null,278940856
TRND-Glioblastoma_LOPAC_T98G-primary_screen2,NCGC00015971-10,activity,null,4,0,-1.924,C[N+](C)(C)CCOC(=O)CCC(=O)OCC[N+](C)(C)C,null,null,null,null,null,S8251,SIGMA,2021_LOPAC_01,null,null,Succinylcholine chloride,null,4,null,null,null,8.211,0,null,null,null,null,null,null,null,null,null,0,null,null,6.287,-1.924,18.432,null,null,null,null,null,null,null,null,null,null,AXOIZCJOOAYSMI,null,TRND,cetfUEKklVyvjeJKyY,null,null,null,null,CL,null,null,null,null,null,null,null,null,0,4,null,null,null,173032,null,1,1,2025-06-17 15:37:36,null,null,null,null,null,null,null,364792603,activity,null,HTS,null,6.287,3.541,-0.684,-1.924,null,null,null,null,null,null,null,null,null,null,null,null,null,null,null,null,null,null,null,null,null,278940857
TRND-Glioblastoma_LOPAC_T98G-primary_screen2,NCGC00091544-29,activity,null,4,-23.615,-23.429,C[C@]12CC[C@H]3[C@@H](CCC4=C3C=CC(O)=C4)[C@@H]1CC[C@@H]2O,null,null,null,null,null,E8875,SIGMA,2021_LOPAC_01,null,null,beta-Estradiol,null,4,null,null,null,25.846,-26.615,3.677,0.445,0.854,null,null,null,null,null,null,-3,null,null,2.417,-23.429,-13.596,-25.162,null,null,null,null,null,null,null,null,null,VOXZDWNPVJITMN,null,TRND,ZdKidDslAwsKKCZYnD,null,Estrogen Receptor agonist,null,null,null,null,null,null,null,50-28-2,ESR1,null,null,0,4,0,null,null,173032,0 0 0 0,1,1,2025-06-17 15:37:36,null,null,null,null,null,null,null,364792003,activity,null,HTS,null,2.417,-7.945,-3.482,-23.429,null,null,null,null,null,null,null,null,null,null,null,null,null,null,null,null,null,null,null,null,null,278940858
TRND-Glioblastoma_LOPAC_T98G-primary_screen2,NCGC00015560-20,activity,null,4,0,1.737,C1CN=C(N1)C2COC3=C(O2)C=CC=C3,null,null,null,null,null,I6138,SIGMA,2021_LOPAC_01,null,null,Idazoxan hydrochloride,null,4,null,null,null,6.87,0,null,null,null,null,null,null,null,null,null,0,null,null,3.221,-3.649,7.381,null,null,null,null,null,null,null,null,null,null,HPMRFMKYPGXPEP,null,TRND,WYTmCSjGsgrIgluwDa,null,null,null,null,CL,null,null,null,null,79944-56-2,null,null,null,0,4,null,null,null,173032,null,1,1,2025-06-17 15:37:36,null,null,null,null,null,null,null,364791183,activity,null,HTS,null,3.221,0.115,-3.649,1.737,null,null,null,null,null,null,null,null,null,null,null,null,null,null,null,null,null,null,null,null,null,278940859
TRND-Glioblastoma_LOPAC_T98G-primary_screen2,NCGC00094495-06,activity,null,4,0,6.466,OC(=O)\C=C\C1=CNC=N1,null,null,null,null,null,U7500,SIGMA,2021_LOPAC_01,null,null,4-Imidazoleacrylic acid,null,4,null,null,null,7.142,0,null,null,null,null,null,null,null,null,null,0,null,null,8.595,1.452,22.474,null,null,null,null,null,null,null,null,null,null,LOIYMIARKYCTBW,null,TRND,BWcogfyEpIrhLpnyfD,null,null,null,null,null,null,null,null,null,3465-72-3,null,null,null,0,4,null,null,null,173032,null,1,1,2025-06-17 15:37:36,null,null,null,null,null,null,null,364794119,activity,null,HTS,null,4.343,8.595,1.452,6.466,null,null,null,null,null,null,null,null,null,null,null,null,null,null,null,null,null,null,null,null,null,278940860
TRND-Glioblastoma_LOPAC_T98G-primary_screen2,NCGC00015565-15,activity,null,4,0,8.02,CC(C)NNC(=O)C1=CC=NC=C1,null,null,null,null,null,I7627,SIGMA,2021_LOPAC_01,null,null,Iproniazid phosphate,null,4,null,null,null,7.215,0,null,null,null,null,null,null,null,null,null,0,null,null,11.843,4.628,36.077,null,null,null,null,null,null,null,null,null,null,NYMGNSNKLVNMIA,null,TRND,HgjxJVhucNMbrQWDTg,null,null,null,null,PHOSPHORIC_ACID,null,null,null,null,305-33-9,null,null,null,0,4,null,null,null,173032,null,1,1,2025-06-17 15:37:36,null,null,null,null,null,null,null,364790559,activity,null,HTS,null,7.332,11.843,4.628,8.02,null,null,null,null,null,null,null,null,null,null,null,null,null,null,null,null,null,null,null,null,null,278940861
TRND-Glioblastoma_LOPAC_T98G-primary_screen2,NCGC00370895-04,activity,null,4,-15.988,-2.041,NCCC1=CNC2=CC=C(OCC(=O)N3CCN(CC3)C4=CC=C(C=C4)C#N)C=C12,null,null,null,null,null,D9071,SIGMA,2021_LOPAC_01,null,null,Donitriptan monohydrochloride,null,4,null,null,null,16.937,-16.488,4.955,1,0.895,null,null,null,null,null,null,-0.5,null,null,2.364,-14.573,-25.123,-20.613,null,null,null,null,null,null,null,null,null,SOHCKWZVTCTQBG,null,TRND,ImHodEjxIyDQgBdjvL,null,null,null,null,CL,null,null,null,null,170911-68-9,null,null,null,0,4,1,null,null,173032,0 0 0 1,1,1,2025-06-17 15:37:36,null,null,null,null,null,null,null,364794247,activity,null,HTS,null,-3.215,2.364,-14.573,-2.041,null,null,null,null,null,null,null,null,null,null,null,null,null,null,null,null,null,null,null,null,null,278940862
TRND-Glioblastoma_LOPAC_T98G-primary_screen2,NCGC00507750-02,activity,null,4,-20.487,-16.239,COC1=C(O)C=CC(C[C@H](C)[C@@H](C)CC2=CC=C3OCOC3=C2)=C1,null,null,null,null,null,SML1519,SIGMA,2021_LOPAC_01,null,null,Macelignan,null,4,null,null,null,25.769,-16.487,4.504,0.477,0.827,null,null,null,null,null,null,4,null,null,9.53,-16.239,-4.278,7.383,null,null,null,null,null,null,null,null,null,QDDILOVMGWUNGD,null,TRND,uRgUmLizfAhsyLdLaU,null,null,null,null,null,null,null,null,null,[NO STEREO] 107534-93-0,null,null,null,0,4,0,null,null,173032,0 0 0 0,1,1,2025-06-17 15:37:36,null,null,null,null,null,null,null,364791779,activity,null,HTS,null,-1.613,9.53,2.969,-16.239,null,null,null,null,null,null,null,null,null,null,null,null,null,null,null,null,null,null,null,null,null,278940863
TRND-Glioblastoma_LOPAC_T98G-primary_screen2,NCGC00507723-03,activity,null,4,-10.962,-0.802,[H][C@@]1([C@@H](O)C[C@@]2(C)[C@]3([H])C[C@H](O)[C@]4([H])[C@]5(C[C@@]35CC[C@]12C)CC[C@H](O)C4(C)C)[C@]6(C)CC[C@H](O6)C(C)(C)O,null,null,null,null,null,SML1448,SIGMA,2021_LOPAC_01,null,null,Cycloastragenol ,null,4,null,null,null,15.176,-0.962,2.333,0.618,0.654,null,null,null,null,null,null,10,null,null,14.374,-0.802,26.882,36.449,null,null,null,null,null,null,null,null,null,WENNXORDXYGDTP,null,TRND,EeHaTAYVeRWAutueSs,null,null,null,null,null,null,null,null,null,[NO STEREO] 78574-94-4,null,null,null,0,4,0,null,null,173032,0 0 0 0,1,1,2025-06-17 15:37:36,null,null,null,null,null,null,null,364793823,activity,null,HTS,null,5.436,14.374,3.108,-0.802,null,null,null,null,null,null,null,null,null,null,null,null,null,null,null,null,null,null,null,null,null,278940864
TRND-Glioblastoma_LOPAC_T98G-primary_screen2,NCGC00162344-05,activity,null,4,18.267,-2.326,[H][C@](CO)(C(=O)OC1CC2C3OC3C(C1)[N+]2(C)CCCC)C4=CC=CC=C4,null,null,null,null,null,S7882,SIGMA,2021_LOPAC_01,null,null,(-)-Scopolamine N-butyl bromide,null,4,null,null,null,15.299,11,1.644,1,1,null,null,null,null,null,null,-7.267,null,null,10.493,-4.806,3.267,4.01,null,null,null,null,null,null,null,null,null,YBCNXCRZPWQOBR,null,TRND,xcwlKdmEADFxSlwSBp,null,Muscarinic acetylcholine receptor antagonist,null,null,BR,null,null,null,null,[NO STEREO] 149-64-4,CHRM1,null,null,0,4,1,null,null,173032,0 0 0 1,1,1,2025-06-17 15:37:36,null,null,null,null,null,null,null,364794503,activity,null,HTS,null,-4.806,5.367,10.493,-2.326,null,null,null,null,null,null,null,null,null,null,null,null,null,null,null,null,null,null,null,null,null,278940865
TRND-Glioblastoma_LOPAC_T98G-primary_screen2,NCGC00015605-27,activity,null,4,0,3.919,NC1=NC(N)=C(N=N1)C2=CC=CC(Cl)=C2Cl,null,null,null,null,null,L3791,SIGMA,2021_LOPAC_01,null,null,Lamotrigine,null,4,null,null,null,9.553,0,null,null,null,null,null,null,null,null,null,0,null,null,6.932,-2.622,0.262,null,null,null,null,null,null,null,null,null,null,PYZRQGJRPPTADH,null,TRND,HdCoNVkyEfHdfvUegb,null,Sodium channel protein type 1 subunit alpha Blocker,null,null,null,null,null,null,null,84057-84-1,SCN1A,null,null,0,4,null,null,null,173032,null,1,1,2025-06-17 15:37:36,null,null,null,null,null,null,null,364793195,activity,null,HTS,null,-2.622,0.902,6.932,3.919,null,null,null,null,null,null,null,null,null,null,null,null,null,null,null,null,null,null,null,null,null,278940866
TRND-Glioblastoma_LOPAC_T98G-primary_screen2,NCGC00387205-04,activity,null,4,-9,3.244,OC(=O)\C=C/C(=O)NC1=CC=C(OC2=CC(OC3=CC=C(NC(=O)\C=C/C(O)=O)C=C3)=CC=C2)C=C1,null,null,null,null,null,SML0989,SIGMA,2021_LOPAC_01,null,null,H2L5186303,null,4,null,null,null,11.437,3,4.955,0.508,0.8,null,null,null,null,null,null,12,null,null,14.681,3.244,39.483,46.107,null,null,null,null,null,null,null,null,null,HZFPOTBCYPWQSH,null,TRND,RidPfbpxAOFkpVcqKn,null,null,null,null,null,null,null,null,null,null,null,null,null,0,4,0,null,null,173032,0 0 0 0,1,1,2025-06-17 15:37:36,null,null,null,null,null,null,null,364791923,activity,null,HTS,null,8.905,14.681,4.012,3.244,null,null,null,null,null,null,null,null,null,null,null,null,null,null,null,null,null,null,null,null,null,278940867
TRND-Glioblastoma_LOPAC_T98G-primary_screen2,NCGC00507733-02,activity,null,4,0,4.843,N[Pt](N)(Cl)[N+]1=CC=CC=C1,null,null,null,null,null,C0996,SIGMA,2021_LOPAC_01,null,null,cDPCP  ,null,4,null,null,null,7.435,0,null,null,null,null,null,null,null,null,null,0,null,null,5.569,-1.865,4.347,null,null,null,null,null,null,null,null,null,null,XEKDMTHECBYQQM,null,TRND,qpuOnbfuLpyrDqsZIa,null,null,null,null,CL,null,null,null,null,106343-54-8,null,null,null,0,4,null,null,null,173032,null,1,1,2025-06-17 15:37:36,null,null,null,null,null,null,null,364794143,activity,null,HTS,null,-1.865,5.569,4.413,4.843,null,null,null,null,null,null,null,null,null,null,null,null,null,null,null,null,null,null,null,null,null,278940868
TRND-Glioblastoma_LOPAC_T98G-primary_screen2,NCGC00015829-22,activity,11.220185,-2.2,-38.397,-15.747,CN(C)CCCN1C2=C(SC3=C1C=CC=C3)C=CC=C2,null,null,null,null,null,P6656,SIGMA,2021_LOPAC_01,-4.95,null,Promazine hydrochloride,null,4,null,null,null,33.253,-20.897,1.753,0.017,1,null,null,null,null,null,null,17.5,null,null,17.505,-15.747,56.15,56.186,null,null,null,null,null,null,null,null,null,ZGUGWUXLJSTTMA,null,TRND,pmlvpdTRKfoHMcZkKk,null,null,null,null,CL,null,null,null,null,53-60-1,null,null,null,0,4,0,null,null,173032,0 0 0 0,1,1,2025-06-17 15:37:36,null,null,null,null,null,null,null,364790691,activity,null,HTS,null,17.505,16.372,6.301,-15.747,null,null,null,null,null,null,null,null,null,null,null,null,null,null,null,null,null,null,null,null,null,278940869
TRND-Glioblastoma_LOPAC_T98G-primary_screen2,NCGC00162105-04,activity,null,4,0,6.521,OC[C@H]1O[C@@H]([C@H](O)[C@@H]1O)N2C=NC3=C(N[C@H]4CCC[C@@H]4O)N=CN=C23,null,null,null,null,null,G5794,SIGMA,2021_LOPAC_01,null,null,GR 79236x,null,4,null,null,null,5.714,0,null,null,null,null,null,null,null,null,null,0,null,null,6.521,0.807,17.376,null,null,null,null,null,null,null,null,null,null,GYWXTRVEUURNEW,null,TRND,riecOxsBMCkAHTkKNV,null,null,null,null,null,null,null,null,null,[NO STEREO] 124555-18-6,null,null,null,0,4,null,null,null,173032,null,1,1,2025-06-17 15:37:36,null,null,null,null,null,null,null,364791415,activity,null,HTS,null,3.768,0.807,4.186,6.521,null,null,null,null,null,null,null,null,null,null,null,null,null,null,null,null,null,null,null,null,null,278940870
TRND-Glioblastoma_LOPAC_T98G-primary_screen2,NCGC00092363-13,activity,19.952623,-3,-52.774,-45.624,[O-][N+](=O)C1=CC(C(=O)NC2=CC=NC=C2)=C(Cl)C=C1,null,null,null,null,null,T8703,SIGMA,2021_LOPAC_01,-4.7,null,T0070907,null,-3,null,null,null,50.693,-49.274,4.955,0.135,0.989,null,null,null,null,null,null,3.5,null,null,5.069,-45.624,-6.687,-9.425,null,null,null,null,null,null,null,null,null,FRPJSHKMZHWJBE,null,TRND,eNpYRpdztiAOatkIJc,null,null,null,null,null,null,null,null,null,null,null,null,null,0,4,0,null,null,173032,0 0 0 0,1,1,2025-06-17 15:37:36,null,null,null,null,null,null,null,364793547,activity,null,HTS,null,5.069,-0.395,5.012,-45.624,null,null,null,null,null,null,null,null,null,null,null,null,null,null,null,null,null,null,null,null,null,278940871
TRND-Glioblastoma_LOPAC_T98G-primary_screen2,NCGC00018158-24,activity,null,4,-20.718,-18.515,COC1=C(OC)C=C2C(N)=NC(=NC2=C1)N3CCN(CC3)C(=O)C4COC5=C(O4)C=CC=C5,null,null,null,null,null,D9815,SIGMA,2021_LOPAC_01,null,null,Doxazosin mesylate,null,4,null,null,null,19.18,-20.218,1.826,0.154,0.985,null,null,null,null,null,null,0.5,null,null,0.664,-18.515,-18.518,-16.629,null,null,null,null,null,null,null,null,null,RUZYUOTYCVRMRZ,null,TRND,shfPqdlIulrWZahPOj,null,null,null,null,SULFONICACID_V1,null,null,null,null,77883-43-3,null,null,null,0,4,0,null,null,173032,0 0 0 0,1,1,2025-06-17 15:37:36,null,null,null,null,null,null,null,364794903,activity,null,HTS,null,-0.718,0.664,-10.379,-18.515,null,null,null,null,null,null,null,null,null,null,null,null,null,null,null,null,null,null,null,null,null,278940872
TRND-Glioblastoma_LOPAC_T98G-primary_screen2,NCGC00015912-14,activity,null,4,0,-5.021,NC1=NC=NC2=C1N=CN2C3CCCO3,null,null,null,null,null,S153,SIGMA,2021_LOPAC_01,null,null,SQ 22536,null,4,null,null,null,10.276,0,null,null,null,null,null,null,null,null,null,0,null,null,5.256,-5.021,-9.405,null,null,null,null,null,null,null,null,null,null,UKHMZCMKHPHFOT,null,TRND,KeNCFmEovjClrtdJtO,null,null,null,null,null,null,null,null,null,null,null,null,null,0,4,null,null,null,173032,null,1,1,2025-06-17 15:37:36,null,null,null,null,null,null,null,364795343,activity,null,HTS,null,-4.355,2.353,5.256,-5.021,null,null,null,null,null,null,null,null,null,null,null,null,null,null,null,null,null,null,null,null,null,278940873
TRND-Glioblastoma_LOPAC_T98G-primary_screen2,NCGC00371032-05,activity,null,4,0,-12.645,FC(F)(F)C1=CC(=CC(NC(=O)NC2=C(C=C(Br)C=C2Br)C3=NN=NN3)=C1)C(F)(F)F,null,null,null,null,null,N2540,SIGMA,2021_LOPAC_01,null,null,NS5806,null,4,null,null,null,9.848,0,null,null,null,null,null,null,null,null,null,0,null,null,-2.796,-12.645,-21.17,null,null,null,null,null,null,null,null,null,null,UZWJWROOLOOCPQ,null,TRND,ATyTzbSjIHUWeVAkSu,null,null,null,null,null,null,null,null,null,null,null,null,null,0,4,null,null,null,173032,null,1,1,2025-06-17 15:37:36,null,null,null,null,null,null,null,364794031,activity,null,HTS,null,-2.796,-4.512,-5.162,-12.645,null,null,null,null,null,null,null,null,null,null,null,null,null,null,null,null,null,null,null,null,null,278940874
TRND-Glioblastoma_LOPAC_T98G-primary_screen2,NCGC00015680-36,activity,null,4,12.604,1.797,COC1=CC2=C(NC=C2CCNC(C)=O)C=C1,null,null,null,null,null,M5250,SIGMA,2021_LOPAC_01,null,null,Melatonin,null,4,null,null,null,12.957,5.5,4.955,0.528,0.777,null,null,null,null,null,null,-7.104,null,null,8.287,-4.67,-2.068,-2.278,null,null,null,null,null,null,null,null,null,DRLFMBDRBRZALE,null,TRND,jYyiclEiGiZXyEajHT,null,Melatonin receptor type 1A agonist,null,null,null,null,null,null,null,73-31-4,MTNR1A,null,null,0,4,0,null,null,173032,0 0 0 0,1,1,2025-06-17 15:37:36,null,null,null,null,null,null,null,364794467,activity,null,HTS,null,-4.67,8.287,5.945,1.797,null,null,null,null,null,null,null,null,null,null,null,null,null,null,null,null,null,null,null,null,null,278940875
TRND-Glioblastoma_LOPAC_T98G-primary_screen2,NCGC00016105-09,activity,null,4,0,-3.263,CCCOC1=C(C=CC=C1)C2=NC(=O)C3=C(NN=N3)N2,null,null,null,null,null,Z0878,SIGMA,2021_LOPAC_01,null,null,Zaprinast,null,4,null,null,null,8.456,0,null,null,null,null,null,null,null,null,null,0,null,null,3.585,-4.871,-11.539,null,null,null,null,null,null,null,null,null,null,REZGGXNDEMKIQB,null,TRND,kVohSmRqJXptUfDxsa,null,null,null,null,null,null,null,null,null,37762-06-4,null,null,null,0,4,null,null,null,173032,null,1,1,2025-06-17 15:37:36,null,null,null,null,null,null,null,364792923,activity,null,HTS,null,-3.215,3.585,-4.871,-3.263,null,null,null,null,null,null,null,null,null,null,null,null,null,null,null,null,null,null,null,null,null,278939923
TRND-Glioblastoma_LOPAC_T98G-primary_screen2,NCGC00024502-10,activity,null,4,0,-6.48,N[C@@H](CCC(O)=O)C(O)=O,null,null,null,null,null,G2128,SIGMA,2021_LOPAC_01,null,null,L-Glutamic acid hydrochloride,null,4,null,null,null,6.318,0,null,null,null,null,null,null,null,null,null,0,null,null,-0.676,-6.994,-12.484,null,null,null,null,null,null,null,null,null,null,WHUUTDBJXJRKMK,null,TRND,NDJzcJKYvQhawROSxD,null,null,null,null,CL,null,null,null,null,56-86-0,null,null,null,0,4,null,null,null,173032,null,1,1,2025-06-17 15:37:36,null,null,null,null,null,null,null,364793375,activity,null,HTS,null,-0.676,-3.305,-6.994,-6.48,null,null,null,null,null,null,null,null,null,null,null,null,null,null,null,null,null,null,null,null,null,278939924
TRND-Glioblastoma_LOPAC_T98G-primary_screen2,NCGC00690007-01,activity,7.943282,-2.4,-84.48,-75.743,CCN(CC)[S+]([O-])(=O)NC1=CC=CC(=C1)C2=CC3=C(C=C2)C(NC(=O)C4CC4)=NN3,null,null,null,null,null,SML2219,SIGMA,2021_LOPAC_01,-5.1,null,SGC-AAK1-1,null,-2.2,null,null,null,77.488,-81.98,1.885,0.05,0.998,null,null,null,null,null,null,2.5,null,null,1.746,-75.743,-58.111,-56.943,null,null,null,null,null,null,null,null,null,UAYVFNYBLOUUAS,null,TRND,bXfQVbgXAWxpJcbQtQ,null,null,null,null,null,null,null,null,null,null,null,null,null,0,4,0,null,null,173032,0 0 0 0,1,1,2025-06-17 15:37:36,null,null,null,null,null,null,null,364792487,activity,null,HTS,10.068364,1.746,1.31,-34.399,-75.743,null,null,null,null,null,null,null,null,null,null,null,null,null,null,null,null,null,null,null,null,null,278939925
TRND-Glioblastoma_LOPAC_T98G-primary_screen2,NCGC00381720-15,activity,null,4,16.061,-10.065,CC1=C(OCC(F)(F)F)C=CN=C1C[S+]([O-])C2=NC3=CC=CC=C3N2,null,null,null,null,null,L8533,SIGMA,2021_LOPAC_01,null,null,null,null,4,null,null,null,20.292,4.5,4.955,1,0.644,null,null,null,null,null,null,-11.561,null,null,10.227,-10.065,-17.291,-14.689,null,null,null,null,null,null,null,null,null,MJIHNNLFOKEZEW,null,TRND,aYeNxiBSpelkBtfIoc,null,null,null,null,null,null,null,null,null,103577-45-3,null,null,null,0,4,1,null,null,173032,0 0 0 1,1,1,2025-06-17 15:37:36,null,null,null,null,null,null,null,364794491,activity,null,HTS,null,-8.384,10.227,-0.954,-10.065,null,null,null,null,null,null,null,null,null,null,null,null,null,null,null,null,null,null,null,null,null,278939926
TRND-Glioblastoma_LOPAC_T98G-primary_screen2,NCGC00241970-03,activity,null,4,0,7.196,C\C1=C(\C(NC(=O)N1)C2=CC=C(F)C=C2)C(=O)NC3=CC4=CNN=C4C=C3,null,null,null,null,null,SML2296,SIGMA,2021_LOPAC_01,null,null,GSK180736A,null,4,null,null,null,8.429,0,null,null,null,null,null,null,null,null,null,0,null,null,9.389,0.96,32.871,null,null,null,null,null,null,null,null,null,null,HEAIGWIZTYAQTC,null,TRND,PeChKvFGgyaZUHpZNe,null,null,null,null,null,null,null,null,null,null,null,null,null,0,4,null,null,null,173032,null,1,1,2025-06-17 15:37:36,null,null,null,null,null,null,null,364794787,activity,null,HTS,null,9.389,3.378,0.96,7.196,null,null,null,null,null,null,null,null,null,null,null,null,null,null,null,null,null,null,null,null,null,278939927
TRND-Glioblastoma_LOPAC_T98G-primary_screen2,NCGC00024715-14,activity,null,4,16.737,-0.887,N[C@@H](CCCNC(N)=N)C(O)=O,null,null,null,null,null,A5006,SIGMA,2021_LOPAC_01,null,null,L-Arginine,null,4,null,null,null,13.57,11.5,1.539,1,1,null,null,null,null,null,null,-5.237,null,null,9.206,-4.364,-0.376,0.292,null,null,null,null,null,null,null,null,null,ODKSFYDXXFIFQN,null,TRND,RIOmRxpOpQSEMxkLFm,null,null,null,null,null,null,null,null,null,74-79-3,null,null,null,0,4,1,null,null,173032,0 0 0 1,1,1,2025-06-17 15:37:36,null,null,null,null,null,null,null,364794939,activity,null,HTS,null,-4.364,0.656,9.206,-0.887,null,null,null,null,null,null,null,null,null,null,null,null,null,null,null,null,null,null,null,null,null,278939928
TRND-Glioblastoma_LOPAC_T98G-primary_screen2,NCGC00015558-33,activity,null,4,-13.581,-6.318,CC(C)NCC(O)C1=CC(O)=C(O)C=C1,null,null,null,null,null,I5627,SIGMA,2021_LOPAC_01,null,null,(±)-Isoproterenol hydrochloride,null,4,null,null,null,13.861,-6.581,3.065,0.068,0.997,null,null,null,null,null,null,7,null,null,7.543,-6.318,23.332,23.08,null,null,null,null,null,null,null,null,null,JWZZKOKVBUJMES,null,TRND,fIShMDsaOPqsIRqUhG,null,Beta-1 Adrenergic Receptor agonist,null,null,CL,null,null,null,null,51-30-9,ADRB1,null,null,0,4,0,null,null,173032,0 0 0 0,1,1,2025-06-17 15:37:36,null,null,null,null,null,null,null,364795163,activity,null,HTS,null,6.922,7.543,3.107,-6.318,null,null,null,null,null,null,null,null,null,null,null,null,null,null,null,null,null,null,null,null,null,278939929
TRND-Glioblastoma_LOPAC_T98G-primary_screen2,NCGC00015691-19,activity,null,4,0,2.263,NCCS,null,null,null,null,null,M6500,SIGMA,2021_LOPAC_01,null,null,Cysteamine hydrochloride,null,4,null,null,null,7.543,0,null,null,null,null,null,null,null,null,null,0,null,null,5.344,-2.199,8.677,null,null,null,null,null,null,null,null,null,null,UFULAYFCSOUIOV,null,TRND,OKtxmXMIyZRsPaSeLx,null,null,null,null,CL,null,null,null,null,156-57-0,null,null,null,0,4,null,null,null,173032,null,1,1,2025-06-17 15:37:36,null,null,null,null,null,null,null,364791943,activity,null,HTS,null,1.906,5.344,-2.199,2.263,null,null,null,null,null,null,null,null,null,null,null,null,null,null,null,null,null,null,null,null,null,278939930
TRND-Glioblastoma_LOPAC_T98G-primary_screen2,NCGC00015595-27,activity,null,4,-11.812,-8.177,CC(CCC1=CC=CC=C1)NCC(O)C2=CC(C(N)=O)=C(O)C=C2,null,null,null,null,null,L1011,SIGMA,2021_LOPAC_01,null,null,Labetalol hydrochloride,null,4,null,null,null,13.747,-8.812,2.72,0.451,0.851,null,null,null,null,null,null,3,null,null,5.57,-8.177,-0.315,5.425,null,null,null,null,null,null,null,null,null,SGUAFYQXFOLMHL,null,TRND,dNSrDpNnKRswDlVNTi,null,null,null,null,CL,null,null,null,null,32780-64-6,null,null,null,0,4,0,null,null,173032,0 0 0 0,1,1,2025-06-17 15:37:36,null,null,null,null,null,null,null,364793179,activity,null,HTS,null,0.285,5.57,-1,-8.177,null,null,null,null,null,null,null,null,null,null,null,null,null,null,null,null,null,null,null,null,null,278939931
TRND-Glioblastoma_LOPAC_T98G-primary_screen2,NCGC00386678-05,activity,null,4,0,-5.668,CCN(CC1=CC=CN=C1)C(=O)CN(C2=CC=C(OC)N=C2)[S+]([O-])(=O)C3=CC=CC=C3C,null,null,null,null,null,SML0864,SIGMA,2021_LOPAC_01,null,null,EMPA,null,4,null,null,null,9.854,0,null,null,null,null,null,null,null,null,null,0,null,null,4.186,-5.668,5.537,null,null,null,null,null,null,null,null,null,null,KJPHTXTWFHVJIG,null,TRND,UFxEFDvXAMxnxRpwIh,null,null,null,null,null,null,null,null,null,null,null,null,null,0,4,null,null,null,173032,null,1,1,2025-06-17 15:37:36,null,null,null,null,null,null,null,364794167,activity,null,HTS,null,1.561,4.186,1.799,-5.668,null,null,null,null,null,null,null,null,null,null,null,null,null,null,null,null,null,null,null,null,null,278939932
TRND-Glioblastoma_LOPAC_T98G-primary_screen2,NCGC00015969-09,activity,11.220185,-3,-50.737,-44.945,CC#CCOC(=O)C1=C(N)C2=C(SC3=C2CCC(O)C3)N=C1C,null,null,null,null,null,S7936,SIGMA,2021_LOPAC_01,-4.95,null,SB 205384,null,-3,null,null,null,52.794,-45.237,4.955,0.099,0.994,null,null,null,null,null,null,5.5,null,null,7.849,-44.945,-8.068,-3.213,null,null,null,null,null,null,null,null,null,JDTZAGLGBRRCJT,null,TRND,rbYFaIcmAAlXYRbmzW,null,null,null,null,null,null,null,null,null,null,null,null,null,0,4,0,null,null,173032,0 0 0 0,1,1,2025-06-17 15:37:36,null,null,null,null,null,null,null,364795143,activity,null,HTS,null,3.103,7.849,2.089,-44.945,null,null,null,null,null,null,null,null,null,null,null,null,null,null,null,null,null,null,null,null,null,278939933
TRND-Glioblastoma_LOPAC_T98G-primary_screen2,NCGC00250410-16,activity,3.981072,-1.4,-30.622,-32.597,OC(=O)C1=C(C=C(C=C1)C2=CNC3=NC=C(C=C23)C4=CC=CC=C4)C5CCCC5,null,null,null,null,null,SML0773,SIGMA,2021_LOPAC_01,-5.4,null,GSK-650394  ,null,-1.2,null,null,null,32.185,-33.117,4.449,0.142,0.987,null,null,null,null,null,null,-2.495,null,null,-0.412,-32.597,-52.11,-47.436,null,null,null,null,null,null,null,null,null,WVSBGSNVCDAMCF,null,TRND,hJVmSdvlnjdyEzutCp,null,Serine/threonine-protein kinase Sgk1 inhibitor,null,null,null,null,null,null,null,890842-28-1,SGK1,null,null,0,4,0,null,null,173032,0 0 0 0,1,1,2025-06-17 15:37:36,null,null,null,null,null,null,null,364791023,activity,null,HTS,null,-4.752,-0.412,-30.741,-32.597,null,null,null,null,null,null,null,null,null,null,null,null,null,null,null,null,null,null,null,null,null,278939934
TRND-Glioblastoma_LOPAC_T98G-primary_screen2,NCGC00094339-05,activity,null,4,0,2.389,CCN(CC)C(=O)C1=CC=C(C=C1)[C@@H](N2C[C@H](C)N(CC=C)C[C@H]2C)C3=CC=CC(OC)=C3,null,null,null,null,null,S2812,SIGMA,2021_LOPAC_01,null,null,SNC80,null,4,null,null,null,3.349,0,null,null,null,null,null,null,null,null,null,0,null,null,2.389,-0.96,-0.597,null,null,null,null,null,null,null,null,null,null,KQWVAUSXZDRQPZ,null,TRND,bLVwcfWnFkcMuCWbNK,null,null,null,null,null,null,null,null,null,null,null,null,null,0,4,null,null,null,173032,null,1,1,2025-06-17 15:37:36,null,null,null,null,null,null,null,364791275,activity,null,HTS,null,-0.96,0.561,0.599,2.389,null,null,null,null,null,null,null,null,null,null,null,null,null,null,null,null,null,null,null,null,null,278939935
TRND-Glioblastoma_LOPAC_T98G-primary_screen2,NCGC00093727-17,activity,10,-3,-41.552,-41.274,OC1=C(O)C=C(\C=C\C(=O)OCCC2=CC=CC=C2)C=C1,null,null,null,null,null,C8221,SIGMA,2021_LOPAC_01,-5,null,Caffeic acid phenethyl ester,null,-3,null,null,null,42.162,-41.552,3.99,0.044,0.999,null,null,null,null,null,null,0,null,null,0.888,-41.274,-24.716,-26.492,null,null,null,null,null,null,null,null,null,SWUARLUWKZWEBQ,null,TRND,HiryXPyJMgHYJkMWox,null,null,null,null,null,null,null,null,null,104594-70-9,null,null,null,0,4,0,null,null,173032,0 0 0 0,1,1,2025-06-17 15:37:36,null,null,null,null,null,null,null,364792103,activity,null,HTS,null,0.888,-0.763,-7.078,-41.274,null,null,null,null,null,null,null,null,null,null,null,null,null,null,null,null,null,null,null,null,null,278939936
TRND-Glioblastoma_LOPAC_T98G-primary_screen2,NCGC00094453-05,activity,null,4,0,12.846,CN([C@@H]1CC[C@]2(CCCO2)C[C@H]1N3CCCC3)C(=O)CC4=CC=CC=C4,null,null,null,null,null,U103,SIGMA,2021_LOPAC_01,null,null,U-69593,null,4,null,null,null,5.552,0,null,null,null,null,null,null,null,null,null,0,null,null,12.846,7.295,47.39,null,null,null,null,null,null,null,null,null,null,PGZRDDYTKFZSFR,null,TRND,ToGJnVJQdtrbbCgfjm,null,null,null,null,null,null,null,null,null,[NO STEREO] 96744-75-1,null,null,null,0,4,null,null,null,173032,null,1,1,2025-06-17 15:37:36,null,null,null,null,null,null,null,364790939,activity,null,HTS,null,10.122,10.653,7.295,12.846,null,null,null,null,null,null,null,null,null,null,null,null,null,null,null,null,null,null,null,null,null,278939937
TRND-Glioblastoma_LOPAC_T98G-primary_screen2,NCGC00015636-08,activity,null,4,-15,8.488,[NH-]C1=C[N+](=NO1)N2CCOCC2,null,null,null,null,null,M5793,SIGMA,2021_LOPAC_01,null,null,3-Morpholinosydnonimine hydrochloride,null,4,null,null,null,16.97,6,3.929,0.32,0.932,null,null,null,null,null,null,21,null,null,20.825,3.855,71.075,71.264,null,null,null,null,null,null,null,null,null,FKDHHVKWGRFRTG,null,TRND,zeuPrNoMFvkoJuNpEs,null,null,null,null,CL,null,null,null,null,null,null,null,null,0,4,0,null,null,173032,0 0 0 0,1,1,2025-06-17 15:37:36,null,null,null,null,null,null,null,364790791,activity,null,HTS,null,20.825,8.766,3.855,8.488,null,null,null,null,null,null,null,null,null,null,null,null,null,null,null,null,null,null,null,null,null,278939938
TRND-Glioblastoma_LOPAC_T98G-primary_screen2,NCGC00162214-06,activity,10,-2.1,-97.662,-94.972,CC(C)C1=C2C[C@@](CCN(C)CCCC3=NC4=C(N3)C=CC=C4)(CCC2=CC(F)=C1)OC(=O)C5CC5,null,null,null,null,null,N0287,SIGMA,2021_LOPAC_01,-5,null,NNC 55-0396,null,-2.1,null,null,null,98.371,-95.162,4.504,0.016,1,null,null,null,null,null,null,2.5,null,null,3.399,-94.972,-49.562,-48.862,null,null,null,null,null,null,null,null,null,SYLIICYFBKGBKE,null,TRND,jnseIhawDoxaVHFmXT,null,null,null,null,CL,null,null,null,null,null,null,null,null,0,4,0,null,null,173032,0 0 0 0,1,1,2025-06-17 15:37:36,null,null,null,null,null,null,null,364791311,activity,null,HTS,10.228522,2.116,3.399,-11.273,-94.972,null,null,null,null,null,null,null,null,null,null,null,null,null,null,null,null,null,null,null,null,null,278939939
TRND-Glioblastoma_LOPAC_T98G-primary_screen2,NCGC00015196-15,activity,null,4,-6.5,3.291,C(OC1=C(C=CC=C1)C2CC2)C3=NCCN3,null,null,null,null,null,C223,SIGMA,2021_LOPAC_01,null,null,Cirazoline hydrochloride,null,4,null,null,null,10.786,2.5,4.955,0.641,0.616,null,null,null,null,null,null,9,null,null,12.405,1.619,26.732,34.484,null,null,null,null,null,null,null,null,null,YAORIDZYZDUZCM,null,TRND,RgUPcCHWjYHRPabUmG,null,null,null,null,CL,null,null,null,null,null,null,null,null,0,4,0,null,null,173032,0 0 0 0,1,1,2025-06-17 15:37:36,null,null,null,null,null,null,null,364792339,activity,null,HTS,null,5.478,12.405,1.619,3.291,null,null,null,null,null,null,null,null,null,null,null,null,null,null,null,null,null,null,null,null,null,278939940
TRND-Glioblastoma_LOPAC_T98G-primary_screen2,NCGC00022653-22,activity,null,4,-17.481,10.031,CC1=NN=C(SCC2=C(N3[C@H](SC2)[C@H](NC(=O)CN4C=NN=N4)C3=O)C([O-])=O)S1,null,null,null,null,null,C5020,SIGMA,2021_LOPAC_01,null,null,Cefazolin sodium,null,4,null,null,null,18.395,-9.481,4.955,1,0.903,null,null,null,null,null,null,8,null,null,10.911,-7.484,12.529,17.622,null,null,null,null,null,null,null,null,null,MLYYVTUWGNIJIB,null,TRND,SHuScirfMFwxCtXWEU,null,null,null,null,SODIUM,null,null,null,null,27164-46-1,null,null,null,0,4,1,null,null,173032,0 0 0 1,1,1,2025-06-17 15:37:36,null,null,null,null,null,null,null,364792663,activity,null,HTS,null,5.071,10.911,-7.484,10.031,null,null,null,null,null,null,null,null,null,null,null,null,null,null,null,null,null,null,null,null,null,278939941
TRND-Glioblastoma_LOPAC_T98G-primary_screen2,NCGC00487341-03,activity,null,4,0,-4.759,C[C@H](C#CC1=CC=C(CC2=CC=C(F)C=C2)S1)N(O)C(N)=O,null,null,null,null,null,SML1041,SIGMA,2021_LOPAC_01,null,null,Atreleuton,null,4,null,null,null,0.965,0,null,null,null,null,null,null,null,null,null,0,null,null,-3.794,-4.759,-18.847,null,null,null,null,null,null,null,null,null,null,MMSNEKOTSJRTRI,null,TRND,PQiUFyOvFsTucRWwMd,null,null,null,null,null,null,null,null,null,154355-76-7,null,null,null,0,4,null,null,null,173032,null,1,1,2025-06-17 15:37:36,null,null,null,null,null,null,null,364791807,activity,null,HTS,null,-3.856,-3.794,-4.282,-4.759,null,null,null,null,null,null,null,null,null,null,null,null,null,null,null,null,null,null,null,null,null,278939942
TRND-Glioblastoma_LOPAC_T98G-primary_screen2,NCGC00162076-05,activity,null,4,0,-4.648,CCN(CC)C1=NC=NC2=C1N=CN2[C@@H]3O[C@H](COP([O-])(=O)OP([O-])(=O)C(Br)(Br)P(O)([O-])=O)[C@@H](O)[C@H]3O,null,null,null,null,null,A265,SIGMA,2021_LOPAC_01,null,null,ARL 67156 trisodium salt,null,4,null,null,null,9.178,0,null,null,null,null,null,null,null,null,null,0,null,null,0.724,-8.454,-27.185,null,null,null,null,null,null,null,null,null,null,ILXFKEOLRYLPJG,null,TRND,rtnLurkGEpekcCYVHx,null,null,null,null,SODIUM,null,null,null,null,null,null,null,null,0,4,null,null,null,173032,null,1,1,2025-06-17 15:37:36,null,null,null,null,null,null,null,364794339,activity,null,HTS,null,-8.454,-2.556,0.724,-4.648,null,null,null,null,null,null,null,null,null,null,null,null,null,null,null,null,null,null,null,null,null,278939943
TRND-Glioblastoma_LOPAC_T98G-primary_screen2,NCGC00507764-02,activity,null,4,17.802,5.825,[H][C@@]12CC[C@H]([C@H](C)CCCC(C)C)[C@@]1(C)CC[C@@]3([H])[C@@]2([H])CC(NCCCNCCCCNCCCN)C4C[C@@H](O)CC[C@]34C,null,null,null,null,null,SML1545,SIGMA,2021_LOPAC_01,null,null,Claramine trifluoroacetate salt ,null,4,null,null,null,20.279,9.5,2.406,0.398,0.888,null,null,null,null,null,null,-8.302,null,null,12.527,-7.752,-7.989,-8.387,null,null,null,null,null,null,null,null,null,NRDCWXLXPKROKL,null,TRND,HxLQZSoKsQoSjrPZOF,null,null,null,null,TFA,null,null,null,null,null,null,null,null,0,4,0,null,null,173032,0 0 0 0,1,1,2025-06-17 15:37:36,null,null,null,null,null,null,null,364790827,activity,null,HTS,null,-7.752,2.434,12.527,5.825,null,null,null,null,null,null,null,null,null,null,null,null,null,null,null,null,null,null,null,null,null,278939944
TRND-Glioblastoma_LOPAC_T98G-primary_screen2,NCGC00253646-12,activity,null,4,0,11.936,COC1=CC2=C(CCNC(C)=O)C=CC=C2C=C1,null,null,null,null,null,A1362,SIGMA,2021_LOPAC_01,null,null,Agomelatine,null,4,null,null,null,9.591,0,null,null,null,null,null,null,null,null,null,0,null,null,14.899,5.308,37.935,null,null,null,null,null,null,null,null,null,null,YJYPHIXNFHFHND,null,TRND,rcrfXjIhLFYuOMiFUs,null,5-HT2C Receptor antagonist,null,null,null,null,null,null,null,138112-76-2,HTR2C,null,null,0,4,null,null,null,173032,null,1,1,2025-06-17 15:37:36,null,null,null,null,null,null,null,364790607,activity,null,HTS,null,5.308,9.317,14.899,11.936,null,null,null,null,null,null,null,null,null,null,null,null,null,null,null,null,null,null,null,null,null,278939945
TRND-Glioblastoma_LOPAC_T98G-primary_screen2,NCGC00016094-16,activity,null,4,0,-5.391,COC[C@H]1OC(=O)C2=COC3=C2[C@@]1(C)\C4=C(\C5CCC(=O)[C@@]5(C)C[C@H]4OC(C)=O)C3=O,null,null,null,null,null,W1628,SIGMA,2021_LOPAC_01,null,null,Wortmannin from Penicillium funiculosum,null,4,null,null,null,7.61,0,null,null,null,null,null,null,null,null,null,0,null,null,0.964,-6.646,-15.294,null,null,null,null,null,null,null,null,null,null,QDLHCMPXEPAAMD,null,TRND,XnrCQtCvOzAKouVmip,null,null,null,null,null,null,null,null,null,[NO STEREO] 19545-26-7,null,null,null,0,4,null,null,null,173032,null,1,1,2025-06-17 15:37:36,null,null,null,null,null,null,null,364793527,activity,null,HTS,null,-3.058,0.964,-6.646,-5.391,null,null,null,null,null,null,null,null,null,null,null,null,null,null,null,null,null,null,null,null,null,278939946
TRND-Glioblastoma_LOPAC_T98G-primary_screen2,NCGC00689839-01,activity,null,4,-18,0.349,CC(C)C1=C(\C=C\[C@@H](O)C[C@@H](O)CC([O-])=O)C(=NC(=N1)N(C)[S+](C)([O-])=O)C2=CC=C(F)C=C2,null,null,null,null,null,SML1264,SIGMA,2021_LOPAC_01,null,null,Rosuvastatin calcium,null,4,null,null,null,13.258,-2,0.7,0.111,0.992,null,null,null,null,null,null,16,null,null,13.606,0.349,47.386,46.289,null,null,null,null,null,null,null,null,null,GECKAXAVGHARCR,null,TRND,gFqFqWHyqeAkrMBUlc,null,null,null,null,CALCIUM,null,null,null,null,null,null,null,null,0,4,0,null,null,173032,0 0 0 0,1,1,2025-06-17 15:37:36,null,null,null,null,null,null,null,364791107,activity,null,HTS,null,13.606,8.816,4.694,0.349,null,null,null,null,null,null,null,null,null,null,null,null,null,null,null,null,null,null,null,null,null,278939947
TRND-Glioblastoma_LOPAC_T98G-primary_screen2,NCGC00024378-21,activity,null,4,-11.245,-8.537,CN1[C@H](C[C@H](O)C2=CC=CC=C2)CCC[C@@H]1CC(=O)C3=CC=CC=C3,null,null,null,null,null,L4376,SIGMA,2021_LOPAC_01,null,null,alpha-Lobeline hydrochloride,null,4,null,null,null,12.956,-8.745,2.72,0.366,0.908,null,null,null,null,null,null,2.5,null,null,4.419,-8.537,-1.241,2.875,null,null,null,null,null,null,null,null,null,MXYUKLILVYORSK,null,TRND,dyEXZLhMtHRdcAakZg,null,null,null,null,CL,null,null,null,null,134-63-4,null,null,null,0,4,0,null,null,173032,0 0 0 0,1,1,2025-06-17 15:37:36,null,null,null,null,null,null,null,364793835,activity,null,HTS,null,0.466,4.419,-1.621,-8.537,null,null,null,null,null,null,null,null,null,null,null,null,null,null,null,null,null,null,null,null,null,278939948
TRND-Glioblastoma_LOPAC_T98G-primary_screen2,NCGC00263865-05,activity,null,4,0,-4.35,CCOC(=O)C1=C/[C@]2(CC)CCC[N@]3CCC4=C([C@H]23)N\1C5=CC=CC=C45,null,null,null,null,null,V6383,SIGMA,2021_LOPAC_01,null,null,Vinpocetine,null,4,null,null,null,8.437,0,null,null,null,null,null,null,null,null,null,0,null,null,2.559,-5.878,-1.605,null,null,null,null,null,null,null,null,null,null,DDNCQMVWWZOMLN,null,TRND,XiUEmLUHcFmesXriWr,null,null,null,null,null,null,null,null,null,42971-09-5,null,null,null,0,4,null,null,null,173032,null,1,1,2025-06-17 15:37:36,null,null,null,null,null,null,null,364794151,activity,null,HTS,null,1.081,-5.878,2.559,-4.35,null,null,null,null,null,null,null,null,null,null,null,null,null,null,null,null,null,null,null,null,null,278939949
TRND-Glioblastoma_LOPAC_T98G-primary_screen2,NCGC00263584-09,activity,null,4,0,5.794,CCCC[S+]([O-])(=O)N[C@@H](CC1=CC=C(OCCCCC2CCNCC2)C=C1)C(O)=O,null,null,null,null,null,SML0246,SIGMA,2021_LOPAC_01,null,null,Tirofiban hydrochloride monohydrate,null,4,null,null,null,6.74,0,null,null,null,null,null,null,null,null,null,0,null,null,5.794,-0.946,5.761,null,null,null,null,null,null,null,null,null,null,SAXGHWXFPOCUQE,null,TRND,eKVxhQkEjpKBjCbDMf,null,null,null,null,CL,null,null,null,null,null,null,null,null,0,4,null,null,null,173032,null,1,1,2025-06-17 15:37:36,null,null,null,null,null,null,null,364794471,activity,null,HTS,null,-0.946,3.488,4.152,5.794,null,null,null,null,null,null,null,null,null,null,null,null,null,null,null,null,null,null,null,null,null,278939950
TRND-Glioblastoma_LOPAC_T98G-primary_screen2,NCGC00015519-30,activity,null,4,-11.131,-0.525,NCCC1=CC(O)=C(O)C=C1,null,null,null,null,null,H8502,SIGMA,2021_LOPAC_01,null,null,Dopamine hydrochloride,null,4,null,null,null,13.465,-2.131,4.504,0.617,0.657,null,null,null,null,null,null,9,null,null,12.939,-0.525,27.949,37.245,null,null,null,null,null,null,null,null,null,VYFYYTLLBUKUHU,null,TRND,NYoSAKxCgGsUDptToa,null,Dopamine Receptor D2 agonist,null,null,CL,null,null,null,null,62-31-7,DRD2,null,null,0,4,0,null,null,173032,0 0 0 0,1,1,2025-06-17 15:37:36,null,null,null,null,null,null,null,364792059,activity,null,HTS,null,4.513,12.939,9.521,-0.525,null,null,null,null,null,null,null,null,null,null,null,null,null,null,null,null,null,null,null,null,null,278939951
TRND-Glioblastoma_LOPAC_T98G-primary_screen2,NCGC00015280-13,activity,4.466836,-2.2,-53.02,-56.896,NC1=NC=NC2=C1C(=CN2C3CCCC3)C4=CC=C(OC5=CC=CC=C5)C=C4,null,null,null,null,null,C8863,SIGMA,2021_LOPAC_01,-5.35,null,"7-Cyclopentyl-5-(4-phenoxy)phenyl-7H-pyrrolo[2,3-d]pyrimidin-4-ylamine",null,-2.2,null,null,null,48.278,-60.361,1.344,0.01,1,null,null,null,null,null,null,-7.341,null,null,-8.618,-56.896,-93.697,-93.367,null,null,null,null,null,null,null,null,null,FMETVQKSDIOGPX,null,TRND,tzcbMDSBKvRXEuoxgs,null,null,null,null,null,null,null,null,null,null,null,null,null,0,4,0,null,null,173032,0 0 0 0,1,1,2025-06-17 15:37:36,null,null,null,null,null,null,null,364793083,activity,null,HTS,14.404326,-8.618,-16.279,-40.752,-56.896,null,null,null,null,null,null,null,null,null,null,null,null,null,null,null,null,null,null,null,null,null,278939952
TRND-Glioblastoma_LOPAC_T98G-primary_screen2,NCGC00022001-30,activity,3.162278,5,2.026,-69.955,COC1=CC(=CC(OC)=C1OC)[C@H]2[C@@H]3[C@H](COC3=O)[C@@H](O)C4=CC5=C(OCO5)C=C24,null,null,null,null,null,P4405,SIGMA,2021_LOPAC_01,-5.5,null,Podophyllotoxin,null,-1.4,null,null,null,3.728,-69.356,4.955,0.669,0.609,null,null,null,null,null,null,-71.383,null,null,-68.652,-72.38,-330.401,-332.958,null,null,null,null,null,null,null,null,null,YJGVMLPVUAXIQN,null,TRND,UECYEPdyogFxThJUIh,null,Tubulin polymerization inhibitor,null,null,null,null,null,null,null,518-28-5,TUBB,null,null,0,4,0,null,null,173032,0 0 0 0,1,1,2025-06-17 15:37:36,null,null,null,null,null,null,null,364793523,activity,null,HTS,null,-70.28,-72.38,-68.652,-69.955,null,null,null,null,null,null,null,null,null,null,null,null,null,null,null,null,null,null,null,null,null,278939953
TRND-Glioblastoma_LOPAC_T98G-primary_screen2,NCGC00015882-29,activity,null,4,-10.496,-7.913,NC1=NC2=C(S1)C=C(OC(F)(F)F)C=C2,null,null,null,null,null,R116,SIGMA,2021_LOPAC_01,null,null,Riluzole,null,4,null,null,null,12.932,-7.996,4.504,0.471,0.834,null,null,null,null,null,null,2.5,null,null,5.019,-7.913,-0.99,5.234,null,null,null,null,null,null,null,null,null,FTALBRSUTCGOEG,null,TRND,xiCxmAVMJQjvjYgqIB,null,Short transient receptor potential channel 5 agonist,null,null,null,null,null,null,null,1744-22-5,TRPC5,null,null,0,4,0,null,null,173032,0 0 0 0,1,1,2025-06-17 15:37:36,null,null,null,null,null,null,null,364791867,activity,null,HTS,null,-0.396,5.019,1.09,-7.913,null,null,null,null,null,null,null,null,null,null,null,null,null,null,null,null,null,null,null,null,null,278939954
TRND-Glioblastoma_LOPAC_T98G-primary_screen2,NCGC00507726-02,activity,11.220185,-3,-90.04,-79.86,OC1=CC(CNC2=CC=C(C=C2)C(=O)OC3C4CC5CC(C4)CC3C5)=C(O)C=C1,null,null,null,null,null,SML1110,SIGMA,2021_LOPAC_01,-4.95,null,Adaphostin,null,-3,null,null,null,93.458,-82.54,3.297,0.144,0.987,null,null,null,null,null,null,7.5,null,null,13.599,-79.86,-7.733,-20.475,null,null,null,null,null,null,null,null,null,GJJNCSXTCTXLCM,null,TRND,RuoKXRTgVtFkBYkVZa,null,null,null,null,null,null,null,null,null,null,null,null,null,0,4,0,null,null,173032,0 0 0 0,1,1,2025-06-17 15:37:36,null,null,null,null,null,null,null,364794463,activity,null,HTS,12.781256,13.599,1.792,-6.782,-79.86,null,null,null,null,null,null,null,null,null,null,null,null,null,null,null,null,null,null,null,null,null,278939955
TRND-Glioblastoma_LOPAC_T98G-primary_screen2,NCGC00263190-15,activity,7.079458,-2.2,-62.781,-53.622,O=C1\C=C(/O/C(=C\1)C2=C3SC4=C(SC3=CC=C2)C=CC=C4)N5CCOCC5,null,null,null,null,null,SML1109,SIGMA,2021_LOPAC_01,-5.15,null,KU-55933,null,-2.2,null,null,null,55.061,-60.281,1.372,0.012,1,null,null,null,null,null,null,2.5,null,null,1.439,-53.622,-45.68,-44.724,null,null,null,null,null,null,null,null,null,XRKYMMUGXMWDAO,null,TRND,xSGNZYPAsmtyuITQIO,null,ATM Kinase inhibitor,null,null,null,null,null,null,null,587871-26-9,ATM,null,null,0,4,0,null,null,173032,0 0 0 0,1,1,2025-06-17 15:37:36,null,null,null,null,null,null,null,364792035,activity,null,HTS,22.418004,1.439,-3.08,-27.645,-53.622,null,null,null,null,null,null,null,null,null,null,null,null,null,null,null,null,null,null,null,null,null,278939956
TRND-Glioblastoma_LOPAC_T98G-primary_screen2,NCGC00690016-01,activity,5.011872,-2.1,-109.712,-94.178,O=C(NCCC1=NC=CS1)C2=CC3=CC=CC(SSC4=C5N=CC(=CC5=CC=C4)C(=O)NCCC6=NC=CS6)=C3N=C2,null,null,null,null,null,SML1995,SIGMA,2021_LOPAC_01,-5.3,null,Capzimin dimer,null,-2.1,null,null,null,100.635,-101.712,1.288,0.03,0.999,null,null,null,null,null,null,8,null,null,6.457,-94.178,-78.444,-79.377,null,null,null,null,null,null,null,null,null,RNEOHKZPZKEZCQ,null,TRND,WgciEjOGtaILBZbhWh,null,null,null,null,null,null,null,null,null,null,null,null,null,0,4,0,null,null,173032,0 0 0 0,1,1,2025-06-17 15:37:36,null,null,null,null,null,null,null,364792063,activity,null,HTS,4.882511,6.457,-9.197,-57.813,-94.178,null,null,null,null,null,null,null,null,null,null,null,null,null,null,null,null,null,null,null,null,null,278940467
TRND-Glioblastoma_LOPAC_T98G-primary_screen2,NCGC00018187-15,activity,null,4,-11.474,-6.645,C(\C=C\C1=CC=CC=C1)N2CCN(CC2)C(C3=CC=CC=C3)C4=CC=CC=C4,null,null,null,null,null,C5270,SIGMA,2021_LOPAC_01,null,null,Cinnarizine,null,4,null,null,null,13.012,-7.974,4.955,0.458,0.845,null,null,null,null,null,null,3.5,null,null,6.367,-6.645,9.768,11.135,null,null,null,null,null,null,null,null,null,DERZBLKQOCDDDZ,null,TRND,fFcVkGklxkxuMlWweG,null,null,null,null,null,null,null,null,null,298-57-7,null,null,null,0,4,0,null,null,173032,0 0 0 0,1,1,2025-06-17 15:37:36,null,null,null,null,null,null,null,364795219,activity,null,HTS,null,2.881,1.166,6.367,-6.645,null,null,null,null,null,null,null,null,null,null,null,null,null,null,null,null,null,null,null,null,null,278940468
TRND-Glioblastoma_LOPAC_T98G-primary_screen2,NCGC00023699-15,activity,null,4,0,2.688,CC(=O)OCC1=C(N2[C@H](SC1)[C@H](NC(=O)CC3=CC=CS3)C2=O)C([O-])=O,null,null,null,null,null,C4520,SIGMA,2021_LOPAC_01,null,null,Cephalothin sodium,null,4,null,null,null,6.342,0,null,null,null,null,null,null,null,null,null,0,null,null,8.563,2.221,15.352,null,null,null,null,null,null,null,null,null,null,XIURVHNZVLADCM,null,TRND,gkQsriQArrsjFPVxza,null,null,null,null,SODIUM,null,null,null,null,58-71-9,null,null,null,0,4,null,null,null,173032,null,1,1,2025-06-17 15:37:36,null,null,null,null,null,null,null,364793283,activity,null,HTS,null,2.306,2.221,8.563,2.688,null,null,null,null,null,null,null,null,null,null,null,null,null,null,null,null,null,null,null,null,null,278940469
TRND-Glioblastoma_LOPAC_T98G-primary_screen2,NCGC00015358-27,activity,null,4,0,11.93,CC(C)N(CCC(C(N)=O)(C1=CC=CC=C1)C2=CC=CC=N2)C(C)C,null,null,null,null,null,D6035,SIGMA,2021_LOPAC_01,null,null,Disopyramide phosphate,null,4,null,null,null,9.135,0,null,null,null,null,null,null,null,null,null,0,null,null,19.196,10.061,75.103,null,null,null,null,null,null,null,null,null,null,UVTNFZQICZKOEM,null,TRND,oHvBPWhaJdGujEXomQ,null,null,null,null,PHOSPHORIC_ACID,null,null,null,null,22059-60-5,null,null,null,0,4,null,null,null,173032,null,1,1,2025-06-17 15:37:36,null,null,null,null,null,null,null,364791179,activity,null,HTS,null,19.196,12.199,10.061,11.93,null,null,null,null,null,null,null,null,null,null,null,null,null,null,null,null,null,null,null,null,null,278940470
TRND-Glioblastoma_LOPAC_T98G-primary_screen2,NCGC00178605-11,activity,null,4,0,1.449,C[N+](C)(C)CC([O-])=O,null,null,null,null,null,B3501,SIGMA,2021_LOPAC_01,null,null,Betaine hydrochloride,null,4,null,null,null,5.599,0,null,null,null,null,null,null,null,null,null,0,null,null,1.583,-4.016,1.749,null,null,null,null,null,null,null,null,null,null,KWIUHFFTVRNATP,null,TRND,txatdknPGKIkbtdzvO,null,null,null,null,CL,null,null,null,null,590-46-5,null,null,null,0,4,null,null,null,173032,null,1,1,2025-06-17 15:37:36,null,null,null,null,null,null,null,364791343,activity,null,HTS,null,1.583,-4.016,-0.859,1.449,null,null,null,null,null,null,null,null,null,null,null,null,null,null,null,null,null,null,null,null,null,278940471
TRND-Glioblastoma_LOPAC_T98G-primary_screen2,NCGC00162109-04,activity,null,4,-12.277,0.39,NC1=NC=NC2=C1N=C(SC3=CC=C(Cl)C=C3)N2[C@H]4OC5CO[P@]([O-])(=O)O[C@@H]5C4O,null,null,null,null,null,C3912,SIGMA,2021_LOPAC_01,null,null,8-(4-Chlorophenylthio)-cAMP sodium,null,4,null,null,null,11.433,-7.777,4.955,1,0.965,null,null,null,null,null,null,4.5,null,null,5.786,-5.648,7.11,7.771,null,null,null,null,null,null,null,null,null,AAZMHPMNAVEBRE,null,TRND,stJgIbIWqrNDXLXHQg,null,null,null,null,SODIUM,null,null,null,null,null,null,null,null,0,4,1,null,null,173032,0 0 0 1,1,1,2025-06-17 15:37:36,null,null,null,null,null,null,null,364791991,activity,null,HTS,null,3.598,5.786,-5.648,0.39,null,null,null,null,null,null,null,null,null,null,null,null,null,null,null,null,null,null,null,null,null,278940472
TRND-Glioblastoma_LOPAC_T98G-primary_screen2,NCGC00021148-31,activity,null,4,0,6.181,COCCC1=CC=C(OCC(O)CNC(C)C)C=C1,null,null,null,null,null,M5391,SIGMA,2021_LOPAC_01,null,null,(±)-Metoprolol (+)-tartrate,null,4,null,null,null,3.957,0,null,null,null,null,null,null,null,null,null,0,null,null,8.371,4.414,35.026,null,null,null,null,null,null,null,null,null,null,IUBSYMUCCVWXPE,null,TRND,IqiHvymfBFfMrgYbkM,null,null,null,null,TARTRATE,null,null,null,null,51384-51-1,null,null,null,0,4,null,null,null,173032,null,1,1,2025-06-17 15:37:36,null,null,null,null,null,null,null,364790647,activity,null,HTS,null,8.371,4.414,7.808,6.181,null,null,null,null,null,null,null,null,null,null,null,null,null,null,null,null,null,null,null,null,null,278940473
TRND-Glioblastoma_LOPAC_T98G-primary_screen2,NCGC00015213-12,activity,null,4,-8.5,2.847,NC1CONC1=O,null,null,null,null,null,C7005,SIGMA,2021_LOPAC_01,null,null,DL-Cycloserine,null,4,null,null,null,10.278,2.5,4.095,0.481,0.826,null,null,null,null,null,null,11,null,null,13.125,2.847,42.002,47.086,null,null,null,null,null,null,null,null,null,DYDCUQKUCUHJBH,null,TRND,QbtynhyCrROjrXUZKC,null,null,null,null,null,null,null,null,null,[NO STEREO] 68-41-7|[NO STEREO] 339-72-0,null,null,null,0,4,0,null,null,173032,0 0 0 0,1,1,2025-06-17 15:37:36,null,null,null,null,null,null,null,364792071,activity,null,HTS,null,8.637,13.125,10.533,2.847,null,null,null,null,null,null,null,null,null,null,null,null,null,null,null,null,null,null,null,null,null,278940474
TRND-Glioblastoma_LOPAC_T98G-primary_screen2,NCGC00387045-03,activity,null,4,-11.915,-6.179,[H][C@](N)(C[S+](O)[O-])C(O)=O,null,null,null,null,null,C4418,SIGMA,2021_LOPAC_01,null,null,L-Cysteinesulfinic Acid,null,4,null,null,null,14.145,-6.415,4.095,0.419,0.875,null,null,null,null,null,null,5.5,null,null,7.967,-6.179,12.869,18.766,null,null,null,null,null,null,null,null,null,ADVPTQAUNPRNPO,null,TRND,RXPupIBNFwTJVAlaso,null,null,null,null,null,null,null,null,null,null,null,null,null,0,4,0,null,null,173032,0 0 0 0,1,1,2025-06-17 15:37:36,null,null,null,null,null,null,null,364792007,activity,null,HTS,null,2.764,7.967,4.118,-6.179,null,null,null,null,null,null,null,null,null,null,null,null,null,null,null,null,null,null,null,null,null,278940475
TRND-Glioblastoma_LOPAC_T98G-primary_screen2,NCGC00162129-11,activity,null,4,-13.258,13.653,CC(N)C(=O)NC1=C(C)C=CC=C1C,null,null,null,null,null,T0202,SIGMA,2021_LOPAC_01,null,null,Tocainide hydrochloride,null,4,null,null,null,16.784,-5.758,4.955,1,0.752,null,null,null,null,null,null,7.5,null,null,13.653,-3.132,15.528,20.799,null,null,null,null,null,null,null,null,null,BUJAGSGYPOAWEI,null,TRND,ePeJxcGdqcExXVfTgN,null,null,null,null,CL,null,null,null,null,71395-14-7,null,null,null,0,4,1,null,null,173032,0 0 0 1,1,1,2025-06-17 15:37:36,null,null,null,null,null,null,null,364791699,activity,null,HTS,null,4.126,11.325,-3.132,13.653,null,null,null,null,null,null,null,null,null,null,null,null,null,null,null,null,null,null,null,null,null,278940476
TRND-Glioblastoma_LOPAC_T98G-primary_screen2,NCGC00162334-05,activity,null,4,0,-0.767,[H][C@](CO)(C(=O)OC1CC2C3OC3C(C1)N2C)C4=CC=CC=C4,null,null,null,null,null,S1875,SIGMA,2021_LOPAC_01,null,null,(-)-Scopolamine hydrobromide,null,4,null,null,null,4.052,0,null,null,null,null,null,null,null,null,null,0,null,null,2.583,-1.469,-1.726,null,null,null,null,null,null,null,null,null,null,STECJAGHUSJQJN,null,TRND,LxnFgCNYjqfkmrhodK,null,null,null,null,BR,null,null,null,null,[NO STEREO] 114-49-8,null,null,null,0,4,null,null,null,173032,null,1,1,2025-06-17 15:37:36,null,null,null,null,null,null,null,364792539,activity,null,HTS,null,-1.469,2.583,1.355,-0.767,null,null,null,null,null,null,null,null,null,null,null,null,null,null,null,null,null,null,null,null,null,278940477
TRND-Glioblastoma_LOPAC_T98G-primary_screen2,NCGC00346676-14,activity,1.995262,-1.3,-99.627,-94.242,CN1CCN(CC1)C2=CC=C(C=C2)C3=NC4=C(N5CCN(CC6=NOC(C)=C6)CC5)C(Br)=CN=C4N3,null,null,null,null,null,SML1237,SIGMA,2021_LOPAC_01,-5.7,null,CCT137690,null,-1.1,null,null,null,97.219,-96.127,1.885,0.051,0.998,null,null,null,null,null,null,3.5,null,null,2.977,-94.242,-123.815,-127.057,null,null,null,null,null,null,null,null,null,GFLQCBTXTRCREJ,null,TRND,tsMCokTDXdvgUMGeRA,null,Aurora kinase A inhibitor,null,null,null,null,null,null,null,null,AURKA,null,null,0,4,0,null,null,173032,0 0 0 0,1,1,2025-06-17 15:37:36,null,null,null,null,null,null,null,364793495,activity,null,HTS,2.082454,2.977,-30.431,-87.615,-94.242,null,null,null,null,null,null,null,null,null,null,null,null,null,null,null,null,null,null,null,null,null,278940478
TRND-Glioblastoma_LOPAC_T98G-primary_screen2,NCGC00014688-07,activity,null,4,-20.687,-11.823,NC(=N)C1=CC=C(C=C1)C2=CC=C(O2)C3=CC=C(C=C3)C(N)=N,null,null,null,null,null,SML1559,SIGMA,2021_LOPAC_01,null,null,Furamidine dihydrochloride,null,4,null,null,null,18.132,-11.687,1.111,0.163,0.983,null,null,null,null,null,null,9,null,null,6.31,-11.823,3.912,3.039,null,null,null,null,null,null,null,null,null,ZJHZBDRZEZEDGB,null,TRND,PeUfLPnbCuiqWlDONm,null,null,null,null,CL,null,null,null,null,null,null,null,null,0,4,0,null,null,173032,0 0 0 0,1,1,2025-06-17 15:37:36,null,null,null,null,null,null,null,364794711,activity,null,HTS,null,6.31,-2.775,-7.785,-11.823,null,null,null,null,null,null,null,null,null,null,null,null,null,null,null,null,null,null,null,null,null,278940479
TRND-Glioblastoma_LOPAC_T98G-primary_screen2,NCGC00386747-12,activity,11.220185,-2.2,-68.558,-47.771,CC1=CC=CC=C1CN2C3=NCCN3C4=C(CN(CC5=CC=CC=C5)CC4)C2=O,null,null,null,null,null,SML1068,SIGMA,2021_LOPAC_01,-4.95,null,TIC10 angular,null,-2.2,null,null,null,53.293,-62.558,1.171,0.019,1,null,null,null,null,null,null,6,null,null,5.522,-47.771,-22.187,-22.868,null,null,null,null,null,null,null,null,null,VLULRUCCHYVXOH,null,TRND,DcQojDMmQIuDxdbrxU,null,Caseinolytic mitochondrial matrix peptidase inhibitor,null,null,null,null,null,null,null,null,CLPP,null,null,0,4,0,null,null,173032,0 0 0 0,1,1,2025-06-17 15:37:36,null,null,null,null,null,null,null,364793619,activity,null,HTS,33.3,5.522,0.344,-18.073,-47.771,null,null,null,null,null,null,null,null,null,null,null,null,null,null,null,null,null,null,null,null,null,278940480
TRND-Glioblastoma_LOPAC_T98G-primary_screen2,NCGC00015610-31,activity,null,4,-21.798,-3.998,CC1=C(C=NO1)C(=O)NC2=CC=C(C=C2)C(F)(F)F,null,null,null,null,null,L5025,SIGMA,2021_LOPAC_01,null,null,Leflunomide,null,4,null,null,null,20.67,-0.798,4.955,0.348,0.917,null,null,null,null,null,null,21,null,null,16.672,-3.998,45.221,44.885,null,null,null,null,null,null,null,null,null,VHOGYURTWQBHIL,null,TRND,ESHkvQeqyvRLRDUCES,null,Dihydroorotate Dehydrogenase inhibitor,null,null,null,null,null,null,null,75706-12-6,DHODH,null,null,0,4,0,null,null,173032,0 0 0 0,1,1,2025-06-17 15:37:36,null,null,null,null,null,null,null,364790655,activity,null,HTS,null,16.672,-0.951,2.457,-3.998,null,null,null,null,null,null,null,null,null,null,null,null,null,null,null,null,null,null,null,null,null,278940481
TRND-Glioblastoma_LOPAC_T98G-primary_screen2,NCGC00160421-07,activity,null,4,0,4.123,COC1=C(OC)C=C2C3CC(=O)C(CC(C)C)CN3CCC2=C1,null,null,null,null,null,T2952,SIGMA,2021_LOPAC_01,null,null,Tetrabenazine,null,4,null,null,null,8.17,0,null,null,null,null,null,null,null,null,null,0,null,null,4.123,-4.046,-6.733,null,null,null,null,null,null,null,null,null,null,MKJIEFSOBYUXJB,null,TRND,YVQymwqUIiKeIjhNKy,null,Synaptic vesicular amine transporter inhibitor,null,null,null,null,null,null,null,58-46-8,SLC18A2,null,null,0,4,null,null,null,173032,null,1,1,2025-06-17 15:37:36,null,null,null,null,null,null,null,364793175,activity,null,HTS,null,-4.046,1.272,2.06,4.123,null,null,null,null,null,null,null,null,null,null,null,null,null,null,null,null,null,null,null,null,null,278940482
TRND-Glioblastoma_LOPAC_T98G-primary_screen2,NCGC00015898-32,activity,null,4,-17.05,-3.375,COC1=C(OC2CCCC2)C=C(C=C1)C3CNC(=O)C3,null,null,null,null,null,R6520,SIGMA,2021_LOPAC_01,null,null,Rolipram,null,4,null,null,null,11.754,-6.05,0.7,0.03,0.999,null,null,null,null,null,null,11,null,null,8.379,-3.375,25.056,25.36,null,null,null,null,null,null,null,null,null,HJORMJIFDVBMOB,null,TRND,gvOdLXDFPSAxfDTTvl,null,Phosphodiesterase 4 inhibitor,null,null,null,null,null,null,null,61413-54-5,PDE4A,null,null,0,4,0,null,null,173032,0 0 0 0,1,1,2025-06-17 15:37:36,null,null,null,null,null,null,null,364792475,activity,null,HTS,null,8.379,4.798,0.321,-3.375,null,null,null,null,null,null,null,null,null,null,null,null,null,null,null,null,null,null,null,null,null,278940483
TRND-Glioblastoma_LOPAC_T98G-primary_screen2,NCGC00168779-10,activity,null,4,0,4.728,CC(C)[C@H](N)C(=O)OCC(CO)OCN1C=NC2=C1NC(N)=NC2=O,null,null,null,null,null,SML0191,SIGMA,2021_LOPAC_01,null,null,Valganciclovir hydrochloride hydrate,null,4,null,null,null,3.43,0,null,null,null,null,null,null,null,null,null,0,null,null,7.035,3.605,27.996,null,null,null,null,null,null,null,null,null,null,WPVFJKSGQUFQAP,null,TRND,sQsKypxdeubZEpnqbg,null,null,null,null,CL,null,null,null,null,175865-69-5 (anhydrous),null,null,null,0,4,null,null,null,173032,null,1,1,2025-06-17 15:37:36,null,null,null,null,null,null,null,364794583,activity,null,HTS,null,7.035,4.961,3.605,4.728,null,null,null,null,null,null,null,null,null,null,null,null,null,null,null,null,null,null,null,null,null,278940484
TRND-Glioblastoma_LOPAC_T98G-primary_screen2,NCGC00690002-01,activity,null,4,-15.968,-11.64,CC1=C(F)C=CC=C1[C@H]2COC(N)=N2,null,null,null,null,null,SML2225,SIGMA,2021_LOPAC_01,null,null,RO5263397,null,4,null,null,null,19.821,-11.968,3.297,0.471,0.833,null,null,null,null,null,null,4,null,null,8.181,-11.64,17.514,8.914,null,null,null,null,null,null,null,null,null,IOHOUWIYOVWGHV,null,TRND,JLBxTaMTYekipzUbil,null,null,null,null,null,null,null,null,null,null,null,null,null,0,4,0,null,null,173032,0 0 0 0,1,1,2025-06-17 15:37:36,null,null,null,null,null,null,null,364794567,activity,null,HTS,null,8.181,-0.093,1.423,-11.64,null,null,null,null,null,null,null,null,null,null,null,null,null,null,null,null,null,null,null,null,null,278940485
TRND-Glioblastoma_LOPAC_T98G-primary_screen2,NCGC00015281-08,activity,11.220185,-3,-51.274,-37.312,CN1CCCC1CCOC(C)(C2=CC=CC=C2)C3=CC=C(Cl)C=C3,null,null,null,null,null,C8903,SIGMA,2021_LOPAC_01,-4.95,null,Clemastine fumarate,null,-3,null,null,null,45.691,-44.274,1.644,0.086,0.995,null,null,null,null,null,null,7,null,null,8.38,-37.312,0.918,-2.248,null,null,null,null,null,null,null,null,null,YNNUSGIPVFPVBX,null,TRND,EQLticExbyMOMEIZIR,null,null,null,null,FUMARIC_ACID,null,null,null,null,[NO STEREO] 14976-57-9,null,null,null,0,4,0,null,null,173032,0 0 0 0,1,1,2025-06-17 15:37:36,null,null,null,null,null,null,null,364791479,activity,null,HTS,null,8.38,3.772,-7.663,-37.312,null,null,null,null,null,null,null,null,null,null,null,null,null,null,null,null,null,null,null,null,null,278940486
TRND-Glioblastoma_LOPAC_T98G-primary_screen2,NCGC00015092-18,activity,null,4,10.5,9.169,NCCCCCC(O)=O,null,null,null,null,null,A7824,SIGMA,2021_LOPAC_01,null,null,6-Aminohexanoic acid,null,4,null,null,null,10.708,9.5,4.955,0.618,0.657,null,null,null,null,null,null,-1,null,null,12.828,2.121,24.084,24.291,null,null,null,null,null,null,null,null,null,SLXKOJJOQWFEFD,null,TRND,NGHJVQSNyzQxjnPjog,null,Plasminogen inhibitor,null,null,null,null,null,null,null,60-32-2,PLAT,null,null,0,4,0,null,null,173032,0 0 0 0,1,1,2025-06-17 15:37:36,null,null,null,null,null,null,null,364790391,activity,null,HTS,null,2.121,12.828,6.313,9.169,null,null,null,null,null,null,null,null,null,null,null,null,null,null,null,null,null,null,null,null,null,278940487
TRND-Glioblastoma_LOPAC_T98G-primary_screen2,NCGC00023339-31,activity,null,4,0,0.03,CC[C@H]1[C@@H](CC2=CN=CN2C)COC1=O,null,null,null,null,null,P6503,SIGMA,2021_LOPAC_01,null,null,(+)-Pilocarpine hydrochloride,null,4,null,null,null,8.708,0,null,null,null,null,null,null,null,null,null,0,null,null,0.03,-8.678,-17.661,null,null,null,null,null,null,null,null,null,null,QCHFTSOMWOSFHM,null,TRND,TgNeogCqjfhooWEULF,null,null,null,null,CL,null,null,null,null,148-72-1,null,null,null,0,4,null,null,null,173032,null,1,1,2025-06-17 15:37:36,null,null,null,null,null,null,null,364794835,activity,null,HTS,null,-3.592,-2.346,-8.678,0.03,null,null,null,null,null,null,null,null,null,null,null,null,null,null,null,null,null,null,null,null,null,278940488
TRND-Glioblastoma_LOPAC_T98G-primary_screen2,NCGC00024379-36,activity,0.281838,5,-50.276,-76.497,CC[C@H]1CN2CCC3=CC(OC)=C(OC)C=C3[C@@H]2C[C@@H]1C[C@H]4NCCC5=CC(OC)=C(OC)C=C45,null,null,null,null,null,E2375,SIGMA,2021_LOPAC_01,-6.55,null,Emetine dihydrochloride hydrate,null,-1.2,null,null,null,28.107,-74.617,1.288,0.226,0.967,null,null,null,null,null,null,-24.341,null,null,-48.39,-76.497,-272.349,-273.592,null,null,null,null,null,null,null,null,null,AUVVAXYIELKVAI,null,TRND,OyDVkxFWIaUNDGrvJx,null,Anti-parasitic,null,null,CL,null,null,null,null,null,null,null,null,0,4,0,null,null,173032,0 0 0 0,1,1,2025-06-17 15:37:36,null,null,null,null,null,null,null,364793719,activity,null,HTS,null,-48.39,-69.39,-70.576,-76.497,null,null,null,null,null,null,null,null,null,null,null,null,null,null,null,null,null,null,null,null,null,278940489
TRND-Glioblastoma_LOPAC_T98G-primary_screen2,NCGC00186038-13,activity,null,4,0,6.579,ClC1=CC=C(Cl)C(=C1)C2=CC=C(O2)\C=C(/C#N)C(=O)NC3=CC=CC4=C3C=CC=N4,null,null,null,null,null,A8231,SIGMA,2021_LOPAC_01,null,null,AGK2,null,4,null,null,null,7.605,0,null,null,null,null,null,null,null,null,null,0,null,null,12.09,4.484,46.488,null,null,null,null,null,null,null,null,null,null,SVENPFFEMUOOGK,null,TRND,NdogxWZBCLZOocUyJc,null,null,null,null,null,null,null,null,null,304896-28-4,null,null,null,0,4,null,null,null,173032,null,1,1,2025-06-17 15:37:36,null,null,null,null,null,null,null,364795111,activity,null,HTS,null,12.09,4.484,9.072,6.579,null,null,null,null,null,null,null,null,null,null,null,null,null,null,null,null,null,null,null,null,null,278940490
TRND-Glioblastoma_LOPAC_T98G-primary_screen2,NCGC00015313-11,activity,null,4,-14.315,-4.484,OC(=O)C1=NC2=CC(Cl)=CC(Cl)=C2C(O)=C1,null,null,null,null,null,D138,SIGMA,2021_LOPAC_01,null,null,"5,7-Dichlorokynurenic acid",null,4,null,null,null,13.812,-13.815,4.955,1,0.993,null,null,null,null,null,null,0.5,null,null,1.049,-12.762,-15.304,-14.509,null,null,null,null,null,null,null,null,null,BGKFPRIGXAVYNX,null,TRND,oucNMJulXVyPgBQgRB,null,null,null,null,H2O,null,null,null,null,131123-76-7,null,null,null,0,4,1,null,null,173032,0 0 0 1,1,1,2025-06-17 15:37:36,null,null,null,null,null,null,null,364792411,activity,null,HTS,null,-0.146,1.049,-12.762,-4.484,null,null,null,null,null,null,null,null,null,null,null,null,null,null,null,null,null,null,null,null,null,278940491
TRND-Glioblastoma_LOPAC_T98G-primary_screen2,NCGC00015536-10,activity,null,4,0,1.784,NC(=N)SCCC1=CNC=N1,null,null,null,null,null,I135,SIGMA,2021_LOPAC_01,null,null,Imetit dihydrobromide,null,4,null,null,null,6.328,0,null,null,null,null,null,null,null,null,null,0,null,null,8.112,1.784,28.413,null,null,null,null,null,null,null,null,null,null,PEHSVUKQDJULKE,null,TRND,MrsKVBlghuMHaLOPEd,null,null,null,null,BR,null,null,null,null,null,null,null,null,0,4,null,null,null,173032,null,1,1,2025-06-17 15:37:36,null,null,null,null,null,null,null,364790591,activity,null,HTS,null,6.675,4.691,8.112,1.784,null,null,null,null,null,null,null,null,null,null,null,null,null,null,null,null,null,null,null,null,null,278940492
TRND-Glioblastoma_LOPAC_T98G-primary_screen2,NCGC00094358-39,activity,null,4,-13,8.661,CC(\C=C\C1=C(C)CCCC1(C)C)=C/C=C/C(C)=C\C(O)=O,null,null,null,null,null,R3255,SIGMA,2021_LOPAC_01,null,null,13-cis-retinoic acid,null,4,null,null,null,11.4,8.5,4.955,0.492,0.815,null,null,null,null,null,null,21.5,null,null,17.57,6.17,65.549,65.136,null,null,null,null,null,null,null,null,null,SHGAZHPCJJPHSC,null,TRND,CJLGDYfDODgqkSnhPC,null,Retinoic Acid Receptor beta agonist,null,null,null,null,null,null,null,4759-48-2,RARB,null,null,0,4,0,null,null,173032,0 0 0 0,1,1,2025-06-17 15:37:36,null,null,null,null,null,null,null,364793255,activity,null,HTS,null,17.57,6.17,11.332,8.661,null,null,null,null,null,null,null,null,null,null,null,null,null,null,null,null,null,null,null,null,null,278940493
TRND-Glioblastoma_LOPAC_T98G-primary_screen2,NCGC00164593-13,activity,null,4,0,4.834,[H][C@@](C)(N[C@@]([H])(CCC1=CC=CC=C1)C(O)=O)C(=O)N2CCC[C@@]2([H])C(O)=O,null,null,null,null,null,E9658,SIGMA,2021_LOPAC_01,null,null,Enalaprilat dihydrate,null,4,null,null,null,6.743,0,null,null,null,null,null,null,null,null,null,0,null,null,4.834,-1.909,16.535,null,null,null,null,null,null,null,null,null,null,LZFZMUMEGBBDTC,null,TRND,vgNNFIvRtTbYmMOlws,null,null,null,null,H2O,null,null,null,null,76420-72-9,null,null,null,0,4,null,null,null,173032,null,1,1,2025-06-17 15:37:36,null,null,null,null,null,null,null,364795087,activity,null,HTS,null,4.583,-1.909,3.733,4.834,null,null,null,null,null,null,null,null,null,null,null,null,null,null,null,null,null,null,null,null,null,278940494
TRND-Glioblastoma_LOPAC_T98G-primary_screen2,NCGC00015080-20,activity,null,4,0,1.622,C[N+]1(C)C2CCC1CC(C2)OC(=O)C(CO)C3=CC=CC=C3,null,null,null,null,null,A6883,SIGMA,2021_LOPAC_01,null,null,Atropine methyl bromide,null,4,null,null,null,7.059,0,null,null,null,null,null,null,null,null,null,0,null,null,7.304,0.245,8.078,null,null,null,null,null,null,null,null,null,null,PIPAJLPNWZMYQA,null,TRND,LBbZclscpRLOnpNowN,null,null,null,null,BR,null,null,null,null,2870-71-5,null,null,null,0,4,null,null,null,173032,null,1,1,2025-06-17 15:37:36,null,null,null,null,null,null,null,364791791,activity,null,HTS,null,0.245,2.058,7.304,1.622,null,null,null,null,null,null,null,null,null,null,null,null,null,null,null,null,null,null,null,null,null,278940495
TRND-Glioblastoma_LOPAC_T98G-primary_screen2,NCGC00015593-06,activity,null,4,-21.22,-14.35,OC1=C(C(=O)NC2=C1C=CC(Cl)=C2)C3=CC=C(OC4=CC=CC=C4)C=C3,null,null,null,null,null,L0258,SIGMA,2021_LOPAC_01,null,null,"L-701,324",null,4,null,null,null,20.63,-15.72,1.967,0.173,0.981,null,null,null,null,null,null,5.5,null,null,6.28,-14.35,5.074,8.658,null,null,null,null,null,null,null,null,null,PDJGPBAMXFVBLT,null,TRND,ogeBqNRtGxUBlwUXhJ,null,null,null,null,null,null,null,null,null,null,null,null,null,0,4,0,null,null,173032,0 0 0 0,1,1,2025-06-17 15:37:36,null,null,null,null,null,null,null,364791903,activity,null,HTS,null,3.777,6.28,-3.22,-14.35,null,null,null,null,null,null,null,null,null,null,null,null,null,null,null,null,null,null,null,null,null,278940496
TRND-Glioblastoma_LOPAC_T98G-primary_screen2,NCGC00015144-09,activity,null,4,-18.398,-9.915,NC1=NC(OCC2=CC=CC=C2)=C3N=CNC3=N1,null,null,null,null,null,B2292,SIGMA,2021_LOPAC_01,null,null,O6-benzylguanine,null,4,null,null,null,19.601,-9.898,4.955,0.111,0.992,null,null,null,null,null,null,8.5,null,null,9.686,-9.915,27.677,28.769,null,null,null,null,null,null,null,null,null,KRWMERLEINMZFT,null,TRND,ebZquqKWSIDIYpPtAG,null,Methylated-DNA--protein-cysteine methyltransferase inhibitor,null,null,null,null,null,null,null,19916-73-5,MGMT,null,null,0,4,0,null,null,173032,0 0 0 0,1,1,2025-06-17 15:37:36,null,null,null,null,null,null,null,364792127,activity,null,HTS,null,7.823,9.686,6.308,-9.915,null,null,null,null,null,null,null,null,null,null,null,null,null,null,null,null,null,null,null,null,null,278940497
TRND-Glioblastoma_LOPAC_T98G-primary_screen2,NCGC00486921-03,activity,null,4,-21.407,-11.589,CC(C)N1CCN(CC1)[S+]([O-])(=O)C2=CC=C(NC(=O)C3=CC=C(C=C3[N+]([O-])=O)C(F)(F)F)C=C2,null,null,null,null,null,SML1547,SIGMA,2021_LOPAC_01,null,null,RN-9893 ,null,4,null,null,null,19.565,-11.907,1.344,0.017,1,null,null,null,null,null,null,9.5,null,null,7.976,-11.589,10.626,10.453,null,null,null,null,null,null,null,null,null,PJAANISMWFBTTF,null,TRND,VJvqwCCcvxnXgIphBb,null,null,null,null,null,null,null,null,null,null,null,null,null,0,4,0,null,null,173032,0 0 0 0,1,1,2025-06-17 15:37:36,null,null,null,null,null,null,null,364793575,activity,null,HTS,null,7.976,1.045,-8.79,-11.589,null,null,null,null,null,null,null,null,null,null,null,null,null,null,null,null,null,null,null,null,null,278940498
TRND-Glioblastoma_LOPAC_T98G-primary_screen2,NCGC00095462-06,activity,null,4,0,-1.836,OC1=CC=C2C3C4=C(CC3(O)COC2=C1)C=C(O)C(O)=C4,null,null,null,null,null,SML2132,SIGMA,2021_LOPAC_01,null,null,BRazilin,null,4,null,null,null,9.297,0,null,null,null,null,null,null,null,null,null,0,null,null,7.461,-1.836,15.382,null,null,null,null,null,null,null,null,null,null,UWHUTZOCTZJUKC,null,TRND,pCXMGebDfRrFNdeDQv,null,null,null,null,null,null,null,null,null,474-07-7,null,null,null,0,4,null,null,null,173032,null,1,1,2025-06-17 15:37:36,null,null,null,null,null,null,null,364791723,activity,null,HTS,null,3.353,2.609,7.461,-1.836,null,null,null,null,null,null,null,null,null,null,null,null,null,null,null,null,null,null,null,null,null,278940499
TRND-Glioblastoma_LOPAC_T98G-primary_screen2,NCGC00015326-07,activity,null,4,-12,0.225,FC1=CC=C(C=C1)C(=O)CCCN2CCC(C=C2)N3C(=O)NC4=C3C=CC=C4,null,null,null,null,null,D1414,SIGMA,2021_LOPAC_01,null,null,Droperidol,null,4,null,null,null,11.375,0,2.253,0.071,0.997,null,null,null,null,null,null,12,null,null,11.6,0.225,42.658,43.603,null,null,null,null,null,null,null,null,null,NDNUAUXWPVQUQH,null,TRND,TRpAWqhNALVjnekQwX,null,null,null,null,null,null,null,null,null,null,null,null,null,0,4,0,null,null,173032,0 0 0 0,1,1,2025-06-17 15:37:36,null,null,null,null,null,null,null,364791731,activity,null,HTS,null,11.549,11.6,3.408,0.225,null,null,null,null,null,null,null,null,null,null,null,null,null,null,null,null,null,null,null,null,null,278940500
TRND-Glioblastoma_LOPAC_T98G-primary_screen2,NCGC00015534-12,activity,null,4,0,3.705,CN(C(CN1CCCC1)C2=CC(OCC(O)=O)=CC=C2)C(=O)CC3=CC(Cl)=C(Cl)C=C3,null,null,null,null,null,I122,SIGMA,2021_LOPAC_01,null,null,"ICI 204,448 hydrochloride",null,4,null,null,null,4.598,0,null,null,null,null,null,null,null,null,null,0,null,null,5.486,0.888,20.212,null,null,null,null,null,null,null,null,null,null,JKYJSFISYHSNOE,null,TRND,TPahEUmaJvNBYALtKf,null,null,null,null,CL,null,null,null,null,null,null,null,null,0,4,null,null,null,173032,null,1,1,2025-06-17 15:37:36,null,null,null,null,null,null,null,364794411,activity,null,HTS,null,5.486,0.888,3.462,3.705,null,null,null,null,null,null,null,null,null,null,null,null,null,null,null,null,null,null,null,null,null,278940876
TRND-Glioblastoma_LOPAC_T98G-primary_screen2,NCGC00015427-14,activity,null,4,0,-4.235,COC(=O)C1=C(C)NC(C)=C1C(=O)C2=C(CC3=CC=CC=C3)C=CC=C2,null,null,null,null,null,F131,SIGMA,2021_LOPAC_01,null,null,FPL 64176,null,4,null,null,null,7.127,0,null,null,null,null,null,null,null,null,null,0,null,null,2.892,-4.235,1.949,null,null,null,null,null,null,null,null,null,null,MDMWHKZANMNXTF,null,TRND,lbydoeIOPblwwBvhdZ,null,null,null,null,null,null,null,null,null,120934-96-5,null,null,null,0,4,null,null,null,173032,null,1,1,2025-06-17 15:37:36,null,null,null,null,null,null,null,364794639,activity,null,HTS,null,1.11,2.892,-1.323,-4.235,null,null,null,null,null,null,null,null,null,null,null,null,null,null,null,null,null,null,null,null,null,278940877
TRND-Glioblastoma_LOPAC_T98G-primary_screen2,NCGC00507724-03,activity,null,4,0,4.267,C[N+]1=CC(=CC=C1)C(N)=O,null,null,null,null,null,SML0704,SIGMA,2021_LOPAC_01,null,null,1-Methylnicotinamide chloride,null,4,null,null,null,7.554,0,null,null,null,null,null,null,null,null,null,0,null,null,11.637,4.083,31.973,null,null,null,null,null,null,null,null,null,null,LDHMAVIPBRSVRG,null,TRND,vAmEnoYgtSmdxciPlR,null,null,null,null,CL,null,null,null,null,1005-24-9,null,null,null,0,4,null,null,null,173032,null,1,1,2025-06-17 15:37:36,null,null,null,null,null,null,null,364790659,activity,null,HTS,null,6.754,11.637,4.083,4.267,null,null,null,null,null,null,null,null,null,null,null,null,null,null,null,null,null,null,null,null,null,278940878
TRND-Glioblastoma_LOPAC_T98G-primary_screen2,NCGC00015842-19,activity,19.952623,-3,-96.148,-94.587,[H][C@]12[C@]3([H])C=C(CO)C[C@]4(O)C(=O)C(C)=C[C@@]4([H])[C@@]3(O)[C@H](C)[C@@H](OC(=O)CCCCCCCCCCCCC)[C@@]1(OC(C)=O)C2(C)C,null,null,null,null,null,P8139,SIGMA,2021_LOPAC_01,-4.7,null,Phorbol 12-myristate 13-acetate,null,-3,null,null,null,89.47,-103.289,4.504,0.048,0.999,null,null,null,null,null,null,-7.141,null,null,-5.118,-94.587,-75.794,-80.004,null,null,null,null,null,null,null,null,null,PHEDXBVPIONUQT,null,TRND,njHlMRhMNgbWgoeNOi,null,Protein kinase C activator,null,null,null,null,null,null,null,16561-29-8,PRKCA,null,null,0,4,0,null,null,173032,0 0 0 0,1,1,2025-06-17 15:37:36,null,null,null,null,null,null,null,364795023,activity,null,HTS,19.672395,-5.118,-9.147,-7.832,-94.587,null,null,null,null,null,null,null,null,null,null,null,null,null,null,null,null,null,null,null,null,null,278940879
TRND-Glioblastoma_LOPAC_T98G-primary_screen2,NCGC00016103-22,activity,null,4,-53.773,-21.477,OCC1=CC=C(O1)C2=NN(CC3=CC=CC=C3)C4=C2C=CC=C4,null,null,null,null,null,Y102,SIGMA,2021_LOPAC_01,null,null,YC-1,null,4,null,null,null,38.328,-29.773,0.5,0.614,0.659,null,null,null,null,null,null,24,null,null,16.85,-21.477,33.383,23.326,null,null,null,null,null,null,null,null,null,OQQVFCKUDYMWGV,null,TRND,GRWiyawzeqAdUveJtd,null,Hypoxia-inducible factor 1-alpha inhibitor,null,null,null,null,null,null,null,170632-47-0,HIF1A,null,null,0,4,0,null,null,173032,0 0 0 0,1,1,2025-06-17 15:37:36,null,null,null,null,null,null,null,364792283,activity,null,HTS,null,16.85,-6.787,3.795,-21.477,null,null,null,null,null,null,null,null,null,null,null,null,null,null,null,null,null,null,null,null,null,278940880
TRND-Glioblastoma_LOPAC_T98G-primary_screen2,NCGC00015553-06,activity,null,4,0,-7.221,FC1=CC=C(CN(C2=NCCN2)C3=C(Cl)C=CC=C3Cl)C=C1,null,null,null,null,null,I2279,SIGMA,2021_LOPAC_01,null,null,IMID-4F hydrochloride,null,4,null,null,null,9.112,0,null,null,null,null,null,null,null,null,null,0,null,null,1.891,-7.221,2.375,null,null,null,null,null,null,null,null,null,null,QONNLUMTBIZJFP,null,TRND,MQKyrUgyuSbNKpoWbo,null,null,null,null,CL,null,null,null,null,null,null,null,null,0,4,null,null,null,173032,null,1,1,2025-06-17 15:37:36,null,null,null,null,null,null,null,364794679,activity,null,HTS,null,1.633,1.891,0.457,-7.221,null,null,null,null,null,null,null,null,null,null,null,null,null,null,null,null,null,null,null,null,null,278940881
TRND-Glioblastoma_LOPAC_T98G-primary_screen2,NCGC00690011-01,activity,null,4,10,7.176,FC1=CC(F)=C(NC(=S)NCCCN2C=CN=C2)C=C1,null,null,null,null,null,SML2138,SIGMA,2021_LOPAC_01,null,null,IR415,null,4,null,null,null,13.911,11,4.955,0.55,0.752,null,null,null,null,null,null,1,null,null,14.604,0.693,18.099,18.28,null,null,null,null,null,null,null,null,null,KRSBPLFMLHNMPU,null,TRND,JlCHbwmjbrDnaEhabh,null,null,null,null,null,null,null,null,null,null,null,null,null,0,4,0,null,null,173032,0 0 0 0,1,1,2025-06-17 15:37:36,null,null,null,null,null,null,null,364790755,activity,null,HTS,null,0.693,3.134,14.604,7.176,null,null,null,null,null,null,null,null,null,null,null,null,null,null,null,null,null,null,null,null,null,278940882
TRND-Glioblastoma_LOPAC_T98G-primary_screen2,NCGC00094226-24,activity,null,4,16.961,7.264,OC1=CC(\C=C\C2=CC(O)=C(O)C=C2)=CC(O)=C1,null,null,null,null,null,P0453,SIGMA,2021_LOPAC_01,null,null,Piceatannol,null,4,null,null,null,18.92,9.5,4.504,0.237,0.964,null,null,null,null,null,null,-7.461,null,null,11.452,-7.468,-12.262,-12.686,null,null,null,null,null,null,null,null,null,CDRPUGZCRXZLFL,null,TRND,whHDfmCaZezJVsdVIV,null,null,null,null,null,null,null,null,null,10083-24-6,null,null,null,0,4,0,null,null,173032,0 0 0 0,1,1,2025-06-17 15:37:36,null,null,null,null,null,null,null,364792839,activity,null,HTS,null,-7.468,-4.815,11.452,7.264,null,null,null,null,null,null,null,null,null,null,null,null,null,null,null,null,null,null,null,null,null,278940883
TRND-Glioblastoma_LOPAC_T98G-primary_screen2,NCGC00015489-10,activity,null,4,0,-2.84,CN1C2CCC1CC(C2)OC(=O)C(O)C3=CC=CC=C3,null,null,null,null,null,H0126,SIGMA,2021_LOPAC_01,null,null,DL-Homatropine hydrobromide,null,4,null,null,null,8.942,0,null,null,null,null,null,null,null,null,null,0,null,null,6.101,-2.84,10.251,null,null,null,null,null,null,null,null,null,null,ZTVIKZXZYLEVOL,null,TRND,QyvYOYjHZmQyrEbjZD,null,null,null,null,BR,null,null,null,null,[NO STEREO] 51-56-9,null,null,null,0,4,null,null,null,173032,null,1,1,2025-06-17 15:37:36,null,null,null,null,null,null,null,364792635,activity,null,HTS,null,3.154,6.101,-1.821,-2.84,null,null,null,null,null,null,null,null,null,null,null,null,null,null,null,null,null,null,null,null,null,278940884
TRND-Glioblastoma_LOPAC_T98G-primary_screen2,NCGC00687539-02,activity,null,4,-35.608,-25.923,CCCCN(CC1=CC=CC=C1)C(=O)C2=CC=C(C=C2)[S+]([O-])(=O)NC3=CC=CC=C3,null,null,null,null,null,SML2275,SIGMA,2021_LOPAC_01,null,null,TH-257,null,4,null,null,null,37.282,-26.608,3.132,0.176,0.98,null,null,null,null,null,null,9,null,null,11.359,-25.923,9.932,16.645,null,null,null,null,null,null,null,null,null,BJDRHYMQSZDNJY,null,TRND,yjgKXHQMAphefhQaVh,null,LIM domain kinase 2 inhibitor,null,null,null,null,null,null,null,null,LIMK2,null,null,0,4,0,null,null,173032,0 0 0 0,1,1,2025-06-17 15:37:36,null,null,null,null,null,null,null,364790571,activity,null,HTS,null,5.859,11.359,-0.912,-25.923,null,null,null,null,null,null,null,null,null,null,null,null,null,null,null,null,null,null,null,null,null,278940885
TRND-Glioblastoma_LOPAC_T98G-primary_screen2,NCGC00507756-02,activity,12.589254,-3,-57.428,-63.06,COC(=O)C1=C(C)NC(C)=C([C@H]1C2=CC(=CC=C2)[N+]([O-])=O)C(=O)O[C@H]3CCCN(CC4=CC=CC=C4)C3,null,null,null,null,null,B6813,SIGMA,2021_LOPAC_01,-4.9,null,Benidipine hydrochloride,null,-3,null,null,null,56.426,-63.888,4.504,0.01,1,null,null,null,null,null,null,-6.46,null,null,-6.634,-63.06,-63.264,-62.347,null,null,null,null,null,null,null,null,null,QZVNQOLPLYWLHQ,null,TRND,UApsJbroIcVJnNbSkX,null,null,null,null,CL,null,null,null,null,[NO STEREO] 91599-74-5,null,null,null,0,4,0,null,null,173032,0 0 0 0,1,1,2025-06-17 15:37:36,null,null,null,null,null,null,null,364794967,activity,null,HTS,16.730422,-6.756,-6.634,-9.624,-63.06,null,null,null,null,null,null,null,null,null,null,null,null,null,null,null,null,null,null,null,null,null,278940886
TRND-Glioblastoma_LOPAC_T98G-primary_screen2,NCGC00262927-04,activity,null,4,0,-0.084,CC1=CC=CC=C1N2CCN(CCC3=NN=C4CCCCN34)CC2,null,null,null,null,null,SML1610,SIGMA,2021_LOPAC_01,null,null,Dapiprazole hydrochloride,null,4,null,null,null,8.572,0,null,null,null,null,null,null,null,null,null,0,null,null,2.967,-5.605,-6.739,null,null,null,null,null,null,null,null,null,null,RFWZESUMWJKKRN,null,TRND,YtXxDfCplLQCeQbSNf,null,null,null,null,CL,null,null,null,null,72822-13-0,null,null,null,0,4,null,null,null,173032,null,1,1,2025-06-17 15:37:36,null,null,null,null,null,null,null,364795075,activity,null,HTS,null,-1.749,-5.605,2.967,-0.084,null,null,null,null,null,null,null,null,null,null,null,null,null,null,null,null,null,null,null,null,null,278940887
TRND-Glioblastoma_LOPAC_T98G-primary_screen2,NCGC00015725-30,activity,null,4,0,0.935,C[S+]([O-])(=O)NC1=C(OC2=CC=CC=C2)C=C(C=C1)[N+]([O-])=O,null,null,null,null,null,N1016,SIGMA,2021_LOPAC_01,null,null,Nimesulide,null,4,null,null,null,3.538,0,null,null,null,null,null,null,null,null,null,0,null,null,4.472,0.935,15.078,null,null,null,null,null,null,null,null,null,null,PMOPRBJLSQDYMY,null,TRND,IJMaNmHBilCsaETkuJ,null,Cyclooxygenase 2(COX2) inhibitor,null,null,null,null,null,null,null,51803-78-2,PTGS2,null,null,0,4,null,null,null,173032,null,1,1,2025-06-17 15:37:36,null,null,null,null,null,null,null,364794107,activity,null,HTS,null,3.565,4.472,2.24,0.935,null,null,null,null,null,null,null,null,null,null,null,null,null,null,null,null,null,null,null,null,null,278940888
TRND-Glioblastoma_LOPAC_T98G-primary_screen2,NCGC00507773-02,activity,null,4,0,-0.061,C[C@@H](O)[C@H](NC(C)=O)C(=O)N[C@@H](CC(O)=O)C(=O)N[C@@H](CCCNC(=N)CF)C(N)=O,null,null,null,null,null,SML1539,SIGMA,2021_LOPAC_01,null,null,TDFA trifluoroacetate salt ,null,4,null,null,null,5.507,0,null,null,null,null,null,null,null,null,null,0,null,null,5.446,-0.061,10.718,null,null,null,null,null,null,null,null,null,null,SOZMHIJABUOUSN,null,TRND,oyvkmGTyPGTWXUPgKh,null,null,null,null,TFA,null,null,null,null,null,null,null,null,0,4,null,null,null,173032,null,1,1,2025-06-17 15:37:36,null,null,null,null,null,null,null,364792907,activity,null,HTS,null,1.484,4.039,5.446,-0.061,null,null,null,null,null,null,null,null,null,null,null,null,null,null,null,null,null,null,null,null,null,278940889
TRND-Glioblastoma_LOPAC_T98G-primary_screen2,NCGC00023212-33,activity,null,4,0,4.178,CC1=CN([C@@H]2O[C@H](CO)C=C2)C(=O)NC1=O,null,null,null,null,null,D1413,SIGMA,2021_LOPAC_01,null,null,"2 ,3 -didehydro-3 -deoxythymidine",null,4,null,null,null,11.119,0,null,null,null,null,null,null,null,null,null,0,null,null,9.632,-1.487,32.012,null,null,null,null,null,null,null,null,null,null,XNKLLVCARDGLGL,null,TRND,dqlKCaGRGCchwEGyWD,null,null,null,null,null,null,null,null,null,3056-17-5,null,null,null,0,4,null,null,null,173032,null,1,1,2025-06-17 15:37:36,null,null,null,null,null,null,null,364791091,activity,null,HTS,null,9.632,-1.487,5.899,4.178,null,null,null,null,null,null,null,null,null,null,null,null,null,null,null,null,null,null,null,null,null,278940890
TRND-Glioblastoma_LOPAC_T98G-primary_screen2,NCGC00015582-21,activity,3.548134,-2.4,-37,-28.333,BrC1=CC2=C(NC3=C2CC(=O)NC4=C3C=CC=C4)C=C1,null,null,null,null,null,K3888,SIGMA,2021_LOPAC_01,-5.45,null,Kenpaullone,null,4,null,null,null,35.773,-29,1.753,0.021,1,null,null,null,null,null,null,8,null,null,7.44,-28.333,-6.718,-5.942,null,null,null,null,null,null,null,null,null,QQUXFYAWXPMDOE,null,TRND,oTXqVLlQczvTYuHyNv,null,null,null,null,null,null,null,null,null,null,null,null,null,0,4,0,null,null,173032,0 0 0 0,1,1,2025-06-17 15:37:36,null,null,null,null,null,null,null,364790623,activity,null,HTS,null,7.44,2.427,-20.261,-28.333,null,null,null,null,null,null,null,null,null,null,null,null,null,null,null,null,null,null,null,null,null,278940891
TRND-Glioblastoma_LOPAC_T98G-primary_screen2,NCGC00182073-08,activity,null,4,0,0.951,CCCC1=C2N(CC)C(=CC(=O)C2=CC3=C1OC(=CC3=O)C(O)=O)C(O)=O,null,null,null,null,null,SML0841,SIGMA,2021_LOPAC_01,null,null,Nedocromil,null,4,null,null,null,7.36,0,null,null,null,null,null,null,null,null,null,0,null,null,8.311,0.951,33.385,null,null,null,null,null,null,null,null,null,null,RQTOOFIXOKYGAN,null,TRND,dUNgOsJMLXhdcUFhHt,null,null,null,null,null,null,null,null,null,69049-73-6,null,null,null,0,4,null,null,null,173032,null,1,1,2025-06-17 15:37:36,null,null,null,null,null,null,null,364792883,activity,null,HTS,null,8.311,7.807,6.24,0.951,null,null,null,null,null,null,null,null,null,null,null,null,null,null,null,null,null,null,null,null,null,278940892
TRND-Glioblastoma_LOPAC_T98G-primary_screen2,NCGC00025018-32,activity,null,4,-37.021,-2.518,[H][C@@]12CC[C@H](O)[C@H](C(=O)OC)[C@@]1([H])C[C@]3([H])N(CCC4=C3NC5=C4C=CC=C5)C2,null,null,null,null,null,Y3125,SIGMA,2021_LOPAC_01,null,null,Yohimbine hydrochloride,null,4,null,null,null,27.054,-5.021,0.7,0.281,0.948,null,null,null,null,null,null,32,null,null,24.537,-2.518,78.541,73.825,null,null,null,null,null,null,null,null,null,BLGXFZZNTVWLAY,null,TRND,xTMzynqiAWyGuEuRkG,null,Alpha-2 Adrenergic Receptor antagonist,null,null,CL,null,null,null,null,65-19-0,ADRA2A,null,null,0,4,0,null,null,173032,0 0 0 0,1,1,2025-06-17 15:37:36,null,null,null,null,null,null,null,364791003,activity,null,HTS,null,24.537,10.322,6.518,-2.518,null,null,null,null,null,null,null,null,null,null,null,null,null,null,null,null,null,null,null,null,null,278940893
TRND-Glioblastoma_LOPAC_T98G-primary_screen2,NCGC00179504-36,activity,11.220185,-2.4,-89.082,-61.426,COc1cc(cc(OC)c1O)[C@H]2[C@@H]3[C@H](COC3=O)[C@H](O[C@@H]4O[C@@H]5CO[C@@H](C)O[C@H]5[C@H](O)[C@H]4O)c6cc7OCOc7cc26,null,null,null,null,null,E1383,SIGMA,2021_LOPAC_01,-4.95,null,Etoposide,null,-2.2,null,null,null,70.001,-81.082,1.01,0.173,0.981,null,null,null,null,null,null,8,null,null,8.575,-61.426,-27.874,-32.693,null,null,null,null,null,null,null,null,null,VJJPUSNTGOMMGY,null,TRND,wKpfyEsjUzvPrWPvPM,null,DNA Topoisomerase II inhibitor,null,null,null,null,null,null,null,null,TOP2A,null,null,0,4,0,null,null,173032,0 0 0 0,1,1,2025-06-17 15:37:36,null,null,null,null,null,null,null,364791163,activity,null,HTS,17.964533,8.575,-6.256,-21.462,-61.426,null,null,null,null,null,null,null,null,null,null,null,null,null,null,null,null,null,null,null,null,null,278940894
TRND-Glioblastoma_LOPAC_T98G-primary_screen2,NCGC00015664-08,activity,null,4,-8.527,0.205,CSC(N)=N,null,null,null,null,null,M3127,SIGMA,2021_LOPAC_01,null,null,S-Methylisothiourea hemisulfate,null,4,null,null,null,12.497,-1.527,4.955,0.492,0.815,null,null,null,null,null,null,7,null,null,9.141,-3.356,17.701,22.511,null,null,null,null,null,null,null,null,null,SDDKIZNHOCEXTF,null,TRND,fNlKciyBgrqCfzGvTp,null,null,null,null,SULFURIC_ACID,null,null,null,null,2986-19-8,null,null,null,0,4,0,null,null,173032,0 0 0 0,1,1,2025-06-17 15:37:36,null,null,null,null,null,null,null,364792519,activity,null,HTS,null,4.883,9.141,-3.356,0.205,null,null,null,null,null,null,null,null,null,null,null,null,null,null,null,null,null,null,null,null,null,278940895
TRND-Glioblastoma_LOPAC_T98G-primary_screen2,NCGC00165752-07,activity,null,4,0,1.229,CC(=O)O[C@H]1CC2=C(C=CC=C2)N(C(N)=O)C3=C1C=CC=C3,null,null,null,null,null,B5435,SIGMA,2021_LOPAC_01,null,null,BIA 2-093,null,4,null,null,null,2.69,0,null,null,null,null,null,null,null,null,null,0,null,null,2.305,-0.384,3.73,null,null,null,null,null,null,null,null,null,null,QIALRBLEEWJACW,null,TRND,jbSsHUjTnVwUNaZwsS,null,null,null,null,null,null,null,null,null,236395-14-5,null,null,null,0,4,null,null,null,173032,null,1,1,2025-06-17 15:37:36,null,null,null,null,null,null,null,364794391,activity,null,HTS,null,0.628,2.305,-0.384,1.229,null,null,null,null,null,null,null,null,null,null,null,null,null,null,null,null,null,null,null,null,null,278940896
TRND-Glioblastoma_LOPAC_T98G-primary_screen2,NCGC00371041-05,activity,14.125375,-2.4,-40.88,-38.544,C(CN1CCOCC1)OC2=CC=C(C=C2)C3=CN4N=CC(=C4N=C3)C5=CC=CC=C5,null,null,null,null,null,D8696,SIGMA,2021_LOPAC_01,-4.85,null,DMH4 ,null,-2.2,null,null,null,29.379,-50.879,0.9,0.246,0.961,null,null,null,null,null,null,-9.998,null,null,-9.165,-38.544,-73.19,-77.467,null,null,null,null,null,null,null,null,null,SKZQZGSPYYHTQG,null,TRND,VHgYAHXITTsnunRJhJ,null,null,null,null,null,null,null,null,null,null,null,null,null,0,4,0,null,null,173032,0 0 0 0,1,1,2025-06-17 15:37:36,null,null,null,null,null,null,null,364793955,activity,null,HTS,33.3,-9.165,-17.505,-21.822,-38.544,null,null,null,null,null,null,null,null,null,null,null,null,null,null,null,null,null,null,null,null,null,278940897
TRND-Glioblastoma_LOPAC_T98G-primary_screen2,NCGC00507760-02,activity,null,4,0,6.076,CCCCCOC(=O)NC1=NC(=O)N(C=C1F)[C@@H]2O[C@H](C)C(O)[C@H]2O,null,null,null,null,null,SML0653,SIGMA,2021_LOPAC_01,null,null,Capecitabine,null,4,null,null,null,5.185,0,null,null,null,null,null,null,null,null,null,0,null,null,7.571,2.386,27.555,null,null,null,null,null,null,null,null,null,null,GAGWJHPBXLXJQN,null,TRND,rsUprRotsfXxYcjUWy,null,null,null,null,null,null,null,null,null,[NO STEREO] 154361-50-9,null,null,null,0,4,null,null,null,173032,null,1,1,2025-06-17 15:37:36,null,null,null,null,null,null,null,364791295,activity,null,HTS,null,7.571,2.408,2.386,6.076,null,null,null,null,null,null,null,null,null,null,null,null,null,null,null,null,null,null,null,null,null,278940898
TRND-Glioblastoma_LOPAC_T98G-primary_screen2,NCGC00015191-24,activity,null,4,11.629,6.047,CN1C(C2=CC=C(Cl)C=C2)[S+]([O-])(=O)CCC1=O,null,null,null,null,null,C192,SIGMA,2021_LOPAC_01,null,null,Chlormezanone,null,4,null,null,null,16.155,6,3.572,0.571,0.725,null,null,null,null,null,null,-5.629,null,null,6.047,-10.107,-10.597,-18.863,null,null,null,null,null,null,null,null,null,WEQAYVWKMWHEJO,null,TRND,UnfDSsDjSgEmUrOulv,null,Gamma-aminobutyric acid receptor subunit alpha-1 modulator,null,null,null,null,null,null,null,80-77-3,GABRA1,null,null,0,4,0,null,null,173032,0 0 0 0,1,1,2025-06-17 15:37:36,null,null,null,null,null,null,null,364794239,activity,null,HTS,null,-1.568,-10.107,-3.378,6.047,null,null,null,null,null,null,null,null,null,null,null,null,null,null,null,null,null,null,null,null,null,278940899
TRND-Glioblastoma_LOPAC_T98G-primary_screen2,NCGC00499183-02,activity,7.079458,-2.4,-79.366,-72.119,CN1C2=C(SC=C2)C(=O)N(C)C3=CN=C(NC4=CC=C(C=C4)[S+](N)([O-])=O)N=C13,null,null,null,null,null,SML2233,SIGMA,2021_LOPAC_01,-5.15,null,xMU-MP-1 hydrochloride,null,-2.2,null,null,null,71.843,-78.197,1.826,0.088,0.995,null,null,null,null,null,null,1.17,null,null,-0.275,-72.119,-68.509,-63.188,null,null,null,null,null,null,null,null,null,SSSPGXNPWSVCTL,null,TRND,BvDtkQwQXOVTBbPJar,null,Serine/threonine-protein kinase 4 inhibitor,null,null,null,null,null,null,null,null,STK4,null,null,0,4,0,null,null,173032,0 0 0 0,1,1,2025-06-17 15:37:36,null,null,null,null,null,null,null,364792511,activity,null,HTS,9.687332,-2,-0.275,-35.542,-72.119,null,null,null,null,null,null,null,null,null,null,null,null,null,null,null,null,null,null,null,null,null,278940900
TRND-Glioblastoma_LOPAC_T98G-primary_screen2,NCGC00015399-29,activity,null,4,0,4.309,CCC1=CC=CC2=C1NC3=C2CCOC3(CC)CC(O)=O,null,null,null,null,null,E0516,SIGMA,2021_LOPAC_01,null,null,Etodolac,null,4,null,null,null,7.438,0,null,null,null,null,null,null,null,null,null,0,null,null,4.309,-3.129,-7.875,null,null,null,null,null,null,null,null,null,null,NNYBQONXHNTVIJ,null,TRND,haiayBmJNJvdvInHnX,null,Prostaglandin G/h Synthase 2 inhibitor,null,null,null,null,null,null,null,41340-25-4,PTGS2,null,null,0,4,null,null,null,173032,null,1,1,2025-06-17 15:37:36,null,null,null,null,null,null,null,364794983,activity,null,HTS,null,-2.622,-3.129,-0.969,4.309,null,null,null,null,null,null,null,null,null,null,null,null,null,null,null,null,null,null,null,null,null,278940901
TRND-Glioblastoma_LOPAC_T98G-primary_screen2,NCGC00015349-13,activity,null,4,0,7.355,OC1=C(O)C2=C(C=CC(=O)O2)C=C1,null,null,null,null,null,D5564,SIGMA,2021_LOPAC_01,null,null,Daphnetin,null,4,null,null,null,8.884,0,null,null,null,null,null,null,null,null,null,0,null,null,16.24,7.355,48.711,null,null,null,null,null,null,null,null,null,null,ATEFPOUAMCWAQS,null,TRND,bWswtBAxYTqYnSDkPM,null,null,null,null,null,null,null,null,null,486-35-1,null,null,null,0,4,null,null,null,173032,null,1,1,2025-06-17 15:37:36,null,null,null,null,null,null,null,364790515,activity,null,HTS,null,8.027,16.046,16.24,7.355,null,null,null,null,null,null,null,null,null,null,null,null,null,null,null,null,null,null,null,null,null,278940902
TRND-Glioblastoma_LOPAC_T98G-primary_screen2,NCGC00015139-11,activity,null,4,0,1.212,O=C1C=CC(=O)C=C1,null,null,null,null,null,B1266,SIGMA,2021_LOPAC_01,null,null,p-Benzoquinone,null,4,null,null,null,7.841,0,null,null,null,null,null,null,null,null,null,0,null,null,7.845,0.004,24.804,null,null,null,null,null,null,null,null,null,null,AZQWKYJCGOJGHM,null,TRND,RpYLaSWPfoltOnLmug,null,null,null,null,null,null,null,null,null,106-51-4,null,null,null,0,4,null,null,null,173032,null,1,1,2025-06-17 15:37:36,null,null,null,null,null,null,null,364792439,activity,null,HTS,null,7.845,3.424,0.004,1.212,null,null,null,null,null,null,null,null,null,null,null,null,null,null,null,null,null,null,null,null,null,278940903
TRND-Glioblastoma_LOPAC_T98G-primary_screen2,NCGC00015554-16,activity,10,-2.2,-36.196,-22.663,[O-][S+](=O)(N1CCCNCC1)C2=CC=CC3=C(I)C=CC=C23,null,null,null,null,null,I2764,SIGMA,2021_LOPAC_01,-5,null,ML-7,null,4,null,null,null,34.316,-24.696,2.406,0.037,0.999,null,null,null,null,null,null,11.5,null,null,11.653,-22.663,27.523,28.861,null,null,null,null,null,null,null,null,null,GEHJIACZUFWBTK,null,TRND,syWeVJozTqfMRdswmR,null,"Myosin Light Chain Kinase, smooth muscle inhibitor",null,null,CL,null,null,null,null,null,MYLK,null,null,0,4,0,null,null,173032,0 0 0 0,1,1,2025-06-17 15:37:36,null,null,null,null,null,null,null,364790687,activity,null,HTS,null,10.981,11.653,1.173,-22.663,null,null,null,null,null,null,null,null,null,null,null,null,null,null,null,null,null,null,null,null,null,278940904
TRND-Glioblastoma_LOPAC_T98G-primary_screen2,NCGC00162255-06,activity,null,4,-28.053,-19.627,CC1=CC=CC=C1\C=C\C2=NCCN2,null,null,null,null,null,M5685,SIGMA,2021_LOPAC_01,null,null,Metrazoline oxalate,null,4,null,null,null,28.273,-23.053,4.955,0.37,0.905,null,null,null,null,null,null,5,null,null,8.646,-19.627,-1.486,10.508,null,null,null,null,null,null,null,null,null,GFIPROCAVXFHHK,null,TRND,dhyvjpmgIgCjetGSjS,null,null,null,null,OXALIC_ACID,null,null,null,null,null,null,null,null,0,4,0,null,null,173032,0 0 0 0,1,1,2025-06-17 15:37:36,null,null,null,null,null,null,null,364794483,activity,null,HTS,null,-0.623,8.646,6.462,-19.627,null,null,null,null,null,null,null,null,null,null,null,null,null,null,null,null,null,null,null,null,null,278940905
TRND-Glioblastoma_LOPAC_T98G-primary_screen2,NCGC00015827-18,activity,null,4,0,-3.379,C1CCN2N=NN=C2CC1,null,null,null,null,null,P6500,SIGMA,2021_LOPAC_01,null,null,Pentylenetetrazole,null,4,null,null,null,9.005,0,null,null,null,null,null,null,null,null,null,0,null,null,0.673,-8.332,-28.478,null,null,null,null,null,null,null,null,null,null,CWRVKFFCRWGWCS,null,TRND,RXBaAfSAsogNDgWKXi,null,null,null,null,null,null,null,null,null,54-95-5,null,null,null,0,4,null,null,null,173032,null,1,1,2025-06-17 15:37:36,null,null,null,null,null,null,null,364794195,activity,null,HTS,null,-8.332,0.673,-5.789,-3.379,null,null,null,null,null,null,null,null,null,null,null,null,null,null,null,null,null,null,null,null,null,278940906
TRND-Glioblastoma_LOPAC_T98G-primary_screen2,NCGC00015061-32,activity,null,4,12.189,9.127,NC1=NC2=C(N=CN2COCCO)C(=O)N1,null,null,null,null,null,A4669,SIGMA,2021_LOPAC_01,null,null,Acyclovir,null,4,null,null,null,13.915,6,4.955,0.712,0.449,null,null,null,null,null,null,-6.189,null,null,10.007,-3.907,-0.322,0.999,null,null,null,null,null,null,null,null,null,MKUXAQIIEYXACX,null,TRND,yZxdrldrdnMxOxhUlP,null,null,null,null,null,null,null,null,null,59277-89-3,null,null,null,0,4,0,null,null,173032,0 0 0 0,1,1,2025-06-17 15:37:36,null,null,null,null,null,null,null,364792383,activity,null,HTS,null,-3.907,10.007,-1.816,9.127,null,null,null,null,null,null,null,null,null,null,null,null,null,null,null,null,null,null,null,null,null,278940907
TRND-Glioblastoma_LOPAC_T98G-primary_screen2,NCGC00094144-12,activity,null,4,0,10.615,C[C@](N)(CC1=CC=C(O)C=C1)C(O)=O,null,null,null,null,null,M8131,SIGMA,2021_LOPAC_01,null,null,L-alpha-Methyl-p-tyrosine,null,4,null,null,null,9.891,0,null,null,null,null,null,null,null,null,null,0,null,null,12.095,2.204,23.902,null,null,null,null,null,null,null,null,null,null,NHTGHBARYWONDQ,null,TRND,rGPLYmGLOIqExwWVAq,null,null,null,null,null,null,null,null,null,672-87-7,null,null,null,0,4,null,null,null,173032,null,1,1,2025-06-17 15:37:36,null,null,null,null,null,null,null,364791647,activity,null,HTS,null,2.204,5.363,12.095,10.615,null,null,null,null,null,null,null,null,null,null,null,null,null,null,null,null,null,null,null,null,null,278940908
TRND-Glioblastoma_LOPAC_T98G-primary_screen2,NCGC00690012-01,activity,null,4,8.985,10.009,FC1=CC=C(C=C1)C2=CC=C(NC3=NC(Cl)=NC(Cl)=N3)C=C2,null,null,null,null,null,SML2180,SIGMA,2021_LOPAC_01,null,null,KEA1-97,null,4,null,null,null,11.663,10,4.955,0.454,0.848,null,null,null,null,null,null,1.015,null,null,10.009,-1.654,20.499,15.352,null,null,null,null,null,null,null,null,null,DUROVTLUQOYUPH,null,TRND,lCQVeqKilrbRPbpEJo,null,null,null,null,null,null,null,null,null,null,null,null,null,0,4,0,null,null,173032,0 0 0 0,1,1,2025-06-17 15:37:36,null,null,null,null,null,null,null,364790927,activity,null,HTS,null,3.557,-1.654,9.328,10.009,null,null,null,null,null,null,null,null,null,null,null,null,null,null,null,null,null,null,null,null,null,278940909
TRND-Glioblastoma_LOPAC_T98G-primary_screen2,NCGC00162179-21,activity,15.848932,-3,-89.596,-84.889,OCCN1CCN(CC\C=C2\C3=CC=CC=C3SC4=C2C=C(C=C4)C(F)(F)F)CC1,null,null,null,null,null,F114,SIGMA,2021_LOPAC_01,-4.8,null,cis-(Z)-Flupenthixol dihydrochloride,null,-3,null,null,null,89.827,-87.096,4.955,0.057,0.998,null,null,null,null,null,null,2.5,null,null,4.939,-84.889,-29.931,-35.04,null,null,null,null,null,null,null,null,null,NJMYODHXAKYRHW,null,TRND,SMGNnJGuYXbouzgDCv,null,null,null,null,CL,null,null,null,null,null,null,null,null,0,4,0,null,null,173032,0 0 0 0,1,1,2025-06-17 15:37:36,null,null,null,null,null,null,null,364793359,activity,null,HTS,16.833156,4.939,0.135,1.279,-84.889,null,null,null,null,null,null,null,null,null,null,null,null,null,null,null,null,null,null,null,null,null,278939957
TRND-Glioblastoma_LOPAC_T98G-primary_screen2,NCGC00024605-22,activity,null,4,0,-5.102,CN([C@H]1CCCC[C@@H]1N2CCCC2)C(=O)CC3=CC(Cl)=C(Cl)C=C3,null,null,null,null,null,U111,SIGMA,2021_LOPAC_01,null,null,"(-)-trans-(1S,2S)-U-50488 hydrochloride",null,4,null,null,null,8.106,0,null,null,null,null,null,null,null,null,null,0,null,null,0.095,-8.012,-27.519,null,null,null,null,null,null,null,null,null,null,VQLPLYSROCPWFF,null,TRND,hKIbOFEGSrHbhNkWyD,null,null,null,null,CL,null,null,null,null,null,null,null,null,0,4,null,null,null,173032,null,1,1,2025-06-17 15:37:36,null,null,null,null,null,null,null,364794775,activity,null,HTS,null,-8.012,-3.82,0.095,-5.102,null,null,null,null,null,null,null,null,null,null,null,null,null,null,null,null,null,null,null,null,null,278939958
TRND-Glioblastoma_LOPAC_T98G-primary_screen2,NCGC00162319-09,activity,null,4,0,-0.941,[H][C@]12CCCN(CCC)[C@]1([H])CC3=CN=C(N)N=C3C2,null,null,null,null,null,Q110,SIGMA,2021_LOPAC_01,null,null,Quinelorane dihydrochloride,null,4,null,null,null,6.726,0,null,null,null,null,null,null,null,null,null,0,null,null,3.076,-3.65,7.307,null,null,null,null,null,null,null,null,null,null,TUFADSGTJUOBEH,null,TRND,DJQEoehxClochFAixq,null,null,null,null,CL,null,null,null,null,null,null,null,null,0,4,null,null,null,173032,null,1,1,2025-06-17 15:37:36,null,null,null,null,null,null,null,364793871,activity,null,HTS,null,3.076,-3.65,2.598,-0.941,null,null,null,null,null,null,null,null,null,null,null,null,null,null,null,null,null,null,null,null,null,278939959
TRND-Glioblastoma_LOPAC_T98G-primary_screen2,NCGC00177980-11,activity,10,-3,-45.373,-44.187,Clc1ccc(CO\N=C(/Cn2ccnc2)c3ccc(Cl)cc3Cl)c(Cl)c1,null,null,null,null,null,SML1474,SIGMA,2021_LOPAC_01,-5,null,null,null,-3,null,null,null,47.642,-44.873,3.247,0.145,0.987,null,null,null,null,null,null,0.5,null,null,3.455,-44.187,-21.899,-27.794,null,null,null,null,null,null,null,null,null,QRJJEGAJXVEBNE,null,TRND,APyQqCUiKfydjILlfW,null,null,null,null,NITRIC_ACID,null,null,null,null,64211-46-7,null,null,null,0,4,0,null,null,173032,0 0 0 0,1,1,2025-06-17 15:37:36,null,null,null,null,null,null,null,364792323,activity,null,HTS,null,3.455,-2.596,-9.217,-44.187,null,null,null,null,null,null,null,null,null,null,null,null,null,null,null,null,null,null,null,null,null,278939960
TRND-Glioblastoma_LOPAC_T98G-primary_screen2,NCGC00387105-04,activity,null,4,-21.494,-16.661,C[N+]1=C(CC(=O)C2=CC=C(Br)C=C2)C=CC=C1,null,null,null,null,null,SML1111,SIGMA,2021_LOPAC_01,null,null,S 24795,null,4,null,null,null,22.068,-17.994,2.253,0.236,0.964,null,null,null,null,null,null,3.5,null,null,5.407,-16.661,-4.359,0.328,null,null,null,null,null,null,null,null,null,ABKAHMCVCKGZSX,null,TRND,HZjBwrUnrBPeolrNgj,null,null,null,null,I,null,null,null,null,null,null,null,null,0,4,0,null,null,173032,0 0 0 0,1,1,2025-06-17 15:37:36,null,null,null,null,null,null,null,364792091,activity,null,HTS,null,1.288,5.407,-4.222,-16.661,null,null,null,null,null,null,null,null,null,null,null,null,null,null,null,null,null,null,null,null,null,278939961
TRND-Glioblastoma_LOPAC_T98G-primary_screen2,NCGC00015446-09,activity,null,4,0,-0.533,NC(N)=NC1=NC(CSCC\C(N)=N\[S+](N)([O-])=O)=CS1,null,null,null,null,null,F6889,SIGMA,2021_LOPAC_01,null,null,Famotidine,null,4,null,null,null,16.764,0,null,null,null,null,null,null,null,null,null,0,null,null,15.253,-1.511,39.541,null,null,null,null,null,null,null,null,null,null,VZUQZRYQNIGGIH,null,TRND,tgDmLQCBcFCbeHhIVx,null,null,null,null,null,null,null,null,null,76824-35-6,null,null,null,0,4,null,null,null,173032,null,1,1,2025-06-17 15:37:36,null,null,null,null,null,null,null,364791427,activity,null,HTS,null,10.886,-1.511,15.253,-0.533,null,null,null,null,null,null,null,null,null,null,null,null,null,null,null,null,null,null,null,null,null,278939962
TRND-Glioblastoma_LOPAC_T98G-primary_screen2,NCGC00015590-11,activity,null,4,0,-2.536,O=C1N(C2=C(C=CC=C2)C1(CC3=CC=NC=C3)CC4=CC=NC=C4)C5=CC=CC=C5,null,null,null,null,null,L134,SIGMA,2021_LOPAC_01,null,null,Linopirdine,null,4,null,null,null,6.679,0,null,null,null,null,null,null,null,null,null,0,null,null,4.143,-2.536,2.639,null,null,null,null,null,null,null,null,null,null,YEJCDKJIEMIWRQ,null,TRND,suLsQVTQFriZiJdcTh,null,Potassium Voltage-Gated Channel Subfamily KQT Member 2 inhibitor,null,null,null,null,null,null,null,105431-72-9,KCNQ2,null,null,0,4,null,null,null,173032,null,1,1,2025-06-17 15:37:36,null,null,null,null,null,null,null,364791191,activity,null,HTS,null,0.879,-1.953,4.143,-2.536,null,null,null,null,null,null,null,null,null,null,null,null,null,null,null,null,null,null,null,null,null,278939963
TRND-Glioblastoma_LOPAC_T98G-primary_screen2,NCGC00024471-04,activity,null,4,-10.428,3.945,N[C@H](CCCP(O)(O)=O)C(O)=O,null,null,null,null,null,A8054,SIGMA,2021_LOPAC_01,null,null,D(-)-2-Amino-5-phosphonopentanoic acid,null,4,null,null,null,11.391,-5.928,4.955,1,0.752,null,null,null,null,null,null,4.5,null,null,7.285,-4.106,4.48,9.786,null,null,null,null,null,null,null,null,null,VOROEQBFPPIACJ,null,TRND,fVOEOsOZJPhjovHZJk,null,null,null,null,null,null,null,null,null,[NO STEREO] 76326-31-3,null,null,null,0,4,1,null,null,173032,0 0 0 1,1,1,2025-06-17 15:37:36,null,null,null,null,null,null,null,364791131,activity,null,HTS,null,1.593,7.285,-4.106,3.945,null,null,null,null,null,null,null,null,null,null,null,null,null,null,null,null,null,null,null,null,null,278939964
TRND-Glioblastoma_LOPAC_T98G-primary_screen2,NCGC00093889-24,activity,null,4,0,8.782,[H][C@]12N(C)CC[C@@]1(C)C3=C(C=CC(OC(=O)NC)=C3)N2C,null,null,null,null,null,E8375,SIGMA,2021_LOPAC_01,null,null,(-)-Physostigmine,null,4,null,null,null,9.809,0,null,null,null,null,null,null,null,null,null,0,null,null,9.592,-0.217,37.29,null,null,null,null,null,null,null,null,null,null,PIJVFDBKTWXHHD,null,TRND,iOmACLvCqxWNGXQSfq,null,null,null,null,null,null,null,null,null,57-47-6,null,null,null,0,4,null,null,null,173032,null,1,1,2025-06-17 15:37:36,null,null,null,null,null,null,null,364790723,activity,null,HTS,null,9.592,8.882,-0.217,8.782,null,null,null,null,null,null,null,null,null,null,null,null,null,null,null,null,null,null,null,null,null,278939965
TRND-Glioblastoma_LOPAC_T98G-primary_screen2,NCGC00015656-28,activity,null,4,0,0.634,CN1CCN2C(C1)C3=C(CC4=C2C=CC=C4)C=CC=C3,null,null,null,null,null,M2525,SIGMA,2021_LOPAC_01,null,null,Mianserin hydrochloride,null,4,null,null,null,9.396,0,null,null,null,null,null,null,null,null,null,0,null,null,7.986,-1.41,3.723,null,null,null,null,null,null,null,null,null,null,UEQUQVLFIPOEMF,null,TRND,jGXnuAmslWStPKtmuE,null,null,null,null,CL,null,null,null,null,21535-47-7,null,null,null,0,4,null,null,null,173032,null,1,1,2025-06-17 15:37:36,null,null,null,null,null,null,null,364791863,activity,null,HTS,null,-1.41,7.986,2.461,0.634,null,null,null,null,null,null,null,null,null,null,null,null,null,null,null,null,null,null,null,null,null,278939966
TRND-Glioblastoma_LOPAC_T98G-primary_screen2,NCGC00090851-34,activity,1.995262,-1.2,-76.018,-64.697,NC1=NC(=O)N(C=N1)[C@@H]2O[C@H](CO)[C@@H](O)[C@H]2O,null,null,null,null,null,A2385,SIGMA,2021_LOPAC_01,-5.7,null,5-azacytidine,null,-1.2,null,null,null,71.553,-66.018,1.479,0.035,0.999,null,null,null,null,null,null,10,null,null,6.856,-64.697,-65.886,-66.958,null,null,null,null,null,null,null,null,null,NMUSYJAQQFHJEW,null,TRND,cUvHQHtUusjrxIgoLB,null,DNA Methyltransferase (DNMT) inhibitor,null,null,null,null,null,null,null,320-67-2,DNMT1,null,null,0,4,0,null,null,173032,0 0 0 0,1,1,2025-06-17 15:37:36,null,null,null,null,null,null,null,364792351,activity,null,HTS,4.308326,6.856,-18.27,-54.535,-64.697,null,null,null,null,null,null,null,null,null,null,null,null,null,null,null,null,null,null,null,null,null,278939967
TRND-Glioblastoma_LOPAC_T98G-primary_screen2,NCGC00015934-08,activity,null,4,11.814,11.277,NNC(N)=O,null,null,null,null,null,S2201,SIGMA,2021_LOPAC_01,null,null,Semicarbazide hydrochloride,null,4,null,null,null,16.956,12,2.406,0.659,0.578,null,null,null,null,null,null,0.186,null,null,11.277,-5.679,19.977,9.671,null,null,null,null,null,null,null,null,null,DUIOPKIIICUYRZ,null,TRND,fNlKciqZykVqKPaViu,null,null,null,null,CL,null,null,null,null,563-41-7,null,null,null,0,4,0,null,null,173032,0 0 0 0,1,1,2025-06-17 15:37:36,null,null,null,null,null,null,null,364793815,activity,null,HTS,null,5.405,-5.679,4.313,11.277,null,null,null,null,null,null,null,null,null,null,null,null,null,null,null,null,null,null,null,null,null,278939968
TRND-Glioblastoma_LOPAC_T98G-primary_screen2,NCGC00015743-07,activity,null,4,0,0.506,C(C1=NCCN1)C2=CC=C3C=CC=CC3=C2,null,null,null,null,null,N5504,SIGMA,2021_LOPAC_01,null,null,Naphazoline hydrochloride,null,4,null,null,null,9.557,0,null,null,null,null,null,null,null,null,null,0,null,null,5.791,-3.766,14.825,null,null,null,null,null,null,null,null,null,null,VIXRKFBKWOHVBR,null,TRND,xPiUAtydfqoPtdbSXf,null,null,null,null,CL,null,null,null,null,null,null,null,null,0,4,null,null,null,173032,null,1,1,2025-06-17 15:37:36,null,null,null,null,null,null,null,364792239,activity,null,HTS,null,4.737,5.791,-3.766,0.506,null,null,null,null,null,null,null,null,null,null,null,null,null,null,null,null,null,null,null,null,null,278939969
TRND-Glioblastoma_LOPAC_T98G-primary_screen2,NCGC00015181-06,activity,null,4,0,4.744,NCC(O)C1CCCCCCC1,null,null,null,null,null,C108,SIGMA,2021_LOPAC_01,null,null,2-Cyclooctyl-2-hydroxyethylamine hydrochloride,null,4,null,null,null,7.649,0,null,null,null,null,null,null,null,null,null,0,null,null,6.925,-0.724,23.598,null,null,null,null,null,null,null,null,null,null,NUOYMOJXFODLFN,null,TRND,ruowshDvEPsyGxeFZL,null,null,null,null,CL,null,null,null,null,null,null,null,null,0,4,null,null,null,173032,null,1,1,2025-06-17 15:37:36,null,null,null,null,null,null,null,364791667,activity,null,HTS,null,6.925,3.422,-0.724,4.744,null,null,null,null,null,null,null,null,null,null,null,null,null,null,null,null,null,null,null,null,null,278939970
TRND-Glioblastoma_LOPAC_T98G-primary_screen2,NCGC00016000-32,activity,null,4,-32.027,-18.772,CCN(CC)C(=S)SSC(=S)N(CC)CC,null,null,null,null,null,T1132,SIGMA,2021_LOPAC_01,null,null,Tetraethylthiuram disulfide,null,4,null,null,null,33.332,-21.027,4.955,0.269,0.953,null,null,null,null,null,null,11,null,null,14.56,-18.772,42.857,35.988,null,null,null,null,null,null,null,null,null,AUZONCFQVSMFAP,null,TRND,wIPVviYAjmkUleJKXF,null,Aldehyde Dehydrogenase-2 inhibitor,null,null,null,null,null,null,null,97-77-8,ALDH2,null,null,0,4,0,null,null,173032,0 0 0 0,1,1,2025-06-17 15:37:36,null,null,null,null,null,null,null,364793455,activity,null,HTS,null,14.56,6.547,11.073,-18.772,null,null,null,null,null,null,null,null,null,null,null,null,null,null,null,null,null,null,null,null,null,278939971
TRND-Glioblastoma_LOPAC_T98G-primary_screen2,NCGC00015760-31,activity,null,4,-13.992,-5.827,NCC(O)C1=CC=C(O)C=C1,null,null,null,null,null,O0250,SIGMA,2021_LOPAC_01,null,null,(±)-Octopamine hydrochloride,null,4,null,null,null,13.757,-5.992,1.788,0.038,0.999,null,null,null,null,null,null,8,null,null,7.93,-5.827,21.647,21.882,null,null,null,null,null,null,null,null,null,QHGUCRYDKWKLMG,null,TRND,YUGMiSHtesYhTyqozx,null,null,null,null,CL,null,null,null,null,770-05-8,null,null,null,0,4,0,null,null,173032,0 0 0 0,1,1,2025-06-17 15:37:36,null,null,null,null,null,null,null,364794067,activity,null,HTS,null,7.93,6.173,-2.305,-5.827,null,null,null,null,null,null,null,null,null,null,null,null,null,null,null,null,null,null,null,null,null,278939972
TRND-Glioblastoma_LOPAC_T98G-primary_screen2,NCGC00015319-16,activity,null,4,-10.188,-1.407,[O-][N+](=O)C1=C(C=C2NC(=O)C(=O)NC2=C1)[N+]([O-])=O,null,null,null,null,null,D0540,SIGMA,2021_LOPAC_01,null,null,DNQx,null,4,null,null,null,15.746,-1.688,2.72,0.694,0.5,null,null,null,null,null,null,8.5,null,null,14.339,-1.407,19.77,31.311,null,null,null,null,null,null,null,null,null,RWVIMCIPOAXUDG,null,TRND,sDWdvdUVqzfdzVxIWQ,null,null,null,null,null,null,null,null,null,2379-57-9,null,null,null,0,4,0,null,null,173032,0 0 0 0,1,1,2025-06-17 15:37:36,null,null,null,null,null,null,null,364791715,activity,null,HTS,null,2.81,14.339,3.849,-1.407,null,null,null,null,null,null,null,null,null,null,null,null,null,null,null,null,null,null,null,null,null,278939973
TRND-Glioblastoma_LOPAC_T98G-primary_screen2,NCGC00094419-08,activity,null,4,0,4.016,CC1=CC=C(C=C1)[S+]([O-])(=O)N[C@@H](CC2=CC=CC=C2)C(=O)CCl,null,null,null,null,null,T4376,SIGMA,2021_LOPAC_01,null,null,N-p-Tosyl-L-phenylalanine chloromethyl ketone,null,4,null,null,null,7.795,0,null,null,null,null,null,null,null,null,null,0,null,null,7.189,-0.606,22.222,null,null,null,null,null,null,null,null,null,null,VYGZKBZYCVWKPS,null,TRND,vXLgqhGYWRHkwDCOYf,null,Serine Protease inhibitor,null,null,null,null,null,null,null,null,PRSS1,null,null,0,4,null,null,null,173032,null,1,1,2025-06-17 15:37:36,null,null,null,null,null,null,null,364792867,activity,null,HTS,null,7.189,-0.606,0.836,4.016,null,null,null,null,null,null,null,null,null,null,null,null,null,null,null,null,null,null,null,null,null,278939974
TRND-Glioblastoma_LOPAC_T98G-primary_screen2,NCGC00379022-07,activity,null,4,-10.271,-12.309,[H][C@@]12CC=C(C3=CN=CC=C3)[C@@]1(C)CC[C@@]4([H])[C@@]2([H])CC=C5C[C@H](CC[C@]45C)OC(C)=O,null,null,null,null,null,SML1527,SIGMA,2021_LOPAC_01,null,null,Abiraterone acetate ,null,4,null,null,null,14.097,-12.271,3.99,0.567,0.731,null,null,null,null,null,null,-2,null,null,1.788,-12.309,-27.075,-19.584,null,null,null,null,null,null,null,null,null,UVIQSJCZCSLXRZ,null,TRND,jHZEphwZIhijVvdaXG,null,null,null,null,null,null,null,null,null,154229-18-2,null,null,null,0,4,0,null,null,173032,0 0 0 0,1,1,2025-06-17 15:37:36,null,null,null,null,null,null,null,364793471,activity,null,HTS,null,-5.756,1.788,-8.408,-12.309,null,null,null,null,null,null,null,null,null,null,null,null,null,null,null,null,null,null,null,null,null,278939975
TRND-Glioblastoma_LOPAC_T98G-primary_screen2,NCGC00015599-12,activity,null,4,-7.5,1.634,CCCC1=C(OCCCOC2=CC=C(OCC(O)=O)C=C2)C=CC(C(C)=O)=C1O,null,null,null,null,null,L2167,SIGMA,2021_LOPAC_01,null,null,"L-165,041",null,4,null,null,null,10.252,1.5,4.095,0.569,0.73,null,null,null,null,null,null,9,null,null,11.887,1.634,32.734,37.835,null,null,null,null,null,null,null,null,null,HBBVCKCCQCQCTJ,null,TRND,MSpRwhAYwklucjPtJv,null,null,null,null,null,null,null,null,null,null,null,null,null,0,4,0,null,null,173032,0 0 0 0,1,1,2025-06-17 15:37:36,null,null,null,null,null,null,null,364793991,activity,null,HTS,null,6.421,11.887,8.221,1.634,null,null,null,null,null,null,null,null,null,null,null,null,null,null,null,null,null,null,null,null,null,278939976
TRND-Glioblastoma_LOPAC_T98G-primary_screen2,NCGC00015217-08,activity,null,4,0,-4.256,COC1=CC2=C(C=C1)N(CC3=CC=C(Cl)C=C3)C(C)=C2CC(O)=O,null,null,null,null,null,C1610,SIGMA,2021_LOPAC_01,null,null,1-(4-Chlorobenzyl)-5-methoxy-2-methylindole-3-acetic acid,null,4,null,null,null,10.652,0,null,null,null,null,null,null,null,null,null,0,null,null,6.396,-4.256,-2.851,null,null,null,null,null,null,null,null,null,null,ZCEPWIDYPWMCOY,null,TRND,KJqXqPDOLZUYBOxUzD,null,null,null,null,null,null,null,null,null,null,null,null,null,0,4,null,null,null,173032,null,1,1,2025-06-17 15:37:36,null,null,null,null,null,null,null,364795291,activity,null,HTS,null,-1.256,-2.291,6.396,-4.256,null,null,null,null,null,null,null,null,null,null,null,null,null,null,null,null,null,null,null,null,null,278939977
TRND-Glioblastoma_LOPAC_T98G-primary_screen2,NCGC00346525-11,activity,2.511886,-1.1,-101.877,-93.689,CCN1CCN(CC1)C(=O)CC2=CC=C(NC3=NC(NC4=CC=C(C=C4)C(=O)NC5=CC=CC=C5Cl)=C(F)C=N3)C=C2,null,null,null,null,null,SML0882,SIGMA,2021_LOPAC_01,-5.6,null,Aurora-A Inhibitor I,null,-1.1,null,null,null,102.364,-93.877,2.248,0.02,1,null,null,null,null,null,null,8,null,null,8.674,-93.689,-91.542,-95.483,null,null,null,null,null,null,null,null,null,AKSIZPIFQAYJGF,null,TRND,zCpuAlKiTrCvDgnApk,null,Aurora kinase A inhibitor,null,null,null,null,null,null,null,null,AURKA,null,null,0,4,0,null,null,173032,0 0 0 0,1,1,2025-06-17 15:37:36,null,null,null,null,null,null,null,364791735,activity,null,HTS,2.662175,8.674,-11.469,-83.441,-93.689,null,null,null,null,null,null,null,null,null,null,null,null,null,null,null,null,null,null,null,null,null,278939978
TRND-Glioblastoma_LOPAC_T98G-primary_screen2,NCGC00015135-14,activity,null,4,0,-4.891,CC(N)CC1=CNC2=C1C=C(OCC3=CC=CS3)C=C2,null,null,null,null,null,B175,SIGMA,2021_LOPAC_01,null,null,BW 723C86,null,4,null,null,null,7.692,0,null,null,null,null,null,null,null,null,null,0,null,null,2.764,-4.928,-15.34,null,null,null,null,null,null,null,null,null,null,ALFGDCNSEBJYSP,null,TRND,hJwLGphTgfygFnBJYM,null,null,null,null,CL,null,null,null,null,null,null,null,null,0,4,null,null,null,173032,null,1,1,2025-06-17 15:37:36,null,null,null,null,null,null,null,364793251,activity,null,HTS,null,-4.928,-1.47,2.764,-4.891,null,null,null,null,null,null,null,null,null,null,null,null,null,null,null,null,null,null,null,null,null,278939979
TRND-Glioblastoma_LOPAC_T98G-primary_screen2,NCGC00346440-05,activity,null,4,0,2.017,CN[C@H]1CN2C(=O)NC3=C2C(C1)=CC=C3,null,null,null,null,null,SML1087,SIGMA,2021_LOPAC_01,null,null,Sumanirole maleate,null,4,null,null,null,6.814,0,null,null,null,null,null,null,null,null,null,0,null,null,2.017,-4.797,-4.594,null,null,null,null,null,null,null,null,null,null,RKZSNTNMEFVBDT,null,TRND,YSLecTMhCKCFzyWApo,null,Dopamine Receptor D2 agonist,null,null,MALEATE,null,null,null,null,179386-44-8,DRD2,null,null,0,4,null,null,null,173032,null,1,1,2025-06-17 15:37:36,null,null,null,null,null,null,null,364792107,activity,null,HTS,null,0.298,-4.474,-4.797,2.017,null,null,null,null,null,null,null,null,null,null,null,null,null,null,null,null,null,null,null,null,null,278939980
TRND-Glioblastoma_LOPAC_T98G-primary_screen2,NCGC00167811-19,activity,null,4,-14,1.426,OC(=O)CCC1=CC=C(NCC2=CC=CC(OC3=CC=CC=C3)=C2)C=C1,null,null,null,null,null,G9797,SIGMA,2021_LOPAC_01,null,null,GW9508,null,4,null,null,null,13.719,0.5,1.885,0.215,0.971,null,null,null,null,null,null,14.5,null,null,15.145,1.426,52.884,55.337,null,null,null,null,null,null,null,null,null,DGENZVKCTGIDRZ,null,TRND,TpycTnjdHqHRKcNpsM,null,Free Fatty Acid Receptor 1 agonist,null,null,null,null,null,null,null,885101-89-3,FFAR1,null,null,0,4,0,null,null,173032,0 0 0 0,1,1,2025-06-17 15:37:36,null,null,null,null,null,null,null,364795327,activity,null,HTS,null,13.279,15.145,6.721,1.426,null,null,null,null,null,null,null,null,null,null,null,null,null,null,null,null,null,null,null,null,null,278939981
TRND-Glioblastoma_LOPAC_T98G-primary_screen2,NCGC00162141-04,activity,null,4,0,6.751,NC1=NC=NC2=C1N=CN2[C@H]3O[C@@H](COP(O)(=O)OP([O-])(=O)OP([O-])(=O)OP([O-])(=O)OC[C@H]4O[C@H]([C@H](O)C4O)N5C=NC6=C5N=CN=C6N)C(O)[C@@H]3O,null,null,null,null,null,D1262,SIGMA,2021_LOPAC_01,null,null,"P1,P4-Di(adenosine-5 )tetraphosphate triammonium",null,4,null,null,null,9.27,0,null,null,null,null,null,null,null,null,null,0,null,null,6.751,-2.519,3.525,null,null,null,null,null,null,null,null,null,null,YOAHKNVSNCMZGQ,null,TRND,XyiOAuaJCqpXuHvTbd,null,null,null,null,AMMONIUM,null,null,null,null,GRT00395,null,null,null,0,4,null,null,null,173032,null,1,1,2025-06-17 15:37:36,null,null,null,null,null,null,null,364794911,activity,null,HTS,null,-1.062,-2.519,6.699,6.751,null,null,null,null,null,null,null,null,null,null,null,null,null,null,null,null,null,null,null,null,null,278939982
TRND-Glioblastoma_LOPAC_T98G-primary_screen2,NCGC00015452-33,activity,null,4,-13.069,-6.816,CC(C)C(=O)NC1=CC(=C(C=C1)[N+]([O-])=O)C(F)(F)F,null,null,null,null,null,F9397,SIGMA,2021_LOPAC_01,null,null,Flutamide,null,4,null,null,null,17.178,-4.569,4.955,0.743,0.353,null,null,null,null,null,null,8.5,null,null,5.87,-11.308,8.383,7.688,null,null,null,null,null,null,null,null,null,MKXKFYHWDHIYRV,null,TRND,kOkTvGIuYXNHoAwtKR,null,Androgen Receptor antagonist,null,null,null,null,null,null,null,13311-84-7,AR,null,null,0,4,0,null,null,173032,0 0 0 0,1,1,2025-06-17 15:37:36,null,null,null,null,null,null,null,364795263,activity,null,HTS,null,5.87,-11.308,5.116,-6.816,null,null,null,null,null,null,null,null,null,null,null,null,null,null,null,null,null,null,null,null,null,278939983
TRND-Glioblastoma_LOPAC_T98G-primary_screen2,NCGC00016035-30,activity,null,4,-9.321,-4.017,ClC1=CC(=CC=C1)N2CCN(CCCN3N=C4C=CC=CN4C3=O)CC2,null,null,null,null,null,T6154,SIGMA,2021_LOPAC_01,null,null,Trazodone hydrochloride,null,4,null,null,null,10.105,-6.821,4.955,0.721,0.429,null,null,null,null,null,null,2.5,null,null,6.088,-4.017,11.223,8.334,null,null,null,null,null,null,null,null,null,PHLBKPHSAVXXEF,null,TRND,TDsVUfygIAvIpeNvGT,null,null,null,null,CL,null,null,null,null,25332-39-2,null,null,null,0,4,0,null,null,173032,0 0 0 0,1,1,2025-06-17 15:37:36,null,null,null,null,null,null,null,364792899,activity,null,HTS,null,3.965,-2.757,6.088,-4.017,null,null,null,null,null,null,null,null,null,null,null,null,null,null,null,null,null,null,null,null,null,278939984
TRND-Glioblastoma_LOPAC_T98G-primary_screen2,NCGC00166281-29,activity,null,4,23.343,-3.762,COC1=CC=C2N=CC=C([C@@H](O)[C@@H]3C[C@@H]4CCN3C[C@@H]4C=C)C2=C1,null,null,null,null,null,Q1250,SIGMA,2021_LOPAC_01,null,null,Quinine sulfate,null,4,null,null,null,20.846,3,4.955,0.55,0.75,null,null,null,null,null,null,-20.343,null,null,7.226,-13.62,-31.323,-31.143,null,null,null,null,null,null,null,null,null,LOUPRKONTZGTKE,null,TRND,EqEdHgnMQfKPFUpScv,null,null,null,null,SULFURIC_ACID,null,null,null,null,549-56-4,null,null,null,0,4,0,null,null,173032,0 0 0 0,1,1,2025-06-17 15:37:36,null,null,null,null,null,null,null,364794495,activity,null,HTS,null,-13.62,7.226,4.864,-3.762,null,null,null,null,null,null,null,null,null,null,null,null,null,null,null,null,null,null,null,null,null,278939985
TRND-Glioblastoma_LOPAC_T98G-primary_screen2,NCGC00094076-07,activity,null,4,-16,1.939,CC(C)[C@H](NC(=O)OCC1=CC=CC=C1)C(=O)N[C@@H](CC2=CC=CC=C2)C=O,null,null,null,null,null,M6690,SIGMA,2021_LOPAC_01,null,null,MDL 28170,null,4,null,null,null,17.028,0,4.955,0.371,0.905,null,null,null,null,null,null,16,null,null,18.967,1.939,62.517,67.777,null,null,null,null,null,null,null,null,null,NGBKFLTYGSREKK,null,TRND,awVFBNasOpiZXiIcnY,null,null,null,null,null,null,null,null,null,88191-84-8,null,null,null,0,4,0,null,null,173032,0 0 0 0,1,1,2025-06-17 15:37:36,null,null,null,null,null,null,null,364790679,activity,null,HTS,null,13.312,18.967,16.16,1.939,null,null,null,null,null,null,null,null,null,null,null,null,null,null,null,null,null,null,null,null,null,278939986
TRND-Glioblastoma_LOPAC_T98G-primary_screen2,NCGC00093824-05,activity,null,4,15.896,4.726,CN(C)C(=O)\N=N\C(=O)N(C)C,null,null,null,null,null,D3648,SIGMA,2021_LOPAC_01,null,null,"N,N,N ,N -Tetramethylazodicarboxamide",null,4,null,null,null,18.324,16.5,4.955,1,0.767,null,null,null,null,null,null,0.604,null,null,14.66,-3.664,29.732,20.995,null,null,null,null,null,null,null,null,null,VLSDXINSOMDCBK,null,TRND,aJywNVBpKghdzMnOzG,null,null,null,null,null,null,null,null,null,10465-78-8,null,null,null,0,4,1,null,null,173032,0 0 0 1,1,1,2025-06-17 15:37:36,null,null,null,null,null,null,null,364794943,activity,null,HTS,null,5.165,-3.664,14.66,4.726,null,null,null,null,null,null,null,null,null,null,null,null,null,null,null,null,null,null,null,null,null,278939987
TRND-Glioblastoma_LOPAC_T98G-primary_screen2,NCGC00025323-17,activity,null,4,11.29,8.483,CC(C)C[C@H](NC(=O)[C@@H](O)[C@H](N)CC1=CC=CC=C1)C(O)=O,null,null,null,null,null,B8385,SIGMA,2021_LOPAC_01,null,null,Bestatin hydrochloride,null,4,null,null,null,11.366,6.5,4.955,0.533,0.773,null,null,null,null,null,null,-4.79,null,null,8.625,-2.742,5.049,5.354,null,null,null,null,null,null,null,null,null,VGGGPCQERPFHOB,null,TRND,RiUpKqqGyUskinAiBe,null,Aminopeptidase N inhibitor,null,null,CL,null,null,null,null,58970-76-6,ANPEP,null,null,0,4,0,null,null,173032,0 0 0 0,1,1,2025-06-17 15:37:36,null,null,null,null,null,null,null,364793931,activity,null,HTS,null,-2.742,8.625,3.106,8.483,null,null,null,null,null,null,null,null,null,null,null,null,null,null,null,null,null,null,null,null,null,278939988
TRND-Glioblastoma_LOPAC_T98G-primary_screen2,NCGC00025272-16,activity,19.952623,-3,-81.575,-70.903,CC1=CC=C(C=C1)[S+]([O-])(=O)\C=C\C#N,null,null,null,null,null,B5556,SIGMA,2021_LOPAC_01,-4.7,null,Bay 11-7082,null,-3,null,null,null,80.371,-76.575,4.955,0.135,0.989,null,null,null,null,null,null,5,null,null,9.468,-70.903,-27.521,-16.496,null,null,null,null,null,null,null,null,null,DOEWDSDBFRHVAP,null,TRND,CTiEfpKxuuvsMxsPVR,null,null,null,null,null,null,null,null,null,19542-67-7,null,null,null,0,4,0,null,null,173032,0 0 0 0,1,1,2025-06-17 15:37:36,null,null,null,null,null,null,null,364793839,activity,null,HTS,22.667208,-0.07,4.759,9.468,-70.903,null,null,null,null,null,null,null,null,null,null,null,null,null,null,null,null,null,null,null,null,null,278939989
TRND-Glioblastoma_LOPAC_T98G-primary_screen2,NCGC00015387-10,activity,null,4,0,10.905,NC1=NC(N)=NC(O)=C1,null,null,null,null,null,D1920-6,SIGMA,2021_LOPAC_01,null,null,"2,4-Diamino-6-pyrimidinone",null,4,null,null,null,6.321,0,null,null,null,null,null,null,null,null,null,0,null,null,10.905,4.584,28.104,null,null,null,null,null,null,null,null,null,null,SWELIMKTDYHAOY,null,TRND,PlgtZHAnRFpnCJCBvh,null,null,null,null,null,null,null,null,null,56-06-4,null,null,null,0,4,null,null,null,173032,null,1,1,2025-06-17 15:37:36,null,null,null,null,null,null,null,364791147,activity,null,HTS,null,4.584,7.817,5.988,10.905,null,null,null,null,null,null,null,null,null,null,null,null,null,null,null,null,null,null,null,null,null,278939990
TRND-Glioblastoma_LOPAC_T98G-primary_screen2,NCGC00263216-15,activity,1.412538,5,-21.184,-88.774,NC1=NC=C(C=C1)C2=CC=C3N=CC4=C(N(C(=O)\C=C/4)C5=CC(=CC=C5)C(F)(F)F)C3=C2,null,null,null,null,null,SML1224,SIGMA,2021_LOPAC_01,-5.85,null,Torin2,null,-1.1,null,null,null,19.32,-90.595,1.627,0.256,0.957,null,null,null,null,null,null,-69.411,null,null,-72.009,-91.329,-365.417,-361.653,null,null,null,null,null,null,null,null,null,GUXXEUUYCAYESJ,null,TRND,FIwCyeOLcPwXySgNju,null,mTOR Complex 1 (mTORC1) inhibitor,null,null,null,null,null,null,null,GRT00167,MTOR,null,null,0,4,0,null,null,173032,0 0 0 0,1,1,2025-06-17 15:37:36,null,null,null,null,null,null,null,364790783,activity,null,HTS,null,-72.009,-78.772,-91.329,-88.774,null,null,null,null,null,null,null,null,null,null,null,null,null,null,null,null,null,null,null,null,null,278940501
TRND-Glioblastoma_LOPAC_T98G-primary_screen2,NCGC00016634-10,activity,19.952623,-3,-37.186,-36.195,CN(C)CCCN1C2=C(SC3=C1C=C(C=C3)C(C)=O)C=CC=C2,null,null,null,null,null,A7111,SIGMA,2021_LOPAC_01,-4.7,null,Acepromazine maleate,null,-3,null,null,null,35.441,-39.091,4.955,0.083,0.996,null,null,null,null,null,null,-1.905,null,null,-0.754,-36.195,-30.091,-27.182,null,null,null,null,null,null,null,null,null,NOSIYYJFMPDDSA,null,TRND,FEWGbDwerfyIcwpLfX,null,null,null,null,MALEATE,null,null,null,null,null,null,null,null,0,4,0,null,null,173032,0 0 0 0,1,1,2025-06-17 15:37:36,null,null,null,null,null,null,null,364794807,activity,null,HTS,null,-3.307,-1.943,-0.754,-36.195,null,null,null,null,null,null,null,null,null,null,null,null,null,null,null,null,null,null,null,null,null,278940502
TRND-Glioblastoma_LOPAC_T98G-primary_screen2,NCGC00094047-22,activity,7.943282,-2.1,-104.381,-93.872,[H][C@@](C)(CC)[C@@]1([H])O[C@]2(CC[C@@H]1C)C[C@@H]3C[C@@]([H])(C\C=C(C)\[C@@H](O[C@@]4([H])C[C@H](OC)[C@@H](O[C@@]5([H])C[C@H](OC)[C@@H](O)[C@H](C)O5)[C@H](C)O4)[C@@H](C)\C=C\C=C6/CO[C@]7([H])[C@H](O)C(C)=C[C@@]([H])(C(=O)O3)[C@]67O)O2,null,null,null,null,null,I8898,SIGMA,2021_LOPAC_01,-5.1,null,Ivermectin,null,-2.1,null,null,null,95.976,-101.381,1.885,0.026,1,null,null,null,null,null,null,3,null,null,2.104,-93.872,-71.385,-70.776,null,null,null,null,null,null,null,null,null,AZSNMRSAGSSBNP,null,TRND,RaeFcWEvDThfzhDaWU,null,null,null,null,null,null,null,null,null,[NO STEREO] 71827-03-7,null,null,null,0,4,0,null,null,173032,0 0 0 0,1,1,2025-06-17 15:37:36,null,null,null,null,null,null,null,364793755,activity,null,HTS,7.829272,2.104,-0.225,-39.641,-93.872,null,null,null,null,null,null,null,null,null,null,null,null,null,null,null,null,null,null,null,null,null,278940503
TRND-Glioblastoma_LOPAC_T98G-primary_screen2,NCGC00093815-05,activity,8.912509,-3,-36.436,-35.031,OC[C@H]1O[C@H]([C@H](O)[C@@H]1O)C2=NC3=C(N2)C=C(Cl)C(Cl)=C3,null,null,null,null,null,D1916,SIGMA,2021_LOPAC_01,-5.05,null,D-ribofuranosylbenzimidazole,null,-3,null,null,null,37.1,-35.436,3.132,0.08,0.996,null,null,null,null,null,null,1,null,null,2.069,-35.031,-24.679,-21.543,null,null,null,null,null,null,null,null,null,FMYZCZNCRILHGQ,null,TRND,HEJzPJgQEuWXDCIhMq,null,null,null,null,null,null,null,null,null,null,null,null,null,0,4,0,null,null,173032,0 0 0 0,1,1,2025-06-17 15:37:36,null,null,null,null,null,null,null,364794287,activity,null,HTS,null,-0.425,2.069,-9.336,-35.031,null,null,null,null,null,null,null,null,null,null,null,null,null,null,null,null,null,null,null,null,null,278940504
TRND-Glioblastoma_LOPAC_T98G-primary_screen2,NCGC00015268-15,activity,null,4,0,6.002,ClC1=CC=CC(Cl)=C1N=C2NCCN2,null,null,null,null,null,C7897,SIGMA,2021_LOPAC_01,null,null,Clonidine hydrochloride,null,4,null,null,null,6.133,0,null,null,null,null,null,null,null,null,null,0,null,null,6.002,-0.13,18.006,null,null,null,null,null,null,null,null,null,null,GJSURZIOUXUGAL,null,TRND,rQsoXtiMOgHQgLjiBU,null,null,null,null,CL,null,null,null,null,4205-91-8,null,null,null,0,4,null,null,null,173032,null,1,1,2025-06-17 15:37:36,null,null,null,null,null,null,null,364792087,activity,null,HTS,null,4.933,1.791,-0.13,6.002,null,null,null,null,null,null,null,null,null,null,null,null,null,null,null,null,null,null,null,null,null,278940505
TRND-Glioblastoma_LOPAC_T98G-primary_screen2,NCGC00025125-35,activity,0.281838,-1.2,-62.416,-72.807,[H][C@@]1(CCC2=CC(OC)=C(OC)C(OC)=C2C3=CC=C(OC)C(=O)C=C13)NC(C)=O,null,null,null,null,null,C9754,SIGMA,2021_LOPAC_01,-6.55,null,Colchicine,null,-1.2,null,null,null,32.845,-73.533,1.788,0.039,0.999,null,null,null,null,null,null,-11.116,null,null,-40.868,-73.713,-251.964,-252.016,null,null,null,null,null,null,null,null,null,IAKHMKGGTNLKSZ,null,TRND,IxWCMwFIJFnLJPfCyU,null,Tubulin polymerization inhibitor,null,null,null,null,null,null,null,64-86-8,TUBB,null,null,0,4,0,null,null,173032,0 0 0 0,1,1,2025-06-17 15:37:36,null,null,null,null,null,null,null,364794675,activity,null,HTS,0.42954,-40.868,-69.731,-73.713,-72.807,null,null,null,null,null,null,null,null,null,null,null,null,null,null,null,null,null,null,null,null,null,278940506
TRND-Glioblastoma_LOPAC_T98G-primary_screen2,NCGC00015958-26,activity,null,4,-12.152,-3.043,O=C1C2=C3C(NN=C3C4=C1C=CC=C4)=CC=C2,null,null,null,null,null,S5567,SIGMA,2021_LOPAC_01,null,null,SP600125,null,4,null,null,null,12.449,-4.652,4.955,0.481,0.825,null,null,null,null,null,null,7.5,null,null,9.406,-3.043,22.695,29.617,null,null,null,null,null,null,null,null,null,ACPOUJIDANTYHO,null,TRND,RidAqAyaucUAECpDha,null,Mitogen-Activated protein kinase 8 (JNK) inhibitor,null,null,null,null,null,null,null,129-56-6,MAPK8,null,null,0,4,0,null,null,173032,0 0 0 0,1,1,2025-06-17 15:37:36,null,null,null,null,null,null,null,364794887,activity,null,HTS,null,4.088,9.406,9.117,-3.043,null,null,null,null,null,null,null,null,null,null,null,null,null,null,null,null,null,null,null,null,null,278940507
TRND-Glioblastoma_LOPAC_T98G-primary_screen2,NCGC00015334-17,activity,3.981072,-2.2,-65.931,-72.336,[I+]1C2=C(C=CC=C2)C3=C1C=CC=C3,null,null,null,null,null,D2926,SIGMA,2021_LOPAC_01,-5.4,null,Diphenyleneiodonium chloride,null,-2.2,null,null,null,40.909,-86.644,0.6,0.021,1,null,null,null,null,null,null,-20.713,null,null,-31.427,-72.336,-196.735,-196.926,null,null,null,null,null,null,null,null,null,QFXKXRXFBRLLPQ,null,TRND,KOFTZFBgUmsHKiFnKk,null,null,null,null,CL,null,null,null,null,4673-26-1,null,null,null,0,4,0,null,null,173032,0 0 0 0,1,1,2025-06-17 15:37:36,null,null,null,null,null,null,null,364793027,activity,null,HTS,6.682628,-31.427,-43.664,-58.6,-72.336,null,null,null,null,null,null,null,null,null,null,null,null,null,null,null,null,null,null,null,null,null,278940508
TRND-Glioblastoma_LOPAC_T98G-primary_screen2,NCGC00015522-09,activity,null,4,0,-4.111,OC(=O)CC1=CNC2=C1C=C(O)C=C2,null,null,null,null,null,H8876,SIGMA,2021_LOPAC_01,null,null,5-Hydroxyindolacetic acid,null,4,null,null,null,9.133,0,null,null,null,null,null,null,null,null,null,0,null,null,3.954,-5.179,4.316,null,null,null,null,null,null,null,null,null,null,DUUGKQCEGZLZNO,null,TRND,LkBytJfyAeQIEylVoe,null,null,null,null,null,null,null,null,null,54-16-0,null,null,null,0,4,null,null,null,173032,null,1,1,2025-06-17 15:37:36,null,null,null,null,null,null,null,364795255,activity,null,HTS,null,3.954,-5.179,-1.253,-4.111,null,null,null,null,null,null,null,null,null,null,null,null,null,null,null,null,null,null,null,null,null,278940509
TRND-Glioblastoma_LOPAC_T98G-primary_screen2,NCGC00024800-11,activity,null,4,0,7.627,N[C@H](C(O)=O)C1=CC(O)=CC(O)=C1,null,null,null,null,null,D3689,SIGMA,2021_LOPAC_01,null,null,"(S)-3,5-Dihydroxyphenylglycine",null,4,null,null,null,3.377,0,null,null,null,null,null,null,null,null,null,0,null,null,7.627,4.25,31.88,null,null,null,null,null,null,null,null,null,null,HOOWCUZPEFNHDT,null,TRND,qMRNtyCnuycyykhDmE,null,null,null,null,H2O,null,null,null,null,162870-29-3,null,null,null,0,4,null,null,null,173032,null,1,1,2025-06-17 15:37:36,null,null,null,null,null,null,null,364790483,activity,null,HTS,null,7.117,4.25,7.364,7.627,null,null,null,null,null,null,null,null,null,null,null,null,null,null,null,null,null,null,null,null,null,278940510
TRND-Glioblastoma_LOPAC_T98G-primary_screen2,NCGC00015072-17,activity,null,4,0,13.772,CCN(CC)CCNC(=O)C1=CC=C(NC(C)=O)C=C1,null,null,null,null,null,A5909,SIGMA,2021_LOPAC_01,null,null,N-Acetylprocainamide hydrochloride,null,4,null,null,null,8.324,0,null,null,null,null,null,null,null,null,null,0,null,null,13.772,5.449,44.225,null,null,null,null,null,null,null,null,null,null,KEECCEWTUVWFCV,null,TRND,yYmCNsxiYZQWtqgoWa,null,null,null,null,CL,null,null,null,null,34118-92-8,null,null,null,0,4,null,null,null,173032,null,1,1,2025-06-17 15:37:36,null,null,null,null,null,null,null,364790495,activity,null,HTS,null,9.651,5.449,9.144,13.772,null,null,null,null,null,null,null,null,null,null,null,null,null,null,null,null,null,null,null,null,null,278940511
TRND-Glioblastoma_LOPAC_T98G-primary_screen2,NCGC00015682-15,activity,null,4,0,4.076,CC1=CC=CC(=N1)C#CC2=CC=CC=C2,null,null,null,null,null,M5435,SIGMA,2021_LOPAC_01,null,null,6-Methyl-2-(phenylethynyl)pyridine hydrochloride,null,4,null,null,null,6.037,0,null,null,null,null,null,null,null,null,null,0,null,null,10.113,4.076,36.738,null,null,null,null,null,null,null,null,null,null,NEWKHUASLBMWRE,null,TRND,MPWEfJeHkrhYNmVbAp,null,null,null,null,CL,null,null,null,null,96206-92-7,null,null,null,0,4,null,null,null,173032,null,1,1,2025-06-17 15:37:36,null,null,null,null,null,null,null,364791287,activity,null,HTS,null,8.874,4.146,10.113,4.076,null,null,null,null,null,null,null,null,null,null,null,null,null,null,null,null,null,null,null,null,null,278940512
TRND-Glioblastoma_LOPAC_T98G-primary_screen2,NCGC00164603-13,activity,10,-2.1,-101.657,-94.336,CC(C)(C)C1=CC=C(C=C1)C(=O)CCCN2CCC(CC2)OC(C3=CC=CC=C3)C4=CC=CC=C4,null,null,null,null,null,E9531,SIGMA,2021_LOPAC_01,-5,null,Ebastine,null,-2.1,null,null,null,102.02,-95.657,3.627,0.036,0.999,null,null,null,null,null,null,6,null,null,7.683,-94.336,-33.875,-37.923,null,null,null,null,null,null,null,null,null,MJJALKDDGIKVBE,null,TRND,ibcxDyUjqQCaqibVqQ,null,null,null,null,null,null,null,null,null,90729-43-4,null,null,null,0,4,0,null,null,173032,0 0 0 0,1,1,2025-06-17 15:37:36,null,null,null,null,null,null,null,364793091,activity,null,HTS,10.253668,7.683,4.437,-12.451,-94.336,null,null,null,null,null,null,null,null,null,null,null,null,null,null,null,null,null,null,null,null,null,278940513
TRND-Glioblastoma_LOPAC_T98G-primary_screen2,NCGC00015074-23,activity,null,4,0,8.762,CC(=O)NC1=NN=C(S1)[S+](N)([O-])=O,null,null,null,null,null,A6011,SIGMA,2021_LOPAC_01,null,null,Acetazolamide,null,4,null,null,null,9.199,0,null,null,null,null,null,null,null,null,null,0,null,null,8.762,-0.437,28.914,null,null,null,null,null,null,null,null,null,null,YPPLCEXWGIQUEG,null,TRND,kyVksGVcTtwJDuUUmI,null,null,null,null,null,null,null,null,null,59-66-5,null,null,null,0,4,null,null,null,173032,null,1,1,2025-06-17 15:37:36,null,null,null,null,null,null,null,364792415,activity,null,HTS,null,6.776,8.313,-0.437,8.762,null,null,null,null,null,null,null,null,null,null,null,null,null,null,null,null,null,null,null,null,null,278940514
TRND-Glioblastoma_LOPAC_T98G-primary_screen2,NCGC00093704-44,activity,14.125375,-2.4,-54.51,-56.903,CCC1NC(=O)C(C(O)C(C)C\C=C\C)N(C)C(=O)C(C(C)C)N(C)C(=O)C(CC(C)C)N(C)C(=O)C(CC(C)C)N(C)C(=O)C(C)NC(=O)C(C)NC(=O)C(CC(C)C)N(C)C(=O)C(NC(=O)C(CC(C)C)N(C)C(=O)CN(C)C1=O)C(C)C,null,null,null,null,null,C3662,SIGMA,2021_LOPAC_01,-4.85,null,Cyclosporin A,null,-2.2,null,null,null,46.675,-67.784,1.594,0.182,0.979,null,null,null,null,null,null,-13.274,null,null,-10.229,-56.903,-89.008,-95.195,null,null,null,null,null,null,null,null,null,PMATZTZNYRCHOR,null,TRND,KUermgEZWJSWNXxVNT,null,Serine/threonine-protein phosphatase 2B inhibitor,null,null,null,null,null,null,null,59865-13-3,PPP3CC,null,null,0,4,0,null,null,173032,0 0 0 0,1,1,2025-06-17 15:37:36,null,null,null,null,null,null,null,364790711,activity,null,HTS,27.021798,-10.229,-18.5,-25.427,-56.903,null,null,null,null,null,null,null,null,null,null,null,null,null,null,null,null,null,null,null,null,null,278940515
TRND-Glioblastoma_LOPAC_T98G-primary_screen2,NCGC00015859-30,activity,null,4,0,-0.787,CCN(CC)CCNC(=O)C1=CC=C(N)C=C1,null,null,null,null,null,P9391,SIGMA,2021_LOPAC_01,null,null,Procainamide hydrochloride,null,4,null,null,null,4.774,0,null,null,null,null,null,null,null,null,null,0,null,null,1.053,-3.72,-7.33,null,null,null,null,null,null,null,null,null,null,REQCZEXYDRLIBE,null,TRND,votmJbDvpWFMiXeefZ,null,null,null,null,CL,null,null,null,null,614-39-1,null,null,null,0,4,null,null,null,173032,null,1,1,2025-06-17 15:37:36,null,null,null,null,null,null,null,364792515,activity,null,HTS,null,-1.82,1.053,-3.72,-0.787,null,null,null,null,null,null,null,null,null,null,null,null,null,null,null,null,null,null,null,null,null,278940516
TRND-Glioblastoma_LOPAC_T98G-primary_screen2,NCGC00021191-17,activity,null,4,0,6.659,CC(=O)OCC(=O)[C@@]1(O)CC[C@H]2[C@@H]3CCC4=CC(=O)CC[C@]4(C)[C@H]3C(=O)C[C@]12C,null,null,null,null,null,C3130,SIGMA,2021_LOPAC_01,null,null,Cortisone 21-acetate,null,4,null,null,null,9.952,0,null,null,null,null,null,null,null,null,null,0,null,null,6.659,-3.293,-1.211,null,null,null,null,null,null,null,null,null,null,ITRJWOMZKQRYTA,null,TRND,hnguJrGEFzSqEISzUh,null,Glucocorticoid Receptor agonist,null,null,null,null,null,null,null,50-04-4,NR3C1,null,null,0,4,null,null,null,173032,null,1,1,2025-06-17 15:37:36,null,null,null,null,null,null,null,364792775,activity,null,HTS,null,-3.293,3.154,3.179,6.659,null,null,null,null,null,null,null,null,null,null,null,null,null,null,null,null,null,null,null,null,null,278940517
TRND-Glioblastoma_LOPAC_T98G-primary_screen2,NCGC00162338-06,activity,null,4,-14.831,-9.026,CC(C)CC(NP([O-])(=O)O[C@@H]1O[C@@H](C)[C@H](O)[C@@H](O)[C@H]1O)C(=O)NC(CC2=CNC3=C2C=CC=C3)C([O-])=O,null,null,null,null,null,R7385,SIGMA,2021_LOPAC_01,null,null,Phosphoramidon disodium,null,4,null,null,null,15.599,-9.331,4.955,0.154,0.985,null,null,null,null,null,null,5.5,null,null,6.574,-9.026,5.657,8.378,null,null,null,null,null,null,null,null,null,ZPHBZEQOLSRPAK,null,TRND,jHMTAfwPlCTEQxevxC,null,null,null,null,SODIUM,null,null,null,null,null,null,null,null,0,4,0,null,null,173032,0 0 0 0,1,1,2025-06-17 15:37:36,null,null,null,null,null,null,null,364793751,activity,null,HTS,null,4.249,6.574,-8.557,-9.026,null,null,null,null,null,null,null,null,null,null,null,null,null,null,null,null,null,null,null,null,null,278940518
TRND-Glioblastoma_LOPAC_T98G-primary_screen2,NCGC00487114-03,activity,null,4,-19.5,4.718,[H][C@@]12CC(=C)[C@](OC(C)=O)(C(C)=O)[C@@]1(C)CC[C@]3([H])[C@@]4([H])CCC(=O)C=C4CC[C@@]23[H],null,null,null,null,null,SML0550,SIGMA,2021_LOPAC_01,null,null,Nestorone,null,4,null,null,null,16.446,2,1.464,0.217,0.97,null,null,null,null,null,null,21.5,null,null,21.163,4.718,80.452,82.719,null,null,null,null,null,null,null,null,null,CKFBRGLGTWAVLG,null,TRND,ZPpUBIvMIhflYMBpft,null,null,null,null,null,null,null,null,null,7759-35-5,null,null,null,0,4,0,null,null,173032,0 0 0 0,1,1,2025-06-17 15:37:36,null,null,null,null,null,null,null,364794051,activity,null,HTS,null,20.122,21.163,10.496,4.718,null,null,null,null,null,null,null,null,null,null,null,null,null,null,null,null,null,null,null,null,null,278940519
TRND-Glioblastoma_LOPAC_T98G-primary_screen2,NCGC00186046-04,activity,null,4,0,-2.09,CCN(CC)CCN1C(=O)\C(CC2=CC=C(OC)C=C2)=N/C3=CC=CC=C13,null,null,null,null,null,C1119,SIGMA,2021_LOPAC_01,null,null,Caroverine hydrochloride,null,4,null,null,null,7.417,0,null,null,null,null,null,null,null,null,null,0,null,null,5.326,-2.09,3.394,null,null,null,null,null,null,null,null,null,null,MSPRUJDUTKRMLM,null,TRND,wKudweHyhiVucZkSry,null,NMDA Receptor antagonist,null,null,CL,null,null,null,null,55750-05-5,GRIN1,null,null,0,4,null,null,null,173032,null,1,1,2025-06-17 15:37:36,null,null,null,null,null,null,null,364794199,activity,null,HTS,null,0.504,-0.902,5.326,-2.09,null,null,null,null,null,null,null,null,null,null,null,null,null,null,null,null,null,null,null,null,null,278940520
TRND-Glioblastoma_LOPAC_T98G-primary_screen2,NCGC00016994-30,activity,0.316228,-1.3,-61.521,-83.032,CC[C@@]1(O)C(=O)OCC2=C1C=C3N(CC4=C3N=C5C=CC=CC5=C4)C2=O,null,null,null,null,null,C9911,SIGMA,2021_LOPAC_01,-6.5,null,(S)-(+)-Camptothecin,null,-1.1,null,null,null,35.617,-84.234,1.509,0.083,0.996,null,null,null,null,null,null,-22.713,null,null,-49.469,-85.085,-294.801,-294.737,null,null,null,null,null,null,null,null,null,VSJKWCGYPAHWDS,null,TRND,kePgFfHjapKUIhrAEM,null,DNA Topoisomerase I inhibitor,null,null,null,null,null,null,null,2114454,TOP1,null,null,0,4,0,null,null,173032,0 0 0 0,1,1,2025-06-17 15:37:36,null,null,null,null,null,null,null,364791811,activity,null,HTS,0.406427,-49.469,-77.802,-85.085,-83.032,null,null,null,null,null,null,null,null,null,null,null,null,null,null,null,null,null,null,null,null,null,278940521
TRND-Glioblastoma_LOPAC_T98G-primary_screen2,NCGC00015572-11,activity,null,4,12,0.587,NC(=N)NCC1=CC=CC(I)=C1,null,null,null,null,null,I9890,SIGMA,2021_LOPAC_01,null,null,m-Iodobenzylguanidine hemisulfate,null,4,null,null,null,14.11,14.5,4.955,1,0.999,null,null,null,null,null,null,2.5,null,null,14.697,0.587,34.358,33.903,null,null,null,null,null,null,null,null,null,PDWUPXJEEYOOTR,null,TRND,WniDsXGPYAiUlfwBiS,null,null,null,null,SULFURIC_ACID,null,null,null,null,80663-95-2,null,null,null,0,4,1,null,null,173032,0 0 0 1,1,1,2025-06-17 15:37:36,null,null,null,null,null,null,null,364790575,activity,null,HTS,null,2.626,12.976,14.697,0.587,null,null,null,null,null,null,null,null,null,null,null,null,null,null,null,null,null,null,null,null,null,278940522
TRND-Glioblastoma_LOPAC_T98G-primary_screen2,NCGC00387412-06,activity,null,4,-11.456,-2.88,C[C@@H](N)C1CCC(CC1)C(=O)NC2=CC=NC=C2,null,null,null,null,null,Y0503,SIGMA,2021_LOPAC_01,null,null,Y-27632 dihydrochloride,null,4,null,null,null,11.068,-3.456,2.333,0.085,0.996,null,null,null,null,null,null,8,null,null,8.188,-2.88,27.9,29.032,null,null,null,null,null,null,null,null,null,IYOZTVGMEWJPKR,null,TRND,YAFATyQDNcOgHclNQg,null,null,null,null,CL,null,null,null,null,null,null,null,null,0,4,0,null,null,173032,0 0 0 0,1,1,2025-06-17 15:37:36,null,null,null,null,null,null,null,364791043,activity,null,HTS,null,7.525,8.188,4.017,-2.88,null,null,null,null,null,null,null,null,null,null,null,null,null,null,null,null,null,null,null,null,null,278940523
TRND-Glioblastoma_LOPAC_T98G-primary_screen2,NCGC00025047-10,activity,null,4,-11.127,-6.772,CC1=NC(\N=N\C2=CC=CC=C2)=C(O)C=C1,null,null,null,null,null,S9186,SIGMA,2021_LOPAC_01,null,null,SIB 1757,null,4,null,null,null,10.483,-8.127,4.955,0.222,0.969,null,null,null,null,null,null,3,null,null,3.71,-6.772,6.625,8.946,null,null,null,null,null,null,null,null,null,LOCPVWIREQIGNQ,null,TRND,biGDxNeSMBCbFeJBkD,null,null,null,null,null,null,null,null,null,null,null,null,null,0,4,0,null,null,173032,0 0 0 0,1,1,2025-06-17 15:37:36,null,null,null,null,null,null,null,364793567,activity,null,HTS,null,1.816,3.71,3.65,-6.772,null,null,null,null,null,null,null,null,null,null,null,null,null,null,null,null,null,null,null,null,null,278940524
TRND-Glioblastoma_LOPAC_T98G-primary_screen2,NCGC00015100-24,activity,null,4,12.324,12.203,CN(C)C1=NC(=NC(=N1)N(C)C)N(C)C,null,null,null,null,null,A8723,SIGMA,2021_LOPAC_01,null,null,Altretamine,null,4,null,null,null,20.601,14,4.955,0.661,0.573,null,null,null,null,null,null,1.676,null,null,15.331,-5.27,37.745,22.676,null,null,null,null,null,null,null,null,null,UUVWYPNAQBNQJQ,null,TRND,iIpCTPiQTHwuOfmdBO,null,DNA Alkylating Drug,null,null,null,null,null,null,null,645-05-6,H2AX,null,null,0,4,0,null,null,173032,0 0 0 0,1,1,2025-06-17 15:37:36,null,null,null,null,null,null,null,364790407,activity,null,HTS,null,8.753,-5.27,15.331,12.203,null,null,null,null,null,null,null,null,null,null,null,null,null,null,null,null,null,null,null,null,null,278940525
TRND-Glioblastoma_LOPAC_T98G-primary_screen2,NCGC00015832-08,activity,null,4,0,1.226,CC(=C)C1CCC(=CC1)C(O)=O,null,null,null,null,null,218359,SIGMA,2021_LOPAC_01,null,null,(-)-Perillic acid,null,4,null,null,null,3.416,0,null,null,null,null,null,null,null,null,null,0,null,null,4.643,1.226,16.672,null,null,null,null,null,null,null,null,null,null,CDSMSBUVCWHORP,null,TRND,KdXSsaYrelUbtZkKpo,null,null,null,null,null,null,null,null,null,null,null,null,null,0,4,null,null,null,173032,null,1,1,2025-06-17 15:37:36,null,null,null,null,null,null,null,364793247,activity,null,HTS,null,3.953,2.592,4.643,1.226,null,null,null,null,null,null,null,null,null,null,null,null,null,null,null,null,null,null,null,null,null,278940526
TRND-Glioblastoma_LOPAC_T98G-primary_screen2,NCGC00015082-19,activity,null,4,0,-6.141,NNC(N)=N,null,null,null,null,null,A7009,SIGMA,2021_LOPAC_01,null,null,Aminoguanidine hemisulfate,null,4,null,null,null,7.254,0,null,null,null,null,null,null,null,null,null,0,null,null,1.113,-6.141,-7.587,null,null,null,null,null,null,null,null,null,null,HAMNKKUPIHEESI,null,TRND,fNlKcirKdSMvCUwRga,null,"Nitric Oxide Synthase, inducible inhibitor",null,null,SULFURIC_ACID,null,null,null,null,79-17-4,NOS2,null,null,0,4,null,null,null,173032,null,1,1,2025-06-17 15:37:36,null,null,null,null,null,null,null,364793071,activity,null,HTS,null,-1.686,-0.658,1.113,-6.141,null,null,null,null,null,null,null,null,null,null,null,null,null,null,null,null,null,null,null,null,null,278940527
TRND-Glioblastoma_LOPAC_T98G-primary_screen2,NCGC00015182-11,activity,null,4,0,-5.459,NCCC1=CNC2=C1C=C(C=C2)C(N)=O,null,null,null,null,null,C117,SIGMA,2021_LOPAC_01,null,null,5-Carboxamidotryptamine maleate,null,4,null,null,null,9.216,0,null,null,null,null,null,null,null,null,null,0,null,null,3.757,-5.459,5.444,null,null,null,null,null,null,null,null,null,null,WKZLNEWVIAGNAW,null,TRND,RwLgkKnmpnegzXsbZS,null,null,null,null,MALEATE,null,null,null,null,74885-72-6,null,null,null,0,4,null,null,null,173032,null,1,1,2025-06-17 15:37:36,null,null,null,null,null,null,null,364792307,activity,null,HTS,null,3.757,1.39,-4.408,-5.459,null,null,null,null,null,null,null,null,null,null,null,null,null,null,null,null,null,null,null,null,null,278940528
TRND-Glioblastoma_LOPAC_T98G-primary_screen2,NCGC00015116-26,activity,null,4,0,1.804,COC1=CC=C(C=C1)C(=O)N2CCCC2=O,null,null,null,null,null,A9950,SIGMA,2021_LOPAC_01,null,null,Aniracetam,null,4,null,null,null,6.485,0,null,null,null,null,null,null,null,null,null,0,null,null,3.066,-3.418,-7.575,null,null,null,null,null,null,null,null,null,null,ZXNRTKGTQJPIJK,null,TRND,VgWFGgfgKzDOpeutLK,null,null,null,null,null,null,null,null,null,72432-10-1,null,null,null,0,4,null,null,null,173032,null,1,1,2025-06-17 15:37:36,null,null,null,null,null,null,null,364792359,activity,null,HTS,null,-2.983,-3.418,3.066,1.804,null,null,null,null,null,null,null,null,null,null,null,null,null,null,null,null,null,null,null,null,null,278940529
TRND-Glioblastoma_LOPAC_T98G-primary_screen2,NCGC00507740-02,activity,10,-3,-48.668,-30.973,CC1=CC=C(C=C1)C(=O)NC2=C(N=C(NC3=CC=CC=C3)S2)C(N)=O,null,null,null,null,null,SML1506,SIGMA,2021_LOPAC_01,-5,null,KY-05009,null,-3,null,null,null,56.797,-31.168,4.449,0.34,0.921,null,null,null,null,null,null,17.5,null,null,25.824,-30.973,34.406,51.944,null,null,null,null,null,null,null,null,null,WCEDGRTWDSHZHF,null,TRND,CplEiPIiVkiZMvYVtD,null,null,null,null,null,null,null,null,null,null,null,null,null,0,4,0,null,null,173032,0 0 0 0,1,1,2025-06-17 15:37:36,null,null,null,null,null,null,null,364791727,activity,null,HTS,null,9.168,25.824,10.295,-30.973,null,null,null,null,null,null,null,null,null,null,null,null,null,null,null,null,null,null,null,null,null,278940530
TRND-Glioblastoma_LOPAC_T98G-primary_screen2,NCGC00178551-04,activity,null,4,0,-4.136,N[C@@H](Cc1ccc(O)cc1)C(=O)N[C@H](CCCNC(N)=N)C(O)=O,null,null,null,null,null,SML1461,SIGMA,2021_LOPAC_01,null,null,Kyotorphin acetate salt,null,4,null,null,null,5.97,0,null,null,null,null,null,null,null,null,null,0,null,null,0.147,-5.823,-19.011,null,null,null,null,null,null,null,null,null,null,JXNRXNCCROJZFB,null,TRND,wImYlBzIqhfLdugtiw,null,null,null,null,ACETIC-ACID,null,null,null,null,null,null,null,null,0,4,null,null,null,173032,null,1,1,2025-06-17 15:37:36,null,null,null,null,null,null,null,364794971,activity,null,HTS,null,-5.823,-1.114,0.147,-4.136,null,null,null,null,null,null,null,null,null,null,null,null,null,null,null,null,null,null,null,null,null,278940531
TRND-Glioblastoma_LOPAC_T98G-primary_screen2,NCGC00025355-26,activity,null,4,-43.308,-24.423,FC1=CC=C(C=C1)[C@@H]2CCNC[C@H]2COC3=CC=C4OCOC4=C3,null,null,null,null,null,P9623,SIGMA,2021_LOPAC_01,null,null,Paroxetine hydrochloride hemihydrate (MW = 374.83),null,4,null,null,null,33.272,-29.808,0.8,0.076,0.996,null,null,null,null,null,null,13.5,null,null,8.849,-24.423,0.77,-0.562,null,null,null,null,null,null,null,null,null,AHOUBRCZNHFOSL,null,TRND,WeViKFqrpnmEMlWwEa,null,null,null,null,CL,null,null,null,null,64006-44-6,null,null,null,0,4,0,null,null,173032,0 0 0 0,1,1,2025-06-17 15:37:36,null,null,null,null,null,null,null,364791079,activity,null,HTS,null,8.849,-1.996,-13.661,-24.423,null,null,null,null,null,null,null,null,null,null,null,null,null,null,null,null,null,null,null,null,null,278940532
TRND-Glioblastoma_LOPAC_T98G-primary_screen2,NCGC00024885-09,activity,null,4,-13.628,-5.106,CCCCCCCC\C=C/CCCCCCCC(=O)NCC1=CC=C(O)C(OC)=C1,null,null,null,null,null,SML1587,SIGMA,2021_LOPAC_01,null,null,Perlapine,null,4,null,null,null,14.125,-5.628,2.847,0.147,0.987,null,null,null,null,null,null,8,null,null,9.018,-5.106,27.138,28.336,null,null,null,null,null,null,null,null,null,OPZKBPQVWDSATI,null,TRND,ClSqtUupgwjMlgQoBW,null,null,null,null,null,null,null,null,null,58493-49-5,null,null,null,0,4,0,null,null,173032,0 0 0 0,1,1,2025-06-17 15:37:36,null,null,null,null,null,null,null,364791919,activity,null,HTS,null,7.32,9.018,4.583,-5.106,null,null,null,null,null,null,null,null,null,null,null,null,null,null,null,null,null,null,null,null,null,278940533
TRND-Glioblastoma_LOPAC_T98G-primary_screen2,NCGC00161420-15,activity,10,-3,-97.997,-94.308,COCC(=O)O[C@]3(CCN(C)CCCC1=NC2=C(N1)C=CC=C2)CCC4=C(C=CC(F)=C4)[C@@H]3C(C)C,null,null,null,null,null,M5441,SIGMA,2021_LOPAC_01,-5,null,Mibefradil dihydrochloride,null,-3,null,null,null,100.31,-94.497,4.955,0.05,0.998,null,null,null,null,null,null,3.5,null,null,6.002,-94.308,-47.06,-43.061,null,null,null,null,null,null,null,null,null,HBNPJJILLOYFJU,null,TRND,UFDfKaVhiePvhHihLB,null,null,null,null,CL,null,null,null,null,null,null,null,null,0,4,0,null,null,173032,0 0 0 0,1,1,2025-06-17 15:37:36,null,null,null,null,null,null,null,364791927,activity,null,HTS,10.238142,1.581,6.002,-8.674,-94.308,null,null,null,null,null,null,null,null,null,null,null,null,null,null,null,null,null,null,null,null,null,278940534
TRND-Glioblastoma_LOPAC_T98G-primary_screen2,NCGC00092384-09,activity,null,4,0,3.03,CN1CC(=O)N=C1NC(=O)NC2=CC(Cl)=CC=C2,null,null,null,null,null,F0430,SIGMA,2021_LOPAC_01,null,null,Fenobam,null,4,null,null,null,9.827,0,null,null,null,null,null,null,null,null,null,0,null,null,5.352,-4.475,14.982,null,null,null,null,null,null,null,null,null,null,DWPQODZAOSWNHB,null,TRND,XRLIxshERzFedTNxHU,null,Glutamate receptor metabotropic 5 antagonist,null,null,null,null,null,null,null,57653-26-6,GRM5,null,null,0,4,null,null,null,173032,null,1,1,2025-06-17 15:37:36,null,null,null,null,null,null,null,364793419,activity,null,HTS,null,5.352,-4.475,2.379,3.03,null,null,null,null,null,null,null,null,null,null,null,null,null,null,null,null,null,null,null,null,null,278940910
TRND-Glioblastoma_LOPAC_T98G-primary_screen2,NCGC00017352-42,activity,null,4,0,6.051,OC1=CC=C(\C=C\C2=CC(O)=CC(O)=C2)C=C1,null,null,null,null,null,R5010,SIGMA,2021_LOPAC_01,null,null,Resveratrol,null,4,null,null,null,13.958,0,null,null,null,null,null,null,null,null,null,0,null,null,14.531,0.573,51.244,null,null,null,null,null,null,null,null,null,null,LUKBXSAWLPMMSZ,null,TRND,qUtWZvtohsfQbqGGit,null,NF-kappaB (NFKB) modulator,null,null,null,null,null,null,null,501-36-0,NFKB1,null,null,0,4,null,null,null,173032,null,1,1,2025-06-17 15:37:36,null,null,null,null,null,null,null,364795175,activity,null,HTS,null,14.531,0.573,10.492,6.051,null,null,null,null,null,null,null,null,null,null,null,null,null,null,null,null,null,null,null,null,null,278940911
TRND-Glioblastoma_LOPAC_T98G-primary_screen2,NCGC00485098-03,activity,null,4,0,5.329,[H][C@](CO)(C(=O)O[C@@]1([H])C[C@@]2([H])C[C@]([H])(O)[C@@]([H])(C1)N2C)C3=CC=CC=C3,null,null,null,null,null,SML0252,SIGMA,2021_LOPAC_01,null,null,(+/-)-Anisodamine,null,4,null,null,null,7.823,0,null,null,null,null,null,null,null,null,null,0,null,null,5.329,-2.494,-5.246,null,null,null,null,null,null,null,null,null,null,WTQYWNWRJNXDEG,null,TRND,VxokVWPZsHDnUNLfoj,null,null,null,null,null,null,null,null,null,55869-99-3,null,null,null,0,4,null,null,null,173032,null,1,1,2025-06-17 15:37:36,null,null,null,null,null,null,null,364794327,activity,null,HTS,null,-2.494,-0.681,-0.929,5.329,null,null,null,null,null,null,null,null,null,null,null,null,null,null,null,null,null,null,null,null,null,278940912
TRND-Glioblastoma_LOPAC_T98G-primary_screen2,NCGC00025223-11,activity,10,-2.2,-63.539,-66.348,CN[C@@H]1C[C@H](C2=CC=CC=C12)C3=CC(Cl)=C(Cl)C=C3,null,null,null,null,null,I119,SIGMA,2021_LOPAC_01,-5,null,Indatraline hydrochloride,null,-2.2,null,null,null,63.35,-66.637,4.095,0.017,1,null,null,null,null,null,null,-3.097,null,null,-2.998,-66.348,-54.323,-54.835,null,null,null,null,null,null,null,null,null,SVFXPTLYMIXFRX,null,TRND,OLNoiAZQNRoNSXhXqX,null,null,null,null,CL,null,null,null,null,null,null,null,null,0,4,0,null,null,173032,0 0 0 0,1,1,2025-06-17 15:37:36,null,null,null,null,null,null,null,364793135,activity,null,HTS,13.082953,-2.998,-3.3,-12.613,-66.348,null,null,null,null,null,null,null,null,null,null,null,null,null,null,null,null,null,null,null,null,null,278940913
TRND-Glioblastoma_LOPAC_T98G-primary_screen2,NCGC00167765-08,activity,11.220185,-2.4,-47.927,-39.106,CSC1=C(C=CC=C1)N2CCN(CCCCCC(=O)NC3CCCC4=CC=CC=C34)CC2,null,null,null,null,null,L9793,SIGMA,2021_LOPAC_01,-4.95,null,LP44,null,-2.2,null,null,null,42.912,-44.927,1.858,0.057,0.998,null,null,null,null,null,null,3,null,null,3.806,-39.106,-16.417,-18.141,null,null,null,null,null,null,null,null,null,JNBBJUHCODFLEG,null,TRND,GTCqcDxfJpzIiQcOhW,null,null,null,null,CL,null,null,null,null,null,null,null,null,0,4,0,null,null,173032,0 0 0 0,1,1,2025-06-17 15:37:36,null,null,null,null,null,null,null,364793491,activity,null,HTS,null,3.806,0.881,-10.062,-39.106,null,null,null,null,null,null,null,null,null,null,null,null,null,null,null,null,null,null,null,null,null,278940914
TRND-Glioblastoma_LOPAC_T98G-primary_screen2,NCGC00370742-07,activity,null,4,11.589,-1.101,FC1=C(COC2=CC=C3C=C(CC4SC(=O)NC4=O)C=CC3=C2)C=CC=C1,null,null,null,null,null,SML0896,SIGMA,2021_LOPAC_01,null,null,MCC-555 ,null,4,null,null,null,11.67,10,4.955,1,0.982,null,null,null,null,null,null,-1.589,null,null,10.569,-1.101,18.29,18.711,null,null,null,null,null,null,null,null,null,PKWDZWYVIHVNKS,null,TRND,TCDMdGNRKGOgWEaEiV,null,null,null,null,null,null,null,null,null,161600-01-7,null,null,null,0,4,1,null,null,173032,0 0 0 1,1,1,2025-06-17 15:37:36,null,null,null,null,null,null,null,364794891,activity,null,HTS,null,-0.074,10.569,9.07,-1.101,null,null,null,null,null,null,null,null,null,null,null,null,null,null,null,null,null,null,null,null,null,278940915
TRND-Glioblastoma_LOPAC_T98G-primary_screen2,NCGC00015160-10,activity,null,4,0,2.982,NC(=N)C1=CC=CC=C1,null,null,null,null,null,B6506,SIGMA,2021_LOPAC_01,null,null,Benzamidine hydrochloride,null,4,null,null,null,9.999,0,null,null,null,null,null,null,null,null,null,0,null,null,2.982,-7.017,-19.301,null,null,null,null,null,null,null,null,null,null,PXXJHWLDUBFPOL,null,TRND,OpBQWQhpuGunIjwwWj,null,null,null,null,CL,null,null,null,null,1670-14-0,null,null,null,0,4,null,null,null,173032,null,1,1,2025-06-17 15:37:36,null,null,null,null,null,null,null,364793275,activity,null,HTS,null,-7.017,0.428,-2.423,2.982,null,null,null,null,null,null,null,null,null,null,null,null,null,null,null,null,null,null,null,null,null,278940916
TRND-Glioblastoma_LOPAC_T98G-primary_screen2,NCGC00015907-09,activity,null,4,-18.592,-10.076,NC1=CC=C(CCN2CCN(CC2)C3=CC=CC(=C3)C(F)(F)F)C=C1,null,null,null,null,null,S009,SIGMA,2021_LOPAC_01,null,null,PAPP,null,4,null,null,null,20.621,-10.592,2.406,0.298,0.941,null,null,null,null,null,null,8,null,null,10.544,-10.076,18.747,23.747,null,null,null,null,null,null,null,null,null,GAAKALASJNGQKD,null,TRND,ZlplUfuXUEclpzcWoN,null,null,null,null,null,null,null,null,null,1814-64-8,null,null,null,0,4,0,null,null,173032,0 0 0 0,1,1,2025-06-17 15:37:36,null,null,null,null,null,null,null,364791507,activity,null,HTS,null,5.515,10.544,1.959,-10.076,null,null,null,null,null,null,null,null,null,null,null,null,null,null,null,null,null,null,null,null,null,278940917
TRND-Glioblastoma_LOPAC_T98G-primary_screen2,NCGC00018117-49,activity,null,4,-11.432,8.196,CN1C2=C(NC=N2)C(=O)N(C)C1=O,null,null,null,null,null,T1633,SIGMA,2021_LOPAC_01,null,null,Theophylline,null,4,null,null,null,10.98,-2.932,2.588,1,1,null,null,null,null,null,null,8.5,null,null,8.537,-2.443,25.023,24.614,null,null,null,null,null,null,null,null,null,ZFXYFBGIUFBOJW,null,TRND,rjLBhBvErNyKcpHKNB,null,Adenosine Receptor A1 antagonist,null,null,null,null,null,null,null,null,ADORA1,null,null,0,4,1,null,null,173032,0 0 0 1,1,1,2025-06-17 15:37:36,null,null,null,null,null,null,null,364791555,activity,null,HTS,null,8.537,6.19,-2.443,8.196,null,null,null,null,null,null,null,null,null,null,null,null,null,null,null,null,null,null,null,null,null,278940918
TRND-Glioblastoma_LOPAC_T98G-primary_screen2,NCGC00015802-35,activity,10,-2.3,-96.226,-94.966,FC1=CC=C(C=C1)C(CCCN2CCC(CC2)N3C(=O)NC4=C3C=CC=C4)C5=CC=C(F)C=C5,null,null,null,null,null,P1793,SIGMA,2021_LOPAC_01,-5,null,Pimozide,null,-2.1,null,null,null,97.975,-95.726,4.045,0.055,0.998,null,null,null,null,null,null,0.5,null,null,3.009,-94.966,-53.353,-58.818,null,null,null,null,null,null,null,null,null,YVUQSNJEYSNKRX,null,TRND,gzNqoOfyPblEhmThfm,null,null,null,null,null,null,null,null,null,2062-78-4,null,null,null,0,4,0,null,null,173032,0 0 0 0,1,1,2025-06-17 15:37:36,null,null,null,null,null,null,null,364794771,activity,null,HTS,10.223384,3.009,-1.886,-14.963,-94.966,null,null,null,null,null,null,null,null,null,null,null,null,null,null,null,null,null,null,null,null,null,278940919
TRND-Glioblastoma_LOPAC_T98G-primary_screen2,NCGC00015211-09,activity,null,4,-17.736,1.059,CC(C)(C)C1=CC(CC(C)(C)C=O)=CC(=C1O)C(C)(C)C,null,null,null,null,null,C0987,SIGMA,2021_LOPAC_01,null,null,CGP-13501,null,4,null,null,null,16.974,-11.736,4.955,1,0.984,null,null,null,null,null,null,6,null,null,7.194,-9.78,6.783,7.933,null,null,null,null,null,null,null,null,null,XGWATTXMMMANFJ,null,TRND,DeXPorPUwOgExRaErd,null,null,null,null,null,null,null,null,null,null,null,null,null,0,4,1,null,null,173032,0 0 0 1,1,1,2025-06-17 15:37:36,null,null,null,null,null,null,null,364791455,activity,null,HTS,null,4.95,7.194,-9.78,1.059,null,null,null,null,null,null,null,null,null,null,null,null,null,null,null,null,null,null,null,null,null,278940920
TRND-Glioblastoma_LOPAC_T98G-primary_screen2,NCGC00162169-05,activity,null,4,-21.513,-1.261,[H][C@@]2(CNC(=O)C1=C(O)C(CC)=CC(Cl)=C1OC)CCN(CC)C2,null,null,null,null,null,E101,SIGMA,2021_LOPAC_01,null,null,S-(-)-Eticlopride hydrochloride,null,4,null,null,null,17.489,-0.513,1.111,0.21,0.972,null,null,null,null,null,null,21,null,null,16.228,-1.261,50.573,48.486,null,null,null,null,null,null,null,null,null,RKXSQHTWNMDLJM,null,TRND,VqbwCiyWbIxSlsnGgk,null,null,null,null,CL,null,null,null,null,null,null,null,null,0,4,0,null,null,173032,0 0 0 0,1,1,2025-06-17 15:37:36,null,null,null,null,null,null,null,364790739,activity,null,HTS,null,16.228,6.044,2.826,-1.261,null,null,null,null,null,null,null,null,null,null,null,null,null,null,null,null,null,null,null,null,null,278940921
TRND-Glioblastoma_LOPAC_T98G-primary_screen2,NCGC00015305-07,activity,null,4,-16.358,-1.965,CCCN1C2=C(N(C)C=N2)C(=O)N(CCC)C1=O,null,null,null,null,null,D108,SIGMA,2021_LOPAC_01,null,null,"1,3-Dipropyl-7-methylxanthine",null,4,null,null,null,11.826,-4.358,0.6,0.407,0.883,null,null,null,null,null,null,12,null,null,9.861,-1.965,31.322,28.886,null,null,null,null,null,null,null,null,null,QVAYTZAGDQIWMB,null,TRND,TMfYeLdSNlQlvwiHeC,null,null,null,null,null,null,null,null,null,null,null,null,null,0,4,0,null,null,173032,0 0 0 0,1,1,2025-06-17 15:37:36,null,null,null,null,null,null,null,364791115,activity,null,HTS,null,9.861,3.674,3.463,-1.965,null,null,null,null,null,null,null,null,null,null,null,null,null,null,null,null,null,null,null,null,null,278940922
TRND-Glioblastoma_LOPAC_T98G-primary_screen2,NCGC00164561-12,activity,null,4,0,9.506,[H][C@@](O)(CO)[C@@]([H])(O)[C@]1([H])OC(=C[C@]([H])(NC(N)=N)[C@@]1([H])NC(C)=O)C(O)=O,null,null,null,null,null,SML0492,SIGMA,2021_LOPAC_01,null,null,Zanamivir,null,4,null,null,null,8.949,0,null,null,null,null,null,null,null,null,null,0,null,null,17.227,8.278,65.056,null,null,null,null,null,null,null,null,null,null,ARAIBEBZBOPLMB,null,TRND,gKBHndOQmfARInabGP,null,null,null,null,null,null,null,null,null,139110-80-8,null,null,null,0,4,null,null,null,173032,null,1,1,2025-06-17 15:37:36,null,null,null,null,null,null,null,364790847,activity,null,HTS,null,17.227,8.278,9.245,9.506,null,null,null,null,null,null,null,null,null,null,null,null,null,null,null,null,null,null,null,null,null,278940923
TRND-Glioblastoma_LOPAC_T98G-primary_screen2,NCGC00015616-07,activity,null,4,-24.986,-22.905,C(N1CCC2(CCCC3=C2C=CC=C3)CC1)C4=CC=CC=C4,null,null,null,null,null,L8539,SIGMA,2021_LOPAC_01,null,null,"L-687,384 hydrochloride",null,4,null,null,null,23.982,-23.986,1.885,0.097,0.994,null,null,null,null,null,null,1,null,null,1.077,-22.905,-19.156,-18.141,null,null,null,null,null,null,null,null,null,MLDCBJPLHBPJET,null,TRND,HbHPDHJQLhbQnuRWzv,null,null,null,null,CL,null,null,null,null,null,null,null,null,0,4,0,null,null,173032,0 0 0 0,1,1,2025-06-17 15:37:36,null,null,null,null,null,null,null,364795131,activity,null,HTS,null,0.306,1.077,-12.466,-22.905,null,null,null,null,null,null,null,null,null,null,null,null,null,null,null,null,null,null,null,null,null,278940924
TRND-Glioblastoma_LOPAC_T98G-primary_screen2,NCGC00015865-13,activity,null,4,-7.508,1.423,OC(=O)C1=C(N=CC=C1)C(O)=O,null,null,null,null,null,P63204,SIGMA,2021_LOPAC_01,null,null,Quinolinic acid,null,4,null,null,null,12.416,-0.508,4.955,0.635,0.626,null,null,null,null,null,null,7,null,null,10.326,-2.09,16.148,23.751,null,null,null,null,null,null,null,null,null,GJAWHXHKYYXBSV,null,TRND,RIqVIDsRqakmACKnGJ,null,null,null,null,null,null,null,null,null,89-00-9,null,null,null,0,4,0,null,null,173032,0 0 0 0,1,1,2025-06-17 15:37:36,null,null,null,null,null,null,null,364791939,activity,null,HTS,null,3.476,10.326,-2.09,1.423,null,null,null,null,null,null,null,null,null,null,null,null,null,null,null,null,null,null,null,null,null,278940925
TRND-Glioblastoma_LOPAC_T98G-primary_screen2,NCGC00015381-07,activity,null,4,7.5,9.667,OC(=O)CC1=CC(O)=C(O)C=C1,null,null,null,null,null,D9128,SIGMA,2021_LOPAC_01,null,null,"3,4-Dihydroxyphenylacetic acid",null,4,null,null,null,10.187,12.5,4.955,0.548,0.756,null,null,null,null,null,null,5,null,null,15.02,4.833,35.37,32.857,null,null,null,null,null,null,null,null,null,CFFZDZCDUFSOFZ,null,TRND,aOScWryFjJkuNKUNFf,null,null,null,null,null,null,null,null,null,102-32-9,null,null,null,0,4,0,null,null,173032,0 0 0 0,1,1,2025-06-17 15:37:36,null,null,null,null,null,null,null,364791067,activity,null,HTS,null,5.912,4.833,15.02,9.667,null,null,null,null,null,null,null,null,null,null,null,null,null,null,null,null,null,null,null,null,null,278940926
TRND-Glioblastoma_LOPAC_T98G-primary_screen2,NCGC00162286-04,activity,null,4,12,13.485,NC(=O)C1=CN(C=CC1)C2OC(COP([O-])(=O)OP([O-])(=O)OC[C@H]3O[C@H]([C@H](OP([O-])([O-])=O)C3O)N4C=NC5=C4N=CN=C5N)C(O)C2O,null,null,null,null,null,N7505,SIGMA,2021_LOPAC_01,null,null,NADPH tetrasodium,null,4,null,null,null,11.759,13.5,2.533,0.03,0.999,null,null,null,null,null,null,1.5,null,null,13.485,1.726,21.47,21.008,null,null,null,null,null,null,null,null,null,ACFIXJIJDZMPPO,null,TRND,sFyAbSdrJGclBQCBLE,null,null,null,null,SODIUM,null,null,null,null,null,null,null,null,0,4,0,null,null,173032,0 0 0 0,1,1,2025-06-17 15:37:36,null,null,null,null,null,null,null,364795435,activity,null,HTS,null,1.726,2.309,11.408,13.485,null,null,null,null,null,null,null,null,null,null,null,null,null,null,null,null,null,null,null,null,null,278940927
TRND-Glioblastoma_LOPAC_T98G-primary_screen2,NCGC00025073-10,activity,15.848932,-3,-67.752,-57.178,NC(=N)SCCC1=CC=C(OCC2=CC=C(C=C2)[N+]([O-])=O)C=C1,null,null,null,null,null,K4144,SIGMA,2021_LOPAC_01,-4.8,null,KB-R7493,null,-3,null,null,null,65.187,-60.252,4.095,0.013,1,null,null,null,null,null,null,7.5,null,null,8.009,-57.178,1.201,-0.081,null,null,null,null,null,null,null,null,null,UMJUNUMSJDTYTM,null,TRND,zcUtZdFZrgxtrTsKDs,null,null,null,null,SULFONICACID_V1,null,null,null,null,null,null,null,null,0,4,0,null,null,173032,0 0 0 0,1,1,2025-06-17 15:37:36,null,null,null,null,null,null,null,364792227,activity,null,HTS,23.337251,8.009,7.251,5.671,-57.178,null,null,null,null,null,null,null,null,null,null,null,null,null,null,null,null,null,null,null,null,null,278940928
TRND-Glioblastoma_LOPAC_T98G-primary_screen2,NCGC00015021-07,activity,null,4,15.152,-7.851,O=C1NC(=O)C2=C(N1)N=C3C=CC=CC3=N2,null,null,null,null,null,A242,SIGMA,2021_LOPAC_01,null,null,Alloxazine,null,4,null,null,null,15.552,-2,4.955,1,0.571,null,null,null,null,null,null,-17.152,null,null,1.259,-14.294,-49.245,-43.204,null,null,null,null,null,null,null,null,null,HAUGRYOERYOXHX,null,TRND,CBynwuxmOALyFxGypN,null,null,null,null,null,null,null,null,null,null,null,null,null,0,4,1,null,null,173032,0 0 0 1,1,1,2025-06-17 15:37:36,null,null,null,null,null,null,null,364794963,activity,null,HTS,null,-14.294,1.259,-8.537,-7.851,null,null,null,null,null,null,null,null,null,null,null,null,null,null,null,null,null,null,null,null,null,278940929
TRND-Glioblastoma_LOPAC_T98G-primary_screen2,NCGC00025228-20,activity,null,4,0,5.355,CC(=O)C1=C(O)C(CC2=C(O)C(C(=O)\C=C\C3=CC=CC=C3)=C4OC(C)(C)C=CC4=C2O)=C(O)C(C)=C1O,null,null,null,null,null,R5648,SIGMA,2021_LOPAC_01,null,null,Rottlerin,null,4,null,null,null,4.728,0,null,null,null,null,null,null,null,null,null,0,null,null,8.543,3.814,34.249,null,null,null,null,null,null,null,null,null,null,DEZFNHCVIZBHBI,null,TRND,xHvvraKCvGryQwiWnp,null,null,null,null,null,null,null,null,null,82-08-6,null,null,null,0,4,null,null,null,173032,null,1,1,2025-06-17 15:37:36,null,null,null,null,null,null,null,364791195,activity,null,HTS,null,8.543,7.24,3.814,5.355,null,null,null,null,null,null,null,null,null,null,null,null,null,null,null,null,null,null,null,null,null,278940930
TRND-Glioblastoma_LOPAC_T98G-primary_screen2,NCGC00015755-14,activity,null,4,0,-1.836,CC1=NC(N)=C(CNC(=O)N(CCCl)N=O)C=N1,null,null,null,null,null,N8659,SIGMA,2021_LOPAC_01,null,null,Nimustine hydrochloride,null,4,null,null,null,3.423,0,null,null,null,null,null,null,null,null,null,0,null,null,1.466,-1.957,-4.348,null,null,null,null,null,null,null,null,null,null,VFEDRRNHLBGPNN,null,TRND,GvNydEyVXSNKmofDAw,null,null,null,null,CL,null,null,null,null,42471-28-3,null,null,null,0,4,null,null,null,173032,null,1,1,2025-06-17 15:37:36,null,null,null,null,null,null,null,364791631,activity,null,HTS,null,-1.095,1.466,-1.957,-1.836,null,null,null,null,null,null,null,null,null,null,null,null,null,null,null,null,null,null,null,null,null,278940931
TRND-Glioblastoma_LOPAC_T98G-primary_screen2,NCGC00015083-12,activity,null,4,0,1.329,NCCCCNC(N)=N,null,null,null,null,null,A7127,SIGMA,2021_LOPAC_01,null,null,Agmatine sulfate,null,4,null,null,null,9.128,0,null,null,null,null,null,null,null,null,null,0,null,null,3.958,-5.17,8.349,null,null,null,null,null,null,null,null,null,null,QYPPJABKJHAVHS,null,TRND,NGHJVQJxHGaKNuCMxV,null,null,null,null,SULFURIC_ACID,null,null,null,null,2482-00-0,null,null,null,0,4,null,null,null,173032,null,1,1,2025-06-17 15:37:36,null,null,null,null,null,null,null,364793707,activity,null,HTS,null,3.958,0.404,-5.17,1.329,null,null,null,null,null,null,null,null,null,null,null,null,null,null,null,null,null,null,null,null,null,278940932
TRND-Glioblastoma_LOPAC_T98G-primary_screen2,NCGC00167492-12,activity,7.943282,-2.4,-75.618,-68.65,COC(=O)C1=C(C)NC(C)=C(C1C2=CC(=CC=C2)[N+]([O-])=O)C(=O)OC(C)(C)CN(C)CCC(C3=CC=CC=C3)C4=CC=CC=C4,null,null,null,null,null,L6668,SIGMA,2021_LOPAC_01,-5.1,null,Lercanidipine hydrochloride hemihydrate,null,-2.2,null,null,null,76.332,-74.618,1.885,0.259,0.956,null,null,null,null,null,null,1,null,null,7.682,-68.65,-72.038,-56.786,null,null,null,null,null,null,null,null,null,ZDXUKAKRHYTAKV,null,TRND,OhuWfHkJlvaoNysHrU,null,null,null,null,CL,null,null,null,null,132866-11-6,null,null,null,0,4,0,null,null,173032,0 0 0 0,1,1,2025-06-17 15:37:36,null,null,null,null,null,null,null,364794259,activity,null,HTS,11.56746,-6.341,7.682,-33.92,-68.65,null,null,null,null,null,null,null,null,null,null,null,null,null,null,null,null,null,null,null,null,null,278940933
TRND-Glioblastoma_LOPAC_T98G-primary_screen2,NCGC00087387-12,activity,null,4,-30.842,-27.369,CC1=CC(Cl)=CC=C1OCCCC(=O)NO,null,null,null,null,null,D6321,SIGMA,2021_LOPAC_01,null,null,Droxinostat,null,4,null,null,null,31.606,-29.842,4.955,0.254,0.958,null,null,null,null,null,null,1,null,null,4.238,-27.369,-18.451,-10.421,null,null,null,null,null,null,null,null,null,JHSXDAWGLCZYSM,null,TRND,OuKuXwygBFClBhPjcW,null,"Histone deacetylase 6, class IIB inhibitor",null,null,null,null,null,null,null,null,HDAC6,null,null,0,4,0,null,null,173032,0 0 0 0,1,1,2025-06-17 15:37:36,null,null,null,null,null,null,null,364795299,activity,null,HTS,null,-2.93,4.238,1.58,-27.369,null,null,null,null,null,null,null,null,null,null,null,null,null,null,null,null,null,null,null,null,null,278940934
TRND-Glioblastoma_LOPAC_T98G-primary_screen2,NCGC00162278-07,activity,null,4,-11.285,-1.071,C[C@@H]1O[C@H](C[N+](C)(C)C)C[C@H]1O,null,null,null,null,null,M104,SIGMA,2021_LOPAC_01,null,null,(±)-Muscarine chloride,null,4,null,null,null,13.994,-0.785,4.955,0.396,0.89,null,null,null,null,null,null,10.5,null,null,12.923,-1.071,31.034,37.046,null,null,null,null,null,null,null,null,null,UQOFGTXDASPNLL,null,TRND,UKLKXdKjYWtJQDetIt,null,null,null,null,CL,null,null,null,null,2303-35-7,null,null,null,0,4,0,null,null,173032,0 0 0 0,1,1,2025-06-17 15:37:36,null,null,null,null,null,null,null,364794059,activity,null,HTS,null,7.787,12.923,1.365,-1.071,null,null,null,null,null,null,null,null,null,null,null,null,null,null,null,null,null,null,null,null,null,278940935
TRND-Glioblastoma_LOPAC_T98G-primary_screen2,NCGC00015270-06,activity,null,4,0,6.127,OC(=O)C1=CC(=O)C=C(N1)C(O)=O,null,null,null,null,null,C8011,SIGMA,2021_LOPAC_01,null,null,Chelidamic acid,null,4,null,null,null,7.554,0,null,null,null,null,null,null,null,null,null,0,null,null,6.883,-0.671,10.483,null,null,null,null,null,null,null,null,null,null,XTLJJHGQACAZMS,null,TRND,ShwfCpcrITsrUgCOKl,null,null,null,null,H2O,null,null,null,null,null,null,null,null,0,4,null,null,null,173032,null,1,1,2025-06-17 15:37:36,null,null,null,null,null,null,null,364794003,activity,null,HTS,null,1.053,6.883,-0.671,6.127,null,null,null,null,null,null,null,null,null,null,null,null,null,null,null,null,null,null,null,null,null,278940936
TRND-Glioblastoma_LOPAC_T98G-primary_screen2,NCGC00015724-30,activity,null,4,-13.006,5.586,OC(=O)C1=C(NC2=CC=CC(=C2)C(F)(F)F)N=CC=C1,null,null,null,null,null,N0630,SIGMA,2021_LOPAC_01,null,null,Niflumic acid,null,4,null,null,null,13.508,-8.506,1.753,1,1,null,null,null,null,null,null,4.5,null,null,5.586,-7.921,-0.696,-1.297,null,null,null,null,null,null,null,null,null,JZFPYUNJRRFVQU,null,TRND,WqlpwGEiEHfnKjgusY,null,null,null,null,null,null,null,null,null,4394-00-7,null,null,null,0,4,1,null,null,173032,0 0 0 1,1,1,2025-06-17 15:37:36,null,null,null,null,null,null,null,364793467,activity,null,HTS,null,3.806,-2.224,-7.921,5.586,null,null,null,null,null,null,null,null,null,null,null,null,null,null,null,null,null,null,null,null,null,278940937
TRND-Glioblastoma_LOPAC_T98G-primary_screen2,NCGC00015840-19,activity,null,4,-12.083,-10.902,OC1=CC=C(CCC(=O)C2=C(O)C=C(O)C=C2O)C=C1,null,null,null,null,null,P7912,SIGMA,2021_LOPAC_01,null,null,Phloretin,null,4,null,null,null,14.278,-12.083,4.955,0.496,0.81,null,null,null,null,null,null,0,null,null,3.376,-10.902,-5.48,-5.594,null,null,null,null,null,null,null,null,null,VGEREEWJJVICBM,null,TRND,mHUgJphvBDPMubtoIP,null,Vascular cell adhesion protein 1 Expression inhibitor,null,null,null,null,null,null,null,60-82-2,VCAM1,null,null,0,4,0,null,null,173032,0 0 0 0,1,1,2025-06-17 15:37:36,null,null,null,null,null,null,null,364793743,activity,null,HTS,null,0.023,-3.111,3.376,-10.902,null,null,null,null,null,null,null,null,null,null,null,null,null,null,null,null,null,null,null,null,null,278940938
TRND-Glioblastoma_LOPAC_T98G-primary_screen2,NCGC00015110-23,activity,null,4,-10.51,-2.508,CCC1(CCC(=O)NC1=O)C2=CC=C(N)C=C2,null,null,null,null,null,A9657,SIGMA,2021_LOPAC_01,null,null,(±)-p-Aminoglutethimide,null,4,null,null,null,10.408,-0.51,4.955,0.512,0.796,null,null,null,null,null,null,10,null,null,7.9,-2.508,21.426,21.052,null,null,null,null,null,null,null,null,null,ROBVIMPUHSLWNV,null,TRND,zxvAjEtzosTlUJNfNT,null,Aromatase inhibitor,null,null,null,null,null,null,null,125-84-8,CYP19A1,null,null,0,4,0,null,null,173032,0 0 0 0,1,1,2025-06-17 15:37:36,null,null,null,null,null,null,null,364792983,activity,null,HTS,null,7.9,-1.314,2.488,-2.508,null,null,null,null,null,null,null,null,null,null,null,null,null,null,null,null,null,null,null,null,null,278940939
TRND-Glioblastoma_LOPAC_T98G-primary_screen2,NCGC00015993-07,activity,null,4,0,2.355,CP([O-])(=O)C1=CC[NH2+]CC1,null,null,null,null,null,T200,SIGMA,2021_LOPAC_01,null,null,TPMPA,null,4,null,null,null,5.6,0,null,null,null,null,null,null,null,null,null,0,null,null,6.833,1.233,15.681,null,null,null,null,null,null,null,null,null,null,MFUKVPOVVKKLRQ,null,TRND,nFXRCoayexdnNtheJZ,null,null,null,null,H2O,null,null,null,null,182485-36-5,null,null,null,0,4,null,null,null,173032,null,1,1,2025-06-17 15:37:36,null,null,null,null,null,null,null,364794743,activity,null,HTS,null,3.173,6.833,1.233,2.355,null,null,null,null,null,null,null,null,null,null,null,null,null,null,null,null,null,null,null,null,null,278940940
TRND-Glioblastoma_LOPAC_T98G-primary_screen2,NCGC00379182-04,activity,null,4,0,-2.285,CC1=CC(CN)=CC(C)=C1NC(=O)C2=CC=C(O2)C3=C(Cl)C=CC(Cl)=C3,null,null,null,null,null,SML1066,SIGMA,2021_LOPAC_01,null,null,CYM50358,null,4,null,null,null,7.608,0,null,null,null,null,null,null,null,null,null,0,null,null,5.323,-2.285,17.066,null,null,null,null,null,null,null,null,null,null,QWJOPXDAQCDRRM,null,TRND,JagfnJBoAEcgqsUdNL,null,null,null,null,null,null,null,null,null,null,null,null,null,0,4,null,null,null,173032,null,1,1,2025-06-17 15:37:36,null,null,null,null,null,null,null,364790459,activity,null,HTS,null,5.323,2.625,2.373,-2.285,null,null,null,null,null,null,null,null,null,null,null,null,null,null,null,null,null,null,null,null,null,278940941
TRND-Glioblastoma_LOPAC_T98G-primary_screen2,NCGC00015269-12,activity,null,4,0,-9.401,CN(C1CCCCC1)C(=O)CCCOC2=CC3=C(NC(=O)C=C3)C=C2,null,null,null,null,null,C7971,SIGMA,2021_LOPAC_01,null,null,Cilostamide,null,4,null,null,null,9.931,0,null,null,null,null,null,null,null,null,null,0,null,null,0.53,-9.401,-6.054,null,null,null,null,null,null,null,null,null,null,UIAYVIIHMORPSJ,null,TRND,RxdwXcuXPBZdZygaRe,null,null,null,null,null,null,null,null,null,68550-75-4,null,null,null,0,4,null,null,null,173032,null,1,1,2025-06-17 15:37:36,null,null,null,null,null,null,null,364793363,activity,null,HTS,null,-0.541,0.025,0.53,-9.401,null,null,null,null,null,null,null,null,null,null,null,null,null,null,null,null,null,null,null,null,null,278940942
TRND-Glioblastoma_LOPAC_T98G-primary_screen2,NCGC00024948-07,activity,null,4,-5.816,0.207,CCOC(=O)C12CC1\C(=N/O)C3=C(O2)C=CC=C3,null,null,null,null,null,SML1124,SIGMA,2021_LOPAC_01,null,null,CPCCOEt,null,4,null,null,null,10.104,-1.316,4.955,0.675,0.549,null,null,null,null,null,null,4.5,null,null,7.758,-2.347,7.314,14.065,null,null,null,null,null,null,null,null,null,FXCTZFMSAHZQTR,null,TRND,WbLOALOQxVAlVntTbv,null,null,null,null,null,null,null,null,null,null,null,null,null,0,4,0,null,null,173032,0 0 0 0,1,1,2025-06-17 15:37:36,null,null,null,null,null,null,null,364793539,activity,null,HTS,null,1.234,7.758,-2.347,0.207,null,null,null,null,null,null,null,null,null,null,null,null,null,null,null,null,null,null,null,null,null,278940943
TRND-Glioblastoma_LOPAC_T98G-primary_screen2,NCGC00015303-08,activity,null,4,0,0.903,CC(N)C1=CC=CC(Cl)=C1Cl,null,null,null,null,null,D103,SIGMA,2021_LOPAC_01,null,null,"(±)-2,3-Dichloro-alpha-methylbenzylamine hydrochloride",null,4,null,null,null,3.157,0,null,null,null,null,null,null,null,null,null,0,null,null,3.464,0.307,12.24,null,null,null,null,null,null,null,null,null,null,CZJMQTZQSNUDNV,null,TRND,gtTyAlHckqfFAhApRk,null,null,null,null,CL,null,null,null,null,null,null,null,null,0,4,null,null,null,173032,null,1,1,2025-06-17 15:37:36,null,null,null,null,null,null,null,364794935,activity,null,HTS,null,3.464,2.774,0.307,0.903,null,null,null,null,null,null,null,null,null,null,null,null,null,null,null,null,null,null,null,null,null,278939991
TRND-Glioblastoma_LOPAC_T98G-primary_screen2,NCGC00015705-22,activity,null,4,0,-6.854,CC12CC3CC(C)(C1)CC(N)(C3)C2,null,null,null,null,null,M9292,SIGMA,2021_LOPAC_01,null,null,Memantine hydrochloride,null,4,null,null,null,9.735,0,null,null,null,null,null,null,null,null,null,0,null,null,2.881,-6.854,-3.765,null,null,null,null,null,null,null,null,null,null,BUGYDGFZZOZRHP,null,TRND,DMaDpFikEwdAIcqTpn,null,NMDA Receptor antagonist,null,null,CL,null,null,null,null,41100-52-1,GRIN1,null,null,0,4,null,null,null,173032,null,1,1,2025-06-17 15:37:36,null,null,null,null,null,null,null,364794843,activity,null,HTS,null,-0.816,2.881,0.127,-6.854,null,null,null,null,null,null,null,null,null,null,null,null,null,null,null,null,null,null,null,null,null,278939992
TRND-Glioblastoma_LOPAC_T98G-primary_screen2,NCGC00183105-04,activity,null,4,-8.426,3.636,CCCCC(F)(F)[C@@]1(O)CC[C@H]2[C@@H](CC(=O)[C@@H]2CCCCCCC(O)=O)O1,null,null,null,null,null,SmL1173,SIGMA,2021_LOPAC_01,null,null,Lubiprostone,null,4,null,null,null,11.164,0.574,4.504,0.542,0.762,null,null,null,null,null,null,9,null,null,9.143,-2.021,30.186,30.133,null,null,null,null,null,null,null,null,null,WGFOBBZOWHGYQH,null,TRND,tAbZdeYHwACNGjWdMD,null,Chloride Channel Protein 2 activator,null,null,null,null,null,null,null,136790-76-6,CLCN2,null,null,0,4,0,null,null,173032,0 0 0 0,1,1,2025-06-17 15:37:36,null,null,null,null,null,null,null,364792451,activity,null,HTS,null,9.143,6.174,-2.021,3.636,null,null,null,null,null,null,null,null,null,null,null,null,null,null,null,null,null,null,null,null,null,278939993
TRND-Glioblastoma_LOPAC_T98G-primary_screen2,NCGC00092350-11,activity,null,4,6.79,0.12,NC1=NC2=C(C=NN2CCC3=CC=CC=C3)C4=NC(=NN14)C5=CC=CO5,null,null,null,null,null,S4568,SIGMA,2021_LOPAC_01,null,null,SCH 58261,null,4,null,null,null,11.615,2,4.955,0.591,0.698,null,null,null,null,null,null,-4.79,null,null,4.29,-7.325,-8.983,-14.241,null,null,null,null,null,null,null,null,null,UTLPKQYUXOEJIL,null,TRND,RbnQKNZrkPBtfMrAeW,null,null,null,null,null,null,null,null,null,160098-96-4,null,null,null,0,4,0,null,null,173032,0 0 0 0,1,1,2025-06-17 15:37:36,null,null,null,null,null,null,null,364794183,activity,null,HTS,null,-2.496,-7.325,4.29,0.12,null,null,null,null,null,null,null,null,null,null,null,null,null,null,null,null,null,null,null,null,null,278939994
TRND-Glioblastoma_LOPAC_T98G-primary_screen2,NCGC00092310-18,activity,null,4,15.84,3.421,CCN1CCCC1CNC(=O)C2=C(OC)C=C(N)C(=C2)[S+]([O-])(=O)CC,null,null,null,null,null,A2729,SIGMA,2021_LOPAC_01,null,null,Amisulpride,null,4,null,null,null,11.228,13,1.222,1,1,null,null,null,null,null,null,-2.84,null,null,9.278,-1.95,7.483,9.299,null,null,null,null,null,null,null,null,null,UYNLYBPIAORSSZ,null,TRND,kDNKREJNwmnHsQlYMx,null,Dopamine Receptor D2 antagonist,null,null,null,null,null,null,null,71675-85-9,DRD2,null,null,0,4,1,null,null,173032,0 0 0 1,1,1,2025-06-17 15:37:36,null,null,null,null,null,null,null,364791523,activity,null,HTS,null,-1.95,2.187,9.278,3.421,null,null,null,null,null,null,null,null,null,null,null,null,null,null,null,null,null,null,null,null,null,278939995
TRND-Glioblastoma_LOPAC_T98G-primary_screen2,NCGC00161411-08,activity,null,4,0,14.231,CCCCCCC(=O)OC1CC(C)(C)NC(C)(C)C1,null,null,null,null,null,T5576,SIGMA,2021_LOPAC_01,null,null,TMPH hydrochloride,null,4,null,null,null,7.663,0,null,null,null,null,null,null,null,null,null,0,null,null,21.894,14.231,91.543,null,null,null,null,null,null,null,null,null,null,PWWKJRFUJIFGGD,null,TRND,LxpqWpAqwlkvIliFEm,null,null,null,null,CL,null,null,null,null,null,null,null,null,0,4,null,null,null,173032,null,1,1,2025-06-17 15:37:36,null,null,null,null,null,null,null,364790695,activity,null,HTS,null,21.894,18.544,14.792,14.231,null,null,null,null,null,null,null,null,null,null,null,null,null,null,null,null,null,null,null,null,null,278939996
TRND-Glioblastoma_LOPAC_T98G-primary_screen2,NCGC00015881-08,activity,null,4,0,4.211,OC1=CC(=CC(=C1O)[N+]([O-])=O)C(=O)C2=C(F)C=CC=C2,null,null,null,null,null,R108,SIGMA,2021_LOPAC_01,null,null,Ro 41-0960,null,4,null,null,null,8.386,0,null,null,null,null,null,null,null,null,null,0,null,null,6.826,-1.56,24.78,null,null,null,null,null,null,null,null,null,null,RQPAUNZYTYHKHA,null,TRND,DXqWiGSzvfInlCeHZV,null,null,null,null,null,null,null,null,null,null,null,null,null,0,4,null,null,null,173032,null,1,1,2025-06-17 15:37:36,null,null,null,null,null,null,null,364790587,activity,null,HTS,null,6.826,6.746,-1.56,4.211,null,null,null,null,null,null,null,null,null,null,null,null,null,null,null,null,null,null,null,null,null,278939997
TRND-Glioblastoma_LOPAC_T98G-primary_screen2,NCGC00015647-36,activity,0.316228,5,-9.909,-69.596,COC(=O)NC1=NC2=C(N1)C=CC(=C2)C(=O)C3=CC=CS3,null,null,null,null,null,M1404,SIGMA,2021_LOPAC_01,-6.5,null,Nocodazole,null,-1.4,null,null,null,9.091,-72.209,4.955,0.545,0.761,null,null,null,null,null,null,-62.301,null,null,-65.25,-74.341,-320.683,-320.106,null,null,null,null,null,null,null,null,null,KYRVNWMVYQXFEU,null,TRND,xiXnOIfyUIynxhBhYq,null,Tubulin polymerization inhibitor,null,null,null,null,null,null,null,31430-18-9,TUBB,null,null,0,4,0,null,null,173032,0 0 0 0,1,1,2025-06-17 15:37:36,null,null,null,null,null,null,null,364791207,activity,null,HTS,null,-65.25,-74.341,-73.025,-69.596,null,null,null,null,null,null,null,null,null,null,null,null,null,null,null,null,null,null,null,null,null,278939998
TRND-Glioblastoma_LOPAC_T98G-primary_screen2,NCGC00164563-16,activity,null,4,0,0.047,NC1=NC2=C(N=CN2[C@H]3C[C@H](O)[C@@H](CO)C3=C)C(=O)N1,null,null,null,null,null,SML1103,SIGMA,2021_LOPAC_01,null,null,Entecavir,null,4,null,null,null,3.891,0,null,null,null,null,null,null,null,null,null,0,null,null,3.937,0.047,12.614,null,null,null,null,null,null,null,null,null,null,QDGZDCVAUDNJFG,null,TRND,oZcnKcAROqTOUlcQCh,null,null,null,null,null,null,null,null,null,142217-69-4,null,null,null,0,4,null,null,null,173032,null,1,1,2025-06-17 15:37:36,null,null,null,null,null,null,null,364794799,activity,null,HTS,null,3.937,1.239,1.14,0.047,null,null,null,null,null,null,null,null,null,null,null,null,null,null,null,null,null,null,null,null,null,278939999
TRND-Glioblastoma_LOPAC_T98G-primary_screen2,NCGC00015364-08,activity,null,4,0,7.942,C1=CC=C(N=C1)C2=NC=CC=C2,null,null,null,null,null,D7505,SIGMA,2021_LOPAC_01,null,null,"2,2 -Bipyridyl",null,4,null,null,null,6.905,0,null,null,null,null,null,null,null,null,null,0,null,null,13.878,6.973,53.259,null,null,null,null,null,null,null,null,null,null,ROFVEXUMMXZLPA,null,TRND,UXLwPnbajOrpHlTdRs,null,null,null,null,null,null,null,null,null,366-18-7,null,null,null,0,4,null,null,null,173032,null,1,1,2025-06-17 15:37:36,null,null,null,null,null,null,null,364795015,activity,null,HTS,null,13.878,8.148,6.973,7.942,null,null,null,null,null,null,null,null,null,null,null,null,null,null,null,null,null,null,null,null,null,278940000
TRND-Glioblastoma_LOPAC_T98G-primary_screen2,NCGC00024683-38,activity,19.952623,-3,-59.769,-53.489,C\C1=C/CC[C@@]2(C)O[C@H]2[C@H]3OC(=O)C(=C)[C@@H]3CC1,null,null,null,null,null,P0667,SIGMA,2021_LOPAC_01,-4.7,null,Parthenolide,null,-3,null,null,null,58.941,-57.769,4.955,0.132,0.989,null,null,null,null,null,null,2,null,null,5.452,-53.489,-27.011,-19.903,null,null,null,null,null,null,null,null,null,KTEXNACQROZXEV,null,TRND,uhdIKYmZVtgOvPyrmo,null,NF-kappaB (NFKB) Activation inhibitor,null,null,null,null,null,null,null,[NO STEREO] 20554-84-1,NFKB1,null,null,0,4,0,null,null,173032,0 0 0 0,1,1,2025-06-17 15:37:36,null,null,null,null,null,null,null,364794755,activity,null,HTS,29.053426,-1.171,0.779,5.452,-53.489,null,null,null,null,null,null,null,null,null,null,null,null,null,null,null,null,null,null,null,null,null,278940001
TRND-Glioblastoma_LOPAC_T98G-primary_screen2,NCGC00159460-15,activity,null,4,-8.674,-12.323,[H][C@@](O)(CN1CCN(CC2=CC=CN=C2)C[C@@]1([H])C(=O)NC(C)(C)C)C[C@@]([H])(CC3=CC=CC=C3)C(=O)N[C@@]4([H])C5=CC=CC=C5C[C@@]4([H])O,null,null,null,null,null,SML0189,SIGMA,2021_LOPAC_01,null,null,Indinavir sulfate salt hydrate,null,4,null,null,null,10.145,-10.788,4.955,0.4,0.888,null,null,null,null,null,null,-2.114,null,null,-2.178,-12.323,-25.105,-25.468,null,null,null,null,null,null,null,null,null,CBVCZFGXHXORBI,null,TRND,lSqWUIUWYuTersLiva,null,null,null,null,H-SULFATE,null,null,null,null,150378-17-9,null,null,null,0,4,0,null,null,173032,0 0 0 0,1,1,2025-06-17 15:37:36,null,null,null,null,null,null,null,364792431,activity,null,HTS,null,-2.178,-9.171,-8.827,-12.323,null,null,null,null,null,null,null,null,null,null,null,null,null,null,null,null,null,null,null,null,null,278940002
TRND-Glioblastoma_LOPAC_T98G-primary_screen2,NCGC00015009-26,activity,null,4,0,-3.206,NC1=CC=NC=C1,null,null,null,null,null,A0152,SIGMA,2021_LOPAC_01,null,null,4-Aminopyridine,null,4,null,null,null,8.91,0,null,null,null,null,null,null,null,null,null,0,null,null,5.704,-3.206,-7.403,null,null,null,null,null,null,null,null,null,null,NUKYPUAOHBNCPY,null,TRND,FyIrkcxPbUCeUvwMvs,null,null,null,null,null,null,null,null,null,504-24-5,null,null,null,0,4,null,null,null,173032,null,1,1,2025-06-17 15:37:36,null,null,null,null,null,null,null,364792303,activity,null,HTS,null,-3.151,5.704,-1.371,-3.206,null,null,null,null,null,null,null,null,null,null,null,null,null,null,null,null,null,null,null,null,null,278940003
TRND-Glioblastoma_LOPAC_T98G-primary_screen2,NCGC00162359-09,activity,null,4,-10.893,-0.407,CC1=CC=C(C=C1)[S+]([O-])(=O)N[C@@H](CCCCN)C(=O)CCl,null,null,null,null,null,T7254,SIGMA,2021_LOPAC_01,null,null,Na-p-Tosyl-L-lysine chloromethyl ketone hydrochloride,null,4,null,null,null,12.183,-9.607,4.955,1,0.689,null,null,null,null,null,null,1.285,null,null,-0.407,-12.589,-21.935,-24.034,null,null,null,null,null,null,null,null,null,OSCHUFJXXXIMKM,null,TRND,xMfDdTVyWaqIQtdUOC,null,null,null,null,CL,null,null,null,null,null,null,null,null,0,4,1,null,null,173032,0 0 0 1,1,1,2025-06-17 15:37:36,null,null,null,null,null,null,null,364794191,activity,null,HTS,null,-1.846,-12.589,-6.544,-0.407,null,null,null,null,null,null,null,null,null,null,null,null,null,null,null,null,null,null,null,null,null,278940004
TRND-Glioblastoma_LOPAC_T98G-primary_screen2,NCGC00015736-10,activity,null,4,0,2.375,COC1=C(C=CC=C1)N2CCN(CCCCN3C(=O)C4=C(C=CC=C4)C3=O)CC2,null,null,null,null,null,N3529,SIGMA,2021_LOPAC_01,null,null,NAN-190 hydrobromide,null,4,null,null,null,5.315,0,null,null,null,null,null,null,null,null,null,0,null,null,7.207,1.892,27.258,null,null,null,null,null,null,null,null,null,null,SJDOMIRMMUGQQK,null,TRND,IZiQDqhNfhaQqAyjfx,null,null,null,null,BR,null,null,null,null,null,null,null,null,0,4,null,null,null,173032,null,1,1,2025-06-17 15:37:36,null,null,null,null,null,null,null,364795403,activity,null,HTS,null,7.207,1.892,6.703,2.375,null,null,null,null,null,null,null,null,null,null,null,null,null,null,null,null,null,null,null,null,null,278940005
TRND-Glioblastoma_LOPAC_T98G-primary_screen2,NCGC00183808-19,activity,19.952623,-3,-39.151,-34.399,CN(C)CCCNC(=O)C1=CC=C(C=C1)C2=CC3=CC=CN=C3C(O)=C2,null,null,null,null,null,SML0741,SIGMA,2021_LOPAC_01,-4.7,null,ML324,null,-3,null,null,null,37.786,-37.151,4.955,0.128,0.99,null,null,null,null,null,null,2,null,null,3.387,-34.399,-15.446,-9.795,null,null,null,null,null,null,null,null,null,QDBVSOZTVKXUES,null,TRND,aSFvbJKlVAMbRgKDHF,null,Lysine-Specific Demethylase 4E inhibitor,null,null,null,null,null,null,null,null,KDM4E,null,null,0,4,0,null,null,173032,0 0 0 0,1,1,2025-06-17 15:37:36,null,null,null,null,null,null,null,364791879,activity,null,HTS,null,-0.636,2.911,3.387,-34.399,null,null,null,null,null,null,null,null,null,null,null,null,null,null,null,null,null,null,null,null,null,278940006
TRND-Glioblastoma_LOPAC_T98G-primary_screen2,NCGC00379228-07,activity,8.912509,-2.4,-54.086,-47.572,CCC(C)CNCC(=O)N1CCC2=C(C=CS2)C1COC3=CC(C)=CC=C3,null,null,null,null,null,SML1000,SIGMA,2021_LOPAC_01,-5.05,null,RU-SKI 43 maleate,null,-2.2,null,null,null,53.934,-50.086,2.333,0.126,0.99,null,null,null,null,null,null,4,null,null,6.363,-47.572,-27.71,-21.615,null,null,null,null,null,null,null,null,null,AEENEMOEBJOKGN,null,TRND,SlRqpbaYphbycUoNid,null,null,null,null,MALEATE,null,null,null,null,null,null,null,null,0,4,0,null,null,173032,0 0 0 0,1,1,2025-06-17 15:37:36,null,null,null,null,null,null,null,364794159,activity,null,HTS,33.3,1.094,6.363,-14.565,-47.572,null,null,null,null,null,null,null,null,null,null,null,null,null,null,null,null,null,null,null,null,null,278940007
TRND-Glioblastoma_LOPAC_T98G-primary_screen2,NCGC00351432-13,activity,10,-3,-50.912,-46.414,OCCNC(=O)C1=CC=CC(=C1)C2=CC(NC3=CC=C(OC(F)(F)F)C=C3)=NC=N2,null,null,null,null,null,SML0511,SIGMA,2021_LOPAC_01,-5,null,GNF-5,null,-3,null,null,null,53.125,-46.912,4.504,0.114,0.992,null,null,null,null,null,null,4,null,null,6.711,-46.414,-7.152,-12.8,null,null,null,null,null,null,null,null,null,IIQUYGWWHIHOCF,null,TRND,CuYAlyFVGnoKayjZlo,null,null,null,null,null,null,null,null,null,null,null,null,null,0,4,0,null,null,173032,0 0 0 0,1,1,2025-06-17 15:37:36,null,null,null,null,null,null,null,364791695,activity,null,HTS,null,6.711,1.362,-3.332,-46.414,null,null,null,null,null,null,null,null,null,null,null,null,null,null,null,null,null,null,null,null,null,278940008
TRND-Glioblastoma_LOPAC_T98G-primary_screen2,NCGC00093797-06,activity,null,4,0,1.284,[H][C@]1(C)C2CC3=C(C=C(O)C=C3)[C@]1(C)CCN2CC4CC4,null,null,null,null,null,C147,SIGMA,2021_LOPAC_01,null,null,(+)-Cyclazocine,null,4,null,null,null,3.649,0,null,null,null,null,null,null,null,null,null,0,null,null,1.983,-1.666,-3.246,null,null,null,null,null,null,null,null,null,null,YQYVFVRQLZMJKJ,null,TRND,cNUYQivumUHIJcuauq,null,null,null,null,null,null,null,null,null,[NO STEREO] 3572-80-3,null,null,null,0,4,null,null,null,173032,null,1,1,2025-06-17 15:37:36,null,null,null,null,null,null,null,364792963,activity,null,HTS,null,-1.666,-0.977,1.983,1.284,null,null,null,null,null,null,null,null,null,null,null,null,null,null,null,null,null,null,null,null,null,278940009
TRND-Glioblastoma_LOPAC_T98G-primary_screen2,NCGC00402322-06,activity,null,4,-40.342,-29.452,CCN1\C(SC2=C1C=C(O)C=C2)=C\C(C)=O,null,null,null,null,null,SML1011,SIGMA,2021_LOPAC_01,null,null,INDY,null,4,null,null,null,33.776,-33.342,0.91,0.091,0.995,null,null,null,null,null,null,7,null,null,4.324,-29.452,-18.862,-19.407,null,null,null,null,null,null,null,null,null,GCSZJMUFYOAHFY,null,TRND,uxpqvTEuexNwarCyKA,null,null,null,null,null,null,null,null,null,null,null,null,null,0,4,0,null,null,173032,0 0 0 0,1,1,2025-06-17 15:37:36,null,null,null,null,null,null,null,364793191,activity,null,HTS,null,4.324,-4.913,-17.084,-29.452,null,null,null,null,null,null,null,null,null,null,null,null,null,null,null,null,null,null,null,null,null,278940010
TRND-Glioblastoma_LOPAC_T98G-primary_screen2,NCGC00016016-30,activity,10,-2.2,-79.471,-72.781,NC1=NC(N)=C2N=C(C3=CC=CC=C3)C(N)=NC2=N1,null,null,null,null,null,T4143,SIGMA,2021_LOPAC_01,-5,null,Triamterene,null,-2.2,null,null,null,78.168,-74.471,3.247,0.018,1,null,null,null,null,null,null,5,null,null,5.387,-72.781,-28.9,-29.3,null,null,null,null,null,null,null,null,null,FNYLWPVRPXGIIP,null,TRND,IzQbkDkLrJNkrGLsbx,null,null,null,null,null,null,null,null,null,396-01-0,null,null,null,0,4,0,null,null,173032,0 0 0 0,1,1,2025-06-17 15:37:36,null,null,null,null,null,null,null,364795407,activity,null,HTS,12.461121,5.387,4.15,-12.138,-72.781,null,null,null,null,null,null,null,null,null,null,null,null,null,null,null,null,null,null,null,null,null,278940011
TRND-Glioblastoma_LOPAC_T98G-primary_screen2,NCGC00162068-12,activity,null,4,0,-6.237,OCCN1CCN(CCCN2C3=C(C=CC=C3)C=CC4=C2C=CC=C4)CC1,null,null,null,null,null,O5889,SIGMA,2021_LOPAC_01,null,null,Opipramol dihydrochloride,null,4,null,null,null,9.514,0,null,null,null,null,null,null,null,null,null,0,null,null,3.277,-6.237,-13.448,null,null,null,null,null,null,null,null,null,null,YNZFUWZUGRBMHL,null,TRND,uEUAngvkNXtVCueOMv,null,null,null,null,CL,null,null,null,null,null,null,null,null,0,4,null,null,null,173032,null,1,1,2025-06-17 15:37:36,null,null,null,null,null,null,null,364793047,activity,null,HTS,null,-3.65,3.277,-3.332,-6.237,null,null,null,null,null,null,null,null,null,null,null,null,null,null,null,null,null,null,null,null,null,278940012
TRND-Glioblastoma_LOPAC_T98G-primary_screen2,NCGC00015987-18,activity,null,4,0,14.673,CN1CCN(CC(=O)N2C3=C(C)SC=C3C(=O)NC4=C2C=CC=C4)CC1,null,null,null,null,null,T122,SIGMA,2021_LOPAC_01,null,null,Telenzepine dihydrochloride,null,4,null,null,null,5.635,0,null,null,null,null,null,null,null,null,null,0,null,null,14.673,9.038,51.806,null,null,null,null,null,null,null,null,null,null,VSWPGAIWKHPTKX,null,TRND,hqvmukCLMphCCUxfwp,null,null,null,null,HCL,null,null,null,null,GRT01204,null,null,null,0,4,null,null,null,173032,null,1,1,2025-06-17 15:37:36,null,null,null,null,null,null,null,364790907,activity,null,HTS,null,10.936,9.038,10.623,14.673,null,null,null,null,null,null,null,null,null,null,null,null,null,null,null,null,null,null,null,null,null,278940013
TRND-Glioblastoma_LOPAC_T98G-primary_screen2,NCGC00096077-25,activity,null,4,-9.159,-4.299,CN1CCN(CC1)C2=NC3=CC=CC=C3NC4=C2C=C(C)S4,null,null,null,null,null,O1141,SIGMA,2021_LOPAC_01,null,null,Olanzapine ,null,4,null,null,null,11.136,-4.659,2.406,0.513,0.795,null,null,null,null,null,null,4.5,null,null,6.837,-4.299,8.154,13.847,null,null,null,null,null,null,null,null,null,KVWDHTXUZHCGIO,null,TRND,uCORxJwfBrSXrxkIzx,null,5-HT2A Receptor antagonist,null,null,null,null,null,null,null,GRT01148,HTR2A,null,null,0,4,0,null,null,173032,0 0 0 0,1,1,2025-06-17 15:37:36,null,null,null,null,null,null,null,364792243,activity,null,HTS,null,1.86,6.837,0.679,-4.299,null,null,null,null,null,null,null,null,null,null,null,null,null,null,null,null,null,null,null,null,null,278940014
TRND-Glioblastoma_LOPAC_T98G-primary_screen2,NCGC00178241-34,activity,null,4,0,1.838,[NH3+][Pt--]([NH3+])(Cl)Cl,null,null,null,null,null,P4394,SIGMA,2021_LOPAC_01,null,null,Cisplatin(Cis-Diammineplatinum),null,4,null,null,null,4.858,0,null,null,null,null,null,null,null,null,null,0,null,null,5.891,1.033,15.879,null,null,null,null,null,null,null,null,null,null,LXZZYRPGZAFOLE,null,TRND,VyPPsctLSVQXfBPRux,null,DNA Alkylating Drug,null,null,null,null,null,null,null,15663-27-1,H2AX,null,null,0,4,null,null,null,173032,null,1,1,2025-06-17 15:37:36,null,null,null,null,null,null,null,364792887,activity,null,HTS,null,3.629,1.033,5.891,1.838,null,null,null,null,null,null,null,null,null,null,null,null,null,null,null,null,null,null,null,null,null,278940015
TRND-Glioblastoma_LOPAC_T98G-primary_screen2,NCGC00015220-06,activity,null,4,-20.893,-11.578,NC(=O)C1=CC(N2CC2)=C(C=C1[N+]([O-])=O)[N+]([O-])=O,null,null,null,null,null,C2235,SIGMA,2021_LOPAC_01,null,null,CB 1954,null,4,null,null,null,17.465,-11.893,0.931,0.242,0.962,null,null,null,null,null,null,9,null,null,5.887,-11.578,3.668,1.188,null,null,null,null,null,null,null,null,null,WOCXQMCIOTUMJV,null,TRND,UluGWmDOpVQYGauzXD,null,null,null,null,null,null,null,null,null,21919-05-1,null,null,null,0,4,0,null,null,173032,0 0 0 0,1,1,2025-06-17 15:37:36,null,null,null,null,null,null,null,364792751,activity,null,HTS,null,5.887,-2.997,-6.421,-11.578,null,null,null,null,null,null,null,null,null,null,null,null,null,null,null,null,null,null,null,null,null,278940016
TRND-Glioblastoma_LOPAC_T98G-primary_screen2,NCGC00686543-02,activity,null,4,11.792,-3.626,CCOC(=O)C(=C)CC1=C(Cl)C=CC=C1,null,null,null,null,null,SML2239,SIGMA,2021_LOPAC_01,null,null,INF39,null,4,null,null,null,11.249,7,3.247,1,1,null,null,null,null,null,null,-4.792,null,null,6.423,-4.826,-8.157,-7.87,null,null,null,null,null,null,null,null,null,VTAOWWAFBSFWSG,null,TRND,pPWwCRzJVQHeJHBCjT,null,null,null,null,null,null,null,null,null,null,null,null,null,0,4,1,null,null,173032,0 0 0 1,1,1,2025-06-17 15:37:36,null,null,null,null,null,null,null,364794415,activity,null,HTS,null,-4.826,-3.766,6.423,-3.626,null,null,null,null,null,null,null,null,null,null,null,null,null,null,null,null,null,null,null,null,null,278940017
TRND-Glioblastoma_LOPAC_T98G-primary_screen2,NCGC00370786-07,activity,null,4,-17.598,-12.582,COC1=CC=C(OCC2N(CCC3=CC(OC)=C(OC)C=C23)C(=O)C4=CC(Cl)=CC=C4)C=C1,null,null,null,null,null,SML0229,SIGMA,2021_LOPAC_01,null,null,CIQ,null,4,null,null,null,16.705,-14.098,4.955,0.101,0.994,null,null,null,null,null,null,3.5,null,null,4.123,-12.582,8.566,7.819,null,null,null,null,null,null,null,null,null,VYMILMYEENZHAR,null,TRND,wLtwxvaFRPmBycoOfx,null,null,null,null,null,null,null,null,null,null,null,null,null,0,4,0,null,null,173032,0 0 0 0,1,1,2025-06-17 15:37:36,null,null,null,null,null,null,null,364794103,activity,null,HTS,null,3.752,2.698,4.123,-12.582,null,null,null,null,null,null,null,null,null,null,null,null,null,null,null,null,null,null,null,null,null,278940018
TRND-Glioblastoma_LOPAC_T98G-primary_screen2,NCGC00016041-06,activity,null,4,0,0.556,NC(=C(C#N)C#N)C(=C\C1=CC=C(O)C=C1)\C#N,null,null,null,null,null,T6943,SIGMA,2021_LOPAC_01,null,null,Tyrphostin AG 112,null,4,null,null,null,7.024,0,null,null,null,null,null,null,null,null,null,0,null,null,1.729,-5.295,-12.639,null,null,null,null,null,null,null,null,null,null,DXVJRTIPBNBLLB,null,TRND,qzgaKNegeMNSQnmfFI,null,null,null,null,null,null,null,null,null,null,null,null,null,0,4,null,null,null,173032,null,1,1,2025-06-17 15:37:36,null,null,null,null,null,null,null,364791635,activity,null,HTS,null,-5.295,0.792,1.729,0.556,null,null,null,null,null,null,null,null,null,null,null,null,null,null,null,null,null,null,null,null,null,278940019
TRND-Glioblastoma_LOPAC_T98G-primary_screen2,NCGC00387769-05,activity,null,4,-19.258,-8.965,CCNCC1=NC2=C(N1CC(C)(C)O)C3=C(C=CC=C3)N=C2N,null,null,null,null,null,SML0877,SIGMA,2021_LOPAC_01,null,null,Gardiquimod,null,4,null,null,null,24.668,-3.258,4.504,0.501,0.804,null,null,null,null,null,null,16,null,null,15.703,-8.965,40.044,39.807,null,null,null,null,null,null,null,null,null,FHJATBIERQTCTN,null,TRND,axNYRcXMWrjcWTHGCs,null,Toll-Like Receptor 7 agonist,null,null,null,null,null,null,null,null,TLR7,null,null,0,4,0,null,null,173032,0 0 0 0,1,1,2025-06-17 15:37:36,null,null,null,null,null,null,null,364790455,activity,null,HTS,null,15.703,-0.448,2.133,-8.965,null,null,null,null,null,null,null,null,null,null,null,null,null,null,null,null,null,null,null,null,null,278940020
TRND-Glioblastoma_LOPAC_T98G-primary_screen2,NCGC00015190-16,activity,null,4,8.752,-7.397,OC1=CC2=C(CN(CCC2)C(=S)NCCC3=CC=C(Cl)C=C3)C=C1O,null,null,null,null,null,C191,SIGMA,2021_LOPAC_01,null,null,Capsazepine,null,4,null,null,null,11.791,6,4.955,1,0.531,null,null,null,null,null,null,-2.752,null,null,4.394,-7.397,3.636,-3.398,null,null,null,null,null,null,null,null,null,DRCMAZOSEIMCHM,null,TRND,aHSrVjOxpzbmnGywRK,null,null,null,null,null,null,null,null,null,138977-28-3,null,null,null,0,4,1,null,null,173032,0 0 0 1,1,1,2025-06-17 15:37:36,null,null,null,null,null,null,null,364793599,activity,null,HTS,null,1.102,-6.877,4.394,-7.397,null,null,null,null,null,null,null,null,null,null,null,null,null,null,null,null,null,null,null,null,null,278940021
TRND-Glioblastoma_LOPAC_T98G-primary_screen2,NCGC00015578-25,activity,null,4,0,-6.864,CC(C(O)=O)C1=CC=CC(=C1)C(=O)C2=CC=CC=C2,null,null,null,null,null,K1751,SIGMA,2021_LOPAC_01,null,null,Ketoprofen,null,4,null,null,null,8.907,0,null,null,null,null,null,null,null,null,null,0,null,null,1.576,-7.33,-4.156,null,null,null,null,null,null,null,null,null,null,DKYWVDODHFEZIM,null,TRND,OshvdUODdQgHnUMCIs,null,Cyclooxygenase 1(COX1) inhibitor,null,null,null,null,null,null,null,22071-15-4,PTGS1,null,null,0,4,null,null,null,173032,null,1,1,2025-06-17 15:37:36,null,null,null,null,null,null,null,364793163,activity,null,HTS,null,1.253,1.576,-7.33,-6.864,null,null,null,null,null,null,null,null,null,null,null,null,null,null,null,null,null,null,null,null,null,278940022
TRND-Glioblastoma_LOPAC_T98G-primary_screen2,NCGC00015959-23,activity,19.952623,-3,-45.629,-39.353,C[N+]1=C2C3=CC4=C(OCO4)C=C3C=CC2=C5C=CC6=C(OCO6)C5=C1,null,null,null,null,null,S5890,SIGMA,2021_LOPAC_01,-4.7,null,Sanguinarine chloride,null,-3,null,null,null,51.897,-42.629,4.955,0.406,0.882,null,null,null,null,null,null,3,null,null,12.544,-39.353,-27.806,-8.272,null,null,null,null,null,null,null,null,null,INVGWHRKADIJHF,null,TRND,SPBIHvxkMLqRuZKjmr,null,null,null,null,CL,null,null,null,null,5578-73-4,null,null,null,0,4,0,null,null,173032,0 0 0 0,1,1,2025-06-17 15:37:36,null,null,null,null,null,null,null,364794487,activity,null,HTS,null,-6.431,12.544,2.805,-39.353,null,null,null,null,null,null,null,null,null,null,null,null,null,null,null,null,null,null,null,null,null,278940023
TRND-Glioblastoma_LOPAC_T98G-primary_screen2,NCGC00016001-11,activity,null,4,11.5,-0.537,ClC1=CC(Cl)=C(OC2=CC=C(OC3=C(Cl)C=C(Cl)C=N3)C=C2)N=C1,null,null,null,null,null,T1443,SIGMA,2021_LOPAC_01,null,null,TCPOBOP,null,4,null,null,null,13.564,14.5,4.955,1,0.997,null,null,null,null,null,null,3,null,null,13.028,-0.537,26.463,27.234,null,null,null,null,null,null,null,null,null,BAFKRPOFIYPKBQ,null,TRND,gWrpmsIQGZpPOVBVsf,null,null,null,null,null,null,null,null,null,null,null,null,null,0,4,1,null,null,173032,0 0 0 1,1,1,2025-06-17 15:37:36,null,null,null,null,null,null,null,364794095,activity,null,HTS,null,3.122,2.633,13.028,-0.537,null,null,null,null,null,null,null,null,null,null,null,null,null,null,null,null,null,null,null,null,null,278940024
TRND-Glioblastoma_LOPAC_T98G-primary_screen2,NCGC00162296-12,activity,null,4,0,5.982,CC1OC1P([O-])([O-])=O,null,null,null,null,null,P5396,SIGMA,2021_LOPAC_01,null,null,Phosphomycin disodium,null,4,null,null,null,7.175,0,null,null,null,null,null,null,null,null,null,0,null,null,7.055,-0.12,10.855,null,null,null,null,null,null,null,null,null,null,YMDXZJFXQJVXBF,null,TRND,ixkIXSAuXpsrHoXxmh,null,null,null,null,SODIUM,null,null,null,null,[NO STEREO] 33996-10-0,null,null,null,0,4,null,null,null,173032,null,1,1,2025-06-17 15:37:36,null,null,null,null,null,null,null,364795459,activity,null,HTS,null,-0.12,4.451,7.055,5.982,null,null,null,null,null,null,null,null,null,null,null,null,null,null,null,null,null,null,null,null,null,278940535
TRND-Glioblastoma_LOPAC_T98G-primary_screen2,NCGC00015740-14,activity,null,4,0,-0.902,OC(=O)C1=C(NCCCC2=CC=CC=C2)C=CC(=C1)[N+]([O-])=O,null,null,null,null,null,N4779,SIGMA,2021_LOPAC_01,null,null,5-Nitro-2-(3-phenylpropylamino)benzoic acid,null,4,null,null,null,6.757,0,null,null,null,null,null,null,null,null,null,0,null,null,4.586,-2.171,11.899,null,null,null,null,null,null,null,null,null,null,WBSMIPAMAXNXFS,null,TRND,yTMcDulXogJZWrDzFP,null,null,null,null,null,null,null,null,null,107254-86-4,null,null,null,0,4,null,null,null,173032,null,1,1,2025-06-17 15:37:36,null,null,null,null,null,null,null,364794139,activity,null,HTS,null,4.586,1.665,-2.171,-0.902,null,null,null,null,null,null,null,null,null,null,null,null,null,null,null,null,null,null,null,null,null,278940536
TRND-Glioblastoma_LOPAC_T98G-primary_screen2,NCGC00025238-08,activity,null,4,0,2.537,FC1=CC(=CC=C1)\C=N\N=C\C2=CC=CC(F)=C2,null,null,null,null,null,D0943,SIGMA,2021_LOPAC_01,null,null,DFB,null,4,null,null,null,11.955,0,null,null,null,null,null,null,null,null,null,0,null,null,7.076,-4.879,-9.937,null,null,null,null,null,null,null,null,null,null,YYMCVDNIIFNDJK,null,TRND,lMwvXxGXxHSWRACYlG,null,null,null,null,null,null,null,null,null,null,null,null,null,0,4,null,null,null,173032,null,1,1,2025-06-17 15:37:36,null,null,null,null,null,null,null,364793435,activity,null,HTS,null,-4.614,7.076,-4.879,2.537,null,null,null,null,null,null,null,null,null,null,null,null,null,null,null,null,null,null,null,null,null,278940537
TRND-Glioblastoma_LOPAC_T98G-primary_screen2,NCGC00186036-05,activity,null,4,7.572,2.839,[H][C@@]12CC[C@]3(O)C[C@]1(CC3=C)CC[C@]4([H])[C@@](C)(CCC[C@@]24C)C(O)=O,null,null,null,null,null,H8664,SIGMA,2021_LOPAC_01,null,null,Steviol,null,4,null,null,null,10.471,4,4.955,0.494,0.814,null,null,null,null,null,null,-3.572,null,null,4.994,-5.477,-2.32,-7.566,null,null,null,null,null,null,null,null,null,QFVOYBUQQBFCRH,null,TRND,oPYgryHGOFUhMdbvwD,null,null,null,null,H2O,null,null,null,null,471-80-7,null,null,null,0,4,0,null,null,173032,0 0 0 0,1,1,2025-06-17 15:37:36,null,null,null,null,null,null,null,364792507,activity,null,HTS,null,-1.253,-5.477,4.994,2.839,null,null,null,null,null,null,null,null,null,null,null,null,null,null,null,null,null,null,null,null,null,278940538
TRND-Glioblastoma_LOPAC_T98G-primary_screen2,NCGC00093821-08,activity,null,4,-14.91,-6.592,CN1C(\C=C\C2=CC(Cl)=CC=C2)=NC3=C1C(=O)N(C)C(=O)N3C,null,null,null,null,null,C197,SIGMA,2021_LOPAC_01,null,null,8-(3-Chlorostyryl)caffeine,null,4,null,null,null,14.934,-5.41,4.955,0.244,0.962,null,null,null,null,null,null,9.5,null,null,8.342,-6.592,13.351,13.005,null,null,null,null,null,null,null,null,null,WBWFIUAVMCNYPG,null,TRND,WLlyYokJvjAwktgYtw,null,null,null,null,null,null,null,null,null,null,null,null,null,0,4,0,null,null,173032,0 0 0 0,1,1,2025-06-17 15:37:36,null,null,null,null,null,null,null,364794879,activity,null,HTS,null,8.342,-5.661,-3.401,-6.592,null,null,null,null,null,null,null,null,null,null,null,null,null,null,null,null,null,null,null,null,null,278940539
TRND-Glioblastoma_LOPAC_T98G-primary_screen2,NCGC00384189-12,activity,10,-3,-51.716,-47.61,COC1=CC2=NC(=NC(NCCCCCN3CCCC3)=C2C=C1OC)N4CCCC4,null,null,null,null,null,SML1465,SIGMA,2021_LOPAC_01,-5,null,UNC0379 trifluoroacetate salt,null,-3,null,null,null,58.336,-48.216,4.045,0.289,0.945,null,null,null,null,null,null,3.5,null,null,10.726,-47.61,-31.308,-16.427,null,null,null,null,null,null,null,null,null,WEXCGGWTIDNVNT,null,TRND,YwcLQnYtjSqxYpuEAb,null,null,null,null,null,null,null,null,null,null,null,null,null,0,4,0,null,null,173032,0 0 0 0,1,1,2025-06-17 15:37:36,null,null,null,null,null,null,null,364794283,activity,null,HTS,null,-3.779,10.726,-4.701,-47.61,null,null,null,null,null,null,null,null,null,null,null,null,null,null,null,null,null,null,null,null,null,278940540
TRND-Glioblastoma_LOPAC_T98G-primary_screen2,NCGC00015598-18,activity,null,4,10.296,6.52,CC1(C)CCC2=C(O1)C3=C(C=CC=C3)C(=O)C2=O,null,null,null,null,null,L2037,SIGMA,2021_LOPAC_01,null,null,beta-Lapachone,null,4,null,null,null,11.767,6.5,4.955,0.318,0.933,null,null,null,null,null,null,-3.796,null,null,6.52,-5.247,-14.702,-11.942,null,null,null,null,null,null,null,null,null,QZPQTZZNNJUOLS,null,TRND,TKilSNrYNhjQWcgNUk,null,"Tryptophan 2,3-Dioxygenase inhibitor",null,null,null,null,null,null,null,4707-32-8,TDO2,null,null,0,4,0,null,null,173032,0 0 0 0,1,1,2025-06-17 15:37:36,null,null,null,null,null,null,null,364795099,activity,null,HTS,null,-5.247,-1.964,-3.141,6.52,null,null,null,null,null,null,null,null,null,null,null,null,null,null,null,null,null,null,null,null,null,278940541
TRND-Glioblastoma_LOPAC_T98G-primary_screen2,NCGC00015038-17,activity,null,4,0,5.227,NC1=NC2=NC=C(CNC3=CC=C(C=C3)C(=O)NC(CCC(O)=O)C(O)=O)N=C2C(N)=N1,null,null,null,null,null,A1784,SIGMA,2021_LOPAC_01,null,null,Aminopterin,null,4,null,null,null,11.112,0,null,null,null,null,null,null,null,null,null,0,null,null,6.756,-4.356,21.666,null,null,null,null,null,null,null,null,null,null,TVZGACDUOSZQKY,null,TRND,SYLbFboUIATqolkDZO,null,Dihydrofolate Reductase inhibitor,null,null,null,null,null,null,null,[NO STEREO] 54-62-6,DHFR,null,null,0,4,null,null,null,173032,null,1,1,2025-06-17 15:37:36,null,null,null,null,null,null,null,364792335,activity,null,HTS,null,6.212,-4.356,6.756,5.227,null,null,null,null,null,null,null,null,null,null,null,null,null,null,null,null,null,null,null,null,null,278940542
TRND-Glioblastoma_LOPAC_T98G-primary_screen2,NCGC00507721-03,activity,null,4,-14.165,0.602,CC1=CC=C2C[C@H](CCC2=C1CCC(O)=O)N[S+]([O-])(=O)C3=CC=C(Cl)C=C3,null,null,null,null,null,SML1198,SIGMA,2021_LOPAC_01,null,null,Terutroban,null,4,null,null,null,17.29,-2.665,3.627,0.44,0.859,null,null,null,null,null,null,11.5,null,null,11.319,-5.971,28.395,29.069,null,null,null,null,null,null,null,null,null,RRGSUSODBCEDOY,null,TRND,IfJWsoKlFfUJGgMTVv,null,null,null,null,null,null,null,null,null,[NO STEREO] 165538-40-9,null,null,null,0,4,0,null,null,173032,0 0 0 0,1,1,2025-06-17 15:37:36,null,null,null,null,null,null,null,364794211,activity,null,HTS,null,11.319,1.206,-5.971,0.602,null,null,null,null,null,null,null,null,null,null,null,null,null,null,null,null,null,null,null,null,null,278940543
TRND-Glioblastoma_LOPAC_T98G-primary_screen2,NCGC00015006-10,activity,null,4,15.76,-1.246,CN1CCC=C(C1)C(=O)OCC#C,null,null,null,null,null,A140,SIGMA,2021_LOPAC_01,null,null,Arecaidine propargyl ester hydrobromide,null,4,null,null,null,14.265,15,2.533,1,1,null,null,null,null,null,null,-0.76,null,null,13.019,-1.246,14.708,15.454,null,null,null,null,null,null,null,null,null,SPHRJZBOFYIKMC,null,TRND,LlXtkLlyPnyjPIMclV,null,null,null,null,BR,null,null,null,null,null,null,null,null,0,4,1,null,null,173032,0 0 0 1,1,1,2025-06-17 15:37:36,null,null,null,null,null,null,null,364793651,activity,null,HTS,null,-0.634,0.741,13.019,-1.246,null,null,null,null,null,null,null,null,null,null,null,null,null,null,null,null,null,null,null,null,null,278940544
TRND-Glioblastoma_LOPAC_T98G-primary_screen2,NCGC00018102-30,activity,null,4,-26.146,-21.788,FC1=CC=C(C=C1)C(N2CCN(C\C=C\C3=CC=CC=C3)CC2)C4=CC=C(F)C=C4,null,null,null,null,null,F8257,SIGMA,2021_LOPAC_01,null,null,Flunarizine dihydrochloride,null,4,null,null,null,28.818,-23.646,4.955,0.38,0.899,null,null,null,null,null,null,2.5,null,null,7.03,-21.788,-12.231,-1.07,null,null,null,null,null,null,null,null,null,SMANXXCATUTDDT,null,TRND,pJYbXHFDFvdOBPEdpX,null,null,null,null,CL,null,null,null,null,null,null,null,null,0,4,0,null,null,173032,0 0 0 0,1,1,2025-06-17 15:37:36,null,null,null,null,null,null,null,364793343,activity,null,HTS,null,-2.754,2.789,7.03,-21.788,null,null,null,null,null,null,null,null,null,null,null,null,null,null,null,null,null,null,null,null,null,278940545
TRND-Glioblastoma_LOPAC_T98G-primary_screen2,NCGC00015611-38,activity,null,4,-10.89,-4.492,CCN(CC)CC(=O)NC1=C(C)C=CC=C1C,null,null,null,null,null,L5647,SIGMA,2021_LOPAC_01,null,null,Lidocaine hydrochloride,null,4,null,null,null,13.415,-5.89,4.955,0.625,0.644,null,null,null,null,null,null,5,null,null,8.923,-4.492,9.147,18.453,null,null,null,null,null,null,null,null,null,NNJVILVZKWQKPM,null,TRND,dFitMNXsdDKIKUfDCJ,null,Free Fatty Acid Receptor 1 antagonist,null,null,CL,null,null,null,null,73-78-9,FFAR1,null,null,0,4,0,null,null,173032,0 0 0 0,1,1,2025-06-17 15:37:36,null,null,null,null,null,null,null,364791935,activity,null,HTS,null,0.3,8.923,6.349,-4.492,null,null,null,null,null,null,null,null,null,null,null,null,null,null,null,null,null,null,null,null,null,278940546
TRND-Glioblastoma_LOPAC_T98G-primary_screen2,NCGC00015071-12,activity,null,4,0,3.87,NCCSC(N)=N,null,null,null,null,null,A5879,SIGMA,2021_LOPAC_01,null,null,2-(2-Aminoethyl)isothiourea dihydrobromide,null,4,null,null,null,8.785,0,null,null,null,null,null,null,null,null,null,0,null,null,8.918,0.133,12.131,null,null,null,null,null,null,null,null,null,null,NWPCXGGYSQHQGM,null,TRND,JFUjYtKubiWeTFyyeI,null,null,null,null,BR,null,null,null,null,null,null,null,null,0,4,null,null,null,173032,null,1,1,2025-06-17 15:37:36,null,null,null,null,null,null,null,364794955,activity,null,HTS,null,0.133,8.918,4.996,3.87,null,null,null,null,null,null,null,null,null,null,null,null,null,null,null,null,null,null,null,null,null,278940547
TRND-Glioblastoma_LOPAC_T98G-primary_screen2,NCGC00015134-15,activity,null,4,12.381,8.727,CN1CCC(CC1)C2=CNC3=C2C=C(O)C=C3,null,null,null,null,null,B173,SIGMA,2021_LOPAC_01,null,null,BRL 54443 maleate,null,4,null,null,null,12.248,9.5,2.72,0.122,0.991,null,null,null,null,null,null,-2.881,null,null,9.848,-2.4,8.134,7.55,null,null,null,null,null,null,null,null,null,WKNFADCGOAHBPG,null,TRND,lAfcULYixxQpqeCFbr,null,null,null,null,MALEATE,null,null,null,null,null,null,null,null,0,4,0,null,null,173032,0 0 0 0,1,1,2025-06-17 15:37:36,null,null,null,null,null,null,null,364793339,activity,null,HTS,null,-2.4,4.754,9.848,8.727,null,null,null,null,null,null,null,null,null,null,null,null,null,null,null,null,null,null,null,null,null,278940548
TRND-Glioblastoma_LOPAC_T98G-primary_screen2,NCGC00024656-10,activity,null,4,0,2.777,C[C@@H](N)CC1=CNC=N1,null,null,null,null,null,H128,SIGMA,2021_LOPAC_01,null,null,"Histamine, R(-)-alpha-methyl-, dihydrochloride",null,4,null,null,null,7.69,0,null,null,null,null,null,null,null,null,null,0,null,null,2.777,-4.913,-16.085,null,null,null,null,null,null,null,null,null,null,XNQIOISZPFVUFG,null,TRND,LmhngkzajUZFmgQRbi,null,null,null,null,CL,null,null,null,null,null,null,null,null,0,4,null,null,null,173032,null,1,1,2025-06-17 15:37:36,null,null,null,null,null,null,null,364794007,activity,null,HTS,null,-4.601,-1.916,-4.913,2.777,null,null,null,null,null,null,null,null,null,null,null,null,null,null,null,null,null,null,null,null,null,278940549
TRND-Glioblastoma_LOPAC_T98G-primary_screen2,NCGC00015744-12,activity,null,4,13.239,-2.906,OC(=O)CC[N+]([O-])=O,null,null,null,null,null,N5636,SIGMA,2021_LOPAC_01,null,null,3-Nitropropionic acid,null,4,null,null,null,11.603,12,2.847,1,0.999,null,null,null,null,null,null,-1.239,null,null,8.697,-2.906,6.039,8.43,null,null,null,null,null,null,null,null,null,WBLZUCOIBUDNBV,null,TRND,CsgrBbiQgRONjhFBIW,null,null,null,null,null,null,null,null,null,504-88-1,null,null,null,0,4,1,null,null,173032,0 0 0 1,1,1,2025-06-17 15:37:36,null,null,null,null,null,null,null,364792879,activity,null,HTS,null,-1.449,-0.849,8.697,-2.906,null,null,null,null,null,null,null,null,null,null,null,null,null,null,null,null,null,null,null,null,null,278940550
TRND-Glioblastoma_LOPAC_T98G-primary_screen2,NCGC00370986-02,activity,null,4,0,1.197,O=C1NC[C@@]2(CN3CCC2CC3)O1,null,null,null,null,null,SML2049,SIGMA,2021_LOPAC_01,null,null,AR-R17779 Hydrochloride,null,4,null,null,null,2.245,0,null,null,null,null,null,null,null,null,null,0,null,null,2.783,0.538,9.93,null,null,null,null,null,null,null,null,null,null,TYAGAVRSOFABFO,null,TRND,EIuurFdRCLCjmQXmxK,null,null,null,null,CL,null,null,null,null,null,null,null,null,0,4,null,null,null,173032,null,1,1,2025-06-17 15:37:36,null,null,null,null,null,null,null,364795203,activity,null,HTS,null,2.783,1.717,0.538,1.197,null,null,null,null,null,null,null,null,null,null,null,null,null,null,null,null,null,null,null,null,null,278940551
TRND-Glioblastoma_LOPAC_T98G-primary_screen2,NCGC00015919-25,activity,null,4,-12.467,-7.889,CC(C)NCC(O)C1=CC=C(N[S+](C)([O-])=O)C=C1,null,null,null,null,null,S0278,SIGMA,2021_LOPAC_01,null,null,(±)-Sotalol hydrochloride,null,4,null,null,null,13.008,-7.967,3.627,0.094,0.995,null,null,null,null,null,null,4.5,null,null,5.118,-7.889,14.796,13.564,null,null,null,null,null,null,null,null,null,JBELYSFONFSZTR,null,TRND,WtVzQRBojxKFWIsXlv,null,Beta-1 Adrenergic Receptor antagonist,null,null,CL,null,null,null,null,959-24-0,ADRB1,null,null,0,4,0,null,null,173032,0 0 0 0,1,1,2025-06-17 15:37:36,null,null,null,null,null,null,null,364791243,activity,null,HTS,null,5.118,4.096,2.684,-7.889,null,null,null,null,null,null,null,null,null,null,null,null,null,null,null,null,null,null,null,null,null,278940552
TRND-Glioblastoma_LOPAC_T98G-primary_screen2,NCGC00093774-05,activity,null,4,11,7.337,OCC1O[C@H](O)C(Cl)C(O)C1O,null,null,null,null,null,C203,SIGMA,2021_LOPAC_01,null,null,2-Chloro-2-deoxy-D-glucose,null,4,null,null,null,13.194,10,4.955,0.602,0.681,null,null,null,null,null,null,-1,null,null,14.343,1.149,23.013,22.447,null,null,null,null,null,null,null,null,null,SNGNCYILSHZBLM,null,TRND,YHQuskRZKnJVDXYDZC,null,null,null,null,null,null,null,null,null,null,null,null,null,0,4,0,null,null,173032,0 0 0 0,1,1,2025-06-17 15:37:36,null,null,null,null,null,null,null,364791059,activity,null,HTS,null,1.149,14.343,8.502,7.337,null,null,null,null,null,null,null,null,null,null,null,null,null,null,null,null,null,null,null,null,null,278940553
TRND-Glioblastoma_LOPAC_T98G-primary_screen2,NCGC00024928-51,activity,19.952623,-3,-90.914,-79.087,CC\C(C1=CC=CC=C1)=C(/C2=CC=CC=C2)C3=CC=C(OCCN(C)C)C=C3,null,null,null,null,null,T5648,SIGMA,2021_LOPAC_01,-4.7,null,Tamoxifen,null,-3,null,null,null,88.364,-85.414,4.955,0.098,0.994,null,null,null,null,null,null,5.5,null,null,9.276,-79.087,-10.902,-18.725,null,null,null,null,null,null,null,null,null,NKANXQFJJICGDU,null,TRND,kCkWkFeXIlyUQEjUcn,null,Selective Estrogen Receptor modulator (SERM),null,null,null,null,null,null,null,54965-24-1,ESR1,null,null,0,4,0,null,null,173032,0 0 0 0,1,1,2025-06-17 15:37:36,null,null,null,null,null,null,null,364791379,activity,null,HTS,21.391004,9.276,1.293,5.757,-79.087,null,null,null,null,null,null,null,null,null,null,null,null,null,null,null,null,null,null,null,null,null,278940554
TRND-Glioblastoma_LOPAC_T98G-primary_screen2,NCGC00015525-22,activity,null,4,-10.5,0.689,NCCC1=CNC2=C1C=C(O)C=C2,null,null,null,null,null,H9523,SIGMA,2021_LOPAC_01,null,null,Serotonin hydrochloride,null,4,null,null,null,12.693,-1.5,4.955,0.648,0.602,null,null,null,null,null,null,9,null,null,13.382,0.689,29.741,37.855,null,null,null,null,null,null,null,null,null,QZAYGJVTTNCVMB,null,TRND,MKpgnDNniarobvIhpM,null,null,null,null,CL,null,null,null,null,153-98-0,null,null,null,0,4,0,null,null,173032,0 0 0 0,1,1,2025-06-17 15:37:36,null,null,null,null,null,null,null,364793351,activity,null,HTS,null,4.98,8.872,13.382,0.689,null,null,null,null,null,null,null,null,null,null,null,null,null,null,null,null,null,null,null,null,null,278940555
TRND-Glioblastoma_LOPAC_T98G-primary_screen2,NCGC00013106-08,activity,null,4,12.5,0.175,C(C1=CC=CC=C1)[N@+]23CN4CN(CN(C4)C2)C3,null,null,null,null,null,SML0892,SIGMA,2021_LOPAC_01,null,null,Roslin 2,null,4,null,null,null,12.802,12,4.955,1,0.982,null,null,null,null,null,null,-0.5,null,null,12.978,0.175,28.666,28.499,null,null,null,null,null,null,null,null,null,ZEBQXLTZNFGHKI,null,TRND,lhlHmsatIVuFYfkpto,null,null,null,null,BR,null,null,null,null,null,null,null,null,0,4,1,null,null,173032,0 0 0 1,1,1,2025-06-17 15:37:36,null,null,null,null,null,null,null,364795463,activity,null,HTS,null,2.003,12.978,11.46,0.175,null,null,null,null,null,null,null,null,null,null,null,null,null,null,null,null,null,null,null,null,null,278940556
TRND-Glioblastoma_LOPAC_T98G-primary_screen2,NCGC00025265-09,activity,12.589254,-2.4,-77.457,-62.881,NC[C@@H]1O[C@@H](CC2=C(O)C(O)=CC=C12)[C@@]34CC5CC(CC(C5)C3)C4,null,null,null,null,null,A255,SIGMA,2021_LOPAC_01,-4.9,null,A-77636 hydrochloride,null,-2.2,null,null,null,67.673,-75.457,1.644,0.096,0.994,null,null,null,null,null,null,2,null,null,4.792,-62.881,-34.287,-40.271,null,null,null,null,null,null,null,null,null,QLJOSZATCBCBDR,null,TRND,pdUTunSUPOvkzaBiZf,null,null,null,null,CL,null,null,null,null,null,null,null,null,0,4,0,null,null,173032,0 0 0 0,1,1,2025-06-17 15:37:36,null,null,null,null,null,null,null,364793063,activity,null,HTS,18.983083,4.792,-2.555,-18.225,-62.881,null,null,null,null,null,null,null,null,null,null,null,null,null,null,null,null,null,null,null,null,null,278940557
TRND-Glioblastoma_LOPAC_T98G-primary_screen2,NCGC00015953-09,activity,null,4,-11.028,-10.44,CC1=C(CC#N)N2C=CC=C(OCC3=CC=CC=C3)C2=N1,null,null,null,null,null,S4443,SIGMA,2021_LOPAC_01,null,null,SCH-28080,null,4,null,null,null,10.606,-12.528,4.955,0.362,0.911,null,null,null,null,null,null,-1.5,null,null,0.166,-10.44,-14.575,-11.707,null,null,null,null,null,null,null,null,null,PYKJFEPAUKAXNN,null,TRND,UEHEIbQYcfHegspRzw,null,null,null,null,null,null,null,null,null,76081-98-6,null,null,null,0,4,0,null,null,173032,0 0 0 0,1,1,2025-06-17 15:37:36,null,null,null,null,null,null,null,364792427,activity,null,HTS,null,-2.624,-2.749,0.166,-10.44,null,null,null,null,null,null,null,null,null,null,null,null,null,null,null,null,null,null,null,null,null,278940558
TRND-Glioblastoma_LOPAC_T98G-primary_screen2,NCGC00015767-25,activity,null,4,0,-5.149,CCN(CC)CC#CCOC(=O)C(O)(C1CCCCC1)C2=CC=CC=C2,null,null,null,null,null,O2881,SIGMA,2021_LOPAC_01,null,null,Oxybutynin Chloride,null,4,null,null,null,9.319,0,null,null,null,null,null,null,null,null,null,0,null,null,4.17,-5.149,-2.44,null,null,null,null,null,null,null,null,null,null,XIQVNETUBQGFHX,null,TRND,ISiLzPkfdEMvCAwmlf,null,null,null,null,CL,null,null,null,null,1508-65-2,null,null,null,0,4,null,null,null,173032,null,1,1,2025-06-17 15:37:36,null,null,null,null,null,null,null,364793443,activity,null,HTS,null,-1.317,4.17,1.442,-5.149,null,null,null,null,null,null,null,null,null,null,null,null,null,null,null,null,null,null,null,null,null,278940559
TRND-Glioblastoma_LOPAC_T98G-primary_screen2,NCGC00015581-18,activity,null,4,0,-9.407,OC(=O)C1=CC(O)=C2C=CC=CC2=N1,null,null,null,null,null,K3375,SIGMA,2021_LOPAC_01,null,null,Kynurenic acid,null,4,null,null,null,9.151,0,null,null,null,null,null,null,null,null,null,0,null,null,-0.256,-9.407,-20.505,null,null,null,null,null,null,null,null,null,null,HCZHHEIFKROPDY,null,TRND,XVfWPfyDOjkjSXpvXg,null,null,null,null,null,null,null,null,null,492-27-3,null,null,null,0,4,null,null,null,173032,null,1,1,2025-06-17 15:37:36,null,null,null,null,null,null,null,364795083,activity,null,HTS,null,-4.856,-0.256,-2.724,-9.407,null,null,null,null,null,null,null,null,null,null,null,null,null,null,null,null,null,null,null,null,null,278940560
TRND-Glioblastoma_LOPAC_T98G-primary_screen2,NCGC00480786-06,activity,1,-1.4,-50.278,-33.194,CC1=C(N=C2C=CC(F)=CC2=C1C(O)=O)C3=CC=C(C=C3)C4=CC=CC=C4F,null,null,null,null,null,SML0113,SIGMA,2021_LOPAC_01,-6,null,BRequinar sodium salt hydrate,null,-1.4,null,null,null,45.55,-32.278,1.449,0.126,0.99,null,null,null,null,null,null,18,null,null,12.356,-33.194,-11.515,-13.825,null,null,null,null,null,null,null,null,null,PHEZJEYUWHETKO,null,TRND,UgrYHSfuKDkspNFUMn,null,Dihydroorotate Dehydrogenase inhibitor,null,null,SODIUM,null,null,null,null,96187-53-0,DHODH,null,null,0,4,0,null,null,173032,0 0 0 0,1,1,2025-06-17 15:37:36,null,null,null,null,null,null,null,364791799,activity,null,HTS,null,12.356,-13.957,-26.6,-33.194,null,null,null,null,null,null,null,null,null,null,null,null,null,null,null,null,null,null,null,null,null,278940561
TRND-Glioblastoma_LOPAC_T98G-primary_screen2,NCGC00165791-12,activity,null,4,-12.809,-2.341,NC1=NCC2N1C3=C(CC4=C2C=CC=C4)C=CC=C3,null,null,null,null,null,E5156,SIGMA,2021_LOPAC_01,null,null,Epinastine hydrochloride,null,4,null,null,null,14.516,-3.809,4.955,0.449,0.852,null,null,null,null,null,null,9,null,null,12.175,-2.341,34.413,36.361,null,null,null,null,null,null,null,null,null,WHWZLSFABNNENI,null,TRND,mWMhIlbmbhsdbuDHoc,null,null,null,null,HCL,null,null,null,null,108929-04-0,null,null,null,0,4,0,null,null,173032,0 0 0 0,1,1,2025-06-17 15:37:36,null,null,null,null,null,null,null,364792131,activity,null,HTS,null,8.111,6.613,12.175,-2.341,null,null,null,null,null,null,null,null,null,null,null,null,null,null,null,null,null,null,null,null,null,278940562
TRND-Glioblastoma_LOPAC_T98G-primary_screen2,NCGC00180598-04,activity,6.309573,-2.4,-59.352,-50.646,COC1=C(O)C=C(C=C1)\C2=C\C(=O)C3=C(O2)C=C(OC)C(=C3O)OC,null,null,null,null,null,E4660,SIGMA,2021_LOPAC_01,-5.2,null,Eupatorin,null,-2.2,null,null,null,53.474,-54.852,1.826,0.076,0.996,null,null,null,null,null,null,4.5,null,null,2.828,-50.646,-35.748,-33.224,null,null,null,null,null,null,null,null,null,KLAOKWJLUQKWIF,null,TRND,HZDhpLwbFZKmqBRots,null,null,null,null,null,null,null,null,null,855-96-9,null,null,null,0,4,0,null,null,173032,0 0 0 0,1,1,2025-06-17 15:37:36,null,null,null,null,null,null,null,364795139,activity,null,HTS,22.626719,2.738,2.828,-26.741,-50.646,null,null,null,null,null,null,null,null,null,null,null,null,null,null,null,null,null,null,null,null,null,278940563
TRND-Glioblastoma_LOPAC_T98G-primary_screen2,NCGC00015096-36,activity,12.589254,-3,-63.714,-61.591,CCCCC1=C(C(=O)C2=CC(I)=C(OCCN(CC)CC)C(I)=C2)C3=C(O1)C=CC=C3,null,null,null,null,null,A8423,SIGMA,2021_LOPAC_01,-4.9,null,Amiodarone hydrochloride,null,-3,null,null,null,62.825,-62.714,4.095,0.014,1,null,null,null,null,null,null,1,null,null,1.234,-61.591,-31.132,-31.263,null,null,null,null,null,null,null,null,null,IYIKLHRQXLHMJQ,null,TRND,ucpugjvTpRIgRVrlHn,null,Voltage gated potassium channel blocker,null,null,CL,null,null,null,null,19774-82-4,KCNH2,null,null,0,4,0,null,null,173032,0 0 0 0,1,1,2025-06-17 15:37:36,null,null,null,null,null,null,null,364792951,activity,null,HTS,17.588457,1.234,0.57,-3.687,-61.591,null,null,null,null,null,null,null,null,null,null,null,null,null,null,null,null,null,null,null,null,null,278940564
TRND-Glioblastoma_LOPAC_T98G-primary_screen2,NCGC00015501-30,activity,null,4,17,4.879,NNC1=C2C=CC=CC2=CN=N1,null,null,null,null,null,H1753,SIGMA,2021_LOPAC_01,null,null,Hydralazine hydrochloride,null,4,null,null,null,15.628,21.5,4.955,1,0.995,null,null,null,null,null,null,4.5,null,null,19.441,3.813,40.099,40.565,null,null,null,null,null,null,null,null,null,RPTUSVTUFVMDQK,null,TRND,oKiKaEvRlYQBDJXeRW,null,Myeloperoxidase inhibitor,null,null,CL,null,null,null,null,304-20-1,MPO,null,null,0,4,1,null,null,173032,0 0 0 1,1,1,2025-06-17 15:37:36,null,null,null,null,null,null,null,364792651,activity,null,HTS,null,4.908,3.813,19.441,4.879,null,null,null,null,null,null,null,null,null,null,null,null,null,null,null,null,null,null,null,null,null,278940565
TRND-Glioblastoma_LOPAC_T98G-primary_screen2,NCGC00015417-18,activity,null,4,0,1.104,CNCC(O)C1=CC(O)=C(O)C=C1,null,null,null,null,null,E4642,SIGMA,2021_LOPAC_01,null,null,(±)-Epinephrine hydrochloride,null,4,null,null,null,5.137,0,null,null,null,null,null,null,null,null,null,0,null,null,1.104,-4.034,-14.886,null,null,null,null,null,null,null,null,null,null,UCTWMZQNUQWSLP,null,TRND,XlLWpCVRFTHgptTZNO,null,null,null,null,CL,null,null,null,null,329-63-5,null,null,null,0,4,null,null,null,173032,null,1,1,2025-06-17 15:37:36,null,null,null,null,null,null,null,364793263,activity,null,HTS,null,-4.034,-2.21,-3.901,1.104,null,null,null,null,null,null,null,null,null,null,null,null,null,null,null,null,null,null,null,null,null,278940566
TRND-Glioblastoma_LOPAC_T98G-primary_screen2,NCGC00015480-21,activity,null,4,-22.618,-23.015,CC(C)(SC1=CC=C(CCN(CCCCC2CCCCC2)C(=O)NC3CCCCC3)C=C1)C(O)=O,null,null,null,null,null,G6793,SIGMA,2021_LOPAC_01,null,null,GW7647,null,4,null,null,null,26.294,-23.618,2.406,0.407,0.882,null,null,null,null,null,null,-1,null,null,3.279,-23.015,-31.445,-21.542,null,null,null,null,null,null,null,null,null,PKNYXWMTHFMHKD,null,TRND,bDKlQtEvaHVuMEWPaK,null,null,null,null,null,null,null,null,null,null,null,null,null,0,4,0,null,null,173032,0 0 0 0,1,1,2025-06-17 15:37:36,null,null,null,null,null,null,null,364793391,activity,null,HTS,null,-5.691,3.279,-8.356,-23.015,null,null,null,null,null,null,null,null,null,null,null,null,null,null,null,null,null,null,null,null,null,278940567
TRND-Glioblastoma_LOPAC_T98G-primary_screen2,NCGC00370908-11,activity,null,4,-15.381,-2.414,CC(C)(C)C1=CC(=C2OC(=O)C(O)(C2=C1)C(F)(F)F)C(C)(C)C,null,null,null,null,null,SML0275,SIGMA,2021_LOPAC_01,null,null,rac BHFF,null,4,null,null,null,16.571,-3.381,4.955,0.177,0.98,null,null,null,null,null,null,12,null,null,12.921,-3.651,34.797,37.661,null,null,null,null,null,null,null,null,null,RVNOANDLZIIFHB,null,TRND,ZReEZJLxyrlrVzKGgi,null,null,null,null,null,null,null,null,null,null,null,null,null,0,4,0,null,null,173032,0 0 0 0,1,1,2025-06-17 15:37:36,null,null,null,null,null,null,null,364792291,activity,null,HTS,null,10.662,12.921,-3.651,-2.414,null,null,null,null,null,null,null,null,null,null,null,null,null,null,null,null,null,null,null,null,null,278940568
TRND-Glioblastoma_LOPAC_T98G-primary_screen2,NCGC00025179-31,activity,null,4,-24.979,-3.316,[H][C@@]12CC[C@@](O)(C#CC)[C@@]1(C)C[C@H](C3=CC=C(C=C3)N(C)C)C4=C5CCC(=O)C=C5CC[C@@]24[H],null,null,null,null,null,M8046,SIGMA,2021_LOPAC_01,null,null,Mifepristone,null,4,null,null,null,26.511,-3.979,4.955,0.207,0.973,null,null,null,null,null,null,21,null,null,23.195,-3.316,89.813,85.634,null,null,null,null,null,null,null,null,null,VKHAHZOOUSRJNA,null,TRND,TZNDImHXWhyEXqlxAt,null,Progesterone Receptor antagonist,null,null,null,null,null,null,null,84371-65-3,PGR,null,null,0,4,0,null,null,173032,0 0 0 0,1,1,2025-06-17 15:37:36,null,null,null,null,null,null,null,364791007,activity,null,HTS,null,23.195,18.289,20.599,-3.316,null,null,null,null,null,null,null,null,null,null,null,null,null,null,null,null,null,null,null,null,null,278940944
TRND-Glioblastoma_LOPAC_T98G-primary_screen2,NCGC00690006-01,activity,null,4,-24.937,-19.531,CCN(C)C(=O)C2(CCOC1=CC=CC=C1)CCN(CC3=CC(Cl)=C(O)C=C3)CC2,null,null,null,null,null,SML2164,SIGMA,2021_LOPAC_01,null,null,Bepristat 1a,null,4,null,null,null,24.676,-19.937,2.406,0.066,0.997,null,null,null,null,null,null,5,null,null,5.145,-19.531,-0.858,-0.492,null,null,null,null,null,null,null,null,null,AYJKPBTXOIHUFT,null,TRND,EjUePGygCTAoUgchCS,null,null,null,null,null,null,null,null,null,null,null,null,null,0,4,0,null,null,173032,0 0 0 0,1,1,2025-06-17 15:37:36,null,null,null,null,null,null,null,364792471,activity,null,HTS,null,4.758,5.145,-10.568,-19.531,null,null,null,null,null,null,null,null,null,null,null,null,null,null,null,null,null,null,null,null,null,278940945
TRND-Glioblastoma_LOPAC_T98G-primary_screen2,NCGC00015151-06,activity,null,4,0,-5.732,C[N+](C)(C)CC=O,null,null,null,null,null,B3650,SIGMA,2021_LOPAC_01,null,null,Betaine aldehyde chloride,null,4,null,null,null,7.889,0,null,null,null,null,null,null,null,null,null,0,null,null,2.157,-5.732,2.548,null,null,null,null,null,null,null,null,null,null,SXKNCCSPZDCRFD,null,TRND,VWXreUYpBEKapUnOSl,null,null,null,null,CL,null,null,null,null,null,null,null,null,0,4,null,null,null,173032,null,1,1,2025-06-17 15:37:36,null,null,null,null,null,null,null,364791983,activity,null,HTS,null,2.157,1.952,-2.558,-5.732,null,null,null,null,null,null,null,null,null,null,null,null,null,null,null,null,null,null,null,null,null,278940946
TRND-Glioblastoma_LOPAC_T98G-primary_screen2,NCGC00015766-27,activity,null,4,0,4.404,CC1=CC(=C(O)C(C)=C1CC2=NCCN2)C(C)(C)C,null,null,null,null,null,O2378,SIGMA,2021_LOPAC_01,null,null,Oxymetazoline hydrochloride,null,4,null,null,null,5.901,0,null,null,null,null,null,null,null,null,null,0,null,null,10.305,4.404,40.206,null,null,null,null,null,null,null,null,null,null,WYWIFABBXFUGLM,null,TRND,bCsKQvBsIloCwrUjpJ,null,Alpha-1A Adrenergic Receptor agonist,null,null,CL,null,null,null,null,151615,ADRA1A,null,null,0,4,null,null,null,173032,null,1,1,2025-06-17 15:37:36,null,null,null,null,null,null,null,364792167,activity,null,HTS,null,9.371,10.305,6.695,4.404,null,null,null,null,null,null,null,null,null,null,null,null,null,null,null,null,null,null,null,null,null,278940947
TRND-Glioblastoma_LOPAC_T98G-primary_screen2,NCGC00093933-05,activity,null,4,0,1.996,N[C@@H](CC1=CC=C(F)C=C1)C(O)=O,null,null,null,null,null,F4646,SIGMA,2021_LOPAC_01,null,null,p-Fluoro-L-phenylalanine,null,4,null,null,null,8.361,0,null,null,null,null,null,null,null,null,null,0,null,null,4.081,-4.28,12.065,null,null,null,null,null,null,null,null,null,null,XWHHYOYVRVGJJY,null,TRND,nxAjpLLTQEjMUuHXWM,null,null,null,null,null,null,null,null,null,1132-68-9,null,null,null,0,4,null,null,null,173032,null,1,1,2025-06-17 15:37:36,null,null,null,null,null,null,null,364794591,activity,null,HTS,null,4.081,-4.28,3.833,1.996,null,null,null,null,null,null,null,null,null,null,null,null,null,null,null,null,null,null,null,null,null,278940948
TRND-Glioblastoma_LOPAC_T98G-primary_screen2,NCGC00387496-04,activity,null,4,-25.794,-25.245,CC1=CC(C)=NC(SCC(=O)NC2=NC=C(CC3=CC=CC4=C3C=CC=C4)S2)=N1,null,null,null,null,null,SML1514,SIGMA,2021_LOPAC_01,null,null,SirReal2,null,4,null,null,null,30.78,-25.794,4.504,0.417,0.875,null,null,null,null,null,null,0,null,null,5.535,-25.245,-26.585,-13.875,null,null,null,null,null,null,null,null,null,MENNDDDTIIZDDN,null,TRND,rtCwWuaAjsNmfKQkdB,null,null,null,null,null,null,null,null,null,null,null,null,null,0,4,0,null,null,173032,0 0 0 0,1,1,2025-06-17 15:37:36,null,null,null,null,null,null,null,364793691,activity,null,HTS,null,-5.955,5.535,-0.939,-25.245,null,null,null,null,null,null,null,null,null,null,null,null,null,null,null,null,null,null,null,null,null,278940949
TRND-Glioblastoma_LOPAC_T98G-primary_screen2,NCGC00015868-08,activity,null,4,0,-0.25,[O-][N+](=O)C1=CC=C2N=C(C=CC2=C1)N3CCNCC3,null,null,null,null,null,Q109,SIGMA,2021_LOPAC_01,null,null,"Quipazine, 6-nitro-, maleate",null,4,null,null,null,5.99,0,null,null,null,null,null,null,null,null,null,0,null,null,5.741,-0.25,14.671,null,null,null,null,null,null,null,null,null,null,GGDBEAVVGFNWIA,null,TRND,SBwljlOJGqrIcMxCmQ,null,null,null,null,MALEATE,null,null,null,null,129047-05-8,null,null,null,0,4,null,null,null,173032,null,1,1,2025-06-17 15:37:36,null,null,null,null,null,null,null,364793231,activity,null,HTS,null,3.641,0.98,5.741,-0.25,null,null,null,null,null,null,null,null,null,null,null,null,null,null,null,null,null,null,null,null,null,278940950
TRND-Glioblastoma_LOPAC_T98G-primary_screen2,NCGC00015771-29,activity,null,4,0,1.884,CN(C)CCOC(C1=CC=CC=C1)C2=C(C)C=CC=C2,null,null,null,null,null,O3752,SIGMA,2021_LOPAC_01,null,null,Orphenadrine hydrochloride,null,4,null,null,null,5.68,0,null,null,null,null,null,null,null,null,null,0,null,null,7.564,1.884,22.661,null,null,null,null,null,null,null,null,null,null,QVYRGXJJSLMXQH,null,TRND,WdEDysuYReZQRFJhmw,null,null,null,null,CL,null,null,null,null,341-69-5,null,null,null,0,4,null,null,null,173032,null,1,1,2025-06-17 15:37:36,null,null,null,null,null,null,null,364790903,activity,null,HTS,null,4.533,5.439,7.564,1.884,null,null,null,null,null,null,null,null,null,null,null,null,null,null,null,null,null,null,null,null,null,278940951
TRND-Glioblastoma_LOPAC_T98G-primary_screen2,NCGC00387064-06,activity,null,4,-14.119,15.912,CCCCCCCCCCCC(=O)C1=C(O)C(C(=O)CCCCCCCCCCC)=C(O)C(C2CC(OC3=C2C=CC(O)=C3)C4=CC=C(O)C=C4)=C1O,null,null,null,null,null,SML1226,SIGMA,2021_LOPAC_01,null,null,YM-26734,null,4,null,null,null,18.928,-5.619,4.955,1,0.915,null,null,null,null,null,null,8.5,null,null,15.912,-3.015,22.162,24.561,null,null,null,null,null,null,null,null,null,CEJAYJCUSZHYDS,null,TRND,nHYEDsjwKTXDuQVUno,null,null,null,null,null,null,null,null,null,null,null,null,null,0,4,1,null,null,173032,0 0 0 1,1,1,2025-06-17 15:37:36,null,null,null,null,null,null,null,364791255,activity,null,HTS,null,6.621,10.708,-3.015,15.912,null,null,null,null,null,null,null,null,null,null,null,null,null,null,null,null,null,null,null,null,null,278940952
TRND-Glioblastoma_LOPAC_T98G-primary_screen2,NCGC00017400-24,activity,null,4,-18.427,-10.355,[H][C@@]12CCCN1C(=O)[C@]([H])(CC3=CC=CC=C3)N4C(=O)[C@](C)(NC(=O)[C@@]5([H])CN(C)[C@]6([H])CC7=CNC8=CC=CC(=C78)[C@@]6([H])C5)O[C@@]24O,null,null,null,null,null,D2763,SIGMA,2021_LOPAC_01,null,null,Dihydroergotamine methanesulfonate,null,4,null,null,null,22.206,-12.427,4.955,0.508,0.797,null,null,null,null,null,null,6,null,null,11.851,-10.355,16.408,19.664,null,null,null,null,null,null,null,null,null,LUZRJRNZXALNLM,null,TRND,btphlFxXuDSKMyVLIq,null,null,null,null,SULFONICACID_V1,null,null,null,null,6190-39-2,null,null,null,0,4,0,null,null,173032,0 0 0 0,1,1,2025-06-17 15:37:36,null,null,null,null,null,null,null,364792387,activity,null,HTS,null,4.331,2.211,11.851,-10.355,null,null,null,null,null,null,null,null,null,null,null,null,null,null,null,null,null,null,null,null,null,278940953
TRND-Glioblastoma_LOPAC_T98G-primary_screen2,NCGC00093543-05,activity,null,4,0,7.604,C[C@H](CCC(=O)NCC[S+](O)([O-])=O)C1CCC2C3[C@H](O)CC4C[C@H](O)CCC4(C)C3C[C@H](O)C12C,null,null,null,null,null,T9034,SIGMA,2021_LOPAC_01,null,null,Sodium Taurocholate hydrate,null,4,null,null,null,3.5,0,null,null,null,null,null,null,null,null,null,0,null,null,8.509,5.009,29.236,null,null,null,null,null,null,null,null,null,null,NPEDSWAUKPNTNM,null,TRND,ytciyJEHdLiPIdDNOB,null,null,null,null,SODIUM,null,null,null,null,[NO STEREO] 81-24-3,null,null,null,0,4,null,null,null,173032,null,1,1,2025-06-17 15:37:36,null,null,null,null,null,null,null,364791135,activity,null,HTS,null,5.009,8.509,7.712,7.604,null,null,null,null,null,null,null,null,null,null,null,null,null,null,null,null,null,null,null,null,null,278940954
TRND-Glioblastoma_LOPAC_T98G-primary_screen2,NCGC00015462-24,activity,null,4,-10.5,6.355,CC1=NC=C(N=C1)C(=O)NCCC2=CC=C(C=C2)[S+]([O-])(=O)NC(=O)NC3CCCCC3,null,null,null,null,null,G117,SIGMA,2021_LOPAC_01,null,null,Glipizide,null,4,null,null,null,10.903,-0.5,4.955,1,0.773,null,null,null,null,null,null,10,null,null,12.466,1.563,30.745,35.551,null,null,null,null,null,null,null,null,null,MKGWVFBAAZYWCF,null,TRND,WLSuDysNeFkGBVuKXs,null,K(ATP) Channel activator,null,null,null,null,null,null,null,29094-61-9,KCNJ8,null,null,0,4,1,null,null,173032,0 0 0 1,1,1,2025-06-17 15:37:36,null,null,null,null,null,null,null,364794695,activity,null,HTS,null,7.249,12.466,1.563,6.355,null,null,null,null,null,null,null,null,null,null,null,null,null,null,null,null,null,null,null,null,null,278940955
TRND-Glioblastoma_LOPAC_T98G-primary_screen2,NCGC00021146-29,activity,null,4,-19.643,-0.119,FC1=CC=C(C=C1)C(=O)C2CCN(CCN3C(=O)NC4=C(C=CC=C4)C3=O)CC2,null,null,null,null,null,S006,SIGMA,2021_LOPAC_01,null,null,Ketanserin tartrate,null,4,null,null,null,19.256,-0.143,2.333,0.059,0.998,null,null,null,null,null,null,19.5,null,null,19.137,-0.119,72.398,73.812,null,null,null,null,null,null,null,null,null,FPCCSQOGAWCVBH,null,TRND,BIUbzwZjNEJyzVxnUi,null,null,null,null,TARTRATE,null,null,null,null,[NO STEREO] 83846-83-7,null,null,null,0,4,0,null,null,173032,0 0 0 0,1,1,2025-06-17 15:37:36,null,null,null,null,null,null,null,364795487,activity,null,HTS,null,18.94,19.137,9.334,-0.119,null,null,null,null,null,null,null,null,null,null,null,null,null,null,null,null,null,null,null,null,null,278940956
TRND-Glioblastoma_LOPAC_T98G-primary_screen2,NCGC00015277-22,activity,null,4,12.81,-4.142,CCN1N=C(C(O)=O)C(=O)C2=C1C=C3OCOC3=C2,null,null,null,null,null,C8645,SIGMA,2021_LOPAC_01,null,null,Cinoxacin,null,4,null,null,null,14.006,1,4.955,1,0.555,null,null,null,null,null,null,-11.81,null,null,5.831,-8.175,-23.213,-20.127,null,null,null,null,null,null,null,null,null,VDUWPHTZYNWKRN,null,TRND,YMGxejQApBhpmbEokQ,null,null,null,null,null,null,null,null,null,28657-80-9,null,null,null,0,4,1,null,null,173032,0 0 0 1,1,1,2025-06-17 15:37:36,null,null,null,null,null,null,null,364794659,activity,null,HTS,null,-8.175,5.831,-3.756,-4.142,null,null,null,null,null,null,null,null,null,null,null,null,null,null,null,null,null,null,null,null,null,278940957
TRND-Glioblastoma_LOPAC_T98G-primary_screen2,NCGC00025188-11,activity,null,4,11.449,4.615,CC(N\C(NC1=CC=NC=C1)=N/C#N)C(C)(C)C,null,null,null,null,null,P154,SIGMA,2021_LOPAC_01,null,null,Pinacidil,null,4,null,null,null,18.772,7,4.955,0.589,0.699,null,null,null,null,null,null,-4.449,null,null,9.648,-9.124,2.9,-6.967,null,null,null,null,null,null,null,null,null,IVVNZDGDKPTYHK,null,TRND,ilFMcSZNBuksugVaGP,null,null,null,null,H2O,null,null,null,null,60560-33-0,null,null,null,0,4,0,null,null,173032,0 0 0 0,1,1,2025-06-17 15:37:36,null,null,null,null,null,null,null,364795103,activity,null,HTS,null,0.037,-9.124,9.648,4.615,null,null,null,null,null,null,null,null,null,null,null,null,null,null,null,null,null,null,null,null,null,278940958
TRND-Glioblastoma_LOPAC_T98G-primary_screen2,NCGC00016056-07,activity,null,4,-12.196,4.61,CNCCC(OC1=C(C)C=CC=C1)C2=CC=CC=C2,null,null,null,null,null,T7947,SIGMA,2021_LOPAC_01,null,null,Tomoxetine,null,4,null,null,null,13.815,0.804,4.955,0.578,0.715,null,null,null,null,null,null,13,null,null,10.734,-3.08,30.681,30.988,null,null,null,null,null,null,null,null,null,VHGCDTVCOLNTBX,null,TRND,roLUwmCMvGjiKnHnMp,null,null,null,null,CL,null,null,null,null,[NO STEREO] 83015-26-3,null,null,null,0,4,0,null,null,173032,0 0 0 0,1,1,2025-06-17 15:37:36,null,null,null,null,null,null,null,364790875,activity,null,HTS,null,10.734,-3.08,0.888,4.61,null,null,null,null,null,null,null,null,null,null,null,null,null,null,null,null,null,null,null,null,null,278940959
TRND-Glioblastoma_LOPAC_T98G-primary_screen2,NCGC00015369-09,activity,null,4,0,0.952,ClC1=C(Cl)C2=C(C=CC=C2)C(=O)O1,null,null,null,null,null,D7910,SIGMA,2021_LOPAC_01,null,null,"3,4-Dichloroisocoumarin",null,4,null,null,null,8.347,0,null,null,null,null,null,null,null,null,null,0,null,null,1.427,-6.92,-3.766,null,null,null,null,null,null,null,null,null,null,SUGXUUGGLDCZKB,null,TRND,BHxKDtdrWnAlMYAYrE,null,null,null,null,null,null,null,null,null,null,null,null,null,0,4,null,null,null,173032,null,1,1,2025-06-17 15:37:36,null,null,null,null,null,null,null,364792955,activity,null,HTS,null,1.427,-6.92,-4.848,0.952,null,null,null,null,null,null,null,null,null,null,null,null,null,null,null,null,null,null,null,null,null,278940960
TRND-Glioblastoma_LOPAC_T98G-primary_screen2,NCGC00015296-08,activity,null,4,14.239,1.234,CCCN(CCC)CCC1=CC(O)=C(O)C=C1,null,null,null,null,null,D031,SIGMA,2021_LOPAC_01,null,null,Dipropyldopamine hydrobromide,null,4,null,null,null,13.605,1,4.955,0.343,0.921,null,null,null,null,null,null,-13.239,null,null,2.989,-10.616,-27.543,-27.07,null,null,null,null,null,null,null,null,null,LMYSNFBROWBKMB,null,TRND,nvpaVSEZHKmrAMdaHD,null,null,null,null,BR,null,null,null,null,null,null,null,null,0,4,0,null,null,173032,0 0 0 0,1,1,2025-06-17 15:37:36,null,null,null,null,null,null,null,364794279,activity,null,HTS,null,-10.616,2.989,-1.172,1.234,null,null,null,null,null,null,null,null,null,null,null,null,null,null,null,null,null,null,null,null,null,278940961
TRND-Glioblastoma_LOPAC_T98G-primary_screen2,NCGC00507729-02,activity,null,4,0,-12.222,CCOC(=O)C1=CN=C(C=C1)C#CC2=CC3=C(SCC(C)(C)C3)C=C2,null,null,null,null,null,T7080,SIGMA,2021_LOPAC_01,null,null,Tazarotene,null,4,null,null,null,3.726,0,null,null,null,null,null,null,null,null,null,0,null,null,-8.497,-12.222,-47.578,null,null,null,null,null,null,null,null,null,null,BNQWPOPTPDVAGV,null,TRND,xWvJPLtzAULXsJCAIm,null,null,null,null,null,null,null,null,null,null,null,null,null,0,4,null,null,null,173032,null,1,1,2025-06-17 15:37:36,null,null,null,null,null,null,null,364795127,activity,null,HTS,null,-9.65,-8.497,-12.061,-12.222,null,null,null,null,null,null,null,null,null,null,null,null,null,null,null,null,null,null,null,null,null,278940962
TRND-Glioblastoma_LOPAC_T98G-primary_screen2,NCGC00242479-06,activity,null,4,12.763,8.552,COC1=C(N[S+]([O-])(=O)C2=C(N=CC=C2)C3=CC=C(C=C3)C4=NN=CO4)N=CC(C)=N1,null,null,null,null,null,SML1550,SIGMA,2021_LOPAC_01,null,null,Zibotentan,null,4,null,null,null,14.604,11,4.955,0.617,0.656,null,null,null,null,null,null,-1.763,null,null,8.552,-6.052,-2.715,-2.891,null,null,null,null,null,null,null,null,null,SOMYEPUSNJJLPY,null,TRND,taqbpjcLdDUhVocCWC,null,Endothelin-1 Receptor antagonist,null,null,null,null,null,null,null,186497-07-4,EDNRA,null,null,0,4,0,null,null,173032,0 0 0 0,1,1,2025-06-17 15:37:36,null,null,null,null,null,null,null,364793479,activity,null,HTS,null,-1.827,2.994,-6.052,8.552,null,null,null,null,null,null,null,null,null,null,null,null,null,null,null,null,null,null,null,null,null,278940963
TRND-Glioblastoma_LOPAC_T98G-primary_screen2,NCGC00162143-12,activity,null,4,0,0.861,OP([O-])(=O)C(Cl)(Cl)P(O)([O-])=O,null,null,null,null,null,D4434,SIGMA,2021_LOPAC_01,null,null,Clodronic acid,null,4,null,null,null,8.302,0,null,null,null,null,null,null,null,null,null,0,null,null,4.353,-3.948,-5.536,null,null,null,null,null,null,null,null,null,null,ACSIXWWBWUQEHA,null,TRND,DaQkEUuNHMcAuLQpSU,null,null,null,null,SODIUM,null,null,null,null,null,null,null,null,0,4,null,null,null,173032,null,1,1,2025-06-17 15:37:36,null,null,null,null,null,null,null,364794959,activity,null,HTS,null,-3.948,2.754,4.353,0.861,null,null,null,null,null,null,null,null,null,null,null,null,null,null,null,null,null,null,null,null,null,278940964
TRND-Glioblastoma_LOPAC_T98G-primary_screen2,NCGC00015457-12,activity,null,4,-10.5,3.852,OC(=O)C1=CCCNC1,null,null,null,null,null,G007,SIGMA,2021_LOPAC_01,null,null,Guvacine hydrochloride,null,4,null,null,null,10.71,2.5,4.955,0.379,0.901,null,null,null,null,null,null,13,null,null,14.562,3.852,59.202,56.226,null,null,null,null,null,null,null,null,null,QTDZOWFRBNTPQR,null,TRND,OpBQWQZBsFwhMsuHQt,null,null,null,null,CL,null,null,null,null,null,null,null,null,0,4,0,null,null,173032,0 0 0 0,1,1,2025-06-17 15:37:36,null,null,null,null,null,null,null,364791499,activity,null,HTS,null,14.562,10.916,13.067,3.852,null,null,null,null,null,null,null,null,null,null,null,null,null,null,null,null,null,null,null,null,null,278940965
TRND-Glioblastoma_LOPAC_T98G-primary_screen2,NCGC00092364-15,activity,null,4,11.588,-3.494,ClC1=CC=C(C=C1)C(=O)N[C@H]2CN3CCC2CC3,null,null,null,null,null,P6499,SIGMA,2021_LOPAC_01,null,null,PNU-282987,null,4,null,null,null,11.688,3.5,4.955,1,0.815,null,null,null,null,null,null,-8.088,null,null,5.781,-5.907,-11.44,-9.408,null,null,null,null,null,null,null,null,null,WECKJONDRAUFDD,null,TRND,SqauiWmWNiziuWwkQN,null,Neuronal acetylcholine receptor subunit alpha-7 agonist,null,null,CL,null,null,null,null,711085-63-1,CHRNA7,null,null,0,4,1,null,null,173032,0 0 0 1,1,1,2025-06-17 15:37:36,null,null,null,null,null,null,null,364794179,activity,null,HTS,null,-5.907,5.781,0.746,-3.494,null,null,null,null,null,null,null,null,null,null,null,null,null,null,null,null,null,null,null,null,null,278940966
TRND-Glioblastoma_LOPAC_T98G-primary_screen2,NCGC00507714-02,activity,null,4,-13.368,-0.371,CC\C(=N/NC(=O)C1=CC=NC(NCCCN2CCOCC2)=C1)C3=CC=C(Cl)C=C3O,null,null,null,null,null,SML0962,SIGMA,2021_LOPAC_01,null,null,M-110,null,4,null,null,null,12.064,-1.368,4.955,0.242,0.962,null,null,null,null,null,null,12,null,null,9.258,-2.807,22.898,23.397,null,null,null,null,null,null,null,null,null,FXXCNYVQIONABS,null,TRND,ZQKkiIvKGpipvyjVKM,null,null,null,null,null,null,null,null,null,null,null,null,null,0,4,0,null,null,173032,0 0 0 0,1,1,2025-06-17 15:37:36,null,null,null,null,null,null,null,364792287,activity,null,HTS,null,9.258,-2.807,-0.91,-0.371,null,null,null,null,null,null,null,null,null,null,null,null,null,null,null,null,null,null,null,null,null,278940967
TRND-Glioblastoma_LOPAC_T98G-primary_screen2,NCGC00014925-29,activity,2.238721,-1.2,-67.01,-77.517,CC[C@@]1(O)C(=O)OCC2=C1C=C3N(CC4=CC5=C(C=CC(O)=C5CN(C)C)N=C34)C2=O,null,null,null,null,null,T2705,SIGMA,2021_LOPAC_01,-5.65,null,Topotecan hydrochloride hydrate,null,-1.2,null,null,null,62.925,-78.52,1.509,0.015,1,null,null,null,null,null,null,-11.51,null,null,-14.591,-77.517,-151.204,-149.892,null,null,null,null,null,null,null,null,null,UCFGDBYHRUNTLO,null,TRND,thUwepgPlWGOEvATRH,null,DNA Topoisomerase I inhibitor,null,null,null,null,null,null,null,119413-54-6,TOP1,null,null,0,4,0,null,null,173032,0 0 0 0,1,1,2025-06-17 15:37:36,null,null,null,null,null,null,null,364792199,activity,null,HTS,3.247335,-14.591,-32.214,-67.854,-77.517,null,null,null,null,null,null,null,null,null,null,null,null,null,null,null,null,null,null,null,null,null,278940968
TRND-Glioblastoma_LOPAC_T98G-primary_screen2,NCGC00015715-19,activity,null,4,-15.839,-6.116,CNCCC(OC1=C(OC)C=CC=C1)C2=CC=CC=C2,null,null,null,null,null,N151,SIGMA,2021_LOPAC_01,null,null,Nisoxetine hydrochloride,null,4,null,null,null,16.958,-7.839,4.955,0.427,0.868,null,null,null,null,null,null,8,null,null,10.842,-6.116,36.477,30.259,null,null,null,null,null,null,null,null,null,ITJNARMNRKSWTA,null,TRND,mFVomSZYpGIVeHcSVl,null,null,null,null,CL,null,null,null,null,57754-86-6,null,null,null,0,4,0,null,null,173032,0 0 0 0,1,1,2025-06-17 15:37:36,null,null,null,null,null,null,null,364792295,activity,null,HTS,null,10.842,4.361,9.374,-6.116,null,null,null,null,null,null,null,null,null,null,null,null,null,null,null,null,null,null,null,null,null,278940969
TRND-Glioblastoma_LOPAC_T98G-primary_screen2,NCGC00015365-33,activity,null,4,0,-2.416,OC1=CC=C(C=C1)C2=COC3=C(C=CC(O)=C3)C2=O,null,null,null,null,null,D7802,SIGMA,2021_LOPAC_01,null,null,Daidzein,null,4,null,null,null,6.381,0,null,null,null,null,null,null,null,null,null,0,null,null,-0.886,-7.267,-10.69,null,null,null,null,null,null,null,null,null,null,ZQSIJRDFPHDXIC,null,TRND,bLwindJOkQIBnYRqyp,null,Estrogen Receptor beta agonist,null,null,null,null,null,null,null,486-66-8,ESR2,null,null,0,4,null,null,null,173032,null,1,1,2025-06-17 15:37:36,null,null,null,null,null,null,null,364791035,activity,null,HTS,null,-1.341,-7.267,-0.886,-2.416,null,null,null,null,null,null,null,null,null,null,null,null,null,null,null,null,null,null,null,null,null,278940970
TRND-Glioblastoma_LOPAC_T98G-primary_screen2,NCGC00168110-17,activity,12.589254,-2.3,-101.064,-93.523,CN1CCN(CC1)C2=CC(NC3=CC(C)=NN3)=NC(SC4=CC=C(NC(=O)C5CC5)C=C4)=N2,null,null,null,null,null,SML2158,SIGMA,2021_LOPAC_01,-4.9,null,Vx-680,null,-2.1,null,null,null,85.206,-110.545,1.644,0.05,0.998,null,null,null,null,null,null,-9.48,null,null,-8.317,-93.523,-106.596,-109.354,null,null,null,null,null,null,null,null,null,GCIKSSRWRFVXBI,null,TRND,hUKwQyQHhWLElqSySv,null,Aurora kinase B inhibitor,null,null,null,null,null,null,null,639089-54-6,AURKB,null,null,0,4,0,null,null,173032,0 0 0 0,1,1,2025-06-17 15:37:36,null,null,null,null,null,null,null,364795059,activity,null,HTS,11.205655,-8.317,-14.098,-35.034,-93.523,null,null,null,null,null,null,null,null,null,null,null,null,null,null,null,null,null,null,null,null,null,278940971
TRND-Glioblastoma_LOPAC_T98G-primary_screen2,NCGC00024900-16,activity,null,4,-19.028,9.398,C[C@@]12N[C@@H](CC3=C1C=CC=C3)C4=C2C=CC=C4,null,null,null,null,null,M108,SIGMA,2021_LOPAC_01,null,null,(-)-MK-801 hydrogen maleate,null,4,null,null,null,22.743,-1.528,4.955,1,0.401,null,null,null,null,null,null,17.5,null,null,11.886,-10.857,35.184,29.696,null,null,null,null,null,null,null,null,null,LBOJYSIDWZQNJS,null,TRND,bVMNihDanuVCiyGdPR,null,null,null,null,MALEATE,null,null,null,null,77086-19-2,null,null,null,0,4,1,null,null,173032,0 0 0 1,1,1,2025-06-17 15:37:36,null,null,null,null,null,null,null,364790879,activity,null,HTS,null,11.886,-10.857,7.987,9.398,null,null,null,null,null,null,null,null,null,null,null,null,null,null,null,null,null,null,null,null,null,278940972
TRND-Glioblastoma_LOPAC_T98G-primary_screen2,NCGC00162092-05,activity,null,4,0,-7.227,CC1=C(N)C=CC(CN2C=NC3=C2C[C@H](N(C3)C(=O)C(C4=CC=CC=C4)C5=CC=CC=C5)C(O)=O)=C1,null,null,null,null,null,P5749,SIGMA,2021_LOPAC_01,null,null,S-(+)-PD 123177 trifluoroacetate salt hydrate,null,4,null,null,null,7.543,0,null,null,null,null,null,null,null,null,null,0,null,null,0.316,-7.227,-5.99,null,null,null,null,null,null,null,null,null,null,KLVDUSUYBDMJKR,null,TRND,jZCHiazTcvSGJmypGi,null,null,null,null,H2O,null,null,null,null,null,null,null,null,0,4,null,null,null,173032,null,1,1,2025-06-17 15:37:36,null,null,null,null,null,null,null,364793387,activity,null,HTS,null,0.316,-2.729,-1.658,-7.227,null,null,null,null,null,null,null,null,null,null,null,null,null,null,null,null,null,null,null,null,null,278940973
TRND-Glioblastoma_LOPAC_T98G-primary_screen2,NCGC00685448-02,activity,null,4,-13.77,-7.725,CC1=CN=C(CNCC2(F)CCN(CC2)C(=O)C3=CC=C(F)C(Cl)=C3)C=C1,null,null,null,null,null,SML2324,SIGMA,2021_LOPAC_01,null,null,NLx-112 hydrochloride,null,4,null,null,null,15.689,-5.77,4.504,0.257,0.957,null,null,null,null,null,null,8,null,null,7.965,-7.725,11.582,11.166,null,null,null,null,null,null,null,null,null,PKZXLMVXBZICTF,null,TRND,cZNIqfLEFjrYrzqDMR,null,5-HT1A Receptor agonist,null,null,CL,null,null,null,null,208110-64-9,HTR1A,null,null,0,4,0,null,null,173032,0 0 0 0,1,1,2025-06-17 15:37:36,null,null,null,null,null,null,null,364794927,activity,null,HTS,null,7.965,-5.036,-4.206,-7.725,null,null,null,null,null,null,null,null,null,null,null,null,null,null,null,null,null,null,null,null,null,278940974
TRND-Glioblastoma_LOPAC_T98G-primary_screen2,NCGC00024853-15,activity,null,4,-9.297,-5.248,[H][C@@]2(CNC(=O)C1=C(OC)C=CC(=C1)[S+](N)([O-])=O)CCCN2CC,null,null,null,null,null,S7771,SIGMA,2021_LOPAC_01,null,null,(-)-Sulpiride,null,4,null,null,null,11.36,-5.297,4.504,0.405,0.885,null,null,null,null,null,null,4,null,null,6.112,-5.248,9.242,13.026,null,null,null,null,null,null,null,null,null,LZSXQDDPWUOGTJ,null,TRND,cCiXecKJAJIoXMFXsn,null,null,null,null,null,null,null,null,null,23672-07-3,null,null,null,0,4,0,null,null,173032,0 0 0 0,1,1,2025-06-17 15:37:36,null,null,null,null,null,null,null,364793223,activity,null,HTS,null,2.114,6.112,2.666,-5.248,null,null,null,null,null,null,null,null,null,null,null,null,null,null,null,null,null,null,null,null,null,278940975
TRND-Glioblastoma_LOPAC_T98G-primary_screen2,NCGC00015925-18,activity,null,4,-7.174,-2.645,NC1=CC=C(C=C1)[S+]([O-])(=O)NC2=CC=NN2C3=CC=CC=C3,null,null,null,null,null,S0758,SIGMA,2021_LOPAC_01,null,null,Sulfaphenazole,null,4,null,null,null,12.101,-2.674,4.955,0.713,0.449,null,null,null,null,null,null,4.5,null,null,9.456,-2.645,2.403,13.331,null,null,null,null,null,null,null,null,null,MAJMNCJQOUUIHD,null,TRND,dIHqtHvatMpJNKBrUo,null,null,null,null,null,null,null,null,null,526-08-9,null,null,null,0,4,0,null,null,173032,0 0 0 0,1,1,2025-06-17 15:37:36,null,null,null,null,null,null,null,364793799,activity,null,HTS,null,-0.689,9.456,-1.29,-2.645,null,null,null,null,null,null,null,null,null,null,null,null,null,null,null,null,null,null,null,null,null,278940976
TRND-Glioblastoma_LOPAC_T98G-primary_screen2,NCGC00015962-28,activity,null,4,-27.895,-19.912,OC1=CC=C(C=C1)C2=NC(=C(N2)C3=CC=C(F)C=C3)C4=CC=NC=C4,null,null,null,null,null,S7067,SIGMA,2021_LOPAC_01,null,null,SB 202190,null,4,null,null,null,31.765,-19.895,4.504,0.286,0.946,null,null,null,null,null,null,8,null,null,11.852,-19.912,11.856,20.28,null,null,null,null,null,null,null,null,null,QHKYPYXTTXKZST,null,TRND,QiSKNdWQYmaXPBMtLd,null,Mitogen-Activated protein kinase 8 (JNK) inhibitor,null,null,null,null,null,null,null,152121-30-7,MAPK8,null,null,0,4,0,null,null,173032,0 0 0 0,1,1,2025-06-17 15:37:36,null,null,null,null,null,null,null,364791359,activity,null,HTS,null,4.009,11.852,4.171,-19.912,null,null,null,null,null,null,null,null,null,null,null,null,null,null,null,null,null,null,null,null,null,278940977
TRND-Glioblastoma_LOPAC_T98G-primary_screen2,NCGC00167441-13,activity,null,4,0,-2.344,[H][C@@]1(CCC2=C(C1)SC(N)=N2)NCCC,null,null,null,null,null,A1237,SIGMA,2021_LOPAC_01,null,null,Pramipexole dihydrochloride,null,4,null,null,null,8.772,0,null,null,null,null,null,null,null,null,null,0,null,null,4.791,-3.981,-5.609,null,null,null,null,null,null,null,null,null,null,FASDKYOPVNHBLU,null,TRND,WATYIYjJkNwpWyomRn,null,Dopamine Receptor D3 agonist,null,null,CL,null,null,null,null,104632-26-0,DRD3,null,null,0,4,null,null,null,173032,null,1,1,2025-06-17 15:37:36,null,null,null,null,null,null,null,364795119,activity,null,HTS,null,-3.981,4.791,4.754,-2.344,null,null,null,null,null,null,null,null,null,null,null,null,null,null,null,null,null,null,null,null,null,278940025
TRND-Glioblastoma_LOPAC_T98G-primary_screen2,NCGC00016098-26,activity,null,4,-23.905,-7.012,CC1=CC=CC(C)=C1NC2=NCCCS2,null,null,null,null,null,x1251,SIGMA,2021_LOPAC_01,null,null,xylazine hydrochloride,null,4,null,null,null,24.02,-8.405,2.406,0.117,0.991,null,null,null,null,null,null,15.5,null,null,14.933,-9.088,31.974,31.711,null,null,null,null,null,null,null,null,null,BPICBUSOMSTKRF,null,TRND,GaxktLofbsjTUsMkrf,null,null,null,null,CL,null,null,null,null,23076-35-9,null,null,null,0,4,0,null,null,173032,0 0 0 0,1,1,2025-06-17 15:37:36,null,null,null,null,null,null,null,364793543,activity,null,HTS,null,14.933,0.821,-9.088,-7.012,null,null,null,null,null,null,null,null,null,null,null,null,null,null,null,null,null,null,null,null,null,278940026
TRND-Glioblastoma_LOPAC_T98G-primary_screen2,NCGC00486918-03,activity,null,4,16.231,0.745,C[C@H](NC(=O)CNC(=O)C1=CC=CC(Cl)=C1)C2=CC=CC=C2,null,null,null,null,null,SML1624,SIGMA,2021_LOPAC_01,null,null,JNJ-63533054,null,4,null,null,null,16.398,0,4.955,0.521,0.784,null,null,null,null,null,null,-16.231,null,null,3.289,-13.109,-37.029,-36.214,null,null,null,null,null,null,null,null,null,MWDVCHRYCKXEBY,null,TRND,LtGAXOsbhWsdipmdIe,null,null,null,null,null,null,null,null,null,null,null,null,null,0,4,0,null,null,173032,0 0 0 0,1,1,2025-06-17 15:37:36,null,null,null,null,null,null,null,364793867,activity,null,HTS,null,-13.109,3.289,-4.773,0.745,null,null,null,null,null,null,null,null,null,null,null,null,null,null,null,null,null,null,null,null,null,278940027
TRND-Glioblastoma_LOPAC_T98G-primary_screen2,NCGC00015467-39,activity,null,4,0,-2.128,COC1=C(C=C(Cl)C=C1)C(=O)NCCC2=CC=C(C=C2)[S+]([O-])(=O)NC(=O)NC3CCCCC3,null,null,null,null,null,G0639,SIGMA,2021_LOPAC_01,null,null,Glybenclamide,null,4,null,null,null,8.48,0,null,null,null,null,null,null,null,null,null,0,null,null,6.352,-2.128,21.422,null,null,null,null,null,null,null,null,null,null,LTXYVKMLPDMZDV,null,TRND,JoFOtIcavsYnjqVvZi,null,null,null,null,null,null,null,null,null,10238-21-8,null,null,null,0,4,null,null,null,173032,null,1,1,2025-06-17 15:37:36,null,null,null,null,null,null,null,364791459,activity,null,HTS,null,6.352,2.01,5.018,-2.128,null,null,null,null,null,null,null,null,null,null,null,null,null,null,null,null,null,null,null,null,null,278940028
TRND-Glioblastoma_LOPAC_T98G-primary_screen2,NCGC00015500-33,activity,null,4,-28.687,-28.072,OC1(CCN(CCCC(=O)C2=CC=C(F)C=C2)CC1)C3=CC=C(Cl)C=C3,null,null,null,null,null,H1512,SIGMA,2021_LOPAC_01,null,null,Haloperidol,null,4,null,null,null,36.973,-28.187,4.955,0.491,0.814,null,null,null,null,null,null,0.5,null,null,8.9,-28.072,-30.568,-14.08,null,null,null,null,null,null,null,null,null,LNEPOXFFQSENCJ,null,TRND,QBQdnmXsafOqlbgtrj,null,null,null,null,null,null,null,null,null,52-86-8,null,null,null,0,4,0,null,null,173032,0 0 0 0,1,1,2025-06-17 15:37:36,null,null,null,null,null,null,null,364792011,activity,null,HTS,null,-7.566,8.9,-1.478,-28.072,null,null,null,null,null,null,null,null,null,null,null,null,null,null,null,null,null,null,null,null,null,278940029
TRND-Glioblastoma_LOPAC_T98G-primary_screen2,NCGC00015949-20,activity,19.952623,-3,-63.164,-55.707,CN1C=C(C2=C1C=CC=C2)C3=C(C(=O)NC3=O)C4=C(Cl)C=C(Cl)C=C4,null,null,null,null,null,S3442,SIGMA,2021_LOPAC_01,-4.7,null,SB 216763,null,-3,null,null,null,63.189,-60.164,4.955,0.227,0.967,null,null,null,null,null,null,3,null,null,7.481,-55.707,-32.945,-16.868,null,null,null,null,null,null,null,null,null,JCSGFHVFHSKIJH,null,TRND,adoMOmFVYYzjMRtJqH,null,null,null,null,null,null,null,null,null,null,null,null,null,0,4,0,null,null,173032,0 0 0 0,1,1,2025-06-17 15:37:36,null,null,null,null,null,null,null,364794099,activity,null,HTS,27.519598,-4.657,7.481,5.77,-55.707,null,null,null,null,null,null,null,null,null,null,null,null,null,null,null,null,null,null,null,null,null,278940030
TRND-Glioblastoma_LOPAC_T98G-primary_screen2,NCGC00181786-09,activity,null,4,0,-1.504,CN[S+]([O-])(=O)CCC1=CC=C2NC=C(C3CCN(C)CC3)C2=C1,null,null,null,null,null,N1415,SIGMA,2021_LOPAC_01,null,null,Naratriptan hydrochloride,null,4,null,null,null,3.344,0,null,null,null,null,null,null,null,null,null,0,null,null,-1.139,-4.484,-13.607,null,null,null,null,null,null,null,null,null,null,DISCIPFLLHHREU,null,TRND,rWsBPaKLphTsrgYVJM,null,null,null,null,HCL,null,null,null,null,143388-64-1,null,null,null,0,4,null,null,null,173032,null,1,1,2025-06-17 15:37:36,null,null,null,null,null,null,null,364794295,activity,null,HTS,null,-3.201,-1.139,-4.484,-1.504,null,null,null,null,null,null,null,null,null,null,null,null,null,null,null,null,null,null,null,null,null,278940031
TRND-Glioblastoma_LOPAC_T98G-primary_screen2,NCGC00015287-20,activity,null,4,-12.784,-5.654,N[C@@H](CCONC(N)=N)C(O)=O,null,null,null,null,null,C1625,SIGMA,2021_LOPAC_01,null,null,L-Canavanine,null,4,null,null,null,11.626,-7.284,4.955,0.082,0.996,null,null,null,null,null,null,5.5,null,null,5.972,-5.654,19.304,19.926,null,null,null,null,null,null,null,null,null,FSBIGDSBMBYOPN,null,TRND,RIOmRxyfmuYJwilSBl,null,null,null,null,null,null,null,null,null,2219-31-0,null,null,null,0,4,0,null,null,173032,0 0 0 0,1,1,2025-06-17 15:37:36,null,null,null,null,null,null,null,364790835,activity,null,HTS,null,5.111,5.972,5.604,-5.654,null,null,null,null,null,null,null,null,null,null,null,null,null,null,null,null,null,null,null,null,null,278940032
TRND-Glioblastoma_LOPAC_T98G-primary_screen2,NCGC00018239-17,activity,null,4,11.252,1.836,CCC(NC(C)C)C(O)C1=CC=C(O)C(O)=C1,null,null,null,null,null,I3639,SIGMA,2021_LOPAC_01,null,null,Isotharine mesylate,null,4,null,null,null,11.705,4,4.504,0.402,0.886,null,null,null,null,null,null,-7.252,null,null,6.079,-5.626,-7.308,-8.032,null,null,null,null,null,null,null,null,null,HUYWAWARQUIQLE,null,TRND,ZjWFfrDQJIMfMyDdSR,null,null,null,null,SULFONICACID_V1,null,null,null,null,[NO STEREO] 7279-75-6,null,null,null,0,4,0,null,null,173032,0 0 0 0,1,1,2025-06-17 15:37:36,null,null,null,null,null,null,null,364792607,activity,null,HTS,null,-5.626,4.422,6.079,1.836,null,null,null,null,null,null,null,null,null,null,null,null,null,null,null,null,null,null,null,null,null,278940033
TRND-Glioblastoma_LOPAC_T98G-primary_screen2,NCGC00024605-21,activity,null,4,-11.202,-12.448,CN([C@H]1CCCC[C@@H]1N2CCCC2)C(=O)CC3=CC(Cl)=C(Cl)C=C3,null,null,null,null,null,D8040,SIGMA,2021_LOPAC_01,null,null,(±) trans-U-50488 methanesulfonate,null,4,null,null,null,11.418,-13.938,4.955,0.338,0.923,null,null,null,null,null,null,-2.736,null,null,-1.03,-12.448,-21.041,-18.044,null,null,null,null,null,null,null,null,null,VQLPLYSROCPWFF,null,TRND,hKIbOFEGSrHbhNkWyD,null,null,null,null,SULFONICACID_V1,null,null,null,null,null,null,null,null,0,4,0,null,null,173032,0 0 0 0,1,1,2025-06-17 15:37:36,null,null,null,null,null,null,null,364794871,activity,null,HTS,null,-4.434,-1.03,-2.106,-12.448,null,null,null,null,null,null,null,null,null,null,null,null,null,null,null,null,null,null,null,null,null,278940034
TRND-Glioblastoma_LOPAC_T98G-primary_screen2,NCGC00021139-41,activity,null,4,-12.89,-1.991,O=C1NC(=O)C(N1)(C2=CC=CC=C2)C3=CC=CC=C3,null,null,null,null,null,D4007,SIGMA,2021_LOPAC_01,null,null,"5,5-Diphenylhydantoin",null,4,null,null,null,15.081,-2.39,2.72,0.375,0.903,null,null,null,null,null,null,10.5,null,null,13.089,-1.991,35.752,39.876,null,null,null,null,null,null,null,null,null,CXOFVDLJLONNDW,null,TRND,sbTkdISRnDQgnYnuCm,null,null,null,null,null,null,null,null,null,57-41-0,null,null,null,0,4,0,null,null,173032,0 0 0 0,1,1,2025-06-17 15:37:36,null,null,null,null,null,null,null,364793679,activity,null,HTS,null,8.362,13.089,6.359,-1.991,null,null,null,null,null,null,null,null,null,null,null,null,null,null,null,null,null,null,null,null,null,278940035
TRND-Glioblastoma_LOPAC_T98G-primary_screen2,NCGC00015478-21,activity,4.466836,-2.4,-36.784,-29.82,OC1=C(Br)C=C(\C=C2/C(=O)NC3=C2C=C(I)C=C3)C=C1Br,null,null,null,null,null,G6416,SIGMA,2021_LOPAC_01,-5.35,null,GW5074,null,4,null,null,null,35.42,-30.784,1.753,0.014,1,null,null,null,null,null,null,6,null,null,5.599,-29.82,-11.707,-11.264,null,null,null,null,null,null,null,null,null,LMXYVLFTZRPNRV,null,TRND,xayRJCQcIEBIchAJRr,null,null,null,null,null,null,null,null,null,null,null,null,null,0,4,0,null,null,173032,0 0 0 0,1,1,2025-06-17 15:37:36,null,null,null,null,null,null,null,364792115,activity,null,HTS,null,5.599,2.264,-18.808,-29.82,null,null,null,null,null,null,null,null,null,null,null,null,null,null,null,null,null,null,null,null,null,278940036
TRND-Glioblastoma_LOPAC_T98G-primary_screen2,NCGC00167578-10,activity,null,4,-17.196,2.611,O=C(C[C@H](CC1=CC=CC=C1)C(=O)O[Ca]OC(=O)[C@H](CC(=O)N2C[C@H]3CCCC[C@H]3C2)CC4=CC=CC=C4)N5C[C@H]6CCCC[C@H]6C5,null,null,null,null,null,SML0234,SIGMA,2021_LOPAC_01,null,null,Mitiglinide calcium,null,4,null,null,null,19.129,-13.196,4.955,1,0.807,null,null,null,null,null,null,4,null,null,8.132,-10.997,-8.55,-0.848,null,null,null,null,null,null,null,null,null,PMRVFZXOCRHXFE,null,TRND,nZOwyhspqkhMpMwmck,null,Insulin Secretagogue,null,null,null,null,null,null,null,207844-01-7,ABCC8,null,null,0,4,1,null,null,173032,0 0 0 1,1,1,2025-06-17 15:37:36,null,null,null,null,null,null,null,364792247,activity,null,HTS,null,-0.275,8.132,-10.997,2.611,null,null,null,null,null,null,null,null,null,null,null,null,null,null,null,null,null,null,null,null,null,278940037
TRND-Glioblastoma_LOPAC_T98G-primary_screen2,NCGC00092386-29,activity,14.125375,-3,-86.797,-85.599,CN[C@H]1CC[C@@H](C2=CC=C(Cl)C(Cl)=C2)C3=CC=CC=C13,null,null,null,null,null,S6319,SIGMA,2021_LOPAC_01,-4.85,null,Sertraline hydrochloride,null,-3,null,null,null,91.721,-86.797,4.955,0.147,0.986,null,null,null,null,null,null,0,null,null,6.123,-85.599,-33.851,-46.425,null,null,null,null,null,null,null,null,null,VGKDLMBJGBXTGI,null,TRND,eUhMNmAVmxhEovVuYM,null,Sodium-dependent Serotonin Transporter inhibitor,null,null,CL,null,null,null,null,79559-97-0,SLC6A4,null,null,0,4,0,null,null,173032,0 0 0 0,1,1,2025-06-17 15:37:36,null,null,null,null,null,null,null,364794827,activity,null,HTS,15.027065,6.123,-6.083,-2.279,-85.599,null,null,null,null,null,null,null,null,null,null,null,null,null,null,null,null,null,null,null,null,null,278940038
TRND-Glioblastoma_LOPAC_T98G-primary_screen2,NCGC00094437-09,activity,null,4,0,-14.056,[H][C@](N)(CC1=CNC2=C1C=CC=C2)C(O)=O,null,null,null,null,null,T0254,SIGMA,2021_LOPAC_01,null,null,L-Tryptophan,null,4,null,null,null,6.921,0,null,null,null,null,null,null,null,null,null,0,null,null,-7.136,-14.056,-45.703,null,null,null,null,null,null,null,null,null,null,QIVBCDIJIAJPQS,null,TRND,FYyzgLoyxMcjQgjubW,null,null,null,null,null,null,null,null,null,73-22-3,null,null,null,0,4,null,null,null,173032,null,1,1,2025-06-17 15:37:36,null,null,null,null,null,null,null,364794719,activity,null,HTS,null,-9.948,-8.18,-7.136,-14.056,null,null,null,null,null,null,null,null,null,null,null,null,null,null,null,null,null,null,null,null,null,278940039
TRND-Glioblastoma_LOPAC_T98G-primary_screen2,NCGC00016011-24,activity,null,4,0,2.156,NCCC1=CC=C(O)C=C1,null,null,null,null,null,T2879,SIGMA,2021_LOPAC_01,null,null,4-Hydroxyphenethylamine hydrochloride,null,4,null,null,null,9.626,0,null,null,null,null,null,null,null,null,null,0,null,null,11.782,2.156,47.058,null,null,null,null,null,null,null,null,null,null,DZGWFCGJZKJUFP,null,TRND,skcgWSymKbJTfGRiEf,null,null,null,null,CL,null,null,null,null,60-19-5,null,null,null,0,4,null,null,null,173032,null,1,1,2025-06-17 15:37:36,null,null,null,null,null,null,null,364791571,activity,null,HTS,null,11.782,11.347,7.574,2.156,null,null,null,null,null,null,null,null,null,null,null,null,null,null,null,null,null,null,null,null,null,278940040
TRND-Glioblastoma_LOPAC_T98G-primary_screen2,NCGC00015983-08,activity,null,4,-26.184,-17.654,OC1(CCN(CCCC(=O)C2=CC=C(F)C=C2)CC1)C3=CC(=CC=C3)C(F)(F)F,null,null,null,null,null,T103,SIGMA,2021_LOPAC_01,null,null,Trifluperidol hydrochloride,null,4,null,null,null,22.41,-22.184,1.644,0.083,0.996,null,null,null,null,null,null,4,null,null,4.756,-17.654,3.827,2.005,null,null,null,null,null,null,null,null,null,GPMXUUPHFNMNDH,null,TRND,XcOhseWxnBGnzyKbXq,null,null,null,null,HCL,null,null,null,null,2062-77-3,null,null,null,0,4,0,null,null,173032,0 0 0 0,1,1,2025-06-17 15:37:36,null,null,null,null,null,null,null,364793447,activity,null,HTS,null,4.756,2.577,-2.707,-17.654,null,null,null,null,null,null,null,null,null,null,null,null,null,null,null,null,null,null,null,null,null,278940041
TRND-Glioblastoma_LOPAC_T98G-primary_screen2,NCGC00015636-09,activity,null,4,0,7.661,[NH-]C1=C[N+](=NO1)N2CCOCC2,null,null,null,null,null,M184,SIGMA,2021_LOPAC_01,null,null,3-Morpholinosydnonimine hydrochloride,null,4,null,null,null,4.623,0,null,null,null,null,null,null,null,null,null,0,null,null,7.661,3.038,19.855,null,null,null,null,null,null,null,null,null,null,FKDHHVKWGRFRTG,null,TRND,zeuPrNoMFvkoJuNpEs,null,null,null,null,CL,null,null,null,null,null,null,null,null,0,4,null,null,null,173032,null,1,1,2025-06-17 15:37:36,null,null,null,null,null,null,null,364794091,activity,null,HTS,null,3.979,3.038,3.806,7.661,null,null,null,null,null,null,null,null,null,null,null,null,null,null,null,null,null,null,null,null,null,278940042
TRND-Glioblastoma_LOPAC_T98G-primary_screen2,NCGC00015497-09,activity,null,4,-30.001,-7.5,COC1=C(O)C=CC(CC(O)=O)=C1,null,null,null,null,null,H1252,SIGMA,2021_LOPAC_01,null,null,4-Hydroxy-3-methoxyphenylacetic acid,null,4,null,null,null,20.323,-12.501,0.6,0.315,0.934,null,null,null,null,null,null,17.5,null,null,12.823,-7.5,35.39,33.532,null,null,null,null,null,null,null,null,null,QRMZSPFSDQBLIX,null,TRND,UQJIdZQgeCbabWqqvB,null,null,null,null,null,null,null,null,null,306-08-1,null,null,null,0,4,0,null,null,173032,0 0 0 0,1,1,2025-06-17 15:37:36,null,null,null,null,null,null,null,364795191,activity,null,HTS,null,12.823,3.753,1.608,-7.5,null,null,null,null,null,null,null,null,null,null,null,null,null,null,null,null,null,null,null,null,null,278940043
TRND-Glioblastoma_LOPAC_T98G-primary_screen2,NCGC00015941-12,activity,null,4,0,2.594,NCCCNCCCCNCCCN,null,null,null,null,null,S2876,SIGMA,2021_LOPAC_01,null,null,Spermine tetrahydrochloride,null,4,null,null,null,5.626,0,null,null,null,null,null,null,null,null,null,0,null,null,8.22,2.594,23.796,null,null,null,null,null,null,null,null,null,null,PFNFFQXMRSDOHW,null,TRND,NpjaqeQdPJOKCurBfQ,null,null,null,null,CL,null,null,null,null,null,null,null,null,0,4,null,null,null,173032,null,1,1,2025-06-17 15:37:36,null,null,null,null,null,null,null,364792555,activity,null,HTS,null,4.236,8.22,7.053,2.594,null,null,null,null,null,null,null,null,null,null,null,null,null,null,null,null,null,null,null,null,null,278940044
TRND-Glioblastoma_LOPAC_T98G-primary_screen2,NCGC00390660-09,activity,null,4,0,-4.112,COC1=CC(=CC(OC)=C1OC)C2=CC(=CN=C2C)C3=CC=C(C=C3)N4CCNCC4,null,null,null,null,null,SML1119,SIGMA,2021_LOPAC_01,null,null,LDN-214117,null,4,null,null,null,9.659,0,null,null,null,null,null,null,null,null,null,0,null,null,5.547,-4.112,-2.251,null,null,null,null,null,null,null,null,null,null,BHUXVRVMMYAXKN,null,TRND,uUdyGaWceRnUVEiHdV,null,ALK2 inhibitor,null,null,null,null,null,null,null,null,ACVR1,null,null,0,4,null,null,null,173032,null,1,1,2025-06-17 15:37:36,null,null,null,null,null,null,null,364793167,activity,null,HTS,null,-2.201,3.063,5.547,-4.112,null,null,null,null,null,null,null,null,null,null,null,null,null,null,null,null,null,null,null,null,null,278940045
TRND-Glioblastoma_LOPAC_T98G-primary_screen2,NCGC00015956-12,activity,null,4,-13.272,-7.727,CC[C@H](NC(=O)C1=C(C)C(=NC2=CC=CC=C12)C3=CC=CC=C3)C4=CC=CC=C4,null,null,null,null,null,S5192,SIGMA,2021_LOPAC_01,null,null,SB 222200,null,4,null,null,null,15.677,-9.272,4.955,0.61,0.667,null,null,null,null,null,null,4,null,null,7.95,-7.727,20.484,12.652,null,null,null,null,null,null,null,null,null,MQNYRKWJSMQECI,null,TRND,ZorrRCQhyEZEIcIVGC,null,null,null,null,null,null,null,null,null,null,null,null,null,0,4,0,null,null,173032,0 0 0 0,1,1,2025-06-17 15:37:36,null,null,null,null,null,null,null,364791159,activity,null,HTS,null,7.95,-1.745,5.296,-7.727,null,null,null,null,null,null,null,null,null,null,null,null,null,null,null,null,null,null,null,null,null,278940046
TRND-Glioblastoma_LOPAC_T98G-primary_screen2,NCGC00476190-04,activity,null,4,-16.452,-19.836,ClC1=CC=C(OC2=CC=C(NC(=O)C3=CC=CC=N3)C=C2Cl)N=C1,null,null,null,null,null,SML1245,SIGMA,2021_LOPAC_01,null,null,ML396,null,4,null,null,null,17.876,-20.803,2.333,0.547,0.755,null,null,null,null,null,null,-4.351,null,null,-1.96,-19.836,-45.829,-31.184,null,null,null,null,null,null,null,null,null,MZRLPXFGQKQHST,null,TRND,mOqslyUZLRLdrXwupS,null,null,null,null,null,null,null,null,null,null,null,null,null,0,4,0,null,null,173032,0 0 0 0,1,1,2025-06-17 15:37:36,null,null,null,null,null,null,null,364793051,activity,null,HTS,null,-10.208,-1.96,-8.156,-19.836,null,null,null,null,null,null,null,null,null,null,null,null,null,null,null,null,null,null,null,null,null,278940047
TRND-Glioblastoma_LOPAC_T98G-primary_screen2,NCGC00507720-02,activity,4.466836,-2.4,-61.381,-48.35,COC1=CC(=CC=C1NC2=NC=CC(=N2)C3=CC4=C(C=NC=C4)N3C)N5CCN(C)CC5,null,null,null,null,null,SML1089,SIGMA,2021_LOPAC_01,-5.35,null,AZ191,null,-2.2,null,null,null,61.394,-48.381,2.72,0.073,0.997,null,null,null,null,null,null,13,null,null,13.044,-48.35,-8.778,-4.785,null,null,null,null,null,null,null,null,null,SYGZCLSQGSICDC,null,TRND,dzwbKysrYLHyshxjBd,null,null,null,null,null,null,null,null,null,null,null,null,null,0,4,0,null,null,173032,0 0 0 0,1,1,2025-06-17 15:37:36,null,null,null,null,null,null,null,364791543,activity,null,HTS,null,10.892,13.044,-32.465,-48.35,null,null,null,null,null,null,null,null,null,null,null,null,null,null,null,null,null,null,null,null,null,278940048
TRND-Glioblastoma_LOPAC_T98G-primary_screen2,NCGC00015054-28,activity,null,4,8.877,1.482,NC1=C2CCCCC2=NC3=CC=CC=C13,null,null,null,null,null,A3773,SIGMA,2021_LOPAC_01,null,null,"9-Amino-1,2,3,4-tetrahydroacridine hydrochloride",null,4,null,null,null,13.98,4,4.955,0.733,0.389,null,null,null,null,null,null,-4.877,null,null,10.75,-3.231,-0.461,-1.009,null,null,null,null,null,null,null,null,null,YLJREFDVOIBQDA,null,TRND,UFaavttNiLPlXWxRtE,null,null,null,null,CL,null,null,null,null,1684-40-8,null,null,null,0,4,0,null,null,173032,0 0 0 0,1,1,2025-06-17 15:37:36,null,null,null,null,null,null,null,364792367,activity,null,HTS,null,-3.231,10.75,0.306,1.482,null,null,null,null,null,null,null,null,null,null,null,null,null,null,null,null,null,null,null,null,null,278940049
TRND-Glioblastoma_LOPAC_T98G-primary_screen2,NCGC00165883-12,activity,null,4,7.944,2.873,NC(=O)C1=CN(CC2=C(F)C=CC=C2F)N=N1,null,null,null,null,null,R8404,SIGMA,2021_LOPAC_01,null,null,Rufinamide,null,4,null,null,null,11.993,3,2.406,0.66,0.579,null,null,null,null,null,null,-4.944,null,null,2.873,-9.12,-9.024,-16.468,null,null,null,null,null,null,null,null,null,POGQSBRIGCQNEG,null,TRND,YfeabmfDYueGuCTrkC,null,null,null,null,null,null,null,null,null,106308-44-5,null,null,null,0,4,0,null,null,173032,0 0 0 0,1,1,2025-06-17 15:37:36,null,null,null,null,null,null,null,364795091,activity,null,HTS,null,-1.238,-9.12,-1.037,2.873,null,null,null,null,null,null,null,null,null,null,null,null,null,null,null,null,null,null,null,null,null,278940050
TRND-Glioblastoma_LOPAC_T98G-primary_screen2,NCGC00015852-08,activity,null,4,-21.747,-14.789,O=C1NC2=C(C=CC=C2)C3=C1C=CC=C3,null,null,null,null,null,P8852,SIGMA,2021_LOPAC_01,null,null,6(5H)-Phenanthridinone,null,4,null,null,null,24.811,-15.247,3.677,0.338,0.922,null,null,null,null,null,null,6.5,null,null,10.022,-14.789,8.857,16.439,null,null,null,null,null,null,null,null,null,RZFVLEJOHSLEFR,null,TRND,QCWmsNFkExhvtYRGKl,null,null,null,null,null,null,null,null,null,1015-89-0,null,null,null,0,4,0,null,null,173032,0 0 0 0,1,1,2025-06-17 15:37:36,null,null,null,null,null,null,null,364792499,activity,null,HTS,null,2.826,10.022,2.554,-14.789,null,null,null,null,null,null,null,null,null,null,null,null,null,null,null,null,null,null,null,null,null,278940051
TRND-Glioblastoma_LOPAC_T98G-primary_screen2,NCGC00016005-09,activity,null,4,0,-1.842,CCCCCCCCCCCCCCSCC(O)=O,null,null,null,null,null,T1698,SIGMA,2021_LOPAC_01,null,null,Tetradecylthioacetic acid,null,4,null,null,null,9.191,0,null,null,null,null,null,null,null,null,null,0,null,null,6.817,-2.374,0.403,null,null,null,null,null,null,null,null,null,null,IPBCWPPBAWQYOO,null,TRND,cGdhlTBTIpKHEldnDS,null,null,null,null,null,null,null,null,null,2921-20-2,null,null,null,0,4,null,null,null,173032,null,1,1,2025-06-17 15:37:36,null,null,null,null,null,null,null,364792835,activity,null,HTS,null,-2.374,4.569,6.817,-1.842,null,null,null,null,null,null,null,null,null,null,null,null,null,null,null,null,null,null,null,null,null,278940052
TRND-Glioblastoma_LOPAC_T98G-primary_screen2,NCGC00162136-04,activity,null,4,-10.216,-5.18,CC[C@@H](C)[C@H]1CN[C@@H]([C@H]1CC(O)=O)C(O)=O,null,null,null,null,null,D1064,SIGMA,2021_LOPAC_01,null,null,Dihydrokainic acid,null,4,null,null,null,10.112,-5.716,2.406,0.101,0.994,null,null,null,null,null,null,4.5,null,null,4.932,-5.18,13.748,14.506,null,null,null,null,null,null,null,null,null,YRASDMUWFUDPGT,null,TRND,XxoAvBnLoEDZBzqSPa,null,null,null,null,null,null,null,null,null,null,null,null,null,0,4,0,null,null,173032,0 0 0 0,1,1,2025-06-17 15:37:36,null,null,null,null,null,null,null,364793631,activity,null,HTS,null,4.182,4.932,2.029,-5.18,null,null,null,null,null,null,null,null,null,null,null,null,null,null,null,null,null,null,null,null,null,278940053
TRND-Glioblastoma_LOPAC_T98G-primary_screen2,NCGC00015641-07,activity,null,4,-20.25,-20.208,COC1=C(C=CC=C1)N2CCN(CCN(C(=O)C3=CC=C(F)C=C3)C4=CC=CC=N4)CC2,null,null,null,null,null,M226,SIGMA,2021_LOPAC_01,null,null,p-MPPF dihydrochloride,null,4,null,null,null,25.021,-21.75,1.967,0.574,0.719,null,null,null,null,null,null,-1.5,null,null,4.814,-20.208,-36.292,-22.451,null,null,null,null,null,null,null,null,null,YJZYDPRMWYWYCG,null,TRND,UpGVDibGdidSRaBbcd,null,null,null,null,CL,null,null,null,null,null,null,null,null,0,4,0,null,null,173032,0 0 0 0,1,1,2025-06-17 15:37:36,null,null,null,null,null,null,null,364792191,activity,null,HTS,null,-8.001,4.814,-9.763,-20.208,null,null,null,null,null,null,null,null,null,null,null,null,null,null,null,null,null,null,null,null,null,278940054
TRND-Glioblastoma_LOPAC_T98G-primary_screen2,NCGC00015080-21,activity,null,4,14.248,9.616,C[N+]1(C)C2CCC1CC(C2)OC(=O)C(CO)C3=CC=CC=C3,null,null,null,null,null,A0382,SIGMA,2021_LOPAC_01,null,null,Atropine methyl nitrate,null,4,null,null,null,14.56,10,4.504,0.075,0.996,null,null,null,null,null,null,-4.248,null,null,10.603,-3.957,8.122,7.918,null,null,null,null,null,null,null,null,null,PIPAJLPNWZMYQA,null,TRND,LBbZclscpRLOnpNowN,null,null,null,null,null,null,null,null,null,52-88-0,null,null,null,0,4,0,null,null,173032,0 0 0 0,1,1,2025-06-17 15:37:36,null,null,null,null,null,null,null,364793579,activity,null,HTS,null,-3.957,9.493,10.603,9.616,null,null,null,null,null,null,null,null,null,null,null,null,null,null,null,null,null,null,null,null,null,278940055
TRND-Glioblastoma_LOPAC_T98G-primary_screen2,NCGC00015051-07,activity,null,4,-11.5,15.714,NC1CC(=CC=C1)C(O)=O,null,null,null,null,null,A3539,SIGMA,2021_LOPAC_01,null,null,Gabaculine hydrochloride,null,4,null,null,null,14.455,-1,4.955,1,0.681,null,null,null,null,null,null,10.5,null,null,15.714,1.259,29.822,36.811,null,null,null,null,null,null,null,null,null,KFNRJXCQEJIBER,null,TRND,vAmEnoCLKMERsFMRcV,null,null,null,null,CL,null,null,null,null,null,null,null,null,0,4,1,null,null,173032,0 0 0 1,1,1,2025-06-17 15:37:36,null,null,null,null,null,null,null,364790447,activity,null,HTS,null,6.703,13.849,1.259,15.714,null,null,null,null,null,null,null,null,null,null,null,null,null,null,null,null,null,null,null,null,null,278940056
TRND-Glioblastoma_LOPAC_T98G-primary_screen2,NCGC00015999-31,activity,null,4,0,5.663,CCCCNC(=O)N[S+]([O-])(=O)C1=CC=C(C)C=C1,null,null,null,null,null,T0891,SIGMA,2021_LOPAC_01,null,null,Tolbutamide,null,4,null,null,null,7.825,0,null,null,null,null,null,null,null,null,null,0,null,null,7.997,0.171,16.871,null,null,null,null,null,null,null,null,null,null,NQBWSFQUXTZCFJ,null,TRND,SkenPgFfrjvbPUIotq,null,null,null,null,null,null,null,null,null,64-77-7,null,null,null,0,4,null,null,null,173032,null,1,1,2025-06-17 15:37:36,null,null,null,null,null,null,null,364792819,activity,null,HTS,null,2.95,7.997,0.171,5.663,null,null,null,null,null,null,null,null,null,null,null,null,null,null,null,null,null,null,null,null,null,278940057
TRND-Glioblastoma_LOPAC_T98G-primary_screen2,NCGC00093795-08,activity,null,4,-11.635,2.727,[H][C@](O)(C(C)N)C1=CC(O)=C(O)C=C1,null,null,null,null,null,D5290,SIGMA,2021_LOPAC_01,null,null,(-)-alpha-Methylnorepinephrine,null,4,null,null,null,12.901,-6.135,4.955,1,0.808,null,null,null,null,null,null,5.5,null,null,8.205,-4.696,7.024,12.553,null,null,null,null,null,null,null,null,null,GEFQWZLICWMTKF,null,TRND,PwLJeirIVAOlJhEuyE,null,null,null,null,null,null,null,null,null,829-74-3,null,null,null,0,4,1,null,null,173032,0 0 0 1,1,1,2025-06-17 15:37:36,null,null,null,null,null,null,null,364792419,activity,null,HTS,null,2.538,8.205,-4.696,2.727,null,null,null,null,null,null,null,null,null,null,null,null,null,null,null,null,null,null,null,null,null,278940058
TRND-Glioblastoma_LOPAC_T98G-primary_screen2,NCGC00384186-15,activity,null,4,-10,12.279,N#CC1=CC=C(C=C1)C2=CSC(NN=C3CCCC3)=N2,null,null,null,null,null,SML1112,SIGMA,2021_LOPAC_01,null,null,Remodelin hydrobromide,null,4,null,null,null,15.249,0.5,4.955,1,0.319,null,null,null,null,null,null,10.5,null,null,17.703,2.455,25.656,38.446,null,null,null,null,null,null,null,null,null,XAEJIFARBQJLML,null,TRND,nNsbedzYERvlYcrCgp,null,null,null,null,BR,null,null,null,null,null,null,null,null,0,4,1,null,null,173032,0 0 0 1,1,1,2025-06-17 15:37:36,null,null,null,null,null,null,null,364792299,activity,null,HTS,null,3.703,17.703,2.455,12.279,null,null,null,null,null,null,null,null,null,null,null,null,null,null,null,null,null,null,null,null,null,278940569
TRND-Glioblastoma_LOPAC_T98G-primary_screen2,NCGC00167758-08,activity,11.220185,-2.4,-42.476,-45.154,CC1=C(CCN2CCC3(CC2)OC(=O)NC4=C3C=C(C)C=C4)N=C(O1)C5=CC=CC=C5,null,null,null,null,null,SML0711,SIGMA,2021_LOPAC_01,-4.95,null,RS504393,null,-2.4,null,null,null,45.357,-46.476,3.132,0.396,0.889,null,null,null,null,null,null,-4,null,null,0.202,-45.154,-71.398,-45.318,null,null,null,null,null,null,null,null,null,ODNICNWASXKNNQ,null,TRND,ZOgcIdTwgSJXWqapTW,null,null,null,null,null,null,null,null,null,null,null,null,null,0,4,0,null,null,173032,0 0 0 0,1,1,2025-06-17 15:37:36,null,null,null,null,null,null,null,364794171,activity,null,HTS,null,-14.329,0.202,-11.494,-45.154,null,null,null,null,null,null,null,null,null,null,null,null,null,null,null,null,null,null,null,null,null,278940570
TRND-Glioblastoma_LOPAC_T98G-primary_screen2,NCGC00390649-04,activity,8.912509,-2.4,-66.984,-64.986,OC1=C(C(OCC2CC2)=CC=C1)C3=CC([C@@H]4CCCNC4)=C5COC(=O)NC5=N3,null,null,null,null,null,SML2098,SIGMA,2021_LOPAC_01,-5.05,null,KINK-1 hydrochloride,null,-2.2,null,null,null,71.301,-66.484,2.72,0.222,0.968,null,null,null,null,null,null,0.5,null,null,6.314,-64.986,-62.08,-46.828,null,null,null,null,null,null,null,null,null,IGJVFGZEWDGDOO,null,TRND,KeYtKeQAOjgruBgVtg,null,inhibitor of nuclear factor kappa-B kinase subunit beta inhibitor,null,null,CL,null,null,null,null,null,IKBKB,null,null,0,4,0,null,null,173032,0 0 0 0,1,1,2025-06-17 15:37:36,null,null,null,null,null,null,null,364791155,activity,null,HTS,13.401696,-6.741,6.314,-19.48,-64.986,null,null,null,null,null,null,null,null,null,null,null,null,null,null,null,null,null,null,null,null,null,278940571
TRND-Glioblastoma_LOPAC_T98G-primary_screen2,NCGC00015004-23,activity,null,4,-16.838,-14.865,ClC1=CC2=C(OC3=C(C=CC=C3)N=C2N4CCNCC4)C=C1,null,null,null,null,null,A129,SIGMA,2021_LOPAC_01,null,null,Amoxapine,null,4,null,null,null,16.927,-15.338,3.247,0.081,0.996,null,null,null,null,null,null,1.5,null,null,2.062,-14.865,-5.391,-4.138,null,null,null,null,null,null,null,null,null,QWGDMFLQWFTERH,null,TRND,ijXbWhodDPGEmbivRp,null,null,null,null,null,null,null,null,null,14028-44-5,null,null,null,0,4,0,null,null,173032,0 0 0 0,1,1,2025-06-17 15:37:36,null,null,null,null,null,null,null,364792375,activity,null,HTS,null,0.909,2.062,-2.203,-14.865,null,null,null,null,null,null,null,null,null,null,null,null,null,null,null,null,null,null,null,null,null,278940572
TRND-Glioblastoma_LOPAC_T98G-primary_screen2,NCGC00015784-20,activity,null,4,0,2.403,CC1=C(CCN2CCC(CC2)C(=O)C3=CC=C(F)C=C3)C(=O)N4C=CC=CC4=N1,null,null,null,null,null,P126,SIGMA,2021_LOPAC_01,null,null,Pirenperone,null,4,null,null,null,7.21,0,null,null,null,null,null,null,null,null,null,0,null,null,9.27,2.06,17.556,null,null,null,null,null,null,null,null,null,null,HXCNRYXBZNHDNE,null,TRND,BIUbzwKZXISkJYOXPG,null,null,null,null,null,null,null,null,null,75444-65-4,null,null,null,0,4,null,null,null,173032,null,1,1,2025-06-17 15:37:36,null,null,null,null,null,null,null,364793183,activity,null,HTS,null,2.06,9.27,5.863,2.403,null,null,null,null,null,null,null,null,null,null,null,null,null,null,null,null,null,null,null,null,null,278940573
TRND-Glioblastoma_LOPAC_T98G-primary_screen2,NCGC00014991-10,activity,null,4,20.961,-4.685,NCCCCC(O)=O,null,null,null,null,null,194336,SIGMA,2021_LOPAC_01,null,null,5-Aminovaleric acid hydrochloride,null,4,null,null,null,25.837,15.5,4.955,1,0.743,null,null,null,null,null,null,-5.461,null,null,21.152,-4.685,23.441,26.067,null,null,null,null,null,null,null,null,null,JJMDCOVWQOJGCB,null,TRND,rwYlakewWeCPPVXEZN,null,null,null,null,CL,null,null,null,null,null,null,null,null,0,4,1,null,null,173032,0 0 0 1,1,1,2025-06-17 15:37:36,null,null,null,null,null,null,null,364792447,activity,null,HTS,null,-1.218,21.152,9.829,-4.685,null,null,null,null,null,null,null,null,null,null,null,null,null,null,null,null,null,null,null,null,null,278940574
TRND-Glioblastoma_LOPAC_T98G-primary_screen2,NCGC00015655-16,activity,null,4,13.127,7.716,CC(C)NCC(O)C1=CC(O)=CC(O)=C1,null,null,null,null,null,M2398,SIGMA,2021_LOPAC_01,null,null,Metaproterenol hemisulfate,null,4,null,null,null,10.322,11,1.134,0.203,0.974,null,null,null,null,null,null,-2.127,null,null,7.716,-2.606,-2.354,-1.251,null,null,null,null,null,null,null,null,null,LMOINURANNBYCM,null,TRND,VLrwoKfMhzkgdYprRF,null,null,null,null,SULFURIC_ACID,null,null,null,null,586-06-1,null,null,null,0,4,0,null,null,173032,0 0 0 0,1,1,2025-06-17 15:37:36,null,null,null,null,null,null,null,364791223,activity,null,HTS,null,-2.606,-0.305,1.479,7.716,null,null,null,null,null,null,null,null,null,null,null,null,null,null,null,null,null,null,null,null,null,278940575
TRND-Glioblastoma_LOPAC_T98G-primary_screen2,NCGC00162375-07,activity,null,4,0,3.736,[S-]C(=S)OC1CC2CC1C3CCCC23,null,null,null,null,null,T8543,SIGMA,2021_LOPAC_01,null,null,D-609 potassium,null,4,null,null,null,9.072,0,null,null,null,null,null,null,null,null,null,0,null,null,3.736,-5.337,2.006,null,null,null,null,null,null,null,null,null,null,PWLXJBSAUKKGCM,null,TRND,mlYanygsoOQqvOSApx,null,null,null,null,null,null,null,null,null,null,null,null,null,0,4,null,null,null,173032,null,1,1,2025-06-17 15:37:36,null,null,null,null,null,null,null,364793431,activity,null,HTS,null,1.365,-0.022,-5.337,3.736,null,null,null,null,null,null,null,null,null,null,null,null,null,null,null,null,null,null,null,null,null,278940576
TRND-Glioblastoma_LOPAC_T98G-primary_screen2,NCGC00162218-14,activity,null,4,-11.761,-1.467,CCC1=C(C)NC2=C1C(=O)C(CN3CCOCC3)CC2,null,null,null,null,null,M1818,SIGMA,2021_LOPAC_01,null,null,Molindone hydrochloride,null,4,null,null,null,12.79,-1.761,3.065,0.231,0.966,null,null,null,null,null,null,10,null,null,11.323,-1.467,36.243,38.493,null,null,null,null,null,null,null,null,null,KLPWJLBORRMFGK,null,TRND,EgqhIXWjYOZSbMpebq,null,null,null,null,CL,null,null,null,null,15622-65-8,null,null,null,0,4,0,null,null,173032,0 0 0 0,1,1,2025-06-17 15:37:36,null,null,null,null,null,null,null,364791871,activity,null,HTS,null,8.849,11.323,6.498,-1.467,null,null,null,null,null,null,null,null,null,null,null,null,null,null,null,null,null,null,null,null,null,278940577
TRND-Glioblastoma_LOPAC_T98G-primary_screen2,NCGC00016018-25,activity,null,4,-13.5,5.116,C1CN=C(N1)C2CCCC3=C2C=CC=C3,null,null,null,null,null,T4264,SIGMA,2021_LOPAC_01,null,null,Tetrahydrozoline hydrochloride,null,4,null,null,null,14.259,4,2.72,0.179,0.98,null,null,null,null,null,null,17.5,null,null,17.296,3.037,58.421,58.285,null,null,null,null,null,null,null,null,null,BYJAVTDNIXVSPW,null,TRND,FyCqATJkxIygaAiVBM,null,null,null,null,CL,null,null,null,null,522-48-5,null,null,null,0,4,0,null,null,173032,0 0 0 0,1,1,2025-06-17 15:37:36,null,null,null,null,null,null,null,364791587,activity,null,HTS,null,17.296,8.023,3.037,5.116,null,null,null,null,null,null,null,null,null,null,null,null,null,null,null,null,null,null,null,null,null,278940578
TRND-Glioblastoma_LOPAC_T98G-primary_screen2,NCGC00015148-15,activity,null,4,13.445,2.108,CCCC[S+]([O-])(=N)CCC(N)C(O)=O,null,null,null,null,null,B2515,SIGMA,2021_LOPAC_01,null,null,L-Buthionine-sulfoximine,null,4,null,null,null,16.468,8.5,4.955,1,0.597,null,null,null,null,null,null,-4.945,null,null,14.014,-2.454,7.158,9.944,null,null,null,null,null,null,null,null,null,WDFRNLYXRQXXFS,null,TRND,qgvRjyyhcJnDBNojxN,null,Glutamate-Cysteine Ligase catalytic subunit inhibitor,null,null,null,null,null,null,null,83730-53-4,GCLC,null,null,0,4,1,null,null,173032,0 0 0 1,1,1,2025-06-17 15:37:36,null,null,null,null,null,null,null,364794683,activity,null,HTS,null,-2.454,14.014,3.408,2.108,null,null,null,null,null,null,null,null,null,null,null,null,null,null,null,null,null,null,null,null,null,278940579
TRND-Glioblastoma_LOPAC_T98G-primary_screen2,NCGC00476206-05,activity,null,4,-22.282,-16.902,ClC1=CC=CC(Cl)=C1CSC2=NN=C(S2)C3=NC=CN=C3,null,null,null,null,null,SML1558,SIGMA,2021_LOPAC_01,null,null,Yoda1 ,null,4,null,null,null,22.418,-16.782,2.473,0.029,0.999,null,null,null,null,null,null,5.5,null,null,5.516,-16.902,3.329,3.195,null,null,null,null,null,null,null,null,null,BQNXBSYSQXSXPT,null,TRND,BbPRBumTVzmjFSFFgL,null,null,null,null,null,null,null,null,null,null,null,null,null,0,4,0,null,null,173032,0 0 0 0,1,1,2025-06-17 15:37:36,null,null,null,null,null,null,null,364792363,activity,null,HTS,null,5.516,4.975,-9.395,-16.902,null,null,null,null,null,null,null,null,null,null,null,null,null,null,null,null,null,null,null,null,null,278940580
TRND-Glioblastoma_LOPAC_T98G-primary_screen2,NCGC00015667-06,activity,null,4,-10.7,2.671,COC(=O)C(C)(N)CC1=CC=C(O)C=C1,null,null,null,null,null,M3281,SIGMA,2021_LOPAC_01,null,null,alpha-Methyl-DL-tyrosine methyl ester hydrochloride,null,4,null,null,null,10.851,-6.7,4.955,1,0.879,null,null,null,null,null,null,4,null,null,6.102,-4.75,4.77,7.14,null,null,null,null,null,null,null,null,null,WYJJUDJUEGRXHZ,null,TRND,vcbpLftqxXWFSaNJbx,null,null,null,null,CL,null,null,null,null,null,null,null,null,0,4,1,null,null,173032,0 0 0 1,1,1,2025-06-17 15:37:36,null,null,null,null,null,null,null,364794435,activity,null,HTS,null,2.279,6.102,-4.75,2.671,null,null,null,null,null,null,null,null,null,null,null,null,null,null,null,null,null,null,null,null,null,278940581
TRND-Glioblastoma_LOPAC_T98G-primary_screen2,NCGC00015424-16,activity,11.220185,-2.3,-92.84,-94.665,FC1=CC=C(C=C1)C(CCCN2CCC3(CC2)N(CNC3=O)C4=CC=CC=C4)C5=CC=C(F)C=C5,null,null,null,null,null,F100,SIGMA,2021_LOPAC_01,-4.95,null,Fluspirilene,null,-2.1,null,null,null,94.596,-95.422,4.504,0.062,0.998,null,null,null,null,null,null,-2.582,null,null,-0.068,-94.665,-72.47,-66.272,null,null,null,null,null,null,null,null,null,QOYHHIBFXOOADH,null,TRND,fwkuzCAcbrPdrHeGNJ,null,null,null,null,null,null,null,null,null,1841-19-6,null,null,null,0,4,0,null,null,173032,0 0 0 0,1,1,2025-06-17 15:37:36,null,null,null,null,null,null,null,364792723,activity,null,HTS,11.461934,-5.372,-0.068,-11.081,-94.665,null,null,null,null,null,null,null,null,null,null,null,null,null,null,null,null,null,null,null,null,null,278940582
TRND-Glioblastoma_LOPAC_T98G-primary_screen2,NCGC00015607-08,activity,null,4,11.938,11.374,[Li]Cl,null,null,null,null,null,L4408,SigmaAldrich,2021_LOPAC_01,null,null,Lithium salts (lithium chloride),null,4,null,null,null,12.989,13,4.955,0.619,0.654,null,null,null,null,null,null,1.062,null,null,11.374,-1.615,16.682,10.515,null,null,null,null,null,null,null,null,null,KWGKDLIKAYFUFQ,null,TRND,esIwsYcujhGvRSRSGK,null,null,null,null,null,null,null,null,null,7447-41-8,null,null,null,0,4,0,null,null,173032,0 0 0 0,1,1,2025-06-17 15:37:36,null,null,null,null,null,null,null,364793303,activity,null,HTS,null,2.859,5.579,-1.615,11.374,null,null,null,null,null,null,null,null,null,null,null,null,null,null,null,null,null,null,null,null,null,278940583
TRND-Glioblastoma_LOPAC_T98G-primary_screen2,NCGC00387253-06,activity,10,-3,-72.102,-61.968,COC1=CC=C(C=C1)[S+]([O-])(=O)NC2=C(C)C=C(C)C=C2C,null,null,null,null,null,SML1152,SIGMA,2021_LOPAC_01,-5,null,GSK137647A,null,-3,null,null,null,75.196,-62.602,4.045,0.113,0.992,null,null,null,null,null,null,9.5,null,null,13.227,-61.968,6.878,-1.192,null,null,null,null,null,null,null,null,null,VHIZJBNAQSPVME,null,TRND,cIUWIcOeTYZVRPmUSO,null,null,null,null,null,null,null,null,null,null,null,null,null,0,4,0,null,null,173032,0 0 0 0,1,1,2025-06-17 15:37:36,null,null,null,null,null,null,null,364793891,activity,null,HTS,14.059397,13.227,5.72,-1.789,-61.968,null,null,null,null,null,null,null,null,null,null,null,null,null,null,null,null,null,null,null,null,null,278940584
TRND-Glioblastoma_LOPAC_T98G-primary_screen2,NCGC00015848-25,activity,null,4,0,-8.575,N[C@@H]1C[C@H]1C2=CC=CC=C2,null,null,null,null,null,P8511,SIGMA,2021_LOPAC_01,null,null,Tranylcypromine hydrochloride,null,4,null,null,null,10.538,0,null,null,null,null,null,null,null,null,null,0,null,null,1.963,-8.575,-16.767,null,null,null,null,null,null,null,null,null,null,AELCINSCMGFISI,null,TRND,jNbWByoUJqmSNoKEKr,null,Amine oxidase A inhibitor,null,null,CL,null,null,null,null,[NO STEREO] 54779-58-7,MAOA,null,null,0,4,null,null,null,173032,null,1,1,2025-06-17 15:37:36,null,null,null,null,null,null,null,364793759,activity,null,HTS,null,-3.907,-3.992,1.963,-8.575,null,null,null,null,null,null,null,null,null,null,null,null,null,null,null,null,null,null,null,null,null,278940585
TRND-Glioblastoma_LOPAC_T98G-primary_screen2,NCGC00015937-12,activity,null,4,0,12.951,NCCCCNCCCN,null,null,null,null,null,S2501,SIGMA,2021_LOPAC_01,null,null,Spermidine trihydrochloride,null,4,null,null,null,8.155,0,null,null,null,null,null,null,null,null,null,0,null,null,14.227,6.072,59.865,null,null,null,null,null,null,null,null,null,null,ATHGHQPFGPMSJY,null,TRND,lbwYGmyhpnMvmcrsVf,null,Autophagy Regulator,null,null,CL,null,null,null,null,null,ATG4A,null,null,0,4,null,null,null,173032,null,1,1,2025-06-17 15:37:36,null,null,null,null,null,null,null,364790635,activity,null,HTS,null,14.227,6.072,13.341,12.951,null,null,null,null,null,null,null,null,null,null,null,null,null,null,null,null,null,null,null,null,null,278940586
TRND-Glioblastoma_LOPAC_T98G-primary_screen2,NCGC00015620-18,activity,null,4,0,7.557,C1CN2CC(N=C2S1)C3=CC=CC=C3,null,null,null,null,null,T1512,SIGMA,2021_LOPAC_01,null,null,Tetramisole hydrochloride,null,4,null,null,null,4.623,0,null,null,null,null,null,null,null,null,null,0,null,null,9.073,4.451,37.846,null,null,null,null,null,null,null,null,null,null,HLFSDGLLUJUHTE,null,TRND,UsIcwHdnKVkKKdwPnH,null,null,null,null,CL,null,null,null,null,5086-74-8,null,null,null,0,4,null,null,null,173032,null,1,1,2025-06-17 15:37:36,null,null,null,null,null,null,null,364795375,activity,null,HTS,null,9.073,4.451,7.984,7.557,null,null,null,null,null,null,null,null,null,null,null,null,null,null,null,null,null,null,null,null,null,278940587
TRND-Glioblastoma_LOPAC_T98G-primary_screen2,NCGC00186015-07,activity,null,4,0,0.648,[O-][N+](=O)\C=C\C1=CC2=C(OCO2)C=C1,null,null,null,null,null,M7445,SIGMA,2021_LOPAC_01,null,null,MNS,null,4,null,null,null,5.806,0,null,null,null,null,null,null,null,null,null,0,null,null,5.223,-0.583,3.614,null,null,null,null,null,null,null,null,null,null,KFLWBZPSJQPRDD,null,TRND,MSdGBPtpdXNADqEmwo,null,null,null,null,null,null,null,null,null,null,null,null,null,0,4,null,null,null,173032,null,1,1,2025-06-17 15:37:36,null,null,null,null,null,null,null,364792715,activity,null,HTS,null,-0.583,1.773,5.223,0.648,null,null,null,null,null,null,null,null,null,null,null,null,null,null,null,null,null,null,null,null,null,278940588
TRND-Glioblastoma_LOPAC_T98G-primary_screen2,NCGC00274083-05,activity,null,4,-10.934,-4.945,CCCCCN(CCCOC)C(=O)C(CCC(O)=O)NC(=O)C1=CC(Cl)=C(Cl)C=C1,null,null,null,null,null,SML0130,SIGMA,2021_LOPAC_01,null,null,Loxiglumide,null,4,null,null,null,11.347,-6.434,4.955,0.31,0.937,null,null,null,null,null,null,4.5,null,null,6.403,-4.945,14.889,16.084,null,null,null,null,null,null,null,null,null,QNQZBKQEIFTHFZ,null,TRND,KGFKmFfPgJNgwNVIgS,null,null,null,null,null,null,null,null,null,107097-80-3,null,null,null,0,4,0,null,null,173032,0 0 0 0,1,1,2025-06-17 15:37:36,null,null,null,null,null,null,null,364791483,activity,null,HTS,null,3.709,3.888,6.403,-4.945,null,null,null,null,null,null,null,null,null,null,null,null,null,null,null,null,null,null,null,null,null,278940589
TRND-Glioblastoma_LOPAC_T98G-primary_screen2,NCGC00351483-10,activity,5.623413,-2.4,-85.266,-69.798,CC1=C(F)C(=CC=C1C(=O)N2CCOC3=CC=C(C=C3C2)C4=CC=C(N)N=C4)[S+](C)([O-])=O,null,null,null,null,null,SML1239,SIGMA,2021_LOPAC_01,-5.25,null,xL388,null,-2.2,null,null,null,57.982,-87.945,0.7,0.077,0.996,null,null,null,null,null,null,-2.679,null,null,-11.816,-69.798,-120.116,-119.961,null,null,null,null,null,null,null,null,null,UXJHDYVDPJFVCX,null,TRND,npNQWflquBTrZmcoSX,null,mTOR Complex 1 (mTORC1) inhibitor,null,null,null,null,null,null,null,null,MTOR,null,null,0,4,0,null,null,173032,0 0 0 0,1,1,2025-06-17 15:37:36,null,null,null,null,null,null,null,364793639,activity,null,HTS,8.340018,-11.816,-26.699,-45.727,-69.798,null,null,null,null,null,null,null,null,null,null,null,null,null,null,null,null,null,null,null,null,null,278940590
TRND-Glioblastoma_LOPAC_T98G-primary_screen2,NCGC00015316-18,activity,null,4,-38.566,-17.138,NCCCC(N)(C(F)F)C(O)=O,null,null,null,null,null,D193,SIGMA,2021_LOPAC_01,null,null,DL-alpha-Difluoromethylornithine hydrochloride,null,4,null,null,null,27.877,-22.566,0.7,0.16,0.984,null,null,null,null,null,null,16,null,null,10.739,-17.138,15.297,13.275,null,null,null,null,null,null,null,null,null,VLCYCQAOQCDTCN,null,TRND,LkqBsKPBfwxGnktVkf,null,Ornithine Decarboxylase inhibitor,null,null,CL,null,null,null,null,68278-23-9,ODC1,null,null,0,4,0,null,null,173032,0 0 0 0,1,1,2025-06-17 15:37:36,null,null,null,null,null,null,null,364791787,activity,null,HTS,null,10.739,-0.281,-7.579,-17.138,null,null,null,null,null,null,null,null,null,null,null,null,null,null,null,null,null,null,null,null,null,278940591
TRND-Glioblastoma_LOPAC_T98G-primary_screen2,NCGC00015492-08,activity,null,4,0,7.87,COC1=C(O)C=CC(=C1)C(O)C(O)=O,null,null,null,null,null,H0131,SIGMA,2021_LOPAC_01,null,null,(±)-Vanillylmandelic acid,null,4,null,null,null,6.41,0,null,null,null,null,null,null,null,null,null,0,null,null,7.87,1.46,14.225,null,null,null,null,null,null,null,null,null,null,CGQCWMIAEPEHNQ,null,TRND,xmTBtjLTMenJdXhFSB,null,null,null,null,null,null,null,null,null,55-10-7,null,null,null,0,4,null,null,null,173032,null,1,1,2025-06-17 15:37:36,null,null,null,null,null,null,null,364793271,activity,null,HTS,null,1.46,3.303,5.332,7.87,null,null,null,null,null,null,null,null,null,null,null,null,null,null,null,null,null,null,null,null,null,278940592
TRND-Glioblastoma_LOPAC_T98G-primary_screen2,NCGC00163250-06,activity,null,4,0,-3.632,[H][C@]12N(C)CC[C@@]1(C)C3=CC(OC(=O)NC4=CC=CC=C4)=CC=C3N2C,null,null,null,null,null,P0111,SIGMA,2021_LOPAC_01,null,null,Phenserine,null,4,null,null,null,2.961,0,null,null,null,null,null,null,null,null,null,0,null,null,-0.671,-3.632,-7.73,null,null,null,null,null,null,null,null,null,null,PBHFNBQPZCRWQP,null,TRND,WlmmYGnKdUYvtyPbOi,null,null,null,null,null,null,null,null,null,159652-53-6|101246-66-6,null,null,null,0,4,null,null,null,173032,null,1,1,2025-06-17 15:37:36,null,null,null,null,null,null,null,364793279,activity,null,HTS,null,-0.671,-2.513,-3.151,-3.632,null,null,null,null,null,null,null,null,null,null,null,null,null,null,null,null,null,null,null,null,null,278940593
TRND-Glioblastoma_LOPAC_T98G-primary_screen2,NCGC00346651-10,activity,null,4,17.4,-3.302,NC\C1=C\NC(=S)N1[C@H]2CCC3=C(F)C=C(F)C=C3C2,null,null,null,null,null,SML0940,SIGMA,2021_LOPAC_01,null,null,Nepicastat hydrochloride,null,4,null,null,null,15.333,-4.181,4.955,0.333,0.925,null,null,null,null,null,null,-21.581,null,null,-2.651,-17.984,-58.421,-58.468,null,null,null,null,null,null,null,null,null,YZZVIKDAOTXDEB,null,TRND,uwQUBYNhtRNbmZXgli,null,Dopamine beta-hydroxylase inhibitor,null,null,CL,null,null,null,null,170151-24-3,DBH,null,null,0,4,0,null,null,173032,0 0 0 0,1,1,2025-06-17 15:37:36,null,null,null,null,null,null,null,364794351,activity,null,HTS,null,-17.984,-2.651,-7.04,-3.302,null,null,null,null,null,null,null,null,null,null,null,null,null,null,null,null,null,null,null,null,null,278940594
TRND-Glioblastoma_LOPAC_T98G-primary_screen2,NCGC00015358-26,activity,null,4,19.266,14.221,CC(C)N(CCC(C(N)=O)(C1=CC=CC=C1)C2=CC=CC=N2)C(C)C,null,null,null,null,null,D7644,SIGMA,2021_LOPAC_01,null,null,Disopyramide,null,4,null,null,null,20.423,15.5,4.955,0.148,0.986,null,null,null,null,null,null,-3.766,null,null,16.868,-3.555,18.66,17.873,null,null,null,null,null,null,null,null,null,UVTNFZQICZKOEM,null,TRND,oHvBPWhaJdGujEXomQ,null,null,null,null,null,null,null,null,null,22059-60-5,null,null,null,0,4,0,null,null,173032,0 0 0 0,1,1,2025-06-17 15:37:36,null,null,null,null,null,null,null,364790395,activity,null,HTS,null,-3.555,13.244,16.868,14.221,null,null,null,null,null,null,null,null,null,null,null,null,null,null,null,null,null,null,null,null,null,278940595
TRND-Glioblastoma_LOPAC_T98G-primary_screen2,NCGC00015131-10,activity,null,4,0,1.683,CCN1CCC2=C(CC1)N=C(N)O2,null,null,null,null,null,B161,SIGMA,2021_LOPAC_01,null,null,B-HT 933 dihydrochloride,null,4,null,null,null,8.059,0,null,null,null,null,null,null,null,null,null,0,null,null,8.034,-0.026,26.109,null,null,null,null,null,null,null,null,null,null,ZNXAJGZPUQOEDZ,null,TRND,xltwCSxtPofcsfUKWF,null,null,null,null,CL,null,null,null,null,null,null,null,null,0,4,null,null,null,173032,null,1,1,2025-06-17 15:37:36,null,null,null,null,null,null,null,364791423,activity,null,HTS,null,7.073,8.034,-0.026,1.683,null,null,null,null,null,null,null,null,null,null,null,null,null,null,null,null,null,null,null,null,null,278940596
TRND-Glioblastoma_LOPAC_T98G-primary_screen2,NCGC00370906-05,activity,null,4,11.352,-5.059,CC1(C)CC=C(C2=CN=C3C=CC=CC3=C2)C4=C1C=CC(=C4)C(=O)NC5=CC=C(C=C5)C(O)=O,null,null,null,null,null,SML1084,SIGMA,2021_LOPAC_01,null,null,BMS-195614 ,null,4,null,null,null,15.241,1.5,4.955,1,0.477,null,null,null,null,null,null,-9.852,null,null,7.447,-7.794,-21.409,-18.28,null,null,null,null,null,null,null,null,null,WGLMBRZXZDAQHP,null,TRND,UkxKqnpvmBHYhzBvhT,null,null,null,null,null,null,null,null,null,null,null,null,null,0,4,1,null,null,173032,0 0 0 1,1,1,2025-06-17 15:37:36,null,null,null,null,null,null,null,364794355,activity,null,HTS,null,-7.794,7.447,-4.069,-5.059,null,null,null,null,null,null,null,null,null,null,null,null,null,null,null,null,null,null,null,null,null,278940597
TRND-Glioblastoma_LOPAC_T98G-primary_screen2,NCGC00021394-09,activity,null,4,-11.5,0.767,CCCC(CCC)C(=O)OC1C[C@@H]2CC[C@H](C1)[N+]2(C)C,null,null,null,null,null,A5181,SIGMA,2021_LOPAC_01,null,null,Anisotropine methyl bromide,null,4,null,null,null,12.311,-1.5,4.955,0.588,0.703,null,null,null,null,null,null,10,null,null,13.078,0.767,48.823,42.132,null,null,null,null,null,null,null,null,null,XGGHHHBGPSNXFE,null,TRND,xtcknNtIDzBUFjsZhn,null,null,null,null,BR,null,null,null,null,[NO STEREO] 80-50-2,null,null,null,0,4,0,null,null,173032,0 0 0 0,1,1,2025-06-17 15:37:36,null,null,null,null,null,null,null,364790507,activity,null,HTS,null,13.078,5.913,11.431,0.767,null,null,null,null,null,null,null,null,null,null,null,null,null,null,null,null,null,null,null,null,null,278940598
TRND-Glioblastoma_LOPAC_T98G-primary_screen2,NCGC00023654-28,activity,null,4,0,0.654,C[C@H](CS)C(=O)N1CCC[C@H]1C(O)=O,null,null,null,null,null,C4042,SIGMA,2021_LOPAC_01,null,null,Captopril,null,4,null,null,null,7.168,0,null,null,null,null,null,null,null,null,null,0,null,null,1.212,-5.956,-17.063,null,null,null,null,null,null,null,null,null,null,FAKRSMQSSFJEIM,null,TRND,KcuzsleLlqOLbtLFTf,null,null,null,null,null,null,null,null,null,62571-86-2,null,null,null,0,4,null,null,null,173032,null,1,1,2025-06-17 15:37:36,null,null,null,null,null,null,null,364794547,activity,null,HTS,null,-5.956,-2.468,1.212,0.654,null,null,null,null,null,null,null,null,null,null,null,null,null,null,null,null,null,null,null,null,null,278940599
TRND-Glioblastoma_LOPAC_T98G-primary_screen2,NCGC00185996-04,activity,null,4,-11.5,2.471,CN1CC(C2=C(C1)SC=C2)C3=CC=C(O)C(O)=C3,null,null,null,null,null,S3316,SIGMA,2021_LOPAC_01,null,null,SKF-89145 hydrobromide,null,4,null,null,null,11.209,1,1.627,0.292,0.944,null,null,null,null,null,null,12.5,null,null,11.616,0.407,39.088,39.468,null,null,null,null,null,null,null,null,null,SYHALWYYSDMSLE,null,TRND,iUcckODSErpQHaAJwM,null,null,null,null,BR,null,null,null,null,null,null,null,null,0,4,0,null,null,173032,0 0 0 0,1,1,2025-06-17 15:37:36,null,null,null,null,null,null,null,364791127,activity,null,HTS,null,11.616,7.539,0.407,2.471,null,null,null,null,null,null,null,null,null,null,null,null,null,null,null,null,null,null,null,null,null,278940600
TRND-Glioblastoma_LOPAC_T98G-primary_screen2,NCGC00015049-30,activity,10,-3,-47.163,-42.687,OC1=CC=C(C=C1)C2=CC(=O)C3=C(O2)C=C(O)C=C3O,null,null,null,null,null,A3145,SIGMA,2021_LOPAC_01,-5,null,Apigenin,null,-3,null,null,null,46.842,-43.663,3.512,0.029,0.999,null,null,null,null,null,null,3.5,null,null,4.154,-42.687,-14.816,-14.426,null,null,null,null,null,null,null,null,null,KZNIFHPLKGYRTM,null,TRND,xcumTgOwTXcMdVUiIS,null,Ornithine Decarboxylase inhibitor,null,null,null,null,null,null,null,520-36-5,ODC1,null,null,0,4,0,null,null,173032,0 0 0 0,1,1,2025-06-17 15:37:36,null,null,null,null,null,null,null,364794267,activity,null,HTS,null,3.207,4.154,-5.977,-42.687,null,null,null,null,null,null,null,null,null,null,null,null,null,null,null,null,null,null,null,null,null,278940601
TRND-Glioblastoma_LOPAC_T98G-primary_screen2,NCGC00024716-10,activity,null,4,-11,2.155,N[C@@H](CCCNC(=N)N[N+]([O-])=O)C(O)=O,null,null,null,null,null,N5501,SIGMA,2021_LOPAC_01,null,null,NG-Nitro-L-arginine,null,4,null,null,null,11.363,2.5,4.955,0.087,0.995,null,null,null,null,null,null,13.5,null,null,13.518,2.155,42.996,42.692,null,null,null,null,null,null,null,null,null,MRAUNPAHJZDYCK,null,TRND,vpCzBLcaBMlgbDLbnq,null,null,null,null,null,null,null,null,null,2149-70-4,null,null,null,0,4,0,null,null,173032,0 0 0 0,1,1,2025-06-17 15:37:36,null,null,null,null,null,null,null,364791599,activity,null,HTS,null,13.518,3.197,3.022,2.155,null,null,null,null,null,null,null,null,null,null,null,null,null,null,null,null,null,null,null,null,null,278940602
TRND-Glioblastoma_LOPAC_T98G-primary_screen2,NCGC00507742-03,activity,12.589254,-2.4,-53.787,-45.656,O=C(N1C=C(N=N1)C2=CC=C(C=C2)C3=CC=CC(=C3)C(=O)N4CCCCC4)N5CCCCC5C6=CC=CC=C6,null,null,null,null,null,SML1249,SIGMA,2021_LOPAC_01,-4.9,null,KT185,null,-2.2,null,null,null,46.54,-54.787,1.594,0.099,0.994,null,null,null,null,null,null,-1,null,null,0.884,-45.656,-35.345,-39.387,null,null,null,null,null,null,null,null,null,SGQNTNACVSWXMA,null,TRND,uGUjqVIpMhKlLvdVwM,null,Monoacylglycerol Lipase ABHD6 inhibitor,null,null,null,null,null,null,null,null,ABHD6,null,null,0,4,0,null,null,173032,0 0 0 0,1,1,2025-06-17 15:37:36,null,null,null,null,null,null,null,364791047,activity,null,HTS,33.3,0.884,-4.426,-15.309,-45.656,null,null,null,null,null,null,null,null,null,null,null,null,null,null,null,null,null,null,null,null,null,278940978
TRND-Glioblastoma_LOPAC_T98G-primary_screen2,NCGC00162111-08,activity,null,4,14.363,2.807,CO\N=C(/C(=O)N[C@H]1C2SCC(CSC3=NC(=O)C([O-])=NN3C)=C(N2C1=O)C([O-])=O)C4=CSC(N)=N4,null,null,null,null,null,C5793,SIGMA,2021_LOPAC_01,null,null,Ceftriaxone sodium,null,4,null,null,null,16.627,10,4.955,1,0.81,null,null,null,null,null,null,-4.363,null,null,13.825,-2.802,9.95,11.943,null,null,null,null,null,null,null,null,null,VAAUVRVFOQPIGI,null,TRND,DWygAifcyEmRZsItnj,null,null,null,null,SODIUM,null,null,null,null,null,null,null,null,0,4,1,null,null,173032,0 0 0 1,1,1,2025-06-17 15:37:36,null,null,null,null,null,null,null,364792039,activity,null,HTS,null,-2.802,13.825,6.584,2.807,null,null,null,null,null,null,null,null,null,null,null,null,null,null,null,null,null,null,null,null,null,278940979
TRND-Glioblastoma_LOPAC_T98G-primary_screen2,NCGC00021147-27,activity,null,4,0,3.28,CN(C)CCOC(C)(C1=CC=CC=C1)C2=CC=CC=N2,null,null,null,null,null,D3775,SIGMA,2021_LOPAC_01,null,null,Doxylamine succinate,null,4,null,null,null,4.938,0,null,null,null,null,null,null,null,null,null,0,null,null,4.891,-0.047,7.208,null,null,null,null,null,null,null,null,null,null,HCFDWZZGGLSKEP,null,TRND,JHbilBDLuOuyqdEAtj,null,null,null,null,SUCCINICACID,null,null,null,null,562-10-7,null,null,null,0,4,null,null,null,173032,null,1,1,2025-06-17 15:37:36,null,null,null,null,null,null,null,364791763,activity,null,HTS,null,-0.047,3.139,4.891,3.28,null,null,null,null,null,null,null,null,null,null,null,null,null,null,null,null,null,null,null,null,null,278940980
TRND-Glioblastoma_LOPAC_T98G-primary_screen2,NCGC00015351-07,activity,null,4,-18.487,-12.489,CC1(C)CCC=[N+]1[O-],null,null,null,null,null,D5766,SIGMA,2021_LOPAC_01,null,null,"5,5-Dimethyl-1-pyrroline-N-oxide",null,4,null,null,null,19.426,-13.987,4.955,0.404,0.884,null,null,null,null,null,null,4.5,null,null,6.937,-12.489,3.388,12.082,null,null,null,null,null,null,null,null,null,VCUVETGKTILCLC,null,TRND,ukJPsYJAHprkuIqUkd,null,null,null,null,null,null,null,null,null,3317-61-1,null,null,null,0,4,0,null,null,173032,0 0 0 0,1,1,2025-06-17 15:37:36,null,null,null,null,null,null,null,364791795,activity,null,HTS,null,0.209,6.471,6.937,-12.489,null,null,null,null,null,null,null,null,null,null,null,null,null,null,null,null,null,null,null,null,null,278940981
TRND-Glioblastoma_LOPAC_T98G-primary_screen2,NCGC00162232-13,activity,null,4,0,1.795,CCCCCN(CCCCC)C(=O)C(CCC([O-])=O)NC(=O)C1=CC(Cl)=C(Cl)C=C1,null,null,null,null,null,L109,SIGMA,2021_LOPAC_01,null,null,Lorglumide sodium,null,4,null,null,null,8.867,0,null,null,null,null,null,null,null,null,null,0,null,null,10.662,1.795,41.468,null,null,null,null,null,null,null,null,null,null,IEKOTSCYBBDIJC,null,TRND,KGFKmFLqBzjMUASNCt,null,null,null,null,SODIUM,null,null,null,null,null,null,null,null,0,4,null,null,null,173032,null,1,1,2025-06-17 15:37:36,null,null,null,null,null,null,null,364791335,activity,null,HTS,null,10.662,8.989,6.658,1.795,null,null,null,null,null,null,null,null,null,null,null,null,null,null,null,null,null,null,null,null,null,278940982
TRND-Glioblastoma_LOPAC_T98G-primary_screen2,NCGC00094265-07,activity,null,4,14.53,14.734,OC(=O)[C@@H]1CCCN[C@@H]1C(O)=O,null,null,null,null,null,P8782,SIGMA,2021_LOPAC_01,null,null,"(±)-cis-Piperidine-2,3-dicarboxylic acid",null,4,null,null,null,17.09,15.5,4.955,0.672,0.55,null,null,null,null,null,null,0.97,null,null,15.814,-1.275,44.77,22.247,null,null,null,null,null,null,null,null,null,PTLWNCBCBZZBJI,null,TRND,RIqVIDZfNdcMOePGyO,null,null,null,null,null,null,null,null,null,null,null,null,null,0,4,0,null,null,173032,0 0 0 0,1,1,2025-06-17 15:37:36,null,null,null,null,null,null,null,364790579,activity,null,HTS,null,9.678,-1.275,15.814,14.734,null,null,null,null,null,null,null,null,null,null,null,null,null,null,null,null,null,null,null,null,null,278940983
TRND-Glioblastoma_LOPAC_T98G-primary_screen2,NCGC00379308-02,activity,10,-3,-46.947,-38.294,CC(NC1=C2C=CC=CC2=NC(=N1)N3CCNCC3)C4=CC=CC=C4,null,null,null,null,null,SML2256,SIGMA,2021_LOPAC_01,-5,null,D3-ßArr,null,-3,null,null,null,50.114,-39.447,3.192,0.193,0.976,null,null,null,null,null,null,7.5,null,null,11.821,-38.294,-3.604,3.958,null,null,null,null,null,null,null,null,null,LOGWGZNWEWFTJV,null,TRND,iOWvlIfukeNpaugbEb,null,null,null,null,null,null,null,null,null,null,null,null,null,0,4,0,null,null,173032,0 0 0 0,1,1,2025-06-17 15:37:36,null,null,null,null,null,null,null,364791327,activity,null,HTS,null,3.587,11.821,-2.414,-38.294,null,null,null,null,null,null,null,null,null,null,null,null,null,null,null,null,null,null,null,null,null,278940984
TRND-Glioblastoma_LOPAC_T98G-primary_screen2,NCGC00015000-09,activity,null,4,14.67,-3.867,CN1C2=C(NC(=N2)C3=CC=C(C=C3)[S+](O)([O-])=O)C(=O)N(C)C1=O,null,null,null,null,null,A013,SIGMA,2021_LOPAC_01,null,null,8-(p-Sulfophenyl)theophylline,null,4,null,null,null,13.295,5,1.885,1,1,null,null,null,null,null,null,-9.67,null,null,4.404,-8.891,-20.571,-20.44,null,null,null,null,null,null,null,null,null,VWZSKJSRNJOWFW,null,TRND,wHaVfEmTQRBIhVcbCf,null,null,null,null,H2O,null,null,null,null,null,null,null,null,0,4,1,null,null,173032,0 0 0 1,1,1,2025-06-17 15:37:36,null,null,null,null,null,null,null,364793635,activity,null,HTS,null,-8.891,-1.847,4.404,-3.867,null,null,null,null,null,null,null,null,null,null,null,null,null,null,null,null,null,null,null,null,null,278940985
TRND-Glioblastoma_LOPAC_T98G-primary_screen2,NCGC00025077-05,activity,null,4,0,-5.834,C[C@H](NC[C@H](O)CP(O)(=O)CC1=CC=CC=C1)C2=CC=C(Cl)C(Cl)=C2,null,null,null,null,null,SML0594,SIGMA,2021_LOPAC_01,null,null,CGP 55845 hydrochloride,null,4,null,null,null,4.72,0,null,null,null,null,null,null,null,null,null,0,null,null,-1.114,-5.834,-8.76,null,null,null,null,null,null,null,null,null,null,ZODSPDOOCZZEIM,null,TRND,jcCITFQIAxXFfQABdE,null,null,null,null,CL,null,null,null,null,null,null,null,null,0,4,null,null,null,173032,null,1,1,2025-06-17 15:37:36,null,null,null,null,null,null,null,364793003,activity,null,HTS,null,-1.114,-1.142,-2.579,-5.834,null,null,null,null,null,null,null,null,null,null,null,null,null,null,null,null,null,null,null,null,null,278940986
TRND-Glioblastoma_LOPAC_T98G-primary_screen2,NCGC00025327-09,activity,null,4,0,-5.111,CC1=NC2=C(O1)C=C(NC(=O)NC3=CC=NC4=C3N=CC=C4)C=C2,null,null,null,null,null,SML1530,SIGMA,2021_LOPAC_01,null,null,SB-334867,null,4,null,null,null,7.654,0,null,null,null,null,null,null,null,null,null,0,null,null,2.543,-5.111,3.844,null,null,null,null,null,null,null,null,null,null,AKMNUCBQGHFICM,null,TRND,ItcRqxrZmVgRiVpDJO,null,null,null,null,null,null,null,null,null,null,null,null,null,0,4,null,null,null,173032,null,1,1,2025-06-17 15:37:36,null,null,null,null,null,null,null,364793695,activity,null,HTS,null,1.748,-0.14,2.543,-5.111,null,null,null,null,null,null,null,null,null,null,null,null,null,null,null,null,null,null,null,null,null,278940987
TRND-Glioblastoma_LOPAC_T98G-primary_screen2,NCGC00093535-08,activity,null,4,-33.562,-20.885,CCCCC[C@H](CC(=O)NO)C(=O)N[C@@H](C(C)C)C(=O)N1CCC[C@H]1CO,null,null,null,null,null,A6671,SIGMA,2021_LOPAC_01,null,null,Actinonin,null,4,null,null,null,35.592,-21.062,4.955,0.144,0.987,null,null,null,null,null,null,12.5,null,null,14.707,-20.885,33.628,38.357,null,null,null,null,null,null,null,null,null,XJLATMLVMSFZBN,null,TRND,yPEOBDnkroaPYOGMph,null,null,null,null,null,null,null,null,null,13434-13-4,null,null,null,0,4,0,null,null,173032,0 0 0 0,1,1,2025-06-17 15:37:36,null,null,null,null,null,null,null,364790511,activity,null,HTS,null,10.189,14.707,8.657,-20.885,null,null,null,null,null,null,null,null,null,null,null,null,null,null,null,null,null,null,null,null,null,278940988
TRND-Glioblastoma_LOPAC_T98G-primary_screen2,NCGC00163544-12,activity,null,4,0,-2.283,CC(C)C[C@H](NC(=O)[C@H]1O[C@@H]1C(O)=O)C(=O)NCCCCNC(N)=N,null,null,null,null,null,E3132,SIGMA,2021_LOPAC_01,null,null,E-64,null,4,null,null,null,7.929,0,null,null,null,null,null,null,null,null,null,0,null,null,5.646,-2.283,16.162,null,null,null,null,null,null,null,null,null,null,LTLYEAJONXGNFG,null,TRND,sBHdtRktyXSNautToB,null,null,null,null,null,null,null,null,null,[NO STEREO] 66701-25-5,null,null,null,0,4,null,null,null,173032,null,1,1,2025-06-17 15:37:36,null,null,null,null,null,null,null,364794999,activity,null,HTS,null,5.646,-1.734,4.153,-2.283,null,null,null,null,null,null,null,null,null,null,null,null,null,null,null,null,null,null,null,null,null,278940989
TRND-Glioblastoma_LOPAC_T98G-primary_screen2,NCGC00420698-05,activity,null,4,-44.812,-24.01,O=C(CC1=CC=CC=C1)NC2=NN=C(CCSCCC3=NN=C(NC(=O)CC4=CC=CC=C4)S3)S2,null,null,null,null,null,SML0601,SIGMA,2021_LOPAC_01,null,null,BPTES,null,4,null,null,null,36.123,-32.812,0.91,0.203,0.974,null,null,null,null,null,null,12,null,null,12.113,-24.01,17.471,12.862,null,null,null,null,null,null,null,null,null,MDJIPXYRSZHCFS,null,TRND,kTffcagdZagbDESDVD,null,Glutaminase inhibitor,null,null,null,null,null,null,null,null,GLS,null,null,0,4,0,null,null,173032,0 0 0 0,1,1,2025-06-17 15:37:36,null,null,null,null,null,null,null,364793735,activity,null,HTS,null,12.113,1.566,-6.601,-24.01,null,null,null,null,null,null,null,null,null,null,null,null,null,null,null,null,null,null,null,null,null,278940990
TRND-Glioblastoma_LOPAC_T98G-primary_screen2,NCGC00016072-07,activity,null,4,16,5.173,CC(C)OC1=C(N=CC=C1)N(C)C2CCN(CC3=CC=CC=C3)CC2,null,null,null,null,null,U115,SIGMA,2021_LOPAC_01,null,null,U-101958 maleate,null,4,null,null,null,11.826,16,2.094,1,0.999,null,null,null,null,null,null,0,null,null,12.03,0.204,16.236,17.844,null,null,null,null,null,null,null,null,null,WFLHEXUTTRRXFJ,null,TRND,mhHnfenMQdBtLESfds,null,null,null,null,MALEATE,null,null,null,null,null,null,null,null,0,4,1,null,null,173032,0 0 0 1,1,1,2025-06-17 15:37:36,null,null,null,null,null,null,null,364795415,activity,null,HTS,null,0.204,1.335,12.03,5.173,null,null,null,null,null,null,null,null,null,null,null,null,null,null,null,null,null,null,null,null,null,278940991
TRND-Glioblastoma_LOPAC_T98G-primary_screen2,NCGC00015019-06,activity,null,4,0,1.474,NC(CCC(O)=O)C#C,null,null,null,null,null,A230,SIGMA,2021_LOPAC_01,null,null,gamma-Acetylinic GABA,null,4,null,null,null,6.484,0,null,null,null,null,null,null,null,null,null,0,null,null,3.974,-2.51,12.133,null,null,null,null,null,null,null,null,null,null,BJNIHWSOVCDBHS,null,TRND,GsWziEBNcHYWMxiqPY,null,null,null,null,null,null,null,null,null,57659-38-8,null,null,null,0,4,null,null,null,173032,null,1,1,2025-06-17 15:37:36,null,null,null,null,null,null,null,364793683,activity,null,HTS,null,3.974,-2.51,2.978,1.474,null,null,null,null,null,null,null,null,null,null,null,null,null,null,null,null,null,null,null,null,null,278940992
TRND-Glioblastoma_LOPAC_T98G-primary_screen2,NCGC00015441-16,activity,null,4,0,-0.573,CCCCC1=CC=C(N=C1)C(O)=O,null,null,null,null,null,F6513,SIGMA,2021_LOPAC_01,null,null,Fusaric acid,null,4,null,null,null,5.346,0,null,null,null,null,null,null,null,null,null,0,null,null,-0.573,-5.919,-15.213,null,null,null,null,null,null,null,null,null,null,DGMPVYSXXIOGJY,null,TRND,NgyHVPdAgMCPCRdiUg,null,null,null,null,null,null,null,null,null,536-69-6,null,null,null,0,4,null,null,null,173032,null,1,1,2025-06-17 15:37:36,null,null,null,null,null,null,null,364793327,activity,null,HTS,null,-2.566,-5.227,-5.919,-0.573,null,null,null,null,null,null,null,null,null,null,null,null,null,null,null,null,null,null,null,null,null,278940993
TRND-Glioblastoma_LOPAC_T98G-primary_screen2,NCGC00506850-02,activity,null,4,11.392,-6.217,[O-][N+](=O)C1=CC=C(C=C1)C2=CC(=O)N3N=C(CC4=CC=CC=C4)C(=C3N2)C5=CC=C(Cl)C=C5,null,null,null,null,null,SML2238,SIGMA,2021_LOPAC_01,null,null,NAV-2729,null,4,null,null,null,10.257,1.5,1.989,1,1,null,null,null,null,null,null,-9.892,null,null,1.18,-9.077,-25.582,-25.499,null,null,null,null,null,null,null,null,null,GUUWHOSUKOCRHG,null,TRND,GnlVZoLIQTwdVtlhxi,null,null,null,null,null,null,null,null,null,null,null,null,null,0,4,1,null,null,173032,0 0 0 1,1,1,2025-06-17 15:37:36,null,null,null,null,null,null,null,364794147,activity,null,HTS,null,-9.077,-2.629,1.18,-6.217,null,null,null,null,null,null,null,null,null,null,null,null,null,null,null,null,null,null,null,null,null,278940994
TRND-Glioblastoma_LOPAC_T98G-primary_screen2,NCGC00015029-11,activity,null,4,19.751,-0.21,NC1(CC1)C(O)=O,null,null,null,null,null,A0430,SIGMA,2021_LOPAC_01,null,null,1-Aminocyclopropanecarboxylic acid hydrochloride,null,4,null,null,null,19.264,2.5,4.955,0.275,0.95,null,null,null,null,null,null,-17.251,null,null,4.471,-14.793,-35.854,-36.448,null,null,null,null,null,null,null,null,null,PAJPWUMXBYXFCZ,null,TRND,VQxhtvJBWiWhUVNTpk,null,null,null,null,CL,null,null,null,null,null,null,null,null,0,4,0,null,null,173032,0 0 0 0,1,1,2025-06-17 15:37:36,null,null,null,null,null,null,null,364794859,activity,null,HTS,null,-14.793,3.123,4.471,-0.21,null,null,null,null,null,null,null,null,null,null,null,null,null,null,null,null,null,null,null,null,null,278940995
TRND-Glioblastoma_LOPAC_T98G-primary_screen2,NCGC00095209-14,activity,null,4,-17.946,-8.705,CC(C)=CCOC1=C2OC(=O)C=CC2=CC3=C1OC=C3,null,null,null,null,null,I6659,SIGMA,2021_LOPAC_01,null,null,Imperatorin,null,4,null,null,null,19.648,-9.946,4.955,0.324,0.929,null,null,null,null,null,null,8,null,null,10.943,-8.705,24.468,28.794,null,null,null,null,null,null,null,null,null,OLOOJGVNMBJLLR,null,TRND,xAHmVdzCTdSxpqjJNL,null,null,null,null,null,null,null,null,null,482-44-0,null,null,null,0,4,0,null,null,173032,0 0 0 0,1,1,2025-06-17 15:37:36,null,null,null,null,null,null,null,364791051,activity,null,HTS,null,6.122,6.302,10.943,-8.705,null,null,null,null,null,null,null,null,null,null,null,null,null,null,null,null,null,null,null,null,null,278940996
TRND-Glioblastoma_LOPAC_T98G-primary_screen2,NCGC00015544-08,activity,null,4,-10.642,-7.27,OC(=O)CC1=CNC=N1,null,null,null,null,null,I0375,SIGMA,2021_LOPAC_01,null,null,Imidazole-4-acetic acid hydrochloride,null,4,null,null,null,10.824,-7.642,2.253,0.115,0.992,null,null,null,null,null,null,3,null,null,2.79,-8.035,-3.08,-2.859,null,null,null,null,null,null,null,null,null,PRJKNHOMHKJCEJ,null,TRND,LmhngkeHTUBeZkRXwS,null,null,null,null,CL,null,null,null,null,3251-69-2,null,null,null,0,4,0,null,null,173032,0 0 0 0,1,1,2025-06-17 15:37:36,null,null,null,null,null,null,null,364793383,activity,null,HTS,null,2.79,-1.977,-8.035,-7.27,null,null,null,null,null,null,null,null,null,null,null,null,null,null,null,null,null,null,null,null,null,278940997
TRND-Glioblastoma_LOPAC_T98G-primary_screen2,NCGC00162323-05,activity,null,4,-25.417,-21.181,CCCCCCCCCC(=O)NC(CN1CCOCC1)[C@H](O)C2=CC=CC=C2,null,null,null,null,null,P7340,SIGMA,2021_LOPAC_01,null,null,(±)-threo-1-Phenyl-2-decanoylamino-3-morpholino-1-propanol hydrochloride,null,4,null,null,null,28.623,-21.917,2.952,0.344,0.919,null,null,null,null,null,null,3.5,null,null,7.442,-21.181,8.12,0.419,null,null,null,null,null,null,null,null,null,UYNCFCUHRNOSCN,null,TRND,ThXPcfBFgWJHHUffNR,null,null,null,null,CL,null,null,null,null,null,null,null,null,0,4,0,null,null,173032,0 0 0 0,1,1,2025-06-17 15:37:36,null,null,null,null,null,null,null,364795167,activity,null,HTS,null,7.442,-1.052,-0.95,-21.181,null,null,null,null,null,null,null,null,null,null,null,null,null,null,null,null,null,null,null,null,null,278940998
TRND-Glioblastoma_LOPAC_T98G-primary_screen2,NCGC00015897-25,activity,null,4,-30.136,-10.113,COC1=C(OCC(O)CN2CCN(CC(=O)NC3=C(C)C=CC=C3C)CC2)C=CC=C1,null,null,null,null,null,R6152,SIGMA,2021_LOPAC_01,null,null,Ranolazine dihydrochloride,null,4,null,null,null,23.015,-16.136,0.71,0.354,0.914,null,null,null,null,null,null,14,null,null,12.902,-10.113,35.388,32.744,null,null,null,null,null,null,null,null,null,XKLMZUWKNUAPSZ,null,TRND,lfpAnBDFlNCHPMqKEd,null,Sodium channel protein type 5 subunit alpha Blocker,null,null,CL,null,null,null,null,null,SCN5A,null,null,0,4,0,null,null,173032,0 0 0 0,1,1,2025-06-17 15:37:36,null,null,null,null,null,null,null,364791835,activity,null,HTS,null,12.902,4.314,2.694,-10.113,null,null,null,null,null,null,null,null,null,null,null,null,null,null,null,null,null,null,null,null,null,278940999
TRND-Glioblastoma_LOPAC_T98G-primary_screen2,NCGC00015426-15,activity,null,4,16.062,13.058,CN1C(=O)N(CC2=CC=CO2)C3=C(NC(C)=N3)C1=O,null,null,null,null,null,F124,SIGMA,2021_LOPAC_01,null,null,Furafylline,null,4,null,null,null,13.943,13,1.111,0.199,0.975,null,null,null,null,null,null,-3.062,null,null,13.058,-0.885,15.768,17.397,null,null,null,null,null,null,null,null,null,KGQZGCIVHYLPBH,null,TRND,FBTlSlqVXcdwOKLypu,null,null,null,null,null,null,null,null,null,80288-49-9,null,null,null,0,4,0,null,null,173032,0 0 0 0,1,1,2025-06-17 15:37:36,null,null,null,null,null,null,null,364793999,activity,null,HTS,null,-0.885,6.483,9.767,13.058,null,null,null,null,null,null,null,null,null,null,null,null,null,null,null,null,null,null,null,null,null,278941000
TRND-Glioblastoma_LOPAC_T98G-primary_screen2,NCGC00015014-16,activity,null,4,13.5,12.815,CC(=O)C1=CC=C(C=C1)[S+]([O-])(=O)NC(=O)NC2CCCCC2,null,null,null,null,null,A178,SIGMA,2021_LOPAC_01,null,null,Acetohexamide,null,4,null,null,null,10.53,14,4.955,0.242,0.962,null,null,null,null,null,null,0.5,null,null,15.082,4.552,39.907,39.622,null,null,null,null,null,null,null,null,null,ASLKGOHLNRJBMI,null,TRND,HMgLOJCuhdNpTODjSF,null,null,null,null,null,null,null,null,null,968-81-0,null,null,null,0,4,0,null,null,173032,0 0 0 0,1,1,2025-06-17 15:37:36,null,null,null,null,null,null,null,364790487,activity,null,HTS,null,4.552,15.082,14.299,12.815,null,null,null,null,null,null,null,null,null,null,null,null,null,null,null,null,null,null,null,null,null,278941001
TRND-Glioblastoma_LOPAC_T98G-primary_screen2,NCGC00476181-02,activity,null,4,0,-0.454,CN1C2CCC1C=C(C2)C3=C(Br)C=CS3,null,null,null,null,null,SML2173,SIGMA,2021_LOPAC_01,null,null,NS3861,null,4,null,null,null,5.242,0,null,null,null,null,null,null,null,null,null,0,null,null,0.242,-5.001,-6.149,null,null,null,null,null,null,null,null,null,null,ZJCNRVHZJADROC,null,TRND,riVDuezlYhnPvrEdtj,null,null,null,null,null,null,null,null,null,null,null,null,null,0,4,null,null,null,173032,null,1,1,2025-06-17 15:37:36,null,null,null,null,null,null,null,364793155,activity,null,HTS,null,0.242,-4.414,-5.001,-0.454,null,null,null,null,null,null,null,null,null,null,null,null,null,null,null,null,null,null,null,null,null,278941002
TRND-Glioblastoma_LOPAC_T98G-primary_screen2,NCGC00162267-07,activity,null,4,0,6.539,OC1=CC=C2CC3N(CC=C)CCC45[C@@H](OC1=C24)C(=O)CC[C@@]35O,null,null,null,null,null,N7758,SIGMA,2021_LOPAC_01,null,null,Naloxone hydrochloride,null,4,null,null,null,8.601,0,null,null,null,null,null,null,null,null,null,0,null,null,6.539,-2.062,-0.642,null,null,null,null,null,null,null,null,null,null,UZHSEJADLWPNLE,null,TRND,VAVXAbSaXeqeTncdqu,null,null,null,null,CL,null,null,null,null,[NO STEREO] 357-08-4,null,null,null,0,4,null,null,null,173032,null,1,1,2025-06-17 15:37:36,null,null,null,null,null,null,null,364792255,activity,null,HTS,null,-2.062,-1.865,4.213,6.539,null,null,null,null,null,null,null,null,null,null,null,null,null,null,null,null,null,null,null,null,null,278941003
TRND-Glioblastoma_LOPAC_T98G-primary_screen2,NCGC00186011-05,activity,12.589254,-3,-55.003,-37.26,C1C[C@@H](NC2=NC3=CC=CC=C3N2)C4=C(C1)C=CC=C4,null,null,null,null,null,N2538,SIGMA,2021_LOPAC_01,-4.9,null,NS8593 hydrochloride,null,-3,null,null,null,45.827,-47.003,1.539,0.045,0.999,null,null,null,null,null,null,8,null,null,8.567,-37.26,2.764,1.872,null,null,null,null,null,null,null,null,null,XZIZUQSOFMLIIR,null,TRND,YbroMolmwxUudlKVcI,null,null,null,null,CL,null,null,null,null,null,null,null,null,0,4,0,null,null,173032,0 0 0 0,1,1,2025-06-17 15:37:36,null,null,null,null,null,null,null,364792707,activity,null,HTS,null,8.567,5.354,-7.387,-37.26,null,null,null,null,null,null,null,null,null,null,null,null,null,null,null,null,null,null,null,null,null,278941004
TRND-Glioblastoma_LOPAC_T98G-primary_screen2,NCGC00015783-14,activity,null,4,0,2.385,NC(=N)NC(=N)NC1=CC=CC=C1,null,null,null,null,null,P120,SIGMA,2021_LOPAC_01,null,null,1-Phenylbiguanide,null,4,null,null,null,6.116,0,null,null,null,null,null,null,null,null,null,0,null,null,8.5,2.385,35.014,null,null,null,null,null,null,null,null,null,null,CUQCMXFWIMOWRP,null,TRND,BVTIxHCPAxinHcJFKa,null,null,null,null,null,null,null,null,null,102-02-3,null,null,null,0,4,null,null,null,173032,null,1,1,2025-06-17 15:37:36,null,null,null,null,null,null,null,364791907,activity,null,HTS,null,8.033,8.5,7.904,2.385,null,null,null,null,null,null,null,null,null,null,null,null,null,null,null,null,null,null,null,null,null,278941005
TRND-Glioblastoma_LOPAC_T98G-primary_screen2,NCGC00015876-18,activity,null,4,-9.968,3.235,CN\C(NCCSCC1=CC=C(CN(C)C)O1)=C/[N+]([O-])=O,null,null,null,null,null,R101,SIGMA,2021_LOPAC_01,null,null,Ranitidine hydrochloride,null,4,null,null,null,10.015,1.032,4.955,1,0.681,null,null,null,null,null,null,11,null,null,7.959,-2.057,25.118,24.167,null,null,null,null,null,null,null,null,null,VMXUWOKSQNHOCA,null,TRND,lkEgcWBflZYHQVTXAj,null,null,null,null,CL,null,null,null,null,[NO STEREO] 66357-59-3,null,null,null,0,4,1,null,null,173032,0 0 0 1,1,1,2025-06-17 15:37:36,null,null,null,null,null,null,null,364792491,activity,null,HTS,null,7.959,-2.057,3.648,3.235,null,null,null,null,null,null,null,null,null,null,null,null,null,null,null,null,null,null,null,null,null,278941006
TRND-Glioblastoma_LOPAC_T98G-primary_screen2,NCGC00024488-08,activity,null,4,0,8.42,N[C@]1(CC[C@H](C1)C(O)=O)C(O)=O,null,null,null,null,null,A155,SIGMA,2021_LOPAC_01,null,null,trans-(±)-ACPD,null,4,null,null,null,8.177,0,null,null,null,null,null,null,null,null,null,0,null,null,12.943,4.765,52.047,null,null,null,null,null,null,null,null,null,null,YFYNOWXBIBKGHB,null,TRND,HMbUIJmOoZjXnjILTr,null,null,null,null,H2O,null,null,null,null,null,null,null,null,0,4,null,null,null,173032,null,1,1,2025-06-17 15:37:36,null,null,null,null,null,null,null,364791111,activity,null,HTS,null,12.943,4.765,11.973,8.42,null,null,null,null,null,null,null,null,null,null,null,null,null,null,null,null,null,null,null,null,null,278941007
TRND-Glioblastoma_LOPAC_T98G-primary_screen2,NCGC00093976-24,activity,19.952623,-3,-99.212,-87.697,[H][C@@]1(C[C@@](O)(CC2=C(O)C3=C(C(=O)C4=C(C=CC=C4)C3=O)C(O)=C12)C(C)=O)O[C@H]5C[C@H](N)[C@H](O)[C@H](C)O5,null,null,null,null,null,I1656,SIGMA,2021_LOPAC_01,-4.7,null,Idarubicin,null,-3,null,null,null,95.229,-94.712,4.955,0.431,0.996,null,null,null,null,null,null,4.5,null,null,7.533,-87.697,-36.562,-27.492,null,null,null,null,null,null,null,null,null,XDXDZDZNSLXDNA,null,TRND,nWkHehvfoRzvlwSmIh,null,DNA Topoisomerase II inhibitor,null,null,null,null,null,null,null,58957-92-9,TOP2A,null,null,0,4,1,null,null,173032,1 0 0 0,1,1,2025-06-17 15:37:36,null,null,null,null,null,null,null,364792763,activity,null,HTS,20.407849,-22.827,1.229,7.533,-87.697,null,null,null,null,null,null,null,null,null,null,null,null,null,null,null,null,null,null,null,null,null,278941008
TRND-Glioblastoma_LOPAC_T98G-primary_screen2,NCGC00015770-11,activity,null,4,-23.079,0.951,O=C1ON=C2C=NC3=C(C=CC=C3)N12,null,null,null,null,null,O3636,SIGMA,2021_LOPAC_01,null,null,ODQ,null,4,null,null,null,21.489,-12.079,4.955,1,1,null,null,null,null,null,null,11,null,null,9.34,-12.149,2.937,2.723,null,null,null,null,null,null,null,null,null,LZMHWZHOZLVYDL,null,TRND,vsfGONnJmLQqFyTnof,null,null,null,null,null,null,null,null,null,null,null,null,null,0,4,1,null,null,173032,0 0 0 1,1,1,2025-06-17 15:37:36,null,null,null,null,null,null,null,364795363,activity,null,HTS,null,9.34,-12.149,-11.833,0.951,null,null,null,null,null,null,null,null,null,null,null,null,null,null,null,null,null,null,null,null,null,278941009
TRND-Glioblastoma_LOPAC_T98G-primary_screen2,NCGC00386770-03,activity,0.630957,-1.4,-61.619,-74.269,CC1=CC=C(\C=N\NC(=O)C2=NNC3=C2CCCC3)C=C1,null,null,null,null,null,SML1493,SIGMA,2021_LOPAC_01,-6.2,null,Suprafenacine,null,-1.2,null,null,null,61.729,-72.166,4.095,0.08,0.996,null,null,null,null,null,null,-10.547,null,null,-12.539,-74.269,-170.944,-171.068,null,null,null,null,null,null,null,null,null,WKKLZIQHOXPLLZ,null,TRND,RyejCxXVNxHLRTWNXq,null,null,null,null,null,null,null,null,null,null,null,null,null,0,4,0,null,null,173032,0 0 0 0,1,1,2025-06-17 15:37:36,null,null,null,null,null,null,null,364794739,activity,null,HTS,0.769611,-12.539,-69.108,-69.799,-74.269,null,null,null,null,null,null,null,null,null,null,null,null,null,null,null,null,null,null,null,null,null,278941010
TRND-Glioblastoma_LOPAC_T98G-primary_screen2,NCGC00015511-13,activity,null,4,-16.42,-3.529,CCCC1=C(N(N=C1C2=CC=C(O)C=C2)C3=CC=C(O)C=C3)C4=CC=C(O)C=C4,null,null,null,null,null,H6036,SIGMA,2021_LOPAC_01,null,null,"1,3,5-tris(4-hydroxyphenyl)-4-propyl-1H-pyrazole",null,4,null,null,null,19.229,-3.92,4.955,0.609,0.668,null,null,null,null,null,null,12.5,null,null,9.296,-9.933,18.064,18.216,null,null,null,null,null,null,null,null,null,IOTXSIGGFRQYKW,null,TRND,MJdyOrGhJjPIgIOGIY,null,null,null,null,null,null,null,null,null,263717-53-9,null,null,null,0,4,0,null,null,173032,0 0 0 0,1,1,2025-06-17 15:37:36,null,null,null,null,null,null,null,364791403,activity,null,HTS,null,9.296,-9.933,1.518,-3.529,null,null,null,null,null,null,null,null,null,null,null,null,null,null,null,null,null,null,null,null,null,278941011
TRND-Glioblastoma_LOPAC_T98G-primary_screen2,NCGC00485206-03,activity,2.511886,-1.4,-29.135,-10.112,NC1=NC(=O)C2=C(NC[C@H](CCC3=CC=C(C=C3)C(=O)N[C@@H](CCC(O)=O)C(O)=O)C2)N1,null,null,null,null,null,SML0040,SIGMA,2021_LOPAC_01,-5.6,null,Lometrexol hydrate,null,4,null,null,null,27.079,-11.135,1.509,0.027,1,null,null,null,null,null,null,18,null,null,16.966,-10.112,44.645,44.701,null,null,null,null,null,null,null,null,null,ZUQBAQVRAURMCL,null,TRND,SYLbFbHhQItkrqelXH,null,null,null,null,H2O,null,null,null,null,null,null,null,null,0,4,0,null,null,173032,0 0 0 0,1,1,2025-06-17 15:37:36,null,null,null,null,null,null,null,364791975,activity,null,HTS,null,16.966,9.84,-5.72,-10.112,null,null,null,null,null,null,null,null,null,null,null,null,null,null,null,null,null,null,null,null,null,278940059
TRND-Glioblastoma_LOPAC_T98G-primary_screen2,NCGC00025087-10,activity,null,4,0,-6.795,[H][C@](C)(O)[C@]([H])(CCCCCC)N1C=NC2=C1N=CN=C2N,null,null,null,null,null,E114,SIGMA,2021_LOPAC_01,null,null,erythro-9-(2-Hydroxy-3-nonyl)adenine hydrochloride,null,4,null,null,null,11.44,0,null,null,null,null,null,null,null,null,null,0,null,null,4.645,-6.795,-13.937,null,null,null,null,null,null,null,null,null,null,IOSAAWHGJUZBOG,null,TRND,xIpKjtymUaSfEgOzQO,null,null,null,null,CL,null,null,null,null,null,null,null,null,0,4,null,null,null,173032,null,1,1,2025-06-17 15:37:36,null,null,null,null,null,null,null,364792019,activity,null,HTS,null,-3.732,-4.661,4.645,-6.795,null,null,null,null,null,null,null,null,null,null,null,null,null,null,null,null,null,null,null,null,null,278940060
TRND-Glioblastoma_LOPAC_T98G-primary_screen2,NCGC00015069-06,activity,null,4,6.077,5.613,CC(=O)SCC[N+](C)(C)C,null,null,null,null,null,A5626,SIGMA,2021_LOPAC_01,null,null,Acetylthiocholine chloride,null,4,null,null,null,12.097,6,4.955,0.742,0.36,null,null,null,null,null,null,-0.077,null,null,6.616,-5.481,19.599,6.936,null,null,null,null,null,null,null,null,null,GFFIJCYHQYHUHB,null,TRND,hgqJIxFShMJiRmwykx,null,null,null,null,CL,null,null,null,null,null,null,null,null,0,4,0,null,null,173032,0 0 0 0,1,1,2025-06-17 15:37:36,null,null,null,null,null,null,null,364793675,activity,null,HTS,null,5.712,-5.481,6.616,5.613,null,null,null,null,null,null,null,null,null,null,null,null,null,null,null,null,null,null,null,null,null,278940061
TRND-Glioblastoma_LOPAC_T98G-primary_screen2,NCGC00015242-20,activity,null,4,0,10.48,N[S+]([O-])(=O)C1=C(Cl)C=C2N=CN[S+]([O-])(=O)C2=C1,null,null,null,null,null,C4911,SIGMA,2021_LOPAC_01,null,null,Chlorothiazide,null,4,null,null,null,6.944,0,null,null,null,null,null,null,null,null,null,0,null,null,10.48,3.536,29.173,null,null,null,null,null,null,null,null,null,null,GEAKDLJXQWCJSJ,null,TRND,jrdjWcideVrCETRSpk,null,Solute carrier family 12 member 3 inhibitor,null,null,null,null,null,null,null,58-94-6,SLC12A3,null,null,0,4,null,null,null,173032,null,1,1,2025-06-17 15:37:36,null,null,null,null,null,null,null,364791383,activity,null,HTS,null,3.536,10.062,9.753,10.48,null,null,null,null,null,null,null,null,null,null,null,null,null,null,null,null,null,null,null,null,null,278940062
TRND-Glioblastoma_LOPAC_T98G-primary_screen2,NCGC00015166-14,activity,null,4,13.5,11.939,CCCCOC1=C(OC)C=CC(CC2CNC(=O)N2)=C1,null,null,null,null,null,B8279,SIGMA,2021_LOPAC_01,null,null,Ro 20-1724,null,4,null,null,null,16.73,15,4.955,0.406,0.883,null,null,null,null,null,null,1.5,null,null,18.129,1.399,26.413,26.371,null,null,null,null,null,null,null,null,null,PDMUULPVBYQBBK,null,TRND,IQOmPCutpjkEzZHjsb,null,null,null,null,null,null,null,null,null,29925-17-5,null,null,null,0,4,0,null,null,173032,0 0 0 0,1,1,2025-06-17 15:37:36,null,null,null,null,null,null,null,364793291,activity,null,HTS,null,1.399,5.12,18.129,11.939,null,null,null,null,null,null,null,null,null,null,null,null,null,null,null,null,null,null,null,null,null,278940063
TRND-Glioblastoma_LOPAC_T98G-primary_screen2,NCGC00015321-21,activity,null,4,0,-2.184,CC(CCC1=CC=C(O)C=C1)NCCC2=CC(O)=C(O)C=C2,null,null,null,null,null,D0676,SIGMA,2021_LOPAC_01,null,null,Dobutamine hydrochloride,null,4,null,null,null,1.701,0,null,null,null,null,null,null,null,null,null,0,null,null,-1.269,-2.97,-10.891,null,null,null,null,null,null,null,null,null,null,JRWZLRBJNMZMFE,null,TRND,TIbQjXQhjYiTHhIzsh,null,null,null,null,CL,null,null,null,null,49745-95-1,null,null,null,0,4,null,null,null,173032,null,1,1,2025-06-17 15:37:36,null,null,null,null,null,null,null,364792995,activity,null,HTS,null,-2.443,-2.97,-1.269,-2.184,null,null,null,null,null,null,null,null,null,null,null,null,null,null,null,null,null,null,null,null,null,278940064
TRND-Glioblastoma_LOPAC_T98G-primary_screen2,NCGC00093771-10,activity,null,4,0,9.24,OC[C@H]1O[C@H]([C@H](O)[C@@H]1O)N2C=NC3=C2N=CN=C3NC4CCCCC4,null,null,null,null,null,C9901,SIGMA,2021_LOPAC_01,null,null,N6-Cyclohexyladenosine,null,4,null,null,null,4.085,0,null,null,null,null,null,null,null,null,null,0,null,null,13.325,9.24,59.554,null,null,null,null,null,null,null,null,null,null,SZBULDQSDUXAPJ,null,TRND,wUSdxVoApmydTLuYgy,null,null,null,null,null,null,null,null,null,null,null,null,null,0,4,null,null,null,173032,null,1,1,2025-06-17 15:37:36,null,null,null,null,null,null,null,364791171,activity,null,HTS,null,13.325,12.748,12.597,9.24,null,null,null,null,null,null,null,null,null,null,null,null,null,null,null,null,null,null,null,null,null,278940065
TRND-Glioblastoma_LOPAC_T98G-primary_screen2,NCGC00015924-27,activity,null,4,0,2.335,CNCC(O)C1=CC=C(O)C=C1,null,null,null,null,null,S0752,SIGMA,2021_LOPAC_01,null,null,(±)-Synephrine,null,4,null,null,null,7.903,0,null,null,null,null,null,null,null,null,null,0,null,null,5.652,-2.25,1.094,null,null,null,null,null,null,null,null,null,null,YRCWQPVGYLYSOX,null,TRND,nipzFJYhuApoguOGwS,null,null,null,null,null,null,null,null,null,94-07-5,null,null,null,0,4,null,null,null,173032,null,1,1,2025-06-17 15:37:36,null,null,null,null,null,null,null,364793159,activity,null,HTS,null,-2.25,3.09,5.652,2.335,null,null,null,null,null,null,null,null,null,null,null,null,null,null,null,null,null,null,null,null,null,278940066
TRND-Glioblastoma_LOPAC_T98G-primary_screen2,NCGC00015996-20,activity,null,4,0,-1.47,CCN(CC)CCNC(=O)C1=C(OC)C=CC(=C1)[S+](C)([O-])=O,null,null,null,null,null,T0410,SIGMA,2021_LOPAC_01,null,null,Tiapride hydrochloride,null,4,null,null,null,8.465,0,null,null,null,null,null,null,null,null,null,0,null,null,6.995,-1.47,22.134,null,null,null,null,null,null,null,null,null,null,AKZVTKXPYIXQSF,null,TRND,GEhCXRrCbmHcwuHSgZ,null,null,null,null,CL,null,null,null,null,51012-33-0,null,null,null,0,4,null,null,null,173032,null,1,1,2025-06-17 15:37:36,null,null,null,null,null,null,null,364790899,activity,null,HTS,null,6.995,-1.426,6.422,-1.47,null,null,null,null,null,null,null,null,null,null,null,null,null,null,null,null,null,null,null,null,null,278940067
TRND-Glioblastoma_LOPAC_T98G-primary_screen2,NCGC00015720-13,activity,null,4,-9.882,-10.318,OC1=C(C=C(C=C1)C(F)(F)F)N2C(=O)NC3=C2C=CC(=C3)C(F)(F)F,null,null,null,null,null,N170,SIGMA,2021_LOPAC_01,null,null,NS-1619,null,4,null,null,null,14.199,-10.382,2.72,0.62,0.652,null,null,null,null,null,null,-0.5,null,null,3.881,-10.318,-17.792,-9.604,null,null,null,null,null,null,null,null,null,YLFMCMWKHSDUCT,null,TRND,BMRFXhblTboptrGuaD,null,null,null,null,null,null,null,null,null,null,null,null,null,0,4,0,null,null,173032,0 0 0 0,1,1,2025-06-17 15:37:36,null,null,null,null,null,null,null,364791511,activity,null,HTS,null,-4.506,3.881,-3.681,-10.318,null,null,null,null,null,null,null,null,null,null,null,null,null,null,null,null,null,null,null,null,null,278940068
TRND-Glioblastoma_LOPAC_T98G-primary_screen2,NCGC00015318-11,activity,6.309573,-2.4,-26.546,-23.875,COC1=CC=CC(OC)=C1OCCNCC2COC3=C(O2)C=CC=C3,null,null,null,null,null,D0411,SIGMA,2021_LOPAC_01,-5.2,null,WB-4101 hydrochloride,null,4,null,null,null,23.371,-26.65,1.331,0.019,1,null,null,null,null,null,null,-0.104,null,null,-0.504,-23.875,-25.665,-25.849,null,null,null,null,null,null,null,null,null,GYSZUJHYXCZAKI,null,TRND,vMsmqOxDvHEqHFEdcf,null,null,null,null,CL,null,null,null,null,null,null,null,null,0,4,0,null,null,173032,0 0 0 0,1,1,2025-06-17 15:37:36,null,null,null,null,null,null,null,364791075,activity,null,HTS,null,-0.504,-2.843,-13.914,-23.875,null,null,null,null,null,null,null,null,null,null,null,null,null,null,null,null,null,null,null,null,null,278940069
TRND-Glioblastoma_LOPAC_T98G-primary_screen2,NCGC00690014-01,activity,5.011872,-2.1,-92.079,-94.914,N=C(NC1=CC=C(OCCCCCOC2=CC=C(NC(=N)C3=CC=CC=C3)C=C2)C=C1)C4=CC=CC=C4,null,null,null,null,null,SML2185,SIGMA,2021_LOPAC_01,-5.3,null,PA-6,null,-2.1,null,null,null,88.354,-97.951,1.862,0.015,1,null,null,null,null,null,null,-5.871,null,null,-6.56,-94.914,-121.814,-121.277,null,null,null,null,null,null,null,null,null,PETGITKEGWIZEL,null,TRND,voLuhPDlCLUHbmUKlC,null,null,null,null,null,null,null,null,null,null,null,null,null,0,4,0,null,null,173032,0 0 0 0,1,1,2025-06-17 15:37:36,null,null,null,null,null,null,null,364794811,activity,null,HTS,5.12581,-6.56,-12.505,-64.317,-94.914,null,null,null,null,null,null,null,null,null,null,null,null,null,null,null,null,null,null,null,null,null,278940070
TRND-Glioblastoma_LOPAC_T98G-primary_screen2,NCGC00185998-05,activity,2.818383,-3,-69.268,1.534,NC(=O)C1=[N+]([O-])C2=CC(=CC(=C2S1)[N+]([O-])=O)C#N,null,null,null,null,null,B6311,SIGMA,2021_LOPAC_01,-5.55,null,BTO-1,null,-3,null,null,null,68.368,-67.268,4.955,1,1,null,null,null,null,null,null,2,null,null,1.905,-66.463,-75.891,-75.931,null,null,null,null,null,null,null,null,null,FKRBAXZAJBBIAJ,null,TRND,lkHUZhruqZblmEJWTR,null,null,null,null,null,null,null,null,null,null,null,null,null,0,4,1,null,null,173032,0 0 0 1,1,1,2025-06-17 15:37:36,null,null,null,null,null,null,null,364792111,activity,null,HTS,3.49289,1.905,0.341,-66.463,1.534,null,null,null,null,null,null,null,null,null,null,null,null,null,null,null,null,null,null,null,null,null,278940071
TRND-Glioblastoma_LOPAC_T98G-primary_screen2,NCGC00510315-04,activity,null,4,-26.93,-7.858,OC(=O)C1=CN(C2CC2)C3=C(C#N)C(N4C[C@@H]5NCCO[C@H]5C4)=C(F)C=C3C1=O,null,null,null,null,null,SML2134,SIGMA,2021_LOPAC_01,null,null,Finafloxacin,null,4,null,null,null,21.8,-6.93,0.964,0.282,0.948,null,null,null,null,null,null,20,null,null,13.942,-7.858,34.448,32.455,null,null,null,null,null,null,null,null,null,FYMHQCNFKNMJAV,null,TRND,WxJKwaSPwPJwVIPXGV,null,null,null,null,null,null,null,null,null,209342-40-5,null,null,null,0,4,0,null,null,173032,0 0 0 0,1,1,2025-06-17 15:37:36,null,null,null,null,null,null,null,364792771,activity,null,HTS,null,13.942,1.293,-1.452,-7.858,null,null,null,null,null,null,null,null,null,null,null,null,null,null,null,null,null,null,null,null,null,278940072
TRND-Glioblastoma_LOPAC_T98G-primary_screen2,NCGC00016051-06,activity,null,4,0,4.959,N\C(C=C(C#N)C#N)=C(/C#N)C1=CC(O)=C(O)C(O)=C1,null,null,null,null,null,T7665,SIGMA,2021_LOPAC_01,null,null,Tyrphostin 51,null,4,null,null,null,7.132,0,null,null,null,null,null,null,null,null,null,0,null,null,4.959,-2.173,10.403,null,null,null,null,null,null,null,null,null,null,AURCEVGZZLSFSU,null,TRND,OHQFgtCjrkTJJxCubt,null,null,null,null,null,null,null,null,null,null,null,null,null,0,4,null,null,null,173032,null,1,1,2025-06-17 15:37:36,null,null,null,null,null,null,null,364792939,activity,null,HTS,null,2.872,1.924,-2.173,4.959,null,null,null,null,null,null,null,null,null,null,null,null,null,null,null,null,null,null,null,null,null,278940073
TRND-Glioblastoma_LOPAC_T98G-primary_screen2,NCGC00016008-08,activity,null,4,-10.565,-3.804,CC[N+](CC)(CC)CC,null,null,null,null,null,T2265,SIGMA,2021_LOPAC_01,null,null,Tetraethylammonium chloride,null,4,null,null,null,11.603,-5.065,4.955,0.55,0.752,null,null,null,null,null,null,5.5,null,null,7.799,-3.804,13.609,20.954,null,null,null,null,null,null,null,null,null,CBXCPBUEXACCNR,null,TRND,UkCbusRoSxleSUGyGu,null,null,null,null,CL,null,null,null,null,56-34-8,null,null,null,0,4,0,null,null,173032,0 0 0 0,1,1,2025-06-17 15:37:36,null,null,null,null,null,null,null,364794751,activity,null,HTS,null,1.813,7.799,7.333,-3.804,null,null,null,null,null,null,null,null,null,null,null,null,null,null,null,null,null,null,null,null,null,278940074
TRND-Glioblastoma_LOPAC_T98G-primary_screen2,NCGC00386340-04,activity,3.548134,-2.2,-81.297,-66.489,COC1=CC=CC=C1C2=NC=NC(NC3=CC(C[S+](N)([O-])=O)=CC=C3)=C2,null,null,null,null,null,SML2179,SIGMA,2021_LOPAC_01,-5.45,null,LDC000067 hydrochloride,null,-2.2,null,null,null,78.456,-67.797,1.626,0.02,1,null,null,null,null,null,null,13.5,null,null,11.967,-66.489,-33.796,-32.954,null,null,null,null,null,null,null,null,null,ZUITYGSUWNWGLE,null,TRND,mnsTdvUdBFiMFrRIMi,null,null,null,null,CL,null,null,null,null,null,null,null,null,0,4,0,null,null,173032,0 0 0 0,1,1,2025-06-17 15:37:36,null,null,null,null,null,null,null,364795371,activity,null,HTS,6.697569,11.967,0.033,-45.872,-66.489,null,null,null,null,null,null,null,null,null,null,null,null,null,null,null,null,null,null,null,null,null,278940075
TRND-Glioblastoma_LOPAC_T98G-primary_screen2,NCGC00015120-07,activity,6.309573,-2.4,-29.132,-29.312,COC1=CC=CC(OC)=C1OCCNCC2CSC3=C(O2)C=CC=C3,null,null,null,null,null,B016,SIGMA,2021_LOPAC_01,-5.2,null,Benoxathian hydrochloride,null,4,null,null,null,27.193,-31.175,1.627,0.034,0.999,null,null,null,null,null,null,-2.043,null,null,-2.119,-29.312,-36.397,-36.568,null,null,null,null,null,null,null,null,null,QAUVAHYHKLRJCQ,null,TRND,vMsmqOAhYhmifAuxAG,null,null,null,null,CL,null,null,null,null,null,null,null,null,0,4,0,null,null,173032,0 0 0 0,1,1,2025-06-17 15:37:36,null,null,null,null,null,null,null,364794587,activity,null,HTS,null,-2.119,-3.862,-17.743,-29.312,null,null,null,null,null,null,null,null,null,null,null,null,null,null,null,null,null,null,null,null,null,278940076
TRND-Glioblastoma_LOPAC_T98G-primary_screen2,NCGC00389591-09,activity,10,-2.1,-91.416,-87.688,CN1C2=CC3=CC=CC=C3C=C2C(=O)N(C)C4=C(C)N=C(NC5=CN(N=C5)C6CCNCC6)N=C14,null,null,null,null,null,SML1446,SIGMA,2021_LOPAC_01,-5,null,HTH-01-015 ,null,-2.1,null,null,null,91.604,-88.916,3.627,0.037,0.999,null,null,null,null,null,null,2.5,null,null,3.916,-87.688,-51.047,-47.709,null,null,null,null,null,null,null,null,null,CHSDJDLAKKAWCI,null,TRND,aHePrqLrWpNUaQFFqY,null,null,null,null,null,null,null,null,null,null,null,null,null,0,4,0,null,null,173032,0 0 0 0,1,1,2025-06-17 15:37:36,null,null,null,null,null,null,null,364794479,activity,null,HTS,10.715355,0.959,3.916,-14.799,-87.688,null,null,null,null,null,null,null,null,null,null,null,null,null,null,null,null,null,null,null,null,null,278940077
TRND-Glioblastoma_LOPAC_T98G-primary_screen2,NCGC00015841-22,activity,null,4,0,-1.263,CN(CC#C)CC1=CC=CC=C1,null,null,null,null,null,P8013,SIGMA,2021_LOPAC_01,null,null,Pargyline hydrochloride,null,4,null,null,null,4.681,0,null,null,null,null,null,null,null,null,null,0,null,null,-1.263,-5.944,-23.83,null,null,null,null,null,null,null,null,null,null,DPWPWRLQFGFJFI,null,TRND,UfYeiXdHJzDIHYMwIr,null,null,null,null,CL,null,null,null,null,306-07-0,null,null,null,0,4,null,null,null,173032,null,1,1,2025-06-17 15:37:36,null,null,null,null,null,null,null,364794383,activity,null,HTS,null,-5.944,-4.889,-4.653,-1.263,null,null,null,null,null,null,null,null,null,null,null,null,null,null,null,null,null,null,null,null,null,278940078
TRND-Glioblastoma_LOPAC_T98G-primary_screen2,NCGC00185778-08,activity,null,4,-11.692,-10.16,[O-][N+](=O)C1=CC(=CC=C1C(=O)C2C(=O)CCCC2=O)C(F)(F)F,null,null,null,null,null,SML0269,SIGMA,2021_LOPAC_01,null,null,Nitisinone,null,4,null,null,null,16.723,-10.692,2.333,0.653,0.59,null,null,null,null,null,null,1,null,null,6.563,-10.16,-15.7,-5.267,null,null,null,null,null,null,null,null,null,OUBCNLGXQFSTLU,null,TRND,oJVgiluNkiHyipbluy,null,4-Hydroxyphenylpyruvate Dioxygenase inhibitor,null,null,null,null,null,null,null,104206-65-7,HPD,null,null,0,4,0,null,null,173032,0 0 0 0,1,1,2025-06-17 15:37:36,null,null,null,null,null,null,null,364794531,activity,null,HTS,null,-4.204,6.563,-4.689,-10.16,null,null,null,null,null,null,null,null,null,null,null,null,null,null,null,null,null,null,null,null,null,278940079
TRND-Glioblastoma_LOPAC_T98G-primary_screen2,NCGC00507757-02,activity,null,4,0,9.626,N[S+]([O-])OC1=C(Cl)C=C(NCC2=CC=CO2)C(=C1)C(O)=O,null,null,null,null,null,F4381,SIGMA,2021_LOPAC_01,null,null,Furosemide,null,4,null,null,null,4.57,0,null,null,null,null,null,null,null,null,null,0,null,null,12.906,8.336,53.687,null,null,null,null,null,null,null,null,null,null,PJALBCRHHXTHAF,null,TRND,aMyDUgfdsxmJeqPnSF,null,null,null,null,null,null,null,null,null,null,null,null,null,0,4,null,null,null,173032,null,1,1,2025-06-17 15:37:36,null,null,null,null,null,null,null,364793951,activity,null,HTS,null,12.906,9.988,8.336,9.626,null,null,null,null,null,null,null,null,null,null,null,null,null,null,null,null,null,null,null,null,null,278940080
TRND-Glioblastoma_LOPAC_T98G-primary_screen2,NCGC00165910-05,activity,12.589254,-3,-79.886,-72.268,BrC1=C(Br)C(Br)=C(Br)C2=C1NC=N2,null,null,null,null,null,T6951,SIGMA,2021_LOPAC_01,-4.9,null,TBBz,null,-3,null,null,null,81.015,-73.886,4.095,0.073,0.997,null,null,null,null,null,null,6,null,null,8.747,-72.268,-21.981,-16.897,null,null,null,null,null,null,null,null,null,LOEIRDBRYBHAJB,null,TRND,rjLBhBoReKNnqQFwIP,null,null,null,null,null,null,null,null,null,null,null,null,null,0,4,0,null,null,173032,0 0 0 0,1,1,2025-06-17 15:37:36,null,null,null,null,null,null,null,364793715,activity,null,HTS,15.078101,3.358,8.747,0.828,-72.268,null,null,null,null,null,null,null,null,null,null,null,null,null,null,null,null,null,null,null,null,null,278940081
TRND-Glioblastoma_LOPAC_T98G-primary_screen2,NCGC00484058-04,activity,null,4,-21.232,-16.86,CCCC(=O)NCCC1=CSC(=N1)C2=CC=C(Cl)C=C2,null,null,null,null,null,SML1560,SIGMA,2021_LOPAC_01,null,null,Azoramide,null,4,null,null,null,23.203,-17.732,2.952,0.308,0.937,null,null,null,null,null,null,3.5,null,null,6.344,-16.86,8.911,3.058,null,null,null,null,null,null,null,null,null,VYBFWKKCWTXCQX,null,TRND,BRnWnqFXyvGKWrxVRQ,null,null,null,null,null,null,null,null,null,null,null,null,null,0,4,0,null,null,173032,0 0 0 0,1,1,2025-06-17 15:37:36,null,null,null,null,null,null,null,364790411,activity,null,HTS,null,6.344,0.18,0.061,-16.86,null,null,null,null,null,null,null,null,null,null,null,null,null,null,null,null,null,null,null,null,null,278940082
TRND-Glioblastoma_LOPAC_T98G-primary_screen2,NCGC00024691-08,activity,null,4,0,1.022,CC1=C(O)C(C=O)=C(COP([O-])([O-])=O)C(=N1)\N=N\C2=C(C=C(C=C2)S([O-])(=O)=O)S([O-])(=O)=O,null,null,null,null,null,P178,SIGMA,2021_LOPAC_01,null,null,PPADS,null,4,null,null,null,5.793,0,null,null,null,null,null,null,null,null,null,0,null,null,6.815,1.022,15.519,null,null,null,null,null,null,null,null,null,null,PNFZSRRRZNXSMF,null,TRND,SIrAgsPzvqURgZfxCR,null,null,null,null,SODIUM,null,null,null,null,null,null,null,null,0,4,null,null,null,173032,null,1,1,2025-06-17 15:37:36,null,null,null,null,null,null,null,364791283,activity,null,HTS,null,2.983,2.774,6.815,1.022,null,null,null,null,null,null,null,null,null,null,null,null,null,null,null,null,null,null,null,null,null,278940083
TRND-Glioblastoma_LOPAC_T98G-primary_screen2,NCGC00370844-04,activity,null,4,-18.772,-10.226,COC1=C(CN[C@H]2CCCN[C@H]2C3=CC=CC=C3)C=CC=C1,null,null,null,null,null,SML0752,SIGMA,2021_LOPAC_01,null,null,(+)-CP-99994 dihydrochloride,null,4,null,null,null,19.379,-11.772,4.955,0.335,0.924,null,null,null,null,null,null,7,null,null,9.152,-10.226,27.768,23.69,null,null,null,null,null,null,null,null,null,DTQNEFOKTXXQKV,null,TRND,mNSIUEohnoHTIkXQeJ,null,null,null,null,CL,null,null,null,null,null,null,null,null,0,4,0,null,null,173032,0 0 0 0,1,1,2025-06-17 15:37:36,null,null,null,null,null,null,null,364791259,activity,null,HTS,null,9.152,3.437,7.639,-10.226,null,null,null,null,null,null,null,null,null,null,null,null,null,null,null,null,null,null,null,null,null,278940084
TRND-Glioblastoma_LOPAC_T98G-primary_screen2,NCGC00402264-05,activity,null,4,-13.543,-1.692,CC1=CC=C(S1)[S+]([O-])(=O)NC2=C(C=CC=C2)N3CCCCC3,null,null,null,null,null,SML1509,SIGMA,2021_LOPAC_01,null,null,MK6-83,null,4,null,null,null,15.476,-6.043,4.955,0.588,0.701,null,null,null,null,null,null,7.5,null,null,5.024,-10.452,1.809,1.82,null,null,null,null,null,null,null,null,null,CFKJIIXWLNTOPK,null,TRND,LGxJokXdtMCKatriDj,null,null,null,null,null,null,null,null,null,null,null,null,null,0,4,0,null,null,173032,0 0 0 0,1,1,2025-06-17 15:37:36,null,null,null,null,null,null,null,364793323,activity,null,HTS,null,5.024,-10.452,-5.634,-1.692,null,null,null,null,null,null,null,null,null,null,null,null,null,null,null,null,null,null,null,null,null,278940085
TRND-Glioblastoma_LOPAC_T98G-primary_screen2,NCGC00379202-11,activity,null,4,0,3.426,O=C(NC1=C(C=CC=C1)C(=O)NC2CCCCNC2=O)C3=CC4=C(S3)C=CC=C4,null,null,null,null,null,SML0209,SIGMA,2021_LOPAC_01,null,null,ANA-12,null,4,null,null,null,9.095,0,null,null,null,null,null,null,null,null,null,0,null,null,9.569,0.473,10.488,null,null,null,null,null,null,null,null,null,null,TUSCYCAIGRVBMD,null,TRND,APVKmqHfirXyAMoZUX,null,null,null,null,null,null,null,null,null,null,null,null,null,0,4,null,null,null,173032,null,1,1,2025-06-17 15:37:36,null,null,null,null,null,null,null,364793879,activity,null,HTS,null,0.473,9.569,0.982,3.426,null,null,null,null,null,null,null,null,null,null,null,null,null,null,null,null,null,null,null,null,null,278940086
TRND-Glioblastoma_LOPAC_T98G-primary_screen2,NCGC00347064-08,activity,3.162278,-1.3,-93.538,-93.208,COC1=C2N=C(N=C(NCC3=CC=CC=C3)C2=CC=C1)N4C(N)=NC5=C4C=CC=C5,null,null,null,null,null,SML1071,SIGMA,2021_LOPAC_01,-5.5,null,ML240,null,-1.1,null,null,null,95.299,-94.538,4.955,0.081,0.996,null,null,null,null,null,null,-1,null,null,1.511,-93.788,-127.316,-118.583,null,null,null,null,null,null,null,null,null,NHAMBLRUUJAFOY,null,TRND,pKfIXSCUwwuamwhzTM,null,Valosin-containing protein (VCP) p97 / Transitional endoplasmic reticulum ATPase inhibitor,null,null,null,null,null,null,null,null,VCP,null,null,0,4,0,null,null,173032,0 0 0 0,1,1,2025-06-17 15:37:36,null,null,null,null,null,null,null,364792815,activity,null,HTS,3.236973,-4.968,1.511,-93.788,-93.208,null,null,null,null,null,null,null,null,null,null,null,null,null,null,null,null,null,null,null,null,null,278940087
TRND-Glioblastoma_LOPAC_T98G-primary_screen2,NCGC00015057-11,activity,null,4,9.337,0.265,CN1CCC2=C3C1CC4=C(C3=CC=C2)C(O)=C(O)C=C4,null,null,null,null,null,A4393,SIGMA,2021_LOPAC_01,null,null,Apomorphine hydrochloride hemihydrate,null,4,null,null,null,10.546,1.5,4.955,0.61,0.67,null,null,null,null,null,null,-7.837,null,null,0.265,-10.281,-37.263,-32.503,null,null,null,null,null,null,null,null,null,VMWNQDUVQKEIOC,null,TRND,QLVmScYLEFmNifIcRQ,null,null,null,null,HCL,null,null,null,null,[NO STEREO] 314-19-2,null,null,null,0,4,0,null,null,173032,0 0 0 0,1,1,2025-06-17 15:37:36,null,null,null,null,null,null,null,364794923,activity,null,HTS,null,-10.281,-3.788,-8.901,0.265,null,null,null,null,null,null,null,null,null,null,null,null,null,null,null,null,null,null,null,null,null,278940088
TRND-Glioblastoma_LOPAC_T98G-primary_screen2,NCGC00091231-31,activity,null,4,-12.53,-7.108,[H][C@@]1(C[C@@H]2CCN1C[C@@H]2C=C)[C@@H](O)C3=C4C=C(OC)C=CC4=NC=C3,null,null,null,null,null,Q0875,SIGMA,2021_LOPAC_01,null,null,Quinidine sulfate,null,4,null,null,null,15.282,-8.53,4.955,0.59,0.699,null,null,null,null,null,null,4,null,null,8.174,-7.108,3.322,12.996,null,null,null,null,null,null,null,null,null,LOUPRKONTZGTKE,null,TRND,EqEdHgnMQfKPzBKlAD,null,null,null,null,SULFURIC_ACID,null,null,null,null,6591-63-5,null,null,null,0,4,0,null,null,173032,0 0 0 0,1,1,2025-06-17 15:37:36,null,null,null,null,null,null,null,364793215,activity,null,HTS,null,-0.771,8.174,4.985,-7.108,null,null,null,null,null,null,null,null,null,null,null,null,null,null,null,null,null,null,null,null,null,278940089
TRND-Glioblastoma_LOPAC_T98G-primary_screen2,NCGC00690015-01,activity,19.952623,-3,-36.954,-33.295,[O-][S+](=O)(N1CCCN(CC1)C(=O)CCCC[C@@H]2CCSS2)C3=CC=CC4=C3C=CN=C4,null,null,null,null,null,SML2199,SIGMA,2021_LOPAC_01,-4.7,null,L-F001,null,-3,null,null,null,39.554,-35.954,4.955,0.425,0.869,null,null,null,null,null,null,1,null,null,6.259,-33.295,-32.497,-13.417,null,null,null,null,null,null,null,null,null,NWTRUKNNHUXONB,null,TRND,iKWrDeqzAPJnQcwUDH,null,null,null,null,null,null,null,null,null,null,null,null,null,0,4,0,null,null,173032,0 0 0 0,1,1,2025-06-17 15:37:36,null,null,null,null,null,null,null,364794323,activity,null,HTS,null,-8.289,5.2,6.259,-33.295,null,null,null,null,null,null,null,null,null,null,null,null,null,null,null,null,null,null,null,null,null,278940090
TRND-Glioblastoma_LOPAC_T98G-primary_screen2,NCGC00024887-08,activity,null,4,0,14.678,CC(=O)C(\C)=N\O,null,null,null,null,null,B0753,SIGMA,2021_LOPAC_01,null,null,"2,3-Butanedione monoxime",null,4,null,null,null,8.96,0,null,null,null,null,null,null,null,null,null,0,null,null,17.411,8.451,67.238,null,null,null,null,null,null,null,null,null,null,FSEUPUDHEBLWJY,null,TRND,gznPBdWTxrhHOLiFpR,null,null,null,null,null,null,null,null,null,[NO STEREO] 57-71-6,null,null,null,0,4,null,null,null,173032,null,1,1,2025-06-17 15:37:36,null,null,null,null,null,null,null,364790519,activity,null,HTS,null,14.934,17.411,8.451,14.678,null,null,null,null,null,null,null,null,null,null,null,null,null,null,null,null,null,null,null,null,null,278940091
TRND-Glioblastoma_LOPAC_T98G-primary_screen2,NCGC00015980-07,activity,null,4,0,-3.559,CCCCCCCCCC[Si](C)(C)CCC(=O)NC(CC1=CC=C(C)C=C1)C2=CC=CC=C2,null,null,null,null,null,S9318,SIGMA,2021_LOPAC_01,null,null,Sandoz 58-035,null,4,null,null,null,5.993,0,null,null,null,null,null,null,null,null,null,0,null,null,0.572,-5.421,-10.604,null,null,null,null,null,null,null,null,null,null,NBYATBIMYLFITE,null,TRND,WAbsvmpGpDuGyRmxNC,null,null,null,null,null,null,null,null,null,null,null,null,null,0,4,null,null,null,173032,null,1,1,2025-06-17 15:37:36,null,null,null,null,null,null,null,364793659,activity,null,HTS,null,-1.925,0.572,-5.421,-3.559,null,null,null,null,null,null,null,null,null,null,null,null,null,null,null,null,null,null,null,null,null,278940092
TRND-Glioblastoma_LOPAC_T98G-primary_screen2,NCGC00178860-13,activity,null,4,14.805,-11.147,CCN(CC)C(C)CN1c2ccccc2Sc3ccccc13,null,null,null,null,null,E5406,SIGMA,2021_LOPAC_01,null,null,Ethopropazine hydrochloride,null,4,null,null,null,15.6,4.5,4.095,1,1,null,null,null,null,null,null,-10.305,null,null,4.453,-11.147,-21.525,-21.332,null,null,null,null,null,null,null,null,null,CDOZDBSBBXSXLB,null,TRND,IvtJudEFuNgGRNhjpR,null,null,null,null,CL,null,null,null,null,1094-08-2,null,null,null,0,4,1,null,null,173032,0 0 0 1,1,1,2025-06-17 15:37:36,null,null,null,null,null,null,null,364795355,activity,null,HTS,null,-10.254,2.114,4.453,-11.147,null,null,null,null,null,null,null,null,null,null,null,null,null,null,null,null,null,null,null,null,null,278940603
TRND-Glioblastoma_LOPAC_T98G-primary_screen2,NCGC00487158-03,activity,null,4,0,8.383,CCOC(=O)CN1C(=O)C2=CC=C3C(=O)N(CC(=O)OCC)C(=O)C4=C3C2=C(C=C4)C1=O,null,null,null,null,null,B7688,SIGMA,2021_LOPAC_01,null,null,Tyrphostin AG 538,null,4,null,null,null,15.909,0,null,null,null,null,null,null,null,null,null,0,null,null,16.114,0.204,56.081,null,null,null,null,null,null,null,null,null,null,WNKQGFNIIHNGQM,null,TRND,JyqFbUZGUDwjwCRBse,null,null,null,null,null,null,null,null,null,null,null,null,null,0,4,null,null,null,173032,null,1,1,2025-06-17 15:37:36,null,null,null,null,null,null,null,364794855,activity,null,HTS,null,16.114,0.204,9.744,8.383,null,null,null,null,null,null,null,null,null,null,null,null,null,null,null,null,null,null,null,null,null,278940604
TRND-Glioblastoma_LOPAC_T98G-primary_screen2,NCGC00162380-10,activity,2.818383,-1.2,-28.541,-31.296,NC1=NC=NC2=C1C(NC3=CC=C(F)C=C3)=NN2,null,null,null,null,null,C0993,SIGMA,2021_LOPAC_01,-5.55,null,Wiskostatin,null,-1.4,null,null,null,27.951,-31.555,2.303,0.021,1,null,null,null,null,null,null,-3.014,null,null,-3.345,-31.296,-50.766,-50.012,null,null,null,null,null,null,null,null,null,UQPMANVRZYYQMD,null,TRND,JufXVhKvgBNtjufFUj,null,null,null,null,null,null,null,null,null,null,null,null,null,0,4,0,null,null,173032,0 0 0 0,1,1,2025-06-17 15:37:36,null,null,null,null,null,null,null,364794135,activity,null,HTS,null,-3.345,-7.378,-28.422,-31.296,null,null,null,null,null,null,null,null,null,null,null,null,null,null,null,null,null,null,null,null,null,278940605
TRND-Glioblastoma_LOPAC_T98G-primary_screen2,NCGC00142615-29,activity,null,4,0,3.031,CNC[C@H](O)C1=CC=C(O)C(O)=C1,null,null,null,null,null,E4375,SIGMA,2021_LOPAC_01,null,null,(-)-Epinephrine bitartrate,null,4,null,null,null,2.784,0,null,null,null,null,null,null,null,null,null,0,null,null,4.127,1.343,15.408,null,null,null,null,null,null,null,null,null,null,UCTWMZQNUQWSLP,null,TRND,XlLWpCVRFTHgeLAqFq,null,Alpha-1A Adrenergic Receptor agonist,null,null,TARTRATE,null,null,null,null,51-43-4,ADRA1A,null,null,0,4,null,null,null,173032,null,1,1,2025-06-17 15:37:36,null,null,null,null,null,null,null,364791987,activity,null,HTS,null,4.127,1.343,2.035,3.031,null,null,null,null,null,null,null,null,null,null,null,null,null,null,null,null,null,null,null,null,null,278940606
TRND-Glioblastoma_LOPAC_T98G-primary_screen2,NCGC00015951-14,activity,null,4,0,-7.678,C\N=C1\SN(C(=N1)C2=CC=CC=C2)C3=CC=CC=C3,null,null,null,null,null,S4063,SIGMA,2021_LOPAC_01,null,null,SCH-202676 hydrobromide,null,4,null,null,null,8.783,0,null,null,null,null,null,null,null,null,null,0,null,null,1.105,-7.678,-4.185,null,null,null,null,null,null,null,null,null,null,FFUBTEITUNMMOK,null,TRND,ySNvAiShicauPJVJbq,null,null,null,null,BR,null,null,null,null,null,null,null,null,0,4,null,null,null,173032,null,1,1,2025-06-17 15:37:36,null,null,null,null,null,null,null,364792571,activity,null,HTS,null,1.105,-1.188,-3.412,-7.678,null,null,null,null,null,null,null,null,null,null,null,null,null,null,null,null,null,null,null,null,null,278940607
TRND-Glioblastoma_LOPAC_T98G-primary_screen2,NCGC00024486-09,activity,null,4,-11.5,7.771,N[C@@H]([C@H](O)C(O)=O)C(O)=O,null,null,null,null,null,H2775,SIGMA,2021_LOPAC_01,null,null,DL-threo-beta-hydroxyaspartic acid,null,4,null,null,null,11.007,-1,4.955,1,0.907,null,null,null,null,null,null,10.5,null,null,12.141,1.133,34.029,36.811,null,null,null,null,null,null,null,null,null,YYLQUHNPNCGKJQ,null,TRND,pcdSiftHgIuqupxOeW,null,null,null,null,null,null,null,null,null,7298-99-9,null,null,null,0,4,1,null,null,173032,0 0 0 1,1,1,2025-06-17 15:37:36,null,null,null,null,null,null,null,364790747,activity,null,HTS,null,8.704,12.141,1.133,7.771,null,null,null,null,null,null,null,null,null,null,null,null,null,null,null,null,null,null,null,null,null,278940608
TRND-Glioblastoma_LOPAC_T98G-primary_screen2,NCGC00095191-18,activity,null,4,0,-3.746,CCOC(=O)C1=C[C@@H](OC(CC)CC)[C@H](NC(C)=O)[C@@H](N)C1,null,null,null,null,null,SML1606,SIGMA,2021_LOPAC_01,null,null,Oseltamivir phosphate,null,4,null,null,null,10.455,0,null,null,null,null,null,null,null,null,null,0,null,null,4.018,-6.438,-21.522,null,null,null,null,null,null,null,null,null,null,VSZGPKBBMSAYNT,null,TRND,bdergbrkyiTvfYNHhq,null,null,null,null,PHOSPHORIC_ACID,null,null,null,null,null,null,null,null,0,4,null,null,null,173032,null,1,1,2025-06-17 15:37:36,null,null,null,null,null,null,null,364794515,activity,null,HTS,null,-6.438,4.018,-6.429,-3.746,null,null,null,null,null,null,null,null,null,null,null,null,null,null,null,null,null,null,null,null,null,278940609
TRND-Glioblastoma_LOPAC_T98G-primary_screen2,NCGC00015067-28,activity,null,4,0,-0.267,CC(=O)OC1=C(C=CC=C1)C(O)=O,null,null,null,null,null,A5376,SIGMA,2021_LOPAC_01,null,null,Acetylsalicylic acid,null,4,null,null,null,9.167,0,null,null,null,null,null,null,null,null,null,0,null,null,8.9,-0.267,32.818,null,null,null,null,null,null,null,null,null,null,BSYNRYMUTXBXSQ,null,TRND,PtUciJEeBoelWkcMGZ,null,null,null,null,null,null,null,null,null,50-78-2,null,null,null,0,4,null,null,null,173032,null,1,1,2025-06-17 15:37:36,null,null,null,null,null,null,null,364792399,activity,null,HTS,null,8.9,5.11,6.703,-0.267,null,null,null,null,null,null,null,null,null,null,null,null,null,null,null,null,null,null,null,null,null,278940610
TRND-Glioblastoma_LOPAC_T98G-primary_screen2,NCGC00015817-31,activity,null,4,-10.24,-8.534,CC(CN1C2=C(SC3=C1C=CC=C3)C=CC=C2)N(C)C,null,null,null,null,null,P4651,SIGMA,2021_LOPAC_01,null,null,Promethazine hydrochloride,null,4,null,null,null,15.505,-8.74,4.955,0.669,0.558,null,null,null,null,null,null,1.5,null,null,6.972,-8.534,-14.772,-3.35,null,null,null,null,null,null,null,null,null,PWWVAXIEGOYWEE,null,TRND,QvUmDEYMiAfBZsvANX,null,null,null,null,CL,null,null,null,null,58-33-3,null,null,null,0,4,0,null,null,173032,0 0 0 0,1,1,2025-06-17 15:37:36,null,null,null,null,null,null,null,364791623,activity,null,HTS,null,-4.074,6.972,-5.506,-8.534,null,null,null,null,null,null,null,null,null,null,null,null,null,null,null,null,null,null,null,null,null,278940611
TRND-Glioblastoma_LOPAC_T98G-primary_screen2,NCGC00161602-26,activity,null,4,-35.63,-24.275,[H][C@@]12[C@@H](C)C3=CC=CC(O)=C3C(=O)C1=C(O)[C@]4(O)C(=O)C(C(N)=O)=C(O)[C@@H](N(C)C)[C@]4([H])[C@H]2O,null,null,null,null,null,D9891,SIGMA,2021_LOPAC_01,null,null,Doxycycline hydrochloride,null,4,null,null,null,38.315,-25.63,2.253,0.272,0.951,null,null,null,null,null,null,10,null,null,14.04,-24.275,9.758,18.451,null,null,null,null,null,null,null,null,null,JBIWCJUYHHGXTC,null,TRND,kIMZJIthEKyANltJkV,null,Antibiotic,null,null,HYCLATE,null,null,null,null,24390-14-5,mir-96,null,null,0,4,0,null,null,173032,0 0 0 0,1,1,2025-06-17 15:37:36,null,null,null,null,null,null,null,364790443,activity,null,HTS,null,5.72,14.04,-4.526,-24.275,null,null,null,null,null,null,null,null,null,null,null,null,null,null,null,null,null,null,null,null,null,278940612
TRND-Glioblastoma_LOPAC_T98G-primary_screen2,NCGC00384183-08,activity,12.589254,-3,-61.652,-47.21,CCOC(=O)C1=CC=C(C=C1)C2=CC=C(OC(=O)N(C)CC3=CC=CC(=C3)C4=CC=NC=C4)C=C2,null,null,null,null,null,SML1179,SIGMA,2021_LOPAC_01,-4.9,null,WWL113,null,-3,null,null,null,55.666,-55.652,1.858,0.099,0.994,null,null,null,null,null,null,6,null,null,8.456,-47.21,-5.16,-10.564,null,null,null,null,null,null,null,null,null,AKIIPHDGVCFVCC,null,TRND,fYbrtrnJyLqNVelNYV,null,null,null,null,null,null,null,null,null,null,null,null,null,0,4,0,null,null,173032,0 0 0 0,1,1,2025-06-17 15:37:36,null,null,null,null,null,null,null,364791407,activity,null,HTS,33.3,8.456,2.819,-8.264,-47.21,null,null,null,null,null,null,null,null,null,null,null,null,null,null,null,null,null,null,null,null,null,278940613
TRND-Glioblastoma_LOPAC_T98G-primary_screen2,NCGC00162358-16,activity,19.952623,-3,-55.77,-51.639,N[S+]([O-])(=O)C#CC1=CC=CC=C1,null,null,null,null,null,P0122,SIGMA,2021_LOPAC_01,-4.7,null,Pifithrin-mu,null,-3,null,null,null,52.756,-55.77,4.955,0.077,0.996,null,null,null,null,null,null,0,null,null,1.117,-51.639,-32.648,-27.34,null,null,null,null,null,null,null,null,null,ZROKVBGRTWQREO,null,TRND,TQczFTpoKWpjgSdDRy,null,null,null,null,null,null,null,null,null,null,null,null,null,0,4,0,null,null,173032,0 0 0 0,1,1,2025-06-17 15:37:36,null,null,null,null,null,null,null,364793551,activity,null,HTS,30.851075,-2.36,1.117,0.379,-51.639,null,null,null,null,null,null,null,null,null,null,null,null,null,null,null,null,null,null,null,null,null,278940614
TRND-Glioblastoma_LOPAC_T98G-primary_screen2,NCGC00016431-12,activity,null,4,0,3.348,CC(=O)OC1=C(C=CC(=C1)C(F)(F)F)C(O)=O,null,null,null,null,null,T6580,SIGMA,2021_LOPAC_01,null,null,Triflusal,null,4,null,null,null,3.767,0,null,null,null,null,null,null,null,null,null,0,null,null,3.348,-0.419,11.687,null,null,null,null,null,null,null,null,null,null,RMWVZGDJPAKBDE,null,TRND,DwMMueUZrFPUTdPoLe,null,null,null,null,null,null,null,null,null,322-79-2,null,null,null,0,4,null,null,null,173032,null,1,1,2025-06-17 15:37:36,null,null,null,null,null,null,null,364793791,activity,null,HTS,null,3.149,-0.419,2.115,3.348,null,null,null,null,null,null,null,null,null,null,null,null,null,null,null,null,null,null,null,null,null,278940615
TRND-Glioblastoma_LOPAC_T98G-primary_screen2,NCGC00015916-10,activity,null,4,0,5.369,CCN(CC)CCOC(=O)C1=CC(Cl)=C(N)C=C1OC,null,null,null,null,null,S174,SIGMA,2021_LOPAC_01,null,null,"SDZ-205,557 hydrochloride",null,4,null,null,null,8.054,0,null,null,null,null,null,null,null,null,null,0,null,null,5.369,-2.685,14.257,null,null,null,null,null,null,null,null,null,null,FFNWMBDISAYHDC,null,TRND,VzeljScsARfwbDaJgZ,null,null,null,null,CL,null,null,null,null,null,null,null,null,0,4,null,null,null,173032,null,1,1,2025-06-17 15:37:36,null,null,null,null,null,null,null,364792803,activity,null,HTS,null,4.325,1.874,-2.685,5.369,null,null,null,null,null,null,null,null,null,null,null,null,null,null,null,null,null,null,null,null,null,278940616
TRND-Glioblastoma_LOPAC_T98G-primary_screen2,NCGC00025079-10,activity,null,4,30.369,15.834,N[C@@H](CC1=CC(=CC(CP(O)(O)=O)=C1)C2=CC=CC=C2Cl)C(O)=O,null,null,null,null,null,SML0598,SIGMA,2021_LOPAC_01,null,null,SDZ 220-581 hydrochloride,null,4,null,null,null,21.974,20,0.7,0.148,0.986,null,null,null,null,null,null,-10.369,null,null,15.834,-6.14,-3.417,-3.638,null,null,null,null,null,null,null,null,null,VBRJFXSFCYEZMQ,null,TRND,qSRlPvaVoovcCZmIFK,null,null,null,null,CL,null,null,null,null,null,null,null,null,0,4,0,null,null,173032,0 0 0 0,1,1,2025-06-17 15:37:36,null,null,null,null,null,null,null,364790871,activity,null,HTS,null,-6.14,0.716,6.864,15.834,null,null,null,null,null,null,null,null,null,null,null,null,null,null,null,null,null,null,null,null,null,278940617
TRND-Glioblastoma_LOPAC_T98G-primary_screen2,NCGC00024491-13,activity,null,4,11.939,-1.8,[O-][N+](=O)C1=C(C=C2NC(=O)C(=O)NC2=C1)C#N,null,null,null,null,null,C239,SIGMA,2021_LOPAC_01,null,null,CNQx disodium,null,4,null,null,null,15.704,1.5,4.955,0.722,0.423,null,null,null,null,null,null,-10.439,null,null,8.671,-7.033,-15.959,-16.09,null,null,null,null,null,null,null,null,null,RPXVIAFEQBNEAX,null,TRND,xXAWBwBAXsqUlCQyYy,null,null,null,null,SODIUM,null,null,null,null,115066-14-3,null,null,null,0,4,0,null,null,173032,0 0 0 0,1,1,2025-06-17 15:37:36,null,null,null,null,null,null,null,364794255,activity,null,HTS,null,-7.033,8.671,-2.224,-1.8,null,null,null,null,null,null,null,null,null,null,null,null,null,null,null,null,null,null,null,null,null,278940618
TRND-Glioblastoma_LOPAC_T98G-primary_screen2,NCGC00487314-03,activity,null,4,0,-2.641,CC1=CC(NC2=CC=CC=C2C(O)=O)=CC=C1,null,null,null,null,null,SML0658,SIGMA,2021_LOPAC_01,null,null,3-MFA,null,4,null,null,null,9.728,0,null,null,null,null,null,null,null,null,null,0,null,null,7.087,-2.641,6.56,null,null,null,null,null,null,null,null,null,null,JODCQKTVDXZQEP,null,TRND,sTdCZoHCUAKszZuWRn,null,null,null,null,null,null,null,null,null,null,null,null,null,0,4,null,null,null,173032,null,1,1,2025-06-17 15:37:36,null,null,null,null,null,null,null,364793779,activity,null,HTS,null,-0.599,6.658,7.087,-2.641,null,null,null,null,null,null,null,null,null,null,null,null,null,null,null,null,null,null,null,null,null,278940619
TRND-Glioblastoma_LOPAC_T98G-primary_screen2,NCGC00162299-05,activity,null,4,0,6.579,CC(=O)[C@H]1CCC2C3CC=C4C[C@H](CC[C@]4(C)C3CC[C@]12C)OS([O-])(=O)=O,null,null,null,null,null,P162,SIGMA,2021_LOPAC_01,null,null,Pregnenolone sulfate sodium,null,4,null,null,null,3.837,0,null,null,null,null,null,null,null,null,null,0,null,null,10.416,6.579,43.965,null,null,null,null,null,null,null,null,null,null,DIJBBUIOWGGQOP,null,TRND,luqnRujitewQvCNTEX,null,null,null,null,SODIUM,null,null,null,null,null,null,null,null,0,4,null,null,null,173032,null,1,1,2025-06-17 15:37:36,null,null,null,null,null,null,null,364790643,activity,null,HTS,null,10.416,9.162,7.432,6.579,null,null,null,null,null,null,null,null,null,null,null,null,null,null,null,null,null,null,null,null,null,278940620
TRND-Glioblastoma_LOPAC_T98G-primary_screen2,NCGC00178711-09,activity,null,4,-18.215,-10.179,CO\N=C\1CN(CC1CN)C2=C(F)C=C3C(=O)C(=C/N(C4CC4)C3=N2)\C(O)=O,null,null,null,null,null,SML1625,SIGMA,2021_LOPAC_01,null,null,Gemifloxacin mesylate,null,4,null,null,null,17.165,-11.215,2.188,0.045,0.999,null,null,null,null,null,null,7,null,null,6.986,-10.179,18.955,20.071,null,null,null,null,null,null,null,null,null,ZRCVYEYHRGVLOC,null,TRND,yQqGyxviGEJKnpUcUQ,null,null,null,null,SULFONICACID_V1,null,null,null,null,210353-53-0,null,null,null,0,4,0,null,null,173032,0 0 0 0,1,1,2025-06-17 15:37:36,null,null,null,null,null,null,null,364791279,activity,null,HTS,null,6.59,6.986,1.625,-10.179,null,null,null,null,null,null,null,null,null,null,null,null,null,null,null,null,null,null,null,null,null,278940621
TRND-Glioblastoma_LOPAC_T98G-primary_screen2,NCGC00023016-13,activity,null,4,11.849,7.938,CO[C@]1(NC(=O)CSCC#N)[C@H]2SCC(CSC3=NN=NN3C)=C(N2C1=O)C([O-])=O,null,null,null,null,null,C6048,SIGMA,2021_LOPAC_01,null,null,Cefmetazole sodium,null,4,null,null,null,11.916,8.5,2.902,0.086,0.995,null,null,null,null,null,null,-3.349,null,null,8.709,-3.208,4.688,5.202,null,null,null,null,null,null,null,null,null,SNBUBQHDYVFSQF,null,TRND,CXevQWrXmBwBdXQUtv,null,null,null,null,SODIUM,null,null,null,null,56796-39-5,null,null,null,0,4,0,null,null,173032,0 0 0 0,1,1,2025-06-17 15:37:36,null,null,null,null,null,null,null,364792055,activity,null,HTS,null,-3.208,4.762,8.709,7.938,null,null,null,null,null,null,null,null,null,null,null,null,null,null,null,null,null,null,null,null,null,278940622
TRND-Glioblastoma_LOPAC_T98G-primary_screen2,NCGC00024309-32,activity,null,4,0,3.571,COC1=CC=C(C=C1)[C@@H]2SC3=CC=CC=C3N(CCN(C)C)C(=O)[C@@H]2OC(C)=O,null,null,null,null,null,D2521,SIGMA,2021_LOPAC_01,null,null,Diltiazem hydrochloride,null,4,null,null,null,6.603,0,null,null,null,null,null,null,null,null,null,0,null,null,9.873,3.27,30.881,null,null,null,null,null,null,null,null,null,null,HSUGRBWQSSZJOP,null,TRND,vrtScaCGbjqjCHsHaZ,null,L-Type Calcium Channel Blocker,null,null,CL,null,null,null,null,33286-22-5,CACNA1S,null,null,0,4,null,null,null,173032,null,1,1,2025-06-17 15:37:36,null,null,null,null,null,null,null,364790467,activity,null,HTS,null,7.141,9.873,3.27,3.571,null,null,null,null,null,null,null,null,null,null,null,null,null,null,null,null,null,null,null,null,null,278940623
TRND-Glioblastoma_LOPAC_T98G-primary_screen2,NCGC00015254-36,activity,null,4,-20.398,-13.665,CN1CCN(CC1)C2=NC3=C(NC4=C2C=CC=C4)C=CC(Cl)=C3,null,null,null,null,null,C6305,SIGMA,2021_LOPAC_01,null,null,Clozapine,null,4,null,null,null,20.036,-14.898,1.967,0.174,0.981,null,null,null,null,null,null,5.5,null,null,6.371,-13.665,6.269,9.324,null,null,null,null,null,null,null,null,null,QZUDBNBUXVUHMW,null,TRND,KqFYoadKgTmhYnSKIe,null,null,null,null,null,null,null,null,null,5786-21-0,null,null,null,0,4,0,null,null,173032,0 0 0 0,1,1,2025-06-17 15:37:36,null,null,null,null,null,null,null,364792695,activity,null,HTS,null,3.926,6.371,-2.709,-13.665,null,null,null,null,null,null,null,null,null,null,null,null,null,null,null,null,null,null,null,null,null,278940624
TRND-Glioblastoma_LOPAC_T98G-primary_screen2,NCGC00162185-06,activity,null,4,-8.893,-2.828,CN1CC[C@]2(C)C1N(C)C3=C2C=C(O)C=C3,null,null,null,null,null,E100,SIGMA,2021_LOPAC_01,null,null,(-)-Eseroline fumarate,null,4,null,null,null,11.814,-4.393,4.955,0.715,0.444,null,null,null,null,null,null,4.5,null,null,8.986,-2.828,5.811,17.389,null,null,null,null,null,null,null,null,null,HKGWQUVGHPDEBZ,null,TRND,ADaNYCoCbVoaYFRMeH,null,null,null,null,FUMARIC_ACID,null,null,null,null,null,null,null,null,0,4,0,null,null,173032,0 0 0 0,1,1,2025-06-17 15:37:36,null,null,null,null,null,null,null,364795199,activity,null,HTS,null,-0.921,5.108,8.986,-2.828,null,null,null,null,null,null,null,null,null,null,null,null,null,null,null,null,null,null,null,null,null,278940625
TRND-Glioblastoma_LOPAC_T98G-primary_screen2,NCGC00370854-04,activity,null,4,13.599,-0.529,COC1=C(C=C(Br)C=C1)[S+]([O-])(=O)NC(=O)\C=C\C2=CC=CC=C2CC3=CC4=CC=CC=C4C=C3,null,null,null,null,null,L4545,SIGMA,2021_LOPAC_01,null,null,L-798106,null,4,null,null,null,13.678,6.5,4.955,1,0.837,null,null,null,null,null,null,-7.099,null,null,9.429,-4.249,-0.449,0.203,null,null,null,null,null,null,null,null,null,QEDHZDKARXPSKM,null,TRND,WHvUybxApGqovTVtPv,null,null,null,null,null,null,null,null,null,null,null,null,null,0,4,1,null,null,173032,0 0 0 1,1,1,2025-06-17 15:37:36,null,null,null,null,null,null,null,364792679,activity,null,HTS,null,-4.249,9.429,3.881,-0.529,null,null,null,null,null,null,null,null,null,null,null,null,null,null,null,null,null,null,null,null,null,278940626
TRND-Glioblastoma_LOPAC_T98G-primary_screen2,NCGC00182704-10,activity,null,4,21.758,-8.074,ClC1=CC(Cl)=C(C=C1)[C@@H]2CS\C(S2)=C(\C#N)N3C=CN=C3,null,null,null,null,null,SML1595,SIGMA,2021_LOPAC_01,null,null,Luliconazole,null,4,null,null,null,22.291,2,4.955,1,0.619,null,null,null,null,null,null,-19.758,null,null,9.159,-13.132,-35.863,-32.77,null,null,null,null,null,null,null,null,null,YTAOBBFIOAEMLL,null,TRND,qSXJTVfVmvsaMNFxpc,null,null,null,null,null,null,null,null,null,187164-19-8,null,null,null,0,4,1,null,null,173032,0 0 0 1,1,1,2025-06-17 15:37:36,null,null,null,null,null,null,null,364793803,activity,null,HTS,null,-13.132,9.159,-4.751,-8.074,null,null,null,null,null,null,null,null,null,null,null,null,null,null,null,null,null,null,null,null,null,278940627
TRND-Glioblastoma_LOPAC_T98G-primary_screen2,NCGC00015997-21,activity,null,4,-12.959,-6.633,NCC[S+](O)([O-])=O,null,null,null,null,null,T0625,SIGMA,2021_LOPAC_01,null,null,Taurine,null,4,null,null,null,15.788,-7.959,4.955,0.589,0.7,null,null,null,null,null,null,5,null,null,9.156,-6.633,6.711,17.496,null,null,null,null,null,null,null,null,null,HYLQXTLZCLYTGA,null,TRND,VWXreUIxWZhEtYFjlD,null,Antioxidant,null,null,null,null,null,null,null,107-35-7,CAT,null,null,0,4,0,null,null,173032,0 0 0 0,1,1,2025-06-17 15:37:36,null,null,null,null,null,null,null,364791539,activity,null,HTS,null,0.02,5.352,9.156,-6.633,null,null,null,null,null,null,null,null,null,null,null,null,null,null,null,null,null,null,null,null,null,278940628
TRND-Glioblastoma_LOPAC_T98G-primary_screen2,NCGC00015036-34,activity,null,4,-13.5,19.505,NC12CC3CC(CC(C3)C1)C2,null,null,null,null,null,A1260,SIGMA,2021_LOPAC_01,null,null,Amantadine hydrochloride,null,4,null,null,null,18.82,2,4.955,1,0.755,null,null,null,null,null,null,15.5,null,null,19.505,0.685,47.285,42.339,null,null,null,null,null,null,null,null,null,DKNWSYNQZKUICI,null,TRND,jrTYTfrcVeoHZNAseZ,null,Dopamine Receptor D3 agonist,null,null,CL,null,null,null,null,665-66-7,DRD3,null,null,0,4,1,null,null,173032,0 0 0 1,1,1,2025-06-17 15:37:36,null,null,null,null,null,null,null,364790415,activity,null,HTS,null,13.997,0.685,6.5,19.505,null,null,null,null,null,null,null,null,null,null,null,null,null,null,null,null,null,null,null,null,null,278940629
TRND-Glioblastoma_LOPAC_T98G-primary_screen2,NCGC00242054-19,activity,null,4,-15.648,-5.931,CC1=NC(=CC=C1)C2=NNC=C2C3=NC4=C(C=C3)N=CC=C4,null,null,null,null,null,R0158,SIGMA,2021_LOPAC_01,null,null,RepSox,null,4,null,null,null,14.088,-6.648,4.955,0.208,0.973,null,null,null,null,null,null,9,null,null,6.048,-8.04,4.047,3.674,null,null,null,null,null,null,null,null,null,LBPKYPYHDKKRFS,null,TRND,GyrusXTMsyMEQFCMNn,null,TGF-beta receptor type-1 inhibitor,null,null,null,null,null,null,null,null,TGFBR1,null,null,0,4,0,null,null,173032,0 0 0 0,1,1,2025-06-17 15:37:36,null,null,null,null,null,null,null,364794687,activity,null,HTS,null,6.048,-8.04,-5.724,-5.931,null,null,null,null,null,null,null,null,null,null,null,null,null,null,null,null,null,null,null,null,null,278940630
TRND-Glioblastoma_LOPAC_T98G-primary_screen2,NCGC00015966-17,activity,null,4,-15,1.336,CCN1CCCC1CNC(=O)C2=C(OC)C=CC(=C2)[S+](N)([O-])=O,null,null,null,null,null,S8010,SIGMA,2021_LOPAC_01,null,null,(±)-Sulpiride,null,4,null,null,null,15.765,-0.5,4.955,0.533,0.772,null,null,null,null,null,null,14.5,null,null,17.101,1.336,66.191,61.191,null,null,null,null,null,null,null,null,null,LZSXQDDPWUOGTJ,null,TRND,cCiXecKJAJIojgUTUc,null,null,null,null,null,null,null,null,null,15676-16-1,null,null,null,0,4,0,null,null,173032,0 0 0 0,1,1,2025-06-17 15:37:36,null,null,null,null,null,null,null,364790683,activity,null,HTS,null,16.916,9.424,17.101,1.336,null,null,null,null,null,null,null,null,null,null,null,null,null,null,null,null,null,null,null,null,null,278940631
TRND-Glioblastoma_LOPAC_T98G-primary_screen2,NCGC00162310-05,activity,null,4,14.912,13.165,[H][C@]1(CCCN(CCC)C1)C2=CC=CC(O)=C2,null,null,null,null,null,P103,SIGMA,2021_LOPAC_01,null,null,S(-)-3PPP hydrochloride,null,4,null,null,null,13.925,15,4.955,0.136,0.988,null,null,null,null,null,null,0.088,null,null,13.165,-0.76,8.292,7.316,null,null,null,null,null,null,null,null,null,HTSNFXAICLXZMA,null,TRND,JknsAYOoTjbdbxWSqj,null,null,null,null,CL,null,null,null,null,89874-80-6,null,null,null,0,4,0,null,null,173032,0 0 0 0,1,1,2025-06-17 15:37:36,null,null,null,null,null,null,null,364792531,activity,null,HTS,null,0.795,-0.434,-0.76,13.165,null,null,null,null,null,null,null,null,null,null,null,null,null,null,null,null,null,null,null,null,null,278940632
TRND-Glioblastoma_LOPAC_T98G-primary_screen2,NCGC00014992-15,activity,null,4,-12.287,-10.656,OC(=O)C1CCCNC1,null,null,null,null,null,211672,SIGMA,2021_LOPAC_01,null,null,(±)-Nipecotic acid,null,4,null,null,null,14.316,-11.787,4.955,0.475,0.83,null,null,null,null,null,null,0.5,null,null,3.66,-10.656,-5.4,-3.339,null,null,null,null,null,null,null,null,null,XJLSEXAGTJCILF,null,TRND,OpBQWQpaTdaQxEvyWc,null,null,null,null,null,null,null,null,null,498-95-3,null,null,null,0,4,0,null,null,173032,0 0 0 0,1,1,2025-06-17 15:37:36,null,null,null,null,null,null,null,364793087,activity,null,HTS,null,-0.27,-2.301,3.66,-10.656,null,null,null,null,null,null,null,null,null,null,null,null,null,null,null,null,null,null,null,null,null,278940633
TRND-Glioblastoma_LOPAC_T98G-primary_screen2,NCGC00015675-25,activity,null,4,12,5.472,CC1=C(C=C(C#N)C(=O)N1)C2=CC=NC=C2,null,null,null,null,null,M4659,SIGMA,2021_LOPAC_01,null,null,Milrinone,null,4,null,null,null,12.215,11,4.955,1,0.861,null,null,null,null,null,null,-1,null,null,13.417,1.202,23.5,24.915,null,null,null,null,null,null,null,null,null,PZRHRDRVRGEVNW,null,TRND,gPtkghynqWAXfmaYHp,null,null,null,null,null,null,null,null,null,78415-72-2,null,null,null,0,4,1,null,null,173032,0 0 0 1,1,1,2025-06-17 15:37:36,null,null,null,null,null,null,null,364791271,activity,null,HTS,null,1.202,13.417,8.808,5.472,null,null,null,null,null,null,null,null,null,null,null,null,null,null,null,null,null,null,null,null,null,278940634
TRND-Glioblastoma_LOPAC_T98G-primary_screen2,NCGC00015479-40,activity,null,4,-17.926,-17.438,OC1=CC=C(C=C1)C2=COC3=C(C(O)=CC(O)=C3)C2=O,null,null,null,null,null,G6649,SIGMA,2021_LOPAC_01,null,null,Genistein,null,4,null,null,null,17.852,-17.926,2.847,0.045,0.999,null,null,null,null,null,null,0,null,null,0.414,-17.438,-12.21,-12.175,null,null,null,null,null,null,null,null,null,TZBJGXHYKVUXJN,null,TRND,ViUQTykxoqrSXarqIZ,null,Short transient receptor potential channel 5 agonist,null,null,null,null,null,null,null,446-72-0,TRPC5,null,null,0,4,0,null,null,173032,0 0 0 0,1,1,2025-06-17 15:37:36,null,null,null,null,null,null,null,364792755,activity,null,HTS,null,-0.075,0.414,-4.466,-17.438,null,null,null,null,null,null,null,null,null,null,null,null,null,null,null,null,null,null,null,null,null,278940635
TRND-Glioblastoma_LOPAC_T98G-primary_screen2,NCGC00015368-23,activity,null,4,-5.671,-1.093,CCN(CC)CCOC(=O)C1(CCCCC1)C2CCCCC2,null,null,null,null,null,D7909,SIGMA,2021_LOPAC_01,null,null,Dicyclomine hydrochloride,null,4,null,null,null,10.482,-1.671,4.955,0.721,0.427,null,null,null,null,null,null,4,null,null,8.673,-1.809,3.066,12.118,null,null,null,null,null,null,null,null,null,CURUTKGFNZGFSE,null,TRND,chUobSGXunkHSRFgrM,null,null,null,null,CL,null,null,null,null,67-92-5,null,null,null,0,4,0,null,null,173032,0 0 0 0,1,1,2025-06-17 15:37:36,null,null,null,null,null,null,null,364792315,activity,null,HTS,null,-0.416,8.673,-1.809,-1.093,null,null,null,null,null,null,null,null,null,null,null,null,null,null,null,null,null,null,null,null,null,278940636
TRND-Glioblastoma_LOPAC_T98G-primary_screen2,NCGC00162385-12,activity,null,4,-8.866,-5.004,CC1=C(C=C(C#N)C(=O)N1)C2=CN3C=CN=C3C=C2,null,null,null,null,null,O7389,SIGMA,2021_LOPAC_01,null,null,Olprinone hydrochloride,null,4,null,null,null,11.951,-7.866,4.955,0.511,0.796,null,null,null,null,null,null,1,null,null,1.229,-10.722,-7.761,-7.992,null,null,null,null,null,null,null,null,null,JPAWFIIYTJQOKW,null,TRND,gdfwqewRPteWzuMRHj,null,null,null,null,HCL,null,null,null,null,119615-63-3,null,null,null,0,4,0,null,null,173032,0 0 0 0,1,1,2025-06-17 15:37:36,null,null,null,null,null,null,null,364794839,activity,null,HTS,null,1.229,-1.494,-10.722,-5.004,null,null,null,null,null,null,null,null,null,null,null,null,null,null,null,null,null,null,null,null,null,278941012
TRND-Glioblastoma_LOPAC_T98G-primary_screen2,NCGC00015982-18,activity,null,4,12.6,8.597,OC1=NOC2=C1CCNC2,null,null,null,null,null,T101,SIGMA,2021_LOPAC_01,null,null,THIP hydrochloride,null,4,null,null,null,12.431,8.5,3.297,0.016,1,null,null,null,null,null,null,-4.1,null,null,8.597,-3.834,3.964,3.75,null,null,null,null,null,null,null,null,null,ZXRVKCBLGJOCEE,null,TRND,COKljGCRsvbTOkwWhw,null,null,null,null,CL,null,null,null,null,85118-33-8,null,null,null,0,4,0,null,null,173032,0 0 0 0,1,1,2025-06-17 15:37:36,null,null,null,null,null,null,null,364792811,activity,null,HTS,null,-3.834,5.873,8.551,8.597,null,null,null,null,null,null,null,null,null,null,null,null,null,null,null,null,null,null,null,null,null,278941013
TRND-Glioblastoma_LOPAC_T98G-primary_screen2,NCGC00023997-11,activity,null,4,-8,6.764,C[C@H]1C[C@H]2[C@@H]3CCC4=CC(=O)C=C[C@]4(C)[C@@]3(Cl)[C@@H](O)C[C@]2(C)[C@@]1(O)C(=O)CO,null,null,null,null,null,B0385,SIGMA,2021_LOPAC_01,null,null,Beclomethasone,null,4,null,null,null,10.815,6.5,3.132,0.585,0.708,null,null,null,null,null,null,14.5,null,null,17.579,6.764,57.246,62.786,null,null,null,null,null,null,null,null,null,NBMKJKDGKREAPL,null,TRND,dGBTFTYaJzGbsvsIPN,null,null,null,null,null,null,null,null,null,4419-39-0,null,null,null,0,4,0,null,null,173032,0 0 0 0,1,1,2025-06-17 15:37:36,null,null,null,null,null,null,null,364794979,activity,null,HTS,null,11.675,17.579,12.88,6.764,null,null,null,null,null,null,null,null,null,null,null,null,null,null,null,null,null,null,null,null,null,278941014
TRND-Glioblastoma_LOPAC_T98G-primary_screen2,NCGC00015200-12,activity,null,4,0,-1.133,O=C(N1CCCCC1)C2=CC3=C(OCCO3)C=C2,null,null,null,null,null,C271,SIGMA,2021_LOPAC_01,null,null,Cx 546,null,4,null,null,null,9.441,0,null,null,null,null,null,null,null,null,null,0,null,null,8.127,-1.314,3.183,null,null,null,null,null,null,null,null,null,null,LJUNPHMOGNFFOS,null,TRND,bnmUQlZasoOehYXWtp,null,null,null,null,null,null,null,null,null,215923-54-9,null,null,null,0,4,null,null,null,173032,null,1,1,2025-06-17 15:37:36,null,null,null,null,null,null,null,364794895,activity,null,HTS,null,-0.354,8.127,-1.314,-1.133,null,null,null,null,null,null,null,null,null,null,null,null,null,null,null,null,null,null,null,null,null,278941015
TRND-Glioblastoma_LOPAC_T98G-primary_screen2,NCGC00015471-21,activity,null,4,12.68,4.696,NC1=NC2=C(N=CN2COC(CO)CO)C(=O)N1,null,null,null,null,null,G2536,SIGMA,2021_LOPAC_01,null,null,Ganciclovir,null,4,null,null,null,12.645,5,4.095,0.063,0.998,null,null,null,null,null,null,-7.68,null,null,5.411,-7.234,-10.68,-11.085,null,null,null,null,null,null,null,null,null,IRSCQMHQWWYFCW,null,TRND,xuCqaLpMKNbOFtXHRw,null,null,null,null,null,null,null,null,null,82410-32-0,null,null,null,0,4,0,null,null,173032,0 0 0 0,1,1,2025-06-17 15:37:36,null,null,null,null,null,null,null,364794015,activity,null,HTS,null,-7.234,4.496,5.411,4.696,null,null,null,null,null,null,null,null,null,null,null,null,null,null,null,null,null,null,null,null,null,278941016
TRND-Glioblastoma_LOPAC_T98G-primary_screen2,NCGC00015759-09,activity,11.220185,-3,-53.263,-44.091,CN1CCN(CC1)C2CC3=C(SC4=C2C=C(Cl)C=C4)C=CC=C3,null,null,null,null,null,O111,SIGMA,2021_LOPAC_01,-4.95,null,Octoclothepin maleate salt,null,-3,null,null,null,50.305,-47.763,2.353,0.027,1,null,null,null,null,null,null,5.5,null,null,6.214,-44.091,-7.161,-8.878,null,null,null,null,null,null,null,null,null,XRYLGRGAWQSVQW,null,TRND,mhSFELxIXlBMlaZswN,null,null,null,null,MALEIC_ACID,null,null,null,null,4789-68-8,null,null,null,0,4,0,null,null,173032,0 0 0 0,1,1,2025-06-17 15:37:36,null,null,null,null,null,null,null,364790919,activity,null,HTS,null,6.214,4.702,-6.453,-44.091,null,null,null,null,null,null,null,null,null,null,null,null,null,null,null,null,null,null,null,null,null,278941017
TRND-Glioblastoma_LOPAC_T98G-primary_screen2,NCGC00015347-10,activity,null,4,0,-2.75,CN1C=NC2=C1C(=O)N(C)C(=O)N2,null,null,null,null,null,D5385,SIGMA,2021_LOPAC_01,null,null,"1,7-Dimethylxanthine",null,4,null,null,null,3.411,0,null,null,null,null,null,null,null,null,null,0,null,null,-1.685,-5.096,-18.729,null,null,null,null,null,null,null,null,null,null,QUNWUDVFRNGTCO,null,TRND,zXFpfIoiEZktzrjTfC,null,null,null,null,null,null,null,null,null,611-59-6,null,null,null,0,4,null,null,null,173032,null,1,1,2025-06-17 15:37:36,null,null,null,null,null,null,null,364794335,activity,null,HTS,null,-5.096,-2.81,-1.685,-2.75,null,null,null,null,null,null,null,null,null,null,null,null,null,null,null,null,null,null,null,null,null,278941018
TRND-Glioblastoma_LOPAC_T98G-primary_screen2,NCGC00386845-04,activity,null,4,-25.859,-27.382,OC(=O)C1=CC(=CC=C1)C2=CC=C(C=C2)C3=CN(N=N3)C(=O)N4CCCCC4CC5=CC=CC=C5,null,null,null,null,null,SML1250,SIGMA,2021_LOPAC_01,null,null,KT203,null,4,null,null,null,27.879,-27.359,4.504,0.16,0.984,null,null,null,null,null,null,-1.5,null,null,0.497,-27.382,-26.099,-22.127,null,null,null,null,null,null,null,null,null,SSSCOJOXPDDHOO,null,TRND,sSiErWUrJZSyvRYNCG,null,null,null,null,null,null,null,null,null,null,null,null,null,0,4,0,null,null,173032,0 0 0 0,1,1,2025-06-17 15:37:36,null,null,null,null,null,null,null,364790751,activity,null,HTS,null,-3.435,0.497,-3.601,-27.382,null,null,null,null,null,null,null,null,null,null,null,null,null,null,null,null,null,null,null,null,null,278941019
TRND-Glioblastoma_LOPAC_T98G-primary_screen2,NCGC00370696-06,activity,null,4,13.958,-6.293,NNC(=O)CSC1=NC2=C(C(=CS2)C3=CC=CC=C3)C(=O)N1C4=CC=CC=C4,null,null,null,null,null,SML0744,SIGMA,2021_LOPAC_01,null,null,LDN-27219,null,4,null,null,null,12.976,5.5,4.955,1,0.97,null,null,null,null,null,null,-8.458,null,null,6.684,-6.293,-6.053,-5.298,null,null,null,null,null,null,null,null,null,WLBUICQBNZXIDJ,null,TRND,SdxkgbrZYhTYKnmAbr,null,null,null,null,null,null,null,null,null,null,null,null,null,0,4,1,null,null,173032,0 0 0 1,1,1,2025-06-17 15:37:36,null,null,null,null,null,null,null,364794163,activity,null,HTS,null,-5.798,6.684,4.382,-6.293,null,null,null,null,null,null,null,null,null,null,null,null,null,null,null,null,null,null,null,null,null,278941020
TRND-Glioblastoma_LOPAC_T98G-primary_screen2,NCGC00015943-09,activity,null,4,-13.031,-7.526,CC(=O)NNC(=O)N1CC2=C(OC3=C1C=C(Cl)C=C3)C=CC=C2,null,null,null,null,null,S3065,SIGMA,2021_LOPAC_01,null,null,SC 19220,null,4,null,null,null,13.056,-9.031,4.955,0.258,0.957,null,null,null,null,null,null,4,null,null,5.529,-7.526,11.549,12.763,null,null,null,null,null,null,null,null,null,KNURFLJTOUGOOQ,null,TRND,LtxLfTbWLAzSHhxmzw,null,null,null,null,null,null,null,null,null,null,null,null,null,0,4,0,null,null,173032,0 0 0 0,1,1,2025-06-17 15:37:36,null,null,null,null,null,null,null,364793831,activity,null,HTS,null,3.523,2.665,5.529,-7.526,null,null,null,null,null,null,null,null,null,null,null,null,null,null,null,null,null,null,null,null,null,278941021
TRND-Glioblastoma_LOPAC_T98G-primary_screen2,NCGC00015149-27,activity,null,4,14.757,13.811,CCCCNC1=CC(=CC(=C1OC2=CC=CC=C2)[S+](N)([O-])=O)C(O)=O,null,null,null,null,null,B3023,SIGMA,2021_LOPAC_01,null,null,Bumetanide,null,4,null,null,null,17.358,15,4.955,0.429,0.867,null,null,null,null,null,null,0.243,null,null,13.811,-3.547,10.611,8.378,null,null,null,null,null,null,null,null,null,GXZSSBJRQQVGBT,null,TRND,ZsgktfQjHHiHYRPlCG,null,Solute carrier family 12 member 1 inhibitor,null,null,null,null,null,null,null,28395-03-1,SLC12A1,null,null,0,4,0,null,null,173032,0 0 0 0,1,1,2025-06-17 15:37:36,null,null,null,null,null,null,null,364790703,activity,null,HTS,null,1.464,2.53,-3.547,13.811,null,null,null,null,null,null,null,null,null,null,null,null,null,null,null,null,null,null,null,null,null,278941022
TRND-Glioblastoma_LOPAC_T98G-primary_screen2,NCGC00025069-10,activity,null,4,10.642,0.017,[O-]S(=O)(=O)C1=CC(=C2C(NC(=O)C3=CC=CC(NC(=O)NC4=CC=CC(=C4)C(=O)NC5=CC=C(C6=CC(=CC(=C56)S([O-])(=O)=O)S([O-])(=O)=O)S([O-])(=O)=O)=C3)=CC=C(C2=C1)S([O-])(=O)=O)S([O-])(=O)=O,null,null,null,null,null,N8652,SIGMA,2021_LOPAC_01,null,null,NF 023,null,4,null,null,null,10.33,7.5,4.955,1,0.999,null,null,null,null,null,null,-3.142,null,null,7.296,-3.035,4.787,4.885,null,null,null,null,null,null,null,null,null,JMONOAYAUIIKMS,null,TRND,ApTCcLmGxelGhGaFec,null,null,null,null,SODIUM,null,null,null,null,null,null,null,null,0,4,1,null,null,173032,0 0 0 1,1,1,2025-06-17 15:37:36,null,null,null,null,null,null,null,364790991,activity,null,HTS,null,-3.035,6.114,7.296,0.017,null,null,null,null,null,null,null,null,null,null,null,null,null,null,null,null,null,null,null,null,null,278941023
TRND-Glioblastoma_LOPAC_T98G-primary_screen2,NCGC00024643-25,activity,null,4,-24.417,-18.681,CC(C(O)C1=CC=C(O)C=C1)N2CCC(CC3=CC=CC=C3)CC2,null,null,null,null,null,I2892,SIGMA,2021_LOPAC_01,null,null,Ifenprodil tartrate,null,4,null,null,null,28.229,-18.917,4.095,0.314,0.934,null,null,null,null,null,null,5.5,null,null,9.549,-18.681,20.087,11.34,null,null,null,null,null,null,null,null,null,UYNVMODNBIQBMV,null,TRND,qhCGfawBrYbJJQWEBq,null,null,null,null,TARTRATE,null,null,null,null,23210-56-2,null,null,null,0,4,0,null,null,173032,0 0 0 0,1,1,2025-06-17 15:37:36,null,null,null,null,null,null,null,364791967,activity,null,HTS,null,9.549,1.865,3.008,-18.681,null,null,null,null,null,null,null,null,null,null,null,null,null,null,null,null,null,null,null,null,null,278941024
TRND-Glioblastoma_LOPAC_T98G-primary_screen2,NCGC00263218-15,activity,null,4,-20.015,-9.18,C\C(O)=C(/C#N)C(=O)NC1=CC=C(C=C1)C(F)(F)F,null,null,null,null,null,SML0936,SIGMA,2021_LOPAC_01,null,null,Teriflunomide,null,4,null,null,null,23.3,-6.015,4.955,0.309,0.936,null,null,null,null,null,null,14,null,null,14.121,-9.18,30.586,29.939,null,null,null,null,null,null,null,null,null,UTNUDOFZCWSZMS,null,TRND,WxaLsMfLWkChOQYNlM,null,Dihydroorotate Dehydrogenase inhibitor,null,null,null,null,null,null,null,163451-81-8,DHODH,null,null,0,4,0,null,null,173032,0 0 0 0,1,1,2025-06-17 15:37:36,null,null,null,null,null,null,null,364795239,activity,null,HTS,null,14.121,-2.374,-3.028,-9.18,null,null,null,null,null,null,null,null,null,null,null,null,null,null,null,null,null,null,null,null,null,278941025
TRND-Glioblastoma_LOPAC_T98G-primary_screen2,NCGC00487230-03,activity,null,4,7.119,4.458,NC1=NC2=C(N=CN2[C@@H]3O[C@H](CO)[C@@H](O)[C@@H]3O)C(=O)N1,null,null,null,null,null,A4233,SIGMA,2021_LOPAC_01,null,null,Ara-G hydrate,null,4,null,null,null,10.807,4.5,2.72,0.665,0.57,null,null,null,null,null,null,-2.619,null,null,4.458,-6.349,0.32,-6.69,null,null,null,null,null,null,null,null,null,NYHBQMYGNKIUIF,null,TRND,wmVZrhLgCmvlGXxQWf,null,null,null,null,null,null,null,null,null,[NO STEREO] 118-00-3,null,null,null,0,4,0,null,null,173032,0 0 0 0,1,1,2025-06-17 15:37:36,null,null,null,null,null,null,null,364791627,activity,null,HTS,null,0.869,-6.349,0.004,4.458,null,null,null,null,null,null,null,null,null,null,null,null,null,null,null,null,null,null,null,null,null,278941026
TRND-Glioblastoma_LOPAC_T98G-primary_screen2,NCGC00014998-09,activity,null,4,-13.776,-11.48,CCN(CC)CCCCCCCCOC(=O)C1=CC(OC)=C(OC)C(OC)=C1,null,null,null,null,null,861804,SIGMA,2021_LOPAC_01,null,null,TMB-8 hydrochloride,null,4,null,null,null,15.77,-11.776,3.065,0.337,0.923,null,null,null,null,null,null,2,null,null,4.29,-11.48,-4.864,-0.556,null,null,null,null,null,null,null,null,null,IBQMHBGFMLHHLE,null,TRND,DwxeOJCOLHXvEbABtG,null,null,null,null,CL,null,null,null,null,null,null,null,null,0,4,0,null,null,173032,0 0 0 0,1,1,2025-06-17 15:37:36,null,null,null,null,null,null,null,364791663,activity,null,HTS,null,-0.192,4.29,-1.85,-11.48,null,null,null,null,null,null,null,null,null,null,null,null,null,null,null,null,null,null,null,null,null,278941027
TRND-Glioblastoma_LOPAC_T98G-primary_screen2,NCGC00015444-20,activity,null,4,15.711,-1.47,OC1=CC=C(C=C1)C2CNCCC3=C2C=C(O)C(O)=C3Cl,null,null,null,null,null,F6800,SIGMA,2021_LOPAC_01,null,null,Fenoldopam bromide,null,4,null,null,null,14.36,14,1.753,1,1,null,null,null,null,null,null,-1.711,null,null,12.891,-1.47,16.584,16.84,null,null,null,null,null,null,null,null,null,TVURRHSHRRELCG,null,TRND,hmhebQaDmmpPBWvcwa,null,Dopamine Receptor D1 agonist,null,null,BR,null,null,null,null,67287-54-1,DRD1,null,null,0,4,1,null,null,173032,0 0 0 1,1,1,2025-06-17 15:37:36,null,null,null,null,null,null,null,364795247,activity,null,HTS,null,-1.009,5.143,12.891,-1.47,null,null,null,null,null,null,null,null,null,null,null,null,null,null,null,null,null,null,null,null,null,278941028
TRND-Glioblastoma_LOPAC_T98G-primary_screen2,NCGC00480804-04,activity,null,4,0,3.295,CSC1=C(C)C(SC)=C2C=NC=CN12,null,null,null,null,null,SML0777,SIGMA,2021_LOPAC_01,null,null,Oltipraz metabolite M2,null,4,null,null,null,4.971,0,null,null,null,null,null,null,null,null,null,0,null,null,7.655,2.684,18.122,null,null,null,null,null,null,null,null,null,null,MYLBTCQBKAKUTJ,null,TRND,HiGdvAezxiJBbOrRPg,null,null,null,null,null,null,null,null,null,null,null,null,null,0,4,null,null,null,173032,null,1,1,2025-06-17 15:37:36,null,null,null,null,null,null,null,364793487,activity,null,HTS,null,3.302,7.655,2.684,3.295,null,null,null,null,null,null,null,null,null,null,null,null,null,null,null,null,null,null,null,null,null,278941029
TRND-Glioblastoma_LOPAC_T98G-primary_screen2,NCGC00507755-02,activity,null,4,0,-10.939,CC1=NC=C(O1)C2=CNC3=CC=CC=C23,null,null,null,null,null,SML1592,SIGMA,2021_LOPAC_01,null,null,Pimprinine,null,4,null,null,null,5.37,0,null,null,null,null,null,null,null,null,null,0,null,null,-8.334,-13.704,-56.777,null,null,null,null,null,null,null,null,null,null,WZJPGCHCOHYLMB,null,TRND,lSgoUBVnWCRAfTtMZi,null,null,null,null,null,null,null,null,null,null,null,null,null,0,4,null,null,null,173032,null,1,1,2025-06-17 15:37:36,null,null,null,null,null,null,null,364794311,activity,null,HTS,null,-13.704,-8.334,-10.256,-10.939,null,null,null,null,null,null,null,null,null,null,null,null,null,null,null,null,null,null,null,null,null,278941030
TRND-Glioblastoma_LOPAC_T98G-primary_screen2,NCGC00015915-10,activity,null,4,-10.682,-5.985,OC1=C(O)C=C2C(CN(CC=C)CCC2=C1)C3=CC=CC=C3,null,null,null,null,null,S168,SIGMA,2021_LOPAC_01,null,null,"(±)-SKF 38393, N-allyl-, hydrobromide",null,4,null,null,null,15.346,-6.182,2.406,0.631,0.632,null,null,null,null,null,null,4.5,null,null,9.361,-5.985,3.484,12.633,null,null,null,null,null,null,null,null,null,QBUVZVXIRYFENV,null,TRND,OyxIucJsgxYAUVXFPi,null,null,null,null,BR,null,null,null,null,null,null,null,null,0,4,0,null,null,173032,0 0 0 0,1,1,2025-06-17 15:37:36,null,null,null,null,null,null,null,364792163,activity,null,HTS,null,0.078,9.361,-0.183,-5.985,null,null,null,null,null,null,null,null,null,null,null,null,null,null,null,null,null,null,null,null,null,278941031
TRND-Glioblastoma_LOPAC_T98G-primary_screen2,NCGC00023945-37,activity,null,4,0,-0.13,[H][C@@]1(C[C@]([H])(N=[N+]=[N-])[C@@]([H])(CO)O1)N2C=C(C)C(=O)NC2=O,null,null,null,null,null,A2169,SIGMA,2021_LOPAC_01,null,null,3 -Azido-3 -deoxythymidine,null,4,null,null,null,12.919,0,null,null,null,null,null,null,null,null,null,0,null,null,12.789,-0.13,10.232,null,null,null,null,null,null,null,null,null,null,HBOMLICNUCNMMY,null,TRND,KpxSavEcXnjMEPHsVQ,null,null,null,null,null,null,null,null,null,30516-87-1,null,null,null,0,4,null,null,null,173032,null,1,1,2025-06-17 15:37:36,null,null,null,null,null,null,null,364791071,activity,null,HTS,null,0.195,12.789,1.176,-0.13,null,null,null,null,null,null,null,null,null,null,null,null,null,null,null,null,null,null,null,null,null,278941032
TRND-Glioblastoma_LOPAC_T98G-primary_screen2,NCGC00015041-10,activity,null,4,12.153,4.828,NC(CCP(O)(O)=O)C(O)=O,null,null,null,null,null,A1910,SIGMA,2021_LOPAC_01,null,null,(±)-2-Amino-4-phosphonobutyric acid,null,4,null,null,null,14.54,6,4.955,0.509,0.797,null,null,null,null,null,null,-6.153,null,null,4.828,-9.711,-16.564,-23.288,null,null,null,null,null,null,null,null,null,DDOQBQRIEWHWBT,null,TRND,aGfpgYZJOFdpBgbZXg,null,null,null,null,null,null,null,null,null,null,null,null,null,0,4,0,null,null,173032,0 0 0 0,1,1,2025-06-17 15:37:36,null,null,null,null,null,null,null,364794251,activity,null,HTS,null,-2.956,-5.879,-9.711,4.828,null,null,null,null,null,null,null,null,null,null,null,null,null,null,null,null,null,null,null,null,null,278941033
TRND-Glioblastoma_LOPAC_T98G-primary_screen2,NCGC00015099-22,activity,null,4,10.605,4.028,CC(C)NCC(O)COC1=C(CC=C)C=CC=C1,null,null,null,null,null,A8676,SIGMA,2021_LOPAC_01,null,null,Alprenolol hydrochloride,null,4,null,null,null,10.783,4.5,2.588,0.124,0.991,null,null,null,null,null,null,-6.105,null,null,4.028,-6.754,-22.911,-21.383,null,null,null,null,null,null,null,null,null,PAZJSJFMUHDSTF,null,TRND,KFLEqFNHLeoYjcZjKw,null,null,null,null,CL,null,null,null,null,13707-88-5,null,null,null,0,4,0,null,null,173032,0 0 0 0,1,1,2025-06-17 15:37:36,null,null,null,null,null,null,null,364794867,activity,null,HTS,null,-6.754,-5.555,-3.434,4.028,null,null,null,null,null,null,null,null,null,null,null,null,null,null,null,null,null,null,null,null,null,278941034
TRND-Glioblastoma_LOPAC_T98G-primary_screen2,NCGC00016665-18,activity,null,4,0,-1.045,CC(C)NC[C@H](O)C1=CC(O)=C(O)C=C1,null,null,null,null,null,I2760,SIGMA,2021_LOPAC_01,null,null,R(-)-Isoproterenol (+)-bitartrate,null,4,null,null,null,6.166,0,null,null,null,null,null,null,null,null,null,0,null,null,5.121,-1.045,5.259,null,null,null,null,null,null,null,null,null,null,JWZZKOKVBUJMES,null,TRND,fIShMDsaOPqsJiejpI,null,null,null,null,TARTRATE,null,null,null,null,5984-95-2,null,null,null,0,4,null,null,null,173032,null,1,1,2025-06-17 15:37:36,null,null,null,null,null,null,null,364795319,activity,null,HTS,null,-0.309,4.415,5.121,-1.045,null,null,null,null,null,null,null,null,null,null,null,null,null,null,null,null,null,null,null,null,null,278941035
TRND-Glioblastoma_LOPAC_T98G-primary_screen2,NCGC00015376-12,activity,2.511886,-1.4,-63.429,-51.013,CCCCCCN(CCCCCC)C(=O)CC1=C(NC2=C1C=CC=C2)C3=CC=C(F)C=C3,null,null,null,null,null,D8555,SIGMA,2021_LOPAC_01,-5.6,null,"N,N-Dihexyl-2-(4-fluorophenyl)indole-3-acetamide",null,-1.2,null,null,null,69.096,-57.429,4.955,0.187,0.978,null,null,null,null,null,null,6,null,null,5.439,-63.656,-53.299,-50.98,null,null,null,null,null,null,null,null,null,VUWXAQFLTSBUDB,null,TRND,UynWmBlqEFYXwoIuQV,null,null,null,null,null,null,null,null,null,null,null,null,null,0,4,0,null,null,173032,0 0 0 0,1,1,2025-06-17 15:37:36,null,null,null,null,null,null,null,364793607,activity,null,HTS,3.690735,5.439,4.203,-63.656,-51.013,null,null,null,null,null,null,null,null,null,null,null,null,null,null,null,null,null,null,null,null,null,278941036
TRND-Glioblastoma_LOPAC_T98G-primary_screen2,NCGC00015955-30,activity,null,4,0,1.888,CC(C)(C)NCC(O)C1=CC(CO)=C(O)C=C1,null,null,null,null,null,S5013,SIGMA,2021_LOPAC_01,null,null,Albuterol hemisulfate,null,4,null,null,null,9.615,0,null,null,null,null,null,null,null,null,null,0,null,null,10.27,0.655,34.553,null,null,null,null,null,null,null,null,null,null,NDAUXUAQIAJITI,null,TRND,nvgUOVqAlkDmCOWvmT,null,Beta-2 Adrenergic Receptor agonist,null,null,SULFURIC_ACID,null,null,null,null,18559-94-9,ADRB2,null,null,0,4,null,null,null,173032,null,1,1,2025-06-17 15:37:36,null,null,null,null,null,null,null,364793847,activity,null,HTS,null,10.27,6.587,0.655,1.888,null,null,null,null,null,null,null,null,null,null,null,null,null,null,null,null,null,null,null,null,null,278941037
TRND-Glioblastoma_LOPAC_T98G-primary_screen2,NCGC00015892-14,activity,11.220185,-2.4,-70.139,-70.298,O=C1N2CCC3=C(NC4=C3C=CC=C4)C2=NC5=CC=CC=C15,null,null,null,null,null,R3277,SIGMA,2021_LOPAC_01,-4.95,null,Rutaecarpine,null,-2.2,null,null,null,71.782,-72.139,3.297,0.118,0.991,null,null,null,null,null,null,-2,null,null,1.484,-70.298,-60.842,-52.801,null,null,null,null,null,null,null,null,null,ACVGWSKVRYFWRP,null,TRND,ArFMxXvPdChItAtBHy,null,null,null,null,null,null,null,null,null,84-26-4,null,null,null,0,4,0,null,null,173032,0 0 0 0,1,1,2025-06-17 15:37:36,null,null,null,null,null,null,null,364793895,activity,null,HTS,14.364634,-5.9,1.484,-12.228,-70.298,null,null,null,null,null,null,null,null,null,null,null,null,null,null,null,null,null,null,null,null,null,278941038
TRND-Glioblastoma_LOPAC_T98G-primary_screen2,NCGC00482986-05,activity,null,4,-9.902,2.18,COC1=C(O)C=C2[C@@H](CC3=CC(OC4=CC=C(C[C@H]5N(C)CCC6=CC(OC)=C(OC)C=C56)C=C4)=C(O)C=C3)N(C)CCC2=C1,null,null,null,null,null,SML0597,SIGMA,2021_LOPAC_01,null,null,Daurisoline,null,4,null,null,null,11.059,1.098,2.847,0.272,0.952,null,null,null,null,null,null,11,null,null,10.724,-0.335,32.763,32.771,null,null,null,null,null,null,null,null,null,BURJAQFYNVMZDV,null,TRND,qYLMAZgCEhkHkxXmWA,null,null,null,null,null,null,null,null,null,null,null,null,null,0,4,0,null,null,173032,0 0 0 0,1,1,2025-06-17 15:37:36,null,null,null,null,null,null,null,364793783,activity,null,HTS,null,10.724,2.993,-0.335,2.18,null,null,null,null,null,null,null,null,null,null,null,null,null,null,null,null,null,null,null,null,null,278941039
TRND-Glioblastoma_LOPAC_T98G-primary_screen2,NCGC00015498-06,activity,null,4,0,6.531,COC1=C(O)C=CC(=C1)C(O)CO,null,null,null,null,null,H1377,SIGMA,2021_LOPAC_01,null,null,MHPG piperazine,null,4,null,null,null,8.796,0,null,null,null,null,null,null,null,null,null,0,null,null,7.911,-0.885,10.942,null,null,null,null,null,null,null,null,null,null,FBWPWWWZWKPJFL,null,TRND,jrxwAlUkRruSsHUmSE,null,null,null,null,PIPERAZINE,null,null,null,null,534-82-7,null,null,null,0,4,null,null,null,173032,null,1,1,2025-06-17 15:37:36,null,null,null,null,null,null,null,364790731,activity,null,HTS,null,-0.885,7.911,6.344,6.531,null,null,null,null,null,null,null,null,null,null,null,null,null,null,null,null,null,null,null,null,null,278941040
TRND-Glioblastoma_LOPAC_T98G-primary_screen2,NCGC00167781-21,activity,null,4,-10.391,-3.659,OC(=O)COCCN1CCN(CC1)C(C2=CC=CC=C2)C3=CC=C(Cl)C=C3,null,null,null,null,null,C3618,SIGMA,2021_LOPAC_01,null,null,Cetirizine dihydrochloride,null,4,null,null,null,14.653,-3.891,2.406,0.633,0.629,null,null,null,null,null,null,6.5,null,null,10.994,-3.659,12.316,21.698,null,null,null,null,null,null,null,null,null,ZKLPARSLTMPFCP,null,TRND,OSLjcttykBKlbgDCkG,null,null,null,null,CL,null,null,null,null,[NO STEREO] 823178-28-5,null,null,null,0,4,0,null,null,173032,0 0 0 0,1,1,2025-06-17 15:37:36,null,null,null,null,null,null,null,364792947,activity,null,HTS,null,2.054,10.994,1.223,-3.659,null,null,null,null,null,null,null,null,null,null,null,null,null,null,null,null,null,null,null,null,null,278941041
TRND-Glioblastoma_LOPAC_T98G-primary_screen2,NCGC00345819-04,activity,null,4,0,6.426,[H][C@@]12[C@@H](O)[C@@H](O)[C@H](O)[C@@]1(C)CC[C@]3([H])C4=C(CC[C@@]23[H])C=C(O)C=C4,null,null,null,null,null,SML1523,SIGMA,2021_LOPAC_01,null,null,Estetrol,null,4,null,null,null,9.819,0,null,null,null,null,null,null,null,null,null,0,null,null,12.285,2.466,24.299,null,null,null,null,null,null,null,null,null,null,AJIPIJNNOJSSQC,null,TRND,FCRDokBGIGXEEtamID,null,Selective Estrogen Receptor modulator (SERM),null,null,null,null,null,null,null,[NO STEREO] 15183-37-6,ESR1,null,null,0,4,null,null,null,173032,null,1,1,2025-06-17 15:37:36,null,null,null,null,null,null,null,364790947,activity,null,HTS,null,2.466,12.285,7.853,6.426,null,null,null,null,null,null,null,null,null,null,null,null,null,null,null,null,null,null,null,null,null,278941042
TRND-Glioblastoma_LOPAC_T98G-primary_screen2,NCGC00186032-05,activity,null,4,-26.762,-25.668,O=C(CCCCCN1CCN(CC1)C2=CC=CC=C2C3=CC=CC=C3)NC4CCCC5=CC=CC=C45,null,null,null,null,null,L3169,SIGMA,2021_LOPAC_01,null,null,LP 12 hydrochloride hydrate,null,4,null,null,null,25.635,-30.802,3.627,0.443,0.855,null,null,null,null,null,null,-4.04,null,null,-0.033,-25.668,-23.86,-30.587,null,null,null,null,null,null,null,null,null,NMZIDFFHGCRAJV,null,TRND,KqSCIXeMaMwVYgCwiE,null,null,null,null,CL,null,null,null,null,null,null,null,null,0,4,0,null,null,173032,0 0 0 0,1,1,2025-06-17 15:37:36,null,null,null,null,null,null,null,364792595,activity,null,HTS,null,-0.033,-10.238,-4.461,-25.668,null,null,null,null,null,null,null,null,null,null,null,null,null,null,null,null,null,null,null,null,null,278941043
TRND-Glioblastoma_LOPAC_T98G-primary_screen2,NCGC00024680-06,activity,null,4,0,-2.464,CCCCCCCCCCCCCCCCCCC1=CC=C(C=C1)C(=O)\C=C\C(O)=O,null,null,null,null,null,SML0075,SIGMA,2021_LOPAC_01,null,null,OBAA,null,4,null,null,null,8.721,0,null,null,null,null,null,null,null,null,null,0,null,null,5.608,-3.112,-4.045,null,null,null,null,null,null,null,null,null,null,ZBESASFHIWDSCJ,null,TRND,nAWjqRqjBApoWldZJU,null,null,null,null,null,null,null,null,null,null,null,null,null,0,4,null,null,null,173032,null,1,1,2025-06-17 15:37:36,null,null,null,null,null,null,null,364791031,activity,null,HTS,null,-1.62,-3.112,5.608,-2.464,null,null,null,null,null,null,null,null,null,null,null,null,null,null,null,null,null,null,null,null,null,278941044
TRND-Glioblastoma_LOPAC_T98G-primary_screen2,NCGC00162291-06,activity,null,4,0,0.039,NC(=O)C([O-])=O,null,null,null,null,null,O2751,SIGMA,2021_LOPAC_01,null,null,Sodium Oxamate,null,4,null,null,null,2.774,0,null,null,null,null,null,null,null,null,null,0,null,null,2.813,0.039,4.936,null,null,null,null,null,null,null,null,null,null,SOWBFZRMHSNYGE,null,TRND,exRBVwftYekvPpgQGY,null,null,null,null,SODIUM,null,null,null,null,null,null,null,null,0,4,null,null,null,173032,null,1,1,2025-06-17 15:37:36,null,null,null,null,null,null,null,364792807,activity,null,HTS,null,0.539,2.813,2.08,0.039,null,null,null,null,null,null,null,null,null,null,null,null,null,null,null,null,null,null,null,null,null,278941045
